request_id,strategy,split_id,t_start_ms,t_end_ms,latency_ms,bytes_up,bytes_down,server_compute_ms,cpu_percent
0,cloud_only_mlp_covertype,,1776511744291.133,1776511744423.649,132.516,1769,1577,2.799,11.7
1,cloud_only_mlp_covertype,,1776511744428.045,1776511744666.102,238.057,1769,1577,1.892,4.5
2,cloud_only_mlp_covertype,,1776511744668.968,1776511744824.982,156.014,1769,1577,2.137,2.8
3,cloud_only_mlp_covertype,,1776511744828.979,1776511744952.728,123.748,1769,1577,2.039,3.4
4,cloud_only_mlp_covertype,,1776511744955.726,1776511745115.896,160.169,1769,1577,2.343,8.8
5,cloud_only_mlp_covertype,,1776511745122.659,1776511745378.908,256.249,1769,1577,1.902,8.6
6,cloud_only_mlp_covertype,,1776511745382.439,1776511745626.265,243.826,1769,1577,94.199,5.5
7,cloud_only_mlp_covertype,,1776511745630.270,1776511745703.338,73.068,1769,1577,1.921,7.1
8,cloud_only_mlp_covertype,,1776511745707.331,1776511745755.604,48.273,1769,1577,2.121,4.4
9,cloud_only_mlp_covertype,,1776511745760.607,1776511745805.606,44.999,1769,1577,2.108,9.8
10,cloud_only_mlp_covertype,,1776511745809.969,1776511745872.099,62.130,1769,1577,1.987,5.2
11,cloud_only_mlp_covertype,,1776511745876.102,1776511745936.132,60.030,1769,1577,1.912,0.0
12,cloud_only_mlp_covertype,,1776511745941.135,1776511745987.907,46.772,1769,1577,1.979,9.3
13,cloud_only_mlp_covertype,,1776511745990.923,1776511746039.786,48.863,1769,1577,2.041,6.8
14,cloud_only_mlp_covertype,,1776511746043.788,1776511746092.778,48.990,1769,1577,1.949,5.6
15,cloud_only_mlp_covertype,,1776511746095.777,1776511746142.207,46.430,1769,1577,2.510,0.0
16,cloud_only_mlp_covertype,,1776511746146.214,1776511746216.053,69.840,1769,1577,2.520,6.7
17,cloud_only_mlp_covertype,,1776511746220.057,1776511746289.067,69.010,1769,1577,2.389,3.8
18,cloud_only_mlp_covertype,,1776511746293.053,1776511746340.399,47.345,1769,1577,2.076,5.8
19,cloud_only_mlp_covertype,,1776511746344.408,1776511746396.782,52.374,1769,1577,2.501,13.0
20,cloud_only_mlp_covertype,,1776511746402.798,1776511746459.155,56.357,1769,1577,2.353,16.7
21,cloud_only_mlp_covertype,,1776511746462.175,1776511746522.613,60.438,1769,1577,1.857,16.4
22,cloud_only_mlp_covertype,,1776511746528.620,1776511746577.226,48.606,1769,1577,2.001,5.6
23,cloud_only_mlp_covertype,,1776511746581.226,1776511746646.005,64.779,1769,1577,1.914,9.0
24,cloud_only_mlp_covertype,,1776511746650.282,1776511746708.415,58.133,1769,1577,1.905,9.3
25,cloud_only_mlp_covertype,,1776511746711.419,1776511746771.995,60.576,1769,1577,2.092,15.6
26,cloud_only_mlp_covertype,,1776511746774.994,1776511746847.807,72.813,1769,1577,2.141,20.8
27,cloud_only_mlp_covertype,,1776511746848.808,1776511746893.718,44.910,1769,1577,1.785,0.0
28,cloud_only_mlp_covertype,,1776511746895.698,1776511746938.543,42.845,1769,1577,2.106,4.5
29,cloud_only_mlp_covertype,,1776511746940.544,1776511746983.992,43.448,1769,1577,2.067,0.0
30,cloud_only_mlp_covertype,,1776511746986.008,1776511747031.465,45.457,1769,1577,1.922,19.3
31,cloud_only_mlp_covertype,,1776511747034.463,1776511747140.356,105.893,1769,1577,1.937,9.4
32,cloud_only_mlp_covertype,,1776511747143.355,1776511747204.363,61.008,1769,1577,2.022,1.4
33,cloud_only_mlp_covertype,,1776511747210.391,1776511747277.442,67.051,1769,1577,1.885,5.6
34,cloud_only_mlp_covertype,,1776511747281.455,1776511747326.897,45.441,1769,1577,2.012,2.0
35,cloud_only_mlp_covertype,,1776511747329.906,1776511747376.623,46.717,1769,1577,2.074,12.7
36,cloud_only_mlp_covertype,,1776511747379.625,1776511747450.121,70.495,1769,1577,1.871,5.3
37,cloud_only_mlp_covertype,,1776511747455.154,1776511747527.345,72.191,1769,1577,1.808,0.0
38,cloud_only_mlp_covertype,,1776511747531.345,1776511747589.000,57.655,1769,1577,2.230,1.1
39,cloud_only_mlp_covertype,,1776511747593.019,1776511747671.188,78.169,1769,1577,2.197,0.0
40,cloud_only_mlp_covertype,,1776511747676.214,1776511747747.304,71.090,1769,1577,2.202,1.7
41,cloud_only_mlp_covertype,,1776511747750.306,1776511747805.932,55.626,1769,1577,2.876,3.7
42,cloud_only_mlp_covertype,,1776511747810.939,1776511747854.821,43.882,1769,1577,1.900,21.2
43,cloud_only_mlp_covertype,,1776511747858.835,1776511747905.563,46.728,1769,1577,1.924,8.2
44,cloud_only_mlp_covertype,,1776511747908.550,1776511747958.562,50.013,1769,1577,1.870,8.9
45,cloud_only_mlp_covertype,,1776511747962.556,1776511748011.511,48.955,1769,1577,1.777,10.9
46,cloud_only_mlp_covertype,,1776511748013.324,1776511748061.994,48.670,1769,1577,2.167,15.4
47,cloud_only_mlp_covertype,,1776511748063.992,1776511748109.635,45.643,1769,1577,1.991,17.4
48,cloud_only_mlp_covertype,,1776511748112.546,1776511748174.403,61.857,1769,1577,2.014,5.7
49,cloud_only_mlp_covertype,,1776511748180.420,1776511748228.192,47.772,1769,1577,2.067,17.5
50,cloud_only_mlp_covertype,,1776511748231.208,1776511748280.404,49.195,1769,1577,2.172,6.5
51,cloud_only_mlp_covertype,,1776511748284.403,1776511748330.812,46.409,1769,1577,1.818,10.4
52,cloud_only_mlp_covertype,,1776511748335.821,1776511748381.963,46.142,1769,1577,2.179,10.9
53,cloud_only_mlp_covertype,,1776511748385.979,1776511748435.432,49.453,1769,1577,1.959,3.7
54,cloud_only_mlp_covertype,,1776511748440.672,1776511748488.811,48.139,1769,1577,2.095,3.6
55,cloud_only_mlp_covertype,,1776511748491.360,1776511748536.567,45.207,1769,1577,2.127,5.8
56,cloud_only_mlp_covertype,,1776511748540.577,1776511748586.326,45.749,1769,1577,2.020,3.9
57,cloud_only_mlp_covertype,,1776511748589.844,1776511748653.006,63.162,1769,1577,2.001,8.0
58,cloud_only_mlp_covertype,,1776511748658.001,1776511748707.585,49.584,1769,1577,1.868,6.1
59,cloud_only_mlp_covertype,,1776511748710.585,1776511748755.906,45.321,1769,1577,2.053,3.8
60,cloud_only_mlp_covertype,,1776511748759.937,1776511748822.399,62.463,1769,1577,2.094,6.0
61,cloud_only_mlp_covertype,,1776511748828.398,1776511748874.121,45.723,1769,1577,1.933,3.8
62,cloud_only_mlp_covertype,,1776511748876.141,1776511748922.372,46.231,1769,1577,2.031,0.0
63,cloud_only_mlp_covertype,,1776511748925.395,1776511748974.000,48.605,1769,1577,2.122,5.6
64,cloud_only_mlp_covertype,,1776511748978.006,1776511749025.711,47.705,1769,1577,1.880,10.1
65,cloud_only_mlp_covertype,,1776511749028.713,1776511749073.795,45.082,1769,1577,2.347,6.5
66,cloud_only_mlp_covertype,,1776511749077.784,1776511749122.245,44.461,1769,1577,2.177,2.1
67,cloud_only_mlp_covertype,,1776511749126.235,1776511749172.911,46.677,1769,1577,2.186,6.0
68,cloud_only_mlp_covertype,,1776511749176.939,1776511749225.996,49.058,1769,1577,2.068,4.9
69,cloud_only_mlp_covertype,,1776511749229.982,1776511749276.660,46.678,1769,1577,2.155,2.0
70,cloud_only_mlp_covertype,,1776511749281.714,1776511749345.898,64.184,1769,1577,1.935,3.1
71,cloud_only_mlp_covertype,,1776511749350.694,1776511749400.230,49.535,1769,1577,3.269,12.1
72,cloud_only_mlp_covertype,,1776511749402.231,1776511749450.506,48.276,1769,1577,1.889,2.0
73,cloud_only_mlp_covertype,,1776511749453.739,1776511749497.686,43.947,1769,1577,1.825,0.0
74,cloud_only_mlp_covertype,,1776511749501.686,1776511749547.260,45.574,1769,1577,1.867,1.8
75,cloud_only_mlp_covertype,,1776511749551.182,1776511749600.858,49.676,1769,1577,2.073,0.0
76,cloud_only_mlp_covertype,,1776511749604.848,1776511749654.655,49.807,1769,1577,2.101,9.8
77,cloud_only_mlp_covertype,,1776511749658.649,1776511749706.992,48.343,1769,1577,1.791,7.1
78,cloud_only_mlp_covertype,,1776511749712.998,1776511749782.211,69.214,1769,1577,1.896,3.0
79,cloud_only_mlp_covertype,,1776511749787.217,1776511749841.725,54.508,1769,1577,2.129,56.2
80,cloud_only_mlp_covertype,,1776511749843.718,1776511749891.050,47.332,1769,1577,2.015,14.0
81,cloud_only_mlp_covertype,,1776511749894.384,1776511749939.728,45.344,1769,1577,1.930,0.0
82,cloud_only_mlp_covertype,,1776511749942.721,1776511749987.471,44.750,1769,1577,2.221,4.5
83,cloud_only_mlp_covertype,,1776511749991.473,1776511750040.693,49.220,1769,1577,2.226,5.8
84,cloud_only_mlp_covertype,,1776511750045.690,1776511750094.040,48.350,1769,1577,2.150,0.0
85,cloud_only_mlp_covertype,,1776511750097.045,1776511750143.407,46.361,1769,1577,1.941,5.6
86,cloud_only_mlp_covertype,,1776511750146.407,1776511750191.049,44.642,1769,1577,1.977,9.1
87,cloud_only_mlp_covertype,,1776511750195.055,1776511750245.566,50.511,1769,1577,2.104,6.9
88,cloud_only_mlp_covertype,,1776511750249.568,1776511750298.643,49.075,1769,1577,1.987,2.5
89,cloud_only_mlp_covertype,,1776511750302.171,1776511750348.136,45.966,1769,1577,2.038,1.7
90,cloud_only_mlp_covertype,,1776511750350.139,1776511750394.420,44.281,1769,1577,1.799,22.0
91,cloud_only_mlp_covertype,,1776511750398.688,1776511750445.599,46.911,1769,1577,2.086,11.1
92,cloud_only_mlp_covertype,,1776511750446.442,1776511750510.562,64.121,1769,1577,3.110,25.4
93,cloud_only_mlp_covertype,,1776511750511.562,1776511750573.597,62.035,1769,1577,1.915,22.9
94,cloud_only_mlp_covertype,,1776511750579.610,1776511750628.649,49.039,1769,1577,2.108,39.6
95,cloud_only_mlp_covertype,,1776511750631.664,1776511750676.667,45.004,1769,1577,1.874,15.6
96,cloud_only_mlp_covertype,,1776511750679.667,1776511750726.831,47.164,1769,1577,1.980,6.7
97,cloud_only_mlp_covertype,,1776511750728.845,1776511750776.803,47.958,1769,1577,2.285,10.0
98,cloud_only_mlp_covertype,,1776511750778.829,1776511750846.384,67.555,1769,1577,1.843,4.4
99,cloud_only_mlp_covertype,,1776511750850.397,1776511750908.875,58.479,1769,1577,2.028,8.5
100,cloud_only_mlp_covertype,,1776511750911.880,1776511750958.064,46.184,1769,1577,1.940,4.1
101,cloud_only_mlp_covertype,,1776511750962.053,1776511751035.418,73.365,1769,1577,2.101,2.4
102,cloud_only_mlp_covertype,,1776511751039.416,1776511751087.227,47.811,1769,1577,1.945,5.4
103,cloud_only_mlp_covertype,,1776511751090.088,1776511751155.873,65.786,1769,1577,1.849,5.9
104,cloud_only_mlp_covertype,,1776511751159.874,1776511751205.341,45.467,1769,1577,2.485,2.4
105,cloud_only_mlp_covertype,,1776511751209.336,1776511751263.186,53.850,1769,1577,7.478,5.5
106,cloud_only_mlp_covertype,,1776511751267.192,1776511751317.794,50.602,1769,1577,2.070,0.0
107,cloud_only_mlp_covertype,,1776511751321.798,1776511751367.727,45.929,1769,1577,1.943,2.3
108,cloud_only_mlp_covertype,,1776511751369.730,1776511751415.750,46.020,1769,1577,1.897,4.2
109,cloud_only_mlp_covertype,,1776511751419.754,1776511751468.577,48.823,1769,1577,1.836,0.0
110,cloud_only_mlp_covertype,,1776511751470.584,1776511751540.761,70.177,1769,1577,1.995,3.2
111,cloud_only_mlp_covertype,,1776511751545.780,1776511751593.144,47.364,1769,1577,2.066,0.0
112,cloud_only_mlp_covertype,,1776511751596.176,1776511751644.605,48.429,1769,1577,2.038,4.0
113,cloud_only_mlp_covertype,,1776511751647.901,1776511751711.957,64.055,1769,1577,2.045,1.6
114,cloud_only_mlp_covertype,,1776511751715.959,1776511751775.196,59.237,1769,1577,1.925,3.4
115,cloud_only_mlp_covertype,,1776511751778.205,1776511751826.213,48.008,1769,1577,1.887,0.0
116,cloud_only_mlp_covertype,,1776511751829.214,1776511751879.733,50.520,1769,1577,1.929,4.9
117,cloud_only_mlp_covertype,,1776511751883.733,1776511751947.738,64.005,1769,1577,1.792,8.4
118,cloud_only_mlp_covertype,,1776511751952.738,1776511751998.208,45.470,1769,1577,2.803,5.0
119,cloud_only_mlp_covertype,,1776511752002.999,1776511752051.159,48.160,1769,1577,1.997,5.4
120,cloud_only_mlp_covertype,,1776511752054.164,1776511752118.069,63.906,1769,1577,1.988,23.2
121,cloud_only_mlp_covertype,,1776511752123.064,1776511752167.641,44.577,1769,1577,1.947,11.1
122,cloud_only_mlp_covertype,,1776511752171.642,1776511752216.154,44.512,1769,1577,2.000,5.2
123,cloud_only_mlp_covertype,,1776511752220.182,1776511752288.453,68.271,1769,1577,2.253,18.2
124,cloud_only_mlp_covertype,,1776511752291.456,1776511752363.620,72.163,1769,1577,1.987,16.7
125,cloud_only_mlp_covertype,,1776511752367.621,1776511752415.145,47.523,1769,1577,1.981,4.5
126,cloud_only_mlp_covertype,,1776511752419.152,1776511752464.408,45.257,1769,1577,2.110,0.0
127,cloud_only_mlp_covertype,,1776511752469.421,1776511752517.314,47.893,1769,1577,2.040,0.0
128,cloud_only_mlp_covertype,,1776511752522.308,1776511752572.973,50.665,1769,1577,2.426,7.7
129,cloud_only_mlp_covertype,,1776511752576.970,1776511752626.965,49.994,1769,1577,1.951,0.0
130,cloud_only_mlp_covertype,,1776511752629.946,1776511752676.509,46.563,1769,1577,2.121,33.3
131,cloud_only_mlp_covertype,,1776511752678.508,1776511752723.065,44.557,1769,1577,2.167,9.1
132,cloud_only_mlp_covertype,,1776511752726.056,1776511752773.594,47.538,1769,1577,1.882,11.8
133,cloud_only_mlp_covertype,,1776511752774.595,1776511752822.839,48.244,1769,1577,1.900,16.4
134,cloud_only_mlp_covertype,,1776511752823.840,1776511752926.611,102.771,1769,1577,3.209,14.4
135,cloud_only_mlp_covertype,,1776511752927.610,1776511752973.195,45.584,1769,1577,2.149,11.9
136,cloud_only_mlp_covertype,,1776511752974.195,1776511753021.028,46.833,1769,1577,2.015,1.8
137,cloud_only_mlp_covertype,,1776511753024.033,1776511753093.085,69.052,1769,1577,1.973,5.0
138,cloud_only_mlp_covertype,,1776511753098.083,1776511753168.601,70.518,1769,1577,1.827,2.7
139,cloud_only_mlp_covertype,,1776511753173.588,1776511753219.471,45.882,1769,1577,1.938,1.4
140,cloud_only_mlp_covertype,,1776511753222.472,1776511753269.626,47.154,1769,1577,1.905,4.3
141,cloud_only_mlp_covertype,,1776511753272.620,1776511753318.792,46.172,1769,1577,2.158,5.5
142,cloud_only_mlp_covertype,,1776511753321.788,1776511753372.199,50.411,1769,1577,1.843,5.6
143,cloud_only_mlp_covertype,,1776511753374.193,1776511753423.752,49.559,1769,1577,1.993,2.9
144,cloud_only_mlp_covertype,,1776511753425.748,1776511753491.152,65.404,1769,1577,1.955,3.9
145,cloud_only_mlp_covertype,,1776511753495.170,1776511753540.330,45.160,1769,1577,2.213,3.4
146,cloud_only_mlp_covertype,,1776511753544.668,1776511753592.684,48.016,1769,1577,1.921,2.2
147,cloud_only_mlp_covertype,,1776511753596.677,1776511753647.422,50.745,1769,1577,1.999,15.0
148,cloud_only_mlp_covertype,,1776511753651.413,1776511753724.087,72.674,1769,1577,1.933,22.4
149,cloud_only_mlp_covertype,,1776511753728.090,1776511753774.811,46.720,1769,1577,2.131,19.4
150,cloud_only_mlp_covertype,,1776511753778.801,1776511753849.057,70.256,1769,1577,1.790,3.5
151,cloud_only_mlp_covertype,,1776511753852.062,1776511753901.407,49.345,1769,1577,2.239,28.6
152,cloud_only_mlp_covertype,,1776511753905.388,1776511753953.883,48.495,1769,1577,2.091,20.9
153,cloud_only_mlp_covertype,,1776511753956.888,1776511754002.365,45.477,1769,1577,2.048,4.4
154,cloud_only_mlp_covertype,,1776511754005.534,1776511754068.600,63.066,1769,1577,2.046,17.6
155,cloud_only_mlp_covertype,,1776511754070.600,1776511754118.282,47.682,1769,1577,1.913,6.1
156,cloud_only_mlp_covertype,,1776511754119.458,1776511754169.656,50.199,1769,1577,2.053,10.6
157,cloud_only_mlp_covertype,,1776511754173.662,1776511754223.316,49.654,1769,1577,1.974,9.4
158,cloud_only_mlp_covertype,,1776511754227.312,1776511754271.843,44.531,1769,1577,2.237,10.2
159,cloud_only_mlp_covertype,,1776511754276.845,1776511754346.543,69.698,1769,1577,1.898,2.0
160,cloud_only_mlp_covertype,,1776511754352.539,1776511754402.925,50.386,1769,1577,1.965,5.9
161,cloud_only_mlp_covertype,,1776511754406.925,1776511754459.284,52.359,1769,1577,2.066,3.6
162,cloud_only_mlp_covertype,,1776511754462.280,1776511754530.809,68.529,1769,1577,1.866,10.8
163,cloud_only_mlp_covertype,,1776511754535.045,1776511754581.533,46.488,1769,1577,2.254,1.6
164,cloud_only_mlp_covertype,,1776511754583.536,1776511754632.238,48.702,1769,1577,2.086,8.3
165,cloud_only_mlp_covertype,,1776511754636.236,1776511754684.756,48.520,1769,1577,2.402,10.8
166,cloud_only_mlp_covertype,,1776511754686.743,1776511754734.160,47.417,1769,1577,2.264,0.0
167,cloud_only_mlp_covertype,,1776511754738.154,1776511754794.055,55.901,1769,1577,2.976,0.0
168,cloud_only_mlp_covertype,,1776511754799.920,1776511754847.956,48.035,1769,1577,1.954,3.8
169,cloud_only_mlp_covertype,,1776511754851.960,1776511754899.632,47.673,1769,1577,2.226,3.9
170,cloud_only_mlp_covertype,,1776511754903.646,1776511754961.469,57.823,1769,1577,1.930,2.2
171,cloud_only_mlp_covertype,,1776511754965.488,1776511755012.550,47.062,1769,1577,1.806,1.7
172,cloud_only_mlp_covertype,,1776511755015.062,1776511755061.713,46.652,1769,1577,2.372,12.8
173,cloud_only_mlp_covertype,,1776511755065.719,1776511755113.118,47.399,1769,1577,2.348,2.0
174,cloud_only_mlp_covertype,,1776511755117.659,1776511755165.945,48.286,1769,1577,2.049,8.7
175,cloud_only_mlp_covertype,,1776511755168.629,1776511755238.283,69.655,1769,1577,1.892,7.4
176,cloud_only_mlp_covertype,,1776511755243.297,1776511755312.849,69.552,1769,1577,1.988,6.9
177,cloud_only_mlp_covertype,,1776511755316.388,1776511755362.298,45.910,1769,1577,2.158,1.8
178,cloud_only_mlp_covertype,,1776511755366.363,1776511755435.764,69.402,1769,1577,2.073,6.1
179,cloud_only_mlp_covertype,,1776511755439.753,1776511755487.198,47.445,1769,1577,2.628,11.4
180,cloud_only_mlp_covertype,,1776511755490.224,1776511755535.857,45.633,1769,1577,2.165,4.0
181,cloud_only_mlp_covertype,,1776511755539.866,1776511755586.643,46.777,1769,1577,2.374,4.5
182,cloud_only_mlp_covertype,,1776511755590.648,1776511755642.053,51.405,1769,1577,2.224,1.8
183,cloud_only_mlp_covertype,,1776511755645.047,1776511755693.718,48.671,1769,1577,1.928,4.0
184,cloud_only_mlp_covertype,,1776511755697.719,1776511755741.675,43.956,1769,1577,1.871,6.7
185,cloud_only_mlp_covertype,,1776511755745.678,1776511755808.543,62.865,1769,1577,2.128,1.4
186,cloud_only_mlp_covertype,,1776511755813.573,1776511755863.014,49.440,1769,1577,2.032,0.0
187,cloud_only_mlp_covertype,,1776511755868.022,1776511755931.588,63.566,1769,1577,1.953,5.1
188,cloud_only_mlp_covertype,,1776511755935.728,1776511755985.819,50.091,1769,1577,2.168,3.5
189,cloud_only_mlp_covertype,,1776511755987.833,1776511756036.310,48.477,1769,1577,1.973,7.5
190,cloud_only_mlp_covertype,,1776511756038.935,1776511756101.357,62.422,1769,1577,2.276,13.3
191,cloud_only_mlp_covertype,,1776511756102.927,1776511756147.028,44.101,1769,1577,2.070,25.0
192,cloud_only_mlp_covertype,,1776511756150.184,1776511756200.730,50.546,1769,1577,3.016,26.3
193,cloud_only_mlp_covertype,,1776511756205.730,1776511756254.385,48.655,1769,1577,2.201,8.5
194,cloud_only_mlp_covertype,,1776511756258.391,1776511756305.382,46.990,1769,1577,2.356,12.5
195,cloud_only_mlp_covertype,,1776511756306.418,1776511756352.053,45.635,1769,1577,2.308,11.6
196,cloud_only_mlp_covertype,,1776511756354.050,1776511756401.901,47.851,1769,1577,1.802,18.4
197,cloud_only_mlp_covertype,,1776511756404.902,1776511756451.322,46.419,1769,1577,2.074,21.7
198,cloud_only_mlp_covertype,,1776511756454.328,1776511756500.963,46.635,1769,1577,2.138,8.2
199,cloud_only_mlp_covertype,,1776511756505.971,1776511756579.288,73.316,1769,1577,1.867,6.7
200,cloud_only_mlp_covertype,,1776511756584.328,1776511756634.869,50.542,1769,1577,1.985,6.4
201,cloud_only_mlp_covertype,,1776511756638.880,1776511756692.866,53.986,1769,1577,1.977,34.9
202,cloud_only_mlp_covertype,,1776511756698.864,1776511756767.200,68.337,1769,1577,1.842,25.4
203,cloud_only_mlp_covertype,,1776511756771.200,1776511756827.990,56.791,1769,1577,2.064,6.6
204,cloud_only_mlp_covertype,,1776511756834.216,1776511756879.051,44.835,1769,1577,2.137,14.3
205,cloud_only_mlp_covertype,,1776511756882.050,1776511756927.464,45.414,1769,1577,1.808,11.6
206,cloud_only_mlp_covertype,,1776511756930.990,1776511756980.514,49.524,1769,1577,2.135,9.3
207,cloud_only_mlp_covertype,,1776511756985.512,1776511757034.272,48.760,1769,1577,2.072,8.2
208,cloud_only_mlp_covertype,,1776511757038.271,1776511757083.043,44.772,1769,1577,2.337,10.9
209,cloud_only_mlp_covertype,,1776511757088.032,1776511757134.113,46.081,1769,1577,2.363,14.3
210,cloud_only_mlp_covertype,,1776511757139.126,1776511757187.979,48.853,1769,1577,1.969,3.8
211,cloud_only_mlp_covertype,,1776511757192.978,1776511757265.868,72.890,1769,1577,2.024,1.5
212,cloud_only_mlp_covertype,,1776511757269.862,1776511757314.253,44.391,1769,1577,2.151,5.4
213,cloud_only_mlp_covertype,,1776511757317.573,1776511757383.351,65.778,1769,1577,1.793,11.2
214,cloud_only_mlp_covertype,,1776511757386.354,1776511757435.166,48.812,1769,1577,1.887,17.2
215,cloud_only_mlp_covertype,,1776511757436.163,1776511757492.829,56.666,1769,1577,2.040,15.8
216,cloud_only_mlp_covertype,,1776511757495.830,1776511757553.927,58.097,1769,1577,1.874,2.0
217,cloud_only_mlp_covertype,,1776511757554.913,1776511757599.851,44.938,1769,1577,1.859,25.6
218,cloud_only_mlp_covertype,,1776511757601.861,1776511757650.385,48.524,1769,1577,1.906,36.0
219,cloud_only_mlp_covertype,,1776511757652.391,1776511757702.708,50.316,1769,1577,1.999,31.1
220,cloud_only_mlp_covertype,,1776511757703.733,1776511757749.048,45.315,1769,1577,2.106,22.6
221,cloud_only_mlp_covertype,,1776511757751.049,1776511757800.077,49.028,1769,1577,2.020,6.1
222,cloud_only_mlp_covertype,,1776511757804.080,1776511757863.374,59.294,1769,1577,1.981,18.6
223,cloud_only_mlp_covertype,,1776511757867.376,1776511757915.896,48.520,1769,1577,1.935,29.8
224,cloud_only_mlp_covertype,,1776511757918.904,1776511757969.339,50.435,1769,1577,2.260,22.7
225,cloud_only_mlp_covertype,,1776511757972.332,1776511758020.347,48.016,1769,1577,1.952,10.3
226,cloud_only_mlp_covertype,,1776511758023.352,1776511758068.873,45.521,1769,1577,2.316,9.5
227,cloud_only_mlp_covertype,,1776511758069.969,1776511758115.636,45.668,1769,1577,1.787,4.7
228,cloud_only_mlp_covertype,,1776511758116.635,1776511758165.225,48.590,1769,1577,1.906,23.5
229,cloud_only_mlp_covertype,,1776511758169.228,1776511758237.716,68.488,1769,1577,2.455,27.1
230,cloud_only_mlp_covertype,,1776511758240.705,1776511758286.996,46.291,1769,1577,1.973,6.1
231,cloud_only_mlp_covertype,,1776511758291.001,1776511758335.026,44.025,1769,1577,2.082,14.0
232,cloud_only_mlp_covertype,,1776511758337.036,1776511758393.010,55.974,1769,1577,3.750,3.4
233,cloud_only_mlp_covertype,,1776511758394.866,1776511758443.741,48.875,1769,1577,1.888,12.5
234,cloud_only_mlp_covertype,,1776511758448.739,1776511758508.865,60.126,1769,1577,2.016,16.3
235,cloud_only_mlp_covertype,,1776511758513.859,1776511758560.631,46.772,1769,1577,2.072,8.8
236,cloud_only_mlp_covertype,,1776511758563.634,1776511758685.529,121.896,1769,1577,2.014,57.0
237,cloud_only_mlp_covertype,,1776511758691.539,1776511758739.099,47.560,1769,1577,2.142,63.0
238,cloud_only_mlp_covertype,,1776511758742.099,1776511758790.095,47.997,1769,1577,1.953,60.0
239,cloud_only_mlp_covertype,,1776511758792.097,1776511758859.773,67.676,1769,1577,1.901,65.4
240,cloud_only_mlp_covertype,,1776511758861.669,1776511758908.164,46.495,1769,1577,2.018,35.4
241,cloud_only_mlp_covertype,,1776511758909.667,1776511758960.227,50.560,1769,1577,2.092,20.8
242,cloud_only_mlp_covertype,,1776511758962.226,1776511759011.226,49.000,1769,1577,1.940,31.2
243,cloud_only_mlp_covertype,,1776511759012.568,1776511759060.348,47.780,1769,1577,2.074,10.5
244,cloud_only_mlp_covertype,,1776511759061.347,1776511759130.934,69.586,1769,1577,2.074,2.7
245,cloud_only_mlp_covertype,,1776511759133.258,1776511759180.466,47.208,1769,1577,1.964,30.6
246,cloud_only_mlp_covertype,,1776511759185.465,1776511759235.781,50.316,1769,1577,1.969,30.0
247,cloud_only_mlp_covertype,,1776511759239.803,1776511759290.048,50.245,1769,1577,2.059,16.4
248,cloud_only_mlp_covertype,,1776511759293.044,1776511759363.626,70.582,1769,1577,1.960,3.1
249,cloud_only_mlp_covertype,,1776511759366.215,1776511759412.854,46.639,1769,1577,1.982,1.9
250,cloud_only_mlp_covertype,,1776511759414.856,1776511759463.086,48.229,1769,1577,1.809,12.3
251,cloud_only_mlp_covertype,,1776511759466.061,1776511759514.572,48.511,1769,1577,2.005,22.7
252,cloud_only_mlp_covertype,,1776511759515.596,1776511759582.508,66.912,1769,1577,1.837,2.7
253,cloud_only_mlp_covertype,,1776511759587.581,1776511759657.419,69.838,1769,1577,1.846,4.0
254,cloud_only_mlp_covertype,,1776511759663.508,1776511759707.891,44.383,1769,1577,2.074,11.6
255,cloud_only_mlp_covertype,,1776511759710.554,1776511759755.180,44.626,1769,1577,1.920,10.3
256,cloud_only_mlp_covertype,,1776511759757.348,1776511759830.218,72.871,1769,1577,1.870,5.6
257,cloud_only_mlp_covertype,,1776511759833.221,1776511759881.573,48.353,1769,1577,2.074,1.8
258,cloud_only_mlp_covertype,,1776511759884.598,1776511759929.425,44.827,1769,1577,1.925,6.5
259,cloud_only_mlp_covertype,,1776511759932.438,1776511759996.136,63.698,1769,1577,2.079,4.4
260,cloud_only_mlp_covertype,,1776511759999.131,1776511760046.319,47.188,1769,1577,1.822,5.7
261,cloud_only_mlp_covertype,,1776511760049.318,1776511760098.323,49.005,1769,1577,1.862,7.9
262,cloud_only_mlp_covertype,,1776511760101.329,1776511760166.890,65.561,1769,1577,1.874,6.0
263,cloud_only_mlp_covertype,,1776511760171.891,1776511760229.523,57.632,1769,1577,2.027,9.4
264,cloud_only_mlp_covertype,,1776511760233.890,1776511760306.661,72.771,1769,1577,1.957,13.2
265,cloud_only_mlp_covertype,,1776511760312.655,1776511760363.745,51.090,1769,1577,2.073,4.3
266,cloud_only_mlp_covertype,,1776511760365.745,1776511760413.586,47.841,1769,1577,2.432,8.5
267,cloud_only_mlp_covertype,,1776511760417.581,1776511760479.703,62.123,1769,1577,2.723,12.9
268,cloud_only_mlp_covertype,,1776511760483.695,1776511760551.647,67.951,1769,1577,2.305,9.8
269,cloud_only_mlp_covertype,,1776511760554.973,1776511760612.896,57.923,1769,1577,2.280,16.4
270,cloud_only_mlp_covertype,,1776511760617.902,1776511760666.296,48.394,1769,1577,2.099,14.3
271,cloud_only_mlp_covertype,,1776511760670.291,1776511760720.302,50.011,1769,1577,2.006,17.9
272,cloud_only_mlp_covertype,,1776511760721.318,1776511760765.399,44.082,1769,1577,2.126,17.1
273,cloud_only_mlp_covertype,,1776511760770.403,1776511760828.418,58.016,1769,1577,1.899,15.9
274,cloud_only_mlp_covertype,,1776511760830.422,1776511760890.326,59.904,1769,1577,1.810,0.0
275,cloud_only_mlp_covertype,,1776511760891.326,1776511760939.707,48.381,1769,1577,1.935,2.0
276,cloud_only_mlp_covertype,,1776511760943.720,1776511760988.626,44.906,1769,1577,2.117,6.1
277,cloud_only_mlp_covertype,,1776511760993.754,1776511761058.711,64.958,1769,1577,1.976,10.4
278,cloud_only_mlp_covertype,,1776511761061.713,1776511761122.844,61.130,1769,1577,1.777,0.0
279,cloud_only_mlp_covertype,,1776511761127.191,1776511761177.656,50.466,1769,1577,1.764,2.1
280,cloud_only_mlp_covertype,,1776511761180.643,1776511761225.937,45.294,1769,1577,2.221,12.7
281,cloud_only_mlp_covertype,,1776511761227.940,1776511761290.488,62.548,1769,1577,1.875,21.7
282,cloud_only_mlp_covertype,,1776511761292.501,1776511761352.315,59.814,1769,1577,1.981,3.4
283,cloud_only_mlp_covertype,,1776511761354.302,1776511761403.070,48.768,1769,1577,1.966,14.0
284,cloud_only_mlp_covertype,,1776511761404.070,1776511761450.597,46.527,1769,1577,1.972,28.6
285,cloud_only_mlp_covertype,,1776511761452.596,1776511761521.177,68.581,1769,1577,1.884,25.8
286,cloud_only_mlp_covertype,,1776511761523.420,1776511761583.595,60.175,1769,1577,1.795,13.3
287,cloud_only_mlp_covertype,,1776511761584.594,1776511761630.202,45.608,1769,1577,2.007,4.3
288,cloud_only_mlp_covertype,,1776511761631.201,1776511761678.701,47.499,1769,1577,1.927,2.1
289,cloud_only_mlp_covertype,,1776511761679.700,1776511761727.048,47.347,1769,1577,1.803,9.4
290,cloud_only_mlp_covertype,,1776511761732.045,1776511761800.299,68.254,1769,1577,2.094,4.7
291,cloud_only_mlp_covertype,,1776511761804.301,1776511761852.042,47.741,1769,1577,1.959,10.7
292,cloud_only_mlp_covertype,,1776511761855.044,1776511761904.171,49.127,1769,1577,2.060,1.4
293,cloud_only_mlp_covertype,,1776511761908.173,1776511761969.993,61.820,1769,1577,2.061,8.1
294,cloud_only_mlp_covertype,,1776511761975.986,1776511762019.965,43.979,1769,1577,2.247,13.1
295,cloud_only_mlp_covertype,,1776511762022.959,1776511762093.575,70.615,1769,1577,2.303,7.8
296,cloud_only_mlp_covertype,,1776511762098.573,1776511762146.330,47.757,1769,1577,1.950,0.0
297,cloud_only_mlp_covertype,,1776511762150.333,1776511762199.797,49.464,1769,1577,1.992,4.3
298,cloud_only_mlp_covertype,,1776511762204.859,1776511762251.471,46.612,1769,1577,1.940,3.7
299,cloud_only_mlp_covertype,,1776511762255.471,1776511762321.945,66.474,1769,1577,1.819,8.8
300,cloud_only_mlp_covertype,,1776511762325.943,1776511762371.822,45.879,1769,1577,2.056,0.0
301,cloud_only_mlp_covertype,,1776511762373.772,1776511762431.783,58.011,1769,1577,1.858,13.3
302,cloud_only_mlp_covertype,,1776511762435.795,1776511762492.767,56.971,1769,1577,3.101,61.0
303,cloud_only_mlp_covertype,,1776511762500.771,1776511762572.543,71.772,1769,1577,2.001,33.8
304,cloud_only_mlp_covertype,,1776511762574.546,1776511762618.949,44.403,1769,1577,1.924,2.9
305,cloud_only_mlp_covertype,,1776511762619.955,1776511762681.280,61.325,1769,1577,2.007,9.8
306,cloud_only_mlp_covertype,,1776511762686.609,1776511762733.534,46.924,1769,1577,1.848,21.6
307,cloud_only_mlp_covertype,,1776511762736.533,1776511762784.014,47.480,1769,1577,2.258,19.7
308,cloud_only_mlp_covertype,,1776511762785.999,1776511762829.261,43.262,1769,1577,2.003,10.3
309,cloud_only_mlp_covertype,,1776511762830.685,1776511762897.588,66.903,1769,1577,1.854,12.0
310,cloud_only_mlp_covertype,,1776511762902.600,1776511762950.261,47.661,1769,1577,1.931,23.5
311,cloud_only_mlp_covertype,,1776511762953.122,1776511763022.254,69.132,1769,1577,1.815,16.7
312,cloud_only_mlp_covertype,,1776511763026.515,1776511763070.047,43.532,1769,1577,1.858,31.2
313,cloud_only_mlp_covertype,,1776511763074.038,1776511763120.031,45.992,1769,1577,2.019,23.8
314,cloud_only_mlp_covertype,,1776511763121.946,1776511763170.340,48.394,1769,1577,2.018,9.3
315,cloud_only_mlp_covertype,,1776511763171.352,1776511763218.752,47.400,1769,1577,1.945,7.5
316,cloud_only_mlp_covertype,,1776511763219.752,1776511763287.695,67.943,1769,1577,1.849,3.5
317,cloud_only_mlp_covertype,,1776511763292.905,1776511763363.771,70.867,1769,1577,1.996,22.6
318,cloud_only_mlp_covertype,,1776511763367.790,1776511763412.691,44.901,1769,1577,1.999,11.1
319,cloud_only_mlp_covertype,,1776511763415.664,1776511763460.601,44.938,1769,1577,2.051,3.5
320,cloud_only_mlp_covertype,,1776511763464.606,1776511763512.014,47.408,1769,1577,2.131,14.6
321,cloud_only_mlp_covertype,,1776511763516.014,1776511763565.276,49.263,1769,1577,2.060,1.8
322,cloud_only_mlp_covertype,,1776511763569.286,1776511763614.146,44.860,1769,1577,2.090,8.0
323,cloud_only_mlp_covertype,,1776511763618.151,1776511763686.516,68.366,1769,1577,1.865,1.5
324,cloud_only_mlp_covertype,,1776511763691.521,1776511763740.124,48.603,1769,1577,2.222,5.7
325,cloud_only_mlp_covertype,,1776511763744.154,1776511763791.972,47.818,1769,1577,2.005,3.4
326,cloud_only_mlp_covertype,,1776511763795.969,1776511763844.950,48.981,1769,1577,1.922,3.2
327,cloud_only_mlp_covertype,,1776511763848.944,1776511763919.738,70.793,1769,1577,2.017,3.1
328,cloud_only_mlp_covertype,,1776511763922.737,1776511763985.106,62.369,1769,1577,1.853,4.2
329,cloud_only_mlp_covertype,,1776511763988.187,1776511764036.340,48.153,1769,1577,2.076,15.0
330,cloud_only_mlp_covertype,,1776511764038.337,1776511764082.820,44.483,1769,1577,1.944,9.3
331,cloud_only_mlp_covertype,,1776511764084.809,1776511764128.783,43.973,1769,1577,2.051,7.3
332,cloud_only_mlp_covertype,,1776511764129.795,1776511764197.727,67.932,1769,1577,1.854,3.3
333,cloud_only_mlp_covertype,,1776511764201.722,1776511764247.562,45.840,1769,1577,1.968,0.0
334,cloud_only_mlp_covertype,,1776511764253.498,1776511764301.193,47.695,1769,1577,2.035,4.4
335,cloud_only_mlp_covertype,,1776511764305.194,1776511764410.456,105.261,1769,1577,1.828,1.9
336,cloud_only_mlp_covertype,,1776511764414.463,1776511764478.955,64.492,1769,1577,1.778,3.2
337,cloud_only_mlp_covertype,,1776511764482.951,1776511764539.785,56.833,1769,1577,2.048,1.6
338,cloud_only_mlp_covertype,,1776511764543.833,1776511764617.738,73.905,1769,1577,1.937,12.8
339,cloud_only_mlp_covertype,,1776511764622.736,1776511764670.807,48.071,1769,1577,1.944,4.5
340,cloud_only_mlp_covertype,,1776511764674.813,1776511764739.658,64.845,1769,1577,1.842,5.1
341,cloud_only_mlp_covertype,,1776511764744.677,1776511764802.052,57.376,1769,1577,1.838,6.6
342,cloud_only_mlp_covertype,,1776511764807.058,1776511764854.541,47.483,1769,1577,1.842,15.6
343,cloud_only_mlp_covertype,,1776511764857.334,1776511764905.550,48.216,1769,1577,1.854,4.8
344,cloud_only_mlp_covertype,,1776511764908.551,1776511764953.690,45.139,1769,1577,1.907,0.0
345,cloud_only_mlp_covertype,,1776511764958.227,1776511765004.000,45.774,1769,1577,1.971,6.5
346,cloud_only_mlp_covertype,,1776511765009.130,1776511765057.291,48.161,1769,1577,2.114,14.3
347,cloud_only_mlp_covertype,,1776511765060.310,1776511765107.719,47.409,1769,1577,1.961,7.5
348,cloud_only_mlp_covertype,,1776511765111.746,1776511765161.240,49.494,1769,1577,2.139,7.6
349,cloud_only_mlp_covertype,,1776511765164.254,1776511765213.664,49.410,1769,1577,1.841,2.1
350,cloud_only_mlp_covertype,,1776511765216.657,1776511765264.157,47.500,1769,1577,1.914,0.0
351,cloud_only_mlp_covertype,,1776511765268.165,1776511765313.535,45.370,1769,1577,1.933,2.0
352,cloud_only_mlp_covertype,,1776511765317.565,1776511765366.075,48.510,1769,1577,1.867,8.3
353,cloud_only_mlp_covertype,,1776511765369.094,1776511765417.528,48.434,1769,1577,2.453,8.5
354,cloud_only_mlp_covertype,,1776511765420.533,1776511765467.391,46.859,1769,1577,1.981,1.1
355,cloud_only_mlp_covertype,,1776511765470.393,1776511765529.624,59.231,1769,1577,2.635,0.0
356,cloud_only_mlp_covertype,,1776511765534.637,1776511765582.809,48.172,1769,1577,1.967,0.0
357,cloud_only_mlp_covertype,,1776511765584.813,1776511765652.589,67.776,1769,1577,2.044,3.8
358,cloud_only_mlp_covertype,,1776511765657.880,1776511765705.554,47.674,1769,1577,1.993,2.3
359,cloud_only_mlp_covertype,,1776511765708.444,1776511765753.950,45.506,1769,1577,1.887,2.1
360,cloud_only_mlp_covertype,,1776511765757.974,1776511765805.588,47.614,1769,1577,1.931,11.8
361,cloud_only_mlp_covertype,,1776511765810.615,1776511765884.362,73.747,1769,1577,1.891,10.7
362,cloud_only_mlp_covertype,,1776511765889.360,1776511765933.515,44.155,1769,1577,2.193,4.3
363,cloud_only_mlp_covertype,,1776511765937.893,1776511765981.379,43.486,1769,1577,1.981,5.5
364,cloud_only_mlp_covertype,,1776511765986.479,1776511766052.239,65.760,1769,1577,2.035,6.7
365,cloud_only_mlp_covertype,,1776511766056.269,1776511766102.830,46.561,1769,1577,2.017,18.9
366,cloud_only_mlp_covertype,,1776511766107.826,1776511766157.580,49.754,1769,1577,1.860,6.8
367,cloud_only_mlp_covertype,,1776511766161.584,1776511766211.731,50.146,1769,1577,2.671,2.8
368,cloud_only_mlp_covertype,,1776511766214.736,1776511766261.914,47.178,1769,1577,1.845,4.8
369,cloud_only_mlp_covertype,,1776511766265.925,1776511766310.508,44.583,1769,1577,1.961,0.0
370,cloud_only_mlp_covertype,,1776511766314.508,1776511766363.936,49.427,1769,1577,1.972,3.8
371,cloud_only_mlp_covertype,,1776511766365.943,1776511766416.871,50.927,1769,1577,1.813,5.9
372,cloud_only_mlp_covertype,,1776511766419.780,1776511766463.619,43.839,1769,1577,2.295,4.0
373,cloud_only_mlp_covertype,,1776511766465.625,1776511766512.065,46.441,1769,1577,2.118,0.0
374,cloud_only_mlp_covertype,,1776511766515.064,1776511766565.131,50.067,1769,1577,2.367,0.0
375,cloud_only_mlp_covertype,,1776511766568.132,1776511766616.986,48.854,1769,1577,1.932,9.1
376,cloud_only_mlp_covertype,,1776511766620.974,1776511766668.208,47.234,1769,1577,1.992,2.0
377,cloud_only_mlp_covertype,,1776511766671.738,1776511766717.626,45.888,1769,1577,2.024,0.0
378,cloud_only_mlp_covertype,,1776511766721.615,1776511766771.901,50.286,1769,1577,2.112,0.0
379,cloud_only_mlp_covertype,,1776511766776.899,1776511766838.743,61.844,1769,1577,1.802,1.5
380,cloud_only_mlp_covertype,,1776511766845.706,1776511766916.058,70.352,1769,1577,2.604,1.4
381,cloud_only_mlp_covertype,,1776511766920.936,1776511766969.069,48.134,1769,1577,2.114,0.0
382,cloud_only_mlp_covertype,,1776511766973.400,1776511767018.751,45.351,1769,1577,2.157,15.6
383,cloud_only_mlp_covertype,,1776511767021.771,1776511767083.900,62.129,1769,1577,1.828,8.5
384,cloud_only_mlp_covertype,,1776511767088.899,1776511767137.970,49.071,1769,1577,2.001,14.3
385,cloud_only_mlp_covertype,,1776511767139.977,1776511767187.959,47.982,1769,1577,1.985,1.5
386,cloud_only_mlp_covertype,,1776511767190.965,1776511767237.228,46.263,1769,1577,2.077,15.9
387,cloud_only_mlp_covertype,,1776511767239.227,1776511767300.129,60.902,1769,1577,2.065,9.8
388,cloud_only_mlp_covertype,,1776511767303.136,1776511767362.429,59.293,1769,1577,1.815,7.8
389,cloud_only_mlp_covertype,,1776511767366.445,1776511767427.197,60.752,1769,1577,1.749,5.3
390,cloud_only_mlp_covertype,,1776511767428.190,1776511767471.955,43.765,1769,1577,2.093,10.5
391,cloud_only_mlp_covertype,,1776511767477.955,1776511767548.440,70.486,1769,1577,2.018,13.2
392,cloud_only_mlp_covertype,,1776511767550.428,1776511767598.100,47.672,1769,1577,1.859,6.6
393,cloud_only_mlp_covertype,,1776511767601.105,1776511767649.383,48.278,1769,1577,1.953,16.0
394,cloud_only_mlp_covertype,,1776511767653.390,1776511767698.439,45.049,1769,1577,1.905,4.3
395,cloud_only_mlp_covertype,,1776511767702.437,1776511767748.329,45.892,1769,1577,2.100,0.0
396,cloud_only_mlp_covertype,,1776511767752.855,1776511767811.988,59.133,1769,1577,2.007,3.0
397,cloud_only_mlp_covertype,,1776511767816.013,1776511767861.877,45.864,1769,1577,1.873,7.0
398,cloud_only_mlp_covertype,,1776511767866.887,1776511767938.072,71.184,1769,1577,1.855,9.1
399,cloud_only_mlp_covertype,,1776511767943.065,1776511768002.323,59.258,1769,1577,1.772,0.0
400,cloud_only_mlp_covertype,,1776511768006.327,1776511768076.605,70.278,1769,1577,1.994,4.0
401,cloud_only_mlp_covertype,,1776511768079.606,1776511768135.738,56.132,1769,1577,1.959,0.0
402,cloud_only_mlp_covertype,,1776511768138.767,1776511768200.362,61.595,1769,1577,2.085,3.1
403,cloud_only_mlp_covertype,,1776511768206.356,1776511768254.166,47.810,1769,1577,1.886,4.8
404,cloud_only_mlp_covertype,,1776511768259.190,1776511768323.541,64.352,1769,1577,1.891,3.2
405,cloud_only_mlp_covertype,,1776511768327.543,1776511768387.109,59.567,1769,1577,1.837,1.9
406,cloud_only_mlp_covertype,,1776511768391.112,1776511768465.516,74.404,1769,1577,2.117,3.8
407,cloud_only_mlp_covertype,,1776511768468.511,1776511768543.985,75.474,1769,1577,2.330,2.4
408,cloud_only_mlp_covertype,,1776511768547.981,1776511768617.381,69.400,1769,1577,2.571,18.1
409,cloud_only_mlp_covertype,,1776511768622.563,1776511768673.217,50.654,1769,1577,2.005,26.7
410,cloud_only_mlp_covertype,,1776511768674.727,1776511768742.981,68.254,1769,1577,1.988,20.6
411,cloud_only_mlp_covertype,,1776511768747.969,1776511768821.712,73.743,1769,1577,2.343,18.2
412,cloud_only_mlp_covertype,,1776511768826.708,1776511768896.964,70.256,1769,1577,2.711,6.6
413,cloud_only_mlp_covertype,,1776511768902.001,1776511768950.343,48.342,1769,1577,1.980,8.9
414,cloud_only_mlp_covertype,,1776511768953.368,1776511768997.828,44.460,1769,1577,1.863,12.5
415,cloud_only_mlp_covertype,,1776511769002.829,1776511769065.624,62.795,1769,1577,2.044,2.7
416,cloud_only_mlp_covertype,,1776511769068.631,1776511769129.270,60.638,1769,1577,2.088,7.4
417,cloud_only_mlp_covertype,,1776511769134.271,1776511769182.555,48.284,1769,1577,2.001,14.8
418,cloud_only_mlp_covertype,,1776511769186.540,1776511769233.862,47.322,1769,1577,1.789,2.0
419,cloud_only_mlp_covertype,,1776511769237.865,1776511769298.117,60.253,1769,1577,2.689,3.0
420,cloud_only_mlp_covertype,,1776511769305.145,1776511769354.972,49.827,1769,1577,1.950,6.2
421,cloud_only_mlp_covertype,,1776511769357.965,1776511769424.115,66.150,1769,1577,2.128,1.2
422,cloud_only_mlp_covertype,,1776511769430.122,1776511769477.202,47.080,1769,1577,1.890,6.4
423,cloud_only_mlp_covertype,,1776511769480.129,1776511769526.596,46.467,1769,1577,2.044,6.2
424,cloud_only_mlp_covertype,,1776511769530.606,1776511769580.435,49.829,1769,1577,2.813,0.0
425,cloud_only_mlp_covertype,,1776511769584.982,1776511769634.007,49.026,1769,1577,2.021,4.1
426,cloud_only_mlp_covertype,,1776511769638.013,1776511769701.265,63.252,1769,1577,2.079,1.6
427,cloud_only_mlp_covertype,,1776511769706.270,1776511769763.934,57.664,1769,1577,1.789,0.0
428,cloud_only_mlp_covertype,,1776511769768.943,1776511769827.231,58.289,1769,1577,2.027,0.0
429,cloud_only_mlp_covertype,,1776511769830.230,1776511769873.861,43.631,1769,1577,1.975,0.0
430,cloud_only_mlp_covertype,,1776511769877.860,1776511769926.677,48.817,1769,1577,2.384,4.0
431,cloud_only_mlp_covertype,,1776511769930.696,1776511769976.693,45.997,1769,1577,2.088,33.3
432,cloud_only_mlp_covertype,,1776511769979.681,1776511770024.363,44.682,1769,1577,1.978,3.9
433,cloud_only_mlp_covertype,,1776511770028.361,1776511770075.935,47.574,1769,1577,1.939,0.0
434,cloud_only_mlp_covertype,,1776511770079.930,1776511770167.309,87.379,1769,1577,2.076,3.8
435,cloud_only_mlp_covertype,,1776511770169.325,1776511770219.680,50.355,1769,1577,2.170,1.9
436,cloud_only_mlp_covertype,,1776511770223.510,1776511770291.802,68.292,1769,1577,1.917,1.1
437,cloud_only_mlp_covertype,,1776511770295.799,1776511770353.535,57.736,1769,1577,2.043,1.6
438,cloud_only_mlp_covertype,,1776511770357.537,1776511770417.660,60.123,1769,1577,2.068,3.1
439,cloud_only_mlp_covertype,,1776511770421.666,1776511770494.767,73.101,1769,1577,1.944,7.2
440,cloud_only_mlp_covertype,,1776511770500.782,1776511770548.723,47.940,1769,1577,2.482,7.7
441,cloud_only_mlp_covertype,,1776511770552.723,1776511770598.148,45.425,1769,1577,2.115,10.0
442,cloud_only_mlp_covertype,,1776511770602.152,1776511770665.078,62.926,1769,1577,2.146,13.8
443,cloud_only_mlp_covertype,,1776511770670.079,1776511770719.642,49.563,1769,1577,2.236,0.0
444,cloud_only_mlp_covertype,,1776511770724.675,1776511770786.419,61.744,1769,1577,1.877,6.5
445,cloud_only_mlp_covertype,,1776511770790.419,1776511770862.325,71.906,1769,1577,2.301,6.9
446,cloud_only_mlp_covertype,,1776511770866.344,1776511770922.562,56.218,1769,1577,2.021,11.8
447,cloud_only_mlp_covertype,,1776511770924.836,1776511770968.996,44.160,1769,1577,2.070,8.5
448,cloud_only_mlp_covertype,,1776511770974.011,1776511771021.792,47.782,1769,1577,1.942,6.3
449,cloud_only_mlp_covertype,,1776511771024.797,1776511771072.139,47.343,1769,1577,2.142,20.8
450,cloud_only_mlp_covertype,,1776511771075.139,1776511771120.881,45.741,1769,1577,2.132,11.1
451,cloud_only_mlp_covertype,,1776511771123.887,1776511771185.980,62.093,1769,1577,1.940,18.5
452,cloud_only_mlp_covertype,,1776511771187.963,1776511771234.713,46.750,1769,1577,1.860,0.0
453,cloud_only_mlp_covertype,,1776511771235.712,1776511771283.384,47.671,1769,1577,2.038,9.2
454,cloud_only_mlp_covertype,,1776511771287.229,1776511771334.831,47.602,1769,1577,2.300,5.7
455,cloud_only_mlp_covertype,,1776511771337.829,1776511771383.570,45.741,1769,1577,2.181,18.3
456,cloud_only_mlp_covertype,,1776511771387.101,1776511771435.796,48.695,1769,1577,1.976,17.6
457,cloud_only_mlp_covertype,,1776511771438.792,1776511771484.384,45.592,1769,1577,2.082,0.0
458,cloud_only_mlp_covertype,,1776511771487.911,1776511771560.116,72.205,1769,1577,1.817,39.2
459,cloud_only_mlp_covertype,,1776511771567.120,1776511771619.911,52.791,1769,1577,2.130,25.0
460,cloud_only_mlp_covertype,,1776511771621.895,1776511771679.022,57.127,1769,1577,2.002,14.6
461,cloud_only_mlp_covertype,,1776511771681.042,1776511771723.505,42.463,1769,1577,2.101,17.5
462,cloud_only_mlp_covertype,,1776511771726.491,1776511771772.618,46.127,1769,1577,2.231,4.3
463,cloud_only_mlp_covertype,,1776511771776.615,1776511771823.990,47.374,1769,1577,1.990,22.6
464,cloud_only_mlp_covertype,,1776511771826.989,1776511771872.777,45.789,1769,1577,1.941,25.7
465,cloud_only_mlp_covertype,,1776511771875.777,1776511771923.947,48.170,1769,1577,1.934,9.9
466,cloud_only_mlp_covertype,,1776511771926.124,1776511771971.679,45.555,1769,1577,1.906,14.3
467,cloud_only_mlp_covertype,,1776511771975.695,1776511772023.376,47.681,1769,1577,2.124,11.3
468,cloud_only_mlp_covertype,,1776511772027.374,1776511772075.594,48.221,1769,1577,2.122,4.5
469,cloud_only_mlp_covertype,,1776511772080.020,1776511772125.691,45.671,1769,1577,2.445,2.2
470,cloud_only_mlp_covertype,,1776511772130.082,1776511772179.794,49.713,1769,1577,1.970,25.0
471,cloud_only_mlp_covertype,,1776511772183.794,1776511772251.373,67.579,1769,1577,2.098,4.3
472,cloud_only_mlp_covertype,,1776511772256.393,1776511772302.953,46.561,1769,1577,2.023,7.7
473,cloud_only_mlp_covertype,,1776511772306.985,1776511772355.281,48.296,1769,1577,1.863,9.8
474,cloud_only_mlp_covertype,,1776511772359.282,1776511772408.593,49.311,1769,1577,1.898,5.7
475,cloud_only_mlp_covertype,,1776511772413.412,1776511772460.836,47.424,1769,1577,2.329,7.3
476,cloud_only_mlp_covertype,,1776511772464.857,1776511772512.183,47.326,1769,1577,1.934,1.9
477,cloud_only_mlp_covertype,,1776511772517.179,1776511772575.240,58.061,1769,1577,1.923,1.7
478,cloud_only_mlp_covertype,,1776511772580.221,1776511772623.788,43.567,1769,1577,2.109,7.7
479,cloud_only_mlp_covertype,,1776511772626.776,1776511772674.067,47.291,1769,1577,1.955,25.0
480,cloud_only_mlp_covertype,,1776511772678.067,1776511772728.147,50.080,1769,1577,1.772,11.8
481,cloud_only_mlp_covertype,,1776511772729.145,1776511772777.078,47.933,1769,1577,3.270,5.9
482,cloud_only_mlp_covertype,,1776511772779.059,1776511772822.179,43.120,1769,1577,2.031,5.8
483,cloud_only_mlp_covertype,,1776511772826.170,1776511772901.637,75.467,1769,1577,2.101,2.9
484,cloud_only_mlp_covertype,,1776511772906.633,1776511772962.401,55.768,1769,1577,1.898,25.0
485,cloud_only_mlp_covertype,,1776511772966.402,1776511773037.156,70.755,1769,1577,1.910,21.1
486,cloud_only_mlp_covertype,,1776511773040.148,1776511773084.903,44.755,1769,1577,2.087,8.7
487,cloud_only_mlp_covertype,,1776511773089.900,1776511773138.058,48.159,1769,1577,1.793,8.6
488,cloud_only_mlp_covertype,,1776511773143.066,1776511773190.511,47.445,1769,1577,1.872,13.0
489,cloud_only_mlp_covertype,,1776511773194.513,1776511773252.691,58.177,1769,1577,1.877,17.8
490,cloud_only_mlp_covertype,,1776511773256.682,1776511773304.161,47.479,1769,1577,1.963,7.3
491,cloud_only_mlp_covertype,,1776511773309.148,1776511773354.794,45.647,1769,1577,1.941,12.5
492,cloud_only_mlp_covertype,,1776511773357.814,1776511773425.481,67.667,1769,1577,1.979,5.6
493,cloud_only_mlp_covertype,,1776511773430.693,1776511773480.759,50.065,1769,1577,2.099,8.1
494,cloud_only_mlp_covertype,,1776511773483.757,1776511773535.902,52.145,1769,1577,1.829,23.4
495,cloud_only_mlp_covertype,,1776511773541.910,1776511773610.539,68.629,1769,1577,1.832,42.0
496,cloud_only_mlp_covertype,,1776511773614.544,1776511773662.385,47.842,1769,1577,2.031,8.5
497,cloud_only_mlp_covertype,,1776511773667.344,1776511773714.529,47.185,1769,1577,1.920,11.1
498,cloud_only_mlp_covertype,,1776511773717.527,1776511773765.989,48.462,1769,1577,2.167,0.0
499,cloud_only_mlp_covertype,,1776511773770.009,1776511773828.963,58.953,1769,1577,2.026,2.5
500,cloud_only_mlp_covertype,,1776511773831.962,1776511773889.783,57.822,1769,1577,1.793,3.3
501,cloud_only_mlp_covertype,,1776511773894.813,1776511773953.116,58.303,1769,1577,1.859,7.2
502,cloud_only_mlp_covertype,,1776511773958.115,1776511774030.960,72.844,1769,1577,1.844,4.1
503,cloud_only_mlp_covertype,,1776511774033.962,1776511774092.116,58.153,1769,1577,1.977,1.7
504,cloud_only_mlp_covertype,,1776511774097.115,1776511774169.571,72.456,1769,1577,1.955,0.0
505,cloud_only_mlp_covertype,,1776511774174.574,1776511774247.605,73.032,1769,1577,1.928,3.1
506,cloud_only_mlp_covertype,,1776511774252.599,1776511774323.609,71.010,1769,1577,2.040,0.9
507,cloud_only_mlp_covertype,,1776511774328.611,1776511774402.276,73.666,1769,1577,2.241,0.0
508,cloud_only_mlp_covertype,,1776511774408.297,1776511774457.866,49.569,1769,1577,2.132,8.2
509,cloud_only_mlp_covertype,,1776511774461.866,1776511774507.371,45.504,1769,1577,1.864,4.3
510,cloud_only_mlp_covertype,,1776511774512.385,1776511774562.686,50.301,1769,1577,2.050,1.4
511,cloud_only_mlp_covertype,,1776511774566.269,1776511774615.772,49.503,1769,1577,1.940,0.0
512,cloud_only_mlp_covertype,,1776511774619.771,1776511774670.904,51.133,1769,1577,1.979,10.8
513,cloud_only_mlp_covertype,,1776511774673.907,1776511774741.459,67.552,1769,1577,1.917,17.9
514,cloud_only_mlp_covertype,,1776511774745.454,1776511774805.364,59.910,1769,1577,2.006,3.5
515,cloud_only_mlp_covertype,,1776511774809.361,1776511774867.192,57.830,1769,1577,1.911,6.8
516,cloud_only_mlp_covertype,,1776511774872.211,1776511774922.272,50.061,1769,1577,2.092,7.5
517,cloud_only_mlp_covertype,,1776511774925.275,1776511774970.988,45.712,1769,1577,1.867,11.4
518,cloud_only_mlp_covertype,,1776511774974.992,1776511775044.929,69.937,1769,1577,4.653,9.3
519,cloud_only_mlp_covertype,,1776511775048.932,1776511775098.341,49.409,1769,1577,1.911,14.3
520,cloud_only_mlp_covertype,,1776511775101.341,1776511775150.666,49.325,1769,1577,1.946,14.3
521,cloud_only_mlp_covertype,,1776511775155.658,1776511775198.694,43.036,1769,1577,1.845,12.1
522,cloud_only_mlp_covertype,,1776511775201.689,1776511775247.464,45.774,1769,1577,1.967,17.8
523,cloud_only_mlp_covertype,,1776511775251.465,1776511775296.317,44.851,1769,1577,2.071,11.1
524,cloud_only_mlp_covertype,,1776511775299.336,1776511775346.384,47.048,1769,1577,2.087,0.0
525,cloud_only_mlp_covertype,,1776511775350.384,1776511775401.462,51.079,1769,1577,2.491,4.8
526,cloud_only_mlp_covertype,,1776511775406.485,1776511775474.112,67.627,1769,1577,1.856,7.1
527,cloud_only_mlp_covertype,,1776511775477.104,1776511775523.242,46.139,1769,1577,2.444,19.5
528,cloud_only_mlp_covertype,,1776511775528.237,1776511775573.638,45.401,1769,1577,2.222,1.8
529,cloud_only_mlp_covertype,,1776511775577.643,1776511775627.062,49.419,1769,1577,1.857,2.1
530,cloud_only_mlp_covertype,,1776511775631.409,1776511775680.299,48.890,1769,1577,1.828,7.7
531,cloud_only_mlp_covertype,,1776511775683.301,1776511775728.188,44.887,1769,1577,2.072,21.6
532,cloud_only_mlp_covertype,,1776511775732.296,1776511775799.068,66.772,1769,1577,1.880,0.0
533,cloud_only_mlp_covertype,,1776511775804.075,1776511775925.240,121.166,1769,1577,1.993,5.9
534,cloud_only_mlp_covertype,,1776511775930.205,1776511776000.305,70.100,1769,1577,2.066,4.8
535,cloud_only_mlp_covertype,,1776511776005.850,1776511776075.700,69.849,1769,1577,2.723,5.4
536,cloud_only_mlp_covertype,,1776511776080.719,1776511776127.771,47.053,1769,1577,2.668,6.1
537,cloud_only_mlp_covertype,,1776511776131.764,1776511776206.962,75.198,1769,1577,5.046,8.0
538,cloud_only_mlp_covertype,,1776511776210.961,1776511776260.462,49.501,1769,1577,1.981,16.4
539,cloud_only_mlp_covertype,,1776511776262.481,1776511776309.451,46.970,1769,1577,2.042,0.0
540,cloud_only_mlp_covertype,,1776511776314.451,1776511776362.014,47.562,1769,1577,2.199,3.9
541,cloud_only_mlp_covertype,,1776511776365.003,1776511776411.422,46.418,1769,1577,2.623,1.4
542,cloud_only_mlp_covertype,,1776511776413.406,1776511776479.277,65.871,1769,1577,1.798,5.2
543,cloud_only_mlp_covertype,,1776511776482.540,1776511776541.128,58.588,1769,1577,1.904,1.7
544,cloud_only_mlp_covertype,,1776511776544.114,1776511776617.929,73.815,1769,1577,1.832,11.7
545,cloud_only_mlp_covertype,,1776511776621.938,1776511776666.186,44.248,1769,1577,1.960,8.5
546,cloud_only_mlp_covertype,,1776511776671.184,1776511776718.239,47.055,1769,1577,2.019,3.5
547,cloud_only_mlp_covertype,,1776511776722.225,1776511776775.521,53.295,1769,1577,2.282,16.4
548,cloud_only_mlp_covertype,,1776511776779.424,1776511776846.328,66.904,1769,1577,1.834,8.7
549,cloud_only_mlp_covertype,,1776511776849.333,1776511776906.884,57.551,1769,1577,2.023,3.7
550,cloud_only_mlp_covertype,,1776511776911.910,1776511776960.271,48.361,1769,1577,1.854,5.7
551,cloud_only_mlp_covertype,,1776511776964.273,1776511777013.498,49.225,1769,1577,2.037,7.6
552,cloud_only_mlp_covertype,,1776511777015.498,1776511777066.380,50.882,1769,1577,2.165,4.3
553,cloud_only_mlp_covertype,,1776511777070.374,1776511777115.042,44.668,1769,1577,1.874,4.5
554,cloud_only_mlp_covertype,,1776511777119.584,1776511777166.198,46.614,1769,1577,1.893,6.2
555,cloud_only_mlp_covertype,,1776511777170.197,1776511777215.309,45.112,1769,1577,1.954,2.3
556,cloud_only_mlp_covertype,,1776511777218.853,1776511777265.793,46.940,1769,1577,2.231,9.1
557,cloud_only_mlp_covertype,,1776511777269.794,1776511777319.012,49.218,1769,1577,1.857,0.0
558,cloud_only_mlp_covertype,,1776511777323.012,1776511777388.850,65.838,1769,1577,1.992,1.4
559,cloud_only_mlp_covertype,,1776511777394.009,1776511777462.997,68.988,1769,1577,1.811,5.6
560,cloud_only_mlp_covertype,,1776511777468.176,1776511777528.729,60.554,1769,1577,1.973,40.0
561,cloud_only_mlp_covertype,,1776511777531.722,1776511777604.264,72.542,1769,1577,1.824,13.2
562,cloud_only_mlp_covertype,,1776511777608.260,1776511777657.877,49.618,1769,1577,1.989,7.3
563,cloud_only_mlp_covertype,,1776511777662.887,1776511777725.855,62.967,1769,1577,2.097,21.1
564,cloud_only_mlp_covertype,,1776511777730.258,1776511777776.838,46.580,1769,1577,2.376,25.0
565,cloud_only_mlp_covertype,,1776511777780.831,1776511777828.184,47.353,1769,1577,1.995,20.0
566,cloud_only_mlp_covertype,,1776511777831.171,1776511777895.544,64.373,1769,1577,2.008,27.5
567,cloud_only_mlp_covertype,,1776511777897.534,1776511777942.210,44.676,1769,1577,1.985,1.5
568,cloud_only_mlp_covertype,,1776511777948.226,1776511777995.753,47.527,1769,1577,1.921,15.2
569,cloud_only_mlp_covertype,,1776511777999.754,1776511778064.387,64.633,1769,1577,2.040,4.3
570,cloud_only_mlp_covertype,,1776511778068.377,1776511778139.004,70.627,1769,1577,1.815,0.0
571,cloud_only_mlp_covertype,,1776511778145.316,1776511778203.152,57.836,1769,1577,1.755,0.0
572,cloud_only_mlp_covertype,,1776511778208.169,1776511778279.884,71.715,1769,1577,2.182,6.8
573,cloud_only_mlp_covertype,,1776511778284.904,1776511778342.193,57.289,1769,1577,1.845,0.0
574,cloud_only_mlp_covertype,,1776511778346.188,1776511778393.968,47.780,1769,1577,2.028,2.0
575,cloud_only_mlp_covertype,,1776511778397.966,1776511778449.233,51.267,1769,1577,2.018,2.1
576,cloud_only_mlp_covertype,,1776511778452.236,1776511778512.916,60.680,1769,1577,2.042,0.0
577,cloud_only_mlp_covertype,,1776511778517.913,1776511778588.483,70.570,1769,1577,1.996,0.0
578,cloud_only_mlp_covertype,,1776511778592.570,1776511778655.682,63.112,1769,1577,1.958,0.0
579,cloud_only_mlp_covertype,,1776511778659.670,1776511778732.425,72.755,1769,1577,2.289,4.2
580,cloud_only_mlp_covertype,,1776511778736.419,1776511778784.621,48.203,1769,1577,1.943,11.1
581,cloud_only_mlp_covertype,,1776511778788.615,1776511778833.581,44.966,1769,1577,2.088,0.0
582,cloud_only_mlp_covertype,,1776511778837.983,1776511778898.771,60.788,1769,1577,2.315,6.5
583,cloud_only_mlp_covertype,,1776511778901.777,1776511778961.558,59.781,1769,1577,1.874,22.4
584,cloud_only_mlp_covertype,,1776511778964.559,1776511779023.992,59.434,1769,1577,1.911,11.9
585,cloud_only_mlp_covertype,,1776511779030.010,1776511779100.546,70.537,1769,1577,2.445,13.9
586,cloud_only_mlp_covertype,,1776511779105.554,1776511779151.322,45.767,1769,1577,1.901,12.0
587,cloud_only_mlp_covertype,,1776511779155.324,1776511779201.001,45.677,1769,1577,2.067,0.0
588,cloud_only_mlp_covertype,,1776511779205.969,1776511779272.892,66.923,1769,1577,1.863,16.0
589,cloud_only_mlp_covertype,,1776511779277.876,1776511779326.552,48.675,1769,1577,2.020,15.4
590,cloud_only_mlp_covertype,,1776511779328.539,1776511779396.118,67.579,1769,1577,1.907,3.1
591,cloud_only_mlp_covertype,,1776511779400.559,1776511779449.166,48.607,1769,1577,1.989,7.1
592,cloud_only_mlp_covertype,,1776511779452.585,1776511779519.793,67.209,1769,1577,1.902,6.2
593,cloud_only_mlp_covertype,,1776511779523.321,1776511779573.375,50.053,1769,1577,2.125,11.1
594,cloud_only_mlp_covertype,,1776511779578.377,1776511779626.560,48.183,1769,1577,1.972,4.2
595,cloud_only_mlp_covertype,,1776511779630.566,1776511779689.202,58.636,1769,1577,2.001,1.5
596,cloud_only_mlp_covertype,,1776511779693.210,1776511779749.957,56.747,1769,1577,1.847,1.7
597,cloud_only_mlp_covertype,,1776511779754.962,1776511779802.833,47.871,1769,1577,2.110,12.7
598,cloud_only_mlp_covertype,,1776511779806.595,1776511779856.533,49.938,1769,1577,2.146,5.9
599,cloud_only_mlp_covertype,,1776511779860.536,1776511779909.423,48.887,1769,1577,1.908,3.5
600,cloud_only_mlp_covertype,,1776511779913.416,1776511779959.249,45.833,1769,1577,1.856,3.9
601,cloud_only_mlp_covertype,,1776511779963.081,1776511780012.466,49.385,1769,1577,2.187,7.9
602,cloud_only_mlp_covertype,,1776511780014.464,1776511780064.760,50.296,1769,1577,1.833,4.8
603,cloud_only_mlp_covertype,,1776511780068.754,1776511780114.980,46.226,1769,1577,1.960,1.9
604,cloud_only_mlp_covertype,,1776511780117.706,1776511780164.882,47.176,1769,1577,1.954,12.5
605,cloud_only_mlp_covertype,,1776511780168.888,1776511780232.660,63.772,1769,1577,1.940,1.3
606,cloud_only_mlp_covertype,,1776511780235.670,1776511780296.376,60.707,1769,1577,1.817,12.5
607,cloud_only_mlp_covertype,,1776511780298.349,1776511780344.055,45.706,1769,1577,1.861,0.0
608,cloud_only_mlp_covertype,,1776511780348.061,1776511780578.972,230.911,1769,1577,1.919,17.3
609,cloud_only_mlp_covertype,,1776511780581.980,1776511780702.122,120.143,1769,1577,1.855,1.6
610,cloud_only_mlp_covertype,,1776511780705.133,1776511780836.827,131.694,1769,1577,1.979,6.2
611,cloud_only_mlp_covertype,,1776511780840.350,1776511780995.877,155.527,1769,1577,2.034,4.4
612,cloud_only_mlp_covertype,,1776511781000.905,1776511781139.589,138.684,1769,1577,2.314,6.2
613,cloud_only_mlp_covertype,,1776511781144.724,1776511781360.297,215.573,1769,1577,2.037,4.6
614,cloud_only_mlp_covertype,,1776511781364.394,1776511781510.710,146.316,1769,1577,89.224,4.2
615,cloud_only_mlp_covertype,,1776511781513.728,1776511781805.318,291.590,1769,1577,2.059,3.4
616,cloud_only_mlp_covertype,,1776511781808.324,1776511782081.931,273.607,1769,1577,1.876,3.3
617,cloud_only_mlp_covertype,,1776511782083.973,1776511782207.792,123.819,1769,1577,1.838,4.0
618,cloud_only_mlp_covertype,,1776511782209.848,1776511782365.286,155.438,1769,1577,1.828,3.6
619,cloud_only_mlp_covertype,,1776511782368.287,1776511782545.856,177.570,1769,1577,1.846,6.2
620,cloud_only_mlp_covertype,,1776511782549.357,1776511782826.980,277.623,1769,1577,1.858,4.4
621,cloud_only_mlp_covertype,,1776511782830.000,1776511782967.666,137.666,1769,1577,1.974,2.9
622,cloud_only_mlp_covertype,,1776511782970.849,1776511783122.507,151.658,1769,1577,2.038,2.4
623,cloud_only_mlp_covertype,,1776511783124.850,1776511783283.606,158.757,1769,1577,2.002,4.1
624,cloud_only_mlp_covertype,,1776511783285.802,1776511783449.712,163.909,1769,1577,1.916,1.7
625,cloud_only_mlp_covertype,,1776511783452.716,1776511783601.847,149.132,1769,1577,2.008,1.5
626,cloud_only_mlp_covertype,,1776511783603.865,1776511783741.482,137.617,1769,1577,1.921,0.7
627,cloud_only_mlp_covertype,,1776511783744.570,1776511783895.250,150.680,1769,1577,1.838,2.5
628,cloud_only_mlp_covertype,,1776511783897.402,1776511784039.519,142.117,1769,1577,1.844,8.4
629,cloud_only_mlp_covertype,,1776511784041.318,1776511784173.028,131.710,1769,1577,2.007,13.2
630,cloud_only_mlp_covertype,,1776511784176.029,1776511784314.223,138.194,1769,1577,2.014,3.8
631,cloud_only_mlp_covertype,,1776511784316.673,1776511784453.272,136.599,1769,1577,1.898,6.1
632,cloud_only_mlp_covertype,,1776511784455.653,1776511784621.574,165.921,1769,1577,2.011,2.6
633,cloud_only_mlp_covertype,,1776511784628.567,1776511784868.261,239.695,1769,1577,2.000,7.7
634,cloud_only_mlp_covertype,,1776511784871.269,1776511785017.419,146.150,1769,1577,1.959,6.3
635,cloud_only_mlp_covertype,,1776511785020.429,1776511785174.550,154.120,1769,1577,93.140,6.5
636,cloud_only_mlp_covertype,,1776511785179.073,1776511785420.201,241.128,1769,1577,92.492,4.8
637,cloud_only_mlp_covertype,,1776511785424.237,1776511785568.691,144.455,1769,1577,2.084,2.5
638,cloud_only_mlp_covertype,,1776511785571.715,1776511785638.858,67.143,1769,1577,1.936,9.6
639,cloud_only_mlp_covertype,,1776511785644.860,1776511785714.676,69.817,1769,1577,1.858,1.2
640,cloud_only_mlp_covertype,,1776511785719.674,1776511785789.559,69.885,1769,1577,1.892,1.3
641,cloud_only_mlp_covertype,,1776511785794.576,1776511785843.092,48.516,1769,1577,1.899,0.0
642,cloud_only_mlp_covertype,,1776511785848.099,1776511785896.062,47.963,1769,1577,2.056,17.1
643,cloud_only_mlp_covertype,,1776511785901.059,1776511785960.377,59.318,1769,1577,2.200,11.8
644,cloud_only_mlp_covertype,,1776511785964.391,1776511786009.655,45.265,1769,1577,1.968,12.3
645,cloud_only_mlp_covertype,,1776511786014.010,1776511786061.515,47.505,1769,1577,1.894,7.7
646,cloud_only_mlp_covertype,,1776511786065.537,1776511786112.330,46.793,1769,1577,2.203,11.3
647,cloud_only_mlp_covertype,,1776511786116.332,1776511786162.275,45.943,1769,1577,1.987,9.6
648,cloud_only_mlp_covertype,,1776511786166.274,1776511786215.060,48.786,1769,1577,3.305,10.9
649,cloud_only_mlp_covertype,,1776511786218.062,1776511786287.973,69.911,1769,1577,1.944,9.5
650,cloud_only_mlp_covertype,,1776511786292.972,1776511786341.566,48.594,1769,1577,1.882,11.1
651,cloud_only_mlp_covertype,,1776511786345.593,1776511786410.139,64.546,1769,1577,1.984,12.3
652,cloud_only_mlp_covertype,,1776511786414.143,1776511786462.600,48.458,1769,1577,1.897,5.9
653,cloud_only_mlp_covertype,,1776511786464.614,1776511786508.970,44.356,1769,1577,2.016,6.0
654,cloud_only_mlp_covertype,,1776511786512.999,1776511786559.083,46.084,1769,1577,2.007,4.0
655,cloud_only_mlp_covertype,,1776511786563.088,1776511786626.738,63.650,1769,1577,1.809,2.1
656,cloud_only_mlp_covertype,,1776511786629.736,1776511786677.697,47.961,1769,1577,1.807,1.0
657,cloud_only_mlp_covertype,,1776511786681.220,1776511786724.937,43.716,1769,1577,2.071,8.6
658,cloud_only_mlp_covertype,,1776511786729.983,1776511786795.188,65.205,1769,1577,1.959,1.4
659,cloud_only_mlp_covertype,,1776511786799.414,1776511786849.792,50.379,1769,1577,2.095,8.3
660,cloud_only_mlp_covertype,,1776511786852.796,1776511786901.829,49.033,1769,1577,2.013,10.7
661,cloud_only_mlp_covertype,,1776511786904.822,1776511786949.100,44.278,1769,1577,1.899,2.1
662,cloud_only_mlp_covertype,,1776511786954.599,1776511787002.656,48.056,1769,1577,2.051,0.0
663,cloud_only_mlp_covertype,,1776511787006.644,1776511787074.119,67.475,1769,1577,1.843,6.0
664,cloud_only_mlp_covertype,,1776511787079.138,1776511787136.673,57.534,1769,1577,1.976,42.3
665,cloud_only_mlp_covertype,,1776511787144.665,1776511787194.677,50.011,1769,1577,1.922,47.8
666,cloud_only_mlp_covertype,,1776511787198.675,1776511787258.434,59.759,1769,1577,1.849,6.4
667,cloud_only_mlp_covertype,,1776511787262.436,1776511787307.794,45.358,1769,1577,1.881,5.1
668,cloud_only_mlp_covertype,,1776511787311.798,1776511787358.495,46.697,1769,1577,1.961,11.5
669,cloud_only_mlp_covertype,,1776511787361.497,1776511787469.133,107.635,1769,1577,1.810,27.8
670,cloud_only_mlp_covertype,,1776511787472.136,1776511787538.855,66.719,1769,1577,1.825,14.9
671,cloud_only_mlp_covertype,,1776511787541.873,1776511787585.395,43.522,1769,1577,1.865,10.9
672,cloud_only_mlp_covertype,,1776511787586.399,1776511787630.631,44.232,1769,1577,2.204,26.2
673,cloud_only_mlp_covertype,,1776511787634.730,1776511787695.141,60.411,1769,1577,1.833,10.4
674,cloud_only_mlp_covertype,,1776511787699.138,1776511787772.608,73.470,1769,1577,2.071,10.3
675,cloud_only_mlp_covertype,,1776511787774.607,1776511787820.432,45.825,1769,1577,2.137,13.7
676,cloud_only_mlp_covertype,,1776511787824.454,1776511787870.698,46.244,1769,1577,1.849,15.6
677,cloud_only_mlp_covertype,,1776511787873.717,1776511787921.859,48.142,1769,1577,2.054,4.3
678,cloud_only_mlp_covertype,,1776511787925.869,1776511787985.793,59.924,1769,1577,1.912,0.0
679,cloud_only_mlp_covertype,,1776511787991.812,1776511788062.673,70.861,1769,1577,1.804,7.3
680,cloud_only_mlp_covertype,,1776511788067.679,1776511788124.815,57.136,1769,1577,1.880,2.9
681,cloud_only_mlp_covertype,,1776511788128.818,1776511788179.161,50.343,1769,1577,1.781,10.2
682,cloud_only_mlp_covertype,,1776511788183.158,1776511788232.626,49.468,1769,1577,2.079,2.0
683,cloud_only_mlp_covertype,,1776511788237.903,1776511788297.538,59.635,1769,1577,2.013,1.4
684,cloud_only_mlp_covertype,,1776511788301.541,1776511788351.222,49.681,1769,1577,1.927,1.8
685,cloud_only_mlp_covertype,,1776511788355.222,1776511788400.886,45.664,1769,1577,2.169,22.4
686,cloud_only_mlp_covertype,,1776511788404.884,1776511788465.915,61.031,1769,1577,1.920,4.7
687,cloud_only_mlp_covertype,,1776511788470.938,1776511788543.503,72.565,1769,1577,2.022,1.1
688,cloud_only_mlp_covertype,,1776511788547.505,1776511788594.742,47.237,1769,1577,1.943,0.0
689,cloud_only_mlp_covertype,,1776511788597.741,1776511788643.141,45.400,1769,1577,1.953,8.0
690,cloud_only_mlp_covertype,,1776511788647.160,1776511788712.232,65.072,1769,1577,2.008,6.2
691,cloud_only_mlp_covertype,,1776511788718.259,1776511788766.188,47.930,1769,1577,2.220,0.0
692,cloud_only_mlp_covertype,,1776511788770.209,1776511788819.747,49.538,1769,1577,1.867,8.5
693,cloud_only_mlp_covertype,,1776511788823.750,1776511788882.773,59.023,1769,1577,1.837,14.3
694,cloud_only_mlp_covertype,,1776511788888.065,1776511788934.790,46.724,1769,1577,1.935,6.9
695,cloud_only_mlp_covertype,,1776511788938.792,1776511788985.812,47.020,1769,1577,1.899,12.8
696,cloud_only_mlp_covertype,,1776511788989.817,1776511789038.424,48.607,1769,1577,1.930,17.2
697,cloud_only_mlp_covertype,,1776511789043.429,1776511789113.882,70.453,1769,1577,1.892,5.6
698,cloud_only_mlp_covertype,,1776511789117.917,1776511789164.240,46.323,1769,1577,1.925,21.1
699,cloud_only_mlp_covertype,,1776511789169.235,1776511789215.275,46.040,1769,1577,1.896,1.9
700,cloud_only_mlp_covertype,,1776511789218.109,1776511789263.536,45.427,1769,1577,1.967,0.0
701,cloud_only_mlp_covertype,,1776511789267.533,1776511789315.100,47.567,1769,1577,2.200,2.0
702,cloud_only_mlp_covertype,,1776511789319.100,1776511789369.005,49.905,1769,1577,2.086,5.3
703,cloud_only_mlp_covertype,,1776511789373.025,1776511789418.411,45.386,1769,1577,1.954,3.9
704,cloud_only_mlp_covertype,,1776511789422.414,1776511789483.494,61.080,1769,1577,1.882,9.7
705,cloud_only_mlp_covertype,,1776511789487.029,1776511789534.990,47.961,1769,1577,2.041,3.4
706,cloud_only_mlp_covertype,,1776511789538.829,1776511789609.163,70.333,1769,1577,2.015,1.3
707,cloud_only_mlp_covertype,,1776511789613.177,1776511789684.346,71.169,1769,1577,1.883,7.0
708,cloud_only_mlp_covertype,,1776511789688.341,1776511789734.201,45.860,1769,1577,2.085,0.0
709,cloud_only_mlp_covertype,,1776511789737.785,1776511789787.189,49.404,1769,1577,1.910,5.4
710,cloud_only_mlp_covertype,,1776511789791.188,1776511789838.945,47.758,1769,1577,1.817,3.6
711,cloud_only_mlp_covertype,,1776511789841.944,1776511789888.106,46.162,1769,1577,1.939,3.5
712,cloud_only_mlp_covertype,,1776511789893.104,1776511789940.001,46.897,1769,1577,2.068,6.2
713,cloud_only_mlp_covertype,,1776511789943.994,1776511790008.944,64.950,1769,1577,1.892,2.6
714,cloud_only_mlp_covertype,,1776511790011.957,1776511790061.758,49.801,1769,1577,1.923,4.3
715,cloud_only_mlp_covertype,,1776511790064.636,1776511790113.181,48.545,1769,1577,1.968,13.2
716,cloud_only_mlp_covertype,,1776511790117.178,1776511790164.198,47.019,1769,1577,1.979,26.8
717,cloud_only_mlp_covertype,,1776511790169.200,1776511790219.125,49.924,1769,1577,1.865,10.0
718,cloud_only_mlp_covertype,,1776511790222.128,1776511790286.005,63.877,1769,1577,1.826,0.0
719,cloud_only_mlp_covertype,,1776511790290.001,1776511790339.180,49.179,1769,1577,1.919,8.2
720,cloud_only_mlp_covertype,,1776511790342.171,1776511790412.662,70.491,1769,1577,1.964,0.0
721,cloud_only_mlp_covertype,,1776511790416.912,1776511790462.993,46.081,1769,1577,1.945,20.0
722,cloud_only_mlp_covertype,,1776511790465.992,1776511790520.205,54.213,1769,1577,2.102,4.9
723,cloud_only_mlp_covertype,,1776511790524.209,1776511790598.618,74.410,1769,1577,1.825,6.3
724,cloud_only_mlp_covertype,,1776511790604.806,1776511790654.568,49.762,1769,1577,1.942,7.3
725,cloud_only_mlp_covertype,,1776511790658.567,1776511790702.970,44.403,1769,1577,1.948,11.8
726,cloud_only_mlp_covertype,,1776511790707.969,1776511790766.817,58.848,1769,1577,1.807,3.1
727,cloud_only_mlp_covertype,,1776511790771.813,1776511790821.300,49.487,1769,1577,2.125,10.9
728,cloud_only_mlp_covertype,,1776511790825.308,1776511790871.325,46.017,1769,1577,1.993,10.0
729,cloud_only_mlp_covertype,,1776511790875.342,1776511790935.717,60.375,1769,1577,2.121,0.0
730,cloud_only_mlp_covertype,,1776511790939.743,1776511790997.646,57.903,1769,1577,2.357,1.5
731,cloud_only_mlp_covertype,,1776511791002.178,1776511791053.196,51.018,1769,1577,1.953,1.8
732,cloud_only_mlp_covertype,,1776511791056.202,1776511791101.663,45.461,1769,1577,2.062,4.8
733,cloud_only_mlp_covertype,,1776511791105.667,1776511791153.204,47.537,1769,1577,2.096,3.2
734,cloud_only_mlp_covertype,,1776511791157.205,1776511791206.776,49.571,1769,1577,1.898,10.7
735,cloud_only_mlp_covertype,,1776511791210.775,1776511791256.302,45.527,1769,1577,2.220,9.6
736,cloud_only_mlp_covertype,,1776511791258.334,1776511791305.115,46.780,1769,1577,1.937,41.5
737,cloud_only_mlp_covertype,,1776511791308.113,1776511791356.204,48.091,1769,1577,2.045,23.4
738,cloud_only_mlp_covertype,,1776511791360.205,1776511791408.404,48.199,1769,1577,2.140,26.2
739,cloud_only_mlp_covertype,,1776511791413.401,1776511791458.644,45.242,1769,1577,1.836,10.0
740,cloud_only_mlp_covertype,,1776511791463.641,1776511791522.061,58.420,1769,1577,1.794,11.9
741,cloud_only_mlp_covertype,,1776511791524.065,1776511791574.013,49.948,1769,1577,1.803,3.6
742,cloud_only_mlp_covertype,,1776511791578.013,1776511791625.526,47.514,1769,1577,1.955,2.0
743,cloud_only_mlp_covertype,,1776511791629.527,1776511791691.838,62.311,1769,1577,1.859,9.0
744,cloud_only_mlp_covertype,,1776511791695.838,1776511791742.488,46.650,1769,1577,2.059,9.1
745,cloud_only_mlp_covertype,,1776511791746.484,1776511791815.403,68.918,1769,1577,2.052,5.4
746,cloud_only_mlp_covertype,,1776511791818.489,1776511791868.524,50.035,1769,1577,2.023,3.9
747,cloud_only_mlp_covertype,,1776511791872.524,1776511791922.512,49.988,1769,1577,2.098,5.9
748,cloud_only_mlp_covertype,,1776511791926.581,1776511791973.667,47.086,1769,1577,1.895,8.9
749,cloud_only_mlp_covertype,,1776511791978.671,1776511792022.506,43.834,1769,1577,1.942,12.0
750,cloud_only_mlp_covertype,,1776511792026.527,1776511792070.830,44.302,1769,1577,1.848,5.9
751,cloud_only_mlp_covertype,,1776511792073.846,1776511792119.728,45.881,1769,1577,2.013,4.1
752,cloud_only_mlp_covertype,,1776511792124.763,1776511792188.333,63.570,1769,1577,1.859,0.0
753,cloud_only_mlp_covertype,,1776511792192.331,1776511792237.722,45.392,1769,1577,2.041,11.3
754,cloud_only_mlp_covertype,,1776511792241.720,1776511792308.442,66.722,1769,1577,2.127,1.5
755,cloud_only_mlp_covertype,,1776511792313.001,1776511792365.637,52.636,1769,1577,1.810,0.0
756,cloud_only_mlp_covertype,,1776511792367.637,1776511792438.147,70.509,1769,1577,1.810,1.2
757,cloud_only_mlp_covertype,,1776511792442.194,1776511792513.224,71.030,1769,1577,1.966,4.1
758,cloud_only_mlp_covertype,,1776511792519.241,1776511792589.299,70.058,1769,1577,2.005,0.0
759,cloud_only_mlp_covertype,,1776511792593.180,1776511792653.683,60.503,1769,1577,2.238,0.0
760,cloud_only_mlp_covertype,,1776511792658.192,1776511792731.253,73.061,1769,1577,1.782,3.9
761,cloud_only_mlp_covertype,,1776511792735.253,1776511792782.599,47.345,1769,1577,2.035,5.3
762,cloud_only_mlp_covertype,,1776511792785.602,1776511792853.518,67.916,1769,1577,1.932,5.1
763,cloud_only_mlp_covertype,,1776511792858.516,1776511792903.938,45.423,1769,1577,2.867,0.0
764,cloud_only_mlp_covertype,,1776511792907.936,1776511792954.527,46.591,1769,1577,1.984,2.3
765,cloud_only_mlp_covertype,,1776511792958.528,1776511793007.039,48.511,1769,1577,1.964,11.3
766,cloud_only_mlp_covertype,,1776511793010.045,1776511793057.564,47.519,1769,1577,2.037,16.3
767,cloud_only_mlp_covertype,,1776511793062.556,1776511793131.473,68.917,1769,1577,1.869,6.5
768,cloud_only_mlp_covertype,,1776511793135.958,1776511793255.701,119.743,1769,1577,1.994,10.9
769,cloud_only_mlp_covertype,,1776511793260.952,1776511793311.223,50.271,1769,1577,1.920,8.6
770,cloud_only_mlp_covertype,,1776511793314.749,1776511793380.193,65.443,1769,1577,1.957,1.4
771,cloud_only_mlp_covertype,,1776511793384.191,1776511793429.922,45.731,1769,1577,1.897,3.8
772,cloud_only_mlp_covertype,,1776511793434.439,1776511793480.028,45.589,1769,1577,1.842,16.4
773,cloud_only_mlp_covertype,,1776511793483.027,1776511793532.403,49.376,1769,1577,2.109,0.0
774,cloud_only_mlp_covertype,,1776511793535.402,1776511793586.175,50.773,1769,1577,1.936,1.3
775,cloud_only_mlp_covertype,,1776511793589.179,1776511793657.384,68.205,1769,1577,1.946,3.2
776,cloud_only_mlp_covertype,,1776511793661.373,1776511793719.373,58.000,1769,1577,1.783,12.7
777,cloud_only_mlp_covertype,,1776511793722.378,1776511793769.789,47.411,1769,1577,2.242,10.7
778,cloud_only_mlp_covertype,,1776511793773.774,1776511793844.989,71.215,1769,1577,2.014,7.1
779,cloud_only_mlp_covertype,,1776511793847.993,1776511793895.854,47.861,1769,1577,1.864,7.4
780,cloud_only_mlp_covertype,,1776511793900.197,1776511793948.581,48.384,1769,1577,2.044,11.1
781,cloud_only_mlp_covertype,,1776511793952.598,1776511794012.649,60.051,1769,1577,2.085,8.3
782,cloud_only_mlp_covertype,,1776511794016.193,1776511794062.534,46.342,1769,1577,2.023,7.5
783,cloud_only_mlp_covertype,,1776511794066.541,1776511794116.673,50.132,1769,1577,2.036,3.5
784,cloud_only_mlp_covertype,,1776511794120.686,1776511794167.809,47.124,1769,1577,1.890,1.9
785,cloud_only_mlp_covertype,,1776511794171.804,1776511794231.705,59.901,1769,1577,1.816,0.0
786,cloud_only_mlp_covertype,,1776511794235.707,1776511794293.978,58.271,1769,1577,1.957,4.8
787,cloud_only_mlp_covertype,,1776511794297.978,1776511794345.669,47.691,1769,1577,1.919,0.0
788,cloud_only_mlp_covertype,,1776511794350.671,1776511794399.063,48.392,1769,1577,2.205,9.6
789,cloud_only_mlp_covertype,,1776511794404.089,1776511794450.214,46.125,1769,1577,1.930,5.5
790,cloud_only_mlp_covertype,,1776511794454.211,1776511794501.157,46.947,1769,1577,2.067,1.9
791,cloud_only_mlp_covertype,,1776511794505.175,1776511794575.887,70.713,1769,1577,1.842,0.0
792,cloud_only_mlp_covertype,,1776511794580.894,1776511794629.596,48.702,1769,1577,1.892,3.4
793,cloud_only_mlp_covertype,,1776511794634.638,1776511794678.739,44.101,1769,1577,2.056,2.0
794,cloud_only_mlp_covertype,,1776511794681.729,1776511794725.315,43.586,1769,1577,1.940,8.3
795,cloud_only_mlp_covertype,,1776511794730.310,1776511794776.400,46.089,1769,1577,1.980,3.6
796,cloud_only_mlp_covertype,,1776511794780.392,1776511794835.501,55.109,1769,1577,1.926,8.2
797,cloud_only_mlp_covertype,,1776511794841.083,1776511794890.061,48.978,1769,1577,1.949,3.4
798,cloud_only_mlp_covertype,,1776511794893.064,1776511794942.189,49.125,1769,1577,1.776,26.2
799,cloud_only_mlp_covertype,,1776511794946.189,1776511795004.436,58.246,1769,1577,2.013,9.5
800,cloud_only_mlp_covertype,,1776511795007.434,1776511795066.043,58.610,1769,1577,1.795,18.9
801,cloud_only_mlp_covertype,,1776511795070.046,1776511795129.826,59.781,1769,1577,1.892,10.6
802,cloud_only_mlp_covertype,,1776511795133.823,1776511795182.160,48.337,1769,1577,2.117,9.3
803,cloud_only_mlp_covertype,,1776511795186.156,1776511795230.761,44.605,1769,1577,1.983,9.8
804,cloud_only_mlp_covertype,,1776511795234.775,1776511795315.095,80.320,1769,1577,2.011,56.9
805,cloud_only_mlp_covertype,,1776511795317.094,1776511795365.585,48.491,1769,1577,1.992,10.9
806,cloud_only_mlp_covertype,,1776511795368.586,1776511795415.500,46.914,1769,1577,1.785,4.5
807,cloud_only_mlp_covertype,,1776511795419.499,1776511795465.718,46.220,1769,1577,2.135,4.2
808,cloud_only_mlp_covertype,,1776511795468.716,1776511795512.944,44.229,1769,1577,1.929,9.5
809,cloud_only_mlp_covertype,,1776511795515.921,1776511795576.865,60.944,1769,1577,2.012,1.4
810,cloud_only_mlp_covertype,,1776511795581.281,1776511795651.504,70.222,1769,1577,1.893,0.0
811,cloud_only_mlp_covertype,,1776511795656.504,1776511795730.271,73.767,1769,1577,1.853,0.0
812,cloud_only_mlp_covertype,,1776511795734.270,1776511795789.524,55.254,1769,1577,4.708,1.9
813,cloud_only_mlp_covertype,,1776511795793.525,1776511795838.544,45.019,1769,1577,1.805,1.7
814,cloud_only_mlp_covertype,,1776511795843.642,1776511795889.230,45.588,1769,1577,1.977,6.5
815,cloud_only_mlp_covertype,,1776511795893.248,1776511795942.821,49.573,1769,1577,1.845,0.0
816,cloud_only_mlp_covertype,,1776511795946.819,1776511795994.786,47.967,1769,1577,1.861,9.8
817,cloud_only_mlp_covertype,,1776511795999.788,1776511796055.690,55.902,1769,1577,2.152,13.8
818,cloud_only_mlp_covertype,,1776511796061.225,1776511796109.244,48.019,1769,1577,2.038,3.8
819,cloud_only_mlp_covertype,,1776511796114.258,1776511796163.027,48.769,1769,1577,2.025,18.2
820,cloud_only_mlp_covertype,,1776511796169.027,1776511796219.198,50.170,1769,1577,2.185,15.3
821,cloud_only_mlp_covertype,,1776511796222.195,1776511796282.686,60.490,1769,1577,1.993,9.1
822,cloud_only_mlp_covertype,,1776511796287.692,1776511796334.359,46.667,1769,1577,1.852,0.0
823,cloud_only_mlp_covertype,,1776511796337.796,1776511796386.420,48.624,1769,1577,1.942,6.5
824,cloud_only_mlp_covertype,,1776511796390.424,1776511796440.545,50.122,1769,1577,2.259,4.7
825,cloud_only_mlp_covertype,,1776511796444.448,1776511796490.307,45.859,1769,1577,1.986,0.0
826,cloud_only_mlp_covertype,,1776511796494.315,1776511796540.527,46.212,1769,1577,1.994,9.7
827,cloud_only_mlp_covertype,,1776511796545.523,1776511796603.357,57.833,1769,1577,2.220,4.8
828,cloud_only_mlp_covertype,,1776511796608.352,1776511796654.732,46.380,1769,1577,1.990,2.1
829,cloud_only_mlp_covertype,,1776511796659.735,1776511796713.140,53.406,1769,1577,1.979,9.4
830,cloud_only_mlp_covertype,,1776511796716.135,1776511796761.835,45.700,1769,1577,1.941,9.1
831,cloud_only_mlp_covertype,,1776511796764.824,1776511796809.453,44.629,1769,1577,1.958,15.2
832,cloud_only_mlp_covertype,,1776511796810.876,1776511796877.411,66.535,1769,1577,1.967,12.3
833,cloud_only_mlp_covertype,,1776511796879.411,1776511796926.516,47.105,1769,1577,1.839,8.8
834,cloud_only_mlp_covertype,,1776511796928.515,1776511796976.410,47.894,1769,1577,2.039,16.3
835,cloud_only_mlp_covertype,,1776511796978.406,1776511797021.426,43.020,1769,1577,1.960,33.3
836,cloud_only_mlp_covertype,,1776511797023.414,1776511797091.526,68.112,1769,1577,1.973,16.9
837,cloud_only_mlp_covertype,,1776511797092.526,1776511797138.105,45.579,1769,1577,1.935,2.8
838,cloud_only_mlp_covertype,,1776511797141.092,1776511797202.281,61.189,1769,1577,1.990,0.0
839,cloud_only_mlp_covertype,,1776511797206.584,1776511797276.541,69.957,1769,1577,2.013,5.3
840,cloud_only_mlp_covertype,,1776511797279.543,1776511797329.646,50.103,1769,1577,1.914,14.6
841,cloud_only_mlp_covertype,,1776511797331.642,1776511797380.552,48.911,1769,1577,1.989,11.8
842,cloud_only_mlp_covertype,,1776511797383.560,1776511797432.147,48.587,1769,1577,2.103,18.0
843,cloud_only_mlp_covertype,,1776511797434.015,1776511797481.793,47.778,1769,1577,1.961,5.6
844,cloud_only_mlp_covertype,,1776511797483.803,1776511797528.219,44.416,1769,1577,2.070,22.9
845,cloud_only_mlp_covertype,,1776511797529.218,1776511797573.623,44.405,1769,1577,1.966,31.8
846,cloud_only_mlp_covertype,,1776511797575.990,1776511797623.995,48.005,1769,1577,2.426,24.5
847,cloud_only_mlp_covertype,,1776511797625.993,1776511797673.345,47.352,1769,1577,2.036,26.5
848,cloud_only_mlp_covertype,,1776511797676.350,1776511797720.083,43.733,1769,1577,2.573,11.8
849,cloud_only_mlp_covertype,,1776511797722.068,1776511797786.728,64.659,1769,1577,2.010,19.2
850,cloud_only_mlp_covertype,,1776511797790.726,1776511797849.094,58.367,1769,1577,1.864,21.7
851,cloud_only_mlp_covertype,,1776511797853.104,1776511797924.107,71.003,1769,1577,1.975,22.2
852,cloud_only_mlp_covertype,,1776511797926.101,1776511797971.040,44.939,1769,1577,1.857,10.3
853,cloud_only_mlp_covertype,,1776511797972.363,1776511798015.481,43.118,1769,1577,2.069,12.8
854,cloud_only_mlp_covertype,,1776511798020.483,1776511798067.038,46.555,1769,1577,1.931,12.5
855,cloud_only_mlp_covertype,,1776511798071.048,1776511798119.117,48.069,1769,1577,1.878,12.0
856,cloud_only_mlp_covertype,,1776511798125.113,1776511798194.602,69.490,1769,1577,1.801,2.6
857,cloud_only_mlp_covertype,,1776511798198.615,1776511798244.655,46.040,1769,1577,2.047,12.5
858,cloud_only_mlp_covertype,,1776511798247.653,1776511798292.215,44.562,1769,1577,2.039,30.9
859,cloud_only_mlp_covertype,,1776511798297.216,1776511798342.745,45.528,1769,1577,1.984,8.1
860,cloud_only_mlp_covertype,,1776511798345.790,1776511798392.841,47.051,1769,1577,2.129,7.7
861,cloud_only_mlp_covertype,,1776511798396.847,1776511798456.544,59.697,1769,1577,1.901,6.2
862,cloud_only_mlp_covertype,,1776511798461.543,1776511798506.558,45.015,1769,1577,1.991,6.2
863,cloud_only_mlp_covertype,,1776511798509.563,1776511798575.949,66.386,1769,1577,2.238,17.9
864,cloud_only_mlp_covertype,,1776511798580.085,1776511798629.072,48.987,1769,1577,2.079,6.0
865,cloud_only_mlp_covertype,,1776511798632.087,1776511798680.669,48.582,1769,1577,2.081,8.0
866,cloud_only_mlp_covertype,,1776511798684.664,1776511798731.509,46.845,1769,1577,1.946,0.0
867,cloud_only_mlp_covertype,,1776511798736.516,1776511798781.179,44.664,1769,1577,2.131,5.7
868,cloud_only_mlp_covertype,,1776511798785.188,1776511798856.135,70.946,1769,1577,1.841,10.9
869,cloud_only_mlp_covertype,,1776511798862.159,1776511798950.424,88.265,1769,1577,1.911,0.0
870,cloud_only_mlp_covertype,,1776511798954.623,1776511799023.622,68.999,1769,1577,1.980,2.1
871,cloud_only_mlp_covertype,,1776511799026.619,1776511799074.170,47.551,1769,1577,2.126,18.2
872,cloud_only_mlp_covertype,,1776511799078.170,1776511799125.103,46.933,1769,1577,2.177,12.2
873,cloud_only_mlp_covertype,,1776511799128.883,1776511799176.345,47.463,1769,1577,2.162,11.3
874,cloud_only_mlp_covertype,,1776511799178.345,1776511799227.780,49.435,1769,1577,1.956,14.3
875,cloud_only_mlp_covertype,,1776511799231.016,1776511799279.409,48.394,1769,1577,2.756,13.5
876,cloud_only_mlp_covertype,,1776511799283.415,1776511799344.655,61.240,1769,1577,1.961,12.7
877,cloud_only_mlp_covertype,,1776511799348.671,1776511799393.923,45.252,1769,1577,2.043,1.9
878,cloud_only_mlp_covertype,,1776511799396.931,1776511799445.965,49.034,1769,1577,1.948,6.5
879,cloud_only_mlp_covertype,,1776511799448.969,1776511799499.908,50.938,1769,1577,1.928,3.5
880,cloud_only_mlp_covertype,,1776511799502.904,1776511799549.080,46.176,1769,1577,2.192,21.2
881,cloud_only_mlp_covertype,,1776511799552.078,1776511799599.279,47.201,1769,1577,1.946,9.3
882,cloud_only_mlp_covertype,,1776511799602.266,1776511799650.713,48.448,1769,1577,1.921,14.3
883,cloud_only_mlp_covertype,,1776511799653.716,1776511799703.258,49.542,1769,1577,1.965,2.1
884,cloud_only_mlp_covertype,,1776511799706.184,1776511799774.762,68.578,1769,1577,2.888,11.0
885,cloud_only_mlp_covertype,,1776511799778.759,1776511799825.564,46.806,1769,1577,1.982,19.0
886,cloud_only_mlp_covertype,,1776511799828.570,1776511799880.785,52.215,1769,1577,3.813,6.1
887,cloud_only_mlp_covertype,,1776511799884.777,1776511799938.396,53.619,1769,1577,5.565,5.2
888,cloud_only_mlp_covertype,,1776511799942.394,1776511799991.650,49.256,1769,1577,3.230,3.6
889,cloud_only_mlp_covertype,,1776511799994.646,1776511800041.269,46.624,1769,1577,2.089,21.5
890,cloud_only_mlp_covertype,,1776511800044.258,1776511800093.886,49.629,1769,1577,3.768,8.0
891,cloud_only_mlp_covertype,,1776511800097.888,1776511800142.383,44.495,1769,1577,1.808,4.3
892,cloud_only_mlp_covertype,,1776511800146.667,1776511800195.815,49.147,1769,1577,1.990,13.0
893,cloud_only_mlp_covertype,,1776511800199.814,1776511800247.418,47.604,1769,1577,2.105,5.1
894,cloud_only_mlp_covertype,,1776511800251.596,1776511800296.155,44.559,1769,1577,2.103,0.0
895,cloud_only_mlp_covertype,,1776511800300.143,1776511800365.782,65.639,1769,1577,1.842,24.6
896,cloud_only_mlp_covertype,,1776511800369.804,1776511800422.064,52.260,1769,1577,2.041,6.2
897,cloud_only_mlp_covertype,,1776511800425.453,1776511800473.202,47.750,1769,1577,1.874,10.0
898,cloud_only_mlp_covertype,,1776511800478.198,1776511800534.581,56.383,1769,1577,1.934,6.8
899,cloud_only_mlp_covertype,,1776511800540.569,1776511800584.097,43.528,1769,1577,2.065,22.9
900,cloud_only_mlp_covertype,,1776511800589.091,1776511800635.992,46.901,1769,1577,2.045,9.3
901,cloud_only_mlp_covertype,,1776511800638.506,1776511800703.661,65.154,1769,1577,1.882,5.7
902,cloud_only_mlp_covertype,,1776511800708.534,1776511800752.540,44.006,1769,1577,2.176,9.4
903,cloud_only_mlp_covertype,,1776511800757.543,1776511800802.944,45.400,1769,1577,1.873,2.2
904,cloud_only_mlp_covertype,,1776511800807.944,1776511800857.245,49.300,1769,1577,3.365,15.0
905,cloud_only_mlp_covertype,,1776511800862.243,1776511800939.280,77.036,1769,1577,18.257,0.0
906,cloud_only_mlp_covertype,,1776511800941.304,1776511801003.003,61.699,1769,1577,10.368,0.0
907,cloud_only_mlp_covertype,,1776511801006.981,1776511801078.474,71.493,1769,1577,4.135,11.3
908,cloud_only_mlp_covertype,,1776511801081.471,1776511801132.763,51.292,1769,1577,7.247,17.9
909,cloud_only_mlp_covertype,,1776511801137.761,1776511801207.766,70.004,1769,1577,21.615,4.7
910,cloud_only_mlp_covertype,,1776511801213.766,1776511801272.355,58.590,1769,1577,4.962,11.8
911,cloud_only_mlp_covertype,,1776511801276.365,1776511801329.242,52.877,1769,1577,2.849,8.8
912,cloud_only_mlp_covertype,,1776511801331.267,1776511801391.896,60.629,1769,1577,5.177,21.1
913,cloud_only_mlp_covertype,,1776511801395.897,1776511801483.854,87.957,1769,1577,35.586,2.5
914,cloud_only_mlp_covertype,,1776511801489.835,1776511801555.878,66.043,1769,1577,7.919,6.2
915,cloud_only_mlp_covertype,,1776511801558.880,1776511801636.252,77.372,1769,1577,24.207,5.4
916,cloud_only_mlp_covertype,,1776511801641.791,1776511801739.636,97.846,1769,1577,32.792,37.0
917,cloud_only_mlp_covertype,,1776511801744.176,1776511801817.500,73.323,1769,1577,22.844,14.8
918,cloud_only_mlp_covertype,,1776511801822.496,1776511801884.523,62.027,1769,1577,6.495,16.7
919,cloud_only_mlp_covertype,,1776511801888.537,1776511801948.609,60.072,1769,1577,6.572,1.9
920,cloud_only_mlp_covertype,,1776511801952.607,1776511802003.018,50.411,1769,1577,2.229,3.1
921,cloud_only_mlp_covertype,,1776511802007.573,1776511802146.078,138.505,1769,1577,61.955,3.0
922,cloud_only_mlp_covertype,,1776511802150.140,1776511802200.469,50.329,1769,1577,4.214,16.4
923,cloud_only_mlp_covertype,,1776511802205.552,1776511802259.110,53.558,1769,1577,4.585,14.1
924,cloud_only_mlp_covertype,,1776511802264.131,1776511802321.890,57.760,1769,1577,6.689,8.3
925,cloud_only_mlp_covertype,,1776511802325.896,1776511802384.254,58.358,1769,1577,2.806,20.3
926,cloud_only_mlp_covertype,,1776511802388.256,1776511802444.719,56.464,1769,1577,9.665,5.3
927,cloud_only_mlp_covertype,,1776511802447.719,1776511802493.188,45.469,1769,1577,2.083,15.1
928,cloud_only_mlp_covertype,,1776511802496.191,1776511802564.177,67.986,1769,1577,18.662,9.0
929,cloud_only_mlp_covertype,,1776511802567.181,1776511802626.411,59.230,1769,1577,8.723,6.6
930,cloud_only_mlp_covertype,,1776511802631.413,1776511802680.673,49.260,1769,1577,4.180,10.8
931,cloud_only_mlp_covertype,,1776511802684.676,1776511802737.746,53.069,1769,1577,3.332,0.0
932,cloud_only_mlp_covertype,,1776511802741.751,1776511802817.427,75.676,1769,1577,2.933,9.1
933,cloud_only_mlp_covertype,,1776511802822.346,1776511802897.914,75.568,1769,1577,3.456,14.0
934,cloud_only_mlp_covertype,,1776511802898.914,1776511802947.463,48.549,1769,1577,4.478,10.7
935,cloud_only_mlp_covertype,,1776511802952.047,1776511802997.722,45.675,1769,1577,2.964,0.0
936,cloud_only_mlp_covertype,,1776511803001.725,1776511803067.705,65.980,1769,1577,5.028,2.2
937,cloud_only_mlp_covertype,,1776511803072.707,1776511803124.848,52.142,1769,1577,4.811,13.2
938,cloud_only_mlp_covertype,,1776511803128.839,1776511803200.345,71.505,1769,1577,2.287,0.0
939,cloud_only_mlp_covertype,,1776511803205.347,1776511803255.653,50.306,1769,1577,2.095,0.0
940,cloud_only_mlp_covertype,,1776511803259.961,1776511803310.014,50.053,1769,1577,5.496,10.6
941,cloud_only_mlp_covertype,,1776511803314.032,1776511803364.146,50.114,1769,1577,3.571,17.2
942,cloud_only_mlp_covertype,,1776511803365.720,1776511803413.206,47.486,1769,1577,2.243,10.4
943,cloud_only_mlp_covertype,,1776511803418.225,1776511803468.792,50.567,1769,1577,1.849,4.7
944,cloud_only_mlp_covertype,,1776511803473.816,1776511803537.214,63.398,1769,1577,2.043,6.0
945,cloud_only_mlp_covertype,,1776511803542.349,1776511803589.825,47.475,1769,1577,2.808,1.9
946,cloud_only_mlp_covertype,,1776511803593.824,1776511803648.485,54.661,1769,1577,2.272,9.5
947,cloud_only_mlp_covertype,,1776511803651.998,1776511803723.049,71.051,1769,1577,2.541,1.4
948,cloud_only_mlp_covertype,,1776511803728.041,1776511803795.763,67.723,1769,1577,1.947,6.2
949,cloud_only_mlp_covertype,,1776511803799.078,1776511803858.646,59.568,1769,1577,2.564,0.0
950,cloud_only_mlp_covertype,,1776511803861.638,1776511803911.792,50.153,1769,1577,2.210,5.8
951,cloud_only_mlp_covertype,,1776511803915.792,1776511803983.590,67.797,1769,1577,2.319,1.3
952,cloud_only_mlp_covertype,,1776511803989.585,1776511804036.522,46.937,1769,1577,2.497,7.1
953,cloud_only_mlp_covertype,,1776511804038.530,1776511804085.485,46.955,1769,1577,2.152,14.0
954,cloud_only_mlp_covertype,,1776511804089.486,1776511804134.737,45.251,1769,1577,2.170,10.1
955,cloud_only_mlp_covertype,,1776511804138.316,1776511804185.390,47.074,1769,1577,2.406,4.4
956,cloud_only_mlp_covertype,,1776511804191.406,1776511804241.267,49.861,1769,1577,2.200,9.4
957,cloud_only_mlp_covertype,,1776511804246.266,1776511804294.726,48.460,1769,1577,2.021,12.0
958,cloud_only_mlp_covertype,,1776511804300.611,1776511804345.868,45.257,1769,1577,1.815,6.0
959,cloud_only_mlp_covertype,,1776511804346.883,1776511804393.021,46.138,1769,1577,2.342,12.2
960,cloud_only_mlp_covertype,,1776511804398.023,1776511804458.144,60.121,1769,1577,1.855,9.2
961,cloud_only_mlp_covertype,,1776511804463.141,1776511804512.988,49.847,1769,1577,2.389,8.8
962,cloud_only_mlp_covertype,,1776511804517.989,1776511804587.112,69.122,1769,1577,6.740,5.3
963,cloud_only_mlp_covertype,,1776511804592.119,1776511804639.318,47.199,1769,1577,2.140,5.5
964,cloud_only_mlp_covertype,,1776511804642.323,1776511804751.529,109.206,1769,1577,2.301,4.2
965,cloud_only_mlp_covertype,,1776511804758.469,1776511804838.150,79.681,1769,1577,4.891,4.6
966,cloud_only_mlp_covertype,,1776511804842.165,1776511804889.656,47.491,1769,1577,3.162,0.0
967,cloud_only_mlp_covertype,,1776511804895.652,1776511804942.468,46.816,1769,1577,2.269,7.4
968,cloud_only_mlp_covertype,,1776511804946.475,1776511804994.519,48.044,1769,1577,2.420,3.9
969,cloud_only_mlp_covertype,,1776511804997.516,1776511805048.716,51.199,1769,1577,1.979,1.8
970,cloud_only_mlp_covertype,,1776511805051.719,1776511805102.269,50.551,1769,1577,2.326,3.4
971,cloud_only_mlp_covertype,,1776511805107.304,1776511805156.960,49.656,1769,1577,2.105,5.6
972,cloud_only_mlp_covertype,,1776511805159.960,1776511805204.522,44.562,1769,1577,2.355,5.9
973,cloud_only_mlp_covertype,,1776511805207.535,1776511805253.293,45.758,1769,1577,2.251,0.0
974,cloud_only_mlp_covertype,,1776511805256.833,1776511805305.842,49.009,1769,1577,2.426,10.9
975,cloud_only_mlp_covertype,,1776511805310.936,1776511805362.271,51.335,1769,1577,2.096,12.0
976,cloud_only_mlp_covertype,,1776511805365.275,1776511805412.947,47.671,1769,1577,3.168,15.8
977,cloud_only_mlp_covertype,,1776511805417.954,1776511805467.344,49.390,1769,1577,4.491,9.1
978,cloud_only_mlp_covertype,,1776511805470.342,1776511805519.999,49.656,1769,1577,2.666,1.5
979,cloud_only_mlp_covertype,,1776511805523.004,1776511805572.317,49.314,1769,1577,2.457,15.2
980,cloud_only_mlp_covertype,,1776511805577.350,1776511805645.983,68.633,1769,1577,2.204,3.0
981,cloud_only_mlp_covertype,,1776511805649.431,1776511805708.129,58.698,1769,1577,2.303,7.3
982,cloud_only_mlp_covertype,,1776511805709.540,1776511805761.265,51.726,1769,1577,2.106,30.4
983,cloud_only_mlp_covertype,,1776511805762.266,1776511805811.369,49.104,1769,1577,1.950,0.0
984,cloud_only_mlp_covertype,,1776511805814.366,1776511805858.242,43.876,1769,1577,1.920,6.8
985,cloud_only_mlp_covertype,,1776511805862.256,1776511805908.712,46.456,1769,1577,2.057,10.0
986,cloud_only_mlp_covertype,,1776511805912.714,1776511805958.399,45.685,1769,1577,1.947,8.3
987,cloud_only_mlp_covertype,,1776511805961.504,1776511806005.359,43.855,1769,1577,2.033,3.1
988,cloud_only_mlp_covertype,,1776511806009.346,1776511806056.465,47.119,1769,1577,2.090,14.3
989,cloud_only_mlp_covertype,,1776511806060.479,1776511806110.468,49.990,1769,1577,2.073,7.8
990,cloud_only_mlp_covertype,,1776511806113.449,1776511806159.497,46.049,1769,1577,1.968,19.2
991,cloud_only_mlp_covertype,,1776511806163.491,1776511806212.729,49.238,1769,1577,3.073,13.1
992,cloud_only_mlp_covertype,,1776511806216.729,1776511806266.322,49.593,1769,1577,1.838,0.0
993,cloud_only_mlp_covertype,,1776511806270.322,1776511806320.392,50.070,1769,1577,2.213,4.2
994,cloud_only_mlp_covertype,,1776511806323.859,1776511806368.056,44.197,1769,1577,2.009,4.2
995,cloud_only_mlp_covertype,,1776511806371.043,1776511806417.505,46.462,1769,1577,2.060,12.9
996,cloud_only_mlp_covertype,,1776511806419.443,1776511806466.404,46.962,1769,1577,1.982,0.0
997,cloud_only_mlp_covertype,,1776511806470.217,1776511806517.711,47.494,1769,1577,1.920,22.0
998,cloud_only_mlp_covertype,,1776511806522.700,1776511806583.646,60.947,1769,1577,1.865,8.2
999,cloud_only_mlp_covertype,,1776511806586.645,1776511806646.302,59.657,1769,1577,1.976,26.1
1000,cloud_only_mlp_covertype,,1776511806650.303,1776511806698.424,48.121,1769,1577,2.002,15.5
1001,cloud_only_mlp_covertype,,1776511806703.421,1776511806752.326,48.905,1769,1577,2.009,0.0
1002,cloud_only_mlp_covertype,,1776511806756.476,1776511806805.345,48.869,1769,1577,2.202,4.9
1003,cloud_only_mlp_covertype,,1776511806810.348,1776511806880.241,69.893,1769,1577,2.057,17.7
1004,cloud_only_mlp_covertype,,1776511806885.240,1776511806934.073,48.833,1769,1577,2.125,14.0
1005,cloud_only_mlp_covertype,,1776511806938.073,1776511806982.236,44.163,1769,1577,1.948,10.0
1006,cloud_only_mlp_covertype,,1776511806986.235,1776511807050.571,64.336,1769,1577,1.973,3.5
1007,cloud_only_mlp_covertype,,1776511807054.571,1776511807103.004,48.433,1769,1577,1.969,10.6
1008,cloud_only_mlp_covertype,,1776511807104.015,1776511807148.836,44.821,1769,1577,2.174,15.1
1009,cloud_only_mlp_covertype,,1776511807155.833,1776511807201.079,45.246,1769,1577,1.975,8.3
1010,cloud_only_mlp_covertype,,1776511807204.094,1776511807253.338,49.244,1769,1577,1.999,4.1
1011,cloud_only_mlp_covertype,,1776511807256.351,1776511807304.489,48.138,1769,1577,2.145,6.1
1012,cloud_only_mlp_covertype,,1776511807308.505,1776511807372.263,63.758,1769,1577,1.989,9.1
1013,cloud_only_mlp_covertype,,1776511807376.264,1776511807421.676,45.412,1769,1577,1.917,29.0
1014,cloud_only_mlp_covertype,,1776511807423.508,1776511807469.381,45.873,1769,1577,2.009,2.1
1015,cloud_only_mlp_covertype,,1776511807472.374,1776511807545.034,72.660,1769,1577,2.048,1.7
1016,cloud_only_mlp_covertype,,1776511807550.058,1776511807596.746,46.689,1769,1577,2.013,5.9
1017,cloud_only_mlp_covertype,,1776511807602.779,1776511807668.304,65.525,1769,1577,1.907,13.6
1018,cloud_only_mlp_covertype,,1776511807672.758,1776511807729.221,56.462,1769,1577,1.932,5.3
1019,cloud_only_mlp_covertype,,1776511807734.218,1776511807782.238,48.020,1769,1577,1.987,0.0
1020,cloud_only_mlp_covertype,,1776511807787.256,1776511807835.908,48.652,1769,1577,2.243,1.7
1021,cloud_only_mlp_covertype,,1776511807838.906,1776511807901.716,62.810,1769,1577,1.956,5.7
1022,cloud_only_mlp_covertype,,1776511807905.713,1776511807952.776,47.062,1769,1577,2.139,7.5
1023,cloud_only_mlp_covertype,,1776511807957.771,1776511808024.581,66.810,1769,1577,2.078,0.0
1024,cloud_only_mlp_covertype,,1776511808027.582,1776511808087.736,60.154,1769,1577,1.920,10.1
1025,cloud_only_mlp_covertype,,1776511808090.740,1776511808139.176,48.435,1769,1577,2.182,8.4
1026,cloud_only_mlp_covertype,,1776511808142.168,1776511808186.944,44.776,1769,1577,2.006,26.3
1027,cloud_only_mlp_covertype,,1776511808189.700,1776511808235.174,45.474,1769,1577,2.009,14.1
1028,cloud_only_mlp_covertype,,1776511808238.097,1776511808285.745,47.647,1769,1577,2.074,19.5
1029,cloud_only_mlp_covertype,,1776511808289.768,1776511808339.271,49.504,1769,1577,2.029,5.5
1030,cloud_only_mlp_covertype,,1776511808343.274,1776511808387.888,44.613,1769,1577,2.006,4.2
1031,cloud_only_mlp_covertype,,1776511808390.899,1776511808434.519,43.620,1769,1577,1.974,14.3
1032,cloud_only_mlp_covertype,,1776511808438.526,1776511808506.512,67.987,1769,1577,1.855,8.2
1033,cloud_only_mlp_covertype,,1776511808511.513,1776511808559.634,48.121,1769,1577,2.146,14.8
1034,cloud_only_mlp_covertype,,1776511808563.646,1776511808614.281,50.635,1769,1577,1.861,5.4
1035,cloud_only_mlp_covertype,,1776511808616.286,1776511808666.001,49.714,1769,1577,2.238,16.4
1036,cloud_only_mlp_covertype,,1776511808668.007,1776511808714.040,46.033,1769,1577,2.127,15.2
1037,cloud_only_mlp_covertype,,1776511808716.046,1776511808762.037,45.991,1769,1577,1.982,4.9
1038,cloud_only_mlp_covertype,,1776511808765.548,1776511808814.810,49.261,1769,1577,1.996,5.0
1039,cloud_only_mlp_covertype,,1776511808818.808,1776511808867.807,48.999,1769,1577,2.166,5.9
1040,cloud_only_mlp_covertype,,1776511808870.795,1776511808915.075,44.280,1769,1577,1.846,5.5
1041,cloud_only_mlp_covertype,,1776511808918.086,1776511808983.507,65.421,1769,1577,1.935,7.7
1042,cloud_only_mlp_covertype,,1776511808987.509,1776511809035.013,47.504,1769,1577,2.201,3.1
1043,cloud_only_mlp_covertype,,1776511809037.997,1776511809085.656,47.659,1769,1577,2.183,0.0
1044,cloud_only_mlp_covertype,,1776511809088.658,1776511809135.729,47.071,1769,1577,1.901,4.9
1045,cloud_only_mlp_covertype,,1776511809138.734,1776511809185.711,46.976,1769,1577,2.118,18.9
1046,cloud_only_mlp_covertype,,1776511809188.707,1776511809236.809,48.102,1769,1577,2.120,7.1
1047,cloud_only_mlp_covertype,,1776511809240.822,1776511809287.663,46.841,1769,1577,2.162,2.0
1048,cloud_only_mlp_covertype,,1776511809291.664,1776511809336.637,44.973,1769,1577,2.091,3.8
1049,cloud_only_mlp_covertype,,1776511809341.641,1776511809400.820,59.179,1769,1577,2.319,6.8
1050,cloud_only_mlp_covertype,,1776511809403.866,1776511809450.129,46.263,1769,1577,1.975,18.2
1051,cloud_only_mlp_covertype,,1776511809454.154,1776511809500.682,46.528,1769,1577,2.049,1.9
1052,cloud_only_mlp_covertype,,1776511809503.694,1776511809553.086,49.392,1769,1577,4.689,0.0
1053,cloud_only_mlp_covertype,,1776511809557.108,1776511809617.893,60.785,1769,1577,1.850,28.8
1054,cloud_only_mlp_covertype,,1776511809621.897,1776511809667.017,45.119,1769,1577,2.330,7.8
1055,cloud_only_mlp_covertype,,1776511809671.036,1776511809718.868,47.832,1769,1577,2.108,9.5
1056,cloud_only_mlp_covertype,,1776511809722.895,1776511809774.284,51.390,1769,1577,2.435,9.8
1057,cloud_only_mlp_covertype,,1776511809777.274,1776511809848.369,71.095,1769,1577,2.040,4.3
1058,cloud_only_mlp_covertype,,1776511809851.375,1776511809898.541,47.166,1769,1577,2.166,16.4
1059,cloud_only_mlp_covertype,,1776511809902.544,1776511809947.874,45.330,1769,1577,2.138,14.0
1060,cloud_only_mlp_covertype,,1776511809951.914,1776511810026.584,74.670,1769,1577,2.946,52.8
1061,cloud_only_mlp_covertype,,1776511810035.591,1776511810099.285,63.695,1769,1577,2.031,50.0
1062,cloud_only_mlp_covertype,,1776511810102.285,1776511810147.819,45.533,1769,1577,2.453,12.2
1063,cloud_only_mlp_covertype,,1776511810149.797,1776511810201.784,51.986,1769,1577,1.793,17.9
1064,cloud_only_mlp_covertype,,1776511810206.208,1776511810267.511,61.304,1769,1577,1.841,1.1
1065,cloud_only_mlp_covertype,,1776511810271.034,1776511810344.507,73.472,1769,1577,2.094,3.0
1066,cloud_only_mlp_covertype,,1776511810350.524,1776511810398.849,48.324,1769,1577,2.020,15.6
1067,cloud_only_mlp_covertype,,1776511810401.851,1776511810506.818,104.967,1769,1577,1.844,12.0
1068,cloud_only_mlp_covertype,,1776511810510.822,1776511810576.037,65.214,1769,1577,1.957,6.0
1069,cloud_only_mlp_covertype,,1776511810581.038,1776511810626.866,45.828,1769,1577,1.956,8.2
1070,cloud_only_mlp_covertype,,1776511810629.867,1776511810700.438,70.571,1769,1577,2.068,7.8
1071,cloud_only_mlp_covertype,,1776511810703.438,1776511810763.021,59.583,1769,1577,2.100,10.0
1072,cloud_only_mlp_covertype,,1776511810767.016,1776511810836.646,69.631,1769,1577,2.047,1.6
1073,cloud_only_mlp_covertype,,1776511810839.659,1776511810883.160,43.501,1769,1577,2.046,16.7
1074,cloud_only_mlp_covertype,,1776511810888.237,1776511810937.240,49.003,1769,1577,2.101,8.2
1075,cloud_only_mlp_covertype,,1776511810941.248,1776511811008.199,66.951,1769,1577,2.044,12.8
1076,cloud_only_mlp_covertype,,1776511811010.206,1776511811055.158,44.952,1769,1577,1.944,16.7
1077,cloud_only_mlp_covertype,,1776511811059.155,1776511811104.119,44.964,1769,1577,1.901,2.2
1078,cloud_only_mlp_covertype,,1776511811106.117,1776511811154.694,48.577,1769,1577,2.227,0.0
1079,cloud_only_mlp_covertype,,1776511811157.690,1776511811223.274,65.584,1769,1577,2.013,8.8
1080,cloud_only_mlp_covertype,,1776511811227.476,1776511811297.034,69.558,1769,1577,2.046,5.6
1081,cloud_only_mlp_covertype,,1776511811299.737,1776511811345.459,45.722,1769,1577,2.189,4.7
1082,cloud_only_mlp_covertype,,1776511811348.458,1776511811397.215,48.756,1769,1577,1.931,10.5
1083,cloud_only_mlp_covertype,,1776511811399.205,1776511811466.313,67.109,1769,1577,1.876,27.5
1084,cloud_only_mlp_covertype,,1776511811468.316,1776511811529.647,61.332,1769,1577,2.214,5.8
1085,cloud_only_mlp_covertype,,1776511811531.665,1776511811580.710,49.045,1769,1577,2.122,8.3
1086,cloud_only_mlp_covertype,,1776511811583.732,1776511811631.841,48.109,1769,1577,1.991,16.1
1087,cloud_only_mlp_covertype,,1776511811634.842,1776511811679.750,44.908,1769,1577,2.127,8.9
1088,cloud_only_mlp_covertype,,1776511811682.751,1776511811734.137,51.386,1769,1577,2.111,9.5
1089,cloud_only_mlp_covertype,,1776511811739.154,1776511811784.643,45.489,1769,1577,2.037,8.5
1090,cloud_only_mlp_covertype,,1776511811788.682,1776511811837.325,48.643,1769,1577,1.870,5.3
1091,cloud_only_mlp_covertype,,1776511811840.341,1776511811888.322,47.981,1769,1577,2.130,1.6
1092,cloud_only_mlp_covertype,,1776511811892.319,1776511811937.693,45.374,1769,1577,1.915,0.0
1093,cloud_only_mlp_covertype,,1776511811941.693,1776511811988.235,46.542,1769,1577,2.159,7.1
1094,cloud_only_mlp_covertype,,1776511811992.234,1776511812053.687,61.454,1769,1577,2.166,18.2
1095,cloud_only_mlp_covertype,,1776511812059.687,1776511812116.574,56.888,1769,1577,1.963,5.1
1096,cloud_only_mlp_covertype,,1776511812122.293,1776511812172.579,50.285,1769,1577,2.110,29.2
1097,cloud_only_mlp_covertype,,1776511812175.596,1776511812240.646,65.050,1769,1577,2.385,27.0
1098,cloud_only_mlp_covertype,,1776511812243.635,1776511812288.542,44.907,1769,1577,2.042,8.9
1099,cloud_only_mlp_covertype,,1776511812289.542,1776511812334.533,44.991,1769,1577,1.974,3.8
1100,cloud_only_mlp_covertype,,1776511812335.533,1776511812384.803,49.270,1769,1577,1.921,15.6
1101,cloud_only_mlp_covertype,,1776511812387.802,1776511812454.518,66.717,1769,1577,1.871,9.0
1102,cloud_only_mlp_covertype,,1776511812459.502,1776511812505.510,46.008,1769,1577,1.950,13.8
1103,cloud_only_mlp_covertype,,1776511812509.528,1776511812558.025,48.497,1769,1577,2.427,1.9
1104,cloud_only_mlp_covertype,,1776511812562.021,1776511812613.368,51.348,1769,1577,1.997,0.0
1105,cloud_only_mlp_covertype,,1776511812617.368,1776511812667.042,49.673,1769,1577,2.233,4.8
1106,cloud_only_mlp_covertype,,1776511812671.039,1776511812718.793,47.754,1769,1577,2.041,0.0
1107,cloud_only_mlp_covertype,,1776511812722.793,1776511812769.854,47.060,1769,1577,3.105,18.2
1108,cloud_only_mlp_covertype,,1776511812774.860,1776511812827.765,52.905,1769,1577,1.950,1.6
1109,cloud_only_mlp_covertype,,1776511812832.779,1776511812882.814,50.035,1769,1577,2.375,2.8
1110,cloud_only_mlp_covertype,,1776511812886.828,1776511812937.641,50.813,1769,1577,2.592,0.0
1111,cloud_only_mlp_covertype,,1776511812940.645,1776511812992.293,51.648,1769,1577,2.051,8.7
1112,cloud_only_mlp_covertype,,1776511812995.343,1776511813042.206,46.864,1769,1577,2.377,6.5
1113,cloud_only_mlp_covertype,,1776511813047.198,1776511813114.710,67.513,1769,1577,1.785,20.7
1114,cloud_only_mlp_covertype,,1776511813118.958,1776511813165.927,46.969,1769,1577,1.956,19.0
1115,cloud_only_mlp_covertype,,1776511813168.939,1776511813240.722,71.783,1769,1577,2.018,22.5
1116,cloud_only_mlp_covertype,,1776511813243.719,1776511813292.175,48.455,1769,1577,2.037,10.2
1117,cloud_only_mlp_covertype,,1776511813296.186,1776511813341.173,44.988,1769,1577,1.963,1.3
1118,cloud_only_mlp_covertype,,1776511813344.175,1776511813393.236,49.061,1769,1577,2.110,2.8
1119,cloud_only_mlp_covertype,,1776511813398.232,1776511813447.009,48.777,1769,1577,1.952,7.8
1120,cloud_only_mlp_covertype,,1776511813450.000,1776511813495.653,45.652,1769,1577,2.068,2.3
1121,cloud_only_mlp_covertype,,1776511813499.647,1776511813546.005,46.359,1769,1577,1.822,4.3
1122,cloud_only_mlp_covertype,,1776511813550.002,1776511813599.261,49.259,1769,1577,2.002,0.0
1123,cloud_only_mlp_covertype,,1776511813603.261,1776511813673.748,70.487,1769,1577,1.817,6.2
1124,cloud_only_mlp_covertype,,1776511813679.753,1776511813727.144,47.390,1769,1577,1.956,7.7
1125,cloud_only_mlp_covertype,,1776511813731.142,1776511813795.599,64.457,1769,1577,2.059,10.7
1126,cloud_only_mlp_covertype,,1776511813800.629,1776511813859.181,58.552,1769,1577,1.971,0.0
1127,cloud_only_mlp_covertype,,1776511813862.177,1776511813909.562,47.386,1769,1577,2.426,1.8
1128,cloud_only_mlp_covertype,,1776511813914.564,1776511813963.435,48.871,1769,1577,2.048,1.9
1129,cloud_only_mlp_covertype,,1776511813966.457,1776511814017.550,51.093,1769,1577,1.956,2.9
1130,cloud_only_mlp_covertype,,1776511814021.554,1776511814066.450,44.896,1769,1577,1.802,6.7
1131,cloud_only_mlp_covertype,,1776511814069.459,1776511814139.507,70.048,1769,1577,2.114,4.1
1132,cloud_only_mlp_covertype,,1776511814142.781,1776511814215.985,73.204,1769,1577,2.077,0.0
1133,cloud_only_mlp_covertype,,1776511814221.023,1776511814293.191,72.168,1769,1577,1.965,1.3
1134,cloud_only_mlp_covertype,,1776511814297.187,1776511814342.536,45.349,1769,1577,2.044,0.0
1135,cloud_only_mlp_covertype,,1776511814346.539,1776511814393.542,47.004,1769,1577,2.006,1.9
1136,cloud_only_mlp_covertype,,1776511814397.545,1776511814446.777,49.232,1769,1577,2.333,8.6
1137,cloud_only_mlp_covertype,,1776511814452.775,1776511814525.543,72.768,1769,1577,2.130,1.3
1138,cloud_only_mlp_covertype,,1776511814529.533,1776511814600.927,71.394,1769,1577,2.103,25.9
1139,cloud_only_mlp_covertype,,1776511814605.918,1776511814680.827,74.910,1769,1577,2.577,18.8
1140,cloud_only_mlp_covertype,,1776511814685.979,1776511814735.170,49.191,1769,1577,1.863,2.1
1141,cloud_only_mlp_covertype,,1776511814739.176,1776511814789.904,50.727,1769,1577,2.138,12.1
1142,cloud_only_mlp_covertype,,1776511814794.467,1776511814843.249,48.782,1769,1577,2.336,2.2
1143,cloud_only_mlp_covertype,,1776511814846.273,1776511814899.227,52.954,1769,1577,2.836,6.0
1144,cloud_only_mlp_covertype,,1776511814902.222,1776511814948.129,45.907,1769,1577,2.150,5.3
1145,cloud_only_mlp_covertype,,1776511814951.130,1776511814995.728,44.597,1769,1577,2.067,10.3
1146,cloud_only_mlp_covertype,,1776511814998.895,1776511815065.300,66.405,1769,1577,1.940,10.5
1147,cloud_only_mlp_covertype,,1776511815070.415,1776511815118.960,48.546,1769,1577,1.954,8.0
1148,cloud_only_mlp_covertype,,1776511815123.962,1776511815170.089,46.127,1769,1577,1.937,11.4
1149,cloud_only_mlp_covertype,,1776511815175.105,1776511815222.646,47.541,1769,1577,1.971,4.1
1150,cloud_only_mlp_covertype,,1776511815227.649,1776511815276.243,48.595,1769,1577,2.053,10.3
1151,cloud_only_mlp_covertype,,1776511815280.247,1776511815328.746,48.499,1769,1577,2.052,2.9
1152,cloud_only_mlp_covertype,,1776511815334.132,1776511815402.350,68.218,1769,1577,1.842,1.4
1153,cloud_only_mlp_covertype,,1776511815406.338,1776511815453.055,46.717,1769,1577,2.123,0.0
1154,cloud_only_mlp_covertype,,1776511815457.055,1776511815528.377,71.323,1769,1577,2.091,3.3
1155,cloud_only_mlp_covertype,,1776511815531.379,1776511815579.804,48.425,1769,1577,2.021,5.9
1156,cloud_only_mlp_covertype,,1776511815583.807,1776511815630.122,46.315,1769,1577,2.253,2.2
1157,cloud_only_mlp_covertype,,1776511815634.134,1776511815681.260,47.126,1769,1577,1.980,8.2
1158,cloud_only_mlp_covertype,,1776511815685.739,1776511815732.332,46.592,1769,1577,1.896,14.3
1159,cloud_only_mlp_covertype,,1776511815737.227,1776511815781.445,44.218,1769,1577,1.981,0.0
1160,cloud_only_mlp_covertype,,1776511815785.441,1776511815833.488,48.047,1769,1577,2.254,17.8
1161,cloud_only_mlp_covertype,,1776511815836.489,1776511815886.942,50.453,1769,1577,1.964,20.0
1162,cloud_only_mlp_covertype,,1776511815889.938,1776511815958.468,68.530,1769,1577,1.899,12.1
1163,cloud_only_mlp_covertype,,1776511815960.453,1776511816004.989,44.536,1769,1577,2.157,6.3
1164,cloud_only_mlp_covertype,,1776511816007.988,1776511816072.584,64.597,1769,1577,1.846,30.5
1165,cloud_only_mlp_covertype,,1776511816076.578,1776511816124.580,48.001,1769,1577,2.495,2.3
1166,cloud_only_mlp_covertype,,1776511816128.580,1776511816217.521,88.941,1769,1577,2.293,16.0
1167,cloud_only_mlp_covertype,,1776511816220.521,1776511816267.780,47.259,1769,1577,2.092,3.1
1168,cloud_only_mlp_covertype,,1776511816270.788,1776511816323.554,52.766,1769,1577,1.914,12.0
1169,cloud_only_mlp_covertype,,1776511816327.558,1776511816375.485,47.927,1769,1577,2.186,0.0
1170,cloud_only_mlp_covertype,,1776511816379.952,1776511816427.698,47.747,1769,1577,1.784,3.7
1171,cloud_only_mlp_covertype,,1776511816432.702,1776511816477.156,44.454,1769,1577,2.054,2.2
1172,cloud_only_mlp_covertype,,1776511816481.163,1776511816529.766,48.603,1769,1577,1.905,14.0
1173,cloud_only_mlp_covertype,,1776511816531.762,1776511816583.498,51.737,1769,1577,1.969,35.8
1174,cloud_only_mlp_covertype,,1776511816589.502,1776511816658.366,68.865,1769,1577,1.819,19.3
1175,cloud_only_mlp_covertype,,1776511816663.364,1776511816713.549,50.185,1769,1577,2.076,8.3
1176,cloud_only_mlp_covertype,,1776511816715.537,1776511816782.721,67.185,1769,1577,1.892,1.8
1177,cloud_only_mlp_covertype,,1776511816786.190,1776511816832.653,46.463,1769,1577,2.111,10.2
1178,cloud_only_mlp_covertype,,1776511816837.150,1776511816886.336,49.186,1769,1577,1.930,8.5
1179,cloud_only_mlp_covertype,,1776511816889.330,1776511816956.127,66.796,1769,1577,1.792,0.0
1180,cloud_only_mlp_covertype,,1776511816960.131,1776511817027.933,67.802,1769,1577,1.910,1.0
1181,cloud_only_mlp_covertype,,1776511817033.036,1776511817078.165,45.129,1769,1577,2.126,7.5
1182,cloud_only_mlp_covertype,,1776511817083.166,1776511817153.321,70.155,1769,1577,1.841,5.6
1183,cloud_only_mlp_covertype,,1776511817157.323,1776511817206.562,49.239,1769,1577,1.847,3.7
1184,cloud_only_mlp_covertype,,1776511817209.560,1776511817256.062,46.502,1769,1577,1.999,0.0
1185,cloud_only_mlp_covertype,,1776511817260.062,1776511817308.234,48.172,1769,1577,1.788,12.1
1186,cloud_only_mlp_covertype,,1776511817312.191,1776511817363.952,51.761,1769,1577,1.981,6.2
1187,cloud_only_mlp_covertype,,1776511817369.436,1776511817419.411,49.976,1769,1577,1.773,5.3
1188,cloud_only_mlp_covertype,,1776511817422.939,1776511817469.003,46.063,1769,1577,1.894,4.7
1189,cloud_only_mlp_covertype,,1776511817473.002,1776511817520.945,47.943,1769,1577,2.091,10.9
1190,cloud_only_mlp_covertype,,1776511817525.934,1776511817572.070,46.136,1769,1577,2.031,25.9
1191,cloud_only_mlp_covertype,,1776511817576.073,1776511817621.954,45.881,1769,1577,1.954,10.0
1192,cloud_only_mlp_covertype,,1776511817624.955,1776511817672.956,48.001,1769,1577,1.846,20.5
1193,cloud_only_mlp_covertype,,1776511817675.960,1776511817738.338,62.377,1769,1577,1.786,15.9
1194,cloud_only_mlp_covertype,,1776511817742.585,1776511817789.471,46.886,1769,1577,2.340,8.3
1195,cloud_only_mlp_covertype,,1776511817792.467,1776511817840.563,48.097,1769,1577,2.204,11.8
1196,cloud_only_mlp_covertype,,1776511817845.584,1776511817894.180,48.596,1769,1577,1.934,6.7
1197,cloud_only_mlp_covertype,,1776511817899.724,1776511817948.839,49.115,1769,1577,2.190,6.4
1198,cloud_only_mlp_covertype,,1776511817952.845,1776511817999.319,46.473,1769,1577,1.972,0.0
1199,cloud_only_mlp_covertype,,1776511818003.294,1776511818050.075,46.781,1769,1577,2.223,4.9
1200,cloud_only_mlp_covertype,,1776511818055.075,1776511818103.696,48.620,1769,1577,1.839,15.4
1201,cloud_only_mlp_covertype,,1776511818107.696,1776511818156.328,48.632,1769,1577,2.063,2.1
1202,cloud_only_mlp_covertype,,1776511818160.324,1776511818205.626,45.302,1769,1577,1.840,1.7
1203,cloud_only_mlp_covertype,,1776511818211.629,1776511818257.183,45.554,1769,1577,2.157,24.1
1204,cloud_only_mlp_covertype,,1776511818262.183,1776511818311.046,48.863,1769,1577,1.956,11.8
1205,cloud_only_mlp_covertype,,1776511818315.045,1776511818361.516,46.470,1769,1577,1.974,5.7
1206,cloud_only_mlp_covertype,,1776511818367.785,1776511818418.943,51.158,1769,1577,1.807,4.3
1207,cloud_only_mlp_covertype,,1776511818422.951,1776511818485.946,62.996,1769,1577,1.788,3.7
1208,cloud_only_mlp_covertype,,1776511818492.661,1776511818562.897,70.237,1769,1577,1.829,3.0
1209,cloud_only_mlp_covertype,,1776511818569.893,1776511818614.779,44.886,1769,1577,1.952,9.5
1210,cloud_only_mlp_covertype,,1776511818618.779,1776511818669.547,50.768,1769,1577,2.124,9.3
1211,cloud_only_mlp_covertype,,1776511818674.543,1776511818723.678,49.135,1769,1577,1.930,5.4
1212,cloud_only_mlp_covertype,,1776511818728.703,1776511818774.936,46.232,1769,1577,1.870,3.6
1213,cloud_only_mlp_covertype,,1776511818779.927,1776511818825.512,45.585,1769,1577,1.826,15.7
1214,cloud_only_mlp_covertype,,1776511818830.498,1776511818878.637,48.139,1769,1577,1.936,5.7
1215,cloud_only_mlp_covertype,,1776511818882.629,1776511818931.638,49.009,1769,1577,2.029,4.0
1216,cloud_only_mlp_covertype,,1776511818935.624,1776511818980.173,44.549,1769,1577,2.134,0.0
1217,cloud_only_mlp_covertype,,1776511818985.194,1776511819029.726,44.531,1769,1577,1.905,2.9
1218,cloud_only_mlp_covertype,,1776511819035.715,1776511819085.818,50.103,1769,1577,1.915,1.9
1219,cloud_only_mlp_covertype,,1776511819087.832,1776511819135.015,47.183,1769,1577,2.090,5.6
1220,cloud_only_mlp_covertype,,1776511819139.102,1776511819184.056,44.954,1769,1577,2.047,2.3
1221,cloud_only_mlp_covertype,,1776511819189.051,1776511819246.199,57.148,1769,1577,1.919,1.5
1222,cloud_only_mlp_covertype,,1776511819251.211,1776511819297.095,45.884,1769,1577,2.145,0.0
1223,cloud_only_mlp_covertype,,1776511819300.096,1776511819346.457,46.361,1769,1577,2.281,3.3
1224,cloud_only_mlp_covertype,,1776511819349.464,1776511819397.888,48.424,1769,1577,1.979,4.5
1225,cloud_only_mlp_covertype,,1776511819402.978,1776511819456.035,53.057,1769,1577,4.769,1.5
1226,cloud_only_mlp_covertype,,1776511819461.035,1776511819506.119,45.084,1769,1577,1.945,4.1
1227,cloud_only_mlp_covertype,,1776511819511.123,1776511819556.354,45.232,1769,1577,2.070,4.3
1228,cloud_only_mlp_covertype,,1776511819560.375,1776511819618.648,58.273,1769,1577,1.959,11.8
1229,cloud_only_mlp_covertype,,1776511819624.695,1776511819673.426,48.731,1769,1577,2.164,0.0
1230,cloud_only_mlp_covertype,,1776511819678.264,1776511819722.038,43.773,1769,1577,1.974,4.4
1231,cloud_only_mlp_covertype,,1776511819726.018,1776511819771.911,45.894,1769,1577,1.819,2.1
1232,cloud_only_mlp_covertype,,1776511819776.899,1776511819824.588,47.688,1769,1577,2.104,7.5
1233,cloud_only_mlp_covertype,,1776511819827.591,1776511819877.010,49.418,1769,1577,1.934,32.1
1234,cloud_only_mlp_covertype,,1776511819882.006,1776511819926.614,44.608,1769,1577,1.963,6.8
1235,cloud_only_mlp_covertype,,1776511819931.703,1776511819978.021,46.318,1769,1577,1.941,21.3
1236,cloud_only_mlp_covertype,,1776511819983.020,1776511820030.168,47.148,1769,1577,1.826,1.3
1237,cloud_only_mlp_covertype,,1776511820034.165,1776511820080.563,46.398,1769,1577,2.052,16.0
1238,cloud_only_mlp_covertype,,1776511820084.549,1776511820133.333,48.784,1769,1577,2.420,21.6
1239,cloud_only_mlp_covertype,,1776511820138.329,1776511820185.943,47.614,1769,1577,1.925,7.0
1240,cloud_only_mlp_covertype,,1776511820189.947,1776511820235.931,45.984,1769,1577,2.158,2.6
1241,cloud_only_mlp_covertype,,1776511820240.933,1776511820297.468,56.535,1769,1577,1.893,2.9
1242,cloud_only_mlp_covertype,,1776511820302.500,1776511820350.735,48.235,1769,1577,1.916,4.5
1243,cloud_only_mlp_covertype,,1776511820354.752,1776511820403.261,48.510,1769,1577,2.278,6.2
1244,cloud_only_mlp_covertype,,1776511820406.971,1776511820456.961,49.990,1769,1577,3.130,1.8
1245,cloud_only_mlp_covertype,,1776511820460.963,1776511820506.932,45.969,1769,1577,2.002,3.0
1246,cloud_only_mlp_covertype,,1776511820510.938,1776511820561.784,50.846,1769,1577,1.927,9.8
1247,cloud_only_mlp_covertype,,1776511820564.785,1776511820613.086,48.300,1769,1577,1.841,11.8
1248,cloud_only_mlp_covertype,,1776511820616.089,1776511820662.252,46.163,1769,1577,1.900,7.5
1249,cloud_only_mlp_covertype,,1776511820666.257,1776511820711.255,44.999,1769,1577,1.862,5.8
1250,cloud_only_mlp_covertype,,1776511820715.254,1776511820761.652,46.398,1769,1577,1.955,4.8
1251,cloud_only_mlp_covertype,,1776511820767.652,1776511820818.126,50.474,1769,1577,1.918,0.0
1252,cloud_only_mlp_covertype,,1776511820822.979,1776511820870.092,47.112,1769,1577,2.378,5.5
1253,cloud_only_mlp_covertype,,1776511820875.106,1776511820921.847,46.741,1769,1577,2.080,0.0
1254,cloud_only_mlp_covertype,,1776511820926.859,1776511820993.363,66.504,1769,1577,1.964,5.3
1255,cloud_only_mlp_covertype,,1776511820997.752,1776511821044.612,46.860,1769,1577,1.939,1.4
1256,cloud_only_mlp_covertype,,1776511821048.558,1776511821098.051,49.492,1769,1577,1.870,2.0
1257,cloud_only_mlp_covertype,,1776511821102.053,1776511821150.462,48.409,1769,1577,1.894,21.7
1258,cloud_only_mlp_covertype,,1776511821155.456,1776511821200.705,45.249,1769,1577,2.086,1.7
1259,cloud_only_mlp_covertype,,1776511821205.731,1776511821251.685,45.954,1769,1577,2.011,2.2
1260,cloud_only_mlp_covertype,,1776511821255.681,1776511821304.925,49.244,1769,1577,2.123,17.7
1261,cloud_only_mlp_covertype,,1776511821308.190,1776511821356.184,47.994,1769,1577,1.999,25.0
1262,cloud_only_mlp_covertype,,1776511821358.183,1776511821406.220,48.037,1769,1577,1.912,26.2
1263,cloud_only_mlp_covertype,,1776511821409.896,1776511821455.897,46.001,1769,1577,2.173,8.2
1264,cloud_only_mlp_covertype,,1776511821458.902,1776511821505.480,46.578,1769,1577,1.843,12.9
1265,cloud_only_mlp_covertype,,1776511821508.563,1776511821555.705,47.142,1769,1577,2.076,20.5
1266,cloud_only_mlp_covertype,,1776511821558.571,1776511821602.707,44.136,1769,1577,1.956,25.0
1267,cloud_only_mlp_covertype,,1776511821605.718,1776511821653.719,48.001,1769,1577,1.922,18.0
1268,cloud_only_mlp_covertype,,1776511821656.706,1776511821699.560,42.853,1769,1577,2.156,10.2
1269,cloud_only_mlp_covertype,,1776511821702.376,1776511821762.719,60.343,1769,1577,1.861,7.7
1270,cloud_only_mlp_covertype,,1776511821764.741,1776511821814.341,49.599,1769,1577,2.249,0.0
1271,cloud_only_mlp_covertype,,1776511821820.346,1776511821890.338,69.992,1769,1577,2.033,3.3
1272,cloud_only_mlp_covertype,,1776511821895.465,1776511821975.303,79.838,1769,1577,1.801,0.0
1273,cloud_only_mlp_covertype,,1776511821979.297,1776511822041.356,62.060,1769,1577,1.863,1.4
1274,cloud_only_mlp_covertype,,1776511822046.376,1776511822096.227,49.851,1769,1577,1.890,0.0
1275,cloud_only_mlp_covertype,,1776511822099.241,1776511822147.581,48.340,1769,1577,2.060,11.5
1276,cloud_only_mlp_covertype,,1776511822150.675,1776511822216.181,65.506,1769,1577,2.043,4.5
1277,cloud_only_mlp_covertype,,1776511822221.172,1776511822269.663,48.490,1769,1577,1.923,5.7
1278,cloud_only_mlp_covertype,,1776511822273.665,1776511822318.427,44.763,1769,1577,1.998,8.5
1279,cloud_only_mlp_covertype,,1776511822321.435,1776511822365.085,43.650,1769,1577,1.804,7.9
1280,cloud_only_mlp_covertype,,1776511822369.191,1776511822417.370,48.179,1769,1577,2.063,9.1
1281,cloud_only_mlp_covertype,,1776511822422.372,1776511822472.017,49.645,1769,1577,2.290,8.3
1282,cloud_only_mlp_covertype,,1776511822476.016,1776511822522.079,46.063,1769,1577,1.956,10.6
1283,cloud_only_mlp_covertype,,1776511822526.079,1776511822587.422,61.343,1769,1577,1.870,6.7
1284,cloud_only_mlp_covertype,,1776511822591.422,1776511822640.787,49.364,1769,1577,2.189,6.8
1285,cloud_only_mlp_covertype,,1776511822644.812,1776511822692.637,47.824,1769,1577,2.124,13.5
1286,cloud_only_mlp_covertype,,1776511822696.657,1776511822759.326,62.669,1769,1577,2.083,17.9
1287,cloud_only_mlp_covertype,,1776511822764.323,1776511822813.657,49.334,1769,1577,1.957,57.4
1288,cloud_only_mlp_covertype,,1776511822814.668,1776511822879.624,64.956,1769,1577,2.125,29.3
1289,cloud_only_mlp_covertype,,1776511822885.087,1776511822934.279,49.192,1769,1577,1.864,11.6
1290,cloud_only_mlp_covertype,,1776511822938.292,1776511822982.943,44.651,1769,1577,1.837,0.0
1291,cloud_only_mlp_covertype,,1776511822986.934,1776511823047.081,60.147,1769,1577,2.172,3.9
1292,cloud_only_mlp_covertype,,1776511823051.100,1776511823110.420,59.320,1769,1577,1.855,5.9
1293,cloud_only_mlp_covertype,,1776511823115.107,1776511823160.374,45.267,1769,1577,2.153,21.0
1294,cloud_only_mlp_covertype,,1776511823164.475,1776511823235.282,70.807,1769,1577,2.003,5.8
1295,cloud_only_mlp_covertype,,1776511823240.279,1776511823287.157,46.878,1769,1577,2.232,3.8
1296,cloud_only_mlp_covertype,,1776511823291.176,1776511823336.614,45.438,1769,1577,1.995,8.9
1297,cloud_only_mlp_covertype,,1776511823340.608,1776511823385.939,45.331,1769,1577,2.010,2.9
1298,cloud_only_mlp_covertype,,1776511823389.943,1776511823439.278,49.335,1769,1577,1.954,3.0
1299,cloud_only_mlp_covertype,,1776511823443.299,1776511823490.873,47.573,1769,1577,1.992,6.0
1300,cloud_only_mlp_covertype,,1776511823493.894,1776511823537.822,43.928,1769,1577,1.821,2.9
1301,cloud_only_mlp_covertype,,1776511823541.821,1776511823585.906,44.086,1769,1577,1.950,2.2
1302,cloud_only_mlp_covertype,,1776511823588.912,1776511823638.386,49.474,1769,1577,1.908,15.7
1303,cloud_only_mlp_covertype,,1776511823642.383,1776511823690.878,48.495,1769,1577,1.880,5.8
1304,cloud_only_mlp_covertype,,1776511823694.973,1776511823761.794,66.821,1769,1577,1.972,4.8
1305,cloud_only_mlp_covertype,,1776511823767.797,1776511823822.782,54.986,1769,1577,1.789,7.0
1306,cloud_only_mlp_covertype,,1776511823825.771,1776511823874.653,48.881,1769,1577,1.814,0.0
1307,cloud_only_mlp_covertype,,1776511823879.641,1776511823926.502,46.861,1769,1577,1.831,8.7
1308,cloud_only_mlp_covertype,,1776511823930.519,1776511823977.899,47.380,1769,1577,1.840,5.4
1309,cloud_only_mlp_covertype,,1776511823982.923,1776511824042.666,59.744,1769,1577,1.803,1.0
1310,cloud_only_mlp_covertype,,1776511824047.924,1776511824095.138,47.214,1769,1577,2.411,0.0
1311,cloud_only_mlp_covertype,,1776511824098.144,1776511824142.278,44.134,1769,1577,1.828,0.0
1312,cloud_only_mlp_covertype,,1776511824145.270,1776511824194.663,49.393,1769,1577,1.920,5.0
1313,cloud_only_mlp_covertype,,1776511824198.655,1776511824249.102,50.447,1769,1577,1.915,10.0
1314,cloud_only_mlp_covertype,,1776511824253.099,1776511824299.125,46.026,1769,1577,1.949,8.5
1315,cloud_only_mlp_covertype,,1776511824303.126,1776511824347.867,44.741,1769,1577,1.978,1.4
1316,cloud_only_mlp_covertype,,1776511824349.853,1776511824396.921,47.068,1769,1577,2.046,4.3
1317,cloud_only_mlp_covertype,,1776511824401.925,1776511824450.762,48.837,1769,1577,1.883,3.3
1318,cloud_only_mlp_covertype,,1776511824453.761,1776511824498.302,44.541,1769,1577,1.823,10.9
1319,cloud_only_mlp_covertype,,1776511824503.301,1776511824549.083,45.782,1769,1577,2.040,4.0
1320,cloud_only_mlp_covertype,,1776511824552.069,1776511824601.967,49.897,1769,1577,1.913,14.7
1321,cloud_only_mlp_covertype,,1776511824606.970,1776511824654.533,47.564,1769,1577,1.894,15.8
1322,cloud_only_mlp_covertype,,1776511824658.533,1776511824704.872,46.338,1769,1577,2.201,9.1
1323,cloud_only_mlp_covertype,,1776511824708.878,1776511824753.818,44.940,1769,1577,1.989,9.3
1324,cloud_only_mlp_covertype,,1776511824758.835,1776511824815.579,56.744,1769,1577,1.862,6.3
1325,cloud_only_mlp_covertype,,1776511824819.598,1776511824889.638,70.040,1769,1577,1.945,5.5
1326,cloud_only_mlp_covertype,,1776511824892.656,1776511824943.113,50.457,1769,1577,2.059,12.5
1327,cloud_only_mlp_covertype,,1776511824947.106,1776511824997.536,50.429,1769,1577,2.056,4.7
1328,cloud_only_mlp_covertype,,1776511825003.067,1776511825049.553,46.486,1769,1577,2.234,2.3
1329,cloud_only_mlp_covertype,,1776511825053.571,1776511825098.389,44.819,1769,1577,1.865,6.7
1330,cloud_only_mlp_covertype,,1776511825102.387,1776511825152.778,50.390,1769,1577,2.140,8.2
1331,cloud_only_mlp_covertype,,1776511825157.780,1776511825207.909,50.129,1769,1577,2.238,11.8
1332,cloud_only_mlp_covertype,,1776511825209.910,1776511825253.397,43.488,1769,1577,1.892,6.8
1333,cloud_only_mlp_covertype,,1776511825256.417,1776511825300.657,44.241,1769,1577,2.115,3.4
1334,cloud_only_mlp_covertype,,1776511825304.660,1776511825351.496,46.837,1769,1577,2.033,18.9
1335,cloud_only_mlp_covertype,,1776511825356.719,1776511825406.196,49.477,1769,1577,1.956,8.0
1336,cloud_only_mlp_covertype,,1776511825409.201,1776511825454.819,45.617,1769,1577,1.799,4.4
1337,cloud_only_mlp_covertype,,1776511825458.810,1776511825503.014,44.204,1769,1577,2.101,23.1
1338,cloud_only_mlp_covertype,,1776511825506.035,1776511825553.773,47.739,1769,1577,1.973,1.0
1339,cloud_only_mlp_covertype,,1776511825557.823,1776511825605.852,48.028,1769,1577,2.179,13.2
1340,cloud_only_mlp_covertype,,1776511825609.871,1776511825661.033,51.162,1769,1577,2.630,4.7
1341,cloud_only_mlp_covertype,,1776511825666.025,1776511825735.394,69.369,1769,1577,1.886,15.2
1342,cloud_only_mlp_covertype,,1776511825738.235,1776511825784.378,46.143,1769,1577,3.181,7.3
1343,cloud_only_mlp_covertype,,1776511825787.371,1776511825832.633,45.262,1769,1577,1.974,7.4
1344,cloud_only_mlp_covertype,,1776511825835.961,1776511825903.472,67.511,1769,1577,2.015,3.0
1345,cloud_only_mlp_covertype,,1776511825906.845,1776511825955.135,48.291,1769,1577,1.892,7.8
1346,cloud_only_mlp_covertype,,1776511825960.135,1776511826006.685,46.550,1769,1577,1.879,0.0
1347,cloud_only_mlp_covertype,,1776511826009.332,1776511826053.571,44.239,1769,1577,1.887,6.2
1348,cloud_only_mlp_covertype,,1776511826054.572,1776511826100.340,45.769,1769,1577,2.085,10.3
1349,cloud_only_mlp_covertype,,1776511826106.366,1776511826153.867,47.501,1769,1577,2.032,18.0
1350,cloud_only_mlp_covertype,,1776511826157.869,1776511826202.736,44.867,1769,1577,2.050,10.8
1351,cloud_only_mlp_covertype,,1776511826205.753,1776511826250.545,44.792,1769,1577,1.830,7.7
1352,cloud_only_mlp_covertype,,1776511826254.544,1776511826304.885,50.341,1769,1577,1.887,5.5
1353,cloud_only_mlp_covertype,,1776511826307.882,1776511826356.089,48.206,1769,1577,2.103,2.1
1354,cloud_only_mlp_covertype,,1776511826360.086,1776511826405.519,45.433,1769,1577,2.010,5.7
1355,cloud_only_mlp_covertype,,1776511826408.534,1776511826455.742,47.208,1769,1577,1.815,14.9
1356,cloud_only_mlp_covertype,,1776511826459.740,1776511826504.494,44.754,1769,1577,2.159,8.3
1357,cloud_only_mlp_covertype,,1776511826508.489,1776511826555.146,46.656,1769,1577,1.905,4.2
1358,cloud_only_mlp_covertype,,1776511826558.624,1776511826607.229,48.604,1769,1577,1.955,1.6
1359,cloud_only_mlp_covertype,,1776511826611.226,1776511826658.426,47.199,1769,1577,1.854,3.2
1360,cloud_only_mlp_covertype,,1776511826662.428,1776511826709.365,46.937,1769,1577,2.132,12.2
1361,cloud_only_mlp_covertype,,1776511826714.758,1776511826759.377,44.619,1769,1577,1.960,3.8
1362,cloud_only_mlp_covertype,,1776511826763.373,1776511826812.542,49.169,1769,1577,2.145,0.0
1363,cloud_only_mlp_covertype,,1776511826816.539,1776511826867.073,50.535,1769,1577,1.938,0.0
1364,cloud_only_mlp_covertype,,1776511826871.077,1776511826916.206,45.129,1769,1577,2.017,7.4
1365,cloud_only_mlp_covertype,,1776511826920.181,1776511826967.354,47.173,1769,1577,1.909,9.3
1366,cloud_only_mlp_covertype,,1776511826973.352,1776511827021.211,47.859,1769,1577,1.781,1.5
1367,cloud_only_mlp_covertype,,1776511827025.229,1776511827073.443,48.214,1769,1577,1.953,3.6
1368,cloud_only_mlp_covertype,,1776511827079.434,1776511827150.393,70.959,1769,1577,2.156,1.8
1369,cloud_only_mlp_covertype,,1776511827154.382,1776511827204.659,50.277,1769,1577,2.157,6.2
1370,cloud_only_mlp_covertype,,1776511827207.656,1776511827274.474,66.819,1769,1577,1.833,10.5
1371,cloud_only_mlp_covertype,,1776511827276.462,1776511827324.201,47.739,1769,1577,2.032,2.0
1372,cloud_only_mlp_covertype,,1776511827329.331,1776511827377.943,48.612,1769,1577,1.875,6.8
1373,cloud_only_mlp_covertype,,1776511827382.432,1776511827431.006,48.574,1769,1577,2.061,12.0
1374,cloud_only_mlp_covertype,,1776511827435.000,1776511827481.887,46.886,1769,1577,2.079,6.2
1375,cloud_only_mlp_covertype,,1776511827485.891,1776511827531.947,46.055,1769,1577,1.847,12.1
1376,cloud_only_mlp_covertype,,1776511827534.946,1776511827581.844,46.898,1769,1577,1.847,20.0
1377,cloud_only_mlp_covertype,,1776511827584.723,1776511827632.771,48.048,1769,1577,2.065,5.1
1378,cloud_only_mlp_covertype,,1776511827636.776,1776511827729.750,92.974,1769,1577,2.820,13.4
1379,cloud_only_mlp_covertype,,1776511827733.778,1776511827776.791,43.013,1769,1577,2.026,5.3
1380,cloud_only_mlp_covertype,,1776511827781.790,1776511827827.601,45.811,1769,1577,2.028,6.8
1381,cloud_only_mlp_covertype,,1776511827831.611,1776511827897.536,65.925,1769,1577,2.074,1.6
1382,cloud_only_mlp_covertype,,1776511827901.535,1776511827947.933,46.398,1769,1577,1.815,21.4
1383,cloud_only_mlp_covertype,,1776511827951.980,1776511828019.894,67.914,1769,1577,1.955,4.9
1384,cloud_only_mlp_covertype,,1776511828024.141,1776511828073.351,49.210,1769,1577,2.028,6.7
1385,cloud_only_mlp_covertype,,1776511828076.353,1776511828125.304,48.950,1769,1577,2.084,0.0
1386,cloud_only_mlp_covertype,,1776511828129.294,1776511828188.973,59.678,1769,1577,1.839,5.6
1387,cloud_only_mlp_covertype,,1776511828193.056,1776511828240.413,47.357,1769,1577,2.087,11.7
1388,cloud_only_mlp_covertype,,1776511828244.429,1776511828313.643,69.214,1769,1577,1.811,6.8
1389,cloud_only_mlp_covertype,,1776511828317.649,1776511828362.570,44.921,1769,1577,1.872,6.5
1390,cloud_only_mlp_covertype,,1776511828365.674,1776511828413.968,48.294,1769,1577,1.896,3.4
1391,cloud_only_mlp_covertype,,1776511828416.971,1776511828466.213,49.242,1769,1577,1.870,4.0
1392,cloud_only_mlp_covertype,,1776511828470.199,1776511828529.244,59.045,1769,1577,1.809,3.2
1393,cloud_only_mlp_covertype,,1776511828532.246,1776511828582.160,49.914,1769,1577,1.976,0.0
1394,cloud_only_mlp_covertype,,1776511828587.158,1776511828634.994,47.836,1769,1577,1.993,6.0
1395,cloud_only_mlp_covertype,,1776511828639.013,1776511828686.664,47.650,1769,1577,1.812,0.0
1396,cloud_only_mlp_covertype,,1776511828690.146,1776511828734.769,44.623,1769,1577,1.983,7.3
1397,cloud_only_mlp_covertype,,1776511828738.778,1776511828785.894,47.115,1769,1577,2.534,7.8
1398,cloud_only_mlp_covertype,,1776511828790.894,1776511828839.401,48.508,1769,1577,1.949,7.3
1399,cloud_only_mlp_covertype,,1776511828843.938,1776511828892.959,49.021,1769,1577,2.040,0.0
1400,cloud_only_mlp_covertype,,1776511828896.959,1776511828940.473,43.514,1769,1577,2.077,8.2
1401,cloud_only_mlp_covertype,,1776511828944.518,1776511828989.429,44.910,1769,1577,1.835,7.1
1402,cloud_only_mlp_covertype,,1776511828992.444,1776511829057.956,65.512,1769,1577,2.022,4.7
1403,cloud_only_mlp_covertype,,1776511829061.973,1776511829112.205,50.232,1769,1577,2.003,30.0
1404,cloud_only_mlp_covertype,,1776511829114.206,1776511829164.126,49.921,1769,1577,2.089,47.5
1405,cloud_only_mlp_covertype,,1776511829167.130,1776511829224.270,57.140,1769,1577,1.967,20.8
1406,cloud_only_mlp_covertype,,1776511829228.289,1776511829274.512,46.223,1769,1577,1.968,14.3
1407,cloud_only_mlp_covertype,,1776511829277.500,1776511829323.284,45.784,1769,1577,1.864,6.2
1408,cloud_only_mlp_covertype,,1776511829327.306,1776511829374.846,47.541,1769,1577,1.951,12.1
1409,cloud_only_mlp_covertype,,1776511829377.864,1776511829428.267,50.403,1769,1577,1.935,4.5
1410,cloud_only_mlp_covertype,,1776511829432.265,1776511829502.115,69.850,1769,1577,2.271,15.4
1411,cloud_only_mlp_covertype,,1776511829506.114,1776511829561.458,55.343,1769,1577,1.829,0.0
1412,cloud_only_mlp_covertype,,1776511829564.579,1776511829614.798,50.219,1769,1577,1.928,6.4
1413,cloud_only_mlp_covertype,,1776511829617.791,1776511829665.909,48.118,1769,1577,1.883,10.3
1414,cloud_only_mlp_covertype,,1776511829668.909,1776511829713.032,44.122,1769,1577,2.005,2.4
1415,cloud_only_mlp_covertype,,1776511829717.027,1776511829763.674,46.647,1769,1577,2.020,4.4
1416,cloud_only_mlp_covertype,,1776511829767.679,1776511829840.581,72.902,1769,1577,1.869,0.0
1417,cloud_only_mlp_covertype,,1776511829845.860,1776511829918.415,72.555,1769,1577,1.744,0.0
1418,cloud_only_mlp_covertype,,1776511829921.414,1776511829966.690,45.277,1769,1577,1.904,4.9
1419,cloud_only_mlp_covertype,,1776511829970.687,1776511830015.123,44.436,1769,1577,1.985,13.1
1420,cloud_only_mlp_covertype,,1776511830018.143,1776511830084.473,66.330,1769,1577,1.967,5.0
1421,cloud_only_mlp_covertype,,1776511830087.703,1776511830133.771,46.068,1769,1577,1.811,18.2
1422,cloud_only_mlp_covertype,,1776511830138.773,1776511830188.198,49.425,1769,1577,2.215,7.3
1423,cloud_only_mlp_covertype,,1776511830192.200,1776511830241.212,49.012,1769,1577,2.131,21.1
1424,cloud_only_mlp_covertype,,1776511830243.213,1776511830288.996,45.783,1769,1577,2.030,23.1
1425,cloud_only_mlp_covertype,,1776511830293.988,1776511830339.131,45.144,1769,1577,1.918,3.6
1426,cloud_only_mlp_covertype,,1776511830343.127,1776511830394.170,51.043,1769,1577,2.100,3.8
1427,cloud_only_mlp_covertype,,1776511830398.245,1776511830448.774,50.529,1769,1577,1.866,7.7
1428,cloud_only_mlp_covertype,,1776511830452.771,1776511830498.538,45.767,1769,1577,1.798,0.0
1429,cloud_only_mlp_covertype,,1776511830502.547,1776511830548.181,45.633,1769,1577,2.093,7.7
1430,cloud_only_mlp_covertype,,1776511830552.171,1776511830613.358,61.186,1769,1577,1.791,6.9
1431,cloud_only_mlp_covertype,,1776511830619.065,1776511830689.767,70.701,1769,1577,1.943,13.8
1432,cloud_only_mlp_covertype,,1776511830693.783,1776511830753.595,59.812,1769,1577,1.965,13.6
1433,cloud_only_mlp_covertype,,1776511830756.584,1776511830801.883,45.299,1769,1577,1.979,15.4
1434,cloud_only_mlp_covertype,,1776511830805.882,1776511830854.341,48.459,1769,1577,1.941,13.6
1435,cloud_only_mlp_covertype,,1776511830859.352,1776511830908.542,49.189,1769,1577,1.988,6.1
1436,cloud_only_mlp_covertype,,1776511830914.561,1776511830962.803,48.243,1769,1577,2.075,3.1
1437,cloud_only_mlp_covertype,,1776511830966.808,1776511831014.301,47.493,1769,1577,1.913,3.3
1438,cloud_only_mlp_covertype,,1776511831015.305,1776511831059.063,43.758,1769,1577,2.098,0.0
1439,cloud_only_mlp_covertype,,1776511831063.081,1776511831107.523,44.442,1769,1577,1.960,4.3
1440,cloud_only_mlp_covertype,,1776511831110.537,1776511831158.921,48.384,1769,1577,1.858,0.0
1441,cloud_only_mlp_covertype,,1776511831162.918,1776511831212.360,49.441,1769,1577,1.959,4.3
1442,cloud_only_mlp_covertype,,1776511831215.359,1776511831260.264,44.906,1769,1577,2.097,4.3
1443,cloud_only_mlp_covertype,,1776511831262.265,1776511831324.487,62.222,1769,1577,1.923,0.0
1444,cloud_only_mlp_covertype,,1776511831329.817,1776511831379.001,49.184,1769,1577,1.921,3.8
1445,cloud_only_mlp_covertype,,1776511831381.004,1776511831449.631,68.627,1769,1577,1.821,2.9
1446,cloud_only_mlp_covertype,,1776511831453.643,1776511831499.534,45.891,1769,1577,1.918,1.5
1447,cloud_only_mlp_covertype,,1776511831503.529,1776511831572.464,68.936,1769,1577,1.920,6.8
1448,cloud_only_mlp_covertype,,1776511831576.460,1776511831634.794,58.333,1769,1577,1.962,0.0
1449,cloud_only_mlp_covertype,,1776511831639.034,1776511831689.299,50.265,1769,1577,1.846,0.0
1450,cloud_only_mlp_covertype,,1776511831693.296,1776511831739.022,45.727,1769,1577,1.940,12.9
1451,cloud_only_mlp_covertype,,1776511831743.022,1776511831788.518,45.497,1769,1577,2.058,8.9
1452,cloud_only_mlp_covertype,,1776511831791.519,1776511831834.610,43.091,1769,1577,1.912,10.6
1453,cloud_only_mlp_covertype,,1776511831840.747,1776511831909.512,68.765,1769,1577,1.809,23.1
1454,cloud_only_mlp_covertype,,1776511831912.501,1776511831958.461,45.959,1769,1577,1.876,15.9
1455,cloud_only_mlp_covertype,,1776511831961.469,1776511832006.516,45.046,1769,1577,2.225,15.9
1456,cloud_only_mlp_covertype,,1776511832009.514,1776511832058.014,48.500,1769,1577,1.818,11.9
1457,cloud_only_mlp_covertype,,1776511832060.884,1776511832107.894,47.010,1769,1577,2.047,2.3
1458,cloud_only_mlp_covertype,,1776511832113.901,1776511832160.179,46.278,1769,1577,2.015,9.4
1459,cloud_only_mlp_covertype,,1776511832164.178,1776511832209.492,45.314,1769,1577,1.965,12.1
1460,cloud_only_mlp_covertype,,1776511832213.499,1776511832260.705,47.206,1769,1577,2.183,9.3
1461,cloud_only_mlp_covertype,,1776511832264.722,1776511832315.728,51.006,1769,1577,2.098,7.4
1462,cloud_only_mlp_covertype,,1776511832319.727,1776511832365.053,45.326,1769,1577,2.049,9.5
1463,cloud_only_mlp_covertype,,1776511832367.053,1776511832433.846,66.793,1769,1577,1.867,3.9
1464,cloud_only_mlp_covertype,,1776511832437.877,1776511832498.114,60.237,1769,1577,1.963,0.0
1465,cloud_only_mlp_covertype,,1776511832502.118,1776511832551.271,49.153,1769,1577,1.942,8.7
1466,cloud_only_mlp_covertype,,1776511832555.286,1776511832600.193,44.907,1769,1577,2.106,2.8
1467,cloud_only_mlp_covertype,,1776511832605.195,1776511832651.344,46.149,1769,1577,1.987,2.0
1468,cloud_only_mlp_covertype,,1776511832656.427,1776511832701.365,44.938,1769,1577,1.936,2.3
1469,cloud_only_mlp_covertype,,1776511832706.364,1776511832749.768,43.404,1769,1577,1.899,3.9
1470,cloud_only_mlp_covertype,,1776511832754.322,1776511832801.281,46.959,1769,1577,2.165,12.2
1471,cloud_only_mlp_covertype,,1776511832803.296,1776511832852.639,49.343,1769,1577,2.085,31.8
1472,cloud_only_mlp_covertype,,1776511832856.630,1776511832903.621,46.990,1769,1577,2.127,4.0
1473,cloud_only_mlp_covertype,,1776511832906.626,1776511832953.901,47.275,1769,1577,1.927,6.5
1474,cloud_only_mlp_covertype,,1776511832956.904,1776511833020.436,63.532,1769,1577,2.089,8.0
1475,cloud_only_mlp_covertype,,1776511833024.622,1776511833097.441,72.819,1769,1577,1.817,17.1
1476,cloud_only_mlp_covertype,,1776511833101.456,1776511833170.930,69.473,1769,1577,1.998,4.5
1477,cloud_only_mlp_covertype,,1776511833175.945,1776511833223.106,47.161,1769,1577,2.011,1.8
1478,cloud_only_mlp_covertype,,1776511833227.240,1776511833273.366,46.127,1769,1577,1.982,12.5
1479,cloud_only_mlp_covertype,,1776511833278.657,1776511833326.002,47.345,1769,1577,1.947,1.6
1480,cloud_only_mlp_covertype,,1776511833330.003,1776511833374.802,44.798,1769,1577,1.883,0.0
1481,cloud_only_mlp_covertype,,1776511833379.805,1776511833489.202,109.397,1769,1577,1.781,0.0
1482,cloud_only_mlp_covertype,,1776511833493.210,1776511833558.073,64.863,1769,1577,1.963,15.1
1483,cloud_only_mlp_covertype,,1776511833562.605,1776511833611.947,49.342,1769,1577,2.094,14.3
1484,cloud_only_mlp_covertype,,1776511833615.968,1776511833667.689,51.721,1769,1577,2.351,10.0
1485,cloud_only_mlp_covertype,,1776511833672.689,1776511833722.874,50.184,1769,1577,1.923,7.6
1486,cloud_only_mlp_covertype,,1776511833725.871,1776511833773.816,47.945,1769,1577,2.054,15.4
1487,cloud_only_mlp_covertype,,1776511833778.810,1776511833824.267,45.457,1769,1577,2.055,9.1
1488,cloud_only_mlp_covertype,,1776511833826.486,1776511833876.254,49.768,1769,1577,1.820,5.6
1489,cloud_only_mlp_covertype,,1776511833880.254,1776511833928.050,47.795,1769,1577,1.968,3.5
1490,cloud_only_mlp_covertype,,1776511833933.049,1776511833977.938,44.890,1769,1577,1.856,4.1
1491,cloud_only_mlp_covertype,,1776511833982.966,1776511834027.903,44.937,1769,1577,2.093,3.3
1492,cloud_only_mlp_covertype,,1776511834032.907,1776511834080.508,47.602,1769,1577,2.083,10.3
1493,cloud_only_mlp_covertype,,1776511834084.505,1776511834156.371,71.867,1769,1577,1.956,3.3
1494,cloud_only_mlp_covertype,,1776511834162.369,1776511834231.552,69.184,1769,1577,2.048,1.4
1495,cloud_only_mlp_covertype,,1776511834235.574,1776511834297.398,61.825,1769,1577,1.838,0.0
1496,cloud_only_mlp_covertype,,1776511834300.399,1776511834371.445,71.046,1769,1577,1.942,2.1
1497,cloud_only_mlp_covertype,,1776511834376.478,1776511834427.317,50.839,1769,1577,2.109,1.4
1498,cloud_only_mlp_covertype,,1776511834431.317,1776511834476.154,44.837,1769,1577,2.026,6.5
1499,cloud_only_mlp_covertype,,1776511834479.155,1776511834526.625,47.469,1769,1577,2.090,5.6
1500,cloud_only_mlp_covertype,,1776511834531.618,1776511834578.829,47.210,1769,1577,1.813,10.2
1501,cloud_only_mlp_covertype,,1776511834582.829,1776511834628.819,45.990,1769,1577,1.932,15.6
1502,cloud_only_mlp_covertype,,1776511834632.819,1776511834681.369,48.550,1769,1577,2.088,16.9
1503,cloud_only_mlp_covertype,,1776511834684.366,1776511834733.535,49.169,1769,1577,1.971,0.0
1504,cloud_only_mlp_covertype,,1776511834737.523,1776511834784.535,47.011,1769,1577,2.025,11.1
1505,cloud_only_mlp_covertype,,1776511834789.562,1776511834834.425,44.862,1769,1577,1.815,6.1
1506,cloud_only_mlp_covertype,,1776511834838.440,1776511834887.782,49.342,1769,1577,2.017,13.6
1507,cloud_only_mlp_covertype,,1776511834891.782,1776511834940.531,48.749,1769,1577,2.006,2.0
1508,cloud_only_mlp_covertype,,1776511834944.522,1776511835003.020,58.498,1769,1577,1.998,1.2
1509,cloud_only_mlp_covertype,,1776511835007.016,1776511835051.013,43.997,1769,1577,1.834,30.6
1510,cloud_only_mlp_covertype,,1776511835056.052,1776511835107.703,51.651,1769,1577,1.903,8.9
1511,cloud_only_mlp_covertype,,1776511835110.703,1776511835159.367,48.665,1769,1577,1.953,13.6
1512,cloud_only_mlp_covertype,,1776511835164.370,1776511835224.751,60.381,1769,1577,1.944,31.9
1513,cloud_only_mlp_covertype,,1776511835230.755,1776511835299.948,69.193,1769,1577,2.154,27.1
1514,cloud_only_mlp_covertype,,1776511835303.940,1776511835362.532,58.592,1769,1577,1.826,24.1
1515,cloud_only_mlp_covertype,,1776511835365.533,1776511835413.821,48.288,1769,1577,2.126,6.7
1516,cloud_only_mlp_covertype,,1776511835414.933,1776511835463.632,48.700,1769,1577,1.957,5.4
1517,cloud_only_mlp_covertype,,1776511835467.637,1776511835516.983,49.346,1769,1577,2.090,3.6
1518,cloud_only_mlp_covertype,,1776511835521.000,1776511835569.905,48.905,1769,1577,2.102,20.0
1519,cloud_only_mlp_covertype,,1776511835574.645,1776511835619.365,44.721,1769,1577,2.208,15.9
1520,cloud_only_mlp_covertype,,1776511835624.360,1776511835673.553,49.193,1769,1577,2.165,0.0
1521,cloud_only_mlp_covertype,,1776511835677.546,1776511835726.049,48.503,1769,1577,1.969,8.1
1522,cloud_only_mlp_covertype,,1776511835730.394,1776511835775.053,44.659,1769,1577,1.963,5.9
1523,cloud_only_mlp_covertype,,1776511835780.065,1776511835826.117,46.052,1769,1577,2.096,4.3
1524,cloud_only_mlp_covertype,,1776511835830.674,1776511835878.323,47.649,1769,1577,1.958,1.4
1525,cloud_only_mlp_covertype,,1776511835881.323,1776511835927.772,46.449,1769,1577,2.116,4.7
1526,cloud_only_mlp_covertype,,1776511835932.764,1776511835978.334,45.570,1769,1577,1.831,4.4
1527,cloud_only_mlp_covertype,,1776511835982.353,1776511836029.825,47.473,1769,1577,2.024,1.9
1528,cloud_only_mlp_covertype,,1776511836033.820,1776511836105.551,71.731,1769,1577,1.828,1.2
1529,cloud_only_mlp_covertype,,1776511836110.550,1776511836181.941,71.391,1769,1577,1.833,3.3
1530,cloud_only_mlp_covertype,,1776511836185.941,1776511836243.032,57.091,1769,1577,1.859,7.7
1531,cloud_only_mlp_covertype,,1776511836247.022,1776511836292.228,45.205,1769,1577,2.080,0.0
1532,cloud_only_mlp_covertype,,1776511836296.224,1776511836341.643,45.418,1769,1577,1.861,18.2
1533,cloud_only_mlp_covertype,,1776511836345.649,1776511836414.296,68.647,1769,1577,1.863,12.5
1534,cloud_only_mlp_covertype,,1776511836419.294,1776511836470.316,51.022,1769,1577,1.916,8.5
1535,cloud_only_mlp_covertype,,1776511836473.853,1776511836536.955,63.102,1769,1577,1.935,4.4
1536,cloud_only_mlp_covertype,,1776511836541.987,1776511836587.597,45.610,1769,1577,1.885,34.1
1537,cloud_only_mlp_covertype,,1776511836590.600,1776511836636.949,46.349,1769,1577,2.119,0.0
1538,cloud_only_mlp_covertype,,1776511836639.943,1776511836688.692,48.749,1769,1577,1.995,2.1
1539,cloud_only_mlp_covertype,,1776511836693.690,1776511836742.614,48.924,1769,1577,1.826,11.4
1540,cloud_only_mlp_covertype,,1776511836746.616,1776511836792.669,46.053,1769,1577,1.983,1.1
1541,cloud_only_mlp_covertype,,1776511836796.663,1776511836842.786,46.124,1769,1577,1.891,7.3
1542,cloud_only_mlp_covertype,,1776511836844.787,1776511836894.828,50.042,1769,1577,2.378,4.1
1543,cloud_only_mlp_covertype,,1776511836897.827,1776511836946.024,48.197,1769,1577,2.227,13.0
1544,cloud_only_mlp_covertype,,1776511836950.032,1776511836997.255,47.222,1769,1577,2.184,0.0
1545,cloud_only_mlp_covertype,,1776511837001.252,1776511837045.723,44.471,1769,1577,1.964,3.8
1546,cloud_only_mlp_covertype,,1776511837048.730,1776511837096.359,47.629,1769,1577,2.214,2.3
1547,cloud_only_mlp_covertype,,1776511837099.360,1776511837148.013,48.653,1769,1577,2.139,1.7
1548,cloud_only_mlp_covertype,,1776511837152.014,1776511837202.552,50.538,1769,1577,1.822,1.9
1549,cloud_only_mlp_covertype,,1776511837206.551,1776511837277.435,70.884,1769,1577,1.864,0.0
1550,cloud_only_mlp_covertype,,1776511837281.437,1776511837329.793,48.356,1769,1577,1.989,0.0
1551,cloud_only_mlp_covertype,,1776511837333.795,1776511837379.337,45.542,1769,1577,1.935,10.9
1552,cloud_only_mlp_covertype,,1776511837382.327,1776511837449.520,67.192,1769,1577,2.044,2.4
1553,cloud_only_mlp_covertype,,1776511837454.519,1776511837523.637,69.118,1769,1577,1.982,16.7
1554,cloud_only_mlp_covertype,,1776511837527.637,1776511837598.131,70.494,1769,1577,1.834,6.0
1555,cloud_only_mlp_covertype,,1776511837601.536,1776511837645.968,44.432,1769,1577,1.888,4.8
1556,cloud_only_mlp_covertype,,1776511837649.906,1776511837696.515,46.609,1769,1577,2.007,7.9
1557,cloud_only_mlp_covertype,,1776511837701.514,1776511837751.830,50.316,1769,1577,2.066,7.5
1558,cloud_only_mlp_covertype,,1776511837755.828,1776511837814.515,58.687,1769,1577,1.810,8.9
1559,cloud_only_mlp_covertype,,1776511837817.510,1776511837862.681,45.171,1769,1577,1.809,32.5
1560,cloud_only_mlp_covertype,,1776511837864.685,1776511837911.880,47.195,1769,1577,2.058,7.4
1561,cloud_only_mlp_covertype,,1776511837914.885,1776511837962.373,47.488,1769,1577,1.916,15.0
1562,cloud_only_mlp_covertype,,1776511837967.371,1776511838012.911,45.540,1769,1577,2.071,5.0
1563,cloud_only_mlp_covertype,,1776511838015.911,1776511838064.081,48.170,1769,1577,2.219,5.1
1564,cloud_only_mlp_covertype,,1776511838068.087,1776511838125.623,57.536,1769,1577,1.952,9.8
1565,cloud_only_mlp_covertype,,1776511838129.900,1776511838175.276,45.377,1769,1577,2.094,4.8
1566,cloud_only_mlp_covertype,,1776511838179.813,1776511838228.695,48.882,1769,1577,2.010,7.5
1567,cloud_only_mlp_covertype,,1776511838232.688,1776511838280.543,47.855,1769,1577,2.080,2.2
1568,cloud_only_mlp_covertype,,1776511838285.164,1776511838332.308,47.144,1769,1577,1.923,7.1
1569,cloud_only_mlp_covertype,,1776511838336.303,1776511838384.275,47.972,1769,1577,2.013,12.7
1570,cloud_only_mlp_covertype,,1776511838388.276,1776511838438.109,49.833,1769,1577,1.788,0.0
1571,cloud_only_mlp_covertype,,1776511838442.111,1776511838486.612,44.501,1769,1577,2.239,2.2
1572,cloud_only_mlp_covertype,,1776511838489.329,1776511838537.667,48.338,1769,1577,2.059,0.0
1573,cloud_only_mlp_covertype,,1776511838541.663,1776511838588.916,47.253,1769,1577,1.825,13.2
1574,cloud_only_mlp_covertype,,1776511838594.918,1776511838664.793,69.876,1769,1577,1.996,10.9
1575,cloud_only_mlp_covertype,,1776511838668.844,1776511838715.087,46.244,1769,1577,1.940,1.9
1576,cloud_only_mlp_covertype,,1776511838717.926,1776511838761.960,44.034,1769,1577,1.869,2.4
1577,cloud_only_mlp_covertype,,1776511838765.817,1776511838811.041,45.224,1769,1577,2.021,2.0
1578,cloud_only_mlp_covertype,,1776511838815.039,1776511838881.795,66.756,1769,1577,2.014,16.4
1579,cloud_only_mlp_covertype,,1776511838887.149,1776511838933.891,46.742,1769,1577,1.903,4.7
1580,cloud_only_mlp_covertype,,1776511838936.586,1776511838980.464,43.878,1769,1577,2.004,5.4
1581,cloud_only_mlp_covertype,,1776511838984.056,1776511839029.154,45.098,1769,1577,2.112,8.3
1582,cloud_only_mlp_covertype,,1776511839033.149,1776511839082.277,49.128,1769,1577,1.903,10.0
1583,cloud_only_mlp_covertype,,1776511839087.290,1776511839161.558,74.268,1769,1577,1.792,7.8
1584,cloud_only_mlp_covertype,,1776511839166.568,1776511839244.652,78.084,1769,1577,2.077,11.8
1585,cloud_only_mlp_covertype,,1776511839247.650,1776511839293.788,46.138,1769,1577,2.105,6.2
1586,cloud_only_mlp_covertype,,1776511839297.780,1776511839346.604,48.825,1769,1577,1.833,7.4
1587,cloud_only_mlp_covertype,,1776511839350.672,1776511839399.970,49.298,1769,1577,2.153,14.8
1588,cloud_only_mlp_covertype,,1776511839403.973,1776511839470.348,66.375,1769,1577,1.847,1.8
1589,cloud_only_mlp_covertype,,1776511839474.875,1776511839520.952,46.076,1769,1577,2.074,3.4
1590,cloud_only_mlp_covertype,,1776511839524.543,1776511839573.278,48.735,1769,1577,2.054,7.5
1591,cloud_only_mlp_covertype,,1776511839577.285,1776511839626.284,48.999,1769,1577,1.916,2.3
1592,cloud_only_mlp_covertype,,1776511839631.288,1776511839681.275,49.987,1769,1577,1.984,14.0
1593,cloud_only_mlp_covertype,,1776511839684.277,1776511839734.037,49.760,1769,1577,1.915,0.0
1594,cloud_only_mlp_covertype,,1776511839739.032,1776511839784.923,45.890,1769,1577,2.410,0.0
1595,cloud_only_mlp_covertype,,1776511839789.148,1776511839836.667,47.520,1769,1577,2.024,14.0
1596,cloud_only_mlp_covertype,,1776511839840.672,1776511839889.167,48.496,1769,1577,1.985,2.6
1597,cloud_only_mlp_covertype,,1776511839893.167,1776511839941.362,48.195,1769,1577,1.926,3.9
1598,cloud_only_mlp_covertype,,1776511839945.355,1776511839991.929,46.574,1769,1577,2.210,6.1
1599,cloud_only_mlp_covertype,,1776511839996.931,1776511840055.462,58.531,1769,1577,1.888,6.0
1600,cloud_only_mlp_covertype,,1776511840058.899,1776511840108.028,49.130,1769,1577,2.427,0.0
1601,cloud_only_mlp_covertype,,1776511840112.021,1776511840159.925,47.904,1769,1577,2.575,8.9
1602,cloud_only_mlp_covertype,,1776511840163.926,1776511840210.901,46.975,1769,1577,1.823,17.2
1603,cloud_only_mlp_covertype,,1776511840214.902,1776511840260.833,45.931,1769,1577,2.095,22.2
1604,cloud_only_mlp_covertype,,1776511840263.837,1776511840334.417,70.580,1769,1577,1.835,0.0
1605,cloud_only_mlp_covertype,,1776511840339.413,1776511840409.622,70.208,1769,1577,1.864,20.0
1606,cloud_only_mlp_covertype,,1776511840413.156,1776511840459.782,46.626,1769,1577,1.978,8.9
1607,cloud_only_mlp_covertype,,1776511840463.784,1776511840508.304,44.521,1769,1577,2.016,14.9
1608,cloud_only_mlp_covertype,,1776511840512.307,1776511840558.329,46.022,1769,1577,1.958,2.4
1609,cloud_only_mlp_covertype,,1776511840562.326,1776511840625.890,63.564,1769,1577,1.825,5.3
1610,cloud_only_mlp_covertype,,1776511840630.898,1776511840691.034,60.136,1769,1577,1.853,6.6
1611,cloud_only_mlp_covertype,,1776511840696.035,1776511840742.683,46.648,1769,1577,1.870,2.4
1612,cloud_only_mlp_covertype,,1776511840745.704,1776511840789.991,44.288,1769,1577,1.832,3.6
1613,cloud_only_mlp_covertype,,1776511840792.996,1776511840836.736,43.740,1769,1577,1.902,1.9
1614,cloud_only_mlp_covertype,,1776511840839.756,1776511840887.324,47.568,1769,1577,2.085,1.9
1615,cloud_only_mlp_covertype,,1776511840891.902,1776511840952.887,60.985,1769,1577,1.993,1.4
1616,cloud_only_mlp_covertype,,1776511840957.885,1776511841003.844,45.959,1769,1577,1.912,8.2
1617,cloud_only_mlp_covertype,,1776511841007.850,1776511841054.383,46.533,1769,1577,1.981,8.1
1618,cloud_only_mlp_covertype,,1776511841058.387,1776511841110.629,52.242,1769,1577,1.956,5.4
1619,cloud_only_mlp_covertype,,1776511841114.624,1776511841164.053,49.429,1769,1577,2.104,3.9
1620,cloud_only_mlp_covertype,,1776511841168.055,1776511841226.267,58.212,1769,1577,1.895,10.1
1621,cloud_only_mlp_covertype,,1776511841230.269,1776511841295.712,65.443,1769,1577,2.295,56.2
1622,cloud_only_mlp_covertype,,1776511841296.712,1776511841344.240,47.529,1769,1577,2.013,8.2
1623,cloud_only_mlp_covertype,,1776511841347.229,1776511841398.098,50.869,1769,1577,1.916,21.7
1624,cloud_only_mlp_covertype,,1776511841403.417,1776511841452.426,49.009,1769,1577,1.912,12.5
1625,cloud_only_mlp_covertype,,1776511841456.425,1776511841505.845,49.420,1769,1577,2.147,9.7
1626,cloud_only_mlp_covertype,,1776511841509.224,1776511841569.037,59.813,1769,1577,2.023,7.4
1627,cloud_only_mlp_covertype,,1776511841573.032,1776511841619.915,46.883,1769,1577,1.924,13.6
1628,cloud_only_mlp_covertype,,1776511841625.635,1776511841672.736,47.101,1769,1577,2.212,4.7
1629,cloud_only_mlp_covertype,,1776511841677.105,1776511841726.353,49.248,1769,1577,2.266,6.7
1630,cloud_only_mlp_covertype,,1776511841731.356,1776511841776.719,45.363,1769,1577,2.058,0.0
1631,cloud_only_mlp_covertype,,1776511841780.723,1776511841825.752,45.029,1769,1577,2.253,2.0
1632,cloud_only_mlp_covertype,,1776511841829.891,1776511841888.397,58.506,1769,1577,2.052,3.2
1633,cloud_only_mlp_covertype,,1776511841893.934,1776511841966.479,72.545,1769,1577,1.859,4.8
1634,cloud_only_mlp_covertype,,1776511841972.486,1776511842018.404,45.918,1769,1577,2.150,1.9
1635,cloud_only_mlp_covertype,,1776511842022.423,1776511842067.836,45.414,1769,1577,2.185,0.0
1636,cloud_only_mlp_covertype,,1776511842070.841,1776511842118.881,48.040,1769,1577,2.124,8.9
1637,cloud_only_mlp_covertype,,1776511842122.858,1776511842169.919,47.061,1769,1577,2.087,6.7
1638,cloud_only_mlp_covertype,,1776511842173.282,1776511842216.712,43.429,1769,1577,1.997,4.2
1639,cloud_only_mlp_covertype,,1776511842219.612,1776511842266.492,46.880,1769,1577,2.466,6.2
1640,cloud_only_mlp_covertype,,1776511842269.498,1776511842333.215,63.716,1769,1577,2.052,6.8
1641,cloud_only_mlp_covertype,,1776511842338.211,1776511842383.600,45.389,1769,1577,1.913,4.9
1642,cloud_only_mlp_covertype,,1776511842387.617,1776511842433.885,46.267,1769,1577,1.934,10.2
1643,cloud_only_mlp_covertype,,1776511842438.907,1776511842505.260,66.353,1769,1577,2.223,1.4
1644,cloud_only_mlp_covertype,,1776511842509.259,1776511842556.198,46.939,1769,1577,2.156,6.0
1645,cloud_only_mlp_covertype,,1776511842560.200,1776511842607.417,47.217,1769,1577,1.900,1.9
1646,cloud_only_mlp_covertype,,1776511842611.393,1776511842660.830,49.437,1769,1577,1.891,3.7
1647,cloud_only_mlp_covertype,,1776511842663.833,1776511842711.995,48.163,1769,1577,1.957,8.8
1648,cloud_only_mlp_covertype,,1776511842715.998,1776511842761.556,45.557,1769,1577,2.120,0.0
1649,cloud_only_mlp_covertype,,1776511842765.557,1776511842814.319,48.762,1769,1577,2.073,1.9
1650,cloud_only_mlp_covertype,,1776511842819.318,1776511842867.864,48.546,1769,1577,1.911,9.1
1651,cloud_only_mlp_covertype,,1776511842871.864,1776511842921.122,49.258,1769,1577,1.916,0.0
1652,cloud_only_mlp_covertype,,1776511842924.124,1776511842969.156,45.031,1769,1577,1.940,4.0
1653,cloud_only_mlp_covertype,,1776511842971.164,1776511843019.373,48.209,1769,1577,2.072,6.8
1654,cloud_only_mlp_covertype,,1776511843021.376,1776511843070.507,49.131,1769,1577,1.929,6.5
1655,cloud_only_mlp_covertype,,1776511843074.523,1776511843122.492,47.969,1769,1577,1.882,3.3
1656,cloud_only_mlp_covertype,,1776511843126.492,1776511843174.294,47.802,1769,1577,1.945,4.2
1657,cloud_only_mlp_covertype,,1776511843178.292,1776511843225.833,47.541,1769,1577,1.905,4.0
1658,cloud_only_mlp_covertype,,1776511843230.858,1776511843287.632,56.774,1769,1577,2.287,14.5
1659,cloud_only_mlp_covertype,,1776511843291.663,1776511843338.624,46.961,1769,1577,1.821,14.3
1660,cloud_only_mlp_covertype,,1776511843343.713,1776511843392.031,48.318,1769,1577,2.049,6.5
1661,cloud_only_mlp_covertype,,1776511843396.050,1776511843442.940,46.890,1769,1577,1.913,14.6
1662,cloud_only_mlp_covertype,,1776511843446.946,1776511843490.448,43.502,1769,1577,1.864,8.0
1663,cloud_only_mlp_covertype,,1776511843494.451,1776511843550.479,56.028,1769,1577,1.822,15.6
1664,cloud_only_mlp_covertype,,1776511843555.480,1776511843603.150,47.670,1769,1577,2.085,6.8
1665,cloud_only_mlp_covertype,,1776511843607.713,1776511843655.461,47.748,1769,1577,1.966,8.0
1666,cloud_only_mlp_covertype,,1776511843659.479,1776511843706.715,47.235,1769,1577,1.914,10.1
1667,cloud_only_mlp_covertype,,1776511843711.001,1776511843755.784,44.783,1769,1577,1.992,8.1
1668,cloud_only_mlp_covertype,,1776511843758.782,1776511843829.335,70.553,1769,1577,1.935,4.1
1669,cloud_only_mlp_covertype,,1776511843834.330,1776511843882.313,47.984,1769,1577,1.883,6.4
1670,cloud_only_mlp_covertype,,1776511843886.334,1776511843951.436,65.103,1769,1577,1.954,9.2
1671,cloud_only_mlp_covertype,,1776511843955.442,1776511844014.472,59.030,1769,1577,1.786,2.6
1672,cloud_only_mlp_covertype,,1776511844016.475,1776511844065.342,48.866,1769,1577,2.010,0.0
1673,cloud_only_mlp_covertype,,1776511844070.349,1776511844115.747,45.398,1769,1577,2.060,13.5
1674,cloud_only_mlp_covertype,,1776511844119.748,1776511844169.402,49.654,1769,1577,1.993,1.8
1675,cloud_only_mlp_covertype,,1776511844173.399,1776511844222.682,49.283,1769,1577,2.055,7.0
1676,cloud_only_mlp_covertype,,1776511844225.698,1776511844270.752,45.054,1769,1577,2.415,0.0
1677,cloud_only_mlp_covertype,,1776511844273.484,1776511844318.422,44.938,1769,1577,1.904,4.2
1678,cloud_only_mlp_covertype,,1776511844321.438,1776511844369.348,47.909,1769,1577,1.971,1.9
1679,cloud_only_mlp_covertype,,1776511844372.365,1776511844421.378,49.013,1769,1577,1.882,3.4
1680,cloud_only_mlp_covertype,,1776511844426.376,1776511844469.949,43.573,1769,1577,1.876,6.4
1681,cloud_only_mlp_covertype,,1776511844475.957,1776511844521.157,45.200,1769,1577,2.122,0.0
1682,cloud_only_mlp_covertype,,1776511844524.164,1776511844586.431,62.267,1769,1577,1.842,10.3
1683,cloud_only_mlp_covertype,,1776511844591.430,1776511844640.174,48.744,1769,1577,3.260,13.0
1684,cloud_only_mlp_covertype,,1776511844645.161,1776511844690.215,45.054,1769,1577,2.113,28.6
1685,cloud_only_mlp_covertype,,1776511844693.214,1776511844738.167,44.954,1769,1577,1.969,17.6
1686,cloud_only_mlp_covertype,,1776511844742.170,1776511844805.066,62.896,1769,1577,1.834,70.0
1687,cloud_only_mlp_covertype,,1776511844810.249,1776511844857.765,47.517,1769,1577,2.677,1.2
1688,cloud_only_mlp_covertype,,1776511844862.768,1776511844914.314,51.546,1769,1577,1.999,9.0
1689,cloud_only_mlp_covertype,,1776511844919.625,1776511845040.989,121.364,1769,1577,1.920,9.4
1690,cloud_only_mlp_covertype,,1776511845044.048,1776511845093.273,49.225,1769,1577,2.227,0.0
1691,cloud_only_mlp_covertype,,1776511845096.287,1776511845140.942,44.654,1769,1577,2.149,2.0
1692,cloud_only_mlp_covertype,,1776511845145.288,1776511845207.408,62.120,1769,1577,1.846,4.9
1693,cloud_only_mlp_covertype,,1776511845210.413,1776511845259.501,49.088,1769,1577,2.068,11.5
1694,cloud_only_mlp_covertype,,1776511845262.144,1776511845307.339,45.195,1769,1577,2.135,6.0
1695,cloud_only_mlp_covertype,,1776511845311.848,1776511845359.667,47.819,1769,1577,2.091,3.8
1696,cloud_only_mlp_covertype,,1776511845364.669,1776511845435.894,71.225,1769,1577,1.962,0.0
1697,cloud_only_mlp_covertype,,1776511845440.885,1776511845490.735,49.850,1769,1577,2.027,3.8
1698,cloud_only_mlp_covertype,,1776511845493.733,1776511845538.707,44.973,1769,1577,2.010,8.2
1699,cloud_only_mlp_covertype,,1776511845542.718,1776511845589.765,47.048,1769,1577,1.946,5.2
1700,cloud_only_mlp_covertype,,1776511845593.775,1776511845641.858,48.083,1769,1577,1.968,0.0
1701,cloud_only_mlp_covertype,,1776511845645.859,1776511845712.717,66.857,1769,1577,2.089,5.3
1702,cloud_only_mlp_covertype,,1776511845718.016,1776511845772.995,54.979,1769,1577,2.072,0.0
1703,cloud_only_mlp_covertype,,1776511845776.991,1776511845820.958,43.968,1769,1577,2.117,3.6
1704,cloud_only_mlp_covertype,,1776511845826.340,1776511845872.056,45.717,1769,1577,2.203,9.1
1705,cloud_only_mlp_covertype,,1776511845875.041,1776511845920.046,45.005,1769,1577,2.069,6.5
1706,cloud_only_mlp_covertype,,1776511845924.052,1776511845972.383,48.332,1769,1577,2.529,11.9
1707,cloud_only_mlp_covertype,,1776511845976.386,1776511846037.185,60.799,1769,1577,1.967,5.3
1708,cloud_only_mlp_covertype,,1776511846042.450,1776511846111.788,69.338,1769,1577,2.017,8.6
1709,cloud_only_mlp_covertype,,1776511846116.329,1776511846163.570,47.241,1769,1577,3.515,8.2
1710,cloud_only_mlp_covertype,,1776511846167.568,1776511846214.869,47.301,1769,1577,1.891,12.3
1711,cloud_only_mlp_covertype,,1776511846217.833,1776511846266.187,48.354,1769,1577,1.805,5.9
1712,cloud_only_mlp_covertype,,1776511846271.184,1776511846327.268,56.083,1769,1577,1.884,3.1
1713,cloud_only_mlp_covertype,,1776511846332.258,1776511846391.459,59.201,1769,1577,1.948,5.9
1714,cloud_only_mlp_covertype,,1776511846397.458,1776511846446.531,49.073,1769,1577,1.949,10.2
1715,cloud_only_mlp_covertype,,1776511846449.540,1776511846499.418,49.878,1769,1577,2.494,10.9
1716,cloud_only_mlp_covertype,,1776511846504.409,1776511846549.851,45.442,1769,1577,2.267,5.1
1717,cloud_only_mlp_covertype,,1776511846553.855,1776511846599.680,45.825,1769,1577,1.900,5.8
1718,cloud_only_mlp_covertype,,1776511846603.679,1776511846651.073,47.394,1769,1577,2.029,7.7
1719,cloud_only_mlp_covertype,,1776511846656.100,1776511846703.605,47.505,1769,1577,1.970,1.8
1720,cloud_only_mlp_covertype,,1776511846709.612,1776511846758.702,49.090,1769,1577,1.942,37.5
1721,cloud_only_mlp_covertype,,1776511846763.730,1776511846813.639,49.909,1769,1577,2.086,0.0
1722,cloud_only_mlp_covertype,,1776511846816.656,1776511846887.257,70.602,1769,1577,1.816,0.0
1723,cloud_only_mlp_covertype,,1776511846891.261,1776511846935.612,44.350,1769,1577,1.922,5.7
1724,cloud_only_mlp_covertype,,1776511846938.623,1776511846988.390,49.767,1769,1577,1.951,2.0
1725,cloud_only_mlp_covertype,,1776511846992.396,1776511847041.181,48.785,1769,1577,2.033,5.2
1726,cloud_only_mlp_covertype,,1776511847044.187,1776511847091.353,47.167,1769,1577,1.898,0.0
1727,cloud_only_mlp_covertype,,1776511847096.740,1776511847144.720,47.980,1769,1577,1.979,0.0
1728,cloud_only_mlp_covertype,,1776511847148.719,1776511847196.824,48.105,1769,1577,2.045,7.0
1729,cloud_only_mlp_covertype,,1776511847200.926,1776511847249.228,48.303,1769,1577,1.937,5.7
1730,cloud_only_mlp_covertype,,1776511847252.239,1776511847298.038,45.799,1769,1577,1.958,0.0
1731,cloud_only_mlp_covertype,,1776511847302.045,1776511847345.235,43.190,1769,1577,1.898,4.5
1732,cloud_only_mlp_covertype,,1776511847349.233,1776511847397.029,47.796,1769,1577,2.007,0.0
1733,cloud_only_mlp_covertype,,1776511847401.057,1776511847451.367,50.310,1769,1577,1.943,3.3
1734,cloud_only_mlp_covertype,,1776511847456.364,1776511847523.368,67.004,1769,1577,1.945,13.7
1735,cloud_only_mlp_covertype,,1776511847526.357,1776511847571.388,45.031,1769,1577,1.971,7.3
1736,cloud_only_mlp_covertype,,1776511847576.642,1776511847647.619,70.977,1769,1577,2.020,56.2
1737,cloud_only_mlp_covertype,,1776511847650.621,1776511847703.388,52.768,1769,1577,1.908,7.4
1738,cloud_only_mlp_covertype,,1776511847707.388,1776511847757.300,49.912,1769,1577,1.946,16.3
1739,cloud_only_mlp_covertype,,1776511847762.289,1776511847810.415,48.126,1769,1577,1.894,25.8
1740,cloud_only_mlp_covertype,,1776511847815.489,1776511847861.985,46.496,1769,1577,1.923,6.0
1741,cloud_only_mlp_covertype,,1776511847864.737,1776511847927.749,63.012,1769,1577,2.114,2.0
1742,cloud_only_mlp_covertype,,1776511847931.818,1776511847981.382,49.564,1769,1577,2.124,18.6
1743,cloud_only_mlp_covertype,,1776511847984.385,1776511848053.146,68.762,1769,1577,1.982,3.9
1744,cloud_only_mlp_covertype,,1776511848060.147,1776511848129.735,69.588,1769,1577,1.841,2.7
1745,cloud_only_mlp_covertype,,1776511848133.736,1776511848178.408,44.673,1769,1577,2.053,8.8
1746,cloud_only_mlp_covertype,,1776511848181.514,1776511848254.505,72.991,1769,1577,1.880,15.3
1747,cloud_only_mlp_covertype,,1776511848259.001,1776511848310.303,51.302,1769,1577,1.835,5.1
1748,cloud_only_mlp_covertype,,1776511848314.302,1776511848376.722,62.420,1769,1577,2.034,1.8
1749,cloud_only_mlp_covertype,,1776511848381.190,1776511848427.885,46.695,1769,1577,1.963,5.9
1750,cloud_only_mlp_covertype,,1776511848433.026,1776511848479.953,46.927,1769,1577,2.045,8.8
1751,cloud_only_mlp_covertype,,1776511848482.961,1776511848531.656,48.695,1769,1577,1.998,6.2
1752,cloud_only_mlp_covertype,,1776511848535.653,1776511848585.810,50.157,1769,1577,1.793,3.4
1753,cloud_only_mlp_covertype,,1776511848589.811,1776511848638.086,48.275,1769,1577,1.834,4.0
1754,cloud_only_mlp_covertype,,1776511848642.082,1776511848702.693,60.611,1769,1577,1.842,5.0
1755,cloud_only_mlp_covertype,,1776511848707.680,1776511848754.216,46.536,1769,1577,2.158,14.8
1756,cloud_only_mlp_covertype,,1776511848759.300,1776511848827.824,68.525,1769,1577,1.933,3.7
1757,cloud_only_mlp_covertype,,1776511848832.360,1776511848880.045,47.685,1769,1577,2.016,7.7
1758,cloud_only_mlp_covertype,,1776511848884.045,1776511848951.908,67.863,1769,1577,1.994,4.1
1759,cloud_only_mlp_covertype,,1776511848956.913,1776511849005.194,48.281,1769,1577,2.088,3.1
1760,cloud_only_mlp_covertype,,1776511849008.200,1776511849053.248,45.048,1769,1577,2.060,11.1
1761,cloud_only_mlp_covertype,,1776511849057.252,1776511849102.127,44.874,1769,1577,1.903,11.5
1762,cloud_only_mlp_covertype,,1776511849106.130,1776511849153.738,47.608,1769,1577,1.828,0.0
1763,cloud_only_mlp_covertype,,1776511849157.735,1776511849205.160,47.425,1769,1577,2.039,7.3
1764,cloud_only_mlp_covertype,,1776511849209.151,1776511849255.463,46.312,1769,1577,1.801,15.6
1765,cloud_only_mlp_covertype,,1776511849259.463,1776511849336.587,77.124,1769,1577,2.014,8.6
1766,cloud_only_mlp_covertype,,1776511849340.618,1776511849414.427,73.809,1769,1577,1.821,8.8
1767,cloud_only_mlp_covertype,,1776511849421.034,1776511849469.710,48.676,1769,1577,1.925,8.2
1768,cloud_only_mlp_covertype,,1776511849472.711,1776511849535.062,62.351,1769,1577,2.017,13.1
1769,cloud_only_mlp_covertype,,1776511849540.102,1776511849586.022,45.920,1769,1577,1.891,3.3
1770,cloud_only_mlp_covertype,,1776511849590.028,1776511849639.927,49.898,1769,1577,2.003,1.9
1771,cloud_only_mlp_covertype,,1776511849643.928,1776511849690.673,46.745,1769,1577,1.993,16.7
1772,cloud_only_mlp_covertype,,1776511849693.673,1776511849742.044,48.372,1769,1577,2.031,10.2
1773,cloud_only_mlp_covertype,,1776511849745.043,1776511849794.701,49.659,1769,1577,1.879,12.3
1774,cloud_only_mlp_covertype,,1776511849798.604,1776511849860.663,62.059,1769,1577,2.298,1.5
1775,cloud_only_mlp_covertype,,1776511849866.716,1776511849923.154,56.438,1769,1577,1.858,3.2
1776,cloud_only_mlp_covertype,,1776511849927.692,1776511849974.974,47.282,1769,1577,1.860,9.3
1777,cloud_only_mlp_covertype,,1776511849980.527,1776511850047.673,67.146,1769,1577,1.853,10.1
1778,cloud_only_mlp_covertype,,1776511850052.676,1776511850097.077,44.401,1769,1577,1.911,4.1
1779,cloud_only_mlp_covertype,,1776511850101.076,1776511850146.236,45.161,1769,1577,1.836,6.1
1780,cloud_only_mlp_covertype,,1776511850151.241,1776511850200.959,49.718,1769,1577,2.123,5.0
1781,cloud_only_mlp_covertype,,1776511850205.951,1776511850253.164,47.213,1769,1577,1.954,6.5
1782,cloud_only_mlp_covertype,,1776511850257.161,1776511850324.723,67.562,1769,1577,2.025,4.3
1783,cloud_only_mlp_covertype,,1776511850330.743,1776511850377.964,47.221,1769,1577,2.118,0.0
1784,cloud_only_mlp_covertype,,1776511850380.968,1776511850451.406,70.438,1769,1577,1.795,3.0
1785,cloud_only_mlp_covertype,,1776511850458.399,1776511850528.187,69.787,1769,1577,1.924,0.0
1786,cloud_only_mlp_covertype,,1776511850532.187,1776511850577.884,45.697,1769,1577,1.793,2.0
1787,cloud_only_mlp_covertype,,1776511850581.907,1776511850650.970,69.062,1769,1577,1.813,2.9
1788,cloud_only_mlp_covertype,,1776511850654.978,1776511850756.086,101.108,1769,1577,1.972,1.2
1789,cloud_only_mlp_covertype,,1776511850757.764,1776511850804.357,46.593,1769,1577,1.969,13.6
1790,cloud_only_mlp_covertype,,1776511850808.358,1776511850857.479,49.121,1769,1577,2.045,1.6
1791,cloud_only_mlp_covertype,,1776511850863.479,1776511850910.086,46.606,1769,1577,1.932,2.0
1792,cloud_only_mlp_covertype,,1776511850913.096,1776511850959.568,46.471,1769,1577,1.956,2.1
1793,cloud_only_mlp_covertype,,1776511850963.570,1776511851021.928,58.358,1769,1577,1.784,7.5
1794,cloud_only_mlp_covertype,,1776511851026.394,1776511851074.676,48.282,1769,1577,1.837,20.8
1795,cloud_only_mlp_covertype,,1776511851078.674,1776511851147.220,68.546,1769,1577,2.026,5.1
1796,cloud_only_mlp_covertype,,1776511851153.386,1776511851223.405,70.018,1769,1577,2.362,5.4
1797,cloud_only_mlp_covertype,,1776511851228.059,1776511851275.069,47.009,1769,1577,1.949,14.3
1798,cloud_only_mlp_covertype,,1776511851279.063,1776511851327.871,48.808,1769,1577,2.028,2.4
1799,cloud_only_mlp_covertype,,1776511851331.879,1776511851394.916,63.037,1769,1577,1.846,1.5
1800,cloud_only_mlp_covertype,,1776511851399.239,1776511851447.674,48.435,1769,1577,2.129,4.9
1801,cloud_only_mlp_covertype,,1776511851450.577,1776511851495.817,45.240,1769,1577,1.926,9.8
1802,cloud_only_mlp_covertype,,1776511851498.823,1776511851547.258,48.435,1769,1577,1.841,7.8
1803,cloud_only_mlp_covertype,,1776511851551.496,1776511851599.523,48.027,1769,1577,2.366,5.5
1804,cloud_only_mlp_covertype,,1776511851602.522,1776511851673.882,71.360,1769,1577,2.000,6.1
1805,cloud_only_mlp_covertype,,1776511851679.883,1776511851727.167,47.284,1769,1577,1.977,6.1
1806,cloud_only_mlp_covertype,,1776511851730.190,1776511851774.137,43.948,1769,1577,1.806,10.7
1807,cloud_only_mlp_covertype,,1776511851778.136,1776511851822.317,44.180,1769,1577,1.880,12.8
1808,cloud_only_mlp_covertype,,1776511851826.884,1776511851876.325,49.441,1769,1577,2.614,0.0
1809,cloud_only_mlp_covertype,,1776511851880.321,1776511851952.536,72.215,1769,1577,2.162,2.6
1810,cloud_only_mlp_covertype,,1776511851957.536,1776511852005.151,47.615,1769,1577,2.381,0.0
1811,cloud_only_mlp_covertype,,1776511852007.970,1776511852055.146,47.176,1769,1577,1.982,23.8
1812,cloud_only_mlp_covertype,,1776511852059.148,1776511852121.002,61.854,1769,1577,2.300,3.1
1813,cloud_only_mlp_covertype,,1776511852125.012,1776511852175.163,50.151,1769,1577,1.961,1.9
1814,cloud_only_mlp_covertype,,1776511852178.160,1776511852227.512,49.352,1769,1577,1.997,24.4
1815,cloud_only_mlp_covertype,,1776511852232.527,1776511852303.411,70.884,1769,1577,1.922,2.2
1816,cloud_only_mlp_covertype,,1776511852307.425,1776511852378.409,70.984,1769,1577,3.261,8.2
1817,cloud_only_mlp_covertype,,1776511852384.748,1776511852431.422,46.674,1769,1577,2.102,10.5
1818,cloud_only_mlp_covertype,,1776511852435.429,1776511852480.852,45.423,1769,1577,1.958,7.5
1819,cloud_only_mlp_covertype,,1776511852483.867,1776511852549.192,65.324,1769,1577,2.065,9.8
1820,cloud_only_mlp_covertype,,1776511852553.187,1776511852603.709,50.522,1769,1577,2.074,7.9
1821,cloud_only_mlp_covertype,,1776511852608.718,1776511852658.094,49.376,1769,1577,1.899,0.0
1822,cloud_only_mlp_covertype,,1776511852664.099,1776511852735.571,71.472,1769,1577,1.837,7.1
1823,cloud_only_mlp_covertype,,1776511852739.561,1776511852787.213,47.652,1769,1577,1.929,3.7
1824,cloud_only_mlp_covertype,,1776511852790.441,1776511852837.155,46.714,1769,1577,1.967,10.4
1825,cloud_only_mlp_covertype,,1776511852840.132,1776511852889.524,49.393,1769,1577,1.935,0.0
1826,cloud_only_mlp_covertype,,1776511852893.832,1776511852938.924,45.092,1769,1577,1.977,0.0
1827,cloud_only_mlp_covertype,,1776511852943.935,1776511852989.923,45.989,1769,1577,2.120,0.0
1828,cloud_only_mlp_covertype,,1776511852992.939,1776511853041.399,48.460,1769,1577,1.806,16.7
1829,cloud_only_mlp_covertype,,1776511853046.325,1776511853119.088,72.763,1769,1577,2.055,6.9
1830,cloud_only_mlp_covertype,,1776511853124.104,1776511853170.455,46.351,1769,1577,1.802,13.6
1831,cloud_only_mlp_covertype,,1776511853173.444,1776511853218.653,45.209,1769,1577,1.891,13.6
1832,cloud_only_mlp_covertype,,1776511853222.670,1776511853290.367,67.697,1769,1577,2.258,10.0
1833,cloud_only_mlp_covertype,,1776511853293.368,1776511853364.736,71.368,1769,1577,2.007,4.5
1834,cloud_only_mlp_covertype,,1776511853367.736,1776511853441.442,73.706,1769,1577,2.027,10.4
1835,cloud_only_mlp_covertype,,1776511853446.434,1776511853494.460,48.026,1769,1577,1.987,6.0
1836,cloud_only_mlp_covertype,,1776511853497.477,1776511853565.400,67.923,1769,1577,2.044,38.5
1837,cloud_only_mlp_covertype,,1776511853567.401,1776511853624.742,57.341,1769,1577,1.847,1.9
1838,cloud_only_mlp_covertype,,1776511853628.996,1776511853677.505,48.509,1769,1577,1.944,0.0
1839,cloud_only_mlp_covertype,,1776511853681.506,1776511853729.369,47.863,1769,1577,1.799,3.9
1840,cloud_only_mlp_covertype,,1776511853733.380,1776511853779.627,46.247,1769,1577,2.090,1.5
1841,cloud_only_mlp_covertype,,1776511853785.625,1776511853831.148,45.523,1769,1577,1.823,5.9
1842,cloud_only_mlp_covertype,,1776511853835.149,1776511853882.960,47.811,1769,1577,1.937,10.5
1843,cloud_only_mlp_covertype,,1776511853886.964,1776511853951.515,64.551,1769,1577,1.909,1.3
1844,cloud_only_mlp_covertype,,1776511853956.512,1776511854003.631,47.119,1769,1577,2.477,0.0
1845,cloud_only_mlp_covertype,,1776511854006.629,1776511854070.140,63.511,1769,1577,1.830,13.2
1846,cloud_only_mlp_covertype,,1776511854074.871,1776511854148.422,73.551,1769,1577,2.022,15.1
1847,cloud_only_mlp_covertype,,1776511854153.417,1776511854203.503,50.085,1769,1577,1.946,2.0
1848,cloud_only_mlp_covertype,,1776511854207.494,1776511854253.033,45.539,1769,1577,1.888,7.3
1849,cloud_only_mlp_covertype,,1776511854255.043,1776511854314.160,59.117,1769,1577,1.836,7.5
1850,cloud_only_mlp_covertype,,1776511854318.155,1776511854363.813,45.658,1769,1577,1.912,8.2
1851,cloud_only_mlp_covertype,,1776511854371.805,1776511854441.385,69.580,1769,1577,2.076,10.1
1852,cloud_only_mlp_covertype,,1776511854445.381,1776511854495.854,50.472,1769,1577,1.879,11.1
1853,cloud_only_mlp_covertype,,1776511854499.862,1776511854548.758,48.896,1769,1577,2.128,1.8
1854,cloud_only_mlp_covertype,,1776511854551.755,1776511854622.307,70.552,1769,1577,1.868,3.9
1855,cloud_only_mlp_covertype,,1776511854626.334,1776511854675.277,48.942,1769,1577,1.926,0.0
1856,cloud_only_mlp_covertype,,1776511854678.278,1776511854727.807,49.529,1769,1577,2.257,3.6
1857,cloud_only_mlp_covertype,,1776511854731.806,1776511854776.897,45.091,1769,1577,2.117,0.0
1858,cloud_only_mlp_covertype,,1776511854780.906,1776511854840.970,60.063,1769,1577,2.032,6.1
1859,cloud_only_mlp_covertype,,1776511854846.357,1776511854893.590,47.233,1769,1577,1.869,3.8
1860,cloud_only_mlp_covertype,,1776511854897.604,1776511854944.249,46.646,1769,1577,1.971,6.0
1861,cloud_only_mlp_covertype,,1776511854948.255,1776511854995.689,47.434,1769,1577,2.274,1.9
1862,cloud_only_mlp_covertype,,1776511855000.689,1776511855059.524,58.836,1769,1577,2.175,3.7
1863,cloud_only_mlp_covertype,,1776511855065.547,1776511855135.405,69.858,1769,1577,1.983,13.6
1864,cloud_only_mlp_covertype,,1776511855140.652,1776511855188.431,47.779,1769,1577,2.048,0.0
1865,cloud_only_mlp_covertype,,1776511855192.422,1776511855260.741,68.319,1769,1577,1.889,0.0
1866,cloud_only_mlp_covertype,,1776511855265.760,1776511855313.989,48.230,1769,1577,1.832,1.9
1867,cloud_only_mlp_covertype,,1776511855315.993,1776511855361.065,45.073,1769,1577,1.864,8.5
1868,cloud_only_mlp_covertype,,1776511855364.071,1776511855429.775,65.704,1769,1577,1.924,2.7
1869,cloud_only_mlp_covertype,,1776511855434.247,1776511855482.656,48.409,1769,1577,1.973,17.9
1870,cloud_only_mlp_covertype,,1776511855486.656,1776511855537.277,50.621,1769,1577,2.097,15.7
1871,cloud_only_mlp_covertype,,1776511855541.273,1776511855587.718,46.444,1769,1577,1.789,14.1
1872,cloud_only_mlp_covertype,,1776511855590.715,1776511855636.368,45.653,1769,1577,2.192,11.5
1873,cloud_only_mlp_covertype,,1776511855640.363,1776511855690.269,49.907,1769,1577,1.911,0.0
1874,cloud_only_mlp_covertype,,1776511855693.281,1776511855741.485,48.204,1769,1577,1.883,21.0
1875,cloud_only_mlp_covertype,,1776511855744.485,1776511855789.495,45.010,1769,1577,1.932,8.2
1876,cloud_only_mlp_covertype,,1776511855793.497,1776511855836.923,43.426,1769,1577,2.093,7.3
1877,cloud_only_mlp_covertype,,1776511855839.940,1776511855889.712,49.772,1769,1577,2.138,11.8
1878,cloud_only_mlp_covertype,,1776511855893.739,1776511855941.416,47.677,1769,1577,2.024,0.0
1879,cloud_only_mlp_covertype,,1776511855945.480,1776511855991.370,45.890,1769,1577,1.911,8.7
1880,cloud_only_mlp_covertype,,1776511855994.269,1776511856060.064,65.795,1769,1577,2.121,6.6
1881,cloud_only_mlp_covertype,,1776511856064.062,1776511856109.798,45.736,1769,1577,2.163,6.1
1882,cloud_only_mlp_covertype,,1776511856114.793,1776511856159.652,44.859,1769,1577,1.894,7.3
1883,cloud_only_mlp_covertype,,1776511856163.661,1776511856213.302,49.641,1769,1577,2.510,6.8
1884,cloud_only_mlp_covertype,,1776511856217.781,1776511856267.016,49.235,1769,1577,1.961,1.4
1885,cloud_only_mlp_covertype,,1776511856272.013,1776511856336.524,64.511,1769,1577,1.993,4.5
1886,cloud_only_mlp_covertype,,1776511856341.527,1776511856398.787,57.260,1769,1577,1.799,9.8
1887,cloud_only_mlp_covertype,,1776511856402.777,1776511856452.047,49.269,1769,1577,2.169,8.5
1888,cloud_only_mlp_covertype,,1776511856456.044,1776511856585.410,129.366,1769,1577,1.787,15.1
1889,cloud_only_mlp_covertype,,1776511856591.408,1776511856663.232,71.824,1769,1577,1.807,6.5
1890,cloud_only_mlp_covertype,,1776511856668.222,1776511856713.810,45.588,1769,1577,2.208,10.3
1891,cloud_only_mlp_covertype,,1776511856718.811,1776511856767.245,48.434,1769,1577,1.866,8.7
1892,cloud_only_mlp_covertype,,1776511856771.246,1776511856822.646,51.400,1769,1577,2.178,15.2
1893,cloud_only_mlp_covertype,,1776511856827.649,1776511856894.677,67.028,1769,1577,1.917,20.0
1894,cloud_only_mlp_covertype,,1776511856898.693,1776511856945.642,46.949,1769,1577,2.049,12.5
1895,cloud_only_mlp_covertype,,1776511856949.659,1776511856998.140,48.481,1769,1577,1.955,0.0
1896,cloud_only_mlp_covertype,,1776511857002.140,1776511857052.174,50.034,1769,1577,2.235,10.1
1897,cloud_only_mlp_covertype,,1776511857057.200,1776511857104.299,47.098,1769,1577,2.033,13.0
1898,cloud_only_mlp_covertype,,1776511857108.336,1776511857173.845,65.509,1769,1577,1.863,9.1
1899,cloud_only_mlp_covertype,,1776511857175.756,1776511857220.514,44.758,1769,1577,2.060,0.0
1900,cloud_only_mlp_covertype,,1776511857225.518,1776511857270.617,45.100,1769,1577,1.921,5.5
1901,cloud_only_mlp_covertype,,1776511857274.612,1776511857322.952,48.340,1769,1577,1.899,3.8
1902,cloud_only_mlp_covertype,,1776511857326.951,1776511857372.886,45.935,1769,1577,1.822,8.2
1903,cloud_only_mlp_covertype,,1776511857376.876,1776511857436.235,59.359,1769,1577,1.850,5.8
1904,cloud_only_mlp_covertype,,1776511857440.229,1776511857488.247,48.018,1769,1577,1.869,1.8
1905,cloud_only_mlp_covertype,,1776511857491.246,1776511857540.793,49.548,1769,1577,2.108,4.0
1906,cloud_only_mlp_covertype,,1776511857544.842,1776511857597.896,53.054,1769,1577,1.859,0.0
1907,cloud_only_mlp_covertype,,1776511857601.893,1776511857645.541,43.648,1769,1577,1.953,14.9
1908,cloud_only_mlp_covertype,,1776511857650.522,1776511857695.896,45.374,1769,1577,1.961,4.0
1909,cloud_only_mlp_covertype,,1776511857699.902,1776511857763.839,63.937,1769,1577,1.825,7.6
1910,cloud_only_mlp_covertype,,1776511857766.833,1776511857816.053,49.221,1769,1577,2.123,10.0
1911,cloud_only_mlp_covertype,,1776511857818.740,1776511857864.749,46.010,1769,1577,1.898,10.4
1912,cloud_only_mlp_covertype,,1776511857865.737,1776511857909.647,43.910,1769,1577,2.128,8.3
1913,cloud_only_mlp_covertype,,1776511857912.648,1776511857959.252,46.604,1769,1577,1.825,0.0
1914,cloud_only_mlp_covertype,,1776511857963.251,1776511858010.192,46.941,1769,1577,1.894,7.7
1915,cloud_only_mlp_covertype,,1776511858013.195,1776511858061.149,47.953,1769,1577,2.282,10.8
1916,cloud_only_mlp_covertype,,1776511858065.149,1776511858132.306,67.157,1769,1577,2.042,18.5
1917,cloud_only_mlp_covertype,,1776511858138.684,1776511858208.104,69.420,1769,1577,1.962,7.2
1918,cloud_only_mlp_covertype,,1776511858213.103,1776511858257.575,44.472,1769,1577,1.996,10.3
1919,cloud_only_mlp_covertype,,1776511858262.578,1776511858311.593,49.015,1769,1577,2.509,0.0
1920,cloud_only_mlp_covertype,,1776511858316.593,1776511858376.957,60.365,1769,1577,1.809,10.2
1921,cloud_only_mlp_covertype,,1776511858382.047,1776511858425.711,43.664,1769,1577,1.894,10.3
1922,cloud_only_mlp_covertype,,1776511858431.732,1776511858477.754,46.022,1769,1577,1.863,9.7
1923,cloud_only_mlp_covertype,,1776511858480.749,1776511858529.323,48.574,1769,1577,1.962,2.2
1924,cloud_only_mlp_covertype,,1776511858534.362,1776511858585.078,50.716,1769,1577,2.047,1.5
1925,cloud_only_mlp_covertype,,1776511858589.068,1776511858634.069,45.001,1769,1577,1.861,25.9
1926,cloud_only_mlp_covertype,,1776511858637.069,1776511858683.451,46.382,1769,1577,1.916,5.1
1927,cloud_only_mlp_covertype,,1776511858688.461,1776511858753.228,64.767,1769,1577,1.984,2.9
1928,cloud_only_mlp_covertype,,1776511858756.238,1776511858805.051,48.812,1769,1577,2.014,6.5
1929,cloud_only_mlp_covertype,,1776511858809.055,1776511858857.311,48.256,1769,1577,2.039,1.7
1930,cloud_only_mlp_covertype,,1776511858861.309,1776511858937.186,75.877,1769,1577,1.920,7.7
1931,cloud_only_mlp_covertype,,1776511858942.192,1776511858988.720,46.527,1769,1577,2.113,6.4
1932,cloud_only_mlp_covertype,,1776511858993.718,1776511859060.305,66.587,1769,1577,2.017,3.0
1933,cloud_only_mlp_covertype,,1776511859065.301,1776511859115.960,50.659,1769,1577,1.806,3.4
1934,cloud_only_mlp_covertype,,1776511859119.954,1776511859167.583,47.629,1769,1577,2.060,13.5
1935,cloud_only_mlp_covertype,,1776511859172.163,1776511859217.166,45.002,1769,1577,1.826,0.0
1936,cloud_only_mlp_covertype,,1776511859221.163,1776511859268.174,47.011,1769,1577,2.099,0.0
1937,cloud_only_mlp_covertype,,1776511859272.188,1776511859319.803,47.615,1769,1577,2.085,0.0
1938,cloud_only_mlp_covertype,,1776511859323.795,1776511859374.371,50.576,1769,1577,2.171,3.2
1939,cloud_only_mlp_covertype,,1776511859377.370,1776511859446.448,69.077,1769,1577,1.826,7.4
1940,cloud_only_mlp_covertype,,1776511859450.446,1776511859494.584,44.139,1769,1577,1.925,0.0
1941,cloud_only_mlp_covertype,,1776511859499.579,1776511859549.821,50.241,1769,1577,1.993,3.7
1942,cloud_only_mlp_covertype,,1776511859552.547,1776511859600.262,47.715,1769,1577,1.998,9.1
1943,cloud_only_mlp_covertype,,1776511859604.265,1776511859651.700,47.435,1769,1577,1.943,21.7
1944,cloud_only_mlp_covertype,,1776511859655.711,1776511859723.005,67.294,1769,1577,1.867,11.9
1945,cloud_only_mlp_covertype,,1776511859727.164,1776511859834.939,107.775,1769,1577,1.865,4.9
1946,cloud_only_mlp_covertype,,1776511859839.939,1776511859913.776,73.837,1769,1577,3.321,33.6
1947,cloud_only_mlp_covertype,,1776511859919.777,1776511859968.025,48.247,1769,1577,2.057,15.4
1948,cloud_only_mlp_covertype,,1776511859971.970,1776511860018.981,47.011,1769,1577,2.332,10.0
1949,cloud_only_mlp_covertype,,1776511860023.996,1776511860093.302,69.305,1769,1577,1.970,9.7
1950,cloud_only_mlp_covertype,,1776511860095.306,1776511860143.451,48.145,1769,1577,1.825,0.0
1951,cloud_only_mlp_covertype,,1776511860146.452,1776511860195.620,49.168,1769,1577,1.853,15.8
1952,cloud_only_mlp_covertype,,1776511860199.623,1776511860262.543,62.920,1769,1577,1.834,2.6
1953,cloud_only_mlp_covertype,,1776511860265.553,1776511860311.750,46.196,1769,1577,1.842,0.0
1954,cloud_only_mlp_covertype,,1776511860316.758,1776511860360.665,43.907,1769,1577,1.886,0.0
1955,cloud_only_mlp_covertype,,1776511860364.682,1776511860412.763,48.081,1769,1577,2.097,3.7
1956,cloud_only_mlp_covertype,,1776511860416.754,1776511860478.570,61.816,1769,1577,1.829,3.4
1957,cloud_only_mlp_covertype,,1776511860483.585,1776511860529.953,46.368,1769,1577,1.858,11.4
1958,cloud_only_mlp_covertype,,1776511860534.958,1776511860581.169,46.211,1769,1577,1.929,4.3
1959,cloud_only_mlp_covertype,,1776511860586.180,1776511860633.205,47.024,1769,1577,1.891,13.8
1960,cloud_only_mlp_covertype,,1776511860637.204,1776511860685.488,48.284,1769,1577,2.083,7.3
1961,cloud_only_mlp_covertype,,1776511860689.491,1776511860738.087,48.596,1769,1577,1.940,9.8
1962,cloud_only_mlp_covertype,,1776511860743.283,1776511860792.300,49.017,1769,1577,2.289,5.1
1963,cloud_only_mlp_covertype,,1776511860796.297,1776511860842.597,46.299,1769,1577,1.853,5.2
1964,cloud_only_mlp_covertype,,1776511860845.610,1776511860888.196,42.585,1769,1577,1.870,6.8
1965,cloud_only_mlp_covertype,,1776511860892.191,1776511860954.908,62.717,1769,1577,2.260,9.0
1966,cloud_only_mlp_covertype,,1776511860958.912,1776511861039.422,80.510,1769,1577,4.897,2.3
1967,cloud_only_mlp_covertype,,1776511861042.427,1776511861087.167,44.741,1769,1577,2.005,7.7
1968,cloud_only_mlp_covertype,,1776511861091.158,1776511861147.965,56.807,1769,1577,10.603,4.8
1969,cloud_only_mlp_covertype,,1776511861151.966,1776511861207.983,56.017,1769,1577,2.601,7.9
1970,cloud_only_mlp_covertype,,1776511861211.996,1776511861285.217,73.221,1769,1577,3.512,6.5
1971,cloud_only_mlp_covertype,,1776511861290.105,1776511861377.462,87.357,1769,1577,32.041,6.2
1972,cloud_only_mlp_covertype,,1776511861380.974,1776511861439.406,58.433,1769,1577,10.730,8.1
1973,cloud_only_mlp_covertype,,1776511861442.859,1776511861503.075,60.216,1769,1577,8.045,1.8
1974,cloud_only_mlp_covertype,,1776511861506.081,1776511861558.337,52.256,1769,1577,3.883,5.5
1975,cloud_only_mlp_covertype,,1776511861563.496,1776511861621.917,58.421,1769,1577,1.832,0.0
1976,cloud_only_mlp_covertype,,1776511861626.945,1776511861676.524,49.580,1769,1577,3.852,5.6
1977,cloud_only_mlp_covertype,,1776511861681.050,1776511861756.810,75.760,1769,1577,6.293,3.9
1978,cloud_only_mlp_covertype,,1776511861761.809,1776511861828.826,67.017,1769,1577,5.611,100.0
1979,cloud_only_mlp_covertype,,1776511861832.816,1776511861884.382,51.566,1769,1577,3.049,5.5
1980,cloud_only_mlp_covertype,,1776511861889.521,1776511861961.404,71.884,1769,1577,2.259,23.2
1981,cloud_only_mlp_covertype,,1776511861968.410,1776511862015.721,47.311,1769,1577,3.172,5.6
1982,cloud_only_mlp_covertype,,1776511862018.721,1776511862077.627,58.905,1769,1577,7.837,7.3
1983,cloud_only_mlp_covertype,,1776511862080.629,1776511862154.607,73.978,1769,1577,2.454,15.6
1984,cloud_only_mlp_covertype,,1776511862158.607,1776511862272.750,114.143,1769,1577,1.873,6.0
1985,cloud_only_mlp_covertype,,1776511862276.751,1776511862324.547,47.796,1769,1577,2.372,9.3
1986,cloud_only_mlp_covertype,,1776511862329.020,1776511862384.546,55.526,1769,1577,2.073,4.3
1987,cloud_only_mlp_covertype,,1776511862388.548,1776511862436.742,48.194,1769,1577,2.064,1.8
1988,cloud_only_mlp_covertype,,1776511862440.738,1776511862498.875,58.136,1769,1577,1.870,2.7
1989,cloud_only_mlp_covertype,,1776511862501.871,1776511862549.088,47.217,1769,1577,2.098,1.8
1990,cloud_only_mlp_covertype,,1776511862552.073,1776511862600.334,48.261,1769,1577,2.102,0.0
1991,cloud_only_mlp_covertype,,1776511862604.342,1776511862651.607,47.266,1769,1577,2.176,1.8
1992,cloud_only_mlp_covertype,,1776511862657.974,1776511862705.457,47.482,1769,1577,1.905,12.5
1993,cloud_only_mlp_covertype,,1776511862710.471,1776511862777.466,66.995,1769,1577,1.949,5.3
1994,cloud_only_mlp_covertype,,1776511862781.891,1776511862829.711,47.820,1769,1577,2.101,0.0
1995,cloud_only_mlp_covertype,,1776511862832.714,1776511862898.185,65.471,1769,1577,1.801,2.9
1996,cloud_only_mlp_covertype,,1776511862900.185,1776511862947.004,46.820,1769,1577,1.960,13.8
1997,cloud_only_mlp_covertype,,1776511862951.531,1776511863024.016,72.486,1769,1577,1.810,13.0
1998,cloud_only_mlp_covertype,,1776511863028.012,1776511863075.598,47.585,1769,1577,1.829,6.1
1999,cloud_only_mlp_covertype,,1776511863080.620,1776511863146.256,65.636,1769,1577,1.846,7.6
2000,cloud_only_mlp_covertype,,1776511863150.273,1776511863198.766,48.492,1769,1577,1.887,9.3
2001,cloud_only_mlp_covertype,,1776511863202.768,1776511863251.224,48.456,1769,1577,1.928,4.2
2002,cloud_only_mlp_covertype,,1776511863255.220,1776511863314.587,59.366,1769,1577,1.888,1.4
2003,cloud_only_mlp_covertype,,1776511863319.592,1776511863368.716,49.124,1769,1577,2.053,6.9
2004,cloud_only_mlp_covertype,,1776511863371.531,1776511863418.999,47.469,1769,1577,2.043,0.0
2005,cloud_only_mlp_covertype,,1776511863423.024,1776511863474.616,51.592,1769,1577,1.951,10.0
2006,cloud_only_mlp_covertype,,1776511863478.619,1776511863523.665,45.046,1769,1577,2.348,8.6
2007,cloud_only_mlp_covertype,,1776511863528.669,1776511863573.886,45.218,1769,1577,1.892,0.0
2008,cloud_only_mlp_covertype,,1776511863577.884,1776511863636.503,58.620,1769,1577,1.976,1.5
2009,cloud_only_mlp_covertype,,1776511863640.508,1776511863696.768,56.260,1769,1577,1.851,3.2
2010,cloud_only_mlp_covertype,,1776511863699.778,1776511863762.691,62.913,1769,1577,1.892,2.3
2011,cloud_only_mlp_covertype,,1776511863767.685,1776511863817.106,49.421,1769,1577,2.114,8.6
2012,cloud_only_mlp_covertype,,1776511863822.114,1776511863868.300,46.187,1769,1577,1.974,15.5
2013,cloud_only_mlp_covertype,,1776511863873.477,1776511863918.316,44.839,1769,1577,1.905,6.1
2014,cloud_only_mlp_covertype,,1776511863921.318,1776511863970.468,49.151,1769,1577,1.815,4.3
2015,cloud_only_mlp_covertype,,1776511863974.471,1776511864022.971,48.500,1769,1577,1.925,10.0
2016,cloud_only_mlp_covertype,,1776511864026.971,1776511864072.518,45.548,1769,1577,1.988,8.0
2017,cloud_only_mlp_covertype,,1776511864076.535,1776511864123.065,46.530,1769,1577,2.306,0.0
2018,cloud_only_mlp_covertype,,1776511864126.063,1776511864177.115,51.052,1769,1577,1.969,3.4
2019,cloud_only_mlp_covertype,,1776511864182.112,1776511864230.241,48.129,1769,1577,1.929,14.0
2020,cloud_only_mlp_covertype,,1776511864233.265,1776511864278.710,45.444,1769,1577,1.824,2.1
2021,cloud_only_mlp_covertype,,1776511864282.709,1776511864330.895,48.187,1769,1577,1.938,3.6
2022,cloud_only_mlp_covertype,,1776511864335.912,1776511864383.404,47.493,1769,1577,2.090,7.5
2023,cloud_only_mlp_covertype,,1776511864386.935,1776511864435.408,48.473,1769,1577,1.949,0.0
2024,cloud_only_mlp_covertype,,1776511864440.411,1776511864489.703,49.291,1769,1577,2.038,12.5
2025,cloud_only_mlp_covertype,,1776511864493.709,1776511864545.916,52.207,1769,1577,1.886,2.8
2026,cloud_only_mlp_covertype,,1776511864549.912,1776511864619.231,69.319,1769,1577,1.844,1.8
2027,cloud_only_mlp_covertype,,1776511864623.219,1776511864680.059,56.840,1769,1577,1.971,1.8
2028,cloud_only_mlp_covertype,,1776511864684.080,1776511864745.927,61.847,1769,1577,4.034,22.7
2029,cloud_only_mlp_covertype,,1776511864750.928,1776511864823.142,72.214,1769,1577,3.217,14.3
2030,cloud_only_mlp_covertype,,1776511864827.146,1776511864875.804,48.658,1769,1577,2.188,2.7
2031,cloud_only_mlp_covertype,,1776511864880.800,1776511864928.320,47.520,1769,1577,2.133,5.9
2032,cloud_only_mlp_covertype,,1776511864932.317,1776511864981.840,49.522,1769,1577,2.977,14.0
2033,cloud_only_mlp_covertype,,1776511864985.845,1776511865038.144,52.299,1769,1577,5.720,5.8
2034,cloud_only_mlp_covertype,,1776511865042.157,1776511865087.956,45.798,1769,1577,1.957,9.6
2035,cloud_only_mlp_covertype,,1776511865091.983,1776511865161.108,69.125,1769,1577,2.895,3.3
2036,cloud_only_mlp_covertype,,1776511865165.104,1776511865214.440,49.336,1769,1577,1.930,10.5
2037,cloud_only_mlp_covertype,,1776511865217.446,1776511865264.397,46.951,1769,1577,2.186,13.0
2038,cloud_only_mlp_covertype,,1776511865268.399,1776511865328.702,60.302,1769,1577,2.103,0.0
2039,cloud_only_mlp_covertype,,1776511865334.705,1776511865380.876,46.171,1769,1577,2.505,6.0
2040,cloud_only_mlp_covertype,,1776511865385.755,1776511865453.274,67.519,1769,1577,2.117,2.7
2041,cloud_only_mlp_covertype,,1776511865457.290,1776511865517.019,59.729,1769,1577,2.227,12.5
2042,cloud_only_mlp_covertype,,1776511865520.007,1776511865568.005,47.998,1769,1577,2.174,2.9
2043,cloud_only_mlp_covertype,,1776511865571.030,1776511865619.544,48.514,1769,1577,2.267,14.3
2044,cloud_only_mlp_covertype,,1776511865622.515,1776511865666.576,44.061,1769,1577,1.935,0.0
2045,cloud_only_mlp_covertype,,1776511865670.597,1776511865733.841,63.244,1769,1577,1.809,5.7
2046,cloud_only_mlp_covertype,,1776511865737.857,1776511865797.185,59.327,1769,1577,1.863,3.4
2047,cloud_only_mlp_covertype,,1776511865800.199,1776511865849.305,49.105,1769,1577,2.021,23.1
2048,cloud_only_mlp_covertype,,1776511865854.308,1776511865898.785,44.477,1769,1577,2.249,10.4
2049,cloud_only_mlp_covertype,,1776511865900.788,1776511865945.589,44.801,1769,1577,2.287,5.9
2050,cloud_only_mlp_covertype,,1776511865949.579,1776511865998.092,48.512,1769,1577,1.882,1.6
2051,cloud_only_mlp_covertype,,1776511866004.093,1776511866053.760,49.667,1769,1577,1.800,7.1
2052,cloud_only_mlp_covertype,,1776511866057.766,1776511866102.505,44.740,1769,1577,2.082,4.0
2053,cloud_only_mlp_covertype,,1776511866105.681,1776511866150.376,44.695,1769,1577,2.003,2.2
2054,cloud_only_mlp_covertype,,1776511866155.380,1776511866210.113,54.732,1769,1577,5.967,3.6
2055,cloud_only_mlp_covertype,,1776511866214.111,1776511866277.040,62.929,1769,1577,2.078,9.5
2056,cloud_only_mlp_covertype,,1776511866281.035,1776511866331.109,50.074,1769,1577,1.900,0.0
2057,cloud_only_mlp_covertype,,1776511866335.106,1776511866388.118,53.012,1769,1577,2.098,39.0
2058,cloud_only_mlp_covertype,,1776511866390.118,1776511866435.110,44.992,1769,1577,1.894,20.0
2059,cloud_only_mlp_covertype,,1776511866438.995,1776511866483.667,44.672,1769,1577,2.159,17.1
2060,cloud_only_mlp_covertype,,1776511866487.676,1776511866537.596,49.920,1769,1577,2.174,10.3
2061,cloud_only_mlp_covertype,,1776511866541.606,1776511866590.321,48.715,1769,1577,2.001,13.2
2062,cloud_only_mlp_covertype,,1776511866593.865,1776511866660.343,66.478,1769,1577,1.919,15.1
2063,cloud_only_mlp_covertype,,1776511866664.331,1776511866722.673,58.342,1769,1577,1.921,14.8
2064,cloud_only_mlp_covertype,,1776511866726.682,1776511866778.124,51.442,1769,1577,2.410,9.4
2065,cloud_only_mlp_covertype,,1776511866782.117,1776511866830.141,48.024,1769,1577,2.170,11.5
2066,cloud_only_mlp_covertype,,1776511866833.149,1776511866891.569,58.420,1769,1577,13.965,3.4
2067,cloud_only_mlp_covertype,,1776511866896.322,1776511866941.579,45.257,1769,1577,2.173,3.9
2068,cloud_only_mlp_covertype,,1776511866946.585,1776511866994.995,48.410,1769,1577,1.816,7.5
2069,cloud_only_mlp_covertype,,1776511866998.997,1776511867051.407,52.410,1769,1577,2.347,10.0
2070,cloud_only_mlp_covertype,,1776511867057.403,1776511867107.369,49.966,1769,1577,2.235,9.8
2071,cloud_only_mlp_covertype,,1776511867111.755,1776511867160.721,48.966,1769,1577,2.895,5.2
2072,cloud_only_mlp_covertype,,1776511867165.721,1776511867211.967,46.246,1769,1577,2.201,8.8
2073,cloud_only_mlp_covertype,,1776511867214.986,1776511867261.181,46.195,1769,1577,2.069,4.2
2074,cloud_only_mlp_covertype,,1776511867264.190,1776511867310.582,46.392,1769,1577,1.927,4.2
2075,cloud_only_mlp_covertype,,1776511867315.781,1776511867365.691,49.909,1769,1577,2.025,4.6
2076,cloud_only_mlp_covertype,,1776511867367.687,1776511867433.783,66.096,1769,1577,1.791,20.9
2077,cloud_only_mlp_covertype,,1776511867435.766,1776511867494.242,58.476,1769,1577,1.834,14.5
2078,cloud_only_mlp_covertype,,1776511867496.190,1776511867543.722,47.532,1769,1577,2.205,13.2
2079,cloud_only_mlp_covertype,,1776511867546.424,1776511867597.821,51.397,1769,1577,1.922,4.2
2080,cloud_only_mlp_covertype,,1776511867600.814,1776511867645.085,44.271,1769,1577,2.123,31.7
2081,cloud_only_mlp_covertype,,1776511867647.813,1776511867694.052,46.239,1769,1577,1.931,12.8
2082,cloud_only_mlp_covertype,,1776511867695.088,1776511867744.595,49.507,1769,1577,2.186,13.0
2083,cloud_only_mlp_covertype,,1776511867749.595,1776511867797.175,47.579,1769,1577,1.884,8.6
2084,cloud_only_mlp_covertype,,1776511867800.180,1776511867845.921,45.741,1769,1577,2.087,2.0
2085,cloud_only_mlp_covertype,,1776511867848.922,1776511867895.329,46.406,1769,1577,1.911,5.3
2086,cloud_only_mlp_covertype,,1776511867899.338,1776511867949.203,49.865,1769,1577,2.118,15.7
2087,cloud_only_mlp_covertype,,1776511867953.220,1776511868060.838,107.618,1769,1577,2.150,5.9
2088,cloud_only_mlp_covertype,,1776511868063.846,1776511868111.248,47.402,1769,1577,1.949,11.8
2089,cloud_only_mlp_covertype,,1776511868115.236,1776511868177.403,62.167,1769,1577,2.224,10.6
2090,cloud_only_mlp_covertype,,1776511868179.417,1776511868224.431,45.015,1769,1577,1.951,14.3
2091,cloud_only_mlp_covertype,,1776511868226.025,1776511868270.429,44.404,1769,1577,1.958,17.0
2092,cloud_only_mlp_covertype,,1776511868272.025,1776511868318.043,46.018,1769,1577,1.989,12.9
2093,cloud_only_mlp_covertype,,1776511868320.026,1776511868377.865,57.839,1769,1577,2.107,1.8
2094,cloud_only_mlp_covertype,,1776511868382.894,1776511868438.939,56.045,1769,1577,1.818,3.9
2095,cloud_only_mlp_covertype,,1776511868443.944,1776511868489.891,45.946,1769,1577,1.851,7.3
2096,cloud_only_mlp_covertype,,1776511868495.436,1776511868565.581,70.145,1769,1577,1.846,14.7
2097,cloud_only_mlp_covertype,,1776511868570.582,1776511868618.734,48.153,1769,1577,1.967,7.4
2098,cloud_only_mlp_covertype,,1776511868621.738,1776511868665.702,43.964,1769,1577,2.070,8.3
2099,cloud_only_mlp_covertype,,1776511868669.710,1776511868715.352,45.641,1769,1577,2.124,3.8
2100,cloud_only_mlp_covertype,,1776511868719.360,1776511868770.141,50.780,1769,1577,1.970,8.2
2101,cloud_only_mlp_covertype,,1776511868774.686,1776511868845.752,71.067,1769,1577,1.829,12.2
2102,cloud_only_mlp_covertype,,1776511868849.759,1776511868899.869,50.110,1769,1577,1.997,13.0
2103,cloud_only_mlp_covertype,,1776511868902.872,1776511868949.207,46.335,1769,1577,2.105,4.0
2104,cloud_only_mlp_covertype,,1776511868952.215,1776511868998.822,46.607,1769,1577,1.968,4.3
2105,cloud_only_mlp_covertype,,1776511869003.822,1776511869062.075,58.253,1769,1577,2.891,10.0
2106,cloud_only_mlp_covertype,,1776511869067.072,1776511869116.005,48.933,1769,1577,2.024,12.3
2107,cloud_only_mlp_covertype,,1776511869119.004,1776511869186.455,67.450,1769,1577,1.863,7.6
2108,cloud_only_mlp_covertype,,1776511869191.456,1776511869261.910,70.455,1769,1577,1.852,0.0
2109,cloud_only_mlp_covertype,,1776511869265.919,1776511869313.303,47.384,1769,1577,1.943,5.3
2110,cloud_only_mlp_covertype,,1776511869317.312,1776511869388.558,71.247,1769,1577,1.975,1.1
2111,cloud_only_mlp_covertype,,1776511869394.548,1776511869464.579,70.031,1769,1577,2.217,0.0
2112,cloud_only_mlp_covertype,,1776511869470.808,1776511869518.110,47.302,1769,1577,1.918,0.0
2113,cloud_only_mlp_covertype,,1776511869522.111,1776511869588.317,66.206,1769,1577,2.072,6.2
2114,cloud_only_mlp_covertype,,1776511869593.317,1776511869641.597,48.280,1769,1577,1.901,0.0
2115,cloud_only_mlp_covertype,,1776511869644.595,1776511869694.729,50.134,1769,1577,1.912,0.0
2116,cloud_only_mlp_covertype,,1776511869698.275,1776511869743.028,44.752,1769,1577,2.067,4.3
2117,cloud_only_mlp_covertype,,1776511869746.046,1776511869793.810,47.764,1769,1577,2.055,7.5
2118,cloud_only_mlp_covertype,,1776511869799.336,1776511869848.097,48.761,1769,1577,2.105,8.8
2119,cloud_only_mlp_covertype,,1776511869850.095,1776511869899.338,49.242,1769,1577,1.985,6.1
2120,cloud_only_mlp_covertype,,1776511869903.326,1776511869956.113,52.786,1769,1577,2.007,3.1
2121,cloud_only_mlp_covertype,,1776511869960.110,1776511870023.280,63.170,1769,1577,1.846,9.1
2122,cloud_only_mlp_covertype,,1776511870028.284,1776511870075.728,47.444,1769,1577,2.720,13.7
2123,cloud_only_mlp_covertype,,1776511870079.725,1776511870124.328,44.602,1769,1577,2.069,6.4
2124,cloud_only_mlp_covertype,,1776511870128.333,1776511870178.442,50.109,1769,1577,1.997,0.0
2125,cloud_only_mlp_covertype,,1776511870182.719,1776511870258.432,75.713,1769,1577,2.203,14.6
2126,cloud_only_mlp_covertype,,1776511870263.693,1776511870308.708,45.016,1769,1577,2.081,14.3
2127,cloud_only_mlp_covertype,,1776511870311.707,1776511870381.536,69.829,1769,1577,1.887,22.4
2128,cloud_only_mlp_covertype,,1776511870385.552,1776511870435.015,49.463,1769,1577,1.961,5.5
2129,cloud_only_mlp_covertype,,1776511870439.016,1776511870487.934,48.918,1769,1577,2.084,13.3
2130,cloud_only_mlp_covertype,,1776511870493.935,1776511870539.693,45.757,1769,1577,2.007,13.1
2131,cloud_only_mlp_covertype,,1776511870543.691,1776511870587.800,44.109,1769,1577,2.014,8.1
2132,cloud_only_mlp_covertype,,1776511870593.799,1776511870662.755,68.956,1769,1577,1.977,4.4
2133,cloud_only_mlp_covertype,,1776511870666.758,1776511870717.274,50.516,1769,1577,2.185,14.6
2134,cloud_only_mlp_covertype,,1776511870720.280,1776511870765.543,45.263,1769,1577,2.280,4.4
2135,cloud_only_mlp_covertype,,1776511870769.551,1776511870829.819,60.268,1769,1577,1.890,11.0
2136,cloud_only_mlp_covertype,,1776511870836.346,1776511870883.274,46.928,1769,1577,1.928,14.0
2137,cloud_only_mlp_covertype,,1776511870886.274,1776511870930.837,44.563,1769,1577,2.052,4.2
2138,cloud_only_mlp_covertype,,1776511870934.863,1776511870985.124,50.261,1769,1577,2.105,0.0
2139,cloud_only_mlp_covertype,,1776511870989.416,1776511871038.184,48.768,1769,1577,1.818,2.0
2140,cloud_only_mlp_covertype,,1776511871043.097,1776511871105.073,61.977,1769,1577,2.038,6.0
2141,cloud_only_mlp_covertype,,1776511871110.071,1776511871181.321,71.250,1769,1577,2.217,1.4
2142,cloud_only_mlp_covertype,,1776511871186.246,1776511871260.162,73.917,1769,1577,1.850,2.1
2143,cloud_only_mlp_covertype,,1776511871265.155,1776511871314.899,49.744,1769,1577,1.930,6.0
2144,cloud_only_mlp_covertype,,1776511871318.903,1776511871364.513,45.611,1769,1577,2.086,23.3
2145,cloud_only_mlp_covertype,,1776511871367.528,1776511871415.509,47.981,1769,1577,1.826,8.9
2146,cloud_only_mlp_covertype,,1776511871420.153,1776511871490.303,70.150,1769,1577,1.904,2.9
2147,cloud_only_mlp_covertype,,1776511871493.322,1776511871542.250,48.928,1769,1577,2.316,8.1
2148,cloud_only_mlp_covertype,,1776511871546.249,1776511871593.242,46.992,1769,1577,2.959,8.3
2149,cloud_only_mlp_covertype,,1776511871597.245,1776511871643.512,46.268,1769,1577,2.789,10.4
2150,cloud_only_mlp_covertype,,1776511871649.532,1776511871696.342,46.810,1769,1577,2.240,3.3
2151,cloud_only_mlp_covertype,,1776511871699.347,1776511871748.507,49.159,1769,1577,2.529,2.5
2152,cloud_only_mlp_covertype,,1776511871751.506,1776511871799.865,48.359,1769,1577,2.132,1.7
2153,cloud_only_mlp_covertype,,1776511871806.808,1776511871854.770,47.961,1769,1577,1.891,21.3
2154,cloud_only_mlp_covertype,,1776511871860.208,1776511871908.216,48.007,1769,1577,2.326,12.0
2155,cloud_only_mlp_covertype,,1776511871912.211,1776511871958.159,45.948,1769,1577,2.115,4.1
2156,cloud_only_mlp_covertype,,1776511871960.284,1776511872009.052,48.768,1769,1577,1.955,2.0
2157,cloud_only_mlp_covertype,,1776511872011.056,1776511872062.802,51.746,1769,1577,2.208,6.2
2158,cloud_only_mlp_covertype,,1776511872067.805,1776511872113.092,45.288,1769,1577,2.167,11.8
2159,cloud_only_mlp_covertype,,1776511872117.092,1776511872163.717,46.625,1769,1577,2.109,3.9
2160,cloud_only_mlp_covertype,,1776511872167.714,1776511872225.669,57.955,1769,1577,1.896,4.7
2161,cloud_only_mlp_covertype,,1776511872229.669,1776511872290.266,60.598,1769,1577,1.940,12.5
2162,cloud_only_mlp_covertype,,1776511872295.278,1776511872340.242,44.964,1769,1577,2.066,29.6
2163,cloud_only_mlp_covertype,,1776511872343.244,1776511872413.474,70.230,1769,1577,2.438,17.6
2164,cloud_only_mlp_covertype,,1776511872418.476,1776511872491.095,72.619,1769,1577,1.819,20.5
2165,cloud_only_mlp_covertype,,1776511872495.088,1776511872568.779,73.691,1769,1577,2.064,4.1
2166,cloud_only_mlp_covertype,,1776511872573.779,1776511872621.278,47.499,1769,1577,2.131,5.8
2167,cloud_only_mlp_covertype,,1776511872625.279,1776511872674.035,48.756,1769,1577,2.255,0.0
2168,cloud_only_mlp_covertype,,1776511872679.028,1776511872754.977,75.948,1769,1577,2.080,35.6
2169,cloud_only_mlp_covertype,,1776511872759.979,1776511872804.862,44.883,1769,1577,1.934,20.8
2170,cloud_only_mlp_covertype,,1776511872808.885,1776511872857.782,48.898,1769,1577,2.121,12.5
2171,cloud_only_mlp_covertype,,1776511872861.797,1776511872922.683,60.885,1769,1577,1.821,3.8
2172,cloud_only_mlp_covertype,,1776511872928.140,1776511872973.962,45.822,1769,1577,1.929,0.0
2173,cloud_only_mlp_covertype,,1776511872976.969,1776511873021.035,44.066,1769,1577,1.966,8.3
2174,cloud_only_mlp_covertype,,1776511873025.052,1776511873093.485,68.433,1769,1577,1.979,4.8
2175,cloud_only_mlp_covertype,,1776511873098.480,1776511873145.670,47.190,1769,1577,1.956,1.7
2176,cloud_only_mlp_covertype,,1776511873148.690,1776511873198.136,49.447,1769,1577,1.962,8.3
2177,cloud_only_mlp_covertype,,1776511873200.145,1776511873244.710,44.566,1769,1577,1.987,0.0
2178,cloud_only_mlp_covertype,,1776511873249.714,1776511873325.214,75.500,1769,1577,1.997,0.0
2179,cloud_only_mlp_covertype,,1776511873330.012,1776511873377.634,47.622,1769,1577,1.803,6.5
2180,cloud_only_mlp_covertype,,1776511873380.647,1776511873447.183,66.536,1769,1577,2.155,1.2
2181,cloud_only_mlp_covertype,,1776511873453.181,1776511873531.043,77.862,1769,1577,1.843,17.1
2182,cloud_only_mlp_covertype,,1776511873534.042,1776511873601.317,67.276,1769,1577,1.943,7.1
2183,cloud_only_mlp_covertype,,1776511873605.544,1776511873676.629,71.085,1769,1577,2.042,1.3
2184,cloud_only_mlp_covertype,,1776511873681.635,1776511873783.118,101.483,1769,1577,2.125,6.0
2185,cloud_only_mlp_covertype,,1776511873787.167,1776511873839.531,52.365,1769,1577,2.598,8.2
2186,cloud_only_mlp_covertype,,1776511873843.477,1776511873911.744,68.267,1769,1577,2.223,7.1
2187,cloud_only_mlp_covertype,,1776511873916.744,1776511873964.747,48.003,1769,1577,2.547,4.1
2188,cloud_only_mlp_covertype,,1776511873967.740,1776511874027.485,59.745,1769,1577,2.055,3.0
2189,cloud_only_mlp_covertype,,1776511874030.487,1776511874087.965,57.478,1769,1577,4.929,3.1
2190,cloud_only_mlp_covertype,,1776511874092.329,1776511874157.166,64.836,1769,1577,1.966,17.6
2191,cloud_only_mlp_covertype,,1776511874160.167,1776511874220.916,60.749,1769,1577,1.823,4.7
2192,cloud_only_mlp_covertype,,1776511874224.929,1776511874273.247,48.318,1769,1577,2.075,4.9
2193,cloud_only_mlp_covertype,,1776511874276.421,1776511874332.317,55.896,1769,1577,2.179,7.0
2194,cloud_only_mlp_covertype,,1776511874336.317,1776511874406.485,70.168,1769,1577,1.951,10.2
2195,cloud_only_mlp_covertype,,1776511874409.489,1776511874457.670,48.181,1769,1577,2.113,2.4
2196,cloud_only_mlp_covertype,,1776511874461.403,1776511874509.800,48.397,1769,1577,1.993,4.3
2197,cloud_only_mlp_covertype,,1776511874513.802,1776511874582.848,69.047,1769,1577,1.984,9.2
2198,cloud_only_mlp_covertype,,1776511874586.842,1776511874655.432,68.590,1769,1577,2.200,13.2
2199,cloud_only_mlp_covertype,,1776511874658.460,1776511874705.589,47.129,1769,1577,2.156,0.0
2200,cloud_only_mlp_covertype,,1776511874711.588,1776511874758.148,46.561,1769,1577,1.828,2.6
2201,cloud_only_mlp_covertype,,1776511874761.149,1776511874808.848,47.700,1769,1577,4.820,6.7
2202,cloud_only_mlp_covertype,,1776511874811.848,1776511874859.963,48.115,1769,1577,1.811,0.0
2203,cloud_only_mlp_covertype,,1776511874863.965,1776511874936.948,72.983,1769,1577,2.238,2.5
2204,cloud_only_mlp_covertype,,1776511874939.957,1776511874988.362,48.405,1769,1577,1.883,1.9
2205,cloud_only_mlp_covertype,,1776511874992.362,1776511875050.154,57.792,1769,1577,2.019,9.2
2206,cloud_only_mlp_covertype,,1776511875054.157,1776511875101.935,47.778,1769,1577,1.868,13.7
2207,cloud_only_mlp_covertype,,1776511875105.972,1776511875163.896,57.924,1769,1577,1.863,6.8
2208,cloud_only_mlp_covertype,,1776511875167.913,1776511875219.257,51.344,1769,1577,2.275,3.4
2209,cloud_only_mlp_covertype,,1776511875222.296,1776511875290.762,68.466,1769,1577,2.450,1.3
2210,cloud_only_mlp_covertype,,1776511875294.763,1776511875344.646,49.883,1769,1577,2.669,4.0
2211,cloud_only_mlp_covertype,,1776511875348.647,1776511875398.129,49.482,1769,1577,1.948,10.9
2212,cloud_only_mlp_covertype,,1776511875403.131,1776511875472.845,69.714,1769,1577,2.002,11.0
2213,cloud_only_mlp_covertype,,1776511875476.846,1776511875536.583,59.737,1769,1577,1.927,11.1
2214,cloud_only_mlp_covertype,,1776511875539.573,1776511875599.543,59.970,1769,1577,1.851,5.3
2215,cloud_only_mlp_covertype,,1776511875604.845,1776511875675.922,71.077,1769,1577,2.055,12.8
2216,cloud_only_mlp_covertype,,1776511875680.923,1776511875755.056,74.133,1769,1577,1.914,6.2
2217,cloud_only_mlp_covertype,,1776511875758.463,1776511875819.591,61.127,1769,1577,1.818,3.8
2218,cloud_only_mlp_covertype,,1776511875823.466,1776511875871.713,48.247,1769,1577,2.086,11.8
2219,cloud_only_mlp_covertype,,1776511875875.895,1776511875925.507,49.612,1769,1577,2.186,3.4
2220,cloud_only_mlp_covertype,,1776511875929.517,1776511875993.650,64.133,1769,1577,2.077,7.3
2221,cloud_only_mlp_covertype,,1776511875996.647,1776511876049.477,52.830,1769,1577,2.052,3.9
2222,cloud_only_mlp_covertype,,1776511876056.472,1776511876122.365,65.893,1769,1577,1.950,2.7
2223,cloud_only_mlp_covertype,,1776511876127.606,1776511876203.173,75.567,1769,1577,3.850,4.2
2224,cloud_only_mlp_covertype,,1776511876207.133,1776511876277.396,70.263,1769,1577,1.934,0.0
2225,cloud_only_mlp_covertype,,1776511876281.688,1776511876353.146,71.458,1769,1577,1.869,1.3
2226,cloud_only_mlp_covertype,,1776511876359.158,1776511876414.071,54.913,1769,1577,1.810,14.3
2227,cloud_only_mlp_covertype,,1776511876417.074,1776511876481.526,64.452,1769,1577,2.162,16.7
2228,cloud_only_mlp_covertype,,1776511876485.525,1776511876554.028,68.503,1769,1577,1.894,3.6
2229,cloud_only_mlp_covertype,,1776511876559.021,1776511876621.381,62.360,1769,1577,2.266,7.5
2230,cloud_only_mlp_covertype,,1776511876625.910,1776511876687.702,61.792,1769,1577,1.975,1.4
2231,cloud_only_mlp_covertype,,1776511876690.718,1776511876740.514,49.796,1769,1577,2.093,9.3
2232,cloud_only_mlp_covertype,,1776511876743.520,1776511876789.132,45.612,1769,1577,1.934,4.1
2233,cloud_only_mlp_covertype,,1776511876792.132,1776511876836.958,44.827,1769,1577,1.859,7.0
2234,cloud_only_mlp_covertype,,1776511876839.964,1776511876887.685,47.720,1769,1577,2.074,3.7
2235,cloud_only_mlp_covertype,,1776511876893.780,1776511876945.359,51.578,1769,1577,2.099,10.2
2236,cloud_only_mlp_covertype,,1776511876950.359,1776511877014.277,63.917,1769,1577,1.856,2.8
2237,cloud_only_mlp_covertype,,1776511877019.181,1776511877086.418,67.237,1769,1577,1.962,0.0
2238,cloud_only_mlp_covertype,,1776511877089.415,1776511877153.649,64.234,1769,1577,2.146,8.8
2239,cloud_only_mlp_covertype,,1776511877156.649,1776511877214.762,58.113,1769,1577,2.073,3.1
2240,cloud_only_mlp_covertype,,1776511877219.060,1776511877291.879,72.819,1769,1577,9.392,0.0
2241,cloud_only_mlp_covertype,,1776511877297.895,1776511877350.779,52.884,1769,1577,1.871,0.0
2242,cloud_only_mlp_covertype,,1776511877354.780,1776511877402.857,48.076,1769,1577,1.935,16.1
2243,cloud_only_mlp_covertype,,1776511877407.853,1776511877476.002,68.149,1769,1577,2.023,12.9
2244,cloud_only_mlp_covertype,,1776511877477.713,1776511877537.153,59.439,1769,1577,1.904,18.2
2245,cloud_only_mlp_covertype,,1776511877541.152,1776511877588.977,47.825,1769,1577,2.130,12.3
2246,cloud_only_mlp_covertype,,1776511877591.976,1776511877641.843,49.867,1769,1577,2.074,26.9
2247,cloud_only_mlp_covertype,,1776511877644.842,1776511877713.321,68.479,1769,1577,2.073,13.6
2248,cloud_only_mlp_covertype,,1776511877716.340,1776511877786.595,70.255,1769,1577,1.959,0.0
2249,cloud_only_mlp_covertype,,1776511877791.589,1776511877870.304,78.715,1769,1577,1.835,10.6
2250,cloud_only_mlp_covertype,,1776511877874.302,1776511877922.403,48.101,1769,1577,1.932,6.5
2251,cloud_only_mlp_covertype,,1776511877925.418,1776511877973.476,48.058,1769,1577,2.109,3.9
2252,cloud_only_mlp_covertype,,1776511877977.471,1776511878022.448,44.977,1769,1577,1.911,11.3
2253,cloud_only_mlp_covertype,,1776511878025.438,1776511878094.844,69.406,1769,1577,1.868,6.0
2254,cloud_only_mlp_covertype,,1776511878099.194,1776511878172.270,73.076,1769,1577,1.973,5.2
2255,cloud_only_mlp_covertype,,1776511878177.388,1776511878227.409,50.021,1769,1577,1.946,3.4
2256,cloud_only_mlp_covertype,,1776511878231.414,1776511878275.563,44.149,1769,1577,2.051,3.9
2257,cloud_only_mlp_covertype,,1776511878280.564,1776511878325.112,44.548,1769,1577,1.997,0.0
2258,cloud_only_mlp_covertype,,1776511878329.854,1776511878400.183,70.329,1769,1577,2.038,3.8
2259,cloud_only_mlp_covertype,,1776511878405.177,1776511878478.957,73.780,1769,1577,1.852,3.8
2260,cloud_only_mlp_covertype,,1776511878483.961,1776511878529.793,45.832,1769,1577,2.096,0.0
2261,cloud_only_mlp_covertype,,1776511878532.797,1776511878578.700,45.903,1769,1577,1.940,6.2
2262,cloud_only_mlp_covertype,,1776511878582.688,1776511878646.504,63.816,1769,1577,1.833,5.8
2263,cloud_only_mlp_covertype,,1776511878651.654,1776511878724.023,72.369,1769,1577,1.951,5.3
2264,cloud_only_mlp_covertype,,1776511878729.965,1776511878788.846,58.881,1769,1577,1.855,4.8
2265,cloud_only_mlp_covertype,,1776511878791.845,1776511878858.771,66.926,1769,1577,1.842,6.6
2266,cloud_only_mlp_covertype,,1776511878862.779,1776511878936.320,73.541,1769,1577,1.898,12.9
2267,cloud_only_mlp_covertype,,1776511878939.322,1776511879001.180,61.858,1769,1577,2.654,8.1
2268,cloud_only_mlp_covertype,,1776511879004.169,1776511879055.674,51.505,1769,1577,2.019,12.1
2269,cloud_only_mlp_covertype,,1776511879058.681,1776511879140.611,81.930,1769,1577,2.051,9.1
2270,cloud_only_mlp_covertype,,1776511879144.606,1776511879231.954,87.347,1769,1577,1.995,3.8
2271,cloud_only_mlp_covertype,,1776511879236.070,1776511879314.141,78.071,1769,1577,2.009,4.5
2272,cloud_only_mlp_covertype,,1776511879318.160,1776511879405.177,87.017,1769,1577,1.845,11.8
2273,cloud_only_mlp_covertype,,1776511879408.169,1776511879465.857,57.689,1769,1577,1.971,18.3
2274,cloud_only_mlp_covertype,,1776511879470.857,1776511879588.101,117.244,1769,1577,2.225,1.7
2275,cloud_only_mlp_covertype,,1776511879591.604,1776511879648.855,57.252,1769,1577,2.021,13.6
2276,cloud_only_mlp_covertype,,1776511879653.858,1776511879703.789,49.931,1769,1577,2.159,13.0
2277,cloud_only_mlp_covertype,,1776511879707.820,1776511879754.383,46.563,1769,1577,1.962,4.2
2278,cloud_only_mlp_covertype,,1776511879759.404,1776511879807.588,48.184,1769,1577,2.169,6.5
2279,cloud_only_mlp_covertype,,1776511879810.589,1776511879879.895,69.307,1769,1577,1.944,6.1
2280,cloud_only_mlp_covertype,,1776511879882.894,1776511879943.326,60.432,1769,1577,1.867,15.7
2281,cloud_only_mlp_covertype,,1776511879947.330,1776511880004.312,56.982,1769,1577,2.026,8.8
2282,cloud_only_mlp_covertype,,1776511880008.067,1776511880068.084,60.017,1769,1577,2.003,9.3
2283,cloud_only_mlp_covertype,,1776511880072.167,1776511880121.979,49.812,1769,1577,1.971,3.8
2284,cloud_only_mlp_covertype,,1776511880124.974,1776511880168.824,43.850,1769,1577,1.939,2.7
2285,cloud_only_mlp_covertype,,1776511880173.831,1776511880218.330,44.499,1769,1577,1.971,8.9
2286,cloud_only_mlp_covertype,,1776511880221.347,1776511880282.059,60.712,1769,1577,1.846,4.9
2287,cloud_only_mlp_covertype,,1776511880286.081,1776511880334.148,48.068,1769,1577,1.963,0.0
2288,cloud_only_mlp_covertype,,1776511880339.146,1776511880384.296,45.150,1769,1577,2.131,6.1
2289,cloud_only_mlp_covertype,,1776511880388.296,1776511880434.596,46.301,1769,1577,1.895,10.0
2290,cloud_only_mlp_covertype,,1776511880437.678,1776511880485.901,48.223,1769,1577,1.957,5.6
2291,cloud_only_mlp_covertype,,1776511880489.902,1776511880537.033,47.131,1769,1577,1.925,1.9
2292,cloud_only_mlp_covertype,,1776511880541.125,1776511880586.560,45.435,1769,1577,2.082,2.0
2293,cloud_only_mlp_covertype,,1776511880589.552,1776511880634.957,45.405,1769,1577,1.917,7.8
2294,cloud_only_mlp_covertype,,1776511880637.963,1776511880686.459,48.496,1769,1577,2.043,0.0
2295,cloud_only_mlp_covertype,,1776511880690.442,1776511880760.034,69.592,1769,1577,2.008,5.1
2296,cloud_only_mlp_covertype,,1776511880766.051,1776511880815.658,49.607,1769,1577,2.364,15.4
2297,cloud_only_mlp_covertype,,1776511880818.678,1776511880866.257,47.579,1769,1577,1.938,14.3
2298,cloud_only_mlp_covertype,,1776511880871.260,1776511880917.906,46.646,1769,1577,2.246,10.2
2299,cloud_only_mlp_covertype,,1776511880920.881,1776511880967.106,46.225,1769,1577,2.103,11.9
2300,cloud_only_mlp_covertype,,1776511880970.112,1776511881020.105,49.993,1769,1577,3.172,5.3
2301,cloud_only_mlp_covertype,,1776511881024.100,1776511881072.386,48.286,1769,1577,2.157,7.5
2302,cloud_only_mlp_covertype,,1776511881076.387,1776511881122.128,45.741,1769,1577,2.006,2.0
2303,cloud_only_mlp_covertype,,1776511881126.131,1776511881172.079,45.949,1769,1577,2.533,2.2
2304,cloud_only_mlp_covertype,,1776511881177.099,1776511881228.553,51.454,1769,1577,4.055,12.3
2305,cloud_only_mlp_covertype,,1776511881232.076,1776511881281.155,49.079,1769,1577,2.329,5.9
2306,cloud_only_mlp_covertype,,1776511881286.156,1776511881330.307,44.151,1769,1577,1.978,3.5
2307,cloud_only_mlp_covertype,,1776511881336.002,1776511881404.962,68.960,1769,1577,1.855,12.0
2308,cloud_only_mlp_covertype,,1776511881409.164,1776511881469.978,60.814,1769,1577,1.844,2.9
2309,cloud_only_mlp_covertype,,1776511881473.968,1776511881521.943,47.975,1769,1577,2.051,4.0
2310,cloud_only_mlp_covertype,,1776511881525.946,1776511881571.133,45.186,1769,1577,2.110,3.8
2311,cloud_only_mlp_covertype,,1776511881574.107,1776511881637.933,63.826,1769,1577,1.802,1.5
2312,cloud_only_mlp_covertype,,1776511881642.932,1776511881690.067,47.136,1769,1577,1.966,1.8
2313,cloud_only_mlp_covertype,,1776511881694.150,1776511881768.916,74.766,1769,1577,7.224,11.1
2314,cloud_only_mlp_covertype,,1776511881771.927,1776511881820.123,48.196,1769,1577,2.046,7.5
2315,cloud_only_mlp_covertype,,1776511881824.458,1776511881871.945,47.487,1769,1577,2.246,0.0
2316,cloud_only_mlp_covertype,,1776511881877.959,1776511881923.709,45.750,1769,1577,2.358,0.9
2317,cloud_only_mlp_covertype,,1776511881927.712,1776511881972.443,44.731,1769,1577,2.306,12.8
2318,cloud_only_mlp_covertype,,1776511881976.817,1776511882025.623,48.806,1769,1577,2.260,9.8
2319,cloud_only_mlp_covertype,,1776511882030.625,1776511882082.667,52.042,1769,1577,4.328,3.4
2320,cloud_only_mlp_covertype,,1776511882085.686,1776511882131.745,46.060,1769,1577,2.071,2.1
2321,cloud_only_mlp_covertype,,1776511882135.748,1776511882182.454,46.706,1769,1577,2.184,2.1
2322,cloud_only_mlp_covertype,,1776511882188.552,1776511882237.034,48.482,1769,1577,1.772,7.8
2323,cloud_only_mlp_covertype,,1776511882241.075,1776511882306.410,65.335,1769,1577,2.326,5.3
2324,cloud_only_mlp_covertype,,1776511882311.724,1776511882358.369,46.645,1769,1577,2.047,4.0
2325,cloud_only_mlp_covertype,,1776511882362.372,1776511882408.593,46.220,1769,1577,2.397,18.0
2326,cloud_only_mlp_covertype,,1776511882411.962,1776511882475.943,63.981,1769,1577,1.966,9.8
2327,cloud_only_mlp_covertype,,1776511882480.943,1776511882529.562,48.619,1769,1577,1.885,7.1
2328,cloud_only_mlp_covertype,,1776511882532.564,1776511882581.451,48.887,1769,1577,1.945,9.4
2329,cloud_only_mlp_covertype,,1776511882585.453,1776511882636.423,50.969,1769,1577,2.331,7.8
2330,cloud_only_mlp_covertype,,1776511882639.948,1776511882686.240,46.292,1769,1577,1.917,1.9
2331,cloud_only_mlp_covertype,,1776511882690.245,1776511882735.114,44.869,1769,1577,1.932,14.0
2332,cloud_only_mlp_covertype,,1776511882739.305,1776511882801.547,62.242,1769,1577,1.828,8.0
2333,cloud_only_mlp_covertype,,1776511882807.537,1776511882856.950,49.414,1769,1577,1.911,9.4
2334,cloud_only_mlp_covertype,,1776511882859.956,1776511882903.602,43.647,1769,1577,2.059,2.2
2335,cloud_only_mlp_covertype,,1776511882907.696,1776511882967.912,60.216,1769,1577,2.013,4.9
2336,cloud_only_mlp_covertype,,1776511882972.910,1776511883021.429,48.519,1769,1577,2.008,15.3
2337,cloud_only_mlp_covertype,,1776511883024.459,1776511883073.247,48.788,1769,1577,2.052,4.0
2338,cloud_only_mlp_covertype,,1776511883077.243,1776511883139.116,61.873,1769,1577,1.840,3.0
2339,cloud_only_mlp_covertype,,1776511883146.134,1776511883221.667,75.533,1769,1577,1.860,0.0
2340,cloud_only_mlp_covertype,,1776511883224.693,1776511883271.957,47.264,1769,1577,2.084,4.0
2341,cloud_only_mlp_covertype,,1776511883275.958,1776511883342.602,66.645,1769,1577,1.873,1.9
2342,cloud_only_mlp_covertype,,1776511883346.595,1776511883401.428,54.833,1769,1577,1.960,0.0
2343,cloud_only_mlp_covertype,,1776511883405.527,1776511883455.257,49.730,1769,1577,2.011,3.4
2344,cloud_only_mlp_covertype,,1776511883458.255,1776511883524.312,66.056,1769,1577,2.347,8.2
2345,cloud_only_mlp_covertype,,1776511883526.306,1776511883567.827,41.520,1769,1577,2.070,8.9
2346,cloud_only_mlp_covertype,,1776511883570.819,1776511883617.828,47.008,1769,1577,1.885,12.0
2347,cloud_only_mlp_covertype,,1776511883620.820,1776511883665.938,45.118,1769,1577,1.923,6.5
2348,cloud_only_mlp_covertype,,1776511883668.938,1776511883713.939,45.002,1769,1577,2.114,7.0
2349,cloud_only_mlp_covertype,,1776511883716.939,1776511883765.520,48.581,1769,1577,2.027,11.5
2350,cloud_only_mlp_covertype,,1776511883768.508,1776511883814.518,46.010,1769,1577,2.069,8.5
2351,cloud_only_mlp_covertype,,1776511883816.891,1776511883861.190,44.299,1769,1577,1.925,13.2
2352,cloud_only_mlp_covertype,,1776511883863.202,1776511883907.188,43.986,1769,1577,2.085,13.6
2353,cloud_only_mlp_covertype,,1776511883911.198,1776511883958.237,47.039,1769,1577,1.908,14.3
2354,cloud_only_mlp_covertype,,1776511883962.227,1776511884009.935,47.708,1769,1577,2.240,26.0
2355,cloud_only_mlp_covertype,,1776511884013.157,1776511884083.511,70.354,1769,1577,2.013,13.3
2356,cloud_only_mlp_covertype,,1776511884089.513,1776511884135.541,46.028,1769,1577,1.926,12.1
2357,cloud_only_mlp_covertype,,1776511884138.531,1776511884184.928,46.396,1769,1577,1.977,6.2
2358,cloud_only_mlp_covertype,,1776511884187.920,1776511884235.928,48.008,1769,1577,2.127,9.1
2359,cloud_only_mlp_covertype,,1776511884238.927,1776511884288.039,49.112,1769,1577,2.289,8.1
2360,cloud_only_mlp_covertype,,1776511884291.803,1776511884340.843,49.039,1769,1577,2.150,9.3
2361,cloud_only_mlp_covertype,,1776511884343.359,1776511884389.361,46.001,1769,1577,2.223,14.8
2362,cloud_only_mlp_covertype,,1776511884393.359,1776511884437.372,44.013,1769,1577,1.977,23.4
2363,cloud_only_mlp_covertype,,1776511884440.372,1776511884489.690,49.318,1769,1577,2.455,17.0
2364,cloud_only_mlp_covertype,,1776511884490.690,1776511884536.712,46.021,1769,1577,2.253,13.7
2365,cloud_only_mlp_covertype,,1776511884539.698,1776511884584.613,44.915,1769,1577,2.348,15.2
2366,cloud_only_mlp_covertype,,1776511884587.310,1776511884629.726,42.416,1769,1577,2.007,8.5
2367,cloud_only_mlp_covertype,,1776511884631.713,1776511884678.388,46.675,1769,1577,2.053,12.0
2368,cloud_only_mlp_covertype,,1776511884681.088,1776511884749.431,68.343,1769,1577,1.921,17.1
2369,cloud_only_mlp_covertype,,1776511884752.419,1776511884799.059,46.641,1769,1577,1.874,9.1
2370,cloud_only_mlp_covertype,,1776511884801.464,1776511884845.620,44.156,1769,1577,2.064,6.0
2371,cloud_only_mlp_covertype,,1776511884846.633,1776511884894.617,47.984,1769,1577,2.076,12.2
2372,cloud_only_mlp_covertype,,1776511884895.616,1776511884943.735,48.119,1769,1577,2.104,10.2
2373,cloud_only_mlp_covertype,,1776511884945.718,1776511885009.799,64.081,1769,1577,1.964,12.0
2374,cloud_only_mlp_covertype,,1776511885012.800,1776511885057.337,44.538,1769,1577,1.904,15.9
2375,cloud_only_mlp_covertype,,1776511885059.324,1776511885103.410,44.086,1769,1577,2.171,10.4
2376,cloud_only_mlp_covertype,,1776511885105.410,1776511885148.078,42.668,1769,1577,2.233,7.1
2377,cloud_only_mlp_covertype,,1776511885151.081,1776511885196.780,45.699,1769,1577,1.841,13.0
2378,cloud_only_mlp_covertype,,1776511885199.106,1776511885293.482,94.375,1769,1577,1.898,18.8
2379,cloud_only_mlp_covertype,,1776511885295.970,1776511885341.359,45.389,1769,1577,2.068,7.0
2380,cloud_only_mlp_covertype,,1776511885344.884,1776511885390.179,45.295,1769,1577,1.930,11.6
2381,cloud_only_mlp_covertype,,1776511885392.168,1776511885441.208,49.040,1769,1577,2.157,9.6
2382,cloud_only_mlp_covertype,,1776511885444.261,1776511885492.259,47.997,1769,1577,2.218,17.0
2383,cloud_only_mlp_covertype,,1776511885493.255,1776511885555.449,62.194,1769,1577,2.311,12.1
2384,cloud_only_mlp_covertype,,1776511885557.438,1776511885601.766,44.329,1769,1577,1.919,15.6
2385,cloud_only_mlp_covertype,,1776511885606.761,1776511885678.296,71.534,1769,1577,1.812,36.4
2386,cloud_only_mlp_covertype,,1776511885679.310,1776511885741.023,61.714,1769,1577,1.941,4.3
2387,cloud_only_mlp_covertype,,1776511885746.025,1776511885818.357,72.332,1769,1577,2.361,12.9
2388,cloud_only_mlp_covertype,,1776511885823.275,1776511885871.643,48.367,1769,1577,2.330,15.7
2389,cloud_only_mlp_covertype,,1776511885874.654,1776511885924.486,49.832,1769,1577,2.094,0.0
2390,cloud_only_mlp_covertype,,1776511885928.476,1776511885975.944,47.468,1769,1577,2.121,4.3
2391,cloud_only_mlp_covertype,,1776511885978.943,1776511886025.310,46.367,1769,1577,2.163,7.5
2392,cloud_only_mlp_covertype,,1776511886028.311,1776511886073.396,45.085,1769,1577,2.100,14.3
2393,cloud_only_mlp_covertype,,1776511886076.413,1776511886125.474,49.060,1769,1577,2.513,0.0
2394,cloud_only_mlp_covertype,,1776511886130.469,1776511886202.740,72.272,1769,1577,2.358,0.0
2395,cloud_only_mlp_covertype,,1776511886206.748,1776511886262.292,55.544,1769,1577,2.174,0.0
2396,cloud_only_mlp_covertype,,1776511886267.310,1776511886325.484,58.175,1769,1577,2.064,4.2
2397,cloud_only_mlp_covertype,,1776511886330.482,1776511886378.475,47.993,1769,1577,1.948,3.8
2398,cloud_only_mlp_covertype,,1776511886381.463,1776511886430.205,48.742,1769,1577,1.862,4.0
2399,cloud_only_mlp_covertype,,1776511886434.232,1776511886480.168,45.936,1769,1577,1.981,2.9
2400,cloud_only_mlp_covertype,,1776511886483.171,1776511886529.863,46.691,1769,1577,2.190,7.4
2401,cloud_only_mlp_covertype,,1776511886533.868,1776511886603.038,69.170,1769,1577,1.850,16.7
2402,cloud_only_mlp_covertype,,1776511886607.537,1776511886657.225,49.689,1769,1577,2.023,4.8
2403,cloud_only_mlp_covertype,,1776511886661.224,1776511886707.084,45.860,1769,1577,1.942,7.8
2404,cloud_only_mlp_covertype,,1776511886710.082,1776511886758.408,48.326,1769,1577,1.930,25.0
2405,cloud_only_mlp_covertype,,1776511886762.406,1776511886808.199,45.792,1769,1577,1.915,13.7
2406,cloud_only_mlp_covertype,,1776511886812.177,1776511886880.058,67.882,1769,1577,2.069,10.0
2407,cloud_only_mlp_covertype,,1776511886884.060,1776511886943.234,59.174,1769,1577,2.143,7.9
2408,cloud_only_mlp_covertype,,1776511886948.255,1776511886998.868,50.613,1769,1577,2.026,8.5
2409,cloud_only_mlp_covertype,,1776511887002.881,1776511887048.918,46.037,1769,1577,1.936,5.3
2410,cloud_only_mlp_covertype,,1776511887051.925,1776511887102.372,50.447,1769,1577,1.985,3.8
2411,cloud_only_mlp_covertype,,1776511887106.924,1776511887156.087,49.164,1769,1577,1.958,0.0
2412,cloud_only_mlp_covertype,,1776511887159.084,1776511887209.453,50.369,1769,1577,2.382,3.7
2413,cloud_only_mlp_covertype,,1776511887213.443,1776511887259.014,45.571,1769,1577,2.073,28.3
2414,cloud_only_mlp_covertype,,1776511887260.014,1776511887305.188,45.174,1769,1577,1.951,9.3
2415,cloud_only_mlp_covertype,,1776511887309.180,1776511887377.152,67.972,1769,1577,1.815,0.0
2416,cloud_only_mlp_covertype,,1776511887380.161,1776511887439.155,58.995,1769,1577,1.846,0.0
2417,cloud_only_mlp_covertype,,1776511887444.157,1776511887490.756,46.598,1769,1577,1.867,0.0
2418,cloud_only_mlp_covertype,,1776511887495.754,1776511887541.223,45.469,1769,1577,2.120,17.2
2419,cloud_only_mlp_covertype,,1776511887544.226,1776511887593.371,49.144,1769,1577,2.030,8.5
2420,cloud_only_mlp_covertype,,1776511887596.370,1776511887668.705,72.335,1769,1577,1.915,0.0
2421,cloud_only_mlp_covertype,,1776511887673.622,1776511887723.615,49.993,1769,1577,2.014,3.9
2422,cloud_only_mlp_covertype,,1776511887727.611,1776511887778.341,50.730,1769,1577,2.078,10.3
2423,cloud_only_mlp_covertype,,1776511887783.338,1776511887851.544,68.206,1769,1577,2.284,8.9
2424,cloud_only_mlp_covertype,,1776511887856.081,1776511887914.378,58.297,1769,1577,1.873,14.3
2425,cloud_only_mlp_covertype,,1776511887919.431,1776511887992.379,72.948,1769,1577,2.094,11.9
2426,cloud_only_mlp_covertype,,1776511887995.379,1776511888066.963,71.583,1769,1577,2.044,3.3
2427,cloud_only_mlp_covertype,,1776511888073.962,1776511888120.273,46.311,1769,1577,2.074,11.9
2428,cloud_only_mlp_covertype,,1776511888123.273,1776511888191.507,68.234,1769,1577,2.025,7.1
2429,cloud_only_mlp_covertype,,1776511888196.508,1776511888245.086,48.579,1769,1577,2.137,10.0
2430,cloud_only_mlp_covertype,,1776511888249.091,1776511888296.148,47.056,1769,1577,1.993,8.3
2431,cloud_only_mlp_covertype,,1776511888300.165,1776511888344.947,44.782,1769,1577,1.817,9.3
2432,cloud_only_mlp_covertype,,1776511888350.141,1776511888397.560,47.418,1769,1577,2.215,0.0
2433,cloud_only_mlp_covertype,,1776511888400.561,1776511888448.262,47.702,1769,1577,1.975,5.6
2434,cloud_only_mlp_covertype,,1776511888453.283,1776511888502.598,49.315,1769,1577,1.884,0.0
2435,cloud_only_mlp_covertype,,1776511888507.598,1776511888575.770,68.172,1769,1577,2.082,1.4
2436,cloud_only_mlp_covertype,,1776511888579.771,1776511888625.275,45.504,1769,1577,2.097,0.0
2437,cloud_only_mlp_covertype,,1776511888630.280,1776511888674.901,44.622,1769,1577,1.925,0.0
2438,cloud_only_mlp_covertype,,1776511888678.899,1776511888724.531,45.632,1769,1577,2.075,2.0
2439,cloud_only_mlp_covertype,,1776511888727.534,1776511888795.814,68.280,1769,1577,2.148,3.8
2440,cloud_only_mlp_covertype,,1776511888801.213,1776511888851.017,49.803,1769,1577,1.814,6.5
2441,cloud_only_mlp_covertype,,1776511888856.016,1776511888902.506,46.490,1769,1577,2.256,1.7
2442,cloud_only_mlp_covertype,,1776511888907.503,1776511888955.280,47.777,1769,1577,1.911,0.0
2443,cloud_only_mlp_covertype,,1776511888960.359,1776511889007.666,47.307,1769,1577,2.045,8.1
2444,cloud_only_mlp_covertype,,1776511889011.658,1776511889061.105,49.448,1769,1577,2.103,4.1
2445,cloud_only_mlp_covertype,,1776511889064.107,1776511889107.577,43.470,1769,1577,2.066,1.6
2446,cloud_only_mlp_covertype,,1776511889112.577,1776511889180.364,67.787,1769,1577,1.940,4.0
2447,cloud_only_mlp_covertype,,1776511889186.359,1776511889234.568,48.209,1769,1577,2.112,1.6
2448,cloud_only_mlp_covertype,,1776511889238.566,1776511889286.768,48.202,1769,1577,2.123,0.0
2449,cloud_only_mlp_covertype,,1776511889293.755,1776511889338.294,44.539,1769,1577,1.892,23.2
2450,cloud_only_mlp_covertype,,1776511889342.597,1776511889388.785,46.188,1769,1577,2.009,1.9
2451,cloud_only_mlp_covertype,,1776511889392.792,1776511889441.434,48.643,1769,1577,1.907,4.0
2452,cloud_only_mlp_covertype,,1776511889444.434,1776511889493.230,48.796,1769,1577,1.982,7.5
2453,cloud_only_mlp_covertype,,1776511889497.240,1776511889545.599,48.358,1769,1577,1.901,1.8
2454,cloud_only_mlp_covertype,,1776511889549.622,1776511889596.375,46.753,1769,1577,2.092,31.6
2455,cloud_only_mlp_covertype,,1776511889601.391,1776511889648.992,47.601,1769,1577,2.153,15.0
2456,cloud_only_mlp_covertype,,1776511889651.988,1776511889697.037,45.049,1769,1577,2.115,7.7
2457,cloud_only_mlp_covertype,,1776511889700.751,1776511889748.713,47.962,1769,1577,2.124,4.3
2458,cloud_only_mlp_covertype,,1776511889752.711,1776511889805.286,52.575,1769,1577,1.984,12.1
2459,cloud_only_mlp_covertype,,1776511889810.290,1776511889857.406,47.116,1769,1577,1.899,9.6
2460,cloud_only_mlp_covertype,,1776511889860.417,1776511889907.575,47.159,1769,1577,3.913,1.8
2461,cloud_only_mlp_covertype,,1776511889914.580,1776511889963.304,48.724,1769,1577,1.818,3.1
2462,cloud_only_mlp_covertype,,1776511889968.302,1776511890031.849,63.546,1769,1577,1.993,1.9
2463,cloud_only_mlp_covertype,,1776511890036.850,1776511890083.064,46.214,1769,1577,1.933,5.6
2464,cloud_only_mlp_covertype,,1776511890086.062,1776511890131.996,45.934,1769,1577,2.123,5.2
2465,cloud_only_mlp_covertype,,1776511890134.996,1776511890201.326,66.330,1769,1577,1.841,7.7
2466,cloud_only_mlp_covertype,,1776511890205.726,1776511890254.439,48.714,1769,1577,1.988,3.2
2467,cloud_only_mlp_covertype,,1776511890258.437,1776511890304.942,46.505,1769,1577,1.975,7.7
2468,cloud_only_mlp_covertype,,1776511890306.951,1776511890353.052,46.101,1769,1577,2.019,18.8
2469,cloud_only_mlp_covertype,,1776511890358.055,1776511890404.612,46.557,1769,1577,2.062,0.0
2470,cloud_only_mlp_covertype,,1776511890409.614,1776511890456.837,47.224,1769,1577,2.647,0.0
2471,cloud_only_mlp_covertype,,1776511890459.849,1776511890507.521,47.672,1769,1577,1.805,3.8
2472,cloud_only_mlp_covertype,,1776511890511.526,1776511890562.047,50.521,1769,1577,1.939,2.8
2473,cloud_only_mlp_covertype,,1776511890567.057,1776511890612.855,45.798,1769,1577,1.879,12.2
2474,cloud_only_mlp_covertype,,1776511890616.863,1776511890661.911,45.049,1769,1577,1.908,4.2
2475,cloud_only_mlp_covertype,,1776511890664.903,1776511890711.429,46.526,1769,1577,2.076,11.8
2476,cloud_only_mlp_covertype,,1776511890716.555,1776511890764.961,48.406,1769,1577,1.915,1.8
2477,cloud_only_mlp_covertype,,1776511890767.977,1776511890812.336,44.359,1769,1577,2.162,2.3
2478,cloud_only_mlp_covertype,,1776511890816.375,1776511890877.233,60.858,1769,1577,1.800,9.6
2479,cloud_only_mlp_covertype,,1776511890880.135,1776511890929.572,49.437,1769,1577,2.144,5.6
2480,cloud_only_mlp_covertype,,1776511890933.573,1776511890983.956,50.383,1769,1577,1.882,0.0
2481,cloud_only_mlp_covertype,,1776511890987.956,1776511891084.999,97.044,1769,1577,2.039,0.8
2482,cloud_only_mlp_covertype,,1776511891088.944,1776511891156.277,67.333,1769,1577,2.069,8.9
2483,cloud_only_mlp_covertype,,1776511891158.266,1776511891209.814,51.549,1769,1577,2.065,0.0
2484,cloud_only_mlp_covertype,,1776511891213.811,1776511891263.599,49.788,1769,1577,2.003,5.8
2485,cloud_only_mlp_covertype,,1776511891267.597,1776511891318.555,50.959,1769,1577,1.890,1.7
2486,cloud_only_mlp_covertype,,1776511891324.018,1776511891389.394,65.375,1769,1577,1.859,8.1
2487,cloud_only_mlp_covertype,,1776511891393.887,1776511891444.599,50.712,1769,1577,1.976,0.0
2488,cloud_only_mlp_covertype,,1776511891447.604,1776511891493.299,45.694,1769,1577,2.019,3.7
2489,cloud_only_mlp_covertype,,1776511891497.307,1776511891558.610,61.303,1769,1577,2.034,0.0
2490,cloud_only_mlp_covertype,,1776511891561.624,1776511891610.815,49.191,1769,1577,2.049,11.4
2491,cloud_only_mlp_covertype,,1776511891614.816,1776511891660.929,46.113,1769,1577,2.129,3.9
2492,cloud_only_mlp_covertype,,1776511891663.932,1776511891726.986,63.054,1769,1577,2.032,1.9
2493,cloud_only_mlp_covertype,,1776511891730.881,1776511891780.197,49.316,1769,1577,2.140,0.0
2494,cloud_only_mlp_covertype,,1776511891783.218,1776511891829.137,45.919,1769,1577,1.956,0.0
2495,cloud_only_mlp_covertype,,1776511891832.128,1776511891878.373,46.245,1769,1577,2.034,38.5
2496,cloud_only_mlp_covertype,,1776511891882.398,1776511891926.668,44.270,1769,1577,1.967,15.7
2497,cloud_only_mlp_covertype,,1776511891931.675,1776511891981.508,49.833,1769,1577,2.134,10.3
2498,cloud_only_mlp_covertype,,1776511891984.511,1776511892054.506,69.994,1769,1577,1.830,29.3
2499,cloud_only_mlp_covertype,,1776511892059.505,1776511892105.146,45.641,1769,1577,2.170,16.0
2500,cloud_only_mlp_covertype,,1776511892108.159,1776511892152.970,44.811,1769,1577,2.045,2.2
2501,cloud_only_mlp_covertype,,1776511892155.971,1776511892201.816,45.845,1769,1577,1.775,2.2
2502,cloud_only_mlp_covertype,,1776511892206.816,1776511892254.414,47.598,1769,1577,1.994,9.2
2503,cloud_only_mlp_covertype,,1776511892260.418,1776511892309.435,49.018,1769,1577,2.060,8.3
2504,cloud_only_mlp_covertype,,1776511892313.440,1776511892362.759,49.319,1769,1577,1.839,4.0
2505,cloud_only_mlp_covertype,,1776511892365.701,1776511892413.260,47.560,1769,1577,2.100,8.8
2506,cloud_only_mlp_covertype,,1776511892417.266,1776511892461.767,44.501,1769,1577,1.997,6.1
2507,cloud_only_mlp_covertype,,1776511892464.781,1776511892513.254,48.473,1769,1577,1.835,0.0
2508,cloud_only_mlp_covertype,,1776511892517.259,1776511892579.985,62.726,1769,1577,2.074,2.4
2509,cloud_only_mlp_covertype,,1776511892585.707,1776511892632.606,46.899,1769,1577,2.107,12.7
2510,cloud_only_mlp_covertype,,1776511892636.601,1776511892682.704,46.103,1769,1577,1.979,3.8
2511,cloud_only_mlp_covertype,,1776511892686.398,1776511892749.653,63.255,1769,1577,1.880,1.4
2512,cloud_only_mlp_covertype,,1776511892754.654,1776511892802.300,47.646,1769,1577,1.990,0.0
2513,cloud_only_mlp_covertype,,1776511892805.314,1776511892871.806,66.492,1769,1577,2.170,12.5
2514,cloud_only_mlp_covertype,,1776511892874.797,1776511892933.166,58.369,1769,1577,1.963,1.6
2515,cloud_only_mlp_covertype,,1776511892937.188,1776511892987.267,50.080,1769,1577,2.129,3.3
2516,cloud_only_mlp_covertype,,1776511892990.269,1776511893058.652,68.384,1769,1577,1.792,3.0
2517,cloud_only_mlp_covertype,,1776511893062.654,1776511893111.421,48.768,1769,1577,1.996,4.5
2518,cloud_only_mlp_covertype,,1776511893115.420,1776511893163.667,48.247,1769,1577,1.922,10.5
2519,cloud_only_mlp_covertype,,1776511893170.081,1776511893227.220,57.138,1769,1577,1.800,10.0
2520,cloud_only_mlp_covertype,,1776511893232.214,1776511893277.031,44.817,1769,1577,2.040,8.0
2521,cloud_only_mlp_covertype,,1776511893281.031,1776511893328.901,47.871,1769,1577,1.994,8.3
2522,cloud_only_mlp_covertype,,1776511893332.900,1776511893385.971,53.072,1769,1577,1.849,18.2
2523,cloud_only_mlp_covertype,,1776511893390.059,1776511893436.793,46.734,1769,1577,2.371,0.0
2524,cloud_only_mlp_covertype,,1776511893440.771,1776511893504.761,63.990,1769,1577,2.190,3.9
2525,cloud_only_mlp_covertype,,1776511893507.754,1776511893556.788,49.034,1769,1577,2.491,5.2
2526,cloud_only_mlp_covertype,,1776511893560.791,1776511893610.572,49.781,1769,1577,1.864,5.9
2527,cloud_only_mlp_covertype,,1776511893614.576,1776511893672.669,58.094,1769,1577,2.496,6.1
2528,cloud_only_mlp_covertype,,1776511893677.775,1776511893723.861,46.086,1769,1577,2.282,3.8
2529,cloud_only_mlp_covertype,,1776511893728.856,1776511893798.031,69.175,1769,1577,2.065,100.0
2530,cloud_only_mlp_covertype,,1776511893801.033,1776511893850.615,49.582,1769,1577,1.885,0.0
2531,cloud_only_mlp_covertype,,1776511893855.615,1776511893902.205,46.590,1769,1577,2.716,3.8
2532,cloud_only_mlp_covertype,,1776511893907.208,1776511893952.624,45.416,1769,1577,2.233,0.0
2533,cloud_only_mlp_covertype,,1776511893958.622,1776511894004.121,45.499,1769,1577,2.076,0.0
2534,cloud_only_mlp_covertype,,1776511894007.113,1776511894053.305,46.192,1769,1577,2.112,13.2
2535,cloud_only_mlp_covertype,,1776511894057.311,1776511894106.086,48.775,1769,1577,1.931,7.1
2536,cloud_only_mlp_covertype,,1776511894111.090,1776511894184.218,73.128,1769,1577,2.064,5.3
2537,cloud_only_mlp_covertype,,1776511894190.213,1776511894234.940,44.727,1769,1577,1.984,1.6
2538,cloud_only_mlp_covertype,,1776511894238.764,1776511894306.136,67.372,1769,1577,1.793,1.7
2539,cloud_only_mlp_covertype,,1776511894310.140,1776511894357.202,47.062,1769,1577,1.940,0.0
2540,cloud_only_mlp_covertype,,1776511894362.224,1776511894432.213,69.988,1769,1577,2.282,9.2
2541,cloud_only_mlp_covertype,,1776511894437.212,1776511894508.448,71.236,1769,1577,2.084,6.3
2542,cloud_only_mlp_covertype,,1776511894514.450,1776511894585.915,71.464,1769,1577,1.806,17.6
2543,cloud_only_mlp_covertype,,1776511894590.909,1776511894641.139,50.230,1769,1577,2.228,3.8
2544,cloud_only_mlp_covertype,,1776511894645.138,1776511894692.260,47.121,1769,1577,2.264,15.8
2545,cloud_only_mlp_covertype,,1776511894696.804,1776511894744.202,47.397,1769,1577,2.418,5.7
2546,cloud_only_mlp_covertype,,1776511894747.189,1776511894792.385,45.196,1769,1577,2.033,0.0
2547,cloud_only_mlp_covertype,,1776511894796.943,1776511894849.887,52.944,1769,1577,1.787,9.1
2548,cloud_only_mlp_covertype,,1776511894854.891,1776511894903.970,49.079,1769,1577,2.022,18.8
2549,cloud_only_mlp_covertype,,1776511894907.963,1776511894973.606,65.642,1769,1577,1.798,6.3
2550,cloud_only_mlp_covertype,,1776511894976.607,1776511895025.302,48.695,1769,1577,2.137,4.6
2551,cloud_only_mlp_covertype,,1776511895028.295,1776511895093.786,65.491,1769,1577,1.953,3.3
2552,cloud_only_mlp_covertype,,1776511895099.161,1776511895145.688,46.527,1769,1577,2.278,5.0
2553,cloud_only_mlp_covertype,,1776511895149.686,1776511895197.830,48.144,1769,1577,1.843,13.2
2554,cloud_only_mlp_covertype,,1776511895202.183,1776511895263.491,61.308,1769,1577,2.036,1.3
2555,cloud_only_mlp_covertype,,1776511895268.493,1776511895315.140,46.647,1769,1577,1.925,3.7
2556,cloud_only_mlp_covertype,,1776511895320.139,1776511895366.931,46.792,1769,1577,1.915,4.3
2557,cloud_only_mlp_covertype,,1776511895369.615,1776511895417.419,47.804,1769,1577,2.450,21.1
2558,cloud_only_mlp_covertype,,1776511895422.699,1776511895471.069,48.369,1769,1577,2.024,0.0
2559,cloud_only_mlp_covertype,,1776511895475.067,1776511895521.282,46.216,1769,1577,2.164,13.5
2560,cloud_only_mlp_covertype,,1776511895525.274,1776511895571.165,45.891,1769,1577,2.043,4.1
2561,cloud_only_mlp_covertype,,1776511895576.167,1776511895625.534,49.367,1769,1577,2.047,0.0
2562,cloud_only_mlp_covertype,,1776511895629.532,1776511895697.462,67.931,1769,1577,1.854,12.3
2563,cloud_only_mlp_covertype,,1776511895702.999,1776511895750.151,47.153,1769,1577,2.019,0.0
2564,cloud_only_mlp_covertype,,1776511895754.155,1776511895798.118,43.963,1769,1577,1.947,0.0
2565,cloud_only_mlp_covertype,,1776511895803.647,1776511895853.261,49.614,1769,1577,2.118,8.3
2566,cloud_only_mlp_covertype,,1776511895858.272,1776511895906.336,48.064,1769,1577,1.916,7.1
2567,cloud_only_mlp_covertype,,1776511895910.337,1776511895955.221,44.884,1769,1577,2.191,10.7
2568,cloud_only_mlp_covertype,,1776511895958.237,1776511896012.233,53.996,1769,1577,9.796,5.0
2569,cloud_only_mlp_covertype,,1776511896016.064,1776511896084.985,68.921,1769,1577,2.655,4.7
2570,cloud_only_mlp_covertype,,1776511896089.019,1776511896137.317,48.297,1769,1577,2.157,17.9
2571,cloud_only_mlp_covertype,,1776511896138.328,1776511896181.948,43.620,1769,1577,1.943,10.2
2572,cloud_only_mlp_covertype,,1776511896183.951,1776511896228.654,44.703,1769,1577,2.280,9.5
2573,cloud_only_mlp_covertype,,1776511896231.651,1776511896300.875,69.224,1769,1577,1.840,5.1
2574,cloud_only_mlp_covertype,,1776511896305.888,1776511896380.036,74.148,1769,1577,1.798,7.8
2575,cloud_only_mlp_covertype,,1776511896382.036,1776511896438.483,56.447,1769,1577,1.866,10.9
2576,cloud_only_mlp_covertype,,1776511896443.531,1776511896490.292,46.761,1769,1577,1.932,1.7
2577,cloud_only_mlp_covertype,,1776511896495.315,1776511896544.124,48.809,1769,1577,1.918,3.9
2578,cloud_only_mlp_covertype,,1776511896548.265,1776511896597.980,49.716,1769,1577,2.259,14.0
2579,cloud_only_mlp_covertype,,1776511896602.151,1776511896650.216,48.065,1769,1577,1.884,16.1
2580,cloud_only_mlp_covertype,,1776511896653.205,1776511896699.995,46.791,1769,1577,2.353,13.0
2581,cloud_only_mlp_covertype,,1776511896702.648,1776511896806.716,104.068,1769,1577,1.860,9.3
2582,cloud_only_mlp_covertype,,1776511896809.714,1776511896855.103,45.389,1769,1577,2.033,5.3
2583,cloud_only_mlp_covertype,,1776511896858.100,1776511896905.883,47.783,1769,1577,2.126,11.8
2584,cloud_only_mlp_covertype,,1776511896908.887,1776511896957.406,48.519,1769,1577,1.880,15.4
2585,cloud_only_mlp_covertype,,1776511896960.407,1776511897026.513,66.106,1769,1577,1.895,6.8
2586,cloud_only_mlp_covertype,,1776511897029.957,1776511897076.275,46.319,1769,1577,2.455,9.6
2587,cloud_only_mlp_covertype,,1776511897079.255,1776511897127.835,48.580,1769,1577,2.163,0.0
2588,cloud_only_mlp_covertype,,1776511897128.834,1776511897179.941,51.106,1769,1577,2.063,10.8
2589,cloud_only_mlp_covertype,,1776511897184.956,1776511897237.081,52.125,1769,1577,2.105,55.4
2590,cloud_only_mlp_covertype,,1776511897241.168,1776511897289.900,48.732,1769,1577,1.915,22.9
2591,cloud_only_mlp_covertype,,1776511897292.671,1776511897340.248,47.577,1769,1577,2.025,3.9
2592,cloud_only_mlp_covertype,,1776511897344.244,1776511897400.066,55.822,1769,1577,1.923,14.1
2593,cloud_only_mlp_covertype,,1776511897403.567,1776511897450.454,46.886,1769,1577,1.919,18.8
2594,cloud_only_mlp_covertype,,1776511897453.436,1776511897498.862,45.426,1769,1577,1.880,4.3
2595,cloud_only_mlp_covertype,,1776511897503.852,1776511897567.573,63.722,1769,1577,1.794,9.6
2596,cloud_only_mlp_covertype,,1776511897571.570,1776511897620.748,49.178,1769,1577,1.904,5.6
2597,cloud_only_mlp_covertype,,1776511897624.748,1776511897672.527,47.779,1769,1577,2.105,1.9
2598,cloud_only_mlp_covertype,,1776511897677.514,1776511897750.181,72.667,1769,1577,1.790,13.1
2599,cloud_only_mlp_covertype,,1776511897753.367,1776511897809.979,56.613,1769,1577,1.855,3.4
2600,cloud_only_mlp_covertype,,1776511897813.979,1776511897858.198,44.219,1769,1577,1.901,12.7
2601,cloud_only_mlp_covertype,,1776511897861.197,1776511897909.910,48.713,1769,1577,1.964,12.8
2602,cloud_only_mlp_covertype,,1776511897912.938,1776511897961.121,48.183,1769,1577,2.113,0.0
2603,cloud_only_mlp_covertype,,1776511897965.122,1776511898012.382,47.260,1769,1577,2.048,2.5
2604,cloud_only_mlp_covertype,,1776511898015.382,1776511898063.385,48.002,1769,1577,2.028,0.0
2605,cloud_only_mlp_covertype,,1776511898067.388,1776511898136.019,68.631,1769,1577,1.964,1.5
2606,cloud_only_mlp_covertype,,1776511898141.017,1776511898199.489,58.472,1769,1577,2.040,0.0
2607,cloud_only_mlp_covertype,,1776511898203.482,1776511898251.147,47.665,1769,1577,2.064,0.0
2608,cloud_only_mlp_covertype,,1776511898254.164,1776511898321.862,67.698,1769,1577,1.908,4.7
2609,cloud_only_mlp_covertype,,1776511898327.865,1776511898377.107,49.242,1769,1577,2.119,14.0
2610,cloud_only_mlp_covertype,,1776511898381.124,1776511898429.086,47.961,1769,1577,1.842,16.0
2611,cloud_only_mlp_covertype,,1776511898432.110,1776511898478.766,46.656,1769,1577,2.125,14.3
2612,cloud_only_mlp_covertype,,1776511898480.966,1776511898527.491,46.524,1769,1577,1.983,1.9
2613,cloud_only_mlp_covertype,,1776511898530.497,1776511898585.119,54.622,1769,1577,1.838,2.0
2614,cloud_only_mlp_covertype,,1776511898589.297,1776511898633.438,44.141,1769,1577,1.857,18.9
2615,cloud_only_mlp_covertype,,1776511898638.433,1776511898687.969,49.536,1769,1577,2.377,2.9
2616,cloud_only_mlp_covertype,,1776511898691.992,1776511898756.523,64.531,1769,1577,1.951,5.2
2617,cloud_only_mlp_covertype,,1776511898761.794,1776511898806.654,44.860,1769,1577,1.974,9.6
2618,cloud_only_mlp_covertype,,1776511898809.738,1776511898854.481,44.743,1769,1577,2.121,5.9
2619,cloud_only_mlp_covertype,,1776511898856.467,1776511898905.173,48.705,1769,1577,2.116,4.2
2620,cloud_only_mlp_covertype,,1776511898907.688,1776511898956.262,48.574,1769,1577,2.020,11.8
2621,cloud_only_mlp_covertype,,1776511898960.256,1776511899005.732,45.476,1769,1577,1.925,6.8
2622,cloud_only_mlp_covertype,,1776511899008.280,1776511899054.767,46.487,1769,1577,1.866,7.9
2623,cloud_only_mlp_covertype,,1776511899058.771,1776511899127.551,68.780,1769,1577,1.836,3.2
2624,cloud_only_mlp_covertype,,1776511899132.547,1776511899201.359,68.812,1769,1577,1.813,7.6
2625,cloud_only_mlp_covertype,,1776511899205.354,1776511899250.041,44.687,1769,1577,1.872,4.0
2626,cloud_only_mlp_covertype,,1776511899254.048,1776511899324.500,70.452,1769,1577,2.013,1.0
2627,cloud_only_mlp_covertype,,1776511899327.500,1776511899386.543,59.044,1769,1577,1.937,0.0
2628,cloud_only_mlp_covertype,,1776511899391.535,1776511899441.028,49.493,1769,1577,2.089,0.0
2629,cloud_only_mlp_covertype,,1776511899445.030,1776511899509.887,64.857,1769,1577,1.923,6.2
2630,cloud_only_mlp_covertype,,1776511899513.124,1776511899585.502,72.378,1769,1577,1.989,14.3
2631,cloud_only_mlp_covertype,,1776511899589.504,1776511899646.379,56.875,1769,1577,1.792,7.6
2632,cloud_only_mlp_covertype,,1776511899651.384,1776511899696.701,45.317,1769,1577,1.837,10.0
2633,cloud_only_mlp_covertype,,1776511899699.704,1776511899770.924,71.220,1769,1577,1.824,5.0
2634,cloud_only_mlp_covertype,,1776511899774.922,1776511899846.466,71.544,1769,1577,1.837,8.0
2635,cloud_only_mlp_covertype,,1776511899852.654,1776511899907.480,54.826,1769,1577,1.844,6.5
2636,cloud_only_mlp_covertype,,1776511899913.015,1776511899958.747,45.732,1769,1577,2.006,3.4
2637,cloud_only_mlp_covertype,,1776511899962.743,1776511900009.098,46.355,1769,1577,1.896,7.7
2638,cloud_only_mlp_covertype,,1776511900011.741,1776511900055.034,43.293,1769,1577,2.048,3.0
2639,cloud_only_mlp_covertype,,1776511900058.042,1776511900102.432,44.390,1769,1577,2.073,3.6
2640,cloud_only_mlp_covertype,,1776511900105.433,1776511900152.976,47.543,1769,1577,1.919,5.0
2641,cloud_only_mlp_covertype,,1776511900158.995,1776511900208.946,49.950,1769,1577,2.065,3.7
2642,cloud_only_mlp_covertype,,1776511900213.456,1776511900278.604,65.147,1769,1577,1.858,4.3
2643,cloud_only_mlp_covertype,,1776511900283.882,1776511900329.456,45.574,1769,1577,1.948,0.0
2644,cloud_only_mlp_covertype,,1776511900332.463,1776511900405.495,73.032,1769,1577,2.259,1.0
2645,cloud_only_mlp_covertype,,1776511900409.489,1776511900478.920,69.431,1769,1577,1.889,3.9
2646,cloud_only_mlp_covertype,,1776511900483.903,1776511900557.191,73.289,1769,1577,1.978,3.1
2647,cloud_only_mlp_covertype,,1776511900561.189,1776511900611.168,49.979,1769,1577,1.981,19.0
2648,cloud_only_mlp_covertype,,1776511900612.179,1776511900677.539,65.360,1769,1577,1.823,10.6
2649,cloud_only_mlp_covertype,,1776511900682.538,1776511900740.681,58.143,1769,1577,1.943,18.8
2650,cloud_only_mlp_covertype,,1776511900744.689,1776511900791.719,47.030,1769,1577,1.900,18.2
2651,cloud_only_mlp_covertype,,1776511900795.734,1776511900842.132,46.397,1769,1577,1.905,12.0
2652,cloud_only_mlp_covertype,,1776511900845.126,1776511900891.067,45.940,1769,1577,2.666,3.6
2653,cloud_only_mlp_covertype,,1776511900894.067,1776511900939.726,45.658,1769,1577,1.989,13.7
2654,cloud_only_mlp_covertype,,1776511900942.719,1776511900991.711,48.993,1769,1577,2.581,8.8
2655,cloud_only_mlp_covertype,,1776511900994.715,1776511901044.272,49.557,1769,1577,2.155,13.0
2656,cloud_only_mlp_covertype,,1776511901047.275,1776511901092.272,44.997,1769,1577,2.075,6.2
2657,cloud_only_mlp_covertype,,1776511901094.276,1776511901139.090,44.814,1769,1577,1.951,8.6
2658,cloud_only_mlp_covertype,,1776511901142.560,1776511901190.346,47.786,1769,1577,1.928,7.0
2659,cloud_only_mlp_covertype,,1776511901193.360,1776511901244.864,51.504,1769,1577,2.148,22.2
2660,cloud_only_mlp_covertype,,1776511901248.866,1776511901303.627,54.761,1769,1577,2.006,10.2
2661,cloud_only_mlp_covertype,,1776511901305.627,1776511901354.900,49.273,1769,1577,1.938,1.6
2662,cloud_only_mlp_covertype,,1776511901356.903,1776511901400.290,43.387,1769,1577,2.015,18.4
2663,cloud_only_mlp_covertype,,1776511901403.306,1776511901452.303,48.997,1769,1577,2.092,2.0
2664,cloud_only_mlp_covertype,,1776511901456.323,1776511901507.341,51.018,1769,1577,1.843,13.6
2665,cloud_only_mlp_covertype,,1776511901511.325,1776511901561.393,50.067,1769,1577,2.190,5.8
2666,cloud_only_mlp_covertype,,1776511901565.394,1776511901611.581,46.188,1769,1577,1.915,0.0
2667,cloud_only_mlp_covertype,,1776511901615.588,1776511901671.238,55.649,1769,1577,1.959,1.8
2668,cloud_only_mlp_covertype,,1776511901674.236,1776511901749.193,74.958,1769,1577,1.872,13.3
2669,cloud_only_mlp_covertype,,1776511901752.195,1776511901812.140,59.945,1769,1577,2.012,1.6
2670,cloud_only_mlp_covertype,,1776511901815.613,1776511901871.908,56.295,1769,1577,2.034,1.6
2671,cloud_only_mlp_covertype,,1776511901875.901,1776511901932.412,56.511,1769,1577,1.884,1.6
2672,cloud_only_mlp_covertype,,1776511901936.424,1776511901991.173,54.749,1769,1577,2.127,21.4
2673,cloud_only_mlp_covertype,,1776511901996.194,1776511902043.781,47.587,1769,1577,2.575,14.5
2674,cloud_only_mlp_covertype,,1776511902047.786,1776511902100.798,53.013,1769,1577,1.927,1.7
2675,cloud_only_mlp_covertype,,1776511902104.812,1776511902190.282,85.469,1769,1577,1.802,2.2
2676,cloud_only_mlp_covertype,,1776511902194.273,1776511902240.721,46.448,1769,1577,1.987,8.8
2677,cloud_only_mlp_covertype,,1776511902244.725,1776511902288.907,44.182,1769,1577,1.956,10.6
2678,cloud_only_mlp_covertype,,1776511902291.907,1776511902339.080,47.173,1769,1577,2.064,9.8
2679,cloud_only_mlp_covertype,,1776511902345.084,1776511902410.322,65.238,1769,1577,2.067,45.7
2680,cloud_only_mlp_covertype,,1776511902412.083,1776511902454.917,42.833,1769,1577,2.031,6.5
2681,cloud_only_mlp_covertype,,1776511902459.084,1776511902566.334,107.250,1769,1577,1.894,5.9
2682,cloud_only_mlp_covertype,,1776511902570.337,1776511902618.488,48.151,1769,1577,1.906,4.5
2683,cloud_only_mlp_covertype,,1776511902623.728,1776511902673.131,49.403,1769,1577,2.056,0.0
2684,cloud_only_mlp_covertype,,1776511902678.133,1776511902723.979,45.847,1769,1577,1.963,6.1
2685,cloud_only_mlp_covertype,,1776511902726.978,1776511902771.529,44.552,1769,1577,2.007,8.7
2686,cloud_only_mlp_covertype,,1776511902775.525,1776511902825.883,50.358,1769,1577,2.199,4.6
2687,cloud_only_mlp_covertype,,1776511902830.983,1776511902903.043,72.061,1769,1577,2.201,0.0
2688,cloud_only_mlp_covertype,,1776511902908.061,1776511902976.669,68.608,1769,1577,1.998,1.5
2689,cloud_only_mlp_covertype,,1776511902979.667,1776511903026.273,46.607,1769,1577,2.043,17.2
2690,cloud_only_mlp_covertype,,1776511903031.273,1776511903080.612,49.339,1769,1577,2.189,6.7
2691,cloud_only_mlp_covertype,,1776511903083.611,1776511903165.004,81.393,1769,1577,1.941,7.2
2692,cloud_only_mlp_covertype,,1776511903169.007,1776511903236.948,67.941,1769,1577,1.821,5.9
2693,cloud_only_mlp_covertype,,1776511903241.936,1776511903292.031,50.095,1769,1577,1.861,9.0
2694,cloud_only_mlp_covertype,,1776511903295.037,1776511903342.763,47.725,1769,1577,2.069,1.4
2695,cloud_only_mlp_covertype,,1776511903344.767,1776511903391.575,46.808,1769,1577,2.502,2.9
2696,cloud_only_mlp_covertype,,1776511903395.574,1776511903445.285,49.711,1769,1577,1.832,7.7
2697,cloud_only_mlp_covertype,,1776511903449.286,1776511903498.495,49.209,1769,1577,1.943,5.6
2698,cloud_only_mlp_covertype,,1776511903501.495,1776511903562.954,61.459,1769,1577,2.007,11.7
2699,cloud_only_mlp_covertype,,1776511903566.941,1776511903611.589,44.648,1769,1577,2.144,1.9
2700,cloud_only_mlp_covertype,,1776511903615.592,1776511903678.584,62.991,1769,1577,2.036,2.7
2701,cloud_only_mlp_covertype,,1776511903682.575,1776511903732.378,49.803,1769,1577,2.360,10.0
2702,cloud_only_mlp_covertype,,1776511903735.380,1776511903782.633,47.254,1769,1577,2.360,7.7
2703,cloud_only_mlp_covertype,,1776511903788.626,1776511903833.994,45.368,1769,1577,1.981,12.2
2704,cloud_only_mlp_covertype,,1776511903837.012,1776511903884.390,47.378,1769,1577,2.063,8.9
2705,cloud_only_mlp_covertype,,1776511903888.396,1776511903949.632,61.236,1769,1577,1.956,4.8
2706,cloud_only_mlp_covertype,,1776511903953.651,1776511903997.052,43.401,1769,1577,1.911,4.3
2707,cloud_only_mlp_covertype,,1776511904002.051,1776511904048.306,46.254,1769,1577,2.110,9.8
2708,cloud_only_mlp_covertype,,1776511904052.303,1776511904097.818,45.515,1769,1577,1.924,7.1
2709,cloud_only_mlp_covertype,,1776511904099.819,1776511904150.055,50.236,1769,1577,1.897,9.4
2710,cloud_only_mlp_covertype,,1776511904154.056,1776511904202.644,48.588,1769,1577,1.827,0.0
2711,cloud_only_mlp_covertype,,1776511904207.633,1776511904255.872,48.238,1769,1577,2.079,0.0
2712,cloud_only_mlp_covertype,,1776511904259.871,1776511904323.837,63.966,1769,1577,1.959,7.4
2713,cloud_only_mlp_covertype,,1776511904329.009,1776511904387.058,58.049,1769,1577,2.608,0.0
2714,cloud_only_mlp_covertype,,1776511904392.053,1776511904464.106,72.053,1769,1577,1.971,2.8
2715,cloud_only_mlp_covertype,,1776511904468.099,1776511904516.224,48.125,1769,1577,2.090,3.8
2716,cloud_only_mlp_covertype,,1776511904519.214,1776511904586.827,67.613,1769,1577,1.985,4.7
2717,cloud_only_mlp_covertype,,1776511904591.827,1776511904662.000,70.173,1769,1577,1.872,4.8
2718,cloud_only_mlp_covertype,,1776511904666.470,1776511904715.213,48.743,1769,1577,1.951,10.0
2719,cloud_only_mlp_covertype,,1776511904720.231,1776511904786.906,66.675,1769,1577,1.826,7.7
2720,cloud_only_mlp_covertype,,1776511904791.890,1776511904839.374,47.484,1769,1577,1.981,2.6
2721,cloud_only_mlp_covertype,,1776511904843.372,1776511904890.768,47.396,1769,1577,1.825,0.0
2722,cloud_only_mlp_covertype,,1776511904894.752,1776511904944.400,49.648,1769,1577,2.069,3.6
2723,cloud_only_mlp_covertype,,1776511904948.246,1776511905017.164,68.918,1769,1577,1.886,3.5
2724,cloud_only_mlp_covertype,,1776511905020.520,1776511905068.752,48.232,1769,1577,2.353,8.2
2725,cloud_only_mlp_covertype,,1776511905073.747,1776511905123.054,49.307,1769,1577,1.914,2.0
2726,cloud_only_mlp_covertype,,1776511905128.565,1776511905187.790,59.225,1769,1577,1.985,1.5
2727,cloud_only_mlp_covertype,,1776511905190.791,1776511905239.239,48.448,1769,1577,1.932,6.5
2728,cloud_only_mlp_covertype,,1776511905244.235,1776511905292.723,48.488,1769,1577,2.047,8.6
2729,cloud_only_mlp_covertype,,1776511905296.746,1776511905366.793,70.047,1769,1577,1.862,1.4
2730,cloud_only_mlp_covertype,,1776511905369.802,1776511905413.897,44.095,1769,1577,1.900,10.0
2731,cloud_only_mlp_covertype,,1776511905417.892,1776511905480.526,62.634,1769,1577,2.342,2.1
2732,cloud_only_mlp_covertype,,1776511905484.527,1776511905533.458,48.931,1769,1577,2.192,3.7
2733,cloud_only_mlp_covertype,,1776511905536.459,1776511905584.172,47.713,1769,1577,2.084,12.8
2734,cloud_only_mlp_covertype,,1776511905588.175,1776511905635.200,47.025,1769,1577,1.899,14.8
2735,cloud_only_mlp_covertype,,1776511905640.192,1776511905686.341,46.149,1769,1577,2.010,4.0
2736,cloud_only_mlp_covertype,,1776511905689.342,1776511905736.883,47.541,1769,1577,2.498,5.3
2737,cloud_only_mlp_covertype,,1776511905741.887,1776511905791.931,50.044,1769,1577,1.964,18.9
2738,cloud_only_mlp_covertype,,1776511905794.925,1776511905840.981,46.057,1769,1577,2.474,11.5
2739,cloud_only_mlp_covertype,,1776511905845.982,1776511905891.150,45.169,1769,1577,2.129,3.9
2740,cloud_only_mlp_covertype,,1776511905894.192,1776511905940.883,46.691,1769,1577,2.307,4.3
2741,cloud_only_mlp_covertype,,1776511905944.875,1776511905991.362,46.487,1769,1577,2.357,5.9
2742,cloud_only_mlp_covertype,,1776511905994.360,1776511906042.966,48.606,1769,1577,1.996,16.4
2743,cloud_only_mlp_covertype,,1776511906047.970,1776511906097.358,49.388,1769,1577,1.922,11.0
2744,cloud_only_mlp_covertype,,1776511906099.354,1776511906142.492,43.139,1769,1577,1.984,8.3
2745,cloud_only_mlp_covertype,,1776511906146.497,1776511906194.204,47.707,1769,1577,1.981,6.1
2746,cloud_only_mlp_covertype,,1776511906198.210,1776511906245.996,47.786,1769,1577,1.962,2.0
2747,cloud_only_mlp_covertype,,1776511906250.002,1776511906300.445,50.443,1769,1577,2.206,1.6
2748,cloud_only_mlp_covertype,,1776511906304.456,1776511906351.286,46.830,1769,1577,2.065,10.6
2749,cloud_only_mlp_covertype,,1776511906355.289,1776511906402.073,46.784,1769,1577,1.938,1.7
2750,cloud_only_mlp_covertype,,1776511906407.063,1776511906480.253,73.190,1769,1577,2.020,0.0
2751,cloud_only_mlp_covertype,,1776511906487.253,1776511906536.715,49.462,1769,1577,1.914,1.7
2752,cloud_only_mlp_covertype,,1776511906541.712,1776511906602.815,61.103,1769,1577,1.794,6.2
2753,cloud_only_mlp_covertype,,1776511906607.918,1776511906678.663,70.744,1769,1577,1.951,2.5
2754,cloud_only_mlp_covertype,,1776511906683.785,1776511906730.616,46.831,1769,1577,1.912,8.6
2755,cloud_only_mlp_covertype,,1776511906735.692,1776511906781.367,45.675,1769,1577,1.925,9.6
2756,cloud_only_mlp_covertype,,1776511906784.363,1776511906834.931,50.568,1769,1577,2.000,3.4
2757,cloud_only_mlp_covertype,,1776511906839.929,1776511906912.938,73.009,1769,1577,2.089,2.7
2758,cloud_only_mlp_covertype,,1776511906917.937,1776511906963.889,45.952,1769,1577,2.162,7.5
2759,cloud_only_mlp_covertype,,1776511906967.878,1776511907012.837,44.959,1769,1577,2.085,3.4
2760,cloud_only_mlp_covertype,,1776511907014.850,1776511907063.670,48.820,1769,1577,2.325,0.0
2761,cloud_only_mlp_covertype,,1776511907068.777,1776511907117.295,48.519,1769,1577,2.137,12.5
2762,cloud_only_mlp_covertype,,1776511907121.323,1776511907187.250,65.927,1769,1577,2.013,1.5
2763,cloud_only_mlp_covertype,,1776511907193.801,1776511907237.757,43.956,1769,1577,2.050,7.6
2764,cloud_only_mlp_covertype,,1776511907242.753,1776511907291.960,49.207,1769,1577,2.044,3.5
2765,cloud_only_mlp_covertype,,1776511907296.965,1776511907345.620,48.656,1769,1577,1.812,11.6
2766,cloud_only_mlp_covertype,,1776511907349.618,1776511907417.058,67.440,1769,1577,1.819,5.1
2767,cloud_only_mlp_covertype,,1776511907422.089,1776511907467.327,45.238,1769,1577,2.253,8.9
2768,cloud_only_mlp_covertype,,1776511907469.330,1776511907542.941,73.612,1769,1577,2.024,5.1
2769,cloud_only_mlp_covertype,,1776511907545.948,1776511907593.357,47.409,1769,1577,1.972,4.1
2770,cloud_only_mlp_covertype,,1776511907596.354,1776511907642.052,45.698,1769,1577,2.070,2.0
2771,cloud_only_mlp_covertype,,1776511907646.054,1776511907694.094,48.040,1769,1577,1.809,2.1
2772,cloud_only_mlp_covertype,,1776511907699.090,1776511907746.150,47.061,1769,1577,1.965,5.6
2773,cloud_only_mlp_covertype,,1776511907751.439,1776511907819.700,68.261,1769,1577,1.917,10.4
2774,cloud_only_mlp_covertype,,1776511907825.724,1776511907899.948,74.224,1769,1577,1.821,31.8
2775,cloud_only_mlp_covertype,,1776511907904.947,1776511907952.311,47.364,1769,1577,2.130,0.0
2776,cloud_only_mlp_covertype,,1776511907956.319,1776511908021.485,65.166,1769,1577,1.851,5.8
2777,cloud_only_mlp_covertype,,1776511908026.495,1776511908074.225,47.731,1769,1577,1.913,12.5
2778,cloud_only_mlp_covertype,,1776511908078.214,1776511908134.596,56.382,1769,1577,2.131,37.5
2779,cloud_only_mlp_covertype,,1776511908137.955,1776511908208.663,70.708,1769,1577,2.014,14.9
2780,cloud_only_mlp_covertype,,1776511908213.124,1776511908259.750,46.626,1769,1577,2.104,10.5
2781,cloud_only_mlp_covertype,,1776511908265.075,1776511908378.169,113.094,1769,1577,1.898,5.5
2782,cloud_only_mlp_covertype,,1776511908382.185,1776511908443.419,61.234,1769,1577,1.995,10.8
2783,cloud_only_mlp_covertype,,1776511908449.419,1776511908521.078,71.659,1769,1577,2.078,2.4
2784,cloud_only_mlp_covertype,,1776511908525.537,1776511908571.580,46.043,1769,1577,1.913,13.5
2785,cloud_only_mlp_covertype,,1776511908575.569,1776511908621.560,45.991,1769,1577,1.902,8.3
2786,cloud_only_mlp_covertype,,1776511908623.559,1776511908672.468,48.909,1769,1577,2.061,4.3
2787,cloud_only_mlp_covertype,,1776511908677.467,1776511908727.966,50.500,1769,1577,1.873,8.3
2788,cloud_only_mlp_covertype,,1776511908731.959,1776511908780.236,48.277,1769,1577,2.027,0.0
2789,cloud_only_mlp_covertype,,1776511908785.232,1776511908844.360,59.128,1769,1577,2.417,5.6
2790,cloud_only_mlp_covertype,,1776511908847.377,1776511908891.363,43.986,1769,1577,1.904,1.9
2791,cloud_only_mlp_covertype,,1776511908898.360,1776511908945.248,46.888,1769,1577,2.124,6.8
2792,cloud_only_mlp_covertype,,1776511908949.255,1776511909014.438,65.184,1769,1577,1.837,6.7
2793,cloud_only_mlp_covertype,,1776511909018.448,1776511909069.233,50.786,1769,1577,2.123,0.0
2794,cloud_only_mlp_covertype,,1776511909073.251,1776511909135.717,62.466,1769,1577,2.035,4.7
2795,cloud_only_mlp_covertype,,1776511909139.872,1776511909186.725,46.853,1769,1577,1.847,0.0
2796,cloud_only_mlp_covertype,,1776511909189.722,1776511909236.434,46.711,1769,1577,2.044,2.2
2797,cloud_only_mlp_covertype,,1776511909240.567,1776511909288.832,48.266,1769,1577,2.134,1.9
2798,cloud_only_mlp_covertype,,1776511909292.831,1776511909351.537,58.706,1769,1577,2.574,1.5
2799,cloud_only_mlp_covertype,,1776511909355.790,1776511909413.169,57.380,1769,1577,2.092,14.8
2800,cloud_only_mlp_covertype,,1776511909417.171,1776511909477.449,60.278,1769,1577,2.060,33.3
2801,cloud_only_mlp_covertype,,1776511909482.903,1776511909529.667,46.764,1769,1577,1.823,2.2
2802,cloud_only_mlp_covertype,,1776511909533.664,1776511909578.744,45.080,1769,1577,1.955,3.7
2803,cloud_only_mlp_covertype,,1776511909582.771,1776511909643.199,60.427,1769,1577,2.096,6.6
2804,cloud_only_mlp_covertype,,1776511909648.099,1776511909694.133,46.033,1769,1577,1.932,7.8
2805,cloud_only_mlp_covertype,,1776511909699.133,1776511909744.324,45.191,1769,1577,2.069,9.4
2806,cloud_only_mlp_covertype,,1776511909748.326,1776511909796.442,48.116,1769,1577,2.208,2.0
2807,cloud_only_mlp_covertype,,1776511909801.460,1776511909876.020,74.559,1769,1577,2.032,12.0
2808,cloud_only_mlp_covertype,,1776511909881.476,1776511909927.805,46.329,1769,1577,2.044,4.2
2809,cloud_only_mlp_covertype,,1776511909931.813,1776511909977.106,45.293,1769,1577,1.911,8.5
2810,cloud_only_mlp_covertype,,1776511909981.105,1776511910046.548,65.442,1769,1577,1.809,1.2
2811,cloud_only_mlp_covertype,,1776511910050.717,1776511910098.417,47.699,1769,1577,1.904,3.4
2812,cloud_only_mlp_covertype,,1776511910103.446,1776511910167.908,64.462,1769,1577,2.091,2.9
2813,cloud_only_mlp_covertype,,1776511910171.997,1776511910215.858,43.862,1769,1577,2.006,0.0
2814,cloud_only_mlp_covertype,,1776511910219.850,1776511910291.881,72.031,1769,1577,2.049,0.0
2815,cloud_only_mlp_covertype,,1776511910297.882,1776511910371.759,73.877,1769,1577,2.126,0.0
2816,cloud_only_mlp_covertype,,1776511910375.759,1776511910423.520,47.761,1769,1577,1.970,0.0
2817,cloud_only_mlp_covertype,,1776511910426.516,1776511910473.804,47.288,1769,1577,1.984,1.8
2818,cloud_only_mlp_covertype,,1776511910477.804,1776511910528.029,50.225,1769,1577,2.434,2.0
2819,cloud_only_mlp_covertype,,1776511910532.429,1776511910581.120,48.691,1769,1577,2.052,2.9
2820,cloud_only_mlp_covertype,,1776511910584.118,1776511910632.438,48.320,1769,1577,2.059,23.1
2821,cloud_only_mlp_covertype,,1776511910636.453,1776511910695.710,59.257,1769,1577,1.994,20.3
2822,cloud_only_mlp_covertype,,1776511910698.711,1776511910745.762,47.050,1769,1577,1.985,12.2
2823,cloud_only_mlp_covertype,,1776511910749.760,1776511910795.533,45.773,1769,1577,2.051,4.3
2824,cloud_only_mlp_covertype,,1776511910799.546,1776511910862.987,63.441,1769,1577,1.807,3.9
2825,cloud_only_mlp_covertype,,1776511910868.985,1776511910942.151,73.166,1769,1577,1.970,4.7
2826,cloud_only_mlp_covertype,,1776511910946.797,1776511910992.165,45.368,1769,1577,2.032,15.9
2827,cloud_only_mlp_covertype,,1776511910995.178,1776511911041.440,46.262,1769,1577,2.136,9.1
2828,cloud_only_mlp_covertype,,1776511911046.008,1776511911108.851,62.843,1769,1577,1.833,0.0
2829,cloud_only_mlp_covertype,,1776511911113.867,1776511911185.146,71.279,1769,1577,1.897,5.9
2830,cloud_only_mlp_covertype,,1776511911189.148,1776511911235.275,46.126,1769,1577,1.979,1.9
2831,cloud_only_mlp_covertype,,1776511911238.277,1776511911283.999,45.722,1769,1577,2.281,2.0
2832,cloud_only_mlp_covertype,,1776511911287.996,1776511911337.968,49.972,1769,1577,1.854,4.9
2833,cloud_only_mlp_covertype,,1776511911344.334,1776511911391.200,46.866,1769,1577,2.110,2.1
2834,cloud_only_mlp_covertype,,1776511911394.316,1776511911463.792,69.477,1769,1577,1.993,0.0
2835,cloud_only_mlp_covertype,,1776511911468.883,1776511911537.700,68.818,1769,1577,1.906,7.1
2836,cloud_only_mlp_covertype,,1776511911542.715,1776511911587.861,45.146,1769,1577,2.106,20.7
2837,cloud_only_mlp_covertype,,1776511911592.857,1776511911638.906,46.049,1769,1577,1.857,13.6
2838,cloud_only_mlp_covertype,,1776511911642.903,1776511911690.505,47.603,1769,1577,1.945,14.8
2839,cloud_only_mlp_covertype,,1776511911693.517,1776511911744.431,50.914,1769,1577,1.906,10.2
2840,cloud_only_mlp_covertype,,1776511911749.432,1776511911794.288,44.855,1769,1577,1.823,4.8
2841,cloud_only_mlp_covertype,,1776511911797.305,1776511911842.824,45.519,1769,1577,1.998,12.1
2842,cloud_only_mlp_covertype,,1776511911845.681,1776511911894.562,48.881,1769,1577,1.911,10.4
2843,cloud_only_mlp_covertype,,1776511911900.558,1776511911950.411,49.853,1769,1577,1.926,7.0
2844,cloud_only_mlp_covertype,,1776511911953.414,1776511911997.878,44.463,1769,1577,1.942,2.1
2845,cloud_only_mlp_covertype,,1776511912000.871,1776511912061.856,60.985,1769,1577,1.917,3.2
2846,cloud_only_mlp_covertype,,1776511912067.858,1776511912141.080,73.222,1769,1577,1.863,3.7
2847,cloud_only_mlp_covertype,,1776511912146.096,1776511912194.543,48.447,1769,1577,2.302,3.5
2848,cloud_only_mlp_covertype,,1776511912197.344,1776511912242.699,45.354,1769,1577,1.841,10.4
2849,cloud_only_mlp_covertype,,1776511912245.716,1776511912292.275,46.560,1769,1577,2.180,1.9
2850,cloud_only_mlp_covertype,,1776511912297.269,1776511912345.641,48.372,1769,1577,1.833,1.8
2851,cloud_only_mlp_covertype,,1776511912349.650,1776511912401.719,52.070,1769,1577,1.891,4.6
2852,cloud_only_mlp_covertype,,1776511912407.714,1776511912479.813,72.099,1769,1577,1.948,0.0
2853,cloud_only_mlp_covertype,,1776511912484.747,1776511912533.885,49.138,1769,1577,1.921,0.0
2854,cloud_only_mlp_covertype,,1776511912537.878,1776511912602.489,64.611,1769,1577,1.974,2.6
2855,cloud_only_mlp_covertype,,1776511912606.488,1776511912654.182,47.695,1769,1577,2.069,6.1
2856,cloud_only_mlp_covertype,,1776511912658.183,1776511912705.950,47.767,1769,1577,1.872,20.0
2857,cloud_only_mlp_covertype,,1776511912708.948,1776511912773.975,65.027,1769,1577,1.880,14.7
2858,cloud_only_mlp_covertype,,1776511912778.410,1776511912824.012,45.603,1769,1577,1.925,5.8
2859,cloud_only_mlp_covertype,,1776511912826.803,1776511912872.183,45.381,1769,1577,2.149,4.3
2860,cloud_only_mlp_covertype,,1776511912875.162,1776511912940.822,65.659,1769,1577,2.126,13.2
2861,cloud_only_mlp_covertype,,1776511912945.471,1776511912995.327,49.855,1769,1577,1.990,1.7
2862,cloud_only_mlp_covertype,,1776511913000.324,1776511913046.525,46.201,1769,1577,1.998,2.0
2863,cloud_only_mlp_covertype,,1776511913050.528,1776511913097.811,47.283,1769,1577,2.126,3.4
2864,cloud_only_mlp_covertype,,1776511913102.811,1776511913152.379,49.568,1769,1577,2.136,4.0
2865,cloud_only_mlp_covertype,,1776511913155.378,1776511913205.935,50.557,1769,1577,2.108,3.3
2866,cloud_only_mlp_covertype,,1776511913210.930,1776511913256.490,45.560,1769,1577,2.109,0.0
2867,cloud_only_mlp_covertype,,1776511913260.490,1776511913323.825,63.336,1769,1577,2.164,5.6
2868,cloud_only_mlp_covertype,,1776511913326.814,1776511913371.143,44.329,1769,1577,1.973,2.0
2869,cloud_only_mlp_covertype,,1776511913376.141,1776511913421.458,45.317,1769,1577,2.023,30.0
2870,cloud_only_mlp_covertype,,1776511913425.479,1776511913495.090,69.611,1769,1577,1.981,0.0
2871,cloud_only_mlp_covertype,,1776511913501.240,1776511913572.312,71.072,1769,1577,2.030,1.4
2872,cloud_only_mlp_covertype,,1776511913576.330,1776511913622.770,46.440,1769,1577,2.106,1.7
2873,cloud_only_mlp_covertype,,1776511913626.438,1776511913671.463,45.025,1769,1577,1.923,6.9
2874,cloud_only_mlp_covertype,,1776511913674.462,1776511913722.711,48.249,1769,1577,1.992,10.2
2875,cloud_only_mlp_covertype,,1776511913725.691,1776511913773.376,47.685,1769,1577,1.898,12.5
2876,cloud_only_mlp_covertype,,1776511913778.534,1776511913849.240,70.706,1769,1577,2.359,9.1
2877,cloud_only_mlp_covertype,,1776511913854.479,1776511913900.119,45.640,1769,1577,2.113,12.1
2878,cloud_only_mlp_covertype,,1776511913904.069,1776511913973.033,68.964,1769,1577,2.069,10.7
2879,cloud_only_mlp_covertype,,1776511913978.087,1776511914106.998,128.910,1769,1577,1.855,38.9
2880,cloud_only_mlp_covertype,,1776511914108.017,1776511914153.377,45.360,1769,1577,1.920,4.5
2881,cloud_only_mlp_covertype,,1776511914154.376,1776511914200.873,46.497,1769,1577,2.406,5.9
2882,cloud_only_mlp_covertype,,1776511914204.872,1776511914254.755,49.883,1769,1577,1.790,27.9
2883,cloud_only_mlp_covertype,,1776511914258.758,1776511914307.612,48.854,1769,1577,2.033,5.0
2884,cloud_only_mlp_covertype,,1776511914311.611,1776511914359.329,47.718,1769,1577,2.021,0.0
2885,cloud_only_mlp_covertype,,1776511914364.315,1776511914412.777,48.462,1769,1577,2.037,4.0
2886,cloud_only_mlp_covertype,,1776511914417.115,1776511914460.069,42.954,1769,1577,1.985,17.5
2887,cloud_only_mlp_covertype,,1776511914464.095,1776511914508.287,44.192,1769,1577,1.986,2.1
2888,cloud_only_mlp_covertype,,1776511914511.273,1776511914574.793,63.520,1769,1577,1.814,1.4
2889,cloud_only_mlp_covertype,,1776511914578.796,1776511914625.187,46.391,1769,1577,1.860,3.2
2890,cloud_only_mlp_covertype,,1776511914629.200,1776511914673.148,43.948,1769,1577,1.932,16.9
2891,cloud_only_mlp_covertype,,1776511914675.144,1776511914719.181,44.037,1769,1577,1.920,21.9
2892,cloud_only_mlp_covertype,,1776511914722.167,1776511914771.510,49.343,1769,1577,2.024,4.1
2893,cloud_only_mlp_covertype,,1776511914776.520,1776511914826.047,49.527,1769,1577,1.786,3.3
2894,cloud_only_mlp_covertype,,1776511914830.051,1776511914875.093,45.042,1769,1577,1.944,19.6
2895,cloud_only_mlp_covertype,,1776511914877.089,1776511914943.446,66.357,1769,1577,1.905,3.5
2896,cloud_only_mlp_covertype,,1776511914947.444,1776511914995.250,47.806,1769,1577,1.831,11.7
2897,cloud_only_mlp_covertype,,1776511914998.248,1776511915046.549,48.301,1769,1577,1.870,8.3
2898,cloud_only_mlp_covertype,,1776511915051.557,1776511915098.160,46.603,1769,1577,1.856,1.9
2899,cloud_only_mlp_covertype,,1776511915103.167,1776511915149.283,46.117,1769,1577,1.984,6.0
2900,cloud_only_mlp_covertype,,1776511915152.288,1776511915196.549,44.261,1769,1577,2.126,3.7
2901,cloud_only_mlp_covertype,,1776511915200.562,1776511915266.634,66.072,1769,1577,1.844,7.3
2902,cloud_only_mlp_covertype,,1776511915269.169,1776511915318.995,49.826,1769,1577,2.467,4.1
2903,cloud_only_mlp_covertype,,1776511915322.992,1776511915372.031,49.039,1769,1577,2.536,20.0
2904,cloud_only_mlp_covertype,,1776511915374.031,1776511915419.502,45.471,1769,1577,2.182,12.5
2905,cloud_only_mlp_covertype,,1776511915422.490,1776511915467.131,44.640,1769,1577,2.451,6.4
2906,cloud_only_mlp_covertype,,1776511915471.238,1776511915533.977,62.739,1769,1577,1.919,3.0
2907,cloud_only_mlp_covertype,,1776511915537.966,1776511915612.585,74.619,1769,1577,1.863,2.8
2908,cloud_only_mlp_covertype,,1776511915616.583,1776511915687.565,70.982,1769,1577,1.927,2.1
2909,cloud_only_mlp_covertype,,1776511915690.553,1776511915735.687,45.134,1769,1577,1.774,14.9
2910,cloud_only_mlp_covertype,,1776511915739.681,1776511915812.573,72.892,1769,1577,1.995,1.3
2911,cloud_only_mlp_covertype,,1776511915814.563,1776511915862.399,47.836,1769,1577,1.910,6.1
2912,cloud_only_mlp_covertype,,1776511915867.406,1776511915912.834,45.428,1769,1577,1.930,5.8
2913,cloud_only_mlp_covertype,,1776511915917.821,1776511915963.740,45.919,1769,1577,1.956,5.5
2914,cloud_only_mlp_covertype,,1776511915969.182,1776511916016.327,47.145,1769,1577,2.016,1.8
2915,cloud_only_mlp_covertype,,1776511916019.344,1776511916090.916,71.573,1769,1577,2.007,0.0
2916,cloud_only_mlp_covertype,,1776511916095.085,1776511916144.768,49.682,1769,1577,2.500,8.9
2917,cloud_only_mlp_covertype,,1776511916147.752,1776511916213.710,65.958,1769,1577,2.223,9.7
2918,cloud_only_mlp_covertype,,1776511916217.715,1776511916268.795,51.080,1769,1577,2.103,2.4
2919,cloud_only_mlp_covertype,,1776511916273.873,1776511916317.992,44.119,1769,1577,1.914,2.0
2920,cloud_only_mlp_covertype,,1776511916322.003,1776511916370.532,48.529,1769,1577,1.788,10.9
2921,cloud_only_mlp_covertype,,1776511916373.721,1776511916447.444,73.723,1769,1577,2.073,22.7
2922,cloud_only_mlp_covertype,,1776511916450.446,1776511916523.993,73.547,1769,1577,1.842,65.7
2923,cloud_only_mlp_covertype,,1776511916529.005,1776511916573.858,44.854,1769,1577,2.020,8.7
2924,cloud_only_mlp_covertype,,1776511916576.865,1776511916626.321,49.456,1769,1577,2.056,4.1
2925,cloud_only_mlp_covertype,,1776511916628.333,1776511916674.421,46.087,1769,1577,1.910,7.0
2926,cloud_only_mlp_covertype,,1776511916677.432,1776511916723.607,46.175,1769,1577,2.001,9.6
2927,cloud_only_mlp_covertype,,1776511916726.608,1776511916770.633,44.025,1769,1577,2.009,18.9
2928,cloud_only_mlp_covertype,,1776511916774.740,1776511916821.469,46.729,1769,1577,1.896,15.9
2929,cloud_only_mlp_covertype,,1776511916824.360,1776511916896.803,72.443,1769,1577,1.956,8.5
2930,cloud_only_mlp_covertype,,1776511916900.807,1776511916945.534,44.727,1769,1577,1.815,9.8
2931,cloud_only_mlp_covertype,,1776511916949.535,1776511916995.143,45.609,1769,1577,2.042,6.9
2932,cloud_only_mlp_covertype,,1776511916998.147,1776511917066.188,68.041,1769,1577,1.826,19.1
2933,cloud_only_mlp_covertype,,1776511917067.187,1776511917113.703,46.516,1769,1577,2.106,1.9
2934,cloud_only_mlp_covertype,,1776511917118.709,1776511917167.194,48.484,1769,1577,2.195,5.0
2935,cloud_only_mlp_covertype,,1776511917170.719,1776511917239.344,68.625,1769,1577,1.844,11.8
2936,cloud_only_mlp_covertype,,1776511917243.340,1776511917289.415,46.075,1769,1577,2.084,11.3
2937,cloud_only_mlp_covertype,,1776511917293.413,1776511917339.648,46.234,1769,1577,2.064,4.1
2938,cloud_only_mlp_covertype,,1776511917342.635,1776511917389.223,46.588,1769,1577,1.900,6.1
2939,cloud_only_mlp_covertype,,1776511917391.748,1776511917437.641,45.893,1769,1577,2.043,8.5
2940,cloud_only_mlp_covertype,,1776511917440.657,1776511917484.615,43.958,1769,1577,2.069,1.4
2941,cloud_only_mlp_covertype,,1776511917488.613,1776511917558.670,70.057,1769,1577,1.831,3.7
2942,cloud_only_mlp_covertype,,1776511917563.063,1776511917611.938,48.875,1769,1577,1.968,1.8
2943,cloud_only_mlp_covertype,,1776511917614.936,1776511917685.449,70.512,1769,1577,1.943,0.0
2944,cloud_only_mlp_covertype,,1776511917690.446,1776511917736.811,46.365,1769,1577,2.143,6.1
2945,cloud_only_mlp_covertype,,1776511917740.629,1776511917807.703,67.074,1769,1577,2.054,5.0
2946,cloud_only_mlp_covertype,,1776511917810.690,1776511917857.694,47.004,1769,1577,1.891,16.7
2947,cloud_only_mlp_covertype,,1776511917860.697,1776511917931.954,71.257,1769,1577,1.950,10.0
2948,cloud_only_mlp_covertype,,1776511917932.760,1776511917981.441,48.681,1769,1577,1.945,20.4
2949,cloud_only_mlp_covertype,,1776511917984.440,1776511918055.323,70.883,1769,1577,1.850,17.5
2950,cloud_only_mlp_covertype,,1776511918059.358,1776511918103.282,43.924,1769,1577,2.120,16.7
2951,cloud_only_mlp_covertype,,1776511918109.284,1776511918153.066,43.781,1769,1577,1.896,13.0
2952,cloud_only_mlp_covertype,,1776511918156.064,1776511918205.147,49.083,1769,1577,2.184,3.7
2953,cloud_only_mlp_covertype,,1776511918209.145,1776511918259.312,50.167,1769,1577,2.016,16.9
2954,cloud_only_mlp_covertype,,1776511918262.315,1776511918307.399,45.084,1769,1577,1.929,4.2
2955,cloud_only_mlp_covertype,,1776511918312.886,1776511918357.729,44.843,1769,1577,1.823,0.0
2956,cloud_only_mlp_covertype,,1776511918361.766,1776511918424.240,62.474,1769,1577,1.982,4.5
2957,cloud_only_mlp_covertype,,1776511918430.259,1776511918480.125,49.866,1769,1577,2.089,14.0
2958,cloud_only_mlp_covertype,,1776511918484.119,1776511918530.776,46.657,1769,1577,1.904,4.2
2959,cloud_only_mlp_covertype,,1776511918535.782,1776511918594.870,59.088,1769,1577,2.004,0.0
2960,cloud_only_mlp_covertype,,1776511918599.872,1776511918671.647,71.775,1769,1577,2.007,2.9
2961,cloud_only_mlp_covertype,,1776511918676.583,1776511918746.309,69.726,1769,1577,1.806,1.5
2962,cloud_only_mlp_covertype,,1776511918751.311,1776511918807.521,56.210,1769,1577,2.018,1.1
2963,cloud_only_mlp_covertype,,1776511918811.523,1776511918857.047,45.524,1769,1577,2.508,8.5
2964,cloud_only_mlp_covertype,,1776511918862.072,1776511918929.975,67.903,1769,1577,1.863,3.2
2965,cloud_only_mlp_covertype,,1776511918934.970,1776511918993.263,58.293,1769,1577,1.975,2.7
2966,cloud_only_mlp_covertype,,1776511918999.260,1776511919046.587,47.327,1769,1577,2.053,24.4
2967,cloud_only_mlp_covertype,,1776511919049.605,1776511919098.493,48.887,1769,1577,1.851,16.4
2968,cloud_only_mlp_covertype,,1776511919102.502,1776511919148.567,46.065,1769,1577,2.072,11.3
2969,cloud_only_mlp_covertype,,1776511919152.569,1776511919197.553,44.984,1769,1577,1.866,11.3
2970,cloud_only_mlp_covertype,,1776511919202.551,1776511919251.022,48.471,1769,1577,1.943,11.5
2971,cloud_only_mlp_covertype,,1776511919255.032,1776511919303.751,48.719,1769,1577,1.979,3.4
2972,cloud_only_mlp_covertype,,1776511919308.767,1776511919379.232,70.465,1769,1577,1.836,7.7
2973,cloud_only_mlp_covertype,,1776511919384.228,1776511919439.007,54.779,1769,1577,1.817,7.4
2974,cloud_only_mlp_covertype,,1776511919444.003,1776511919517.222,73.219,1769,1577,1.872,8.8
2975,cloud_only_mlp_covertype,,1776511919521.227,1776511919570.387,49.160,1769,1577,1.821,7.7
2976,cloud_only_mlp_covertype,,1776511919575.397,1776511919641.652,66.255,1769,1577,1.792,0.0
2977,cloud_only_mlp_covertype,,1776511919646.656,1776511919693.603,46.947,1769,1577,1.923,0.0
2978,cloud_only_mlp_covertype,,1776511919698.602,1776511919772.312,73.710,1769,1577,1.828,9.1
2979,cloud_only_mlp_covertype,,1776511919777.822,1776511919912.666,134.844,1769,1577,6.012,2.5
2980,cloud_only_mlp_covertype,,1776511919915.663,1776511919969.396,53.733,1769,1577,3.199,7.9
2981,cloud_only_mlp_covertype,,1776511919974.758,1776511920047.851,73.094,1769,1577,1.970,16.2
2982,cloud_only_mlp_covertype,,1776511920050.838,1776511920096.287,45.449,1769,1577,2.034,6.1
2983,cloud_only_mlp_covertype,,1776511920101.682,1776511920146.437,44.755,1769,1577,1.842,2.1
2984,cloud_only_mlp_covertype,,1776511920150.434,1776511920197.199,46.765,1769,1577,1.904,4.1
2985,cloud_only_mlp_covertype,,1776511920200.199,1776511920264.741,64.542,1769,1577,2.005,11.6
2986,cloud_only_mlp_covertype,,1776511920267.744,1776511920325.380,57.637,1769,1577,1.798,3.1
2987,cloud_only_mlp_covertype,,1776511920329.403,1776511920387.652,58.249,1769,1577,1.848,2.4
2988,cloud_only_mlp_covertype,,1776511920390.657,1776511920451.286,60.630,1769,1577,1.877,1.4
2989,cloud_only_mlp_covertype,,1776511920455.283,1776511920502.744,47.460,1769,1577,1.765,10.9
2990,cloud_only_mlp_covertype,,1776511920506.752,1776511920552.904,46.151,1769,1577,3.113,10.2
2991,cloud_only_mlp_covertype,,1776511920556.910,1776511920603.826,46.916,1769,1577,2.035,7.7
2992,cloud_only_mlp_covertype,,1776511920607.826,1776511920667.686,59.859,1769,1577,2.245,0.0
2993,cloud_only_mlp_covertype,,1776511920671.683,1776511920719.452,47.769,1769,1577,1.886,5.3
2994,cloud_only_mlp_covertype,,1776511920722.452,1776511920769.914,47.462,1769,1577,1.893,17.2
2995,cloud_only_mlp_covertype,,1776511920775.923,1776511920830.060,54.137,1769,1577,1.952,40.6
2996,cloud_only_mlp_covertype,,1776511920831.070,1776511920898.300,67.231,1769,1577,1.866,0.0
2997,cloud_only_mlp_covertype,,1776511920901.291,1776511920949.959,48.669,1769,1577,2.863,5.6
2998,cloud_only_mlp_covertype,,1776511920953.951,1776511921000.349,46.398,1769,1577,2.234,16.4
2999,cloud_only_mlp_covertype,,1776511921005.351,1776511921055.410,50.059,1769,1577,5.380,30.9
3000,cloud_only_mlp_covertype,,1776511921059.411,1776511921135.922,76.511,1769,1577,2.613,6.8
3001,cloud_only_mlp_covertype,,1776511921139.919,1776511921190.333,50.414,1769,1577,2.566,6.8
3002,cloud_only_mlp_covertype,,1776511921194.328,1776511921242.503,48.175,1769,1577,2.885,10.2
3003,cloud_only_mlp_covertype,,1776511921245.498,1776511921290.934,45.436,1769,1577,2.095,11.1
3004,cloud_only_mlp_covertype,,1776511921293.934,1776511921345.601,51.667,1769,1577,2.875,6.4
3005,cloud_only_mlp_covertype,,1776511921350.605,1776511921410.663,60.057,1769,1577,6.200,4.2
3006,cloud_only_mlp_covertype,,1776511921413.668,1776511921464.877,51.208,1769,1577,6.444,0.0
3007,cloud_only_mlp_covertype,,1776511921468.896,1776511921542.516,73.620,1769,1577,5.035,2.6
3008,cloud_only_mlp_covertype,,1776511921546.513,1776511921614.777,68.264,1769,1577,3.175,2.5
3009,cloud_only_mlp_covertype,,1776511921618.773,1776511921668.223,49.450,1769,1577,2.826,1.9
3010,cloud_only_mlp_covertype,,1776511921674.244,1776511921733.560,59.316,1769,1577,2.268,0.0
3011,cloud_only_mlp_covertype,,1776511921738.563,1776511921793.452,54.888,1769,1577,6.371,11.1
3012,cloud_only_mlp_covertype,,1776511921797.467,1776511921847.667,50.200,1769,1577,3.593,3.7
3013,cloud_only_mlp_covertype,,1776511921850.667,1776511921906.711,56.044,1769,1577,1.854,6.7
3014,cloud_only_mlp_covertype,,1776511921910.703,1776511921971.430,60.728,1769,1577,10.618,3.3
3015,cloud_only_mlp_covertype,,1776511921974.421,1776511922024.709,50.288,1769,1577,3.943,5.3
3016,cloud_only_mlp_covertype,,1776511922029.712,1776511922081.778,52.065,1769,1577,6.250,3.6
3017,cloud_only_mlp_covertype,,1776511922086.464,1776511922140.598,54.134,1769,1577,6.962,11.5
3018,cloud_only_mlp_covertype,,1776511922144.604,1776511922210.273,65.670,1769,1577,2.031,5.8
3019,cloud_only_mlp_covertype,,1776511922214.276,1776511922265.101,50.825,1769,1577,2.153,8.5
3020,cloud_only_mlp_covertype,,1776511922269.140,1776511922314.419,45.279,1769,1577,2.005,23.1
3021,cloud_only_mlp_covertype,,1776511922317.436,1776511922363.245,45.809,1769,1577,2.723,12.2
3022,cloud_only_mlp_covertype,,1776511922366.375,1776511922415.255,48.880,1769,1577,2.070,12.1
3023,cloud_only_mlp_covertype,,1776511922420.256,1776511922468.977,48.722,1769,1577,2.940,2.0
3024,cloud_only_mlp_covertype,,1776511922473.047,1776511922520.109,47.062,1769,1577,2.332,15.7
3025,cloud_only_mlp_covertype,,1776511922523.599,1776511922573.298,49.699,1769,1577,3.361,11.7
3026,cloud_only_mlp_covertype,,1776511922577.315,1776511922627.566,50.251,1769,1577,3.189,5.9
3027,cloud_only_mlp_covertype,,1776511922632.566,1776511922685.295,52.729,1769,1577,3.217,3.8
3028,cloud_only_mlp_covertype,,1776511922688.319,1776511922734.687,46.368,1769,1577,2.558,0.0
3029,cloud_only_mlp_covertype,,1776511922738.693,1776511922787.606,48.912,1769,1577,2.317,5.4
3030,cloud_only_mlp_covertype,,1776511922791.599,1776511922857.558,65.958,1769,1577,1.831,4.5
3031,cloud_only_mlp_covertype,,1776511922861.558,1776511922908.925,47.367,1769,1577,3.019,0.0
3032,cloud_only_mlp_covertype,,1776511922912.929,1776511922962.825,49.896,1769,1577,2.916,11.5
3033,cloud_only_mlp_covertype,,1776511922967.859,1776511923028.007,60.148,1769,1577,2.988,2.9
3034,cloud_only_mlp_covertype,,1776511923033.012,1776511923080.780,47.768,1769,1577,4.782,7.4
3035,cloud_only_mlp_covertype,,1776511923083.778,1776511923131.138,47.360,1769,1577,2.168,2.0
3036,cloud_only_mlp_covertype,,1776511923135.127,1776511923197.102,61.975,1769,1577,2.002,4.3
3037,cloud_only_mlp_covertype,,1776511923202.214,1776511923249.209,46.995,1769,1577,1.900,0.0
3038,cloud_only_mlp_covertype,,1776511923253.221,1776511923299.888,46.667,1769,1577,2.078,10.7
3039,cloud_only_mlp_covertype,,1776511923303.879,1776511923348.677,44.798,1769,1577,2.095,12.8
3040,cloud_only_mlp_covertype,,1776511923352.691,1776511923400.105,47.414,1769,1577,2.070,20.3
3041,cloud_only_mlp_covertype,,1776511923404.102,1776511923474.716,70.614,1769,1577,1.814,1.4
3042,cloud_only_mlp_covertype,,1776511923479.721,1776511923529.401,49.680,1769,1577,2.034,7.7
3043,cloud_only_mlp_covertype,,1776511923533.420,1776511923582.648,49.228,1769,1577,1.909,20.0
3044,cloud_only_mlp_covertype,,1776511923588.154,1776511923655.814,67.660,1769,1577,2.102,6.9
3045,cloud_only_mlp_covertype,,1776511923659.820,1776511923705.531,45.711,1769,1577,1.914,5.4
3046,cloud_only_mlp_covertype,,1776511923711.537,1776511923759.435,47.898,1769,1577,2.213,4.5
3047,cloud_only_mlp_covertype,,1776511923764.454,1776511923825.712,61.258,1769,1577,1.882,2.0
3048,cloud_only_mlp_covertype,,1776511923831.740,1776511923904.841,73.102,1769,1577,3.598,0.8
3049,cloud_only_mlp_covertype,,1776511923909.843,1776511923955.515,45.672,1769,1577,1.908,4.2
3050,cloud_only_mlp_covertype,,1776511923959.527,1776511924008.372,48.845,1769,1577,2.463,6.9
3051,cloud_only_mlp_covertype,,1776511924010.387,1776511924074.650,64.263,1769,1577,2.110,3.2
3052,cloud_only_mlp_covertype,,1776511924081.125,1776511924128.414,47.289,1769,1577,2.059,5.6
3053,cloud_only_mlp_covertype,,1776511924131.420,1776511924199.031,67.611,1769,1577,2.503,0.0
3054,cloud_only_mlp_covertype,,1776511924204.032,1776511924253.143,49.111,1769,1577,2.048,3.3
3055,cloud_only_mlp_covertype,,1776511924257.142,1776511924322.679,65.537,1769,1577,1.984,8.4
3056,cloud_only_mlp_covertype,,1776511924326.669,1776511924372.707,46.038,1769,1577,2.617,12.8
3057,cloud_only_mlp_covertype,,1776511924377.726,1776511924423.266,45.540,1769,1577,2.153,4.0
3058,cloud_only_mlp_covertype,,1776511924427.265,1776511924481.417,54.152,1769,1577,3.087,6.7
3059,cloud_only_mlp_covertype,,1776511924484.421,1776511924531.513,47.092,1769,1577,1.973,0.0
3060,cloud_only_mlp_covertype,,1776511924535.521,1776511924580.275,44.754,1769,1577,2.310,10.9
3061,cloud_only_mlp_covertype,,1776511924585.330,1776511924631.506,46.176,1769,1577,2.144,10.0
3062,cloud_only_mlp_covertype,,1776511924637.502,1776511924685.416,47.914,1769,1577,1.964,3.4
3063,cloud_only_mlp_covertype,,1776511924689.434,1776511924742.137,52.703,1769,1577,2.216,100.0
3064,cloud_only_mlp_covertype,,1776511924746.138,1776511924817.451,71.313,1769,1577,3.637,36.4
3065,cloud_only_mlp_covertype,,1776511924820.543,1776511924866.986,46.442,1769,1577,2.276,11.4
3066,cloud_only_mlp_covertype,,1776511924869.979,1776511924919.189,49.210,1769,1577,1.918,1.4
3067,cloud_only_mlp_covertype,,1776511924923.189,1776511924973.022,49.833,1769,1577,2.064,5.2
3068,cloud_only_mlp_covertype,,1776511924977.034,1776511925025.147,48.113,1769,1577,3.195,14.0
3069,cloud_only_mlp_covertype,,1776511925028.163,1776511925074.796,46.634,1769,1577,2.712,12.0
3070,cloud_only_mlp_covertype,,1776511925078.796,1776511925127.230,48.435,1769,1577,2.089,10.4
3071,cloud_only_mlp_covertype,,1776511925131.226,1776511925186.782,55.556,1769,1577,7.691,3.0
3072,cloud_only_mlp_covertype,,1776511925192.322,1776511925262.820,70.499,1769,1577,2.225,0.0
3073,cloud_only_mlp_covertype,,1776511925266.814,1776511925313.197,46.383,1769,1577,1.936,6.1
3074,cloud_only_mlp_covertype,,1776511925317.220,1776511925362.553,45.333,1769,1577,1.813,8.5
3075,cloud_only_mlp_covertype,,1776511925365.540,1776511925408.521,42.981,1769,1577,1.952,7.4
3076,cloud_only_mlp_covertype,,1776511925412.541,1776511925462.182,49.641,1769,1577,1.848,6.8
3077,cloud_only_mlp_covertype,,1776511925466.175,1776511925513.654,47.479,1769,1577,1.893,7.3
3078,cloud_only_mlp_covertype,,1776511925517.887,1776511926124.690,606.803,1769,1577,2.149,5.5
3079,cloud_only_mlp_covertype,,1776511926127.750,1776511926192.031,64.282,1769,1577,2.370,3.2
3080,cloud_only_mlp_covertype,,1776511926196.052,1776511926257.323,61.271,1769,1577,2.517,5.9
3081,cloud_only_mlp_covertype,,1776511926261.314,1776511926308.880,47.565,1769,1577,2.260,12.5
3082,cloud_only_mlp_covertype,,1776511926312.881,1776511926359.231,46.350,1769,1577,1.986,12.3
3083,cloud_only_mlp_covertype,,1776511926364.239,1776511926409.945,45.706,1769,1577,1.834,8.2
3084,cloud_only_mlp_covertype,,1776511926415.387,1776511926464.849,49.462,1769,1577,1.989,3.5
3085,cloud_only_mlp_covertype,,1776511926467.850,1776511926514.327,46.478,1769,1577,1.952,2.0
3086,cloud_only_mlp_covertype,,1776511926519.411,1776511926576.776,57.365,1769,1577,1.831,1.6
3087,cloud_only_mlp_covertype,,1776511926581.797,1776511926628.667,46.871,1769,1577,2.102,14.5
3088,cloud_only_mlp_covertype,,1776511926632.827,1776511926701.878,69.051,1769,1577,1.851,3.3
3089,cloud_only_mlp_covertype,,1776511926707.986,1776511926755.720,47.734,1769,1577,2.063,5.9
3090,cloud_only_mlp_covertype,,1776511926759.720,1776511926807.092,47.372,1769,1577,2.185,1.9
3091,cloud_only_mlp_covertype,,1776511926812.097,1776511926859.605,47.509,1769,1577,2.162,3.7
3092,cloud_only_mlp_covertype,,1776511926863.676,1776511926909.527,45.851,1769,1577,2.131,5.9
3093,cloud_only_mlp_covertype,,1776511926913.532,1776511926958.522,44.990,1769,1577,2.048,1.4
3094,cloud_only_mlp_covertype,,1776511926962.286,1776511927010.994,48.709,1769,1577,1.947,3.2
3095,cloud_only_mlp_covertype,,1776511927013.994,1776511927061.686,47.691,1769,1577,1.833,10.0
3096,cloud_only_mlp_covertype,,1776511927064.684,1776511927111.610,46.926,1769,1577,2.407,10.6
3097,cloud_only_mlp_covertype,,1776511927115.597,1776511927162.967,47.370,1769,1577,2.010,7.1
3098,cloud_only_mlp_covertype,,1776511927168.958,1776511927239.421,70.463,1769,1577,1.972,9.1
3099,cloud_only_mlp_covertype,,1776511927244.407,1776511927293.355,48.948,1769,1577,1.995,11.1
3100,cloud_only_mlp_covertype,,1776511927298.355,1776511927342.873,44.518,1769,1577,2.098,6.2
3101,cloud_only_mlp_covertype,,1776511927345.867,1776511927406.994,61.127,1769,1577,2.106,11.9
3102,cloud_only_mlp_covertype,,1776511927409.015,1776511927471.338,62.323,1769,1577,2.016,8.3
3103,cloud_only_mlp_covertype,,1776511927474.293,1776511927520.764,46.472,1769,1577,1.905,3.0
3104,cloud_only_mlp_covertype,,1776511927525.762,1776511927572.267,46.504,1769,1577,2.029,1.9
3105,cloud_only_mlp_covertype,,1776511927574.278,1776511927639.137,64.860,1769,1577,2.069,9.8
3106,cloud_only_mlp_covertype,,1776511927643.140,1776511927687.386,44.246,1769,1577,2.099,0.0
3107,cloud_only_mlp_covertype,,1776511927692.759,1776511927738.295,45.537,1769,1577,1.909,1.8
3108,cloud_only_mlp_covertype,,1776511927743.296,1776511927791.109,47.812,1769,1577,2.279,5.7
3109,cloud_only_mlp_covertype,,1776511927795.107,1776511927844.729,49.622,1769,1577,2.098,0.0
3110,cloud_only_mlp_covertype,,1776511927847.719,1776511927893.353,45.634,1769,1577,1.865,10.9
3111,cloud_only_mlp_covertype,,1776511927897.343,1776511927943.004,45.661,1769,1577,2.043,3.9
3112,cloud_only_mlp_covertype,,1776511927948.041,1776511928011.090,63.050,1769,1577,1.835,7.5
3113,cloud_only_mlp_covertype,,1776511928013.955,1776511928087.686,73.730,1769,1577,2.115,5.8
3114,cloud_only_mlp_covertype,,1776511928091.684,1776511928137.474,45.791,1769,1577,1.940,14.3
3115,cloud_only_mlp_covertype,,1776511928139.476,1776511928185.882,46.406,1769,1577,1.926,12.2
3116,cloud_only_mlp_covertype,,1776511928189.894,1776511928238.822,48.928,1769,1577,1.955,15.8
3117,cloud_only_mlp_covertype,,1776511928242.826,1776511928293.281,50.455,1769,1577,2.034,12.7
3118,cloud_only_mlp_covertype,,1776511928297.275,1776511928342.853,45.578,1769,1577,1.879,1.9
3119,cloud_only_mlp_covertype,,1776511928345.852,1776511928392.275,46.423,1769,1577,2.021,21.3
3120,cloud_only_mlp_covertype,,1776511928395.281,1776511928443.043,47.762,1769,1577,1.957,8.3
3121,cloud_only_mlp_covertype,,1776511928448.402,1776511928498.042,49.640,1769,1577,1.917,1.8
3122,cloud_only_mlp_covertype,,1776511928502.046,1776511928552.228,50.182,1769,1577,1.920,1.8
3123,cloud_only_mlp_covertype,,1776511928557.196,1776511928606.312,49.116,1769,1577,1.888,8.6
3124,cloud_only_mlp_covertype,,1776511928610.295,1776511928657.029,46.734,1769,1577,2.001,4.1
3125,cloud_only_mlp_covertype,,1776511928662.021,1776511928705.557,43.536,1769,1577,1.819,6.8
3126,cloud_only_mlp_covertype,,1776511928708.802,1776511928757.895,49.093,1769,1577,2.042,1.7
3127,cloud_only_mlp_covertype,,1776511928761.909,1776511928810.022,48.113,1769,1577,1.858,14.3
3128,cloud_only_mlp_covertype,,1776511928814.010,1776511928874.007,59.996,1769,1577,1.803,3.1
3129,cloud_only_mlp_covertype,,1776511928877.007,1776511928937.180,60.173,1769,1577,1.927,1.6
3130,cloud_only_mlp_covertype,,1776511928940.180,1776511928988.843,48.662,1769,1577,2.039,2.9
3131,cloud_only_mlp_covertype,,1776511928992.023,1776511929040.283,48.261,1769,1577,2.096,22.0
3132,cloud_only_mlp_covertype,,1776511929043.287,1776511929088.674,45.387,1769,1577,2.039,6.3
3133,cloud_only_mlp_covertype,,1776511929090.675,1776511929134.050,43.375,1769,1577,1.894,11.1
3134,cloud_only_mlp_covertype,,1776511929136.070,1776511929184.951,48.881,1769,1577,2.183,7.1
3135,cloud_only_mlp_covertype,,1776511929189.965,1776511929237.763,47.798,1769,1577,2.090,5.7
3136,cloud_only_mlp_covertype,,1776511929240.745,1776511929287.825,47.080,1769,1577,2.072,5.7
3137,cloud_only_mlp_covertype,,1776511929292.844,1776511929339.331,46.488,1769,1577,2.506,3.8
3138,cloud_only_mlp_covertype,,1776511929343.334,1776511929404.408,61.074,1769,1577,2.037,9.5
3139,cloud_only_mlp_covertype,,1776511929408.011,1776511929464.537,56.525,1769,1577,1.955,0.0
3140,cloud_only_mlp_covertype,,1776511929468.714,1776511929541.551,72.837,1769,1577,1.863,0.0
3141,cloud_only_mlp_covertype,,1776511929546.555,1776511929595.130,48.575,1769,1577,1.841,2.1
3142,cloud_only_mlp_covertype,,1776511929598.127,1776511929645.018,46.890,1769,1577,2.260,9.2
3143,cloud_only_mlp_covertype,,1776511929649.016,1776511929726.434,77.418,1769,1577,1.984,96.7
3144,cloud_only_mlp_covertype,,1776511929727.441,1776511929774.539,47.098,1769,1577,1.897,14.6
3145,cloud_only_mlp_covertype,,1776511929777.550,1776511929826.065,48.515,1769,1577,2.046,5.3
3146,cloud_only_mlp_covertype,,1776511929830.061,1776511929876.261,46.200,1769,1577,2.126,10.4
3147,cloud_only_mlp_covertype,,1776511929880.265,1776511929923.271,43.005,1769,1577,1.954,8.2
3148,cloud_only_mlp_covertype,,1776511929927.273,1776511929976.426,49.153,1769,1577,2.290,5.7
3149,cloud_only_mlp_covertype,,1776511929981.414,1776511930053.404,71.990,1769,1577,1.944,3.5
3150,cloud_only_mlp_covertype,,1776511930058.397,1776511930128.160,69.762,1769,1577,3.135,11.4
3151,cloud_only_mlp_covertype,,1776511930134.178,1776511930203.617,69.438,1769,1577,2.093,10.4
3152,cloud_only_mlp_covertype,,1776511930207.618,1776511930257.442,49.824,1769,1577,1.837,1.8
3153,cloud_only_mlp_covertype,,1776511930262.455,1776511930310.113,47.657,1769,1577,2.004,4.1
3154,cloud_only_mlp_covertype,,1776511930314.691,1776511930364.494,49.803,1769,1577,2.054,1.9
3155,cloud_only_mlp_covertype,,1776511930367.495,1776511930415.863,48.368,1769,1577,2.504,9.8
3156,cloud_only_mlp_covertype,,1776511930418.854,1776511930464.314,45.460,1769,1577,1.915,2.2
3157,cloud_only_mlp_covertype,,1776511930469.316,1776511930527.883,58.567,1769,1577,1.951,3.1
3158,cloud_only_mlp_covertype,,1776511930533.885,1776511930606.660,72.776,1769,1577,1.798,1.3
3159,cloud_only_mlp_covertype,,1776511930610.667,1776511930659.821,49.153,1769,1577,2.060,12.5
3160,cloud_only_mlp_covertype,,1776511930663.823,1776511930706.695,42.872,1769,1577,2.084,0.8
3161,cloud_only_mlp_covertype,,1776511930708.716,1776511930754.823,46.107,1769,1577,2.198,2.2
3162,cloud_only_mlp_covertype,,1776511930757.445,1776511930805.734,48.290,1769,1577,2.375,14.8
3163,cloud_only_mlp_covertype,,1776511930809.734,1776511930857.898,48.164,1769,1577,1.930,12.2
3164,cloud_only_mlp_covertype,,1776511930861.898,1776511930909.418,47.520,1769,1577,2.219,24.4
3165,cloud_only_mlp_covertype,,1776511930913.458,1776511930958.287,44.829,1769,1577,1.950,14.3
3166,cloud_only_mlp_covertype,,1776511930962.306,1776511931012.347,50.041,1769,1577,2.463,20.7
3167,cloud_only_mlp_covertype,,1776511931014.512,1776511931063.191,48.679,1769,1577,2.344,17.5
3168,cloud_only_mlp_covertype,,1776511931066.190,1776511931131.555,65.365,1769,1577,1.872,7.5
3169,cloud_only_mlp_covertype,,1776511931135.562,1776511931183.958,48.396,1769,1577,2.079,15.6
3170,cloud_only_mlp_covertype,,1776511931188.221,1776511931234.028,45.807,1769,1577,1.863,11.4
3171,cloud_only_mlp_covertype,,1776511931238.029,1776511931284.972,46.943,1769,1577,2.188,8.2
3172,cloud_only_mlp_covertype,,1776511931290.970,1776511931394.329,103.358,1769,1577,1.952,5.6
3173,cloud_only_mlp_covertype,,1776511931399.380,1776511931448.065,48.686,1769,1577,2.093,11.1
3174,cloud_only_mlp_covertype,,1776511931452.074,1776511931514.354,62.279,1769,1577,1.895,1.6
3175,cloud_only_mlp_covertype,,1776511931519.475,1776511931576.714,57.239,1769,1577,1.818,0.0
3176,cloud_only_mlp_covertype,,1776511931580.717,1776511931629.143,48.426,1769,1577,2.033,1.9
3177,cloud_only_mlp_covertype,,1776511931633.137,1776511931682.132,48.995,1769,1577,2.340,13.2
3178,cloud_only_mlp_covertype,,1776511931685.130,1776511931731.021,45.891,1769,1577,2.126,0.0
3179,cloud_only_mlp_covertype,,1776511931736.010,1776511931794.372,58.362,1769,1577,1.813,0.0
3180,cloud_only_mlp_covertype,,1776511931799.376,1776511931860.814,61.438,1769,1577,1.990,1.0
3181,cloud_only_mlp_covertype,,1776511931867.807,1776511931916.580,48.774,1769,1577,1.972,11.9
3182,cloud_only_mlp_covertype,,1776511931919.714,1776511931965.507,45.793,1769,1577,2.127,2.3
3183,cloud_only_mlp_covertype,,1776511931969.510,1776511932016.562,47.052,1769,1577,2.109,1.4
3184,cloud_only_mlp_covertype,,1776511932020.132,1776511932065.910,45.778,1769,1577,2.087,2.2
3185,cloud_only_mlp_covertype,,1776511932069.914,1776511932117.608,47.694,1769,1577,1.935,6.4
3186,cloud_only_mlp_covertype,,1776511932121.605,1776511932182.585,60.979,1769,1577,1.836,1.4
3187,cloud_only_mlp_covertype,,1776511932186.583,1776511932235.924,49.341,1769,1577,2.101,5.9
3188,cloud_only_mlp_covertype,,1776511932240.926,1776511932285.999,45.072,1769,1577,1.932,15.9
3189,cloud_only_mlp_covertype,,1776511932290.000,1776511932336.919,46.919,1769,1577,1.839,15.1
3190,cloud_only_mlp_covertype,,1776511932340.911,1776511932411.472,70.561,1769,1577,1.863,6.5
3191,cloud_only_mlp_covertype,,1776511932416.633,1776511932487.042,70.408,1769,1577,1.915,8.3
3192,cloud_only_mlp_covertype,,1776511932493.063,1776511932550.563,57.500,1769,1577,1.892,9.7
3193,cloud_only_mlp_covertype,,1776511932554.565,1776511932613.068,58.503,1769,1577,2.040,6.3
3194,cloud_only_mlp_covertype,,1776511932617.604,1776511932665.021,47.417,1769,1577,1.941,10.5
3195,cloud_only_mlp_covertype,,1776511932669.020,1776511932719.093,50.073,1769,1577,2.286,2.2
3196,cloud_only_mlp_covertype,,1776511932723.094,1776511932767.526,44.433,1769,1577,2.284,0.0
3197,cloud_only_mlp_covertype,,1776511932772.529,1776511932818.125,45.596,1769,1577,1.987,2.0
3198,cloud_only_mlp_covertype,,1776511932822.125,1776511932901.595,79.470,1769,1577,5.460,2.9
3199,cloud_only_mlp_covertype,,1776511932905.723,1776511932952.050,46.326,1769,1577,2.032,13.6
3200,cloud_only_mlp_covertype,,1776511932957.157,1776511933005.876,48.719,1769,1577,2.302,2.0
3201,cloud_only_mlp_covertype,,1776511933008.872,1776511933055.160,46.287,1769,1577,1.933,5.6
3202,cloud_only_mlp_covertype,,1776511933059.157,1776511933104.408,45.251,1769,1577,2.128,9.3
3203,cloud_only_mlp_covertype,,1776511933108.408,1776511933155.263,46.855,1769,1577,2.061,2.2
3204,cloud_only_mlp_covertype,,1776511933161.257,1776511933220.429,59.172,1769,1577,2.024,3.9
3205,cloud_only_mlp_covertype,,1776511933224.426,1776511933295.868,71.442,1769,1577,2.072,4.3
3206,cloud_only_mlp_covertype,,1776511933300.881,1776511933347.750,46.869,1769,1577,2.051,7.1
3207,cloud_only_mlp_covertype,,1776511933351.753,1776511933418.667,66.914,1769,1577,1.805,7.7
3208,cloud_only_mlp_covertype,,1776511933423.668,1776511933472.439,48.772,1769,1577,1.880,3.5
3209,cloud_only_mlp_covertype,,1776511933475.439,1776511933524.754,49.314,1769,1577,2.097,2.1
3210,cloud_only_mlp_covertype,,1776511933528.744,1776511933573.661,44.917,1769,1577,1.918,2.3
3211,cloud_only_mlp_covertype,,1776511933576.668,1776511933625.764,49.097,1769,1577,1.936,0.0
3212,cloud_only_mlp_covertype,,1776511933628.762,1776511933677.256,48.494,1769,1577,1.879,0.0
3213,cloud_only_mlp_covertype,,1776511933682.273,1776511933730.827,48.554,1769,1577,1.942,6.8
3214,cloud_only_mlp_covertype,,1776511933734.848,1776511933786.208,51.360,1769,1577,1.959,2.1
3215,cloud_only_mlp_covertype,,1776511933790.210,1776511933849.780,59.570,1769,1577,1.933,11.3
3216,cloud_only_mlp_covertype,,1776511933854.798,1776511933904.270,49.472,1769,1577,2.115,4.9
3217,cloud_only_mlp_covertype,,1776511933907.299,1776511933975.181,67.882,1769,1577,1.895,10.4
3218,cloud_only_mlp_covertype,,1776511933981.179,1776511934052.268,71.088,1769,1577,1.940,27.2
3219,cloud_only_mlp_covertype,,1776511934054.345,1776511934100.495,46.150,1769,1577,2.094,9.4
3220,cloud_only_mlp_covertype,,1776511934103.500,1776511934151.230,47.730,1769,1577,2.139,18.5
3221,cloud_only_mlp_covertype,,1776511934154.231,1776511934200.106,45.876,1769,1577,2.091,7.1
3222,cloud_only_mlp_covertype,,1776511934204.110,1776511934251.992,47.882,1769,1577,2.261,5.6
3223,cloud_only_mlp_covertype,,1776511934255.009,1776511934305.349,50.340,1769,1577,2.082,7.4
3224,cloud_only_mlp_covertype,,1776511934309.637,1776511934380.574,70.937,1769,1577,2.538,4.9
3225,cloud_only_mlp_covertype,,1776511934384.575,1776511934435.410,50.835,1769,1577,4.879,9.4
3226,cloud_only_mlp_covertype,,1776511934439.404,1776511934488.532,49.128,1769,1577,2.060,9.3
3227,cloud_only_mlp_covertype,,1776511934493.531,1776511934543.943,50.413,1769,1577,2.202,10.0
3228,cloud_only_mlp_covertype,,1776511934547.933,1776511934608.980,61.048,1769,1577,2.021,1.4
3229,cloud_only_mlp_covertype,,1776511934612.969,1776511934672.257,59.288,1769,1577,1.993,4.4
3230,cloud_only_mlp_covertype,,1776511934677.228,1776511934749.662,72.434,1769,1577,1.890,6.3
3231,cloud_only_mlp_covertype,,1776511934754.651,1776511934828.018,73.367,1769,1577,1.974,0.0
3232,cloud_only_mlp_covertype,,1776511934831.538,1776511934876.465,44.927,1769,1577,2.388,3.8
3233,cloud_only_mlp_covertype,,1776511934881.467,1776511934924.895,43.427,1769,1577,1.813,7.1
3234,cloud_only_mlp_covertype,,1776511934928.013,1776511934995.467,67.453,1769,1577,1.871,11.2
3235,cloud_only_mlp_covertype,,1776511935000.463,1776511935047.116,46.653,1769,1577,1.901,7.7
3236,cloud_only_mlp_covertype,,1776511935050.109,1776511935119.387,69.278,1769,1577,2.038,7.9
3237,cloud_only_mlp_covertype,,1776511935123.402,1776511935172.193,48.790,1769,1577,2.573,11.4
3238,cloud_only_mlp_covertype,,1776511935176.359,1776511935221.752,45.392,1769,1577,1.881,11.1
3239,cloud_only_mlp_covertype,,1776511935226.113,1776511935271.759,45.646,1769,1577,2.068,14.6
3240,cloud_only_mlp_covertype,,1776511935275.764,1776511935328.415,52.650,1769,1577,3.258,6.1
3241,cloud_only_mlp_covertype,,1776511935334.416,1776511935382.142,47.726,1769,1577,1.971,6.7
3242,cloud_only_mlp_covertype,,1776511935385.138,1776511935430.520,45.382,1769,1577,1.956,10.5
3243,cloud_only_mlp_covertype,,1776511935433.524,1776511935481.940,48.417,1769,1577,2.064,18.2
3244,cloud_only_mlp_covertype,,1776511935484.944,1776511935532.817,47.873,1769,1577,2.197,0.0
3245,cloud_only_mlp_covertype,,1776511935536.834,1776511935596.610,59.776,1769,1577,1.963,0.0
3246,cloud_only_mlp_covertype,,1776511935600.905,1776511935646.373,45.468,1769,1577,1.873,0.0
3247,cloud_only_mlp_covertype,,1776511935649.373,1776511935695.775,46.403,1769,1577,1.853,0.8
3248,cloud_only_mlp_covertype,,1776511935698.776,1776511935766.644,67.868,1769,1577,1.851,12.9
3249,cloud_only_mlp_covertype,,1776511935770.650,1776511935818.648,47.998,1769,1577,2.132,4.3
3250,cloud_only_mlp_covertype,,1776511935822.640,1776511935871.101,48.461,1769,1577,2.182,6.1
3251,cloud_only_mlp_covertype,,1776511935875.103,1776511935923.499,48.396,1769,1577,2.116,1.9
3252,cloud_only_mlp_covertype,,1776511935926.497,1776511935980.966,54.469,1769,1577,1.806,8.3
3253,cloud_only_mlp_covertype,,1776511935984.062,1776511936028.567,44.505,1769,1577,2.460,3.8
3254,cloud_only_mlp_covertype,,1776511936033.581,1776511936081.971,48.390,1769,1577,2.141,8.0
3255,cloud_only_mlp_covertype,,1776511936086.064,1776511936133.864,47.800,1769,1577,1.829,4.1
3256,cloud_only_mlp_covertype,,1776511936137.863,1776511936185.270,47.407,1769,1577,1.852,1.5
3257,cloud_only_mlp_covertype,,1776511936190.271,1776511936236.216,45.945,1769,1577,2.186,6.5
3258,cloud_only_mlp_covertype,,1776511936240.215,1776511936286.606,46.391,1769,1577,2.089,8.3
3259,cloud_only_mlp_covertype,,1776511936290.622,1776511936338.677,48.055,1769,1577,2.056,1.9
3260,cloud_only_mlp_covertype,,1776511936341.689,1776511936387.583,45.894,1769,1577,2.093,11.5
3261,cloud_only_mlp_covertype,,1776511936391.598,1776511936435.924,44.326,1769,1577,1.994,2.3
3262,cloud_only_mlp_covertype,,1776511936439.941,1776511936506.363,66.422,1769,1577,1.927,11.6
3263,cloud_only_mlp_covertype,,1776511936511.711,1776511936583.668,71.957,1769,1577,1.819,5.4
3264,cloud_only_mlp_covertype,,1776511936587.663,1776511936644.572,56.909,1769,1577,2.013,15.5
3265,cloud_only_mlp_covertype,,1776511936650.374,1776511936695.353,44.979,1769,1577,1.928,10.0
3266,cloud_only_mlp_covertype,,1776511936699.352,1776511936745.972,46.620,1769,1577,2.265,13.5
3267,cloud_only_mlp_covertype,,1776511936749.971,1776511936796.397,46.426,1769,1577,2.539,0.0
3268,cloud_only_mlp_covertype,,1776511936800.400,1776511936846.664,46.264,1769,1577,2.268,2.2
3269,cloud_only_mlp_covertype,,1776511936851.948,1776511936924.562,72.614,1769,1577,1.985,4.6
3270,cloud_only_mlp_covertype,,1776511936929.561,1776511936985.187,55.626,1769,1577,1.860,3.4
3271,cloud_only_mlp_covertype,,1776511936989.556,1776511937037.495,47.939,1769,1577,2.105,8.6
3272,cloud_only_mlp_covertype,,1776511937040.495,1776511937156.563,116.068,1769,1577,1.868,6.6
3273,cloud_only_mlp_covertype,,1776511937161.815,1776511937235.283,73.467,1769,1577,1.985,2.0
3274,cloud_only_mlp_covertype,,1776511937241.791,1776511937289.141,47.350,1769,1577,2.211,18.9
3275,cloud_only_mlp_covertype,,1776511937293.139,1776511937358.354,65.215,1769,1577,1.979,2.9
3276,cloud_only_mlp_covertype,,1776511937363.354,1776511937435.539,72.185,1769,1577,2.534,0.0
3277,cloud_only_mlp_covertype,,1776511937440.713,1776511937488.684,47.971,1769,1577,2.119,0.0
3278,cloud_only_mlp_covertype,,1776511937491.677,1776511937537.664,45.987,1769,1577,1.958,4.7
3279,cloud_only_mlp_covertype,,1776511937541.656,1776511937587.623,45.968,1769,1577,2.134,6.0
3280,cloud_only_mlp_covertype,,1776511937591.625,1776511937641.831,50.206,1769,1577,2.052,1.6
3281,cloud_only_mlp_covertype,,1776511937645.831,1776511937714.924,69.093,1769,1577,2.018,7.4
3282,cloud_only_mlp_covertype,,1776511937717.924,1776511937769.367,51.443,1769,1577,2.412,6.5
3283,cloud_only_mlp_covertype,,1776511937772.369,1776511937837.862,65.494,1769,1577,1.844,6.2
3284,cloud_only_mlp_covertype,,1776511937842.893,1776511937888.351,45.458,1769,1577,2.157,2.2
3285,cloud_only_mlp_covertype,,1776511937893.336,1776511937938.186,44.849,1769,1577,1.833,0.0
3286,cloud_only_mlp_covertype,,1776511937943.190,1776511938009.871,66.681,1769,1577,2.008,9.4
3287,cloud_only_mlp_covertype,,1776511938012.873,1776511938061.050,48.178,1769,1577,1.923,23.7
3288,cloud_only_mlp_covertype,,1776511938066.080,1776511938110.767,44.687,1769,1577,2.086,10.9
3289,cloud_only_mlp_covertype,,1776511938115.798,1776511938162.827,47.029,1769,1577,1.978,2.0
3290,cloud_only_mlp_covertype,,1776511938167.830,1776511938217.790,49.960,1769,1577,2.441,9.1
3291,cloud_only_mlp_covertype,,1776511938219.789,1776511938271.609,51.820,1769,1577,3.269,7.1
3292,cloud_only_mlp_covertype,,1776511938275.600,1776511938321.431,45.831,1769,1577,2.087,17.1
3293,cloud_only_mlp_covertype,,1776511938324.439,1776511938369.968,45.529,1769,1577,1.927,10.4
3294,cloud_only_mlp_covertype,,1776511938373.974,1776511938441.274,67.301,1769,1577,1.878,1.4
3295,cloud_only_mlp_covertype,,1776511938445.270,1776511938494.427,49.157,1769,1577,1.903,10.4
3296,cloud_only_mlp_covertype,,1776511938498.423,1776511938543.671,45.248,1769,1577,2.097,12.8
3297,cloud_only_mlp_covertype,,1776511938548.676,1776511938593.983,45.307,1769,1577,1.940,4.3
3298,cloud_only_mlp_covertype,,1776511938597.982,1776511938644.705,46.723,1769,1577,2.159,7.4
3299,cloud_only_mlp_covertype,,1776511938647.701,1776511938694.716,47.015,1769,1577,1.835,4.3
3300,cloud_only_mlp_covertype,,1776511938698.709,1776511938764.803,66.094,1769,1577,1.866,7.0
3301,cloud_only_mlp_covertype,,1776511938769.804,1776511938817.252,47.448,1769,1577,2.149,6.1
3302,cloud_only_mlp_covertype,,1776511938820.256,1776511938886.540,66.284,1769,1577,1.762,0.0
3303,cloud_only_mlp_covertype,,1776511938890.544,1776511938939.583,49.039,1769,1577,1.950,0.0
3304,cloud_only_mlp_covertype,,1776511938943.583,1776511938993.257,49.674,1769,1577,2.181,6.5
3305,cloud_only_mlp_covertype,,1776511938996.254,1776511939045.420,49.166,1769,1577,1.929,5.1
3306,cloud_only_mlp_covertype,,1776511939049.409,1776511939094.407,44.997,1769,1577,1.812,8.2
3307,cloud_only_mlp_covertype,,1776511939097.410,1776511939141.981,44.571,1769,1577,1.945,24.1
3308,cloud_only_mlp_covertype,,1776511939144.980,1776511939192.994,48.014,1769,1577,1.800,8.2
3309,cloud_only_mlp_covertype,,1776511939194.993,1776511939241.566,46.573,1769,1577,1.936,12.2
3310,cloud_only_mlp_covertype,,1776511939243.579,1776511939289.950,46.372,1769,1577,1.895,15.6
3311,cloud_only_mlp_covertype,,1776511939292.103,1776511939334.969,42.866,1769,1577,2.627,28.6
3312,cloud_only_mlp_covertype,,1776511939335.963,1776511939384.240,48.277,1769,1577,2.084,12.9
3313,cloud_only_mlp_covertype,,1776511939387.256,1776511939435.285,48.029,1769,1577,2.131,13.2
3314,cloud_only_mlp_covertype,,1776511939438.797,1776511939486.238,47.441,1769,1577,2.182,15.0
3315,cloud_only_mlp_covertype,,1776511939488.242,1776511939558.761,70.519,1769,1577,1.929,47.4
3316,cloud_only_mlp_covertype,,1776511939560.762,1776511939605.644,44.882,1769,1577,1.943,15.9
3317,cloud_only_mlp_covertype,,1776511939606.666,1776511939667.374,60.708,1769,1577,2.004,2.2
3318,cloud_only_mlp_covertype,,1776511939672.375,1776511939721.788,49.414,1769,1577,2.475,10.5
3319,cloud_only_mlp_covertype,,1776511939726.802,1776511939777.514,50.712,1769,1577,2.012,16.7
3320,cloud_only_mlp_covertype,,1776511939780.513,1776511939826.169,45.657,1769,1577,1.909,15.2
3321,cloud_only_mlp_covertype,,1776511939830.167,1776511939874.264,44.097,1769,1577,1.907,0.0
3322,cloud_only_mlp_covertype,,1776511939878.285,1776511939925.433,47.147,1769,1577,1.898,18.2
3323,cloud_only_mlp_covertype,,1776511939929.440,1776511939992.424,62.984,1769,1577,1.982,12.1
3324,cloud_only_mlp_covertype,,1776511939997.413,1776511940054.241,56.828,1769,1577,1.834,21.0
3325,cloud_only_mlp_covertype,,1776511940058.311,1776511940102.297,43.986,1769,1577,1.907,20.0
3326,cloud_only_mlp_covertype,,1776511940106.298,1776511940155.645,49.347,1769,1577,2.075,8.5
3327,cloud_only_mlp_covertype,,1776511940157.645,1776511940206.572,48.927,1769,1577,2.043,10.0
3328,cloud_only_mlp_covertype,,1776511940211.573,1776511940256.390,44.816,1769,1577,2.250,15.9
3329,cloud_only_mlp_covertype,,1776511940261.697,1776511940306.242,44.545,1769,1577,2.076,24.1
3330,cloud_only_mlp_covertype,,1776511940309.249,1776511940358.483,49.234,1769,1577,1.909,0.0
3331,cloud_only_mlp_covertype,,1776511940360.437,1776511940404.020,43.583,1769,1577,2.097,11.4
3332,cloud_only_mlp_covertype,,1776511940407.023,1776511940459.198,52.175,1769,1577,2.035,0.0
3333,cloud_only_mlp_covertype,,1776511940463.195,1776511940511.439,48.245,1769,1577,2.114,14.5
3334,cloud_only_mlp_covertype,,1776511940514.439,1776511940560.354,45.915,1769,1577,1.932,19.2
3335,cloud_only_mlp_covertype,,1776511940563.362,1776511940624.222,60.860,1769,1577,2.101,1.7
3336,cloud_only_mlp_covertype,,1776511940630.234,1776511940704.063,73.830,1769,1577,1.977,2.5
3337,cloud_only_mlp_covertype,,1776511940709.544,1776511940759.096,49.552,1769,1577,1.960,14.5
3338,cloud_only_mlp_covertype,,1776511940763.093,1776511940810.998,47.906,1769,1577,1.880,12.2
3339,cloud_only_mlp_covertype,,1776511940814.993,1776511940862.928,47.935,1769,1577,1.969,0.0
3340,cloud_only_mlp_covertype,,1776511940866.933,1776511940917.713,50.780,1769,1577,2.197,10.0
3341,cloud_only_mlp_covertype,,1776511940921.703,1776511940971.385,49.681,1769,1577,2.038,0.0
3342,cloud_only_mlp_covertype,,1776511940975.383,1776511941022.264,46.881,1769,1577,1.962,8.5
3343,cloud_only_mlp_covertype,,1776511941026.289,1776511941088.074,61.785,1769,1577,1.971,6.5
3344,cloud_only_mlp_covertype,,1776511941092.074,1776511941150.582,58.508,1769,1577,1.783,3.8
3345,cloud_only_mlp_covertype,,1776511941153.586,1776511941226.962,73.377,1769,1577,1.882,15.5
3346,cloud_only_mlp_covertype,,1776511941230.968,1776511941279.914,48.946,1769,1577,2.076,1.3
3347,cloud_only_mlp_covertype,,1776511941282.900,1776511941349.013,66.114,1769,1577,2.150,6.2
3348,cloud_only_mlp_covertype,,1776511941354.013,1776511941424.179,70.166,1769,1577,2.109,10.0
3349,cloud_only_mlp_covertype,,1776511941428.215,1776511941475.681,47.466,1769,1577,2.625,3.0
3350,cloud_only_mlp_covertype,,1776511941479.565,1776511941537.542,57.976,1769,1577,1.834,3.2
3351,cloud_only_mlp_covertype,,1776511941540.489,1776511941610.653,70.164,1769,1577,1.806,2.9
3352,cloud_only_mlp_covertype,,1776511941615.658,1776511941661.097,45.439,1769,1577,1.815,3.9
3353,cloud_only_mlp_covertype,,1776511941664.101,1776511941712.406,48.304,1769,1577,3.674,4.0
3354,cloud_only_mlp_covertype,,1776511941716.649,1776511941764.425,47.775,1769,1577,2.362,0.0
3355,cloud_only_mlp_covertype,,1776511941770.422,1776511941839.363,68.941,1769,1577,1.996,2.7
3356,cloud_only_mlp_covertype,,1776511941842.789,1776511941900.030,57.241,1769,1577,2.003,1.8
3357,cloud_only_mlp_covertype,,1776511941904.012,1776511941949.778,45.766,1769,1577,1.848,1.9
3358,cloud_only_mlp_covertype,,1776511941954.778,1776511942003.229,48.450,1769,1577,1.915,3.8
3359,cloud_only_mlp_covertype,,1776511942006.228,1776511942073.631,67.403,1769,1577,1.875,4.3
3360,cloud_only_mlp_covertype,,1776511942078.708,1776511942123.156,44.447,1769,1577,1.922,0.0
3361,cloud_only_mlp_covertype,,1776511942126.185,1776511942172.304,46.119,1769,1577,2.013,6.4
3362,cloud_only_mlp_covertype,,1776511942177.302,1776511942242.144,64.841,1769,1577,1.842,3.9
3363,cloud_only_mlp_covertype,,1776511942246.155,1776511942289.506,43.351,1769,1577,1.899,11.1
3364,cloud_only_mlp_covertype,,1776511942291.518,1776511942340.790,49.271,1769,1577,2.068,14.9
3365,cloud_only_mlp_covertype,,1776511942344.329,1776511942392.786,48.458,1769,1577,1.926,15.6
3366,cloud_only_mlp_covertype,,1776511942396.781,1776511942442.692,45.911,1769,1577,1.976,16.7
3367,cloud_only_mlp_covertype,,1776511942446.882,1776511942491.135,44.253,1769,1577,1.997,10.3
3368,cloud_only_mlp_covertype,,1776511942497.134,1776511942544.906,47.773,1769,1577,2.088,2.1
3369,cloud_only_mlp_covertype,,1776511942547.906,1776511942594.168,46.262,1769,1577,2.180,2.3
3370,cloud_only_mlp_covertype,,1776511942599.188,1776511942646.881,47.693,1769,1577,1.879,3.9
3371,cloud_only_mlp_covertype,,1776511942650.881,1776511942694.282,43.401,1769,1577,1.976,4.2
3372,cloud_only_mlp_covertype,,1776511942698.071,1776511942745.841,47.770,1769,1577,2.019,10.7
3373,cloud_only_mlp_covertype,,1776511942747.850,1776511942795.729,47.879,1769,1577,2.096,11.4
3374,cloud_only_mlp_covertype,,1776511942798.732,1776511942903.307,104.575,1769,1577,2.081,12.5
3375,cloud_only_mlp_covertype,,1776511942908.304,1776511942953.860,45.556,1769,1577,1.902,3.9
3376,cloud_only_mlp_covertype,,1776511942958.737,1776511943008.588,49.851,1769,1577,2.677,5.6
3377,cloud_only_mlp_covertype,,1776511943011.615,1776511943059.088,47.473,1769,1577,1.894,5.1
3378,cloud_only_mlp_covertype,,1776511943062.090,1776511943113.271,51.182,1769,1577,2.096,1.9
3379,cloud_only_mlp_covertype,,1776511943117.267,1776511943168.017,50.750,1769,1577,1.927,7.0
3380,cloud_only_mlp_covertype,,1776511943170.498,1776511943233.412,62.914,1769,1577,1.959,0.0
3381,cloud_only_mlp_covertype,,1776511943237.430,1776511943284.118,46.688,1769,1577,2.053,9.1
3382,cloud_only_mlp_covertype,,1776511943287.132,1776511943355.131,67.999,1769,1577,1.925,1.1
3383,cloud_only_mlp_covertype,,1776511943360.759,1776511943408.609,47.850,1769,1577,1.934,4.3
3384,cloud_only_mlp_covertype,,1776511943411.610,1776511943457.150,45.540,1769,1577,2.080,0.0
3385,cloud_only_mlp_covertype,,1776511943461.149,1776511943524.316,63.167,1769,1577,2.003,10.8
3386,cloud_only_mlp_covertype,,1776511943528.316,1776511943575.397,47.081,1769,1577,2.055,9.8
3387,cloud_only_mlp_covertype,,1776511943579.409,1776511943626.575,47.166,1769,1577,1.968,18.2
3388,cloud_only_mlp_covertype,,1776511943631.622,1776511943677.979,46.356,1769,1577,1.902,6.4
3389,cloud_only_mlp_covertype,,1776511943682.193,1776511943738.273,56.080,1769,1577,1.818,12.2
3390,cloud_only_mlp_covertype,,1776511943741.186,1776511943788.887,47.701,1769,1577,1.970,4.0
3391,cloud_only_mlp_covertype,,1776511943792.892,1776511943840.467,47.575,1769,1577,1.759,17.0
3392,cloud_only_mlp_covertype,,1776511943843.470,1776511943889.211,45.740,1769,1577,1.869,24.0
3393,cloud_only_mlp_covertype,,1776511943893.211,1776511943938.346,45.135,1769,1577,1.884,4.7
3394,cloud_only_mlp_covertype,,1776511943943.345,1776511943989.380,46.035,1769,1577,2.223,7.5
3395,cloud_only_mlp_covertype,,1776511943993.380,1776511944039.504,46.124,1769,1577,2.038,7.5
3396,cloud_only_mlp_covertype,,1776511944044.512,1776511944091.523,47.011,1769,1577,2.086,5.5
3397,cloud_only_mlp_covertype,,1776511944095.524,1776511944144.485,48.961,1769,1577,1.883,10.4
3398,cloud_only_mlp_covertype,,1776511944148.502,1776511944195.081,46.579,1769,1577,2.213,4.8
3399,cloud_only_mlp_covertype,,1776511944199.083,1776511944246.590,47.507,1769,1577,2.034,1.8
3400,cloud_only_mlp_covertype,,1776511944250.678,1776511944311.978,61.300,1769,1577,2.008,2.0
3401,cloud_only_mlp_covertype,,1776511944316.972,1776511944365.984,49.012,1769,1577,2.113,5.6
3402,cloud_only_mlp_covertype,,1776511944368.994,1776511944414.145,45.152,1769,1577,1.903,4.5
3403,cloud_only_mlp_covertype,,1776511944417.146,1776511944460.769,43.623,1769,1577,2.051,10.9
3404,cloud_only_mlp_covertype,,1776511944462.768,1776511944528.024,65.257,1769,1577,1.965,6.2
3405,cloud_only_mlp_covertype,,1776511944533.024,1776511944590.632,57.607,1769,1577,1.806,2.0
3406,cloud_only_mlp_covertype,,1776511944595.619,1776511944667.077,71.458,1769,1577,1.957,6.1
3407,cloud_only_mlp_covertype,,1776511944671.075,1776511944719.069,47.994,1769,1577,1.909,23.9
3408,cloud_only_mlp_covertype,,1776511944723.076,1776511944773.203,50.128,1769,1577,2.127,10.0
3409,cloud_only_mlp_covertype,,1776511944777.206,1776511944838.032,60.826,1769,1577,1.821,11.9
3410,cloud_only_mlp_covertype,,1776511944842.038,1776511944892.531,50.494,1769,1577,3.879,9.8
3411,cloud_only_mlp_covertype,,1776511944895.537,1776511944943.986,48.448,1769,1577,2.048,9.6
3412,cloud_only_mlp_covertype,,1776511944948.014,1776511944994.508,46.494,1769,1577,1.952,17.2
3413,cloud_only_mlp_covertype,,1776511944996.512,1776511945069.632,73.119,1769,1577,2.025,7.9
3414,cloud_only_mlp_covertype,,1776511945073.628,1776511945121.022,47.394,1769,1577,2.053,22.0
3415,cloud_only_mlp_covertype,,1776511945125.021,1776511945192.606,67.585,1769,1577,1.922,4.9
3416,cloud_only_mlp_covertype,,1776511945195.604,1776511945252.895,57.291,1769,1577,2.015,3.4
3417,cloud_only_mlp_covertype,,1776511945257.894,1776511945303.267,45.373,1769,1577,1.904,9.4
3418,cloud_only_mlp_covertype,,1776511945308.265,1776511945355.879,47.614,1769,1577,2.119,25.0
3419,cloud_only_mlp_covertype,,1776511945358.884,1776511945406.564,47.680,1769,1577,2.144,9.5
3420,cloud_only_mlp_covertype,,1776511945410.581,1776511945457.070,46.489,1769,1577,2.035,6.5
3421,cloud_only_mlp_covertype,,1776511945459.076,1776511945506.570,47.494,1769,1577,2.006,10.0
3422,cloud_only_mlp_covertype,,1776511945509.569,1776511945578.987,69.418,1769,1577,1.965,9.1
3423,cloud_only_mlp_covertype,,1776511945585.105,1776511945656.290,71.185,1769,1577,2.032,10.1
3424,cloud_only_mlp_covertype,,1776511945659.431,1776511945705.598,46.167,1769,1577,1.973,0.0
3425,cloud_only_mlp_covertype,,1776511945708.579,1776511945753.706,45.127,1769,1577,1.919,8.3
3426,cloud_only_mlp_covertype,,1776511945756.711,1776511945824.047,67.335,1769,1577,2.015,6.4
3427,cloud_only_mlp_covertype,,1776511945828.046,1776511945887.559,59.513,1769,1577,2.376,4.6
3428,cloud_only_mlp_covertype,,1776511945892.779,1776511945964.062,71.282,1769,1577,2.025,0.0
3429,cloud_only_mlp_covertype,,1776511945968.059,1776511946014.977,46.918,1769,1577,2.242,7.8
3430,cloud_only_mlp_covertype,,1776511946017.981,1776511946084.341,66.360,1769,1577,1.818,10.6
3431,cloud_only_mlp_covertype,,1776511946091.100,1776511946135.429,44.329,1769,1577,1.877,11.6
3432,cloud_only_mlp_covertype,,1776511946139.944,1776511946188.901,48.957,1769,1577,2.051,8.9
3433,cloud_only_mlp_covertype,,1776511946191.899,1776511946239.678,47.779,1769,1577,2.195,0.0
3434,cloud_only_mlp_covertype,,1776511946244.681,1776511946306.869,62.189,1769,1577,1.983,21.9
3435,cloud_only_mlp_covertype,,1776511946310.873,1776511946365.781,54.908,1769,1577,1.863,30.8
3436,cloud_only_mlp_covertype,,1776511946366.821,1776511946416.241,49.420,1769,1577,2.016,15.9
3437,cloud_only_mlp_covertype,,1776511946421.246,1776511946474.174,52.928,1769,1577,2.068,4.7
3438,cloud_only_mlp_covertype,,1776511946479.263,1776511946525.261,45.998,1769,1577,1.979,4.3
3439,cloud_only_mlp_covertype,,1776511946529.263,1776511946595.258,65.995,1769,1577,1.986,8.1
3440,cloud_only_mlp_covertype,,1776511946601.291,1776511946676.792,75.501,1769,1577,2.020,9.2
3441,cloud_only_mlp_covertype,,1776511946683.152,1776511946755.667,72.515,1769,1577,1.992,11.7
3442,cloud_only_mlp_covertype,,1776511946759.669,1776511946833.916,74.246,1769,1577,1.870,5.5
3443,cloud_only_mlp_covertype,,1776511946837.845,1776511946912.694,74.848,1769,1577,2.106,25.5
3444,cloud_only_mlp_covertype,,1776511946916.693,1776511946986.595,69.902,1769,1577,2.035,12.7
3445,cloud_only_mlp_covertype,,1776511946990.598,1776511947038.075,47.477,1769,1577,1.902,2.8
3446,cloud_only_mlp_covertype,,1776511947042.078,1776511947090.041,47.963,1769,1577,2.060,2.2
3447,cloud_only_mlp_covertype,,1776511947095.048,1776511947144.238,49.190,1769,1577,1.984,1.7
3448,cloud_only_mlp_covertype,,1776511947148.243,1776511947204.201,55.958,1769,1577,1.899,4.9
3449,cloud_only_mlp_covertype,,1776511947209.225,1776511947252.579,43.354,1769,1577,1.987,15.4
3450,cloud_only_mlp_covertype,,1776511947255.592,1776511947303.900,48.308,1769,1577,2.128,8.1
3451,cloud_only_mlp_covertype,,1776511947307.233,1776511947355.303,48.069,1769,1577,2.316,6.5
3452,cloud_only_mlp_covertype,,1776511947360.308,1776511947406.819,46.510,1769,1577,2.055,11.3
3453,cloud_only_mlp_covertype,,1776511947410.924,1776511947456.578,45.654,1769,1577,2.059,0.0
3454,cloud_only_mlp_covertype,,1776511947460.583,1776511947507.700,47.116,1769,1577,2.059,11.6
3455,cloud_only_mlp_covertype,,1776511947511.701,1776511947581.820,70.119,1769,1577,1.770,45.3
3456,cloud_only_mlp_covertype,,1776511947590.828,1776511947642.622,51.795,1769,1577,2.337,39.0
3457,cloud_only_mlp_covertype,,1776511947646.629,1776511947691.398,44.769,1769,1577,2.015,16.4
3458,cloud_only_mlp_covertype,,1776511947693.391,1776511947736.982,43.591,1769,1577,1.946,0.0
3459,cloud_only_mlp_covertype,,1776511947738.986,1776511947787.195,48.208,1769,1577,1.926,5.7
3460,cloud_only_mlp_covertype,,1776511947790.192,1776511947838.473,48.281,1769,1577,2.004,5.6
3461,cloud_only_mlp_covertype,,1776511947843.491,1776511947891.490,47.999,1769,1577,1.977,0.0
3462,cloud_only_mlp_covertype,,1776511947894.494,1776511947941.103,46.609,1769,1577,2.218,5.4
3463,cloud_only_mlp_covertype,,1776511947945.105,1776511947989.864,44.758,1769,1577,1.905,2.1
3464,cloud_only_mlp_covertype,,1776511947994.864,1776511948044.023,49.159,1769,1577,2.003,12.9
3465,cloud_only_mlp_covertype,,1776511948047.011,1776511948116.960,69.950,1769,1577,1.834,6.8
3466,cloud_only_mlp_covertype,,1776511948120.957,1776511948178.021,57.064,1769,1577,1.855,26.7
3467,cloud_only_mlp_covertype,,1776511948183.014,1776511948240.270,57.256,1769,1577,2.013,11.7
3468,cloud_only_mlp_covertype,,1776511948244.272,1776511948290.863,46.591,1769,1577,2.091,9.8
3469,cloud_only_mlp_covertype,,1776511948293.870,1776511948343.269,49.399,1769,1577,1.865,3.6
3470,cloud_only_mlp_covertype,,1776511948346.251,1776511948390.723,44.472,1769,1577,1.965,0.0
3471,cloud_only_mlp_covertype,,1776511948394.627,1776511948456.870,62.243,1769,1577,1.966,5.6
3472,cloud_only_mlp_covertype,,1776511948462.872,1776511948510.790,47.918,1769,1577,1.810,9.1
3473,cloud_only_mlp_covertype,,1776511948514.783,1776511948615.048,100.264,1769,1577,1.938,4.4
3474,cloud_only_mlp_covertype,,1776511948619.043,1776511948667.532,48.489,1769,1577,1.928,18.4
3475,cloud_only_mlp_covertype,,1776511948671.550,1776511948737.584,66.035,1769,1577,1.819,2.9
3476,cloud_only_mlp_covertype,,1776511948742.582,1776511948788.162,45.579,1769,1577,1.978,5.6
3477,cloud_only_mlp_covertype,,1776511948792.653,1776511948836.924,44.271,1769,1577,1.889,100.0
3478,cloud_only_mlp_covertype,,1776511948840.942,1776511948890.159,49.217,1769,1577,1.933,2.2
3479,cloud_only_mlp_covertype,,1776511948894.157,1776511948944.350,50.193,1769,1577,2.039,6.3
3480,cloud_only_mlp_covertype,,1776511948948.351,1776511949014.419,66.067,1769,1577,1.932,3.4
3481,cloud_only_mlp_covertype,,1776511949017.428,1776511949076.419,58.991,1769,1577,1.862,2.0
3482,cloud_only_mlp_covertype,,1776511949080.457,1776511949131.434,50.977,1769,1577,1.860,3.7
3483,cloud_only_mlp_covertype,,1776511949135.454,1776511949184.302,48.849,1769,1577,1.964,12.2
3484,cloud_only_mlp_covertype,,1776511949187.310,1776511949232.593,45.283,1769,1577,1.971,0.0
3485,cloud_only_mlp_covertype,,1776511949236.697,1776511949296.193,59.496,1769,1577,2.444,0.0
3486,cloud_only_mlp_covertype,,1776511949301.186,1776511949349.695,48.510,1769,1577,1.924,1.7
3487,cloud_only_mlp_covertype,,1776511949352.719,1776511949399.343,46.624,1769,1577,2.115,7.8
3488,cloud_only_mlp_covertype,,1776511949403.342,1776511949448.994,45.652,1769,1577,1.820,4.8
3489,cloud_only_mlp_covertype,,1776511949451.994,1776511949497.428,45.435,1769,1577,1.884,0.0
3490,cloud_only_mlp_covertype,,1776511949502.431,1776511949558.690,56.260,1769,1577,1.860,0.0
3491,cloud_only_mlp_covertype,,1776511949565.518,1776511949611.017,45.499,1769,1577,1.832,1.9
3492,cloud_only_mlp_covertype,,1776511949615.016,1776511949662.324,47.309,1769,1577,1.905,3.3
3493,cloud_only_mlp_covertype,,1776511949666.329,1776511949716.272,49.943,1769,1577,1.988,6.6
3494,cloud_only_mlp_covertype,,1776511949719.281,1776511949764.104,44.823,1769,1577,2.078,2.2
3495,cloud_only_mlp_covertype,,1776511949768.122,1776511949835.566,67.445,1769,1577,2.017,6.9
3496,cloud_only_mlp_covertype,,1776511949840.564,1776511949914.514,73.950,1769,1577,1.835,26.7
3497,cloud_only_mlp_covertype,,1776511949917.602,1776511949991.672,74.070,1769,1577,1.816,15.1
3498,cloud_only_mlp_covertype,,1776511949996.671,1776511950041.973,45.302,1769,1577,1.847,1.9
3499,cloud_only_mlp_covertype,,1776511950045.974,1776511950114.878,68.904,1769,1577,1.810,4.4
3500,cloud_only_mlp_covertype,,1776511950119.760,1776511950194.124,74.364,1769,1577,1.849,9.2
3501,cloud_only_mlp_covertype,,1776511950198.107,1776511950248.078,49.972,1769,1577,2.024,11.5
3502,cloud_only_mlp_covertype,,1776511950252.975,1776511950297.137,44.162,1769,1577,1.917,0.0
3503,cloud_only_mlp_covertype,,1776511950302.171,1776511950348.424,46.252,1769,1577,2.018,6.1
3504,cloud_only_mlp_covertype,,1776511950352.431,1776511950399.669,47.238,1769,1577,2.076,8.3
3505,cloud_only_mlp_covertype,,1776511950403.681,1776511950450.944,47.263,1769,1577,2.120,13.6
3506,cloud_only_mlp_covertype,,1776511950455.961,1776511950505.875,49.913,1769,1577,1.968,4.5
3507,cloud_only_mlp_covertype,,1776511950509.874,1776511950557.772,47.897,1769,1577,1.909,10.2
3508,cloud_only_mlp_covertype,,1776511950562.815,1776511950608.389,45.573,1769,1577,1.959,7.4
3509,cloud_only_mlp_covertype,,1776511950613.389,1776511950657.012,43.623,1769,1577,1.851,2.1
3510,cloud_only_mlp_covertype,,1776511950661.083,1776511950711.015,49.933,1769,1577,1.938,13.2
3511,cloud_only_mlp_covertype,,1776511950716.016,1776511950779.494,63.478,1769,1577,1.984,5.6
3512,cloud_only_mlp_covertype,,1776511950784.509,1776511950828.808,44.299,1769,1577,1.757,0.0
3513,cloud_only_mlp_covertype,,1776511950834.810,1776511950880.680,45.870,1769,1577,2.004,0.0
3514,cloud_only_mlp_covertype,,1776511950884.691,1776511950932.085,47.394,1769,1577,2.325,15.1
3515,cloud_only_mlp_covertype,,1776511950937.068,1776511950985.647,48.580,1769,1577,1.819,3.8
3516,cloud_only_mlp_covertype,,1776511950988.654,1776511951035.129,46.475,1769,1577,1.906,7.5
3517,cloud_only_mlp_covertype,,1776511951039.136,1776511951085.092,45.956,1769,1577,1.919,4.3
3518,cloud_only_mlp_covertype,,1776511951090.102,1776511951139.375,49.274,1769,1577,1.860,1.6
3519,cloud_only_mlp_covertype,,1776511951143.365,1776511951214.207,70.843,1769,1577,1.864,0.0
3520,cloud_only_mlp_covertype,,1776511951218.816,1776511951264.781,45.965,1769,1577,1.822,5.3
3521,cloud_only_mlp_covertype,,1776511951268.792,1776511951316.889,48.097,1769,1577,1.982,8.0
3522,cloud_only_mlp_covertype,,1776511951319.897,1776511951384.919,65.022,1769,1577,1.997,6.8
3523,cloud_only_mlp_covertype,,1776511951386.917,1776511951445.170,58.253,1769,1577,1.834,11.3
3524,cloud_only_mlp_covertype,,1776511951449.163,1776511951508.963,59.800,1769,1577,1.797,3.8
3525,cloud_only_mlp_covertype,,1776511951514.962,1776511951565.271,50.309,1769,1577,1.809,19.0
3526,cloud_only_mlp_covertype,,1776511951569.295,1776511951613.882,44.587,1769,1577,1.959,13.2
3527,cloud_only_mlp_covertype,,1776511951617.878,1776511951664.281,46.404,1769,1577,2.099,16.7
3528,cloud_only_mlp_covertype,,1776511951672.973,1776511951720.470,47.497,1769,1577,1.801,14.5
3529,cloud_only_mlp_covertype,,1776511951724.496,1776511951787.072,62.575,1769,1577,1.803,11.9
3530,cloud_only_mlp_covertype,,1776511951792.081,1776511951837.507,45.426,1769,1577,1.818,24.2
3531,cloud_only_mlp_covertype,,1776511951841.343,1776511951886.693,45.350,1769,1577,2.021,1.5
3532,cloud_only_mlp_covertype,,1776511951890.708,1776511951940.212,49.503,1769,1577,1.983,16.4
3533,cloud_only_mlp_covertype,,1776511951943.212,1776511951988.933,45.720,1769,1577,1.843,4.7
3534,cloud_only_mlp_covertype,,1776511951992.946,1776511952036.985,44.039,1769,1577,1.926,18.9
3535,cloud_only_mlp_covertype,,1776511952040.434,1776511952083.737,43.302,1769,1577,1.964,21.3
3536,cloud_only_mlp_covertype,,1776511952086.733,1776511952157.353,70.619,1769,1577,1.991,9.7
3537,cloud_only_mlp_covertype,,1776511952161.369,1776511952232.405,71.036,1769,1577,2.042,9.6
3538,cloud_only_mlp_covertype,,1776511952236.406,1776511952282.658,46.252,1769,1577,1.910,2.3
3539,cloud_only_mlp_covertype,,1776511952286.674,1776511952333.456,46.782,1769,1577,1.735,0.0
3540,cloud_only_mlp_covertype,,1776511952337.483,1776511952381.889,44.406,1769,1577,1.792,2.2
3541,cloud_only_mlp_covertype,,1776511952385.880,1776511952431.820,45.939,1769,1577,1.970,17.3
3542,cloud_only_mlp_covertype,,1776511952434.825,1776511952481.392,46.567,1769,1577,1.771,9.4
3543,cloud_only_mlp_covertype,,1776511952484.392,1776511952537.131,52.739,1769,1577,2.356,28.9
3544,cloud_only_mlp_covertype,,1776511952541.022,1776511952601.064,60.042,1769,1577,2.016,25.9
3545,cloud_only_mlp_covertype,,1776511952605.060,1776511952651.294,46.234,1769,1577,2.073,27.1
3546,cloud_only_mlp_covertype,,1776511952655.294,1776511952703.246,47.952,1769,1577,1.814,29.8
3547,cloud_only_mlp_covertype,,1776511952704.242,1776511952752.017,47.774,1769,1577,2.007,19.6
3548,cloud_only_mlp_covertype,,1776511952754.650,1776511952814.984,60.334,1769,1577,1.864,3.3
3549,cloud_only_mlp_covertype,,1776511952817.985,1776511952863.088,45.104,1769,1577,1.988,20.0
3550,cloud_only_mlp_covertype,,1776511952868.087,1776511952918.240,50.153,1769,1577,1.744,32.1
3551,cloud_only_mlp_covertype,,1776511952922.241,1776511952971.366,49.125,1769,1577,2.053,26.0
3552,cloud_only_mlp_covertype,,1776511952975.388,1776511953020.970,45.582,1769,1577,1.912,9.3
3553,cloud_only_mlp_covertype,,1776511953024.482,1776511953073.005,48.523,1769,1577,2.139,24.1
3554,cloud_only_mlp_covertype,,1776511953077.025,1776511953123.054,46.029,1769,1577,2.044,20.5
3555,cloud_only_mlp_covertype,,1776511953126.056,1776511953169.972,43.917,1769,1577,1.912,18.6
3556,cloud_only_mlp_covertype,,1776511953171.956,1776511953218.776,46.820,1769,1577,1.976,2.2
3557,cloud_only_mlp_covertype,,1776511953222.830,1776511953269.208,46.378,1769,1577,1.844,4.5
3558,cloud_only_mlp_covertype,,1776511953273.200,1776511953319.163,45.963,1769,1577,2.145,3.9
3559,cloud_only_mlp_covertype,,1776511953321.169,1776511953365.830,44.661,1769,1577,2.004,10.0
3560,cloud_only_mlp_covertype,,1776511953369.836,1776511953419.974,50.137,1769,1577,2.098,19.2
3561,cloud_only_mlp_covertype,,1776511953424.979,1776511953473.677,48.698,1769,1577,1.906,17.5
3562,cloud_only_mlp_covertype,,1776511953476.670,1776511953519.132,42.462,1769,1577,2.126,13.3
3563,cloud_only_mlp_covertype,,1776511953520.131,1776511953565.198,45.067,1769,1577,1.934,8.0
3564,cloud_only_mlp_covertype,,1776511953566.200,1776511953636.283,70.083,1769,1577,1.971,6.2
3565,cloud_only_mlp_covertype,,1776511953638.264,1776511953686.324,48.060,1769,1577,1.934,9.1
3566,cloud_only_mlp_covertype,,1776511953689.870,1776511953736.760,46.890,1769,1577,2.069,22.9
3567,cloud_only_mlp_covertype,,1776511953740.760,1776511953787.628,46.867,1769,1577,1.939,6.5
3568,cloud_only_mlp_covertype,,1776511953790.656,1776511953842.924,52.267,1769,1577,2.018,26.4
3569,cloud_only_mlp_covertype,,1776511953852.661,1776511953916.210,63.550,1769,1577,1.868,68.8
3570,cloud_only_mlp_covertype,,1776511953925.204,1776511953975.084,49.880,1769,1577,1.890,25.0
3571,cloud_only_mlp_covertype,,1776511953976.084,1776511954022.984,46.900,1769,1577,2.084,16.7
3572,cloud_only_mlp_covertype,,1776511954023.948,1776511954085.290,61.341,1769,1577,2.323,25.8
3573,cloud_only_mlp_covertype,,1776511954090.809,1776511954137.603,46.794,1769,1577,2.089,24.2
3574,cloud_only_mlp_covertype,,1776511954140.594,1776511954209.932,69.338,1769,1577,1.837,13.1
3575,cloud_only_mlp_covertype,,1776511954211.948,1776511954260.631,48.682,1769,1577,2.012,42.9
3576,cloud_only_mlp_covertype,,1776511954265.630,1776511954311.992,46.362,1769,1577,2.003,10.6
3577,cloud_only_mlp_covertype,,1776511954316.351,1776511954416.714,100.363,1769,1577,1.979,11.7
3578,cloud_only_mlp_covertype,,1776511954418.632,1776511954468.269,49.637,1769,1577,2.157,2.3
3579,cloud_only_mlp_covertype,,1776511954469.266,1776511954516.284,47.018,1769,1577,2.148,11.9
3580,cloud_only_mlp_covertype,,1776511954520.291,1776511954583.207,62.916,1769,1577,2.080,9.6
3581,cloud_only_mlp_covertype,,1776511954587.182,1776511954646.307,59.125,1769,1577,2.001,12.9
3582,cloud_only_mlp_covertype,,1776511954650.220,1776511954697.304,47.084,1769,1577,1.941,20.0
3583,cloud_only_mlp_covertype,,1776511954702.316,1776511954750.542,48.227,1769,1577,1.898,24.4
3584,cloud_only_mlp_covertype,,1776511954753.545,1776511954799.662,46.116,1769,1577,2.015,2.2
3585,cloud_only_mlp_covertype,,1776511954804.664,1776511954850.275,45.611,1769,1577,2.054,14.3
3586,cloud_only_mlp_covertype,,1776511954853.292,1776511954907.887,54.594,1769,1577,2.016,3.9
3587,cloud_only_mlp_covertype,,1776511954910.389,1776511954954.303,43.915,1769,1577,1.787,4.5
3588,cloud_only_mlp_covertype,,1776511954960.300,1776511955008.531,48.231,1769,1577,1.883,12.7
3589,cloud_only_mlp_covertype,,1776511955011.851,1776511955062.719,50.868,1769,1577,3.225,8.6
3590,cloud_only_mlp_covertype,,1776511955066.708,1776511955125.894,59.186,1769,1577,1.844,1.3
3591,cloud_only_mlp_covertype,,1776511955128.023,1776511955172.868,44.846,1769,1577,1.930,19.0
3592,cloud_only_mlp_covertype,,1776511955176.870,1776511955250.211,73.341,1769,1577,1.995,22.8
3593,cloud_only_mlp_covertype,,1776511955252.213,1776511955298.627,46.415,1769,1577,2.052,10.9
3594,cloud_only_mlp_covertype,,1776511955300.631,1776511955370.648,70.017,1769,1577,1.947,11.3
3595,cloud_only_mlp_covertype,,1776511955374.646,1776511955433.430,58.784,1769,1577,1.754,10.3
3596,cloud_only_mlp_covertype,,1776511955436.433,1776511955487.003,50.569,1769,1577,2.015,13.6
3597,cloud_only_mlp_covertype,,1776511955489.018,1776511955535.853,46.835,1769,1577,2.061,20.0
3598,cloud_only_mlp_covertype,,1776511955538.833,1776511955605.617,66.784,1769,1577,1.827,11.1
3599,cloud_only_mlp_covertype,,1776511955608.692,1776511955669.094,60.402,1769,1577,1.862,10.9
3600,cloud_only_mlp_covertype,,1776511955674.095,1776511955752.387,78.292,1769,1577,1.970,21.6
3601,cloud_only_mlp_covertype,,1776511955757.385,1776511955805.520,48.134,1769,1577,2.151,19.1
3602,cloud_only_mlp_covertype,,1776511955808.505,1776511955856.564,48.059,1769,1577,1.896,5.4
3603,cloud_only_mlp_covertype,,1776511955858.566,1776511955904.501,45.935,1769,1577,1.820,0.0
3604,cloud_only_mlp_covertype,,1776511955907.490,1776511955951.628,44.138,1769,1577,2.041,0.0
3605,cloud_only_mlp_covertype,,1776511955954.631,1776511955998.481,43.851,1769,1577,2.082,0.0
3606,cloud_only_mlp_covertype,,1776511956000.495,1776511956049.360,48.865,1769,1577,2.019,6.2
3607,cloud_only_mlp_covertype,,1776511956051.364,1776511956098.489,47.125,1769,1577,2.073,23.8
3608,cloud_only_mlp_covertype,,1776511956104.479,1776511956148.914,44.435,1769,1577,2.104,27.5
3609,cloud_only_mlp_covertype,,1776511956152.917,1776511956198.650,45.732,1769,1577,2.028,12.0
3610,cloud_only_mlp_covertype,,1776511956200.696,1776511956249.216,48.520,1769,1577,2.058,21.1
3611,cloud_only_mlp_covertype,,1776511956250.595,1776511956297.969,47.374,1769,1577,1.934,18.8
3612,cloud_only_mlp_covertype,,1776511956302.123,1776511956346.878,44.756,1769,1577,2.045,0.0
3613,cloud_only_mlp_covertype,,1776511956348.876,1776511956394.291,45.414,1769,1577,2.068,4.0
3614,cloud_only_mlp_covertype,,1776511956396.152,1776511956446.737,50.585,1769,1577,2.029,10.0
3615,cloud_only_mlp_covertype,,1776511956448.737,1776511956514.965,66.229,1769,1577,1.899,13.8
3616,cloud_only_mlp_covertype,,1776511956516.436,1776511956577.222,60.785,1769,1577,2.172,8.3
3617,cloud_only_mlp_covertype,,1776511956580.226,1776511956627.403,47.177,1769,1577,1.942,18.4
3618,cloud_only_mlp_covertype,,1776511956629.407,1776511956673.701,44.294,1769,1577,1.796,4.2
3619,cloud_only_mlp_covertype,,1776511956676.708,1776511956722.271,45.563,1769,1577,1.943,12.2
3620,cloud_only_mlp_covertype,,1776511956726.273,1776511956778.551,52.277,1769,1577,4.605,27.9
3621,cloud_only_mlp_covertype,,1776511956782.550,1776511956853.265,70.715,1769,1577,1.826,6.0
3622,cloud_only_mlp_covertype,,1776511956854.267,1776511956898.242,43.975,1769,1577,2.084,9.1
3623,cloud_only_mlp_covertype,,1776511956899.753,1776511956944.274,44.521,1769,1577,1.833,11.9
3624,cloud_only_mlp_covertype,,1776511956948.273,1776511956998.821,50.547,1769,1577,1.989,25.0
3625,cloud_only_mlp_covertype,,1776511957002.925,1776511957072.285,69.360,1769,1577,2.165,10.5
3626,cloud_only_mlp_covertype,,1776511957079.467,1776511957126.989,47.523,1769,1577,3.317,19.2
3627,cloud_only_mlp_covertype,,1776511957128.989,1776511957192.798,63.808,1769,1577,1.957,13.8
3628,cloud_only_mlp_covertype,,1776511957193.774,1776511957242.860,49.086,1769,1577,1.966,19.6
3629,cloud_only_mlp_covertype,,1776511957244.859,1776511957293.086,48.227,1769,1577,1.948,9.5
3630,cloud_only_mlp_covertype,,1776511957295.347,1776511957341.432,46.085,1769,1577,2.280,1.9
3631,cloud_only_mlp_covertype,,1776511957344.433,1776511957388.868,44.434,1769,1577,2.063,7.0
3632,cloud_only_mlp_covertype,,1776511957389.909,1776511957436.289,46.380,1769,1577,2.134,9.3
3633,cloud_only_mlp_covertype,,1776511957438.290,1776511957483.301,45.011,1769,1577,1.968,17.6
3634,cloud_only_mlp_covertype,,1776511957484.288,1776511957531.879,47.591,1769,1577,2.236,19.6
3635,cloud_only_mlp_covertype,,1776511957532.879,1776511957592.719,59.840,1769,1577,2.041,14.0
3636,cloud_only_mlp_covertype,,1776511957594.722,1776511957653.828,59.106,1769,1577,1.804,4.3
3637,cloud_only_mlp_covertype,,1776511957654.840,1776511957716.761,61.921,1769,1577,1.948,19.7
3638,cloud_only_mlp_covertype,,1776511957719.764,1776511957779.867,60.103,1769,1577,2.047,15.9
3639,cloud_only_mlp_covertype,,1776511957785.883,1776511957833.664,47.781,1769,1577,1.872,13.6
3640,cloud_only_mlp_covertype,,1776511957834.656,1776511957878.984,44.329,1769,1577,2.064,25.6
3641,cloud_only_mlp_covertype,,1776511957880.984,1776511957926.135,45.151,1769,1577,2.026,2.4
3642,cloud_only_mlp_covertype,,1776511957929.143,1776511957996.755,67.611,1769,1577,1.882,12.0
3643,cloud_only_mlp_covertype,,1776511958000.759,1776511958051.297,50.538,1769,1577,1.959,20.0
3644,cloud_only_mlp_covertype,,1776511958052.298,1776511958096.043,43.744,1769,1577,2.014,9.3
3645,cloud_only_mlp_covertype,,1776511958097.582,1776511958165.800,68.218,1769,1577,1.850,7.7
3646,cloud_only_mlp_covertype,,1776511958166.803,1776511958215.638,48.835,1769,1577,1.942,17.1
3647,cloud_only_mlp_covertype,,1776511958219.637,1776511958292.678,73.041,1769,1577,1.999,11.7
3648,cloud_only_mlp_covertype,,1776511958299.677,1776511958344.840,45.164,1769,1577,1.956,13.0
3649,cloud_only_mlp_covertype,,1776511958348.702,1776511958415.867,67.165,1769,1577,1.924,17.2
3650,cloud_only_mlp_covertype,,1776511958419.874,1776511958466.088,46.214,1769,1577,1.812,5.7
3651,cloud_only_mlp_covertype,,1776511958469.087,1776511958513.570,44.483,1769,1577,1.908,24.0
3652,cloud_only_mlp_covertype,,1776511958516.571,1776511958565.838,49.266,1769,1577,2.113,10.3
3653,cloud_only_mlp_covertype,,1776511958567.831,1776511958618.410,50.579,1769,1577,1.825,20.0
3654,cloud_only_mlp_covertype,,1776511958622.394,1776511958691.768,69.374,1769,1577,2.073,11.9
3655,cloud_only_mlp_covertype,,1776511958696.341,1776511958742.218,45.877,1769,1577,2.062,22.0
3656,cloud_only_mlp_covertype,,1776511958746.190,1776511958793.217,47.027,1769,1577,1.978,29.6
3657,cloud_only_mlp_covertype,,1776511958795.224,1776511958865.938,70.714,1769,1577,2.207,4.9
3658,cloud_only_mlp_covertype,,1776511958866.937,1776511958911.344,44.407,1769,1577,1.872,9.8
3659,cloud_only_mlp_covertype,,1776511958916.614,1776511958962.828,46.214,1769,1577,2.565,17.0
3660,cloud_only_mlp_covertype,,1776511958966.824,1776511959013.580,46.756,1769,1577,1.934,14.9
3661,cloud_only_mlp_covertype,,1776511959017.474,1776511959080.573,63.099,1769,1577,2.130,17.0
3662,cloud_only_mlp_covertype,,1776511959082.579,1776511959127.551,44.972,1769,1577,1.838,5.9
3663,cloud_only_mlp_covertype,,1776511959131.623,1776511959177.460,45.837,1769,1577,1.989,6.4
3664,cloud_only_mlp_covertype,,1776511959180.361,1776511959230.043,49.682,1769,1577,2.144,12.3
3665,cloud_only_mlp_covertype,,1776511959234.033,1776511959282.264,48.231,1769,1577,2.059,9.1
3666,cloud_only_mlp_covertype,,1776511959286.905,1776511959357.712,70.808,1769,1577,1.825,11.8
3667,cloud_only_mlp_covertype,,1776511959361.727,1776511959411.240,49.513,1769,1577,2.005,6.1
3668,cloud_only_mlp_covertype,,1776511959414.242,1776511959460.186,45.944,1769,1577,2.246,14.9
3669,cloud_only_mlp_covertype,,1776511959463.178,1776511959525.579,62.401,1769,1577,1.882,22.5
3670,cloud_only_mlp_covertype,,1776511959529.595,1776511959591.142,61.547,1769,1577,1.840,17.4
3671,cloud_only_mlp_covertype,,1776511959596.155,1776511959646.171,50.016,1769,1577,2.079,9.1
3672,cloud_only_mlp_covertype,,1776511959651.107,1776511959698.123,47.015,1769,1577,1.933,21.4
3673,cloud_only_mlp_covertype,,1776511959701.128,1776511959757.605,56.477,1769,1577,1.858,10.5
3674,cloud_only_mlp_covertype,,1776511959759.564,1776511959806.594,47.029,1769,1577,2.178,23.7
3675,cloud_only_mlp_covertype,,1776511959809.978,1776511959856.791,46.813,1769,1577,1.951,10.9
3676,cloud_only_mlp_covertype,,1776511959860.796,1776511959929.068,68.271,1769,1577,2.311,10.8
3677,cloud_only_mlp_covertype,,1776511959934.173,1776511959978.881,44.709,1769,1577,2.396,15.3
3678,cloud_only_mlp_covertype,,1776511959981.902,1776511960034.851,52.949,1769,1577,1.857,10.0
3679,cloud_only_mlp_covertype,,1776511960038.844,1776511960129.738,90.894,1769,1577,2.055,18.0
3680,cloud_only_mlp_covertype,,1776511960134.741,1776511960180.734,45.993,1769,1577,2.123,18.2
3681,cloud_only_mlp_covertype,,1776511960183.739,1776511960251.886,68.148,1769,1577,2.035,6.2
3682,cloud_only_mlp_covertype,,1776511960252.892,1776511960314.714,61.822,1769,1577,2.016,18.0
3683,cloud_only_mlp_covertype,,1776511960315.716,1776511960362.649,46.933,1769,1577,2.072,10.2
3684,cloud_only_mlp_covertype,,1776511960363.649,1776511960411.750,48.101,1769,1577,2.063,3.5
3685,cloud_only_mlp_covertype,,1776511960413.263,1776511960470.498,57.235,1769,1577,1.892,2.8
3686,cloud_only_mlp_covertype,,1776511960474.495,1776511960521.158,46.663,1769,1577,1.957,9.5
3687,cloud_only_mlp_covertype,,1776511960524.166,1776511960569.927,45.761,1769,1577,2.245,10.4
3688,cloud_only_mlp_covertype,,1776511960574.926,1776511960623.163,48.237,1769,1577,2.581,7.1
3689,cloud_only_mlp_covertype,,1776511960629.162,1776511960701.578,72.416,1769,1577,1.822,5.1
3690,cloud_only_mlp_covertype,,1776511960708.583,1776511960776.113,67.530,1769,1577,2.043,15.2
3691,cloud_only_mlp_covertype,,1776511960779.112,1776511960838.820,59.708,1769,1577,1.826,23.0
3692,cloud_only_mlp_covertype,,1776511960843.276,1776511960890.627,47.351,1769,1577,2.014,9.8
3693,cloud_only_mlp_covertype,,1776511960892.632,1776511960949.182,56.550,1769,1577,2.089,39.7
3694,cloud_only_mlp_covertype,,1776511960952.183,1776511960997.529,45.345,1769,1577,1.868,10.4
3695,cloud_only_mlp_covertype,,1776511960999.534,1776511961043.767,44.233,1769,1577,2.069,20.5
3696,cloud_only_mlp_covertype,,1776511961045.773,1776511961093.737,47.964,1769,1577,1.919,27.1
3697,cloud_only_mlp_covertype,,1776511961096.831,1776511961165.352,68.520,1769,1577,1.855,21.0
3698,cloud_only_mlp_covertype,,1776511961170.356,1776511961242.532,72.176,1769,1577,2.055,12.5
3699,cloud_only_mlp_covertype,,1776511961245.869,1776511961294.982,49.113,1769,1577,1.874,7.4
3700,cloud_only_mlp_covertype,,1776511961297.987,1776511961344.040,46.053,1769,1577,2.071,7.3
3701,cloud_only_mlp_covertype,,1776511961348.029,1776511961394.526,46.497,1769,1577,1.910,17.5
3702,cloud_only_mlp_covertype,,1776511961399.545,1776511961465.138,65.593,1769,1577,1.805,17.3
3703,cloud_only_mlp_covertype,,1776511961469.138,1776511961519.228,50.090,1769,1577,1.915,0.0
3704,cloud_only_mlp_covertype,,1776511961522.229,1776511961581.265,59.036,1769,1577,1.914,20.3
3705,cloud_only_mlp_covertype,,1776511961584.350,1776511961630.103,45.753,1769,1577,1.833,16.7
3706,cloud_only_mlp_covertype,,1776511961633.098,1776511961705.872,72.773,1769,1577,1.935,9.0
3707,cloud_only_mlp_covertype,,1776511961711.874,1776511961761.646,49.772,1769,1577,1.923,18.5
3708,cloud_only_mlp_covertype,,1776511961764.618,1776511961810.521,45.903,1769,1577,2.118,6.1
3709,cloud_only_mlp_covertype,,1776511961811.513,1776511961877.173,65.659,1769,1577,2.229,8.7
3710,cloud_only_mlp_covertype,,1776511961884.172,1776511961954.699,70.528,1769,1577,2.170,3.4
3711,cloud_only_mlp_covertype,,1776511961958.716,1776511962008.374,49.658,1769,1577,2.662,3.8
3712,cloud_only_mlp_covertype,,1776511962011.379,1776511962057.363,45.983,1769,1577,2.341,17.1
3713,cloud_only_mlp_covertype,,1776511962062.360,1776511962125.634,63.274,1769,1577,2.079,14.3
3714,cloud_only_mlp_covertype,,1776511962131.635,1776511962187.953,56.319,1769,1577,1.946,1.6
3715,cloud_only_mlp_covertype,,1776511962192.001,1776511962239.568,47.568,1769,1577,2.033,7.0
3716,cloud_only_mlp_covertype,,1776511962242.558,1776511962289.516,46.958,1769,1577,1.889,14.3
3717,cloud_only_mlp_covertype,,1776511962294.504,1776511962344.177,49.673,1769,1577,2.439,0.0
3718,cloud_only_mlp_covertype,,1776511962350.178,1776511962401.887,51.710,1769,1577,2.118,5.9
3719,cloud_only_mlp_covertype,,1776511962406.919,1776511962451.262,44.343,1769,1577,2.419,5.6
3720,cloud_only_mlp_covertype,,1776511962456.257,1776511962504.791,48.534,1769,1577,1.952,0.0
3721,cloud_only_mlp_covertype,,1776511962508.817,1776511962557.227,48.410,1769,1577,2.111,7.4
3722,cloud_only_mlp_covertype,,1776511962561.229,1776511962608.866,47.637,1769,1577,2.234,1.8
3723,cloud_only_mlp_covertype,,1776511962612.443,1776511962658.589,46.146,1769,1577,1.904,1.9
3724,cloud_only_mlp_covertype,,1776511962663.588,1776511962716.764,53.176,1769,1577,2.001,3.8
3725,cloud_only_mlp_covertype,,1776511962719.959,1776511962768.261,48.302,1769,1577,2.090,20.4
3726,cloud_only_mlp_covertype,,1776511962772.264,1776511962816.285,44.021,1769,1577,1.881,29.3
3727,cloud_only_mlp_covertype,,1776511962819.277,1776511962864.594,45.317,1769,1577,1.931,30.4
3728,cloud_only_mlp_covertype,,1776511962868.589,1776511962915.134,46.545,1769,1577,2.155,10.9
3729,cloud_only_mlp_covertype,,1776511962918.156,1776511962980.964,62.809,1769,1577,1.804,2.8
3730,cloud_only_mlp_covertype,,1776511962984.988,1776511963042.679,57.691,1769,1577,1.808,1.7
3731,cloud_only_mlp_covertype,,1776511963047.671,1776511963095.814,48.144,1769,1577,2.017,6.7
3732,cloud_only_mlp_covertype,,1776511963098.821,1776511963164.256,65.435,1769,1577,2.002,7.2
3733,cloud_only_mlp_covertype,,1776511963169.254,1776511963242.694,73.439,1769,1577,1.823,9.0
3734,cloud_only_mlp_covertype,,1776511963246.693,1776511963294.771,48.078,1769,1577,2.240,3.4
3735,cloud_only_mlp_covertype,,1776511963297.775,1776511963368.121,70.345,1769,1577,2.041,28.7
3736,cloud_only_mlp_covertype,,1776511963370.104,1776511963428.042,57.937,1769,1577,2.111,4.0
3737,cloud_only_mlp_covertype,,1776511963429.547,1776511963475.725,46.178,1769,1577,2.093,2.0
3738,cloud_only_mlp_covertype,,1776511963478.709,1776511963527.673,48.963,1769,1577,2.023,12.1
3739,cloud_only_mlp_covertype,,1776511963530.202,1776511963601.156,70.954,1769,1577,1.989,8.8
3740,cloud_only_mlp_covertype,,1776511963605.631,1776511963651.279,45.648,1769,1577,2.005,10.5
3741,cloud_only_mlp_covertype,,1776511963655.286,1776511963701.958,46.673,1769,1577,1.759,8.2
3742,cloud_only_mlp_covertype,,1776511963705.956,1776511963756.600,50.644,1769,1577,2.040,0.0
3743,cloud_only_mlp_covertype,,1776511963761.593,1776511963809.687,48.094,1769,1577,1.808,8.6
3744,cloud_only_mlp_covertype,,1776511963813.697,1776511963858.689,44.992,1769,1577,1.919,10.6
3745,cloud_only_mlp_covertype,,1776511963863.683,1776511963910.700,47.018,1769,1577,1.907,13.8
3746,cloud_only_mlp_covertype,,1776511963913.082,1776511963984.423,71.341,1769,1577,2.287,9.6
3747,cloud_only_mlp_covertype,,1776511963987.421,1776511964032.434,45.014,1769,1577,2.069,14.3
3748,cloud_only_mlp_covertype,,1776511964036.335,1776511964106.329,69.993,1769,1577,1.816,9.0
3749,cloud_only_mlp_covertype,,1776511964109.334,1776511964157.520,48.185,1769,1577,1.898,17.0
3750,cloud_only_mlp_covertype,,1776511964160.523,1776511964202.517,41.994,1769,1577,1.987,5.5
3751,cloud_only_mlp_covertype,,1776511964205.522,1776511964251.620,46.099,1769,1577,2.091,6.2
3752,cloud_only_mlp_covertype,,1776511964254.627,1776511964324.638,70.010,1769,1577,2.018,13.0
3753,cloud_only_mlp_covertype,,1776511964327.629,1776511964386.367,58.738,1769,1577,1.900,11.3
3754,cloud_only_mlp_covertype,,1776511964389.170,1776511964435.212,46.042,1769,1577,1.911,5.7
3755,cloud_only_mlp_covertype,,1776511964436.274,1776511964492.287,56.014,1769,1577,1.969,5.7
3756,cloud_only_mlp_covertype,,1776511964496.278,1776511964545.002,48.724,1769,1577,2.005,16.7
3757,cloud_only_mlp_covertype,,1776511964547.858,1776511964618.852,70.994,1769,1577,1.968,10.0
3758,cloud_only_mlp_covertype,,1776511964622.149,1776511964667.667,45.518,1769,1577,2.135,8.3
3759,cloud_only_mlp_covertype,,1776511964668.668,1776511964724.712,56.044,1769,1577,1.954,5.7
3760,cloud_only_mlp_covertype,,1776511964728.701,1776511964776.233,47.532,1769,1577,2.040,10.5
3761,cloud_only_mlp_covertype,,1776511964779.233,1776511964825.247,46.014,1769,1577,2.280,9.4
3762,cloud_only_mlp_covertype,,1776511964828.251,1776511964876.579,48.327,1769,1577,2.133,9.3
3763,cloud_only_mlp_covertype,,1776511964879.449,1776511964928.452,49.003,1769,1577,2.247,5.5
3764,cloud_only_mlp_covertype,,1776511964929.449,1776511964976.028,46.578,1769,1577,2.823,6.1
3765,cloud_only_mlp_covertype,,1776511964978.032,1776511965022.055,44.023,1769,1577,2.007,13.2
3766,cloud_only_mlp_covertype,,1776511965026.060,1776511965073.567,47.507,1769,1577,2.048,25.5
3767,cloud_only_mlp_covertype,,1776511965076.573,1776511965124.594,48.021,1769,1577,2.091,6.0
3768,cloud_only_mlp_covertype,,1776511965126.594,1776511965171.166,44.572,1769,1577,2.032,16.7
3769,cloud_only_mlp_covertype,,1776511965174.592,1776511965238.725,64.134,1769,1577,1.809,13.9
3770,cloud_only_mlp_covertype,,1776511965242.761,1776511965290.723,47.962,1769,1577,2.095,13.7
3771,cloud_only_mlp_covertype,,1776511965293.730,1776511965339.863,46.132,1769,1577,2.061,11.8
3772,cloud_only_mlp_covertype,,1776511965342.869,1776511965386.881,44.013,1769,1577,2.060,6.5
3773,cloud_only_mlp_covertype,,1776511965389.868,1776511965434.607,44.740,1769,1577,2.016,12.5
3774,cloud_only_mlp_covertype,,1776511965437.572,1776511965484.824,47.252,1769,1577,2.117,6.1
3775,cloud_only_mlp_covertype,,1776511965487.573,1776511965535.607,48.034,1769,1577,2.584,7.8
3776,cloud_only_mlp_covertype,,1776511965538.559,1776511965581.564,43.005,1769,1577,1.936,14.9
3777,cloud_only_mlp_covertype,,1776511965584.561,1776511965628.570,44.009,1769,1577,2.070,8.2
3778,cloud_only_mlp_covertype,,1776511965631.646,1776511965690.760,59.114,1769,1577,1.824,8.1
3779,cloud_only_mlp_covertype,,1776511965692.757,1776511965748.920,56.163,1769,1577,1.902,6.3
3780,cloud_only_mlp_covertype,,1776511965752.911,1776511965813.907,60.996,1769,1577,1.870,8.8
3781,cloud_only_mlp_covertype,,1776511965816.913,1776511965915.431,98.518,1769,1577,2.031,12.4
3782,cloud_only_mlp_covertype,,1776511965917.432,1776511965986.003,68.571,1769,1577,1.868,35.0
3783,cloud_only_mlp_covertype,,1776511965992.983,1776511966062.842,69.860,1769,1577,1.858,29.9
3784,cloud_only_mlp_covertype,,1776511966064.570,1776511966111.581,47.010,1769,1577,2.045,11.5
3785,cloud_only_mlp_covertype,,1776511966113.570,1776511966162.153,48.583,1769,1577,1.956,11.9
3786,cloud_only_mlp_covertype,,1776511966165.153,1776511966233.241,68.088,1769,1577,2.313,14.5
3787,cloud_only_mlp_covertype,,1776511966237.181,1776511966281.712,44.531,1769,1577,1.945,5.8
3788,cloud_only_mlp_covertype,,1776511966285.702,1776511966333.740,48.038,1769,1577,1.950,8.2
3789,cloud_only_mlp_covertype,,1776511966335.729,1776511966406.248,70.520,1769,1577,1.859,7.3
3790,cloud_only_mlp_covertype,,1776511966409.061,1776511966466.634,57.573,1769,1577,1.915,9.1
3791,cloud_only_mlp_covertype,,1776511966467.635,1776511966528.671,61.037,1769,1577,1.850,6.1
3792,cloud_only_mlp_covertype,,1776511966531.664,1776511966580.333,48.670,1769,1577,2.403,5.2
3793,cloud_only_mlp_covertype,,1776511966582.228,1776511966637.853,55.625,1769,1577,1.834,7.7
3794,cloud_only_mlp_covertype,,1776511966641.464,1776511966702.372,60.907,1769,1577,2.274,10.7
3795,cloud_only_mlp_covertype,,1776511966703.372,1776511966750.010,46.638,1769,1577,2.003,6.0
3796,cloud_only_mlp_covertype,,1776511966753.921,1776511966799.409,45.487,1769,1577,2.141,6.7
3797,cloud_only_mlp_covertype,,1776511966800.304,1776511966869.882,69.578,1769,1577,1.855,6.3
3798,cloud_only_mlp_covertype,,1776511966873.883,1776511966918.894,45.011,1769,1577,2.198,6.5
3799,cloud_only_mlp_covertype,,1776511966922.352,1776511966973.906,51.553,1769,1577,2.160,12.0
3800,cloud_only_mlp_covertype,,1776511966976.911,1776511967020.929,44.019,1769,1577,1.988,7.5
3801,cloud_only_mlp_covertype,,1776511967025.029,1776511967088.486,63.457,1769,1577,2.088,9.1
3802,cloud_only_mlp_covertype,,1776511967090.483,1776511967152.009,61.526,1769,1577,2.090,6.6
3803,cloud_only_mlp_covertype,,1776511967153.995,1776511967217.712,63.717,1769,1577,4.213,8.8
3804,cloud_only_mlp_covertype,,1776511967221.710,1776511967266.277,44.567,1769,1577,2.367,7.5
3805,cloud_only_mlp_covertype,,1776511967269.275,1776511967314.274,44.999,1769,1577,1.945,6.4
3806,cloud_only_mlp_covertype,,1776511967317.263,1776511967364.827,47.564,1769,1577,2.345,5.5
3807,cloud_only_mlp_covertype,,1776511967367.827,1776511967416.839,49.012,1769,1577,1.918,16.7
3808,cloud_only_mlp_covertype,,1776511967419.827,1776511967478.373,58.547,1769,1577,1.863,13.4
3809,cloud_only_mlp_covertype,,1776511967481.379,1776511967541.962,60.583,1769,1577,1.864,8.0
3810,cloud_only_mlp_covertype,,1776511967544.962,1776511967604.106,59.143,1769,1577,1.939,13.0
3811,cloud_only_mlp_covertype,,1776511967606.105,1776511967665.847,59.742,1769,1577,1.865,12.1
3812,cloud_only_mlp_covertype,,1776511967668.896,1776511967716.843,47.948,1769,1577,2.040,7.4
3813,cloud_only_mlp_covertype,,1776511967717.842,1776511967776.157,58.315,1769,1577,2.201,11.8
3814,cloud_only_mlp_covertype,,1776511967779.158,1776511967837.282,58.124,1769,1577,1.813,8.7
3815,cloud_only_mlp_covertype,,1776511967839.915,1776511967885.187,45.272,1769,1577,1.978,4.0
3816,cloud_only_mlp_covertype,,1776511967886.264,1776511967950.118,63.854,1769,1577,2.103,10.9
3817,cloud_only_mlp_covertype,,1776511967955.115,1776511968026.321,71.206,1769,1577,1.858,2.5
3818,cloud_only_mlp_covertype,,1776511968031.316,1776511968101.438,70.122,1769,1577,1.951,0.0
3819,cloud_only_mlp_covertype,,1776511968105.426,1776511968162.657,57.231,1769,1577,2.025,16.2
3820,cloud_only_mlp_covertype,,1776511968169.676,1776511968217.305,47.629,1769,1577,1.938,8.2
3821,cloud_only_mlp_covertype,,1776511968220.326,1776511968287.969,67.643,1769,1577,1.972,7.5
3822,cloud_only_mlp_covertype,,1776511968293.984,1776511968341.078,47.093,1769,1577,2.074,6.2
3823,cloud_only_mlp_covertype,,1776511968344.611,1776511968388.878,44.267,1769,1577,1.892,0.0
3824,cloud_only_mlp_covertype,,1776511968392.902,1776511968440.783,47.882,1769,1577,2.034,15.7
3825,cloud_only_mlp_covertype,,1776511968445.325,1776511968506.410,61.085,1769,1577,1.869,9.3
3826,cloud_only_mlp_covertype,,1776511968510.415,1776511968559.483,49.067,1769,1577,1.981,1.9
3827,cloud_only_mlp_covertype,,1776511968563.499,1776511968609.944,46.445,1769,1577,2.076,7.4
3828,cloud_only_mlp_covertype,,1776511968613.962,1776511968672.521,58.560,1769,1577,1.987,3.2
3829,cloud_only_mlp_covertype,,1776511968677.520,1776511968725.200,47.681,1769,1577,2.054,9.1
3830,cloud_only_mlp_covertype,,1776511968729.217,1776511968798.339,69.121,1769,1577,1.840,5.1
3831,cloud_only_mlp_covertype,,1776511968805.346,1776511968853.608,48.261,1769,1577,1.832,13.0
3832,cloud_only_mlp_covertype,,1776511968856.609,1776511968901.838,45.229,1769,1577,1.901,1.6
3833,cloud_only_mlp_covertype,,1776511968904.845,1776511968950.336,45.491,1769,1577,2.261,8.5
3834,cloud_only_mlp_covertype,,1776511968956.334,1776511969004.003,47.668,1769,1577,2.076,7.8
3835,cloud_only_mlp_covertype,,1776511969008.006,1776511969059.268,51.262,1769,1577,2.055,8.7
3836,cloud_only_mlp_covertype,,1776511969062.258,1776511969105.852,43.594,1769,1577,1.855,2.0
3837,cloud_only_mlp_covertype,,1776511969108.853,1776511969166.452,57.599,1769,1577,1.843,1.8
3838,cloud_only_mlp_covertype,,1776511969171.566,1776511969244.977,73.411,1769,1577,1.841,2.4
3839,cloud_only_mlp_covertype,,1776511969250.898,1776511969323.317,72.419,1769,1577,1.858,2.6
3840,cloud_only_mlp_covertype,,1776511969326.314,1776511969370.321,44.006,1769,1577,1.898,1.9
3841,cloud_only_mlp_covertype,,1776511969373.320,1776511969420.007,46.687,1769,1577,2.008,6.5
3842,cloud_only_mlp_covertype,,1776511969424.016,1776511969469.708,45.692,1769,1577,2.196,12.5
3843,cloud_only_mlp_covertype,,1776511969472.714,1776511969536.478,63.764,1769,1577,1.885,4.3
3844,cloud_only_mlp_covertype,,1776511969541.509,1776511969590.771,49.262,1769,1577,1.829,8.6
3845,cloud_only_mlp_covertype,,1776511969595.775,1776511969644.504,48.729,1769,1577,2.357,69.2
3846,cloud_only_mlp_covertype,,1776511969649.034,1776511969705.871,56.837,1769,1577,1.841,12.7
3847,cloud_only_mlp_covertype,,1776511969710.873,1776511969761.398,50.525,1769,1577,1.789,10.8
3848,cloud_only_mlp_covertype,,1776511969765.209,1776511969812.534,47.325,1769,1577,2.048,0.0
3849,cloud_only_mlp_covertype,,1776511969816.735,1776511969865.548,48.812,1769,1577,1.977,6.2
3850,cloud_only_mlp_covertype,,1776511969870.199,1776511969917.057,46.858,1769,1577,1.936,14.5
3851,cloud_only_mlp_covertype,,1776511969920.057,1776511969968.726,48.669,1769,1577,1.934,8.6
3852,cloud_only_mlp_covertype,,1776511969972.718,1776511970049.357,76.640,1769,1577,1.757,2.5
3853,cloud_only_mlp_covertype,,1776511970053.814,1776511970125.229,71.415,1769,1577,1.811,4.0
3854,cloud_only_mlp_covertype,,1776511970130.671,1776511970175.999,45.328,1769,1577,2.053,7.1
3855,cloud_only_mlp_covertype,,1776511970181.003,1776511970230.309,49.306,1769,1577,2.083,16.3
3856,cloud_only_mlp_covertype,,1776511970234.399,1776511970299.038,64.639,1769,1577,2.029,37.9
3857,cloud_only_mlp_covertype,,1776511970305.046,1776511970375.009,69.963,1769,1577,1.958,16.9
3858,cloud_only_mlp_covertype,,1776511970379.261,1776511970429.366,50.105,1769,1577,1.770,6.2
3859,cloud_only_mlp_covertype,,1776511970433.363,1776511970480.252,46.889,1769,1577,2.000,10.0
3860,cloud_only_mlp_covertype,,1776511970484.250,1776511970531.908,47.658,1769,1577,2.079,3.5
3861,cloud_only_mlp_covertype,,1776511970536.961,1776511970583.869,46.908,1769,1577,2.021,2.0
3862,cloud_only_mlp_covertype,,1776511970587.871,1776511970637.070,49.199,1769,1577,2.376,3.6
3863,cloud_only_mlp_covertype,,1776511970643.075,1776511970690.432,47.357,1769,1577,2.031,11.6
3864,cloud_only_mlp_covertype,,1776511970693.449,1776511970739.607,46.159,1769,1577,2.039,5.3
3865,cloud_only_mlp_covertype,,1776511970743.608,1776511970810.427,66.819,1769,1577,1.804,4.8
3866,cloud_only_mlp_covertype,,1776511970815.812,1776511970864.985,49.174,1769,1577,1.957,0.0
3867,cloud_only_mlp_covertype,,1776511970869.990,1776511970915.054,45.064,1769,1577,2.170,10.3
3868,cloud_only_mlp_covertype,,1776511970921.056,1776511970966.591,45.534,1769,1577,2.322,0.0
3869,cloud_only_mlp_covertype,,1776511970969.588,1776511971018.021,48.433,1769,1577,1.982,6.1
3870,cloud_only_mlp_covertype,,1776511971022.043,1776511971069.288,47.245,1769,1577,1.914,25.0
3871,cloud_only_mlp_covertype,,1776511971072.286,1776511971132.340,60.054,1769,1577,1.996,13.2
3872,cloud_only_mlp_covertype,,1776511971138.357,1776511971183.985,45.628,1769,1577,2.059,10.7
3873,cloud_only_mlp_covertype,,1776511971187.988,1776511971234.629,46.640,1769,1577,1.804,20.0
3874,cloud_only_mlp_covertype,,1776511971237.641,1776511971284.044,46.403,1769,1577,2.063,12.5
3875,cloud_only_mlp_covertype,,1776511971289.368,1776511971337.544,48.176,1769,1577,1.951,6.2
3876,cloud_only_mlp_covertype,,1776511971341.543,1776511971388.984,47.441,1769,1577,1.805,4.3
3877,cloud_only_mlp_covertype,,1776511971393.007,1776511971436.337,43.329,1769,1577,2.192,4.3
3878,cloud_only_mlp_covertype,,1776511971441.381,1776511971489.000,47.619,1769,1577,2.092,9.4
3879,cloud_only_mlp_covertype,,1776511971492.997,1776511971550.914,57.916,1769,1577,1.925,10.3
3880,cloud_only_mlp_covertype,,1776511971555.487,1776511971645.597,90.110,1769,1577,2.304,5.6
3881,cloud_only_mlp_covertype,,1776511971648.597,1776511971695.012,46.415,1769,1577,2.316,12.0
3882,cloud_only_mlp_covertype,,1776511971699.009,1776511971744.126,45.118,1769,1577,2.063,7.7
3883,cloud_only_mlp_covertype,,1776511971748.122,1776511971799.636,51.514,1769,1577,2.559,3.3
3884,cloud_only_mlp_covertype,,1776511971804.614,1776511971878.044,73.430,1769,1577,1.975,5.9
3885,cloud_only_mlp_covertype,,1776511971883.047,1776511971953.329,70.282,1769,1577,1.921,8.3
3886,cloud_only_mlp_covertype,,1776511971957.867,1776511972002.029,44.162,1769,1577,1.920,8.5
3887,cloud_only_mlp_covertype,,1776511972006.023,1776511972053.206,47.183,1769,1577,1.862,5.3
3888,cloud_only_mlp_covertype,,1776511972055.964,1776511972125.493,69.529,1769,1577,1.786,6.9
3889,cloud_only_mlp_covertype,,1776511972130.510,1776511972190.761,60.252,1769,1577,1.800,3.0
3890,cloud_only_mlp_covertype,,1776511972194.758,1776511972242.409,47.651,1769,1577,1.998,15.0
3891,cloud_only_mlp_covertype,,1776511972247.659,1776511972314.391,66.732,1769,1577,2.293,0.0
3892,cloud_only_mlp_covertype,,1776511972317.392,1776511972363.515,46.123,1769,1577,1.851,9.1
3893,cloud_only_mlp_covertype,,1776511972367.609,1776511972417.224,49.615,1769,1577,2.035,1.9
3894,cloud_only_mlp_covertype,,1776511972421.220,1776511972470.756,49.536,1769,1577,1.804,0.0
3895,cloud_only_mlp_covertype,,1776511972474.754,1776511972522.185,47.430,1769,1577,1.946,14.3
3896,cloud_only_mlp_covertype,,1776511972526.191,1776511972589.088,62.897,1769,1577,1.830,1.5
3897,cloud_only_mlp_covertype,,1776511972594.079,1776511972652.804,58.725,1769,1577,1.794,0.0
3898,cloud_only_mlp_covertype,,1776511972657.802,1776511972729.256,71.455,1769,1577,1.912,2.6
3899,cloud_only_mlp_covertype,,1776511972734.257,1776511972779.589,45.332,1769,1577,1.984,9.6
3900,cloud_only_mlp_covertype,,1776511972783.592,1776511972827.513,43.921,1769,1577,2.002,0.0
3901,cloud_only_mlp_covertype,,1776511972831.528,1776511972902.793,71.265,1769,1577,2.806,1.4
3902,cloud_only_mlp_covertype,,1776511972906.794,1776511972955.383,48.588,1769,1577,2.084,2.3
3903,cloud_only_mlp_covertype,,1776511972957.398,1776511973024.682,67.283,1769,1577,1.939,16.5
3904,cloud_only_mlp_covertype,,1776511973029.683,1776511973075.040,45.357,1769,1577,2.198,7.0
3905,cloud_only_mlp_covertype,,1776511973080.038,1776511973148.236,68.198,1769,1577,1.959,13.2
3906,cloud_only_mlp_covertype,,1776511973152.218,1776511973196.928,44.710,1769,1577,2.003,15.8
3907,cloud_only_mlp_covertype,,1776511973201.933,1776511973249.813,47.880,1769,1577,1.948,7.7
3908,cloud_only_mlp_covertype,,1776511973254.824,1776511973317.616,62.792,1769,1577,1.834,6.1
3909,cloud_only_mlp_covertype,,1776511973321.621,1776511973367.749,46.129,1769,1577,1.923,7.0
3910,cloud_only_mlp_covertype,,1776511973371.738,1776511973416.884,45.146,1769,1577,1.960,4.3
3911,cloud_only_mlp_covertype,,1776511973420.879,1776511973470.043,49.164,1769,1577,1.809,0.0
3912,cloud_only_mlp_covertype,,1776511973474.042,1776511973532.649,58.607,1769,1577,1.810,7.7
3913,cloud_only_mlp_covertype,,1776511973536.669,1776511973595.318,58.649,1769,1577,1.917,0.0
3914,cloud_only_mlp_covertype,,1776511973598.735,1776511973657.540,58.805,1769,1577,1.855,1.5
3915,cloud_only_mlp_covertype,,1776511973661.062,1776511973710.593,49.530,1769,1577,1.934,5.6
3916,cloud_only_mlp_covertype,,1776511973713.612,1776511973761.978,48.366,1769,1577,1.863,2.7
3917,cloud_only_mlp_covertype,,1776511973765.979,1776511973811.071,45.092,1769,1577,2.041,3.8
3918,cloud_only_mlp_covertype,,1776511973813.360,1776511973857.636,44.276,1769,1577,1.908,0.0
3919,cloud_only_mlp_covertype,,1776511973862.586,1776511973911.079,48.494,1769,1577,1.946,3.8
3920,cloud_only_mlp_covertype,,1776511973915.067,1776511973963.481,48.414,1769,1577,2.355,7.4
3921,cloud_only_mlp_covertype,,1776511973967.486,1776511974014.951,47.465,1769,1577,1.896,9.5
3922,cloud_only_mlp_covertype,,1776511974017.957,1776511974089.667,71.709,1769,1577,1.858,3.8
3923,cloud_only_mlp_covertype,,1776511974094.666,1776511974141.076,46.409,1769,1577,1.896,0.0
3924,cloud_only_mlp_covertype,,1776511974145.105,1776511974210.185,65.080,1769,1577,1.781,3.0
3925,cloud_only_mlp_covertype,,1776511974213.180,1776511974261.733,48.553,1769,1577,1.958,15.8
3926,cloud_only_mlp_covertype,,1776511974266.730,1776511974316.999,50.269,1769,1577,1.987,10.3
3927,cloud_only_mlp_covertype,,1776511974321.003,1776511974383.539,62.537,1769,1577,1.934,60.8
3928,cloud_only_mlp_covertype,,1776511974390.544,1776511974458.778,68.234,1769,1577,1.987,18.0
3929,cloud_only_mlp_covertype,,1776511974465.323,1776511974512.464,47.140,1769,1577,2.065,9.3
3930,cloud_only_mlp_covertype,,1776511974514.476,1776511974566.637,52.161,1769,1577,1.956,6.2
3931,cloud_only_mlp_covertype,,1776511974571.016,1776511974617.540,46.524,1769,1577,1.939,9.4
3932,cloud_only_mlp_covertype,,1776511974621.542,1776511974666.683,45.141,1769,1577,1.816,4.0
3933,cloud_only_mlp_covertype,,1776511974669.685,1776511974716.265,46.580,1769,1577,1.853,3.6
3934,cloud_only_mlp_covertype,,1776511974718.257,1776511974767.138,48.882,1769,1577,1.892,1.9
3935,cloud_only_mlp_covertype,,1776511974772.138,1776511974840.646,68.508,1769,1577,1.939,6.5
3936,cloud_only_mlp_covertype,,1776511974845.643,1776511974892.510,46.867,1769,1577,2.107,0.0
3937,cloud_only_mlp_covertype,,1776511974896.475,1776511974943.963,47.488,1769,1577,1.966,0.0
3938,cloud_only_mlp_covertype,,1776511974946.980,1776511974994.121,47.141,1769,1577,1.791,15.1
3939,cloud_only_mlp_covertype,,1776511974998.213,1776511975046.544,48.331,1769,1577,1.875,5.1
3940,cloud_only_mlp_covertype,,1776511975051.557,1776511975100.697,49.139,1769,1577,1.901,2.6
3941,cloud_only_mlp_covertype,,1776511975104.696,1776511975148.754,44.058,1769,1577,2.137,2.1
3942,cloud_only_mlp_covertype,,1776511975153.059,1776511975201.081,48.021,1769,1577,2.156,1.8
3943,cloud_only_mlp_covertype,,1776511975204.080,1776511975252.921,48.841,1769,1577,1.852,3.7
3944,cloud_only_mlp_covertype,,1776511975257.921,1776511975320.597,62.677,1769,1577,2.246,18.3
3945,cloud_only_mlp_covertype,,1776511975325.588,1776511975396.847,71.259,1769,1577,1.939,9.4
3946,cloud_only_mlp_covertype,,1776511975401.840,1776511975448.110,46.270,1769,1577,2.083,16.4
3947,cloud_only_mlp_covertype,,1776511975452.115,1776511975500.456,48.340,1769,1577,1.924,4.0
3948,cloud_only_mlp_covertype,,1776511975502.456,1776511975549.908,47.453,1769,1577,1.875,28.0
3949,cloud_only_mlp_covertype,,1776511975554.097,1776511975601.386,47.290,1769,1577,2.245,15.1
3950,cloud_only_mlp_covertype,,1776511975604.386,1776511975648.115,43.728,1769,1577,1.897,4.2
3951,cloud_only_mlp_covertype,,1776511975652.144,1776511975700.903,48.759,1769,1577,2.055,1.9
3952,cloud_only_mlp_covertype,,1776511975703.902,1776511975770.050,66.148,1769,1577,1.916,3.4
3953,cloud_only_mlp_covertype,,1776511975773.050,1776511975821.641,48.591,1769,1577,1.757,17.1
3954,cloud_only_mlp_covertype,,1776511975825.646,1776511975876.209,50.563,1769,1577,2.245,0.0
3955,cloud_only_mlp_covertype,,1776511975880.622,1776511975926.628,46.006,1769,1577,1.831,9.8
3956,cloud_only_mlp_covertype,,1776511975930.627,1776511975976.333,45.706,1769,1577,2.236,4.2
3957,cloud_only_mlp_covertype,,1776511975980.335,1776511976029.967,49.632,1769,1577,2.704,3.8
3958,cloud_only_mlp_covertype,,1776511976035.262,1776511976084.479,49.218,1769,1577,2.007,3.3
3959,cloud_only_mlp_covertype,,1776511976088.484,1776511976154.358,65.874,1769,1577,1.907,1.5
3960,cloud_only_mlp_covertype,,1776511976159.350,1776511976208.894,49.544,1769,1577,2.596,3.2
3961,cloud_only_mlp_covertype,,1776511976211.895,1776511976260.004,48.110,1769,1577,2.122,3.9
3962,cloud_only_mlp_covertype,,1776511976264.006,1776511976313.083,49.077,1769,1577,2.156,8.1
3963,cloud_only_mlp_covertype,,1776511976318.082,1776511976362.656,44.574,1769,1577,2.092,4.2
3964,cloud_only_mlp_covertype,,1776511976366.202,1776511976432.313,66.111,1769,1577,1.848,4.3
3965,cloud_only_mlp_covertype,,1776511976436.314,1776511976485.354,49.039,1769,1577,2.041,3.4
3966,cloud_only_mlp_covertype,,1776511976489.350,1776511976538.403,49.053,1769,1577,1.992,2.1
3967,cloud_only_mlp_covertype,,1776511976543.409,1776511976605.597,62.188,1769,1577,1.827,3.0
3968,cloud_only_mlp_covertype,,1776511976609.583,1776511976656.362,46.779,1769,1577,2.007,0.0
3969,cloud_only_mlp_covertype,,1776511976660.723,1776511976707.219,46.496,1769,1577,1.956,6.9
3970,cloud_only_mlp_covertype,,1776511976710.217,1776511976755.580,45.363,1769,1577,1.936,4.5
3971,cloud_only_mlp_covertype,,1776511976759.581,1776511976822.572,62.991,1769,1577,1.937,7.3
3972,cloud_only_mlp_covertype,,1776511976828.567,1776511976876.675,48.108,1769,1577,1.817,25.0
3973,cloud_only_mlp_covertype,,1776511976879.691,1776511976926.149,46.458,1769,1577,1.930,6.2
3974,cloud_only_mlp_covertype,,1776511976930.148,1776511976988.060,57.912,1769,1577,2.001,9.5
3975,cloud_only_mlp_covertype,,1776511976994.077,1776511977044.150,50.073,1769,1577,2.061,4.0
3976,cloud_only_mlp_covertype,,1776511977048.148,1776511977112.710,64.562,1769,1577,1.831,6.8
3977,cloud_only_mlp_covertype,,1776511977117.711,1776511977187.655,69.943,1769,1577,1.935,19.4
3978,cloud_only_mlp_covertype,,1776511977190.896,1776511977237.290,46.394,1769,1577,2.217,10.2
3979,cloud_only_mlp_covertype,,1776511977240.289,1776511977286.724,46.435,1769,1577,2.005,8.3
3980,cloud_only_mlp_covertype,,1776511977290.723,1776511977398.765,108.042,1769,1577,2.054,8.8
3981,cloud_only_mlp_covertype,,1776511977401.761,1776511977455.067,53.306,1769,1577,1.905,4.0
3982,cloud_only_mlp_covertype,,1776511977459.101,1776511977530.554,71.453,1769,1577,1.807,0.0
3983,cloud_only_mlp_covertype,,1776511977534.556,1776511977582.675,48.120,1769,1577,1.861,12.1
3984,cloud_only_mlp_covertype,,1776511977586.672,1776511977654.496,67.824,1769,1577,1.849,2.6
3985,cloud_only_mlp_covertype,,1776511977658.840,1776511977706.504,47.664,1769,1577,2.033,0.0
3986,cloud_only_mlp_covertype,,1776511977710.504,1776511977757.378,46.874,1769,1577,1.926,2.4
3987,cloud_only_mlp_covertype,,1776511977761.411,1776511977806.419,45.008,1769,1577,1.923,13.0
3988,cloud_only_mlp_covertype,,1776511977813.257,1776511977858.052,44.795,1769,1577,1.974,11.1
3989,cloud_only_mlp_covertype,,1776511977861.387,1776511977907.739,46.352,1769,1577,1.954,25.0
3990,cloud_only_mlp_covertype,,1776511977910.759,1776511977956.842,46.083,1769,1577,2.036,24.5
3991,cloud_only_mlp_covertype,,1776511977960.852,1776511978004.882,44.030,1769,1577,1.914,8.2
3992,cloud_only_mlp_covertype,,1776511978008.204,1776511978067.871,59.667,1769,1577,1.962,17.6
3993,cloud_only_mlp_covertype,,1776511978074.408,1776511978145.474,71.065,1769,1577,1.766,9.1
3994,cloud_only_mlp_covertype,,1776511978149.478,1776511978198.167,48.689,1769,1577,1.862,4.9
3995,cloud_only_mlp_covertype,,1776511978202.163,1776511978248.070,45.907,1769,1577,2.060,4.3
3996,cloud_only_mlp_covertype,,1776511978251.072,1776511978294.890,43.817,1769,1577,1.873,10.9
3997,cloud_only_mlp_covertype,,1776511978297.896,1776511978346.643,48.747,1769,1577,1.867,13.0
3998,cloud_only_mlp_covertype,,1776511978350.638,1776511978410.799,60.161,1769,1577,1.792,5.7
3999,cloud_only_mlp_covertype,,1776511978416.110,1776511978483.827,67.716,1769,1577,1.980,8.8
4000,cloud_only_mlp_covertype,,1776511978487.829,1776511978546.823,58.995,1769,1577,1.873,66.7
4001,cloud_only_mlp_covertype,,1776511978548.823,1776511978599.067,50.244,1769,1577,2.041,22.4
4002,cloud_only_mlp_covertype,,1776511978603.063,1776511978652.875,49.812,1769,1577,2.035,5.4
4003,cloud_only_mlp_covertype,,1776511978656.885,1776511978716.204,59.320,1769,1577,1.914,2.1
4004,cloud_only_mlp_covertype,,1776511978718.713,1776511978761.137,42.424,1769,1577,2.018,2.0
4005,cloud_only_mlp_covertype,,1776511978765.170,1776511978813.452,48.281,1769,1577,1.828,0.0
4006,cloud_only_mlp_covertype,,1776511978817.448,1776511978865.684,48.237,1769,1577,1.844,10.0
4007,cloud_only_mlp_covertype,,1776511978869.682,1776511978918.179,48.497,1769,1577,2.275,3.3
4008,cloud_only_mlp_covertype,,1776511978923.181,1776511978995.232,72.050,1769,1577,2.220,0.0
4009,cloud_only_mlp_covertype,,1776511979000.230,1776511979049.312,49.082,1769,1577,1.924,1.9
4010,cloud_only_mlp_covertype,,1776511979053.304,1776511979118.263,64.959,1769,1577,1.887,7.9
4011,cloud_only_mlp_covertype,,1776511979124.723,1776511979170.765,46.042,1769,1577,1.936,1.8
4012,cloud_only_mlp_covertype,,1776511979174.760,1776511979220.551,45.791,1769,1577,2.057,13.7
4013,cloud_only_mlp_covertype,,1776511979223.552,1776511979290.934,67.382,1769,1577,1.967,2.9
4014,cloud_only_mlp_covertype,,1776511979294.876,1776511979341.965,47.088,1769,1577,2.037,10.7
4015,cloud_only_mlp_covertype,,1776511979345.960,1776511979413.734,67.774,1769,1577,1.929,0.0
4016,cloud_only_mlp_covertype,,1776511979418.738,1776511979464.391,45.653,1769,1577,1.853,19.0
4017,cloud_only_mlp_covertype,,1776511979468.407,1776511979513.364,44.957,1769,1577,2.298,16.0
4018,cloud_only_mlp_covertype,,1776511979516.362,1776511979561.437,45.075,1769,1577,2.088,19.1
4019,cloud_only_mlp_covertype,,1776511979565.445,1776511979613.332,47.886,1769,1577,1.864,14.6
4020,cloud_only_mlp_covertype,,1776511979618.332,1776511979667.518,49.186,1769,1577,1.971,3.9
4021,cloud_only_mlp_covertype,,1776511979671.516,1776511979738.423,66.907,1769,1577,1.828,9.5
4022,cloud_only_mlp_covertype,,1776511979741.424,1776511979811.353,69.929,1769,1577,16.479,4.4
4023,cloud_only_mlp_covertype,,1776511979815.383,1776511979890.120,74.737,1769,1577,8.196,9.9
4024,cloud_only_mlp_covertype,,1776511979895.121,1776511979943.134,48.013,1769,1577,1.958,0.0
4025,cloud_only_mlp_covertype,,1776511979947.131,1776511979991.397,44.265,1769,1577,2.059,4.8
4026,cloud_only_mlp_covertype,,1776511979995.396,1776511980041.715,46.319,1769,1577,1.873,11.5
4027,cloud_only_mlp_covertype,,1776511980045.729,1776511980095.789,50.061,1769,1577,5.289,3.5
4028,cloud_only_mlp_covertype,,1776511980100.808,1776511980173.632,72.824,1769,1577,1.854,3.7
4029,cloud_only_mlp_covertype,,1776511980175.630,1776511980220.003,44.373,1769,1577,2.072,0.0
4030,cloud_only_mlp_covertype,,1776511980223.987,1776511980268.652,44.666,1769,1577,2.187,0.0
4031,cloud_only_mlp_covertype,,1776511980272.656,1776511980320.815,48.159,1769,1577,2.056,9.8
4032,cloud_only_mlp_covertype,,1776511980324.803,1776511980387.724,62.922,1769,1577,2.012,7.4
4033,cloud_only_mlp_covertype,,1776511980392.723,1776511980467.193,74.470,1769,1577,1.840,0.0
4034,cloud_only_mlp_covertype,,1776511980472.189,1776511980522.288,50.098,1769,1577,1.998,0.0
4035,cloud_only_mlp_covertype,,1776511980525.290,1776511980587.576,62.286,1769,1577,1.821,11.1
4036,cloud_only_mlp_covertype,,1776511980592.576,1776511980638.807,46.232,1769,1577,2.585,13.2
4037,cloud_only_mlp_covertype,,1776511980642.145,1776511980710.768,68.623,1769,1577,1.938,11.8
4038,cloud_only_mlp_covertype,,1776511980719.154,1776511980767.033,47.878,1769,1577,1.795,8.3
4039,cloud_only_mlp_covertype,,1776511980770.042,1776511980829.499,59.456,1769,1577,1.818,3.1
4040,cloud_only_mlp_covertype,,1776511980835.521,1776511980880.700,45.179,1769,1577,2.876,20.5
4041,cloud_only_mlp_covertype,,1776511980884.248,1776511980934.335,50.087,1769,1577,1.983,9.3
4042,cloud_only_mlp_covertype,,1776511980937.336,1776511981001.826,64.490,1769,1577,2.065,1.4
4043,cloud_only_mlp_covertype,,1776511981005.827,1776511981078.189,72.362,1769,1577,2.128,1.4
4044,cloud_only_mlp_covertype,,1776511981083.187,1776511981130.510,47.323,1769,1577,3.052,2.3
4045,cloud_only_mlp_covertype,,1776511981134.502,1776511981192.188,57.686,1769,1577,6.635,3.5
4046,cloud_only_mlp_covertype,,1776511981195.196,1776511981251.088,55.892,1769,1577,7.182,3.7
4047,cloud_only_mlp_covertype,,1776511981256.091,1776511981311.758,55.667,1769,1577,8.202,0.0
4048,cloud_only_mlp_covertype,,1776511981314.751,1776511981364.794,50.043,1769,1577,3.809,0.0
4049,cloud_only_mlp_covertype,,1776511981367.799,1776511981436.141,68.343,1769,1577,6.575,9.3
4050,cloud_only_mlp_covertype,,1776511981440.139,1776511981511.955,71.816,1769,1577,3.123,12.0
4051,cloud_only_mlp_covertype,,1776511981514.958,1776511981585.873,70.914,1769,1577,2.986,9.3
4052,cloud_only_mlp_covertype,,1776511981590.892,1776511981650.749,59.857,1769,1577,10.917,23.1
4053,cloud_only_mlp_covertype,,1776511981654.749,1776511981724.014,69.266,1769,1577,1.917,1.3
4054,cloud_only_mlp_covertype,,1776511981729.001,1776511981780.286,51.284,1769,1577,2.679,12.1
4055,cloud_only_mlp_covertype,,1776511981784.498,1776511981854.856,70.359,1769,1577,6.875,4.1
4056,cloud_only_mlp_covertype,,1776511981857.872,1776511981923.378,65.506,1769,1577,15.118,31.6
4057,cloud_only_mlp_covertype,,1776511981928.648,1776511981990.014,61.367,1769,1577,8.649,5.4
4058,cloud_only_mlp_covertype,,1776511981994.009,1776511982067.612,73.603,1769,1577,3.823,5.2
4059,cloud_only_mlp_covertype,,1776511982071.633,1776511982123.219,51.586,1769,1577,4.308,9.8
4060,cloud_only_mlp_covertype,,1776511982125.205,1776511982174.159,48.954,1769,1577,2.417,1.8
4061,cloud_only_mlp_covertype,,1776511982178.158,1776511982223.970,45.811,1769,1577,2.227,3.0
4062,cloud_only_mlp_covertype,,1776511982226.964,1776511982271.804,44.840,1769,1577,2.077,9.8
4063,cloud_only_mlp_covertype,,1776511982275.820,1776511982324.204,48.384,1769,1577,2.119,3.9
4064,cloud_only_mlp_covertype,,1776511982328.225,1776511982378.159,49.934,1769,1577,2.338,3.5
4065,cloud_only_mlp_covertype,,1776511982382.158,1776511982432.423,50.265,1769,1577,2.876,7.8
4066,cloud_only_mlp_covertype,,1776511982437.425,1776511982498.163,60.738,1769,1577,1.904,5.6
4067,cloud_only_mlp_covertype,,1776511982503.156,1776511982571.541,68.384,1769,1577,2.066,4.1
4068,cloud_only_mlp_covertype,,1776511982576.554,1776511982623.957,47.403,1769,1577,1.847,0.0
4069,cloud_only_mlp_covertype,,1776511982627.959,1776511982676.146,48.188,1769,1577,2.162,6.1
4070,cloud_only_mlp_covertype,,1776511982681.165,1776511982741.267,60.103,1769,1577,1.919,87.5
4071,cloud_only_mlp_covertype,,1776511982742.287,1776511982803.125,60.838,1769,1577,1.995,1.1
4072,cloud_only_mlp_covertype,,1776511982807.125,1776511982852.574,45.448,1769,1577,2.027,17.3
4073,cloud_only_mlp_covertype,,1776511982856.583,1776511982905.698,49.115,1769,1577,2.854,10.4
4074,cloud_only_mlp_covertype,,1776511982909.684,1776511982961.732,52.048,1769,1577,2.170,6.7
4075,cloud_only_mlp_covertype,,1776511982965.728,1776511983013.575,47.847,1769,1577,2.099,1.1
4076,cloud_only_mlp_covertype,,1776511983015.576,1776511983061.832,46.256,1769,1577,2.164,0.0
4077,cloud_only_mlp_covertype,,1776511983065.818,1776511983156.893,91.074,1769,1577,1.882,4.9
4078,cloud_only_mlp_covertype,,1776511983160.965,1776511983208.438,47.474,1769,1577,1.816,5.2
4079,cloud_only_mlp_covertype,,1776511983211.439,1776511983255.285,43.846,1769,1577,2.108,7.2
4080,cloud_only_mlp_covertype,,1776511983258.303,1776511983302.831,44.528,1769,1577,2.074,12.2
4081,cloud_only_mlp_covertype,,1776511983305.842,1776511983353.058,47.216,1769,1577,3.094,9.6
4082,cloud_only_mlp_covertype,,1776511983356.052,1776511983403.812,47.760,1769,1577,3.605,12.5
4083,cloud_only_mlp_covertype,,1776511983407.815,1776511983457.185,49.370,1769,1577,2.434,7.3
4084,cloud_only_mlp_covertype,,1776511983460.188,1776511983508.877,48.688,1769,1577,2.148,5.5
4085,cloud_only_mlp_covertype,,1776511983512.882,1776511983575.139,62.257,1769,1577,2.454,1.5
4086,cloud_only_mlp_covertype,,1776511983578.156,1776511983636.963,58.807,1769,1577,2.246,1.6
4087,cloud_only_mlp_covertype,,1776511983641.959,1776511983692.183,50.224,1769,1577,2.110,6.9
4088,cloud_only_mlp_covertype,,1776511983695.735,1776511983764.422,68.687,1769,1577,2.005,1.3
4089,cloud_only_mlp_covertype,,1776511983768.422,1776511983814.325,45.902,1769,1577,1.863,0.0
4090,cloud_only_mlp_covertype,,1776511983818.759,1776511983863.844,45.086,1769,1577,2.185,100.0
4091,cloud_only_mlp_covertype,,1776511983868.857,1776511983916.509,47.652,1769,1577,1.913,7.2
4092,cloud_only_mlp_covertype,,1776511983920.509,1776511983970.505,49.996,1769,1577,2.086,0.0
4093,cloud_only_mlp_covertype,,1776511983974.509,1776511984020.813,46.304,1769,1577,2.041,0.8
4094,cloud_only_mlp_covertype,,1776511984023.721,1776511984069.841,46.120,1769,1577,2.214,6.4
4095,cloud_only_mlp_covertype,,1776511984073.842,1776511984124.636,50.794,1769,1577,2.031,5.8
4096,cloud_only_mlp_covertype,,1776511984127.635,1776511984176.083,48.448,1769,1577,2.021,20.8
4097,cloud_only_mlp_covertype,,1776511984179.099,1776511984226.008,46.909,1769,1577,1.846,17.7
4098,cloud_only_mlp_covertype,,1776511984230.380,1776511984280.575,50.196,1769,1577,2.064,8.8
4099,cloud_only_mlp_covertype,,1776511984284.582,1776511984344.851,60.269,1769,1577,1.842,5.5
4100,cloud_only_mlp_covertype,,1776511984349.872,1776511984401.278,51.406,1769,1577,1.790,15.9
4101,cloud_only_mlp_covertype,,1776511984405.275,1776511984454.412,49.137,1769,1577,2.051,5.8
4102,cloud_only_mlp_covertype,,1776511984457.411,1776511984506.949,49.538,1769,1577,1.860,0.0
4103,cloud_only_mlp_covertype,,1776511984509.954,1776511984556.861,46.907,1769,1577,2.103,5.9
4104,cloud_only_mlp_covertype,,1776511984559.861,1776511984606.351,46.489,1769,1577,2.046,0.0
4105,cloud_only_mlp_covertype,,1776511984611.344,1776511984661.999,50.655,1769,1577,1.938,0.0
4106,cloud_only_mlp_covertype,,1776511984665.997,1776511984731.969,65.973,1769,1577,2.044,5.3
4107,cloud_only_mlp_covertype,,1776511984737.966,1776511984806.797,68.831,1769,1577,2.002,0.0
4108,cloud_only_mlp_covertype,,1776511984810.821,1776511984856.711,45.891,1769,1577,1.899,0.0
4109,cloud_only_mlp_covertype,,1776511984860.701,1776511984933.723,73.022,1769,1577,2.043,2.4
4110,cloud_only_mlp_covertype,,1776511984939.925,1776511984988.468,48.542,1769,1577,2.386,9.8
4111,cloud_only_mlp_covertype,,1776511984992.484,1776511985053.920,61.436,1769,1577,2.043,25.0
4112,cloud_only_mlp_covertype,,1776511985055.930,1776511985101.166,45.236,1769,1577,2.089,24.4
4113,cloud_only_mlp_covertype,,1776511985104.153,1776511985151.813,47.660,1769,1577,1.961,22.2
4114,cloud_only_mlp_covertype,,1776511985155.810,1776511985205.277,49.467,1769,1577,1.997,7.0
4115,cloud_only_mlp_covertype,,1776511985210.279,1776511985271.912,61.634,1769,1577,1.910,6.1
4116,cloud_only_mlp_covertype,,1776511985275.916,1776511985323.971,48.054,1769,1577,2.114,7.2
4117,cloud_only_mlp_covertype,,1776511985328.971,1776511985372.703,43.732,1769,1577,1.993,7.7
4118,cloud_only_mlp_covertype,,1776511985375.719,1776511985422.097,46.379,1769,1577,2.130,4.3
4119,cloud_only_mlp_covertype,,1776511985426.098,1776511985475.736,49.638,1769,1577,1.926,3.6
4120,cloud_only_mlp_covertype,,1776511985478.739,1776511985548.430,69.691,1769,1577,1.950,6.2
4121,cloud_only_mlp_covertype,,1776511985553.427,1776511985598.041,44.614,1769,1577,2.026,1.9
4122,cloud_only_mlp_covertype,,1776511985602.562,1776511985670.537,67.976,1769,1577,2.013,7.5
4123,cloud_only_mlp_covertype,,1776511985675.554,1776511985724.306,48.752,1769,1577,2.402,4.3
4124,cloud_only_mlp_covertype,,1776511985726.319,1776511985774.545,48.227,1769,1577,2.200,9.6
4125,cloud_only_mlp_covertype,,1776511985777.534,1776511985839.119,61.585,1769,1577,2.064,3.4
4126,cloud_only_mlp_covertype,,1776511985843.138,1776511985888.608,45.470,1769,1577,1.991,2.0
4127,cloud_only_mlp_covertype,,1776511985893.608,1776511985940.394,46.785,1769,1577,2.095,14.0
4128,cloud_only_mlp_covertype,,1776511985943.391,1776511985993.281,49.890,1769,1577,2.052,8.1
4129,cloud_only_mlp_covertype,,1776511985997.295,1776511986046.222,48.927,1769,1577,1.973,1.9
4130,cloud_only_mlp_covertype,,1776511986051.215,1776511986098.769,47.554,1769,1577,2.059,0.0
4131,cloud_only_mlp_covertype,,1776511986102.314,1776511986165.988,63.674,1769,1577,1.904,9.5
4132,cloud_only_mlp_covertype,,1776511986169.988,1776511986215.638,45.650,1769,1577,2.014,5.3
4133,cloud_only_mlp_covertype,,1776511986220.740,1776511986268.950,48.210,1769,1577,1.947,1.8
4134,cloud_only_mlp_covertype,,1776511986271.949,1776511986320.989,49.040,1769,1577,1.803,5.2
4135,cloud_only_mlp_covertype,,1776511986325.992,1776511986371.578,45.587,1769,1577,2.360,14.8
4136,cloud_only_mlp_covertype,,1776511986374.574,1776511986418.215,43.642,1769,1577,1.998,8.7
4137,cloud_only_mlp_covertype,,1776511986422.228,1776511986489.229,67.001,1769,1577,1.797,11.1
4138,cloud_only_mlp_covertype,,1776511986493.261,1776511986543.211,49.950,1769,1577,1.914,3.4
4139,cloud_only_mlp_covertype,,1776511986547.202,1776511986613.667,66.466,1769,1577,1.873,4.4
4140,cloud_only_mlp_covertype,,1776511986617.666,1776511986664.913,47.247,1769,1577,1.924,13.2
4141,cloud_only_mlp_covertype,,1776511986667.900,1776511986715.843,47.943,1769,1577,1.939,11.5
4142,cloud_only_mlp_covertype,,1776511986718.841,1776511986768.119,49.278,1769,1577,2.061,0.0
4143,cloud_only_mlp_covertype,,1776511986773.210,1776511986819.068,45.857,1769,1577,1.810,9.4
4144,cloud_only_mlp_covertype,,1776511986823.069,1776511986868.824,45.755,1769,1577,2.071,7.7
4145,cloud_only_mlp_covertype,,1776511986872.834,1776511986919.520,46.686,1769,1577,1.994,0.0
4146,cloud_only_mlp_covertype,,1776511986923.520,1776511986980.574,57.054,1769,1577,3.368,100.0
4147,cloud_only_mlp_covertype,,1776511986983.575,1776511987032.002,48.427,1769,1577,2.065,2.4
4148,cloud_only_mlp_covertype,,1776511987037.001,1776511987086.586,49.585,1769,1577,2.105,2.3
4149,cloud_only_mlp_covertype,,1776511987090.583,1776511987149.997,59.414,1769,1577,1.898,1.4
4150,cloud_only_mlp_covertype,,1776511987153.779,1776511987198.985,45.206,1769,1577,2.072,11.1
4151,cloud_only_mlp_covertype,,1776511987203.987,1776511987252.914,48.927,1769,1577,2.040,10.2
4152,cloud_only_mlp_covertype,,1776511987257.914,1776511987320.596,62.682,1769,1577,2.104,12.9
4153,cloud_only_mlp_covertype,,1776511987325.821,1776511987376.376,50.555,1769,1577,2.162,17.2
4154,cloud_only_mlp_covertype,,1776511987379.365,1776511987424.140,44.774,1769,1577,1.936,12.5
4155,cloud_only_mlp_covertype,,1776511987425.150,1776511987472.960,47.810,1769,1577,2.043,17.1
4156,cloud_only_mlp_covertype,,1776511987477.120,1776511987550.579,73.458,1769,1577,1.954,9.5
4157,cloud_only_mlp_covertype,,1776511987554.570,1776511987600.861,46.292,1769,1577,2.063,3.9
4158,cloud_only_mlp_covertype,,1776511987604.845,1776511987649.673,44.827,1769,1577,2.015,3.4
4159,cloud_only_mlp_covertype,,1776511987654.674,1776511987702.185,47.511,1769,1577,1.827,4.2
4160,cloud_only_mlp_covertype,,1776511987706.181,1776511987755.382,49.201,1769,1577,2.080,5.3
4161,cloud_only_mlp_covertype,,1776511987759.399,1776511987806.668,47.269,1769,1577,1.930,12.7
4162,cloud_only_mlp_covertype,,1776511987811.212,1776511987859.352,48.140,1769,1577,2.156,3.8
4163,cloud_only_mlp_covertype,,1776511987863.341,1776511987914.590,51.249,1769,1577,1.804,6.3
4164,cloud_only_mlp_covertype,,1776511987918.589,1776511987963.394,44.805,1769,1577,2.077,16.0
4165,cloud_only_mlp_covertype,,1776511987967.394,1776511988014.718,47.324,1769,1577,1.997,3.1
4166,cloud_only_mlp_covertype,,1776511988017.735,1776511988065.928,48.193,1769,1577,1.814,0.0
4167,cloud_only_mlp_covertype,,1776511988068.934,1776511988116.905,47.972,1769,1577,2.048,10.9
4168,cloud_only_mlp_covertype,,1776511988121.909,1776511988167.886,45.977,1769,1577,1.957,0.0
4169,cloud_only_mlp_covertype,,1776511988171.886,1776511988222.525,50.639,1769,1577,1.821,1.7
4170,cloud_only_mlp_covertype,,1776511988225.525,1776511988273.764,48.239,1769,1577,1.881,8.3
4171,cloud_only_mlp_covertype,,1776511988277.768,1776511988324.620,46.852,1769,1577,1.784,6.8
4172,cloud_only_mlp_covertype,,1776511988326.621,1776511988372.531,45.909,1769,1577,2.809,4.6
4173,cloud_only_mlp_covertype,,1776511988375.513,1776511988424.034,48.521,1769,1577,2.180,0.0
4174,cloud_only_mlp_covertype,,1776511988426.916,1776511988476.011,49.095,1769,1577,2.012,15.0
4175,cloud_only_mlp_covertype,,1776511988481.021,1776511988542.138,61.118,1769,1577,1.897,1.5
4176,cloud_only_mlp_covertype,,1776511988546.127,1776511988592.809,46.681,1769,1577,2.194,0.0
4177,cloud_only_mlp_covertype,,1776511988596.807,1776511988665.019,68.212,1769,1577,1.832,3.4
4178,cloud_only_mlp_covertype,,1776511988669.020,1776511988714.113,45.093,1769,1577,2.012,3.8
4179,cloud_only_mlp_covertype,,1776511988717.123,1776511988766.615,49.492,1769,1577,1.903,5.4
4180,cloud_only_mlp_covertype,,1776511988770.603,1776511988818.108,47.506,1769,1577,1.894,6.2
4181,cloud_only_mlp_covertype,,1776511988822.109,1776511988910.662,88.552,1769,1577,2.229,7.2
4182,cloud_only_mlp_covertype,,1776511988917.041,1776511988973.488,56.447,1769,1577,1.859,11.1
4183,cloud_only_mlp_covertype,,1776511988977.484,1776511989027.700,50.216,1769,1577,1.909,11.4
4184,cloud_only_mlp_covertype,,1776511989031.697,1776511989079.622,47.925,1769,1577,2.029,1.9
4185,cloud_only_mlp_covertype,,1776511989083.611,1776511989129.563,45.951,1769,1577,1.878,0.0
4186,cloud_only_mlp_covertype,,1776511989134.564,1776511989193.166,58.602,1769,1577,2.054,6.2
4187,cloud_only_mlp_covertype,,1776511989196.381,1776511989245.364,48.983,1769,1577,2.050,19.4
4188,cloud_only_mlp_covertype,,1776511989248.362,1776511989295.249,46.887,1769,1577,2.012,0.0
4189,cloud_only_mlp_covertype,,1776511989299.270,1776511989342.896,43.627,1769,1577,2.056,8.2
4190,cloud_only_mlp_covertype,,1776511989347.898,1776511989393.624,45.726,1769,1577,2.105,1.6
4191,cloud_only_mlp_covertype,,1776511989395.645,1776511989457.567,61.921,1769,1577,1.838,8.5
4192,cloud_only_mlp_covertype,,1776511989462.584,1776511989513.764,51.180,1769,1577,2.211,17.0
4193,cloud_only_mlp_covertype,,1776511989516.269,1776511989566.545,50.276,1769,1577,2.228,7.7
4194,cloud_only_mlp_covertype,,1776511989571.543,1776511989619.421,47.878,1769,1577,2.035,4.2
4195,cloud_only_mlp_covertype,,1776511989623.412,1776511989668.305,44.893,1769,1577,2.057,4.3
4196,cloud_only_mlp_covertype,,1776511989672.309,1776511989734.629,62.320,1769,1577,1.897,1.6
4197,cloud_only_mlp_covertype,,1776511989738.629,1776511989788.725,50.096,1769,1577,1.953,5.7
4198,cloud_only_mlp_covertype,,1776511989792.854,1776511989839.963,47.109,1769,1577,1.966,1.9
4199,cloud_only_mlp_covertype,,1776511989842.953,1776511989902.089,59.136,1769,1577,1.821,3.3
4200,cloud_only_mlp_covertype,,1776511989906.966,1776511989953.346,46.381,1769,1577,1.919,3.8
4201,cloud_only_mlp_covertype,,1776511989957.343,1776511990025.733,68.390,1769,1577,1.850,3.6
4202,cloud_only_mlp_covertype,,1776511990031.622,1776511990079.993,48.371,1769,1577,2.073,9.3
4203,cloud_only_mlp_covertype,,1776511990083.003,1776511990129.101,46.098,1769,1577,2.052,2.3
4204,cloud_only_mlp_covertype,,1776511990133.092,1776511990178.801,45.709,1769,1577,1.942,5.5
4205,cloud_only_mlp_covertype,,1776511990182.805,1776511990232.700,49.895,1769,1577,1.999,6.5
4206,cloud_only_mlp_covertype,,1776511990235.716,1776511990284.793,49.077,1769,1577,2.029,8.5
4207,cloud_only_mlp_covertype,,1776511990288.795,1776511990334.611,45.816,1769,1577,1.909,9.1
4208,cloud_only_mlp_covertype,,1776511990339.003,1776511990387.000,47.997,1769,1577,1.932,17.5
4209,cloud_only_mlp_covertype,,1776511990391.013,1776511990434.818,43.805,1769,1577,2.064,10.3
4210,cloud_only_mlp_covertype,,1776511990439.829,1776511990487.073,47.244,1769,1577,2.167,18.2
4211,cloud_only_mlp_covertype,,1776511990491.063,1776511990538.152,47.089,1769,1577,1.977,5.8
4212,cloud_only_mlp_covertype,,1776511990543.149,1776511990593.474,50.325,1769,1577,1.957,5.9
4213,cloud_only_mlp_covertype,,1776511990598.474,1776511990645.083,46.609,1769,1577,1.826,2.3
4214,cloud_only_mlp_covertype,,1776511990649.235,1776511990695.468,46.234,1769,1577,1.838,7.4
4215,cloud_only_mlp_covertype,,1776511990698.463,1776511990747.463,49.000,1769,1577,2.174,13.0
4216,cloud_only_mlp_covertype,,1776511990749.409,1776511990813.897,64.487,1769,1577,1.818,5.1
4217,cloud_only_mlp_covertype,,1776511990818.909,1776511990866.084,47.175,1769,1577,1.892,7.1
4218,cloud_only_mlp_covertype,,1776511990870.103,1776511990913.460,43.357,1769,1577,1.897,8.5
4219,cloud_only_mlp_covertype,,1776511990916.477,1776511990963.182,46.706,1769,1577,1.972,11.3
4220,cloud_only_mlp_covertype,,1776511990967.187,1776511991015.224,48.038,1769,1577,2.142,12.7
4221,cloud_only_mlp_covertype,,1776511991018.239,1776511991065.310,47.072,1769,1577,1.979,0.0
4222,cloud_only_mlp_covertype,,1776511991069.416,1776511991115.339,45.923,1769,1577,2.070,1.8
4223,cloud_only_mlp_covertype,,1776511991120.351,1776511991168.634,48.283,1769,1577,2.075,4.7
4224,cloud_only_mlp_covertype,,1776511991173.720,1776511991245.280,71.560,1769,1577,1.863,0.0
4225,cloud_only_mlp_covertype,,1776511991251.275,1776511991300.414,49.139,1769,1577,2.146,1.9
4226,cloud_only_mlp_covertype,,1776511991304.385,1776511991357.927,53.541,1769,1577,1.999,28.1
4227,cloud_only_mlp_covertype,,1776511991365.927,1776511991428.415,62.488,1769,1577,1.955,29.2
4228,cloud_only_mlp_covertype,,1776511991430.913,1776511991476.016,45.102,1769,1577,2.241,6.8
4229,cloud_only_mlp_covertype,,1776511991480.010,1776511991529.599,49.589,1769,1577,1.964,17.9
4230,cloud_only_mlp_covertype,,1776511991532.458,1776511991584.073,51.615,1769,1577,2.007,4.3
4231,cloud_only_mlp_covertype,,1776511991588.129,1776511991635.602,47.472,1769,1577,2.097,12.7
4232,cloud_only_mlp_covertype,,1776511991639.592,1776511991687.188,47.596,1769,1577,1.920,6.8
4233,cloud_only_mlp_covertype,,1776511991691.188,1776511991739.333,48.145,1769,1577,2.076,20.5
4234,cloud_only_mlp_covertype,,1776511991744.567,1776511991805.388,60.821,1769,1577,1.829,17.3
4235,cloud_only_mlp_covertype,,1776511991808.395,1776511991855.295,46.900,1769,1577,1.858,3.9
4236,cloud_only_mlp_covertype,,1776511991859.297,1776511991928.542,69.244,1769,1577,1.965,6.6
4237,cloud_only_mlp_covertype,,1776511991932.473,1776511991981.914,49.441,1769,1577,1.931,7.3
4238,cloud_only_mlp_covertype,,1776511991985.919,1776511992035.045,49.125,1769,1577,1.920,16.9
4239,cloud_only_mlp_covertype,,1776511992038.040,1776511992088.141,50.101,1769,1577,2.329,16.9
4240,cloud_only_mlp_covertype,,1776511992094.139,1776511992141.486,47.347,1769,1577,2.081,2.2
4241,cloud_only_mlp_covertype,,1776511992145.487,1776511992190.224,44.737,1769,1577,1.968,5.3
4242,cloud_only_mlp_covertype,,1776511992195.224,1776511992243.592,48.368,1769,1577,1.930,18.6
4243,cloud_only_mlp_covertype,,1776511992247.596,1776511992296.219,48.624,1769,1577,2.154,8.3
4244,cloud_only_mlp_covertype,,1776511992300.216,1776511992363.280,63.064,1769,1577,1.997,4.8
4245,cloud_only_mlp_covertype,,1776511992366.454,1776511992411.898,45.444,1769,1577,2.090,0.0
4246,cloud_only_mlp_covertype,,1776511992416.914,1776511992460.844,43.930,1769,1577,1.912,10.3
4247,cloud_only_mlp_covertype,,1776511992464.878,1776511992512.158,47.280,1769,1577,2.078,7.0
4248,cloud_only_mlp_covertype,,1776511992515.151,1776511992563.017,47.865,1769,1577,1.890,4.1
4249,cloud_only_mlp_covertype,,1776511992568.007,1776511992613.637,45.631,1769,1577,1.878,4.2
4250,cloud_only_mlp_covertype,,1776511992617.646,1776511992662.474,44.828,1769,1577,2.003,8.5
4251,cloud_only_mlp_covertype,,1776511992665.498,1776511992713.729,48.231,1769,1577,1.849,6.2
4252,cloud_only_mlp_covertype,,1776511992717.714,1776511992765.333,47.619,1769,1577,1.912,0.0
4253,cloud_only_mlp_covertype,,1776511992770.337,1776511992837.116,66.780,1769,1577,1.886,7.0
4254,cloud_only_mlp_covertype,,1776511992840.107,1776511992886.085,45.978,1769,1577,1.911,2.3
4255,cloud_only_mlp_covertype,,1776511992890.086,1776511992949.675,59.588,1769,1577,1.889,1.4
4256,cloud_only_mlp_covertype,,1776511992954.930,1776511993004.654,49.724,1769,1577,2.004,3.8
4257,cloud_only_mlp_covertype,,1776511993007.641,1776511993072.870,65.229,1769,1577,1.854,13.2
4258,cloud_only_mlp_covertype,,1776511993077.864,1776511993127.237,49.374,1769,1577,1.953,8.9
4259,cloud_only_mlp_covertype,,1776511993131.259,1776511993174.999,43.740,1769,1577,1.924,31.9
4260,cloud_only_mlp_covertype,,1776511993178.997,1776511993225.204,46.207,1769,1577,1.781,13.6
4261,cloud_only_mlp_covertype,,1776511993229.234,1776511993277.257,48.023,1769,1577,1.985,24.5
4262,cloud_only_mlp_covertype,,1776511993282.179,1776511993331.331,49.152,1769,1577,1.906,12.8
4263,cloud_only_mlp_covertype,,1776511993335.321,1776511993379.899,44.577,1769,1577,2.072,6.8
4264,cloud_only_mlp_covertype,,1776511993384.904,1776511993442.134,57.231,1769,1577,1.807,12.2
4265,cloud_only_mlp_covertype,,1776511993447.164,1776511993499.248,52.084,1769,1577,2.283,16.4
4266,cloud_only_mlp_covertype,,1776511993502.243,1776511993551.007,48.763,1769,1577,1.913,28.6
4267,cloud_only_mlp_covertype,,1776511993555.020,1776511993600.646,45.627,1769,1577,2.052,8.7
4268,cloud_only_mlp_covertype,,1776511993605.653,1776511993676.385,70.733,1769,1577,2.293,5.3
4269,cloud_only_mlp_covertype,,1776511993680.392,1776511993728.822,48.430,1769,1577,1.972,8.5
4270,cloud_only_mlp_covertype,,1776511993732.808,1776511993779.811,47.003,1769,1577,2.077,7.0
4271,cloud_only_mlp_covertype,,1776511993784.922,1776511993845.495,60.573,1769,1577,2.037,11.9
4272,cloud_only_mlp_covertype,,1776511993848.562,1776511993894.797,46.236,1769,1577,1.898,2.7
4273,cloud_only_mlp_covertype,,1776511993898.796,1776511993943.025,44.229,1769,1577,2.024,8.8
4274,cloud_only_mlp_covertype,,1776511993947.035,1776511994015.682,68.647,1769,1577,2.093,7.1
4275,cloud_only_mlp_covertype,,1776511994018.685,1776511994068.323,49.638,1769,1577,2.102,13.0
4276,cloud_only_mlp_covertype,,1776511994072.324,1776511994121.201,48.876,1769,1577,2.007,1.8
4277,cloud_only_mlp_covertype,,1776511994126.133,1776511994173.252,47.119,1769,1577,2.171,0.0
4278,cloud_only_mlp_covertype,,1776511994177.253,1776511994246.311,69.058,1769,1577,2.270,1.5
4279,cloud_only_mlp_covertype,,1776511994250.844,1776511994299.720,48.877,1769,1577,2.115,10.9
4280,cloud_only_mlp_covertype,,1776511994304.739,1776511994353.887,49.148,1769,1577,2.415,13.5
4281,cloud_only_mlp_covertype,,1776511994356.886,1776511994406.205,49.319,1769,1577,1.942,3.8
4282,cloud_only_mlp_covertype,,1776511994409.212,1776511994455.481,46.269,1769,1577,2.048,0.0
4283,cloud_only_mlp_covertype,,1776511994457.477,1776511994506.850,49.373,1769,1577,1.854,0.0
4284,cloud_only_mlp_covertype,,1776511994509.867,1776511994558.786,48.918,1769,1577,1.829,14.3
4285,cloud_only_mlp_covertype,,1776511994563.786,1776511994608.803,45.017,1769,1577,2.078,4.2
4286,cloud_only_mlp_covertype,,1776511994612.808,1776511994724.150,111.342,1769,1577,2.043,2.9
4287,cloud_only_mlp_covertype,,1776511994728.153,1776511994791.687,63.534,1769,1577,5.254,12.3
4288,cloud_only_mlp_covertype,,1776511994796.687,1776511994844.937,48.250,1769,1577,1.933,14.1
4289,cloud_only_mlp_covertype,,1776511994849.430,1776511994896.680,47.250,1769,1577,1.841,12.8
4290,cloud_only_mlp_covertype,,1776511994900.675,1776511994947.986,47.311,1769,1577,2.011,16.3
4291,cloud_only_mlp_covertype,,1776511994952.988,1776511994998.104,45.116,1769,1577,1.807,4.2
4292,cloud_only_mlp_covertype,,1776511995000.962,1776511995045.279,44.317,1769,1577,2.297,12.3
4293,cloud_only_mlp_covertype,,1776511995048.267,1776511995097.722,49.454,1769,1577,2.174,8.7
4294,cloud_only_mlp_covertype,,1776511995101.712,1776511995150.471,48.759,1769,1577,1.827,7.3
4295,cloud_only_mlp_covertype,,1776511995153.982,1776511995199.895,45.913,1769,1577,2.114,0.0
4296,cloud_only_mlp_covertype,,1776511995203.900,1776511995262.813,58.913,1769,1577,1.810,1.7
4297,cloud_only_mlp_covertype,,1776511995265.737,1776511995313.208,47.471,1769,1577,2.355,5.6
4298,cloud_only_mlp_covertype,,1776511995318.202,1776511995366.195,47.993,1769,1577,1.911,11.1
4299,cloud_only_mlp_covertype,,1776511995368.196,1776511995416.321,48.125,1769,1577,2.156,4.1
4300,cloud_only_mlp_covertype,,1776511995420.319,1776511995479.754,59.435,1769,1577,2.251,2.2
4301,cloud_only_mlp_covertype,,1776511995483.775,1776511995530.855,47.080,1769,1577,2.174,3.9
4302,cloud_only_mlp_covertype,,1776511995536.846,1776511995604.458,67.612,1769,1577,2.144,6.0
4303,cloud_only_mlp_covertype,,1776511995609.452,1776511995659.392,49.939,1769,1577,3.298,4.1
4304,cloud_only_mlp_covertype,,1776511995663.394,1776511995712.958,49.564,1769,1577,2.341,1.7
4305,cloud_only_mlp_covertype,,1776511995717.957,1776511995788.740,70.784,1769,1577,2.588,17.4
4306,cloud_only_mlp_covertype,,1776511995790.738,1776511995850.127,59.388,1769,1577,2.183,16.1
4307,cloud_only_mlp_covertype,,1776511995853.128,1776511995900.120,46.992,1769,1577,2.142,10.4
4308,cloud_only_mlp_covertype,,1776511995905.120,1776511995977.179,72.059,1769,1577,1.838,0.0
4309,cloud_only_mlp_covertype,,1776511995981.198,1776511996027.984,46.786,1769,1577,2.038,18.5
4310,cloud_only_mlp_covertype,,1776511996030.983,1776511996099.726,68.742,1769,1577,1.970,16.9
4311,cloud_only_mlp_covertype,,1776511996103.731,1776511996154.203,50.472,1769,1577,2.123,10.2
4312,cloud_only_mlp_covertype,,1776511996158.425,1776511996208.055,49.630,1769,1577,2.882,11.3
4313,cloud_only_mlp_covertype,,1776511996213.052,1776511996258.412,45.361,1769,1577,2.120,10.2
4314,cloud_only_mlp_covertype,,1776511996263.408,1776511996329.849,66.441,1769,1577,1.863,13.8
4315,cloud_only_mlp_covertype,,1776511996334.871,1776511996380.381,45.510,1769,1577,2.074,0.0
4316,cloud_only_mlp_covertype,,1776511996384.398,1776511996453.201,68.802,1769,1577,1.832,8.3
4317,cloud_only_mlp_covertype,,1776511996458.726,1776511996507.215,48.488,1769,1577,2.015,1.8
4318,cloud_only_mlp_covertype,,1776511996511.302,1776511996558.735,47.434,1769,1577,2.163,2.1
4319,cloud_only_mlp_covertype,,1776511996562.772,1776511996609.268,46.495,1769,1577,2.039,4.5
4320,cloud_only_mlp_covertype,,1776511996614.271,1776511996661.750,47.479,1769,1577,1.935,1.9
4321,cloud_only_mlp_covertype,,1776511996666.744,1776511996714.399,47.656,1769,1577,1.911,8.5
4322,cloud_only_mlp_covertype,,1776511996718.405,1776511996767.530,49.125,1769,1577,1.976,1.8
4323,cloud_only_mlp_covertype,,1776511996772.527,1776511996840.944,68.417,1769,1577,1.791,2.8
4324,cloud_only_mlp_covertype,,1776511996844.079,1776511996903.354,59.274,1769,1577,1.922,2.3
4325,cloud_only_mlp_covertype,,1776511996907.350,1776511996955.804,48.454,1769,1577,1.973,0.0
4326,cloud_only_mlp_covertype,,1776511996959.276,1776511997007.879,48.604,1769,1577,2.256,5.1
4327,cloud_only_mlp_covertype,,1776511997010.858,1776511997075.946,65.088,1769,1577,2.171,5.3
4328,cloud_only_mlp_covertype,,1776511997080.015,1776511997126.895,46.881,1769,1577,1.829,2.0
4329,cloud_only_mlp_covertype,,1776511997129.888,1776511997179.268,49.380,1769,1577,2.020,0.0
4330,cloud_only_mlp_covertype,,1776511997183.274,1776511997231.105,47.831,1769,1577,2.084,4.4
4331,cloud_only_mlp_covertype,,1776511997235.389,1776511997306.920,71.531,1769,1577,2.082,0.0
4332,cloud_only_mlp_covertype,,1776511997314.387,1776511997359.349,44.962,1769,1577,2.072,6.0
4333,cloud_only_mlp_covertype,,1776511997362.373,1776511997411.998,49.625,1769,1577,2.041,0.0
4334,cloud_only_mlp_covertype,,1776511997416.003,1776511997465.553,49.549,1769,1577,1.975,1.6
4335,cloud_only_mlp_covertype,,1776511997469.545,1776511997515.989,46.444,1769,1577,1.982,8.7
4336,cloud_only_mlp_covertype,,1776511997519.990,1776511997563.801,43.812,1769,1577,2.106,10.2
4337,cloud_only_mlp_covertype,,1776511997567.806,1776511997616.933,49.127,1769,1577,1.857,22.7
4338,cloud_only_mlp_covertype,,1776511997622.106,1776511997670.172,48.066,1769,1577,1.800,25.9
4339,cloud_only_mlp_covertype,,1776511997673.175,1776511997740.711,67.537,1769,1577,2.111,5.0
4340,cloud_only_mlp_covertype,,1776511997744.712,1776511997804.111,59.399,1769,1577,1.956,19.7
4341,cloud_only_mlp_covertype,,1776511997809.522,1776511997881.842,72.320,1769,1577,1.819,22.1
4342,cloud_only_mlp_covertype,,1776511997883.854,1776511997927.313,43.459,1769,1577,1.916,16.7
4343,cloud_only_mlp_covertype,,1776511997932.399,1776511997978.156,45.757,1769,1577,2.044,14.3
4344,cloud_only_mlp_covertype,,1776511997981.198,1776511998028.792,47.594,1769,1577,2.082,3.4
4345,cloud_only_mlp_covertype,,1776511998031.789,1776511998080.355,48.566,1769,1577,2.043,13.0
4346,cloud_only_mlp_covertype,,1776511998085.344,1776511998131.353,46.010,1769,1577,2.090,18.2
4347,cloud_only_mlp_covertype,,1776511998133.344,1776511998182.481,49.137,1769,1577,2.034,10.3
4348,cloud_only_mlp_covertype,,1776511998184.484,1776511998232.792,48.308,1769,1577,2.022,5.9
4349,cloud_only_mlp_covertype,,1776511998235.792,1776511998286.744,50.953,1769,1577,3.221,4.2
4350,cloud_only_mlp_covertype,,1776511998290.745,1776511998354.483,63.738,1769,1577,1.979,12.7
4351,cloud_only_mlp_covertype,,1776511998359.883,1776511998420.001,60.118,1769,1577,2.502,6.3
4352,cloud_only_mlp_covertype,,1776511998423.002,1776511998483.777,60.775,1769,1577,2.212,0.0
4353,cloud_only_mlp_covertype,,1776511998488.777,1776511998537.497,48.719,1769,1577,2.196,0.0
4354,cloud_only_mlp_covertype,,1776511998540.512,1776511998601.379,60.867,1769,1577,1.875,6.9
4355,cloud_only_mlp_covertype,,1776511998605.384,1776511998663.164,57.780,1769,1577,2.315,11.8
4356,cloud_only_mlp_covertype,,1776511998667.703,1776511998717.238,49.535,1769,1577,1.939,13.3
4357,cloud_only_mlp_covertype,,1776511998722.226,1776511998772.025,49.799,1769,1577,1.942,2.3
4358,cloud_only_mlp_covertype,,1776511998776.031,1776511998822.048,46.017,1769,1577,1.922,6.9
4359,cloud_only_mlp_covertype,,1776511998826.051,1776511998870.643,44.592,1769,1577,2.176,13.5
4360,cloud_only_mlp_covertype,,1776511998872.662,1776511998940.312,67.650,1769,1577,1.962,4.8
4361,cloud_only_mlp_covertype,,1776511998946.313,1776511999017.454,71.141,1769,1577,1.898,8.8
4362,cloud_only_mlp_covertype,,1776511999020.453,1776511999079.190,58.736,1769,1577,1.838,4.0
4363,cloud_only_mlp_covertype,,1776511999081.190,1776511999127.091,45.902,1769,1577,1.920,8.3
4364,cloud_only_mlp_covertype,,1776511999132.091,1776511999179.906,47.815,1769,1577,2.045,6.0
4365,cloud_only_mlp_covertype,,1776511999182.929,1776511999229.385,46.456,1769,1577,2.042,1.7
4366,cloud_only_mlp_covertype,,1776511999233.702,1776511999280.255,46.553,1769,1577,2.133,0.0
4367,cloud_only_mlp_covertype,,1776511999285.326,1776511999354.868,69.542,1769,1577,2.048,0.0
4368,cloud_only_mlp_covertype,,1776511999359.848,1776511999415.757,55.908,1769,1577,2.156,5.4
4369,cloud_only_mlp_covertype,,1776511999419.786,1776511999478.382,58.596,1769,1577,1.813,6.2
4370,cloud_only_mlp_covertype,,1776511999482.686,1776511999542.896,60.209,1769,1577,1.993,1.6
4371,cloud_only_mlp_covertype,,1776511999546.852,1776511999618.654,71.802,1769,1577,1.957,6.5
4372,cloud_only_mlp_covertype,,1776511999623.652,1776511999678.072,54.420,1769,1577,1.802,14.0
4373,cloud_only_mlp_covertype,,1776511999683.073,1776511999741.428,58.355,1769,1577,1.824,12.9
4374,cloud_only_mlp_covertype,,1776511999746.432,1776511999794.838,48.406,1769,1577,1.988,11.1
4375,cloud_only_mlp_covertype,,1776511999798.839,1776511999847.067,48.228,1769,1577,1.925,21.2
4376,cloud_only_mlp_covertype,,1776511999850.075,1776511999895.048,44.972,1769,1577,1.938,16.7
4377,cloud_only_mlp_covertype,,1776511999899.052,1776511999960.578,61.526,1769,1577,4.697,32.6
4378,cloud_only_mlp_covertype,,1776511999961.585,1776512000009.548,47.963,1769,1577,2.103,9.1
4379,cloud_only_mlp_covertype,,1776512000012.551,1776512000061.915,49.364,1769,1577,1.952,5.3
4380,cloud_only_mlp_covertype,,1776512000064.916,1776512000125.925,61.009,1769,1577,1.906,3.3
4381,cloud_only_mlp_covertype,,1776512000129.929,1776512000175.814,45.885,1769,1577,2.157,5.5
4382,cloud_only_mlp_covertype,,1776512000180.805,1776512000228.086,47.281,1769,1577,2.061,8.9
4383,cloud_only_mlp_covertype,,1776512000232.086,1776512000281.468,49.382,1769,1577,1.957,0.0
4384,cloud_only_mlp_covertype,,1776512000286.467,1776512000455.991,169.524,1769,1577,124.453,3.4
4385,cloud_only_mlp_covertype,,1776512000458.016,1776512000504.749,46.733,1769,1577,1.796,0.0
4386,cloud_only_mlp_covertype,,1776512000507.773,1776512000553.866,46.093,1769,1577,2.717,4.3
4387,cloud_only_mlp_covertype,,1776512000557.892,1776512000618.735,60.843,1769,1577,1.843,3.2
4388,cloud_only_mlp_covertype,,1776512000623.739,1776512000673.007,49.268,1769,1577,1.816,3.7
4389,cloud_only_mlp_covertype,,1776512000676.993,1776512000725.386,48.392,1769,1577,1.955,5.7
4390,cloud_only_mlp_covertype,,1776512000730.374,1776512000775.020,44.646,1769,1577,1.813,7.7
4391,cloud_only_mlp_covertype,,1776512000779.019,1776512000834.395,55.375,1769,1577,1.918,6.8
4392,cloud_only_mlp_covertype,,1776512000838.415,1776512000887.820,49.405,1769,1577,2.009,26.4
4393,cloud_only_mlp_covertype,,1776512000890.818,1776512000940.005,49.187,1769,1577,2.167,20.0
4394,cloud_only_mlp_covertype,,1776512000944.006,1776512000990.495,46.489,1769,1577,1.867,10.6
4395,cloud_only_mlp_covertype,,1776512000995.493,1776512001041.809,46.316,1769,1577,2.103,7.2
4396,cloud_only_mlp_covertype,,1776512001046.810,1776512001113.906,67.096,1769,1577,1.967,8.1
4397,cloud_only_mlp_covertype,,1776512001117.922,1776512001191.270,73.348,1769,1577,2.413,11.5
4398,cloud_only_mlp_covertype,,1776512001194.272,1776512001239.643,45.371,1769,1577,1.890,7.4
4399,cloud_only_mlp_covertype,,1776512001243.649,1776512001287.531,43.882,1769,1577,2.147,8.9
4400,cloud_only_mlp_covertype,,1776512001289.532,1776512001335.739,46.207,1769,1577,2.009,7.3
4401,cloud_only_mlp_covertype,,1776512001339.755,1776512001405.962,66.208,1769,1577,1.794,1.4
4402,cloud_only_mlp_covertype,,1776512001410.952,1776512001460.729,49.777,1769,1577,2.056,5.8
4403,cloud_only_mlp_covertype,,1776512001463.752,1776512001512.812,49.061,1769,1577,2.105,1.7
4404,cloud_only_mlp_covertype,,1776512001520.035,1776512001566.804,46.769,1769,1577,1.999,4.4
4405,cloud_only_mlp_covertype,,1776512001570.818,1776512001638.242,67.424,1769,1577,2.032,5.3
4406,cloud_only_mlp_covertype,,1776512001643.482,1776512001719.956,76.474,1769,1577,2.806,1.8
4407,cloud_only_mlp_covertype,,1776512001724.405,1776512001770.404,45.999,1769,1577,2.126,8.9
4408,cloud_only_mlp_covertype,,1776512001774.406,1776512001819.206,44.800,1769,1577,2.053,6.8
4409,cloud_only_mlp_covertype,,1776512001823.198,1776512001871.301,48.103,1769,1577,1.966,6.6
4410,cloud_only_mlp_covertype,,1776512001875.300,1776512001924.112,48.812,1769,1577,2.027,11.5
4411,cloud_only_mlp_covertype,,1776512001927.113,1776512001972.297,45.184,1769,1577,1.945,7.7
4412,cloud_only_mlp_covertype,,1776512001975.319,1776512002021.314,45.995,1769,1577,1.938,14.3
4413,cloud_only_mlp_covertype,,1776512002025.727,1776512002073.948,48.222,1769,1577,1.930,16.4
4414,cloud_only_mlp_covertype,,1776512002076.950,1776512002124.412,47.462,1769,1577,1.928,8.3
4415,cloud_only_mlp_covertype,,1776512002128.395,1776512002177.030,48.635,1769,1577,2.096,4.7
4416,cloud_only_mlp_covertype,,1776512002181.024,1776512002231.049,50.025,1769,1577,2.060,16.7
4417,cloud_only_mlp_covertype,,1776512002235.217,1776512002281.031,45.814,1769,1577,2.017,1.9
4418,cloud_only_mlp_covertype,,1776512002284.575,1776512002329.651,45.076,1769,1577,1.827,8.9
4419,cloud_only_mlp_covertype,,1776512002334.679,1776512002385.216,50.537,1769,1577,1.951,9.7
4420,cloud_only_mlp_covertype,,1776512002389.214,1776512002438.291,49.077,1769,1577,2.540,10.9
4421,cloud_only_mlp_covertype,,1776512002442.288,1776512002505.309,63.021,1769,1577,1.875,0.0
4422,cloud_only_mlp_covertype,,1776512002510.302,1776512002567.176,56.874,1769,1577,1.785,8.8
4423,cloud_only_mlp_covertype,,1776512002570.180,1776512002618.949,48.769,1769,1577,1.889,17.4
4424,cloud_only_mlp_covertype,,1776512002621.942,1776512002669.649,47.707,1769,1577,1.802,14.6
4425,cloud_only_mlp_covertype,,1776512002673.640,1776512002719.787,46.147,1769,1577,2.050,5.2
4426,cloud_only_mlp_covertype,,1776512002722.773,1776512002768.841,46.067,1769,1577,2.007,12.1
4427,cloud_only_mlp_covertype,,1776512002772.852,1776512002821.552,48.699,1769,1577,1.927,6.0
4428,cloud_only_mlp_covertype,,1776512002825.685,1776512002872.857,47.172,1769,1577,1.864,27.5
4429,cloud_only_mlp_covertype,,1776512002874.857,1776512002918.252,43.395,1769,1577,2.491,14.9
4430,cloud_only_mlp_covertype,,1776512002920.238,1776512002965.265,45.027,1769,1577,1.879,13.2
4431,cloud_only_mlp_covertype,,1776512002966.265,1776512003008.885,42.620,1769,1577,1.951,6.5
4432,cloud_only_mlp_covertype,,1776512003011.880,1776512003055.887,44.008,1769,1577,2.156,5.3
4433,cloud_only_mlp_covertype,,1776512003059.898,1776512003106.637,46.739,1769,1577,1.821,4.0
4434,cloud_only_mlp_covertype,,1776512003109.309,1776512003155.133,45.824,1769,1577,1.972,6.5
4435,cloud_only_mlp_covertype,,1776512003158.122,1776512003203.266,45.144,1769,1577,2.264,6.8
4436,cloud_only_mlp_covertype,,1776512003208.429,1776512003253.110,44.681,1769,1577,2.074,0.0
4437,cloud_only_mlp_covertype,,1776512003257.183,1776512003305.567,48.384,1769,1577,1.832,4.0
4438,cloud_only_mlp_covertype,,1776512003309.587,1776512003362.506,52.919,1769,1577,2.052,2.7
4439,cloud_only_mlp_covertype,,1776512003366.507,1776512003410.355,43.848,1769,1577,1.968,0.0
4440,cloud_only_mlp_covertype,,1776512003415.360,1776512003459.920,44.561,1769,1577,1.987,8.3
4441,cloud_only_mlp_covertype,,1776512003462.927,1776512003512.173,49.246,1769,1577,1.917,4.3
4442,cloud_only_mlp_covertype,,1776512003517.627,1776512003566.326,48.698,1769,1577,1.883,5.4
4443,cloud_only_mlp_covertype,,1776512003569.325,1776512003617.337,48.012,1769,1577,1.991,6.8
4444,cloud_only_mlp_covertype,,1776512003620.336,1776512003665.839,45.503,1769,1577,1.920,5.8
4445,cloud_only_mlp_covertype,,1776512003669.353,1776512003733.976,64.622,1769,1577,1.825,1.1
4446,cloud_only_mlp_covertype,,1776512003737.968,1776512003787.832,49.864,1769,1577,2.004,8.6
4447,cloud_only_mlp_covertype,,1776512003791.835,1776512003840.551,48.715,1769,1577,2.088,5.5
4448,cloud_only_mlp_covertype,,1776512003845.557,1776512003916.793,71.236,1769,1577,2.064,3.3
4449,cloud_only_mlp_covertype,,1776512003921.788,1776512003966.348,44.560,1769,1577,2.004,4.9
4450,cloud_only_mlp_covertype,,1776512003969.368,1776512004016.080,46.712,1769,1577,2.084,1.5
4451,cloud_only_mlp_covertype,,1776512004020.087,1776512004068.832,48.745,1769,1577,2.058,15.9
4452,cloud_only_mlp_covertype,,1776512004073.851,1776512004132.415,58.564,1769,1577,2.099,46.9
4453,cloud_only_mlp_covertype,,1776512004135.406,1776512004181.252,45.845,1769,1577,2.102,11.9
4454,cloud_only_mlp_covertype,,1776512004185.806,1776512004243.232,57.426,1769,1577,1.854,3.6
4455,cloud_only_mlp_covertype,,1776512004245.245,1776512004293.643,48.398,1769,1577,1.986,4.5
4456,cloud_only_mlp_covertype,,1776512004294.683,1776512004343.089,48.406,1769,1577,1.835,2.6
4457,cloud_only_mlp_covertype,,1776512004347.085,1776512004412.994,65.909,1769,1577,2.349,10.0
4458,cloud_only_mlp_covertype,,1776512004418.139,1776512004461.769,43.630,1769,1577,1.879,23.7
4459,cloud_only_mlp_covertype,,1776512004466.767,1776512004515.725,48.958,1769,1577,1.966,2.0
4460,cloud_only_mlp_covertype,,1776512004519.740,1776512004567.499,47.760,1769,1577,2.040,0.0
4461,cloud_only_mlp_covertype,,1776512004573.846,1776512004620.193,46.347,1769,1577,2.016,10.0
4462,cloud_only_mlp_covertype,,1776512004625.202,1776512004689.970,64.768,1769,1577,1.799,17.0
4463,cloud_only_mlp_covertype,,1776512004692.964,1776512004738.547,45.583,1769,1577,2.071,3.8
4464,cloud_only_mlp_covertype,,1776512004744.951,1776512004790.195,45.244,1769,1577,1.860,4.8
4465,cloud_only_mlp_covertype,,1776512004794.193,1776512004843.848,49.656,1769,1577,2.024,4.3
4466,cloud_only_mlp_covertype,,1776512004846.848,1776512004896.052,49.204,1769,1577,1.966,0.0
4467,cloud_only_mlp_covertype,,1776512004901.045,1776512004945.662,44.617,1769,1577,1.898,16.3
4468,cloud_only_mlp_covertype,,1776512004950.661,1776512004996.010,45.350,1769,1577,2.032,0.0
4469,cloud_only_mlp_covertype,,1776512005001.010,1776512005049.376,48.367,1769,1577,1.869,4.8
4470,cloud_only_mlp_covertype,,1776512005053.874,1776512005101.979,48.105,1769,1577,1.954,7.9
4471,cloud_only_mlp_covertype,,1776512005106.986,1776512005152.394,45.408,1769,1577,2.136,0.0
4472,cloud_only_mlp_covertype,,1776512005156.408,1776512005207.065,50.657,1769,1577,2.042,7.0
4473,cloud_only_mlp_covertype,,1776512005211.063,1776512005260.404,49.341,1769,1577,1.818,6.8
4474,cloud_only_mlp_covertype,,1776512005265.423,1776512005313.626,48.203,1769,1577,1.938,0.0
4475,cloud_only_mlp_covertype,,1776512005317.627,1776512005361.298,43.670,1769,1577,1.988,0.0
4476,cloud_only_mlp_covertype,,1776512005365.299,1776512005430.149,64.850,1769,1577,1.816,9.3
4477,cloud_only_mlp_covertype,,1776512005436.147,1776512005485.090,48.943,1769,1577,1.863,18.4
4478,cloud_only_mlp_covertype,,1776512005488.592,1776512005554.968,66.375,1769,1577,2.821,7.5
4479,cloud_only_mlp_covertype,,1776512005555.968,1776512005602.355,46.387,1769,1577,1.889,22.5
4480,cloud_only_mlp_covertype,,1776512005606.339,1776512005654.132,47.793,1769,1577,1.899,0.0
4481,cloud_only_mlp_covertype,,1776512005659.270,1776512005704.705,45.435,1769,1577,2.139,7.2
4482,cloud_only_mlp_covertype,,1776512005708.712,1776512005752.073,43.361,1769,1577,2.148,10.9
4483,cloud_only_mlp_covertype,,1776512005756.074,1776512005804.068,47.994,1769,1577,1.996,3.0
4484,cloud_only_mlp_covertype,,1776512005807.072,1776512005854.349,47.277,1769,1577,2.155,11.4
4485,cloud_only_mlp_covertype,,1776512005857.357,1776512005902.717,45.360,1769,1577,2.072,0.0
4486,cloud_only_mlp_covertype,,1776512005905.738,1776512005950.438,44.701,1769,1577,2.174,4.3
4487,cloud_only_mlp_covertype,,1776512005954.433,1776512006005.401,50.969,1769,1577,2.086,5.3
4488,cloud_only_mlp_covertype,,1776512006008.406,1776512006057.186,48.780,1769,1577,2.005,5.4
4489,cloud_only_mlp_covertype,,1776512006061.187,1776512006109.065,47.879,1769,1577,2.083,2.2
4490,cloud_only_mlp_covertype,,1776512006113.062,1776512006223.138,110.077,1769,1577,3.114,5.0
4491,cloud_only_mlp_covertype,,1776512006227.037,1776512006279.350,52.313,1769,1577,2.311,4.6
4492,cloud_only_mlp_covertype,,1776512006283.367,1776512006332.023,48.655,1769,1577,2.463,5.4
4493,cloud_only_mlp_covertype,,1776512006336.041,1776512006403.713,67.672,1769,1577,1.997,3.1
4494,cloud_only_mlp_covertype,,1776512006407.774,1776512006455.847,48.073,1769,1577,1.890,0.0
4495,cloud_only_mlp_covertype,,1776512006459.837,1776512006529.523,69.686,1769,1577,1.877,9.8
4496,cloud_only_mlp_covertype,,1776512006533.665,1776512006579.873,46.208,1769,1577,2.052,0.0
4497,cloud_only_mlp_covertype,,1776512006583.884,1776512006631.034,47.149,1769,1577,2.086,0.0
4498,cloud_only_mlp_covertype,,1776512006635.033,1776512006699.014,63.981,1769,1577,1.786,6.1
4499,cloud_only_mlp_covertype,,1776512006701.998,1776512006748.535,46.537,1769,1577,2.104,1.2
4500,cloud_only_mlp_covertype,,1776512006753.533,1776512006800.215,46.682,1769,1577,1.979,6.5
4501,cloud_only_mlp_covertype,,1776512006804.211,1776512006853.574,49.363,1769,1577,1.961,7.6
4502,cloud_only_mlp_covertype,,1776512006857.571,1776512006905.843,48.272,1769,1577,1.970,7.3
4503,cloud_only_mlp_covertype,,1776512006909.852,1776512006975.775,65.923,1769,1577,2.032,8.5
4504,cloud_only_mlp_covertype,,1776512006982.292,1776512007027.759,45.466,1769,1577,2.028,13.4
4505,cloud_only_mlp_covertype,,1776512007031.757,1776512007080.094,48.337,1769,1577,2.129,9.8
4506,cloud_only_mlp_covertype,,1776512007084.123,1776512007148.097,63.974,1769,1577,2.007,7.8
4507,cloud_only_mlp_covertype,,1776512007154.094,1776512007223.145,69.051,1769,1577,2.057,9.9
4508,cloud_only_mlp_covertype,,1776512007228.162,1776512007284.201,56.039,1769,1577,1.800,30.9
4509,cloud_only_mlp_covertype,,1776512007286.188,1776512007331.863,45.675,1769,1577,1.967,4.3
4510,cloud_only_mlp_covertype,,1776512007336.767,1776512007386.719,49.951,1769,1577,1.975,2.2
4511,cloud_only_mlp_covertype,,1776512007391.758,1776512007437.711,45.954,1769,1577,1.947,6.0
4512,cloud_only_mlp_covertype,,1776512007442.750,1776512007491.928,49.178,1769,1577,2.021,12.7
4513,cloud_only_mlp_covertype,,1776512007496.361,1776512007542.802,46.441,1769,1577,1.968,6.7
4514,cloud_only_mlp_covertype,,1776512007547.802,1776512007609.843,62.041,1769,1577,1.863,0.0
4515,cloud_only_mlp_covertype,,1776512007614.866,1776512007686.233,71.367,1769,1577,2.324,16.4
4516,cloud_only_mlp_covertype,,1776512007690.196,1776512007748.065,57.869,1769,1577,1.984,11.5
4517,cloud_only_mlp_covertype,,1776512007752.544,1776512007799.644,47.100,1769,1577,2.198,0.0
4518,cloud_only_mlp_covertype,,1776512007804.644,1776512007850.185,45.540,1769,1577,1.938,3.6
4519,cloud_only_mlp_covertype,,1776512007852.187,1776512007900.826,48.639,1769,1577,1.947,2.2
4520,cloud_only_mlp_covertype,,1776512007905.830,1776512007955.248,49.418,1769,1577,1.951,2.0
4521,cloud_only_mlp_covertype,,1776512007958.251,1776512008003.698,45.448,1769,1577,2.121,10.0
4522,cloud_only_mlp_covertype,,1776512008008.700,1776512008052.594,43.894,1769,1577,1.952,15.8
4523,cloud_only_mlp_covertype,,1776512008056.614,1776512008106.754,50.140,1769,1577,2.099,8.3
4524,cloud_only_mlp_covertype,,1776512008110.408,1776512008160.737,50.329,1769,1577,2.111,9.3
4525,cloud_only_mlp_covertype,,1776512008164.739,1776512008208.014,43.275,1769,1577,2.007,22.2
4526,cloud_only_mlp_covertype,,1776512008211.006,1776512008261.548,50.542,1769,1577,1.855,36.7
4527,cloud_only_mlp_covertype,,1776512008267.550,1776512008314.050,46.500,1769,1577,1.922,56.1
4528,cloud_only_mlp_covertype,,1776512008316.061,1776512008360.646,44.584,1769,1577,2.064,10.2
4529,cloud_only_mlp_covertype,,1776512008363.644,1776512008412.604,48.961,1769,1577,2.074,9.1
4530,cloud_only_mlp_covertype,,1776512008416.632,1776512008467.065,50.433,1769,1577,1.832,5.6
4531,cloud_only_mlp_covertype,,1776512008471.073,1776512008516.364,45.291,1769,1577,2.113,18.2
4532,cloud_only_mlp_covertype,,1776512008521.369,1776512008567.610,46.241,1769,1577,1.963,7.5
4533,cloud_only_mlp_covertype,,1776512008570.605,1776512008618.465,47.860,1769,1577,1.968,2.3
4534,cloud_only_mlp_covertype,,1776512008620.450,1776512008689.885,69.435,1769,1577,1.854,5.4
4535,cloud_only_mlp_covertype,,1776512008694.904,1776512008764.114,69.210,1769,1577,1.824,9.8
4536,cloud_only_mlp_covertype,,1776512008769.523,1776512008817.745,48.222,1769,1577,1.988,2.4
4537,cloud_only_mlp_covertype,,1776512008820.744,1776512008869.270,48.526,1769,1577,1.911,6.4
4538,cloud_only_mlp_covertype,,1776512008872.278,1776512008937.698,65.420,1769,1577,1.836,6.5
4539,cloud_only_mlp_covertype,,1776512008943.685,1776512008999.332,55.647,1769,1577,1.833,3.6
4540,cloud_only_mlp_covertype,,1776512009004.331,1776512009049.651,45.320,1769,1577,1.902,5.7
4541,cloud_only_mlp_covertype,,1776512009053.649,1776512009100.162,46.513,1769,1577,1.829,4.1
4542,cloud_only_mlp_covertype,,1776512009104.181,1776512009152.156,47.976,1769,1577,2.244,6.2
4543,cloud_only_mlp_covertype,,1776512009157.236,1776512009206.571,49.335,1769,1577,2.135,3.8
4544,cloud_only_mlp_covertype,,1776512009210.664,1776512009278.586,67.922,1769,1577,2.182,6.2
4545,cloud_only_mlp_covertype,,1776512009283.584,1776512009329.278,45.693,1769,1577,2.231,0.0
4546,cloud_only_mlp_covertype,,1776512009333.277,1776512009378.459,45.182,1769,1577,1.983,8.3
4547,cloud_only_mlp_covertype,,1776512009381.460,1776512009429.708,48.248,1769,1577,1.971,0.0
4548,cloud_only_mlp_covertype,,1776512009433.760,1776512009483.030,49.270,1769,1577,1.929,6.5
4549,cloud_only_mlp_covertype,,1776512009488.022,1776512009533.667,45.645,1769,1577,2.093,8.9
4550,cloud_only_mlp_covertype,,1776512009537.674,1776512009583.218,45.544,1769,1577,1.995,4.2
4551,cloud_only_mlp_covertype,,1776512009588.220,1776512009637.877,49.657,1769,1577,2.132,21.3
4552,cloud_only_mlp_covertype,,1776512009640.875,1776512009688.700,47.825,1769,1577,1.830,0.0
4553,cloud_only_mlp_covertype,,1776512009693.741,1776512009739.369,45.628,1769,1577,2.304,9.5
4554,cloud_only_mlp_covertype,,1776512009743.364,1776512009790.396,47.032,1769,1577,1.877,7.8
4555,cloud_only_mlp_covertype,,1776512009793.400,1776512009841.694,48.293,1769,1577,1.896,9.7
4556,cloud_only_mlp_covertype,,1776512009844.679,1776512009910.211,65.532,1769,1577,1.984,3.5
4557,cloud_only_mlp_covertype,,1776512009914.574,1776512009986.859,72.285,1769,1577,1.833,4.2
4558,cloud_only_mlp_covertype,,1776512009990.879,1776512010036.394,45.514,1769,1577,1.992,13.0
4559,cloud_only_mlp_covertype,,1776512010040.390,1776512010084.495,44.104,1769,1577,2.103,9.3
4560,cloud_only_mlp_covertype,,1776512010089.496,1776512010158.073,68.577,1769,1577,1.907,4.8
4561,cloud_only_mlp_covertype,,1776512010162.070,1776512010211.048,48.977,1769,1577,2.043,1.8
4562,cloud_only_mlp_covertype,,1776512010214.070,1776512010262.721,48.651,1769,1577,1.861,9.8
4563,cloud_only_mlp_covertype,,1776512010266.257,1776512010313.059,46.803,1769,1577,2.011,6.0
4564,cloud_only_mlp_covertype,,1776512010318.061,1776512010362.915,44.854,1769,1577,1.873,7.7
4565,cloud_only_mlp_covertype,,1776512010368.912,1776512010416.923,48.011,1769,1577,2.176,4.2
4566,cloud_only_mlp_covertype,,1776512010420.930,1776512010483.278,62.348,1769,1577,2.111,0.0
4567,cloud_only_mlp_covertype,,1776512010489.283,1776512010559.774,70.490,1769,1577,1.999,9.2
4568,cloud_only_mlp_covertype,,1776512010563.783,1776512010610.433,46.650,1769,1577,2.085,0.0
4569,cloud_only_mlp_covertype,,1776512010614.452,1776512010660.240,45.787,1769,1577,1.894,4.2
4570,cloud_only_mlp_covertype,,1776512010664.228,1776512010712.768,48.541,1769,1577,2.182,5.9
4571,cloud_only_mlp_covertype,,1776512010716.782,1776512010775.345,58.562,1769,1577,2.209,6.8
4572,cloud_only_mlp_covertype,,1776512010778.344,1776512010836.888,58.545,1769,1577,1.892,5.6
4573,cloud_only_mlp_covertype,,1776512010841.906,1776512010900.074,58.168,1769,1577,2.447,4.3
4574,cloud_only_mlp_covertype,,1776512010906.070,1776512010976.015,69.944,1769,1577,2.200,11.9
4575,cloud_only_mlp_covertype,,1776512010982.034,1776512011029.386,47.352,1769,1577,1.955,14.5
4576,cloud_only_mlp_covertype,,1776512011033.388,1776512011081.373,47.986,1769,1577,1.975,8.3
4577,cloud_only_mlp_covertype,,1776512011086.376,1776512011130.971,44.596,1769,1577,1.988,12.5
4578,cloud_only_mlp_covertype,,1776512011134.964,1776512011182.307,47.343,1769,1577,2.019,6.1
4579,cloud_only_mlp_covertype,,1776512011186.309,1776512011236.736,50.427,1769,1577,2.735,5.6
4580,cloud_only_mlp_covertype,,1776512011241.730,1776512011289.942,48.212,1769,1577,2.465,16.9
4581,cloud_only_mlp_covertype,,1776512011294.943,1776512011357.631,62.688,1769,1577,2.320,0.0
4582,cloud_only_mlp_covertype,,1776512011363.629,1776512011408.769,45.141,1769,1577,1.872,6.5
4583,cloud_only_mlp_covertype,,1776512011411.781,1776512011460.739,48.958,1769,1577,2.827,0.0
4584,cloud_only_mlp_covertype,,1776512011464.746,1776512011527.688,62.942,1769,1577,2.047,2.5
4585,cloud_only_mlp_covertype,,1776512011530.695,1776512011576.878,46.183,1769,1577,2.134,4.1
4586,cloud_only_mlp_covertype,,1776512011581.871,1776512011627.408,45.537,1769,1577,1.929,1.8
4587,cloud_only_mlp_covertype,,1776512011631.397,1776512011681.938,50.541,1769,1577,2.023,3.5
4588,cloud_only_mlp_covertype,,1776512011686.938,1776512011733.803,46.865,1769,1577,1.967,0.0
4589,cloud_only_mlp_covertype,,1776512011737.803,1776512011783.057,45.254,1769,1577,2.061,2.2
4590,cloud_only_mlp_covertype,,1776512011786.060,1776512011831.142,45.082,1769,1577,2.080,5.7
4591,cloud_only_mlp_covertype,,1776512011835.128,1776512011878.103,42.975,1769,1577,1.846,18.2
4592,cloud_only_mlp_covertype,,1776512011881.103,1776512012004.387,123.284,1769,1577,2.053,11.3
4593,cloud_only_mlp_covertype,,1776512012007.155,1776512012068.020,60.864,1769,1577,2.074,30.6
4594,cloud_only_mlp_covertype,,1776512012074.113,1776512012146.025,71.912,1769,1577,1.826,5.1
4595,cloud_only_mlp_covertype,,1776512012151.044,1776512012209.172,58.128,1769,1577,2.080,12.9
4596,cloud_only_mlp_covertype,,1776512012214.194,1776512012264.162,49.969,1769,1577,1.951,11.5
4597,cloud_only_mlp_covertype,,1776512012268.193,1776512012330.806,62.613,1769,1577,1.985,13.8
4598,cloud_only_mlp_covertype,,1776512012335.790,1776512012408.799,73.008,1769,1577,1.879,31.2
4599,cloud_only_mlp_covertype,,1776512012410.799,1776512012467.795,56.996,1769,1577,2.012,20.0
4600,cloud_only_mlp_covertype,,1776512012469.778,1776512012516.664,46.886,1769,1577,2.055,0.0
4601,cloud_only_mlp_covertype,,1776512012521.678,1776512012592.431,70.753,1769,1577,1.872,8.2
4602,cloud_only_mlp_covertype,,1776512012597.429,1776512012655.255,57.826,1769,1577,2.270,0.0
4603,cloud_only_mlp_covertype,,1776512012660.248,1776512012706.149,45.901,1769,1577,2.033,1.9
4604,cloud_only_mlp_covertype,,1776512012711.146,1776512012779.039,67.893,1769,1577,1.870,1.4
4605,cloud_only_mlp_covertype,,1776512012784.033,1776512012831.477,47.444,1769,1577,2.126,12.5
4606,cloud_only_mlp_covertype,,1776512012835.497,1776512012900.322,64.825,1769,1577,1.844,10.0
4607,cloud_only_mlp_covertype,,1776512012903.345,1776512012948.578,45.233,1769,1577,1.947,0.0
4608,cloud_only_mlp_covertype,,1776512012953.575,1776512013002.365,48.791,1769,1577,1.958,12.5
4609,cloud_only_mlp_covertype,,1776512013006.385,1776512013054.771,48.385,1769,1577,2.077,32.8
4610,cloud_only_mlp_covertype,,1776512013060.188,1776512013129.919,69.732,1769,1577,1.851,7.7
4611,cloud_only_mlp_covertype,,1776512013133.923,1776512013181.202,47.279,1769,1577,2.470,8.1
4612,cloud_only_mlp_covertype,,1776512013186.201,1776512013232.564,46.363,1769,1577,2.103,3.2
4613,cloud_only_mlp_covertype,,1776512013236.573,1776512013282.528,45.956,1769,1577,1.955,7.0
4614,cloud_only_mlp_covertype,,1776512013287.522,1776512013362.013,74.491,1769,1577,1.884,13.8
4615,cloud_only_mlp_covertype,,1776512013365.016,1776512013416.320,51.304,1769,1577,1.987,8.9
4616,cloud_only_mlp_covertype,,1776512013419.970,1776512013465.920,45.950,1769,1577,1.996,6.4
4617,cloud_only_mlp_covertype,,1776512013468.920,1776512013513.619,44.698,1769,1577,2.077,2.1
4618,cloud_only_mlp_covertype,,1776512013516.978,1776512013566.266,49.289,1769,1577,1.837,16.4
4619,cloud_only_mlp_covertype,,1776512013570.264,1776512013619.405,49.141,1769,1577,2.025,15.4
4620,cloud_only_mlp_covertype,,1776512013623.425,1776512013670.196,46.771,1769,1577,1.969,2.2
4621,cloud_only_mlp_covertype,,1776512013675.516,1776512013733.479,57.963,1769,1577,1.865,0.0
4622,cloud_only_mlp_covertype,,1776512013736.484,1776512013784.903,48.419,1769,1577,2.274,0.0
4623,cloud_only_mlp_covertype,,1776512013788.902,1776512013837.398,48.497,1769,1577,1.919,13.8
4624,cloud_only_mlp_covertype,,1776512013841.392,1776512013887.356,45.964,1769,1577,2.086,0.0
4625,cloud_only_mlp_covertype,,1776512013893.358,1776512013936.374,43.016,1769,1577,2.128,0.0
4626,cloud_only_mlp_covertype,,1776512013941.373,1776512013989.644,48.271,1769,1577,2.021,0.0
4627,cloud_only_mlp_covertype,,1776512013992.658,1776512014040.644,47.986,1769,1577,2.002,9.8
4628,cloud_only_mlp_covertype,,1776512014045.636,1776512014106.398,60.762,1769,1577,1.862,7.8
4629,cloud_only_mlp_covertype,,1776512014111.787,1776512014182.727,70.940,1769,1577,1.925,1.5
4630,cloud_only_mlp_covertype,,1776512014186.227,1776512014243.324,57.098,1769,1577,1.932,0.0
4631,cloud_only_mlp_covertype,,1776512014246.354,1776512014293.665,47.310,1769,1577,2.237,6.2
4632,cloud_only_mlp_covertype,,1776512014296.685,1776512014346.207,49.522,1769,1577,2.155,5.8
4633,cloud_only_mlp_covertype,,1776512014348.208,1776512014397.095,48.887,1769,1577,2.066,0.0
4634,cloud_only_mlp_covertype,,1776512014402.092,1776512014447.071,44.979,1769,1577,1.873,14.1
4635,cloud_only_mlp_covertype,,1776512014452.065,1776512014498.766,46.700,1769,1577,1.960,11.4
4636,cloud_only_mlp_covertype,,1776512014502.778,1776512014550.336,47.558,1769,1577,2.019,6.0
4637,cloud_only_mlp_covertype,,1776512014554.770,1776512014607.084,52.314,1769,1577,2.237,9.1
4638,cloud_only_mlp_covertype,,1776512014612.100,1776512014657.075,44.975,1769,1577,1.904,8.0
4639,cloud_only_mlp_covertype,,1776512014661.075,1776512014706.802,45.727,1769,1577,1.923,4.3
4640,cloud_only_mlp_covertype,,1776512014711.817,1776512014785.959,74.142,1769,1577,1.932,7.7
4641,cloud_only_mlp_covertype,,1776512014790.954,1776512014838.314,47.360,1769,1577,1.953,14.8
4642,cloud_only_mlp_covertype,,1776512014842.314,1776512014888.050,45.736,1769,1577,2.142,2.4
4643,cloud_only_mlp_covertype,,1776512014891.045,1776512014957.626,66.581,1769,1577,1.937,9.4
4644,cloud_only_mlp_covertype,,1776512014962.626,1776512015006.957,44.331,1769,1577,2.165,3.5
4645,cloud_only_mlp_covertype,,1776512015011.968,1776512015054.845,42.878,1769,1577,2.068,26.3
4646,cloud_only_mlp_covertype,,1776512015057.843,1776512015106.427,48.584,1769,1577,1.914,11.8
4647,cloud_only_mlp_covertype,,1776512015109.554,1776512015157.860,48.306,1769,1577,1.949,2.2
4648,cloud_only_mlp_covertype,,1776512015159.872,1776512015204.910,45.038,1769,1577,1.957,0.0
4649,cloud_only_mlp_covertype,,1776512015206.849,1776512015252.892,46.043,1769,1577,2.009,14.8
4650,cloud_only_mlp_covertype,,1776512015256.893,1776512015307.731,50.839,1769,1577,2.047,16.9
4651,cloud_only_mlp_covertype,,1776512015311.739,1776512015359.885,48.146,1769,1577,2.095,5.6
4652,cloud_only_mlp_covertype,,1776512015365.904,1776512015413.543,47.639,1769,1577,2.218,9.6
4653,cloud_only_mlp_covertype,,1776512015416.546,1776512015461.147,44.601,1769,1577,2.325,6.7
4654,cloud_only_mlp_covertype,,1776512015464.167,1776512015513.135,48.967,1769,1577,2.116,2.7
4655,cloud_only_mlp_covertype,,1776512015519.128,1776512015589.715,70.586,1769,1577,1.874,0.0
4656,cloud_only_mlp_covertype,,1776512015594.715,1776512015641.323,46.609,1769,1577,1.959,2.3
4657,cloud_only_mlp_covertype,,1776512015645.327,1776512015690.991,45.664,1769,1577,1.951,12.5
4658,cloud_only_mlp_covertype,,1776512015694.997,1776512015744.928,49.931,1769,1577,2.115,7.0
4659,cloud_only_mlp_covertype,,1776512015748.920,1776512015797.016,48.096,1769,1577,1.998,13.0
4660,cloud_only_mlp_covertype,,1776512015800.014,1776512015847.952,47.938,1769,1577,2.458,11.6
4661,cloud_only_mlp_covertype,,1776512015850.954,1776512015897.031,46.077,1769,1577,1.949,24.4
4662,cloud_only_mlp_covertype,,1776512015900.964,1776512015945.719,44.755,1769,1577,1.984,18.8
4663,cloud_only_mlp_covertype,,1776512015949.708,1776512015993.456,43.748,1769,1577,1.928,2.2
4664,cloud_only_mlp_covertype,,1776512015997.456,1776512016042.346,44.891,1769,1577,2.153,4.5
4665,cloud_only_mlp_covertype,,1776512016045.333,1776512016091.733,46.399,1769,1577,2.734,8.8
4666,cloud_only_mlp_covertype,,1776512016095.730,1776512016145.576,49.846,1769,1577,2.048,15.1
4667,cloud_only_mlp_covertype,,1776512016149.316,1776512016198.483,49.167,1769,1577,2.775,1.7
4668,cloud_only_mlp_covertype,,1776512016203.534,1776512016248.117,44.583,1769,1577,2.497,0.0
4669,cloud_only_mlp_covertype,,1776512016252.100,1776512016297.902,45.802,1769,1577,1.980,1.9
4670,cloud_only_mlp_covertype,,1776512016302.900,1776512016372.615,69.715,1769,1577,2.016,6.8
4671,cloud_only_mlp_covertype,,1776512016376.611,1776512016426.552,49.942,1769,1577,1.841,0.0
4672,cloud_only_mlp_covertype,,1776512016430.575,1776512016477.327,46.751,1769,1577,1.817,13.7
4673,cloud_only_mlp_covertype,,1776512016481.327,1776512016528.023,46.696,1769,1577,2.102,0.0
4674,cloud_only_mlp_covertype,,1776512016533.026,1776512016581.824,48.798,1769,1577,1.934,7.0
4675,cloud_only_mlp_covertype,,1776512016584.825,1776512016636.012,51.187,1769,1577,1.964,17.9
4676,cloud_only_mlp_covertype,,1776512016640.023,1776512016710.004,69.982,1769,1577,1.836,25.4
4677,cloud_only_mlp_covertype,,1776512016715.021,1776512016760.774,45.754,1769,1577,2.099,7.0
4678,cloud_only_mlp_covertype,,1776512016763.774,1776512016810.105,46.332,1769,1577,1.912,3.8
4679,cloud_only_mlp_covertype,,1776512016813.129,1776512016859.743,46.614,1769,1577,2.039,100.0
4680,cloud_only_mlp_covertype,,1776512016863.769,1776512016911.719,47.949,1769,1577,2.108,5.9
4681,cloud_only_mlp_covertype,,1776512016916.901,1776512016967.260,50.359,1769,1577,1.903,6.2
4682,cloud_only_mlp_covertype,,1776512016970.258,1776512017033.505,63.247,1769,1577,1.843,6.0
4683,cloud_only_mlp_covertype,,1776512017039.549,1776512017083.008,43.459,1769,1577,2.080,11.5
4684,cloud_only_mlp_covertype,,1776512017086.172,1776512017136.877,50.705,1769,1577,1.979,15.7
4685,cloud_only_mlp_covertype,,1776512017139.877,1776512017187.336,47.459,1769,1577,2.108,0.0
4686,cloud_only_mlp_covertype,,1776512017190.335,1776512017252.934,62.599,1769,1577,1.870,4.5
4687,cloud_only_mlp_covertype,,1776512017256.936,1776512017301.074,44.138,1769,1577,1.915,0.0
4688,cloud_only_mlp_covertype,,1776512017307.226,1776512017355.457,48.231,1769,1577,2.057,10.2
4689,cloud_only_mlp_covertype,,1776512017360.458,1776512017424.349,63.891,1769,1577,2.348,3.9
4690,cloud_only_mlp_covertype,,1776512017429.604,1776512017476.453,46.849,1769,1577,2.088,14.5
4691,cloud_only_mlp_covertype,,1776512017480.635,1776512017523.981,43.347,1769,1577,1.924,2.2
4692,cloud_only_mlp_covertype,,1776512017528.007,1776512017592.183,64.177,1769,1577,1.923,3.1
4693,cloud_only_mlp_covertype,,1776512017597.185,1776512017693.122,95.937,1769,1577,1.982,7.6
4694,cloud_only_mlp_covertype,,1776512017696.116,1776512017740.727,44.611,1769,1577,1.867,4.3
4695,cloud_only_mlp_covertype,,1776512017744.740,1776512017790.456,45.717,1769,1577,1.972,4.1
4696,cloud_only_mlp_covertype,,1776512017796.457,1776512017853.716,57.258,1769,1577,1.873,2.0
4697,cloud_only_mlp_covertype,,1776512017856.716,1776512017903.556,46.840,1769,1577,2.002,17.9
4698,cloud_only_mlp_covertype,,1776512017907.448,1776512017955.835,48.386,1769,1577,2.087,8.9
4699,cloud_only_mlp_covertype,,1776512017959.861,1776512018007.986,48.125,1769,1577,1.922,1.6
4700,cloud_only_mlp_covertype,,1776512018010.974,1776512018071.682,60.708,1769,1577,2.048,4.8
4701,cloud_only_mlp_covertype,,1776512018076.670,1776512018121.741,45.072,1769,1577,1.942,4.2
4702,cloud_only_mlp_covertype,,1776512018125.751,1776512018197.084,71.333,1769,1577,1.846,9.5
4703,cloud_only_mlp_covertype,,1776512018202.083,1776512018251.044,48.960,1769,1577,1.969,4.2
4704,cloud_only_mlp_covertype,,1776512018256.067,1776512018301.179,45.112,1769,1577,1.966,7.1
4705,cloud_only_mlp_covertype,,1776512018306.397,1776512018364.253,57.856,1769,1577,1.999,10.0
4706,cloud_only_mlp_covertype,,1776512018367.242,1776512018417.607,50.365,1769,1577,2.073,19.0
4707,cloud_only_mlp_covertype,,1776512018421.608,1776512018469.570,47.962,1769,1577,1.957,2.3
4708,cloud_only_mlp_covertype,,1776512018473.569,1776512018518.333,44.765,1769,1577,2.088,8.2
4709,cloud_only_mlp_covertype,,1776512018520.324,1776512018565.812,45.488,1769,1577,1.849,10.9
4710,cloud_only_mlp_covertype,,1776512018570.946,1776512018630.431,59.485,1769,1577,1.919,14.5
4711,cloud_only_mlp_covertype,,1776512018635.425,1776512018684.824,49.399,1769,1577,1.930,11.1
4712,cloud_only_mlp_covertype,,1776512018688.826,1776512018753.251,64.425,1769,1577,1.834,4.0
4713,cloud_only_mlp_covertype,,1776512018759.246,1776512018807.542,48.296,1769,1577,1.957,2.0
4714,cloud_only_mlp_covertype,,1776512018811.543,1776512018856.201,44.659,1769,1577,2.131,6.2
4715,cloud_only_mlp_covertype,,1776512018860.143,1776512018904.521,44.378,1769,1577,2.055,10.9
4716,cloud_only_mlp_covertype,,1776512018908.527,1776512018970.805,62.278,1769,1577,2.168,7.2
4717,cloud_only_mlp_covertype,,1776512018976.810,1776512019025.157,48.348,1769,1577,1.869,5.4
4718,cloud_only_mlp_covertype,,1776512019027.903,1776512019073.539,45.636,1769,1577,2.626,4.3
4719,cloud_only_mlp_covertype,,1776512019078.605,1776512019122.597,43.993,1769,1577,1.967,1.6
4720,cloud_only_mlp_covertype,,1776512019124.632,1776512019172.641,48.010,1769,1577,2.053,7.9
4721,cloud_only_mlp_covertype,,1776512019176.641,1776512019250.342,73.701,1769,1577,1.866,2.5
4722,cloud_only_mlp_covertype,,1776512019254.878,1776512019301.487,46.609,1769,1577,2.006,4.2
4723,cloud_only_mlp_covertype,,1776512019304.487,1776512019373.650,69.164,1769,1577,1.830,4.1
4724,cloud_only_mlp_covertype,,1776512019377.651,1776512019436.997,59.346,1769,1577,1.785,3.1
4725,cloud_only_mlp_covertype,,1776512019441.010,1776512019489.699,48.690,1769,1577,2.076,4.4
4726,cloud_only_mlp_covertype,,1776512019493.698,1776512019562.037,68.339,1769,1577,1.939,4.1
4727,cloud_only_mlp_covertype,,1776512019567.036,1776512019639.833,72.797,1769,1577,2.049,2.3
4728,cloud_only_mlp_covertype,,1776512019643.828,1776512019701.961,58.134,1769,1577,1.818,4.9
4729,cloud_only_mlp_covertype,,1776512019705.956,1776512019762.151,56.195,1769,1577,1.857,0.0
4730,cloud_only_mlp_covertype,,1776512019767.192,1776512019825.523,58.331,1769,1577,1.887,0.0
4731,cloud_only_mlp_covertype,,1776512019831.522,1776512019879.127,47.606,1769,1577,2.087,10.2
4732,cloud_only_mlp_covertype,,1776512019882.147,1776512019926.196,44.049,1769,1577,2.025,20.4
4733,cloud_only_mlp_covertype,,1776512019929.204,1776512019972.532,43.327,1769,1577,1.999,10.0
4734,cloud_only_mlp_covertype,,1776512019975.547,1776512020022.632,47.084,1769,1577,2.164,6.7
4735,cloud_only_mlp_covertype,,1776512020027.657,1776512020080.343,52.685,1769,1577,2.071,1.7
4736,cloud_only_mlp_covertype,,1776512020083.329,1776512020129.676,46.346,1769,1577,1.926,4.0
4737,cloud_only_mlp_covertype,,1776512020133.676,1776512020178.962,45.286,1769,1577,2.047,13.2
4738,cloud_only_mlp_covertype,,1776512020182.966,1776512020241.973,59.007,1769,1577,1.820,13.4
4739,cloud_only_mlp_covertype,,1776512020246.887,1776512020292.599,45.712,1769,1577,2.209,3.6
4740,cloud_only_mlp_covertype,,1776512020297.600,1776512020346.282,48.682,1769,1577,1.990,8.3
4741,cloud_only_mlp_covertype,,1776512020350.302,1776512020400.021,49.719,1769,1577,2.024,16.1
4742,cloud_only_mlp_covertype,,1776512020404.025,1776512020451.342,47.317,1769,1577,2.186,2.1
4743,cloud_only_mlp_covertype,,1776512020454.391,1776512020500.493,46.102,1769,1577,2.093,2.1
4744,cloud_only_mlp_covertype,,1776512020503.504,1776512020553.309,49.804,1769,1577,3.027,3.7
4745,cloud_only_mlp_covertype,,1776512020557.677,1776512020604.926,47.249,1769,1577,1.897,3.1
4746,cloud_only_mlp_covertype,,1776512020608.953,1776512020653.659,44.706,1769,1577,1.996,2.0
4747,cloud_only_mlp_covertype,,1776512020657.673,1776512020704.018,46.345,1769,1577,2.627,6.0
4748,cloud_only_mlp_covertype,,1776512020709.018,1776512020756.977,47.959,1769,1577,1.917,3.4
4749,cloud_only_mlp_covertype,,1776512020760.234,1776512020830.403,70.169,1769,1577,1.859,6.0
4750,cloud_only_mlp_covertype,,1776512020833.409,1776512020890.329,56.920,1769,1577,1.866,4.2
4751,cloud_only_mlp_covertype,,1776512020895.332,1776512020938.848,43.516,1769,1577,2.068,11.3
4752,cloud_only_mlp_covertype,,1776512020943.965,1776512020992.332,48.366,1769,1577,2.052,11.3
4753,cloud_only_mlp_covertype,,1776512020997.360,1776512021045.435,48.075,1769,1577,1.960,5.6
4754,cloud_only_mlp_covertype,,1776512021049.429,1776512021096.565,47.135,1769,1577,1.900,5.6
4755,cloud_only_mlp_covertype,,1776512021101.563,1776512021148.905,47.341,1769,1577,2.153,5.9
4756,cloud_only_mlp_covertype,,1776512021152.898,1776512021199.836,46.938,1769,1577,1.842,5.9
4757,cloud_only_mlp_covertype,,1776512021204.836,1776512021279.152,74.316,1769,1577,1.915,41.7
4758,cloud_only_mlp_covertype,,1776512021282.031,1776512021341.532,59.501,1769,1577,1.919,0.0
4759,cloud_only_mlp_covertype,,1776512021346.548,1776512021401.545,54.997,1769,1577,2.872,1.9
4760,cloud_only_mlp_covertype,,1776512021407.542,1776512021477.958,70.416,1769,1577,1.944,9.6
4761,cloud_only_mlp_covertype,,1776512021481.954,1776512021539.896,57.942,1769,1577,2.450,1.4
4762,cloud_only_mlp_covertype,,1776512021545.562,1776512021599.339,53.776,1769,1577,2.208,12.7
4763,cloud_only_mlp_covertype,,1776512021602.353,1776512021651.008,48.655,1769,1577,1.979,25.0
4764,cloud_only_mlp_covertype,,1776512021656.025,1776512021701.621,45.595,1769,1577,1.846,10.7
4765,cloud_only_mlp_covertype,,1776512021705.639,1776512021750.219,44.579,1769,1577,1.932,3.8
4766,cloud_only_mlp_covertype,,1776512021754.212,1776512021803.673,49.461,1769,1577,2.187,8.5
4767,cloud_only_mlp_covertype,,1776512021807.734,1776512021882.993,75.259,1769,1577,1.810,6.0
4768,cloud_only_mlp_covertype,,1776512021886.994,1776512021932.513,45.519,1769,1577,2.027,18.6
4769,cloud_only_mlp_covertype,,1776512021935.518,1776512021981.993,46.475,1769,1577,2.096,4.5
4770,cloud_only_mlp_covertype,,1776512021985.986,1776512022049.658,63.672,1769,1577,1.858,5.7
4771,cloud_only_mlp_covertype,,1776512022054.663,1776512022113.204,58.541,1769,1577,2.016,6.5
4772,cloud_only_mlp_covertype,,1776512022115.208,1776512022177.555,62.347,1769,1577,1.824,7.1
4773,cloud_only_mlp_covertype,,1776512022184.558,1776512022233.339,48.781,1769,1577,2.108,10.5
4774,cloud_only_mlp_covertype,,1776512022236.344,1776512022282.310,45.966,1769,1577,1.961,0.0
4775,cloud_only_mlp_covertype,,1776512022287.336,1776512022332.881,45.545,1769,1577,1.805,6.0
4776,cloud_only_mlp_covertype,,1776512022337.974,1776512022386.976,49.002,1769,1577,2.256,1.7
4777,cloud_only_mlp_covertype,,1776512022390.969,1776512022440.643,49.674,1769,1577,1.950,5.0
4778,cloud_only_mlp_covertype,,1776512022444.640,1776512022517.490,72.850,1769,1577,1.878,6.7
4779,cloud_only_mlp_covertype,,1776512022521.486,1776512022565.863,44.377,1769,1577,1.897,5.8
4780,cloud_only_mlp_covertype,,1776512022570.574,1776512022618.803,48.229,1769,1577,1.920,3.5
4781,cloud_only_mlp_covertype,,1776512022622.804,1776512022686.846,64.042,1769,1577,1.905,0.0
4782,cloud_only_mlp_covertype,,1776512022691.841,1776512022764.195,72.354,1769,1577,2.021,1.1
4783,cloud_only_mlp_covertype,,1776512022769.872,1776512022815.204,45.332,1769,1577,1.994,8.2
4784,cloud_only_mlp_covertype,,1776512022819.197,1776512022867.542,48.344,1769,1577,2.059,3.9
4785,cloud_only_mlp_covertype,,1776512022871.550,1776512022920.732,49.183,1769,1577,1.956,4.6
4786,cloud_only_mlp_covertype,,1776512022924.752,1776512022973.123,48.371,1769,1577,1.972,10.2
4787,cloud_only_mlp_covertype,,1776512022978.121,1776512023026.960,48.840,1769,1577,2.037,5.2
4788,cloud_only_mlp_covertype,,1776512023033.966,1776512023079.062,45.096,1769,1577,2.069,6.2
4789,cloud_only_mlp_covertype,,1776512023082.050,1776512023128.561,46.511,1769,1577,2.026,3.6
4790,cloud_only_mlp_covertype,,1776512023132.566,1776512023180.224,47.658,1769,1577,2.079,10.2
4791,cloud_only_mlp_covertype,,1776512023184.228,1776512023233.026,48.798,1769,1577,2.016,4.5
4792,cloud_only_mlp_covertype,,1776512023236.027,1776512023280.248,44.221,1769,1577,2.111,2.3
4793,cloud_only_mlp_covertype,,1776512023284.232,1776512023329.321,45.088,1769,1577,1.886,0.0
4794,cloud_only_mlp_covertype,,1776512023334.318,1776512023448.170,113.852,1769,1577,1.762,12.8
4795,cloud_only_mlp_covertype,,1776512023452.176,1776512023500.863,48.687,1769,1577,1.993,3.8
4796,cloud_only_mlp_covertype,,1776512023504.846,1776512023549.271,44.425,1769,1577,1.998,12.0
4797,cloud_only_mlp_covertype,,1776512023552.287,1776512023599.240,46.954,1769,1577,2.026,3.8
4798,cloud_only_mlp_covertype,,1776512023603.238,1776512023653.158,49.920,1769,1577,2.089,5.8
4799,cloud_only_mlp_covertype,,1776512023657.163,1776512023704.459,47.296,1769,1577,2.127,8.1
4800,cloud_only_mlp_covertype,,1776512023708.461,1776512023755.148,46.687,1769,1577,1.847,9.8
4801,cloud_only_mlp_covertype,,1776512023759.144,1776512023828.441,69.297,1769,1577,2.008,1.4
4802,cloud_only_mlp_covertype,,1776512023832.564,1776512023891.358,58.794,1769,1577,1.949,3.0
4803,cloud_only_mlp_covertype,,1776512023895.353,1776512023944.282,48.929,1769,1577,1.981,1.7
4804,cloud_only_mlp_covertype,,1776512023947.286,1776512023995.897,48.611,1769,1577,1.968,14.8
4805,cloud_only_mlp_covertype,,1776512024000.919,1776512024049.535,48.616,1769,1577,2.201,8.0
4806,cloud_only_mlp_covertype,,1776512024054.550,1776512024098.352,43.802,1769,1577,1.992,1.7
4807,cloud_only_mlp_covertype,,1776512024102.354,1776512024148.871,46.518,1769,1577,1.952,6.2
4808,cloud_only_mlp_covertype,,1776512024152.899,1776512024202.786,49.887,1769,1577,1.898,5.1
4809,cloud_only_mlp_covertype,,1776512024207.777,1776512024255.784,48.007,1769,1577,2.114,9.1
4810,cloud_only_mlp_covertype,,1776512024259.878,1776512024304.296,44.418,1769,1577,2.069,3.6
4811,cloud_only_mlp_covertype,,1776512024308.095,1776512024354.289,46.194,1769,1577,1.984,4.3
4812,cloud_only_mlp_covertype,,1776512024361.657,1776512024429.202,67.545,1769,1577,1.867,19.4
4813,cloud_only_mlp_covertype,,1776512024435.500,1776512024483.911,48.411,1769,1577,2.013,8.2
4814,cloud_only_mlp_covertype,,1776512024487.934,1776512024532.851,44.917,1769,1577,1.980,8.0
4815,cloud_only_mlp_covertype,,1776512024535.489,1776512024580.469,44.980,1769,1577,2.172,17.4
4816,cloud_only_mlp_covertype,,1776512024583.488,1776512024631.709,48.220,1769,1577,2.111,1.7
4817,cloud_only_mlp_covertype,,1776512024637.939,1776512024687.827,49.888,1769,1577,2.259,4.7
4818,cloud_only_mlp_covertype,,1776512024691.832,1776512024739.861,48.029,1769,1577,2.059,8.9
4819,cloud_only_mlp_covertype,,1776512024745.862,1776512024796.266,50.404,1769,1577,2.208,3.8
4820,cloud_only_mlp_covertype,,1776512024800.268,1776512024845.070,44.802,1769,1577,2.114,1.8
4821,cloud_only_mlp_covertype,,1776512024850.067,1776512024895.216,45.149,1769,1577,2.103,1.9
4822,cloud_only_mlp_covertype,,1776512024899.203,1776512024946.439,47.237,1769,1577,1.928,7.7
4823,cloud_only_mlp_covertype,,1776512024950.437,1776512024998.068,47.630,1769,1577,1.889,7.8
4824,cloud_only_mlp_covertype,,1776512025003.077,1776512025048.834,45.757,1769,1577,2.031,3.8
4825,cloud_only_mlp_covertype,,1776512025054.912,1776512025100.583,45.671,1769,1577,2.119,5.4
4826,cloud_only_mlp_covertype,,1776512025105.312,1776512025153.866,48.553,1769,1577,2.201,8.0
4827,cloud_only_mlp_covertype,,1776512025158.864,1776512025218.066,59.202,1769,1577,1.765,4.3
4828,cloud_only_mlp_covertype,,1776512025223.084,1776512025268.860,45.775,1769,1577,1.874,13.2
4829,cloud_only_mlp_covertype,,1776512025271.773,1776512025316.521,44.748,1769,1577,2.004,8.8
4830,cloud_only_mlp_covertype,,1776512025319.525,1776512025367.602,48.077,1769,1577,2.074,2.0
4831,cloud_only_mlp_covertype,,1776512025369.858,1776512025419.837,49.979,1769,1577,2.122,4.3
4832,cloud_only_mlp_covertype,,1776512025422.843,1776512025477.435,54.592,1769,1577,1.818,12.0
4833,cloud_only_mlp_covertype,,1776512025479.657,1776512025538.808,59.151,1769,1577,2.024,6.6
4834,cloud_only_mlp_covertype,,1776512025543.869,1776512025593.192,49.323,1769,1577,2.871,1.9
4835,cloud_only_mlp_covertype,,1776512025597.197,1776512025642.643,45.447,1769,1577,1.863,3.8
4836,cloud_only_mlp_covertype,,1776512025645.361,1776512025695.179,49.818,1769,1577,2.015,14.5
4837,cloud_only_mlp_covertype,,1776512025699.177,1776512025772.555,73.378,1769,1577,2.232,39.6
4838,cloud_only_mlp_covertype,,1776512025777.574,1776512025833.369,55.795,1769,1577,1.884,4.8
4839,cloud_only_mlp_covertype,,1776512025836.377,1776512025897.345,60.968,1769,1577,2.062,13.0
4840,cloud_only_mlp_covertype,,1776512025901.344,1776512025949.381,48.037,1769,1577,2.080,10.2
4841,cloud_only_mlp_covertype,,1776512025952.380,1776512026002.299,49.919,1769,1577,1.950,10.7
4842,cloud_only_mlp_covertype,,1776512026006.298,1776512026053.495,47.197,1769,1577,2.085,5.5
4843,cloud_only_mlp_covertype,,1776512026057.507,1776512026127.820,70.313,1769,1577,2.077,7.3
4844,cloud_only_mlp_covertype,,1776512026132.385,1776512026179.632,47.246,1769,1577,1.988,7.0
4845,cloud_only_mlp_covertype,,1776512026182.638,1776512026253.376,70.738,1769,1577,1.842,10.1
4846,cloud_only_mlp_covertype,,1776512026256.770,1776512026302.997,46.226,1769,1577,1.820,6.5
4847,cloud_only_mlp_covertype,,1776512026305.995,1776512026350.399,44.404,1769,1577,2.336,4.9
4848,cloud_only_mlp_covertype,,1776512026354.416,1776512026401.742,47.326,1769,1577,1.826,7.7
4849,cloud_only_mlp_covertype,,1776512026406.757,1776512026469.906,63.149,1769,1577,1.817,1.6
4850,cloud_only_mlp_covertype,,1776512026474.922,1776512026525.456,50.534,1769,1577,1.802,12.7
4851,cloud_only_mlp_covertype,,1776512026529.459,1776512026577.169,47.710,1769,1577,1.972,1.9
4852,cloud_only_mlp_covertype,,1776512026581.499,1776512026640.474,58.975,1769,1577,1.840,0.0
4853,cloud_only_mlp_covertype,,1776512026646.726,1776512026703.311,56.585,1769,1577,1.947,3.6
4854,cloud_only_mlp_covertype,,1776512026708.315,1776512026755.704,47.389,1769,1577,2.085,1.7
4855,cloud_only_mlp_covertype,,1776512026759.716,1776512026828.539,68.823,1769,1577,1.940,3.9
4856,cloud_only_mlp_covertype,,1776512026833.548,1776512026878.812,45.264,1769,1577,1.949,5.9
4857,cloud_only_mlp_covertype,,1776512026881.795,1776512026927.574,45.779,1769,1577,1.995,12.0
4858,cloud_only_mlp_covertype,,1776512026930.585,1776512026977.277,46.691,1769,1577,2.004,8.0
4859,cloud_only_mlp_covertype,,1776512026982.265,1776512027030.703,48.438,1769,1577,1.874,10.0
4860,cloud_only_mlp_covertype,,1776512027035.695,1776512027081.373,45.678,1769,1577,1.937,7.1
4861,cloud_only_mlp_covertype,,1776512027084.183,1776512027129.378,45.195,1769,1577,2.148,6.8
4862,cloud_only_mlp_covertype,,1776512027133.382,1776512027181.696,48.314,1769,1577,1.870,9.4
4863,cloud_only_mlp_covertype,,1776512027185.695,1776512027235.123,49.428,1769,1577,2.366,11.1
4864,cloud_only_mlp_covertype,,1776512027239.144,1776512027283.117,43.973,1769,1577,1.924,4.3
4865,cloud_only_mlp_covertype,,1776512027287.116,1776512027333.798,46.682,1769,1577,1.860,1.6
4866,cloud_only_mlp_covertype,,1776512027337.800,1776512027382.185,44.385,1769,1577,1.960,9.5
4867,cloud_only_mlp_covertype,,1776512027387.193,1776512027434.990,47.797,1769,1577,1.997,1.5
4868,cloud_only_mlp_covertype,,1776512027438.996,1776512027487.062,48.066,1769,1577,2.130,9.4
4869,cloud_only_mlp_covertype,,1776512027490.055,1776512027538.394,48.339,1769,1577,1.902,26.5
4870,cloud_only_mlp_covertype,,1776512027542.158,1776512027585.752,43.594,1769,1577,1.755,12.0
4871,cloud_only_mlp_covertype,,1776512027591.752,1776512027660.991,69.239,1769,1577,1.870,17.0
4872,cloud_only_mlp_covertype,,1776512027662.992,1776512027713.889,50.898,1769,1577,2.129,14.3
4873,cloud_only_mlp_covertype,,1776512027717.877,1776512027765.165,47.288,1769,1577,1.799,11.1
4874,cloud_only_mlp_covertype,,1776512027768.167,1776512027830.470,62.303,1769,1577,1.841,21.1
4875,cloud_only_mlp_covertype,,1776512027835.466,1776512027882.499,47.033,1769,1577,2.061,11.9
4876,cloud_only_mlp_covertype,,1776512027886.504,1776512027934.989,48.485,1769,1577,2.040,2.3
4877,cloud_only_mlp_covertype,,1776512027938.930,1776512028002.407,63.477,1769,1577,2.019,2.9
4878,cloud_only_mlp_covertype,,1776512028006.402,1776512028052.122,45.720,1769,1577,1.979,12.2
4879,cloud_only_mlp_covertype,,1776512028055.119,1776512028102.787,47.668,1769,1577,2.319,11.9
4880,cloud_only_mlp_covertype,,1776512028105.797,1776512028154.310,48.513,1769,1577,1.825,0.0
4881,cloud_only_mlp_covertype,,1776512028158.340,1776512028205.575,47.234,1769,1577,1.847,3.6
4882,cloud_only_mlp_covertype,,1776512028209.081,1776512028259.920,50.839,1769,1577,1.945,23.9
4883,cloud_only_mlp_covertype,,1776512028263.910,1776512028313.418,49.509,1769,1577,2.033,3.6
4884,cloud_only_mlp_covertype,,1776512028318.424,1776512028365.963,47.539,1769,1577,1.962,3.2
4885,cloud_only_mlp_covertype,,1776512028368.965,1776512028414.716,45.751,1769,1577,1.844,14.6
4886,cloud_only_mlp_covertype,,1776512028418.664,1776512028482.377,63.713,1769,1577,1.840,0.0
4887,cloud_only_mlp_covertype,,1776512028486.377,1776512028534.696,48.319,1769,1577,1.928,8.2
4888,cloud_only_mlp_covertype,,1776512028537.969,1776512028583.874,45.906,1769,1577,1.994,14.7
4889,cloud_only_mlp_covertype,,1776512028587.895,1776512028634.645,46.749,1769,1577,1.932,9.8
4890,cloud_only_mlp_covertype,,1776512028639.645,1776512028689.231,49.587,1769,1577,2.101,1.6
4891,cloud_only_mlp_covertype,,1776512028692.229,1776512028761.128,68.900,1769,1577,1.888,3.9
4892,cloud_only_mlp_covertype,,1776512028766.120,1776512028809.820,43.700,1769,1577,2.311,5.8
4893,cloud_only_mlp_covertype,,1776512028813.822,1776512028860.040,46.218,1769,1577,2.151,2.1
4894,cloud_only_mlp_covertype,,1776512028864.019,1776512028912.290,48.271,1769,1577,2.129,0.0
4895,cloud_only_mlp_covertype,,1776512028916.269,1776512028964.221,47.952,1769,1577,2.155,16.9
4896,cloud_only_mlp_covertype,,1776512028968.203,1776512029012.585,44.383,1769,1577,2.167,9.0
4897,cloud_only_mlp_covertype,,1776512029016.585,1776512029061.755,45.169,1769,1577,1.839,16.7
4898,cloud_only_mlp_covertype,,1776512029066.752,1776512029113.802,47.051,1769,1577,1.937,14.1
4899,cloud_only_mlp_covertype,,1776512029117.815,1776512029208.591,90.776,1769,1577,1.967,6.0
4900,cloud_only_mlp_covertype,,1776512029212.532,1776512029272.260,59.728,1769,1577,2.156,17.5
4901,cloud_only_mlp_covertype,,1776512029277.942,1776512029325.602,47.659,1769,1577,1.995,7.5
4902,cloud_only_mlp_covertype,,1776512029329.611,1776512029376.118,46.507,1769,1577,2.160,1.7
4903,cloud_only_mlp_covertype,,1776512029379.119,1776512029424.372,45.253,1769,1577,1.991,12.2
4904,cloud_only_mlp_covertype,,1776512029429.372,1776512029476.580,47.208,1769,1577,2.108,1.6
4905,cloud_only_mlp_covertype,,1776512029481.577,1776512029530.587,49.010,1769,1577,1.927,10.9
4906,cloud_only_mlp_covertype,,1776512029534.595,1776512029579.906,45.310,1769,1577,2.095,6.0
4907,cloud_only_mlp_covertype,,1776512029583.907,1776512029631.457,47.550,1769,1577,1.871,8.9
4908,cloud_only_mlp_covertype,,1776512029635.454,1776512029683.948,48.494,1769,1577,1.817,11.1
4909,cloud_only_mlp_covertype,,1776512029686.958,1776512029733.685,46.726,1769,1577,1.945,8.3
4910,cloud_only_mlp_covertype,,1776512029736.674,1776512029781.151,44.477,1769,1577,1.889,12.0
4911,cloud_only_mlp_covertype,,1776512029785.148,1776512029843.429,58.281,1769,1577,2.023,47.1
4912,cloud_only_mlp_covertype,,1776512029844.560,1776512029907.254,62.693,1769,1577,1.980,2.6
4913,cloud_only_mlp_covertype,,1776512029912.251,1776512029961.516,49.265,1769,1577,1.945,7.1
4914,cloud_only_mlp_covertype,,1776512029965.549,1776512030032.047,66.498,1769,1577,1.880,1.6
4915,cloud_only_mlp_covertype,,1776512030036.049,1776512030084.924,48.874,1769,1577,1.881,5.1
4916,cloud_only_mlp_covertype,,1776512030088.920,1776512030153.402,64.481,1769,1577,1.930,1.6
4917,cloud_only_mlp_covertype,,1776512030158.566,1776512030215.332,56.766,1769,1577,2.168,0.0
4918,cloud_only_mlp_covertype,,1776512030219.327,1776512030267.926,48.599,1769,1577,2.113,0.0
4919,cloud_only_mlp_covertype,,1776512030273.069,1776512030337.928,64.859,1769,1577,1.895,9.6
4920,cloud_only_mlp_covertype,,1776512030342.908,1776512030397.909,55.001,1769,1577,1.917,0.0
4921,cloud_only_mlp_covertype,,1776512030400.914,1776512030446.304,45.391,1769,1577,2.418,3.6
4922,cloud_only_mlp_covertype,,1776512030453.474,1776512030525.354,71.880,1769,1577,1.840,21.4
4923,cloud_only_mlp_covertype,,1776512030530.358,1776512030579.198,48.840,1769,1577,2.049,23.5
4924,cloud_only_mlp_covertype,,1776512030582.751,1776512030630.002,47.251,1769,1577,1.914,13.6
4925,cloud_only_mlp_covertype,,1776512030634.003,1776512030680.980,46.977,1769,1577,2.090,6.6
4926,cloud_only_mlp_covertype,,1776512030686.006,1776512030734.128,48.122,1769,1577,1.819,1.9
4927,cloud_only_mlp_covertype,,1776512030738.129,1776512030788.000,49.871,1769,1577,2.092,10.7
4928,cloud_only_mlp_covertype,,1776512030791.998,1776512030837.725,45.726,1769,1577,2.126,16.7
4929,cloud_only_mlp_covertype,,1776512030840.725,1776512030887.532,46.807,1769,1577,1.849,2.4
4930,cloud_only_mlp_covertype,,1776512030891.531,1776512030953.078,61.547,1769,1577,1.834,0.0
4931,cloud_only_mlp_covertype,,1776512030958.097,1776512031014.418,56.321,1769,1577,2.027,1.3
4932,cloud_only_mlp_covertype,,1776512031018.412,1776512031080.463,62.051,1769,1577,2.244,8.5
4933,cloud_only_mlp_covertype,,1776512031083.994,1776512031132.512,48.518,1769,1577,1.822,5.8
4934,cloud_only_mlp_covertype,,1776512031135.519,1776512031180.869,45.351,1769,1577,2.011,5.8
4935,cloud_only_mlp_covertype,,1776512031184.108,1776512031230.888,46.781,1769,1577,1.855,1.9
4936,cloud_only_mlp_covertype,,1776512031233.886,1776512031283.093,49.207,1769,1577,2.008,0.0
4937,cloud_only_mlp_covertype,,1776512031286.098,1776512031333.454,47.356,1769,1577,1.980,9.8
4938,cloud_only_mlp_covertype,,1776512031337.433,1776512031382.043,44.609,1769,1577,1.962,6.1
4939,cloud_only_mlp_covertype,,1776512031386.066,1776512031433.096,47.030,1769,1577,1.884,3.2
4940,cloud_only_mlp_covertype,,1776512031439.092,1776512031486.444,47.352,1769,1577,2.163,6.2
4941,cloud_only_mlp_covertype,,1776512031491.436,1776512031541.385,49.950,1769,1577,2.050,12.3
4942,cloud_only_mlp_covertype,,1776512031546.380,1776512031605.998,59.618,1769,1577,2.063,13.8
4943,cloud_only_mlp_covertype,,1776512031609.990,1776512031656.499,46.509,1769,1577,2.095,12.5
4944,cloud_only_mlp_covertype,,1776512031659.415,1776512031708.792,49.378,1769,1577,2.132,8.6
4945,cloud_only_mlp_covertype,,1776512031713.793,1776512031765.460,51.667,1769,1577,2.291,8.1
4946,cloud_only_mlp_covertype,,1776512031769.460,1776512031821.455,51.995,1769,1577,1.895,13.3
4947,cloud_only_mlp_covertype,,1776512031825.453,1776512031872.939,47.487,1769,1577,2.084,9.4
4948,cloud_only_mlp_covertype,,1776512031876.964,1776512031922.971,46.007,1769,1577,2.199,0.0
4949,cloud_only_mlp_covertype,,1776512031927.973,1776512031975.307,47.333,1769,1577,2.037,1.2
4950,cloud_only_mlp_covertype,,1776512031978.385,1776512032028.298,49.914,1769,1577,2.646,8.7
4951,cloud_only_mlp_covertype,,1776512032032.126,1776512032078.970,46.844,1769,1577,2.143,0.0
4952,cloud_only_mlp_covertype,,1776512032082.956,1776512032128.848,45.892,1769,1577,2.068,4.7
4953,cloud_only_mlp_covertype,,1776512032133.851,1776512032177.079,43.227,1769,1577,1.900,10.2
4954,cloud_only_mlp_covertype,,1776512032181.070,1776512032229.178,48.108,1769,1577,2.072,7.0
4955,cloud_only_mlp_covertype,,1776512032231.207,1776512032279.770,48.563,1769,1577,2.271,0.0
4956,cloud_only_mlp_covertype,,1776512032286.599,1776512032333.054,46.456,1769,1577,1.878,5.8
4957,cloud_only_mlp_covertype,,1776512032337.055,1776512032384.409,47.354,1769,1577,2.179,5.9
4958,cloud_only_mlp_covertype,,1776512032388.477,1776512032436.191,47.714,1769,1577,2.077,5.0
4959,cloud_only_mlp_covertype,,1776512032439.195,1776512032487.259,48.063,1769,1577,2.128,2.1
4960,cloud_only_mlp_covertype,,1776512032492.277,1776512032538.052,45.776,1769,1577,1.879,8.9
4961,cloud_only_mlp_covertype,,1776512032542.052,1776512032588.549,46.497,1769,1577,2.126,10.7
4962,cloud_only_mlp_covertype,,1776512032592.544,1776512032639.025,46.481,1769,1577,1.951,0.0
4963,cloud_only_mlp_covertype,,1776512032643.020,1776512032689.958,46.938,1769,1577,1.941,10.4
4964,cloud_only_mlp_covertype,,1776512032692.959,1776512032741.374,48.415,1769,1577,1.950,7.1
4965,cloud_only_mlp_covertype,,1776512032746.460,1776512032795.475,49.015,1769,1577,2.211,6.6
4966,cloud_only_mlp_covertype,,1776512032798.462,1776512032844.579,46.117,1769,1577,2.012,26.7
4967,cloud_only_mlp_covertype,,1776512032847.603,1776512032893.826,46.223,1769,1577,3.124,11.1
4968,cloud_only_mlp_covertype,,1776512032897.829,1776512032961.025,63.196,1769,1577,2.103,20.5
4969,cloud_only_mlp_covertype,,1776512032968.333,1776512033039.274,70.941,1769,1577,1.856,8.8
4970,cloud_only_mlp_covertype,,1776512033043.624,1776512033088.917,45.293,1769,1577,1.890,14.5
4971,cloud_only_mlp_covertype,,1776512033092.921,1776512033137.561,44.639,1769,1577,1.926,7.1
4972,cloud_only_mlp_covertype,,1776512033141.558,1776512033190.521,48.963,1769,1577,1.870,7.3
4973,cloud_only_mlp_covertype,,1776512033194.518,1776512033245.251,50.733,1769,1577,2.120,10.2
4974,cloud_only_mlp_covertype,,1776512033249.098,1776512033315.783,66.685,1769,1577,2.050,4.3
4975,cloud_only_mlp_covertype,,1776512033319.775,1776512033364.240,44.465,1769,1577,1.989,11.3
4976,cloud_only_mlp_covertype,,1776512033366.247,1776512033416.037,49.790,1769,1577,2.185,5.7
4977,cloud_only_mlp_covertype,,1776512033421.036,1776512033472.176,51.140,1769,1577,2.079,6.9
4978,cloud_only_mlp_covertype,,1776512033477.189,1776512033549.046,71.856,1769,1577,1.900,7.8
4979,cloud_only_mlp_covertype,,1776512033554.048,1776512033625.431,71.383,1769,1577,2.353,11.8
4980,cloud_only_mlp_covertype,,1776512033631.427,1776512033699.803,68.376,1769,1577,2.048,4.0
4981,cloud_only_mlp_covertype,,1776512033704.829,1776512033764.152,59.323,1769,1577,1.981,0.0
4982,cloud_only_mlp_covertype,,1776512033770.149,1776512033842.529,72.379,1769,1577,1.856,1.2
4983,cloud_only_mlp_covertype,,1776512033847.523,1776512033894.800,47.277,1769,1577,1.969,6.2
4984,cloud_only_mlp_covertype,,1776512033898.782,1776512033944.404,45.622,1769,1577,1.875,3.8
4985,cloud_only_mlp_covertype,,1776512033947.586,1776512033993.635,46.049,1769,1577,1.865,5.5
4986,cloud_only_mlp_covertype,,1776512033999.997,1776512034047.599,47.602,1769,1577,2.102,1.6
4987,cloud_only_mlp_covertype,,1776512034052.598,1776512034104.686,52.088,1769,1577,1.811,35.4
4988,cloud_only_mlp_covertype,,1776512034111.688,1776512034176.006,64.318,1769,1577,2.093,1.8
4989,cloud_only_mlp_covertype,,1776512034181.036,1776512034226.542,45.507,1769,1577,1.962,7.7
4990,cloud_only_mlp_covertype,,1776512034230.534,1776512034276.843,46.309,1769,1577,1.918,10.7
4991,cloud_only_mlp_covertype,,1776512034279.860,1776512034326.757,46.897,1769,1577,1.987,7.5
4992,cloud_only_mlp_covertype,,1776512034329.765,1776512034376.188,46.423,1769,1577,1.819,17.6
4993,cloud_only_mlp_covertype,,1776512034380.200,1776512034424.771,44.571,1769,1577,2.036,2.0
4994,cloud_only_mlp_covertype,,1776512034428.769,1776512034475.791,47.021,1769,1577,2.038,3.3
4995,cloud_only_mlp_covertype,,1776512034479.932,1776512034545.438,65.506,1769,1577,1.809,8.8
4996,cloud_only_mlp_covertype,,1776512034550.463,1776512034598.225,47.762,1769,1577,1.863,6.7
4997,cloud_only_mlp_covertype,,1776512034603.226,1776512034652.382,49.156,1769,1577,2.167,9.4
4998,cloud_only_mlp_covertype,,1776512034655.378,1776512034716.372,60.994,1769,1577,1.847,0.0
4999,cloud_only_mlp_covertype,,1776512034721.737,1776512034768.040,46.303,1769,1577,2.114,3.3
