request_id,strategy,scenario,chosen_split,t_start_ms,t_end_ms,latency_ms,front_ms,http_ms,server_compute_ms,bytes_up,bytes_down,deadline_ms,missed_deadline,switched,cpu_percent
0,fixed_split_mlp_covertype,stable,h3,1776520482582.350,1776520483145.800,563.450,2.265,560.181,2.342,1833,1577,80.0,1,0,14.7
1,fixed_split_mlp_covertype,stable,h3,1776520483147.782,1776520483769.603,621.820,0.000,619.822,1.853,1833,1577,80.0,1,0,29.2
2,fixed_split_mlp_covertype,stable,h3,1776520483771.602,1776520484380.752,609.150,0.000,606.126,1.838,1833,1577,80.0,1,0,31.0
3,fixed_split_mlp_covertype,stable,h3,1776520484385.027,1776520484989.537,604.509,0.513,602.985,1.850,1833,1577,80.0,1,0,23.1
4,fixed_split_mlp_covertype,stable,h3,1776520484992.440,1776520485702.357,709.917,1.494,706.402,1.904,1833,1577,80.0,1,0,21.9
5,fixed_split_mlp_covertype,stable,h3,1776520485704.352,1776520486326.041,621.689,0.999,618.700,1.812,1833,1577,80.0,1,0,26.8
6,fixed_split_mlp_covertype,stable,h3,1776520486328.037,1776520486929.424,601.387,0.999,599.390,1.873,1833,1577,80.0,1,0,32.1
7,fixed_split_mlp_covertype,stable,h3,1776520486931.421,1776520487555.612,624.191,1.000,623.191,1.878,1833,1577,80.0,1,0,26.8
8,fixed_split_mlp_covertype,stable,h3,1776520487559.607,1776520488166.398,606.791,0.000,602.792,1.979,1833,1577,80.0,1,0,32.6
9,fixed_split_mlp_covertype,stable,h3,1776520488168.399,1776520488786.739,618.340,1.000,615.339,2.020,1833,1577,80.0,1,0,27.5
10,fixed_split_mlp_covertype,stable,h3,1776520488788.738,1776520489280.243,491.505,1.460,488.332,2.095,1833,1577,80.0,1,0,36.0
11,fixed_split_mlp_covertype,stable,h3,1776520489283.063,1776520489601.458,318.395,0.998,316.401,1.941,1833,1577,80.0,1,0,43.5
12,fixed_split_mlp_covertype,stable,h3,1776520489604.454,1776520489779.514,175.060,1.012,172.049,1.749,1833,1577,80.0,1,0,67.0
13,fixed_split_mlp_covertype,stable,h3,1776520489785.515,1776520489890.040,104.526,0.000,103.525,2.051,1833,1577,80.0,1,0,72.3
14,fixed_split_mlp_covertype,stable,h3,1776520489892.057,1776520490005.551,113.494,0.000,111.508,1.961,1833,1577,80.0,1,0,71.1
15,fixed_split_mlp_covertype,stable,h3,1776520490006.552,1776520490310.455,303.904,0.000,300.911,1.757,1833,1577,80.0,1,0,46.3
16,fixed_split_mlp_covertype,stable,h3,1776520490312.453,1776520490416.051,103.597,0.999,99.528,1.984,1833,1577,80.0,1,0,65.6
17,fixed_split_mlp_covertype,stable,h3,1776520490421.002,1776520490697.068,276.066,0.999,274.067,2.054,1833,1577,80.0,1,0,57.8
18,fixed_split_mlp_covertype,stable,h3,1776520490698.053,1776520490771.882,73.828,1.001,70.923,1.759,1833,1577,80.0,0,0,56.8
19,fixed_split_mlp_covertype,stable,h3,1776520490776.887,1776520491024.173,247.286,0.996,245.288,2.576,1833,1577,80.0,1,0,62.2
20,fixed_split_mlp_covertype,stable,h3,1776520491025.398,1776520492129.673,1104.275,1.037,1102.241,1.854,1833,1577,80.0,1,0,15.1
21,fixed_split_mlp_covertype,stable,h3,1776520492132.684,1776520492251.782,119.098,0.986,115.160,1.845,1833,1577,80.0,1,0,80.3
22,fixed_split_mlp_covertype,stable,h3,1776520492256.784,1776520492350.330,93.546,1.002,90.532,1.921,1833,1577,80.0,1,0,82.7
23,fixed_split_mlp_covertype,stable,h3,1776520492354.305,1776520492453.815,99.510,0.000,98.509,1.941,1833,1577,80.0,1,0,74.1
24,fixed_split_mlp_covertype,stable,h3,1776520492454.816,1776520492588.326,133.510,0.000,131.508,1.930,1833,1577,80.0,1,0,74.5
25,fixed_split_mlp_covertype,stable,h3,1776520492589.324,1776520492682.438,93.114,0.000,92.114,1.878,1833,1577,80.0,1,0,68.8
26,fixed_split_mlp_covertype,stable,h3,1776520492684.439,1776520492850.452,166.013,0.000,166.013,1.757,1833,1577,80.0,1,0,70.2
27,fixed_split_mlp_covertype,stable,h3,1776520492852.453,1776520492945.254,92.802,0.000,92.802,1.825,1833,1577,80.0,1,0,71.4
28,fixed_split_mlp_covertype,stable,h3,1776520492946.959,1776520493023.959,77.000,0.000,77.000,2.226,1833,1577,80.0,0,0,80.2
29,fixed_split_mlp_covertype,stable,h3,1776520493025.964,1776520493163.978,138.013,0.000,137.011,1.908,1833,1577,80.0,1,0,71.0
30,fixed_split_mlp_covertype,stable,h3,1776520493165.978,1776520493281.483,115.505,0.000,114.504,1.955,1833,1577,80.0,1,0,70.3
31,fixed_split_mlp_covertype,stable,h3,1776520493283.485,1776520493403.993,120.509,0.000,120.509,1.705,1833,1577,80.0,1,0,74.2
32,fixed_split_mlp_covertype,stable,h3,1776520493405.994,1776520493525.510,119.517,0.000,118.516,1.975,1833,1577,80.0,1,0,72.9
33,fixed_split_mlp_covertype,stable,h3,1776520493527.516,1776520493662.536,135.020,0.000,135.020,1.897,1833,1577,80.0,1,0,71.1
34,fixed_split_mlp_covertype,stable,h3,1776520493664.550,1776520493763.041,98.491,0.000,97.504,1.726,1833,1577,80.0,1,0,71.6
35,fixed_split_mlp_covertype,stable,h3,1776520493765.042,1776520493864.551,99.510,0.000,99.510,1.993,1833,1577,80.0,1,0,67.3
36,fixed_split_mlp_covertype,stable,h3,1776520493866.552,1776520494036.064,169.512,0.000,167.508,1.734,1833,1577,80.0,1,0,70.2
37,fixed_split_mlp_covertype,stable,h3,1776520494037.061,1776520494143.077,106.016,0.000,106.016,2.018,1833,1577,80.0,1,0,70.5
38,fixed_split_mlp_covertype,stable,h3,1776520494145.076,1776520494284.582,139.506,0.000,139.506,1.860,1833,1577,80.0,1,0,70.1
39,fixed_split_mlp_covertype,stable,h3,1776520494285.582,1776520494408.093,122.511,1.004,121.508,2.125,1833,1577,80.0,1,0,70.3
40,fixed_split_mlp_covertype,stable,h3,1776520494411.093,1776520494520.599,109.506,0.000,109.506,2.140,1833,1577,80.0,1,0,68.8
41,fixed_split_mlp_covertype,stable,h3,1776520494522.600,1776520494659.621,137.021,0.000,137.021,2.012,1833,1577,80.0,1,0,68.8
42,fixed_split_mlp_covertype,stable,h3,1776520494661.620,1776520494799.713,138.093,0.000,138.093,1.757,1833,1577,80.0,1,0,69.7
43,fixed_split_mlp_covertype,stable,h3,1776520494801.713,1776520494925.220,123.507,0.000,123.507,1.754,1833,1577,80.0,1,0,68.8
44,fixed_split_mlp_covertype,stable,h3,1776520494927.456,1776520495034.732,107.276,0.769,106.507,1.718,1833,1577,80.0,1,0,72.6
45,fixed_split_mlp_covertype,stable,h3,1776520495036.733,1776520495164.994,128.261,0.000,128.261,1.821,1833,1577,80.0,1,0,69.3
46,fixed_split_mlp_covertype,stable,h3,1776520495166.995,1776520495245.537,78.542,0.000,78.542,1.729,1833,1577,80.0,0,0,69.5
47,fixed_split_mlp_covertype,stable,h3,1776520495247.539,1776520495302.539,55.000,0.000,53.999,1.837,1833,1577,80.0,0,0,70.0
48,fixed_split_mlp_covertype,stable,h3,1776520495304.539,1776520495440.052,135.513,0.000,134.511,1.745,1833,1577,80.0,1,0,71.3
49,fixed_split_mlp_covertype,stable,h3,1776520495441.052,1776520495561.928,120.876,1.300,119.577,1.753,1833,1577,80.0,1,0,79.4
50,fixed_split_mlp_covertype,stable,h3,1776520495563.926,1776520495648.438,84.511,0.000,84.511,3.848,1833,1577,80.0,1,0,77.8
51,fixed_split_mlp_covertype,stable,h3,1776520495650.438,1776520495754.943,104.505,0.000,104.505,1.904,1833,1577,80.0,1,0,73.6
52,fixed_split_mlp_covertype,stable,h3,1776520495756.959,1776520495873.988,117.029,0.000,115.044,1.784,1833,1577,80.0,1,0,75.4
53,fixed_split_mlp_covertype,stable,h3,1776520495874.988,1776520496006.496,131.508,1.000,130.508,2.040,1833,1577,80.0,1,0,70.5
54,fixed_split_mlp_covertype,stable,h3,1776520496008.494,1776520496122.005,113.511,0.000,112.510,2.048,1833,1577,80.0,1,0,71.9
55,fixed_split_mlp_covertype,stable,h3,1776520496124.007,1776520496198.122,74.115,0.000,73.115,2.089,1833,1577,80.0,0,0,71.4
56,fixed_split_mlp_covertype,stable,h3,1776520496199.122,1776520496391.144,192.022,1.001,191.021,1.780,1833,1577,80.0,1,0,69.6
57,fixed_split_mlp_covertype,stable,h3,1776520496393.144,1776520496500.186,107.043,0.000,106.041,1.912,1833,1577,80.0,1,0,68.1
58,fixed_split_mlp_covertype,stable,h3,1776520496502.187,1776520496595.694,93.508,1.000,91.506,1.825,1833,1577,80.0,1,0,71.9
59,fixed_split_mlp_covertype,stable,h3,1776520496596.695,1776520496734.651,137.956,0.000,137.956,1.745,1833,1577,80.0,1,0,69.2
60,fixed_split_mlp_covertype,stable,h3,1776520496737.099,1776520496847.703,110.604,0.000,110.052,1.999,1833,1577,80.0,1,0,73.2
61,fixed_split_mlp_covertype,stable,h3,1776520496849.704,1776520496977.230,127.526,0.000,125.520,4.196,1833,1577,80.0,1,0,71.3
62,fixed_split_mlp_covertype,stable,h3,1776520496978.229,1776520497126.739,148.510,1.000,146.506,2.104,1833,1577,80.0,1,0,71.2
63,fixed_split_mlp_covertype,stable,h3,1776520497128.738,1776520497223.247,94.510,0.000,93.509,1.846,1833,1577,80.0,1,0,69.8
64,fixed_split_mlp_covertype,stable,h3,1776520497225.247,1776520497383.266,158.018,0.000,157.017,1.861,1833,1577,80.0,1,0,68.9
65,fixed_split_mlp_covertype,stable,h3,1776520497384.265,1776520497517.375,133.110,0.000,132.109,1.901,1833,1577,80.0,1,0,69.9
66,fixed_split_mlp_covertype,stable,h3,1776520497519.374,1776520497617.884,98.510,0.000,97.509,1.901,1833,1577,80.0,1,0,69.4
67,fixed_split_mlp_covertype,stable,h3,1776520497619.884,1776520497695.395,75.512,0.000,74.512,1.882,1833,1577,80.0,0,0,84.3
68,fixed_split_mlp_covertype,stable,h3,1776520497697.396,1776520497744.916,47.520,0.000,46.509,2.418,1833,1577,80.0,0,0,71.9
69,fixed_split_mlp_covertype,stable,h3,1776520497747.253,1776520497878.428,131.175,0.000,130.507,2.161,1833,1577,80.0,1,0,76.6
70,fixed_split_mlp_covertype,stable,h3,1776520497880.429,1776520497976.795,96.366,0.000,95.363,2.014,1833,1577,80.0,1,0,72.2
71,fixed_split_mlp_covertype,stable,h3,1776520497978.793,1776520498096.563,117.770,0.000,117.770,1.936,1833,1577,80.0,1,0,73.6
72,fixed_split_mlp_covertype,stable,h3,1776520498098.564,1776520498175.070,76.506,0.000,76.506,1.774,1833,1577,80.0,0,0,73.4
73,fixed_split_mlp_covertype,stable,h3,1776520498177.209,1776520498276.580,99.370,0.861,97.504,1.959,1833,1577,80.0,1,0,68.1
74,fixed_split_mlp_covertype,stable,h3,1776520498278.576,1776520498374.081,95.505,0.000,94.505,1.744,1833,1577,80.0,1,0,69.5
75,fixed_split_mlp_covertype,stable,h3,1776520498375.082,1776520498492.964,117.882,0.000,115.879,2.077,1833,1577,80.0,1,0,68.1
76,fixed_split_mlp_covertype,stable,h3,1776520498493.963,1776520498669.983,176.020,0.000,173.663,1.813,1833,1577,80.0,1,0,73.3
77,fixed_split_mlp_covertype,stable,h3,1776520498670.979,1776520498792.078,121.099,0.000,120.097,1.734,1833,1577,80.0,1,0,69.3
78,fixed_split_mlp_covertype,stable,h3,1776520498794.077,1776520498891.586,97.509,0.000,97.509,1.821,1833,1577,80.0,1,0,69.7
79,fixed_split_mlp_covertype,stable,h3,1776520498893.585,1776520498991.106,97.521,0.000,96.879,1.829,1833,1577,80.0,1,0,72.2
80,fixed_split_mlp_covertype,stable,h3,1776520498992.107,1776520499102.618,110.511,0.000,109.511,2.100,1833,1577,80.0,1,0,71.3
81,fixed_split_mlp_covertype,stable,h3,1776520499105.616,1776520499222.126,116.510,0.000,115.510,1.933,1833,1577,80.0,1,0,68.3
82,fixed_split_mlp_covertype,stable,h3,1776520499223.125,1776520499364.138,141.013,1.001,140.012,2.066,1833,1577,80.0,1,0,70.1
83,fixed_split_mlp_covertype,stable,h3,1776520499366.137,1776520499511.650,145.513,0.000,144.512,1.962,1833,1577,80.0,1,0,70.2
84,fixed_split_mlp_covertype,stable,h3,1776520499512.649,1776520499649.666,137.016,1.000,136.016,1.981,1833,1577,80.0,1,0,75.0
85,fixed_split_mlp_covertype,stable,h3,1776520499651.666,1776520499738.671,87.006,0.000,85.001,1.889,1833,1577,80.0,1,0,68.5
86,fixed_split_mlp_covertype,stable,h3,1776520499740.669,1776520499883.823,143.154,0.000,142.192,2.861,1833,1577,80.0,1,0,75.2
87,fixed_split_mlp_covertype,stable,h3,1776520499885.822,1776520500075.844,190.022,0.000,189.022,1.702,1833,1577,80.0,1,0,73.1
88,fixed_split_mlp_covertype,stable,h3,1776520500077.843,1776520500174.685,96.842,0.000,96.842,2.601,1833,1577,80.0,1,0,75.5
89,fixed_split_mlp_covertype,stable,h3,1776520500177.686,1776520500297.219,119.533,0.000,119.533,2.037,1833,1577,80.0,1,0,71.9
90,fixed_split_mlp_covertype,stable,h3,1776520500299.205,1776520500480.752,181.547,0.000,180.546,1.777,1833,1577,80.0,1,0,71.0
91,fixed_split_mlp_covertype,stable,h3,1776520500482.752,1776520500597.909,115.156,0.000,115.156,2.259,1833,1577,80.0,1,0,71.3
92,fixed_split_mlp_covertype,stable,h3,1776520500598.909,1776520500709.418,110.509,1.004,109.505,1.904,1833,1577,80.0,1,0,72.3
93,fixed_split_mlp_covertype,stable,h3,1776520500711.421,1776520500873.430,162.009,0.000,161.009,1.873,1833,1577,80.0,1,0,71.2
94,fixed_split_mlp_covertype,stable,h3,1776520500874.430,1776520501102.153,227.723,0.000,226.721,2.934,1833,1577,80.0,1,0,64.3
95,fixed_split_mlp_covertype,stable,h3,1776520501103.150,1776520501248.166,145.017,0.997,144.019,1.910,1833,1577,80.0,1,0,66.2
96,fixed_split_mlp_covertype,stable,h3,1776520501250.171,1776520501384.680,134.509,0.000,134.509,1.969,1833,1577,80.0,1,0,69.9
97,fixed_split_mlp_covertype,stable,h3,1776520501386.681,1776520501506.192,119.510,0.999,118.511,2.078,1833,1577,80.0,1,0,68.1
98,fixed_split_mlp_covertype,stable,h3,1776520501508.191,1776520501610.702,102.511,1.000,101.510,1.749,1833,1577,80.0,1,0,70.4
99,fixed_split_mlp_covertype,stable,h3,1776520501612.705,1776520501692.219,79.513,0.000,79.513,1.740,1833,1577,80.0,0,0,68.8
100,fixed_split_mlp_covertype,stable,h3,1776520501694.219,1776520501786.962,92.743,0.000,92.743,1.866,1833,1577,80.0,1,0,70.1
101,fixed_split_mlp_covertype,stable,h3,1776520501788.961,1776520501893.480,104.519,0.000,103.519,1.901,1833,1577,80.0,1,0,77.7
102,fixed_split_mlp_covertype,stable,h3,1776520501894.481,1776520502003.995,109.514,1.004,108.511,1.760,1833,1577,80.0,1,0,70.8
103,fixed_split_mlp_covertype,stable,h3,1776520502005.999,1776520502096.513,90.514,0.000,90.514,3.335,1833,1577,80.0,1,0,68.8
104,fixed_split_mlp_covertype,stable,h3,1776520502098.513,1776520502204.188,105.675,0.000,104.675,4.086,1833,1577,80.0,1,0,85.2
105,fixed_split_mlp_covertype,stable,h3,1776520502205.191,1776520502329.162,123.970,0.000,121.967,2.252,1833,1577,80.0,1,0,71.3
106,fixed_split_mlp_covertype,stable,h3,1776520502330.162,1776520502418.671,88.509,0.000,86.504,1.969,1833,1577,80.0,1,0,71.4
107,fixed_split_mlp_covertype,stable,h3,1776520502420.673,1776520502608.251,187.578,0.000,186.577,1.862,1833,1577,80.0,1,0,70.8
108,fixed_split_mlp_covertype,stable,h3,1776520502610.251,1776520502710.790,100.539,0.000,99.538,1.884,1833,1577,80.0,1,0,73.5
109,fixed_split_mlp_covertype,stable,h3,1776520502712.792,1776520502787.312,74.520,0.000,74.520,2.372,1833,1577,80.0,0,0,77.8
110,fixed_split_mlp_covertype,stable,h3,1776520502789.313,1776520502866.825,77.512,0.000,76.512,5.522,1833,1577,80.0,0,0,82.5
111,fixed_split_mlp_covertype,stable,h3,1776520502868.829,1776520503011.344,142.515,0.000,142.515,1.843,1833,1577,80.0,1,0,73.6
112,fixed_split_mlp_covertype,stable,h3,1776520503012.344,1776520503149.607,137.262,0.999,136.263,1.941,1833,1577,80.0,1,0,72.4
113,fixed_split_mlp_covertype,stable,h3,1776520503152.609,1776520503249.317,96.708,0.000,95.707,2.036,1833,1577,80.0,1,0,68.8
114,fixed_split_mlp_covertype,stable,h3,1776520503251.331,1776520503356.829,105.499,0.000,104.498,2.369,1833,1577,80.0,1,0,70.5
115,fixed_split_mlp_covertype,stable,h3,1776520503357.830,1776520503422.830,64.999,1.001,63.998,2.513,1833,1577,80.0,0,0,70.3
116,fixed_split_mlp_covertype,stable,h3,1776520503423.829,1776520503551.854,128.025,1.001,127.024,4.611,1833,1577,80.0,1,0,75.0
117,fixed_split_mlp_covertype,stable,h3,1776520503553.855,1776520503655.369,101.514,0.000,99.511,2.017,1833,1577,80.0,1,0,74.1
118,fixed_split_mlp_covertype,stable,h3,1776520503656.366,1776520503784.881,128.515,0.000,127.513,3.553,1833,1577,80.0,1,0,71.1
119,fixed_split_mlp_covertype,stable,h3,1776520503785.880,1776520503959.909,174.029,1.000,173.029,2.378,1833,1577,80.0,1,0,74.3
120,fixed_split_mlp_covertype,stable,h3,1776520503961.906,1776520504114.485,152.579,0.000,151.578,1.865,1833,1577,80.0,1,0,73.5
121,fixed_split_mlp_covertype,stable,h3,1776520504116.489,1776520504214.049,97.559,0.000,96.559,1.967,1833,1577,80.0,1,0,72.3
122,fixed_split_mlp_covertype,stable,h3,1776520504216.052,1776520504346.308,130.256,0.000,128.255,1.949,1833,1577,80.0,1,0,69.8
123,fixed_split_mlp_covertype,stable,h3,1776520504347.305,1776520504432.372,85.067,0.000,83.067,1.997,1833,1577,80.0,1,0,75.0
124,fixed_split_mlp_covertype,stable,h3,1776520504434.375,1776520504528.098,93.723,0.000,93.723,1.805,1833,1577,80.0,1,0,78.8
125,fixed_split_mlp_covertype,stable,h3,1776520504530.034,1776520504587.670,57.635,1.002,55.633,1.918,1833,1577,80.0,0,0,75.4
126,fixed_split_mlp_covertype,stable,h3,1776520504588.671,1776520504673.179,84.508,1.099,82.409,2.052,1833,1577,80.0,1,0,75.6
127,fixed_split_mlp_covertype,stable,h3,1776520504674.180,1776520504811.942,137.762,0.000,135.758,2.083,1833,1577,80.0,1,0,71.1
128,fixed_split_mlp_covertype,stable,h3,1776520504813.942,1776520504932.582,118.639,0.000,118.639,2.008,1833,1577,80.0,1,0,73.6
129,fixed_split_mlp_covertype,stable,h3,1776520504934.522,1776520505089.005,154.483,0.000,152.366,2.024,1833,1577,80.0,1,0,71.2
130,fixed_split_mlp_covertype,stable,h3,1776520505090.073,1776520505145.638,55.564,0.934,54.630,1.779,1833,1577,80.0,0,0,67.3
131,fixed_split_mlp_covertype,stable,h3,1776520505147.732,1776520505199.133,51.401,0.000,49.381,2.229,1833,1577,80.0,0,0,78.8
132,fixed_split_mlp_covertype,stable,h3,1776520505201.028,1776520505327.714,126.686,1.002,124.667,2.559,1833,1577,80.0,1,0,72.1
133,fixed_split_mlp_covertype,stable,h3,1776520505329.639,1776520505476.856,147.217,0.000,147.217,1.828,1833,1577,80.0,1,0,69.7
134,fixed_split_mlp_covertype,stable,h3,1776520505478.869,1776520505565.439,86.570,0.000,86.570,1.885,1833,1577,80.0,1,0,69.8
135,fixed_split_mlp_covertype,stable,h3,1776520505567.497,1776520505667.047,99.550,0.000,98.487,1.806,1833,1577,80.0,1,0,69.9
136,fixed_split_mlp_covertype,stable,h3,1776520505668.043,1776520505743.990,75.947,0.000,75.002,1.951,1833,1577,80.0,0,0,72.5
137,fixed_split_mlp_covertype,stable,h3,1776520505746.493,1776520505838.501,92.008,0.000,92.008,1.791,1833,1577,80.0,1,0,71.4
138,fixed_split_mlp_covertype,stable,h3,1776520505840.502,1776520505923.009,82.506,1.003,80.503,1.804,1833,1577,80.0,1,0,73.2
139,fixed_split_mlp_covertype,stable,h3,1776520505925.010,1776520506022.526,97.515,0.000,97.515,1.945,1833,1577,80.0,1,0,71.9
140,fixed_split_mlp_covertype,stable,h3,1776520506024.527,1776520506174.168,149.641,0.000,149.641,1.775,1833,1577,80.0,1,0,69.4
141,fixed_split_mlp_covertype,stable,h3,1776520506176.171,1776520506280.163,103.992,0.000,102.992,1.971,1833,1577,80.0,1,0,71.9
142,fixed_split_mlp_covertype,stable,h3,1776520506282.165,1776520506400.675,118.510,0.000,117.509,1.937,1833,1577,80.0,1,0,74.8
143,fixed_split_mlp_covertype,stable,h3,1776520506402.676,1776520506520.193,117.517,0.000,117.517,1.921,1833,1577,80.0,1,0,73.9
144,fixed_split_mlp_covertype,stable,h3,1776520506522.194,1776520506600.708,78.514,0.000,78.514,1.739,1833,1577,80.0,0,0,70.0
145,fixed_split_mlp_covertype,stable,h3,1776520506602.709,1776520506710.352,107.643,0.000,106.639,1.900,1833,1577,80.0,1,0,71.4
146,fixed_split_mlp_covertype,stable,h3,1776520506712.351,1776520506811.898,99.547,0.000,99.547,1.873,1833,1577,80.0,1,0,76.3
147,fixed_split_mlp_covertype,stable,h3,1776520506813.832,1776520506940.354,126.522,0.000,126.522,1.906,1833,1577,80.0,1,0,71.3
148,fixed_split_mlp_covertype,stable,h3,1776520506942.356,1776520507041.866,99.510,0.000,97.508,1.781,1833,1577,80.0,1,0,70.3
149,fixed_split_mlp_covertype,stable,h3,1776520507043.866,1776520507166.899,123.034,0.000,122.034,2.043,1833,1577,80.0,1,0,70.1
150,fixed_split_mlp_covertype,stable,h3,1776520507167.899,1776520507303.438,135.538,0.000,133.534,2.242,1833,1577,80.0,1,0,76.9
151,fixed_split_mlp_covertype,stable,h3,1776520507305.442,1776520507463.463,158.021,1.000,157.021,1.897,1833,1577,80.0,1,0,84.1
152,fixed_split_mlp_covertype,stable,h3,1776520507466.466,1776520507557.985,91.519,0.000,90.516,2.044,1833,1577,80.0,1,0,77.1
153,fixed_split_mlp_covertype,stable,h3,1776520507559.985,1776520507669.502,109.516,0.000,108.513,2.073,1833,1577,80.0,1,0,79.5
154,fixed_split_mlp_covertype,stable,h3,1776520507671.504,1776520507763.637,92.133,1.002,90.130,2.027,1833,1577,80.0,1,0,70.5
155,fixed_split_mlp_covertype,stable,h3,1776520507764.634,1776520507901.149,136.515,0.000,135.514,2.281,1833,1577,80.0,1,0,68.3
156,fixed_split_mlp_covertype,stable,h3,1776520507904.149,1776520507990.666,86.516,0.000,86.516,2.828,1833,1577,80.0,1,0,70.0
157,fixed_split_mlp_covertype,stable,h3,1776520507991.667,1776520508131.496,139.829,0.000,138.516,1.939,1833,1577,80.0,1,0,70.3
158,fixed_split_mlp_covertype,stable,h3,1776520508133.501,1776520508216.007,82.506,0.000,82.506,1.898,1833,1577,80.0,1,0,69.8
159,fixed_split_mlp_covertype,stable,h3,1776520508218.489,1776520508360.744,142.255,0.922,140.330,1.833,1833,1577,80.0,1,0,68.8
160,fixed_split_mlp_covertype,stable,h3,1776520508361.742,1776520508510.252,148.510,1.003,147.507,1.964,1833,1577,80.0,1,0,70.4
161,fixed_split_mlp_covertype,stable,h3,1776520508512.251,1776520508662.318,150.066,0.000,148.062,1.781,1833,1577,80.0,1,0,69.4
162,fixed_split_mlp_covertype,stable,h3,1776520508664.318,1776520508771.849,107.531,0.000,107.531,1.865,1833,1577,80.0,1,0,68.7
163,fixed_split_mlp_covertype,stable,h3,1776520508772.848,1776520508864.369,91.521,1.000,89.522,1.849,1833,1577,80.0,1,0,77.6
164,fixed_split_mlp_covertype,stable,h3,1776520508866.371,1776520508978.888,112.517,0.000,111.512,1.765,1833,1577,80.0,1,0,74.4
165,fixed_split_mlp_covertype,stable,h3,1776520508980.885,1776520509100.603,119.717,0.000,119.717,1.954,1833,1577,80.0,1,0,77.2
166,fixed_split_mlp_covertype,stable,h3,1776520509102.586,1776520509224.158,121.571,0.000,119.568,1.904,1833,1577,80.0,1,0,74.4
167,fixed_split_mlp_covertype,stable,h3,1776520509226.160,1776520509321.159,94.999,0.000,94.999,1.859,1833,1577,80.0,1,0,80.8
168,fixed_split_mlp_covertype,stable,h3,1776520509323.163,1776520509381.696,58.533,0.000,57.534,1.753,1833,1577,80.0,0,0,72.6
169,fixed_split_mlp_covertype,stable,h3,1776520509383.700,1776520509583.401,199.701,0.000,198.701,2.324,1833,1577,80.0,1,0,72.0
170,fixed_split_mlp_covertype,stable,h3,1776520509584.401,1776520509672.043,87.642,1.071,86.571,1.786,1833,1577,80.0,1,0,70.1
171,fixed_split_mlp_covertype,stable,h3,1776520509674.043,1776520509810.317,136.273,0.000,136.273,1.888,1833,1577,80.0,1,0,72.4
172,fixed_split_mlp_covertype,stable,h3,1776520509812.314,1776520509910.830,98.515,1.002,96.512,2.133,1833,1577,80.0,1,0,69.1
173,fixed_split_mlp_covertype,stable,h3,1776520509912.830,1776520510097.846,185.016,0.000,184.016,1.837,1833,1577,80.0,1,0,72.0
174,fixed_split_mlp_covertype,stable,h3,1776520510099.846,1776520510213.362,113.515,0.000,113.515,2.283,1833,1577,80.0,1,0,68.9
175,fixed_split_mlp_covertype,stable,h3,1776520510215.364,1776520510299.887,84.524,0.000,83.523,1.977,1833,1577,80.0,1,0,72.2
176,fixed_split_mlp_covertype,stable,h3,1776520510301.889,1776520510459.191,157.302,0.000,157.302,2.405,1833,1577,80.0,1,0,75.6
177,fixed_split_mlp_covertype,stable,h3,1776520510461.193,1776520510561.700,100.507,1.000,98.509,1.781,1833,1577,80.0,1,0,74.3
178,fixed_split_mlp_covertype,stable,h3,1776520510562.702,1776520510716.216,153.514,0.000,152.511,1.956,1833,1577,80.0,1,0,70.1
179,fixed_split_mlp_covertype,stable,h3,1776520510718.219,1776520510801.762,83.543,0.000,82.727,2.242,1833,1577,80.0,1,0,68.7
180,fixed_split_mlp_covertype,stable,h3,1776520510803.756,1776520510914.242,110.487,0.000,110.487,2.846,1833,1577,80.0,1,0,69.6
181,fixed_split_mlp_covertype,stable,h3,1776520510916.241,1776520511021.753,105.511,0.000,104.507,1.927,1833,1577,80.0,1,0,71.4
182,fixed_split_mlp_covertype,stable,h3,1776520511023.756,1776520511194.783,171.027,0.000,169.029,1.875,1833,1577,80.0,1,0,69.3
183,fixed_split_mlp_covertype,stable,h3,1776520511196.787,1776520511356.926,160.139,0.000,159.136,3.091,1833,1577,80.0,1,0,72.7
184,fixed_split_mlp_covertype,stable,h3,1776520511357.924,1776520511499.760,141.836,1.002,139.836,2.054,1833,1577,80.0,1,0,71.0
185,fixed_split_mlp_covertype,stable,h3,1776520511500.761,1776520511611.280,110.519,0.999,108.518,1.682,1833,1577,80.0,1,0,73.7
186,fixed_split_mlp_covertype,stable,h3,1776520511613.538,1776520511718.854,105.315,0.741,103.574,1.876,1833,1577,80.0,1,0,84.8
187,fixed_split_mlp_covertype,stable,h3,1776520511719.853,1776520511849.882,130.029,1.003,128.523,1.844,1833,1577,80.0,1,0,78.3
188,fixed_split_mlp_covertype,stable,h3,1776520511851.888,1776520511975.406,123.519,0.000,122.515,1.894,1833,1577,80.0,1,0,80.6
189,fixed_split_mlp_covertype,stable,h3,1776520511977.405,1776520512094.915,117.510,1.002,115.509,1.722,1833,1577,80.0,1,0,71.1
190,fixed_split_mlp_covertype,stable,h3,1776520512096.961,1776520512284.958,187.997,0.000,187.997,1.751,1833,1577,80.0,1,0,88.8
191,fixed_split_mlp_covertype,stable,h3,1776520512287.956,1776520512337.872,49.917,1.005,48.911,1.867,1833,1577,80.0,0,0,100.0
192,fixed_split_mlp_covertype,stable,h3,1776520512339.845,1776520512476.715,136.870,0.000,135.609,1.899,1833,1577,80.0,1,0,97.0
193,fixed_split_mlp_covertype,stable,h3,1776520512478.719,1776520512624.230,145.511,0.000,144.511,1.811,1833,1577,80.0,1,0,84.0
194,fixed_split_mlp_covertype,stable,h3,1776520512626.231,1776520512770.914,144.682,0.000,144.682,1.971,1833,1577,80.0,1,0,68.8
195,fixed_split_mlp_covertype,stable,h3,1776520512772.915,1776520512899.427,126.512,0.000,126.512,2.005,1833,1577,80.0,1,0,69.6
196,fixed_split_mlp_covertype,stable,h3,1776520512901.492,1776520513060.035,158.543,0.000,156.602,1.940,1833,1577,80.0,1,0,68.9
197,fixed_split_mlp_covertype,stable,h3,1776520513062.033,1776520513163.165,101.132,0.000,101.132,1.935,1833,1577,80.0,1,0,78.1
198,fixed_split_mlp_covertype,stable,h3,1776520513165.164,1776520513279.417,114.252,0.000,113.251,2.002,1833,1577,80.0,1,0,80.9
199,fixed_split_mlp_covertype,stable,h3,1776520513281.703,1776520513389.704,108.001,0.000,106.872,1.849,1833,1577,80.0,1,0,79.6
200,fixed_split_mlp_covertype,stable,h3,1776520513390.701,1776520513533.213,142.512,1.003,141.509,1.883,1833,1577,80.0,1,0,72.2
201,fixed_split_mlp_covertype,stable,h3,1776520513535.213,1776520513617.724,82.511,0.000,81.510,1.737,1833,1577,80.0,1,0,70.0
202,fixed_split_mlp_covertype,stable,h3,1776520513618.723,1776520513723.254,104.531,1.001,103.530,1.673,1833,1577,80.0,1,0,69.6
203,fixed_split_mlp_covertype,stable,h3,1776520513725.273,1776520513815.015,89.741,0.000,87.757,1.870,1833,1577,80.0,1,0,76.0
204,fixed_split_mlp_covertype,stable,h3,1776520513817.017,1776520513968.907,151.890,0.000,151.890,1.960,1833,1577,80.0,1,0,76.7
205,fixed_split_mlp_covertype,stable,h3,1776520513970.909,1776520514039.427,68.517,0.000,67.513,1.829,1833,1577,80.0,0,0,92.2
206,fixed_split_mlp_covertype,stable,h3,1776520514042.472,1776520514216.458,173.986,0.956,172.030,1.948,1833,1577,80.0,1,0,75.3
207,fixed_split_mlp_covertype,stable,h3,1776520514218.621,1776520514275.129,56.508,0.000,55.507,1.782,1833,1577,80.0,0,0,72.6
208,fixed_split_mlp_covertype,stable,h3,1776520514276.133,1776520514363.640,87.507,0.997,85.510,1.811,1833,1577,80.0,1,0,70.4
209,fixed_split_mlp_covertype,stable,h3,1776520514365.640,1776520514491.155,125.515,0.000,124.511,1.975,1833,1577,80.0,1,0,70.0
210,fixed_split_mlp_covertype,stable,h3,1776520514492.153,1776520514595.663,103.510,1.000,102.510,1.878,1833,1577,80.0,1,0,70.8
211,fixed_split_mlp_covertype,stable,h3,1776520514597.663,1776520514729.178,131.515,0.000,131.515,1.825,1833,1577,80.0,1,0,78.5
212,fixed_split_mlp_covertype,stable,h3,1776520514731.188,1776520514863.290,132.102,0.994,131.108,1.869,1833,1577,80.0,1,0,75.8
213,fixed_split_mlp_covertype,stable,h3,1776520514866.290,1776520514987.798,121.509,0.000,121.509,2.228,1833,1577,80.0,1,0,75.0
214,fixed_split_mlp_covertype,stable,h3,1776520514989.802,1776520515122.313,132.511,0.000,132.511,1.825,1833,1577,80.0,1,0,68.8
215,fixed_split_mlp_covertype,stable,h3,1776520515124.312,1776520515199.833,75.521,0.000,74.519,1.884,1833,1577,80.0,0,0,68.8
216,fixed_split_mlp_covertype,stable,h3,1776520515201.832,1776520515320.702,118.870,0.000,117.869,2.481,1833,1577,80.0,1,0,73.5
217,fixed_split_mlp_covertype,stable,h3,1776520515321.703,1776520515434.617,112.914,1.001,111.913,1.960,1833,1577,80.0,1,0,73.1
218,fixed_split_mlp_covertype,stable,h3,1776520515435.616,1776520515560.699,125.083,0.000,123.083,2.015,1833,1577,80.0,1,0,68.8
219,fixed_split_mlp_covertype,stable,h3,1776520515562.697,1776520515663.212,100.515,0.000,98.513,1.916,1833,1577,80.0,1,0,68.8
220,fixed_split_mlp_covertype,stable,h3,1776520515664.212,1776520515756.727,92.515,0.000,91.512,1.903,1833,1577,80.0,1,0,79.4
221,fixed_split_mlp_covertype,stable,h3,1776520515758.729,1776520515965.125,206.396,0.000,204.408,1.917,1833,1577,80.0,1,0,68.5
222,fixed_split_mlp_covertype,stable,h3,1776520515966.124,1776520516063.628,97.504,1.001,96.503,1.914,1833,1577,80.0,1,0,68.3
223,fixed_split_mlp_covertype,stable,h3,1776520516064.628,1776520516198.141,133.513,0.000,132.513,2.105,1833,1577,80.0,1,0,74.5
224,fixed_split_mlp_covertype,stable,h3,1776520516200.140,1776520516290.647,90.506,0.000,89.507,1.905,1833,1577,80.0,1,0,73.5
225,fixed_split_mlp_covertype,stable,h3,1776520516292.647,1776520516372.154,79.507,0.000,79.507,2.048,1833,1577,80.0,0,0,81.1
226,fixed_split_mlp_covertype,stable,h3,1776520516375.155,1776520516472.664,97.509,0.000,96.507,1.710,1833,1577,80.0,1,0,70.5
227,fixed_split_mlp_covertype,stable,h3,1776520516475.661,1776520516617.168,141.506,0.000,141.506,1.850,1833,1577,80.0,1,0,71.9
228,fixed_split_mlp_covertype,stable,h3,1776520516619.167,1776520516735.674,116.506,0.000,115.506,1.988,1833,1577,80.0,1,0,72.1
229,fixed_split_mlp_covertype,stable,h3,1776520516737.677,1776520516851.184,113.508,0.000,113.508,1.878,1833,1577,80.0,1,0,70.8
230,fixed_split_mlp_covertype,stable,h3,1776520516852.686,1776520517028.197,175.510,0.000,174.508,1.877,1833,1577,80.0,1,0,72.8
231,fixed_split_mlp_covertype,stable,h3,1776520517030.197,1776520517155.212,125.015,0.000,125.015,2.042,1833,1577,80.0,1,0,73.1
232,fixed_split_mlp_covertype,stable,h3,1776520517157.211,1776520517326.718,169.507,0.000,167.506,2.031,1833,1577,80.0,1,0,69.7
233,fixed_split_mlp_covertype,stable,h3,1776520517328.719,1776520517455.734,127.016,0.000,127.016,1.971,1833,1577,80.0,1,0,71.1
234,fixed_split_mlp_covertype,stable,h3,1776520517457.734,1776520517586.241,128.507,0.000,127.507,1.913,1833,1577,80.0,1,0,69.0
235,fixed_split_mlp_covertype,stable,h3,1776520517588.241,1776520517670.750,82.509,0.000,82.509,2.125,1833,1577,80.0,1,0,72.9
236,fixed_split_mlp_covertype,stable,h3,1776520517672.750,1776520517803.258,130.508,0.000,128.509,1.758,1833,1577,80.0,1,0,69.8
237,fixed_split_mlp_covertype,stable,h3,1776520517804.258,1776520517969.279,165.021,1.001,163.020,1.975,1833,1577,80.0,1,0,78.7
238,fixed_split_mlp_covertype,stable,h3,1776520517971.279,1776520518101.791,130.512,0.000,129.513,1.898,1833,1577,80.0,1,0,76.3
239,fixed_split_mlp_covertype,stable,h3,1776520518103.791,1776520518223.298,119.507,1.016,117.491,2.291,1833,1577,80.0,1,0,71.9
240,fixed_split_mlp_covertype,stable,h3,1776520518225.298,1776520518347.810,122.512,0.000,122.512,2.394,1833,1577,80.0,1,0,70.5
241,fixed_split_mlp_covertype,stable,h3,1776520518349.809,1776520518460.827,111.018,0.000,110.017,1.737,1833,1577,80.0,1,0,73.5
242,fixed_split_mlp_covertype,stable,h3,1776520518461.827,1776520518581.337,119.510,1.000,118.511,2.317,1833,1577,80.0,1,0,71.3
243,fixed_split_mlp_covertype,stable,h3,1776520518583.335,1776520518672.373,89.038,1.000,87.035,2.731,1833,1577,80.0,1,0,74.0
244,fixed_split_mlp_covertype,stable,h3,1776520518674.370,1776520518765.865,91.495,0.000,91.495,1.956,1833,1577,80.0,1,0,68.8
245,fixed_split_mlp_covertype,stable,h3,1776520518767.865,1776520518893.372,125.507,0.000,123.507,1.937,1833,1577,80.0,1,0,69.0
246,fixed_split_mlp_covertype,stable,h3,1776520518895.372,1776520519043.887,148.515,0.000,148.515,2.001,1833,1577,80.0,1,0,71.9
247,fixed_split_mlp_covertype,stable,h3,1776520519045.887,1776520519152.898,107.011,0.000,106.011,1.968,1833,1577,80.0,1,0,71.4
248,fixed_split_mlp_covertype,stable,h3,1776520519154.902,1776520519258.415,103.513,1.003,102.510,1.813,1833,1577,80.0,1,0,70.5
249,fixed_split_mlp_covertype,stable,h3,1776520519260.415,1776520519321.416,61.000,0.000,60.001,1.795,1833,1577,80.0,0,0,74.1
250,fixed_split_mlp_covertype,stable,h3,1776520519324.417,1776520519426.645,102.228,0.000,102.228,1.807,1833,1577,80.0,1,0,78.8
251,fixed_split_mlp_covertype,stable,h3,1776520519428.638,1776520519533.147,104.509,0.000,103.509,1.795,1833,1577,80.0,1,0,72.0
252,fixed_split_mlp_covertype,stable,h3,1776520519535.147,1776520519648.949,113.802,0.000,113.802,1.731,1833,1577,80.0,1,0,69.3
253,fixed_split_mlp_covertype,stable,h3,1776520519650.950,1776520519766.976,116.025,0.000,114.021,1.786,1833,1577,80.0,1,0,71.3
254,fixed_split_mlp_covertype,stable,h3,1776520519767.972,1776520519880.478,112.506,0.000,110.506,2.692,1833,1577,80.0,1,0,69.0
255,fixed_split_mlp_covertype,stable,h3,1776520519882.478,1776520520085.330,202.852,0.000,202.852,1.947,1833,1577,80.0,1,0,73.7
256,fixed_split_mlp_covertype,stable,h3,1776520520087.337,1776520520195.843,108.506,0.000,107.501,2.012,1833,1577,80.0,1,0,78.1
257,fixed_split_mlp_covertype,stable,h3,1776520520196.840,1776520520307.359,110.520,1.001,109.519,1.697,1833,1577,80.0,1,0,70.3
258,fixed_split_mlp_covertype,stable,h3,1776520520309.360,1776520520397.979,88.620,0.000,87.620,1.864,1833,1577,80.0,1,0,73.8
259,fixed_split_mlp_covertype,stable,h3,1776520520398.977,1776520520484.801,85.824,1.000,83.824,2.150,1833,1577,80.0,1,0,70.8
260,fixed_split_mlp_covertype,stable,h3,1776520520486.136,1776520520554.125,67.990,1.196,66.324,1.812,1833,1577,80.0,0,0,68.8
261,fixed_split_mlp_covertype,stable,h3,1776520520556.125,1776520520720.636,164.511,0.000,163.947,2.387,1833,1577,80.0,1,0,71.2
262,fixed_split_mlp_covertype,stable,h3,1776520520721.634,1776520520810.795,89.161,1.001,88.160,1.860,1833,1577,80.0,1,0,71.3
263,fixed_split_mlp_covertype,stable,h3,1776520520812.795,1776520520912.304,99.509,0.000,99.509,1.915,1833,1577,80.0,1,0,69.4
264,fixed_split_mlp_covertype,stable,h3,1776520520914.303,1776520521042.822,128.519,0.000,128.519,2.079,1833,1577,80.0,1,0,72.9
265,fixed_split_mlp_covertype,stable,h3,1776520521044.823,1776520521124.331,79.508,0.000,79.508,2.189,1833,1577,80.0,0,0,69.6
266,fixed_split_mlp_covertype,stable,h3,1776520521126.330,1776520521257.348,131.018,0.000,130.013,1.826,1833,1577,80.0,1,0,68.2
267,fixed_split_mlp_covertype,stable,h3,1776520521258.344,1776520521392.849,134.506,0.000,132.504,1.836,1833,1577,80.0,1,0,69.4
268,fixed_split_mlp_covertype,stable,h3,1776520521394.849,1776520521515.358,120.509,0.000,120.509,1.917,1833,1577,80.0,1,0,69.3
269,fixed_split_mlp_covertype,stable,h3,1776520521517.359,1776520521706.982,189.624,0.000,187.621,1.810,1833,1577,80.0,1,0,71.6
270,fixed_split_mlp_covertype,stable,h3,1776520521707.981,1776520521846.491,138.510,0.000,136.506,1.900,1833,1577,80.0,1,0,69.4
271,fixed_split_mlp_covertype,stable,h3,1776520521847.489,1776520521950.018,102.528,1.000,100.528,2.110,1833,1577,80.0,1,0,75.2
272,fixed_split_mlp_covertype,stable,h3,1776520521951.018,1776520522074.031,123.013,0.000,121.012,1.796,1833,1577,80.0,1,0,71.4
273,fixed_split_mlp_covertype,stable,h3,1776520522075.032,1776520522267.048,192.017,0.000,191.015,2.091,1833,1577,80.0,1,0,67.3
274,fixed_split_mlp_covertype,stable,h3,1776520522269.047,1776520522399.554,130.506,0.000,130.506,2.254,1833,1577,80.0,1,0,69.3
275,fixed_split_mlp_covertype,stable,h3,1776520522400.554,1776520522540.063,139.509,1.000,137.508,1.738,1833,1577,80.0,1,0,69.2
276,fixed_split_mlp_covertype,stable,h3,1776520522542.063,1776520522676.079,134.016,0.000,134.016,1.924,1833,1577,80.0,1,0,69.4
277,fixed_split_mlp_covertype,stable,h3,1776520522678.077,1776520522768.606,90.529,0.000,90.529,2.016,1833,1577,80.0,1,0,69.5
278,fixed_split_mlp_covertype,stable,h3,1776520522769.607,1776520522867.124,97.517,1.000,96.517,1.804,1833,1577,80.0,1,0,75.3
279,fixed_split_mlp_covertype,stable,h3,1776520522869.125,1776520522974.154,105.029,0.000,104.025,1.817,1833,1577,80.0,1,0,75.2
280,fixed_split_mlp_covertype,stable,h3,1776520522976.155,1776520523156.174,180.019,0.000,179.014,1.777,1833,1577,80.0,1,0,69.1
281,fixed_split_mlp_covertype,stable,h3,1776520523157.169,1776520523254.669,97.500,0.000,95.000,1.870,1833,1577,80.0,1,0,71.9
282,fixed_split_mlp_covertype,stable,h3,1776520523255.667,1776520523375.174,119.507,0.000,117.505,1.988,1833,1577,80.0,1,0,69.5
283,fixed_split_mlp_covertype,stable,h3,1776520523376.174,1776520523454.684,78.510,0.000,77.510,1.759,1833,1577,80.0,0,0,70.0
284,fixed_split_mlp_covertype,stable,h3,1776520523456.686,1776520523576.190,119.504,0.000,118.506,1.811,1833,1577,80.0,1,0,68.8
285,fixed_split_mlp_covertype,stable,h3,1776520523578.191,1776520523695.702,117.512,0.000,116.508,1.981,1833,1577,80.0,1,0,68.8
286,fixed_split_mlp_covertype,stable,h3,1776520523696.700,1776520523846.210,149.511,0.000,148.509,1.729,1833,1577,80.0,1,0,70.4
287,fixed_split_mlp_covertype,stable,h3,1776520523848.211,1776520523978.222,130.011,0.000,129.010,1.811,1833,1577,80.0,1,0,69.7
288,fixed_split_mlp_covertype,stable,h3,1776520523980.223,1776520524111.735,131.513,0.000,130.510,1.814,1833,1577,80.0,1,0,71.0
289,fixed_split_mlp_covertype,stable,h3,1776520524113.733,1776520524245.243,131.510,0.000,131.510,1.862,1833,1577,80.0,1,0,71.6
290,fixed_split_mlp_covertype,stable,h3,1776520524247.244,1776520524400.257,153.013,0.000,152.012,1.856,1833,1577,80.0,1,0,70.0
291,fixed_split_mlp_covertype,stable,h3,1776520524402.257,1776520524537.766,135.509,0.000,134.506,1.925,1833,1577,80.0,1,0,68.9
292,fixed_split_mlp_covertype,stable,h3,1776520524538.762,1776520524690.779,152.017,0.000,150.013,1.771,1833,1577,80.0,1,0,68.3
293,fixed_split_mlp_covertype,stable,h3,1776520524691.780,1776520524862.807,171.027,0.000,169.248,1.918,1833,1577,80.0,1,0,77.3
294,fixed_split_mlp_covertype,stable,h3,1776520524864.806,1776520525009.314,144.508,0.000,144.508,1.967,1833,1577,80.0,1,0,79.4
295,fixed_split_mlp_covertype,stable,h3,1776520525011.314,1776520525116.825,105.511,0.000,103.508,2.113,1833,1577,80.0,1,0,69.4
296,fixed_split_mlp_covertype,stable,h3,1776520525117.824,1776520525309.841,192.017,1.001,191.016,1.891,1833,1577,80.0,1,0,72.3
297,fixed_split_mlp_covertype,stable,h3,1776520525311.840,1776520525470.857,159.018,0.000,158.017,1.952,1833,1577,80.0,1,0,70.4
298,fixed_split_mlp_covertype,stable,h3,1776520525472.856,1776520525634.368,161.511,0.000,161.511,1.826,1833,1577,80.0,1,0,72.4
299,fixed_split_mlp_covertype,stable,h3,1776520525636.367,1776520525771.386,135.018,0.000,134.016,1.953,1833,1577,80.0,1,0,68.7
300,fixed_split_mlp_covertype,stable,h3,1776520525773.384,1776520525905.893,132.509,0.000,132.509,2.026,1833,1577,80.0,1,0,73.1
301,fixed_split_mlp_covertype,stable,h3,1776520525908.426,1776520526002.404,93.978,0.468,92.510,1.816,1833,1577,80.0,1,0,88.0
302,fixed_split_mlp_covertype,stable,h3,1776520526004.406,1776520526154.835,150.429,0.000,150.429,1.867,1833,1577,80.0,1,0,77.0
303,fixed_split_mlp_covertype,stable,h3,1776520526156.836,1776520526338.342,181.505,0.000,181.505,2.153,1833,1577,80.0,1,0,68.9
304,fixed_split_mlp_covertype,stable,h3,1776520526340.344,1776520526391.850,51.506,0.000,50.506,1.792,1833,1577,80.0,0,0,70.8
305,fixed_split_mlp_covertype,stable,h3,1776520526393.850,1776520526493.362,99.512,0.000,98.509,1.996,1833,1577,80.0,1,0,74.2
306,fixed_split_mlp_covertype,stable,h3,1776520526495.363,1776520526602.869,107.507,0.000,107.507,1.932,1833,1577,80.0,1,0,70.5
307,fixed_split_mlp_covertype,stable,h3,1776520526604.869,1776520526688.322,83.454,0.000,81.452,2.019,1833,1577,80.0,1,0,70.9
308,fixed_split_mlp_covertype,stable,h3,1776520526689.323,1776520526803.835,114.513,0.000,113.513,1.809,1833,1577,80.0,1,0,72.4
309,fixed_split_mlp_covertype,stable,h3,1776520526805.835,1776520526953.852,148.017,0.000,148.017,2.172,1833,1577,80.0,1,0,70.8
310,fixed_split_mlp_covertype,stable,h3,1776520526955.855,1776520527055.364,99.509,0.000,98.508,1.917,1833,1577,80.0,1,0,68.8
311,fixed_split_mlp_covertype,stable,h3,1776520527056.364,1776520527152.365,96.001,1.003,94.998,1.899,1833,1577,80.0,1,0,71.6
312,fixed_split_mlp_covertype,stable,h3,1776520527153.868,1776520527249.874,96.005,0.000,95.005,1.874,1833,1577,80.0,1,0,68.4
313,fixed_split_mlp_covertype,stable,h3,1776520527250.874,1776520527381.018,130.144,1.003,129.141,1.736,1833,1577,80.0,1,0,70.0
314,fixed_split_mlp_covertype,stable,h3,1776520527383.018,1776520527454.020,71.002,0.000,71.002,1.812,1833,1577,80.0,0,0,69.6
315,fixed_split_mlp_covertype,stable,h3,1776520527456.382,1776520527585.888,129.506,0.000,128.504,1.824,1833,1577,80.0,1,0,70.8
316,fixed_split_mlp_covertype,stable,h3,1776520527587.890,1776520527688.396,100.507,0.000,98.506,1.978,1833,1577,80.0,1,0,70.9
317,fixed_split_mlp_covertype,stable,h3,1776520527689.396,1776520527768.906,79.510,1.002,77.505,1.794,1833,1577,80.0,0,0,67.1
318,fixed_split_mlp_covertype,stable,h3,1776520527769.904,1776520527934.411,164.507,0.000,163.506,1.760,1833,1577,80.0,1,0,69.1
319,fixed_split_mlp_covertype,stable,h3,1776520527936.410,1776520528085.718,149.308,0.000,147.300,1.892,1833,1577,80.0,1,0,69.0
320,fixed_split_mlp_covertype,stable,h3,1776520528086.711,1776520528161.219,74.507,0.000,72.505,1.766,1833,1577,80.0,0,0,68.8
321,fixed_split_mlp_covertype,stable,h3,1776520528163.218,1776520528303.728,140.510,0.000,140.510,1.768,1833,1577,80.0,1,0,68.8
322,fixed_split_mlp_covertype,stable,h3,1776520528305.727,1776520528399.234,93.507,0.000,93.507,1.948,1833,1577,80.0,1,0,71.0
323,fixed_split_mlp_covertype,stable,h3,1776520528401.234,1776520528507.392,106.158,1.002,104.150,1.750,1833,1577,80.0,1,0,67.6
324,fixed_split_mlp_covertype,stable,h3,1776520528508.387,1776520528643.902,135.515,0.000,134.193,1.797,1833,1577,80.0,1,0,71.5
325,fixed_split_mlp_covertype,stable,h3,1776520528645.902,1776520528713.406,67.504,0.000,66.504,1.726,1833,1577,80.0,0,0,69.6
326,fixed_split_mlp_covertype,stable,h3,1776520528715.407,1776520528813.917,98.510,0.000,98.510,1.931,1833,1577,80.0,1,0,71.9
327,fixed_split_mlp_covertype,stable,h3,1776520528815.920,1776520528885.425,69.504,0.000,67.157,1.815,1833,1577,80.0,0,0,72.2
328,fixed_split_mlp_covertype,stable,h3,1776520528886.425,1776520528992.333,105.907,0.000,104.907,1.789,1833,1577,80.0,1,0,67.3
329,fixed_split_mlp_covertype,stable,h3,1776520528994.333,1776520529068.513,74.181,0.000,73.180,2.362,1833,1577,80.0,0,0,75.9
330,fixed_split_mlp_covertype,stable,h3,1776520529070.514,1776520529220.023,149.510,0.000,147.506,1.949,1833,1577,80.0,1,0,68.9
331,fixed_split_mlp_covertype,stable,h3,1776520529221.021,1776520529311.529,90.508,1.000,89.508,1.898,1833,1577,80.0,1,0,69.5
332,fixed_split_mlp_covertype,stable,h3,1776520529313.529,1776520529426.035,112.506,0.000,111.506,1.846,1833,1577,80.0,1,0,68.8
333,fixed_split_mlp_covertype,stable,h3,1776520529428.035,1776520529527.542,99.507,1.002,98.505,2.129,1833,1577,80.0,1,0,69.4
334,fixed_split_mlp_covertype,stable,h3,1776520529529.542,1776520529625.049,95.507,0.000,94.507,1.781,1833,1577,80.0,1,0,69.1
335,fixed_split_mlp_covertype,stable,h3,1776520529627.050,1776520529799.064,172.014,0.000,171.014,1.791,1833,1577,80.0,1,0,68.9
336,fixed_split_mlp_covertype,stable,h3,1776520529800.065,1776520529887.570,87.505,1.000,86.505,1.757,1833,1577,80.0,1,0,72.0
337,fixed_split_mlp_covertype,stable,h3,1776520529889.571,1776520529956.079,66.508,0.000,65.507,2.455,1833,1577,80.0,0,0,67.2
338,fixed_split_mlp_covertype,stable,h3,1776520529957.078,1776520530072.840,115.762,1.002,114.104,2.019,1833,1577,80.0,1,0,72.7
339,fixed_split_mlp_covertype,stable,h3,1776520530074.839,1776520530199.350,124.511,0.000,123.508,1.872,1833,1577,80.0,1,0,69.3
340,fixed_split_mlp_covertype,stable,h3,1776520530200.348,1776520530300.863,100.515,0.000,99.513,1.712,1833,1577,80.0,1,0,68.8
341,fixed_split_mlp_covertype,stable,h3,1776520530302.863,1776520530411.369,108.506,0.000,107.506,1.834,1833,1577,80.0,1,0,68.8
342,fixed_split_mlp_covertype,stable,h3,1776520530413.370,1776520530468.876,55.506,0.000,54.507,2.004,1833,1577,80.0,0,0,69.8
343,fixed_split_mlp_covertype,stable,h3,1776520530470.876,1776520530550.879,80.002,0.000,80.002,2.115,1833,1577,80.0,1,0,68.3
344,fixed_split_mlp_covertype,stable,h3,1776520530552.879,1776520530651.263,98.385,0.000,98.385,1.887,1833,1577,80.0,1,0,69.4
345,fixed_split_mlp_covertype,stable,h3,1776520530653.263,1776520530802.276,149.013,0.000,149.013,1.959,1833,1577,80.0,1,0,67.8
346,fixed_split_mlp_covertype,stable,h3,1776520530805.277,1776520530898.782,93.505,0.000,93.505,1.740,1833,1577,80.0,1,0,69.8
347,fixed_split_mlp_covertype,stable,h3,1776520530900.782,1776520531074.799,174.016,0.000,173.013,1.759,1833,1577,80.0,1,0,70.2
348,fixed_split_mlp_covertype,stable,h3,1776520531076.796,1776520531149.002,72.206,0.000,72.206,1.868,1833,1577,80.0,0,0,67.7
349,fixed_split_mlp_covertype,stable,h3,1776520531150.798,1776520531293.809,143.011,0.000,141.003,1.897,1833,1577,80.0,1,0,70.4
350,fixed_split_mlp_covertype,stable,h3,1776520531295.809,1776520531449.318,153.509,0.000,153.509,1.933,1833,1577,80.0,1,0,68.3
351,fixed_split_mlp_covertype,stable,h3,1776520531450.318,1776520531561.338,111.020,1.002,109.015,1.855,1833,1577,80.0,1,0,69.4
352,fixed_split_mlp_covertype,stable,h3,1776520531562.335,1776520531740.847,178.512,0.000,177.512,2.025,1833,1577,80.0,1,0,73.6
353,fixed_split_mlp_covertype,stable,h3,1776520531742.844,1776520531841.360,98.516,0.000,96.512,1.848,1833,1577,80.0,1,0,77.2
354,fixed_split_mlp_covertype,stable,h3,1776520531842.357,1776520531944.867,102.510,0.000,100.506,1.815,1833,1577,80.0,1,0,75.0
355,fixed_split_mlp_covertype,stable,h3,1776520531945.867,1776520532090.880,145.013,1.001,144.012,1.746,1833,1577,80.0,1,0,76.9
356,fixed_split_mlp_covertype,stable,h3,1776520532092.880,1776520532236.387,143.507,0.000,143.507,1.776,1833,1577,80.0,1,0,71.3
357,fixed_split_mlp_covertype,stable,h3,1776520532238.388,1776520532389.407,151.019,0.000,150.016,2.144,1833,1577,80.0,1,0,68.8
358,fixed_split_mlp_covertype,stable,h3,1776520532391.407,1776520532547.921,156.514,1.002,154.511,2.092,1833,1577,80.0,1,0,68.5
359,fixed_split_mlp_covertype,stable,h3,1776520532548.920,1776520532624.427,75.507,1.001,73.506,1.991,1833,1577,80.0,0,0,68.8
360,fixed_split_mlp_covertype,stable,h3,1776520532626.427,1776520532750.943,124.516,0.000,124.516,2.249,1833,1577,80.0,1,0,68.8
361,fixed_split_mlp_covertype,stable,h3,1776520532752.943,1776520532906.954,154.011,1.000,153.012,1.961,1833,1577,80.0,1,0,69.6
362,fixed_split_mlp_covertype,stable,h3,1776520532908.955,1776520533037.460,128.505,0.000,127.505,1.759,1833,1577,80.0,1,0,69.5
363,fixed_split_mlp_covertype,stable,h3,1776520533038.461,1776520533193.480,155.019,0.000,153.017,1.941,1833,1577,80.0,1,0,68.5
364,fixed_split_mlp_covertype,stable,h3,1776520533194.479,1776520533345.988,151.509,0.000,150.508,2.042,1833,1577,80.0,1,0,68.8
365,fixed_split_mlp_covertype,stable,h3,1776520533347.988,1776520533428.495,80.507,0.000,80.507,1.832,1833,1577,80.0,1,0,68.8
366,fixed_split_mlp_covertype,stable,h3,1776520533430.495,1776520533530.005,99.510,0.000,97.508,5.255,1833,1577,80.0,1,0,78.8
367,fixed_split_mlp_covertype,stable,h3,1776520533532.004,1776520533673.029,141.025,0.000,141.025,1.927,1833,1577,80.0,1,0,74.3
368,fixed_split_mlp_covertype,stable,h3,1776520533675.030,1776520533785.471,110.441,0.000,109.440,1.874,1833,1577,80.0,1,0,82.1
369,fixed_split_mlp_covertype,stable,h3,1776520533787.471,1776520533912.988,125.517,0.000,124.517,1.848,1833,1577,80.0,1,0,79.7
370,fixed_split_mlp_covertype,stable,h3,1776520533914.987,1776520534068.007,153.020,0.000,153.020,1.952,1833,1577,80.0,1,0,82.5
371,fixed_split_mlp_covertype,stable,h3,1776520534070.008,1776520534238.517,168.509,0.000,168.509,1.857,1833,1577,80.0,1,0,81.8
372,fixed_split_mlp_covertype,stable,h3,1776520534240.516,1776520534365.545,125.028,0.000,124.024,1.900,1833,1577,80.0,1,0,80.5
373,fixed_split_mlp_covertype,stable,h3,1776520534366.541,1776520534462.050,95.509,0.000,94.509,1.872,1833,1577,80.0,1,0,81.4
374,fixed_split_mlp_covertype,stable,h3,1776520534464.050,1776520534546.054,82.005,0.000,82.005,2.038,1833,1577,80.0,1,0,81.4
375,fixed_split_mlp_covertype,stable,h3,1776520534548.053,1776520534651.562,103.509,0.000,102.506,1.860,1833,1577,80.0,1,0,81.2
376,fixed_split_mlp_covertype,stable,h3,1776520534653.565,1776520534731.596,78.031,0.998,76.029,1.966,1833,1577,80.0,0,0,74.1
377,fixed_split_mlp_covertype,stable,h3,1776520534732.594,1776520534889.613,157.019,0.000,155.160,1.778,1833,1577,80.0,1,0,70.0
378,fixed_split_mlp_covertype,stable,h3,1776520534890.612,1776520534998.119,107.507,1.001,105.505,1.984,1833,1577,80.0,1,0,68.8
379,fixed_split_mlp_covertype,stable,h3,1776520534999.120,1776520535106.626,107.506,0.000,106.508,1.846,1833,1577,80.0,1,0,69.4
380,fixed_split_mlp_covertype,stable,h3,1776520535108.626,1776520535203.136,94.510,0.000,92.506,1.839,1833,1577,80.0,1,0,68.4
381,fixed_split_mlp_covertype,stable,h3,1776520535205.136,1776520535342.645,137.509,0.000,136.509,3.830,1833,1577,80.0,1,0,72.0
382,fixed_split_mlp_covertype,stable,h3,1776520535344.645,1776520535513.660,169.016,1.002,167.010,2.107,1833,1577,80.0,1,0,70.3
383,fixed_split_mlp_covertype,stable,h3,1776520535514.658,1776520535584.164,69.506,1.001,67.505,2.089,1833,1577,80.0,0,0,66.7
384,fixed_split_mlp_covertype,stable,h3,1776520535585.164,1776520535710.673,125.509,0.000,123.508,1.953,1833,1577,80.0,1,0,71.3
385,fixed_split_mlp_covertype,stable,h3,1776520535711.673,1776520535814.180,102.506,1.001,101.505,1.943,1833,1577,80.0,1,0,70.3
386,fixed_split_mlp_covertype,stable,h3,1776520535816.180,1776520535926.686,110.506,0.000,108.505,2.015,1833,1577,80.0,1,0,68.1
387,fixed_split_mlp_covertype,stable,h3,1776520535927.685,1776520536025.198,97.513,1.000,95.507,2.199,1833,1577,80.0,1,0,71.7
388,fixed_split_mlp_covertype,stable,h3,1776520536026.194,1776520536126.700,100.507,1.000,99.507,11.675,1833,1577,80.0,1,0,70.1
389,fixed_split_mlp_covertype,stable,h3,1776520536128.700,1776520536203.210,74.510,0.000,72.507,1.769,1833,1577,80.0,0,0,68.8
390,fixed_split_mlp_covertype,stable,h3,1776520536204.207,1776520536338.713,134.505,0.000,133.502,2.403,1833,1577,80.0,1,0,68.8
391,fixed_split_mlp_covertype,stable,h3,1776520536340.713,1776520536437.220,96.507,0.000,95.504,2.359,1833,1577,80.0,1,0,69.8
392,fixed_split_mlp_covertype,stable,h3,1776520536439.221,1776520536594.238,155.017,0.000,154.434,2.581,1833,1577,80.0,1,0,70.6
393,fixed_split_mlp_covertype,stable,h3,1776520536596.237,1776520536685.746,89.509,0.000,89.509,2.004,1833,1577,80.0,1,0,69.8
394,fixed_split_mlp_covertype,stable,h3,1776520536687.744,1776520536791.255,103.511,0.000,102.510,3.300,1833,1577,80.0,1,0,69.6
395,fixed_split_mlp_covertype,stable,h3,1776520536793.368,1776520536933.767,140.398,0.000,139.956,2.120,1833,1577,80.0,1,0,70.5
396,fixed_split_mlp_covertype,stable,h3,1776520536934.765,1776520537024.271,89.506,1.000,88.507,2.043,1833,1577,80.0,1,0,72.5
397,fixed_split_mlp_covertype,stable,h3,1776520537026.271,1776520537143.783,117.512,0.000,115.510,2.003,1833,1577,80.0,1,0,69.7
398,fixed_split_mlp_covertype,stable,h3,1776520537145.782,1776520537290.795,145.013,0.000,145.013,2.066,1833,1577,80.0,1,0,76.2
399,fixed_split_mlp_covertype,stable,h3,1776520537292.795,1776520537370.305,77.510,0.000,77.510,2.106,1833,1577,80.0,0,0,72.8
400,fixed_split_mlp_covertype,stable,h3,1776520537372.306,1776520537521.815,149.509,0.000,147.505,1.929,1833,1577,80.0,1,0,72.2
401,fixed_split_mlp_covertype,stable,h3,1776520537522.814,1776520537687.833,165.018,0.000,165.018,2.658,1833,1577,80.0,1,0,70.5
402,fixed_split_mlp_covertype,stable,h3,1776520537689.828,1776520537800.338,110.510,0.000,110.510,2.298,1833,1577,80.0,1,0,69.6
403,fixed_split_mlp_covertype,stable,h3,1776520537802.338,1776520537936.851,134.513,1.000,133.512,2.256,1833,1577,80.0,1,0,70.1
404,fixed_split_mlp_covertype,stable,h3,1776520537938.847,1776520538060.863,122.015,0.000,122.015,1.973,1833,1577,80.0,1,0,72.7
405,fixed_split_mlp_covertype,stable,h3,1776520538062.862,1776520538190.971,128.110,0.000,127.106,2.015,1833,1577,80.0,1,0,73.1
406,fixed_split_mlp_covertype,stable,h3,1776520538191.970,1776520538278.481,86.510,1.001,85.510,1.876,1833,1577,80.0,1,0,76.8
407,fixed_split_mlp_covertype,stable,h3,1776520538279.480,1776520538414.997,135.517,1.000,133.510,2.082,1833,1577,80.0,1,0,75.9
408,fixed_split_mlp_covertype,stable,h3,1776520538416.990,1776520538561.004,144.014,0.000,143.015,1.725,1833,1577,80.0,1,0,72.3
409,fixed_split_mlp_covertype,stable,h3,1776520538563.005,1776520538669.516,106.511,0.000,105.508,1.735,1833,1577,80.0,1,0,68.4
410,fixed_split_mlp_covertype,stable,h3,1776520538670.515,1776520538796.024,125.509,0.000,124.116,1.891,1833,1577,80.0,1,0,80.5
411,fixed_split_mlp_covertype,stable,h3,1776520538798.026,1776520538988.040,190.014,0.000,189.014,1.961,1833,1577,80.0,1,0,70.0
412,fixed_split_mlp_covertype,stable,h3,1776520538989.040,1776520539185.054,196.015,1.002,195.013,2.020,1833,1577,80.0,1,0,69.0
413,fixed_split_mlp_covertype,stable,h3,1776520539187.055,1776520539324.563,137.508,0.000,137.508,1.998,1833,1577,80.0,1,0,68.8
414,fixed_split_mlp_covertype,stable,h3,1776520539325.563,1776520539450.079,124.516,0.000,124.516,1.741,1833,1577,80.0,1,0,70.3
415,fixed_split_mlp_covertype,stable,h3,1776520539452.076,1776520539561.095,109.019,0.000,109.019,1.874,1833,1577,80.0,1,0,69.6
416,fixed_split_mlp_covertype,stable,h3,1776520539563.094,1776520539698.090,134.995,0.000,133.995,2.859,1833,1577,80.0,1,0,70.4
417,fixed_split_mlp_covertype,stable,h3,1776520539699.090,1776520539795.598,96.508,1.000,95.507,1.922,1833,1577,80.0,1,0,67.7
418,fixed_split_mlp_covertype,stable,h3,1776520539797.598,1776520539920.108,122.510,0.000,121.510,2.680,1833,1577,80.0,1,0,69.5
419,fixed_split_mlp_covertype,stable,h3,1776520539922.107,1776520540010.620,88.512,0.000,86.509,2.249,1833,1577,80.0,1,0,71.3
420,fixed_split_mlp_covertype,stable,h3,1776520540011.620,1776520540175.225,163.605,1.002,161.600,1.988,1833,1577,80.0,1,0,68.5
421,fixed_split_mlp_covertype,stable,h3,1776520540176.223,1776520540287.742,111.519,1.001,110.518,1.957,1833,1577,80.0,1,0,68.8
422,fixed_split_mlp_covertype,stable,h3,1776520540289.741,1776520540409.248,119.507,0.000,118.834,2.656,1833,1577,80.0,1,0,69.5
423,fixed_split_mlp_covertype,stable,h3,1776520540410.247,1776520540543.763,133.516,0.000,131.513,1.990,1833,1577,80.0,1,0,69.7
424,fixed_split_mlp_covertype,stable,h3,1776520540544.760,1776520540653.271,108.511,1.000,107.511,3.747,1833,1577,80.0,1,0,68.1
425,fixed_split_mlp_covertype,stable,h3,1776520540655.271,1776520540789.002,133.732,0.000,133.732,1.966,1833,1577,80.0,1,0,69.2
426,fixed_split_mlp_covertype,stable,h3,1776520540791.002,1776520540920.511,129.509,0.000,129.509,1.709,1833,1577,80.0,1,0,72.0
427,fixed_split_mlp_covertype,stable,h3,1776520540921.511,1776520541028.816,107.305,1.452,105.305,2.055,1833,1577,80.0,1,0,69.9
428,fixed_split_mlp_covertype,stable,h3,1776520541030.813,1776520541089.323,58.510,0.000,58.510,1.774,1833,1577,80.0,0,0,71.0
429,fixed_split_mlp_covertype,stable,h3,1776520541091.323,1776520541195.835,104.511,0.000,103.508,1.826,1833,1577,80.0,1,0,67.3
430,fixed_split_mlp_covertype,stable,h3,1776520541196.833,1776520541302.341,105.508,1.002,103.505,2.474,1833,1577,80.0,1,0,70.5
431,fixed_split_mlp_covertype,stable,h3,1776520541303.341,1776520541439.845,136.504,0.000,135.504,1.827,1833,1577,80.0,1,0,69.4
432,fixed_split_mlp_covertype,stable,h3,1776520541441.846,1776520541562.863,121.017,0.000,121.017,2.014,1833,1577,80.0,1,0,69.5
433,fixed_split_mlp_covertype,stable,h3,1776520541563.863,1776520541675.373,111.510,1.159,109.346,1.820,1833,1577,80.0,1,0,69.4
434,fixed_split_mlp_covertype,stable,h3,1776520541676.370,1776520541763.876,87.506,0.000,86.506,2.044,1833,1577,80.0,1,0,68.0
435,fixed_split_mlp_covertype,stable,h3,1776520541765.876,1776520541876.386,110.510,0.000,108.506,1.965,1833,1577,80.0,1,0,68.8
436,fixed_split_mlp_covertype,stable,h3,1776520541878.384,1776520542055.903,177.519,0.000,176.518,1.989,1833,1577,80.0,1,0,75.8
437,fixed_split_mlp_covertype,stable,h3,1776520542057.519,1776520542192.132,134.613,0.000,134.613,1.948,1833,1577,80.0,1,0,71.5
438,fixed_split_mlp_covertype,stable,h3,1776520542194.131,1776520542325.640,131.508,0.000,131.508,1.724,1833,1577,80.0,1,0,68.8
439,fixed_split_mlp_covertype,stable,h3,1776520542327.638,1776520542448.147,120.510,0.000,119.509,1.839,1833,1577,80.0,1,0,70.5
440,fixed_split_mlp_covertype,stable,h3,1776520542450.148,1776520542622.691,172.543,0.000,171.543,1.842,1833,1577,80.0,1,0,70.1
441,fixed_split_mlp_covertype,stable,h3,1776520542623.691,1776520542803.707,180.016,0.000,179.012,1.988,1833,1577,80.0,1,0,71.3
442,fixed_split_mlp_covertype,stable,h3,1776520542805.706,1776520543008.729,203.023,0.000,202.192,1.811,1833,1577,80.0,1,0,69.7
443,fixed_split_mlp_covertype,stable,h3,1776520543009.723,1776520543162.735,153.012,0.000,152.010,1.747,1833,1577,80.0,1,0,65.0
444,fixed_split_mlp_covertype,stable,h3,1776520543164.735,1776520543284.246,119.511,0.000,118.509,1.920,1833,1577,80.0,1,0,69.5
445,fixed_split_mlp_covertype,stable,h3,1776520543286.246,1776520543423.754,137.507,0.000,137.507,2.254,1833,1577,80.0,1,0,68.8
446,fixed_split_mlp_covertype,stable,h3,1776520543425.754,1776520543532.771,107.018,0.000,106.018,2.047,1833,1577,80.0,1,0,70.8
447,fixed_split_mlp_covertype,stable,h3,1776520543533.771,1776520543652.203,118.432,1.000,116.426,1.782,1833,1577,80.0,1,0,72.3
448,fixed_split_mlp_covertype,stable,h3,1776520543653.198,1776520543848.216,195.018,1.000,193.016,2.266,1833,1577,80.0,1,0,73.6
449,fixed_split_mlp_covertype,stable,h3,1776520543849.216,1776520543952.723,103.507,0.000,102.506,2.462,1833,1577,80.0,1,0,73.9
450,fixed_split_mlp_covertype,stable,h3,1776520543953.723,1776520544056.234,102.511,1.000,101.511,2.060,1833,1577,80.0,1,0,72.1
451,fixed_split_mlp_covertype,stable,h3,1776520544057.736,1776520544134.741,77.005,0.000,77.005,2.141,1833,1577,80.0,0,0,75.0
452,fixed_split_mlp_covertype,stable,h3,1776520544136.741,1776520544276.771,140.030,0.000,140.030,1.733,1833,1577,80.0,1,0,75.2
453,fixed_split_mlp_covertype,stable,h3,1776520544278.770,1776520544418.804,140.034,0.000,138.031,1.778,1833,1577,80.0,1,0,72.2
454,fixed_split_mlp_covertype,stable,h3,1776520544419.804,1776520544584.818,165.014,1.002,164.012,1.766,1833,1577,80.0,1,0,74.8
455,fixed_split_mlp_covertype,stable,h3,1776520544586.819,1776520544717.564,130.745,0.000,129.740,1.708,1833,1577,80.0,1,0,69.0
456,fixed_split_mlp_covertype,stable,h3,1776520544718.560,1776520544878.574,160.014,1.000,159.013,2.082,1833,1577,80.0,1,0,69.4
457,fixed_split_mlp_covertype,stable,h3,1776520544880.573,1776520544954.575,74.002,0.000,73.000,2.468,1833,1577,80.0,0,0,68.8
458,fixed_split_mlp_covertype,stable,h3,1776520544956.575,1776520545028.089,71.514,0.000,70.510,2.264,1833,1577,80.0,0,0,68.8
459,fixed_split_mlp_covertype,stable,h3,1776520545029.085,1776520545140.595,111.510,0.000,110.508,2.783,1833,1577,80.0,1,0,69.4
460,fixed_split_mlp_covertype,stable,h3,1776520545142.595,1776520545236.105,93.510,0.000,92.504,5.423,1833,1577,80.0,1,0,75.5
461,fixed_split_mlp_covertype,stable,h3,1776520545238.104,1776520545412.120,174.016,0.000,174.016,2.049,1833,1577,80.0,1,0,72.2
462,fixed_split_mlp_covertype,stable,h3,1776520545413.123,1776520545580.138,167.015,1.001,166.014,2.249,1833,1577,80.0,1,0,68.8
463,fixed_split_mlp_covertype,stable,h3,1776520545582.135,1776520545709.648,127.513,0.000,127.513,1.819,1833,1577,80.0,1,0,68.8
464,fixed_split_mlp_covertype,stable,h3,1776520545711.645,1776520545844.161,132.516,0.000,131.510,2.098,1833,1577,80.0,1,0,69.4
465,fixed_split_mlp_covertype,stable,h3,1776520545845.160,1776520546014.177,169.017,0.000,168.014,2.142,1833,1577,80.0,1,0,68.8
466,fixed_split_mlp_covertype,stable,h3,1776520546016.176,1776520546170.190,154.014,0.000,153.013,3.191,1833,1577,80.0,1,0,68.8
467,fixed_split_mlp_covertype,stable,h3,1776520546171.189,1776520546308.696,137.507,1.087,136.420,1.996,1833,1577,80.0,1,0,70.3
468,fixed_split_mlp_covertype,stable,h3,1776520546310.786,1776520546445.208,134.422,0.000,134.422,1.979,1833,1577,80.0,1,0,68.8
469,fixed_split_mlp_covertype,stable,h3,1776520546447.210,1776520546565.858,118.648,0.000,117.643,1.727,1833,1577,80.0,1,0,76.0
470,fixed_split_mlp_covertype,stable,h3,1776520546566.854,1776520546731.373,164.520,1.001,162.515,2.048,1833,1577,80.0,1,0,74.0
471,fixed_split_mlp_covertype,stable,h3,1776520546732.370,1776520546834.880,102.510,1.001,100.508,2.043,1833,1577,80.0,1,0,75.8
472,fixed_split_mlp_covertype,stable,h3,1776520546835.880,1776520546944.399,108.519,0.000,107.511,1.993,1833,1577,80.0,1,0,79.2
473,fixed_split_mlp_covertype,stable,h3,1776520546946.399,1776520547046.909,100.510,0.000,99.508,2.069,1833,1577,80.0,1,0,72.1
474,fixed_split_mlp_covertype,stable,h3,1776520547048.909,1776520547188.923,140.013,0.000,140.013,2.085,1833,1577,80.0,1,0,70.9
475,fixed_split_mlp_covertype,stable,h3,1776520547190.924,1776520547330.432,139.509,0.000,138.507,1.829,1833,1577,80.0,1,0,68.8
476,fixed_split_mlp_covertype,stable,h3,1776520547332.431,1776520547468.445,136.014,0.000,136.014,2.191,1833,1577,80.0,1,0,73.4
477,fixed_split_mlp_covertype,stable,h3,1776520547470.451,1776520547587.556,117.105,0.000,116.104,1.860,1833,1577,80.0,1,0,75.0
478,fixed_split_mlp_covertype,stable,h3,1776520547589.556,1776520547684.787,95.231,0.000,95.231,2.076,1833,1577,80.0,1,0,67.3
479,fixed_split_mlp_covertype,stable,h3,1776520547686.788,1776520547756.789,70.002,0.000,70.002,2.513,1833,1577,80.0,0,0,68.2
480,fixed_split_mlp_covertype,stable,h3,1776520547758.790,1776520547853.306,94.516,0.508,94.008,1.930,1833,1577,80.0,1,0,72.9
481,fixed_split_mlp_covertype,stable,h3,1776520547854.306,1776520547965.319,111.013,0.999,110.014,2.350,1833,1577,80.0,1,0,69.6
482,fixed_split_mlp_covertype,stable,h3,1776520547967.319,1776520548115.830,148.511,1.000,147.511,2.442,1833,1577,80.0,1,0,67.8
483,fixed_split_mlp_covertype,stable,h3,1776520548117.829,1776520548218.941,101.112,0.000,100.112,1.861,1833,1577,80.0,1,0,71.7
484,fixed_split_mlp_covertype,stable,h3,1776520548220.939,1776520548349.623,128.684,0.000,128.684,1.788,1833,1577,80.0,1,0,70.1
485,fixed_split_mlp_covertype,stable,h3,1776520548351.453,1776520548470.162,118.709,0.000,117.709,2.017,1833,1577,80.0,1,0,68.2
486,fixed_split_mlp_covertype,stable,h3,1776520548472.161,1776520548595.673,123.511,0.000,121.507,3.649,1833,1577,80.0,1,0,70.5
487,fixed_split_mlp_covertype,stable,h3,1776520548596.670,1776520548810.960,214.290,0.000,212.261,2.638,1833,1577,80.0,1,0,67.3
488,fixed_split_mlp_covertype,stable,h3,1776520548810.960,1776520548948.467,137.507,1.003,136.504,2.017,1833,1577,80.0,1,0,65.8
489,fixed_split_mlp_covertype,stable,h3,1776520548949.467,1776520549060.486,111.020,1.000,110.020,2.320,1833,1577,80.0,1,0,72.6
490,fixed_split_mlp_covertype,stable,h3,1776520549062.486,1776520549126.490,64.003,0.000,62.000,1.972,1833,1577,80.0,0,0,69.2
491,fixed_split_mlp_covertype,stable,h3,1776520549127.487,1776520549220.998,93.511,1.001,91.508,2.008,1833,1577,80.0,1,0,69.8
492,fixed_split_mlp_covertype,stable,h3,1776520549221.997,1776520549533.850,311.853,0.000,309.204,2.491,1833,1577,80.0,1,0,46.5
493,fixed_split_mlp_covertype,stable,h3,1776520549536.846,1776520550001.191,464.345,0.905,461.443,2.003,1833,1577,80.0,1,0,35.5
494,fixed_split_mlp_covertype,stable,h3,1776520550003.183,1776520550470.599,467.416,1.998,464.414,2.373,1833,1577,80.0,1,0,30.8
495,fixed_split_mlp_covertype,stable,h3,1776520550473.594,1776520550936.805,463.211,0.999,461.216,1.965,1833,1577,80.0,1,0,29.9
496,fixed_split_mlp_covertype,stable,h3,1776520550940.135,1776520551388.670,448.535,0.000,446.523,1.995,1833,1577,80.0,1,0,34.6
497,fixed_split_mlp_covertype,stable,h3,1776520551392.395,1776520551840.397,448.003,0.874,445.121,1.851,1833,1577,80.0,1,0,34.3
498,fixed_split_mlp_covertype,stable,h3,1776520551841.698,1776520552359.595,517.897,1.012,515.979,2.743,1833,1577,80.0,1,0,31.8
499,fixed_split_mlp_covertype,stable,h3,1776520552361.638,1776520552988.280,626.641,0.994,624.654,1.724,1833,1577,80.0,1,0,22.9
500,fixed_split_mlp_covertype,stable,h3,1776520552990.662,1776520553594.996,604.334,1.349,601.333,1.756,1833,1577,80.0,1,0,23.7
501,fixed_split_mlp_covertype,stable,h3,1776520553596.991,1776520554207.627,610.635,0.000,608.376,1.832,1833,1577,80.0,1,0,25.8
502,fixed_split_mlp_covertype,stable,h3,1776520554210.985,1776520554830.524,619.540,1.020,617.513,1.834,1833,1577,80.0,1,0,26.8
503,fixed_split_mlp_covertype,stable,h3,1776520554834.254,1776520555348.245,513.991,0.869,511.419,2.297,1833,1577,80.0,1,0,28.2
504,fixed_split_mlp_covertype,stable,h3,1776520555350.234,1776520555975.695,625.461,1.003,622.561,1.982,1833,1577,80.0,1,0,25.8
505,fixed_split_mlp_covertype,stable,h3,1776520555976.797,1776520556567.321,590.524,0.900,588.624,1.789,1833,1577,80.0,1,0,25.3
506,fixed_split_mlp_covertype,stable,h3,1776520556569.319,1776520557159.976,590.657,1.004,587.981,3.098,1833,1577,80.0,1,0,27.8
507,fixed_split_mlp_covertype,stable,h3,1776520557160.875,1776520557498.152,337.277,1.989,335.288,1.799,1833,1577,80.0,1,0,45.1
508,fixed_split_mlp_covertype,stable,h3,1776520557502.151,1776520557660.234,158.083,1.000,155.130,2.820,1833,1577,80.0,1,0,58.5
509,fixed_split_mlp_covertype,stable,h3,1776520557667.240,1776520557877.912,210.672,0.992,208.680,1.691,1833,1577,80.0,1,0,69.0
510,fixed_split_mlp_covertype,stable,h3,1776520557878.927,1776520558085.567,206.639,0.000,204.640,2.227,1833,1577,80.0,1,0,66.4
511,fixed_split_mlp_covertype,stable,h3,1776520558085.567,1776520558195.073,109.507,1.001,107.507,1.886,1833,1577,80.0,1,0,71.1
512,fixed_split_mlp_covertype,stable,h3,1776520558197.073,1776520558399.088,202.015,0.000,201.243,1.717,1833,1577,80.0,1,0,72.1
513,fixed_split_mlp_covertype,stable,h3,1776520558399.088,1776520558549.108,150.020,1.001,149.019,2.990,1833,1577,80.0,1,0,68.9
514,fixed_split_mlp_covertype,stable,h3,1776520558551.370,1776520558639.616,88.247,0.000,88.247,1.841,1833,1577,80.0,1,0,71.3
515,fixed_split_mlp_covertype,stable,h3,1776520558641.617,1776520558733.618,92.001,0.000,90.000,1.765,1833,1577,80.0,1,0,69.8
516,fixed_split_mlp_covertype,stable,h3,1776520558733.618,1776520558891.113,157.495,0.000,156.495,1.826,1833,1577,80.0,1,0,68.8
517,fixed_split_mlp_covertype,stable,h3,1776520558892.112,1776520559048.124,156.013,0.000,155.012,1.950,1833,1577,80.0,1,0,67.9
518,fixed_split_mlp_covertype,stable,h3,1776520559050.126,1776520559129.129,79.003,1.002,77.001,1.799,1833,1577,80.0,0,0,70.0
519,fixed_split_mlp_covertype,stable,h3,1776520559130.155,1776520559262.144,131.989,0.975,131.014,1.803,1833,1577,80.0,1,0,69.4
520,fixed_split_mlp_covertype,stable,h3,1776520559264.143,1776520559434.659,170.516,0.000,168.507,2.082,1833,1577,80.0,1,0,68.9
521,fixed_split_mlp_covertype,stable,h3,1776520559436.685,1776520559589.192,152.507,0.000,152.507,1.776,1833,1577,80.0,1,0,68.8
522,fixed_split_mlp_covertype,stable,h3,1776520559591.192,1776520559775.713,184.521,0.000,183.522,1.969,1833,1577,80.0,1,0,68.9
523,fixed_split_mlp_covertype,stable,h3,1776520559777.713,1776520559935.821,158.108,0.000,157.108,3.281,1833,1577,80.0,1,0,70.7
524,fixed_split_mlp_covertype,stable,h3,1776520559937.236,1776520560092.753,155.517,0.000,153.510,2.360,1833,1577,80.0,1,0,68.7
525,fixed_split_mlp_covertype,stable,h3,1776520560093.747,1776520560262.776,169.029,0.000,167.018,1.811,1833,1577,80.0,1,0,68.2
526,fixed_split_mlp_covertype,stable,h3,1776520560263.773,1776520560385.482,121.709,0.000,120.709,1.723,1833,1577,80.0,1,0,70.6
527,fixed_split_mlp_covertype,stable,h3,1776520560387.482,1776520560461.990,74.509,0.000,73.509,1.700,1833,1577,80.0,0,0,70.0
528,fixed_split_mlp_covertype,stable,h3,1776520560463.991,1776520560600.496,136.506,0.000,135.506,1.948,1833,1577,80.0,1,0,67.7
529,fixed_split_mlp_covertype,stable,h3,1776520560602.498,1776520560684.005,81.507,0.000,80.507,1.841,1833,1577,80.0,1,0,69.5
530,fixed_split_mlp_covertype,stable,h3,1776520560686.006,1776520560787.085,101.079,0.000,101.079,1.742,1833,1577,80.0,1,0,69.1
531,fixed_split_mlp_covertype,stable,h3,1776520560789.085,1776520560888.600,99.515,0.000,98.512,2.464,1833,1577,80.0,1,0,69.6
532,fixed_split_mlp_covertype,stable,h3,1776520560889.597,1776520561048.539,158.942,1.000,156.938,2.324,1833,1577,80.0,1,0,69.4
533,fixed_split_mlp_covertype,stable,h3,1776520561050.536,1776520561196.042,145.506,0.000,144.505,3.095,1833,1577,80.0,1,0,69.4
534,fixed_split_mlp_covertype,stable,h3,1776520561198.042,1776520561303.552,105.510,0.000,103.510,2.904,1833,1577,80.0,1,0,69.6
535,fixed_split_mlp_covertype,stable,h3,1776520561305.553,1776520561406.060,100.507,0.000,99.506,1.799,1833,1577,80.0,1,0,72.3
536,fixed_split_mlp_covertype,stable,h3,1776520561408.060,1776520561552.460,144.400,0.000,144.400,4.421,1833,1577,80.0,1,0,69.4
537,fixed_split_mlp_covertype,stable,h3,1776520561554.461,1776520561655.198,100.737,0.000,98.732,11.055,1833,1577,80.0,1,0,68.8
538,fixed_split_mlp_covertype,stable,h3,1776520561656.198,1776520561718.198,62.000,1.000,61.000,1.740,1833,1577,80.0,0,0,68.8
539,fixed_split_mlp_covertype,stable,h3,1776520561719.198,1776520561832.715,113.517,1.000,111.512,14.917,1833,1577,80.0,1,0,71.7
540,fixed_split_mlp_covertype,stable,h3,1776520561833.711,1776520561925.944,92.233,0.000,91.231,8.591,1833,1577,80.0,1,0,72.3
541,fixed_split_mlp_covertype,stable,h3,1776520561927.947,1776520562041.963,114.017,0.000,113.015,7.037,1833,1577,80.0,1,0,69.0
542,fixed_split_mlp_covertype,stable,h3,1776520562043.962,1776520562191.474,147.512,0.000,147.512,8.191,1833,1577,80.0,1,0,69.0
543,fixed_split_mlp_covertype,stable,h3,1776520562193.474,1776520562351.892,158.418,0.000,158.418,7.431,1833,1577,80.0,1,0,69.4
544,fixed_split_mlp_covertype,stable,h3,1776520562353.893,1776520562492.400,138.507,0.000,137.505,3.391,1833,1577,80.0,1,0,68.8
545,fixed_split_mlp_covertype,stable,h3,1776520562494.401,1776520562656.418,162.017,0.000,162.017,2.481,1833,1577,80.0,1,0,71.3
546,fixed_split_mlp_covertype,stable,h3,1776520562658.418,1776520562757.929,99.510,0.000,97.508,9.273,1833,1577,80.0,1,0,68.8
547,fixed_split_mlp_covertype,stable,h3,1776520562758.929,1776520562885.436,126.507,1.001,124.505,3.385,1833,1577,80.0,1,0,71.3
548,fixed_split_mlp_covertype,stable,h3,1776520562886.436,1776520563014.943,128.507,0.000,127.507,1.743,1833,1577,80.0,1,0,68.2
549,fixed_split_mlp_covertype,stable,h3,1776520563015.944,1776520563160.959,145.016,0.000,144.015,2.568,1833,1577,80.0,1,0,70.3
550,fixed_split_mlp_covertype,stable,h3,1776520563163.959,1776520563277.468,113.508,0.000,113.508,1.746,1833,1577,80.0,1,0,69.8
551,fixed_split_mlp_covertype,stable,h3,1776520563279.466,1776520563349.973,70.508,0.000,70.508,2.260,1833,1577,80.0,0,0,69.2
552,fixed_split_mlp_covertype,stable,h3,1776520563351.975,1776520563435.977,84.002,0.000,83.000,1.929,1833,1577,80.0,1,0,68.8
553,fixed_split_mlp_covertype,stable,h3,1776520563437.482,1776520563564.655,127.173,0.000,126.168,1.981,1833,1577,80.0,1,0,68.8
554,fixed_split_mlp_covertype,stable,h3,1776520563565.655,1776520563733.165,167.509,1.363,166.147,1.977,1833,1577,80.0,1,0,68.8
555,fixed_split_mlp_covertype,stable,h3,1776520563735.163,1776520563825.675,90.512,1.002,89.510,1.927,1833,1577,80.0,1,0,71.0
556,fixed_split_mlp_covertype,stable,h3,1776520563827.677,1776520563908.180,80.504,0.000,80.504,1.722,1833,1577,80.0,1,0,67.1
557,fixed_split_mlp_covertype,stable,h3,1776520563910.180,1776520563998.688,88.508,0.000,86.506,2.060,1833,1577,80.0,1,0,68.0
558,fixed_split_mlp_covertype,stable,h3,1776520563999.688,1776520564123.799,124.111,0.000,122.101,1.810,1833,1577,80.0,1,0,69.8
559,fixed_split_mlp_covertype,stable,h3,1776520564124.802,1776520564208.303,83.502,3.009,80.493,1.970,1833,1577,80.0,1,0,68.8
560,fixed_split_mlp_covertype,stable,h3,1776520564210.304,1776520564324.817,114.512,0.000,113.513,2.080,1833,1577,80.0,1,0,69.5
561,fixed_split_mlp_covertype,stable,h3,1776520564326.818,1776520564472.839,146.021,0.000,145.022,2.152,1833,1577,80.0,1,0,68.8
562,fixed_split_mlp_covertype,stable,h3,1776520564474.840,1776520564571.346,96.506,0.000,95.504,1.860,1833,1577,80.0,1,0,68.8
563,fixed_split_mlp_covertype,stable,h3,1776520564573.347,1776520564730.861,157.514,0.000,156.508,1.848,1833,1577,80.0,1,0,69.3
564,fixed_split_mlp_covertype,stable,h3,1776520564731.856,1776520564833.365,101.509,0.000,100.506,1.853,1833,1577,80.0,1,0,68.8
565,fixed_split_mlp_covertype,stable,h3,1776520564835.365,1776520564919.872,84.507,0.000,84.507,2.808,1833,1577,80.0,1,0,68.8
566,fixed_split_mlp_covertype,stable,h3,1776520564921.871,1776520564997.379,75.509,0.000,74.508,2.064,1833,1577,80.0,0,0,68.8
567,fixed_split_mlp_covertype,stable,h3,1776520564999.378,1776520565110.887,111.510,0.000,111.510,1.823,1833,1577,80.0,1,0,68.8
568,fixed_split_mlp_covertype,stable,h3,1776520565111.887,1776520565221.398,109.511,1.000,108.511,1.999,1833,1577,80.0,1,0,68.8
569,fixed_split_mlp_covertype,stable,h3,1776520565223.401,1776520565326.914,103.513,0.000,102.511,2.139,1833,1577,80.0,1,0,69.6
570,fixed_split_mlp_covertype,stable,h3,1776520565327.912,1776520565481.928,154.016,1.002,153.015,1.765,1833,1577,80.0,1,0,72.0
571,fixed_split_mlp_covertype,stable,h3,1776520565483.928,1776520565604.438,120.510,0.000,119.508,1.897,1833,1577,80.0,1,0,70.6
572,fixed_split_mlp_covertype,stable,h3,1776520565606.438,1776520565687.948,81.511,0.000,79.507,1.985,1833,1577,80.0,1,0,67.1
573,fixed_split_mlp_covertype,stable,h3,1776520565688.945,1776520565792.453,103.508,1.001,102.508,2.985,1833,1577,80.0,1,0,72.3
574,fixed_split_mlp_covertype,stable,h3,1776520565794.453,1776520565925.963,131.511,0.000,131.511,1.822,1833,1577,80.0,1,0,69.5
575,fixed_split_mlp_covertype,stable,h3,1776520565927.963,1776520566061.978,134.014,0.000,134.014,1.775,1833,1577,80.0,1,0,69.7
576,fixed_split_mlp_covertype,stable,h3,1776520566063.978,1776520566200.487,136.510,0.000,136.510,2.186,1833,1577,80.0,1,0,68.8
577,fixed_split_mlp_covertype,stable,h3,1776520566202.490,1776520566314.994,112.504,0.000,112.504,1.921,1833,1577,80.0,1,0,70.5
578,fixed_split_mlp_covertype,stable,h3,1776520566316.996,1776520566463.994,146.998,0.000,145.995,2.071,1833,1577,80.0,1,0,69.2
579,fixed_split_mlp_covertype,stable,h3,1776520566465.992,1776520566543.504,77.511,0.000,76.510,1.810,1833,1577,80.0,0,0,70.0
580,fixed_split_mlp_covertype,stable,h3,1776520566545.504,1776520566663.012,117.508,0.000,115.505,1.753,1833,1577,80.0,1,0,69.0
581,fixed_split_mlp_covertype,stable,h3,1776520566664.011,1776520566850.031,186.021,0.000,185.020,1.779,1833,1577,80.0,1,0,73.2
582,fixed_split_mlp_covertype,stable,h3,1776520566852.028,1776520566986.543,134.516,0.000,133.510,2.142,1833,1577,80.0,1,0,69.7
583,fixed_split_mlp_covertype,stable,h3,1776520566987.539,1776520567130.050,142.511,1.001,141.510,1.804,1833,1577,80.0,1,0,70.1
584,fixed_split_mlp_covertype,stable,h3,1776520567131.048,1776520567224.199,93.151,1.000,91.146,1.939,1833,1577,80.0,1,0,75.5
585,fixed_split_mlp_covertype,stable,h3,1776520567225.198,1776520567359.212,134.014,1.000,132.010,2.147,1833,1577,80.0,1,0,72.2
586,fixed_split_mlp_covertype,stable,h3,1776520567361.209,1776520567532.720,171.511,0.000,169.508,1.882,1833,1577,80.0,1,0,68.8
587,fixed_split_mlp_covertype,stable,h3,1776520567533.719,1776520567636.231,102.512,1.002,100.507,1.785,1833,1577,80.0,1,0,69.9
588,fixed_split_mlp_covertype,stable,h3,1776520567637.229,1776520567821.245,184.015,1.000,183.015,1.830,1833,1577,80.0,1,0,69.3
589,fixed_split_mlp_covertype,stable,h3,1776520567822.246,1776520567878.760,56.513,0.000,55.510,1.885,1833,1577,80.0,0,0,75.0
590,fixed_split_mlp_covertype,stable,h3,1776520567880.760,1776520568001.268,120.508,0.000,120.508,2.040,1833,1577,80.0,1,0,68.8
591,fixed_split_mlp_covertype,stable,h3,1776520568002.267,1776520568088.779,86.511,1.001,84.509,1.857,1833,1577,80.0,1,0,69.8
592,fixed_split_mlp_covertype,stable,h3,1776520568089.779,1776520568191.291,101.512,0.999,99.512,2.041,1833,1577,80.0,1,0,69.8
593,fixed_split_mlp_covertype,stable,h3,1776520568193.289,1776520568292.799,99.510,0.000,99.510,1.910,1833,1577,80.0,1,0,69.9
594,fixed_split_mlp_covertype,stable,h3,1776520568294.799,1776520568427.308,132.509,0.000,132.509,2.632,1833,1577,80.0,1,0,70.3
595,fixed_split_mlp_covertype,stable,h3,1776520568429.309,1776520568591.325,162.016,0.000,161.014,2.068,1833,1577,80.0,1,0,71.3
596,fixed_split_mlp_covertype,stable,h3,1776520568593.323,1776520568781.028,187.705,0.000,187.705,1.829,1833,1577,80.0,1,0,69.9
597,fixed_split_mlp_covertype,stable,h3,1776520568783.030,1776520568929.752,146.723,0.000,144.721,1.724,1833,1577,80.0,1,0,72.1
598,fixed_split_mlp_covertype,stable,h3,1776520568931.750,1776520569041.367,109.617,0.000,108.615,1.977,1833,1577,80.0,1,0,69.5
599,fixed_split_mlp_covertype,stable,h3,1776520569043.365,1776520569164.873,121.508,0.000,120.509,1.985,1833,1577,80.0,1,0,70.8
600,fixed_split_mlp_covertype,stable,h3,1776520569166.873,1776520569289.904,123.031,0.000,122.029,1.848,1833,1577,80.0,1,0,71.3
601,fixed_split_mlp_covertype,stable,h3,1776520569290.902,1776520569408.337,117.435,0.000,115.427,1.790,1833,1577,80.0,1,0,70.5
602,fixed_split_mlp_covertype,stable,h3,1776520569409.334,1776520569511.843,102.509,0.000,101.508,1.833,1833,1577,80.0,1,0,68.8
603,fixed_split_mlp_covertype,stable,h3,1776520569512.841,1776520569613.355,100.514,1.000,98.508,1.801,1833,1577,80.0,1,0,70.1
604,fixed_split_mlp_covertype,stable,h3,1776520569614.348,1776520569709.855,95.507,0.000,94.507,2.327,1833,1577,80.0,1,0,67.7
605,fixed_split_mlp_covertype,stable,h3,1776520569711.855,1776520569856.870,145.016,0.000,145.016,2.007,1833,1577,80.0,1,0,74.7
606,fixed_split_mlp_covertype,stable,h3,1776520569858.869,1776520569974.378,115.509,0.000,113.505,1.951,1833,1577,80.0,1,0,69.4
607,fixed_split_mlp_covertype,stable,h3,1776520569975.376,1776520570081.884,106.508,0.000,105.507,1.815,1833,1577,80.0,1,0,71.7
608,fixed_split_mlp_covertype,stable,h3,1776520570083.885,1776520570210.391,126.506,0.000,124.387,1.919,1833,1577,80.0,1,0,67.9
609,fixed_split_mlp_covertype,stable,h3,1776520570211.392,1776520570351.419,140.028,0.000,139.024,1.729,1833,1577,80.0,1,0,70.1
610,fixed_split_mlp_covertype,stable,h3,1776520570353.420,1776520570445.415,91.995,0.000,90.990,1.839,1833,1577,80.0,1,0,75.0
611,fixed_split_mlp_covertype,stable,h3,1776520570446.413,1776520570576.921,130.508,1.000,129.508,1.873,1833,1577,80.0,1,0,71.3
612,fixed_split_mlp_covertype,stable,h3,1776520570578.920,1776520570785.015,206.094,0.000,205.092,1.875,1833,1577,80.0,1,0,69.8
613,fixed_split_mlp_covertype,stable,h3,1776520570786.031,1776520570916.534,130.503,0.000,129.463,2.002,1833,1577,80.0,1,0,68.0
614,fixed_split_mlp_covertype,stable,h3,1776520570918.535,1776520571011.042,92.507,0.000,91.511,2.139,1833,1577,80.0,1,0,68.8
615,fixed_split_mlp_covertype,stable,h3,1776520571012.042,1776520571137.551,125.509,1.001,123.508,1.868,1833,1577,80.0,1,0,68.8
616,fixed_split_mlp_covertype,stable,h3,1776520571139.053,1776520571205.056,66.003,0.000,66.003,2.097,1833,1577,80.0,0,0,68.8
617,fixed_split_mlp_covertype,stable,h3,1776520571207.056,1776520571368.069,161.013,0.000,160.013,1.951,1833,1577,80.0,1,0,69.1
618,fixed_split_mlp_covertype,stable,h3,1776520571369.070,1776520571453.579,84.509,1.002,82.508,1.922,1833,1577,80.0,1,0,71.6
619,fixed_split_mlp_covertype,stable,h3,1776520571454.579,1776520571583.085,128.506,1.001,127.505,2.651,1833,1577,80.0,1,0,68.2
620,fixed_split_mlp_covertype,stable,h3,1776520571585.086,1776520571766.098,181.012,0.000,181.012,2.262,1833,1577,80.0,1,0,68.6
621,fixed_split_mlp_covertype,stable,h3,1776520571768.098,1776520571897.604,129.506,1.000,128.506,2.177,1833,1577,80.0,1,0,68.5
622,fixed_split_mlp_covertype,stable,h3,1776520571899.604,1776520572037.112,137.508,0.000,136.508,1.914,1833,1577,80.0,1,0,69.7
623,fixed_split_mlp_covertype,stable,h3,1776520572038.112,1776520572188.125,150.013,1.001,148.012,1.976,1833,1577,80.0,1,0,70.3
624,fixed_split_mlp_covertype,stable,h3,1776520572189.125,1776520572311.633,122.507,1.001,121.506,2.496,1833,1577,80.0,1,0,68.5
625,fixed_split_mlp_covertype,stable,h3,1776520572312.633,1776520572410.140,97.507,1.000,96.507,1.923,1833,1577,80.0,1,0,69.8
626,fixed_split_mlp_covertype,stable,h3,1776520572412.139,1776520572510.647,98.507,1.000,96.507,1.783,1833,1577,80.0,1,0,67.9
627,fixed_split_mlp_covertype,stable,h3,1776520572511.647,1776520572637.156,125.509,1.000,123.509,2.253,1833,1577,80.0,1,0,69.5
628,fixed_split_mlp_covertype,stable,h3,1776520572638.156,1776520572760.169,122.013,1.000,120.510,1.839,1833,1577,80.0,1,0,70.4
629,fixed_split_mlp_covertype,stable,h3,1776520572762.169,1776520572875.676,113.507,1.001,111.506,1.895,1833,1577,80.0,1,0,68.1
630,fixed_split_mlp_covertype,stable,h3,1776520572876.676,1776520572975.183,98.507,0.000,97.507,1.953,1833,1577,80.0,1,0,67.3
631,fixed_split_mlp_covertype,stable,h3,1776520572977.183,1776520573081.668,104.485,0.000,103.485,2.093,1833,1577,80.0,1,0,71.4
632,fixed_split_mlp_covertype,stable,h3,1776520573083.668,1776520573174.176,90.508,0.000,88.507,2.337,1833,1577,80.0,1,0,70.1
633,fixed_split_mlp_covertype,stable,h3,1776520573175.176,1776520573353.190,178.014,0.000,176.013,2.120,1833,1577,80.0,1,0,70.1
634,fixed_split_mlp_covertype,stable,h3,1776520573354.190,1776520573453.698,99.507,0.000,99.507,1.883,1833,1577,80.0,1,0,70.5
635,fixed_split_mlp_covertype,stable,h3,1776520573455.698,1776520573590.205,134.507,1.001,132.506,1.753,1833,1577,80.0,1,0,73.6
636,fixed_split_mlp_covertype,stable,h3,1776520573591.205,1776520573661.712,70.507,1.000,68.507,1.854,1833,1577,80.0,0,0,69.2
637,fixed_split_mlp_covertype,stable,h3,1776520573662.712,1776520573825.221,162.509,0.000,160.507,1.811,1833,1577,80.0,1,0,70.3
638,fixed_split_mlp_covertype,stable,h3,1776520573827.221,1776520573910.726,83.505,0.000,83.505,2.159,1833,1577,80.0,1,0,70.9
639,fixed_split_mlp_covertype,stable,h3,1776520573912.726,1776520574059.740,147.014,0.000,146.014,2.050,1833,1577,80.0,1,0,71.0
640,fixed_split_mlp_covertype,stable,h3,1776520574061.741,1776520574197.248,135.507,0.000,134.507,2.051,1833,1577,80.0,1,0,76.1
641,fixed_split_mlp_covertype,stable,h3,1776520574199.248,1776520574337.757,138.509,0.000,137.509,1.950,1833,1577,80.0,1,0,73.8
642,fixed_split_mlp_covertype,stable,h3,1776520574339.260,1776520574469.771,130.511,0.000,129.511,2.045,1833,1577,80.0,1,0,69.0
643,fixed_split_mlp_covertype,stable,h3,1776520574471.773,1776520574581.280,109.507,0.000,108.506,1.999,1833,1577,80.0,1,0,75.9
644,fixed_split_mlp_covertype,stable,h3,1776520574582.280,1776520574669.788,87.508,1.000,86.509,1.914,1833,1577,80.0,1,0,68.8
645,fixed_split_mlp_covertype,stable,h3,1776520574671.787,1776520574787.294,115.507,0.000,114.507,1.844,1833,1577,80.0,1,0,68.8
646,fixed_split_mlp_covertype,stable,h3,1776520574789.294,1776520574921.802,132.508,0.000,131.508,1.972,1833,1577,80.0,1,0,69.4
647,fixed_split_mlp_covertype,stable,h3,1776520574923.802,1776520575051.816,128.014,0.000,126.012,1.780,1833,1577,80.0,1,0,69.5
648,fixed_split_mlp_covertype,stable,h3,1776520575052.816,1776520575167.324,114.508,0.000,112.507,2.457,1833,1577,80.0,1,0,69.2
649,fixed_split_mlp_covertype,stable,h3,1776520575168.325,1776520575292.832,124.507,0.000,122.506,1.879,1833,1577,80.0,1,0,70.1
650,fixed_split_mlp_covertype,stable,h3,1776520575293.831,1776520575419.339,125.508,1.000,124.508,2.013,1833,1577,80.0,1,0,70.6
651,fixed_split_mlp_covertype,stable,h3,1776520575421.339,1776520575601.353,180.015,0.000,179.014,1.862,1833,1577,80.0,1,0,67.6
652,fixed_split_mlp_covertype,stable,h3,1776520575602.353,1776520575709.860,107.507,1.000,105.507,1.970,1833,1577,80.0,1,0,70.5
653,fixed_split_mlp_covertype,stable,h3,1776520575710.861,1776520575864.379,153.518,0.000,152.517,2.639,1833,1577,80.0,1,0,71.4
654,fixed_split_mlp_covertype,stable,h3,1776520575866.379,1776520576029.889,163.510,0.000,163.510,1.996,1833,1577,80.0,1,0,68.8
655,fixed_split_mlp_covertype,stable,h3,1776520576031.888,1776520576162.903,131.014,1.000,130.014,2.016,1833,1577,80.0,1,0,69.3
656,fixed_split_mlp_covertype,stable,h3,1776520576164.902,1776520576343.917,179.015,0.000,178.014,1.979,1833,1577,80.0,1,0,69.1
657,fixed_split_mlp_covertype,stable,h3,1776520576344.917,1776520576434.919,90.002,1.001,89.001,1.770,1833,1577,80.0,1,0,71.3
658,fixed_split_mlp_covertype,stable,h3,1776520576436.919,1776520576504.425,67.506,0.000,66.506,1.998,1833,1577,80.0,0,0,66.7
659,fixed_split_mlp_covertype,stable,h3,1776520576505.425,1776520576612.932,107.507,1.000,106.507,1.910,1833,1577,80.0,1,0,68.8
660,fixed_split_mlp_covertype,stable,h3,1776520576614.932,1776520576723.439,108.507,0.000,107.504,1.889,1833,1577,80.0,1,0,68.8
661,fixed_split_mlp_covertype,stable,h3,1776520576725.442,1776520576851.454,126.012,0.000,125.012,1.831,1833,1577,80.0,1,0,68.8
662,fixed_split_mlp_covertype,stable,h3,1776520576852.454,1776520576943.962,91.508,0.000,89.507,2.015,1833,1577,80.0,1,0,72.9
663,fixed_split_mlp_covertype,stable,h3,1776520576944.962,1776520577062.469,117.507,0.000,116.506,1.738,1833,1577,80.0,1,0,69.8
664,fixed_split_mlp_covertype,stable,h3,1776520577064.470,1776520577191.976,127.507,0.000,126.506,1.978,1833,1577,80.0,1,0,69.3
665,fixed_split_mlp_covertype,stable,h3,1776520577193.976,1776520577352.990,159.014,0.000,158.014,2.051,1833,1577,80.0,1,0,68.8
666,fixed_split_mlp_covertype,stable,h3,1776520577353.990,1776520577487.502,133.511,0.000,132.510,1.738,1833,1577,80.0,1,0,69.9
667,fixed_split_mlp_covertype,stable,h3,1776520577489.502,1776520577566.009,76.508,0.000,75.507,2.290,1833,1577,80.0,0,0,74.7
668,fixed_split_mlp_covertype,stable,h3,1776520577568.009,1776520577637.012,69.003,0.000,68.003,2.206,1833,1577,80.0,0,0,70.5
669,fixed_split_mlp_covertype,stable,h3,1776520577638.012,1776520577730.520,92.508,0.000,90.005,1.828,1833,1577,80.0,1,0,68.3
670,fixed_split_mlp_covertype,stable,h3,1776520577732.521,1776520577869.532,137.012,0.000,136.012,1.667,1833,1577,80.0,1,0,69.7
671,fixed_split_mlp_covertype,stable,h3,1776520577870.533,1776520578007.040,136.507,0.000,135.507,2.087,1833,1577,80.0,1,0,68.5
672,fixed_split_mlp_covertype,stable,h3,1776520578009.040,1776520578097.547,88.508,1.000,86.507,2.008,1833,1577,80.0,1,0,72.9
673,fixed_split_mlp_covertype,stable,h3,1776520578098.547,1776520578199.054,100.507,1.000,98.507,1.728,1833,1577,80.0,1,0,72.0
674,fixed_split_mlp_covertype,stable,h3,1776520578200.054,1776520578284.562,84.508,0.000,83.508,1.810,1833,1577,80.0,1,0,65.5
675,fixed_split_mlp_covertype,stable,h3,1776520578286.562,1776520578362.070,75.508,0.000,75.508,1.848,1833,1577,80.0,0,0,67.9
676,fixed_split_mlp_covertype,stable,h3,1776520578364.070,1776520578488.577,124.508,0.000,123.507,2.013,1833,1577,80.0,1,0,68.8
677,fixed_split_mlp_covertype,stable,h3,1776520578489.577,1776520578671.595,182.018,0.000,180.016,2.149,1833,1577,80.0,1,0,69.5
678,fixed_split_mlp_covertype,stable,h3,1776520578672.593,1776520578821.100,148.507,0.000,147.506,2.389,1833,1577,80.0,1,0,68.5
679,fixed_split_mlp_covertype,stable,h3,1776520578823.100,1776520578976.115,153.015,0.000,153.015,1.806,1833,1577,80.0,1,0,69.6
680,fixed_split_mlp_covertype,stable,h3,1776520578978.115,1776520579048.622,70.507,0.000,68.508,1.892,1833,1577,80.0,0,0,72.5
681,fixed_split_mlp_covertype,stable,h3,1776520579049.622,1776520579154.129,104.507,0.000,103.506,1.867,1833,1577,80.0,1,0,70.3
682,fixed_split_mlp_covertype,stable,h3,1776520579156.129,1776520579287.637,131.508,0.000,131.508,1.782,1833,1577,80.0,1,0,69.5
683,fixed_split_mlp_covertype,stable,h3,1776520579289.637,1776520579466.649,177.012,0.000,176.013,1.859,1833,1577,80.0,1,0,69.4
684,fixed_split_mlp_covertype,stable,h3,1776520579468.650,1776520579605.157,136.508,0.000,135.507,1.872,1833,1577,80.0,1,0,69.2
685,fixed_split_mlp_covertype,stable,h3,1776520579607.157,1776520579710.664,103.507,0.000,102.507,2.099,1833,1577,80.0,1,0,68.0
686,fixed_split_mlp_covertype,stable,h3,1776520579711.664,1776520579820.171,108.507,1.000,107.507,1.887,1833,1577,80.0,1,0,72.1
687,fixed_split_mlp_covertype,stable,h3,1776520579822.171,1776520579948.188,126.017,0.000,126.017,1.925,1833,1577,80.0,1,0,71.1
688,fixed_split_mlp_covertype,stable,h3,1776520579950.188,1776520580071.696,121.507,0.000,120.507,2.017,1833,1577,80.0,1,0,69.6
689,fixed_split_mlp_covertype,stable,h3,1776520580072.696,1776520580186.203,113.507,0.000,112.507,2.344,1833,1577,80.0,1,0,73.0
690,fixed_split_mlp_covertype,stable,h3,1776520580187.203,1776520580284.720,97.517,0.000,96.516,1.943,1833,1577,80.0,1,0,68.4
691,fixed_split_mlp_covertype,stable,h3,1776520580285.719,1776520580462.734,177.014,1.000,176.014,1.848,1833,1577,80.0,1,0,71.1
692,fixed_split_mlp_covertype,stable,h3,1776520580464.733,1776520580673.089,208.356,0.000,207.370,1.923,1833,1577,80.0,1,0,71.7
693,fixed_split_mlp_covertype,stable,h3,1776520580674.089,1776520580790.743,116.655,0.000,116.655,1.858,1833,1577,80.0,1,0,63.6
694,fixed_split_mlp_covertype,stable,h3,1776520580792.595,1776520580868.103,75.508,0.000,74.507,1.758,1833,1577,80.0,0,0,70.3
695,fixed_split_mlp_covertype,stable,h3,1776520580870.103,1776520580972.610,102.507,0.000,102.507,1.714,1833,1577,80.0,1,0,71.2
696,fixed_split_mlp_covertype,stable,h3,1776520580973.612,1776520581076.117,102.505,0.000,102.505,1.776,1833,1577,80.0,1,0,70.9
697,fixed_split_mlp_covertype,stable,h3,1776520581078.117,1776520581153.624,75.507,0.000,74.507,1.943,1833,1577,80.0,0,0,69.1
698,fixed_split_mlp_covertype,stable,h3,1776520581154.624,1776520581252.131,97.508,0.000,96.507,1.996,1833,1577,80.0,1,0,68.8
699,fixed_split_mlp_covertype,stable,h3,1776520581254.132,1776520581346.641,92.509,0.000,92.509,2.165,1833,1577,80.0,1,0,67.3
700,fixed_split_mlp_covertype,stable,h3,1776520581348.642,1776520581449.156,100.514,0.000,99.507,1.850,1833,1577,80.0,1,0,68.8
701,fixed_split_mlp_covertype,stable,h3,1776520581450.150,1776520581558.535,108.386,0.000,106.385,2.160,1833,1577,80.0,1,0,69.4
702,fixed_split_mlp_covertype,stable,h3,1776520581559.534,1776520581679.042,119.507,0.000,118.507,1.881,1833,1577,80.0,1,0,68.8
703,fixed_split_mlp_covertype,stable,h3,1776520581680.042,1776520581752.551,72.509,1.003,70.505,1.832,1833,1577,80.0,0,0,69.1
704,fixed_split_mlp_covertype,stable,h3,1776520581753.550,1776520581868.061,114.511,0.000,112.507,1.869,1833,1577,80.0,1,0,69.6
705,fixed_split_mlp_covertype,stable,h3,1776520581869.059,1776520581984.566,115.507,1.000,114.507,2.078,1833,1577,80.0,1,0,70.9
706,fixed_split_mlp_covertype,stable,h3,1776520581986.566,1776520582070.074,83.508,0.000,83.508,2.460,1833,1577,80.0,1,0,70.0
707,fixed_split_mlp_covertype,stable,h3,1776520582071.074,1776520582258.089,187.016,1.002,185.012,2.043,1833,1577,80.0,1,0,68.9
708,fixed_split_mlp_covertype,stable,h3,1776520582259.088,1776520582394.599,135.510,0.000,134.509,2.503,1833,1577,80.0,1,0,70.8
709,fixed_split_mlp_covertype,stable,h3,1776520582396.595,1776520582472.103,75.508,0.000,75.508,2.497,1833,1577,80.0,0,0,73.4
710,fixed_split_mlp_covertype,stable,h3,1776520582474.103,1776520582642.120,168.017,0.000,167.017,1.787,1833,1577,80.0,1,0,69.9
711,fixed_split_mlp_covertype,stable,h3,1776520582643.120,1776520582755.627,112.507,1.002,111.505,2.006,1833,1577,80.0,1,0,71.8
712,fixed_split_mlp_covertype,stable,h3,1776520582757.628,1776520582877.135,119.507,0.000,118.504,2.160,1833,1577,80.0,1,0,67.9
713,fixed_split_mlp_covertype,stable,h3,1776520582878.137,1776520582936.137,58.000,1.001,57.000,1.942,1833,1577,80.0,0,0,69.7
714,fixed_split_mlp_covertype,stable,h3,1776520582937.139,1776520583038.231,101.092,1.002,100.090,1.878,1833,1577,80.0,1,0,71.9
715,fixed_split_mlp_covertype,stable,h3,1776520583040.232,1776520583195.249,155.017,0.000,153.513,2.465,1833,1577,80.0,1,0,70.0
716,fixed_split_mlp_covertype,stable,h3,1776520583196.247,1776520583270.314,74.067,0.000,73.065,1.906,1833,1577,80.0,0,0,70.9
717,fixed_split_mlp_covertype,stable,h3,1776520583272.314,1776520583385.823,113.509,0.000,112.507,2.272,1833,1577,80.0,1,0,71.7
718,fixed_split_mlp_covertype,stable,h3,1776520583387.822,1776520583578.010,190.188,0.000,189.181,2.056,1833,1577,80.0,1,0,74.9
719,fixed_split_mlp_covertype,stable,h3,1776520583580.008,1776520583647.515,67.507,0.000,67.507,1.900,1833,1577,80.0,0,0,70.3
720,fixed_split_mlp_covertype,stable,h3,1776520583649.515,1776520583856.229,206.714,0.000,205.710,1.947,1833,1577,80.0,1,0,69.8
721,fixed_split_mlp_covertype,stable,h3,1776520583857.244,1776520584037.752,180.508,1.002,178.506,1.811,1833,1577,80.0,1,0,66.5
722,fixed_split_mlp_covertype,stable,h3,1776520584038.752,1776520584175.765,137.013,0.000,136.013,2.177,1833,1577,80.0,1,0,71.8
723,fixed_split_mlp_covertype,stable,h3,1776520584177.766,1776520584326.275,148.509,0.000,147.506,2.044,1833,1577,80.0,1,0,68.7
724,fixed_split_mlp_covertype,stable,h3,1776520584327.275,1776520584447.288,120.012,1.000,119.012,1.958,1833,1577,80.0,1,0,70.5
725,fixed_split_mlp_covertype,stable,h3,1776520584449.287,1776520584527.290,78.003,0.000,77.002,1.827,1833,1577,80.0,0,0,74.4
726,fixed_split_mlp_covertype,stable,h3,1776520584529.290,1776520584630.797,101.507,0.000,100.507,1.837,1833,1577,80.0,1,0,69.1
727,fixed_split_mlp_covertype,stable,h3,1776520584631.797,1776520584796.810,165.012,0.000,163.012,1.853,1833,1577,80.0,1,0,71.8
728,fixed_split_mlp_covertype,stable,h3,1776520584797.810,1776520584895.318,97.508,1.000,96.508,2.049,1833,1577,80.0,1,0,71.9
729,fixed_split_mlp_covertype,stable,h3,1776520584897.318,1776520584995.825,98.507,1.000,96.507,1.826,1833,1577,80.0,1,0,70.3
730,fixed_split_mlp_covertype,stable,h3,1776520584996.826,1776520585095.333,98.508,0.000,96.507,2.738,1833,1577,80.0,1,0,72.9
731,fixed_split_mlp_covertype,stable,h3,1776520585096.333,1776520585261.348,165.015,0.000,163.014,2.277,1833,1577,80.0,1,0,70.4
732,fixed_split_mlp_covertype,stable,h3,1776520585262.348,1776520585392.855,130.507,1.001,129.506,1.757,1833,1577,80.0,1,0,70.1
733,fixed_split_mlp_covertype,stable,h3,1776520585394.855,1776520585529.365,134.510,0.000,133.510,1.682,1833,1577,80.0,1,0,69.9
734,fixed_split_mlp_covertype,stable,h3,1776520585530.365,1776520585693.377,163.012,1.001,162.011,4.142,1833,1577,80.0,1,0,70.2
735,fixed_split_mlp_covertype,stable,h3,1776520585695.377,1776520585774.886,79.509,0.000,78.508,2.080,1833,1577,80.0,0,0,67.1
736,fixed_split_mlp_covertype,stable,h3,1776520585775.885,1776520585920.393,144.508,0.000,143.506,1.825,1833,1577,80.0,1,0,68.8
737,fixed_split_mlp_covertype,stable,h3,1776520585922.392,1776520586017.906,95.514,0.000,95.514,1.822,1833,1577,80.0,1,0,74.0
738,fixed_split_mlp_covertype,stable,h3,1776520586019.906,1776520586097.417,77.510,0.000,76.510,1.995,1833,1577,80.0,0,0,70.0
739,fixed_split_mlp_covertype,stable,h3,1776520586099.415,1776520586171.922,72.507,0.000,71.507,1.846,1833,1577,80.0,0,0,68.8
740,fixed_split_mlp_covertype,stable,h3,1776520586172.922,1776520586271.433,98.511,0.000,96.510,2.011,1833,1577,80.0,1,0,68.8
741,fixed_split_mlp_covertype,stable,h3,1776520586272.434,1776520586408.940,136.507,0.000,135.505,1.712,1833,1577,80.0,1,0,70.6
742,fixed_split_mlp_covertype,stable,h3,1776520586410.940,1776520586539.450,128.510,0.000,128.510,1.881,1833,1577,80.0,1,0,67.7
743,fixed_split_mlp_covertype,stable,h3,1776520586540.953,1776520586687.463,146.510,0.000,144.506,1.985,1833,1577,80.0,1,0,70.0
744,fixed_split_mlp_covertype,stable,h3,1776520586688.463,1776520586760.971,72.509,0.000,71.508,1.944,1833,1577,80.0,0,0,71.2
745,fixed_split_mlp_covertype,stable,h3,1776520586762.970,1776520586909.478,146.508,0.000,145.508,1.790,1833,1577,80.0,1,0,69.4
746,fixed_split_mlp_covertype,stable,h3,1776520586911.478,1776520586988.985,77.507,0.000,77.507,1.699,1833,1577,80.0,0,0,70.5
747,fixed_split_mlp_covertype,stable,h3,1776520586989.985,1776520587091.493,101.508,1.000,99.507,2.011,1833,1577,80.0,1,0,68.4
748,fixed_split_mlp_covertype,stable,h3,1776520587093.492,1776520587281.508,188.015,0.000,187.015,2.626,1833,1577,80.0,1,0,70.1
749,fixed_split_mlp_covertype,stable,h3,1776520587282.508,1776520587376.015,93.506,1.000,91.506,1.769,1833,1577,80.0,1,0,68.8
750,fixed_split_mlp_covertype,stable,h3,1776520587377.014,1776520587491.521,114.507,1.001,113.506,1.863,1833,1577,80.0,1,0,70.5
751,fixed_split_mlp_covertype,stable,h3,1776520587493.521,1776520587619.029,125.507,0.000,125.507,2.042,1833,1577,80.0,1,0,71.7
752,fixed_split_mlp_covertype,stable,h3,1776520587621.029,1776520587748.044,127.015,0.000,126.012,1.679,1833,1577,80.0,1,0,69.5
753,fixed_split_mlp_covertype,stable,h3,1776520587750.044,1776520587936.553,186.510,0.000,185.509,1.925,1833,1577,80.0,1,0,69.1
754,fixed_split_mlp_covertype,stable,h3,1776520587937.553,1776520588035.060,97.507,1.000,96.507,1.831,1833,1577,80.0,1,0,68.0
755,fixed_split_mlp_covertype,stable,h3,1776520588037.060,1776520588155.072,118.012,0.000,117.012,1.729,1833,1577,80.0,1,0,68.8
756,fixed_split_mlp_covertype,stable,h3,1776520588157.072,1776520588256.579,99.507,0.000,98.507,1.762,1833,1577,80.0,1,0,69.1
757,fixed_split_mlp_covertype,stable,h3,1776520588257.580,1776520588382.087,124.508,0.000,124.508,1.776,1833,1577,80.0,1,0,73.1
758,fixed_split_mlp_covertype,stable,h3,1776520588384.088,1776520588465.594,81.507,0.000,81.507,1.830,1833,1577,80.0,1,0,69.8
759,fixed_split_mlp_covertype,stable,h3,1776520588466.594,1776520588568.103,101.508,1.000,100.508,1.755,1833,1577,80.0,1,0,70.8
760,fixed_split_mlp_covertype,stable,h3,1776520588570.103,1776520588693.610,123.507,0.000,122.507,1.729,1833,1577,80.0,1,0,71.3
761,fixed_split_mlp_covertype,stable,h3,1776520588695.610,1776520588845.625,150.015,0.000,150.015,1.924,1833,1577,80.0,1,0,69.2
762,fixed_split_mlp_covertype,stable,h3,1776520588847.625,1776520589009.132,161.507,0.000,159.507,1.871,1833,1577,80.0,1,0,68.3
763,fixed_split_mlp_covertype,stable,h3,1776520589010.132,1776520589112.640,102.508,1.001,100.507,2.015,1833,1577,80.0,1,0,70.5
764,fixed_split_mlp_covertype,stable,h3,1776520589113.640,1776520589231.150,117.510,0.000,115.510,2.236,1833,1577,80.0,1,0,71.7
765,fixed_split_mlp_covertype,stable,h3,1776520589232.150,1776520589320.655,88.505,1.000,86.504,1.778,1833,1577,80.0,1,0,67.9
766,fixed_split_mlp_covertype,stable,h3,1776520589321.655,1776520589495.670,174.015,1.000,172.015,1.743,1833,1577,80.0,1,0,69.8
767,fixed_split_mlp_covertype,stable,h3,1776520589496.670,1776520589641.682,145.012,0.000,144.011,1.951,1833,1577,80.0,1,0,71.0
768,fixed_split_mlp_covertype,stable,h3,1776520589643.684,1776520589820.192,176.508,0.000,176.508,4.992,1833,1577,80.0,1,0,72.0
769,fixed_split_mlp_covertype,stable,h3,1776520589822.192,1776520589917.699,95.508,0.000,95.508,1.925,1833,1577,80.0,1,0,72.2
770,fixed_split_mlp_covertype,stable,h3,1776520589919.699,1776520590113.715,194.015,0.000,193.013,1.936,1833,1577,80.0,1,0,69.1
771,fixed_split_mlp_covertype,stable,h3,1776520590115.714,1776520590294.738,179.024,0.000,178.024,1.940,1833,1577,80.0,1,0,68.4
772,fixed_split_mlp_covertype,stable,h3,1776520590295.738,1776520590386.246,90.509,0.000,89.509,1.752,1833,1577,80.0,1,0,68.8
773,fixed_split_mlp_covertype,stable,h3,1776520590388.246,1776520590531.755,143.508,0.000,142.508,1.966,1833,1577,80.0,1,0,69.7
774,fixed_split_mlp_covertype,stable,h3,1776520590533.755,1776520590636.263,102.508,0.000,102.508,1.827,1833,1577,80.0,1,0,68.8
775,fixed_split_mlp_covertype,stable,h3,1776520590638.262,1776520590777.275,139.013,0.000,138.012,2.000,1833,1577,80.0,1,0,68.8
776,fixed_split_mlp_covertype,stable,h3,1776520590779.274,1776520590901.782,122.508,0.000,120.507,1.953,1833,1577,80.0,1,0,73.1
777,fixed_split_mlp_covertype,stable,h3,1776520590902.782,1776520591043.797,141.015,1.000,140.015,1.924,1833,1577,80.0,1,0,71.0
778,fixed_split_mlp_covertype,stable,h3,1776520591045.796,1776520591194.303,148.507,0.000,148.507,2.043,1833,1577,80.0,1,0,71.8
779,fixed_split_mlp_covertype,stable,h3,1776520591196.303,1776520591291.811,95.508,0.000,93.508,1.838,1833,1577,80.0,1,0,74.6
780,fixed_split_mlp_covertype,stable,h3,1776520591292.811,1776520591407.320,114.510,1.001,113.509,1.725,1833,1577,80.0,1,0,75.7
781,fixed_split_mlp_covertype,stable,h3,1776520591409.319,1776520591528.829,119.510,0.000,119.510,1.795,1833,1577,80.0,1,0,71.5
782,fixed_split_mlp_covertype,stable,h3,1776520591530.829,1776520591648.841,118.012,0.000,118.012,2.951,1833,1577,80.0,1,0,69.4
783,fixed_split_mlp_covertype,stable,h3,1776520591650.841,1776520591765.349,114.508,0.000,112.508,1.802,1833,1577,80.0,1,0,69.0
784,fixed_split_mlp_covertype,stable,h3,1776520591766.349,1776520591866.857,100.508,1.000,98.508,1.924,1833,1577,80.0,1,0,68.8
785,fixed_split_mlp_covertype,stable,h3,1776520591867.857,1776520592010.872,143.015,1.001,142.014,1.741,1833,1577,80.0,1,0,71.2
786,fixed_split_mlp_covertype,stable,h3,1776520592012.872,1776520592063.379,50.508,0.000,50.508,1.874,1833,1577,80.0,0,0,74.5
787,fixed_split_mlp_covertype,stable,h3,1776520592065.379,1776520592211.888,146.509,0.000,145.507,1.745,1833,1577,80.0,1,0,69.7
788,fixed_split_mlp_covertype,stable,h3,1776520592213.889,1776520592351.902,138.013,0.000,138.013,4.105,1833,1577,80.0,1,0,71.0
789,fixed_split_mlp_covertype,stable,h3,1776520592353.902,1776520592531.411,177.509,0.000,175.508,1.660,1833,1577,80.0,1,0,70.7
790,fixed_split_mlp_covertype,stable,h3,1776520592532.411,1776520592684.426,152.016,1.001,150.014,1.684,1833,1577,80.0,1,0,76.8
791,fixed_split_mlp_covertype,stable,h3,1776520592686.426,1776520592821.934,135.508,0.000,134.508,1.937,1833,1577,80.0,1,0,70.9
792,fixed_split_mlp_covertype,stable,h3,1776520592823.935,1776520592963.951,140.016,0.000,140.016,1.793,1833,1577,80.0,1,0,70.8
793,fixed_split_mlp_covertype,stable,h3,1776520592965.951,1776520593142.966,177.015,0.000,175.011,2.379,1833,1577,80.0,1,0,69.3
794,fixed_split_mlp_covertype,stable,h3,1776520593143.966,1776520593262.473,118.507,0.000,117.507,1.767,1833,1577,80.0,1,0,70.3
795,fixed_split_mlp_covertype,stable,h3,1776520593264.472,1776520593371.980,107.507,0.000,107.507,1.896,1833,1577,80.0,1,0,71.8
796,fixed_split_mlp_covertype,stable,h3,1776520593372.980,1776520593479.487,106.507,1.000,105.507,1.935,1833,1577,80.0,1,0,70.2
797,fixed_split_mlp_covertype,stable,h3,1776520593481.487,1776520593582.732,101.245,0.000,101.245,1.709,1833,1577,80.0,1,0,68.8
798,fixed_split_mlp_covertype,stable,h3,1776520593584.732,1776520593728.246,143.514,0.000,142.514,1.830,1833,1577,80.0,1,0,72.3
799,fixed_split_mlp_covertype,stable,h3,1776520593730.246,1776520593839.753,109.507,0.000,107.507,1.853,1833,1577,80.0,1,0,69.0
800,fixed_split_mlp_covertype,stable,h3,1776520593840.753,1776520593931.260,90.508,1.000,89.005,1.994,1833,1577,80.0,1,0,76.0
801,fixed_split_mlp_covertype,stable,h3,1776520593933.261,1776520594054.274,121.013,1.000,120.013,1.670,1833,1577,80.0,1,0,71.4
802,fixed_split_mlp_covertype,stable,h3,1776520594056.274,1776520594213.782,157.508,0.000,156.508,2.023,1833,1577,80.0,1,0,76.1
803,fixed_split_mlp_covertype,stable,h3,1776520594214.781,1776520594279.289,64.508,1.000,63.508,1.953,1833,1577,80.0,0,0,73.4
804,fixed_split_mlp_covertype,stable,h3,1776520594281.289,1776520594327.292,46.003,0.000,45.000,1.833,1833,1577,80.0,0,0,68.8
805,fixed_split_mlp_covertype,stable,h3,1776520594328.292,1776520594410.797,82.505,1.000,80.505,1.781,1833,1577,80.0,1,0,68.3
806,fixed_split_mlp_covertype,stable,h3,1776520594411.797,1776520594509.304,97.508,1.000,95.508,1.939,1833,1577,80.0,1,0,74.0
807,fixed_split_mlp_covertype,stable,h3,1776520594510.304,1776520594638.814,128.510,1.001,127.509,1.852,1833,1577,80.0,1,0,70.6
808,fixed_split_mlp_covertype,stable,h3,1776520594640.813,1776520594746.826,106.013,0.000,104.013,1.871,1833,1577,80.0,1,0,71.2
809,fixed_split_mlp_covertype,stable,h3,1776520594747.827,1776520594914.334,166.507,1.001,164.506,2.120,1833,1577,80.0,1,0,69.6
810,fixed_split_mlp_covertype,stable,h3,1776520594915.334,1776520595022.842,107.507,1.000,105.507,1.841,1833,1577,80.0,1,0,73.2
811,fixed_split_mlp_covertype,stable,h3,1776520595023.842,1776520595146.858,123.016,1.002,122.014,1.973,1833,1577,80.0,1,0,69.5
812,fixed_split_mlp_covertype,stable,h3,1776520595148.858,1776520595256.365,107.507,0.000,106.507,1.965,1833,1577,80.0,1,0,76.8
813,fixed_split_mlp_covertype,stable,h3,1776520595258.365,1776520595359.873,101.508,0.000,99.508,1.895,1833,1577,80.0,1,0,73.5
814,fixed_split_mlp_covertype,stable,h3,1776520595360.873,1776520595485.380,124.507,0.000,123.507,1.831,1833,1577,80.0,1,0,73.6
815,fixed_split_mlp_covertype,stable,h3,1776520595487.380,1776520595771.041,283.661,0.000,283.661,1.761,1833,1577,80.0,1,0,53.8
816,fixed_split_mlp_covertype,stable,h3,1776520595773.347,1776520595902.859,129.511,0.874,126.647,1.743,1833,1577,80.0,1,0,74.1
817,fixed_split_mlp_covertype,stable,h3,1776520595904.946,1776520596031.376,126.430,0.000,126.430,1.862,1833,1577,80.0,1,0,75.0
818,fixed_split_mlp_covertype,stable,h3,1776520596033.376,1776520596185.605,152.229,0.000,152.229,1.735,1833,1577,80.0,1,0,69.1
819,fixed_split_mlp_covertype,stable,h3,1776520596186.665,1776520596314.542,127.877,0.000,126.402,2.001,1833,1577,80.0,1,0,71.9
820,fixed_split_mlp_covertype,stable,h3,1776520596316.543,1776520596421.258,104.714,0.000,104.714,1.894,1833,1577,80.0,1,0,70.3
821,fixed_split_mlp_covertype,stable,h3,1776520596423.308,1776520596542.918,119.610,0.000,118.547,1.790,1833,1577,80.0,1,0,73.1
822,fixed_split_mlp_covertype,stable,h3,1776520596544.505,1776520596640.165,95.660,0.000,93.719,2.187,1833,1577,80.0,1,0,79.2
823,fixed_split_mlp_covertype,stable,h3,1776520596642.131,1776520596731.089,88.958,0.000,88.958,1.941,1833,1577,80.0,1,0,75.8
824,fixed_split_mlp_covertype,stable,h3,1776520596732.985,1776520596881.715,148.731,0.000,147.686,2.174,1833,1577,80.0,1,0,71.5
825,fixed_split_mlp_covertype,stable,h3,1776520596883.715,1776520597028.567,144.852,0.000,142.781,1.852,1833,1577,80.0,1,0,71.2
826,fixed_split_mlp_covertype,stable,h3,1776520597029.606,1776520597202.142,172.535,1.000,171.535,1.926,1833,1577,80.0,1,0,69.1
827,fixed_split_mlp_covertype,stable,h3,1776520597204.144,1776520597264.860,60.716,0.000,60.716,2.515,1833,1577,80.0,0,0,70.3
828,fixed_split_mlp_covertype,stable,h3,1776520597265.823,1776520597372.464,106.641,1.034,104.641,1.914,1833,1577,80.0,1,0,69.6
829,fixed_split_mlp_covertype,stable,h3,1776520597373.502,1776520597507.061,133.559,0.000,131.640,1.849,1833,1577,80.0,1,0,70.0
830,fixed_split_mlp_covertype,stable,h3,1776520597508.062,1776520597642.681,134.619,0.000,133.578,1.864,1833,1577,80.0,1,0,69.0
831,fixed_split_mlp_covertype,stable,h3,1776520597645.234,1776520597732.836,87.602,0.000,86.601,2.036,1833,1577,80.0,1,0,73.4
832,fixed_split_mlp_covertype,stable,h3,1776520597734.798,1776520597907.016,172.218,0.000,172.218,1.909,1833,1577,80.0,1,0,67.4
833,fixed_split_mlp_covertype,stable,h3,1776520597909.020,1776520598012.948,103.928,0.000,103.928,1.837,1833,1577,80.0,1,0,71.2
834,fixed_split_mlp_covertype,stable,h3,1776520598014.907,1776520598192.586,177.679,0.000,177.679,1.758,1833,1577,80.0,1,0,70.2
835,fixed_split_mlp_covertype,stable,h3,1776520598193.587,1776520598282.845,89.258,1.003,87.256,1.915,1833,1577,80.0,1,0,69.8
836,fixed_split_mlp_covertype,stable,h3,1776520598283.889,1776520598370.017,86.128,0.000,85.102,1.734,1833,1577,80.0,1,0,71.4
837,fixed_split_mlp_covertype,stable,h3,1776520598372.018,1776520598500.691,128.673,0.000,128.673,1.728,1833,1577,80.0,1,0,70.0
838,fixed_split_mlp_covertype,stable,h3,1776520598502.651,1776520598607.294,104.643,0.000,103.677,2.249,1833,1577,80.0,1,0,69.6
839,fixed_split_mlp_covertype,stable,h3,1776520598608.329,1776520598718.419,110.090,0.000,108.678,1.874,1833,1577,80.0,1,0,71.9
840,fixed_split_mlp_covertype,stable,h3,1776520598720.413,1776520598879.738,159.325,0.000,158.305,1.996,1833,1577,80.0,1,0,70.6
841,fixed_split_mlp_covertype,stable,h3,1776520598881.782,1776520598971.369,89.587,0.000,88.625,1.720,1833,1577,80.0,1,0,70.5
842,fixed_split_mlp_covertype,stable,h3,1776520598973.402,1776520599094.045,120.643,0.000,119.677,1.856,1833,1577,80.0,1,0,70.9
843,fixed_split_mlp_covertype,stable,h3,1776520599096.001,1776520599211.542,115.542,0.000,115.542,1.943,1833,1577,80.0,1,0,69.3
844,fixed_split_mlp_covertype,stable,h3,1776520599213.544,1776520599328.169,114.625,0.000,114.625,2.113,1833,1577,80.0,1,0,70.3
845,fixed_split_mlp_covertype,stable,h3,1776520599330.173,1776520599450.303,120.130,0.000,120.130,1.857,1833,1577,80.0,1,0,69.3
846,fixed_split_mlp_covertype,stable,h3,1776520599452.269,1776520599565.817,113.548,0.000,111.477,1.863,1833,1577,80.0,1,0,68.1
847,fixed_split_mlp_covertype,stable,h3,1776520599566.779,1776520599696.447,129.668,0.000,128.632,1.945,1833,1577,80.0,1,0,71.5
848,fixed_split_mlp_covertype,stable,h3,1776520599698.409,1776520599817.452,119.042,0.000,119.042,2.020,1833,1577,80.0,1,0,68.8
849,fixed_split_mlp_covertype,stable,h3,1776520599819.453,1776520599939.730,120.277,0.000,119.278,1.843,1833,1577,80.0,1,0,68.5
850,fixed_split_mlp_covertype,stable,h3,1776520599941.782,1776520600045.360,103.578,0.000,102.574,2.109,1833,1577,80.0,1,0,70.8
851,fixed_split_mlp_covertype,stable,h3,1776520600047.930,1776520600137.919,89.989,0.000,89.047,2.025,1833,1577,80.0,1,0,70.2
852,fixed_split_mlp_covertype,stable,h3,1776520600138.952,1776520600259.666,120.714,1.108,119.606,2.048,1833,1577,80.0,1,0,68.8
853,fixed_split_mlp_covertype,stable,h3,1776520600260.631,1776520600463.912,203.281,1.046,202.235,2.058,1833,1577,80.0,1,0,66.7
854,fixed_split_mlp_covertype,stable,h3,1776520600464.927,1776520600550.431,85.504,0.000,84.504,1.977,1833,1577,80.0,1,0,59.8
855,fixed_split_mlp_covertype,stable,h3,1776520600552.432,1776520600657.939,105.507,0.000,104.507,1.785,1833,1577,80.0,1,0,68.8
856,fixed_split_mlp_covertype,stable,h3,1776520600658.939,1776520600772.454,113.515,0.000,111.508,1.845,1833,1577,80.0,1,0,69.9
857,fixed_split_mlp_covertype,stable,h3,1776520600773.448,1776520600896.955,123.507,1.001,122.505,2.024,1833,1577,80.0,1,0,69.5
858,fixed_split_mlp_covertype,stable,h3,1776520600898.955,1776520601039.464,140.509,0.000,139.509,2.025,1833,1577,80.0,1,0,70.8
859,fixed_split_mlp_covertype,stable,h3,1776520601041.464,1776520601140.975,99.510,0.000,98.510,1.790,1833,1577,80.0,1,0,79.5
860,fixed_split_mlp_covertype,stable,h3,1776520601142.975,1776520601271.992,129.017,1.000,127.017,1.903,1833,1577,80.0,1,0,73.2
861,fixed_split_mlp_covertype,stable,h3,1776520601272.992,1776520601392.500,119.508,0.000,118.507,1.889,1833,1577,80.0,1,0,68.2
862,fixed_split_mlp_covertype,stable,h3,1776520601394.500,1776520601546.010,151.510,0.000,150.510,2.971,1833,1577,80.0,1,0,69.8
863,fixed_split_mlp_covertype,stable,h3,1776520601547.512,1776520601657.025,109.513,0.000,108.511,2.431,1833,1577,80.0,1,0,67.5
864,fixed_split_mlp_covertype,stable,h3,1776520601658.024,1776520601814.531,156.507,1.000,155.507,1.724,1833,1577,80.0,1,0,70.6
865,fixed_split_mlp_covertype,stable,h3,1776520601816.531,1776520601965.546,149.014,0.000,148.014,2.167,1833,1577,80.0,1,0,69.2
866,fixed_split_mlp_covertype,stable,h3,1776520601967.546,1776520602093.053,125.507,0.000,124.507,2.898,1833,1577,80.0,1,0,69.0
867,fixed_split_mlp_covertype,stable,h3,1776520602094.053,1776520602237.562,143.510,1.000,142.510,1.997,1833,1577,80.0,1,0,69.2
868,fixed_split_mlp_covertype,stable,h3,1776520602239.562,1776520602329.068,89.506,0.000,87.505,1.993,1833,1577,80.0,1,0,68.0
869,fixed_split_mlp_covertype,stable,h3,1776520602330.068,1776520602393.576,63.508,0.000,61.507,1.847,1833,1577,80.0,0,0,68.8
870,fixed_split_mlp_covertype,stable,h3,1776520602394.576,1776520602513.083,118.507,1.000,117.507,1.859,1833,1577,80.0,1,0,71.4
871,fixed_split_mlp_covertype,stable,h3,1776520602515.083,1776520602641.592,126.509,0.000,124.513,1.945,1833,1577,80.0,1,0,69.2
872,fixed_split_mlp_covertype,stable,h3,1776520602642.592,1776520602773.605,131.013,1.000,130.013,2.012,1833,1577,80.0,1,0,68.2
873,fixed_split_mlp_covertype,stable,h3,1776520602775.605,1776520602943.115,167.510,0.000,167.510,1.952,1833,1577,80.0,1,0,70.3
874,fixed_split_mlp_covertype,stable,h3,1776520602945.115,1776520603071.128,126.013,0.000,126.013,1.815,1833,1577,80.0,1,0,69.8
875,fixed_split_mlp_covertype,stable,h3,1776520603073.128,1776520603198.636,125.508,0.000,124.508,1.731,1833,1577,80.0,1,0,70.4
876,fixed_split_mlp_covertype,stable,h3,1776520603200.636,1776520603285.146,84.510,0.000,83.510,1.824,1833,1577,80.0,1,0,67.9
877,fixed_split_mlp_covertype,stable,h3,1776520603287.146,1776520603388.653,101.507,0.000,101.507,1.825,1833,1577,80.0,1,0,69.4
878,fixed_split_mlp_covertype,stable,h3,1776520603390.654,1776520603610.531,219.877,0.000,219.877,1.844,1833,1577,80.0,1,0,66.1
879,fixed_split_mlp_covertype,stable,h3,1776520603611.547,1776520603726.050,114.504,0.000,114.504,1.876,1833,1577,80.0,1,0,63.6
880,fixed_split_mlp_covertype,stable,h3,1776520603728.051,1776520603881.065,153.015,0.000,152.014,2.083,1833,1577,80.0,1,0,70.9
881,fixed_split_mlp_covertype,stable,h3,1776520603883.065,1776520603980.572,97.507,0.000,97.507,1.928,1833,1577,80.0,1,0,69.0
882,fixed_split_mlp_covertype,stable,h3,1776520603982.572,1776520604106.081,123.508,0.000,122.508,1.852,1833,1577,80.0,1,0,69.5
883,fixed_split_mlp_covertype,stable,h3,1776520604107.080,1776520604178.588,71.508,0.000,69.507,1.847,1833,1577,80.0,0,0,70.3
884,fixed_split_mlp_covertype,stable,h3,1776520604179.588,1776520604287.095,107.508,0.000,106.507,2.283,1833,1577,80.0,1,0,69.0
885,fixed_split_mlp_covertype,stable,h3,1776520604289.095,1776520604394.603,105.507,0.000,103.507,2.245,1833,1577,80.0,1,0,70.5
886,fixed_split_mlp_covertype,stable,h3,1776520604395.603,1776520604458.110,62.507,0.000,60.507,1.823,1833,1577,80.0,0,0,68.8
887,fixed_split_mlp_covertype,stable,h3,1776520604459.109,1776520604607.617,148.508,0.000,146.507,3.252,1833,1577,80.0,1,0,69.4
888,fixed_split_mlp_covertype,stable,h3,1776520604609.617,1776520604761.631,152.014,0.000,151.013,2.027,1833,1577,80.0,1,0,68.8
889,fixed_split_mlp_covertype,stable,h3,1776520604762.631,1776520604923.139,160.508,0.000,159.507,1.975,1833,1577,80.0,1,0,68.3
890,fixed_split_mlp_covertype,stable,h3,1776520604925.138,1776520605055.152,130.014,0.000,130.014,1.739,1833,1577,80.0,1,0,68.8
891,fixed_split_mlp_covertype,stable,h3,1776520605057.153,1776520605173.660,116.507,0.000,115.507,1.908,1833,1577,80.0,1,0,69.5
892,fixed_split_mlp_covertype,stable,h3,1776520605174.660,1776520605327.167,152.508,0.000,151.507,1.855,1833,1577,80.0,1,0,68.8
893,fixed_split_mlp_covertype,stable,h3,1776520605329.167,1776520605434.677,105.509,0.000,105.509,1.975,1833,1577,80.0,1,0,74.8
894,fixed_split_mlp_covertype,stable,h3,1776520605436.677,1776520605544.184,107.507,1.000,106.507,1.756,1833,1577,80.0,1,0,67.2
895,fixed_split_mlp_covertype,stable,h3,1776520605546.184,1776520605641.691,95.507,0.000,95.507,1.927,1833,1577,80.0,1,0,68.0
896,fixed_split_mlp_covertype,stable,h3,1776520605643.691,1776520605754.703,111.012,0.000,110.011,1.786,1833,1577,80.0,1,0,68.8
897,fixed_split_mlp_covertype,stable,h3,1776520605756.703,1776520605839.706,83.003,0.000,83.003,2.042,1833,1577,80.0,1,0,70.8
898,fixed_split_mlp_covertype,stable,h3,1776520605841.706,1776520605946.213,104.507,0.000,103.507,1.856,1833,1577,80.0,1,0,70.3
899,fixed_split_mlp_covertype,stable,h3,1776520605948.718,1776520606157.043,208.325,0.000,207.324,2.014,1833,1577,80.0,1,0,65.7
900,fixed_split_mlp_covertype,stable,h3,1776520606158.060,1776520606366.851,208.792,1.075,207.717,1.850,1833,1577,80.0,1,0,68.1
901,fixed_split_mlp_covertype,stable,h3,1776520606367.863,1776520606452.369,84.506,0.000,84.506,1.960,1833,1577,80.0,1,0,70.8
902,fixed_split_mlp_covertype,stable,h3,1776520606454.370,1776520606581.879,127.509,0.000,126.510,1.835,1833,1577,80.0,1,0,68.2
903,fixed_split_mlp_covertype,stable,h3,1776520606583.879,1776520606700.387,116.508,0.000,115.508,1.777,1833,1577,80.0,1,0,72.1
904,fixed_split_mlp_covertype,stable,h3,1776520606702.387,1776520606869.409,167.023,0.000,166.019,1.754,1833,1577,80.0,1,0,69.7
905,fixed_split_mlp_covertype,stable,h3,1776520606870.407,1776520607022.913,152.506,0.000,151.507,2.552,1833,1577,80.0,1,0,68.8
906,fixed_split_mlp_covertype,stable,h3,1776520607024.914,1776520607114.926,90.012,0.000,89.011,1.768,1833,1577,80.0,1,0,72.2
907,fixed_split_mlp_covertype,stable,h3,1776520607116.927,1776520607276.958,160.031,0.000,160.031,1.898,1833,1577,80.0,1,0,70.2
908,fixed_split_mlp_covertype,stable,h3,1776520607278.960,1776520607427.468,148.508,0.000,146.506,1.847,1833,1577,80.0,1,0,70.3
909,fixed_split_mlp_covertype,stable,h3,1776520607428.466,1776520607563.481,135.015,0.000,133.015,2.283,1833,1577,80.0,1,0,71.3
910,fixed_split_mlp_covertype,stable,h3,1776520607565.755,1776520607695.002,129.247,0.728,127.516,1.882,1833,1577,80.0,1,0,73.1
911,fixed_split_mlp_covertype,stable,h3,1776520607696.999,1776520607819.507,122.508,0.000,121.508,1.878,1833,1577,80.0,1,0,69.8
912,fixed_split_mlp_covertype,stable,h3,1776520607821.506,1776520607921.016,99.510,0.000,99.510,1.821,1833,1577,80.0,1,0,73.2
913,fixed_split_mlp_covertype,stable,h3,1776520607923.014,1776520608064.033,141.019,0.000,140.020,1.947,1833,1577,80.0,1,0,70.1
914,fixed_split_mlp_covertype,stable,h3,1776520608065.033,1776520608179.049,114.016,1.000,113.016,1.696,1833,1577,80.0,1,0,69.0
915,fixed_split_mlp_covertype,stable,h3,1776520608181.047,1776520608347.558,166.511,0.000,165.512,1.968,1833,1577,80.0,1,0,70.6
916,fixed_split_mlp_covertype,stable,h3,1776520608349.060,1776520608482.574,133.514,0.000,131.508,1.760,1833,1577,80.0,1,0,70.6
917,fixed_split_mlp_covertype,stable,h3,1776520608484.573,1776520608596.083,111.510,0.000,110.511,1.816,1833,1577,80.0,1,0,68.1
918,fixed_split_mlp_covertype,stable,h3,1776520608597.082,1776520608781.096,184.014,0.000,184.014,1.918,1833,1577,80.0,1,0,69.6
919,fixed_split_mlp_covertype,stable,h3,1776520608783.096,1776520608877.605,94.509,0.000,93.509,1.856,1833,1577,80.0,1,0,68.0
920,fixed_split_mlp_covertype,stable,h3,1776520608879.606,1776520609010.114,130.509,0.000,129.507,1.841,1833,1577,80.0,1,0,71.3
921,fixed_split_mlp_covertype,stable,h3,1776520609012.113,1776520609113.622,101.509,0.000,100.508,2.039,1833,1577,80.0,1,0,68.0
922,fixed_split_mlp_covertype,stable,h3,1776520609114.623,1776520609243.137,128.515,0.000,128.515,1.799,1833,1577,80.0,1,0,69.0
923,fixed_split_mlp_covertype,stable,h3,1776520609245.137,1776520609355.155,110.018,0.000,108.015,1.774,1833,1577,80.0,1,0,69.5
924,fixed_split_mlp_covertype,stable,h3,1776520609356.154,1776520609502.662,146.508,0.000,145.508,2.004,1833,1577,80.0,1,0,69.7
925,fixed_split_mlp_covertype,stable,h3,1776520609504.660,1776520609658.686,154.026,0.000,153.024,1.825,1833,1577,80.0,1,0,71.8
926,fixed_split_mlp_covertype,stable,h3,1776520609659.686,1776520609755.191,95.506,1.000,94.505,1.924,1833,1577,80.0,1,0,80.8
927,fixed_split_mlp_covertype,stable,h3,1776520609757.191,1776520609846.198,89.007,1.000,87.004,1.748,1833,1577,80.0,1,0,72.2
928,fixed_split_mlp_covertype,stable,h3,1776520609847.197,1776520609930.705,83.508,0.000,82.005,1.887,1833,1577,80.0,1,0,75.3
929,fixed_split_mlp_covertype,stable,h3,1776520609932.704,1776520610077.722,145.018,0.000,145.018,1.839,1833,1577,80.0,1,0,70.3
930,fixed_split_mlp_covertype,stable,h3,1776520610079.722,1776520610180.232,100.510,0.000,99.508,1.827,1833,1577,80.0,1,0,69.4
931,fixed_split_mlp_covertype,stable,h3,1776520610181.231,1776520610309.764,128.533,0.000,127.530,2.011,1833,1577,80.0,1,0,71.1
932,fixed_split_mlp_covertype,stable,h3,1776520610311.764,1776520610427.272,115.508,0.000,115.508,2.132,1833,1577,80.0,1,0,69.6
933,fixed_split_mlp_covertype,stable,h3,1776520610429.273,1776520610556.291,127.018,0.000,126.018,1.928,1833,1577,80.0,1,0,71.5
934,fixed_split_mlp_covertype,stable,h3,1776520610557.291,1776520610691.800,134.509,1.001,133.507,1.910,1833,1577,80.0,1,0,73.4
935,fixed_split_mlp_covertype,stable,h3,1776520610693.800,1776520610803.317,109.517,0.000,108.515,1.680,1833,1577,80.0,1,0,76.8
936,fixed_split_mlp_covertype,stable,h3,1776520610804.316,1776520610892.827,88.511,1.000,87.511,1.875,1833,1577,80.0,1,0,77.1
937,fixed_split_mlp_covertype,stable,h3,1776520610894.826,1776520611004.338,109.512,0.000,108.510,2.058,1833,1577,80.0,1,0,77.0
938,fixed_split_mlp_covertype,stable,h3,1776520611006.337,1776520611099.843,93.506,0.000,92.505,2.419,1833,1577,80.0,1,0,75.0
939,fixed_split_mlp_covertype,stable,h3,1776520611100.843,1776520611213.983,113.140,1.000,112.140,1.754,1833,1577,80.0,1,0,75.8
940,fixed_split_mlp_covertype,stable,h3,1776520611215.981,1776520611430.948,214.967,0.000,213.348,1.913,1833,1577,80.0,1,0,81.0
941,fixed_split_mlp_covertype,stable,h3,1776520611431.948,1776520611550.872,118.924,1.376,116.547,1.828,1833,1577,80.0,1,0,67.2
942,fixed_split_mlp_covertype,stable,h3,1776520611551.871,1776520611685.083,133.212,1.004,131.358,1.664,1833,1577,80.0,1,0,77.1
943,fixed_split_mlp_covertype,stable,h3,1776520611687.084,1776520611812.327,125.242,0.000,125.242,1.836,1833,1577,80.0,1,0,75.2
944,fixed_split_mlp_covertype,stable,h3,1776520611814.325,1776520611976.026,161.701,1.003,159.699,1.905,1833,1577,80.0,1,0,75.6
945,fixed_split_mlp_covertype,stable,h3,1776520611978.025,1776520612065.535,87.510,0.000,87.510,2.007,1833,1577,80.0,1,0,72.9
946,fixed_split_mlp_covertype,stable,h3,1776520612067.533,1776520612160.040,92.507,0.000,91.507,1.730,1833,1577,80.0,1,0,69.5
947,fixed_split_mlp_covertype,stable,h3,1776520612162.041,1776520612288.555,126.514,1.001,124.508,1.748,1833,1577,80.0,1,0,70.0
948,fixed_split_mlp_covertype,stable,h3,1776520612289.550,1776520612438.059,148.509,0.000,146.506,1.924,1833,1577,80.0,1,0,70.3
949,fixed_split_mlp_covertype,stable,h3,1776520612439.060,1776520612628.076,189.016,0.999,188.017,1.995,1833,1577,80.0,1,0,68.4
950,fixed_split_mlp_covertype,stable,h3,1776520612630.076,1776520612769.092,139.016,0.000,137.013,1.947,1833,1577,80.0,1,0,70.3
951,fixed_split_mlp_covertype,stable,h3,1776520612771.091,1776520612879.599,108.508,0.000,108.508,1.978,1833,1577,80.0,1,0,69.0
952,fixed_split_mlp_covertype,stable,h3,1776520612881.599,1776520612985.107,103.508,0.000,102.508,1.771,1833,1577,80.0,1,0,70.5
953,fixed_split_mlp_covertype,stable,h3,1776520612986.109,1776520613033.111,47.001,0.000,45.999,1.888,1833,1577,80.0,0,0,70.2
954,fixed_split_mlp_covertype,stable,h3,1776520613034.108,1776520613138.659,104.551,0.000,104.551,1.884,1833,1577,80.0,1,0,68.8
955,fixed_split_mlp_covertype,stable,h3,1776520613139.661,1776520613235.167,95.506,0.000,94.503,1.993,1833,1577,80.0,1,0,69.1
956,fixed_split_mlp_covertype,stable,h3,1776520613237.167,1776520613355.180,118.013,0.000,117.013,1.888,1833,1577,80.0,1,0,71.1
957,fixed_split_mlp_covertype,stable,h3,1776520613356.180,1776520613443.185,87.004,1.001,86.003,1.951,1833,1577,80.0,1,0,69.1
958,fixed_split_mlp_covertype,stable,h3,1776520613445.185,1776520613574.195,129.010,0.000,128.010,1.741,1833,1577,80.0,1,0,68.8
959,fixed_split_mlp_covertype,stable,h3,1776520613575.195,1776520613662.703,87.508,0.000,86.507,1.997,1833,1577,80.0,1,0,68.8
960,fixed_split_mlp_covertype,stable,h3,1776520613664.703,1776520613787.212,122.509,0.000,121.507,1.778,1833,1577,80.0,1,0,69.0
961,fixed_split_mlp_covertype,stable,h3,1776520613788.211,1776520613885.723,97.512,1.000,96.513,1.786,1833,1577,80.0,1,0,70.3
962,fixed_split_mlp_covertype,stable,h3,1776520613887.722,1776520613998.233,110.511,0.000,109.508,1.746,1833,1577,80.0,1,0,68.4
963,fixed_split_mlp_covertype,stable,h3,1776520613999.229,1776520614177.244,178.014,0.000,176.014,2.432,1833,1577,80.0,1,0,71.8
964,fixed_split_mlp_covertype,stable,h3,1776520614178.244,1776520614376.794,198.550,1.001,197.549,1.985,1833,1577,80.0,1,0,69.9
965,fixed_split_mlp_covertype,stable,h3,1776520614378.794,1776520614508.136,129.343,0.000,128.368,1.876,1833,1577,80.0,1,0,68.2
966,fixed_split_mlp_covertype,stable,h3,1776520614509.134,1776520614604.644,95.510,1.000,93.510,1.850,1833,1577,80.0,1,0,74.5
967,fixed_split_mlp_covertype,stable,h3,1776520614605.644,1776520614705.158,99.514,1.002,97.508,2.011,1833,1577,80.0,1,0,67.3
968,fixed_split_mlp_covertype,stable,h3,1776520614706.155,1776520614841.671,135.516,1.000,133.508,1.866,1833,1577,80.0,1,0,69.4
969,fixed_split_mlp_covertype,stable,h3,1776520614842.664,1776520614916.169,73.505,0.000,71.506,1.917,1833,1577,80.0,0,0,72.7
970,fixed_split_mlp_covertype,stable,h3,1776520614917.169,1776520615011.677,94.509,1.002,92.506,1.762,1833,1577,80.0,1,0,69.4
971,fixed_split_mlp_covertype,stable,h3,1776520615012.678,1776520615154.691,142.013,0.000,141.011,2.005,1833,1577,80.0,1,0,69.7
972,fixed_split_mlp_covertype,stable,h3,1776520615156.692,1776520615251.200,94.509,0.000,94.509,1.954,1833,1577,80.0,1,0,69.5
973,fixed_split_mlp_covertype,stable,h3,1776520615253.200,1776520615349.203,96.003,0.000,96.003,1.769,1833,1577,80.0,1,0,72.7
974,fixed_split_mlp_covertype,stable,h3,1776520615350.709,1776520615469.220,118.511,0.000,117.511,1.851,1833,1577,80.0,1,0,70.9
975,fixed_split_mlp_covertype,stable,h3,1776520615470.220,1776520615616.732,146.512,0.000,144.510,1.860,1833,1577,80.0,1,0,71.2
976,fixed_split_mlp_covertype,stable,h3,1776520615617.731,1776520615750.741,133.011,0.000,132.010,1.900,1833,1577,80.0,1,0,71.1
977,fixed_split_mlp_covertype,stable,h3,1776520615752.744,1776520615881.259,128.515,0.000,126.508,1.694,1833,1577,80.0,1,0,67.2
978,fixed_split_mlp_covertype,stable,h3,1776520615882.255,1776520615950.259,68.004,0.000,66.000,1.912,1833,1577,80.0,0,0,69.6
979,fixed_split_mlp_covertype,stable,h3,1776520615951.623,1776520616090.135,138.511,0.000,137.506,1.840,1833,1577,80.0,1,0,71.0
980,fixed_split_mlp_covertype,stable,h3,1776520616091.130,1776520616277.143,186.013,0.000,185.013,1.903,1833,1577,80.0,1,0,71.9
981,fixed_split_mlp_covertype,stable,h3,1776520616279.143,1776520616392.654,113.510,0.000,113.510,1.715,1833,1577,80.0,1,0,69.0
982,fixed_split_mlp_covertype,stable,h3,1776520616393.769,1776520616501.159,107.390,1.930,105.459,1.837,1833,1577,80.0,1,0,72.3
983,fixed_split_mlp_covertype,stable,h3,1776520616503.161,1776520616657.176,154.015,0.000,153.407,1.735,1833,1577,80.0,1,0,69.4
984,fixed_split_mlp_covertype,stable,h3,1776520616658.176,1776520616756.278,98.102,0.000,97.102,1.831,1833,1577,80.0,1,0,68.0
985,fixed_split_mlp_covertype,stable,h3,1776520616758.277,1776520616873.795,115.518,0.000,114.516,2.000,1833,1577,80.0,1,0,76.2
986,fixed_split_mlp_covertype,stable,h3,1776520616875.794,1776520616978.305,102.512,0.000,100.507,1.782,1833,1577,80.0,1,0,69.1
987,fixed_split_mlp_covertype,stable,h3,1776520616980.304,1776520617073.812,93.507,0.000,93.507,1.933,1833,1577,80.0,1,0,73.6
988,fixed_split_mlp_covertype,stable,h3,1776520617075.811,1776520617183.323,107.511,1.002,106.510,1.961,1833,1577,80.0,1,0,70.3
989,fixed_split_mlp_covertype,stable,h3,1776520617185.322,1776520617290.831,105.509,0.000,104.508,1.777,1833,1577,80.0,1,0,73.0
990,fixed_split_mlp_covertype,stable,h3,1776520617292.829,1776520617591.654,298.824,0.000,298.824,1.787,1833,1577,80.0,1,0,50.9
991,fixed_split_mlp_covertype,stable,h3,1776520617594.558,1776520618068.449,473.891,1.022,470.875,1.919,1833,1577,80.0,1,0,37.8
992,fixed_split_mlp_covertype,stable,h3,1776520618070.449,1776520618522.097,451.648,0.000,448.676,1.825,1833,1577,80.0,1,0,35.0
993,fixed_split_mlp_covertype,stable,h3,1776520618524.095,1776520619006.977,482.882,1.025,479.417,2.019,1833,1577,80.0,1,0,32.2
994,fixed_split_mlp_covertype,stable,h3,1776520619010.055,1776520619466.264,456.209,0.925,454.264,2.208,1833,1577,80.0,1,0,32.2
995,fixed_split_mlp_covertype,stable,h3,1776520619468.262,1776520619945.954,477.692,0.000,475.421,1.947,1833,1577,80.0,1,0,32.9
996,fixed_split_mlp_covertype,stable,h3,1776520619946.955,1776520620402.700,455.745,1.006,452.748,2.225,1833,1577,80.0,1,0,32.8
997,fixed_split_mlp_covertype,stable,h3,1776520620403.700,1776520620976.904,573.204,1.996,570.211,2.121,1833,1577,80.0,1,0,26.9
998,fixed_split_mlp_covertype,stable,h3,1776520620978.907,1776520621587.005,608.098,1.070,606.028,16.136,1833,1577,80.0,1,0,24.1
999,fixed_split_mlp_covertype,stable,h3,1776520621588.019,1776520622201.393,613.374,0.988,610.391,3.618,1833,1577,80.0,1,0,28.7
1000,fixed_split_mlp_covertype,stable,h3,1776520622202.397,1776520622817.743,615.346,1.993,612.587,1.945,1833,1577,80.0,1,0,23.7
1001,fixed_split_mlp_covertype,stable,h3,1776520622820.746,1776520623457.079,636.334,0.999,633.336,1.903,1833,1577,80.0,1,0,24.7
1002,fixed_split_mlp_covertype,stable,h3,1776520623458.081,1776520624043.782,585.701,1.000,582.707,1.764,1833,1577,80.0,1,0,24.5
1003,fixed_split_mlp_covertype,stable,h3,1776520624044.780,1776520624661.774,616.994,1.570,614.999,2.036,1833,1577,80.0,1,0,23.3
1004,fixed_split_mlp_covertype,stable,h3,1776520624664.778,1776520625281.472,616.694,1.344,613.857,1.836,1833,1577,80.0,1,0,23.7
1005,fixed_split_mlp_covertype,stable,h3,1776520625284.035,1776520625731.628,447.593,1.092,445.509,3.394,1833,1577,80.0,1,0,33.9
1006,fixed_split_mlp_covertype,stable,h3,1776520625733.633,1776520625987.295,253.662,1.024,251.668,1.772,1833,1577,80.0,1,0,56.4
1007,fixed_split_mlp_covertype,stable,h3,1776520625992.364,1776520626102.266,109.903,0.000,108.904,1.961,1833,1577,80.0,1,0,66.7
1008,fixed_split_mlp_covertype,stable,h3,1776520626106.258,1776520626229.370,123.112,1.001,122.111,2.600,1833,1577,80.0,1,0,72.9
1009,fixed_split_mlp_covertype,stable,h3,1776520626231.369,1776520626336.099,104.730,0.000,104.730,2.066,1833,1577,80.0,1,0,68.0
1010,fixed_split_mlp_covertype,stable,h3,1776520626338.094,1776520626476.630,138.535,0.000,138.535,2.036,1833,1577,80.0,1,0,70.6
1011,fixed_split_mlp_covertype,stable,h3,1776520626478.630,1776520626808.303,329.673,0.000,329.673,1.982,1833,1577,80.0,1,0,49.7
1012,fixed_split_mlp_covertype,stable,h3,1776520626811.298,1776520626990.105,178.807,1.000,174.794,2.134,1833,1577,80.0,1,0,65.5
1013,fixed_split_mlp_covertype,stable,h3,1776520626995.106,1776520627107.606,112.500,0.000,111.500,1.916,1833,1577,80.0,1,0,72.5
1014,fixed_split_mlp_covertype,stable,h3,1776520627109.620,1776520627209.113,99.492,0.000,98.493,1.806,1833,1577,80.0,1,0,70.4
1015,fixed_split_mlp_covertype,stable,h3,1776520627210.113,1776520627398.126,188.013,0.000,186.012,1.828,1833,1577,80.0,1,0,68.8
1016,fixed_split_mlp_covertype,stable,h3,1776520627399.125,1776520627466.125,67.000,1.001,64.999,1.822,1833,1577,80.0,0,0,73.7
1017,fixed_split_mlp_covertype,stable,h3,1776520627467.125,1776520627625.139,158.014,0.000,157.014,1.819,1833,1577,80.0,1,0,67.5
1018,fixed_split_mlp_covertype,stable,h3,1776520627627.139,1776520627707.647,80.507,0.000,79.507,1.809,1833,1577,80.0,1,0,69.1
1019,fixed_split_mlp_covertype,stable,h3,1776520627709.647,1776520627809.154,99.507,0.000,99.507,1.839,1833,1577,80.0,1,0,69.4
1020,fixed_split_mlp_covertype,stable,h3,1776520627810.154,1776520627914.661,104.506,0.000,103.502,1.691,1833,1577,80.0,1,0,68.0
1021,fixed_split_mlp_covertype,stable,h3,1776520627916.661,1776520628019.167,102.506,0.000,101.504,1.849,1833,1577,80.0,1,0,69.6
1022,fixed_split_mlp_covertype,stable,h3,1776520628021.167,1776520628152.674,131.507,0.000,130.507,2.351,1833,1577,80.0,1,0,69.7
1023,fixed_split_mlp_covertype,stable,h3,1776520628154.691,1776520628267.183,112.492,0.000,112.492,1.735,1833,1577,80.0,1,0,67.5
1024,fixed_split_mlp_covertype,stable,h3,1776520628269.183,1776520628363.690,94.507,1.000,93.507,1.948,1833,1577,80.0,1,0,71.0
1025,fixed_split_mlp_covertype,stable,h3,1776520628365.690,1776520628498.704,133.013,0.000,132.014,2.121,1833,1577,80.0,1,0,67.3
1026,fixed_split_mlp_covertype,stable,h3,1776520628500.704,1776520628671.210,170.506,1.000,169.506,1.963,1833,1577,80.0,1,0,69.5
1027,fixed_split_mlp_covertype,stable,h3,1776520628673.213,1776520628804.223,131.010,0.000,130.010,1.840,1833,1577,80.0,1,0,68.8
1028,fixed_split_mlp_covertype,stable,h3,1776520628806.224,1776520628955.730,149.506,0.000,147.506,2.103,1833,1577,80.0,1,0,70.0
1029,fixed_split_mlp_covertype,stable,h3,1776520628956.730,1776520629085.240,128.510,1.000,126.509,1.867,1833,1577,80.0,1,0,70.1
1030,fixed_split_mlp_covertype,stable,h3,1776520629086.741,1776520629171.745,85.003,1.003,84.000,1.942,1833,1577,80.0,1,0,71.4
1031,fixed_split_mlp_covertype,stable,h3,1776520629173.747,1776520629295.758,122.010,0.000,122.010,2.005,1833,1577,80.0,1,0,70.1
1032,fixed_split_mlp_covertype,stable,h3,1776520629297.759,1776520629460.264,162.506,0.000,160.505,1.987,1833,1577,80.0,1,0,67.9
1033,fixed_split_mlp_covertype,stable,h3,1776520629462.264,1776520629545.770,83.506,0.000,82.506,1.786,1833,1577,80.0,1,0,69.8
1034,fixed_split_mlp_covertype,stable,h3,1776520629547.771,1776520629726.784,179.013,0.000,178.013,1.936,1833,1577,80.0,1,0,68.8
1035,fixed_split_mlp_covertype,stable,h3,1776520629727.784,1776520629821.291,93.507,1.001,92.506,1.876,1833,1577,80.0,1,0,73.6
1036,fixed_split_mlp_covertype,stable,h3,1776520629823.290,1776520629931.797,108.506,0.000,108.506,1.789,1833,1577,80.0,1,0,69.2
1037,fixed_split_mlp_covertype,stable,h3,1776520629933.797,1776520630052.303,118.507,0.000,118.507,1.929,1833,1577,80.0,1,0,68.8
1038,fixed_split_mlp_covertype,stable,h3,1776520630054.304,1776520630228.317,174.013,0.000,173.013,1.852,1833,1577,80.0,1,0,69.1
1039,fixed_split_mlp_covertype,stable,h3,1776520630230.317,1776520630346.832,116.515,0.000,115.515,1.910,1833,1577,80.0,1,0,68.1
1040,fixed_split_mlp_covertype,stable,h3,1776520630348.832,1776520630466.339,117.507,0.000,116.507,1.832,1833,1577,80.0,1,0,68.8
1041,fixed_split_mlp_covertype,stable,h3,1776520630467.339,1776520630589.352,122.013,1.000,120.013,2.015,1833,1577,80.0,1,0,69.3
1042,fixed_split_mlp_covertype,stable,h3,1776520630590.352,1776520630728.859,138.507,1.001,137.506,2.058,1833,1577,80.0,1,0,69.7
1043,fixed_split_mlp_covertype,stable,h3,1776520630730.859,1776520630922.873,192.013,1.000,190.013,1.908,1833,1577,80.0,1,0,68.8
1044,fixed_split_mlp_covertype,stable,h3,1776520630923.873,1776520631071.378,147.506,0.000,146.505,1.717,1833,1577,80.0,1,0,71.1
1045,fixed_split_mlp_covertype,stable,h3,1776520631073.381,1776520631144.885,71.504,0.000,71.504,1.883,1833,1577,80.0,0,0,67.1
1046,fixed_split_mlp_covertype,stable,h3,1776520631145.885,1776520631264.392,118.507,1.000,117.507,2.340,1833,1577,80.0,1,0,69.0
1047,fixed_split_mlp_covertype,stable,h3,1776520631266.393,1776520631360.899,94.507,0.000,93.507,1.755,1833,1577,80.0,1,0,69.1
1048,fixed_split_mlp_covertype,stable,h3,1776520631361.900,1776520631513.913,152.013,0.000,150.013,1.939,1833,1577,80.0,1,0,68.8
1049,fixed_split_mlp_covertype,stable,h3,1776520631515.913,1776520631684.421,168.509,0.000,168.509,2.076,1833,1577,80.0,1,0,69.7
1050,fixed_split_mlp_covertype,stable,h3,1776520631686.923,1776520631826.432,139.509,0.000,139.509,1.984,1833,1577,80.0,1,0,68.8
1051,fixed_split_mlp_covertype,stable,h3,1776520631828.432,1776520631967.939,139.507,0.000,137.506,1.788,1833,1577,80.0,1,0,69.7
1052,fixed_split_mlp_covertype,stable,h3,1776520631969.941,1776520632100.952,131.011,0.000,130.013,1.753,1833,1577,80.0,1,0,69.5
1053,fixed_split_mlp_covertype,stable,h3,1776520632102.952,1776520632179.955,77.003,0.000,76.002,1.843,1833,1577,80.0,0,0,69.5
1054,fixed_split_mlp_covertype,stable,h3,1776520632181.955,1776520632263.460,81.505,0.000,80.504,2.094,1833,1577,80.0,1,0,70.5
1055,fixed_split_mlp_covertype,stable,h3,1776520632264.460,1776520632406.473,142.013,1.000,140.013,3.787,1833,1577,80.0,1,0,69.0
1056,fixed_split_mlp_covertype,stable,h3,1776520632407.473,1776520632531.980,124.507,1.001,123.507,2.019,1833,1577,80.0,1,0,68.8
1057,fixed_split_mlp_covertype,stable,h3,1776520632532.980,1776520632715.992,183.012,1.000,182.012,1.843,1833,1577,80.0,1,0,69.6
1058,fixed_split_mlp_covertype,stable,h3,1776520632717.992,1776520632800.500,82.507,0.000,82.507,1.859,1833,1577,80.0,1,0,67.1
1059,fixed_split_mlp_covertype,stable,h3,1776520632802.500,1776520632881.502,79.002,0.000,77.002,1.853,1833,1577,80.0,0,0,69.6
1060,fixed_split_mlp_covertype,stable,h3,1776520632882.502,1776520632989.514,107.012,0.000,105.011,1.833,1833,1577,80.0,1,0,69.3
1061,fixed_split_mlp_covertype,stable,h3,1776520632990.514,1776520633095.020,104.507,0.000,104.507,1.988,1833,1577,80.0,1,0,68.8
1062,fixed_split_mlp_covertype,stable,h3,1776520633097.021,1776520633180.031,83.010,0.000,81.002,1.879,1833,1577,80.0,1,0,70.9
1063,fixed_split_mlp_covertype,stable,h3,1776520633181.023,1776520633337.035,156.011,0.000,155.011,1.761,1833,1577,80.0,1,0,70.4
1064,fixed_split_mlp_covertype,stable,h3,1776520633339.035,1776520633465.541,126.506,0.000,126.506,1.796,1833,1577,80.0,1,0,70.9
1065,fixed_split_mlp_covertype,stable,h3,1776520633467.541,1776520633600.555,133.014,0.000,133.014,2.081,1833,1577,80.0,1,0,67.2
1066,fixed_split_mlp_covertype,stable,h3,1776520633602.555,1776520633745.062,142.508,0.000,142.508,1.710,1833,1577,80.0,1,0,77.1
1067,fixed_split_mlp_covertype,stable,h3,1776520633747.063,1776520633884.572,137.510,0.000,137.510,1.979,1833,1577,80.0,1,0,68.0
1068,fixed_split_mlp_covertype,stable,h3,1776520633885.572,1776520634047.584,162.012,1.502,160.510,2.022,1833,1577,80.0,1,0,69.4
1069,fixed_split_mlp_covertype,stable,h3,1776520634049.584,1776520634158.091,108.507,0.000,108.507,1.799,1833,1577,80.0,1,0,68.8
1070,fixed_split_mlp_covertype,stable,h3,1776520634160.091,1776520634331.106,171.015,0.000,171.015,2.112,1833,1577,80.0,1,0,69.9
1071,fixed_split_mlp_covertype,stable,h3,1776520634332.106,1776520634427.613,95.507,1.000,93.507,1.879,1833,1577,80.0,1,0,70.8
1072,fixed_split_mlp_covertype,stable,h3,1776520634428.614,1776520634568.120,139.507,1.000,137.508,1.929,1833,1577,80.0,1,0,69.0
1073,fixed_split_mlp_covertype,stable,h3,1776520634569.120,1776520634651.628,82.508,0.000,81.507,1.867,1833,1577,80.0,1,0,71.6
1074,fixed_split_mlp_covertype,stable,h3,1776520634653.628,1776520634741.135,87.507,0.000,85.507,1.916,1833,1577,80.0,1,0,67.1
1075,fixed_split_mlp_covertype,stable,h3,1776520634743.135,1776520634855.642,112.507,0.000,112.507,1.920,1833,1577,80.0,1,0,70.6
1076,fixed_split_mlp_covertype,stable,h3,1776520634857.641,1776520635014.655,157.013,1.000,156.013,1.857,1833,1577,80.0,1,0,70.2
1077,fixed_split_mlp_covertype,stable,h3,1776520635016.655,1776520635159.161,142.506,0.000,141.506,1.873,1833,1577,80.0,1,0,70.1
1078,fixed_split_mlp_covertype,stable,h3,1776520635161.161,1776520635216.668,55.507,0.000,54.506,1.838,1833,1577,80.0,0,0,68.8
1079,fixed_split_mlp_covertype,stable,h3,1776520635218.668,1776520635354.175,135.507,0.000,135.507,1.826,1833,1577,80.0,1,0,70.1
1080,fixed_split_mlp_covertype,stable,h3,1776520635356.175,1776520635464.681,108.506,0.000,107.506,1.872,1833,1577,80.0,1,0,70.9
1081,fixed_split_mlp_covertype,stable,h3,1776520635466.682,1776520635634.698,168.016,0.000,168.016,1.928,1833,1577,80.0,1,0,69.5
1082,fixed_split_mlp_covertype,stable,h3,1776520635635.698,1776520635786.215,150.517,1.000,148.517,1.968,1833,1577,80.0,1,0,67.8
1083,fixed_split_mlp_covertype,stable,h3,1776520635787.717,1776520635860.719,73.003,0.000,71.999,2.295,1833,1577,80.0,0,0,70.5
1084,fixed_split_mlp_covertype,stable,h3,1776520635862.719,1776520636047.733,185.013,0.000,185.013,1.826,1833,1577,80.0,1,0,69.6
1085,fixed_split_mlp_covertype,stable,h3,1776520636049.733,1776520636233.746,184.013,0.000,184.013,1.905,1833,1577,80.0,1,0,70.5
1086,fixed_split_mlp_covertype,stable,h3,1776520636235.750,1776520636411.760,176.011,0.000,175.011,1.750,1833,1577,80.0,1,0,66.9
1087,fixed_split_mlp_covertype,stable,h3,1776520636413.761,1776520636480.763,67.002,0.000,67.002,1.806,1833,1577,80.0,0,0,71.4
1088,fixed_split_mlp_covertype,stable,h3,1776520636482.763,1776520636649.779,167.016,0.000,166.012,2.883,1833,1577,80.0,1,0,68.1
1089,fixed_split_mlp_covertype,stable,h3,1776520636650.774,1776520636790.789,140.014,1.001,139.013,1.728,1833,1577,80.0,1,0,73.2
1090,fixed_split_mlp_covertype,stable,h3,1776520636792.788,1776520636914.297,121.508,0.000,119.505,1.754,1833,1577,80.0,1,0,68.7
1091,fixed_split_mlp_covertype,stable,h3,1776520636915.297,1776520636991.803,76.507,1.000,75.507,1.955,1833,1577,80.0,0,0,76.2
1092,fixed_split_mlp_covertype,stable,h3,1776520636993.803,1776520637105.313,111.510,0.000,110.507,1.824,1833,1577,80.0,1,0,74.2
1093,fixed_split_mlp_covertype,stable,h3,1776520637106.310,1776520637203.817,97.507,0.000,96.507,1.860,1833,1577,80.0,1,0,71.0
1094,fixed_split_mlp_covertype,stable,h3,1776520637204.816,1776520637319.324,114.508,1.000,112.508,1.952,1833,1577,80.0,1,0,67.0
1095,fixed_split_mlp_covertype,stable,h3,1776520637320.324,1776520637483.834,163.510,1.000,162.509,1.955,1833,1577,80.0,1,0,70.7
1096,fixed_split_mlp_covertype,stable,h3,1776520637485.835,1776520637626.846,141.011,0.000,140.011,2.041,1833,1577,80.0,1,0,69.7
1097,fixed_split_mlp_covertype,stable,h3,1776520637627.846,1776520637753.354,125.507,1.000,123.507,2.028,1833,1577,80.0,1,0,71.2
1098,fixed_split_mlp_covertype,stable,h3,1776520637754.354,1776520637921.367,167.013,1.001,166.012,1.888,1833,1577,80.0,1,0,68.9
1099,fixed_split_mlp_covertype,stable,h3,1776520637923.367,1776520638073.876,150.509,0.000,148.493,2.026,1833,1577,80.0,1,0,70.4
1100,fixed_split_mlp_covertype,stable,h3,1776520638075.876,1776520638215.888,140.012,0.000,139.012,1.966,1833,1577,80.0,1,0,69.2
1101,fixed_split_mlp_covertype,stable,h3,1776520638216.889,1776520638333.395,116.506,0.000,115.506,2.060,1833,1577,80.0,1,0,70.5
1102,fixed_split_mlp_covertype,stable,h3,1776520638335.395,1776520638501.408,166.014,0.000,165.013,2.002,1833,1577,80.0,1,0,69.5
1103,fixed_split_mlp_covertype,stable,h3,1776520638502.408,1776520638594.915,92.507,1.000,91.507,1.921,1833,1577,80.0,1,0,70.5
1104,fixed_split_mlp_covertype,stable,h3,1776520638596.916,1776520638721.422,124.507,0.000,122.506,1.838,1833,1577,80.0,1,0,69.5
1105,fixed_split_mlp_covertype,stable,h3,1776520638722.422,1776520638829.928,107.506,1.000,105.506,1.728,1833,1577,80.0,1,0,70.9
1106,fixed_split_mlp_covertype,stable,h3,1776520638830.928,1776520638959.435,128.507,0.000,126.506,1.896,1833,1577,80.0,1,0,67.2
1107,fixed_split_mlp_covertype,stable,h3,1776520638961.435,1776520639091.448,130.013,0.000,128.010,1.816,1833,1577,80.0,1,0,69.9
1108,fixed_split_mlp_covertype,stable,h3,1776520639093.448,1776520639207.955,114.507,0.000,113.507,1.775,1833,1577,80.0,1,0,70.2
1109,fixed_split_mlp_covertype,stable,h3,1776520639208.955,1776520639312.462,103.507,1.000,101.506,1.823,1833,1577,80.0,1,0,71.3
1110,fixed_split_mlp_covertype,stable,h3,1776520639313.462,1776520639400.969,87.507,0.000,85.506,1.794,1833,1577,80.0,1,0,68.0
1111,fixed_split_mlp_covertype,stable,h3,1776520639401.969,1776520639586.478,184.508,0.000,183.508,1.956,1833,1577,80.0,1,0,68.8
1112,fixed_split_mlp_covertype,stable,h3,1776520639587.980,1776520639750.489,162.509,0.000,162.509,2.188,1833,1577,80.0,1,0,72.0
1113,fixed_split_mlp_covertype,stable,h3,1776520639752.490,1776520639862.996,110.507,0.000,110.507,1.968,1833,1577,80.0,1,0,71.2
1114,fixed_split_mlp_covertype,stable,h3,1776520639864.996,1776520639988.007,123.010,0.000,121.507,1.840,1833,1577,80.0,1,0,68.2
1115,fixed_split_mlp_covertype,stable,h3,1776520639989.009,1776520640084.012,95.003,1.000,93.003,1.890,1833,1577,80.0,1,0,68.0
1116,fixed_split_mlp_covertype,stable,h3,1776520640086.013,1776520640213.025,127.012,0.000,126.012,1.762,1833,1577,80.0,1,0,70.9
1117,fixed_split_mlp_covertype,stable,h3,1776520640215.025,1776520640359.542,144.517,0.000,144.517,1.951,1833,1577,80.0,1,0,69.7
1118,fixed_split_mlp_covertype,stable,h3,1776520640361.542,1776520640464.049,102.507,0.000,102.507,1.749,1833,1577,80.0,1,0,69.0
1119,fixed_split_mlp_covertype,stable,h3,1776520640466.049,1776520640571.060,105.011,0.000,104.011,2.020,1833,1577,80.0,1,0,70.1
1120,fixed_split_mlp_covertype,stable,h3,1776520640573.063,1776520640771.074,198.011,0.000,197.011,1.708,1833,1577,80.0,1,0,68.9
1121,fixed_split_mlp_covertype,stable,h3,1776520640772.074,1776520640941.091,169.017,1.003,167.014,1.879,1833,1577,80.0,1,0,70.5
1122,fixed_split_mlp_covertype,stable,h3,1776520640942.091,1776520641038.597,96.506,0.000,94.505,1.918,1833,1577,80.0,1,0,69.7
1123,fixed_split_mlp_covertype,stable,h3,1776520641039.597,1776520641168.104,128.507,0.000,126.507,1.844,1833,1577,80.0,1,0,74.3
1124,fixed_split_mlp_covertype,stable,h3,1776520641169.104,1776520641315.119,146.014,0.000,144.013,1.867,1833,1577,80.0,1,0,67.3
1125,fixed_split_mlp_covertype,stable,h3,1776520641316.119,1776520641412.626,96.507,1.000,95.507,2.117,1833,1577,80.0,1,0,69.1
1126,fixed_split_mlp_covertype,stable,h3,1776520641414.626,1776520641571.132,156.506,0.000,156.506,1.781,1833,1577,80.0,1,0,70.9
1127,fixed_split_mlp_covertype,stable,h3,1776520641573.135,1776520641707.147,134.012,0.000,134.012,2.014,1833,1577,80.0,1,0,70.8
1128,fixed_split_mlp_covertype,stable,h3,1776520641708.147,1776520641805.655,97.508,0.000,96.507,1.776,1833,1577,80.0,1,0,70.6
1129,fixed_split_mlp_covertype,stable,h3,1776520641807.655,1776520641910.163,102.508,0.000,101.507,1.808,1833,1577,80.0,1,0,67.3
1130,fixed_split_mlp_covertype,stable,h3,1776520641912.163,1776520642030.669,118.506,0.000,117.506,1.956,1833,1577,80.0,1,0,69.3
1131,fixed_split_mlp_covertype,stable,h3,1776520642031.669,1776520642150.177,118.508,1.000,117.509,1.878,1833,1577,80.0,1,0,70.3
1132,fixed_split_mlp_covertype,stable,h3,1776520642152.179,1776520642239.684,87.505,0.000,87.505,1.760,1833,1577,80.0,1,0,67.9
1133,fixed_split_mlp_covertype,stable,h3,1776520642241.684,1776520642387.696,146.012,0.000,144.510,1.915,1833,1577,80.0,1,0,69.4
1134,fixed_split_mlp_covertype,stable,h3,1776520642388.699,1776520642505.207,116.508,0.000,115.507,1.938,1833,1577,80.0,1,0,71.2
1135,fixed_split_mlp_covertype,stable,h3,1776520642507.207,1776520642595.715,88.508,1.001,86.506,1.875,1833,1577,80.0,1,0,68.8
1136,fixed_split_mlp_covertype,stable,h3,1776520642596.715,1776520642713.228,116.513,0.000,115.513,1.695,1833,1577,80.0,1,0,74.2
1137,fixed_split_mlp_covertype,stable,h3,1776520642715.228,1776520642862.737,147.509,0.000,147.509,1.753,1833,1577,80.0,1,0,69.2
1138,fixed_split_mlp_covertype,stable,h3,1776520642864.737,1776520643024.750,160.013,0.000,159.013,1.869,1833,1577,80.0,1,0,68.9
1139,fixed_split_mlp_covertype,stable,h3,1776520643025.750,1776520643151.258,125.508,0.000,123.507,1.725,1833,1577,80.0,1,0,71.5
1140,fixed_split_mlp_covertype,stable,h3,1776520643152.257,1776520643260.765,108.507,1.000,107.507,1.791,1833,1577,80.0,1,0,69.6
1141,fixed_split_mlp_covertype,stable,h3,1776520643262.765,1776520643356.272,93.508,0.000,92.507,2.379,1833,1577,80.0,1,0,68.8
1142,fixed_split_mlp_covertype,stable,h3,1776520643358.272,1776520643461.780,103.508,0.000,102.507,2.079,1833,1577,80.0,1,0,70.1
1143,fixed_split_mlp_covertype,stable,h3,1776520643462.780,1776520643608.795,146.014,1.000,145.014,1.751,1833,1577,80.0,1,0,71.5
1144,fixed_split_mlp_covertype,stable,h3,1776520643609.795,1776520643764.302,154.507,1.000,153.507,1.833,1833,1577,80.0,1,0,69.1
1145,fixed_split_mlp_covertype,stable,h3,1776520643766.302,1776520643891.319,125.017,0.000,124.015,2.009,1833,1577,80.0,1,0,72.7
1146,fixed_split_mlp_covertype,stable,h3,1776520643892.318,1776520644004.825,112.508,1.000,110.508,2.210,1833,1577,80.0,1,0,73.2
1147,fixed_split_mlp_covertype,stable,h3,1776520644005.825,1776520644173.334,167.509,1.000,166.509,2.107,1833,1577,80.0,1,0,73.4
1148,fixed_split_mlp_covertype,stable,h3,1776520644175.334,1776520644337.346,162.012,0.000,161.012,1.768,1833,1577,80.0,1,0,71.2
1149,fixed_split_mlp_covertype,stable,h3,1776520644338.346,1776520644436.854,98.509,0.000,97.508,1.888,1833,1577,80.0,1,0,73.0
1150,fixed_split_mlp_covertype,stable,h3,1776520644438.854,1776520644550.362,111.507,0.000,111.507,2.002,1833,1577,80.0,1,0,71.9
1151,fixed_split_mlp_covertype,stable,h3,1776520644552.362,1776520644629.869,77.508,0.000,76.508,1.769,1833,1577,80.0,0,0,71.8
1152,fixed_split_mlp_covertype,stable,h3,1776520644630.869,1776520644708.377,77.507,0.000,76.507,2.017,1833,1577,80.0,0,0,68.8
1153,fixed_split_mlp_covertype,stable,h3,1776520644710.376,1776520644776.380,66.003,0.000,66.003,1.863,1833,1577,80.0,0,0,67.5
1154,fixed_split_mlp_covertype,stable,h3,1776520644778.380,1776520644906.392,128.012,0.000,128.012,1.943,1833,1577,80.0,1,0,69.5
1155,fixed_split_mlp_covertype,stable,h3,1776520644908.392,1776520644988.899,80.508,0.000,79.504,2.069,1833,1577,80.0,1,0,69.6
1156,fixed_split_mlp_covertype,stable,h3,1776520644989.899,1776520645118.408,128.510,1.000,126.507,1.812,1833,1577,80.0,1,0,71.3
1157,fixed_split_mlp_covertype,stable,h3,1776520645119.407,1776520645241.913,122.507,0.000,120.506,2.065,1833,1577,80.0,1,0,69.5
1158,fixed_split_mlp_covertype,stable,h3,1776520645242.913,1776520645368.424,125.511,1.000,124.511,2.089,1833,1577,80.0,1,0,71.8
1159,fixed_split_mlp_covertype,stable,h3,1776520645370.425,1776520645550.439,180.015,0.000,179.015,1.936,1833,1577,80.0,1,0,69.9
1160,fixed_split_mlp_covertype,stable,h3,1776520645552.439,1776520645628.946,76.507,0.000,75.507,1.984,1833,1577,80.0,0,0,68.8
1161,fixed_split_mlp_covertype,stable,h3,1776520645630.947,1776520645734.454,103.507,0.000,103.507,2.159,1833,1577,80.0,1,0,67.5
1162,fixed_split_mlp_covertype,stable,h3,1776520645736.454,1776520645829.960,93.507,0.000,93.507,1.754,1833,1577,80.0,1,0,72.3
1163,fixed_split_mlp_covertype,stable,h3,1776520645830.961,1776520645964.468,133.508,1.000,131.508,1.749,1833,1577,80.0,1,0,71.2
1164,fixed_split_mlp_covertype,stable,h3,1776520645965.468,1776520646071.481,106.013,0.000,105.012,1.975,1833,1577,80.0,1,0,76.8
1165,fixed_split_mlp_covertype,stable,h3,1776520646073.483,1776520646168.990,95.507,0.000,94.505,1.866,1833,1577,80.0,1,0,71.4
1166,fixed_split_mlp_covertype,stable,h3,1776520646169.989,1776520646252.500,82.512,1.001,80.509,1.999,1833,1577,80.0,1,0,69.1
1167,fixed_split_mlp_covertype,stable,h3,1776520646253.499,1776520646336.007,82.508,0.000,80.508,1.967,1833,1577,80.0,1,0,72.8
1168,fixed_split_mlp_covertype,stable,h3,1776520646338.006,1776520646448.519,110.512,0.000,108.513,1.962,1833,1577,80.0,1,0,77.5
1169,fixed_split_mlp_covertype,stable,h3,1776520646450.519,1776520646573.029,122.510,0.000,120.508,1.986,1833,1577,80.0,1,0,71.2
1170,fixed_split_mlp_covertype,stable,h3,1776520646574.032,1776520646678.541,104.508,1.000,102.508,2.402,1833,1577,80.0,1,0,72.6
1171,fixed_split_mlp_covertype,stable,h3,1776520646679.540,1776520646772.046,92.505,0.000,90.504,1.896,1833,1577,80.0,1,0,80.0
1172,fixed_split_mlp_covertype,stable,h3,1776520646774.048,1776520646923.059,149.011,0.000,149.011,1.857,1833,1577,80.0,1,0,75.6
1173,fixed_split_mlp_covertype,stable,h3,1776520646925.060,1776520647031.567,106.508,0.000,106.508,1.960,1833,1577,80.0,1,0,75.7
1174,fixed_split_mlp_covertype,stable,h3,1776520647033.567,1776520647163.075,129.508,0.000,128.506,2.006,1833,1577,80.0,1,0,73.8
1175,fixed_split_mlp_covertype,stable,h3,1776520647165.075,1776520647274.585,109.510,0.000,109.510,1.783,1833,1577,80.0,1,0,72.3
1176,fixed_split_mlp_covertype,stable,h3,1776520647275.585,1776520647386.095,110.511,1.000,109.510,1.792,1833,1577,80.0,1,0,78.8
1177,fixed_split_mlp_covertype,stable,h3,1776520647388.599,1776520647496.110,107.511,0.000,107.511,1.949,1833,1577,80.0,1,0,74.3
1178,fixed_split_mlp_covertype,stable,h3,1776520647498.110,1776520647616.620,118.510,0.000,117.510,1.818,1833,1577,80.0,1,0,68.8
1179,fixed_split_mlp_covertype,stable,h3,1776520647618.620,1776520647741.127,122.507,0.000,121.507,1.934,1833,1577,80.0,1,0,75.2
1180,fixed_split_mlp_covertype,stable,h3,1776520647743.127,1776520647851.635,108.508,0.000,108.508,2.026,1833,1577,80.0,1,0,71.4
1181,fixed_split_mlp_covertype,stable,h3,1776520647853.635,1776520647973.143,119.508,0.000,119.508,1.861,1833,1577,80.0,1,0,73.4
1182,fixed_split_mlp_covertype,stable,h3,1776520647975.146,1776520648062.655,87.509,0.000,85.508,1.839,1833,1577,80.0,1,0,71.9
1183,fixed_split_mlp_covertype,stable,h3,1776520648063.655,1776520648140.162,76.507,1.001,75.506,1.889,1833,1577,80.0,0,0,70.5
1184,fixed_split_mlp_covertype,stable,h3,1776520648142.162,1776520648311.177,169.015,0.000,168.015,1.723,1833,1577,80.0,1,0,68.8
1185,fixed_split_mlp_covertype,stable,h3,1776520648312.176,1776520648471.683,159.507,0.000,157.506,1.763,1833,1577,80.0,1,0,67.9
1186,fixed_split_mlp_covertype,stable,h3,1776520648472.683,1776520648588.696,116.013,1.003,115.010,1.816,1833,1577,80.0,1,0,69.3
1187,fixed_split_mlp_covertype,stable,h3,1776520648589.699,1776520648701.206,111.507,1.000,110.507,1.868,1833,1577,80.0,1,0,69.9
1188,fixed_split_mlp_covertype,stable,h3,1776520648702.206,1776520648823.714,121.508,1.000,119.508,2.089,1833,1577,80.0,1,0,70.9
1189,fixed_split_mlp_covertype,stable,h3,1776520648824.714,1776520648923.223,98.509,0.000,96.509,1.721,1833,1577,80.0,1,0,70.5
1190,fixed_split_mlp_covertype,stable,h3,1776520648924.222,1776520648996.731,72.509,0.000,70.507,1.963,1833,1577,80.0,0,0,68.3
1191,fixed_split_mlp_covertype,stable,h3,1776520648998.730,1776520649099.238,100.508,0.000,99.508,2.071,1833,1577,80.0,1,0,71.6
1192,fixed_split_mlp_covertype,stable,h3,1776520649100.238,1776520649178.240,78.003,1.000,77.003,1.770,1833,1577,80.0,0,0,67.9
1193,fixed_split_mlp_covertype,stable,h3,1776520649180.240,1776520649320.252,140.012,0.000,139.012,1.801,1833,1577,80.0,1,0,72.4
1194,fixed_split_mlp_covertype,stable,h3,1776520649321.253,1776520649388.255,67.002,1.000,65.001,1.794,1833,1577,80.0,0,0,72.2
1195,fixed_split_mlp_covertype,stable,h3,1776520649389.760,1776520649527.269,137.508,0.000,137.508,1.930,1833,1577,80.0,1,0,71.4
1196,fixed_split_mlp_covertype,stable,h3,1776520649529.269,1776520649665.777,136.508,0.000,136.508,1.747,1833,1577,80.0,1,0,70.8
1197,fixed_split_mlp_covertype,stable,h3,1776520649667.777,1776520649767.285,99.508,0.000,99.508,1.912,1833,1577,80.0,1,0,71.4
1198,fixed_split_mlp_covertype,stable,h3,1776520649769.285,1776520649862.794,93.509,0.000,92.509,1.749,1833,1577,80.0,1,0,69.8
1199,fixed_split_mlp_covertype,stable,h3,1776520649864.793,1776520649947.301,82.508,0.000,80.509,2.233,1833,1577,80.0,1,0,73.6
1200,fixed_split_mlp_covertype,stable,h3,1776520649948.300,1776520650100.316,152.016,1.000,151.015,1.924,1833,1577,80.0,1,0,69.1
1201,fixed_split_mlp_covertype,stable,h3,1776520650101.316,1776520650226.825,125.509,1.000,123.509,1.893,1833,1577,80.0,1,0,69.5
1202,fixed_split_mlp_covertype,stable,h3,1776520650227.825,1776520650362.342,134.517,1.001,132.515,1.773,1833,1577,80.0,1,0,72.9
1203,fixed_split_mlp_covertype,stable,h3,1776520650363.341,1776520650484.851,121.510,1.000,120.510,1.866,1833,1577,80.0,1,0,70.5
1204,fixed_split_mlp_covertype,stable,h3,1776520650486.851,1776520650636.864,150.013,0.000,149.013,1.754,1833,1577,80.0,1,0,70.0
1205,fixed_split_mlp_covertype,stable,h3,1776520650638.864,1776520650762.371,123.508,0.000,123.508,1.799,1833,1577,80.0,1,0,69.3
1206,fixed_split_mlp_covertype,stable,h3,1776520650764.371,1776520650876.882,112.511,0.000,110.510,2.045,1833,1577,80.0,1,0,73.5
1207,fixed_split_mlp_covertype,stable,h3,1776520650877.882,1776520651041.894,164.012,0.000,163.011,1.807,1833,1577,80.0,1,0,70.7
1208,fixed_split_mlp_covertype,stable,h3,1776520651043.895,1776520651156.401,112.507,1.001,111.506,1.921,1833,1577,80.0,1,0,67.5
1209,fixed_split_mlp_covertype,stable,h3,1776520651158.402,1776520651252.908,94.507,0.000,93.507,1.863,1833,1577,80.0,1,0,68.8
1210,fixed_split_mlp_covertype,stable,h3,1776520651254.908,1776520651429.923,175.015,0.000,174.014,1.971,1833,1577,80.0,1,0,73.6
1211,fixed_split_mlp_covertype,stable,h3,1776520651430.923,1776520651509.429,78.507,1.000,77.507,2.789,1833,1577,80.0,0,0,75.5
1212,fixed_split_mlp_covertype,stable,h3,1776520651511.429,1776520651693.446,182.017,0.000,180.017,1.828,1833,1577,80.0,1,0,73.4
1213,fixed_split_mlp_covertype,stable,h3,1776520651694.447,1776520651808.954,114.507,1.000,112.507,1.784,1833,1577,80.0,1,0,73.8
1214,fixed_split_mlp_covertype,stable,h3,1776520651809.954,1776520651854.955,45.001,1.002,43.999,1.893,1833,1577,80.0,0,0,70.8
1215,fixed_split_mlp_covertype,stable,h3,1776520651856.955,1776520651982.466,125.510,0.000,125.510,1.755,1833,1577,80.0,1,0,71.9
1216,fixed_split_mlp_covertype,stable,h3,1776520651984.465,1776520652061.971,77.505,0.000,77.505,2.043,1833,1577,80.0,0,0,75.0
1217,fixed_split_mlp_covertype,stable,h3,1776520652063.971,1776520652151.479,87.508,0.000,85.508,1.958,1833,1577,80.0,1,0,75.0
1218,fixed_split_mlp_covertype,stable,h3,1776520652152.479,1776520652267.986,115.507,1.001,114.506,1.701,1833,1577,80.0,1,0,70.8
1219,fixed_split_mlp_covertype,stable,h3,1776520652269.987,1776520652412.001,142.015,0.000,142.015,1.752,1833,1577,80.0,1,0,72.6
1220,fixed_split_mlp_covertype,stable,h3,1776520652414.001,1776520652513.508,99.507,0.000,98.506,1.758,1833,1577,80.0,1,0,70.3
1221,fixed_split_mlp_covertype,stable,h3,1776520652514.508,1776520652582.511,68.003,1.000,67.003,1.797,1833,1577,80.0,0,0,70.8
1222,fixed_split_mlp_covertype,stable,h3,1776520652584.511,1776520652770.527,186.016,0.000,185.013,1.904,1833,1577,80.0,1,0,70.8
1223,fixed_split_mlp_covertype,stable,h3,1776520652771.525,1776520652896.540,125.015,0.000,124.012,1.922,1833,1577,80.0,1,0,74.4
1224,fixed_split_mlp_covertype,stable,h3,1776520652898.541,1776520652969.541,71.000,0.000,69.999,1.968,1833,1577,80.0,0,0,74.4
1225,fixed_split_mlp_covertype,stable,h3,1776520652971.541,1776520653067.050,95.509,0.000,94.507,1.950,1833,1577,80.0,1,0,72.4
1226,fixed_split_mlp_covertype,stable,h3,1776520653068.049,1776520653166.556,98.508,1.002,97.505,1.810,1833,1577,80.0,1,0,69.6
1227,fixed_split_mlp_covertype,stable,h3,1776520653167.557,1776520653305.570,138.013,0.000,136.013,1.759,1833,1577,80.0,1,0,74.4
1228,fixed_split_mlp_covertype,stable,h3,1776520653306.570,1776520653453.076,146.507,0.000,146.507,2.239,1833,1577,80.0,1,0,74.5
1229,fixed_split_mlp_covertype,stable,h3,1776520653454.077,1776520653589.090,135.013,1.000,134.013,1.936,1833,1577,80.0,1,0,69.4
1230,fixed_split_mlp_covertype,stable,h3,1776520653591.093,1776520653693.600,102.507,0.000,102.507,1.791,1833,1577,80.0,1,0,70.5
1231,fixed_split_mlp_covertype,stable,h3,1776520653695.600,1776520653782.603,87.003,0.000,87.003,1.825,1833,1577,80.0,1,0,68.0
1232,fixed_split_mlp_covertype,stable,h3,1776520653784.603,1776520653899.621,115.018,0.000,114.018,2.061,1833,1577,80.0,1,0,70.5
1233,fixed_split_mlp_covertype,stable,h3,1776520653900.621,1776520654009.128,108.508,0.000,107.507,2.010,1833,1577,80.0,1,0,72.2
1234,fixed_split_mlp_covertype,stable,h3,1776520654011.128,1776520654124.639,113.511,0.000,112.511,2.051,1833,1577,80.0,1,0,81.2
1235,fixed_split_mlp_covertype,stable,h3,1776520654125.639,1776520654232.147,106.508,1.000,104.508,1.903,1833,1577,80.0,1,0,69.6
1236,fixed_split_mlp_covertype,stable,h3,1776520654233.147,1776520654328.655,95.508,1.000,94.508,1.957,1833,1577,80.0,1,0,72.9
1237,fixed_split_mlp_covertype,stable,h3,1776520654330.655,1776520654509.671,179.017,0.000,177.017,1.899,1833,1577,80.0,1,0,72.5
1238,fixed_split_mlp_covertype,stable,h3,1776520654510.671,1776520654634.177,123.506,0.999,122.507,1.913,1833,1577,80.0,1,0,68.5
1239,fixed_split_mlp_covertype,stable,h3,1776520654636.177,1776520654763.683,127.506,0.000,127.506,1.774,1833,1577,80.0,1,0,70.0
1240,fixed_split_mlp_covertype,stable,h3,1776520654765.683,1776520654853.191,87.507,0.000,86.507,1.734,1833,1577,80.0,1,0,70.5
1241,fixed_split_mlp_covertype,stable,h3,1776520654855.191,1776520654971.699,116.508,0.000,114.507,1.949,1833,1577,80.0,1,0,67.0
1242,fixed_split_mlp_covertype,stable,h3,1776520654973.699,1776520655087.208,113.510,0.000,113.510,1.900,1833,1577,80.0,1,0,69.8
1243,fixed_split_mlp_covertype,stable,h3,1776520655088.710,1776520655141.715,53.004,1.004,52.001,2.046,1833,1577,80.0,0,0,68.0
1244,fixed_split_mlp_covertype,stable,h3,1776520655143.713,1776520655292.728,149.014,0.000,147.014,1.868,1833,1577,80.0,1,0,69.8
1245,fixed_split_mlp_covertype,stable,h3,1776520655293.727,1776520655390.236,96.509,1.001,94.504,1.978,1833,1577,80.0,1,0,71.1
1246,fixed_split_mlp_covertype,stable,h3,1776520655391.236,1776520655504.743,113.507,0.000,112.507,1.897,1833,1577,80.0,1,0,70.9
1247,fixed_split_mlp_covertype,stable,h3,1776520655506.742,1776520655657.250,150.508,0.000,150.508,1.956,1833,1577,80.0,1,0,69.6
1248,fixed_split_mlp_covertype,stable,h3,1776520655658.250,1776520655742.757,84.507,0.999,83.507,1.985,1833,1577,80.0,1,0,72.8
1249,fixed_split_mlp_covertype,stable,h3,1776520655743.757,1776520655814.265,70.508,0.000,68.505,2.079,1833,1577,80.0,0,0,79.3
1250,fixed_split_mlp_covertype,stable,h3,1776520655815.264,1776520655896.772,81.508,1.001,80.507,1.791,1833,1577,80.0,1,0,70.6
1251,fixed_split_mlp_covertype,stable,h3,1776520655898.772,1776520656034.280,135.507,0.000,135.507,1.969,1833,1577,80.0,1,0,69.4
1252,fixed_split_mlp_covertype,stable,h3,1776520656036.280,1776520656230.295,194.015,0.000,194.015,2.022,1833,1577,80.0,1,0,74.2
1253,fixed_split_mlp_covertype,stable,h3,1776520656232.295,1776520656313.803,81.508,0.000,80.508,1.937,1833,1577,80.0,1,0,71.6
1254,fixed_split_mlp_covertype,stable,h3,1776520656314.803,1776520656412.310,97.507,0.000,96.506,1.699,1833,1577,80.0,1,0,77.7
1255,fixed_split_mlp_covertype,stable,h3,1776520656414.310,1776520656510.817,96.507,0.000,95.507,1.763,1833,1577,80.0,1,0,69.6
1256,fixed_split_mlp_covertype,stable,h3,1776520656512.817,1776520656646.327,133.510,0.000,132.510,1.824,1833,1577,80.0,1,0,73.8
1257,fixed_split_mlp_covertype,stable,h3,1776520656647.327,1776520656756.340,109.013,1.001,107.012,2.281,1833,1577,80.0,1,0,70.8
1258,fixed_split_mlp_covertype,stable,h3,1776520656757.340,1776520656879.850,122.510,0.000,121.509,2.004,1833,1577,80.0,1,0,73.0
1259,fixed_split_mlp_covertype,stable,h3,1776520656881.850,1776520656988.859,107.009,0.000,106.009,1.744,1833,1577,80.0,1,0,69.6
1260,fixed_split_mlp_covertype,stable,h3,1776520656990.862,1776520657110.370,119.508,0.000,119.508,1.753,1833,1577,80.0,1,0,68.8
1261,fixed_split_mlp_covertype,stable,h3,1776520657112.370,1776520657207.879,95.509,0.000,95.509,1.976,1833,1577,80.0,1,0,72.9
1262,fixed_split_mlp_covertype,stable,h3,1776520657209.879,1776520657308.387,98.508,0.000,98.508,1.906,1833,1577,80.0,1,0,73.5
1263,fixed_split_mlp_covertype,stable,h3,1776520657310.387,1776520657413.895,103.508,0.000,102.508,1.750,1833,1577,80.0,1,0,68.8
1264,fixed_split_mlp_covertype,stable,h3,1776520657415.895,1776520657568.402,152.507,0.000,152.507,1.759,1833,1577,80.0,1,0,77.2
1265,fixed_split_mlp_covertype,stable,h3,1776520657570.402,1776520657669.909,99.507,0.000,98.507,1.897,1833,1577,80.0,1,0,72.3
1266,fixed_split_mlp_covertype,stable,h3,1776520657671.909,1776520657757.417,85.508,0.000,85.508,1.702,1833,1577,80.0,1,0,69.6
1267,fixed_split_mlp_covertype,stable,h3,1776520657758.417,1776520657833.924,75.507,1.000,74.507,1.803,1833,1577,80.0,0,0,72.5
1268,fixed_split_mlp_covertype,stable,h3,1776520657835.924,1776520658024.939,189.015,0.000,189.015,1.966,1833,1577,80.0,1,0,71.2
1269,fixed_split_mlp_covertype,stable,h3,1776520658026.939,1776520658156.447,129.508,0.000,128.508,1.821,1833,1577,80.0,1,0,71.1
1270,fixed_split_mlp_covertype,stable,h3,1776520658157.447,1776520658324.189,166.742,1.000,165.741,1.808,1833,1577,80.0,1,0,70.5
1271,fixed_split_mlp_covertype,stable,h3,1776520658326.189,1776520658532.646,206.457,0.000,204.443,1.884,1833,1577,80.0,1,0,74.1
1272,fixed_split_mlp_covertype,stable,h3,1776520658532.646,1776520658590.154,57.508,1.000,55.503,2.002,1833,1577,80.0,0,0,63.8
1273,fixed_split_mlp_covertype,stable,h3,1776520658591.152,1776520658691.659,100.507,0.000,99.507,1.809,1833,1577,80.0,1,0,69.8
1274,fixed_split_mlp_covertype,stable,h3,1776520658693.659,1776520658833.166,139.507,0.000,138.507,1.728,1833,1577,80.0,1,0,69.2
1275,fixed_split_mlp_covertype,stable,h3,1776520658834.166,1776520659031.181,197.015,0.000,196.014,1.846,1833,1577,80.0,1,0,69.7
1276,fixed_split_mlp_covertype,stable,h3,1776520659033.181,1776520659171.688,138.507,0.000,137.507,1.755,1833,1577,80.0,1,0,70.8
1277,fixed_split_mlp_covertype,stable,h3,1776520659172.688,1776520659247.197,74.509,1.001,72.508,1.922,1833,1577,80.0,0,0,68.4
1278,fixed_split_mlp_covertype,stable,h3,1776520659248.197,1776520659427.212,179.015,1.000,178.014,1.843,1833,1577,80.0,1,0,67.6
1279,fixed_split_mlp_covertype,stable,h3,1776520659429.212,1776520659598.226,169.014,0.000,167.013,1.736,1833,1577,80.0,1,0,68.8
1280,fixed_split_mlp_covertype,stable,h3,1776520659599.226,1776520659727.735,128.510,0.000,126.506,1.792,1833,1577,80.0,1,0,69.5
1281,fixed_split_mlp_covertype,stable,h3,1776520659728.734,1776520659906.748,178.014,0.000,176.013,1.895,1833,1577,80.0,1,0,71.4
1282,fixed_split_mlp_covertype,stable,h3,1776520659907.748,1776520660039.254,131.506,1.000,130.507,1.825,1833,1577,80.0,1,0,68.8
1283,fixed_split_mlp_covertype,stable,h3,1776520660041.254,1776520660216.268,175.014,0.000,174.014,1.867,1833,1577,80.0,1,0,70.2
1284,fixed_split_mlp_covertype,stable,h3,1776520660218.268,1776520660320.787,102.519,0.000,101.519,1.904,1833,1577,80.0,1,0,70.1
1285,fixed_split_mlp_covertype,stable,h3,1776520660322.788,1776520660421.294,98.506,0.000,97.506,1.862,1833,1577,80.0,1,0,69.9
1286,fixed_split_mlp_covertype,stable,h3,1776520660423.294,1776520660492.802,69.508,0.000,68.508,2.357,1833,1577,80.0,0,0,68.8
1287,fixed_split_mlp_covertype,stable,h3,1776520660493.802,1776520660653.311,159.509,0.000,158.507,1.827,1833,1577,80.0,1,0,73.7
1288,fixed_split_mlp_covertype,stable,h3,1776520660655.311,1776520660786.820,131.510,0.000,130.508,1.756,1833,1577,80.0,1,0,70.5
1289,fixed_split_mlp_covertype,stable,h3,1776520660787.820,1776520660949.833,162.012,1.502,159.510,1.821,1833,1577,80.0,1,0,69.9
1290,fixed_split_mlp_covertype,stable,h3,1776520660950.832,1776520661096.848,146.016,1.000,144.013,1.761,1833,1577,80.0,1,0,69.2
1291,fixed_split_mlp_covertype,stable,h3,1776520661097.846,1776520661190.353,92.507,0.000,90.503,1.758,1833,1577,80.0,1,0,70.8
1292,fixed_split_mlp_covertype,stable,h3,1776520661191.353,1776520661289.857,98.505,1.001,97.504,1.839,1833,1577,80.0,1,0,69.1
1293,fixed_split_mlp_covertype,stable,h3,1776520661290.860,1776520661390.368,99.508,1.000,98.507,1.830,1833,1577,80.0,1,0,69.6
1294,fixed_split_mlp_covertype,stable,h3,1776520661391.368,1776520661540.875,149.508,1.000,148.508,1.904,1833,1577,80.0,1,0,69.4
1295,fixed_split_mlp_covertype,stable,h3,1776520661541.875,1776520661657.381,115.506,1.000,113.506,2.008,1833,1577,80.0,1,0,70.6
1296,fixed_split_mlp_covertype,stable,h3,1776520661658.381,1776520661807.396,149.014,0.000,148.014,1.860,1833,1577,80.0,1,0,70.2
1297,fixed_split_mlp_covertype,stable,h3,1776520661809.396,1776520661896.902,87.507,0.000,87.507,1.835,1833,1577,80.0,1,0,67.1
1298,fixed_split_mlp_covertype,stable,h3,1776520661898.902,1776520662086.412,187.509,0.000,187.509,1.732,1833,1577,80.0,1,0,69.4
1299,fixed_split_mlp_covertype,stable,h3,1776520662089.412,1776520662209.424,120.012,0.000,119.510,1.815,1833,1577,80.0,1,0,71.9
1300,fixed_split_mlp_covertype,stable,h3,1776520662211.424,1776520662316.931,105.507,0.000,105.507,1.847,1833,1577,80.0,1,0,77.6
1301,fixed_split_mlp_covertype,stable,h3,1776520662318.931,1776520662440.438,121.507,0.000,120.507,1.897,1833,1577,80.0,1,0,68.2
1302,fixed_split_mlp_covertype,stable,h3,1776520662441.438,1776520662626.452,185.014,0.000,184.014,1.861,1833,1577,80.0,1,0,68.8
1303,fixed_split_mlp_covertype,stable,h3,1776520662628.452,1776520662778.963,150.510,0.000,150.510,1.753,1833,1577,80.0,1,0,71.1
1304,fixed_split_mlp_covertype,stable,h3,1776520662780.963,1776520662971.976,191.013,0.000,189.012,1.807,1833,1577,80.0,1,0,70.3
1305,fixed_split_mlp_covertype,stable,h3,1776520662972.975,1776520663081.485,108.510,1.000,106.510,1.903,1833,1577,80.0,1,0,72.3
1306,fixed_split_mlp_covertype,stable,h3,1776520663082.485,1776520663235.498,153.013,1.000,151.013,1.672,1833,1577,80.0,1,0,75.8
1307,fixed_split_mlp_covertype,stable,h3,1776520663236.497,1776520663387.007,150.510,1.000,148.509,1.859,1833,1577,80.0,1,0,69.4
1308,fixed_split_mlp_covertype,stable,h3,1776520663388.007,1776520663528.019,140.013,0.000,140.013,1.811,1833,1577,80.0,1,0,70.1
1309,fixed_split_mlp_covertype,stable,h3,1776520663530.019,1776520663658.526,128.507,0.000,127.507,1.741,1833,1577,80.0,1,0,71.1
1310,fixed_split_mlp_covertype,stable,h3,1776520663659.526,1776520663784.036,124.510,1.001,123.509,1.976,1833,1577,80.0,1,0,71.5
1311,fixed_split_mlp_covertype,stable,h3,1776520663785.036,1776520663968.048,183.012,1.000,182.012,1.821,1833,1577,80.0,1,0,69.1
1312,fixed_split_mlp_covertype,stable,h3,1776520663970.048,1776520664110.063,140.015,0.000,139.014,1.839,1833,1577,80.0,1,0,69.0
1313,fixed_split_mlp_covertype,stable,h3,1776520664111.062,1776520664237.572,126.510,0.000,124.509,1.773,1833,1577,80.0,1,0,69.8
1314,fixed_split_mlp_covertype,stable,h3,1776520664238.572,1776520664324.080,85.508,1.000,83.508,1.844,1833,1577,80.0,1,0,71.3
1315,fixed_split_mlp_covertype,stable,h3,1776520664325.080,1776520664421.587,96.507,0.000,94.507,2.330,1833,1577,80.0,1,0,70.7
1316,fixed_split_mlp_covertype,stable,h3,1776520664422.587,1776520664497.094,74.507,0.000,74.507,1.860,1833,1577,80.0,0,0,69.1
1317,fixed_split_mlp_covertype,stable,h3,1776520664499.094,1776520664673.601,174.507,0.000,173.506,1.742,1833,1577,80.0,1,0,68.9
1318,fixed_split_mlp_covertype,stable,h3,1776520664675.604,1776520664806.617,131.014,0.000,131.014,1.845,1833,1577,80.0,1,0,72.0
1319,fixed_split_mlp_covertype,stable,h3,1776520664808.617,1776520664917.125,108.507,0.000,107.507,1.783,1833,1577,80.0,1,0,71.4
1320,fixed_split_mlp_covertype,stable,h3,1776520664918.125,1776520664999.632,81.507,0.000,80.507,2.002,1833,1577,80.0,1,0,67.1
1321,fixed_split_mlp_covertype,stable,h3,1776520665001.632,1776520665172.139,170.507,0.000,169.507,1.851,1833,1577,80.0,1,0,70.9
1322,fixed_split_mlp_covertype,stable,h3,1776520665174.139,1776520665294.153,120.015,0.000,119.014,1.883,1833,1577,80.0,1,0,67.4
1323,fixed_split_mlp_covertype,stable,h3,1776520665295.153,1776520665419.662,124.509,1.000,123.509,2.005,1833,1577,80.0,1,0,69.3
1324,fixed_split_mlp_covertype,stable,h3,1776520665421.662,1776520665578.171,156.510,0.000,155.509,1.752,1833,1577,80.0,1,0,70.6
1325,fixed_split_mlp_covertype,stable,h3,1776520665579.171,1776520665732.183,153.012,0.000,152.011,1.767,1833,1577,80.0,1,0,67.9
1326,fixed_split_mlp_covertype,stable,h3,1776520665734.184,1776520665817.691,83.508,0.000,83.508,1.971,1833,1577,80.0,1,0,70.0
1327,fixed_split_mlp_covertype,stable,h3,1776520665819.691,1776520665898.198,78.508,0.000,78.508,1.735,1833,1577,80.0,0,0,68.8
1328,fixed_split_mlp_covertype,stable,h3,1776520665900.198,1776520666072.705,172.507,0.000,171.507,1.863,1833,1577,80.0,1,0,73.3
1329,fixed_split_mlp_covertype,stable,h3,1776520666073.705,1776520666199.719,126.014,0.000,126.014,1.845,1833,1577,80.0,1,0,69.0
1330,fixed_split_mlp_covertype,stable,h3,1776520666201.719,1776520666328.227,126.508,0.000,126.508,1.967,1833,1577,80.0,1,0,69.5
1331,fixed_split_mlp_covertype,stable,h3,1776520666330.228,1776520666427.733,97.506,0.000,97.506,1.872,1833,1577,80.0,1,0,68.8
1332,fixed_split_mlp_covertype,stable,h3,1776520666428.734,1776520666507.241,78.507,1.002,77.505,1.760,1833,1577,80.0,0,0,72.5
1333,fixed_split_mlp_covertype,stable,h3,1776520666509.241,1776520666632.748,123.507,0.000,122.507,1.802,1833,1577,80.0,1,0,70.3
1334,fixed_split_mlp_covertype,stable,h3,1776520666633.748,1776520666772.256,138.508,1.000,137.508,1.851,1833,1577,80.0,1,0,75.3
1335,fixed_split_mlp_covertype,stable,h3,1776520666774.257,1776520666944.272,170.015,0.000,169.010,1.757,1833,1577,80.0,1,0,70.1
1336,fixed_split_mlp_covertype,stable,h3,1776520666946.272,1776520667051.779,105.507,0.000,103.507,1.877,1833,1577,80.0,1,0,69.6
1337,fixed_split_mlp_covertype,stable,h3,1776520667053.779,1776520667175.289,121.510,0.000,121.510,1.947,1833,1577,80.0,1,0,68.5
1338,fixed_split_mlp_covertype,stable,h3,1776520667177.289,1776520667357.302,180.012,0.000,179.012,1.800,1833,1577,80.0,1,0,70.1
1339,fixed_split_mlp_covertype,stable,h3,1776520667359.302,1776520667499.317,140.015,0.000,138.015,1.704,1833,1577,80.0,1,0,69.7
1340,fixed_split_mlp_covertype,stable,h3,1776520667501.317,1776520667614.824,113.507,0.000,113.507,1.818,1833,1577,80.0,1,0,69.0
1341,fixed_split_mlp_covertype,stable,h3,1776520667616.824,1776520667696.332,79.508,0.000,79.508,2.062,1833,1577,80.0,0,0,68.8
1342,fixed_split_mlp_covertype,stable,h3,1776520667697.332,1776520667898.345,201.014,1.000,199.013,1.883,1833,1577,80.0,1,0,70.5
1343,fixed_split_mlp_covertype,stable,h3,1776520667899.346,1776520668017.853,118.507,0.000,117.506,1.812,1833,1577,80.0,1,0,71.3
1344,fixed_split_mlp_covertype,stable,h3,1776520668019.853,1776520668143.360,123.507,0.000,122.507,2.060,1833,1577,80.0,1,0,69.3
1345,fixed_split_mlp_covertype,stable,h3,1776520668144.360,1776520668253.867,109.507,0.000,108.507,1.978,1833,1577,80.0,1,0,68.1
1346,fixed_split_mlp_covertype,stable,h3,1776520668255.867,1776520668347.374,91.507,0.000,91.507,2.069,1833,1577,80.0,1,0,68.8
1347,fixed_split_mlp_covertype,stable,h3,1776520668349.375,1776520668458.881,109.506,0.000,108.506,2.158,1833,1577,80.0,1,0,68.8
1348,fixed_split_mlp_covertype,stable,h3,1776520668460.881,1776520668606.896,146.015,0.000,145.014,1.791,1833,1577,80.0,1,0,69.2
1349,fixed_split_mlp_covertype,stable,h3,1776520668607.895,1776520668736.403,128.508,0.000,128.508,1.887,1833,1577,80.0,1,0,69.5
1350,fixed_split_mlp_covertype,stable,h3,1776520668738.403,1776520668903.418,165.015,0.000,164.014,1.732,1833,1577,80.0,1,0,68.9
1351,fixed_split_mlp_covertype,stable,h3,1776520668905.418,1776520669061.925,156.507,0.000,155.507,1.744,1833,1577,80.0,1,0,70.1
1352,fixed_split_mlp_covertype,stable,h3,1776520669062.925,1776520669148.432,85.507,0.000,84.506,1.934,1833,1577,80.0,1,0,66.3
1353,fixed_split_mlp_covertype,stable,h3,1776520669150.432,1776520669292.446,142.014,0.000,141.013,1.838,1833,1577,80.0,1,0,72.3
1354,fixed_split_mlp_covertype,stable,h3,1776520669293.446,1776520669381.448,88.003,0.000,86.998,1.778,1833,1577,80.0,1,0,69.5
1355,fixed_split_mlp_covertype,stable,h3,1776520669383.448,1776520669449.953,66.505,0.000,65.505,1.843,1833,1577,80.0,0,0,72.5
1356,fixed_split_mlp_covertype,stable,h3,1776520669451.953,1776520669657.114,205.161,0.000,204.160,1.989,1833,1577,80.0,1,0,70.2
1357,fixed_split_mlp_covertype,stable,h3,1776520669658.132,1776520669797.244,139.113,0.944,138.169,1.903,1833,1577,80.0,1,0,68.0
1358,fixed_split_mlp_covertype,stable,h3,1776520669799.246,1776520669926.841,127.595,0.000,126.558,1.854,1833,1577,80.0,1,0,69.5
1359,fixed_split_mlp_covertype,stable,h3,1776520669927.836,1776520670107.115,179.278,0.971,178.307,1.819,1833,1577,80.0,1,0,70.0
1360,fixed_split_mlp_covertype,stable,h3,1776520670109.113,1776520670198.667,89.554,0.000,87.630,1.945,1833,1577,80.0,1,0,68.0
1361,fixed_split_mlp_covertype,stable,h3,1776520670199.666,1776520670369.525,169.859,1.105,167.753,1.720,1833,1577,80.0,1,0,69.7
1362,fixed_split_mlp_covertype,stable,h3,1776520670371.529,1776520670505.890,134.361,0.000,134.361,1.976,1833,1577,80.0,1,0,68.5
1363,fixed_split_mlp_covertype,stable,h3,1776520670507.745,1776520670645.374,137.630,0.000,135.682,1.797,1833,1577,80.0,1,0,68.8
1364,fixed_split_mlp_covertype,stable,h3,1776520670647.376,1776520670746.928,99.553,0.000,99.553,1.857,1833,1577,80.0,1,0,70.9
1365,fixed_split_mlp_covertype,stable,h3,1776520670748.928,1776520670933.178,184.250,0.000,182.251,1.788,1833,1577,80.0,1,0,70.3
1366,fixed_split_mlp_covertype,stable,h3,1776520670934.182,1776520671070.727,136.546,0.000,135.497,2.079,1833,1577,80.0,1,0,70.8
1367,fixed_split_mlp_covertype,stable,h3,1776520671072.694,1776520671173.322,100.628,0.000,100.628,1.807,1833,1577,80.0,1,0,69.6
1368,fixed_split_mlp_covertype,stable,h3,1776520671175.322,1776520671287.499,112.177,0.000,112.177,1.893,1833,1577,80.0,1,0,69.6
1369,fixed_split_mlp_covertype,stable,h3,1776520671289.448,1776520671471.426,181.978,0.000,180.974,1.795,1833,1577,80.0,1,0,69.3
1370,fixed_split_mlp_covertype,stable,h3,1776520671472.437,1776520671570.939,98.503,0.957,97.546,1.781,1833,1577,80.0,1,0,68.8
1371,fixed_split_mlp_covertype,stable,h3,1776520671572.940,1776520671707.753,134.812,0.000,133.754,1.817,1833,1577,80.0,1,0,70.1
1372,fixed_split_mlp_covertype,stable,h3,1776520671709.752,1776520671828.386,118.634,0.000,118.634,1.885,1833,1577,80.0,1,0,68.5
1373,fixed_split_mlp_covertype,stable,h3,1776520671830.388,1776520671907.975,77.587,0.000,76.631,2.149,1833,1577,80.0,0,0,70.4
1374,fixed_split_mlp_covertype,stable,h3,1776520671908.979,1776520672037.652,128.674,0.000,126.574,1.980,1833,1577,80.0,1,0,70.3
1375,fixed_split_mlp_covertype,stable,h3,1776520672038.617,1776520672157.210,118.593,1.000,117.593,1.812,1833,1577,80.0,1,0,69.5
1376,fixed_split_mlp_covertype,stable,h3,1776520672159.222,1776520672295.500,136.278,0.000,135.284,1.917,1833,1577,80.0,1,0,68.3
1377,fixed_split_mlp_covertype,stable,h3,1776520672296.468,1776520672439.122,142.654,0.000,141.652,1.813,1833,1577,80.0,1,0,69.6
1378,fixed_split_mlp_covertype,stable,h3,1776520672441.107,1776520672591.787,150.679,0.000,149.657,1.918,1833,1577,80.0,1,0,68.8
1379,fixed_split_mlp_covertype,stable,h3,1776520672593.789,1776520672754.608,160.819,0.000,160.819,1.903,1833,1577,80.0,1,0,68.8
1380,fixed_split_mlp_covertype,stable,h3,1776520672756.576,1776520672850.705,94.129,0.000,94.129,1.859,1833,1577,80.0,1,0,69.4
1381,fixed_split_mlp_covertype,stable,h3,1776520672852.672,1776520672954.588,101.916,0.000,101.916,1.705,1833,1577,80.0,1,0,69.6
1382,fixed_split_mlp_covertype,stable,h3,1776520672956.591,1776520673060.188,103.596,0.000,103.596,1.814,1833,1577,80.0,1,0,76.8
1383,fixed_split_mlp_covertype,stable,h3,1776520673062.149,1776520673144.706,82.557,0.000,80.492,1.911,1833,1577,80.0,1,0,68.8
1384,fixed_split_mlp_covertype,stable,h3,1776520673145.707,1776520673308.990,163.283,0.000,161.292,1.861,1833,1577,80.0,1,0,69.7
1385,fixed_split_mlp_covertype,stable,h3,1776520673309.958,1776520673429.545,119.588,0.000,118.582,1.737,1833,1577,80.0,1,0,71.7
1386,fixed_split_mlp_covertype,stable,h3,1776520673431.518,1776520673532.148,100.629,0.000,100.629,1.916,1833,1577,80.0,1,0,74.1
1387,fixed_split_mlp_covertype,stable,h3,1776520673534.151,1776520673661.266,127.115,0.000,126.053,1.813,1833,1577,80.0,1,0,68.8
1388,fixed_split_mlp_covertype,stable,h3,1776520673663.270,1776520673808.526,145.256,0.000,145.256,1.810,1833,1577,80.0,1,0,75.3
1389,fixed_split_mlp_covertype,stable,h3,1776520673810.541,1776520673864.527,53.985,0.000,53.985,1.741,1833,1577,80.0,0,0,68.8
1390,fixed_split_mlp_covertype,stable,h3,1776520673865.564,1776520674040.960,175.396,0.000,173.363,1.979,1833,1577,80.0,1,0,77.0
1391,fixed_split_mlp_covertype,stable,h3,1776520674041.925,1776520674227.429,185.504,0.000,183.510,1.787,1833,1577,80.0,1,0,67.4
1392,fixed_split_mlp_covertype,stable,h3,1776520674228.430,1776520674345.125,116.695,0.000,115.693,1.891,1833,1577,80.0,1,0,74.0
1393,fixed_split_mlp_covertype,stable,h3,1776520674347.082,1776520674485.765,138.684,0.000,138.684,1.801,1833,1577,80.0,1,0,70.8
1394,fixed_split_mlp_covertype,stable,h3,1776520674487.768,1776520674619.945,132.178,0.000,132.178,1.867,1833,1577,80.0,1,0,70.6
1395,fixed_split_mlp_covertype,stable,h3,1776520674621.904,1776520674712.457,90.553,0.000,90.553,1.854,1833,1577,80.0,1,0,68.8
1396,fixed_split_mlp_covertype,stable,h3,1776520674714.460,1776520674809.592,95.132,0.000,93.131,1.781,1833,1577,80.0,1,0,72.9
1397,fixed_split_mlp_covertype,stable,h3,1776520674810.592,1776520674930.144,119.552,1.001,118.551,1.936,1833,1577,80.0,1,0,69.3
1398,fixed_split_mlp_covertype,stable,h3,1776520674932.144,1776520675017.693,85.550,0.000,85.550,1.890,1833,1577,80.0,1,0,70.8
1399,fixed_split_mlp_covertype,stable,h3,1776520675019.694,1776520675101.288,81.594,0.000,80.580,1.700,1833,1577,80.0,1,0,68.8
1400,fixed_split_mlp_covertype,stable,h3,1776520675102.242,1776520675211.049,108.807,0.000,106.806,1.753,1833,1577,80.0,1,0,69.6
1401,fixed_split_mlp_covertype,stable,h3,1776520675212.049,1776520676055.838,843.789,0.000,841.735,2.022,1833,1577,80.0,1,0,20.9
1402,fixed_split_mlp_covertype,stable,h3,1776520676058.834,1776520676125.331,66.497,1.402,64.506,2.056,1833,1577,80.0,0,0,48.4
1403,fixed_split_mlp_covertype,stable,h3,1776520676127.363,1776520676194.336,66.974,0.000,65.973,1.775,1833,1577,80.0,0,0,70.3
1404,fixed_split_mlp_covertype,stable,h3,1776520676196.340,1776520676301.847,105.506,0.000,105.506,1.987,1833,1577,80.0,1,0,69.6
1405,fixed_split_mlp_covertype,stable,h3,1776520676302.845,1776520676415.778,112.933,1.002,111.931,1.993,1833,1577,80.0,1,0,72.7
1406,fixed_split_mlp_covertype,stable,h3,1776520676416.916,1776520676524.291,107.375,0.864,106.512,2.050,1833,1577,80.0,1,0,68.0
1407,fixed_split_mlp_covertype,stable,h3,1776520676526.287,1776520676724.929,198.642,0.000,198.642,1.800,1833,1577,80.0,1,0,69.2
1408,fixed_split_mlp_covertype,stable,h3,1776520676726.951,1776520676841.442,114.491,0.000,113.511,1.894,1833,1577,80.0,1,0,74.2
1409,fixed_split_mlp_covertype,stable,h3,1776520676843.742,1776520676942.293,98.552,0.000,97.207,1.860,1833,1577,80.0,1,0,69.8
1410,fixed_split_mlp_covertype,stable,h3,1776520676943.949,1776520676991.950,48.001,0.000,46.999,1.933,1833,1577,80.0,0,0,71.4
1411,fixed_split_mlp_covertype,stable,h3,1776520676992.950,1776520677087.459,94.509,0.000,93.506,1.833,1833,1577,80.0,1,0,70.6
1412,fixed_split_mlp_covertype,stable,h3,1776520677089.458,1776520677196.976,107.517,0.000,105.512,1.880,1833,1577,80.0,1,0,67.7
1413,fixed_split_mlp_covertype,stable,h3,1776520677197.973,1776520677299.483,101.510,1.000,99.506,1.976,1833,1577,80.0,1,0,69.6
1414,fixed_split_mlp_covertype,stable,h3,1776520677300.481,1776520677398.990,98.509,1.000,96.507,1.786,1833,1577,80.0,1,0,69.5
1415,fixed_split_mlp_covertype,stable,h3,1776520677401.128,1776520677559.004,157.876,0.000,156.875,1.791,1833,1577,80.0,1,0,71.0
1416,fixed_split_mlp_covertype,stable,h3,1776520677560.004,1776520677701.514,141.510,1.003,139.507,1.801,1833,1577,80.0,1,0,71.0
1417,fixed_split_mlp_covertype,stable,h3,1776520677702.514,1776520677794.023,91.510,0.000,89.507,1.833,1833,1577,80.0,1,0,68.8
1418,fixed_split_mlp_covertype,stable,h3,1776520677795.021,1776520677945.031,150.010,1.000,149.010,1.760,1833,1577,80.0,1,0,69.4
1419,fixed_split_mlp_covertype,stable,h3,1776520677947.031,1776520678044.219,97.187,0.000,97.187,1.744,1833,1577,80.0,1,0,71.1
1420,fixed_split_mlp_covertype,stable,h3,1776520678045.220,1776520678203.733,158.514,0.000,158.514,1.904,1833,1577,80.0,1,0,69.4
1421,fixed_split_mlp_covertype,stable,h3,1776520678204.733,1776520678368.751,164.018,1.504,162.514,1.784,1833,1577,80.0,1,0,70.5
1422,fixed_split_mlp_covertype,stable,h3,1776520678369.752,1776520678495.282,125.530,0.000,124.529,1.821,1833,1577,80.0,1,0,68.2
1423,fixed_split_mlp_covertype,stable,h3,1776520678497.281,1776520678548.058,50.777,0.000,48.774,1.731,1833,1577,80.0,0,0,67.3
1424,fixed_split_mlp_covertype,stable,h3,1776520678550.058,1776520678621.565,71.507,0.000,71.507,1.880,1833,1577,80.0,0,0,67.9
1425,fixed_split_mlp_covertype,stable,h3,1776520678623.564,1776520678782.767,159.203,0.000,159.203,1.726,1833,1577,80.0,1,0,69.6
1426,fixed_split_mlp_covertype,stable,h3,1776520678784.768,1776520678873.277,88.509,0.000,88.509,1.740,1833,1577,80.0,1,0,70.5
1427,fixed_split_mlp_covertype,stable,h3,1776520678874.277,1776520678986.787,112.510,0.000,111.509,1.803,1833,1577,80.0,1,0,67.0
1428,fixed_split_mlp_covertype,stable,h3,1776520678988.787,1776520679076.302,87.515,0.000,85.515,2.029,1833,1577,80.0,1,0,70.8
1429,fixed_split_mlp_covertype,stable,h3,1776520679077.302,1776520679200.812,123.510,0.000,122.509,1.740,1833,1577,80.0,1,0,68.8
1430,fixed_split_mlp_covertype,stable,h3,1776520679202.813,1776520679285.319,82.506,0.000,82.506,1.854,1833,1577,80.0,1,0,67.9
1431,fixed_split_mlp_covertype,stable,h3,1776520679287.319,1776520679390.827,103.508,1.000,102.509,2.049,1833,1577,80.0,1,0,69.3
1432,fixed_split_mlp_covertype,stable,h3,1776520679392.830,1776520679524.844,132.014,0.000,132.014,1.772,1833,1577,80.0,1,0,70.4
1433,fixed_split_mlp_covertype,stable,h3,1776520679526.843,1776520679628.353,101.510,0.000,100.510,1.794,1833,1577,80.0,1,0,68.0
1434,fixed_split_mlp_covertype,stable,h3,1776520679630.354,1776520679712.865,82.511,0.000,81.511,1.739,1833,1577,80.0,1,0,70.8
1435,fixed_split_mlp_covertype,stable,h3,1776520679713.865,1776520679845.373,131.508,1.000,130.508,1.925,1833,1577,80.0,1,0,69.5
1436,fixed_split_mlp_covertype,stable,h3,1776520679847.373,1776520679933.885,86.512,0.000,85.512,2.254,1833,1577,80.0,1,0,68.8
1437,fixed_split_mlp_covertype,stable,h3,1776520679936.883,1776520680067.907,131.024,0.000,129.025,1.952,1833,1577,80.0,1,0,72.1
1438,fixed_split_mlp_covertype,stable,h3,1776520680068.906,1776520680153.418,84.512,0.000,83.509,1.889,1833,1577,80.0,1,0,70.5
1439,fixed_split_mlp_covertype,stable,h3,1776520680155.419,1776520680293.942,138.523,0.000,138.523,1.742,1833,1577,80.0,1,0,70.1
1440,fixed_split_mlp_covertype,stable,h3,1776520680295.942,1776520680393.453,97.511,0.000,96.510,1.888,1833,1577,80.0,1,0,67.3
1441,fixed_split_mlp_covertype,stable,h3,1776520680394.453,1776520680460.958,66.505,0.000,65.505,1.860,1833,1577,80.0,0,0,76.2
1442,fixed_split_mlp_covertype,stable,h3,1776520680462.959,1776520680536.467,73.507,0.000,71.507,1.858,1833,1577,80.0,0,0,69.1
1443,fixed_split_mlp_covertype,stable,h3,1776520680537.469,1776520680691.975,154.506,1.000,153.506,1.915,1833,1577,80.0,1,0,68.9
1444,fixed_split_mlp_covertype,stable,h3,1776520680693.979,1776520680761.485,67.507,0.000,66.507,1.786,1833,1577,80.0,0,0,71.8
1445,fixed_split_mlp_covertype,stable,h3,1776520680762.485,1776520680932.505,170.020,0.000,169.020,1.868,1833,1577,80.0,1,0,70.1
1446,fixed_split_mlp_covertype,stable,h3,1776520680933.504,1776520681064.014,130.510,0.000,130.510,1.787,1833,1577,80.0,1,0,68.5
1447,fixed_split_mlp_covertype,stable,h3,1776520681066.014,1776520681239.033,173.019,0.000,171.015,2.573,1833,1577,80.0,1,0,68.8
1448,fixed_split_mlp_covertype,stable,h3,1776520681240.031,1776520681332.542,92.511,0.000,91.510,2.278,1833,1577,80.0,1,0,69.8
1449,fixed_split_mlp_covertype,stable,h3,1776520681334.544,1776520681478.050,143.506,0.999,141.507,5.584,1833,1577,80.0,1,0,70.0
1450,fixed_split_mlp_covertype,stable,h3,1776520681479.049,1776520681548.561,69.512,1.001,68.510,15.230,1833,1577,80.0,0,0,67.5
1451,fixed_split_mlp_covertype,stable,h3,1776520681550.563,1776520681673.069,122.506,0.000,120.505,2.339,1833,1577,80.0,1,0,69.3
1452,fixed_split_mlp_covertype,stable,h3,1776520681674.068,1776520681867.087,193.019,0.000,192.018,4.036,1833,1577,80.0,1,0,68.4
1453,fixed_split_mlp_covertype,stable,h3,1776520681869.086,1776520681973.151,104.065,0.000,104.065,8.836,1833,1577,80.0,1,0,69.6
1454,fixed_split_mlp_covertype,stable,h3,1776520681975.151,1776520682053.665,78.514,0.000,77.513,7.373,1833,1577,80.0,0,0,70.4
1455,fixed_split_mlp_covertype,stable,h3,1776520682055.668,1776520682148.177,92.508,0.000,92.508,2.704,1833,1577,80.0,1,0,69.8
1456,fixed_split_mlp_covertype,stable,h3,1776520682150.176,1776520682303.683,153.508,0.000,153.508,2.310,1833,1577,80.0,1,0,71.9
1457,fixed_split_mlp_covertype,stable,h3,1776520682305.683,1776520682470.703,165.020,0.000,164.017,1.820,1833,1577,80.0,1,0,68.9
1458,fixed_split_mlp_covertype,stable,h3,1776520682471.702,1776520682580.211,108.509,0.000,107.509,1.802,1833,1577,80.0,1,0,77.7
1459,fixed_split_mlp_covertype,stable,h3,1776520682582.211,1776520682713.232,131.021,0.000,130.018,1.771,1833,1577,80.0,1,0,71.5
1460,fixed_split_mlp_covertype,stable,h3,1776520682714.229,1776520682811.736,97.507,1.000,96.507,2.485,1833,1577,80.0,1,0,68.0
1461,fixed_split_mlp_covertype,stable,h3,1776520682813.735,1776520682923.245,109.510,0.000,108.510,2.097,1833,1577,80.0,1,0,75.9
1462,fixed_split_mlp_covertype,stable,h3,1776520682925.246,1776520683021.755,96.509,0.000,96.509,1.884,1833,1577,80.0,1,0,82.3
1463,fixed_split_mlp_covertype,stable,h3,1776520683023.756,1776520683104.761,81.006,0.000,79.003,2.189,1833,1577,80.0,1,0,76.0
1464,fixed_split_mlp_covertype,stable,h3,1776520683105.759,1776520683259.777,154.018,0.000,154.018,1.781,1833,1577,80.0,1,0,69.8
1465,fixed_split_mlp_covertype,stable,h3,1776520683261.776,1776520683370.284,108.508,0.000,108.508,1.772,1833,1577,80.0,1,0,69.9
1466,fixed_split_mlp_covertype,stable,h3,1776520683372.285,1776520683551.297,179.012,0.000,179.012,1.779,1833,1577,80.0,1,0,68.4
1467,fixed_split_mlp_covertype,stable,h3,1776520683553.297,1776520683645.805,92.508,1.000,90.507,1.727,1833,1577,80.0,1,0,68.8
1468,fixed_split_mlp_covertype,stable,h3,1776520683646.804,1776520683822.823,176.019,0.000,175.018,1.788,1833,1577,80.0,1,0,68.8
1469,fixed_split_mlp_covertype,stable,h3,1776520683824.822,1776520684007.334,182.512,0.000,181.511,1.873,1833,1577,80.0,1,0,69.3
1470,fixed_split_mlp_covertype,stable,h3,1776520684009.800,1776520684167.312,157.512,0.000,156.511,1.804,1833,1577,80.0,1,0,70.3
1471,fixed_split_mlp_covertype,stable,h3,1776520684169.309,1776520684254.821,85.512,0.000,84.510,1.702,1833,1577,80.0,1,0,70.4
1472,fixed_split_mlp_covertype,stable,h3,1776520684256.821,1776520684358.330,101.509,0.000,100.508,1.871,1833,1577,80.0,1,0,68.8
1473,fixed_split_mlp_covertype,stable,h3,1776520684359.330,1776520684520.343,161.012,0.000,159.733,1.955,1833,1577,80.0,1,0,69.4
1474,fixed_split_mlp_covertype,stable,h3,1776520684522.344,1776520684608.852,86.509,0.000,85.506,1.779,1833,1577,80.0,1,0,69.5
1475,fixed_split_mlp_covertype,stable,h3,1776520684609.852,1776520684703.854,94.001,1.000,93.001,1.793,1833,1577,80.0,1,0,68.0
1476,fixed_split_mlp_covertype,stable,h3,1776520684705.854,1776520684834.876,129.022,0.000,128.020,1.787,1833,1577,80.0,1,0,69.5
1477,fixed_split_mlp_covertype,stable,h3,1776520684835.875,1776520684928.382,92.507,0.999,91.508,1.851,1833,1577,80.0,1,0,69.8
1478,fixed_split_mlp_covertype,stable,h3,1776520684929.383,1776520685042.891,113.508,1.200,111.304,1.689,1833,1577,80.0,1,0,70.1
1479,fixed_split_mlp_covertype,stable,h3,1776520685043.889,1776520685129.399,85.510,1.003,83.503,1.885,1833,1577,80.0,1,0,67.9
1480,fixed_split_mlp_covertype,stable,h3,1776520685130.397,1776520685257.908,127.511,1.000,125.506,1.836,1833,1577,80.0,1,0,68.8
1481,fixed_split_mlp_covertype,stable,h3,1776520685258.905,1776520685366.414,107.510,0.000,105.507,1.859,1833,1577,80.0,1,0,69.6
1482,fixed_split_mlp_covertype,stable,h3,1776520685368.413,1776520685818.783,450.370,0.000,448.932,1.654,1833,1577,80.0,1,0,35.9
1483,fixed_split_mlp_covertype,stable,h3,1776520685820.540,1776520686269.873,449.333,1.076,447.251,2.016,1833,1577,80.0,1,0,31.7
1484,fixed_split_mlp_covertype,stable,h3,1776520686271.863,1776520686732.833,460.970,1.998,457.958,1.935,1833,1577,80.0,1,0,31.9
1485,fixed_split_mlp_covertype,stable,h3,1776520686735.126,1776520687203.746,468.620,1.996,465.615,1.683,1833,1577,80.0,1,0,31.7
1486,fixed_split_mlp_covertype,stable,h3,1776520687206.739,1776520687738.875,532.137,1.130,529.144,1.838,1833,1577,80.0,1,0,27.6
1487,fixed_split_mlp_covertype,stable,h3,1776520687740.874,1776520688377.669,636.795,0.997,633.794,2.160,1833,1577,80.0,1,0,23.1
1488,fixed_split_mlp_covertype,stable,h3,1776520688379.665,1776520688967.363,587.698,0.993,584.701,1.841,1833,1577,80.0,1,0,25.0
1489,fixed_split_mlp_covertype,stable,h3,1776520688968.365,1776520689593.324,624.959,1.990,621.969,2.284,1833,1577,80.0,1,0,24.4
1490,fixed_split_mlp_covertype,stable,h3,1776520689595.564,1776520690194.286,598.722,0.752,596.113,1.857,1833,1577,80.0,1,0,24.3
1491,fixed_split_mlp_covertype,stable,h3,1776520690196.280,1776520690807.837,611.557,0.000,610.559,2.368,1833,1577,80.0,1,0,23.9
1492,fixed_split_mlp_covertype,stable,h3,1776520690809.841,1776520691422.370,612.528,1.002,609.855,1.866,1833,1577,80.0,1,0,26.6
1493,fixed_split_mlp_covertype,stable,h3,1776520691425.365,1776520691939.146,513.781,0.000,511.785,1.743,1833,1577,80.0,1,0,29.1
1494,fixed_split_mlp_covertype,stable,h3,1776520691941.143,1776520692446.056,504.913,1.001,503.913,1.957,1833,1577,80.0,1,0,28.8
1495,fixed_split_mlp_covertype,stable,h3,1776520692447.953,1776520692983.872,535.919,1.000,533.920,2.031,1833,1577,80.0,1,0,24.7
1496,fixed_split_mlp_covertype,stable,h3,1776520692986.002,1776520693529.467,543.465,1.213,540.462,1.958,1833,1577,80.0,1,0,27.1
1497,fixed_split_mlp_covertype,stable,h3,1776520693531.468,1776520693701.312,169.844,0.000,167.842,1.848,1833,1577,80.0,1,0,62.4
1498,fixed_split_mlp_covertype,stable,h3,1776520693707.313,1776520693835.316,128.003,0.000,126.999,1.774,1833,1577,80.0,1,0,72.9
1499,fixed_split_mlp_covertype,stable,h3,1776520693836.819,1776520693989.481,152.662,1.004,151.658,1.909,1833,1577,80.0,1,0,69.4
1500,fixed_split_mlp_covertype,stable,h3,1776520693991.328,1776520694190.342,199.014,0.000,198.013,1.871,1833,1577,80.0,1,0,69.2
1501,fixed_split_mlp_covertype,stable,h3,1776520694192.343,1776520694281.852,89.510,0.000,87.506,1.936,1833,1577,80.0,1,0,71.6
1502,fixed_split_mlp_covertype,stable,h3,1776520694282.849,1776520694463.865,181.016,0.000,179.012,1.855,1833,1577,80.0,1,0,70.5
1503,fixed_split_mlp_covertype,stable,h3,1776520694465.865,1776520694673.059,207.194,0.000,207.194,1.834,1833,1577,80.0,1,0,70.0
1504,fixed_split_mlp_covertype,stable,h3,1776520694674.058,1776520694800.566,126.508,0.000,126.508,1.909,1833,1577,80.0,1,0,67.7
1505,fixed_split_mlp_covertype,stable,h3,1776520694802.605,1776520694917.164,114.559,0.961,112.505,1.837,1833,1577,80.0,1,0,70.9
1506,fixed_split_mlp_covertype,stable,h3,1776520694918.073,1776520694987.510,69.438,0.000,68.437,2.011,1833,1577,80.0,0,0,67.7
1507,fixed_split_mlp_covertype,stable,h3,1776520694989.510,1776520695108.016,118.506,0.000,118.506,1.975,1833,1577,80.0,1,0,68.8
1508,fixed_split_mlp_covertype,stable,h3,1776520695110.019,1776520695223.526,113.507,0.000,113.507,2.065,1833,1577,80.0,1,0,68.8
1509,fixed_split_mlp_covertype,stable,h3,1776520695225.525,1776520695335.812,110.287,1.001,109.286,2.096,1833,1577,80.0,1,0,70.5
1510,fixed_split_mlp_covertype,stable,h3,1776520695338.428,1776520695462.983,124.555,0.000,122.552,1.888,1833,1577,80.0,1,0,75.9
1511,fixed_split_mlp_covertype,stable,h3,1776520695463.982,1776520695573.489,109.507,1.000,108.507,3.074,1833,1577,80.0,1,0,68.4
1512,fixed_split_mlp_covertype,stable,h3,1776520695574.488,1776520695774.043,199.554,1.000,198.554,1.923,1833,1577,80.0,1,0,68.2
1513,fixed_split_mlp_covertype,stable,h3,1776520695776.162,1776520695900.549,124.386,0.000,123.506,1.949,1833,1577,80.0,1,0,72.1
1514,fixed_split_mlp_covertype,stable,h3,1776520695902.549,1776520695964.055,61.506,0.000,61.506,1.924,1833,1577,80.0,0,0,67.7
1515,fixed_split_mlp_covertype,stable,h3,1776520695965.055,1776520696072.563,107.507,0.000,106.503,1.837,1833,1577,80.0,1,0,69.3
1516,fixed_split_mlp_covertype,stable,h3,1776520696075.564,1776520696172.069,96.505,0.000,95.506,1.783,1833,1577,80.0,1,0,71.9
1517,fixed_split_mlp_covertype,stable,h3,1776520696173.072,1776520696291.576,118.505,0.000,118.505,2.099,1833,1577,80.0,1,0,71.7
1518,fixed_split_mlp_covertype,stable,h3,1776520696293.576,1776520696406.089,112.513,0.000,112.513,2.360,1833,1577,80.0,1,0,70.4
1519,fixed_split_mlp_covertype,stable,h3,1776520696407.329,1776520696503.596,96.267,0.757,95.510,1.938,1833,1577,80.0,1,0,71.1
1520,fixed_split_mlp_covertype,stable,h3,1776520696505.593,1776520696674.620,169.027,0.000,168.025,2.068,1833,1577,80.0,1,0,72.6
1521,fixed_split_mlp_covertype,stable,h3,1776520696676.621,1776520696785.125,108.504,0.000,107.504,1.744,1833,1577,80.0,1,0,71.3
1522,fixed_split_mlp_covertype,stable,h3,1776520696786.125,1776520696934.637,148.511,0.000,148.511,1.990,1833,1577,80.0,1,0,73.5
1523,fixed_split_mlp_covertype,stable,h3,1776520696936.637,1776520697092.652,156.015,0.000,155.015,1.775,1833,1577,80.0,1,0,69.4
1524,fixed_split_mlp_covertype,stable,h3,1776520697094.650,1776520697192.156,97.506,0.000,95.506,1.780,1833,1577,80.0,1,0,69.8
1525,fixed_split_mlp_covertype,stable,h3,1776520697193.156,1776520697263.664,70.507,0.000,69.505,1.759,1833,1577,80.0,0,0,68.8
1526,fixed_split_mlp_covertype,stable,h3,1776520697265.664,1776520697378.172,112.508,0.000,112.508,1.803,1833,1577,80.0,1,0,71.4
1527,fixed_split_mlp_covertype,stable,h3,1776520697379.172,1776520697463.680,84.508,1.001,83.507,1.973,1833,1577,80.0,1,0,75.0
1528,fixed_split_mlp_covertype,stable,h3,1776520697465.680,1776520697537.684,72.004,0.000,72.004,2.208,1833,1577,80.0,0,0,68.8
1529,fixed_split_mlp_covertype,stable,h3,1776520697539.812,1776520697687.140,147.328,1.017,146.311,1.901,1833,1577,80.0,1,0,78.8
1530,fixed_split_mlp_covertype,stable,h3,1776520697689.140,1776520697830.647,141.508,0.000,140.508,2.135,1833,1577,80.0,1,0,70.4
1531,fixed_split_mlp_covertype,stable,h3,1776520697831.647,1776520697918.152,86.504,1.001,84.504,1.822,1833,1577,80.0,1,0,68.0
1532,fixed_split_mlp_covertype,stable,h3,1776520697920.152,1776520698071.170,151.018,0.000,150.016,1.741,1833,1577,80.0,1,0,70.1
1533,fixed_split_mlp_covertype,stable,h3,1776520698072.168,1776520698229.680,157.512,0.000,155.509,1.790,1833,1577,80.0,1,0,69.7
1534,fixed_split_mlp_covertype,stable,h3,1776520698231.679,1776520698365.689,134.011,0.000,134.011,1.921,1833,1577,80.0,1,0,70.5
1535,fixed_split_mlp_covertype,stable,h3,1776520698367.690,1776520698490.198,122.508,0.000,121.508,1.966,1833,1577,80.0,1,0,71.7
1536,fixed_split_mlp_covertype,stable,h3,1776520698491.198,1776520698695.455,204.258,1.004,203.253,1.923,1833,1577,80.0,1,0,71.2
1537,fixed_split_mlp_covertype,stable,h3,1776520698696.469,1776520698825.978,129.508,1.000,127.508,2.073,1833,1577,80.0,1,0,63.9
1538,fixed_split_mlp_covertype,stable,h3,1776520698827.978,1776520698978.993,151.015,0.000,150.012,1.793,1833,1577,80.0,1,0,73.5
1539,fixed_split_mlp_covertype,stable,h3,1776520698980.989,1776520699050.497,69.508,0.000,68.506,2.016,1833,1577,80.0,0,0,67.2
1540,fixed_split_mlp_covertype,stable,h3,1776520699051.495,1776520699171.002,119.507,1.005,118.502,1.988,1833,1577,80.0,1,0,70.1
1541,fixed_split_mlp_covertype,stable,h3,1776520699173.002,1776520699322.508,149.506,1.001,147.505,2.037,1833,1577,80.0,1,0,71.5
1542,fixed_split_mlp_covertype,stable,h3,1776520699323.508,1776520699428.017,104.509,0.000,102.506,1.776,1833,1577,80.0,1,0,67.7
1543,fixed_split_mlp_covertype,stable,h3,1776520699429.018,1776520699508.522,79.504,1.000,77.504,1.749,1833,1577,80.0,0,0,68.8
1544,fixed_split_mlp_covertype,stable,h3,1776520699509.522,1776520699705.535,196.013,0.000,194.012,1.896,1833,1577,80.0,1,0,69.7
1545,fixed_split_mlp_covertype,stable,h3,1776520699706.535,1776520699774.042,67.507,1.000,66.506,1.747,1833,1577,80.0,0,0,68.8
1546,fixed_split_mlp_covertype,stable,h3,1776520699776.042,1776520699909.548,133.507,0.000,133.507,1.813,1833,1577,80.0,1,0,71.5
1547,fixed_split_mlp_covertype,stable,h3,1776520699911.548,1776520700039.562,128.014,0.000,127.014,2.327,1833,1577,80.0,1,0,69.2
1548,fixed_split_mlp_covertype,stable,h3,1776520700041.562,1776520700149.069,107.507,1.000,105.507,1.953,1833,1577,80.0,1,0,70.5
1549,fixed_split_mlp_covertype,stable,h3,1776520700150.069,1776520700255.080,105.011,1.003,104.009,2.422,1833,1577,80.0,1,0,69.6
1550,fixed_split_mlp_covertype,stable,h3,1776520700257.080,1776520700367.092,110.012,0.000,109.012,1.871,1833,1577,80.0,1,0,68.8
1551,fixed_split_mlp_covertype,stable,h3,1776520700368.092,1776520700528.601,160.509,1.000,159.509,2.044,1833,1577,80.0,1,0,69.7
1552,fixed_split_mlp_covertype,stable,h3,1776520700530.601,1776520700665.612,135.011,0.000,134.011,1.860,1833,1577,80.0,1,0,69.8
1553,fixed_split_mlp_covertype,stable,h3,1776520700666.612,1776520700736.614,70.002,0.000,69.002,1.770,1833,1577,80.0,0,0,69.5
1554,fixed_split_mlp_covertype,stable,h3,1776520700740.119,1776520700862.629,122.510,0.000,121.506,1.859,1833,1577,80.0,1,0,68.8
1555,fixed_split_mlp_covertype,stable,h3,1776520700863.626,1776520700968.132,104.506,0.000,102.506,2.366,1833,1577,80.0,1,0,70.3
1556,fixed_split_mlp_covertype,stable,h3,1776520700969.132,1776520701069.639,100.507,0.000,99.506,1.805,1833,1577,80.0,1,0,68.4
1557,fixed_split_mlp_covertype,stable,h3,1776520701072.639,1776520701172.146,99.507,0.000,98.507,1.722,1833,1577,80.0,1,0,72.5
1558,fixed_split_mlp_covertype,stable,h3,1776520701173.146,1776520701384.377,211.230,0.000,209.218,1.803,1833,1577,80.0,1,0,69.2
1559,fixed_split_mlp_covertype,stable,h3,1776520701385.377,1776520701524.884,139.507,0.000,139.507,1.671,1833,1577,80.0,1,0,64.4
1560,fixed_split_mlp_covertype,stable,h3,1776520701525.885,1776520701630.391,104.506,1.002,103.504,1.892,1833,1577,80.0,1,0,67.0
1561,fixed_split_mlp_covertype,stable,h3,1776520701632.391,1776520701751.405,119.013,0.000,119.013,1.705,1833,1577,80.0,1,0,68.2
1562,fixed_split_mlp_covertype,stable,h3,1776520701753.405,1776520701847.911,94.506,0.000,94.506,1.971,1833,1577,80.0,1,0,71.0
1563,fixed_split_mlp_covertype,stable,h3,1776520701849.911,1776520701941.353,91.443,0.000,89.440,1.811,1833,1577,80.0,1,0,69.1
1564,fixed_split_mlp_covertype,stable,h3,1776520701942.354,1776520702114.863,172.510,0.000,171.509,1.868,1833,1577,80.0,1,0,71.6
1565,fixed_split_mlp_covertype,stable,h3,1776520702116.863,1776520702212.374,95.510,1.002,93.507,1.822,1833,1577,80.0,1,0,71.4
1566,fixed_split_mlp_covertype,stable,h3,1776520702214.375,1776520702332.881,118.506,0.000,117.507,1.930,1833,1577,80.0,1,0,70.3
1567,fixed_split_mlp_covertype,stable,h3,1776520702333.881,1776520702430.018,96.136,0.000,94.133,1.955,1833,1577,80.0,1,0,68.0
1568,fixed_split_mlp_covertype,stable,h3,1776520702431.017,1776520702565.029,134.011,0.000,132.009,1.902,1833,1577,80.0,1,0,71.7
1569,fixed_split_mlp_covertype,stable,h3,1776520702566.028,1776520702714.535,148.508,1.001,147.506,2.995,1833,1577,80.0,1,0,69.6
1570,fixed_split_mlp_covertype,stable,h3,1776520702716.535,1776520702872.549,156.013,0.000,154.012,2.012,1833,1577,80.0,1,0,68.9
1571,fixed_split_mlp_covertype,stable,h3,1776520702873.549,1776520702998.057,124.509,0.000,123.508,2.206,1833,1577,80.0,1,0,69.3
1572,fixed_split_mlp_covertype,stable,h3,1776520703000.059,1776520703209.482,209.424,0.000,208.424,1.886,1833,1577,80.0,1,0,69.4
1573,fixed_split_mlp_covertype,stable,h3,1776520703210.501,1776520703404.509,194.007,0.000,194.007,1.946,1833,1577,80.0,1,0,69.0
1574,fixed_split_mlp_covertype,stable,h3,1776520703406.509,1776520703500.015,93.506,0.000,93.506,1.785,1833,1577,80.0,1,0,69.8
1575,fixed_split_mlp_covertype,stable,h3,1776520703502.019,1776520703619.522,117.503,0.000,117.503,1.759,1833,1577,80.0,1,0,68.2
1576,fixed_split_mlp_covertype,stable,h3,1776520703621.522,1776520703824.520,202.998,0.000,202.998,2.079,1833,1577,80.0,1,0,67.2
1577,fixed_split_mlp_covertype,stable,h3,1776520703825.535,1776520703918.037,92.502,0.999,91.504,1.769,1833,1577,80.0,1,0,62.9
1578,fixed_split_mlp_covertype,stable,h3,1776520703920.038,1776520704077.056,157.018,0.000,156.018,1.972,1833,1577,80.0,1,0,68.9
1579,fixed_split_mlp_covertype,stable,h3,1776520704079.052,1776520704177.733,98.681,0.000,97.681,1.783,1833,1577,80.0,1,0,68.0
1580,fixed_split_mlp_covertype,stable,h3,1776520704179.733,1776520704286.240,106.507,0.000,106.507,1.895,1833,1577,80.0,1,0,69.6
1581,fixed_split_mlp_covertype,stable,h3,1776520704288.240,1776520704375.753,87.513,1.000,86.513,1.991,1833,1577,80.0,1,0,84.7
1582,fixed_split_mlp_covertype,stable,h3,1776520704377.753,1776520704477.261,99.508,0.000,99.508,1.841,1833,1577,80.0,1,0,80.8
1583,fixed_split_mlp_covertype,stable,h3,1776520704479.261,1776520704579.771,100.510,0.000,100.510,1.721,1833,1577,80.0,1,0,73.5
1584,fixed_split_mlp_covertype,stable,h3,1776520704581.771,1776520704693.278,111.506,0.000,110.506,2.095,1833,1577,80.0,1,0,68.8
1585,fixed_split_mlp_covertype,stable,h3,1776520704694.278,1776520704819.786,125.508,1.000,124.508,2.004,1833,1577,80.0,1,0,71.1
1586,fixed_split_mlp_covertype,stable,h3,1776520704820.786,1776520704901.293,80.506,1.000,79.507,1.775,1833,1577,80.0,1,0,72.9
1587,fixed_split_mlp_covertype,stable,h3,1776520704903.293,1776520705037.802,134.509,1.000,133.509,1.828,1833,1577,80.0,1,0,74.6
1588,fixed_split_mlp_covertype,stable,h3,1776520705039.304,1776520705110.308,71.003,0.000,70.000,1.944,1833,1577,80.0,0,0,70.0
1589,fixed_split_mlp_covertype,stable,h3,1776520705112.307,1776520705232.322,120.015,0.000,118.014,2.006,1833,1577,80.0,1,0,73.4
1590,fixed_split_mlp_covertype,stable,h3,1776520705234.323,1776520705450.366,216.043,0.000,216.043,1.766,1833,1577,80.0,1,0,67.9
1591,fixed_split_mlp_covertype,stable,h3,1776520705451.352,1776520705560.857,109.505,0.000,109.505,1.820,1833,1577,80.0,1,0,62.2
1592,fixed_split_mlp_covertype,stable,h3,1776520705562.857,1776520705691.368,128.510,0.000,126.509,1.798,1833,1577,80.0,1,0,69.0
1593,fixed_split_mlp_covertype,stable,h3,1776520705692.405,1776520705804.876,112.471,0.000,110.509,3.501,1833,1577,80.0,1,0,74.1
1594,fixed_split_mlp_covertype,stable,h3,1776520705805.875,1776520705910.385,104.510,1.001,102.507,1.792,1833,1577,80.0,1,0,72.3
1595,fixed_split_mlp_covertype,stable,h3,1776520705911.384,1776520706034.892,123.507,1.000,122.507,2.434,1833,1577,80.0,1,0,71.1
1596,fixed_split_mlp_covertype,stable,h3,1776520706036.892,1776520706161.908,125.016,0.000,125.016,1.842,1833,1577,80.0,1,0,70.1
1597,fixed_split_mlp_covertype,stable,h3,1776520706162.908,1776520706278.419,115.511,1.002,113.507,1.866,1833,1577,80.0,1,0,68.8
1598,fixed_split_mlp_covertype,stable,h3,1776520706280.418,1776520706425.924,145.506,0.000,145.506,1.691,1833,1577,80.0,1,0,68.3
1599,fixed_split_mlp_covertype,stable,h3,1776520706428.927,1776520706616.943,188.016,0.000,187.011,1.750,1833,1577,80.0,1,0,70.1
1600,fixed_split_mlp_covertype,stable,h3,1776520706617.942,1776520706705.445,87.504,0.000,86.503,1.906,1833,1577,80.0,1,0,71.1
1601,fixed_split_mlp_covertype,stable,h3,1776520706706.445,1776520706823.201,116.756,0.000,114.509,1.795,1833,1577,80.0,1,0,81.4
1602,fixed_split_mlp_covertype,stable,h3,1776520706823.954,1776520706920.466,96.512,1.001,94.511,1.963,1833,1577,80.0,1,0,70.4
1603,fixed_split_mlp_covertype,stable,h3,1776520706921.466,1776520707023.029,101.563,1.000,100.562,1.747,1833,1577,80.0,1,0,68.8
1604,fixed_split_mlp_covertype,stable,h3,1776520707024.975,1776520707186.175,161.200,1.004,159.206,1.695,1833,1577,80.0,1,0,71.8
1605,fixed_split_mlp_covertype,stable,h3,1776520707187.177,1776520707323.685,136.507,0.000,135.507,2.238,1833,1577,80.0,1,0,72.9
1606,fixed_split_mlp_covertype,stable,h3,1776520707325.685,1776520707455.704,130.019,0.000,128.010,1.779,1833,1577,80.0,1,0,70.0
1607,fixed_split_mlp_covertype,stable,h3,1776520707457.702,1776520707549.209,91.507,0.000,91.507,1.752,1833,1577,80.0,1,0,75.0
1608,fixed_split_mlp_covertype,stable,h3,1776520707551.210,1776520707732.718,181.508,0.000,179.508,1.929,1833,1577,80.0,1,0,70.5
1609,fixed_split_mlp_covertype,stable,h3,1776520707734.719,1776520707906.733,172.014,0.000,171.012,1.798,1833,1577,80.0,1,0,69.9
1610,fixed_split_mlp_covertype,stable,h3,1776520707908.734,1776520708021.240,112.506,0.000,112.506,1.790,1833,1577,80.0,1,0,68.1
1611,fixed_split_mlp_covertype,stable,h3,1776520708023.240,1776520708088.750,65.511,0.000,65.511,1.896,1833,1577,80.0,0,0,75.3
1612,fixed_split_mlp_covertype,stable,h3,1776520708090.750,1776520708207.257,116.507,0.000,115.507,1.882,1833,1577,80.0,1,0,71.7
1613,fixed_split_mlp_covertype,stable,h3,1776520708209.257,1776520708312.766,103.509,0.000,103.509,1.850,1833,1577,80.0,1,0,75.9
1614,fixed_split_mlp_covertype,stable,h3,1776520708314.782,1776520708411.276,96.494,0.000,94.509,1.826,1833,1577,80.0,1,0,68.0
1615,fixed_split_mlp_covertype,stable,h3,1776520708412.276,1776520708547.300,135.024,1.000,134.023,1.845,1833,1577,80.0,1,0,70.3
1616,fixed_split_mlp_covertype,stable,h3,1776520708549.299,1776520708629.302,80.002,0.000,80.002,1.940,1833,1577,80.0,1,0,71.6
1617,fixed_split_mlp_covertype,stable,h3,1776520708631.303,1776520708761.236,129.933,0.000,129.933,1.837,1833,1577,80.0,1,0,69.2
1618,fixed_split_mlp_covertype,stable,h3,1776520708763.236,1776520708867.744,104.508,0.000,103.507,1.748,1833,1577,80.0,1,0,69.1
1619,fixed_split_mlp_covertype,stable,h3,1776520708868.743,1776520709012.251,143.508,1.000,142.508,1.848,1833,1577,80.0,1,0,73.3
1620,fixed_split_mlp_covertype,stable,h3,1776520709014.252,1776520709121.760,107.509,0.000,107.509,1.941,1833,1577,80.0,1,0,71.8
1621,fixed_split_mlp_covertype,stable,h3,1776520709123.760,1776520709192.270,68.509,0.000,67.509,1.959,1833,1577,80.0,0,0,66.7
1622,fixed_split_mlp_covertype,stable,h3,1776520709194.269,1776520709313.777,119.508,1.000,118.508,1.801,1833,1577,80.0,1,0,69.3
1623,fixed_split_mlp_covertype,stable,h3,1776520709315.779,1776520709475.794,160.015,0.000,160.015,1.796,1833,1577,80.0,1,0,68.5
1624,fixed_split_mlp_covertype,stable,h3,1776520709477.795,1776520709562.304,84.509,0.000,83.506,1.739,1833,1577,80.0,1,0,74.2
1625,fixed_split_mlp_covertype,stable,h3,1776520709563.302,1776520709657.809,94.508,0.000,93.507,1.793,1833,1577,80.0,1,0,68.8
1626,fixed_split_mlp_covertype,stable,h3,1776520709659.810,1776520709832.320,172.510,0.000,171.510,1.932,1833,1577,80.0,1,0,70.3
1627,fixed_split_mlp_covertype,stable,h3,1776520709834.320,1776520709966.332,132.012,0.000,131.011,1.775,1833,1577,80.0,1,0,69.2
1628,fixed_split_mlp_covertype,stable,h3,1776520709968.333,1776520710121.844,153.512,0.000,152.511,2.131,1833,1577,80.0,1,0,70.0
1629,fixed_split_mlp_covertype,stable,h3,1776520710123.844,1776520710257.382,133.538,0.000,133.538,1.820,1833,1577,80.0,1,0,71.1
1630,fixed_split_mlp_covertype,stable,h3,1776520710259.383,1776520710361.408,102.025,0.998,101.026,2.025,1833,1577,80.0,1,0,86.1
1631,fixed_split_mlp_covertype,stable,h3,1776520710363.408,1776520710468.509,105.101,0.000,104.099,1.944,1833,1577,80.0,1,0,69.6
1632,fixed_split_mlp_covertype,stable,h3,1776520710470.999,1776520710609.015,138.017,0.509,137.508,1.813,1833,1577,80.0,1,0,72.6
1633,fixed_split_mlp_covertype,stable,h3,1776520710610.015,1776520710685.830,75.815,1.001,73.809,2.017,1833,1577,80.0,0,0,69.1
1634,fixed_split_mlp_covertype,stable,h3,1776520710686.826,1776520710767.333,80.507,1.001,79.506,2.281,1833,1577,80.0,1,0,68.8
1635,fixed_split_mlp_covertype,stable,h3,1776520710768.333,1776520710897.839,129.506,1.000,128.506,1.764,1833,1577,80.0,1,0,68.8
1636,fixed_split_mlp_covertype,stable,h3,1776520710898.839,1776520710980.348,81.509,1.000,80.509,1.814,1833,1577,80.0,1,0,70.8
1637,fixed_split_mlp_covertype,stable,h3,1776520710982.348,1776520711040.351,58.002,0.000,57.002,1.828,1833,1577,80.0,0,0,69.2
1638,fixed_split_mlp_covertype,stable,h3,1776520711042.859,1776520711131.861,89.001,0.000,88.001,1.757,1833,1577,80.0,1,0,70.0
1639,fixed_split_mlp_covertype,stable,h3,1776520711132.860,1776520711222.367,89.507,1.001,88.506,1.753,1833,1577,80.0,1,0,70.8
1640,fixed_split_mlp_covertype,stable,h3,1776520711224.367,1776520711332.876,108.510,0.000,107.509,1.846,1833,1577,80.0,1,0,68.8
1641,fixed_split_mlp_covertype,stable,h3,1776520711334.876,1776520711463.890,129.014,0.000,129.014,1.837,1833,1577,80.0,1,0,69.2
1642,fixed_split_mlp_covertype,stable,h3,1776520711464.890,1776520711591.396,126.506,0.000,124.989,1.763,1833,1577,80.0,1,0,68.2
1643,fixed_split_mlp_covertype,stable,h3,1776520711593.396,1776520711698.904,105.508,0.000,105.508,1.825,1833,1577,80.0,1,0,69.4
1644,fixed_split_mlp_covertype,stable,h3,1776520711700.904,1776520711800.410,99.506,0.000,98.243,1.742,1833,1577,80.0,1,0,72.3
1645,fixed_split_mlp_covertype,stable,h3,1776520711802.411,1776520711846.923,44.513,0.000,42.509,2.006,1833,1577,80.0,0,0,66.7
1646,fixed_split_mlp_covertype,stable,h3,1776520711847.924,1776520711965.430,117.507,0.999,116.507,1.936,1833,1577,80.0,1,0,68.8
1647,fixed_split_mlp_covertype,stable,h3,1776520711967.430,1776520712103.938,136.507,0.000,136.507,1.873,1833,1577,80.0,1,0,76.6
1648,fixed_split_mlp_covertype,stable,h3,1776520712105.939,1776520712280.952,175.013,0.000,175.013,1.772,1833,1577,80.0,1,0,69.7
1649,fixed_split_mlp_covertype,stable,h3,1776520712282.951,1776520712370.458,87.507,0.000,86.957,1.741,1833,1577,80.0,1,0,72.6
1650,fixed_split_mlp_covertype,stable,h3,1776520712371.458,1776520712420.458,49.000,0.000,46.999,1.966,1833,1577,80.0,0,0,66.0
1651,fixed_split_mlp_covertype,stable,h3,1776520712421.458,1776520712546.476,125.018,0.000,124.017,1.798,1833,1577,80.0,1,0,68.5
1652,fixed_split_mlp_covertype,stable,h3,1776520712548.476,1776520712654.985,106.508,0.000,104.511,1.754,1833,1577,80.0,1,0,72.3
1653,fixed_split_mlp_covertype,stable,h3,1776520712655.984,1776520712799.493,143.508,0.000,142.508,1.868,1833,1577,80.0,1,0,69.4
1654,fixed_split_mlp_covertype,stable,h3,1776520712801.491,1776520712928.000,126.509,0.000,126.509,1.882,1833,1577,80.0,1,0,71.9
1655,fixed_split_mlp_covertype,stable,h3,1776520712930.001,1776520713000.046,70.045,0.000,70.045,1.755,1833,1577,80.0,0,0,71.1
1656,fixed_split_mlp_covertype,stable,h3,1776520713001.046,1776520713069.079,68.033,1.000,67.032,1.697,1833,1577,80.0,0,0,81.2
1657,fixed_split_mlp_covertype,stable,h3,1776520713071.082,1776520713171.177,100.096,0.000,100.096,1.824,1833,1577,80.0,1,0,74.6
1658,fixed_split_mlp_covertype,stable,h3,1776520713173.178,1776520713275.684,102.506,0.000,102.506,1.981,1833,1577,80.0,1,0,68.8
1659,fixed_split_mlp_covertype,stable,h3,1776520713277.685,1776520713403.193,125.508,0.000,124.508,1.762,1833,1577,80.0,1,0,72.4
1660,fixed_split_mlp_covertype,stable,h3,1776520713405.193,1776520713506.700,101.507,0.000,100.496,1.912,1833,1577,80.0,1,0,69.8
1661,fixed_split_mlp_covertype,stable,h3,1776520713508.701,1776520713633.099,124.398,0.000,124.398,1.919,1833,1577,80.0,1,0,70.8
1662,fixed_split_mlp_covertype,stable,h3,1776520713635.099,1776520713762.115,127.017,0.000,126.016,2.041,1833,1577,80.0,1,0,73.2
1663,fixed_split_mlp_covertype,stable,h3,1776520713764.115,1776520713980.667,216.552,1.000,214.552,2.363,1833,1577,80.0,1,0,68.0
1664,fixed_split_mlp_covertype,stable,h3,1776520713981.652,1776520714146.143,164.491,0.000,162.492,1.864,1833,1577,80.0,1,0,67.1
1665,fixed_split_mlp_covertype,stable,h3,1776520714147.143,1776520714239.146,92.003,0.000,91.000,1.693,1833,1577,80.0,1,0,68.0
1666,fixed_split_mlp_covertype,stable,h3,1776520714241.147,1776520714319.656,78.509,0.000,77.509,1.843,1833,1577,80.0,0,0,71.2
1667,fixed_split_mlp_covertype,stable,h3,1776520714320.658,1776520714482.677,162.019,1.000,160.019,1.860,1833,1577,80.0,1,0,70.1
1668,fixed_split_mlp_covertype,stable,h3,1776520714484.677,1776520714599.187,114.511,0.000,114.511,1.854,1833,1577,80.0,1,0,69.6
1669,fixed_split_mlp_covertype,stable,h3,1776520714602.187,1776520714731.850,129.663,0.000,129.663,1.796,1833,1577,80.0,1,0,71.0
1670,fixed_split_mlp_covertype,stable,h3,1776520714733.700,1776520714842.213,108.513,0.000,108.513,1.899,1833,1577,80.0,1,0,73.0
1671,fixed_split_mlp_covertype,stable,h3,1776520714844.681,1776520714954.193,109.513,0.000,109.513,1.850,1833,1577,80.0,1,0,68.1
1672,fixed_split_mlp_covertype,stable,h3,1776520714956.193,1776520715045.703,89.510,0.000,89.510,1.885,1833,1577,80.0,1,0,70.2
1673,fixed_split_mlp_covertype,stable,h3,1776520715047.703,1776520715149.213,101.510,0.000,100.506,1.786,1833,1577,80.0,1,0,67.7
1674,fixed_split_mlp_covertype,stable,h3,1776520715150.213,1776520715231.219,81.006,1.000,79.005,1.935,1833,1577,80.0,1,0,72.2
1675,fixed_split_mlp_covertype,stable,h3,1776520715232.217,1776520715363.238,131.021,1.002,129.016,1.828,1833,1577,80.0,1,0,68.8
1676,fixed_split_mlp_covertype,stable,h3,1776520715364.236,1776520715589.044,224.808,1.000,223.808,1.765,1833,1577,80.0,1,0,66.4
1677,fixed_split_mlp_covertype,stable,h3,1776520715590.077,1776520715700.562,110.485,0.979,109.506,1.942,1833,1577,80.0,1,0,60.0
1678,fixed_split_mlp_covertype,stable,h3,1776520715701.563,1776520715797.073,95.510,1.004,94.506,1.879,1833,1577,80.0,1,0,67.3
1679,fixed_split_mlp_covertype,stable,h3,1776520715799.071,1776520715964.085,165.014,0.000,165.014,1.857,1833,1577,80.0,1,0,69.1
1680,fixed_split_mlp_covertype,stable,h3,1776520715966.085,1776520716136.594,170.509,0.000,169.508,1.826,1833,1577,80.0,1,0,69.3
1681,fixed_split_mlp_covertype,stable,h3,1776520716138.595,1776520716278.606,140.011,0.000,139.011,1.847,1833,1577,80.0,1,0,68.8
1682,fixed_split_mlp_covertype,stable,h3,1776520716280.606,1776520716391.664,111.058,0.000,110.055,1.950,1833,1577,80.0,1,0,67.5
1683,fixed_split_mlp_covertype,stable,h3,1776520716392.662,1776520716464.169,71.507,1.000,70.507,1.750,1833,1577,80.0,0,0,72.7
1684,fixed_split_mlp_covertype,stable,h3,1776520716465.171,1776520716593.678,128.507,0.000,128.000,1.921,1833,1577,80.0,1,0,67.2
1685,fixed_split_mlp_covertype,stable,h3,1776520716594.677,1776520716673.189,78.512,1.000,77.511,1.763,1833,1577,80.0,0,0,73.8
1686,fixed_split_mlp_covertype,stable,h3,1776520716675.189,1776520716765.695,90.506,0.000,90.506,2.016,1833,1577,80.0,1,0,68.8
1687,fixed_split_mlp_covertype,stable,h3,1776520716767.696,1776520716857.205,89.509,0.000,88.510,1.738,1833,1577,80.0,1,0,69.4
1688,fixed_split_mlp_covertype,stable,h3,1776520716859.205,1776520716956.712,97.507,1.001,96.506,1.749,1833,1577,80.0,1,0,68.8
1689,fixed_split_mlp_covertype,stable,h3,1776520716958.714,1776520717084.219,125.505,0.000,125.505,1.916,1833,1577,80.0,1,0,69.3
1690,fixed_split_mlp_covertype,stable,h3,1776520717086.219,1776520717285.235,199.017,0.000,199.017,1.710,1833,1577,80.0,1,0,69.4
1691,fixed_split_mlp_covertype,stable,h3,1776520717287.257,1776520717405.742,118.485,0.000,116.443,1.687,1833,1577,80.0,1,0,68.0
1692,fixed_split_mlp_covertype,stable,h3,1776520717406.742,1776520717511.249,104.506,0.000,102.505,2.190,1833,1577,80.0,1,0,70.6
1693,fixed_split_mlp_covertype,stable,h3,1776520717512.249,1776520717665.264,153.016,1.000,152.016,1.736,1833,1577,80.0,1,0,67.6
1694,fixed_split_mlp_covertype,stable,h3,1776520717667.263,1776520717784.775,117.512,0.000,116.508,1.970,1833,1577,80.0,1,0,70.3
1695,fixed_split_mlp_covertype,stable,h3,1776520717785.771,1776520717916.278,130.507,0.999,129.508,1.923,1833,1577,80.0,1,0,68.8
1696,fixed_split_mlp_covertype,stable,h3,1776520717918.277,1776520718089.293,171.016,0.000,170.014,1.776,1833,1577,80.0,1,0,70.1
1697,fixed_split_mlp_covertype,stable,h3,1776520718091.292,1776520718249.325,158.033,0.000,157.032,1.830,1833,1577,80.0,1,0,74.1
1698,fixed_split_mlp_covertype,stable,h3,1776520718251.327,1776520718390.834,139.507,0.000,137.505,1.875,1833,1577,80.0,1,0,73.1
1699,fixed_split_mlp_covertype,stable,h3,1776520718391.831,1776520718510.340,118.510,0.000,117.508,1.741,1833,1577,80.0,1,0,70.3
1700,fixed_split_mlp_covertype,stable,h3,1776520718512.341,1776520718691.145,178.804,0.000,178.804,1.929,1833,1577,80.0,1,0,68.9
1701,fixed_split_mlp_covertype,stable,h3,1776520718693.143,1776520718787.649,94.507,0.000,92.506,1.714,1833,1577,80.0,1,0,68.8
1702,fixed_split_mlp_covertype,stable,h3,1776520718788.650,1776520718894.157,105.507,1.000,104.507,1.853,1833,1577,80.0,1,0,73.2
1703,fixed_split_mlp_covertype,stable,h3,1776520718896.160,1776520718972.666,76.506,0.000,75.503,1.770,1833,1577,80.0,0,0,71.2
1704,fixed_split_mlp_covertype,stable,h3,1776520718973.664,1776520719151.677,178.014,0.000,177.010,1.875,1833,1577,80.0,1,0,70.3
1705,fixed_split_mlp_covertype,stable,h3,1776520719152.679,1776520719285.188,132.509,1.002,130.504,1.750,1833,1577,80.0,1,0,72.3
1706,fixed_split_mlp_covertype,stable,h3,1776520719286.187,1776520719404.696,118.510,1.123,117.387,1.982,1833,1577,80.0,1,0,79.1
1707,fixed_split_mlp_covertype,stable,h3,1776520719406.697,1776520719596.718,190.021,0.000,189.022,1.674,1833,1577,80.0,1,0,73.7
1708,fixed_split_mlp_covertype,stable,h3,1776520719597.717,1776520719801.672,203.956,1.000,202.956,1.890,1833,1577,80.0,1,0,69.3
1709,fixed_split_mlp_covertype,stable,h3,1776520719802.687,1776520719898.193,95.506,1.001,93.504,1.846,1833,1577,80.0,1,0,70.2
1710,fixed_split_mlp_covertype,stable,h3,1776520719899.193,1776520720002.700,103.507,1.000,102.507,1.894,1833,1577,80.0,1,0,69.6
1711,fixed_split_mlp_covertype,stable,h3,1776520720004.700,1776520720098.207,93.507,1.000,92.507,1.786,1833,1577,80.0,1,0,69.8
1712,fixed_split_mlp_covertype,stable,h3,1776520720100.208,1776520720226.715,126.507,0.000,126.507,1.888,1833,1577,80.0,1,0,75.0
1713,fixed_split_mlp_covertype,stable,h3,1776520720228.718,1776520720376.739,148.021,0.000,147.019,1.939,1833,1577,80.0,1,0,73.0
1714,fixed_split_mlp_covertype,stable,h3,1776520720378.739,1776520720464.247,85.508,0.000,83.508,1.780,1833,1577,80.0,1,0,71.1
1715,fixed_split_mlp_covertype,stable,h3,1776520720466.247,1776520720554.754,88.507,0.000,87.508,1.905,1833,1577,80.0,1,0,68.4
1716,fixed_split_mlp_covertype,stable,h3,1776520720555.754,1776520720649.261,93.507,0.000,92.506,1.889,1833,1577,80.0,1,0,69.1
1717,fixed_split_mlp_covertype,stable,h3,1776520720651.261,1776520720824.773,173.512,0.000,171.508,2.021,1833,1577,80.0,1,0,71.2
1718,fixed_split_mlp_covertype,stable,h3,1776520720825.769,1776520720994.789,169.020,1.002,168.019,1.732,1833,1577,80.0,1,0,69.1
1719,fixed_split_mlp_covertype,stable,h3,1776520720996.790,1776520721107.298,110.508,0.000,110.508,1.732,1833,1577,80.0,1,0,70.3
1720,fixed_split_mlp_covertype,stable,h3,1776520721109.298,1776520721284.312,175.014,0.000,175.014,1.798,1833,1577,80.0,1,0,71.0
1721,fixed_split_mlp_covertype,stable,h3,1776520721286.313,1776520721466.835,180.523,0.000,179.522,2.205,1833,1577,80.0,1,0,75.0
1722,fixed_split_mlp_covertype,stable,h3,1776520721468.835,1776520721593.344,124.508,0.000,123.506,1.922,1833,1577,80.0,1,0,71.3
1723,fixed_split_mlp_covertype,stable,h3,1776520721594.343,1776520721729.855,135.512,0.999,134.513,1.738,1833,1577,80.0,1,0,74.7
1724,fixed_split_mlp_covertype,stable,h3,1776520721731.855,1776520721856.867,125.012,0.000,125.012,1.893,1833,1577,80.0,1,0,71.9
1725,fixed_split_mlp_covertype,stable,h3,1776520721858.867,1776520721965.375,106.508,0.000,105.508,1.789,1833,1577,80.0,1,0,70.3
1726,fixed_split_mlp_covertype,stable,h3,1776520721966.375,1776520722084.881,118.507,0.000,116.506,1.989,1833,1577,80.0,1,0,76.1
1727,fixed_split_mlp_covertype,stable,h3,1776520722086.882,1776520722182.389,95.507,0.000,94.507,1.941,1833,1577,80.0,1,0,69.6
1728,fixed_split_mlp_covertype,stable,h3,1776520722183.388,1776520722314.897,131.509,0.000,129.508,1.807,1833,1577,80.0,1,0,76.1
1729,fixed_split_mlp_covertype,stable,h3,1776520722315.897,1776520722443.910,128.013,0.000,126.510,1.982,1833,1577,80.0,1,0,73.9
1730,fixed_split_mlp_covertype,stable,h3,1776520722444.913,1776520722537.915,93.002,1.001,92.002,1.744,1833,1577,80.0,1,0,75.0
1731,fixed_split_mlp_covertype,stable,h3,1776520722539.915,1776520722689.928,150.013,0.000,149.013,1.774,1833,1577,80.0,1,0,75.2
1732,fixed_split_mlp_covertype,stable,h3,1776520722691.928,1776520722793.435,101.506,0.000,101.506,1.707,1833,1577,80.0,1,0,68.8
1733,fixed_split_mlp_covertype,stable,h3,1776520722795.435,1776520722972.450,177.016,0.000,177.016,1.971,1833,1577,80.0,1,0,69.7
1734,fixed_split_mlp_covertype,stable,h3,1776520722974.451,1776520723086.957,112.506,0.000,112.506,1.790,1833,1577,80.0,1,0,68.1
1735,fixed_split_mlp_covertype,stable,h3,1776520723088.957,1776520723174.465,85.508,0.000,84.508,1.986,1833,1577,80.0,1,0,68.8
1736,fixed_split_mlp_covertype,stable,h3,1776520723175.464,1776520723335.974,160.510,0.000,158.509,1.833,1833,1577,80.0,1,0,69.4
1737,fixed_split_mlp_covertype,stable,h3,1776520723336.974,1776520723497.986,161.012,0.000,159.011,1.800,1833,1577,80.0,1,0,69.9
1738,fixed_split_mlp_covertype,stable,h3,1776520723498.986,1776520723619.494,120.507,1.000,118.508,1.721,1833,1577,80.0,1,0,70.6
1739,fixed_split_mlp_covertype,stable,h3,1776520723621.494,1776520723755.509,134.015,0.000,133.014,1.841,1833,1577,80.0,1,0,67.2
1740,fixed_split_mlp_covertype,stable,h3,1776520723756.508,1776520723914.016,157.508,1.000,155.507,1.720,1833,1577,80.0,1,0,68.9
1741,fixed_split_mlp_covertype,stable,h3,1776520723915.015,1776520724102.032,187.017,1.000,186.017,1.728,1833,1577,80.0,1,0,69.8
1742,fixed_split_mlp_covertype,stable,h3,1776520724104.032,1776520724234.542,130.510,0.000,129.510,1.902,1833,1577,80.0,1,0,70.4
1743,fixed_split_mlp_covertype,stable,h3,1776520724235.542,1776520724420.554,185.012,0.000,183.012,1.826,1833,1577,80.0,1,0,71.1
1744,fixed_split_mlp_covertype,stable,h3,1776520724421.554,1776520724533.064,111.510,1.000,109.509,1.791,1833,1577,80.0,1,0,65.8
1745,fixed_split_mlp_covertype,stable,h3,1776520724534.064,1776520724606.569,72.505,0.000,71.505,1.926,1833,1577,80.0,0,0,70.9
1746,fixed_split_mlp_covertype,stable,h3,1776520724608.570,1776520724784.585,176.015,0.000,175.015,1.815,1833,1577,80.0,1,0,68.4
1747,fixed_split_mlp_covertype,stable,h3,1776520724785.584,1776520724953.599,168.015,1.001,166.014,1.819,1833,1577,80.0,1,0,71.7
1748,fixed_split_mlp_covertype,stable,h3,1776520724954.599,1776520725105.107,150.507,1.001,148.506,1.763,1833,1577,80.0,1,0,67.9
1749,fixed_split_mlp_covertype,stable,h3,1776520725106.106,1776520725308.314,202.207,1.000,201.207,2.043,1833,1577,80.0,1,0,69.8
1750,fixed_split_mlp_covertype,stable,h3,1776520725309.341,1776520725560.533,251.193,0.988,249.225,2.221,1833,1577,80.0,1,0,59.2
1751,fixed_split_mlp_covertype,stable,h3,1776520725561.633,1776520725796.333,234.699,0.907,233.793,1.915,1833,1577,80.0,1,0,56.9
1752,fixed_split_mlp_covertype,stable,h3,1776520725797.333,1776520725940.843,143.510,0.000,142.508,1.818,1833,1577,80.0,1,0,69.0
1753,fixed_split_mlp_covertype,stable,h3,1776520725941.841,1776520726078.861,137.019,1.001,136.019,1.711,1833,1577,80.0,1,0,69.4
1754,fixed_split_mlp_covertype,stable,h3,1776520726080.861,1776520726266.872,186.011,0.000,186.011,1.793,1833,1577,80.0,1,0,69.5
1755,fixed_split_mlp_covertype,stable,h3,1776520726268.872,1776520726465.887,197.015,1.001,195.013,1.768,1833,1577,80.0,1,0,68.8
1756,fixed_split_mlp_covertype,stable,h3,1776520726466.887,1776520726673.140,206.253,1.001,204.573,1.818,1833,1577,80.0,1,0,68.9
1757,fixed_split_mlp_covertype,stable,h3,1776520726673.140,1776520726862.143,189.003,0.983,187.017,1.803,1833,1577,80.0,1,0,69.9
1758,fixed_split_mlp_covertype,stable,h3,1776520726863.140,1776520727011.648,148.508,0.000,147.508,1.829,1833,1577,80.0,1,0,69.6
1759,fixed_split_mlp_covertype,stable,h3,1776520727013.649,1776520727190.665,177.016,0.000,177.016,1.994,1833,1577,80.0,1,0,68.0
1760,fixed_split_mlp_covertype,stable,h3,1776520727192.664,1776520727364.311,171.647,0.000,171.647,1.793,1833,1577,80.0,1,0,68.9
1761,fixed_split_mlp_covertype,stable,h3,1776520727366.310,1776520727547.904,181.594,0.000,180.591,1.975,1833,1577,80.0,1,0,69.1
1762,fixed_split_mlp_covertype,stable,h3,1776520727549.906,1776520727684.413,134.506,0.000,134.506,1.963,1833,1577,80.0,1,0,70.3
1763,fixed_split_mlp_covertype,stable,h3,1776520727686.412,1776520727815.920,129.508,0.000,129.508,1.773,1833,1577,80.0,1,0,70.1
1764,fixed_split_mlp_covertype,stable,h3,1776520727817.919,1776520727972.937,155.018,0.000,154.016,1.878,1833,1577,80.0,1,0,68.9
1765,fixed_split_mlp_covertype,stable,h3,1776520727974.936,1776520728155.953,181.017,0.000,181.017,1.898,1833,1577,80.0,1,0,69.6
1766,fixed_split_mlp_covertype,stable,h3,1776520728157.953,1776520728312.465,154.511,1.002,152.700,1.869,1833,1577,80.0,1,0,74.7
1767,fixed_split_mlp_covertype,stable,h3,1776520728314.466,1776520728434.977,120.511,0.000,120.511,1.981,1833,1577,80.0,1,0,74.8
1768,fixed_split_mlp_covertype,stable,h3,1776520728436.978,1776520728612.991,176.013,0.000,176.013,1.837,1833,1577,80.0,1,0,69.5
1769,fixed_split_mlp_covertype,stable,h3,1776520728615.992,1776520728772.009,156.017,0.000,156.017,1.750,1833,1577,80.0,1,0,68.9
1770,fixed_split_mlp_covertype,stable,h3,1776520728774.005,1776520728901.515,127.510,0.000,126.507,1.750,1833,1577,80.0,1,0,71.7
1771,fixed_split_mlp_covertype,stable,h3,1776520728903.513,1776520728980.027,76.513,0.000,75.507,2.070,1833,1577,80.0,0,0,78.5
1772,fixed_split_mlp_covertype,stable,h3,1776520728981.021,1776520729145.034,164.013,0.000,161.508,1.813,1833,1577,80.0,1,0,68.3
1773,fixed_split_mlp_covertype,stable,h3,1776520729146.038,1776520729296.547,150.510,1.000,149.510,1.831,1833,1577,80.0,1,0,69.6
1774,fixed_split_mlp_covertype,stable,h3,1776520729298.548,1776520729454.097,155.549,0.000,155.549,1.936,1833,1577,80.0,1,0,68.8
1775,fixed_split_mlp_covertype,stable,h3,1776520729455.097,1776520729572.202,117.105,1.001,116.104,1.724,1833,1577,80.0,1,0,71.1
1776,fixed_split_mlp_covertype,stable,h3,1776520729574.202,1776520729718.708,144.506,0.000,143.505,1.778,1833,1577,80.0,1,0,74.3
1777,fixed_split_mlp_covertype,stable,h3,1776520729720.708,1776520729930.458,209.750,0.000,208.741,1.831,1833,1577,80.0,1,0,73.3
1778,fixed_split_mlp_covertype,stable,h3,1776520729930.458,1776520730080.469,150.011,1.000,148.011,1.709,1833,1577,80.0,1,0,72.0
1779,fixed_split_mlp_covertype,stable,h3,1776520730081.469,1776520730266.996,185.527,0.000,184.524,2.216,1833,1577,80.0,1,0,71.0
1780,fixed_split_mlp_covertype,stable,h3,1776520730268.499,1776520730461.519,193.021,0.000,191.014,2.232,1833,1577,80.0,1,0,68.8
1781,fixed_split_mlp_covertype,stable,h3,1776520730462.517,1776520730611.026,148.510,0.999,146.510,1.812,1833,1577,80.0,1,0,70.6
1782,fixed_split_mlp_covertype,stable,h3,1776520730612.026,1776520730789.045,177.019,0.000,176.017,2.036,1833,1577,80.0,1,0,70.8
1783,fixed_split_mlp_covertype,stable,h3,1776520730791.045,1776520731004.081,213.035,0.000,211.037,1.967,1833,1577,80.0,1,0,64.7
1784,fixed_split_mlp_covertype,stable,h3,1776520731004.081,1776520731234.787,230.706,1.000,229.707,1.683,1833,1577,80.0,1,0,64.9
1785,fixed_split_mlp_covertype,stable,h3,1776520731235.700,1776520731442.024,206.324,0.999,204.311,1.767,1833,1577,80.0,1,0,64.7
1786,fixed_split_mlp_covertype,stable,h3,1776520731442.024,1776520731585.037,143.013,0.999,142.014,1.838,1833,1577,80.0,1,0,67.8
1787,fixed_split_mlp_covertype,stable,h3,1776520731587.037,1776520731744.547,157.510,0.000,157.510,2.002,1833,1577,80.0,1,0,70.9
1788,fixed_split_mlp_covertype,stable,h3,1776520731747.055,1776520731967.118,220.063,0.000,219.049,1.789,1833,1577,80.0,1,0,66.5
1789,fixed_split_mlp_covertype,stable,h3,1776520731969.124,1776520732189.282,220.159,0.000,218.182,1.890,1833,1577,80.0,1,0,65.2
1790,fixed_split_mlp_covertype,stable,h3,1776520732189.282,1776520732468.009,278.727,1.017,276.775,1.843,1833,1577,80.0,1,0,50.5
1791,fixed_split_mlp_covertype,stable,h3,1776520732469.962,1776520732608.471,138.509,0.000,136.516,1.814,1833,1577,80.0,1,0,66.2
1792,fixed_split_mlp_covertype,stable,h3,1776520732609.471,1776520732771.486,162.015,0.000,160.012,1.775,1833,1577,80.0,1,0,70.4
1793,fixed_split_mlp_covertype,stable,h3,1776520732773.485,1776520732921.992,148.507,0.000,148.507,1.783,1833,1577,80.0,1,0,69.4
1794,fixed_split_mlp_covertype,stable,h3,1776520732923.993,1776520733069.005,145.012,0.000,145.012,1.956,1833,1577,80.0,1,0,71.9
1795,fixed_split_mlp_covertype,stable,h3,1776520733070.005,1776520733199.512,129.507,1.000,127.506,1.766,1833,1577,80.0,1,0,71.1
1796,fixed_split_mlp_covertype,stable,h3,1776520733200.512,1776520733350.528,150.015,0.000,148.014,1.749,1833,1577,80.0,1,0,68.5
1797,fixed_split_mlp_covertype,stable,h3,1776520733352.527,1776520733467.034,114.507,0.000,114.507,1.779,1833,1577,80.0,1,0,69.8
1798,fixed_split_mlp_covertype,stable,h3,1776520733469.034,1776520733598.540,129.506,1.000,128.506,1.816,1833,1577,80.0,1,0,75.4
1799,fixed_split_mlp_covertype,stable,h3,1776520733600.540,1776520733702.047,101.507,0.000,100.505,1.704,1833,1577,80.0,1,0,69.0
1800,fixed_split_mlp_covertype,stable,h3,1776520733704.048,1776520733803.555,99.507,0.000,98.507,1.784,1833,1577,80.0,1,0,68.0
1801,fixed_split_mlp_covertype,stable,h3,1776520733804.556,1776520733922.063,117.507,0.000,116.506,1.873,1833,1577,80.0,1,0,73.4
1802,fixed_split_mlp_covertype,stable,h3,1776520733924.063,1776520733999.570,75.507,0.000,73.507,1.820,1833,1577,80.0,0,0,76.5
1803,fixed_split_mlp_covertype,stable,h3,1776520734000.570,1776520734151.585,151.014,0.000,149.014,1.718,1833,1577,80.0,1,0,77.8
1804,fixed_split_mlp_covertype,stable,h3,1776520734152.585,1776520734274.092,121.508,1.000,120.507,1.892,1833,1577,80.0,1,0,68.8
1805,fixed_split_mlp_covertype,stable,h3,1776520734275.092,1776520734460.106,185.014,1.000,184.014,1.801,1833,1577,80.0,1,0,70.3
1806,fixed_split_mlp_covertype,stable,h3,1776520734462.105,1776520734698.139,236.033,0.000,235.050,1.832,1833,1577,80.0,1,0,65.2
1807,fixed_split_mlp_covertype,stable,h3,1776520734699.140,1776520734875.156,176.017,0.000,174.013,1.866,1833,1577,80.0,1,0,69.3
1808,fixed_split_mlp_covertype,stable,h3,1776520734876.153,1776520734940.156,64.003,1.001,63.002,2.260,1833,1577,80.0,0,0,67.7
1809,fixed_split_mlp_covertype,stable,h3,1776520734941.156,1776520735081.169,140.013,1.413,138.600,1.742,1833,1577,80.0,1,0,70.8
1810,fixed_split_mlp_covertype,stable,h3,1776520735083.168,1776520735185.677,102.509,0.000,102.509,1.798,1833,1577,80.0,1,0,68.8
1811,fixed_split_mlp_covertype,stable,h3,1776520735187.677,1776520735420.201,232.524,0.000,232.524,1.767,1833,1577,80.0,1,0,63.0
1812,fixed_split_mlp_covertype,stable,h3,1776520735421.201,1776520735521.708,100.507,0.000,99.481,1.732,1833,1577,80.0,1,0,63.8
1813,fixed_split_mlp_covertype,stable,h3,1776520735523.709,1776520735679.427,155.718,0.000,154.714,1.740,1833,1577,80.0,1,0,71.5
1814,fixed_split_mlp_covertype,stable,h3,1776520735680.424,1776520735817.936,137.511,0.000,136.507,1.702,1833,1577,80.0,1,0,68.0
1815,fixed_split_mlp_covertype,stable,h3,1776520735819.936,1776520735999.954,180.018,0.000,179.019,1.816,1833,1577,80.0,1,0,69.8
1816,fixed_split_mlp_covertype,stable,h3,1776520736000.954,1776520736237.422,236.468,0.000,234.445,1.940,1833,1577,80.0,1,0,61.1
1817,fixed_split_mlp_covertype,stable,h3,1776520736238.476,1776520736404.424,165.948,0.947,165.001,1.821,1833,1577,80.0,1,0,66.5
1818,fixed_split_mlp_covertype,stable,h3,1776520736406.424,1776520736547.437,141.012,1.000,140.012,1.713,1833,1577,80.0,1,0,69.4
1819,fixed_split_mlp_covertype,stable,h3,1776520736549.439,1776520736658.946,109.506,0.000,107.506,1.763,1833,1577,80.0,1,0,68.8
1820,fixed_split_mlp_covertype,stable,h3,1776520736659.946,1776520736780.457,120.511,0.000,118.508,1.844,1833,1577,80.0,1,0,70.3
1821,fixed_split_mlp_covertype,stable,h3,1776520736781.455,1776520736886.962,105.507,0.000,103.506,1.870,1833,1577,80.0,1,0,71.4
1822,fixed_split_mlp_covertype,stable,h3,1776520736887.962,1776520736995.469,107.508,0.000,106.507,1.778,1833,1577,80.0,1,0,70.0
1823,fixed_split_mlp_covertype,stable,h3,1776520736997.469,1776520737137.983,140.514,1.000,138.513,1.837,1833,1577,80.0,1,0,67.8
1824,fixed_split_mlp_covertype,stable,h3,1776520737139.984,1776520737237.491,97.507,0.000,95.507,1.849,1833,1577,80.0,1,0,68.8
1825,fixed_split_mlp_covertype,stable,h3,1776520737238.490,1776520737364.503,126.013,1.000,124.012,1.731,1833,1577,80.0,1,0,74.4
1826,fixed_split_mlp_covertype,stable,h3,1776520737365.503,1776520737534.012,168.509,1.001,166.508,1.824,1833,1577,80.0,1,0,71.4
1827,fixed_split_mlp_covertype,stable,h3,1776520737535.013,1776520737621.519,86.506,0.000,85.506,1.750,1833,1577,80.0,1,0,69.9
1828,fixed_split_mlp_covertype,stable,h3,1776520737623.518,1776520737743.027,119.509,0.000,117.509,1.860,1833,1577,80.0,1,0,69.6
1829,fixed_split_mlp_covertype,stable,h3,1776520737744.027,1776520737794.533,50.505,0.000,49.505,1.880,1833,1577,80.0,0,0,70.3
1830,fixed_split_mlp_covertype,stable,h3,1776520737796.533,1776520737924.041,127.509,0.000,126.509,1.981,1833,1577,80.0,1,0,74.0
1831,fixed_split_mlp_covertype,stable,h3,1776520737925.042,1776520738023.550,98.508,0.000,96.508,1.867,1833,1577,80.0,1,0,77.3
1832,fixed_split_mlp_covertype,stable,h3,1776520738025.550,1776520738120.057,94.507,0.000,94.507,1.848,1833,1577,80.0,1,0,71.4
1833,fixed_split_mlp_covertype,stable,h3,1776520738122.057,1776520738260.073,138.016,0.000,137.015,1.702,1833,1577,80.0,1,0,79.6
1834,fixed_split_mlp_covertype,stable,h3,1776520738262.072,1776520738344.074,82.002,0.000,82.002,1.936,1833,1577,80.0,1,0,75.6
1835,fixed_split_mlp_covertype,stable,h3,1776520738346.074,1776520738471.088,125.013,1.000,123.013,1.928,1833,1577,80.0,1,0,70.5
1836,fixed_split_mlp_covertype,stable,h3,1776520738472.088,1776520738553.595,81.507,1.000,80.507,1.740,1833,1577,80.0,1,0,73.8
1837,fixed_split_mlp_covertype,stable,h3,1776520738554.595,1776520738739.106,184.511,1.000,182.511,2.098,1833,1577,80.0,1,0,76.8
1838,fixed_split_mlp_covertype,stable,h3,1776520738740.106,1776520738861.120,121.014,0.000,120.013,1.865,1833,1577,80.0,1,0,76.1
1839,fixed_split_mlp_covertype,stable,h3,1776520738863.120,1776520738975.628,112.508,0.000,112.508,1.768,1833,1577,80.0,1,0,73.5
1840,fixed_split_mlp_covertype,stable,h3,1776520738977.628,1776520739141.140,163.512,0.000,161.511,1.857,1833,1577,80.0,1,0,74.0
1841,fixed_split_mlp_covertype,stable,h3,1776520739143.139,1776520739231.644,88.505,0.000,88.505,1.784,1833,1577,80.0,1,0,69.7
1842,fixed_split_mlp_covertype,stable,h3,1776520739233.647,1776520739360.659,127.012,0.000,126.011,1.895,1833,1577,80.0,1,0,74.6
1843,fixed_split_mlp_covertype,stable,h3,1776520739362.659,1776520739508.168,145.509,0.000,144.508,1.735,1833,1577,80.0,1,0,67.3
1844,fixed_split_mlp_covertype,stable,h3,1776520739510.168,1776520739610.675,100.507,1.000,99.506,1.775,1833,1577,80.0,1,0,68.8
1845,fixed_split_mlp_covertype,stable,h3,1776520739612.675,1776520739808.690,196.015,0.000,195.015,12.548,1833,1577,80.0,1,0,69.7
1846,fixed_split_mlp_covertype,stable,h3,1776520739810.690,1776520739997.705,187.014,0.000,187.014,1.718,1833,1577,80.0,1,0,69.3
1847,fixed_split_mlp_covertype,stable,h3,1776520739999.705,1776520740106.213,106.508,0.000,106.508,1.812,1833,1577,80.0,1,0,77.2
1848,fixed_split_mlp_covertype,stable,h3,1776520740108.213,1776520740255.733,147.520,0.000,146.517,1.758,1833,1577,80.0,1,0,68.8
1849,fixed_split_mlp_covertype,stable,h3,1776520740257.733,1776520740404.744,147.011,0.000,146.011,1.995,1833,1577,80.0,1,0,69.6
1850,fixed_split_mlp_covertype,stable,h3,1776520740406.744,1776520740616.199,209.455,0.000,208.445,1.879,1833,1577,80.0,1,0,68.2
1851,fixed_split_mlp_covertype,stable,h3,1776520740616.199,1776520740745.687,129.488,0.979,128.509,1.897,1833,1577,80.0,1,0,68.8
1852,fixed_split_mlp_covertype,stable,h3,1776520740748.192,1776520740896.699,148.507,0.000,147.507,1.904,1833,1577,80.0,1,0,70.6
1853,fixed_split_mlp_covertype,stable,h3,1776520740897.699,1776520741001.206,103.507,1.000,102.507,2.132,1833,1577,80.0,1,0,71.7
1854,fixed_split_mlp_covertype,stable,h3,1776520741003.208,1776520741123.713,120.505,0.000,118.507,2.090,1833,1577,80.0,1,0,70.5
1855,fixed_split_mlp_covertype,stable,h3,1776520741124.713,1776520741215.221,90.508,1.000,89.508,1.751,1833,1577,80.0,1,0,70.8
1856,fixed_split_mlp_covertype,stable,h3,1776520741217.220,1776520741368.234,151.014,0.000,151.014,2.647,1833,1577,80.0,1,0,74.7
1857,fixed_split_mlp_covertype,stable,h3,1776520741370.235,1776520741476.742,106.507,0.000,106.507,3.165,1833,1577,80.0,1,0,74.3
1858,fixed_split_mlp_covertype,stable,h3,1776520741478.742,1776520741588.249,109.508,1.002,108.505,1.777,1833,1577,80.0,1,0,75.4
1859,fixed_split_mlp_covertype,stable,h3,1776520741590.249,1776520741728.756,138.507,0.000,137.506,10.348,1833,1577,80.0,1,0,72.5
1860,fixed_split_mlp_covertype,stable,h3,1776520741730.757,1776520741844.266,113.510,0.000,112.510,4.724,1833,1577,80.0,1,0,73.9
1861,fixed_split_mlp_covertype,stable,h3,1776520741846.267,1776520741991.280,145.014,0.000,144.014,5.169,1833,1577,80.0,1,0,74.6
1862,fixed_split_mlp_covertype,stable,h3,1776520741992.280,1776520742129.793,137.512,1.000,135.508,3.972,1833,1577,80.0,1,0,73.5
1863,fixed_split_mlp_covertype,stable,h3,1776520742130.789,1776520742292.803,162.014,0.000,160.015,2.066,1833,1577,80.0,1,0,74.1
1864,fixed_split_mlp_covertype,stable,h3,1776520742294.803,1776520742415.310,120.507,0.000,119.507,1.852,1833,1577,80.0,1,0,68.4
1865,fixed_split_mlp_covertype,stable,h3,1776520742416.310,1776520742555.324,139.014,0.000,137.013,1.897,1833,1577,80.0,1,0,69.7
1866,fixed_split_mlp_covertype,stable,h3,1776520742557.325,1776520742650.832,93.507,0.000,92.507,2.318,1833,1577,80.0,1,0,71.4
1867,fixed_split_mlp_covertype,stable,h3,1776520742652.832,1776520742741.834,89.002,0.000,88.002,1.926,1833,1577,80.0,1,0,69.1
1868,fixed_split_mlp_covertype,stable,h3,1776520742742.834,1776520742872.846,130.012,0.000,129.011,1.900,1833,1577,80.0,1,0,71.3
1869,fixed_split_mlp_covertype,stable,h3,1776520742874.846,1776520742977.354,102.507,1.000,101.507,1.776,1833,1577,80.0,1,0,68.0
1870,fixed_split_mlp_covertype,stable,h3,1776520742979.354,1776520743114.861,135.507,0.000,134.507,1.937,1833,1577,80.0,1,0,70.1
1871,fixed_split_mlp_covertype,stable,h3,1776520743116.861,1776520743283.875,167.014,0.000,167.014,2.002,1833,1577,80.0,1,0,70.5
1872,fixed_split_mlp_covertype,stable,h3,1776520743285.876,1776520743456.890,171.014,0.000,169.013,1.724,1833,1577,80.0,1,0,70.5
1873,fixed_split_mlp_covertype,stable,h3,1776520743457.890,1776520743562.397,104.507,1.000,103.507,1.827,1833,1577,80.0,1,0,67.2
1874,fixed_split_mlp_covertype,stable,h3,1776520743564.397,1776520743695.904,131.507,0.000,129.508,2.061,1833,1577,80.0,1,0,68.8
1875,fixed_split_mlp_covertype,stable,h3,1776520743696.904,1776520743794.411,97.507,1.000,96.507,1.775,1833,1577,80.0,1,0,72.1
1876,fixed_split_mlp_covertype,stable,h3,1776520743796.411,1776520743961.427,165.015,0.000,164.015,1.997,1833,1577,80.0,1,0,68.3
1877,fixed_split_mlp_covertype,stable,h3,1776520743963.427,1776520744068.934,105.507,0.000,103.508,1.906,1833,1577,80.0,1,0,71.8
1878,fixed_split_mlp_covertype,stable,h3,1776520744069.934,1776520744194.441,124.508,0.000,123.508,1.899,1833,1577,80.0,1,0,70.8
1879,fixed_split_mlp_covertype,stable,h3,1776520744195.441,1776520744309.948,114.507,0.000,112.507,1.781,1833,1577,80.0,1,0,71.1
1880,fixed_split_mlp_covertype,stable,h3,1776520744311.948,1776520744507.966,196.018,0.000,195.017,1.930,1833,1577,80.0,1,0,69.1
1881,fixed_split_mlp_covertype,stable,h3,1776520744509.966,1776520744599.472,89.507,0.000,88.507,2.086,1833,1577,80.0,1,0,74.2
1882,fixed_split_mlp_covertype,stable,h3,1776520744600.473,1776520744685.980,85.508,0.000,83.508,1.740,1833,1577,80.0,1,0,71.3
1883,fixed_split_mlp_covertype,stable,h3,1776520744686.980,1776520744844.489,157.509,0.000,155.509,1.701,1833,1577,80.0,1,0,70.2
1884,fixed_split_mlp_covertype,stable,h3,1776520744845.489,1776520744945.997,100.508,1.000,99.507,1.830,1833,1577,80.0,1,0,68.0
1885,fixed_split_mlp_covertype,stable,h3,1776520744948.502,1776520745058.009,109.508,0.000,109.508,1.924,1833,1577,80.0,1,0,70.3
1886,fixed_split_mlp_covertype,stable,h3,1776520745060.009,1776520745204.517,144.507,0.000,144.507,1.750,1833,1577,80.0,1,0,69.0
1887,fixed_split_mlp_covertype,stable,h3,1776520745206.517,1776520745290.024,83.507,1.001,81.506,1.746,1833,1577,80.0,1,0,68.3
1888,fixed_split_mlp_covertype,stable,h3,1776520745292.024,1776520745374.533,82.509,0.000,81.509,2.032,1833,1577,80.0,1,0,69.8
1889,fixed_split_mlp_covertype,stable,h3,1776520745375.533,1776520745486.040,110.507,0.000,109.507,1.691,1833,1577,80.0,1,0,71.3
1890,fixed_split_mlp_covertype,stable,h3,1776520745488.041,1776520745557.548,69.507,0.000,68.507,1.821,1833,1577,80.0,0,0,68.7
1891,fixed_split_mlp_covertype,stable,h3,1776520745559.548,1776520745638.551,79.003,0.000,78.002,1.723,1833,1577,80.0,0,0,69.6
1892,fixed_split_mlp_covertype,stable,h3,1776520745639.550,1776520745797.562,158.012,0.000,156.012,1.869,1833,1577,80.0,1,0,70.5
1893,fixed_split_mlp_covertype,stable,h3,1776520745798.563,1776520745952.576,154.014,1.000,153.013,1.741,1833,1577,80.0,1,0,67.9
1894,fixed_split_mlp_covertype,stable,h3,1776520745954.577,1776520746040.579,86.002,0.000,85.001,1.912,1833,1577,80.0,1,0,71.3
1895,fixed_split_mlp_covertype,stable,h3,1776520746042.579,1776520746131.084,88.505,0.000,88.505,2.075,1833,1577,80.0,1,0,66.3
1896,fixed_split_mlp_covertype,stable,h3,1776520746133.087,1776520746240.594,107.507,0.000,106.507,1.965,1833,1577,80.0,1,0,69.6
1897,fixed_split_mlp_covertype,stable,h3,1776520746241.594,1776520746314.098,72.505,0.000,70.503,1.996,1833,1577,80.0,0,0,69.1
1898,fixed_split_mlp_covertype,stable,h3,1776520746316.098,1776520746477.112,161.014,0.000,160.014,1.871,1833,1577,80.0,1,0,68.8
1899,fixed_split_mlp_covertype,stable,h3,1776520746478.112,1776520746608.619,130.507,1.001,128.506,1.690,1833,1577,80.0,1,0,72.0
1900,fixed_split_mlp_covertype,stable,h3,1776520746610.619,1776520746749.635,139.016,0.000,138.016,1.926,1833,1577,80.0,1,0,71.7
1901,fixed_split_mlp_covertype,stable,h3,1776520746751.635,1776520746957.228,205.593,0.000,204.608,1.766,1833,1577,80.0,1,0,69.6
1902,fixed_split_mlp_covertype,stable,h3,1776520746957.228,1776520747016.208,58.980,0.982,57.999,1.761,1833,1577,80.0,0,0,69.8
1903,fixed_split_mlp_covertype,stable,h3,1776520747018.208,1776520747174.223,156.015,0.000,155.014,1.796,1833,1577,80.0,1,0,69.6
1904,fixed_split_mlp_covertype,stable,h3,1776520747177.223,1776520747307.730,130.507,0.000,130.507,1.704,1833,1577,80.0,1,0,68.8
1905,fixed_split_mlp_covertype,stable,h3,1776520747309.730,1776520747453.744,144.014,0.000,144.014,1.845,1833,1577,80.0,1,0,70.6
1906,fixed_split_mlp_covertype,stable,h3,1776520747455.744,1776520747576.251,120.507,0.000,120.507,1.899,1833,1577,80.0,1,0,69.0
1907,fixed_split_mlp_covertype,stable,h3,1776520747578.252,1776520747663.760,85.508,0.000,84.508,1.873,1833,1577,80.0,1,0,69.1
1908,fixed_split_mlp_covertype,stable,h3,1776520747665.760,1776520747802.266,136.507,0.000,135.507,1.884,1833,1577,80.0,1,0,70.1
1909,fixed_split_mlp_covertype,stable,h3,1776520747804.266,1776520747872.773,68.507,0.000,68.507,1.956,1833,1577,80.0,0,0,74.7
1910,fixed_split_mlp_covertype,stable,h3,1776520747874.773,1776520747995.280,120.506,0.000,119.506,1.858,1833,1577,80.0,1,0,68.2
1911,fixed_split_mlp_covertype,stable,h3,1776520747996.280,1776520748084.792,88.513,1.000,86.512,1.827,1833,1577,80.0,1,0,81.7
1912,fixed_split_mlp_covertype,stable,h3,1776520748086.793,1776520748152.301,65.508,0.000,65.508,1.832,1833,1577,80.0,0,0,73.1
1913,fixed_split_mlp_covertype,stable,h3,1776520748154.301,1776520748257.808,103.507,0.000,102.507,1.883,1833,1577,80.0,1,0,67.3
1914,fixed_split_mlp_covertype,stable,h3,1776520748258.808,1776520748381.315,122.507,0.000,121.506,1.747,1833,1577,80.0,1,0,69.5
1915,fixed_split_mlp_covertype,stable,h3,1776520748383.315,1776520748470.822,87.507,0.000,87.507,1.825,1833,1577,80.0,1,0,69.8
1916,fixed_split_mlp_covertype,stable,h3,1776520748472.822,1776520748605.517,132.695,0.000,131.694,1.729,1833,1577,80.0,1,0,71.2
1917,fixed_split_mlp_covertype,stable,h3,1776520748607.517,1776520748709.093,101.575,0.000,100.576,1.873,1833,1577,80.0,1,0,70.8
1918,fixed_split_mlp_covertype,stable,h3,1776520748711.093,1776520748811.601,100.508,0.000,99.508,1.754,1833,1577,80.0,1,0,76.1
1919,fixed_split_mlp_covertype,stable,h3,1776520748812.601,1776520748973.617,161.016,1.000,159.016,1.771,1833,1577,80.0,1,0,70.8
1920,fixed_split_mlp_covertype,stable,h3,1776520748974.616,1776520749104.124,129.508,1.000,128.508,2.009,1833,1577,80.0,1,0,72.2
1921,fixed_split_mlp_covertype,stable,h3,1776520749106.125,1776520749236.634,130.510,1.000,128.509,1.760,1833,1577,80.0,1,0,70.8
1922,fixed_split_mlp_covertype,stable,h3,1776520749238.634,1776520749373.652,135.018,0.000,134.018,1.856,1833,1577,80.0,1,0,70.8
1923,fixed_split_mlp_covertype,stable,h3,1776520749374.652,1776520749472.163,97.511,0.000,96.511,1.873,1833,1577,80.0,1,0,69.5
1924,fixed_split_mlp_covertype,stable,h3,1776520749474.160,1776520749609.667,135.506,0.000,135.506,2.101,1833,1577,80.0,1,0,72.1
1925,fixed_split_mlp_covertype,stable,h3,1776520749611.667,1776520749693.173,81.507,0.000,81.507,1.862,1833,1577,80.0,1,0,68.8
1926,fixed_split_mlp_covertype,stable,h3,1776520749695.174,1776520749809.684,114.510,0.000,113.510,1.755,1833,1577,80.0,1,0,76.9
1927,fixed_split_mlp_covertype,stable,h3,1776520749810.684,1776520749993.698,183.014,0.000,182.015,1.900,1833,1577,80.0,1,0,71.7
1928,fixed_split_mlp_covertype,stable,h3,1776520749995.698,1776520750125.205,129.507,0.000,129.507,1.722,1833,1577,80.0,1,0,74.0
1929,fixed_split_mlp_covertype,stable,h3,1776520750127.205,1776520750236.715,109.510,0.000,108.510,1.758,1833,1577,80.0,1,0,76.8
1930,fixed_split_mlp_covertype,stable,h3,1776520750237.715,1776520750327.241,89.526,0.000,88.526,1.739,1833,1577,80.0,1,0,71.3
1931,fixed_split_mlp_covertype,stable,h3,1776520750329.241,1776520750442.751,113.510,0.000,113.510,1.906,1833,1577,80.0,1,0,68.4
1932,fixed_split_mlp_covertype,stable,h3,1776520750444.751,1776520750607.764,163.013,0.000,163.013,1.832,1833,1577,80.0,1,0,70.6
1933,fixed_split_mlp_covertype,stable,h3,1776520750609.764,1776520750693.271,83.508,0.000,82.507,1.737,1833,1577,80.0,1,0,69.6
1934,fixed_split_mlp_covertype,stable,h3,1776520750695.271,1776520750879.286,184.014,0.000,184.014,1.689,1833,1577,80.0,1,0,70.6
1935,fixed_split_mlp_covertype,stable,h3,1776520750881.286,1776520751035.800,154.514,0.000,153.514,1.758,1833,1577,80.0,1,0,69.4
1936,fixed_split_mlp_covertype,stable,h3,1776520751037.799,1776520751141.307,103.508,0.000,102.507,1.715,1833,1577,80.0,1,0,71.9
1937,fixed_split_mlp_covertype,stable,h3,1776520751142.307,1776520751279.965,137.658,0.000,135.657,2.488,1833,1577,80.0,1,0,71.3
1938,fixed_split_mlp_covertype,stable,h3,1776520751280.965,1776520751382.471,101.506,0.000,99.505,1.962,1833,1577,80.0,1,0,68.8
1939,fixed_split_mlp_covertype,stable,h3,1776520751383.471,1776520751460.979,77.509,1.000,75.508,1.736,1833,1577,80.0,0,0,75.3
1940,fixed_split_mlp_covertype,stable,h3,1776520751461.979,1776520751541.982,80.002,0.000,78.002,1.948,1833,1577,80.0,1,0,74.7
1941,fixed_split_mlp_covertype,stable,h3,1776520751542.981,1776520751680.994,138.012,0.000,137.012,1.663,1833,1577,80.0,1,0,76.5
1942,fixed_split_mlp_covertype,stable,h3,1776520751682.994,1776520751825.501,142.508,0.000,142.508,1.737,1833,1577,80.0,1,0,69.9
1943,fixed_split_mlp_covertype,stable,h3,1776520751827.502,1776520751970.517,143.015,0.000,143.015,1.828,1833,1577,80.0,1,0,74.0
1944,fixed_split_mlp_covertype,stable,h3,1776520751972.517,1776520752132.028,159.511,0.000,158.511,1.791,1833,1577,80.0,1,0,78.3
1945,fixed_split_mlp_covertype,stable,h3,1776520752133.028,1776520752379.298,246.270,1.004,245.266,1.708,1833,1577,80.0,1,0,60.8
1946,fixed_split_mlp_covertype,stable,h3,1776520752380.351,1776520752530.852,150.501,0.000,150.501,1.842,1833,1577,80.0,1,0,69.2
1947,fixed_split_mlp_covertype,stable,h3,1776520752531.853,1776520752660.886,129.033,1.000,127.033,1.910,1833,1577,80.0,1,0,69.3
1948,fixed_split_mlp_covertype,stable,h3,1776520752661.889,1776520752788.402,126.513,0.000,125.547,1.852,1833,1577,80.0,1,0,68.2
1949,fixed_split_mlp_covertype,stable,h3,1776520752790.414,1776520753005.803,215.389,0.000,214.389,1.745,1833,1577,80.0,1,0,65.6
1950,fixed_split_mlp_covertype,stable,h3,1776520753005.803,1776520753143.495,137.691,1.000,135.692,1.948,1833,1577,80.0,1,0,73.1
1951,fixed_split_mlp_covertype,stable,h3,1776520753144.461,1776520753261.907,117.446,0.000,116.445,1.711,1833,1577,80.0,1,0,73.5
1952,fixed_split_mlp_covertype,stable,h3,1776520753263.975,1776520753433.326,169.351,0.000,167.442,1.733,1833,1577,80.0,1,0,70.6
1953,fixed_split_mlp_covertype,stable,h3,1776520753435.333,1776520753899.093,463.760,0.000,463.760,2.255,1833,1577,80.0,1,0,35.3
1954,fixed_split_mlp_covertype,stable,h3,1776520753900.109,1776520754358.876,458.767,0.983,456.767,1.824,1833,1577,80.0,1,0,32.2
1955,fixed_split_mlp_covertype,stable,h3,1776520754360.862,1776520754822.079,461.217,0.997,459.214,1.942,1833,1577,80.0,1,0,47.1
1956,fixed_split_mlp_covertype,stable,h3,1776520754823.087,1776520755301.388,478.301,0.990,476.314,1.953,1833,1577,80.0,1,0,32.5
1957,fixed_split_mlp_covertype,stable,h3,1776520755304.386,1776520755776.700,472.314,1.004,470.314,1.980,1833,1577,80.0,1,0,38.7
1958,fixed_split_mlp_covertype,stable,h3,1776520755777.717,1776520756345.045,567.329,0.983,565.347,3.769,1833,1577,80.0,1,0,27.4
1959,fixed_split_mlp_covertype,stable,h3,1776520756347.047,1776520756958.648,611.601,1.380,608.929,1.782,1833,1577,80.0,1,0,24.7
1960,fixed_split_mlp_covertype,stable,h3,1776520756960.357,1776520757582.045,621.688,0.997,619.691,1.741,1833,1577,80.0,1,0,25.4
1961,fixed_split_mlp_covertype,stable,h3,1776520757583.407,1776520758190.876,607.469,2.011,604.459,1.707,1833,1577,80.0,1,0,26.1
1962,fixed_split_mlp_covertype,stable,h3,1776520758192.877,1776520758801.616,608.739,1.008,606.731,1.728,1833,1577,80.0,1,0,25.4
1963,fixed_split_mlp_covertype,stable,h3,1776520758803.753,1776520759416.793,613.041,1.461,609.974,1.954,1833,1577,80.0,1,0,25.3
1964,fixed_split_mlp_covertype,stable,h3,1776520759417.793,1776520759990.887,573.094,2.083,571.011,1.894,1833,1577,80.0,1,0,28.9
1965,fixed_split_mlp_covertype,stable,h3,1776520759992.688,1776520760552.749,560.061,0.000,557.546,1.880,1833,1577,80.0,1,0,27.2
1966,fixed_split_mlp_covertype,stable,h3,1776520760554.745,1776520761064.473,509.729,1.009,507.732,1.934,1833,1577,80.0,1,0,28.3
1967,fixed_split_mlp_covertype,stable,h3,1776520761066.516,1776520761667.016,600.500,0.896,597.474,3.472,1833,1577,80.0,1,0,26.0
1968,fixed_split_mlp_covertype,stable,h3,1776520761669.014,1776520761974.940,305.926,0.000,304.381,2.080,1833,1577,80.0,1,0,47.7
1969,fixed_split_mlp_covertype,stable,h3,1776520761976.940,1776520762126.948,150.008,1.001,148.007,1.925,1833,1577,80.0,1,0,63.8
1970,fixed_split_mlp_covertype,stable,h3,1776520762128.948,1776520762279.959,151.012,0.000,151.012,2.602,1833,1577,80.0,1,0,71.2
1971,fixed_split_mlp_covertype,stable,h3,1776520762281.961,1776520762444.974,163.013,0.000,163.013,1.994,1833,1577,80.0,1,0,71.8
1972,fixed_split_mlp_covertype,stable,h3,1776520762445.974,1776520762588.000,142.026,1.000,140.025,1.922,1833,1577,80.0,1,0,72.2
1973,fixed_split_mlp_covertype,stable,h3,1776520762589.000,1776520762736.012,147.012,0.000,146.011,1.863,1833,1577,80.0,1,0,69.8
1974,fixed_split_mlp_covertype,stable,h3,1776520762738.012,1776520762896.523,158.512,0.000,157.510,1.721,1833,1577,80.0,1,0,68.1
1975,fixed_split_mlp_covertype,stable,h3,1776520762898.522,1776520762999.034,100.511,0.000,100.511,1.828,1833,1577,80.0,1,0,69.6
1976,fixed_split_mlp_covertype,stable,h3,1776520763001.034,1776520763139.049,138.015,0.505,137.510,1.873,1833,1577,80.0,1,0,71.0
1977,fixed_split_mlp_covertype,stable,h3,1776520763142.050,1776520763408.132,266.082,0.000,265.080,1.874,1833,1577,80.0,1,0,55.8
1978,fixed_split_mlp_covertype,stable,h3,1776520763409.131,1776520763476.140,67.009,1.007,66.002,1.882,1833,1577,80.0,0,0,61.8
1979,fixed_split_mlp_covertype,stable,h3,1776520763479.138,1776520763619.521,140.382,0.995,137.106,1.803,1833,1577,80.0,1,0,75.3
1980,fixed_split_mlp_covertype,stable,h3,1776520763620.240,1776520763831.676,211.436,0.000,209.702,1.938,1833,1577,80.0,1,0,69.0
1981,fixed_split_mlp_covertype,stable,h3,1776520763831.676,1776520763949.184,117.508,1.521,114.985,1.868,1833,1577,80.0,1,0,70.5
1982,fixed_split_mlp_covertype,stable,h3,1776520763950.428,1776520764091.696,141.268,0.000,140.510,2.259,1833,1577,80.0,1,0,73.1
1983,fixed_split_mlp_covertype,stable,h3,1776520764093.695,1776520764244.717,151.022,0.000,151.022,1.735,1833,1577,80.0,1,0,69.4
1984,fixed_split_mlp_covertype,stable,h3,1776520764246.711,1776520764416.762,170.051,1.001,168.048,1.775,1833,1577,80.0,1,0,71.4
1985,fixed_split_mlp_covertype,stable,h3,1776520764417.759,1776520764529.269,111.510,0.000,109.054,1.885,1833,1577,80.0,1,0,74.6
1986,fixed_split_mlp_covertype,stable,h3,1776520764530.276,1776520764744.519,214.243,0.995,212.258,2.046,1833,1577,80.0,1,0,69.7
1987,fixed_split_mlp_covertype,stable,h3,1776520764744.519,1776520764901.024,156.505,0.999,154.506,2.026,1833,1577,80.0,1,0,66.5
1988,fixed_split_mlp_covertype,stable,h3,1776520764902.526,1776520765013.036,110.510,0.000,109.510,1.928,1833,1577,80.0,1,0,74.3
1989,fixed_split_mlp_covertype,stable,h3,1776520765014.036,1776520765095.037,81.001,1.000,80.002,1.808,1833,1577,80.0,1,0,70.9
1990,fixed_split_mlp_covertype,stable,h3,1776520765097.038,1776520765275.048,178.010,0.000,178.010,1.924,1833,1577,80.0,1,0,69.8
1991,fixed_split_mlp_covertype,stable,h3,1776520765277.048,1776520765422.062,145.014,0.000,143.013,1.749,1833,1577,80.0,1,0,69.9
1992,fixed_split_mlp_covertype,stable,h3,1776520765423.062,1776520765549.568,126.506,0.000,125.505,1.770,1833,1577,80.0,1,0,72.1
1993,fixed_split_mlp_covertype,stable,h3,1776520765551.570,1776520765641.075,89.505,0.000,89.505,1.949,1833,1577,80.0,1,0,68.8
1994,fixed_split_mlp_covertype,stable,h3,1776520765642.075,1776520765776.582,134.507,1.000,133.507,1.739,1833,1577,80.0,1,0,69.2
1995,fixed_split_mlp_covertype,stable,h3,1776520765778.582,1776520765877.088,98.506,0.000,97.506,1.999,1833,1577,80.0,1,0,68.7
1996,fixed_split_mlp_covertype,stable,h3,1776520765878.088,1776520766034.102,156.014,1.000,155.014,2.226,1833,1577,80.0,1,0,71.2
1997,fixed_split_mlp_covertype,stable,h3,1776520766036.102,1776520766156.609,120.507,0.000,120.507,1.734,1833,1577,80.0,1,0,71.4
1998,fixed_split_mlp_covertype,stable,h3,1776520766158.609,1776520766298.118,139.509,0.000,139.509,1.884,1833,1577,80.0,1,0,68.3
1999,fixed_split_mlp_covertype,stable,h3,1776520766300.118,1776520766472.130,172.011,0.000,172.011,1.980,1833,1577,80.0,1,0,69.5
2000,fixed_split_mlp_covertype,stable,h3,1776520766474.131,1776520766580.638,106.507,0.000,105.505,1.861,1833,1577,80.0,1,0,74.4
2001,fixed_split_mlp_covertype,stable,h3,1776520766581.637,1776520766687.145,105.507,1.000,103.507,1.984,1833,1577,80.0,1,0,70.9
2002,fixed_split_mlp_covertype,stable,h3,1776520766688.146,1776520766787.654,99.507,1.000,98.507,1.707,1833,1577,80.0,1,0,69.0
2003,fixed_split_mlp_covertype,stable,h3,1776520766789.654,1776520766917.666,128.012,0.000,128.012,1.736,1833,1577,80.0,1,0,71.3
2004,fixed_split_mlp_covertype,stable,h3,1776520766919.666,1776520767018.173,98.507,0.000,98.507,1.891,1833,1577,80.0,1,0,70.4
2005,fixed_split_mlp_covertype,stable,h3,1776520767020.172,1776520767122.681,102.509,0.000,100.508,1.804,1833,1577,80.0,1,0,70.9
2006,fixed_split_mlp_covertype,stable,h3,1776520767123.681,1776520767293.190,169.509,0.000,168.508,1.737,1833,1577,80.0,1,0,73.0
2007,fixed_split_mlp_covertype,stable,h3,1776520767295.190,1776520767396.697,101.507,0.000,100.506,1.733,1833,1577,80.0,1,0,74.5
2008,fixed_split_mlp_covertype,stable,h3,1776520767397.697,1776520767529.709,132.012,0.000,131.012,1.882,1833,1577,80.0,1,0,68.8
2009,fixed_split_mlp_covertype,stable,h3,1776520767531.709,1776520767709.722,178.013,0.000,176.012,1.845,1833,1577,80.0,1,0,69.7
2010,fixed_split_mlp_covertype,stable,h3,1776520767710.722,1776520767800.724,90.002,0.000,90.002,1.813,1833,1577,80.0,1,0,69.1
2011,fixed_split_mlp_covertype,stable,h3,1776520767803.228,1776520767922.736,119.508,0.000,119.508,2.204,1833,1577,80.0,1,0,74.4
2012,fixed_split_mlp_covertype,stable,h3,1776520767924.736,1776520768000.738,76.002,0.000,75.002,1.832,1833,1577,80.0,0,0,84.5
2013,fixed_split_mlp_covertype,stable,h3,1776520768002.241,1776520768073.244,71.003,0.000,69.998,1.835,1833,1577,80.0,0,0,86.6
2014,fixed_split_mlp_covertype,stable,h3,1776520768075.244,1776520768194.755,119.511,0.000,118.511,3.289,1833,1577,80.0,1,0,75.9
2015,fixed_split_mlp_covertype,stable,h3,1776520768195.756,1776520768387.768,192.013,1.000,191.012,1.796,1833,1577,80.0,1,0,72.1
2016,fixed_split_mlp_covertype,stable,h3,1776520768389.768,1776520768551.780,162.011,0.000,161.010,1.867,1833,1577,80.0,1,0,74.1
2017,fixed_split_mlp_covertype,stable,h3,1776520768553.780,1776520768739.793,186.014,0.000,185.013,1.821,1833,1577,80.0,1,0,70.7
2018,fixed_split_mlp_covertype,stable,h3,1776520768740.793,1776520768853.300,112.508,1.000,111.507,1.909,1833,1577,80.0,1,0,70.5
2019,fixed_split_mlp_covertype,stable,h3,1776520768855.300,1776520768979.807,124.507,0.000,122.506,1.752,1833,1577,80.0,1,0,71.9
2020,fixed_split_mlp_covertype,stable,h3,1776520768981.807,1776520769076.313,94.507,0.000,93.507,1.955,1833,1577,80.0,1,0,70.4
2021,fixed_split_mlp_covertype,stable,h3,1776520769078.314,1776520769161.821,83.507,0.000,83.507,1.745,1833,1577,80.0,1,0,73.4
2022,fixed_split_mlp_covertype,stable,h3,1776520769163.821,1776520769264.326,100.506,0.000,100.506,2.043,1833,1577,80.0,1,0,69.0
2023,fixed_split_mlp_covertype,stable,h3,1776520769266.326,1776520769376.833,110.507,0.000,108.506,1.823,1833,1577,80.0,1,0,69.9
2024,fixed_split_mlp_covertype,stable,h3,1776520769378.834,1776520769497.342,118.509,0.000,118.509,1.794,1833,1577,80.0,1,0,72.2
2025,fixed_split_mlp_covertype,stable,h3,1776520769499.343,1776520769623.353,124.011,0.000,123.011,1.703,1833,1577,80.0,1,0,74.0
2026,fixed_split_mlp_covertype,stable,h3,1776520769625.355,1776520769759.860,134.506,0.000,134.506,1.878,1833,1577,80.0,1,0,70.2
2027,fixed_split_mlp_covertype,stable,h3,1776520769761.861,1776520769879.873,118.012,0.000,118.012,1.813,1833,1577,80.0,1,0,68.1
2028,fixed_split_mlp_covertype,stable,h3,1776520769881.873,1776520770027.887,146.014,1.000,145.013,1.784,1833,1577,80.0,1,0,75.2
2029,fixed_split_mlp_covertype,stable,h3,1776520770029.887,1776520770120.394,90.507,0.000,90.507,1.802,1833,1577,80.0,1,0,71.4
2030,fixed_split_mlp_covertype,stable,h3,1776520770121.394,1776520770257.407,136.013,0.000,134.012,1.848,1833,1577,80.0,1,0,68.8
2031,fixed_split_mlp_covertype,stable,h3,1776520770258.406,1776520770403.735,145.328,0.000,144.328,1.773,1833,1577,80.0,1,0,69.8
2032,fixed_split_mlp_covertype,stable,h3,1776520770405.734,1776520770470.734,65.000,0.000,65.000,2.004,1833,1577,80.0,0,0,67.7
2033,fixed_split_mlp_covertype,stable,h3,1776520770472.734,1776520770620.747,148.013,0.000,147.014,1.868,1833,1577,80.0,1,0,69.4
2034,fixed_split_mlp_covertype,stable,h3,1776520770621.747,1776520770734.254,112.507,1.000,111.507,1.683,1833,1577,80.0,1,0,69.9
2035,fixed_split_mlp_covertype,stable,h3,1776520770736.254,1776520770843.760,107.507,0.000,107.507,1.832,1833,1577,80.0,1,0,69.9
2036,fixed_split_mlp_covertype,stable,h3,1776520770845.760,1776520770935.268,89.507,0.000,87.507,1.823,1833,1577,80.0,1,0,68.8
2037,fixed_split_mlp_covertype,stable,h3,1776520770936.268,1776520771009.775,73.508,0.000,72.507,1.737,1833,1577,80.0,0,0,71.8
2038,fixed_split_mlp_covertype,stable,h3,1776520771010.775,1776520771128.282,117.506,1.000,115.506,1.977,1833,1577,80.0,1,0,67.5
2039,fixed_split_mlp_covertype,stable,h3,1776520771129.282,1776520771248.789,119.507,1.000,117.507,1.987,1833,1577,80.0,1,0,68.8
2040,fixed_split_mlp_covertype,stable,h3,1776520771249.789,1776520771338.296,88.507,0.000,86.506,2.357,1833,1577,80.0,1,0,71.6
2041,fixed_split_mlp_covertype,stable,h3,1776520771340.296,1776520771459.802,119.507,0.000,118.506,2.152,1833,1577,80.0,1,0,67.5
2042,fixed_split_mlp_covertype,stable,h3,1776520771460.802,1776520771641.815,181.013,0.000,180.012,1.752,1833,1577,80.0,1,0,69.4
2043,fixed_split_mlp_covertype,stable,h3,1776520771643.817,1776520771739.323,95.506,0.000,94.506,1.799,1833,1577,80.0,1,0,68.8
2044,fixed_split_mlp_covertype,stable,h3,1776520771740.323,1776520771846.829,106.506,1.000,105.506,1.766,1833,1577,80.0,1,0,68.8
2045,fixed_split_mlp_covertype,stable,h3,1776520771848.830,1776520771947.336,98.506,0.000,97.506,1.729,1833,1577,80.0,1,0,70.3
2046,fixed_split_mlp_covertype,stable,h3,1776520771949.336,1776520772118.349,169.013,0.000,168.013,1.923,1833,1577,80.0,1,0,69.1
2047,fixed_split_mlp_covertype,stable,h3,1776520772120.349,1776520772241.855,121.507,0.000,121.507,1.896,1833,1577,80.0,1,0,70.7
2048,fixed_split_mlp_covertype,stable,h3,1776520772243.856,1776520772340.361,96.506,1.001,95.505,1.806,1833,1577,80.0,1,0,67.8
2049,fixed_split_mlp_covertype,stable,h3,1776520772342.362,1776520772467.870,125.508,0.000,124.508,1.863,1833,1577,80.0,1,0,69.3
2050,fixed_split_mlp_covertype,stable,h3,1776520772469.870,1776520772569.376,99.507,0.000,98.506,1.795,1833,1577,80.0,1,0,68.0
2051,fixed_split_mlp_covertype,stable,h3,1776520772571.376,1776520772683.886,112.510,0.000,110.506,2.395,1833,1577,80.0,1,0,70.1
2052,fixed_split_mlp_covertype,stable,h3,1776520772684.884,1776520772782.390,97.506,1.000,96.506,1.874,1833,1577,80.0,1,0,69.5
2053,fixed_split_mlp_covertype,stable,h3,1776520772784.390,1776520772892.898,108.508,0.000,107.508,1.845,1833,1577,80.0,1,0,73.0
2054,fixed_split_mlp_covertype,stable,h3,1776520772893.898,1776520772983.403,89.505,1.000,87.504,1.744,1833,1577,80.0,1,0,70.3
2055,fixed_split_mlp_covertype,stable,h3,1776520772984.403,1776520773090.913,106.510,0.000,104.509,1.780,1833,1577,80.0,1,0,69.0
2056,fixed_split_mlp_covertype,stable,h3,1776520773091.913,1776520773244.924,153.011,1.000,152.012,1.967,1833,1577,80.0,1,0,72.0
2057,fixed_split_mlp_covertype,stable,h3,1776520773247.925,1776520773358.431,110.506,0.000,110.506,1.846,1833,1577,80.0,1,0,70.8
2058,fixed_split_mlp_covertype,stable,h3,1776520773360.430,1776520773488.941,128.511,0.000,127.508,2.088,1833,1577,80.0,1,0,71.8
2059,fixed_split_mlp_covertype,stable,h3,1776520773489.941,1776520773635.952,146.011,0.000,145.009,1.946,1833,1577,80.0,1,0,69.3
2060,fixed_split_mlp_covertype,stable,h3,1776520773637.952,1776520773770.459,132.507,0.000,132.507,1.765,1833,1577,80.0,1,0,70.3
2061,fixed_split_mlp_covertype,stable,h3,1776520773772.459,1776520773933.472,161.014,0.000,160.013,1.901,1833,1577,80.0,1,0,68.4
2062,fixed_split_mlp_covertype,stable,h3,1776520773934.473,1776520774035.979,101.507,0.000,100.506,1.937,1833,1577,80.0,1,0,69.8
2063,fixed_split_mlp_covertype,stable,h3,1776520774036.979,1776520774165.486,128.507,1.000,126.507,1.778,1833,1577,80.0,1,0,73.8
2064,fixed_split_mlp_covertype,stable,h3,1776520774166.486,1776520774265.993,99.506,0.000,97.506,1.757,1833,1577,80.0,1,0,71.4
2065,fixed_split_mlp_covertype,stable,h3,1776520774266.993,1776520774480.098,213.105,1.000,212.105,1.843,1833,1577,80.0,1,0,68.6
2066,fixed_split_mlp_covertype,stable,h3,1776520774481.113,1776520774590.621,109.507,0.000,108.509,1.746,1833,1577,80.0,1,0,60.6
2067,fixed_split_mlp_covertype,stable,h3,1776520774592.621,1776520774699.127,106.507,0.000,105.507,1.672,1833,1577,80.0,1,0,73.6
2068,fixed_split_mlp_covertype,stable,h3,1776520774700.128,1776520774785.632,85.504,1.000,83.504,1.883,1833,1577,80.0,1,0,69.1
2069,fixed_split_mlp_covertype,stable,h3,1776520774786.632,1776520774895.146,108.514,1.001,107.513,2.240,1833,1577,80.0,1,0,69.9
2070,fixed_split_mlp_covertype,stable,h3,1776520774897.146,1776520774953.651,56.504,0.000,56.504,1.785,1833,1577,80.0,0,0,71.0
2071,fixed_split_mlp_covertype,stable,h3,1776520774955.651,1776520775083.158,127.507,0.000,127.507,1.940,1833,1577,80.0,1,0,67.7
2072,fixed_split_mlp_covertype,stable,h3,1776520775085.158,1776520775221.171,136.013,0.000,135.013,1.849,1833,1577,80.0,1,0,69.2
2073,fixed_split_mlp_covertype,stable,h3,1776520775222.171,1776520775333.678,111.506,1.000,110.507,1.805,1833,1577,80.0,1,0,70.3
2074,fixed_split_mlp_covertype,stable,h3,1776520775335.678,1776520775473.185,137.507,0.000,136.507,2.074,1833,1577,80.0,1,0,71.2
2075,fixed_split_mlp_covertype,stable,h3,1776520775474.185,1776520775633.198,159.013,1.000,158.013,1.867,1833,1577,80.0,1,0,70.8
2076,fixed_split_mlp_covertype,stable,h3,1776520775635.198,1776520775735.704,100.507,0.000,99.507,1.793,1833,1577,80.0,1,0,71.4
2077,fixed_split_mlp_covertype,stable,h3,1776520775737.705,1776520775854.215,116.511,0.000,116.511,1.845,1833,1577,80.0,1,0,81.2
2078,fixed_split_mlp_covertype,stable,h3,1776520775856.215,1776520776029.228,173.013,0.000,173.013,2.027,1833,1577,80.0,1,0,68.8
2079,fixed_split_mlp_covertype,stable,h3,1776520776031.229,1776520776226.241,195.012,0.000,195.012,1.850,1833,1577,80.0,1,0,69.3
2080,fixed_split_mlp_covertype,stable,h3,1776520776228.241,1776520776380.748,152.507,0.000,151.506,1.868,1833,1577,80.0,1,0,69.6
2081,fixed_split_mlp_covertype,stable,h3,1776520776381.748,1776520776564.761,183.013,1.000,182.012,1.720,1833,1577,80.0,1,0,71.8
2082,fixed_split_mlp_covertype,stable,h3,1776520776566.763,1776520776653.268,86.505,0.000,85.505,1.778,1833,1577,80.0,1,0,72.0
2083,fixed_split_mlp_covertype,stable,h3,1776520776654.268,1776520776809.282,155.014,0.000,154.014,1.807,1833,1577,80.0,1,0,71.1
2084,fixed_split_mlp_covertype,stable,h3,1776520776810.282,1776520776949.789,139.507,0.000,138.506,1.857,1833,1577,80.0,1,0,68.3
2085,fixed_split_mlp_covertype,stable,h3,1776520776951.789,1776520777079.297,127.507,0.000,126.507,1.790,1833,1577,80.0,1,0,69.5
2086,fixed_split_mlp_covertype,stable,h3,1776520777081.296,1776520777218.309,137.013,0.000,137.013,1.913,1833,1577,80.0,1,0,69.0
2087,fixed_split_mlp_covertype,stable,h3,1776520777220.310,1776520777314.840,94.530,0.000,92.528,1.733,1833,1577,80.0,1,0,72.6
2088,fixed_split_mlp_covertype,stable,h3,1776520777315.839,1776520777382.838,66.999,1.000,65.999,1.858,1833,1577,80.0,0,0,67.7
2089,fixed_split_mlp_covertype,stable,h3,1776520777384.839,1776520777451.346,66.507,0.000,66.507,2.032,1833,1577,80.0,0,0,74.4
2090,fixed_split_mlp_covertype,stable,h3,1776520777453.347,1776520777595.855,142.508,0.000,141.508,1.779,1833,1577,80.0,1,0,69.0
2091,fixed_split_mlp_covertype,stable,h3,1776520777596.855,1776520777773.867,177.012,1.001,176.011,1.842,1833,1577,80.0,1,0,69.1
2092,fixed_split_mlp_covertype,stable,h3,1776520777775.865,1776520777927.878,152.013,0.000,152.013,1.889,1833,1577,80.0,1,0,70.6
2093,fixed_split_mlp_covertype,stable,h3,1776520777929.878,1776520778055.386,125.508,0.000,124.508,1.798,1833,1577,80.0,1,0,70.5
2094,fixed_split_mlp_covertype,stable,h3,1776520778056.386,1776520778169.896,113.510,0.000,112.509,1.814,1833,1577,80.0,1,0,73.4
2095,fixed_split_mlp_covertype,stable,h3,1776520778170.896,1776520778273.403,102.507,1.000,100.507,1.934,1833,1577,80.0,1,0,68.8
2096,fixed_split_mlp_covertype,stable,h3,1776520778274.406,1776520778410.418,136.012,0.000,135.014,1.860,1833,1577,80.0,1,0,73.8
2097,fixed_split_mlp_covertype,stable,h3,1776520778412.418,1776520778508.926,96.507,0.000,95.507,1.773,1833,1577,80.0,1,0,68.8
2098,fixed_split_mlp_covertype,stable,h3,1776520778509.926,1776520778641.433,131.507,1.000,130.508,2.357,1833,1577,80.0,1,0,69.7
2099,fixed_split_mlp_covertype,stable,h3,1776520778643.433,1776520778850.055,206.622,0.000,205.622,1.735,1833,1577,80.0,1,0,69.7
2100,fixed_split_mlp_covertype,stable,h3,1776520778851.083,1776520779047.079,195.995,0.000,195.013,1.834,1833,1577,80.0,1,0,69.4
2101,fixed_split_mlp_covertype,stable,h3,1776520779049.080,1776520779190.588,141.508,0.000,140.509,1.790,1833,1577,80.0,1,0,69.0
2102,fixed_split_mlp_covertype,stable,h3,1776520779192.590,1776520779347.599,155.009,0.000,155.009,1.858,1833,1577,80.0,1,0,70.0
2103,fixed_split_mlp_covertype,stable,h3,1776520779348.599,1776520779469.106,120.508,1.000,119.507,1.803,1833,1577,80.0,1,0,69.3
2104,fixed_split_mlp_covertype,stable,h3,1776520779471.106,1776520779550.614,79.508,0.000,78.508,1.917,1833,1577,80.0,0,0,67.1
2105,fixed_split_mlp_covertype,stable,h3,1776520779551.614,1776520779692.124,140.509,1.000,139.509,1.756,1833,1577,80.0,1,0,69.2
2106,fixed_split_mlp_covertype,stable,h3,1776520779694.124,1776520779820.136,126.013,0.000,126.013,1.833,1833,1577,80.0,1,0,70.8
2107,fixed_split_mlp_covertype,stable,h3,1776520779822.136,1776520779933.643,111.507,0.000,110.507,1.854,1833,1577,80.0,1,0,73.6
2108,fixed_split_mlp_covertype,stable,h3,1776520779935.644,1776520780086.151,150.507,0.000,149.507,1.821,1833,1577,80.0,1,0,68.7
2109,fixed_split_mlp_covertype,stable,h3,1776520780087.151,1776520780227.166,140.015,1.000,139.015,1.955,1833,1577,80.0,1,0,72.2
2110,fixed_split_mlp_covertype,stable,h3,1776520780229.166,1776520780347.684,118.518,0.000,117.518,1.931,1833,1577,80.0,1,0,71.4
2111,fixed_split_mlp_covertype,stable,h3,1776520780348.684,1776520780500.194,151.509,1.000,150.509,1.729,1833,1577,80.0,1,0,69.4
2112,fixed_split_mlp_covertype,stable,h3,1776520780502.194,1776520780619.207,117.013,0.000,117.013,1.860,1833,1577,80.0,1,0,70.3
2113,fixed_split_mlp_covertype,stable,h3,1776520780620.207,1776520780839.881,219.674,1.000,217.630,1.814,1833,1577,80.0,1,0,64.2
2114,fixed_split_mlp_covertype,stable,h3,1776520780840.831,1776520780981.990,141.159,0.000,141.159,1.933,1833,1577,80.0,1,0,62.7
2115,fixed_split_mlp_covertype,stable,h3,1776520780983.990,1776520781096.502,112.512,0.000,112.512,2.027,1833,1577,80.0,1,0,75.7
2116,fixed_split_mlp_covertype,stable,h3,1776520781098.510,1776520781248.521,150.011,0.000,149.020,2.021,1833,1577,80.0,1,0,68.8
2117,fixed_split_mlp_covertype,stable,h3,1776520781250.521,1776520781403.032,152.511,0.000,152.511,1.859,1833,1577,80.0,1,0,71.2
2118,fixed_split_mlp_covertype,stable,h3,1776520781405.596,1776520781560.107,154.511,0.000,154.511,2.231,1833,1577,80.0,1,0,72.0
2119,fixed_split_mlp_covertype,stable,h3,1776520781561.107,1776520781657.613,96.506,0.000,94.837,1.948,1833,1577,80.0,1,0,68.8
2120,fixed_split_mlp_covertype,stable,h3,1776520781658.613,1776520781786.636,128.023,0.000,126.021,1.996,1833,1577,80.0,1,0,70.9
2121,fixed_split_mlp_covertype,stable,h3,1776520781787.635,1776520781921.654,134.019,0.000,133.018,1.696,1833,1577,80.0,1,0,71.8
2122,fixed_split_mlp_covertype,stable,h3,1776520781923.654,1776520782047.163,123.509,1.000,122.509,1.852,1833,1577,80.0,1,0,71.2
2123,fixed_split_mlp_covertype,stable,h3,1776520782049.163,1776520782171.677,122.514,0.000,122.514,1.879,1833,1577,80.0,1,0,75.0
2124,fixed_split_mlp_covertype,stable,h3,1776520782172.674,1776520782309.689,137.015,0.000,135.011,1.998,1833,1577,80.0,1,0,72.5
2125,fixed_split_mlp_covertype,stable,h3,1776520782310.687,1776520782457.198,146.510,0.000,145.509,2.901,1833,1577,80.0,1,0,69.9
2126,fixed_split_mlp_covertype,stable,h3,1776520782459.198,1776520782578.707,119.509,0.000,119.509,1.983,1833,1577,80.0,1,0,71.9
2127,fixed_split_mlp_covertype,stable,h3,1776520782580.707,1776520782700.220,119.513,0.000,119.513,2.071,1833,1577,80.0,1,0,73.4
2128,fixed_split_mlp_covertype,stable,h3,1776520782702.219,1776520782815.835,113.616,0.000,112.613,1.694,1833,1577,80.0,1,0,68.8
2129,fixed_split_mlp_covertype,stable,h3,1776520782816.834,1776520782939.898,123.064,0.000,122.064,2.033,1833,1577,80.0,1,0,68.8
2130,fixed_split_mlp_covertype,stable,h3,1776520782941.899,1776520783074.022,132.123,0.000,132.123,1.953,1833,1577,80.0,1,0,69.4
2131,fixed_split_mlp_covertype,stable,h3,1776520783076.021,1776520783199.533,123.512,0.000,123.512,1.821,1833,1577,80.0,1,0,70.9
2132,fixed_split_mlp_covertype,stable,h3,1776520783201.533,1776520783325.073,123.540,0.000,121.535,1.880,1833,1577,80.0,1,0,67.7
2133,fixed_split_mlp_covertype,stable,h3,1776520783327.071,1776520783478.580,151.509,0.000,151.509,2.570,1833,1577,80.0,1,0,69.4
2134,fixed_split_mlp_covertype,stable,h3,1776520783481.580,1776520783591.093,109.513,0.000,109.513,2.041,1833,1577,80.0,1,0,68.8
2135,fixed_split_mlp_covertype,stable,h3,1776520783593.094,1776520783733.105,140.011,0.000,140.011,1.958,1833,1577,80.0,1,0,68.8
2136,fixed_split_mlp_covertype,stable,h3,1776520783735.105,1776520783877.614,142.509,0.000,141.507,1.862,1833,1577,80.0,1,0,69.0
2137,fixed_split_mlp_covertype,stable,h3,1776520783879.616,1776520783966.123,86.508,0.000,85.507,1.969,1833,1577,80.0,1,0,71.9
2138,fixed_split_mlp_covertype,stable,h3,1776520783967.123,1776520784042.629,75.507,1.000,74.507,1.906,1833,1577,80.0,0,0,77.5
2139,fixed_split_mlp_covertype,stable,h3,1776520784044.628,1776520784259.765,215.137,0.000,215.137,2.007,1833,1577,80.0,1,0,71.0
2140,fixed_split_mlp_covertype,stable,h3,1776520784260.677,1776520784402.194,141.518,0.000,140.519,2.136,1833,1577,80.0,1,0,67.7
2141,fixed_split_mlp_covertype,stable,h3,1776520784404.193,1776520784548.210,144.017,0.000,144.017,1.979,1833,1577,80.0,1,0,69.4
2142,fixed_split_mlp_covertype,stable,h3,1776520784550.210,1776520784680.451,130.241,0.000,129.239,2.857,1833,1577,80.0,1,0,68.8
2143,fixed_split_mlp_covertype,stable,h3,1776520784681.451,1776520784826.469,145.018,1.002,144.016,1.875,1833,1577,80.0,1,0,78.1
2144,fixed_split_mlp_covertype,stable,h3,1776520784828.469,1776520784968.976,140.507,0.000,140.507,1.915,1833,1577,80.0,1,0,73.3
2145,fixed_split_mlp_covertype,stable,h3,1776520784970.976,1776520785088.486,117.511,0.000,117.511,2.018,1833,1577,80.0,1,0,80.5
2146,fixed_split_mlp_covertype,stable,h3,1776520785090.488,1776520785168.996,78.508,0.000,78.508,1.747,1833,1577,80.0,0,0,69.6
2147,fixed_split_mlp_covertype,stable,h3,1776520785170.997,1776520785268.504,97.507,0.000,96.507,1.879,1833,1577,80.0,1,0,68.0
2148,fixed_split_mlp_covertype,stable,h3,1776520785269.504,1776520785359.525,90.021,1.001,88.020,1.879,1833,1577,80.0,1,0,70.2
2149,fixed_split_mlp_covertype,stable,h3,1776520785360.525,1776520785532.541,172.016,0.000,170.014,1.895,1833,1577,80.0,1,0,72.6
2150,fixed_split_mlp_covertype,stable,h3,1776520785533.540,1776520785746.850,213.311,0.000,211.080,1.837,1833,1577,80.0,1,0,67.9
2151,fixed_split_mlp_covertype,stable,h3,1776520785747.835,1776520785923.846,176.011,1.020,173.991,2.004,1833,1577,80.0,1,0,67.6
2152,fixed_split_mlp_covertype,stable,h3,1776520785924.846,1776520786101.862,177.016,1.000,176.015,1.968,1833,1577,80.0,1,0,69.3
2153,fixed_split_mlp_covertype,stable,h3,1776520786103.862,1776520786261.874,158.012,0.000,158.012,2.070,1833,1577,80.0,1,0,70.5
2154,fixed_split_mlp_covertype,stable,h3,1776520786263.874,1776520786400.386,136.512,0.000,135.512,1.772,1833,1577,80.0,1,0,69.9
2155,fixed_split_mlp_covertype,stable,h3,1776520786402.398,1776520786594.401,192.003,0.000,192.003,1.891,1833,1577,80.0,1,0,68.6
2156,fixed_split_mlp_covertype,stable,h3,1776520786596.402,1776520786839.962,243.560,0.000,243.126,2.388,1833,1577,80.0,1,0,59.6
2157,fixed_split_mlp_covertype,stable,h3,1776520786840.965,1776520787020.974,180.010,0.998,179.012,2.004,1833,1577,80.0,1,0,66.1
2158,fixed_split_mlp_covertype,stable,h3,1776520787022.975,1776520787193.484,170.510,0.000,169.508,1.748,1833,1577,80.0,1,0,68.9
2159,fixed_split_mlp_covertype,stable,h3,1776520787194.483,1776520787322.500,128.017,1.001,127.015,1.843,1833,1577,80.0,1,0,72.2
2160,fixed_split_mlp_covertype,stable,h3,1776520787324.500,1776520787432.009,107.508,0.000,107.508,1.886,1833,1577,80.0,1,0,67.8
2161,fixed_split_mlp_covertype,stable,h3,1776520787434.012,1776520787569.517,135.505,0.000,135.505,1.946,1833,1577,80.0,1,0,71.1
2162,fixed_split_mlp_covertype,stable,h3,1776520787571.516,1776520787691.024,119.509,0.000,118.509,1.721,1833,1577,80.0,1,0,71.1
2163,fixed_split_mlp_covertype,stable,h3,1776520787693.028,1776520787841.041,148.013,0.000,147.013,2.068,1833,1577,80.0,1,0,70.1
2164,fixed_split_mlp_covertype,stable,h3,1776520787843.042,1776520787954.553,111.511,0.000,111.511,1.865,1833,1577,80.0,1,0,69.0
2165,fixed_split_mlp_covertype,stable,h3,1776520787956.552,1776520788076.062,119.510,0.000,119.510,1.781,1833,1577,80.0,1,0,68.2
2166,fixed_split_mlp_covertype,stable,h3,1776520788078.061,1776520788229.080,151.018,0.000,151.018,1.938,1833,1577,80.0,1,0,68.3
2167,fixed_split_mlp_covertype,stable,h3,1776520788231.079,1776520788377.363,146.284,0.000,145.283,1.847,1833,1577,80.0,1,0,69.0
2168,fixed_split_mlp_covertype,stable,h3,1776520788379.361,1776520788518.375,139.013,0.000,139.013,1.975,1833,1577,80.0,1,0,68.8
2169,fixed_split_mlp_covertype,stable,h3,1776520788520.375,1776520788647.406,127.031,0.000,126.032,2.103,1833,1577,80.0,1,0,68.8
2170,fixed_split_mlp_covertype,stable,h3,1776520788648.407,1776520788724.510,76.103,0.000,74.103,2.467,1833,1577,80.0,0,0,68.4
2171,fixed_split_mlp_covertype,stable,h3,1776520788725.510,1776520788820.021,94.511,0.000,93.509,1.883,1833,1577,80.0,1,0,69.1
2172,fixed_split_mlp_covertype,stable,h3,1776520788821.023,1776520788949.530,128.506,0.000,127.506,1.761,1833,1577,80.0,1,0,70.8
2173,fixed_split_mlp_covertype,stable,h3,1776520788951.530,1776520789066.092,114.562,0.000,114.562,1.855,1833,1577,80.0,1,0,68.8
2174,fixed_split_mlp_covertype,stable,h3,1776520789068.044,1776520789195.558,127.514,0.000,126.513,1.725,1833,1577,80.0,1,0,68.8
2175,fixed_split_mlp_covertype,stable,h3,1776520789197.557,1776520789364.572,167.015,0.000,166.012,1.956,1833,1577,80.0,1,0,70.5
2176,fixed_split_mlp_covertype,stable,h3,1776520789365.958,1776520789496.091,130.132,0.000,129.518,1.878,1833,1577,80.0,1,0,70.3
2177,fixed_split_mlp_covertype,stable,h3,1776520789498.089,1776520789565.783,67.694,0.000,66.693,1.732,1833,1577,80.0,0,0,68.8
2178,fixed_split_mlp_covertype,stable,h3,1776520789567.593,1776520789721.610,154.018,0.000,154.018,1.791,1833,1577,80.0,1,0,76.1
2179,fixed_split_mlp_covertype,stable,h3,1776520789723.611,1776520789791.611,68.000,0.000,65.999,1.920,1833,1577,80.0,0,0,72.5
2180,fixed_split_mlp_covertype,stable,h3,1776520789793.615,1776520789946.631,153.016,0.000,152.014,1.826,1833,1577,80.0,1,0,77.2
2181,fixed_split_mlp_covertype,stable,h3,1776520789948.631,1776520790127.648,179.017,0.000,178.014,2.150,1833,1577,80.0,1,0,68.3
2182,fixed_split_mlp_covertype,stable,h3,1776520790128.645,1776520790255.665,127.020,0.000,126.019,1.832,1833,1577,80.0,1,0,73.8
2183,fixed_split_mlp_covertype,stable,h3,1776520790257.665,1776520790447.184,189.519,0.000,188.517,1.834,1833,1577,80.0,1,0,72.6
2184,fixed_split_mlp_covertype,stable,h3,1776520790449.184,1776520790570.691,121.507,0.000,119.505,1.977,1833,1577,80.0,1,0,69.6
2185,fixed_split_mlp_covertype,stable,h3,1776520790572.690,1776520790706.201,133.511,0.000,133.511,2.380,1833,1577,80.0,1,0,75.3
2186,fixed_split_mlp_covertype,stable,h3,1776520790707.703,1776520790801.726,94.022,0.000,93.019,1.921,1833,1577,80.0,1,0,72.9
2187,fixed_split_mlp_covertype,stable,h3,1776520790803.725,1776520790941.741,138.016,1.001,137.014,2.038,1833,1577,80.0,1,0,81.9
2188,fixed_split_mlp_covertype,stable,h3,1776520790943.741,1776520791134.212,190.471,0.000,190.471,1.878,1833,1577,80.0,1,0,76.6
2189,fixed_split_mlp_covertype,stable,h3,1776520791136.212,1776520791353.893,217.682,0.000,215.669,1.950,1833,1577,80.0,1,0,65.7
2190,fixed_split_mlp_covertype,stable,h3,1776520791354.894,1776520791498.322,143.428,0.000,143.428,2.030,1833,1577,80.0,1,0,63.5
2191,fixed_split_mlp_covertype,stable,h3,1776520791499.321,1776520791727.332,228.011,1.002,227.008,1.827,1833,1577,80.0,1,0,66.7
2192,fixed_split_mlp_covertype,stable,h3,1776520791728.489,1776520791962.336,233.847,0.000,233.847,1.711,1833,1577,80.0,1,0,57.5
2193,fixed_split_mlp_covertype,stable,h3,1776520791963.253,1776520792228.808,265.555,0.000,264.605,75.977,1833,1577,80.0,1,0,50.9
2194,fixed_split_mlp_covertype,stable,h3,1776520792231.804,1776520792551.365,319.561,0.000,318.291,1.862,1833,1577,80.0,1,0,47.1
2195,fixed_split_mlp_covertype,stable,h3,1776520792552.376,1776520792832.337,279.960,1.008,276.945,1.835,1833,1577,80.0,1,0,54.6
2196,fixed_split_mlp_covertype,stable,h3,1776520792833.334,1776520793039.364,206.029,1.009,203.406,1.895,1833,1577,80.0,1,0,69.9
2197,fixed_split_mlp_covertype,stable,h3,1776520793041.365,1776520793258.663,217.297,1.001,216.296,1.986,1833,1577,80.0,1,0,64.3
2198,fixed_split_mlp_covertype,stable,h3,1776520793259.664,1776520793413.172,153.508,1.107,152.402,1.835,1833,1577,80.0,1,0,64.0
2199,fixed_split_mlp_covertype,stable,h3,1776520793415.610,1776520793674.491,258.882,0.000,257.946,2.020,1833,1577,80.0,1,0,56.1
2200,fixed_split_mlp_covertype,stable,h3,1776520793675.447,1776520793857.510,182.063,0.000,180.063,1.772,1833,1577,80.0,1,0,72.1
2201,fixed_split_mlp_covertype,stable,h3,1776520793863.510,1776520794070.552,207.041,1.000,203.702,1.718,1833,1577,80.0,1,0,71.1
2202,fixed_split_mlp_covertype,stable,h3,1776520794071.570,1776520794196.087,124.517,0.000,123.517,1.861,1833,1577,80.0,1,0,71.9
2203,fixed_split_mlp_covertype,stable,h3,1776520794197.088,1776520794412.647,215.560,0.000,213.537,1.793,1833,1577,80.0,1,0,68.5
2204,fixed_split_mlp_covertype,stable,h3,1776520794413.625,1776520794576.635,163.010,0.000,163.010,1.934,1833,1577,80.0,1,0,68.2
2205,fixed_split_mlp_covertype,stable,h3,1776520794578.635,1776520794783.430,204.795,0.000,204.795,1.795,1833,1577,80.0,1,0,72.0
2206,fixed_split_mlp_covertype,stable,h3,1776520794784.432,1776520794893.936,109.504,0.999,108.505,1.810,1833,1577,80.0,1,0,70.5
2207,fixed_split_mlp_covertype,stable,h3,1776520794895.936,1776520795129.023,233.087,0.000,232.087,2.573,1833,1577,80.0,1,0,62.6
2208,fixed_split_mlp_covertype,stable,h3,1776520795130.162,1776520795271.716,141.554,0.994,140.559,1.965,1833,1577,80.0,1,0,68.7
2209,fixed_split_mlp_covertype,stable,h3,1776520795273.716,1776520795432.735,159.020,0.000,158.020,1.976,1833,1577,80.0,1,0,72.0
2210,fixed_split_mlp_covertype,stable,h3,1776520795433.736,1776520795597.249,163.513,0.000,162.510,1.931,1833,1577,80.0,1,0,74.5
2211,fixed_split_mlp_covertype,stable,h3,1776520795599.246,1776520795644.107,44.861,1.000,43.861,1.904,1833,1577,80.0,0,0,87.5
2212,fixed_split_mlp_covertype,stable,h3,1776520795646.106,1776520795793.037,146.930,0.000,146.930,2.228,1833,1577,80.0,1,0,76.2
2213,fixed_split_mlp_covertype,stable,h3,1776520795795.037,1776520795917.549,122.511,0.000,122.511,1.888,1833,1577,80.0,1,0,69.8
2214,fixed_split_mlp_covertype,stable,h3,1776520795919.552,1776520796037.572,118.020,0.000,117.020,2.284,1833,1577,80.0,1,0,72.2
2215,fixed_split_mlp_covertype,stable,h3,1776520796038.572,1776520796105.228,66.655,1.005,65.651,1.869,1833,1577,80.0,0,0,89.2
2216,fixed_split_mlp_covertype,stable,h3,1776520796107.228,1776520796264.953,157.725,0.000,157.725,1.979,1833,1577,80.0,1,0,70.1
2217,fixed_split_mlp_covertype,stable,h3,1776520796266.953,1776520796373.643,106.689,0.000,105.689,1.907,1833,1577,80.0,1,0,69.9
2218,fixed_split_mlp_covertype,stable,h3,1776520796374.643,1776520796520.643,146.000,1.000,145.000,1.918,1833,1577,80.0,1,0,74.3
2219,fixed_split_mlp_covertype,stable,h3,1776520796522.654,1776520796683.502,160.848,0.000,159.847,2.005,1833,1577,80.0,1,0,91.1
2220,fixed_split_mlp_covertype,stable,h3,1776520796685.501,1776520796782.149,96.648,0.000,96.648,1.803,1833,1577,80.0,1,0,82.3
2221,fixed_split_mlp_covertype,stable,h3,1776520796784.113,1776520796904.059,119.946,1.033,118.913,1.893,1833,1577,80.0,1,0,76.0
2222,fixed_split_mlp_covertype,stable,h3,1776520796906.059,1776520797125.746,219.688,0.000,217.689,1.748,1833,1577,80.0,1,0,65.9
2223,fixed_split_mlp_covertype,stable,h3,1776520797125.746,1776520797225.236,99.490,0.986,97.501,1.853,1833,1577,80.0,1,0,66.0
2224,fixed_split_mlp_covertype,stable,h3,1776520797226.236,1776520797366.743,140.507,0.000,139.507,1.881,1833,1577,80.0,1,0,68.8
2225,fixed_split_mlp_covertype,stable,h3,1776520797368.743,1776520797501.250,132.507,0.000,132.507,1.926,1833,1577,80.0,1,0,71.1
2226,fixed_split_mlp_covertype,stable,h3,1776520797503.250,1776520797680.264,177.014,1.000,175.013,1.732,1833,1577,80.0,1,0,69.8
2227,fixed_split_mlp_covertype,stable,h3,1776520797682.263,1776520797878.029,195.766,0.000,194.766,2.262,1833,1577,80.0,1,0,78.5
2228,fixed_split_mlp_covertype,stable,h3,1776520797880.030,1776520798007.539,127.509,0.000,126.510,1.910,1833,1577,80.0,1,0,84.6
2229,fixed_split_mlp_covertype,stable,h3,1776520798009.542,1776520798146.558,137.016,0.000,136.016,2.001,1833,1577,80.0,1,0,77.1
2230,fixed_split_mlp_covertype,stable,h3,1776520798148.558,1776520798221.561,73.002,0.000,72.002,1.709,1833,1577,80.0,0,0,71.2
2231,fixed_split_mlp_covertype,stable,h3,1776520798222.561,1776520798308.068,85.507,0.000,84.004,1.892,1833,1577,80.0,1,0,69.5
2232,fixed_split_mlp_covertype,stable,h3,1776520798310.072,1776520798433.446,123.374,0.000,122.374,1.938,1833,1577,80.0,1,0,71.3
2233,fixed_split_mlp_covertype,stable,h3,1776520798434.446,1776520798549.953,115.508,0.000,113.507,2.061,1833,1577,80.0,1,0,69.3
2234,fixed_split_mlp_covertype,stable,h3,1776520798550.953,1776520798689.461,138.508,1.001,136.768,1.884,1833,1577,80.0,1,0,74.3
2235,fixed_split_mlp_covertype,stable,h3,1776520798691.461,1776520798785.557,94.096,0.000,93.095,1.861,1833,1577,80.0,1,0,75.0
2236,fixed_split_mlp_covertype,stable,h3,1776520798787.557,1776520798899.064,111.508,0.000,110.508,2.078,1833,1577,80.0,1,0,69.6
2237,fixed_split_mlp_covertype,stable,h3,1776520798901.065,1776520799083.080,182.015,0.000,181.015,1.987,1833,1577,80.0,1,0,70.8
2238,fixed_split_mlp_covertype,stable,h3,1776520799084.080,1776520799259.096,175.017,0.000,174.016,1.843,1833,1577,80.0,1,0,69.1
2239,fixed_split_mlp_covertype,stable,h3,1776520799261.096,1776520799395.602,134.506,0.000,134.506,1.985,1833,1577,80.0,1,0,69.0
2240,fixed_split_mlp_covertype,stable,h3,1776520799397.601,1776520799504.095,106.494,0.000,105.493,1.989,1833,1577,80.0,1,0,69.9
2241,fixed_split_mlp_covertype,stable,h3,1776520799505.095,1776520799600.603,95.508,0.000,93.507,1.744,1833,1577,80.0,1,0,68.8
2242,fixed_split_mlp_covertype,stable,h3,1776520799601.603,1776520799669.110,67.507,0.000,65.504,1.891,1833,1577,80.0,0,0,71.8
2243,fixed_split_mlp_covertype,stable,h3,1776520799670.110,1776520799749.618,79.509,1.001,77.507,2.193,1833,1577,80.0,0,0,70.7
2244,fixed_split_mlp_covertype,stable,h3,1776520799750.619,1776520799841.126,90.508,1.004,88.504,2.075,1833,1577,80.0,1,0,70.8
2245,fixed_split_mlp_covertype,stable,h3,1776520799842.126,1776520799950.636,108.509,1.000,106.508,6.920,1833,1577,80.0,1,0,70.5
2246,fixed_split_mlp_covertype,stable,h3,1776520799951.634,1776520800075.141,123.507,0.000,122.507,1.902,1833,1577,80.0,1,0,73.3
2247,fixed_split_mlp_covertype,stable,h3,1776520800077.141,1776520800178.649,101.508,0.000,100.507,1.915,1833,1577,80.0,1,0,68.8
2248,fixed_split_mlp_covertype,stable,h3,1776520800179.649,1776520800286.168,106.519,1.001,104.518,2.070,1833,1577,80.0,1,0,70.2
2249,fixed_split_mlp_covertype,stable,h3,1776520800287.168,1776520800476.183,189.015,0.000,188.015,3.524,1833,1577,80.0,1,0,69.3
2250,fixed_split_mlp_covertype,stable,h3,1776520800478.183,1776520800560.689,82.506,0.000,82.506,1.814,1833,1577,80.0,1,0,70.8
2251,fixed_split_mlp_covertype,stable,h3,1776520800562.689,1776520800609.690,47.001,0.000,47.001,2.009,1833,1577,80.0,0,0,69.4
2252,fixed_split_mlp_covertype,stable,h3,1776520800611.693,1776520800705.199,93.506,0.000,93.506,1.799,1833,1577,80.0,1,0,68.8
2253,fixed_split_mlp_covertype,stable,h3,1776520800707.198,1776520800818.709,111.510,0.000,110.510,2.173,1833,1577,80.0,1,0,68.8
2254,fixed_split_mlp_covertype,stable,h3,1776520800819.708,1776520800975.724,156.015,1.003,154.009,2.465,1833,1577,80.0,1,0,68.8
2255,fixed_split_mlp_covertype,stable,h3,1776520800976.720,1776520801129.737,153.017,1.000,151.016,6.426,1833,1577,80.0,1,0,71.9
2256,fixed_split_mlp_covertype,stable,h3,1776520801130.736,1776520801267.243,136.507,1.000,134.506,5.958,1833,1577,80.0,1,0,68.8
2257,fixed_split_mlp_covertype,stable,h3,1776520801268.243,1776520801368.750,100.507,1.001,98.507,1.986,1833,1577,80.0,1,0,69.1
2258,fixed_split_mlp_covertype,stable,h3,1776520801369.750,1776520801492.257,122.507,1.001,120.506,1.739,1833,1577,80.0,1,0,67.7
2259,fixed_split_mlp_covertype,stable,h3,1776520801493.258,1776520801626.272,133.015,1.000,131.012,2.690,1833,1577,80.0,1,0,72.2
2260,fixed_split_mlp_covertype,stable,h3,1776520801627.273,1776520801742.780,115.507,0.000,114.506,6.924,1833,1577,80.0,1,0,73.2
2261,fixed_split_mlp_covertype,stable,h3,1776520801744.780,1776520801851.288,106.508,0.000,106.508,2.199,1833,1577,80.0,1,0,69.6
2262,fixed_split_mlp_covertype,stable,h3,1776520801853.288,1776520802026.304,173.016,0.000,172.013,5.718,1833,1577,80.0,1,0,69.8
2263,fixed_split_mlp_covertype,stable,h3,1776520802027.304,1776520802126.813,99.509,1.001,98.508,1.868,1833,1577,80.0,1,0,81.4
2264,fixed_split_mlp_covertype,stable,h3,1776520802128.813,1776520802223.325,94.512,0.000,94.512,3.919,1833,1577,80.0,1,0,91.0
2265,fixed_split_mlp_covertype,stable,h3,1776520802224.828,1776520802335.340,110.512,1.004,108.508,1.848,1833,1577,80.0,1,0,74.5
2266,fixed_split_mlp_covertype,stable,h3,1776520802336.340,1776520802434.852,98.511,0.000,96.507,4.116,1833,1577,80.0,1,0,70.2
2267,fixed_split_mlp_covertype,stable,h3,1776520802435.849,1776520802580.359,144.510,0.000,142.507,1.863,1833,1577,80.0,1,0,69.9
2268,fixed_split_mlp_covertype,stable,h3,1776520802581.356,1776520802681.865,100.509,1.000,98.506,3.667,1833,1577,80.0,1,0,71.2
2269,fixed_split_mlp_covertype,stable,h3,1776520802682.863,1776520802759.371,76.508,0.000,74.506,2.603,1833,1577,80.0,0,0,67.2
2270,fixed_split_mlp_covertype,stable,h3,1776520802760.371,1776520802894.878,134.507,0.000,133.506,3.173,1833,1577,80.0,1,0,69.9
2271,fixed_split_mlp_covertype,stable,h3,1776520802896.878,1776520802970.386,73.509,0.000,71.509,1.804,1833,1577,80.0,0,0,68.8
2272,fixed_split_mlp_covertype,stable,h3,1776520802972.387,1776520803111.895,139.509,0.000,138.509,2.335,1833,1577,80.0,1,0,71.0
2273,fixed_split_mlp_covertype,stable,h3,1776520803113.896,1776520803253.912,140.016,0.000,138.013,1.774,1833,1577,80.0,1,0,71.7
2274,fixed_split_mlp_covertype,stable,h3,1776520803254.911,1776520803340.417,85.506,0.999,84.507,2.643,1833,1577,80.0,1,0,69.5
2275,fixed_split_mlp_covertype,stable,h3,1776520803341.417,1776520803411.419,70.002,1.000,69.002,1.728,1833,1577,80.0,0,0,74.2
2276,fixed_split_mlp_covertype,stable,h3,1776520803413.420,1776520803475.924,62.504,0.000,61.504,2.492,1833,1577,80.0,0,0,68.8
2277,fixed_split_mlp_covertype,stable,h3,1776520803477.924,1776520803546.040,68.116,0.000,68.116,2.060,1833,1577,80.0,0,0,70.9
2278,fixed_split_mlp_covertype,stable,h3,1776520803548.040,1776520803658.549,110.509,0.000,109.507,2.071,1833,1577,80.0,1,0,70.0
2279,fixed_split_mlp_covertype,stable,h3,1776520803659.547,1776520803784.055,124.508,0.000,123.504,1.876,1833,1577,80.0,1,0,68.5
2280,fixed_split_mlp_covertype,stable,h3,1776520803786.055,1776520803932.069,146.014,0.000,146.014,2.048,1833,1577,80.0,1,0,69.4
2281,fixed_split_mlp_covertype,stable,h3,1776520803934.069,1776520804060.578,126.509,0.000,126.509,1.749,1833,1577,80.0,1,0,70.3
2282,fixed_split_mlp_covertype,stable,h3,1776520804062.577,1776520804169.086,106.509,0.000,106.509,1.787,1833,1577,80.0,1,0,70.8
2283,fixed_split_mlp_covertype,stable,h3,1776520804171.086,1776520804305.447,134.361,0.000,134.361,1.753,1833,1577,80.0,1,0,69.0
2284,fixed_split_mlp_covertype,stable,h3,1776520804307.447,1776520804484.075,176.628,0.000,174.628,1.756,1833,1577,80.0,1,0,70.3
2285,fixed_split_mlp_covertype,stable,h3,1776520804485.075,1776520804591.583,106.508,0.000,105.506,1.890,1833,1577,80.0,1,0,68.8
2286,fixed_split_mlp_covertype,stable,h3,1776520804592.584,1776520804728.432,135.848,1.000,134.848,1.789,1833,1577,80.0,1,0,69.7
2287,fixed_split_mlp_covertype,stable,h3,1776520804730.430,1776520804838.938,108.508,0.000,106.507,2.199,1833,1577,80.0,1,0,71.2
2288,fixed_split_mlp_covertype,stable,h3,1776520804839.938,1776520804947.448,107.509,1.001,105.508,1.919,1833,1577,80.0,1,0,80.9
2289,fixed_split_mlp_covertype,stable,h3,1776520804949.448,1776520805029.956,80.508,0.000,80.508,2.670,1833,1577,80.0,1,0,70.9
2290,fixed_split_mlp_covertype,stable,h3,1776520805031.956,1776520805214.465,182.509,0.000,180.510,2.349,1833,1577,80.0,1,0,70.6
2291,fixed_split_mlp_covertype,stable,h3,1776520805215.465,1776520805328.477,113.011,1.000,112.011,1.992,1833,1577,80.0,1,0,74.1
2292,fixed_split_mlp_covertype,stable,h3,1776520805330.477,1776520805450.987,120.510,0.000,118.497,2.032,1833,1577,80.0,1,0,72.0
2293,fixed_split_mlp_covertype,stable,h3,1776520805451.984,1776520805558.491,106.507,0.000,105.505,1.873,1833,1577,80.0,1,0,71.4
2294,fixed_split_mlp_covertype,stable,h3,1776520805560.492,1776520805725.503,165.011,0.000,164.509,1.843,1833,1577,80.0,1,0,70.0
2295,fixed_split_mlp_covertype,stable,h3,1776520805726.506,1776520805920.016,193.510,1.000,192.510,1.710,1833,1577,80.0,1,0,70.8
2296,fixed_split_mlp_covertype,stable,h3,1776520805922.016,1776520806133.717,211.701,0.000,211.701,2.002,1833,1577,80.0,1,0,68.4
2297,fixed_split_mlp_covertype,stable,h3,1776520806134.731,1776520806223.732,89.001,1.001,87.000,1.778,1833,1577,80.0,1,0,58.3
2298,fixed_split_mlp_covertype,stable,h3,1776520806225.235,1776520806370.744,145.510,0.000,144.510,1.833,1833,1577,80.0,1,0,71.0
2299,fixed_split_mlp_covertype,stable,h3,1776520806371.745,1776520806556.759,185.014,0.000,185.014,1.873,1833,1577,80.0,1,0,72.7
2300,fixed_split_mlp_covertype,stable,h3,1776520806558.760,1776520806675.267,116.507,0.000,114.507,1.730,1833,1577,80.0,1,0,72.3
2301,fixed_split_mlp_covertype,stable,h3,1776520806676.266,1776520806820.776,144.510,1.002,143.508,2.130,1833,1577,80.0,1,0,71.0
2302,fixed_split_mlp_covertype,stable,h3,1776520806822.776,1776520806958.792,136.015,0.000,135.012,1.934,1833,1577,80.0,1,0,70.8
2303,fixed_split_mlp_covertype,stable,h3,1776520806959.789,1776520807141.803,182.014,0.000,181.013,1.890,1833,1577,80.0,1,0,71.4
2304,fixed_split_mlp_covertype,stable,h3,1776520807143.803,1776520807285.311,141.507,0.000,141.507,1.974,1833,1577,80.0,1,0,69.2
2305,fixed_split_mlp_covertype,stable,h3,1776520807287.310,1776520807472.325,185.015,0.000,184.014,2.077,1833,1577,80.0,1,0,69.1
2306,fixed_split_mlp_covertype,stable,h3,1776520807473.324,1776520807696.716,223.391,0.000,222.391,1.787,1833,1577,80.0,1,0,66.7
2307,fixed_split_mlp_covertype,stable,h3,1776520807697.718,1776520807810.201,112.484,0.000,111.481,1.866,1833,1577,80.0,1,0,59.7
2308,fixed_split_mlp_covertype,stable,h3,1776520807811.205,1776520807952.335,141.130,1.003,139.509,2.007,1833,1577,80.0,1,0,69.0
2309,fixed_split_mlp_covertype,stable,h3,1776520807953.217,1776520808138.240,185.023,0.000,185.023,1.889,1833,1577,80.0,1,0,69.6
2310,fixed_split_mlp_covertype,stable,h3,1776520808139.240,1776520808269.750,130.509,0.999,129.510,1.933,1833,1577,80.0,1,0,68.2
2311,fixed_split_mlp_covertype,stable,h3,1776520808271.749,1776520808417.698,145.949,0.000,144.947,1.864,1833,1577,80.0,1,0,69.4
2312,fixed_split_mlp_covertype,stable,h3,1776520808418.694,1776520808511.209,92.515,1.367,90.141,1.766,1833,1577,80.0,1,0,68.8
2313,fixed_split_mlp_covertype,stable,h3,1776520808512.207,1776520808652.227,140.020,0.000,138.018,1.870,1833,1577,80.0,1,0,69.2
2314,fixed_split_mlp_covertype,stable,h3,1776520808653.226,1776520808849.244,196.019,1.001,194.018,1.674,1833,1577,80.0,1,0,68.9
2315,fixed_split_mlp_covertype,stable,h3,1776520808850.246,1776520808973.752,123.506,1.002,122.504,1.854,1833,1577,80.0,1,0,70.2
2316,fixed_split_mlp_covertype,stable,h3,1776520808974.752,1776520809122.268,147.516,1.000,145.513,1.811,1833,1577,80.0,1,0,69.8
2317,fixed_split_mlp_covertype,stable,h3,1776520809123.265,1776520809326.043,202.777,1.002,201.775,1.983,1833,1577,80.0,1,0,69.4
2318,fixed_split_mlp_covertype,stable,h3,1776520809327.058,1776520809453.563,126.505,0.999,124.506,1.805,1833,1577,80.0,1,0,68.5
2319,fixed_split_mlp_covertype,stable,h3,1776520809454.563,1776520809611.072,156.509,1.000,154.507,2.235,1833,1577,80.0,1,0,68.3
2320,fixed_split_mlp_covertype,stable,h3,1776520809612.072,1776520809775.083,163.011,0.000,162.011,1.763,1833,1577,80.0,1,0,70.9
2321,fixed_split_mlp_covertype,stable,h3,1776520809777.083,1776520809898.590,121.507,0.000,120.506,2.066,1833,1577,80.0,1,0,65.5
2322,fixed_split_mlp_covertype,stable,h3,1776520809900.590,1776520810070.604,170.014,0.000,170.014,1.822,1833,1577,80.0,1,0,71.4
2323,fixed_split_mlp_covertype,stable,h3,1776520810072.604,1776520810214.114,141.509,0.000,140.509,1.903,1833,1577,80.0,1,0,70.0
2324,fixed_split_mlp_covertype,stable,h3,1776520810215.114,1776520810358.137,143.024,1.000,142.024,2.296,1833,1577,80.0,1,0,69.2
2325,fixed_split_mlp_covertype,stable,h3,1776520810360.138,1776520810501.644,141.507,1.000,139.507,2.019,1833,1577,80.0,1,0,67.8
2326,fixed_split_mlp_covertype,stable,h3,1776520810502.644,1776520810607.151,104.507,0.000,102.506,1.765,1833,1577,80.0,1,0,71.6
2327,fixed_split_mlp_covertype,stable,h3,1776520810608.151,1776520810734.166,126.015,1.001,125.013,1.680,1833,1577,80.0,1,0,67.7
2328,fixed_split_mlp_covertype,stable,h3,1776520810736.166,1776520810888.673,152.507,0.000,151.507,1.847,1833,1577,80.0,1,0,68.9
2329,fixed_split_mlp_covertype,stable,h3,1776520810889.673,1776520811056.687,167.014,0.000,165.015,1.907,1833,1577,80.0,1,0,70.9
2330,fixed_split_mlp_covertype,stable,h3,1776520811058.688,1776520811181.198,122.511,0.000,121.510,2.237,1833,1577,80.0,1,0,67.2
2331,fixed_split_mlp_covertype,stable,h3,1776520811182.198,1776520811302.707,120.509,1.001,118.508,1.745,1833,1577,80.0,1,0,70.6
2332,fixed_split_mlp_covertype,stable,h3,1776520811303.707,1776520811463.721,160.014,0.000,160.014,1.972,1833,1577,80.0,1,0,69.1
2333,fixed_split_mlp_covertype,stable,h3,1776520811465.722,1776520811561.228,95.507,0.000,94.506,1.843,1833,1577,80.0,1,0,67.3
2334,fixed_split_mlp_covertype,stable,h3,1776520811563.228,1776520811750.242,187.014,0.000,185.014,1.822,1833,1577,80.0,1,0,69.5
2335,fixed_split_mlp_covertype,stable,h3,1776520811751.243,1776520811885.750,134.508,1.000,133.508,1.855,1833,1577,80.0,1,0,69.0
2336,fixed_split_mlp_covertype,stable,h3,1776520811886.750,1776520812111.844,225.093,1.000,224.093,1.852,1833,1577,80.0,1,0,61.7
2337,fixed_split_mlp_covertype,stable,h3,1776520812112.901,1776520812197.356,84.456,0.000,84.456,1.846,1833,1577,80.0,1,0,66.7
2338,fixed_split_mlp_covertype,stable,h3,1776520812199.356,1776520812315.869,116.513,0.000,116.513,1.819,1833,1577,80.0,1,0,69.6
2339,fixed_split_mlp_covertype,stable,h3,1776520812317.868,1776520812504.881,187.013,0.000,187.013,1.861,1833,1577,80.0,1,0,69.1
2340,fixed_split_mlp_covertype,stable,h3,1776520812506.879,1776520812653.266,146.387,1.001,144.383,1.836,1833,1577,80.0,1,0,69.2
2341,fixed_split_mlp_covertype,stable,h3,1776520812654.264,1776520812789.771,135.507,1.000,133.506,1.799,1833,1577,80.0,1,0,67.7
2342,fixed_split_mlp_covertype,stable,h3,1776520812790.770,1776520812907.282,116.512,1.283,114.229,2.015,1833,1577,80.0,1,0,70.9
2343,fixed_split_mlp_covertype,stable,h3,1776520812908.282,1776520813071.299,163.018,0.000,162.015,1.751,1833,1577,80.0,1,0,69.6
2344,fixed_split_mlp_covertype,stable,h3,1776520813073.299,1776520813261.316,188.017,0.000,187.016,1.737,1833,1577,80.0,1,0,72.3
2345,fixed_split_mlp_covertype,stable,h3,1776520813263.315,1776520813447.146,183.830,0.000,182.829,1.727,1833,1577,80.0,1,0,69.6
2346,fixed_split_mlp_covertype,stable,h3,1776520813448.145,1776520813642.162,194.017,1.001,192.014,1.876,1833,1577,80.0,1,0,69.3
2347,fixed_split_mlp_covertype,stable,h3,1776520813644.165,1776520813772.667,128.502,0.000,128.502,1.837,1833,1577,80.0,1,0,67.7
2348,fixed_split_mlp_covertype,stable,h3,1776520813773.669,1776520813926.682,153.013,0.000,153.013,1.740,1833,1577,80.0,1,0,69.6
2349,fixed_split_mlp_covertype,stable,h3,1776520813928.685,1776520814094.214,165.529,0.000,163.530,1.815,1833,1577,80.0,1,0,71.0
2350,fixed_split_mlp_covertype,stable,h3,1776520814095.213,1776520814269.230,174.017,1.002,173.015,1.801,1833,1577,80.0,1,0,71.8
2351,fixed_split_mlp_covertype,stable,h3,1776520814271.230,1776520814337.672,66.442,0.000,65.439,3.415,1833,1577,80.0,0,0,71.6
2352,fixed_split_mlp_covertype,stable,h3,1776520814338.667,1776520814447.175,108.508,0.000,107.508,2.146,1833,1577,80.0,1,0,70.6
2353,fixed_split_mlp_covertype,stable,h3,1776520814449.175,1776520814616.685,167.510,0.000,166.509,1.795,1833,1577,80.0,1,0,68.5
2354,fixed_split_mlp_covertype,stable,h3,1776520814618.684,1776520814743.698,125.014,0.000,123.013,1.785,1833,1577,80.0,1,0,70.8
2355,fixed_split_mlp_covertype,stable,h3,1776520814744.697,1776520814897.205,152.508,1.000,150.506,1.832,1833,1577,80.0,1,0,70.4
2356,fixed_split_mlp_covertype,stable,h3,1776520814899.203,1776520815017.718,118.514,0.000,118.514,1.703,1833,1577,80.0,1,0,78.1
2357,fixed_split_mlp_covertype,stable,h3,1776520815019.718,1776520815141.738,122.020,0.000,122.020,1.697,1833,1577,80.0,1,0,71.1
2358,fixed_split_mlp_covertype,stable,h3,1776520815143.738,1776520815235.244,91.507,0.000,90.506,2.003,1833,1577,80.0,1,0,68.8
2359,fixed_split_mlp_covertype,stable,h3,1776520815237.244,1776520815400.758,163.513,0.000,161.487,2.143,1833,1577,80.0,1,0,69.5
2360,fixed_split_mlp_covertype,stable,h3,1776520815401.752,1776520815534.766,133.014,0.000,132.010,1.814,1833,1577,80.0,1,0,69.8
2361,fixed_split_mlp_covertype,stable,h3,1776520815535.766,1776520815727.276,191.510,1.000,190.509,1.827,1833,1577,80.0,1,0,69.2
2362,fixed_split_mlp_covertype,stable,h3,1776520815728.777,1776520815929.798,201.021,1.004,200.017,1.781,1833,1577,80.0,1,0,70.2
2363,fixed_split_mlp_covertype,stable,h3,1776520815930.798,1776520816065.304,134.506,0.000,133.506,2.035,1833,1577,80.0,1,0,70.6
2364,fixed_split_mlp_covertype,stable,h3,1776520816067.304,1776520816228.317,161.013,0.000,158.503,1.824,1833,1577,80.0,1,0,69.9
2365,fixed_split_mlp_covertype,stable,h3,1776520816230.321,1776520816321.324,91.003,0.000,90.003,1.886,1833,1577,80.0,1,0,66.7
2366,fixed_split_mlp_covertype,stable,h3,1776520816322.324,1776520816398.831,76.507,1.000,75.508,1.908,1833,1577,80.0,0,0,72.5
2367,fixed_split_mlp_covertype,stable,h3,1776520816400.831,1776520816501.338,100.507,0.000,100.507,1.707,1833,1577,80.0,1,0,69.6
2368,fixed_split_mlp_covertype,stable,h3,1776520816503.337,1776520816570.847,67.509,0.000,65.505,1.876,1833,1577,80.0,0,0,76.2
2369,fixed_split_mlp_covertype,stable,h3,1776520816571.845,1776520816638.356,66.511,0.000,65.440,1.843,1833,1577,80.0,0,0,73.8
2370,fixed_split_mlp_covertype,stable,h3,1776520816640.356,1776520816713.356,73.000,0.000,73.000,1.745,1833,1577,80.0,0,0,69.5
2371,fixed_split_mlp_covertype,stable,h3,1776520816714.359,1776520816807.864,93.505,1.006,92.499,2.077,1833,1577,80.0,1,0,68.8
2372,fixed_split_mlp_covertype,stable,h3,1776520816809.864,1776520816992.894,183.030,0.000,182.027,1.788,1833,1577,80.0,1,0,70.6
2373,fixed_split_mlp_covertype,stable,h3,1776520816993.892,1776520817067.401,73.509,0.000,72.509,1.930,1833,1577,80.0,0,0,73.8
2374,fixed_split_mlp_covertype,stable,h3,1776520817068.401,1776520817174.907,106.506,0.999,105.507,1.693,1833,1577,80.0,1,0,69.1
2375,fixed_split_mlp_covertype,stable,h3,1776520817176.908,1776520817295.419,118.511,0.000,118.511,1.816,1833,1577,80.0,1,0,69.2
2376,fixed_split_mlp_covertype,stable,h3,1776520817297.414,1776520817440.428,143.013,0.000,143.013,1.872,1833,1577,80.0,1,0,70.6
2377,fixed_split_mlp_covertype,stable,h3,1776520817442.431,1776520817582.938,140.507,0.000,139.507,1.798,1833,1577,80.0,1,0,70.6
2378,fixed_split_mlp_covertype,stable,h3,1776520817583.938,1776520817719.448,135.510,0.000,134.506,1.764,1833,1577,80.0,1,0,69.4
2379,fixed_split_mlp_covertype,stable,h3,1776520817721.448,1776520817796.823,75.375,0.000,75.375,1.890,1833,1577,80.0,0,0,69.5
2380,fixed_split_mlp_covertype,stable,h3,1776520817797.823,1776520817866.330,68.507,1.000,66.507,1.802,1833,1577,80.0,0,0,73.4
2381,fixed_split_mlp_covertype,stable,h3,1776520817867.330,1776520817994.504,127.174,1.001,126.173,1.910,1833,1577,80.0,1,0,72.2
2382,fixed_split_mlp_covertype,stable,h3,1776520817996.505,1776520818048.011,51.506,0.000,51.506,1.954,1833,1577,80.0,0,0,67.3
2383,fixed_split_mlp_covertype,stable,h3,1776520818050.012,1776520818144.518,94.505,0.000,93.506,1.705,1833,1577,80.0,1,0,68.8
2384,fixed_split_mlp_covertype,stable,h3,1776520818145.518,1776520818223.523,78.005,1.002,77.003,1.747,1833,1577,80.0,0,0,70.7
2385,fixed_split_mlp_covertype,stable,h3,1776520818225.522,1776520818306.968,81.446,0.000,79.443,1.882,1833,1577,80.0,1,0,71.3
2386,fixed_split_mlp_covertype,stable,h3,1776520818307.965,1776520818408.980,101.015,0.000,99.011,1.749,1833,1577,80.0,1,0,70.1
2387,fixed_split_mlp_covertype,stable,h3,1776520818410.979,1776520818535.991,125.012,0.000,125.012,1.779,1833,1577,80.0,1,0,69.8
2388,fixed_split_mlp_covertype,stable,h3,1776520818537.991,1776520818620.992,83.001,0.000,82.000,2.439,1833,1577,80.0,1,0,69.5
2389,fixed_split_mlp_covertype,stable,h3,1776520818622.993,1776520818769.012,146.019,0.000,146.019,1.981,1833,1577,80.0,1,0,69.7
2390,fixed_split_mlp_covertype,stable,h3,1776520818771.008,1776520818883.513,112.505,0.000,112.505,1.914,1833,1577,80.0,1,0,69.0
2391,fixed_split_mlp_covertype,stable,h3,1776520818885.513,1776520818958.022,72.508,0.000,70.505,1.973,1833,1577,80.0,0,0,70.0
2392,fixed_split_mlp_covertype,stable,h3,1776520818959.021,1776520819056.529,97.508,1.001,95.507,1.895,1833,1577,80.0,1,0,68.8
2393,fixed_split_mlp_covertype,stable,h3,1776520819057.530,1776520819202.042,144.512,1.000,142.509,1.776,1833,1577,80.0,1,0,69.2
2394,fixed_split_mlp_covertype,stable,h3,1776520819203.039,1776520819861.872,658.833,0.000,656.832,1.778,1833,1577,80.0,1,0,24.2
2395,fixed_split_mlp_covertype,stable,h3,1776520819864.866,1776520819970.402,105.536,0.999,101.540,2.102,1833,1577,80.0,1,0,56.8
2396,fixed_split_mlp_covertype,stable,h3,1776520819975.403,1776520820057.940,82.537,1.000,76.496,1.720,1833,1577,80.0,1,0,76.3
2397,fixed_split_mlp_covertype,stable,h3,1776520820062.941,1776520820221.440,158.499,1.000,156.500,1.756,1833,1577,80.0,1,0,69.6
2398,fixed_split_mlp_covertype,stable,h3,1776520820223.442,1776520820350.461,127.019,0.000,126.018,1.753,1833,1577,80.0,1,0,67.7
2399,fixed_split_mlp_covertype,stable,h3,1776520820352.476,1776520820474.968,122.492,0.000,120.505,1.885,1833,1577,80.0,1,0,70.3
2400,fixed_split_mlp_covertype,stable,h3,1776520820475.968,1776520820581.477,105.509,1.000,103.506,1.767,1833,1577,80.0,1,0,69.9
2401,fixed_split_mlp_covertype,stable,h3,1776520820582.475,1776520820670.981,88.506,1.002,87.504,1.912,1833,1577,80.0,1,0,68.8
2402,fixed_split_mlp_covertype,stable,h3,1776520820672.981,1776520820778.510,105.529,1.000,103.529,1.755,1833,1577,80.0,1,0,69.4
2403,fixed_split_mlp_covertype,stable,h3,1776520820780.510,1776520820912.016,131.507,0.000,129.507,1.800,1833,1577,80.0,1,0,68.5
2404,fixed_split_mlp_covertype,stable,h3,1776520820913.017,1776520821027.525,114.509,0.000,113.508,1.893,1833,1577,80.0,1,0,68.5
2405,fixed_split_mlp_covertype,stable,h3,1776520821029.526,1776520821191.536,162.011,0.000,162.011,1.883,1833,1577,80.0,1,0,69.2
2406,fixed_split_mlp_covertype,stable,h3,1776520821193.537,1776520821371.549,178.013,0.000,176.013,1.833,1833,1577,80.0,1,0,68.9
2407,fixed_split_mlp_covertype,stable,h3,1776520821373.550,1776520821474.056,100.507,0.000,100.507,1.728,1833,1577,80.0,1,0,69.1
2408,fixed_split_mlp_covertype,stable,h3,1776520821476.056,1776520821925.801,449.744,0.000,448.731,1.869,1833,1577,80.0,1,0,33.5
2409,fixed_split_mlp_covertype,stable,h3,1776520821927.802,1776520822391.922,464.120,2.292,460.026,1.754,1833,1577,80.0,1,0,32.1
2410,fixed_split_mlp_covertype,stable,h3,1776520822393.921,1776520822843.457,449.536,1.303,447.623,2.054,1833,1577,80.0,1,0,33.3
2411,fixed_split_mlp_covertype,stable,h3,1776520822846.459,1776520823297.675,451.216,1.000,449.218,1.807,1833,1577,80.0,1,0,33.9
2412,fixed_split_mlp_covertype,stable,h3,1776520823299.673,1776520823749.419,449.746,1.001,447.738,1.942,1833,1577,80.0,1,0,31.2
2413,fixed_split_mlp_covertype,stable,h3,1776520823753.015,1776520824206.094,453.078,1.996,450.082,1.714,1833,1577,80.0,1,0,32.8
2414,fixed_split_mlp_covertype,stable,h3,1776520824207.994,1776520824747.061,539.067,1.998,536.073,2.043,1833,1577,80.0,1,0,28.3
2415,fixed_split_mlp_covertype,stable,h3,1776520824749.058,1776520825377.674,628.615,1.001,625.617,1.884,1833,1577,80.0,1,0,22.9
2416,fixed_split_mlp_covertype,stable,h3,1776520825379.672,1776520825975.433,595.761,0.000,594.767,1.790,1833,1577,80.0,1,0,23.8
2417,fixed_split_mlp_covertype,stable,h3,1776520825976.907,1776520826592.271,615.364,2.013,612.361,2.146,1833,1577,80.0,1,0,24.4
2418,fixed_split_mlp_covertype,stable,h3,1776520826594.254,1776520827157.773,563.519,1.011,560.533,1.818,1833,1577,80.0,1,0,29.0
2419,fixed_split_mlp_covertype,stable,h3,1776520827159.782,1776520827734.325,574.543,0.992,573.551,1.895,1833,1577,80.0,1,0,33.6
2420,fixed_split_mlp_covertype,stable,h3,1776520827736.434,1776520828325.441,589.007,0.896,587.117,1.767,1833,1577,80.0,1,0,33.5
2421,fixed_split_mlp_covertype,stable,h3,1776520828328.325,1776520828944.676,616.350,1.000,614.355,2.056,1833,1577,80.0,1,0,24.9
2422,fixed_split_mlp_covertype,stable,h3,1776520828946.563,1776520829481.030,534.467,1.002,531.556,2.106,1833,1577,80.0,1,0,28.6
2423,fixed_split_mlp_covertype,stable,h3,1776520829483.036,1776520829578.420,95.385,0.993,93.390,2.131,1833,1577,80.0,1,0,63.0
2424,fixed_split_mlp_covertype,stable,h3,1776520829580.419,1776520829814.476,234.057,0.000,233.056,1.825,1833,1577,80.0,1,0,64.5
2425,fixed_split_mlp_covertype,stable,h3,1776520829815.476,1776520829912.981,97.505,0.000,97.505,1.959,1833,1577,80.0,1,0,67.0
2426,fixed_split_mlp_covertype,stable,h3,1776520829914.981,1776520830003.987,89.006,1.001,88.005,1.930,1833,1577,80.0,1,0,72.2
2427,fixed_split_mlp_covertype,stable,h3,1776520830005.986,1776520830257.856,251.870,0.000,251.870,1.950,1833,1577,80.0,1,0,59.4
2428,fixed_split_mlp_covertype,stable,h3,1776520830258.857,1776520830392.877,134.020,0.000,133.020,1.844,1833,1577,80.0,1,0,68.0
2429,fixed_split_mlp_covertype,stable,h3,1776520830393.873,1776520830483.381,89.508,1.319,88.188,4.567,1833,1577,80.0,1,0,70.8
2430,fixed_split_mlp_covertype,stable,h3,1776520830485.381,1776520830597.890,112.509,0.000,111.510,1.890,1833,1577,80.0,1,0,75.9
2431,fixed_split_mlp_covertype,stable,h3,1776520830598.890,1776520830716.163,117.273,0.000,116.271,2.004,1833,1577,80.0,1,0,70.3
2432,fixed_split_mlp_covertype,stable,h3,1776520830718.163,1776520830815.674,97.511,0.000,96.510,1.733,1833,1577,80.0,1,0,69.8
2433,fixed_split_mlp_covertype,stable,h3,1776520830817.672,1776520830924.218,106.545,0.000,105.545,1.809,1833,1577,80.0,1,0,68.8
2434,fixed_split_mlp_covertype,stable,h3,1776520830926.218,1776520831022.671,96.454,0.000,96.454,1.744,1833,1577,80.0,1,0,72.9
2435,fixed_split_mlp_covertype,stable,h3,1776520831024.671,1776520831110.219,85.547,1.001,84.547,1.678,1833,1577,80.0,1,0,72.9
2436,fixed_split_mlp_covertype,stable,h3,1776520831112.217,1776520831185.222,73.005,0.000,72.031,1.931,1833,1577,80.0,0,0,68.8
2437,fixed_split_mlp_covertype,stable,h3,1776520831187.217,1776520831250.484,63.267,0.000,63.267,2.032,1833,1577,80.0,0,0,76.9
2438,fixed_split_mlp_covertype,stable,h3,1776520831252.484,1776520831370.992,118.508,0.000,118.508,2.000,1833,1577,80.0,1,0,74.8
2439,fixed_split_mlp_covertype,stable,h3,1776520831373.031,1776520831491.506,118.474,0.000,118.474,1.697,1833,1577,80.0,1,0,72.3
2440,fixed_split_mlp_covertype,stable,h3,1776520831493.504,1776520831626.522,133.019,0.000,132.018,1.700,1833,1577,80.0,1,0,71.0
2441,fixed_split_mlp_covertype,stable,h3,1776520831628.521,1776520831724.863,96.342,0.000,95.340,1.800,1833,1577,80.0,1,0,69.8
2442,fixed_split_mlp_covertype,stable,h3,1776520831726.863,1776520831866.371,139.508,1.002,138.506,1.872,1833,1577,80.0,1,0,70.1
2443,fixed_split_mlp_covertype,stable,h3,1776520831868.371,1776520831956.879,88.508,0.000,88.508,1.945,1833,1577,80.0,1,0,75.8
2444,fixed_split_mlp_covertype,stable,h3,1776520831958.879,1776520832053.395,94.516,1.002,92.509,1.828,1833,1577,80.0,1,0,73.7
2445,fixed_split_mlp_covertype,stable,h3,1776520832054.391,1776520832148.416,94.025,0.000,93.024,1.882,1833,1577,80.0,1,0,70.8
2446,fixed_split_mlp_covertype,stable,h3,1776520832150.430,1776520832251.280,100.850,0.000,98.861,2.198,1833,1577,80.0,1,0,71.4
2447,fixed_split_mlp_covertype,stable,h3,1776520832252.298,1776520832428.293,175.996,0.982,174.013,1.822,1833,1577,80.0,1,0,69.3
2448,fixed_split_mlp_covertype,stable,h3,1776520832429.293,1776520832522.808,93.515,1.000,91.509,1.832,1833,1577,80.0,1,0,71.9
2449,fixed_split_mlp_covertype,stable,h3,1776520832523.803,1776520832586.806,63.003,0.000,60.997,2.130,1833,1577,80.0,0,0,81.2
2450,fixed_split_mlp_covertype,stable,h3,1776520832587.803,1776520832771.224,183.421,1.000,182.421,1.872,1833,1577,80.0,1,0,76.7
2451,fixed_split_mlp_covertype,stable,h3,1776520832773.222,1776520832869.730,96.508,0.000,96.508,1.930,1833,1577,80.0,1,0,76.6
2452,fixed_split_mlp_covertype,stable,h3,1776520832871.732,1776520832937.240,65.509,0.000,64.505,1.813,1833,1577,80.0,0,0,75.0
2453,fixed_split_mlp_covertype,stable,h3,1776520832938.238,1776520833060.753,122.515,0.000,121.514,1.863,1833,1577,80.0,1,0,72.9
2454,fixed_split_mlp_covertype,stable,h3,1776520833062.750,1776520833206.284,143.534,0.000,143.534,1.852,1833,1577,80.0,1,0,70.1
2455,fixed_split_mlp_covertype,stable,h3,1776520833208.284,1776520833333.311,125.026,0.000,123.266,2.019,1833,1577,80.0,1,0,76.3
2456,fixed_split_mlp_covertype,stable,h3,1776520833334.311,1776520833479.836,145.525,1.001,143.521,2.073,1833,1577,80.0,1,0,70.4
2457,fixed_split_mlp_covertype,stable,h3,1776520833480.849,1776520833662.932,182.083,1.374,179.708,1.873,1833,1577,80.0,1,0,73.0
2458,fixed_split_mlp_covertype,stable,h3,1776520833664.931,1776520833749.216,84.286,0.000,84.286,1.900,1833,1577,80.0,1,0,83.7
2459,fixed_split_mlp_covertype,stable,h3,1776520833751.213,1776520833850.726,99.513,0.000,98.513,1.931,1833,1577,80.0,1,0,83.3
2460,fixed_split_mlp_covertype,stable,h3,1776520833852.723,1776520833907.738,55.015,0.000,53.010,2.035,1833,1577,80.0,0,0,83.1
2461,fixed_split_mlp_covertype,stable,h3,1776520833909.737,1776520834029.762,120.025,0.506,118.513,1.931,1833,1577,80.0,1,0,83.8
2462,fixed_split_mlp_covertype,stable,h3,1776520834030.757,1776520834129.271,98.514,0.000,96.512,1.914,1833,1577,80.0,1,0,84.5
2463,fixed_split_mlp_covertype,stable,h3,1776520834130.270,1776520834259.722,129.452,1.344,128.109,1.838,1833,1577,80.0,1,0,80.4
2464,fixed_split_mlp_covertype,stable,h3,1776520834261.722,1776520834371.231,109.509,0.000,109.509,1.890,1833,1577,80.0,1,0,82.5
2465,fixed_split_mlp_covertype,stable,h3,1776520834373.231,1776520834458.744,85.513,0.000,84.872,1.868,1833,1577,80.0,1,0,81.2
2466,fixed_split_mlp_covertype,stable,h3,1776520834459.741,1776520834545.759,86.017,1.001,84.012,1.881,1833,1577,80.0,1,0,76.0
2467,fixed_split_mlp_covertype,stable,h3,1776520834546.756,1776520834718.771,172.015,1.002,170.013,2.024,1833,1577,80.0,1,0,71.0
2468,fixed_split_mlp_covertype,stable,h3,1776520834720.771,1776520834836.277,115.505,0.000,115.505,1.974,1833,1577,80.0,1,0,70.5
2469,fixed_split_mlp_covertype,stable,h3,1776520834838.278,1776520834932.801,94.523,0.000,93.528,1.744,1833,1577,80.0,1,0,71.4
2470,fixed_split_mlp_covertype,stable,h3,1776520834934.802,1776520835119.845,185.044,0.000,184.040,1.954,1833,1577,80.0,1,0,77.8
2471,fixed_split_mlp_covertype,stable,h3,1776520835120.843,1776520835229.349,108.506,0.000,107.506,1.742,1833,1577,80.0,1,0,68.8
2472,fixed_split_mlp_covertype,stable,h3,1776520835231.349,1776520835352.855,121.507,0.000,119.504,1.836,1833,1577,80.0,1,0,69.0
2473,fixed_split_mlp_covertype,stable,h3,1776520835353.855,1776520835474.364,120.508,1.002,118.505,1.819,1833,1577,80.0,1,0,69.5
2474,fixed_split_mlp_covertype,stable,h3,1776520835475.362,1776520835647.395,172.033,1.000,170.031,1.905,1833,1577,80.0,1,0,69.5
2475,fixed_split_mlp_covertype,stable,h3,1776520835649.394,1776520835723.903,74.509,0.000,74.509,2.204,1833,1577,80.0,0,0,70.0
2476,fixed_split_mlp_covertype,stable,h3,1776520835725.903,1776520835833.414,107.511,0.000,105.506,1.921,1833,1577,80.0,1,0,73.5
2477,fixed_split_mlp_covertype,stable,h3,1776520835834.409,1776520835967.919,133.510,0.000,131.504,1.881,1833,1577,80.0,1,0,68.1
2478,fixed_split_mlp_covertype,stable,h3,1776520835969.915,1776520836055.425,85.510,0.000,84.510,1.893,1833,1577,80.0,1,0,69.6
2479,fixed_split_mlp_covertype,stable,h3,1776520836056.425,1776520836191.932,135.507,0.000,134.480,1.760,1833,1577,80.0,1,0,70.3
2480,fixed_split_mlp_covertype,stable,h3,1776520836193.931,1776520836366.952,173.021,0.000,172.014,1.910,1833,1577,80.0,1,0,68.8
2481,fixed_split_mlp_covertype,stable,h3,1776520836367.946,1776520836556.961,189.015,0.000,188.014,1.961,1833,1577,80.0,1,0,70.5
2482,fixed_split_mlp_covertype,stable,h3,1776520836558.960,1776520836644.473,85.513,0.000,84.511,2.023,1833,1577,80.0,1,0,74.4
2483,fixed_split_mlp_covertype,stable,h3,1776520836646.472,1776520836802.981,156.509,0.000,156.509,2.126,1833,1577,80.0,1,0,72.3
2484,fixed_split_mlp_covertype,stable,h3,1776520836804.981,1776520836897.487,92.505,0.000,91.505,1.920,1833,1577,80.0,1,0,78.9
2485,fixed_split_mlp_covertype,stable,h3,1776520836898.487,1776520837059.501,161.014,1.002,160.012,1.789,1833,1577,80.0,1,0,71.7
2486,fixed_split_mlp_covertype,stable,h3,1776520837060.501,1776520837155.010,94.509,1.000,93.509,1.767,1833,1577,80.0,1,0,68.8
2487,fixed_split_mlp_covertype,stable,h3,1776520837157.009,1776520837313.026,156.016,0.000,155.015,1.719,1833,1577,80.0,1,0,69.8
2488,fixed_split_mlp_covertype,stable,h3,1776520837315.023,1776520837466.534,151.511,0.000,151.511,1.960,1833,1577,80.0,1,0,70.8
2489,fixed_split_mlp_covertype,stable,h3,1776520837468.534,1776520837640.545,172.011,0.000,172.011,1.845,1833,1577,80.0,1,0,72.9
2490,fixed_split_mlp_covertype,stable,h3,1776520837642.546,1776520837783.052,140.506,0.000,139.506,1.741,1833,1577,80.0,1,0,68.8
2491,fixed_split_mlp_covertype,stable,h3,1776520837785.053,1776520837896.561,111.508,0.000,111.508,1.740,1833,1577,80.0,1,0,69.6
2492,fixed_split_mlp_covertype,stable,h3,1776520837898.561,1776520838052.575,154.014,0.000,153.011,1.881,1833,1577,80.0,1,0,69.4
2493,fixed_split_mlp_covertype,stable,h3,1776520838053.573,1776520838142.078,88.504,0.000,87.504,1.945,1833,1577,80.0,1,0,69.8
2494,fixed_split_mlp_covertype,stable,h3,1776520838144.079,1776520838273.587,129.509,0.000,128.508,1.788,1833,1577,80.0,1,0,69.8
2495,fixed_split_mlp_covertype,stable,h3,1776520838275.586,1776520838441.602,166.016,0.000,166.016,1.963,1833,1577,80.0,1,0,74.3
2496,fixed_split_mlp_covertype,stable,h3,1776520838443.605,1776520838507.605,64.000,0.000,64.000,1.933,1833,1577,80.0,0,0,67.7
2497,fixed_split_mlp_covertype,stable,h3,1776520838508.606,1776520838586.127,77.521,0.000,76.514,1.752,1833,1577,80.0,0,0,70.0
2498,fixed_split_mlp_covertype,stable,h3,1776520838588.127,1776520838682.638,94.510,0.000,94.510,1.777,1833,1577,80.0,1,0,70.3
2499,fixed_split_mlp_covertype,stable,h3,1776520838684.638,1776520838790.145,105.507,0.000,104.504,1.786,1833,1577,80.0,1,0,68.0
2500,fixed_split_mlp_covertype,stable,h3,1776520838791.143,1776520838860.235,69.092,0.000,68.088,1.926,1833,1577,80.0,0,0,76.5
2501,fixed_split_mlp_covertype,stable,h3,1776520838862.235,1776520838990.743,128.507,0.000,127.507,1.762,1833,1577,80.0,1,0,70.3
2502,fixed_split_mlp_covertype,stable,h3,1776520838991.742,1776520839115.761,124.019,0.000,123.018,1.930,1833,1577,80.0,1,0,68.8
2503,fixed_split_mlp_covertype,stable,h3,1776520839117.761,1776520839314.771,197.010,0.000,197.010,1.755,1833,1577,80.0,1,0,70.9
2504,fixed_split_mlp_covertype,stable,h3,1776520839316.771,1776520839432.280,115.509,0.000,114.507,2.182,1833,1577,80.0,1,0,68.8
2505,fixed_split_mlp_covertype,stable,h3,1776520839433.278,1776520839542.787,109.509,0.000,107.506,1.940,1833,1577,80.0,1,0,69.3
2506,fixed_split_mlp_covertype,stable,h3,1776520839544.785,1776520839621.294,76.509,0.999,74.509,1.855,1833,1577,80.0,0,0,72.8
2507,fixed_split_mlp_covertype,stable,h3,1776520839622.292,1776520839752.797,130.505,0.000,129.503,2.052,1833,1577,80.0,1,0,71.3
2508,fixed_split_mlp_covertype,stable,h3,1776520839754.797,1776520839903.307,148.510,0.000,147.508,1.908,1833,1577,80.0,1,0,73.3
2509,fixed_split_mlp_covertype,stable,h3,1776520839905.308,1776520839990.815,85.507,0.000,84.476,1.859,1833,1577,80.0,1,0,72.5
2510,fixed_split_mlp_covertype,stable,h3,1776520839992.816,1776520840107.366,114.550,0.000,113.547,1.879,1833,1577,80.0,1,0,70.5
2511,fixed_split_mlp_covertype,stable,h3,1776520840108.363,1776520840238.971,130.608,1.000,128.607,1.838,1833,1577,80.0,1,0,72.7
2512,fixed_split_mlp_covertype,stable,h3,1776520840239.971,1776520840334.488,94.517,0.000,92.514,1.948,1833,1577,80.0,1,0,69.8
2513,fixed_split_mlp_covertype,stable,h3,1776520840335.488,1776520840426.995,91.507,1.000,90.507,1.788,1833,1577,80.0,1,0,74.7
2514,fixed_split_mlp_covertype,stable,h3,1776520840428.994,1776520840523.501,94.508,0.000,93.508,1.944,1833,1577,80.0,1,0,69.4
2515,fixed_split_mlp_covertype,stable,h3,1776520840525.502,1776520840606.503,81.001,0.000,81.001,1.747,1833,1577,80.0,1,0,70.5
2516,fixed_split_mlp_covertype,stable,h3,1776520840608.504,1776520840779.374,170.870,0.000,170.870,1.729,1833,1577,80.0,1,0,69.5
2517,fixed_split_mlp_covertype,stable,h3,1776520840781.372,1776520840933.391,152.020,0.000,151.015,1.971,1833,1577,80.0,1,0,69.4
2518,fixed_split_mlp_covertype,stable,h3,1776520840935.503,1776520841017.898,82.395,0.000,80.508,1.829,1833,1577,80.0,1,0,68.8
2519,fixed_split_mlp_covertype,stable,h3,1776520841019.898,1776520841161.409,141.511,0.000,140.507,1.935,1833,1577,80.0,1,0,74.5
2520,fixed_split_mlp_covertype,stable,h3,1776520841162.406,1776520841269.499,107.093,1.000,106.093,1.944,1833,1577,80.0,1,0,71.4
2521,fixed_split_mlp_covertype,stable,h3,1776520841271.498,1776520841407.008,135.510,0.000,134.509,1.852,1833,1577,80.0,1,0,70.1
2522,fixed_split_mlp_covertype,stable,h3,1776520841408.008,1776520841563.020,155.012,1.000,153.011,1.738,1833,1577,80.0,1,0,70.4
2523,fixed_split_mlp_covertype,stable,h3,1776520841564.020,1776520841658.530,94.510,1.000,92.509,1.714,1833,1577,80.0,1,0,68.0
2524,fixed_split_mlp_covertype,stable,h3,1776520841659.529,1776520841767.039,107.510,0.000,106.509,1.801,1833,1577,80.0,1,0,68.8
2525,fixed_split_mlp_covertype,stable,h3,1776520841769.038,1776520841822.547,53.509,0.000,53.509,1.787,1833,1577,80.0,0,0,69.8
2526,fixed_split_mlp_covertype,stable,h3,1776520841824.549,1776520841927.056,102.507,0.000,101.507,1.877,1833,1577,80.0,1,0,69.1
2527,fixed_split_mlp_covertype,stable,h3,1776520841928.056,1776520842069.563,141.508,1.001,140.507,1.834,1833,1577,80.0,1,0,70.8
2528,fixed_split_mlp_covertype,stable,h3,1776520842072.564,1776520842305.930,233.366,0.000,233.366,1.926,1833,1577,80.0,1,0,62.2
2529,fixed_split_mlp_covertype,stable,h3,1776520842306.824,1776520842418.974,112.150,0.000,111.245,1.908,1833,1577,80.0,1,0,60.3
2530,fixed_split_mlp_covertype,stable,h3,1776520842421.930,1776520842523.448,101.518,1.005,100.513,1.876,1833,1577,80.0,1,0,68.8
2531,fixed_split_mlp_covertype,stable,h3,1776520842525.449,1776520842656.956,131.507,0.000,131.507,1.786,1833,1577,80.0,1,0,69.4
2532,fixed_split_mlp_covertype,stable,h3,1776520842657.956,1776520842751.476,93.520,0.000,92.519,1.750,1833,1577,80.0,1,0,72.6
2533,fixed_split_mlp_covertype,stable,h3,1776520842753.474,1776520842942.497,189.023,0.000,188.023,2.311,1833,1577,80.0,1,0,70.3
2534,fixed_split_mlp_covertype,stable,h3,1776520842943.498,1776520843052.211,108.713,0.000,107.708,1.764,1833,1577,80.0,1,0,69.4
2535,fixed_split_mlp_covertype,stable,h3,1776520843054.239,1776520843139.742,85.503,0.000,83.573,2.001,1833,1577,80.0,1,0,68.8
2536,fixed_split_mlp_covertype,stable,h3,1776520843140.742,1776520843249.452,108.710,1.001,107.709,1.948,1833,1577,80.0,1,0,85.2
2537,fixed_split_mlp_covertype,stable,h3,1776520843251.452,1776520843393.964,142.512,0.000,141.512,2.129,1833,1577,80.0,1,0,69.4
2538,fixed_split_mlp_covertype,stable,h3,1776520843394.964,1776520843546.547,151.583,0.000,150.194,1.777,1833,1577,80.0,1,0,68.8
2539,fixed_split_mlp_covertype,stable,h3,1776520843548.550,1776520843664.590,116.040,0.000,114.041,1.855,1833,1577,80.0,1,0,68.1
2540,fixed_split_mlp_covertype,stable,h3,1776520843665.592,1776520843782.104,116.513,1.000,114.515,1.760,1833,1577,80.0,1,0,71.1
2541,fixed_split_mlp_covertype,stable,h3,1776520843783.104,1776520843931.819,148.715,0.000,147.824,1.857,1833,1577,80.0,1,0,79.4
2542,fixed_split_mlp_covertype,stable,h3,1776520843932.817,1776520844115.178,182.361,1.003,181.358,1.866,1833,1577,80.0,1,0,72.3
2543,fixed_split_mlp_covertype,stable,h3,1776520844117.180,1776520844268.755,151.576,0.000,149.576,1.788,1833,1577,80.0,1,0,78.3
2544,fixed_split_mlp_covertype,stable,h3,1776520844269.760,1776520844345.125,75.366,1.013,74.353,1.949,1833,1577,80.0,0,0,83.5
2545,fixed_split_mlp_covertype,stable,h3,1776520844347.125,1776520844482.143,135.017,0.000,135.017,1.765,1833,1577,80.0,1,0,77.9
2546,fixed_split_mlp_covertype,stable,h3,1776520844484.144,1776520844607.660,123.517,0.000,123.517,1.865,1833,1577,80.0,1,0,69.5
2547,fixed_split_mlp_covertype,stable,h3,1776520844608.660,1776520844683.171,74.511,1.000,73.511,1.922,1833,1577,80.0,0,0,69.6
2548,fixed_split_mlp_covertype,stable,h3,1776520844685.171,1776520844792.695,107.524,0.000,105.520,7.077,1833,1577,80.0,1,0,71.2
2549,fixed_split_mlp_covertype,stable,h3,1776520844793.695,1776520844918.724,125.029,0.000,123.030,6.960,1833,1577,80.0,1,0,75.2
2550,fixed_split_mlp_covertype,stable,h3,1776520844919.725,1776520844985.724,65.999,1.001,64.998,2.192,1833,1577,80.0,0,0,68.8
2551,fixed_split_mlp_covertype,stable,h3,1776520844987.728,1776520845124.810,137.082,0.000,136.082,1.880,1833,1577,80.0,1,0,68.5
2552,fixed_split_mlp_covertype,stable,h3,1776520845126.811,1776520845292.403,165.592,0.939,163.767,1.945,1833,1577,80.0,1,0,71.3
2553,fixed_split_mlp_covertype,stable,h3,1776520845294.335,1776520845435.445,141.110,0.000,140.084,1.689,1833,1577,80.0,1,0,68.1
2554,fixed_split_mlp_covertype,stable,h3,1776520845437.355,1776520845561.864,124.509,0.000,123.508,1.866,1833,1577,80.0,1,0,70.9
2555,fixed_split_mlp_covertype,stable,h3,1776520845562.868,1776520845733.083,170.216,0.000,169.148,1.970,1833,1577,80.0,1,0,67.6
2556,fixed_split_mlp_covertype,stable,h3,1776520845735.019,1776520845867.527,132.508,0.000,132.508,1.874,1833,1577,80.0,1,0,68.8
2557,fixed_split_mlp_covertype,stable,h3,1776520845869.528,1776520845988.229,118.700,0.000,118.700,1.747,1833,1577,80.0,1,0,71.1
2558,fixed_split_mlp_covertype,stable,h3,1776520845990.232,1776520846058.740,68.508,0.000,67.508,1.862,1833,1577,80.0,0,0,76.3
2559,fixed_split_mlp_covertype,stable,h3,1776520846059.741,1776520846174.291,114.550,1.001,112.549,2.022,1833,1577,80.0,1,0,68.1
2560,fixed_split_mlp_covertype,stable,h3,1776520846175.291,1776520846277.802,102.511,0.000,101.507,2.363,1833,1577,80.0,1,0,74.4
2561,fixed_split_mlp_covertype,stable,h3,1776520846279.805,1776520846395.322,115.517,0.000,114.515,1.736,1833,1577,80.0,1,0,67.5
2562,fixed_split_mlp_covertype,stable,h3,1776520846397.321,1776520846551.346,154.025,0.000,154.025,2.289,1833,1577,80.0,1,0,68.8
2563,fixed_split_mlp_covertype,stable,h3,1776520846553.347,1776520846612.350,59.003,0.000,59.003,1.793,1833,1577,80.0,0,0,71.0
2564,fixed_split_mlp_covertype,stable,h3,1776520846614.353,1776520846749.224,134.871,0.000,134.871,1.961,1833,1577,80.0,1,0,74.7
2565,fixed_split_mlp_covertype,stable,h3,1776520846751.221,1776520846907.741,156.520,0.000,155.519,2.153,1833,1577,80.0,1,0,70.0
2566,fixed_split_mlp_covertype,stable,h3,1776520846908.745,1776520847012.252,103.507,0.000,102.509,1.963,1833,1577,80.0,1,0,72.1
2567,fixed_split_mlp_covertype,stable,h3,1776520847014.255,1776520847088.726,74.471,0.000,74.471,1.803,1833,1577,80.0,0,0,68.8
2568,fixed_split_mlp_covertype,stable,h3,1776520847090.643,1776520847194.156,103.513,0.000,103.513,1.843,1833,1577,80.0,1,0,69.1
2569,fixed_split_mlp_covertype,stable,h3,1776520847196.154,1776520847326.174,130.020,0.000,129.018,2.062,1833,1577,80.0,1,0,71.6
2570,fixed_split_mlp_covertype,stable,h3,1776520847328.175,1776520847456.691,128.516,0.000,128.516,1.998,1833,1577,80.0,1,0,68.7
2571,fixed_split_mlp_covertype,stable,h3,1776520847458.695,1776520847559.203,100.508,0.000,100.508,1.757,1833,1577,80.0,1,0,70.5
2572,fixed_split_mlp_covertype,stable,h3,1776520847561.204,1776520847730.224,169.021,0.000,168.020,2.173,1833,1577,80.0,1,0,68.4
2573,fixed_split_mlp_covertype,stable,h3,1776520847732.225,1776520847863.854,131.629,0.000,131.629,1.871,1833,1577,80.0,1,0,70.5
2574,fixed_split_mlp_covertype,stable,h3,1776520847865.853,1776520847990.491,124.639,0.000,123.680,4.547,1833,1577,80.0,1,0,71.3
2575,fixed_split_mlp_covertype,stable,h3,1776520847991.491,1776520848113.345,121.854,1.001,120.854,2.034,1833,1577,80.0,1,0,70.5
2576,fixed_split_mlp_covertype,stable,h3,1776520848115.855,1776520848258.589,142.734,0.000,142.734,1.873,1833,1577,80.0,1,0,69.9
2577,fixed_split_mlp_covertype,stable,h3,1776520848260.591,1776520848360.143,99.552,0.000,99.552,2.121,1833,1577,80.0,1,0,69.6
2578,fixed_split_mlp_covertype,stable,h3,1776520848362.146,1776520848461.655,99.509,0.000,97.508,1.726,1833,1577,80.0,1,0,69.8
2579,fixed_split_mlp_covertype,stable,h3,1776520848462.655,1776520848655.677,193.022,0.000,192.021,1.987,1833,1577,80.0,1,0,71.2
2580,fixed_split_mlp_covertype,stable,h3,1776520848657.679,1776520848785.190,127.511,0.000,127.511,2.240,1833,1577,80.0,1,0,72.2
2581,fixed_split_mlp_covertype,stable,h3,1776520848786.190,1776520848945.210,159.020,0.000,158.017,2.053,1833,1577,80.0,1,0,67.5
2582,fixed_split_mlp_covertype,stable,h3,1776520848947.211,1776520849028.734,81.522,0.000,80.521,1.778,1833,1577,80.0,1,0,73.7
2583,fixed_split_mlp_covertype,stable,h3,1776520849030.732,1776520849182.241,151.509,0.000,151.509,1.785,1833,1577,80.0,1,0,69.2
2584,fixed_split_mlp_covertype,stable,h3,1776520849184.241,1776520849297.756,113.515,0.000,112.512,1.756,1833,1577,80.0,1,0,67.5
2585,fixed_split_mlp_covertype,stable,h3,1776520849299.760,1776520849428.785,129.025,0.000,127.017,1.802,1833,1577,80.0,1,0,69.0
2586,fixed_split_mlp_covertype,stable,h3,1776520849430.786,1776520849568.298,137.512,0.000,137.512,1.766,1833,1577,80.0,1,0,70.8
2587,fixed_split_mlp_covertype,stable,h3,1776520849570.300,1776520849664.835,94.535,0.000,94.535,1.734,1833,1577,80.0,1,0,69.8
2588,fixed_split_mlp_covertype,stable,h3,1776520849665.835,1776520849754.382,88.547,1.003,87.544,1.989,1833,1577,80.0,1,0,70.8
2589,fixed_split_mlp_covertype,stable,h3,1776520849756.393,1776520849913.860,157.467,0.000,156.510,2.005,1833,1577,80.0,1,0,68.8
2590,fixed_split_mlp_covertype,stable,h3,1776520849916.373,1776520850031.029,114.656,0.000,113.656,1.857,1833,1577,80.0,1,0,71.4
2591,fixed_split_mlp_covertype,stable,h3,1776520850032.029,1776520850175.578,143.550,0.000,142.546,2.244,1833,1577,80.0,1,0,67.8
2592,fixed_split_mlp_covertype,stable,h3,1776520850176.579,1776520850313.163,136.584,1.352,135.232,1.771,1833,1577,80.0,1,0,69.7
2593,fixed_split_mlp_covertype,stable,h3,1776520850314.162,1776520850472.180,158.018,1.001,156.018,1.803,1833,1577,80.0,1,0,67.9
2594,fixed_split_mlp_covertype,stable,h3,1776520850474.181,1776520850656.113,181.932,0.000,180.932,1.743,1833,1577,80.0,1,0,68.9
2595,fixed_split_mlp_covertype,stable,h3,1776520850658.115,1776520850755.695,97.580,0.000,95.872,1.858,1833,1577,80.0,1,0,68.8
2596,fixed_split_mlp_covertype,stable,h3,1776520850756.661,1776520850947.721,191.060,0.000,190.017,1.941,1833,1577,80.0,1,0,69.1
2597,fixed_split_mlp_covertype,stable,h3,1776520850949.721,1776520851052.312,102.591,0.000,102.591,2.054,1833,1577,80.0,1,0,70.1
2598,fixed_split_mlp_covertype,stable,h3,1776520851054.313,1776520851196.134,141.821,0.000,141.821,2.038,1833,1577,80.0,1,0,69.4
2599,fixed_split_mlp_covertype,stable,h3,1776520851198.137,1776520851275.091,76.954,0.000,76.954,1.771,1833,1577,80.0,0,0,71.9
2600,fixed_split_mlp_covertype,stable,h3,1776520851277.090,1776520851379.751,102.661,0.000,101.666,1.738,1833,1577,80.0,1,0,69.1
2601,fixed_split_mlp_covertype,stable,h3,1776520851381.719,1776520851537.391,155.673,0.000,155.673,1.881,1833,1577,80.0,1,0,68.8
2602,fixed_split_mlp_covertype,stable,h3,1776520851539.356,1776520851605.357,66.001,0.000,64.934,1.876,1833,1577,80.0,0,0,74.4
2603,fixed_split_mlp_covertype,stable,h3,1776520851607.357,1776520851721.385,114.028,0.000,114.028,1.820,1833,1577,80.0,1,0,69.3
2604,fixed_split_mlp_covertype,stable,h3,1776520851723.384,1776520851779.385,56.000,0.000,53.996,1.803,1833,1577,80.0,0,0,68.8
2605,fixed_split_mlp_covertype,stable,h3,1776520851780.385,1776520851897.053,116.668,1.002,115.666,1.738,1833,1577,80.0,1,0,70.0
2606,fixed_split_mlp_covertype,stable,h3,1776520851899.018,1776520852005.576,106.558,0.000,106.558,1.788,1833,1577,80.0,1,0,74.8
2607,fixed_split_mlp_covertype,stable,h3,1776520852007.575,1776520852124.616,117.041,0.000,116.044,1.826,1833,1577,80.0,1,0,79.1
2608,fixed_split_mlp_covertype,stable,h3,1776520852125.620,1776520852209.505,83.885,1.000,82.885,1.763,1833,1577,80.0,1,0,75.9
2609,fixed_split_mlp_covertype,stable,h3,1776520852210.506,1776520852316.496,105.990,0.998,104.992,1.795,1833,1577,80.0,1,0,69.0
2610,fixed_split_mlp_covertype,stable,h3,1776520852318.000,1776520852436.518,118.519,0.000,117.494,1.763,1833,1577,80.0,1,0,70.3
2611,fixed_split_mlp_covertype,stable,h3,1776520852438.520,1776520852557.032,118.512,0.000,117.511,1.762,1833,1577,80.0,1,0,70.3
2612,fixed_split_mlp_covertype,stable,h3,1776520852558.032,1776520852713.589,155.557,1.004,154.554,1.786,1833,1577,80.0,1,0,70.3
2613,fixed_split_mlp_covertype,stable,h3,1776520852715.632,1776520852783.095,67.463,0.958,65.505,1.828,1833,1577,80.0,0,0,69.2
2614,fixed_split_mlp_covertype,stable,h3,1776520852784.096,1776520852886.609,102.513,0.000,100.508,2.273,1833,1577,80.0,1,0,77.0
2615,fixed_split_mlp_covertype,stable,h3,1776520852887.609,1776520853003.124,115.514,1.001,113.509,6.840,1833,1577,80.0,1,0,69.6
2616,fixed_split_mlp_covertype,stable,h3,1776520853005.125,1776520853085.638,80.513,0.000,79.510,1.914,1833,1577,80.0,1,0,68.8
2617,fixed_split_mlp_covertype,stable,h3,1776520853086.636,1776520853209.178,122.542,0.000,120.539,1.932,1833,1577,80.0,1,0,69.5
2618,fixed_split_mlp_covertype,stable,h3,1776520853211.177,1776520853330.200,119.022,0.000,119.022,1.701,1833,1577,80.0,1,0,70.5
2619,fixed_split_mlp_covertype,stable,h3,1776520853332.202,1776520853439.796,107.594,0.000,107.594,1.664,1833,1577,80.0,1,0,68.8
2620,fixed_split_mlp_covertype,stable,h3,1776520853440.796,1776520853560.308,119.511,1.001,117.510,2.105,1833,1577,80.0,1,0,70.6
2621,fixed_split_mlp_covertype,stable,h3,1776520853561.308,1776520853742.331,181.023,0.000,180.021,2.951,1833,1577,80.0,1,0,68.0
2622,fixed_split_mlp_covertype,stable,h3,1776520853744.330,1776520853861.842,117.512,0.000,117.512,1.709,1833,1577,80.0,1,0,70.3
2623,fixed_split_mlp_covertype,stable,h3,1776520853863.842,1776520853998.393,134.550,0.000,133.549,1.870,1833,1577,80.0,1,0,70.2
2624,fixed_split_mlp_covertype,stable,h3,1776520854000.434,1776520854071.375,70.941,0.000,69.020,1.785,1833,1577,80.0,0,0,67.2
2625,fixed_split_mlp_covertype,stable,h3,1776520854072.344,1776520854171.974,99.629,1.045,98.585,1.859,1833,1577,80.0,1,0,69.6
2626,fixed_split_mlp_covertype,stable,h3,1776520854172.973,1776520854298.520,125.546,0.000,124.547,1.821,1833,1577,80.0,1,0,71.0
2627,fixed_split_mlp_covertype,stable,h3,1776520854300.523,1776520854475.542,175.018,0.000,174.018,1.752,1833,1577,80.0,1,0,67.8
2628,fixed_split_mlp_covertype,stable,h3,1776520854476.542,1776520854577.053,100.511,0.000,99.510,1.925,1833,1577,80.0,1,0,72.3
2629,fixed_split_mlp_covertype,stable,h3,1776520854578.054,1776520854667.581,89.527,1.002,88.525,1.745,1833,1577,80.0,1,0,68.8
2630,fixed_split_mlp_covertype,stable,h3,1776520854669.564,1776520854758.074,88.510,0.000,87.509,1.760,1833,1577,80.0,1,0,69.1
2631,fixed_split_mlp_covertype,stable,h3,1776520854760.075,1776520854851.585,91.510,0.000,90.510,1.987,1833,1577,80.0,1,0,75.0
2632,fixed_split_mlp_covertype,stable,h3,1776520854852.585,1776520854968.096,115.511,1.002,113.509,1.862,1833,1577,80.0,1,0,70.6
2633,fixed_split_mlp_covertype,stable,h3,1776520854969.097,1776520855094.607,125.510,0.000,123.509,1.737,1833,1577,80.0,1,0,68.7
2634,fixed_split_mlp_covertype,stable,h3,1776520855095.608,1776520855198.120,102.512,0.000,100.509,1.860,1833,1577,80.0,1,0,70.9
2635,fixed_split_mlp_covertype,stable,h3,1776520855199.119,1776520855317.632,118.513,0.000,117.509,1.786,1833,1577,80.0,1,0,69.6
2636,fixed_split_mlp_covertype,stable,h3,1776520855319.696,1776520855460.212,140.516,0.000,140.516,1.730,1833,1577,80.0,1,0,69.4
2637,fixed_split_mlp_covertype,stable,h3,1776520855462.212,1776520855570.767,108.555,0.000,108.555,1.724,1833,1577,80.0,1,0,69.6
2638,fixed_split_mlp_covertype,stable,h3,1776520855572.764,1776520855641.313,68.549,0.000,66.548,1.770,1833,1577,80.0,0,0,73.1
2639,fixed_split_mlp_covertype,stable,h3,1776520855642.313,1776520855748.022,105.708,1.001,104.708,1.987,1833,1577,80.0,1,0,73.0
2640,fixed_split_mlp_covertype,stable,h3,1776520855750.022,1776520855867.536,117.513,0.000,117.513,1.831,1833,1577,80.0,1,0,70.8
2641,fixed_split_mlp_covertype,stable,h3,1776520855868.534,1776520855948.043,79.510,1.001,77.509,1.836,1833,1577,80.0,0,0,73.7
2642,fixed_split_mlp_covertype,stable,h3,1776520855950.044,1776520856105.573,155.529,0.000,153.527,1.952,1833,1577,80.0,1,0,73.3
2643,fixed_split_mlp_covertype,stable,h3,1776520856106.574,1776520856197.078,90.504,0.000,90.504,2.244,1833,1577,80.0,1,0,72.6
2644,fixed_split_mlp_covertype,stable,h3,1776520856198.079,1776520856323.109,125.031,1.005,124.025,1.843,1833,1577,80.0,1,0,70.1
2645,fixed_split_mlp_covertype,stable,h3,1776520856325.090,1776520856446.927,121.837,0.000,120.837,1.873,1833,1577,80.0,1,0,68.1
2646,fixed_split_mlp_covertype,stable,h3,1776520856448.001,1776520856560.519,112.518,0.963,110.556,2.038,1833,1577,80.0,1,0,70.5
2647,fixed_split_mlp_covertype,stable,h3,1776520856561.562,1776520856658.032,96.470,0.000,94.492,1.977,1833,1577,80.0,1,0,69.4
2648,fixed_split_mlp_covertype,stable,h3,1776520856659.031,1776520856800.849,141.819,0.000,139.641,1.766,1833,1577,80.0,1,0,68.3
2649,fixed_split_mlp_covertype,stable,h3,1776520856802.107,1776520856936.943,134.836,1.009,133.826,2.238,1833,1577,80.0,1,0,77.6
2650,fixed_split_mlp_covertype,stable,h3,1776520856938.943,1776520857039.458,100.515,0.000,99.514,1.772,1833,1577,80.0,1,0,67.3
2651,fixed_split_mlp_covertype,stable,h3,1776520857040.457,1776520857152.604,112.147,0.000,111.146,1.789,1833,1577,80.0,1,0,73.4
2652,fixed_split_mlp_covertype,stable,h3,1776520857154.604,1776520857272.365,117.761,0.000,116.722,1.738,1833,1577,80.0,1,0,69.6
2653,fixed_split_mlp_covertype,stable,h3,1776520857273.365,1776520857389.005,115.639,0.965,114.674,1.801,1833,1577,80.0,1,0,70.6
2654,fixed_split_mlp_covertype,stable,h3,1776520857391.009,1776520857544.289,153.281,0.000,152.324,1.928,1833,1577,80.0,1,0,67.9
2655,fixed_split_mlp_covertype,stable,h3,1776520857545.328,1776520857725.434,180.106,0.000,178.037,1.683,1833,1577,80.0,1,0,69.1
2656,fixed_split_mlp_covertype,stable,h3,1776520857726.434,1776520857830.945,104.510,0.000,102.508,1.743,1833,1577,80.0,1,0,69.6
2657,fixed_split_mlp_covertype,stable,h3,1776520857831.949,1776520858017.506,185.557,0.000,185.557,1.909,1833,1577,80.0,1,0,69.5
2658,fixed_split_mlp_covertype,stable,h3,1776520858019.510,1776520858130.563,111.054,0.000,111.054,1.797,1833,1577,80.0,1,0,68.4
2659,fixed_split_mlp_covertype,stable,h3,1776520858132.528,1776520858251.048,118.520,0.000,118.520,1.877,1833,1577,80.0,1,0,70.1
2660,fixed_split_mlp_covertype,stable,h3,1776520858253.044,1776520858417.637,164.594,0.000,163.625,1.748,1833,1577,80.0,1,0,68.4
2661,fixed_split_mlp_covertype,stable,h3,1776520858418.671,1776520858555.547,136.876,0.000,135.874,1.794,1833,1577,80.0,1,0,72.5
2662,fixed_split_mlp_covertype,stable,h3,1776520858557.550,1776520858642.134,84.583,0.000,83.528,1.729,1833,1577,80.0,1,0,68.8
2663,fixed_split_mlp_covertype,stable,h3,1776520858644.137,1776520858758.651,114.514,0.000,114.514,1.911,1833,1577,80.0,1,0,67.5
2664,fixed_split_mlp_covertype,stable,h3,1776520858760.649,1776520858973.766,213.117,0.000,213.117,1.801,1833,1577,80.0,1,0,70.8
2665,fixed_split_mlp_covertype,stable,h3,1776520858974.781,1776520859070.287,95.506,0.999,93.507,1.952,1833,1577,80.0,1,0,63.6
2666,fixed_split_mlp_covertype,stable,h3,1776520859071.287,1776520859195.796,124.509,0.000,123.507,3.063,1833,1577,80.0,1,0,73.8
2667,fixed_split_mlp_covertype,stable,h3,1776520859197.795,1776520859386.811,189.016,0.000,189.016,1.972,1833,1577,80.0,1,0,71.0
2668,fixed_split_mlp_covertype,stable,h3,1776520859389.812,1776520859498.320,108.508,0.000,108.508,1.710,1833,1577,80.0,1,0,71.9
2669,fixed_split_mlp_covertype,stable,h3,1776520859500.323,1776520859636.334,136.012,0.000,135.012,1.899,1833,1577,80.0,1,0,70.1
2670,fixed_split_mlp_covertype,stable,h3,1776520859637.334,1776520859739.841,102.506,0.000,101.505,1.736,1833,1577,80.0,1,0,70.8
2671,fixed_split_mlp_covertype,stable,h3,1776520859741.840,1776520859843.347,101.506,0.000,101.506,1.781,1833,1577,80.0,1,0,71.3
2672,fixed_split_mlp_covertype,stable,h3,1776520859845.347,1776520859925.855,80.508,0.000,79.491,1.848,1833,1577,80.0,1,0,71.4
2673,fixed_split_mlp_covertype,stable,h3,1776520859926.855,1776520860090.993,164.139,1.001,163.138,1.788,1833,1577,80.0,1,0,71.6
2674,fixed_split_mlp_covertype,stable,h3,1776520860092.993,1776520860252.515,159.521,0.000,157.521,1.846,1833,1577,80.0,1,0,71.7
2675,fixed_split_mlp_covertype,stable,h3,1776520860254.515,1776520860322.533,68.019,0.000,67.508,2.021,1833,1577,80.0,0,0,71.2
2676,fixed_split_mlp_covertype,stable,h3,1776520860323.538,1776520860415.539,92.001,0.000,90.002,1.981,1833,1577,80.0,1,0,67.9
2677,fixed_split_mlp_covertype,stable,h3,1776520860416.539,1776520860531.555,115.016,1.000,113.015,1.832,1833,1577,80.0,1,0,68.8
2678,fixed_split_mlp_covertype,stable,h3,1776520860532.555,1776520860680.062,147.507,1.000,145.507,2.300,1833,1577,80.0,1,0,69.4
2679,fixed_split_mlp_covertype,stable,h3,1776520860681.062,1776520860832.077,151.015,0.000,149.012,1.848,1833,1577,80.0,1,0,70.6
2680,fixed_split_mlp_covertype,stable,h3,1776520860834.075,1776520861019.585,185.510,0.000,183.510,2.054,1833,1577,80.0,1,0,68.8
2681,fixed_split_mlp_covertype,stable,h3,1776520861020.585,1776520861158.604,138.019,0.000,138.019,2.820,1833,1577,80.0,1,0,68.8
2682,fixed_split_mlp_covertype,stable,h3,1776520861160.604,1776520861252.110,91.506,0.000,90.505,1.947,1833,1577,80.0,1,0,71.9
2683,fixed_split_mlp_covertype,stable,h3,1776520861254.111,1776520861354.617,100.506,0.000,100.506,9.439,1833,1577,80.0,1,0,70.3
2684,fixed_split_mlp_covertype,stable,h3,1776520861356.617,1776520861476.125,119.508,0.000,119.508,2.312,1833,1577,80.0,1,0,69.0
2685,fixed_split_mlp_covertype,stable,h3,1776520861478.124,1776520861677.140,199.017,1.001,198.016,2.275,1833,1577,80.0,1,0,71.5
2686,fixed_split_mlp_covertype,stable,h3,1776520861679.141,1776520861743.648,64.507,0.000,63.508,2.311,1833,1577,80.0,0,0,70.9
2687,fixed_split_mlp_covertype,stable,h3,1776520861745.648,1776520861868.156,122.508,0.000,121.508,2.307,1833,1577,80.0,1,0,67.5
2688,fixed_split_mlp_covertype,stable,h3,1776520861869.156,1776520861985.663,116.507,0.000,114.507,5.977,1833,1577,80.0,1,0,69.5
2689,fixed_split_mlp_covertype,stable,h3,1776520861987.663,1776520862120.186,132.523,0.000,131.523,3.537,1833,1577,80.0,1,0,79.7
2690,fixed_split_mlp_covertype,stable,h3,1776520862121.186,1776520862264.200,143.014,1.000,142.014,1.747,1833,1577,80.0,1,0,70.1
2691,fixed_split_mlp_covertype,stable,h3,1776520862266.200,1776520862400.552,134.353,0.000,133.353,2.549,1833,1577,80.0,1,0,69.4
2692,fixed_split_mlp_covertype,stable,h3,1776520862401.553,1776520862500.060,98.507,1.000,96.507,4.616,1833,1577,80.0,1,0,68.0
2693,fixed_split_mlp_covertype,stable,h3,1776520862501.060,1776520862607.570,106.510,1.004,104.503,5.421,1833,1577,80.0,1,0,70.9
2694,fixed_split_mlp_covertype,stable,h3,1776520862608.573,1776520862736.585,128.012,0.000,126.012,2.585,1833,1577,80.0,1,0,67.7
2695,fixed_split_mlp_covertype,stable,h3,1776520862738.586,1776520862835.093,96.507,0.000,94.507,2.061,1833,1577,80.0,1,0,69.8
2696,fixed_split_mlp_covertype,stable,h3,1776520862836.093,1776520862919.095,83.002,0.000,83.002,8.850,1833,1577,80.0,1,0,70.8
2697,fixed_split_mlp_covertype,stable,h3,1776520862921.095,1776520863021.610,100.515,0.000,99.515,2.388,1833,1577,80.0,1,0,69.5
2698,fixed_split_mlp_covertype,stable,h3,1776520863023.113,1776520863129.623,106.510,0.000,106.510,1.994,1833,1577,80.0,1,0,68.1
2699,fixed_split_mlp_covertype,stable,h3,1776520863131.623,1776520863295.131,163.508,0.000,162.507,1.769,1833,1577,80.0,1,0,70.6
2700,fixed_split_mlp_covertype,stable,h3,1776520863297.131,1776520863432.145,135.014,0.000,133.013,1.762,1833,1577,80.0,1,0,70.9
2701,fixed_split_mlp_covertype,stable,h3,1776520863434.145,1776520863581.654,147.509,0.000,146.507,1.879,1833,1577,80.0,1,0,68.0
2702,fixed_split_mlp_covertype,stable,h3,1776520863582.652,1776520863664.159,81.507,0.000,79.503,1.811,1833,1577,80.0,1,0,68.8
2703,fixed_split_mlp_covertype,stable,h3,1776520863665.158,1776520863788.666,123.507,0.000,122.507,1.817,1833,1577,80.0,1,0,70.3
2704,fixed_split_mlp_covertype,stable,h3,1776520863790.666,1776520863923.680,133.015,0.000,133.015,1.736,1833,1577,80.0,1,0,69.9
2705,fixed_split_mlp_covertype,stable,h3,1776520863924.680,1776520864039.188,114.508,1.000,112.508,1.939,1833,1577,80.0,1,0,69.0
2706,fixed_split_mlp_covertype,stable,h3,1776520864040.188,1776520864185.695,145.507,1.001,143.506,1.809,1833,1577,80.0,1,0,69.8
2707,fixed_split_mlp_covertype,stable,h3,1776520864186.695,1776520864297.204,110.509,1.001,109.508,2.349,1833,1577,80.0,1,0,73.0
2708,fixed_split_mlp_covertype,stable,h3,1776520864299.204,1776520864404.711,105.507,0.000,103.507,1.988,1833,1577,80.0,1,0,70.3
2709,fixed_split_mlp_covertype,stable,h3,1776520864405.711,1776520864516.225,110.515,1.000,109.514,1.832,1833,1577,80.0,1,0,69.6
2710,fixed_split_mlp_covertype,stable,h3,1776520864518.224,1776520864605.729,87.505,0.000,86.505,1.889,1833,1577,80.0,1,0,68.4
2711,fixed_split_mlp_covertype,stable,h3,1776520864606.729,1776520864737.745,131.015,1.000,129.015,1.911,1833,1577,80.0,1,0,69.5
2712,fixed_split_mlp_covertype,stable,h3,1776520864738.745,1776520864845.252,106.508,1.001,104.507,1.708,1833,1577,80.0,1,0,68.4
2713,fixed_split_mlp_covertype,stable,h3,1776520864846.257,1776520864940.759,94.502,0.000,93.505,2.041,1833,1577,80.0,1,0,71.1
2714,fixed_split_mlp_covertype,stable,h3,1776520864942.760,1776520865115.270,172.511,0.000,171.508,1.835,1833,1577,80.0,1,0,68.8
2715,fixed_split_mlp_covertype,stable,h3,1776520865116.269,1776520865255.282,139.013,1.003,138.010,1.747,1833,1577,80.0,1,0,70.1
2716,fixed_split_mlp_covertype,stable,h3,1776520865257.282,1776520865409.791,152.509,0.000,150.506,1.978,1833,1577,80.0,1,0,68.8
2717,fixed_split_mlp_covertype,stable,h3,1776520865410.791,1776520865502.296,91.504,1.000,90.505,1.806,1833,1577,80.0,1,0,72.2
2718,fixed_split_mlp_covertype,stable,h3,1776520865503.296,1776520865604.803,101.507,1.003,100.505,1.907,1833,1577,80.0,1,0,71.7
2719,fixed_split_mlp_covertype,stable,h3,1776520865606.803,1776520865705.311,98.508,0.000,98.508,1.851,1833,1577,80.0,1,0,68.8
2720,fixed_split_mlp_covertype,stable,h3,1776520865707.311,1776520865856.325,149.014,0.000,148.011,1.959,1833,1577,80.0,1,0,69.4
2721,fixed_split_mlp_covertype,stable,h3,1776520865858.325,1776520865947.832,89.507,0.000,89.507,2.205,1833,1577,80.0,1,0,70.2
2722,fixed_split_mlp_covertype,stable,h3,1776520865948.832,1776520866075.343,126.511,1.000,124.508,2.030,1833,1577,80.0,1,0,69.5
2723,fixed_split_mlp_covertype,stable,h3,1776520866076.340,1776520866205.846,129.507,1.000,128.507,1.754,1833,1577,80.0,1,0,67.7
2724,fixed_split_mlp_covertype,stable,h3,1776520866207.847,1776520866345.861,138.014,0.000,137.014,1.938,1833,1577,80.0,1,0,69.4
2725,fixed_split_mlp_covertype,stable,h3,1776520866347.861,1776520866498.367,150.507,0.000,149.507,1.982,1833,1577,80.0,1,0,70.1
2726,fixed_split_mlp_covertype,stable,h3,1776520866499.368,1776520866624.383,125.015,0.000,123.011,1.736,1833,1577,80.0,1,0,68.5
2727,fixed_split_mlp_covertype,stable,h3,1776520866625.383,1776520866770.890,145.508,1.000,144.508,1.995,1833,1577,80.0,1,0,71.0
2728,fixed_split_mlp_covertype,stable,h3,1776520866772.891,1776520866868.906,96.015,0.000,95.015,1.741,1833,1577,80.0,1,0,69.9
2729,fixed_split_mlp_covertype,stable,h3,1776520866870.906,1776520866985.415,114.510,0.000,113.509,2.069,1833,1577,80.0,1,0,68.8
2730,fixed_split_mlp_covertype,stable,h3,1776520866987.415,1776520867139.433,152.018,0.000,150.015,1.783,1833,1577,80.0,1,0,70.7
2731,fixed_split_mlp_covertype,stable,h3,1776520867141.431,1776520867242.940,101.509,0.000,100.506,1.777,1833,1577,80.0,1,0,70.4
2732,fixed_split_mlp_covertype,stable,h3,1776520867243.939,1776520867410.448,166.509,0.000,165.509,1.755,1833,1577,80.0,1,0,70.6
2733,fixed_split_mlp_covertype,stable,h3,1776520867412.448,1776520867545.460,133.011,0.000,132.011,1.890,1833,1577,80.0,1,0,72.7
2734,fixed_split_mlp_covertype,stable,h3,1776520867547.460,1776520867668.967,121.507,0.000,120.507,1.904,1833,1577,80.0,1,0,70.5
2735,fixed_split_mlp_covertype,stable,h3,1776520867670.967,1776520867746.475,75.508,0.000,74.508,1.722,1833,1577,80.0,0,0,70.5
2736,fixed_split_mlp_covertype,stable,h3,1776520867747.475,1776520867886.982,139.508,0.000,138.507,2.098,1833,1577,80.0,1,0,69.6
2737,fixed_split_mlp_covertype,stable,h3,1776520867888.982,1776520868031.996,143.014,1.000,141.014,1.881,1833,1577,80.0,1,0,75.7
2738,fixed_split_mlp_covertype,stable,h3,1776520868033.997,1776520868155.503,121.507,0.000,120.507,1.909,1833,1577,80.0,1,0,70.1
2739,fixed_split_mlp_covertype,stable,h3,1776520868156.503,1776520868256.011,99.508,0.000,97.506,1.827,1833,1577,80.0,1,0,75.8
2740,fixed_split_mlp_covertype,stable,h3,1776520868257.010,1776520868465.919,208.908,1.002,207.906,1.777,1833,1577,80.0,1,0,69.4
2741,fixed_split_mlp_covertype,stable,h3,1776520868467.154,1776520868604.656,137.502,0.000,136.458,2.107,1833,1577,80.0,1,0,65.4
2742,fixed_split_mlp_covertype,stable,h3,1776520868605.653,1776520868673.323,67.669,0.000,66.707,1.912,1833,1577,80.0,0,0,71.0
2743,fixed_split_mlp_covertype,stable,h3,1776520868675.308,1776520868767.698,92.390,0.000,91.391,1.936,1833,1577,80.0,1,0,66.7
2744,fixed_split_mlp_covertype,stable,h3,1776520868768.701,1776520868925.902,157.201,1.002,156.199,1.730,1833,1577,80.0,1,0,70.9
2745,fixed_split_mlp_covertype,stable,h3,1776520868927.909,1776520869010.910,83.000,0.000,82.037,1.682,1833,1577,80.0,1,0,69.1
2746,fixed_split_mlp_covertype,stable,h3,1776520869011.942,1776520869171.943,160.001,0.968,159.033,1.862,1833,1577,80.0,1,0,68.9
2747,fixed_split_mlp_covertype,stable,h3,1776520869172.946,1776520869328.209,155.262,0.991,154.271,1.743,1833,1577,80.0,1,0,71.2
2748,fixed_split_mlp_covertype,stable,h3,1776520869330.172,1776520869461.814,131.642,0.000,131.642,1.750,1833,1577,80.0,1,0,72.5
2749,fixed_split_mlp_covertype,stable,h3,1776520869463.854,1776520869579.459,115.605,0.000,114.594,2.005,1833,1577,80.0,1,0,74.0
2750,fixed_split_mlp_covertype,stable,h3,1776520869580.459,1776520869728.653,148.193,0.000,147.061,1.895,1833,1577,80.0,1,0,69.4
2751,fixed_split_mlp_covertype,stable,h3,1776520869730.635,1776520869874.287,143.652,0.000,143.652,1.913,1833,1577,80.0,1,0,70.1
2752,fixed_split_mlp_covertype,stable,h3,1776520869876.235,1776520869974.796,98.561,0.000,98.561,1.814,1833,1577,80.0,1,0,68.4
2753,fixed_split_mlp_covertype,stable,h3,1776520869976.798,1776520870116.480,139.683,0.000,139.683,1.842,1833,1577,80.0,1,0,68.7
2754,fixed_split_mlp_covertype,stable,h3,1776520870118.504,1776520870250.397,131.892,0.000,130.927,1.743,1833,1577,80.0,1,0,71.3
2755,fixed_split_mlp_covertype,stable,h3,1776520870251.435,1776520870445.390,193.955,1.256,192.699,1.804,1833,1577,80.0,1,0,69.1
2756,fixed_split_mlp_covertype,stable,h3,1776520870447.437,1776520870563.017,115.580,0.000,115.580,1.870,1833,1577,80.0,1,0,72.2
2757,fixed_split_mlp_covertype,stable,h3,1776520870564.053,1776520870694.654,130.601,1.001,129.600,1.913,1833,1577,80.0,1,0,67.7
2758,fixed_split_mlp_covertype,stable,h3,1776520870696.688,1776520870790.286,93.597,0.000,92.597,1.780,1833,1577,80.0,1,0,69.8
2759,fixed_split_mlp_covertype,stable,h3,1776520870791.328,1776520870880.352,89.024,0.000,87.064,1.817,1833,1577,80.0,1,0,74.5
2760,fixed_split_mlp_covertype,stable,h3,1776520870881.353,1776520871009.875,128.522,0.000,127.521,1.835,1833,1577,80.0,1,0,82.3
2761,fixed_split_mlp_covertype,stable,h3,1776520871010.815,1776520871148.960,138.145,0.000,137.139,1.967,1833,1577,80.0,1,0,68.2
2762,fixed_split_mlp_covertype,stable,h3,1776520871150.958,1776520871242.050,91.093,0.000,90.058,1.770,1833,1577,80.0,1,0,68.8
2763,fixed_split_mlp_covertype,stable,h3,1776520871244.013,1776520871357.740,113.727,0.000,113.727,1.755,1833,1577,80.0,1,0,73.2
2764,fixed_split_mlp_covertype,stable,h3,1776520871359.777,1776520871433.411,73.634,0.000,72.607,1.767,1833,1577,80.0,0,0,69.6
2765,fixed_split_mlp_covertype,stable,h3,1776520871435.429,1776520871510.911,75.482,0.000,74.499,2.187,1833,1577,80.0,0,0,68.8
2766,fixed_split_mlp_covertype,stable,h3,1776520871512.917,1776520871619.542,106.625,0.000,105.624,2.001,1833,1577,80.0,1,0,71.8
2767,fixed_split_mlp_covertype,stable,h3,1776520871620.544,1776520871778.814,158.270,0.000,157.232,1.765,1833,1577,80.0,1,0,67.1
2768,fixed_split_mlp_covertype,stable,h3,1776520871780.780,1776520871894.444,113.665,0.000,113.665,1.918,1833,1577,80.0,1,0,69.0
2769,fixed_split_mlp_covertype,stable,h3,1776520871896.352,1776520872012.400,116.048,0.000,113.737,1.797,1833,1577,80.0,1,0,69.8
2770,fixed_split_mlp_covertype,stable,h3,1776520872013.406,1776520872230.053,216.647,0.000,214.307,1.885,1833,1577,80.0,1,0,67.6
2771,fixed_split_mlp_covertype,stable,h3,1776520872230.053,1776520872333.542,103.489,0.982,101.507,1.759,1833,1577,80.0,1,0,60.6
2772,fixed_split_mlp_covertype,stable,h3,1776520872334.542,1776520872494.049,159.507,0.000,157.506,2.125,1833,1577,80.0,1,0,70.9
2773,fixed_split_mlp_covertype,stable,h3,1776520872496.050,1776520872557.557,61.507,0.000,60.507,1.770,1833,1577,80.0,0,0,71.0
2774,fixed_split_mlp_covertype,stable,h3,1776520872558.556,1776520872656.067,97.510,0.000,95.510,1.705,1833,1577,80.0,1,0,66.7
2775,fixed_split_mlp_covertype,stable,h3,1776520872658.066,1776520872754.573,96.507,0.000,95.507,1.849,1833,1577,80.0,1,0,68.8
2776,fixed_split_mlp_covertype,stable,h3,1776520872755.573,1776520872895.081,139.508,1.002,138.506,1.779,1833,1577,80.0,1,0,68.8
2777,fixed_split_mlp_covertype,stable,h3,1776520872897.081,1776520873061.097,164.016,0.000,163.015,1.961,1833,1577,80.0,1,0,70.1
2778,fixed_split_mlp_covertype,stable,h3,1776520873062.096,1776520873172.604,110.508,0.000,108.507,1.865,1833,1577,80.0,1,0,68.1
2779,fixed_split_mlp_covertype,stable,h3,1776520873173.604,1776520873328.618,155.014,1.001,154.013,1.707,1833,1577,80.0,1,0,68.9
2780,fixed_split_mlp_covertype,stable,h3,1776520873330.618,1776520873466.125,135.507,0.000,134.507,2.002,1833,1577,80.0,1,0,72.1
2781,fixed_split_mlp_covertype,stable,h3,1776520873468.126,1776520873545.632,77.506,0.000,77.506,1.751,1833,1577,80.0,0,0,67.1
2782,fixed_split_mlp_covertype,stable,h3,1776520873547.632,1776520873712.139,164.507,0.000,164.507,1.838,1833,1577,80.0,1,0,69.5
2783,fixed_split_mlp_covertype,stable,h3,1776520873713.142,1776520873852.155,139.013,1.000,138.013,1.882,1833,1577,80.0,1,0,69.6
2784,fixed_split_mlp_covertype,stable,h3,1776520873854.155,1776520873977.663,123.508,0.000,122.508,2.065,1833,1577,80.0,1,0,71.5
2785,fixed_split_mlp_covertype,stable,h3,1776520873979.662,1776520874121.172,141.510,0.000,141.510,1.868,1833,1577,80.0,1,0,69.3
2786,fixed_split_mlp_covertype,stable,h3,1776520874124.174,1776520874278.187,154.013,0.000,154.013,1.932,1833,1577,80.0,1,0,68.3
2787,fixed_split_mlp_covertype,stable,h3,1776520874280.187,1776520874431.201,151.014,0.000,151.014,2.029,1833,1577,80.0,1,0,71.8
2788,fixed_split_mlp_covertype,stable,h3,1776520874433.201,1776520874580.708,147.507,0.000,146.504,1.964,1833,1577,80.0,1,0,68.7
2789,fixed_split_mlp_covertype,stable,h3,1776520874582.708,1776520874716.218,133.509,1.000,132.509,1.935,1833,1577,80.0,1,0,69.0
2790,fixed_split_mlp_covertype,stable,h3,1776520874718.218,1776520874872.231,154.013,0.000,153.010,2.142,1833,1577,80.0,1,0,68.9
2791,fixed_split_mlp_covertype,stable,h3,1776520874874.231,1776520874943.738,69.508,0.000,69.508,2.488,1833,1577,80.0,0,0,70.3
2792,fixed_split_mlp_covertype,stable,h3,1776520874945.738,1776520875102.246,156.508,0.000,156.508,1.938,1833,1577,80.0,1,0,70.0
2793,fixed_split_mlp_covertype,stable,h3,1776520875104.245,1776520875210.752,106.507,0.000,104.506,2.161,1833,1577,80.0,1,0,69.3
2794,fixed_split_mlp_covertype,stable,h3,1776520875211.752,1776520875318.264,106.512,1.002,105.510,2.605,1833,1577,80.0,1,0,69.6
2795,fixed_split_mlp_covertype,stable,h3,1776520875320.264,1776520875446.277,126.013,1.001,125.012,5.584,1833,1577,80.0,1,0,70.3
2796,fixed_split_mlp_covertype,stable,h3,1776520875448.278,1776520875564.784,116.507,0.000,116.507,1.913,1833,1577,80.0,1,0,71.2
2797,fixed_split_mlp_covertype,stable,h3,1776520875566.785,1776520875681.293,114.508,0.000,112.490,1.945,1833,1577,80.0,1,0,69.2
2798,fixed_split_mlp_covertype,stable,h3,1776520875682.293,1776520875812.800,130.507,1.002,128.505,2.754,1833,1577,80.0,1,0,72.1
2799,fixed_split_mlp_covertype,stable,h3,1776520875813.802,1776520875972.814,159.011,1.002,157.009,1.978,1833,1577,80.0,1,0,67.1
2800,fixed_split_mlp_covertype,stable,h3,1776520875973.813,1776520876148.831,175.017,1.000,174.017,2.655,1833,1577,80.0,1,0,69.3
2801,fixed_split_mlp_covertype,stable,h3,1776520876150.831,1776520876305.344,154.513,0.000,152.504,1.763,1833,1577,80.0,1,0,69.8
2802,fixed_split_mlp_covertype,stable,h3,1776520876306.338,1776520876420.847,114.510,0.000,113.507,2.060,1833,1577,80.0,1,0,69.8
2803,fixed_split_mlp_covertype,stable,h3,1776520876422.847,1776520876563.866,141.019,0.000,140.019,2.114,1833,1577,80.0,1,0,68.8
2804,fixed_split_mlp_covertype,stable,h3,1776520876564.866,1776520876664.372,99.507,1.001,98.505,1.927,1833,1577,80.0,1,0,69.8
2805,fixed_split_mlp_covertype,stable,h3,1776520876666.372,1776520876828.384,162.011,0.000,159.509,1.860,1833,1577,80.0,1,0,69.7
2806,fixed_split_mlp_covertype,stable,h3,1776520876829.387,1776520876962.896,133.509,1.000,131.509,1.951,1833,1577,80.0,1,0,73.8
2807,fixed_split_mlp_covertype,stable,h3,1776520876963.896,1776520877035.403,71.507,0.000,69.506,2.077,1833,1577,80.0,0,0,70.3
2808,fixed_split_mlp_covertype,stable,h3,1776520877037.404,1776520877188.912,151.508,0.000,151.508,1.796,1833,1577,80.0,1,0,69.8
2809,fixed_split_mlp_covertype,stable,h3,1776520877190.914,1776520877307.419,116.505,0.000,115.504,1.875,1833,1577,80.0,1,0,69.5
2810,fixed_split_mlp_covertype,stable,h3,1776520877308.419,1776520877431.433,123.013,1.000,122.013,2.139,1833,1577,80.0,1,0,70.0
2811,fixed_split_mlp_covertype,stable,h3,1776520877433.433,1776520877492.437,59.004,0.000,59.004,1.921,1833,1577,80.0,0,0,69.4
2812,fixed_split_mlp_covertype,stable,h3,1776520877493.434,1776520877617.942,124.508,0.999,123.509,1.870,1833,1577,80.0,1,0,73.2
2813,fixed_split_mlp_covertype,stable,h3,1776520877619.942,1776520877742.954,123.012,0.000,120.974,2.089,1833,1577,80.0,1,0,69.2
2814,fixed_split_mlp_covertype,stable,h3,1776520877743.954,1776520877877.464,133.510,0.000,131.506,2.290,1833,1577,80.0,1,0,70.3
2815,fixed_split_mlp_covertype,stable,h3,1776520877878.461,1776520877987.971,109.510,0.000,108.510,2.101,1833,1577,80.0,1,0,68.8
2816,fixed_split_mlp_covertype,stable,h3,1776520877989.971,1776520878053.479,63.507,0.000,63.507,2.078,1833,1577,80.0,0,0,70.3
2817,fixed_split_mlp_covertype,stable,h3,1776520878055.479,1776520878164.993,109.514,0.000,108.514,1.711,1833,1577,80.0,1,0,69.4
2818,fixed_split_mlp_covertype,stable,h3,1776520878165.992,1776520878268.499,102.506,0.000,101.506,1.790,1833,1577,80.0,1,0,69.9
2819,fixed_split_mlp_covertype,stable,h3,1776520878270.499,1776520878347.007,76.508,0.000,76.508,1.818,1833,1577,80.0,0,0,68.8
2820,fixed_split_mlp_covertype,stable,h3,1776520878349.007,1776520878414.009,65.002,0.000,65.002,1.827,1833,1577,80.0,0,0,68.8
2821,fixed_split_mlp_covertype,stable,h3,1776520878416.009,1776520878525.519,109.510,0.000,107.507,2.654,1833,1577,80.0,1,0,73.0
2822,fixed_split_mlp_covertype,stable,h3,1776520878526.517,1776520878672.531,146.014,0.000,145.015,2.029,1833,1577,80.0,1,0,69.2
2823,fixed_split_mlp_covertype,stable,h3,1776520878674.530,1776520878771.038,96.507,0.000,96.507,2.471,1833,1577,80.0,1,0,66.7
2824,fixed_split_mlp_covertype,stable,h3,1776520878772.038,1776520878935.051,163.013,0.000,162.013,1.785,1833,1577,80.0,1,0,70.3
2825,fixed_split_mlp_covertype,stable,h3,1776520878937.051,1776520879116.561,179.510,0.000,178.511,2.157,1833,1577,80.0,1,0,67.2
2826,fixed_split_mlp_covertype,stable,h3,1776520879117.561,1776520879229.573,112.012,0.000,110.009,1.939,1833,1577,80.0,1,0,70.3
2827,fixed_split_mlp_covertype,stable,h3,1776520879230.573,1776520879339.083,108.510,0.000,106.509,1.775,1833,1577,80.0,1,0,68.1
2828,fixed_split_mlp_covertype,stable,h3,1776520879340.083,1776520879443.593,103.510,0.000,102.508,1.980,1833,1577,80.0,1,0,70.8
2829,fixed_split_mlp_covertype,stable,h3,1776520879445.593,1776520879544.101,98.508,0.000,97.507,4.003,1833,1577,80.0,1,0,68.8
2830,fixed_split_mlp_covertype,stable,h3,1776520879545.100,1776520879683.607,138.507,0.000,136.507,2.042,1833,1577,80.0,1,0,71.3
2831,fixed_split_mlp_covertype,stable,h3,1776520879684.607,1776520879809.114,124.507,1.000,122.506,1.986,1833,1577,80.0,1,0,68.5
2832,fixed_split_mlp_covertype,stable,h3,1776520879810.114,1776520879941.133,131.019,1.000,129.017,1.715,1833,1577,80.0,1,0,70.3
2833,fixed_split_mlp_covertype,stable,h3,1776520879942.132,1776520880018.134,76.002,0.000,75.001,1.895,1833,1577,80.0,0,0,75.0
2834,fixed_split_mlp_covertype,stable,h3,1776520880020.136,1776520880154.148,134.012,0.000,133.012,1.911,1833,1577,80.0,1,0,79.3
2835,fixed_split_mlp_covertype,stable,h3,1776520880156.148,1776520880257.162,101.014,0.000,101.014,1.883,1833,1577,80.0,1,0,68.8
2836,fixed_split_mlp_covertype,stable,h3,1776520880259.162,1776520880372.176,113.013,0.000,112.013,1.877,1833,1577,80.0,1,0,71.4
2837,fixed_split_mlp_covertype,stable,h3,1776520880374.176,1776520880551.190,177.015,0.000,177.015,1.879,1833,1577,80.0,1,0,68.0
2838,fixed_split_mlp_covertype,stable,h3,1776520880553.190,1776520880741.206,188.015,0.000,187.013,1.954,1833,1577,80.0,1,0,69.6
2839,fixed_split_mlp_covertype,stable,h3,1776520880742.205,1776520880919.713,177.509,1.002,176.507,2.107,1833,1577,80.0,1,0,68.9
2840,fixed_split_mlp_covertype,stable,h3,1776520880921.714,1776520881022.221,100.508,0.000,100.508,2.248,1833,1577,80.0,1,0,68.0
2841,fixed_split_mlp_covertype,stable,h3,1776520881024.223,1776520881113.727,89.504,0.000,88.504,1.961,1833,1577,80.0,1,0,69.8
2842,fixed_split_mlp_covertype,stable,h3,1776520881114.729,1776520881199.237,84.508,1.002,82.503,1.907,1833,1577,80.0,1,0,70.2
2843,fixed_split_mlp_covertype,stable,h3,1776520881200.235,1776520881310.743,110.508,0.000,108.507,2.021,1833,1577,80.0,1,0,68.4
2844,fixed_split_mlp_covertype,stable,h3,1776520881311.742,1776520881412.250,100.508,0.000,99.507,1.749,1833,1577,80.0,1,0,69.8
2845,fixed_split_mlp_covertype,stable,h3,1776520881413.250,1776520881544.265,131.015,0.000,129.011,2.150,1833,1577,80.0,1,0,69.0
2846,fixed_split_mlp_covertype,stable,h3,1776520881546.267,1776520881629.773,83.506,0.000,82.488,2.468,1833,1577,80.0,1,0,68.8
2847,fixed_split_mlp_covertype,stable,h3,1776520881631.772,1776520881735.280,103.508,0.000,102.507,2.040,1833,1577,80.0,1,0,70.3
2848,fixed_split_mlp_covertype,stable,h3,1776520881737.280,1776520881910.787,173.507,0.000,172.507,2.076,1833,1577,80.0,1,0,70.6
2849,fixed_split_mlp_covertype,stable,h3,1776520881912.787,1776520882112.802,200.015,0.000,198.015,1.762,1833,1577,80.0,1,0,69.2
2850,fixed_split_mlp_covertype,stable,h3,1776520882113.803,1776520882255.797,141.994,1.003,139.991,2.020,1833,1577,80.0,1,0,69.4
2851,fixed_split_mlp_covertype,stable,h3,1776520882256.797,1776520882338.304,81.507,0.000,80.506,1.979,1833,1577,80.0,1,0,68.8
2852,fixed_split_mlp_covertype,stable,h3,1776520882340.304,1776520882522.813,182.510,0.000,181.510,2.418,1833,1577,80.0,1,0,70.5
2853,fixed_split_mlp_covertype,stable,h3,1776520882523.814,1776520882622.321,98.507,1.001,97.506,1.694,1833,1577,80.0,1,0,71.8
2854,fixed_split_mlp_covertype,stable,h3,1776520882624.321,1776520882740.336,116.015,0.000,115.013,1.852,1833,1577,80.0,1,0,73.3
2855,fixed_split_mlp_covertype,stable,h3,1776520882742.336,1776520882813.336,71.000,0.000,70.000,3.346,1833,1577,80.0,0,0,73.4
2856,fixed_split_mlp_covertype,stable,h3,1776520882815.338,1776520882919.848,104.510,0.000,103.507,1.989,1833,1577,80.0,1,0,71.8
2857,fixed_split_mlp_covertype,stable,h3,1776520882920.845,1776520883062.365,141.520,0.000,139.516,1.827,1833,1577,80.0,1,0,70.1
2858,fixed_split_mlp_covertype,stable,h3,1776520883063.365,1776520883209.873,146.507,1.001,145.506,1.981,1833,1577,80.0,1,0,67.3
2859,fixed_split_mlp_covertype,stable,h3,1776520883211.873,1776520883357.892,146.020,0.000,146.020,1.822,1833,1577,80.0,1,0,70.4
2860,fixed_split_mlp_covertype,stable,h3,1776520883359.892,1776520883475.402,115.510,1.000,112.506,2.054,1833,1577,80.0,1,0,68.1
2861,fixed_split_mlp_covertype,stable,h3,1776520883476.400,1776520883585.906,109.507,0.000,108.505,1.774,1833,1577,80.0,1,0,70.5
2862,fixed_split_mlp_covertype,stable,h3,1776520883587.906,1776520883761.919,174.013,0.000,173.013,1.844,1833,1577,80.0,1,0,70.2
2863,fixed_split_mlp_covertype,stable,h3,1776520883763.920,1776520883933.936,170.017,1.001,168.013,1.990,1833,1577,80.0,1,0,69.1
2864,fixed_split_mlp_covertype,stable,h3,1776520883934.934,1776520884010.935,76.000,0.000,74.000,2.252,1833,1577,80.0,0,0,68.3
2865,fixed_split_mlp_covertype,stable,h3,1776520884012.934,1776520884121.444,108.510,0.000,108.510,1.995,1833,1577,80.0,1,0,69.6
2866,fixed_split_mlp_covertype,stable,h3,1776520884123.444,1776520884230.458,107.013,0.000,107.013,1.884,1833,1577,80.0,1,0,68.8
2867,fixed_split_mlp_covertype,stable,h3,1776520884232.458,1776520884425.967,193.509,0.000,193.509,1.992,1833,1577,80.0,1,0,70.1
2868,fixed_split_mlp_covertype,stable,h3,1776520884427.967,1776520884552.982,125.015,0.000,124.013,1.905,1833,1577,80.0,1,0,71.1
2869,fixed_split_mlp_covertype,stable,h3,1776520884553.980,1776520884651.487,97.507,1.000,96.506,1.927,1833,1577,80.0,1,0,69.6
2870,fixed_split_mlp_covertype,stable,h3,1776520884653.487,1776520884779.994,126.506,0.000,126.506,1.709,1833,1577,80.0,1,0,70.1
2871,fixed_split_mlp_covertype,stable,h3,1776520884781.993,1776520884905.501,123.508,0.000,123.508,3.263,1833,1577,80.0,1,0,70.9
2872,fixed_split_mlp_covertype,stable,h3,1776520884907.501,1776520885060.515,153.014,0.000,153.014,2.161,1833,1577,80.0,1,0,72.8
2873,fixed_split_mlp_covertype,stable,h3,1776520885062.515,1776520885205.023,142.508,0.000,142.508,1.926,1833,1577,80.0,1,0,71.4
2874,fixed_split_mlp_covertype,stable,h3,1776520885207.025,1776520885272.530,65.505,0.000,65.505,1.924,1833,1577,80.0,0,0,81.8
2875,fixed_split_mlp_covertype,stable,h3,1776520885274.531,1776520885399.038,124.507,0.000,123.507,2.275,1833,1577,80.0,1,0,69.5
2876,fixed_split_mlp_covertype,stable,h3,1776520885401.038,1776520885461.545,60.507,0.000,60.507,2.463,1833,1577,80.0,0,0,69.2
2877,fixed_split_mlp_covertype,stable,h3,1776520885462.546,1776520885556.060,93.514,1.000,92.514,1.914,1833,1577,80.0,1,0,73.9
2878,fixed_split_mlp_covertype,stable,h3,1776520885558.056,1776520885711.562,153.506,0.000,153.506,1.830,1833,1577,80.0,1,0,67.6
2879,fixed_split_mlp_covertype,stable,h3,1776520885713.563,1776520885823.073,109.510,0.000,109.510,1.913,1833,1577,80.0,1,0,70.3
2880,fixed_split_mlp_covertype,stable,h3,1776520885824.073,1776520885940.085,116.013,1.274,114.739,1.990,1833,1577,80.0,1,0,68.4
2881,fixed_split_mlp_covertype,stable,h3,1776520885942.085,1776520886075.597,133.512,0.000,133.512,2.079,1833,1577,80.0,1,0,70.8
2882,fixed_split_mlp_covertype,stable,h3,1776520886076.597,1776520886210.103,133.506,1.000,131.507,2.293,1833,1577,80.0,1,0,68.8
2883,fixed_split_mlp_covertype,stable,h3,1776520886211.104,1776520886309.613,98.510,0.000,96.510,1.744,1833,1577,80.0,1,0,70.8
2884,fixed_split_mlp_covertype,stable,h3,1776520886310.613,1776520886450.628,140.015,1.000,139.015,1.827,1833,1577,80.0,1,0,68.8
2885,fixed_split_mlp_covertype,stable,h3,1776520886452.628,1776520886563.136,110.509,0.000,109.508,1.748,1833,1577,80.0,1,0,68.8
2886,fixed_split_mlp_covertype,stable,h3,1776520886565.137,1776520886690.648,125.512,0.000,123.512,2.316,1833,1577,80.0,1,0,74.8
2887,fixed_split_mlp_covertype,stable,h3,1776520886692.648,1776520886865.672,173.023,0.000,171.021,2.009,1833,1577,80.0,1,0,72.3
2888,fixed_split_mlp_covertype,stable,h3,1776520886866.672,1776520887051.686,185.014,0.000,183.015,1.753,1833,1577,80.0,1,0,69.1
2889,fixed_split_mlp_covertype,stable,h3,1776520887053.686,1776520887188.194,134.508,0.000,134.508,2.121,1833,1577,80.0,1,0,68.5
2890,fixed_split_mlp_covertype,stable,h3,1776520887190.194,1776520887307.701,117.508,0.000,115.507,1.870,1833,1577,80.0,1,0,71.5
2891,fixed_split_mlp_covertype,stable,h3,1776520887308.701,1776520887446.716,138.015,1.002,137.013,2.041,1833,1577,80.0,1,0,69.0
2892,fixed_split_mlp_covertype,stable,h3,1776520887448.717,1776520887586.223,137.507,0.000,137.507,2.026,1833,1577,80.0,1,0,67.4
2893,fixed_split_mlp_covertype,stable,h3,1776520887588.223,1776520887701.733,113.509,0.000,112.509,1.813,1833,1577,80.0,1,0,74.8
2894,fixed_split_mlp_covertype,stable,h3,1776520887702.733,1776520887833.749,131.016,0.000,131.016,2.383,1833,1577,80.0,1,0,72.3
2895,fixed_split_mlp_covertype,stable,h3,1776520887835.749,1776520887934.255,98.506,0.000,97.506,2.093,1833,1577,80.0,1,0,70.5
2896,fixed_split_mlp_covertype,stable,h3,1776520887935.255,1776520888062.761,127.507,0.000,125.506,1.749,1833,1577,80.0,1,0,73.0
2897,fixed_split_mlp_covertype,stable,h3,1776520888063.762,1776520888134.269,70.507,0.000,69.507,1.772,1833,1577,80.0,0,0,71.8
2898,fixed_split_mlp_covertype,stable,h3,1776520888136.269,1776520888296.776,160.507,0.000,159.507,1.842,1833,1577,80.0,1,0,69.8
2899,fixed_split_mlp_covertype,stable,h3,1776520888297.776,1776520888453.789,156.013,0.000,155.012,1.761,1833,1577,80.0,1,0,70.8
2900,fixed_split_mlp_covertype,stable,h3,1776520888454.789,1776520888524.794,70.005,1.002,69.003,1.730,1833,1577,80.0,0,0,71.6
2901,fixed_split_mlp_covertype,stable,h3,1776520888526.794,1776520888590.302,63.508,0.000,62.508,2.726,1833,1577,80.0,0,0,74.6
2902,fixed_split_mlp_covertype,stable,h3,1776520888591.302,1776520888681.809,90.507,1.001,89.505,4.133,1833,1577,80.0,1,0,72.4
2903,fixed_split_mlp_covertype,stable,h3,1776520888683.809,1776520888840.825,157.016,0.000,157.016,1.939,1833,1577,80.0,1,0,70.6
2904,fixed_split_mlp_covertype,stable,h3,1776520888841.824,1776520889000.331,158.506,0.999,157.507,2.042,1833,1577,80.0,1,0,69.6
2905,fixed_split_mlp_covertype,stable,h3,1776520889002.330,1776520889152.346,150.016,0.000,149.015,2.053,1833,1577,80.0,1,0,67.9
2906,fixed_split_mlp_covertype,stable,h3,1776520889154.346,1776520889270.852,116.506,0.000,115.506,2.615,1833,1577,80.0,1,0,68.8
2907,fixed_split_mlp_covertype,stable,h3,1776520889272.853,1776520889420.362,147.510,0.000,147.510,1.753,1833,1577,80.0,1,0,68.1
2908,fixed_split_mlp_covertype,stable,h3,1776520889422.362,1776520889497.873,75.510,0.000,74.510,2.030,1833,1577,80.0,0,0,76.5
2909,fixed_split_mlp_covertype,stable,h3,1776520889499.873,1776520889952.155,452.282,0.000,450.290,3.625,1833,1577,80.0,1,0,34.7
2910,fixed_split_mlp_covertype,stable,h3,1776520889955.159,1776520890407.201,452.042,0.000,449.630,2.310,1833,1577,80.0,1,0,32.0
2911,fixed_split_mlp_covertype,stable,h3,1776520890408.211,1776520890856.725,448.514,1.273,444.219,2.095,1833,1577,80.0,1,0,32.2
2912,fixed_split_mlp_covertype,stable,h3,1776520890858.716,1776520891307.917,449.201,0.999,446.205,1.798,1833,1577,80.0,1,0,32.9
2913,fixed_split_mlp_covertype,stable,h3,1776520891309.917,1776520891762.935,453.018,2.386,449.011,1.863,1833,1577,80.0,1,0,36.4
2914,fixed_split_mlp_covertype,stable,h3,1776520891764.921,1776520892215.284,450.363,1.001,447.363,1.983,1833,1577,80.0,1,0,41.4
2915,fixed_split_mlp_covertype,stable,h3,1776520892217.289,1776520892667.376,450.087,0.000,449.105,2.098,1833,1577,80.0,1,0,39.8
2916,fixed_split_mlp_covertype,stable,h3,1776520892669.380,1776520893149.132,479.752,0.998,476.755,4.680,1833,1577,80.0,1,0,35.7
2917,fixed_split_mlp_covertype,stable,h3,1776520893151.135,1776520893613.949,462.814,1.773,459.845,2.115,1833,1577,80.0,1,0,30.7
2918,fixed_split_mlp_covertype,stable,h3,1776520893617.871,1776520894066.240,448.368,1.000,445.357,1.913,1833,1577,80.0,1,0,31.8
2919,fixed_split_mlp_covertype,stable,h3,1776520894069.231,1776520894522.552,453.321,1.995,449.285,2.390,1833,1577,80.0,1,0,36.7
2920,fixed_split_mlp_covertype,stable,h3,1776520894523.510,1776520894974.876,451.365,1.434,448.915,2.259,1833,1577,80.0,1,0,41.9
2921,fixed_split_mlp_covertype,stable,h3,1776520894975.872,1776520895609.064,633.193,0.984,630.210,2.232,1833,1577,80.0,1,0,29.7
2922,fixed_split_mlp_covertype,stable,h3,1776520895611.065,1776520896236.794,625.729,1.026,623.707,1.857,1833,1577,80.0,1,0,28.2
2923,fixed_split_mlp_covertype,stable,h3,1776520896238.793,1776520896836.750,597.957,1.998,594.959,3.773,1833,1577,80.0,1,0,31.5
2924,fixed_split_mlp_covertype,stable,h3,1776520896837.751,1776520897347.119,509.368,0.000,507.549,1.879,1833,1577,80.0,1,0,32.4
2925,fixed_split_mlp_covertype,stable,h3,1776520897350.118,1776520897653.522,303.404,0.000,301.404,1.914,1833,1577,80.0,1,0,50.0
2926,fixed_split_mlp_covertype,stable,h3,1776520897655.381,1776520897862.391,207.010,2.180,203.815,2.056,1833,1577,80.0,1,0,72.8
2927,fixed_split_mlp_covertype,stable,h3,1776520897864.378,1776520897964.911,100.532,1.001,97.515,2.090,1833,1577,80.0,1,0,75.0
2928,fixed_split_mlp_covertype,stable,h3,1776520897965.908,1776520898061.930,96.022,1.004,95.018,2.098,1833,1577,80.0,1,0,67.3
2929,fixed_split_mlp_covertype,stable,h3,1776520898064.337,1776520898166.471,102.134,0.000,101.540,1.889,1833,1577,80.0,1,0,77.0
2930,fixed_split_mlp_covertype,stable,h3,1776520898168.888,1776520898289.056,120.168,0.630,118.539,2.558,1833,1577,80.0,1,0,70.5
2931,fixed_split_mlp_covertype,stable,h3,1776520898290.055,1776520898375.084,85.029,0.000,83.050,1.931,1833,1577,80.0,1,0,70.8
2932,fixed_split_mlp_covertype,stable,h3,1776520898377.083,1776520898577.198,200.115,0.000,199.121,1.873,1833,1577,80.0,1,0,70.2
2933,fixed_split_mlp_covertype,stable,h3,1776520898578.201,1776520898725.189,146.988,1.000,145.988,1.851,1833,1577,80.0,1,0,73.6
2934,fixed_split_mlp_covertype,stable,h3,1776520898727.189,1776520898820.735,93.546,0.000,92.546,2.008,1833,1577,80.0,1,0,70.1
2935,fixed_split_mlp_covertype,stable,h3,1776520898821.725,1776520898984.745,163.019,1.000,162.019,2.198,1833,1577,80.0,1,0,70.5
2936,fixed_split_mlp_covertype,stable,h3,1776520898986.744,1776520899090.256,103.511,1.000,102.511,2.029,1833,1577,80.0,1,0,68.8
2937,fixed_split_mlp_covertype,stable,h3,1776520899092.255,1776520899185.272,93.017,0.000,93.017,1.831,1833,1577,80.0,1,0,69.8
2938,fixed_split_mlp_covertype,stable,h3,1776520899187.272,1776520899333.779,146.506,0.000,145.504,1.981,1833,1577,80.0,1,0,69.4
2939,fixed_split_mlp_covertype,stable,h3,1776520899335.783,1776520899449.289,113.505,0.000,113.505,2.103,1833,1577,80.0,1,0,68.8
2940,fixed_split_mlp_covertype,stable,h3,1776520899451.289,1776520899524.802,73.513,0.000,73.513,1.973,1833,1577,80.0,0,0,68.8
2941,fixed_split_mlp_covertype,stable,h3,1776520899526.858,1776520899645.312,118.454,0.000,117.450,1.939,1833,1577,80.0,1,0,69.5
2942,fixed_split_mlp_covertype,stable,h3,1776520899646.308,1776520899808.330,162.021,0.999,161.022,2.166,1833,1577,80.0,1,0,68.8
2943,fixed_split_mlp_covertype,stable,h3,1776520899810.330,1776520899919.835,109.505,0.000,107.505,1.919,1833,1577,80.0,1,0,70.0
2944,fixed_split_mlp_covertype,stable,h3,1776520899920.835,1776520900030.342,109.508,0.000,108.200,1.992,1833,1577,80.0,1,0,69.6
2945,fixed_split_mlp_covertype,stable,h3,1776520900033.344,1776520900128.852,95.509,0.000,95.509,1.984,1833,1577,80.0,1,0,68.8
2946,fixed_split_mlp_covertype,stable,h3,1776520900130.853,1776520900259.871,129.018,0.000,128.019,1.826,1833,1577,80.0,1,0,75.9
2947,fixed_split_mlp_covertype,stable,h3,1776520900261.871,1776520900411.392,149.521,0.000,148.519,1.957,1833,1577,80.0,1,0,74.3
2948,fixed_split_mlp_covertype,stable,h3,1776520900412.392,1776520900549.901,137.509,0.999,136.510,1.728,1833,1577,80.0,1,0,69.4
2949,fixed_split_mlp_covertype,stable,h3,1776520900551.901,1776520900722.920,171.019,0.000,171.019,1.795,1833,1577,80.0,1,0,68.8
2950,fixed_split_mlp_covertype,stable,h3,1776520900724.920,1776520900847.425,122.506,0.000,121.503,1.856,1833,1577,80.0,1,0,68.8
2951,fixed_split_mlp_covertype,stable,h3,1776520900849.426,1776520900982.442,133.016,0.000,132.013,1.753,1833,1577,80.0,1,0,68.8
2952,fixed_split_mlp_covertype,stable,h3,1776520900984.441,1776520901135.949,151.508,0.000,150.507,2.036,1833,1577,80.0,1,0,69.2
2953,fixed_split_mlp_covertype,stable,h3,1776520901137.950,1776520901233.209,95.259,0.000,94.259,2.337,1833,1577,80.0,1,0,69.4
2954,fixed_split_mlp_covertype,stable,h3,1776520901234.208,1776520901373.722,139.513,1.000,137.513,1.943,1833,1577,80.0,1,0,70.1
2955,fixed_split_mlp_covertype,stable,h3,1776520901375.722,1776520901455.227,79.505,0.000,78.505,2.022,1833,1577,80.0,0,0,71.2
2956,fixed_split_mlp_covertype,stable,h3,1776520901456.226,1776520901524.555,68.329,0.000,67.328,1.709,1833,1577,80.0,0,0,82.9
2957,fixed_split_mlp_covertype,stable,h3,1776520901526.553,1776520901635.059,108.506,1.003,107.503,1.952,1833,1577,80.0,1,0,67.2
2958,fixed_split_mlp_covertype,stable,h3,1776520901637.060,1776520901735.569,98.509,0.000,98.509,4.211,1833,1577,80.0,1,0,70.1
2959,fixed_split_mlp_covertype,stable,h3,1776520901737.570,1776520901826.078,88.508,0.000,88.508,1.863,1833,1577,80.0,1,0,68.8
2960,fixed_split_mlp_covertype,stable,h3,1776520901828.078,1776520901907.587,79.509,0.999,77.507,1.810,1833,1577,80.0,0,0,72.5
2961,fixed_split_mlp_covertype,stable,h3,1776520901908.585,1776520902004.755,96.170,1.001,94.169,1.994,1833,1577,80.0,1,0,75.0
2962,fixed_split_mlp_covertype,stable,h3,1776520902005.756,1776520902110.262,104.506,0.000,103.506,1.887,1833,1577,80.0,1,0,69.4
2963,fixed_split_mlp_covertype,stable,h3,1776520902112.274,1776520902259.774,147.500,0.000,146.511,1.851,1833,1577,80.0,1,0,78.3
2964,fixed_split_mlp_covertype,stable,h3,1776520902261.774,1776520902378.904,117.130,0.000,116.130,1.857,1833,1577,80.0,1,0,67.5
2965,fixed_split_mlp_covertype,stable,h3,1776520902380.904,1776520902512.935,132.031,0.000,131.029,2.005,1833,1577,80.0,1,0,70.8
2966,fixed_split_mlp_covertype,stable,h3,1776520902513.934,1776520902571.937,58.003,0.000,58.003,1.982,1833,1577,80.0,0,0,72.6
2967,fixed_split_mlp_covertype,stable,h3,1776520902573.935,1776520902703.948,130.013,0.000,129.013,1.762,1833,1577,80.0,1,0,68.7
2968,fixed_split_mlp_covertype,stable,h3,1776520902704.948,1776520902858.362,153.414,0.000,151.412,2.656,1833,1577,80.0,1,0,70.3
2969,fixed_split_mlp_covertype,stable,h3,1776520902860.363,1776520902971.874,111.511,0.000,111.511,1.833,1833,1577,80.0,1,0,71.3
2970,fixed_split_mlp_covertype,stable,h3,1776520902973.875,1776520903086.893,113.019,0.000,112.018,2.017,1833,1577,80.0,1,0,69.0
2971,fixed_split_mlp_covertype,stable,h3,1776520903087.893,1776520903266.406,178.512,1.000,176.513,1.712,1833,1577,80.0,1,0,74.7
2972,fixed_split_mlp_covertype,stable,h3,1776520903267.409,1776520903402.422,135.013,0.000,134.010,1.892,1833,1577,80.0,1,0,71.5
2973,fixed_split_mlp_covertype,stable,h3,1776520903404.422,1776520903513.934,109.512,0.000,108.511,1.822,1833,1577,80.0,1,0,70.5
2974,fixed_split_mlp_covertype,stable,h3,1776520903515.934,1776520903669.450,153.516,0.000,153.516,1.918,1833,1577,80.0,1,0,71.6
2975,fixed_split_mlp_covertype,stable,h3,1776520903671.451,1776520903756.956,85.505,0.000,84.503,5.661,1833,1577,80.0,1,0,68.8
2976,fixed_split_mlp_covertype,stable,h3,1776520903757.954,1776520903851.468,93.514,1.001,92.513,1.789,1833,1577,80.0,1,0,74.5
2977,fixed_split_mlp_covertype,stable,h3,1776520903852.753,1776520903961.976,109.222,0.714,108.508,1.994,1833,1577,80.0,1,0,73.5
2978,fixed_split_mlp_covertype,stable,h3,1776520903962.976,1776520904096.994,134.018,0.000,132.020,1.984,1833,1577,80.0,1,0,71.5
2979,fixed_split_mlp_covertype,stable,h3,1776520904097.994,1776520904168.001,70.007,1.001,67.997,1.745,1833,1577,80.0,0,0,70.0
2980,fixed_split_mlp_covertype,stable,h3,1776520904168.997,1776520904246.505,77.508,0.000,75.509,1.931,1833,1577,80.0,0,0,70.0
2981,fixed_split_mlp_covertype,stable,h3,1776520904247.505,1776520904377.013,129.508,1.001,127.506,2.150,1833,1577,80.0,1,0,68.8
2982,fixed_split_mlp_covertype,stable,h3,1776520904378.014,1776520904510.038,132.023,1.001,130.019,1.976,1833,1577,80.0,1,0,72.2
2983,fixed_split_mlp_covertype,stable,h3,1776520904511.035,1776520904629.544,118.509,1.000,116.507,1.873,1833,1577,80.0,1,0,69.6
2984,fixed_split_mlp_covertype,stable,h3,1776520904630.544,1776520904845.553,215.009,1.000,212.986,5.469,1833,1577,80.0,1,0,68.6
2985,fixed_split_mlp_covertype,stable,h3,1776520904845.553,1776520904952.349,106.796,1.521,104.817,2.104,1833,1577,80.0,1,0,74.8
2986,fixed_split_mlp_covertype,stable,h3,1776520904954.350,1776520905099.367,145.018,0.000,144.015,2.218,1833,1577,80.0,1,0,67.8
2987,fixed_split_mlp_covertype,stable,h3,1776520905100.366,1776520905166.370,66.004,0.000,64.000,2.223,1833,1577,80.0,0,0,70.9
2988,fixed_split_mlp_covertype,stable,h3,1776520905167.368,1776520905238.880,71.512,0.000,70.508,2.513,1833,1577,80.0,0,0,72.3
2989,fixed_split_mlp_covertype,stable,h3,1776520905239.880,1776520905319.386,79.506,1.001,78.505,1.817,1833,1577,80.0,0,0,68.8
2990,fixed_split_mlp_covertype,stable,h3,1776520905320.385,1776520905549.222,228.837,1.000,227.837,1.923,1833,1577,80.0,1,0,63.2
2991,fixed_split_mlp_covertype,stable,h3,1776520905550.262,1776520905765.951,215.690,0.000,214.668,1.749,1833,1577,80.0,1,0,64.2
2992,fixed_split_mlp_covertype,stable,h3,1776520905766.954,1776520905878.487,111.533,0.000,111.533,1.976,1833,1577,80.0,1,0,63.6
2993,fixed_split_mlp_covertype,stable,h3,1776520905880.466,1776520906004.476,124.010,1.000,123.010,1.827,1833,1577,80.0,1,0,70.0
2994,fixed_split_mlp_covertype,stable,h3,1776520906006.480,1776520906157.988,151.508,0.000,150.509,1.786,1833,1577,80.0,1,0,69.4
2995,fixed_split_mlp_covertype,stable,h3,1776520906159.988,1776520906223.497,63.508,0.000,62.506,1.959,1833,1577,80.0,0,0,68.8
2996,fixed_split_mlp_covertype,stable,h3,1776520906224.495,1776520906298.004,73.509,0.000,72.509,2.086,1833,1577,80.0,0,0,68.8
2997,fixed_split_mlp_covertype,stable,h3,1776520906300.003,1776520906436.514,136.511,0.000,136.511,2.072,1833,1577,80.0,1,0,69.2
2998,fixed_split_mlp_covertype,stable,h3,1776520906437.514,1776520906531.029,93.515,1.000,91.514,1.774,1833,1577,80.0,1,0,68.0
2999,fixed_split_mlp_covertype,stable,h3,1776520906532.026,1776520906700.042,168.016,0.000,166.016,1.921,1833,1577,80.0,1,0,70.5
3000,fixed_split_mlp_covertype,stable,h3,1776520906701.042,1776520906785.551,84.509,0.999,83.509,1.834,1833,1577,80.0,1,0,70.0
3001,fixed_split_mlp_covertype,stable,h3,1776520906787.554,1776520906943.063,155.509,0.000,155.509,1.872,1833,1577,80.0,1,0,68.8
3002,fixed_split_mlp_covertype,stable,h3,1776520906945.063,1776520907064.574,119.510,0.000,119.510,2.214,1833,1577,80.0,1,0,69.5
3003,fixed_split_mlp_covertype,stable,h3,1776520907066.572,1776520907290.630,224.058,0.000,224.058,1.845,1833,1577,80.0,1,0,65.1
3004,fixed_split_mlp_covertype,stable,h3,1776520907291.662,1776520907372.775,81.114,0.000,80.136,2.328,1833,1577,80.0,1,0,55.4
3005,fixed_split_mlp_covertype,stable,h3,1776520907374.703,1776520907449.405,74.702,0.000,73.713,1.939,1833,1577,80.0,0,0,68.8
3006,fixed_split_mlp_covertype,stable,h3,1776520907450.346,1776520907541.624,91.278,0.000,90.268,1.799,1833,1577,80.0,1,0,68.0
3007,fixed_split_mlp_covertype,stable,h3,1776520907542.555,1776520907625.130,82.575,1.002,81.573,1.779,1833,1577,80.0,1,0,69.6
3008,fixed_split_mlp_covertype,stable,h3,1776520907627.129,1776520907810.099,182.970,0.000,181.998,1.993,1833,1577,80.0,1,0,68.4
3009,fixed_split_mlp_covertype,stable,h3,1776520907811.035,1776520907933.543,122.508,0.000,120.508,1.930,1833,1577,80.0,1,0,70.6
3010,fixed_split_mlp_covertype,stable,h3,1776520907934.542,1776520908059.100,124.558,1.003,123.555,1.860,1833,1577,80.0,1,0,67.7
3011,fixed_split_mlp_covertype,stable,h3,1776520908061.100,1776520908217.335,156.236,0.000,155.237,1.862,1833,1577,80.0,1,0,68.8
3012,fixed_split_mlp_covertype,stable,h3,1776520908219.275,1776520908324.142,104.867,0.000,104.867,1.800,1833,1577,80.0,1,0,73.2
3013,fixed_split_mlp_covertype,stable,h3,1776520908325.142,1776520908430.654,105.512,1.138,104.375,2.068,1833,1577,80.0,1,0,70.1
3014,fixed_split_mlp_covertype,stable,h3,1776520908431.652,1776520908515.621,83.970,0.000,82.514,1.861,1833,1577,80.0,1,0,70.5
3015,fixed_split_mlp_covertype,stable,h3,1776520908517.625,1776520908700.710,183.085,0.000,181.128,1.895,1833,1577,80.0,1,0,68.9
3016,fixed_split_mlp_covertype,stable,h3,1776520908701.708,1776520908827.347,125.639,0.000,123.638,1.935,1833,1577,80.0,1,0,75.0
3017,fixed_split_mlp_covertype,stable,h3,1776520908828.347,1776520908932.930,104.583,0.000,102.686,1.777,1833,1577,80.0,1,0,75.0
3018,fixed_split_mlp_covertype,stable,h3,1776520908933.929,1776520909076.447,142.517,0.000,142.517,1.960,1833,1577,80.0,1,0,68.8
3019,fixed_split_mlp_covertype,stable,h3,1776520909078.447,1776520909183.964,105.516,0.000,105.516,1.929,1833,1577,80.0,1,0,69.6
3020,fixed_split_mlp_covertype,stable,h3,1776520909185.961,1776520909269.472,83.511,0.000,83.511,1.842,1833,1577,80.0,1,0,69.6
3021,fixed_split_mlp_covertype,stable,h3,1776520909270.472,1776520909315.049,44.577,1.001,42.576,1.983,1833,1577,80.0,0,0,67.3
3022,fixed_split_mlp_covertype,stable,h3,1776520909316.120,1776520909478.199,162.079,0.000,161.093,1.740,1833,1577,80.0,1,0,76.4
3023,fixed_split_mlp_covertype,stable,h3,1776520909480.201,1776520909623.415,143.214,0.000,142.208,1.822,1833,1577,80.0,1,0,69.7
3024,fixed_split_mlp_covertype,stable,h3,1776520909625.416,1776520909748.991,123.576,0.000,123.576,1.919,1833,1577,80.0,1,0,70.3
3025,fixed_split_mlp_covertype,stable,h3,1776520909750.928,1776520909908.995,158.067,0.000,158.067,1.750,1833,1577,80.0,1,0,70.4
3026,fixed_split_mlp_covertype,stable,h3,1776520909910.995,1776520910042.506,131.511,0.000,130.511,2.287,1833,1577,80.0,1,0,69.8
3027,fixed_split_mlp_covertype,stable,h3,1776520910043.506,1776520910164.019,120.513,1.000,118.514,1.895,1833,1577,80.0,1,0,71.4
3028,fixed_split_mlp_covertype,stable,h3,1776520910166.018,1776520910230.529,64.510,0.000,64.510,1.893,1833,1577,80.0,0,0,72.5
3029,fixed_split_mlp_covertype,stable,h3,1776520910232.530,1776520910334.686,102.156,0.000,101.155,1.793,1833,1577,80.0,1,0,70.1
3030,fixed_split_mlp_covertype,stable,h3,1776520910335.685,1776520910422.196,86.511,1.002,85.509,1.782,1833,1577,80.0,1,0,70.4
3031,fixed_split_mlp_covertype,stable,h3,1776520910424.197,1776520910544.705,120.508,1.000,118.507,1.840,1833,1577,80.0,1,0,69.5
3032,fixed_split_mlp_covertype,stable,h3,1776520910545.706,1776520910720.744,175.039,0.000,174.037,1.678,1833,1577,80.0,1,0,76.3
3033,fixed_split_mlp_covertype,stable,h3,1776520910722.744,1776520910870.265,147.521,0.000,146.518,1.973,1833,1577,80.0,1,0,68.8
3034,fixed_split_mlp_covertype,stable,h3,1776520910871.264,1776520910984.824,113.561,1.000,112.560,1.954,1833,1577,80.0,1,0,69.6
3035,fixed_split_mlp_covertype,stable,h3,1776520910986.828,1776520911099.854,113.026,0.000,112.024,1.768,1833,1577,80.0,1,0,71.7
3036,fixed_split_mlp_covertype,stable,h3,1776520911101.854,1776520911304.591,202.737,0.000,202.737,1.712,1833,1577,80.0,1,0,70.2
3037,fixed_split_mlp_covertype,stable,h3,1776520911305.627,1776520911456.100,150.473,0.970,149.503,1.982,1833,1577,80.0,1,0,71.1
3038,fixed_split_mlp_covertype,stable,h3,1776520911458.100,1776520911573.611,115.511,0.000,115.511,1.884,1833,1577,80.0,1,0,69.3
3039,fixed_split_mlp_covertype,stable,h3,1776520911575.610,1776520911701.357,125.747,0.000,125.747,2.061,1833,1577,80.0,1,0,68.2
3040,fixed_split_mlp_covertype,stable,h3,1776520911703.357,1776520911806.864,103.507,0.000,102.506,1.918,1833,1577,80.0,1,0,68.8
3041,fixed_split_mlp_covertype,stable,h3,1776520911808.863,1776520911870.864,62.001,1.001,60.999,1.995,1833,1577,80.0,0,0,67.7
3042,fixed_split_mlp_covertype,stable,h3,1776520911872.865,1776520912066.880,194.015,0.000,194.015,2.418,1833,1577,80.0,1,0,74.7
3043,fixed_split_mlp_covertype,stable,h3,1776520912068.880,1776520912129.388,60.508,0.000,60.508,1.900,1833,1577,80.0,0,0,70.3
3044,fixed_split_mlp_covertype,stable,h3,1776520912131.388,1776520912249.901,118.513,0.000,116.508,1.757,1833,1577,80.0,1,0,74.8
3045,fixed_split_mlp_covertype,stable,h3,1776520912250.903,1776520912348.409,97.506,0.000,95.508,1.879,1833,1577,80.0,1,0,71.1
3046,fixed_split_mlp_covertype,stable,h3,1776520912349.409,1776520912462.919,113.510,1.432,111.075,1.766,1833,1577,80.0,1,0,74.8
3047,fixed_split_mlp_covertype,stable,h3,1776520912464.917,1776520912530.428,65.511,0.000,64.509,2.010,1833,1577,80.0,0,0,67.7
3048,fixed_split_mlp_covertype,stable,h3,1776520912531.426,1776520912640.933,109.507,0.000,108.504,1.807,1833,1577,80.0,1,0,70.0
3049,fixed_split_mlp_covertype,stable,h3,1776520912642.933,1776520912796.950,154.017,0.000,154.017,1.816,1833,1577,80.0,1,0,67.9
3050,fixed_split_mlp_covertype,stable,h3,1776520912798.950,1776520912896.455,97.505,0.000,97.505,1.772,1833,1577,80.0,1,0,71.6
3051,fixed_split_mlp_covertype,stable,h3,1776520912898.456,1776520913066.966,168.510,0.000,168.510,1.915,1833,1577,80.0,1,0,72.3
3052,fixed_split_mlp_covertype,stable,h3,1776520913068.966,1776520913178.478,109.511,0.000,107.508,1.757,1833,1577,80.0,1,0,70.4
3053,fixed_split_mlp_covertype,stable,h3,1776520913179.478,1776520913316.487,137.009,0.000,137.009,1.647,1833,1577,80.0,1,0,76.9
3054,fixed_split_mlp_covertype,stable,h3,1776520913318.487,1776520913441.003,122.516,0.000,121.513,1.920,1833,1577,80.0,1,0,69.2
3055,fixed_split_mlp_covertype,stable,h3,1776520913442.000,1776520913575.516,133.515,0.000,132.514,2.343,1833,1577,80.0,1,0,69.7
3056,fixed_split_mlp_covertype,stable,h3,1776520913577.512,1776520913747.523,170.011,0.000,169.011,1.817,1833,1577,80.0,1,0,68.0
3057,fixed_split_mlp_covertype,stable,h3,1776520913749.523,1776520913896.536,147.012,0.000,145.012,1.780,1833,1577,80.0,1,0,68.8
3058,fixed_split_mlp_covertype,stable,h3,1776520913897.536,1776520913979.541,82.006,0.000,80.004,2.022,1833,1577,80.0,1,0,70.8
3059,fixed_split_mlp_covertype,stable,h3,1776520913980.541,1776520914107.563,127.023,0.000,125.020,1.873,1833,1577,80.0,1,0,69.5
3060,fixed_split_mlp_covertype,stable,h3,1776520914108.562,1776520914181.563,73.002,0.000,71.000,1.730,1833,1577,80.0,0,0,70.9
3061,fixed_split_mlp_covertype,stable,h3,1776520914182.564,1776520914298.582,116.018,0.000,114.018,2.306,1833,1577,80.0,1,0,67.5
3062,fixed_split_mlp_covertype,stable,h3,1776520914299.583,1776520914466.091,166.508,1.000,165.508,1.909,1833,1577,80.0,1,0,70.6
3063,fixed_split_mlp_covertype,stable,h3,1776520914467.091,1776520914609.652,142.561,1.001,141.560,1.759,1833,1577,80.0,1,0,69.4
3064,fixed_split_mlp_covertype,stable,h3,1776520914611.652,1776520914727.161,115.509,0.000,114.509,1.855,1833,1577,80.0,1,0,68.8
3065,fixed_split_mlp_covertype,stable,h3,1776520914728.161,1776520914838.672,110.511,1.000,109.511,1.753,1833,1577,80.0,1,0,70.6
3066,fixed_split_mlp_covertype,stable,h3,1776520914840.672,1776520914904.180,63.509,0.000,62.509,1.831,1833,1577,80.0,0,0,71.4
3067,fixed_split_mlp_covertype,stable,h3,1776520914906.182,1776520915008.690,102.508,0.000,102.508,1.990,1833,1577,80.0,1,0,69.9
3068,fixed_split_mlp_covertype,stable,h3,1776520915010.688,1776520915104.197,93.509,0.000,92.508,1.797,1833,1577,80.0,1,0,69.6
3069,fixed_split_mlp_covertype,stable,h3,1776520915106.198,1776520915250.708,144.510,0.000,143.509,2.026,1833,1577,80.0,1,0,68.8
3070,fixed_split_mlp_covertype,stable,h3,1776520915251.707,1776520915340.053,88.346,0.000,86.345,1.879,1833,1577,80.0,1,0,69.8
3071,fixed_split_mlp_covertype,stable,h3,1776520915343.054,1776520915475.568,132.514,0.000,132.514,1.783,1833,1577,80.0,1,0,71.1
3072,fixed_split_mlp_covertype,stable,h3,1776520915477.567,1776520915576.079,98.512,0.000,96.508,1.874,1833,1577,80.0,1,0,69.3
3073,fixed_split_mlp_covertype,stable,h3,1776520915577.075,1776520915701.092,124.017,1.002,123.014,2.749,1833,1577,80.0,1,0,71.9
3074,fixed_split_mlp_covertype,stable,h3,1776520915703.088,1776520915855.596,152.508,0.000,150.507,2.084,1833,1577,80.0,1,0,69.2
3075,fixed_split_mlp_covertype,stable,h3,1776520915856.596,1776520916016.616,160.019,0.000,159.018,2.124,1833,1577,80.0,1,0,75.8
3076,fixed_split_mlp_covertype,stable,h3,1776520916018.615,1776520916130.110,111.495,0.000,110.494,1.932,1833,1577,80.0,1,0,68.8
3077,fixed_split_mlp_covertype,stable,h3,1776520916132.110,1776520916233.619,101.509,0.000,101.509,1.787,1833,1577,80.0,1,0,69.0
3078,fixed_split_mlp_covertype,stable,h3,1776520916235.619,1776520916355.128,119.509,0.000,119.509,1.965,1833,1577,80.0,1,0,70.3
3079,fixed_split_mlp_covertype,stable,h3,1776520916357.128,1776520916474.642,117.514,0.000,116.510,1.801,1833,1577,80.0,1,0,68.8
3080,fixed_split_mlp_covertype,stable,h3,1776520916475.647,1776520916617.665,142.019,0.000,141.018,1.873,1833,1577,80.0,1,0,69.0
3081,fixed_split_mlp_covertype,stable,h3,1776520916619.667,1776520916683.701,64.034,0.000,63.033,1.906,1833,1577,80.0,0,0,70.9
3082,fixed_split_mlp_covertype,stable,h3,1776520916685.701,1776520916818.719,133.019,0.000,133.019,1.889,1833,1577,80.0,1,0,69.0
3083,fixed_split_mlp_covertype,stable,h3,1776520916820.721,1776520916933.236,112.515,0.000,111.512,1.852,1833,1577,80.0,1,0,75.8
3084,fixed_split_mlp_covertype,stable,h3,1776520916935.234,1776520917097.909,162.675,0.000,161.673,2.335,1833,1577,80.0,1,0,69.4
3085,fixed_split_mlp_covertype,stable,h3,1776520917099.906,1776520917210.415,110.509,0.000,110.509,2.020,1833,1577,80.0,1,0,68.8
3086,fixed_split_mlp_covertype,stable,h3,1776520917212.415,1776520917340.924,128.509,0.000,128.509,1.844,1833,1577,80.0,1,0,69.4
3087,fixed_split_mlp_covertype,stable,h3,1776520917342.923,1776520917441.967,99.043,0.000,99.043,1.985,1833,1577,80.0,1,0,68.8
3088,fixed_split_mlp_covertype,stable,h3,1776520917443.967,1776520917547.479,103.512,0.000,103.512,1.967,1833,1577,80.0,1,0,67.9
3089,fixed_split_mlp_covertype,stable,h3,1776520917549.478,1776520917651.986,102.508,0.000,101.508,1.746,1833,1577,80.0,1,0,69.4
3090,fixed_split_mlp_covertype,stable,h3,1776520917652.986,1776520917735.495,82.509,0.000,81.508,1.892,1833,1577,80.0,1,0,73.2
3091,fixed_split_mlp_covertype,stable,h3,1776520917737.494,1776520917880.007,142.513,0.000,141.512,1.906,1833,1577,80.0,1,0,68.8
3092,fixed_split_mlp_covertype,stable,h3,1776520917882.006,1776520917995.018,113.012,0.000,113.012,1.923,1833,1577,80.0,1,0,70.6
3093,fixed_split_mlp_covertype,stable,h3,1776520917997.018,1776520918127.525,130.507,0.000,130.507,1.729,1833,1577,80.0,1,0,67.7
3094,fixed_split_mlp_covertype,stable,h3,1776520918128.868,1776520918281.041,152.172,0.660,150.507,1.760,1833,1577,80.0,1,0,69.4
3095,fixed_split_mlp_covertype,stable,h3,1776520918282.036,1776520918346.539,64.503,1.001,63.502,1.751,1833,1577,80.0,0,0,75.8
3096,fixed_split_mlp_covertype,stable,h3,1776520918348.541,1776520918462.051,113.510,0.000,112.511,1.758,1833,1577,80.0,1,0,68.7
3097,fixed_split_mlp_covertype,stable,h3,1776520918464.050,1776520918615.066,151.017,0.000,150.016,1.950,1833,1577,80.0,1,0,68.8
3098,fixed_split_mlp_covertype,stable,h3,1776520918616.065,1776520918720.242,104.177,0.000,103.173,1.853,1833,1577,80.0,1,0,68.1
3099,fixed_split_mlp_covertype,stable,h3,1776520918721.239,1776520918809.748,88.509,1.000,86.506,1.721,1833,1577,80.0,1,0,70.8
3100,fixed_split_mlp_covertype,stable,h3,1776520918810.746,1776520918873.747,63.000,1.001,62.000,1.789,1833,1577,80.0,0,0,68.8
3101,fixed_split_mlp_covertype,stable,h3,1776520918875.811,1776520918974.255,98.444,0.000,97.442,1.818,1833,1577,80.0,1,0,68.8
3102,fixed_split_mlp_covertype,stable,h3,1776520918975.255,1776520919158.277,183.021,0.000,182.015,1.730,1833,1577,80.0,1,0,68.8
3103,fixed_split_mlp_covertype,stable,h3,1776520919160.275,1776520919293.295,133.019,0.000,131.017,1.709,1833,1577,80.0,1,0,69.9
3104,fixed_split_mlp_covertype,stable,h3,1776520919294.516,1776520919383.302,88.786,0.778,88.008,1.752,1833,1577,80.0,1,0,67.9
3105,fixed_split_mlp_covertype,stable,h3,1776520919385.299,1776520919538.860,153.561,0.000,152.560,2.133,1833,1577,80.0,1,0,70.8
3106,fixed_split_mlp_covertype,stable,h3,1776520919539.860,1776520919715.875,176.015,0.999,175.016,2.060,1833,1577,80.0,1,0,70.9
3107,fixed_split_mlp_covertype,stable,h3,1776520919717.876,1776520919821.385,103.510,0.000,102.506,17.724,1833,1577,80.0,1,0,66.7
3108,fixed_split_mlp_covertype,stable,h3,1776520919823.382,1776520919938.396,115.015,0.000,115.015,2.634,1833,1577,80.0,1,0,76.9
3109,fixed_split_mlp_covertype,stable,h3,1776520919940.396,1776520920104.414,164.018,0.000,163.015,2.033,1833,1577,80.0,1,0,71.4
3110,fixed_split_mlp_covertype,stable,h3,1776520920105.411,1776520920224.921,119.510,0.000,117.506,2.189,1833,1577,80.0,1,0,69.3
3111,fixed_split_mlp_covertype,stable,h3,1776520920225.918,1776520920312.437,86.519,1.002,85.516,3.309,1833,1577,80.0,1,0,70.2
3112,fixed_split_mlp_covertype,stable,h3,1776520920314.438,1776520920447.495,133.056,0.000,132.055,2.068,1833,1577,80.0,1,0,68.5
3113,fixed_split_mlp_covertype,stable,h3,1776520920449.493,1776520920588.000,138.507,0.000,138.507,2.234,1833,1577,80.0,1,0,70.9
3114,fixed_split_mlp_covertype,stable,h3,1776520920589.000,1776520920694.021,105.020,0.000,103.516,1.817,1833,1577,80.0,1,0,68.0
3115,fixed_split_mlp_covertype,stable,h3,1776520920696.020,1776520920839.530,143.510,0.000,143.510,2.030,1833,1577,80.0,1,0,69.8
3116,fixed_split_mlp_covertype,stable,h3,1776520920841.529,1776520921014.854,173.325,0.000,172.325,3.289,1833,1577,80.0,1,0,68.8
3117,fixed_split_mlp_covertype,stable,h3,1776520921016.854,1776520921129.365,112.511,0.000,111.508,10.067,1833,1577,80.0,1,0,69.6
3118,fixed_split_mlp_covertype,stable,h3,1776520921131.363,1776520921279.876,148.513,0.000,148.513,4.529,1833,1577,80.0,1,0,69.6
3119,fixed_split_mlp_covertype,stable,h3,1776520921281.875,1776520921401.889,120.013,0.000,118.013,2.649,1833,1577,80.0,1,0,72.4
3120,fixed_split_mlp_covertype,stable,h3,1776520921403.888,1776520921544.398,140.510,0.000,139.509,7.549,1833,1577,80.0,1,0,66.4
3121,fixed_split_mlp_covertype,stable,h3,1776520921545.397,1776520921697.043,151.645,0.000,149.639,9.486,1833,1577,80.0,1,0,70.9
3122,fixed_split_mlp_covertype,stable,h3,1776520921699.041,1776520921815.382,116.341,0.000,116.341,5.197,1833,1577,80.0,1,0,68.7
3123,fixed_split_mlp_covertype,stable,h3,1776520921817.381,1776520921960.617,143.236,0.000,142.236,20.189,1833,1577,80.0,1,0,69.4
3124,fixed_split_mlp_covertype,stable,h3,1776520921962.619,1776520922090.130,127.511,0.000,127.511,2.028,1833,1577,80.0,1,0,70.6
3125,fixed_split_mlp_covertype,stable,h3,1776520922092.908,1776520922231.412,138.503,0.000,138.503,6.011,1833,1577,80.0,1,0,68.8
3126,fixed_split_mlp_covertype,stable,h3,1776520922233.413,1776520922322.921,89.508,0.000,89.508,3.295,1833,1577,80.0,1,0,70.5
3127,fixed_split_mlp_covertype,stable,h3,1776520922324.923,1776520922438.433,113.510,1.000,111.507,2.618,1833,1577,80.0,1,0,67.5
3128,fixed_split_mlp_covertype,stable,h3,1776520922439.431,1776520922638.448,199.017,0.000,198.018,1.806,1833,1577,80.0,1,0,68.8
3129,fixed_split_mlp_covertype,stable,h3,1776520922640.446,1776520922815.461,175.015,0.000,175.015,1.767,1833,1577,80.0,1,0,68.8
3130,fixed_split_mlp_covertype,stable,h3,1776520922817.461,1776520922921.973,104.512,0.000,103.496,5.328,1833,1577,80.0,1,0,77.0
3131,fixed_split_mlp_covertype,stable,h3,1776520922923.974,1776520922975.973,51.999,0.000,51.000,2.408,1833,1577,80.0,0,0,85.4
3132,fixed_split_mlp_covertype,stable,h3,1776520922977.976,1776520923107.060,129.084,0.000,129.084,2.459,1833,1577,80.0,1,0,81.2
3133,fixed_split_mlp_covertype,stable,h3,1776520923109.062,1776520923274.574,165.512,0.000,164.511,2.245,1833,1577,80.0,1,0,69.1
3134,fixed_split_mlp_covertype,stable,h3,1776520923276.573,1776520923419.595,143.022,0.000,142.019,1.821,1833,1577,80.0,1,0,69.8
3135,fixed_split_mlp_covertype,stable,h3,1776520923420.594,1776520923531.105,110.512,1.001,108.506,2.654,1833,1577,80.0,1,0,68.8
3136,fixed_split_mlp_covertype,stable,h3,1776520923532.101,1776520923636.607,104.506,1.000,103.506,1.926,1833,1577,80.0,1,0,69.4
3137,fixed_split_mlp_covertype,stable,h3,1776520923638.607,1776520923757.118,118.511,1.000,116.509,1.899,1833,1577,80.0,1,0,68.1
3138,fixed_split_mlp_covertype,stable,h3,1776520923758.119,1776520923826.623,68.504,0.000,68.504,1.813,1833,1577,80.0,0,0,71.8
3139,fixed_split_mlp_covertype,stable,h3,1776520923828.624,1776520923892.128,63.504,0.000,63.504,1.951,1833,1577,80.0,0,0,66.7
3140,fixed_split_mlp_covertype,stable,h3,1776520923895.131,1776520924004.643,109.511,0.000,108.506,7.221,1833,1577,80.0,1,0,70.5
3141,fixed_split_mlp_covertype,stable,h3,1776520924005.638,1776520924090.643,85.005,1.006,83.999,1.770,1833,1577,80.0,1,0,69.8
3142,fixed_split_mlp_covertype,stable,h3,1776520924092.147,1776520924207.660,115.513,1.005,114.507,2.589,1833,1577,80.0,1,0,68.8
3143,fixed_split_mlp_covertype,stable,h3,1776520924209.661,1776520924297.166,87.505,0.000,85.508,2.139,1833,1577,80.0,1,0,69.1
3144,fixed_split_mlp_covertype,stable,h3,1776520924298.167,1776520924447.674,149.507,1.001,148.507,2.044,1833,1577,80.0,1,0,69.4
3145,fixed_split_mlp_covertype,stable,h3,1776520924449.675,1776520924542.180,92.505,0.000,91.505,1.737,1833,1577,80.0,1,0,69.5
3146,fixed_split_mlp_covertype,stable,h3,1776520924544.180,1776520924614.690,70.510,0.000,69.509,1.888,1833,1577,80.0,0,0,68.8
3147,fixed_split_mlp_covertype,stable,h3,1776520924616.692,1776520924712.200,95.508,0.000,93.506,2.140,1833,1577,80.0,1,0,69.4
3148,fixed_split_mlp_covertype,stable,h3,1776520924713.200,1776520924859.706,146.506,0.000,145.506,1.727,1833,1577,80.0,1,0,70.3
3149,fixed_split_mlp_covertype,stable,h3,1776520924861.707,1776520924966.213,104.507,0.000,103.511,1.928,1833,1577,80.0,1,0,67.5
3150,fixed_split_mlp_covertype,stable,h3,1776520924967.212,1776520925116.235,149.022,0.000,147.017,1.837,1833,1577,80.0,1,0,68.8
3151,fixed_split_mlp_covertype,stable,h3,1776520925117.231,1776520925245.741,128.510,0.000,127.501,3.529,1833,1577,80.0,1,0,70.1
3152,fixed_split_mlp_covertype,stable,h3,1776520925247.740,1776520925367.246,119.507,0.000,119.507,1.744,1833,1577,80.0,1,0,68.8
3153,fixed_split_mlp_covertype,stable,h3,1776520925368.246,1776520925488.499,120.252,1.004,118.249,1.942,1833,1577,80.0,1,0,71.9
3154,fixed_split_mlp_covertype,stable,h3,1776520925489.498,1776520925635.517,146.019,0.000,145.018,1.691,1833,1577,80.0,1,0,70.7
3155,fixed_split_mlp_covertype,stable,h3,1776520925636.517,1776520925759.031,122.513,1.002,121.511,1.824,1833,1577,80.0,1,0,66.4
3156,fixed_split_mlp_covertype,stable,h3,1776520925761.030,1776520925860.537,99.508,0.000,98.507,1.772,1833,1577,80.0,1,0,70.8
3157,fixed_split_mlp_covertype,stable,h3,1776520925862.536,1776520926001.550,139.015,0.000,139.015,2.039,1833,1577,80.0,1,0,69.4
3158,fixed_split_mlp_covertype,stable,h3,1776520926003.550,1776520926131.849,128.299,0.000,127.294,1.973,1833,1577,80.0,1,0,69.0
3159,fixed_split_mlp_covertype,stable,h3,1776520926133.850,1776520926206.357,72.507,0.000,70.506,1.926,1833,1577,80.0,0,0,71.2
3160,fixed_split_mlp_covertype,stable,h3,1776520926207.357,1776520926334.867,127.510,0.000,125.510,1.753,1833,1577,80.0,1,0,68.8
3161,fixed_split_mlp_covertype,stable,h3,1776520926335.868,1776520926485.376,149.508,1.000,148.508,1.745,1833,1577,80.0,1,0,70.3
3162,fixed_split_mlp_covertype,stable,h3,1776520926487.376,1776520926610.393,123.017,0.000,121.013,1.791,1833,1577,80.0,1,0,68.5
3163,fixed_split_mlp_covertype,stable,h3,1776520926611.391,1776520926723.898,112.507,1.000,111.507,1.786,1833,1577,80.0,1,0,68.8
3164,fixed_split_mlp_covertype,stable,h3,1776520926725.898,1776520926838.410,112.512,0.000,111.510,1.779,1833,1577,80.0,1,0,71.1
3165,fixed_split_mlp_covertype,stable,h3,1776520926840.411,1776520926967.926,127.515,0.000,125.508,1.976,1833,1577,80.0,1,0,70.3
3166,fixed_split_mlp_covertype,stable,h3,1776520926968.921,1776520927059.431,90.510,1.000,89.510,1.889,1833,1577,80.0,1,0,70.1
3167,fixed_split_mlp_covertype,stable,h3,1776520927061.430,1776520927204.452,143.023,0.000,143.023,1.812,1833,1577,80.0,1,0,68.8
3168,fixed_split_mlp_covertype,stable,h3,1776520927205.450,1776520927402.070,196.620,1.001,194.615,1.899,1833,1577,80.0,1,0,69.4
3169,fixed_split_mlp_covertype,stable,h3,1776520927404.068,1776520927511.573,107.506,0.000,107.506,1.922,1833,1577,80.0,1,0,68.1
3170,fixed_split_mlp_covertype,stable,h3,1776520927513.572,1776520927625.080,111.508,0.000,110.507,1.692,1833,1577,80.0,1,0,69.3
3171,fixed_split_mlp_covertype,stable,h3,1776520927627.080,1776520927779.600,152.520,1.005,150.505,2.247,1833,1577,80.0,1,0,68.9
3172,fixed_split_mlp_covertype,stable,h3,1776520927780.596,1776520927909.607,129.011,0.000,128.010,2.008,1833,1577,80.0,1,0,69.0
3173,fixed_split_mlp_covertype,stable,h3,1776520927911.607,1776520928052.115,140.507,0.000,140.507,1.741,1833,1577,80.0,1,0,68.8
3174,fixed_split_mlp_covertype,stable,h3,1776520928054.115,1776520928267.082,212.967,0.000,211.967,1.838,1833,1577,80.0,1,0,70.0
3175,fixed_split_mlp_covertype,stable,h3,1776520928268.094,1776520928398.111,130.016,0.000,128.017,2.273,1833,1577,80.0,1,0,66.4
3176,fixed_split_mlp_covertype,stable,h3,1776520928399.110,1776520928573.625,174.514,0.000,172.504,2.006,1833,1577,80.0,1,0,73.3
3177,fixed_split_mlp_covertype,stable,h3,1776520928574.619,1776520928694.635,120.016,0.000,119.015,1.805,1833,1577,80.0,1,0,75.9
3178,fixed_split_mlp_covertype,stable,h3,1776520928696.635,1776520928774.636,78.001,0.000,77.001,1.745,1833,1577,80.0,0,0,72.0
3179,fixed_split_mlp_covertype,stable,h3,1776520928775.636,1776520928949.638,174.002,1.000,171.998,1.867,1833,1577,80.0,1,0,75.3
3180,fixed_split_mlp_covertype,stable,h3,1776520928950.635,1776520929050.142,99.507,1.001,98.506,1.846,1833,1577,80.0,1,0,71.7
3181,fixed_split_mlp_covertype,stable,h3,1776520929052.143,1776520929151.651,99.508,0.000,99.508,1.684,1833,1577,80.0,1,0,72.3
3182,fixed_split_mlp_covertype,stable,h3,1776520929153.651,1776520929281.173,127.522,0.000,126.515,2.086,1833,1577,80.0,1,0,79.5
3183,fixed_split_mlp_covertype,stable,h3,1776520929282.167,1776520929379.678,97.511,0.000,95.508,2.007,1833,1577,80.0,1,0,76.0
3184,fixed_split_mlp_covertype,stable,h3,1776520929380.678,1776520929483.188,102.510,0.000,101.508,1.895,1833,1577,80.0,1,0,73.9
3185,fixed_split_mlp_covertype,stable,h3,1776520929485.189,1776520929599.205,114.016,0.000,114.016,1.887,1833,1577,80.0,1,0,73.7
3186,fixed_split_mlp_covertype,stable,h3,1776520929601.209,1776520929770.719,169.510,0.000,168.510,1.950,1833,1577,80.0,1,0,72.0
3187,fixed_split_mlp_covertype,stable,h3,1776520929771.719,1776520929897.742,126.023,1.002,125.021,1.914,1833,1577,80.0,1,0,75.2
3188,fixed_split_mlp_covertype,stable,h3,1776520929898.744,1776520930028.260,129.516,1.000,128.517,1.917,1833,1577,80.0,1,0,74.3
3189,fixed_split_mlp_covertype,stable,h3,1776520930029.262,1776520930115.775,86.512,1.001,84.506,1.822,1833,1577,80.0,1,0,68.8
3190,fixed_split_mlp_covertype,stable,h3,1776520930116.772,1776520930215.286,98.514,0.999,97.514,1.826,1833,1577,80.0,1,0,73.9
3191,fixed_split_mlp_covertype,stable,h3,1776520930216.283,1776520930282.306,66.023,1.003,65.020,1.927,1833,1577,80.0,0,0,71.9
3192,fixed_split_mlp_covertype,stable,h3,1776520930283.305,1776520930370.812,87.507,1.001,85.507,1.972,1833,1577,80.0,1,0,78.1
3193,fixed_split_mlp_covertype,stable,h3,1776520930371.812,1776520930483.329,111.518,1.000,109.514,1.967,1833,1577,80.0,1,0,73.2
3194,fixed_split_mlp_covertype,stable,h3,1776520930484.329,1776520930570.833,86.504,1.002,85.502,2.009,1833,1577,80.0,1,0,68.8
3195,fixed_split_mlp_covertype,stable,h3,1776520930571.833,1776520930650.341,78.508,0.000,77.507,2.665,1833,1577,80.0,0,0,72.3
3196,fixed_split_mlp_covertype,stable,h3,1776520930651.344,1776520930775.851,124.507,1.453,123.054,1.830,1833,1577,80.0,1,0,67.7
3197,fixed_split_mlp_covertype,stable,h3,1776520930777.852,1776520930883.370,105.518,0.000,103.516,2.227,1833,1577,80.0,1,0,76.0
3198,fixed_split_mlp_covertype,stable,h3,1776520930884.370,1776520931040.390,156.021,0.000,154.019,1.762,1833,1577,80.0,1,0,73.9
3199,fixed_split_mlp_covertype,stable,h3,1776520931041.391,1776520931180.909,139.519,0.000,137.512,1.761,1833,1577,80.0,1,0,70.8
3200,fixed_split_mlp_covertype,stable,h3,1776520931181.906,1776520931272.419,90.513,0.998,88.510,2.279,1833,1577,80.0,1,0,69.8
3201,fixed_split_mlp_covertype,stable,h3,1776520931274.415,1776520931429.439,155.025,0.000,155.025,2.095,1833,1577,80.0,1,0,70.2
3202,fixed_split_mlp_covertype,stable,h3,1776520931431.446,1776520931537.463,106.017,0.000,106.017,1.783,1833,1577,80.0,1,0,70.8
3203,fixed_split_mlp_covertype,stable,h3,1776520931539.464,1776520931698.487,159.023,0.000,157.020,1.883,1833,1577,80.0,1,0,69.5
3204,fixed_split_mlp_covertype,stable,h3,1776520931699.488,1776520931828.998,129.510,0.998,128.511,1.961,1833,1577,80.0,1,0,71.1
3205,fixed_split_mlp_covertype,stable,h3,1776520931830.999,1776520931894.005,63.006,0.000,62.001,2.035,1833,1577,80.0,0,0,71.9
3206,fixed_split_mlp_covertype,stable,h3,1776520931895.519,1776520932009.028,113.509,0.000,112.510,1.897,1833,1577,80.0,1,0,73.2
3207,fixed_split_mlp_covertype,stable,h3,1776520932010.027,1776520932128.541,118.513,1.001,116.511,1.769,1833,1577,80.0,1,0,69.5
3208,fixed_split_mlp_covertype,stable,h3,1776520932129.541,1776520932303.560,174.019,0.000,172.015,2.043,1833,1577,80.0,1,0,70.1
3209,fixed_split_mlp_covertype,stable,h3,1776520932304.560,1776520932407.068,102.508,0.000,101.505,1.755,1833,1577,80.0,1,0,70.5
3210,fixed_split_mlp_covertype,stable,h3,1776520932409.070,1776520932512.584,103.513,0.000,102.511,2.864,1833,1577,80.0,1,0,69.6
3211,fixed_split_mlp_covertype,stable,h3,1776520932513.583,1776520932611.091,97.507,0.000,95.507,1.857,1833,1577,80.0,1,0,69.8
3212,fixed_split_mlp_covertype,stable,h3,1776520932612.091,1776520932696.605,84.515,0.000,82.512,1.958,1833,1577,80.0,1,0,68.8
3213,fixed_split_mlp_covertype,stable,h3,1776520932697.605,1776520932789.609,92.003,1.000,91.003,2.030,1833,1577,80.0,1,0,75.0
3214,fixed_split_mlp_covertype,stable,h3,1776520932791.616,1776520932906.632,115.016,0.000,114.013,2.040,1833,1577,80.0,1,0,71.9
3215,fixed_split_mlp_covertype,stable,h3,1776520932907.632,1776520933017.142,109.510,1.002,107.507,1.769,1833,1577,80.0,1,0,75.0
3216,fixed_split_mlp_covertype,stable,h3,1776520933018.142,1776520933120.655,102.513,0.000,101.511,2.084,1833,1577,80.0,1,0,68.8
3217,fixed_split_mlp_covertype,stable,h3,1776520933122.657,1776520933228.166,105.509,0.000,105.509,1.891,1833,1577,80.0,1,0,72.7
3218,fixed_split_mlp_covertype,stable,h3,1776520933230.168,1776520933377.681,147.513,0.000,146.509,1.688,1833,1577,80.0,1,0,70.1
3219,fixed_split_mlp_covertype,stable,h3,1776520933378.679,1776520933547.706,169.027,0.000,167.017,2.989,1833,1577,80.0,1,0,70.5
3220,fixed_split_mlp_covertype,stable,h3,1776520933549.703,1776520933681.214,131.510,0.000,131.510,1.876,1833,1577,80.0,1,0,72.9
3221,fixed_split_mlp_covertype,stable,h3,1776520933683.213,1776520933890.945,207.732,0.000,205.713,1.873,1833,1577,80.0,1,0,67.7
3222,fixed_split_mlp_covertype,stable,h3,1776520933891.944,1776520933951.448,59.504,0.000,58.503,1.976,1833,1577,80.0,0,0,62.2
3223,fixed_split_mlp_covertype,stable,h3,1776520933952.448,1776520934080.960,128.513,0.000,127.513,1.740,1833,1577,80.0,1,0,72.4
3224,fixed_split_mlp_covertype,stable,h3,1776520934082.960,1776520934165.465,82.505,0.000,80.505,1.808,1833,1577,80.0,1,0,67.5
3225,fixed_split_mlp_covertype,stable,h3,1776520934166.465,1776520934329.480,163.015,0.000,163.015,2.061,1833,1577,80.0,1,0,70.3
3226,fixed_split_mlp_covertype,stable,h3,1776520934331.480,1776520934484.990,153.510,0.000,153.510,5.888,1833,1577,80.0,1,0,72.8
3227,fixed_split_mlp_covertype,stable,h3,1776520934486.990,1776520934600.002,113.013,0.000,112.013,1.916,1833,1577,80.0,1,0,70.8
3228,fixed_split_mlp_covertype,stable,h3,1776520934602.003,1776520934719.510,117.507,0.000,116.507,1.895,1833,1577,80.0,1,0,76.5
3229,fixed_split_mlp_covertype,stable,h3,1776520934721.510,1776520934849.017,127.507,0.000,126.507,2.584,1833,1577,80.0,1,0,70.3
3230,fixed_split_mlp_covertype,stable,h3,1776520934851.018,1776520934925.524,74.506,0.000,74.506,1.898,1833,1577,80.0,0,0,67.9
3231,fixed_split_mlp_covertype,stable,h3,1776520934927.524,1776520935082.035,154.511,0.000,154.511,2.006,1833,1577,80.0,1,0,69.4
3232,fixed_split_mlp_covertype,stable,h3,1776520935084.035,1776520935184.543,100.508,0.000,99.508,2.217,1833,1577,80.0,1,0,70.6
3233,fixed_split_mlp_covertype,stable,h3,1776520935186.543,1776520935329.556,143.013,0.000,143.013,1.981,1833,1577,80.0,1,0,66.9
3234,fixed_split_mlp_covertype,stable,h3,1776520935331.556,1776520935427.065,95.509,0.000,93.508,2.090,1833,1577,80.0,1,0,68.8
3235,fixed_split_mlp_covertype,stable,h3,1776520935428.064,1776520935584.575,156.510,1.000,155.510,2.383,1833,1577,80.0,1,0,69.4
3236,fixed_split_mlp_covertype,stable,h3,1776520935586.575,1776520935666.080,79.505,0.000,79.505,7.080,1833,1577,80.0,0,0,72.6
3237,fixed_split_mlp_covertype,stable,h3,1776520935668.080,1776520935814.094,146.014,0.000,146.014,1.969,1833,1577,80.0,1,0,69.0
3238,fixed_split_mlp_covertype,stable,h3,1776520935815.094,1776520935939.601,124.507,0.000,122.506,2.080,1833,1577,80.0,1,0,69.8
3239,fixed_split_mlp_covertype,stable,h3,1776520935940.602,1776520936041.108,100.507,0.000,100.507,2.083,1833,1577,80.0,1,0,68.4
3240,fixed_split_mlp_covertype,stable,h3,1776520936043.108,1776520936192.618,149.510,0.000,148.510,1.829,1833,1577,80.0,1,0,70.4
3241,fixed_split_mlp_covertype,stable,h3,1776520936193.618,1776520936316.631,123.013,1.001,122.012,4.014,1833,1577,80.0,1,0,67.7
3242,fixed_split_mlp_covertype,stable,h3,1776520936318.631,1776520936445.138,126.507,0.000,125.507,1.970,1833,1577,80.0,1,0,70.3
3243,fixed_split_mlp_covertype,stable,h3,1776520936446.138,1776520936539.646,93.508,1.001,92.507,3.199,1833,1577,80.0,1,0,72.9
3244,fixed_split_mlp_covertype,stable,h3,1776520936541.646,1776520936657.154,115.508,0.000,114.507,2.038,1833,1577,80.0,1,0,70.1
3245,fixed_split_mlp_covertype,stable,h3,1776520936659.154,1776520936745.661,86.507,0.000,85.507,2.039,1833,1577,80.0,1,0,70.8
3246,fixed_split_mlp_covertype,stable,h3,1776520936747.661,1776520936836.167,88.507,0.000,87.507,1.712,1833,1577,80.0,1,0,69.1
3247,fixed_split_mlp_covertype,stable,h3,1776520936837.168,1776520936945.675,108.507,0.000,106.507,1.987,1833,1577,80.0,1,0,78.9
3248,fixed_split_mlp_covertype,stable,h3,1776520936946.675,1776520937056.183,109.507,1.000,108.508,2.160,1833,1577,80.0,1,0,75.8
3249,fixed_split_mlp_covertype,stable,h3,1776520937058.183,1776520937183.692,125.510,0.000,124.510,1.859,1833,1577,80.0,1,0,68.2
3250,fixed_split_mlp_covertype,stable,h3,1776520937185.692,1776520937303.706,118.013,0.000,118.013,2.008,1833,1577,80.0,1,0,79.8
3251,fixed_split_mlp_covertype,stable,h3,1776520937305.706,1776520937417.212,111.507,0.000,111.507,1.958,1833,1577,80.0,1,0,69.5
3252,fixed_split_mlp_covertype,stable,h3,1776520937419.212,1776520937525.720,106.508,0.000,105.508,1.895,1833,1577,80.0,1,0,72.1
3253,fixed_split_mlp_covertype,stable,h3,1776520937526.720,1776520937686.229,159.509,1.000,157.509,1.944,1833,1577,80.0,1,0,70.4
3254,fixed_split_mlp_covertype,stable,h3,1776520937688.229,1776520937854.244,166.015,0.000,166.015,2.256,1833,1577,80.0,1,0,71.3
3255,fixed_split_mlp_covertype,stable,h3,1776520937856.243,1776520937998.259,142.017,0.000,142.017,1.989,1833,1577,80.0,1,0,69.2
3256,fixed_split_mlp_covertype,stable,h3,1776520938000.259,1776520938132.767,132.508,0.000,131.507,1.778,1833,1577,80.0,1,0,70.8
3257,fixed_split_mlp_covertype,stable,h3,1776520938134.767,1776520938220.274,85.507,0.000,85.507,1.878,1833,1577,80.0,1,0,73.7
3258,fixed_split_mlp_covertype,stable,h3,1776520938222.274,1776520938353.781,131.507,0.000,129.507,2.159,1833,1577,80.0,1,0,69.9
3259,fixed_split_mlp_covertype,stable,h3,1776520938354.782,1776520938444.289,89.507,1.000,88.507,1.819,1833,1577,80.0,1,0,69.5
3260,fixed_split_mlp_covertype,stable,h3,1776520938445.288,1776520938577.798,132.510,1.000,130.510,1.861,1833,1577,80.0,1,0,72.0
3261,fixed_split_mlp_covertype,stable,h3,1776520938578.799,1776520938728.813,150.015,0.000,149.015,2.270,1833,1577,80.0,1,0,70.2
3262,fixed_split_mlp_covertype,stable,h3,1776520938730.813,1776520938860.985,130.172,0.000,130.172,1.942,1833,1577,80.0,1,0,69.8
3263,fixed_split_mlp_covertype,stable,h3,1776520938862.986,1776520938970.492,107.507,0.000,106.507,1.979,1833,1577,80.0,1,0,68.1
3264,fixed_split_mlp_covertype,stable,h3,1776520938971.492,1776520939070.002,98.509,0.000,97.508,1.862,1833,1577,80.0,1,0,71.1
3265,fixed_split_mlp_covertype,stable,h3,1776520939072.001,1776520939220.016,148.015,0.000,147.014,1.750,1833,1577,80.0,1,0,71.9
3266,fixed_split_mlp_covertype,stable,h3,1776520939221.015,1776520939324.522,103.507,0.000,101.506,2.310,1833,1577,80.0,1,0,70.0
3267,fixed_split_mlp_covertype,stable,h3,1776520939325.522,1776520939482.031,156.508,1.001,154.508,1.788,1833,1577,80.0,1,0,70.9
3268,fixed_split_mlp_covertype,stable,h3,1776520939483.031,1776520939655.044,172.013,0.000,170.013,1.943,1833,1577,80.0,1,0,70.1
3269,fixed_split_mlp_covertype,stable,h3,1776520939657.044,1776520939756.552,99.508,0.000,99.508,1.915,1833,1577,80.0,1,0,68.0
3270,fixed_split_mlp_covertype,stable,h3,1776520939758.551,1776520939873.059,114.507,0.000,113.507,1.804,1833,1577,80.0,1,0,71.8
3271,fixed_split_mlp_covertype,stable,h3,1776520939875.058,1776520939988.569,113.510,0.000,112.510,1.701,1833,1577,80.0,1,0,66.4
3272,fixed_split_mlp_covertype,stable,h3,1776520939989.568,1776520940155.581,166.012,0.000,164.012,1.805,1833,1577,80.0,1,0,70.1
3273,fixed_split_mlp_covertype,stable,h3,1776520940156.581,1776520940313.606,157.025,1.001,156.025,1.911,1833,1577,80.0,1,0,68.9
3274,fixed_split_mlp_covertype,stable,h3,1776520940315.606,1776520940460.114,144.508,0.000,143.507,2.001,1833,1577,80.0,1,0,69.0
3275,fixed_split_mlp_covertype,stable,h3,1776520940462.113,1776520940632.131,170.017,0.000,170.017,1.839,1833,1577,80.0,1,0,69.5
3276,fixed_split_mlp_covertype,stable,h3,1776520940634.130,1776520940711.638,77.507,0.000,76.507,1.924,1833,1577,80.0,0,0,70.0
3277,fixed_split_mlp_covertype,stable,h3,1776520940712.638,1776520940827.145,114.507,0.000,112.506,1.694,1833,1577,80.0,1,0,69.5
3278,fixed_split_mlp_covertype,stable,h3,1776520940828.145,1776520940936.653,108.508,0.000,106.508,1.786,1833,1577,80.0,1,0,69.4
3279,fixed_split_mlp_covertype,stable,h3,1776520940937.653,1776520941020.160,82.507,1.000,81.507,1.749,1833,1577,80.0,1,0,69.1
3280,fixed_split_mlp_covertype,stable,h3,1776520941022.160,1776520941147.667,125.507,0.000,124.507,1.803,1833,1577,80.0,1,0,70.6
3281,fixed_split_mlp_covertype,stable,h3,1776520941148.667,1776520941280.173,131.506,1.000,130.506,2.049,1833,1577,80.0,1,0,69.9
3282,fixed_split_mlp_covertype,stable,h3,1776520941282.176,1776520941448.188,166.012,0.000,164.012,1.916,1833,1577,80.0,1,0,70.6
3283,fixed_split_mlp_covertype,stable,h3,1776520941449.188,1776520941573.695,124.508,0.000,122.506,1.717,1833,1577,80.0,1,0,70.5
3284,fixed_split_mlp_covertype,stable,h3,1776520941574.694,1776520941699.708,125.014,1.000,123.014,1.801,1833,1577,80.0,1,0,69.3
3285,fixed_split_mlp_covertype,stable,h3,1776520941700.709,1776520941836.215,135.507,0.000,134.506,1.883,1833,1577,80.0,1,0,69.0
3286,fixed_split_mlp_covertype,stable,h3,1776520941838.215,1776520941892.217,54.002,0.000,53.002,1.857,1833,1577,80.0,0,0,71.9
3287,fixed_split_mlp_covertype,stable,h3,1776520941893.218,1776520941994.230,101.012,1.000,99.012,2.269,1833,1577,80.0,1,0,70.8
3288,fixed_split_mlp_covertype,stable,h3,1776520941995.733,1776520942126.244,130.511,0.000,130.511,1.868,1833,1577,80.0,1,0,74.6
3289,fixed_split_mlp_covertype,stable,h3,1776520942128.244,1776520942217.753,89.509,0.000,88.509,2.041,1833,1577,80.0,1,0,70.5
3290,fixed_split_mlp_covertype,stable,h3,1776520942218.753,1776520942376.262,157.509,1.001,156.509,1.805,1833,1577,80.0,1,0,81.7
3291,fixed_split_mlp_covertype,stable,h3,1776520942378.262,1776520942468.771,90.509,0.000,89.508,1.847,1833,1577,80.0,1,0,69.8
3292,fixed_split_mlp_covertype,stable,h3,1776520942470.771,1776520942639.786,169.015,0.000,169.015,1.971,1833,1577,80.0,1,0,72.7
3293,fixed_split_mlp_covertype,stable,h3,1776520942641.786,1776520942741.293,99.507,0.000,98.507,2.122,1833,1577,80.0,1,0,69.1
3294,fixed_split_mlp_covertype,stable,h3,1776520942742.293,1776520942853.801,111.508,0.000,109.505,2.151,1833,1577,80.0,1,0,71.1
3295,fixed_split_mlp_covertype,stable,h3,1776520942855.801,1776520942924.309,68.507,0.000,67.508,2.033,1833,1577,80.0,0,0,67.7
3296,fixed_split_mlp_covertype,stable,h3,1776520942925.308,1776520943015.816,90.508,0.000,90.508,1.750,1833,1577,80.0,1,0,69.8
3297,fixed_split_mlp_covertype,stable,h3,1776520943017.816,1776520943106.324,88.508,0.000,87.508,2.067,1833,1577,80.0,1,0,71.1
3298,fixed_split_mlp_covertype,stable,h3,1776520943107.324,1776520943251.833,144.509,1.000,143.509,1.979,1833,1577,80.0,1,0,77.1
3299,fixed_split_mlp_covertype,stable,h3,1776520943253.833,1776520943423.851,170.019,1.001,169.018,2.088,1833,1577,80.0,1,0,81.7
3300,fixed_split_mlp_covertype,stable,h3,1776520943425.851,1776520943578.361,152.510,1.001,150.509,1.876,1833,1577,80.0,1,0,79.0
3301,fixed_split_mlp_covertype,stable,h3,1776520943579.361,1776520943713.379,134.018,0.000,132.018,1.852,1833,1577,80.0,1,0,73.4
3302,fixed_split_mlp_covertype,stable,h3,1776520943714.379,1776520943825.886,111.507,0.000,110.506,2.007,1833,1577,80.0,1,0,71.2
3303,fixed_split_mlp_covertype,stable,h3,1776520943827.886,1776520943966.399,138.513,0.000,138.513,1.944,1833,1577,80.0,1,0,71.7
3304,fixed_split_mlp_covertype,stable,h3,1776520943968.399,1776520944097.414,129.015,0.000,128.015,1.826,1833,1577,80.0,1,0,77.1
3305,fixed_split_mlp_covertype,stable,h3,1776520944099.414,1776520944233.921,134.507,0.000,133.507,2.517,1833,1577,80.0,1,0,77.2
3306,fixed_split_mlp_covertype,stable,h3,1776520944234.921,1776520944360.434,125.513,1.000,123.512,2.028,1833,1577,80.0,1,0,86.9
3307,fixed_split_mlp_covertype,stable,h3,1776520944362.434,1776520944439.942,77.508,0.000,77.508,2.165,1833,1577,80.0,0,0,77.5
3308,fixed_split_mlp_covertype,stable,h3,1776520944441.942,1776520944578.450,136.508,0.000,134.508,2.008,1833,1577,80.0,1,0,77.8
3309,fixed_split_mlp_covertype,stable,h3,1776520944579.450,1776520944691.126,111.676,0.000,110.676,1.871,1833,1577,80.0,1,0,85.1
3310,fixed_split_mlp_covertype,stable,h3,1776520944692.126,1776520944796.137,104.010,1.000,101.508,1.790,1833,1577,80.0,1,0,70.5
3311,fixed_split_mlp_covertype,stable,h3,1776520944797.140,1776520944891.142,94.002,0.000,93.002,1.985,1833,1577,80.0,1,0,68.8
3312,fixed_split_mlp_covertype,stable,h3,1776520944892.142,1776520944984.650,92.508,1.000,91.507,1.995,1833,1577,80.0,1,0,69.8
3313,fixed_split_mlp_covertype,stable,h3,1776520944986.650,1776520945116.664,130.013,0.000,129.013,1.908,1833,1577,80.0,1,0,76.6
3314,fixed_split_mlp_covertype,stable,h3,1776520945117.663,1776520945266.172,148.509,0.000,148.509,1.995,1833,1577,80.0,1,0,78.4
3315,fixed_split_mlp_covertype,stable,h3,1776520945267.172,1776520945412.186,145.014,0.000,144.013,1.991,1833,1577,80.0,1,0,69.4
3316,fixed_split_mlp_covertype,stable,h3,1776520945414.186,1776520945594.697,180.510,0.000,180.510,2.217,1833,1577,80.0,1,0,70.8
3317,fixed_split_mlp_covertype,stable,h3,1776520945596.198,1776520945691.204,95.005,1.003,94.002,1.842,1833,1577,80.0,1,0,71.6
3318,fixed_split_mlp_covertype,stable,h3,1776520945693.204,1776520945842.216,149.012,0.000,147.011,1.826,1833,1577,80.0,1,0,69.2
3319,fixed_split_mlp_covertype,stable,h3,1776520945843.216,1776520945915.723,72.507,0.000,71.507,2.233,1833,1577,80.0,0,0,70.4
3320,fixed_split_mlp_covertype,stable,h3,1776520945917.723,1776520945996.228,78.504,1.000,76.002,1.821,1833,1577,80.0,0,0,74.7
3321,fixed_split_mlp_covertype,stable,h3,1776520945997.231,1776520946148.738,151.508,0.000,150.506,1.725,1833,1577,80.0,1,0,70.3
3322,fixed_split_mlp_covertype,stable,h3,1776520946150.739,1776520946254.245,103.507,0.000,103.507,2.057,1833,1577,80.0,1,0,70.5
3323,fixed_split_mlp_covertype,stable,h3,1776520946256.245,1776520946376.754,120.509,0.000,118.508,1.758,1833,1577,80.0,1,0,81.2
3324,fixed_split_mlp_covertype,stable,h3,1776520946378.754,1776520946477.262,98.508,0.000,97.507,1.975,1833,1577,80.0,1,0,68.0
3325,fixed_split_mlp_covertype,stable,h3,1776520946478.262,1776520946647.276,169.015,0.000,168.015,1.845,1833,1577,80.0,1,0,72.2
3326,fixed_split_mlp_covertype,stable,h3,1776520946649.277,1776520946819.291,170.014,0.000,170.014,1.791,1833,1577,80.0,1,0,71.3
3327,fixed_split_mlp_covertype,stable,h3,1776520946820.291,1776520946915.801,95.510,1.000,93.507,1.767,1833,1577,80.0,1,0,74.8
3328,fixed_split_mlp_covertype,stable,h3,1776520946917.798,1776520947033.305,115.507,0.000,115.507,1.762,1833,1577,80.0,1,0,70.4
3329,fixed_split_mlp_covertype,stable,h3,1776520947035.305,1776520947150.813,115.508,0.000,114.507,1.852,1833,1577,80.0,1,0,72.2
3330,fixed_split_mlp_covertype,stable,h3,1776520947152.813,1776520947239.320,86.508,1.000,85.507,1.893,1833,1577,80.0,1,0,70.4
3331,fixed_split_mlp_covertype,stable,h3,1776520947241.321,1776520947415.335,174.015,0.000,172.015,1.911,1833,1577,80.0,1,0,71.7
3332,fixed_split_mlp_covertype,stable,h3,1776520947416.336,1776520947517.843,101.507,0.000,99.507,1.701,1833,1577,80.0,1,0,73.0
3333,fixed_split_mlp_covertype,stable,h3,1776520947518.843,1776520947611.350,92.507,1.000,91.507,1.915,1833,1577,80.0,1,0,69.1
3334,fixed_split_mlp_covertype,stable,h3,1776520947613.350,1776520947801.364,188.014,0.000,188.014,1.892,1833,1577,80.0,1,0,69.6
3335,fixed_split_mlp_covertype,stable,h3,1776520947803.364,1776520947919.871,116.507,1.000,115.507,1.866,1833,1577,80.0,1,0,69.8
3336,fixed_split_mlp_covertype,stable,h3,1776520947921.871,1776520948011.378,89.507,0.000,88.507,2.074,1833,1577,80.0,1,0,69.5
3337,fixed_split_mlp_covertype,stable,h3,1776520948013.378,1776520948125.885,112.507,0.000,112.507,1.966,1833,1577,80.0,1,0,68.8
3338,fixed_split_mlp_covertype,stable,h3,1776520948127.885,1776520948224.392,96.508,0.000,95.507,1.941,1833,1577,80.0,1,0,75.0
3339,fixed_split_mlp_covertype,stable,h3,1776520948226.393,1776520948401.406,175.014,1.000,173.014,1.811,1833,1577,80.0,1,0,70.2
3340,fixed_split_mlp_covertype,stable,h3,1776520948402.406,1776520948528.914,126.507,1.000,125.507,1.781,1833,1577,80.0,1,0,66.9
3341,fixed_split_mlp_covertype,stable,h3,1776520948530.914,1776520948670.420,139.506,0.000,138.506,1.838,1833,1577,80.0,1,0,71.3
3342,fixed_split_mlp_covertype,stable,h3,1776520948671.420,1776520948814.434,143.014,1.000,142.014,1.782,1833,1577,80.0,1,0,70.1
3343,fixed_split_mlp_covertype,stable,h3,1776520948816.435,1776520948915.942,99.507,0.000,97.507,1.935,1833,1577,80.0,1,0,73.0
3344,fixed_split_mlp_covertype,stable,h3,1776520948916.942,1776520949035.449,118.507,0.000,116.507,1.798,1833,1577,80.0,1,0,71.1
3345,fixed_split_mlp_covertype,stable,h3,1776520949036.449,1776520949173.956,137.507,0.000,135.506,2.586,1833,1577,80.0,1,0,71.1
3346,fixed_split_mlp_covertype,stable,h3,1776520949174.956,1776520949255.465,80.509,1.000,79.508,2.056,1833,1577,80.0,1,0,70.4
3347,fixed_split_mlp_covertype,stable,h3,1776520949257.464,1776520949323.971,66.507,0.000,65.507,2.241,1833,1577,80.0,0,0,69.1
3348,fixed_split_mlp_covertype,stable,h3,1776520949325.971,1776520949425.480,99.509,0.000,98.509,1.945,1833,1577,80.0,1,0,69.1
3349,fixed_split_mlp_covertype,stable,h3,1776520949426.480,1776520949596.491,170.012,0.000,169.011,1.964,1833,1577,80.0,1,0,70.1
3350,fixed_split_mlp_covertype,stable,h3,1776520949598.495,1776520949691.497,93.002,0.000,92.002,1.724,1833,1577,80.0,1,0,71.4
3351,fixed_split_mlp_covertype,stable,h3,1776520949693.497,1776520949829.511,136.014,0.000,136.014,1.856,1833,1577,80.0,1,0,68.8
3352,fixed_split_mlp_covertype,stable,h3,1776520949831.511,1776520949918.019,86.508,1.001,84.507,2.369,1833,1577,80.0,1,0,72.5
3353,fixed_split_mlp_covertype,stable,h3,1776520949919.019,1776520950060.526,141.507,1.000,140.507,1.768,1833,1577,80.0,1,0,71.0
3354,fixed_split_mlp_covertype,stable,h3,1776520950062.526,1776520950175.033,112.508,0.000,110.507,1.941,1833,1577,80.0,1,0,70.6
3355,fixed_split_mlp_covertype,stable,h3,1776520950176.033,1776520950308.062,132.029,0.000,131.029,2.063,1833,1577,80.0,1,0,76.2
3356,fixed_split_mlp_covertype,stable,h3,1776520950310.062,1776520950418.571,108.509,0.000,107.509,3.389,1833,1577,80.0,1,0,81.4
3357,fixed_split_mlp_covertype,stable,h3,1776520950420.571,1776520950491.574,71.003,0.000,69.001,3.481,1833,1577,80.0,0,0,75.0
3358,fixed_split_mlp_covertype,stable,h3,1776520950492.574,1776520950637.591,145.017,1.000,144.016,3.407,1833,1577,80.0,1,0,77.0
3359,fixed_split_mlp_covertype,stable,h3,1776520950639.591,1776520950748.226,108.635,0.000,106.536,1.977,1833,1577,80.0,1,0,86.7
3360,fixed_split_mlp_covertype,stable,h3,1776520950749.640,1776520950913.225,163.585,0.000,162.576,1.856,1833,1577,80.0,1,0,90.9
3361,fixed_split_mlp_covertype,stable,h3,1776520950915.226,1776520951036.626,121.401,0.000,119.400,1.926,1833,1577,80.0,1,0,92.2
3362,fixed_split_mlp_covertype,stable,h3,1776520951037.625,1776520951174.139,136.515,0.999,134.516,1.802,1833,1577,80.0,1,0,90.4
3363,fixed_split_mlp_covertype,stable,h3,1776520951175.141,1776520951329.595,154.454,1.000,153.455,1.891,1833,1577,80.0,1,0,90.6
3364,fixed_split_mlp_covertype,stable,h3,1776520951331.595,1776520951470.821,139.226,0.000,137.224,2.002,1833,1577,80.0,1,0,89.0
3365,fixed_split_mlp_covertype,stable,h3,1776520951471.819,1776520951664.462,192.643,1.001,190.641,1.852,1833,1577,80.0,1,0,89.1
3366,fixed_split_mlp_covertype,stable,h3,1776520951666.460,1776520951880.905,214.444,0.000,212.444,1.699,1833,1577,80.0,1,0,85.3
3367,fixed_split_mlp_covertype,stable,h3,1776520951881.905,1776520952045.242,163.338,1.005,162.333,1.781,1833,1577,80.0,1,0,83.1
3368,fixed_split_mlp_covertype,stable,h3,1776520952047.243,1776520952194.757,147.513,1.001,146.512,2.130,1833,1577,80.0,1,0,81.2
3369,fixed_split_mlp_covertype,stable,h3,1776520952196.756,1776520952287.265,90.509,0.503,89.006,1.942,1833,1577,80.0,1,0,86.6
3370,fixed_split_mlp_covertype,stable,h3,1776520952288.265,1776520952396.774,108.509,1.000,106.791,1.726,1833,1577,80.0,1,0,84.1
3371,fixed_split_mlp_covertype,stable,h3,1776520952398.280,1776520952490.283,92.004,1.000,90.003,1.861,1833,1577,80.0,1,0,83.3
3372,fixed_split_mlp_covertype,stable,h3,1776520952491.283,1776520952613.307,122.024,1.000,121.024,2.132,1833,1577,80.0,1,0,81.2
3373,fixed_split_mlp_covertype,stable,h3,1776520952615.307,1776520952687.312,72.005,1.000,70.004,2.204,1833,1577,80.0,0,0,81.2
3374,fixed_split_mlp_covertype,stable,h3,1776520952688.311,1776520952804.329,116.018,1.001,115.017,2.334,1833,1577,80.0,1,0,83.0
3375,fixed_split_mlp_covertype,stable,h3,1776520952806.329,1776520952885.334,79.005,0.000,79.005,3.850,1833,1577,80.0,0,0,83.3
3376,fixed_split_mlp_covertype,stable,h3,1776520952887.333,1776520953023.381,136.048,1.001,134.047,1.895,1833,1577,80.0,1,0,84.5
3377,fixed_split_mlp_covertype,stable,h3,1776520953024.381,1776520953103.889,79.509,1.000,77.509,1.754,1833,1577,80.0,0,0,82.1
3378,fixed_split_mlp_covertype,stable,h3,1776520953104.889,1776520953281.868,176.979,0.000,175.979,1.894,1833,1577,80.0,1,0,74.6
3379,fixed_split_mlp_covertype,stable,h3,1776520953283.871,1776520953411.884,128.013,0.000,126.013,1.984,1833,1577,80.0,1,0,77.5
3380,fixed_split_mlp_covertype,stable,h3,1776520953412.884,1776520953497.390,84.506,1.000,83.002,1.866,1833,1577,80.0,1,0,84.2
3381,fixed_split_mlp_covertype,stable,h3,1776520953499.393,1776520953642.904,143.510,0.000,143.510,2.003,1833,1577,80.0,1,0,79.3
3382,fixed_split_mlp_covertype,stable,h3,1776520953644.904,1776520953772.417,127.514,0.000,126.510,1.940,1833,1577,80.0,1,0,78.5
3383,fixed_split_mlp_covertype,stable,h3,1776520953773.413,1776520953906.535,133.123,0.999,131.119,1.954,1833,1577,80.0,1,0,77.9
3384,fixed_split_mlp_covertype,stable,h3,1776520953907.534,1776520953988.534,81.000,0.999,80.002,1.934,1833,1577,80.0,1,0,75.0
3385,fixed_split_mlp_covertype,stable,h3,1776520953990.534,1776520954122.554,132.020,0.000,132.020,1.769,1833,1577,80.0,1,0,76.2
3386,fixed_split_mlp_covertype,stable,h3,1776520954124.554,1776520954209.545,84.991,0.000,82.991,2.162,1833,1577,80.0,1,0,74.1
3387,fixed_split_mlp_covertype,stable,h3,1776520954210.545,1776520954288.043,77.498,0.000,76.497,1.940,1833,1577,80.0,0,0,78.8
3388,fixed_split_mlp_covertype,stable,h3,1776520954290.043,1776520954383.552,93.509,0.000,93.509,1.770,1833,1577,80.0,1,0,76.3
3389,fixed_split_mlp_covertype,stable,h3,1776520954385.558,1776520954492.060,106.502,0.000,105.502,2.101,1833,1577,80.0,1,0,75.0
3390,fixed_split_mlp_covertype,stable,h3,1776520954493.060,1776520954623.073,130.013,0.000,129.013,1.891,1833,1577,80.0,1,0,77.1
3391,fixed_split_mlp_covertype,stable,h3,1776520954625.073,1776520954747.581,122.508,0.000,122.508,2.088,1833,1577,80.0,1,0,76.7
3392,fixed_split_mlp_covertype,stable,h3,1776520954749.581,1776520954938.596,189.015,0.000,188.015,2.094,1833,1577,80.0,1,0,75.5
3393,fixed_split_mlp_covertype,stable,h3,1776520954939.596,1776520955069.386,129.790,0.000,127.789,1.805,1833,1577,80.0,1,0,75.8
3394,fixed_split_mlp_covertype,stable,h3,1776520955070.385,1776520955230.401,160.016,1.000,159.015,2.125,1833,1577,80.0,1,0,76.0
3395,fixed_split_mlp_covertype,stable,h3,1776520955232.401,1776520955336.909,104.508,0.000,104.508,1.765,1833,1577,80.0,1,0,73.2
3396,fixed_split_mlp_covertype,stable,h3,1776520955338.909,1776520955469.427,130.517,0.000,130.517,1.920,1833,1577,80.0,1,0,84.1
3397,fixed_split_mlp_covertype,stable,h3,1776520955471.426,1776520955579.470,108.044,0.000,108.044,2.041,1833,1577,80.0,1,0,77.7
3398,fixed_split_mlp_covertype,stable,h3,1776520955581.470,1776520955751.486,170.016,0.000,169.016,2.247,1833,1577,80.0,1,0,75.0
3399,fixed_split_mlp_covertype,stable,h3,1776520955753.486,1776520955869.996,116.510,0.000,114.508,1.938,1833,1577,80.0,1,0,77.0
3400,fixed_split_mlp_covertype,stable,h3,1776520955870.997,1776520955996.510,125.512,0.000,124.512,2.104,1833,1577,80.0,1,0,73.8
3401,fixed_split_mlp_covertype,stable,h3,1776520955999.016,1776520956179.526,180.510,0.000,180.510,2.031,1833,1577,80.0,1,0,75.8
3402,fixed_split_mlp_covertype,stable,h3,1776520956180.524,1776520956278.031,97.507,0.999,95.508,2.012,1833,1577,80.0,1,0,75.9
3403,fixed_split_mlp_covertype,stable,h3,1776520956279.031,1776520956400.048,121.016,0.000,120.015,2.331,1833,1577,80.0,1,0,77.2
3404,fixed_split_mlp_covertype,stable,h3,1776520956402.047,1776520956486.051,84.004,0.000,83.002,2.027,1833,1577,80.0,1,0,75.9
3405,fixed_split_mlp_covertype,stable,h3,1776520956487.050,1776520956627.063,140.013,0.000,139.012,1.895,1833,1577,80.0,1,0,76.9
3406,fixed_split_mlp_covertype,stable,h3,1776520956629.063,1776520956749.571,120.508,0.000,119.507,2.819,1833,1577,80.0,1,0,80.3
3407,fixed_split_mlp_covertype,stable,h3,1776520956751.571,1776520956883.082,131.511,0.000,129.508,2.108,1833,1577,80.0,1,0,79.2
3408,fixed_split_mlp_covertype,stable,h3,1776520956885.082,1776520956962.586,77.505,0.000,77.505,1.968,1833,1577,80.0,0,0,77.9
3409,fixed_split_mlp_covertype,stable,h3,1776520956964.586,1776520957068.095,103.508,0.000,101.508,2.190,1833,1577,80.0,1,0,76.5
3410,fixed_split_mlp_covertype,stable,h3,1776520957069.095,1776520957177.603,108.508,0.000,106.508,2.145,1833,1577,80.0,1,0,74.1
3411,fixed_split_mlp_covertype,stable,h3,1776520957178.603,1776520957354.622,176.019,1.001,175.019,2.035,1833,1577,80.0,1,0,73.3
3412,fixed_split_mlp_covertype,stable,h3,1776520957356.622,1776520957472.128,115.506,0.000,115.506,2.176,1833,1577,80.0,1,0,72.1
3413,fixed_split_mlp_covertype,stable,h3,1776520957474.128,1776520957765.389,291.260,0.000,290.260,2.786,1833,1577,80.0,1,0,55.4
3414,fixed_split_mlp_covertype,stable,h3,1776520957767.388,1776520958217.611,450.223,0.998,448.237,1.957,1833,1577,80.0,1,0,37.8
3415,fixed_split_mlp_covertype,stable,h3,1776520958219.616,1776520958692.510,472.893,1.234,469.894,1.880,1833,1577,80.0,1,0,40.9
3416,fixed_split_mlp_covertype,stable,h3,1776520958695.508,1776520959148.442,452.934,1.995,449.925,2.051,1833,1577,80.0,1,0,33.4
3417,fixed_split_mlp_covertype,stable,h3,1776520959151.434,1776520959603.699,452.265,1.074,449.273,1.969,1833,1577,80.0,1,0,29.4
3418,fixed_split_mlp_covertype,stable,h3,1776520959605.697,1776520960056.037,450.341,0.998,448.338,1.956,1833,1577,80.0,1,0,34.3
3419,fixed_split_mlp_covertype,stable,h3,1776520960058.033,1776520960533.786,475.753,1.001,472.761,1.899,1833,1577,80.0,1,0,29.1
3420,fixed_split_mlp_covertype,stable,h3,1776520960536.784,1776520961013.231,476.447,1.001,475.446,7.804,1833,1577,80.0,1,0,29.5
3421,fixed_split_mlp_covertype,stable,h3,1776520961015.237,1776520961487.036,471.799,1.995,468.709,1.796,1833,1577,80.0,1,0,32.5
3422,fixed_split_mlp_covertype,stable,h3,1776520961489.299,1776520962007.252,517.953,0.751,515.142,1.900,1833,1577,80.0,1,0,29.1
3423,fixed_split_mlp_covertype,stable,h3,1776520962009.252,1776520962576.735,567.483,1.187,564.426,1.740,1833,1577,80.0,1,0,25.6
3424,fixed_split_mlp_covertype,stable,h3,1776520962577.839,1776520963191.776,613.937,0.834,611.849,3.187,1833,1577,80.0,1,0,23.5
3425,fixed_split_mlp_covertype,stable,h3,1776520963193.777,1776520963723.390,529.612,1.001,527.615,1.988,1833,1577,80.0,1,0,27.7
3426,fixed_split_mlp_covertype,stable,h3,1776520963724.722,1776520964174.330,449.607,1.084,447.366,1.727,1833,1577,80.0,1,0,32.9
3427,fixed_split_mlp_covertype,stable,h3,1776520964177.347,1776520964630.903,453.555,1.990,450.505,1.778,1833,1577,80.0,1,0,33.7
3428,fixed_split_mlp_covertype,stable,h3,1776520964632.902,1776520965087.639,454.737,1.993,451.724,2.193,1833,1577,80.0,1,0,30.6
3429,fixed_split_mlp_covertype,stable,h3,1776520965089.638,1776520965537.775,448.137,1.127,445.953,2.023,1833,1577,80.0,1,0,30.9
3430,fixed_split_mlp_covertype,stable,h3,1776520965538.764,1776520965666.292,127.529,1.140,123.548,1.999,1833,1577,80.0,1,0,61.1
3431,fixed_split_mlp_covertype,stable,h3,1776520965671.309,1776520965816.024,144.715,1.007,142.704,1.907,1833,1577,80.0,1,0,73.5
3432,fixed_split_mlp_covertype,stable,h3,1776520965818.024,1776520965955.533,137.509,0.000,136.507,2.303,1833,1577,80.0,1,0,69.4
3433,fixed_split_mlp_covertype,stable,h3,1776520965956.531,1776520966097.078,140.548,0.000,139.547,1.866,1833,1577,80.0,1,0,68.8
3434,fixed_split_mlp_covertype,stable,h3,1776520966099.078,1776520966338.066,238.988,0.000,237.988,1.946,1833,1577,80.0,1,0,59.0
3435,fixed_split_mlp_covertype,stable,h3,1776520966339.117,1776520966461.583,122.466,0.000,121.503,1.743,1833,1577,80.0,1,0,62.1
3436,fixed_split_mlp_covertype,stable,h3,1776520966463.583,1776520966635.601,172.018,0.000,171.001,1.691,1833,1577,80.0,1,0,70.8
3437,fixed_split_mlp_covertype,stable,h3,1776520966636.597,1776520966809.610,173.013,1.000,172.014,2.021,1833,1577,80.0,1,0,74.3
3438,fixed_split_mlp_covertype,stable,h3,1776520966811.610,1776520966984.621,173.011,0.000,172.010,1.773,1833,1577,80.0,1,0,68.3
3439,fixed_split_mlp_covertype,stable,h3,1776520966986.624,1776520967150.131,163.507,0.000,163.507,2.445,1833,1577,80.0,1,0,72.6
3440,fixed_split_mlp_covertype,stable,h3,1776520967152.131,1776520967259.638,107.507,0.000,105.507,1.905,1833,1577,80.0,1,0,68.9
3441,fixed_split_mlp_covertype,stable,h3,1776520967261.638,1776520967392.651,131.014,0.000,129.013,3.688,1833,1577,80.0,1,0,68.8
3442,fixed_split_mlp_covertype,stable,h3,1776520967393.651,1776520967541.158,147.507,1.001,145.506,4.424,1833,1577,80.0,1,0,70.2
3443,fixed_split_mlp_covertype,stable,h3,1776520967542.158,1776520967696.173,154.014,0.000,152.014,3.703,1833,1577,80.0,1,0,70.1
3444,fixed_split_mlp_covertype,stable,h3,1776520967698.172,1776520967844.679,146.507,0.000,145.507,2.509,1833,1577,80.0,1,0,71.5
3445,fixed_split_mlp_covertype,stable,h3,1776520967845.694,1776520967935.186,89.492,0.986,88.506,1.983,1833,1577,80.0,1,0,68.7
3446,fixed_split_mlp_covertype,stable,h3,1776520967937.186,1776520968071.694,134.508,0.000,133.508,1.838,1833,1577,80.0,1,0,71.5
3447,fixed_split_mlp_covertype,stable,h3,1776520968073.694,1776520968166.199,92.504,0.000,91.504,1.970,1833,1577,80.0,1,0,72.3
3448,fixed_split_mlp_covertype,stable,h3,1776520968168.199,1776520968318.213,150.014,0.000,149.014,1.889,1833,1577,80.0,1,0,67.8
3449,fixed_split_mlp_covertype,stable,h3,1776520968319.212,1776520968423.720,104.508,1.001,102.507,2.393,1833,1577,80.0,1,0,70.0
3450,fixed_split_mlp_covertype,stable,h3,1776520968425.719,1776520968526.226,100.507,0.000,100.507,1.820,1833,1577,80.0,1,0,68.1
3451,fixed_split_mlp_covertype,stable,h3,1776520968528.226,1776520968686.239,158.013,0.000,157.013,1.892,1833,1577,80.0,1,0,69.4
3452,fixed_split_mlp_covertype,stable,h3,1776520968689.240,1776520968752.240,63.000,0.000,62.000,1.792,1833,1577,80.0,0,0,67.7
3453,fixed_split_mlp_covertype,stable,h3,1776520968753.240,1776520968915.252,162.012,1.000,161.012,2.088,1833,1577,80.0,1,0,69.7
3454,fixed_split_mlp_covertype,stable,h3,1776520968917.252,1776520969036.758,119.506,0.000,118.503,2.322,1833,1577,80.0,1,0,69.0
3455,fixed_split_mlp_covertype,stable,h3,1776520969038.759,1776520969216.771,178.013,0.000,176.012,1.759,1833,1577,80.0,1,0,69.8
3456,fixed_split_mlp_covertype,stable,h3,1776520969217.771,1776520969361.278,143.507,1.000,141.507,2.218,1833,1577,80.0,1,0,68.3
3457,fixed_split_mlp_covertype,stable,h3,1776520969362.279,1776520969483.787,121.508,1.000,119.508,1.802,1833,1577,80.0,1,0,69.0
3458,fixed_split_mlp_covertype,stable,h3,1776520969485.289,1776520969644.799,159.510,0.000,159.510,1.968,1833,1577,80.0,1,0,69.2
3459,fixed_split_mlp_covertype,stable,h3,1776520969646.799,1776520969742.306,95.507,0.000,95.507,2.474,1833,1577,80.0,1,0,69.4
3460,fixed_split_mlp_covertype,stable,h3,1776520969743.306,1776520969881.815,138.509,1.000,137.509,1.763,1833,1577,80.0,1,0,71.5
3461,fixed_split_mlp_covertype,stable,h3,1776520969882.815,1776520970032.849,150.034,0.000,148.033,2.121,1833,1577,80.0,1,0,70.0
3462,fixed_split_mlp_covertype,stable,h3,1776520970033.849,1776520970126.356,92.507,1.000,91.507,1.780,1833,1577,80.0,1,0,68.8
3463,fixed_split_mlp_covertype,stable,h3,1776520970128.355,1776520970216.867,88.511,0.000,87.510,1.924,1833,1577,80.0,1,0,80.8
3464,fixed_split_mlp_covertype,stable,h3,1776520970218.867,1776520970352.385,133.517,0.000,132.517,1.889,1833,1577,80.0,1,0,69.0
3465,fixed_split_mlp_covertype,stable,h3,1776520970353.385,1776520970449.892,96.507,1.000,94.506,2.016,1833,1577,80.0,1,0,69.6
3466,fixed_split_mlp_covertype,stable,h3,1776520970450.892,1776520970577.401,126.509,1.000,125.509,1.836,1833,1577,80.0,1,0,68.0
3467,fixed_split_mlp_covertype,stable,h3,1776520970579.401,1776520970668.908,89.507,0.000,88.507,4.829,1833,1577,80.0,1,0,69.5
3468,fixed_split_mlp_covertype,stable,h3,1776520970670.910,1776520970807.926,137.015,0.000,137.015,1.830,1833,1577,80.0,1,0,69.7
3469,fixed_split_mlp_covertype,stable,h3,1776520970809.925,1776520970924.432,114.507,0.000,113.507,2.011,1833,1577,80.0,1,0,67.0
3470,fixed_split_mlp_covertype,stable,h3,1776520970926.432,1776520971068.940,142.508,0.000,142.508,2.253,1833,1577,80.0,1,0,69.7
3471,fixed_split_mlp_covertype,stable,h3,1776520971070.941,1776520971189.952,119.011,1.001,118.010,2.014,1833,1577,80.0,1,0,70.6
3472,fixed_split_mlp_covertype,stable,h3,1776520971191.952,1776520971273.955,82.002,0.000,81.002,1.991,1833,1577,80.0,1,0,68.3
3473,fixed_split_mlp_covertype,stable,h3,1776520971274.955,1776520971415.965,141.010,1.003,139.007,1.754,1833,1577,80.0,1,0,71.1
3474,fixed_split_mlp_covertype,stable,h3,1776520971416.965,1776520971528.471,111.506,1.000,110.506,1.754,1833,1577,80.0,1,0,70.0
3475,fixed_split_mlp_covertype,stable,h3,1776520971530.471,1776520971664.980,134.509,0.000,133.509,1.949,1833,1577,80.0,1,0,68.4
3476,fixed_split_mlp_covertype,stable,h3,1776520971666.978,1776520971865.992,199.014,0.000,198.013,1.921,1833,1577,80.0,1,0,69.1
3477,fixed_split_mlp_covertype,stable,h3,1776520971867.992,1776520971958.507,90.515,0.000,88.510,1.892,1833,1577,80.0,1,0,68.4
3478,fixed_split_mlp_covertype,stable,h3,1776520971959.503,1776520972103.516,144.013,1.000,143.013,1.995,1833,1577,80.0,1,0,69.0
3479,fixed_split_mlp_covertype,stable,h3,1776520972105.516,1776520972213.025,107.508,1.000,106.508,1.785,1833,1577,80.0,1,0,67.5
3480,fixed_split_mlp_covertype,stable,h3,1776520972215.024,1776520972294.531,79.507,0.000,79.507,1.865,1833,1577,80.0,0,0,73.1
3481,fixed_split_mlp_covertype,stable,h3,1776520972296.531,1776520972445.037,148.505,0.000,148.505,1.927,1833,1577,80.0,1,0,68.0
3482,fixed_split_mlp_covertype,stable,h3,1776520972446.037,1776520972574.546,128.509,1.000,127.510,1.837,1833,1577,80.0,1,0,70.4
3483,fixed_split_mlp_covertype,stable,h3,1776520972576.547,1776520972725.556,149.010,0.000,149.010,2.022,1833,1577,80.0,1,0,70.8
3484,fixed_split_mlp_covertype,stable,h3,1776520972726.556,1776520972834.063,107.507,1.006,105.501,1.748,1833,1577,80.0,1,0,71.1
3485,fixed_split_mlp_covertype,stable,h3,1776520972835.063,1776520972958.570,123.507,1.000,122.507,2.049,1833,1577,80.0,1,0,70.5
3486,fixed_split_mlp_covertype,stable,h3,1776520972960.570,1776520973055.076,94.506,0.000,93.506,1.939,1833,1577,80.0,1,0,72.9
3487,fixed_split_mlp_covertype,stable,h3,1776520973057.076,1776520973113.582,56.507,0.000,55.506,2.037,1833,1577,80.0,0,0,73.0
3488,fixed_split_mlp_covertype,stable,h3,1776520973115.583,1776520973264.090,148.507,0.000,148.507,1.773,1833,1577,80.0,1,0,71.1
3489,fixed_split_mlp_covertype,stable,h3,1776520973266.090,1776520973394.104,128.014,0.000,126.014,1.877,1833,1577,80.0,1,0,67.2
3490,fixed_split_mlp_covertype,stable,h3,1776520973395.104,1776520973515.610,120.506,0.000,119.506,2.067,1833,1577,80.0,1,0,74.2
3491,fixed_split_mlp_covertype,stable,h3,1776520973517.612,1776520973625.117,107.504,0.000,106.504,1.761,1833,1577,80.0,1,0,72.3
3492,fixed_split_mlp_covertype,stable,h3,1776520973626.117,1776520973694.624,68.507,1.001,67.506,1.903,1833,1577,80.0,0,0,73.0
3493,fixed_split_mlp_covertype,stable,h3,1776520973696.624,1776520973853.130,156.506,0.000,155.506,1.894,1833,1577,80.0,1,0,72.4
3494,fixed_split_mlp_covertype,stable,h3,1776520973855.130,1776520973914.637,59.507,0.000,58.507,1.807,1833,1577,80.0,0,0,64.7
3495,fixed_split_mlp_covertype,stable,h3,1776520973915.637,1776520974017.145,101.509,0.000,100.508,1.851,1833,1577,80.0,1,0,70.8
3496,fixed_split_mlp_covertype,stable,h3,1776520974019.145,1776520974138.650,119.505,0.000,117.506,1.740,1833,1577,80.0,1,0,69.5
3497,fixed_split_mlp_covertype,stable,h3,1776520974139.650,1776520974340.668,201.019,1.001,199.012,1.807,1833,1577,80.0,1,0,68.9
3498,fixed_split_mlp_covertype,stable,h3,1776520974341.666,1776520974460.170,118.504,0.000,117.504,1.759,1833,1577,80.0,1,0,68.8
3499,fixed_split_mlp_covertype,stable,h3,1776520974461.170,1776520974626.187,165.017,1.001,163.017,1.882,1833,1577,80.0,1,0,69.9
3500,fixed_split_mlp_covertype,stable,h3,1776520974627.187,1776520974758.693,131.506,0.000,130.505,1.835,1833,1577,80.0,1,0,70.7
3501,fixed_split_mlp_covertype,stable,h3,1776520974760.693,1776520974873.202,112.509,0.000,111.509,1.938,1833,1577,80.0,1,0,69.2
3502,fixed_split_mlp_covertype,stable,h3,1776520974875.202,1776520974961.707,86.504,0.000,84.503,1.839,1833,1577,80.0,1,0,65.5
3503,fixed_split_mlp_covertype,stable,h3,1776520974962.707,1776520975084.214,121.508,1.001,120.507,1.912,1833,1577,80.0,1,0,69.8
3504,fixed_split_mlp_covertype,stable,h3,1776520975086.719,1776520975145.719,59.000,0.000,56.999,1.899,1833,1577,80.0,0,0,77.3
3505,fixed_split_mlp_covertype,stable,h3,1776520975146.719,1776520975268.226,121.507,1.001,119.506,1.763,1833,1577,80.0,1,0,68.8
3506,fixed_split_mlp_covertype,stable,h3,1776520975269.226,1776520975389.239,120.013,0.000,119.013,1.883,1833,1577,80.0,1,0,69.3
3507,fixed_split_mlp_covertype,stable,h3,1776520975391.240,1776520975498.746,107.507,0.000,107.507,1.885,1833,1577,80.0,1,0,68.1
3508,fixed_split_mlp_covertype,stable,h3,1776520975500.746,1776520975596.252,95.506,0.000,93.506,1.792,1833,1577,80.0,1,0,69.8
3509,fixed_split_mlp_covertype,stable,h3,1776520975597.252,1776520975711.760,114.507,1.000,113.508,2.054,1833,1577,80.0,1,0,71.1
3510,fixed_split_mlp_covertype,stable,h3,1776520975712.760,1776520975821.265,108.506,1.000,107.506,1.709,1833,1577,80.0,1,0,69.6
3511,fixed_split_mlp_covertype,stable,h3,1776520975823.266,1776520975963.772,140.506,0.000,140.506,1.921,1833,1577,80.0,1,0,70.7
3512,fixed_split_mlp_covertype,stable,h3,1776520975965.772,1776520976132.786,167.014,0.000,166.014,2.055,1833,1577,80.0,1,0,68.1
3513,fixed_split_mlp_covertype,stable,h3,1776520976134.787,1776520976234.292,99.505,0.000,98.505,1.970,1833,1577,80.0,1,0,71.8
3514,fixed_split_mlp_covertype,stable,h3,1776520976236.292,1776520976327.799,91.507,0.000,89.504,1.654,1833,1577,80.0,1,0,71.6
3515,fixed_split_mlp_covertype,stable,h3,1776520976328.799,1776520976411.305,82.506,1.000,80.506,1.992,1833,1577,80.0,1,0,66.7
3516,fixed_split_mlp_covertype,stable,h3,1776520976412.305,1776520976517.813,105.508,0.000,103.507,1.839,1833,1577,80.0,1,0,70.8
3517,fixed_split_mlp_covertype,stable,h3,1776520976519.813,1776520976605.320,85.507,0.000,84.507,1.917,1833,1577,80.0,1,0,69.5
3518,fixed_split_mlp_covertype,stable,h3,1776520976607.320,1776520976757.827,150.507,0.000,150.507,1.868,1833,1577,80.0,1,0,68.3
3519,fixed_split_mlp_covertype,stable,h3,1776520976759.827,1776520976918.839,159.012,0.000,157.012,2.060,1833,1577,80.0,1,0,69.9
3520,fixed_split_mlp_covertype,stable,h3,1776520976920.840,1776520977030.347,109.507,0.000,107.507,2.030,1833,1577,80.0,1,0,71.7
3521,fixed_split_mlp_covertype,stable,h3,1776520977031.347,1776520977210.363,179.015,0.000,178.015,1.858,1833,1577,80.0,1,0,68.8
3522,fixed_split_mlp_covertype,stable,h3,1776520977211.362,1776520977314.869,103.507,1.000,101.506,1.953,1833,1577,80.0,1,0,70.5
3523,fixed_split_mlp_covertype,stable,h3,1776520977315.869,1776520977482.377,166.508,0.000,165.508,2.006,1833,1577,80.0,1,0,70.1
3524,fixed_split_mlp_covertype,stable,h3,1776520977484.377,1776520977637.390,153.012,0.000,153.012,1.911,1833,1577,80.0,1,0,67.9
3525,fixed_split_mlp_covertype,stable,h3,1776520977639.389,1776520977769.895,130.506,0.000,130.506,2.000,1833,1577,80.0,1,0,68.8
3526,fixed_split_mlp_covertype,stable,h3,1776520977771.900,1776520977850.404,78.504,0.000,78.504,1.847,1833,1577,80.0,0,0,68.7
3527,fixed_split_mlp_covertype,stable,h3,1776520977852.404,1776520977997.420,145.016,0.000,145.016,2.009,1833,1577,80.0,1,0,70.3
3528,fixed_split_mlp_covertype,stable,h3,1776520977999.419,1776520978112.927,113.507,0.000,112.507,1.985,1833,1577,80.0,1,0,67.5
3529,fixed_split_mlp_covertype,stable,h3,1776520978113.927,1776520978246.433,132.507,0.000,130.506,2.262,1833,1577,80.0,1,0,68.8
3530,fixed_split_mlp_covertype,stable,h3,1776520978248.433,1776520978448.445,200.012,0.000,200.012,2.211,1833,1577,80.0,1,0,69.1
3531,fixed_split_mlp_covertype,stable,h3,1776520978449.446,1776520978554.952,105.506,1.026,103.480,1.784,1833,1577,80.0,1,0,68.0
3532,fixed_split_mlp_covertype,stable,h3,1776520978555.952,1776520978668.458,112.506,0.000,110.506,1.735,1833,1577,80.0,1,0,70.3
3533,fixed_split_mlp_covertype,stable,h3,1776520978670.458,1776520978783.968,113.510,0.000,113.510,2.041,1833,1577,80.0,1,0,68.8
3534,fixed_split_mlp_covertype,stable,h3,1776520978785.968,1776520978914.982,129.014,0.503,127.509,2.029,1833,1577,80.0,1,0,69.3
3535,fixed_split_mlp_covertype,stable,h3,1776520978915.980,1776520979019.487,103.506,0.000,101.506,1.925,1833,1577,80.0,1,0,70.8
3536,fixed_split_mlp_covertype,stable,h3,1776520979020.487,1776520979141.993,121.506,1.001,120.505,1.859,1833,1577,80.0,1,0,68.2
3537,fixed_split_mlp_covertype,stable,h3,1776520979143.993,1776520979329.017,185.024,0.000,185.024,3.169,1833,1577,80.0,1,0,72.9
3538,fixed_split_mlp_covertype,stable,h3,1776520979331.017,1776520979477.525,146.508,0.000,145.509,1.764,1833,1577,80.0,1,0,69.2
3539,fixed_split_mlp_covertype,stable,h3,1776520979479.526,1776520979615.537,136.011,0.000,135.011,1.999,1833,1577,80.0,1,0,69.4
3540,fixed_split_mlp_covertype,stable,h3,1776520979616.537,1776520979702.044,85.507,0.000,84.507,2.001,1833,1577,80.0,1,0,68.0
3541,fixed_split_mlp_covertype,stable,h3,1776520979704.044,1776520979794.552,90.507,0.000,89.507,4.676,1833,1577,80.0,1,0,72.3
3542,fixed_split_mlp_covertype,stable,h3,1776520979796.552,1776520979912.060,115.508,0.000,114.508,6.313,1833,1577,80.0,1,0,71.9
3543,fixed_split_mlp_covertype,stable,h3,1776520979913.060,1776520980001.074,88.014,0.000,87.013,7.707,1833,1577,80.0,1,0,69.1
3544,fixed_split_mlp_covertype,stable,h3,1776520980003.075,1776520980171.588,168.513,1.000,166.511,2.257,1833,1577,80.0,1,0,71.6
3545,fixed_split_mlp_covertype,stable,h3,1776520980173.588,1776520980272.108,98.520,0.000,97.517,2.202,1833,1577,80.0,1,0,67.7
3546,fixed_split_mlp_covertype,stable,h3,1776520980273.107,1776520980434.119,161.011,0.000,161.011,2.792,1833,1577,80.0,1,0,70.3
3547,fixed_split_mlp_covertype,stable,h3,1776520980436.119,1776520980556.626,120.507,0.000,118.507,1.819,1833,1577,80.0,1,0,68.5
3548,fixed_split_mlp_covertype,stable,h3,1776520980558.627,1776520980704.640,146.013,0.000,145.013,4.672,1833,1577,80.0,1,0,67.8
3549,fixed_split_mlp_covertype,stable,h3,1776520980706.640,1776520980817.147,110.507,0.000,110.507,1.935,1833,1577,80.0,1,0,68.8
3550,fixed_split_mlp_covertype,stable,h3,1776520980818.147,1776520980892.654,74.507,1.000,73.507,2.397,1833,1577,80.0,0,0,70.5
3551,fixed_split_mlp_covertype,stable,h3,1776520980894.654,1776520980982.656,88.002,0.000,87.002,5.938,1833,1577,80.0,1,0,68.0
3552,fixed_split_mlp_covertype,stable,h3,1776520980983.656,1776520981057.164,73.508,1.002,72.505,3.760,1833,1577,80.0,0,0,70.4
3553,fixed_split_mlp_covertype,stable,h3,1776520981059.164,1776520981182.673,123.510,0.000,123.510,31.649,1833,1577,80.0,1,0,70.3
3554,fixed_split_mlp_covertype,stable,h3,1776520981184.674,1776520981315.686,131.012,0.000,130.012,2.872,1833,1577,80.0,1,0,68.2
3555,fixed_split_mlp_covertype,stable,h3,1776520981316.686,1776520981546.570,229.884,1.000,227.867,13.701,1833,1577,80.0,1,0,61.4
3556,fixed_split_mlp_covertype,stable,h3,1776520981547.564,1776520981728.311,180.747,0.000,179.744,12.821,1833,1577,80.0,1,0,70.0
3557,fixed_split_mlp_covertype,stable,h3,1776520981730.311,1776520981893.324,163.013,0.000,161.013,9.861,1833,1577,80.0,1,0,69.2
3558,fixed_split_mlp_covertype,stable,h3,1776520981894.323,1776520982044.832,150.509,0.000,148.505,15.102,1833,1577,80.0,1,0,67.3
3559,fixed_split_mlp_covertype,stable,h3,1776520982046.831,1776520982152.339,105.509,0.000,103.506,1.978,1833,1577,80.0,1,0,68.8
3560,fixed_split_mlp_covertype,stable,h3,1776520982153.337,1776520982239.845,86.508,1.001,85.507,2.572,1833,1577,80.0,1,0,68.8
3561,fixed_split_mlp_covertype,stable,h3,1776520982241.845,1776520982341.358,99.514,0.000,98.507,3.134,1833,1577,80.0,1,0,68.8
3562,fixed_split_mlp_covertype,stable,h3,1776520982342.353,1776520982470.509,128.156,1.001,127.155,4.077,1833,1577,80.0,1,0,70.3
3563,fixed_split_mlp_covertype,stable,h3,1776520982472.511,1776520982559.019,86.508,0.000,85.506,2.380,1833,1577,80.0,1,0,74.0
3564,fixed_split_mlp_covertype,stable,h3,1776520982560.016,1776520982663.524,103.508,0.000,101.506,2.747,1833,1577,80.0,1,0,69.8
3565,fixed_split_mlp_covertype,stable,h3,1776520982664.523,1776520982737.029,72.506,1.250,71.256,2.344,1833,1577,80.0,0,0,74.4
3566,fixed_split_mlp_covertype,stable,h3,1776520982739.032,1776520982847.540,108.508,0.000,107.505,1.860,1833,1577,80.0,1,0,68.1
3567,fixed_split_mlp_covertype,stable,h3,1776520982848.538,1776520982965.050,116.512,0.000,114.510,1.816,1833,1577,80.0,1,0,69.2
3568,fixed_split_mlp_covertype,stable,h3,1776520982966.048,1776520983076.558,110.510,0.000,109.509,1.846,1833,1577,80.0,1,0,70.3
3569,fixed_split_mlp_covertype,stable,h3,1776520983077.558,1776520983222.579,145.021,1.000,143.015,1.865,1833,1577,80.0,1,0,69.7
3570,fixed_split_mlp_covertype,stable,h3,1776520983223.576,1776520983335.705,112.129,0.000,111.131,2.533,1833,1577,80.0,1,0,75.7
3571,fixed_split_mlp_covertype,stable,h3,1776520983337.705,1776520983452.745,115.040,0.000,114.036,2.102,1833,1577,80.0,1,0,72.1
3572,fixed_split_mlp_covertype,stable,h3,1776520983453.742,1776520983521.250,67.508,0.000,65.504,2.186,1833,1577,80.0,0,0,68.8
3573,fixed_split_mlp_covertype,stable,h3,1776520983522.250,1776520983630.757,108.507,0.000,107.507,1.949,1833,1577,80.0,1,0,74.1
3574,fixed_split_mlp_covertype,stable,h3,1776520983632.757,1776520983737.264,104.507,0.000,103.506,12.110,1833,1577,80.0,1,0,72.1
3575,fixed_split_mlp_covertype,stable,h3,1776520983738.264,1776520983856.771,118.507,1.000,117.506,2.030,1833,1577,80.0,1,0,68.8
3576,fixed_split_mlp_covertype,stable,h3,1776520983858.771,1776520983965.281,106.510,0.000,105.507,2.290,1833,1577,80.0,1,0,69.3
3577,fixed_split_mlp_covertype,stable,h3,1776520983967.279,1776520984155.295,188.015,0.000,187.015,2.218,1833,1577,80.0,1,0,71.8
3578,fixed_split_mlp_covertype,stable,h3,1776520984156.295,1776520984301.310,145.015,0.000,144.014,1.775,1833,1577,80.0,1,0,70.9
3579,fixed_split_mlp_covertype,stable,h3,1776520984303.309,1776520984464.821,161.511,0.000,160.507,2.053,1833,1577,80.0,1,0,70.7
3580,fixed_split_mlp_covertype,stable,h3,1776520984465.817,1776520984615.831,150.014,1.000,149.013,1.908,1833,1577,80.0,1,0,70.8
3581,fixed_split_mlp_covertype,stable,h3,1776520984617.831,1776520984733.856,116.025,1.001,114.023,1.907,1833,1577,80.0,1,0,69.2
3582,fixed_split_mlp_covertype,stable,h3,1776520984734.855,1776520984916.870,182.015,0.000,181.013,2.042,1833,1577,80.0,1,0,69.5
3583,fixed_split_mlp_covertype,stable,h3,1776520984918.871,1776520985014.379,95.508,0.000,94.508,1.880,1833,1577,80.0,1,0,67.3
3584,fixed_split_mlp_covertype,stable,h3,1776520985015.377,1776520985218.662,203.285,0.000,202.282,2.346,1833,1577,80.0,1,0,69.0
3585,fixed_split_mlp_covertype,stable,h3,1776520985219.678,1776520985385.185,165.506,0.000,164.507,4.068,1833,1577,80.0,1,0,69.1
3586,fixed_split_mlp_covertype,stable,h3,1776520985387.184,1776520985499.880,112.696,0.000,111.696,2.090,1833,1577,80.0,1,0,70.4
3587,fixed_split_mlp_covertype,stable,h3,1776520985500.880,1776520985621.389,120.509,0.000,119.506,2.031,1833,1577,80.0,1,0,75.0
3588,fixed_split_mlp_covertype,stable,h3,1776520985622.387,1776520985763.895,141.508,1.004,140.505,1.745,1833,1577,80.0,1,0,71.9
3589,fixed_split_mlp_covertype,stable,h3,1776520985765.895,1776520985874.405,108.510,0.000,108.510,1.886,1833,1577,80.0,1,0,78.0
3590,fixed_split_mlp_covertype,stable,h3,1776520985876.405,1776520985978.911,102.507,0.000,102.507,1.808,1833,1577,80.0,1,0,74.3
3591,fixed_split_mlp_covertype,stable,h3,1776520985980.912,1776520986137.923,157.011,0.000,155.010,1.997,1833,1577,80.0,1,0,69.4
3592,fixed_split_mlp_covertype,stable,h3,1776520986138.923,1776520986245.430,106.507,1.002,104.505,1.961,1833,1577,80.0,1,0,68.8
3593,fixed_split_mlp_covertype,stable,h3,1776520986247.430,1776520986373.941,126.510,0.000,125.510,3.101,1833,1577,80.0,1,0,68.8
3594,fixed_split_mlp_covertype,stable,h3,1776520986374.941,1776520986477.448,102.507,1.000,100.507,3.977,1833,1577,80.0,1,0,69.5
3595,fixed_split_mlp_covertype,stable,h3,1776520986478.448,1776520986699.771,221.324,0.000,220.323,2.098,1833,1577,80.0,1,0,65.9
3596,fixed_split_mlp_covertype,stable,h3,1776520986700.789,1776520986781.787,80.999,0.999,80.000,1.993,1833,1577,80.0,1,0,56.9
3597,fixed_split_mlp_covertype,stable,h3,1776520986782.787,1776520986885.294,102.507,1.000,101.507,2.334,1833,1577,80.0,1,0,70.3
3598,fixed_split_mlp_covertype,stable,h3,1776520986886.295,1776520987055.310,169.015,0.000,168.012,1.989,1833,1577,80.0,1,0,68.8
3599,fixed_split_mlp_covertype,stable,h3,1776520987056.308,1776520987214.321,158.013,0.000,157.013,2.322,1833,1577,80.0,1,0,68.9
3600,fixed_split_mlp_covertype,stable,h3,1776520987216.321,1776520987343.829,127.508,0.000,125.508,2.109,1833,1577,80.0,1,0,68.8
3601,fixed_split_mlp_covertype,stable,h3,1776520987344.829,1776520987469.336,124.507,0.000,123.506,1.996,1833,1577,80.0,1,0,69.3
3602,fixed_split_mlp_covertype,stable,h3,1776520987471.336,1776520987563.844,92.508,0.000,91.507,2.418,1833,1577,80.0,1,0,68.0
3603,fixed_split_mlp_covertype,stable,h3,1776520987565.844,1776520987729.858,164.013,0.000,163.013,2.106,1833,1577,80.0,1,0,69.5
3604,fixed_split_mlp_covertype,stable,h3,1776520987731.858,1776520987850.365,118.507,0.000,117.507,2.008,1833,1577,80.0,1,0,68.8
3605,fixed_split_mlp_covertype,stable,h3,1776520987851.365,1776520987939.872,88.507,0.000,86.507,1.970,1833,1577,80.0,1,0,69.5
3606,fixed_split_mlp_covertype,stable,h3,1776520987941.872,1776520988044.378,102.507,0.000,102.507,2.497,1833,1577,80.0,1,0,71.2
3607,fixed_split_mlp_covertype,stable,h3,1776520988046.380,1776520988130.886,84.507,0.000,83.505,1.845,1833,1577,80.0,1,0,68.3
3608,fixed_split_mlp_covertype,stable,h3,1776520988132.886,1776520988242.394,109.508,1.001,108.506,1.809,1833,1577,80.0,1,0,72.1
3609,fixed_split_mlp_covertype,stable,h3,1776520988244.394,1776520988376.903,132.509,0.000,131.509,1.996,1833,1577,80.0,1,0,70.6
3610,fixed_split_mlp_covertype,stable,h3,1776520988377.903,1776520988497.920,120.018,0.000,118.017,1.919,1833,1577,80.0,1,0,80.6
3611,fixed_split_mlp_covertype,stable,h3,1776520988498.920,1776520988615.428,116.508,1.000,114.508,1.961,1833,1577,80.0,1,0,67.5
3612,fixed_split_mlp_covertype,stable,h3,1776520988616.428,1776520988698.935,82.507,0.000,81.506,2.019,1833,1577,80.0,1,0,71.6
3613,fixed_split_mlp_covertype,stable,h3,1776520988700.935,1776520988904.858,203.922,0.000,203.922,1.757,1833,1577,80.0,1,0,71.0
3614,fixed_split_mlp_covertype,stable,h3,1776520988905.874,1776520989069.377,163.503,0.998,161.505,1.771,1833,1577,80.0,1,0,67.1
3615,fixed_split_mlp_covertype,stable,h3,1776520989070.377,1776520989200.392,130.014,1.000,128.014,1.781,1833,1577,80.0,1,0,69.9
3616,fixed_split_mlp_covertype,stable,h3,1776520989201.392,1776520989310.898,109.507,1.001,108.506,1.725,1833,1577,80.0,1,0,70.9
3617,fixed_split_mlp_covertype,stable,h3,1776520989312.899,1776520989464.406,151.508,0.000,150.507,6.591,1833,1577,80.0,1,0,68.7
3618,fixed_split_mlp_covertype,stable,h3,1776520989465.406,1776520989611.421,146.015,0.000,144.014,1.849,1833,1577,80.0,1,0,68.5
3619,fixed_split_mlp_covertype,stable,h3,1776520989612.421,1776520989735.928,123.507,0.000,122.504,2.104,1833,1577,80.0,1,0,68.8
3620,fixed_split_mlp_covertype,stable,h3,1776520989737.928,1776520989835.436,97.507,0.000,96.507,2.761,1833,1577,80.0,1,0,69.8
3621,fixed_split_mlp_covertype,stable,h3,1776520989837.436,1776520989983.946,146.510,0.000,146.510,1.855,1833,1577,80.0,1,0,70.6
3622,fixed_split_mlp_covertype,stable,h3,1776520989984.945,1776520990070.450,85.505,1.001,84.504,1.897,1833,1577,80.0,1,0,70.4
3623,fixed_split_mlp_covertype,stable,h3,1776520990072.450,1776520990196.464,124.014,0.000,124.014,1.962,1833,1577,80.0,1,0,71.3
3624,fixed_split_mlp_covertype,stable,h3,1776520990198.464,1776520990332.984,134.520,0.000,134.520,1.812,1833,1577,80.0,1,0,69.4
3625,fixed_split_mlp_covertype,stable,h3,1776520990334.984,1776520990483.495,148.511,0.000,148.511,2.287,1833,1577,80.0,1,0,69.8
3626,fixed_split_mlp_covertype,stable,h3,1776520990485.495,1776520990606.507,121.012,0.000,120.012,1.759,1833,1577,80.0,1,0,68.8
3627,fixed_split_mlp_covertype,stable,h3,1776520990607.507,1776520990753.014,145.507,0.000,144.507,1.883,1833,1577,80.0,1,0,68.3
3628,fixed_split_mlp_covertype,stable,h3,1776520990755.014,1776520990863.522,108.508,0.000,108.508,1.950,1833,1577,80.0,1,0,67.9
3629,fixed_split_mlp_covertype,stable,h3,1776520990865.522,1776520990925.029,59.507,1.001,57.506,1.845,1833,1577,80.0,0,0,71.0
3630,fixed_split_mlp_covertype,stable,h3,1776520990926.029,1776520991082.537,156.509,0.000,154.509,1.938,1833,1577,80.0,1,0,70.4
3631,fixed_split_mlp_covertype,stable,h3,1776520991083.538,1776520991214.550,131.012,1.000,130.012,2.100,1833,1577,80.0,1,0,69.7
3632,fixed_split_mlp_covertype,stable,h3,1776520991216.550,1776520991312.058,95.508,0.000,93.508,1.776,1833,1577,80.0,1,0,68.8
3633,fixed_split_mlp_covertype,stable,h3,1776520991313.058,1776520991432.565,119.507,0.000,117.507,1.750,1833,1577,80.0,1,0,69.8
3634,fixed_split_mlp_covertype,stable,h3,1776520991433.565,1776520991588.577,155.011,1.000,153.509,1.972,1833,1577,80.0,1,0,70.0
3635,fixed_split_mlp_covertype,stable,h3,1776520991589.580,1776520991694.086,104.507,0.000,103.507,2.620,1833,1577,80.0,1,0,71.1
3636,fixed_split_mlp_covertype,stable,h3,1776520991696.087,1776520991892.101,196.014,0.000,195.014,1.742,1833,1577,80.0,1,0,69.9
3637,fixed_split_mlp_covertype,stable,h3,1776520991893.101,1776520992081.610,188.509,1.001,186.508,1.766,1833,1577,80.0,1,0,71.2
3638,fixed_split_mlp_covertype,stable,h3,1776520992082.610,1776520992214.622,132.012,0.000,130.012,1.811,1833,1577,80.0,1,0,69.7
3639,fixed_split_mlp_covertype,stable,h3,1776520992215.622,1776520992349.128,133.506,0.000,132.506,2.027,1833,1577,80.0,1,0,71.9
3640,fixed_split_mlp_covertype,stable,h3,1776520992350.128,1776520992466.635,116.507,0.000,115.506,1.883,1833,1577,80.0,1,0,73.2
3641,fixed_split_mlp_covertype,stable,h3,1776520992468.635,1776520992591.653,123.018,0.000,121.018,1.944,1833,1577,80.0,1,0,70.5
3642,fixed_split_mlp_covertype,stable,h3,1776520992592.653,1776520992797.047,204.395,1.000,203.394,4.306,1833,1577,80.0,1,0,70.8
3643,fixed_split_mlp_covertype,stable,h3,1776520992798.061,1776520992939.567,141.505,1.000,139.508,1.849,1833,1577,80.0,1,0,71.0
3644,fixed_split_mlp_covertype,stable,h3,1776520992941.566,1776520993072.073,130.507,0.000,128.506,1.745,1833,1577,80.0,1,0,75.4
3645,fixed_split_mlp_covertype,stable,h3,1776520993073.073,1776520993204.088,131.014,1.003,129.011,1.729,1833,1577,80.0,1,0,70.8
3646,fixed_split_mlp_covertype,stable,h3,1776520993205.087,1776520993302.594,97.507,1.000,95.506,1.724,1833,1577,80.0,1,0,78.1
3647,fixed_split_mlp_covertype,stable,h3,1776520993303.594,1776520993421.101,117.507,0.000,117.507,1.815,1833,1577,80.0,1,0,71.1
3648,fixed_split_mlp_covertype,stable,h3,1776520993423.101,1776520993535.609,112.508,0.000,111.508,1.781,1833,1577,80.0,1,0,69.0
3649,fixed_split_mlp_covertype,stable,h3,1776520993537.608,1776520993631.115,93.507,0.000,93.507,1.894,1833,1577,80.0,1,0,70.8
3650,fixed_split_mlp_covertype,stable,h3,1776520993633.115,1776520993716.622,83.507,0.000,81.506,1.765,1833,1577,80.0,1,0,71.3
3651,fixed_split_mlp_covertype,stable,h3,1776520993717.622,1776520993852.129,134.507,1.001,133.506,1.824,1833,1577,80.0,1,0,69.2
3652,fixed_split_mlp_covertype,stable,h3,1776520993854.129,1776520993954.640,100.511,0.000,99.511,2.066,1833,1577,80.0,1,0,71.6
3653,fixed_split_mlp_covertype,stable,h3,1776520993956.640,1776520994100.655,144.015,0.000,144.015,1.992,1833,1577,80.0,1,0,72.4
3654,fixed_split_mlp_covertype,stable,h3,1776520994102.656,1776520994215.163,112.507,0.000,112.507,1.774,1833,1577,80.0,1,0,70.8
3655,fixed_split_mlp_covertype,stable,h3,1776520994217.163,1776520994311.668,94.506,0.000,93.506,2.194,1833,1577,80.0,1,0,68.8
3656,fixed_split_mlp_covertype,stable,h3,1776520994312.668,1776520994475.178,162.510,0.000,160.509,1.929,1833,1577,80.0,1,0,68.8
3657,fixed_split_mlp_covertype,stable,h3,1776520994476.179,1776520994614.191,138.012,1.000,136.011,2.283,1833,1577,80.0,1,0,69.2
3658,fixed_split_mlp_covertype,stable,h3,1776520994615.190,1776520994722.698,107.508,1.000,105.508,1.872,1833,1577,80.0,1,0,69.9
3659,fixed_split_mlp_covertype,stable,h3,1776520994723.698,1776520994804.205,80.507,1.002,79.505,2.042,1833,1577,80.0,1,0,72.5
3660,fixed_split_mlp_covertype,stable,h3,1776520994806.206,1776520994931.713,125.508,0.000,123.508,1.906,1833,1577,80.0,1,0,72.9
3661,fixed_split_mlp_covertype,stable,h3,1776520994932.713,1776520995078.222,145.509,1.001,144.508,1.881,1833,1577,80.0,1,0,73.6
3662,fixed_split_mlp_covertype,stable,h3,1776520995080.222,1776520995171.728,91.506,0.000,90.506,1.844,1833,1577,80.0,1,0,72.6
3663,fixed_split_mlp_covertype,stable,h3,1776520995172.729,1776520995299.743,127.014,0.000,125.010,2.039,1833,1577,80.0,1,0,74.4
3664,fixed_split_mlp_covertype,stable,h3,1776520995300.743,1776520995440.251,139.508,0.000,138.508,2.331,1833,1577,80.0,1,0,68.8
3665,fixed_split_mlp_covertype,stable,h3,1776520995442.251,1776520995535.758,93.507,0.000,91.507,1.780,1833,1577,80.0,1,0,69.8
3666,fixed_split_mlp_covertype,stable,h3,1776520995536.758,1776520995639.265,102.507,1.000,100.507,2.312,1833,1577,80.0,1,0,73.0
3667,fixed_split_mlp_covertype,stable,h3,1776520995640.265,1776520995829.280,189.014,1.001,188.014,2.739,1833,1577,80.0,1,0,71.9
3668,fixed_split_mlp_covertype,stable,h3,1776520995831.280,1776520995933.751,102.471,0.000,101.471,1.964,1833,1577,80.0,1,0,70.5
3669,fixed_split_mlp_covertype,stable,h3,1776520995934.750,1776520996019.258,84.507,0.000,83.506,1.778,1833,1577,80.0,1,0,78.2
3670,fixed_split_mlp_covertype,stable,h3,1776520996021.258,1776520996118.270,97.013,0.000,96.012,1.988,1833,1577,80.0,1,0,69.8
3671,fixed_split_mlp_covertype,stable,h3,1776520996120.270,1776520996265.777,145.507,0.000,144.507,9.682,1833,1577,80.0,1,0,71.6
3672,fixed_split_mlp_covertype,stable,h3,1776520996267.777,1776520996384.286,116.509,0.000,116.509,2.290,1833,1577,80.0,1,0,69.8
3673,fixed_split_mlp_covertype,stable,h3,1776520996386.286,1776520996525.299,139.013,0.000,139.013,1.762,1833,1577,80.0,1,0,71.7
3674,fixed_split_mlp_covertype,stable,h3,1776520996527.299,1776520996667.807,140.508,0.000,140.508,1.817,1833,1577,80.0,1,0,73.1
3675,fixed_split_mlp_covertype,stable,h3,1776520996669.807,1776520996747.314,77.507,0.000,76.507,1.895,1833,1577,80.0,0,0,68.8
3676,fixed_split_mlp_covertype,stable,h3,1776520996748.314,1776520996819.822,71.507,1.000,70.507,1.793,1833,1577,80.0,0,0,74.2
3677,fixed_split_mlp_covertype,stable,h3,1776520996821.822,1776520996910.330,88.507,0.000,87.507,1.963,1833,1577,80.0,1,0,75.8
3678,fixed_split_mlp_covertype,stable,h3,1776520996912.330,1776520997034.837,122.507,0.000,121.508,1.751,1833,1577,80.0,1,0,72.3
3679,fixed_split_mlp_covertype,stable,h3,1776520997035.837,1776520997208.852,173.015,1.002,172.013,1.867,1833,1577,80.0,1,0,71.0
3680,fixed_split_mlp_covertype,stable,h3,1776520997210.852,1776520997297.359,86.507,0.000,85.507,1.777,1833,1577,80.0,1,0,71.6
3681,fixed_split_mlp_covertype,stable,h3,1776520997298.359,1776520997384.364,86.004,1.000,84.004,1.939,1833,1577,80.0,1,0,75.3
3682,fixed_split_mlp_covertype,stable,h3,1776520997385.364,1776520997493.381,108.017,1.001,106.016,1.743,1833,1577,80.0,1,0,72.3
3683,fixed_split_mlp_covertype,stable,h3,1776520997494.381,1776520997648.888,154.508,1.000,152.507,1.878,1833,1577,80.0,1,0,70.6
3684,fixed_split_mlp_covertype,stable,h3,1776520997649.888,1776520997737.396,87.507,1.001,86.507,1.968,1833,1577,80.0,1,0,73.7
3685,fixed_split_mlp_covertype,stable,h3,1776520997739.395,1776520997840.902,101.507,0.000,100.507,1.902,1833,1577,80.0,1,0,71.6
3686,fixed_split_mlp_covertype,stable,h3,1776520997841.902,1776520997904.412,62.510,1.002,60.509,1.757,1833,1577,80.0,0,0,75.4
3687,fixed_split_mlp_covertype,stable,h3,1776520997905.412,1776520998018.919,113.507,0.000,112.506,2.047,1833,1577,80.0,1,0,71.9
3688,fixed_split_mlp_covertype,stable,h3,1776520998020.919,1776520998118.427,97.508,0.000,96.508,1.742,1833,1577,80.0,1,0,74.0
3689,fixed_split_mlp_covertype,stable,h3,1776520998119.427,1776520998264.935,145.508,1.000,144.507,1.884,1833,1577,80.0,1,0,70.0
3690,fixed_split_mlp_covertype,stable,h3,1776520998265.935,1776520998390.949,125.014,1.000,124.013,1.794,1833,1577,80.0,1,0,70.3
3691,fixed_split_mlp_covertype,stable,h3,1776520998392.949,1776520998553.456,160.506,0.000,160.506,1.939,1833,1577,80.0,1,0,68.9
3692,fixed_split_mlp_covertype,stable,h3,1776520998555.456,1776520998628.963,73.507,0.000,73.507,1.843,1833,1577,80.0,0,0,71.8
3693,fixed_split_mlp_covertype,stable,h3,1776520998629.963,1776520998716.470,86.507,1.000,85.507,2.465,1833,1577,80.0,1,0,66.7
3694,fixed_split_mlp_covertype,stable,h3,1776520998718.470,1776520998846.978,128.508,0.000,128.508,1.755,1833,1577,80.0,1,0,70.6
3695,fixed_split_mlp_covertype,stable,h3,1776520998848.978,1776520998936.485,87.508,0.000,87.508,1.728,1833,1577,80.0,1,0,72.3
3696,fixed_split_mlp_covertype,stable,h3,1776520998938.485,1776520999089.496,151.011,0.000,150.011,1.998,1833,1577,80.0,1,0,67.5
3697,fixed_split_mlp_covertype,stable,h3,1776520999091.499,1776520999211.006,119.507,0.000,118.507,1.849,1833,1577,80.0,1,0,68.1
3698,fixed_split_mlp_covertype,stable,h3,1776520999212.006,1776520999341.513,129.507,1.000,128.507,1.945,1833,1577,80.0,1,0,70.1
3699,fixed_split_mlp_covertype,stable,h3,1776520999343.513,1776520999445.021,101.509,0.000,100.508,1.744,1833,1577,80.0,1,0,70.6
3700,fixed_split_mlp_covertype,stable,h3,1776520999446.021,1776520999627.036,181.015,0.000,180.015,1.761,1833,1577,80.0,1,0,70.9
3701,fixed_split_mlp_covertype,stable,h3,1776520999629.036,1776520999786.546,157.510,0.000,156.510,1.751,1833,1577,80.0,1,0,68.7
3702,fixed_split_mlp_covertype,stable,h3,1776520999787.546,1776520999859.052,71.506,0.000,69.003,1.936,1833,1577,80.0,0,0,72.2
3703,fixed_split_mlp_covertype,stable,h3,1776520999860.052,1776520999959.560,99.507,0.000,98.507,1.828,1833,1577,80.0,1,0,69.7
3704,fixed_split_mlp_covertype,stable,h3,1776520999961.561,1776521000072.068,110.507,0.000,109.507,1.813,1833,1577,80.0,1,0,71.1
3705,fixed_split_mlp_covertype,stable,h3,1776521000073.068,1776521000208.083,135.015,0.000,133.015,1.768,1833,1577,80.0,1,0,70.3
3706,fixed_split_mlp_covertype,stable,h3,1776521000209.083,1776521000346.602,137.519,0.000,136.518,1.997,1833,1577,80.0,1,0,69.0
3707,fixed_split_mlp_covertype,stable,h3,1776521000348.603,1776521000489.613,141.010,0.000,140.508,1.771,1833,1577,80.0,1,0,69.4
3708,fixed_split_mlp_covertype,stable,h3,1776521000491.616,1776521000646.123,154.507,0.000,153.507,1.816,1833,1577,80.0,1,0,71.1
3709,fixed_split_mlp_covertype,stable,h3,1776521000648.123,1776521000803.139,155.016,0.000,154.016,2.232,1833,1577,80.0,1,0,73.0
3710,fixed_split_mlp_covertype,stable,h3,1776521000804.139,1776521000902.646,98.507,1.001,96.506,1.913,1833,1577,80.0,1,0,72.6
3711,fixed_split_mlp_covertype,stable,h3,1776521000903.646,1776521000980.648,77.002,1.000,76.002,2.167,1833,1577,80.0,0,0,70.0
3712,fixed_split_mlp_covertype,stable,h3,1776521000982.648,1776521001118.659,136.011,0.000,135.012,1.870,1833,1577,80.0,1,0,67.9
3713,fixed_split_mlp_covertype,stable,h3,1776521001119.660,1776521001235.167,115.507,0.000,113.506,1.723,1833,1577,80.0,1,0,71.7
3714,fixed_split_mlp_covertype,stable,h3,1776521001237.167,1776521001343.674,106.507,0.000,106.507,1.872,1833,1577,80.0,1,0,68.7
3715,fixed_split_mlp_covertype,stable,h3,1776521001345.675,1776521001454.181,108.507,0.000,106.507,1.825,1833,1577,80.0,1,0,68.8
3716,fixed_split_mlp_covertype,stable,h3,1776521001455.182,1776521001559.689,104.508,0.000,103.507,1.787,1833,1577,80.0,1,0,70.3
3717,fixed_split_mlp_covertype,stable,h3,1776521001561.690,1776521001738.703,177.013,0.000,177.013,4.503,1833,1577,80.0,1,0,68.4
3718,fixed_split_mlp_covertype,stable,h3,1776521001740.703,1776521001877.213,136.510,0.000,134.509,3.436,1833,1577,80.0,1,0,71.3
3719,fixed_split_mlp_covertype,stable,h3,1776521001878.213,1776521001993.224,115.011,1.000,114.011,2.251,1833,1577,80.0,1,0,69.2
3720,fixed_split_mlp_covertype,stable,h3,1776521001995.224,1776521002136.731,141.507,0.000,141.507,2.049,1833,1577,80.0,1,0,70.5
3721,fixed_split_mlp_covertype,stable,h3,1776521002138.731,1776521002286.240,147.509,0.000,147.509,1.851,1833,1577,80.0,1,0,70.8
3722,fixed_split_mlp_covertype,stable,h3,1776521002288.241,1776521002404.253,116.012,0.000,115.012,2.172,1833,1577,80.0,1,0,67.7
3723,fixed_split_mlp_covertype,stable,h3,1776521002406.253,1776521002524.760,118.506,0.000,117.507,1.979,1833,1577,80.0,1,0,71.8
3724,fixed_split_mlp_covertype,stable,h3,1776521002525.760,1776521002657.267,131.507,0.000,130.507,1.923,1833,1577,80.0,1,0,70.3
3725,fixed_split_mlp_covertype,stable,h3,1776521002659.267,1776521002840.281,181.014,0.000,180.014,1.832,1833,1577,80.0,1,0,70.8
3726,fixed_split_mlp_covertype,stable,h3,1776521002841.281,1776521002958.788,117.507,1.000,115.507,1.917,1833,1577,80.0,1,0,70.5
3727,fixed_split_mlp_covertype,stable,h3,1776521002959.788,1776521003100.802,141.014,0.000,140.014,1.764,1833,1577,80.0,1,0,75.7
3728,fixed_split_mlp_covertype,stable,h3,1776521003102.802,1776521003187.804,85.002,0.000,83.002,1.752,1833,1577,80.0,1,0,74.2
3729,fixed_split_mlp_covertype,stable,h3,1776521003189.307,1776521003314.817,125.510,0.000,124.506,1.769,1833,1577,80.0,1,0,78.3
3730,fixed_split_mlp_covertype,stable,h3,1776521003316.817,1776521003461.324,144.507,0.000,143.507,1.943,1833,1577,80.0,1,0,71.0
3731,fixed_split_mlp_covertype,stable,h3,1776521003463.324,1776521003531.831,68.507,0.000,67.507,1.944,1833,1577,80.0,0,0,71.2
3732,fixed_split_mlp_covertype,stable,h3,1776521003533.831,1776521003694.846,161.015,0.000,160.015,2.162,1833,1577,80.0,1,0,70.1
3733,fixed_split_mlp_covertype,stable,h3,1776521003695.847,1776521003783.849,88.002,0.000,86.001,2.955,1833,1577,80.0,1,0,67.7
3734,fixed_split_mlp_covertype,stable,h3,1776521003785.849,1776521003859.355,73.507,0.000,73.507,1.762,1833,1577,80.0,0,0,68.8
3735,fixed_split_mlp_covertype,stable,h3,1776521003861.355,1776521004003.370,142.015,0.000,142.015,1.833,1833,1577,80.0,1,0,68.8
3736,fixed_split_mlp_covertype,stable,h3,1776521004005.371,1776521004112.881,107.510,0.000,106.510,1.961,1833,1577,80.0,1,0,69.6
3737,fixed_split_mlp_covertype,stable,h3,1776521004114.881,1776521004237.389,122.508,0.000,122.508,2.336,1833,1577,80.0,1,0,69.3
3738,fixed_split_mlp_covertype,stable,h3,1776521004239.389,1776521004365.896,126.507,0.000,125.507,2.615,1833,1577,80.0,1,0,68.2
3739,fixed_split_mlp_covertype,stable,h3,1776521004367.896,1776521004436.404,68.508,0.000,68.508,1.939,1833,1577,80.0,0,0,71.2
3740,fixed_split_mlp_covertype,stable,h3,1776521004438.404,1776521004562.910,124.507,0.000,124.507,1.980,1833,1577,80.0,1,0,70.3
3741,fixed_split_mlp_covertype,stable,h3,1776521004564.910,1776521004700.924,136.014,0.000,136.014,1.865,1833,1577,80.0,1,0,72.0
3742,fixed_split_mlp_covertype,stable,h3,1776521004702.925,1776521004844.431,141.507,0.000,141.507,1.854,1833,1577,80.0,1,0,67.8
3743,fixed_split_mlp_covertype,stable,h3,1776521004846.431,1776521004921.939,75.508,1.000,73.507,1.706,1833,1577,80.0,0,0,71.4
3744,fixed_split_mlp_covertype,stable,h3,1776521004922.938,1776521005026.446,103.507,1.001,101.506,2.016,1833,1577,80.0,1,0,67.0
3745,fixed_split_mlp_covertype,stable,h3,1776521005027.446,1776521005138.953,111.507,1.000,109.507,1.707,1833,1577,80.0,1,0,68.8
3746,fixed_split_mlp_covertype,stable,h3,1776521005139.952,1776521005269.460,129.508,1.000,127.507,1.929,1833,1577,80.0,1,0,69.5
3747,fixed_split_mlp_covertype,stable,h3,1776521005270.460,1776521005413.474,143.014,1.001,142.013,2.005,1833,1577,80.0,1,0,68.8
3748,fixed_split_mlp_covertype,stable,h3,1776521005415.474,1776521005500.984,85.510,0.000,84.510,1.983,1833,1577,80.0,1,0,73.1
3749,fixed_split_mlp_covertype,stable,h3,1776521005501.984,1776521005692.998,191.014,0.000,191.014,2.031,1833,1577,80.0,1,0,67.7
3750,fixed_split_mlp_covertype,stable,h3,1776521005694.999,1776521005806.506,111.508,0.000,110.508,2.042,1833,1577,80.0,1,0,70.2
3751,fixed_split_mlp_covertype,stable,h3,1776521005807.506,1776521005952.014,144.508,0.000,143.507,2.339,1833,1577,80.0,1,0,68.2
3752,fixed_split_mlp_covertype,stable,h3,1776521005954.014,1776521006066.521,112.507,0.000,112.507,2.530,1833,1577,80.0,1,0,72.1
3753,fixed_split_mlp_covertype,stable,h3,1776521006068.521,1776521006267.537,199.015,0.000,198.015,1.816,1833,1577,80.0,1,0,69.2
3754,fixed_split_mlp_covertype,stable,h3,1776521006268.537,1776521006379.046,110.509,1.000,109.510,1.822,1833,1577,80.0,1,0,68.1
3755,fixed_split_mlp_covertype,stable,h3,1776521006381.047,1776521006518.061,137.015,1.000,136.015,2.101,1833,1577,80.0,1,0,68.8
3756,fixed_split_mlp_covertype,stable,h3,1776521006520.061,1776521006650.569,130.507,0.000,130.507,2.017,1833,1577,80.0,1,0,71.5
3757,fixed_split_mlp_covertype,stable,h3,1776521006652.568,1776521006802.582,150.014,0.000,149.014,1.935,1833,1577,80.0,1,0,69.7
3758,fixed_split_mlp_covertype,stable,h3,1776521006803.582,1776521006865.582,62.000,0.000,59.999,1.776,1833,1577,80.0,0,0,78.1
3759,fixed_split_mlp_covertype,stable,h3,1776521006866.583,1776521006951.091,84.509,0.000,83.508,1.854,1833,1577,80.0,1,0,75.0
3760,fixed_split_mlp_covertype,stable,h3,1776521006953.091,1776521007024.603,71.511,0.000,69.510,2.270,1833,1577,80.0,0,0,80.0
3761,fixed_split_mlp_covertype,stable,h3,1776521007026.603,1776521007125.112,98.510,0.000,98.510,1.748,1833,1577,80.0,1,0,71.8
3762,fixed_split_mlp_covertype,stable,h3,1776521007127.115,1776521007293.125,166.011,0.000,165.010,2.006,1833,1577,80.0,1,0,70.1
3763,fixed_split_mlp_covertype,stable,h3,1776521007294.125,1776521007403.632,109.507,1.000,108.507,1.930,1833,1577,80.0,1,0,67.0
3764,fixed_split_mlp_covertype,stable,h3,1776521007405.632,1776521007490.137,84.505,0.000,84.002,1.874,1833,1577,80.0,1,0,69.6
3765,fixed_split_mlp_covertype,stable,h3,1776521007492.140,1776521007626.647,134.508,0.000,134.508,1.757,1833,1577,80.0,1,0,68.3
3766,fixed_split_mlp_covertype,stable,h3,1776521007628.647,1776521007723.155,94.508,0.000,93.508,1.900,1833,1577,80.0,1,0,72.2
3767,fixed_split_mlp_covertype,stable,h3,1776521007724.155,1776521007874.663,150.508,0.000,149.507,1.710,1833,1577,80.0,1,0,69.2
3768,fixed_split_mlp_covertype,stable,h3,1776521007875.666,1776521007974.170,98.505,0.000,97.504,1.754,1833,1577,80.0,1,0,69.1
3769,fixed_split_mlp_covertype,stable,h3,1776521007976.172,1776521008090.182,114.010,0.000,114.010,2.000,1833,1577,80.0,1,0,70.1
3770,fixed_split_mlp_covertype,stable,h3,1776521008092.185,1776521008175.187,83.002,0.000,83.002,1.894,1833,1577,80.0,1,0,69.1
3771,fixed_split_mlp_covertype,stable,h3,1776521008177.188,1776521008270.692,93.505,0.000,92.505,1.834,1833,1577,80.0,1,0,68.0
3772,fixed_split_mlp_covertype,stable,h3,1776521008271.692,1776521008448.706,177.014,1.001,176.013,2.122,1833,1577,80.0,1,0,70.0
3773,fixed_split_mlp_covertype,stable,h3,1776521008450.707,1776521008617.720,167.013,1.000,166.013,1.981,1833,1577,80.0,1,0,67.5
3774,fixed_split_mlp_covertype,stable,h3,1776521008619.720,1776521008707.228,87.507,0.000,86.505,1.824,1833,1577,80.0,1,0,74.7
3775,fixed_split_mlp_covertype,stable,h3,1776521008709.228,1776521008794.735,85.508,0.000,85.508,2.016,1833,1577,80.0,1,0,68.4
3776,fixed_split_mlp_covertype,stable,h3,1776521008796.735,1776521008908.242,111.507,0.000,110.507,1.925,1833,1577,80.0,1,0,69.4
3777,fixed_split_mlp_covertype,stable,h3,1776521008910.242,1776521009092.257,182.014,0.000,181.014,1.772,1833,1577,80.0,1,0,70.3
3778,fixed_split_mlp_covertype,stable,h3,1776521009094.257,1776521009256.763,162.507,0.000,161.506,2.443,1833,1577,80.0,1,0,68.3
3779,fixed_split_mlp_covertype,stable,h3,1776521009257.764,1776521009349.271,91.507,0.000,90.507,3.309,1833,1577,80.0,1,0,69.8
3780,fixed_split_mlp_covertype,stable,h3,1776521009351.271,1776521009471.778,120.507,0.000,118.507,2.593,1833,1577,80.0,1,0,68.8
3781,fixed_split_mlp_covertype,stable,h3,1776521009472.778,1776521009576.291,103.513,1.000,101.511,2.209,1833,1577,80.0,1,0,72.2
3782,fixed_split_mlp_covertype,stable,h3,1776521009578.289,1776521009664.793,86.504,0.000,85.504,2.071,1833,1577,80.0,1,0,67.1
3783,fixed_split_mlp_covertype,stable,h3,1776521009665.793,1776521009843.808,178.015,1.001,177.014,2.267,1833,1577,80.0,1,0,74.7
3784,fixed_split_mlp_covertype,stable,h3,1776521009845.808,1776521009997.821,152.013,0.000,152.013,1.804,1833,1577,80.0,1,0,75.2
3785,fixed_split_mlp_covertype,stable,h3,1776521009999.822,1776521010126.328,126.507,0.000,125.507,1.786,1833,1577,80.0,1,0,69.8
3786,fixed_split_mlp_covertype,stable,h3,1776521010128.329,1776521010307.354,179.025,0.000,178.024,2.498,1833,1577,80.0,1,0,68.8
3787,fixed_split_mlp_covertype,stable,h3,1776521010308.354,1776521010399.861,91.507,0.000,90.506,1.734,1833,1577,80.0,1,0,75.9
3788,fixed_split_mlp_covertype,stable,h3,1776521010401.862,1776521010483.863,82.002,0.000,81.002,1.923,1833,1577,80.0,1,0,73.9
3789,fixed_split_mlp_covertype,stable,h3,1776521010484.863,1776521010588.371,103.508,0.000,101.507,1.993,1833,1577,80.0,1,0,70.9
3790,fixed_split_mlp_covertype,stable,h3,1776521010589.874,1776521010728.384,138.510,0.000,138.510,1.793,1833,1577,80.0,1,0,69.7
3791,fixed_split_mlp_covertype,stable,h3,1776521010730.384,1776521010850.890,120.507,0.000,119.507,1.828,1833,1577,80.0,1,0,68.4
3792,fixed_split_mlp_covertype,stable,h3,1776521010852.890,1776521011006.906,154.015,0.000,154.015,1.897,1833,1577,80.0,1,0,69.4
3793,fixed_split_mlp_covertype,stable,h3,1776521011008.905,1776521011111.413,102.508,0.000,101.508,2.286,1833,1577,80.0,1,0,69.6
3794,fixed_split_mlp_covertype,stable,h3,1776521011112.413,1776521011220.920,108.507,0.000,107.506,2.014,1833,1577,80.0,1,0,68.8
3795,fixed_split_mlp_covertype,stable,h3,1776521011222.920,1776521011322.427,99.507,0.000,98.507,1.872,1833,1577,80.0,1,0,68.8
3796,fixed_split_mlp_covertype,stable,h3,1776521011324.427,1776521011404.934,80.507,0.000,78.507,1.778,1833,1577,80.0,1,0,68.8
3797,fixed_split_mlp_covertype,stable,h3,1776521011406.934,1776521011560.441,153.507,0.000,153.507,1.763,1833,1577,80.0,1,0,68.8
3798,fixed_split_mlp_covertype,stable,h3,1776521011562.442,1776521011705.457,143.015,0.000,142.015,1.874,1833,1577,80.0,1,0,74.5
3799,fixed_split_mlp_covertype,stable,h3,1776521011707.457,1776521011815.964,108.507,0.000,108.507,2.020,1833,1577,80.0,1,0,73.3
3800,fixed_split_mlp_covertype,stable,h3,1776521011817.964,1776521011885.968,68.003,0.000,68.003,1.848,1833,1577,80.0,0,0,86.2
3801,fixed_split_mlp_covertype,stable,h3,1776521011887.968,1776521012006.981,119.014,0.000,119.014,1.806,1833,1577,80.0,1,0,78.6
3802,fixed_split_mlp_covertype,stable,h3,1776521012008.981,1776521012082.984,74.003,0.000,73.002,1.833,1833,1577,80.0,0,0,82.5
3803,fixed_split_mlp_covertype,stable,h3,1776521012084.984,1776521012170.490,85.506,0.000,85.506,2.031,1833,1577,80.0,1,0,76.3
3804,fixed_split_mlp_covertype,stable,h3,1776521012172.490,1776521012382.445,209.955,0.000,208.955,2.165,1833,1577,80.0,1,0,72.7
3805,fixed_split_mlp_covertype,stable,h3,1776521012383.445,1776521012491.458,108.013,0.000,108.013,1.708,1833,1577,80.0,1,0,69.3
3806,fixed_split_mlp_covertype,stable,h3,1776521012493.458,1776521012588.459,95.001,0.000,95.001,1.725,1833,1577,80.0,1,0,69.6
3807,fixed_split_mlp_covertype,stable,h3,1776521012590.966,1776521012712.477,121.510,0.000,120.508,2.040,1833,1577,80.0,1,0,71.4
3808,fixed_split_mlp_covertype,stable,h3,1776521012713.473,1776521012818.981,105.508,1.001,104.507,1.791,1833,1577,80.0,1,0,70.5
3809,fixed_split_mlp_covertype,stable,h3,1776521012820.980,1776521012889.984,69.003,0.000,67.003,2.077,1833,1577,80.0,0,0,70.0
3810,fixed_split_mlp_covertype,stable,h3,1776521012891.017,1776521012984.022,93.005,0.000,93.005,1.730,1833,1577,80.0,1,0,68.8
3811,fixed_split_mlp_covertype,stable,h3,1776521012986.022,1776521013107.619,121.597,0.000,120.597,1.808,1833,1577,80.0,1,0,68.2
3812,fixed_split_mlp_covertype,stable,h3,1776521013108.618,1776521013212.129,103.510,1.001,102.510,1.766,1833,1577,80.0,1,0,70.9
3813,fixed_split_mlp_covertype,stable,h3,1776521013214.126,1776521013341.637,127.511,0.000,126.507,1.940,1833,1577,80.0,1,0,69.5
3814,fixed_split_mlp_covertype,stable,h3,1776521013342.635,1776521013459.309,116.675,0.000,115.675,1.729,1833,1577,80.0,1,0,68.8
3815,fixed_split_mlp_covertype,stable,h3,1776521013461.308,1776521013599.324,138.016,0.000,137.015,1.752,1833,1577,80.0,1,0,70.8
3816,fixed_split_mlp_covertype,stable,h3,1776521013601.323,1776521013729.838,128.515,0.000,127.510,1.741,1833,1577,80.0,1,0,70.4
3817,fixed_split_mlp_covertype,stable,h3,1776521013730.834,1776521013886.345,155.511,0.000,154.511,1.894,1833,1577,80.0,1,0,68.9
3818,fixed_split_mlp_covertype,stable,h3,1776521013888.345,1776521014056.173,167.828,0.000,167.828,3.592,1833,1577,80.0,1,0,70.1
3819,fixed_split_mlp_covertype,stable,h3,1776521014058.173,1776521014192.189,134.016,0.000,134.016,1.778,1833,1577,80.0,1,0,69.5
3820,fixed_split_mlp_covertype,stable,h3,1776521014194.188,1776521014272.187,77.999,0.000,76.999,1.906,1833,1577,80.0,0,0,68.8
3821,fixed_split_mlp_covertype,stable,h3,1776521014273.187,1776521014387.698,114.511,0.000,112.510,2.205,1833,1577,80.0,1,0,68.2
3822,fixed_split_mlp_covertype,stable,h3,1776521014388.699,1776521014514.255,125.556,0.999,124.557,2.001,1833,1577,80.0,1,0,70.4
3823,fixed_split_mlp_covertype,stable,h3,1776521014516.255,1776521014643.763,127.508,0.000,125.506,1.935,1833,1577,80.0,1,0,67.9
3824,fixed_split_mlp_covertype,stable,h3,1776521014644.763,1776521014802.370,157.607,1.001,156.606,1.871,1833,1577,80.0,1,0,70.4
3825,fixed_split_mlp_covertype,stable,h3,1776521014804.370,1776521014917.876,113.506,0.000,113.506,1.811,1833,1577,80.0,1,0,69.3
3826,fixed_split_mlp_covertype,stable,h3,1776521014919.877,1776521015027.382,107.505,0.000,107.505,1.745,1833,1577,80.0,1,0,68.8
3827,fixed_split_mlp_covertype,stable,h3,1776521015029.383,1776521015130.128,100.745,0.000,100.745,1.768,1833,1577,80.0,1,0,67.3
3828,fixed_split_mlp_covertype,stable,h3,1776521015132.127,1776521015237.642,105.514,0.000,104.512,1.791,1833,1577,80.0,1,0,70.5
3829,fixed_split_mlp_covertype,stable,h3,1776521015238.641,1776521015336.151,97.510,1.000,95.507,1.783,1833,1577,80.0,1,0,68.0
3830,fixed_split_mlp_covertype,stable,h3,1776521015337.147,1776521015473.658,136.510,0.000,135.508,1.989,1833,1577,80.0,1,0,70.1
3831,fixed_split_mlp_covertype,stable,h3,1776521015475.657,1776521015568.168,92.511,0.000,91.507,1.692,1833,1577,80.0,1,0,69.1
3832,fixed_split_mlp_covertype,stable,h3,1776521015569.166,1776521015781.888,212.723,0.999,211.270,1.813,1833,1577,80.0,1,0,65.3
3833,fixed_split_mlp_covertype,stable,h3,1776521015782.889,1776521015846.393,63.504,0.000,63.504,1.995,1833,1577,80.0,0,0,68.8
3834,fixed_split_mlp_covertype,stable,h3,1776521015848.393,1776521016021.416,173.023,0.000,172.020,1.996,1833,1577,80.0,1,0,76.5
3835,fixed_split_mlp_covertype,stable,h3,1776521016022.415,1776521016205.429,183.014,0.000,182.015,1.872,1833,1577,80.0,1,0,69.8
3836,fixed_split_mlp_covertype,stable,h3,1776521016207.430,1776521016301.936,94.507,0.000,94.507,1.928,1833,1577,80.0,1,0,69.8
3837,fixed_split_mlp_covertype,stable,h3,1776521016303.936,1776521016420.445,116.509,0.000,115.509,1.805,1833,1577,80.0,1,0,68.8
3838,fixed_split_mlp_covertype,stable,h3,1776521016422.444,1776521016494.686,72.242,0.000,72.242,2.119,1833,1577,80.0,0,0,71.4
3839,fixed_split_mlp_covertype,stable,h3,1776521016495.686,1776521016639.196,143.510,1.000,142.510,1.945,1833,1577,80.0,1,0,70.1
3840,fixed_split_mlp_covertype,stable,h3,1776521016640.196,1776521016773.704,133.508,0.999,131.507,2.043,1833,1577,80.0,1,0,69.5
3841,fixed_split_mlp_covertype,stable,h3,1776521016775.703,1776521016863.209,87.506,0.000,87.506,1.915,1833,1577,80.0,1,0,71.4
3842,fixed_split_mlp_covertype,stable,h3,1776521016865.209,1776521017004.226,139.016,0.000,137.015,3.376,1833,1577,80.0,1,0,69.4
3843,fixed_split_mlp_covertype,stable,h3,1776521017005.225,1776521017139.734,134.509,1.000,132.507,1.809,1833,1577,80.0,1,0,69.4
3844,fixed_split_mlp_covertype,stable,h3,1776521017140.734,1776521017275.246,134.512,0.000,133.511,1.836,1833,1577,80.0,1,0,75.2
3845,fixed_split_mlp_covertype,stable,h3,1776521017277.250,1776521017426.261,149.011,0.000,149.011,1.768,1833,1577,80.0,1,0,67.6
3846,fixed_split_mlp_covertype,stable,h3,1776521017428.263,1776521017612.274,184.012,0.000,184.012,1.754,1833,1577,80.0,1,0,69.3
3847,fixed_split_mlp_covertype,stable,h3,1776521017614.274,1776521017663.278,49.003,0.000,47.000,1.729,1833,1577,80.0,0,0,68.8
3848,fixed_split_mlp_covertype,stable,h3,1776521017664.275,1776521017795.291,131.016,0.000,129.014,2.029,1833,1577,80.0,1,0,69.4
3849,fixed_split_mlp_covertype,stable,h3,1776521017796.290,1776521017879.293,83.003,0.999,82.004,2.060,1833,1577,80.0,1,0,70.4
3850,fixed_split_mlp_covertype,stable,h3,1776521017881.292,1776521017949.797,68.505,0.000,67.504,2.060,1833,1577,80.0,0,0,73.1
3851,fixed_split_mlp_covertype,stable,h3,1776521017950.797,1776521018037.304,86.507,0.000,85.506,1.899,1833,1577,80.0,1,0,68.3
3852,fixed_split_mlp_covertype,stable,h3,1776521018039.304,1776521018165.813,126.510,0.000,126.510,1.856,1833,1577,80.0,1,0,70.1
3853,fixed_split_mlp_covertype,stable,h3,1776521018167.813,1776521018253.325,85.512,0.000,84.506,2.086,1833,1577,80.0,1,0,70.4
3854,fixed_split_mlp_covertype,stable,h3,1776521018254.319,1776521018344.827,90.508,0.000,90.508,1.902,1833,1577,80.0,1,0,68.8
3855,fixed_split_mlp_covertype,stable,h3,1776521018346.827,1776521018434.339,87.511,0.000,87.511,1.781,1833,1577,80.0,1,0,70.5
3856,fixed_split_mlp_covertype,stable,h3,1776521018436.338,1776521018575.844,139.506,0.000,138.505,1.756,1833,1577,80.0,1,0,69.2
3857,fixed_split_mlp_covertype,stable,h3,1776521018577.846,1776521018685.355,107.509,0.000,105.505,1.843,1833,1577,80.0,1,0,68.1
3858,fixed_split_mlp_covertype,stable,h3,1776521018686.354,1776521018829.370,143.017,1.001,142.016,1.928,1833,1577,80.0,1,0,68.3
3859,fixed_split_mlp_covertype,stable,h3,1776521018831.368,1776521018908.876,77.508,0.000,76.506,1.841,1833,1577,80.0,0,0,71.2
3860,fixed_split_mlp_covertype,stable,h3,1776521018910.877,1776521019082.384,171.507,0.000,171.507,1.671,1833,1577,80.0,1,0,68.8
3861,fixed_split_mlp_covertype,stable,h3,1776521019084.385,1776521019206.398,122.013,0.000,122.013,1.799,1833,1577,80.0,1,0,69.0
3862,fixed_split_mlp_covertype,stable,h3,1776521019207.398,1776521019319.908,112.510,0.000,111.508,1.678,1833,1577,80.0,1,0,70.0
3863,fixed_split_mlp_covertype,stable,h3,1776521019321.905,1776521019464.423,142.518,0.000,141.507,1.901,1833,1577,80.0,1,0,68.9
3864,fixed_split_mlp_covertype,stable,h3,1776521019465.412,1776521019647.427,182.015,0.000,181.014,1.867,1833,1577,80.0,1,0,68.8
3865,fixed_split_mlp_covertype,stable,h3,1776521019649.431,1776521019795.454,146.023,0.000,145.018,1.753,1833,1577,80.0,1,0,69.6
3866,fixed_split_mlp_covertype,stable,h3,1776521019796.450,1776521019945.963,149.513,1.002,147.503,1.979,1833,1577,80.0,1,0,69.7
3867,fixed_split_mlp_covertype,stable,h3,1776521019946.959,1776521020054.468,107.509,0.000,105.501,2.264,1833,1577,80.0,1,0,70.5
3868,fixed_split_mlp_covertype,stable,h3,1776521020055.465,1776521020230.098,174.633,1.001,173.632,1.722,1833,1577,80.0,1,0,70.2
3869,fixed_split_mlp_covertype,stable,h3,1776521020232.094,1776521020333.491,101.396,0.000,100.395,1.846,1833,1577,80.0,1,0,68.0
3870,fixed_split_mlp_covertype,stable,h3,1776521020335.489,1776521020560.595,225.106,0.000,225.106,1.997,1833,1577,80.0,1,0,65.3
3871,fixed_split_mlp_covertype,stable,h3,1776521020561.609,1776521020712.641,151.032,0.000,151.032,1.912,1833,1577,80.0,1,0,61.9
3872,fixed_split_mlp_covertype,stable,h3,1776521020714.641,1776521020865.148,150.507,0.000,149.507,1.731,1833,1577,80.0,1,0,68.8
3873,fixed_split_mlp_covertype,stable,h3,1776521020867.147,1776521020978.658,111.510,0.000,110.510,2.025,1833,1577,80.0,1,0,74.0
3874,fixed_split_mlp_covertype,stable,h3,1776521020979.658,1776521021099.669,120.011,1.001,118.010,2.071,1833,1577,80.0,1,0,68.4
3875,fixed_split_mlp_covertype,stable,h3,1776521021100.669,1776521021190.672,90.003,0.000,89.003,1.984,1833,1577,80.0,1,0,73.1
3876,fixed_split_mlp_covertype,stable,h3,1776521021192.175,1776521021303.684,111.510,0.000,110.505,2.254,1833,1577,80.0,1,0,66.4
3877,fixed_split_mlp_covertype,stable,h3,1776521021305.684,1776521021400.192,94.508,0.000,93.508,1.736,1833,1577,80.0,1,0,72.5
3878,fixed_split_mlp_covertype,stable,h3,1776521021402.192,1776521021506.699,104.507,0.000,102.506,1.756,1833,1577,80.0,1,0,67.3
3879,fixed_split_mlp_covertype,stable,h3,1776521021508.699,1776521021636.205,127.506,0.000,127.506,1.819,1833,1577,80.0,1,0,71.1
3880,fixed_split_mlp_covertype,stable,h3,1776521021638.206,1776521021714.712,76.507,0.000,76.507,1.766,1833,1577,80.0,0,0,65.5
3881,fixed_split_mlp_covertype,stable,h3,1776521021716.712,1776521021801.219,84.507,0.000,83.507,1.874,1833,1577,80.0,1,0,69.6
3882,fixed_split_mlp_covertype,stable,h3,1776521021802.219,1776521021908.727,106.508,0.000,106.508,2.017,1833,1577,80.0,1,0,69.0
3883,fixed_split_mlp_covertype,stable,h3,1776521021910.727,1776521022006.235,95.508,1.000,94.508,1.782,1833,1577,80.0,1,0,69.1
3884,fixed_split_mlp_covertype,stable,h3,1776521022008.234,1776521022109.336,101.101,0.000,100.101,1.791,1833,1577,80.0,1,0,69.6
3885,fixed_split_mlp_covertype,stable,h3,1776521022110.336,1776521022285.845,175.509,1.000,174.509,1.693,1833,1577,80.0,1,0,69.3
3886,fixed_split_mlp_covertype,stable,h3,1776521022287.846,1776521022420.858,133.012,0.000,132.012,1.706,1833,1577,80.0,1,0,69.2
3887,fixed_split_mlp_covertype,stable,h3,1776521022422.858,1776521022590.368,167.510,0.000,166.510,1.868,1833,1577,80.0,1,0,69.7
3888,fixed_split_mlp_covertype,stable,h3,1776521022592.368,1776521022791.383,199.014,0.000,198.512,1.936,1833,1577,80.0,1,0,69.4
3889,fixed_split_mlp_covertype,stable,h3,1776521022792.887,1776521022951.397,158.510,1.003,157.507,1.752,1833,1577,80.0,1,0,69.4
3890,fixed_split_mlp_covertype,stable,h3,1776521022953.396,1776521023067.904,114.508,0.000,114.508,1.771,1833,1577,80.0,1,0,67.5
3891,fixed_split_mlp_covertype,stable,h3,1776521023069.904,1776521023227.918,158.014,0.000,157.014,1.706,1833,1577,80.0,1,0,70.6
3892,fixed_split_mlp_covertype,stable,h3,1776521023228.918,1776521023325.425,96.507,0.000,95.507,1.866,1833,1577,80.0,1,0,68.4
3893,fixed_split_mlp_covertype,stable,h3,1776521023327.425,1776521023396.932,69.507,0.000,68.507,1.713,1833,1577,80.0,0,0,70.3
3894,fixed_split_mlp_covertype,stable,h3,1776521023397.932,1776521023514.440,116.508,1.000,114.509,2.447,1833,1577,80.0,1,0,70.6
3895,fixed_split_mlp_covertype,stable,h3,1776521023515.440,1776521023620.948,105.507,1.000,104.507,1.720,1833,1577,80.0,1,0,68.8
3896,fixed_split_mlp_covertype,stable,h3,1776521023622.948,1776521023779.457,156.509,0.000,156.509,2.387,1833,1577,80.0,1,0,68.8
3897,fixed_split_mlp_covertype,stable,h3,1776521023781.457,1776521023873.961,92.505,0.000,91.504,1.819,1833,1577,80.0,1,0,68.0
3898,fixed_split_mlp_covertype,stable,h3,1776521023875.961,1776521024025.976,150.014,0.000,150.014,1.876,1833,1577,80.0,1,0,70.8
3899,fixed_split_mlp_covertype,stable,h3,1776521024027.976,1776521024155.482,127.506,0.000,126.506,1.796,1833,1577,80.0,1,0,70.3
3900,fixed_split_mlp_covertype,stable,h3,1776521024157.482,1776521024247.993,90.511,0.000,90.511,2.004,1833,1577,80.0,1,0,71.6
3901,fixed_split_mlp_covertype,stable,h3,1776521024249.992,1776521024327.499,77.507,0.000,77.507,1.753,1833,1577,80.0,0,0,67.9
3902,fixed_split_mlp_covertype,stable,h3,1776521024329.509,1776521024440.007,110.498,0.000,109.498,1.804,1833,1577,80.0,1,0,69.0
3903,fixed_split_mlp_covertype,stable,h3,1776521024441.007,1776521024605.021,164.014,0.000,164.014,1.788,1833,1577,80.0,1,0,69.7
3904,fixed_split_mlp_covertype,stable,h3,1776521024607.021,1776521024707.527,100.507,0.000,100.507,1.754,1833,1577,80.0,1,0,68.4
3905,fixed_split_mlp_covertype,stable,h3,1776521024709.528,1776521024862.044,152.516,0.000,151.516,1.820,1833,1577,80.0,1,0,81.1
3906,fixed_split_mlp_covertype,stable,h3,1776521024864.044,1776521024942.551,78.507,0.000,78.507,1.836,1833,1577,80.0,0,0,70.0
3907,fixed_split_mlp_covertype,stable,h3,1776521024944.551,1776521025075.058,130.507,0.000,129.507,1.971,1833,1577,80.0,1,0,69.9
3908,fixed_split_mlp_covertype,stable,h3,1776521025076.058,1776521025173.565,97.507,1.000,96.506,3.624,1833,1577,80.0,1,0,69.5
3909,fixed_split_mlp_covertype,stable,h3,1776521025175.565,1776521025309.579,134.014,0.000,133.014,1.830,1833,1577,80.0,1,0,71.0
3910,fixed_split_mlp_covertype,stable,h3,1776521025311.579,1776521025401.086,89.507,0.000,89.507,2.187,1833,1577,80.0,1,0,67.3
3911,fixed_split_mlp_covertype,stable,h3,1776521025403.086,1776521025525.593,122.507,0.000,122.507,1.922,1833,1577,80.0,1,0,70.6
3912,fixed_split_mlp_covertype,stable,h3,1776521025527.593,1776521025987.835,460.242,0.000,459.227,1.941,1833,1577,80.0,1,0,31.4
3913,fixed_split_mlp_covertype,stable,h3,1776521025989.491,1776521026438.964,449.473,0.000,447.389,2.130,1833,1577,80.0,1,0,34.2
3914,fixed_split_mlp_covertype,stable,h3,1776521026441.963,1776521026893.071,451.108,1.003,448.112,2.014,1833,1577,80.0,1,0,33.3
3915,fixed_split_mlp_covertype,stable,h3,1776521026895.070,1776521027358.364,463.294,0.000,460.919,1.660,1833,1577,80.0,1,0,31.4
3916,fixed_split_mlp_covertype,stable,h3,1776521027360.366,1776521027812.977,452.611,1.993,448.491,1.919,1833,1577,80.0,1,0,31.3
3917,fixed_split_mlp_covertype,stable,h3,1776521027814.864,1776521028265.143,450.279,0.999,449.280,1.812,1833,1577,80.0,1,0,30.8
3918,fixed_split_mlp_covertype,stable,h3,1776521028267.329,1776521028828.192,560.863,0.000,558.869,1.885,1833,1577,80.0,1,0,25.0
3919,fixed_split_mlp_covertype,stable,h3,1776521028831.214,1776521029459.116,627.902,0.803,623.556,1.814,1833,1577,80.0,1,0,23.8
3920,fixed_split_mlp_covertype,stable,h3,1776521029461.119,1776521030059.628,598.509,0.999,595.448,2.116,1833,1577,80.0,1,0,25.2
3921,fixed_split_mlp_covertype,stable,h3,1776521030061.564,1776521030670.583,609.020,1.002,607.510,1.828,1833,1577,80.0,1,0,24.6
3922,fixed_split_mlp_covertype,stable,h3,1776521030672.583,1776521031299.613,627.029,1.002,625.027,2.026,1833,1577,80.0,1,0,23.2
3923,fixed_split_mlp_covertype,stable,h3,1776521031301.613,1776521031822.242,520.630,1.396,517.634,1.785,1833,1577,80.0,1,0,26.9
3924,fixed_split_mlp_covertype,stable,h3,1776521031823.244,1776521032422.048,598.804,1.997,595.952,1.945,1833,1577,80.0,1,0,23.0
3925,fixed_split_mlp_covertype,stable,h3,1776521032424.522,1776521033026.900,602.378,1.993,600.385,2.223,1833,1577,80.0,1,0,24.0
3926,fixed_split_mlp_covertype,stable,h3,1776521033029.898,1776521033652.358,622.460,0.000,621.142,1.819,1833,1577,80.0,1,0,22.9
3927,fixed_split_mlp_covertype,stable,h3,1776521033655.363,1776521033847.423,192.060,1.091,188.974,1.749,1833,1577,80.0,1,0,64.9
3928,fixed_split_mlp_covertype,stable,h3,1776521033854.420,1776521034049.704,195.284,0.000,194.014,1.949,1833,1577,80.0,1,0,69.2
3929,fixed_split_mlp_covertype,stable,h3,1776521034051.432,1776521034160.939,109.507,0.000,109.507,2.505,1833,1577,80.0,1,0,68.8
3930,fixed_split_mlp_covertype,stable,h3,1776521034162.939,1776521034356.953,194.014,0.000,192.989,2.050,1833,1577,80.0,1,0,68.8
3931,fixed_split_mlp_covertype,stable,h3,1776521034358.953,1776521034560.832,201.879,0.000,201.879,1.834,1833,1577,80.0,1,0,71.5
3932,fixed_split_mlp_covertype,stable,h3,1776521034561.846,1776521034689.354,127.508,0.000,125.506,1.808,1833,1577,80.0,1,0,69.5
3933,fixed_split_mlp_covertype,stable,h3,1776521034690.354,1776521034849.366,159.012,0.000,157.011,2.100,1833,1577,80.0,1,0,70.4
3934,fixed_split_mlp_covertype,stable,h3,1776521034850.366,1776521034971.873,121.507,1.000,120.506,2.128,1833,1577,80.0,1,0,69.8
3935,fixed_split_mlp_covertype,stable,h3,1776521034973.873,1776521035049.380,75.507,0.000,74.490,1.955,1833,1577,80.0,0,0,70.9
3936,fixed_split_mlp_covertype,stable,h3,1776521035051.380,1776521035175.887,124.507,0.000,122.506,2.519,1833,1577,80.0,1,0,69.0
3937,fixed_split_mlp_covertype,stable,h3,1776521035177.887,1776521035357.902,180.014,0.000,180.014,2.092,1833,1577,80.0,1,0,69.8
3938,fixed_split_mlp_covertype,stable,h3,1776521035359.917,1776521035594.796,234.878,0.985,232.912,2.034,1833,1577,80.0,1,0,62.2
3939,fixed_split_mlp_covertype,stable,h3,1776521035595.797,1776521035721.807,126.010,0.000,126.010,2.078,1833,1577,80.0,1,0,67.6
3940,fixed_split_mlp_covertype,stable,h3,1776521035723.807,1776521035843.338,119.531,0.000,118.531,1.924,1833,1577,80.0,1,0,68.8
3941,fixed_split_mlp_covertype,stable,h3,1776521035844.338,1776521036021.351,177.012,0.000,176.011,2.107,1833,1577,80.0,1,0,71.0
3942,fixed_split_mlp_covertype,stable,h3,1776521036023.351,1776521036198.860,175.509,0.000,175.509,1.936,1833,1577,80.0,1,0,70.3
3943,fixed_split_mlp_covertype,stable,h3,1776521036200.860,1776521036343.876,143.015,0.000,141.014,1.879,1833,1577,80.0,1,0,70.3
3944,fixed_split_mlp_covertype,stable,h3,1776521036344.875,1776521036434.383,89.508,0.000,87.507,1.696,1833,1577,80.0,1,0,68.8
3945,fixed_split_mlp_covertype,stable,h3,1776521036435.383,1776521036604.393,169.010,0.000,168.010,1.764,1833,1577,80.0,1,0,71.3
3946,fixed_split_mlp_covertype,stable,h3,1776521036606.396,1776521036663.396,57.000,0.000,55.000,1.916,1833,1577,80.0,0,0,75.0
3947,fixed_split_mlp_covertype,stable,h3,1776521036664.396,1776521036845.409,181.013,0.000,179.012,1.813,1833,1577,80.0,1,0,70.1
3948,fixed_split_mlp_covertype,stable,h3,1776521036846.409,1776521036939.916,93.507,1.000,92.506,1.792,1833,1577,80.0,1,0,70.8
3949,fixed_split_mlp_covertype,stable,h3,1776521036941.916,1776521037088.422,146.506,0.000,145.506,2.004,1833,1577,80.0,1,0,72.3
3950,fixed_split_mlp_covertype,stable,h3,1776521037090.424,1776521037251.436,161.012,0.000,159.011,1.755,1833,1577,80.0,1,0,68.5
3951,fixed_split_mlp_covertype,stable,h3,1776521037252.436,1776521037362.943,110.507,1.001,108.505,2.007,1833,1577,80.0,1,0,68.8
3952,fixed_split_mlp_covertype,stable,h3,1776521037363.943,1776521037502.452,138.509,1.000,136.509,1.759,1833,1577,80.0,1,0,68.3
3953,fixed_split_mlp_covertype,stable,h3,1776521037503.954,1776521037606.463,102.510,0.000,102.510,1.756,1833,1577,80.0,1,0,70.9
3954,fixed_split_mlp_covertype,stable,h3,1776521037608.464,1776521037700.466,92.002,0.000,92.002,2.232,1833,1577,80.0,1,0,69.4
3955,fixed_split_mlp_covertype,stable,h3,1776521037702.467,1776521037825.479,123.013,0.000,122.012,1.934,1833,1577,80.0,1,0,71.9
3956,fixed_split_mlp_covertype,stable,h3,1776521037826.479,1776521038014.493,188.014,1.000,187.013,1.707,1833,1577,80.0,1,0,71.0
3957,fixed_split_mlp_covertype,stable,h3,1776521038016.494,1776521038140.999,124.506,0.000,123.506,1.736,1833,1577,80.0,1,0,69.3
3958,fixed_split_mlp_covertype,stable,h3,1776521038143.000,1776521038273.508,130.509,0.000,129.509,1.775,1833,1577,80.0,1,0,68.2
3959,fixed_split_mlp_covertype,stable,h3,1776521038275.508,1776521038378.016,102.508,0.000,101.508,1.766,1833,1577,80.0,1,0,70.3
3960,fixed_split_mlp_covertype,stable,h3,1776521038380.015,1776521038499.523,119.509,0.000,119.509,1.889,1833,1577,80.0,1,0,69.8
3961,fixed_split_mlp_covertype,stable,h3,1776521038501.523,1776521038590.032,88.509,0.000,87.507,1.774,1833,1577,80.0,1,0,67.7
3962,fixed_split_mlp_covertype,stable,h3,1776521038591.034,1776521038685.537,94.503,0.999,92.504,2.074,1833,1577,80.0,1,0,69.5
3963,fixed_split_mlp_covertype,stable,h3,1776521038686.537,1776521038808.786,122.249,1.000,120.249,1.727,1833,1577,80.0,1,0,68.2
3964,fixed_split_mlp_covertype,stable,h3,1776521038809.787,1776521038924.292,114.506,1.000,112.506,1.767,1833,1577,80.0,1,0,71.7
3965,fixed_split_mlp_covertype,stable,h3,1776521038925.293,1776521038997.295,72.002,1.001,71.001,1.773,1833,1577,80.0,0,0,74.1
3966,fixed_split_mlp_covertype,stable,h3,1776521038999.295,1776521039108.307,109.012,0.000,108.011,2.081,1833,1577,80.0,1,0,70.8
3967,fixed_split_mlp_covertype,stable,h3,1776521039110.307,1776521039171.307,61.000,0.000,61.000,1.985,1833,1577,80.0,0,0,75.8
3968,fixed_split_mlp_covertype,stable,h3,1776521039173.307,1776521039290.815,117.509,0.000,116.509,1.883,1833,1577,80.0,1,0,75.4
3969,fixed_split_mlp_covertype,stable,h3,1776521039291.815,1776521039400.321,108.506,0.000,106.506,2.031,1833,1577,80.0,1,0,71.7
3970,fixed_split_mlp_covertype,stable,h3,1776521039401.321,1776521039524.333,123.011,1.000,122.011,2.080,1833,1577,80.0,1,0,69.6
3971,fixed_split_mlp_covertype,stable,h3,1776521039526.333,1776521039665.843,139.510,0.000,138.510,1.868,1833,1577,80.0,1,0,70.4
3972,fixed_split_mlp_covertype,stable,h3,1776521039666.843,1776521039802.351,135.508,0.000,134.508,22.801,1833,1577,80.0,1,0,68.5
3973,fixed_split_mlp_covertype,stable,h3,1776521039804.853,1776521039880.856,76.003,0.000,76.003,10.102,1833,1577,80.0,0,0,70.0
3974,fixed_split_mlp_covertype,stable,h3,1776521039881.856,1776521039963.363,81.507,1.000,79.507,2.094,1833,1577,80.0,1,0,69.1
3975,fixed_split_mlp_covertype,stable,h3,1776521039964.363,1776521040035.870,71.507,1.000,69.508,1.879,1833,1577,80.0,0,0,77.6
3976,fixed_split_mlp_covertype,stable,h3,1776521040037.870,1776521040130.383,92.513,0.000,92.513,1.677,1833,1577,80.0,1,0,79.2
3977,fixed_split_mlp_covertype,stable,h3,1776521040133.383,1776521040261.396,128.013,0.000,127.013,1.849,1833,1577,80.0,1,0,72.9
3978,fixed_split_mlp_covertype,stable,h3,1776521040262.396,1776521040454.914,192.518,0.000,191.518,1.809,1833,1577,80.0,1,0,70.6
3979,fixed_split_mlp_covertype,stable,h3,1776521040456.914,1776521040636.927,180.013,0.000,180.013,1.970,1833,1577,80.0,1,0,70.5
3980,fixed_split_mlp_covertype,stable,h3,1776521040637.927,1776521040720.433,82.506,1.000,80.505,1.799,1833,1577,80.0,1,0,76.2
3981,fixed_split_mlp_covertype,stable,h3,1776521040721.433,1776521040836.939,115.506,0.000,114.506,1.770,1833,1577,80.0,1,0,73.2
3982,fixed_split_mlp_covertype,stable,h3,1776521040837.939,1776521040943.446,105.507,1.000,103.507,1.750,1833,1577,80.0,1,0,70.9
3983,fixed_split_mlp_covertype,stable,h3,1776521040944.446,1776521041045.958,101.511,1.000,99.511,2.143,1833,1577,80.0,1,0,68.4
3984,fixed_split_mlp_covertype,stable,h3,1776521041047.958,1776521041216.972,169.014,0.000,168.013,4.162,1833,1577,80.0,1,0,68.9
3985,fixed_split_mlp_covertype,stable,h3,1776521041217.972,1776521041358.477,140.506,1.001,139.505,8.264,1833,1577,80.0,1,0,71.7
3986,fixed_split_mlp_covertype,stable,h3,1776521041360.478,1776521041460.983,100.506,0.000,100.506,2.661,1833,1577,80.0,1,0,69.8
3987,fixed_split_mlp_covertype,stable,h3,1776521041461.983,1776521041580.490,118.507,1.000,116.507,15.612,1833,1577,80.0,1,0,71.1
3988,fixed_split_mlp_covertype,stable,h3,1776521041581.491,1776521041675.998,94.507,1.000,92.507,4.747,1833,1577,80.0,1,0,74.7
3989,fixed_split_mlp_covertype,stable,h3,1776521041676.998,1776521041840.012,163.014,0.000,162.014,13.207,1833,1577,80.0,1,0,69.1
3990,fixed_split_mlp_covertype,stable,h3,1776521041842.012,1776521041974.522,132.510,0.000,131.507,17.418,1833,1577,80.0,1,0,72.4
3991,fixed_split_mlp_covertype,stable,h3,1776521041975.519,1776521042062.026,86.506,0.000,85.507,3.515,1833,1577,80.0,1,0,72.4
3992,fixed_split_mlp_covertype,stable,h3,1776521042063.025,1776521042192.534,129.509,1.000,127.509,5.293,1833,1577,80.0,1,0,75.4
3993,fixed_split_mlp_covertype,stable,h3,1776521042193.534,1776521042330.545,137.011,1.000,136.011,2.232,1833,1577,80.0,1,0,80.3
3994,fixed_split_mlp_covertype,stable,h3,1776521042332.545,1776521042423.470,90.925,0.000,90.925,2.214,1833,1577,80.0,1,0,73.1
3995,fixed_split_mlp_covertype,stable,h3,1776521042425.470,1776521042539.976,114.506,0.000,114.506,10.399,1833,1577,80.0,1,0,73.6
3996,fixed_split_mlp_covertype,stable,h3,1776521042541.976,1776521042649.483,107.506,1.000,106.506,3.246,1833,1577,80.0,1,0,69.9
3997,fixed_split_mlp_covertype,stable,h3,1776521042651.483,1776521042824.496,173.013,0.000,172.013,2.076,1833,1577,80.0,1,0,71.5
3998,fixed_split_mlp_covertype,stable,h3,1776521042826.496,1776521042936.004,109.508,0.000,108.508,1.747,1833,1577,80.0,1,0,83.2
3999,fixed_split_mlp_covertype,stable,h3,1776521042938.004,1776521043109.019,171.015,0.000,169.013,1.871,1833,1577,80.0,1,0,78.7
4000,fixed_split_mlp_covertype,stable,h3,1776521043110.019,1776521043176.019,66.000,1.001,64.999,1.833,1833,1577,80.0,0,0,74.2
4001,fixed_split_mlp_covertype,stable,h3,1776521043177.019,1776521043239.526,62.507,1.003,60.504,1.999,1833,1577,80.0,0,0,69.2
4002,fixed_split_mlp_covertype,stable,h3,1776521043240.525,1776521043360.033,119.508,1.001,117.506,1.923,1833,1577,80.0,1,0,71.3
4003,fixed_split_mlp_covertype,stable,h3,1776521043362.033,1776521043479.543,117.509,0.000,116.507,2.294,1833,1577,80.0,1,0,69.5
4004,fixed_split_mlp_covertype,stable,h3,1776521043480.541,1776521043600.049,119.507,1.000,118.507,1.851,1833,1577,80.0,1,0,70.5
4005,fixed_split_mlp_covertype,stable,h3,1776521043602.049,1776521044467.552,865.503,0.000,864.389,1.722,1833,1577,80.0,1,0,19.4
4006,fixed_split_mlp_covertype,stable,h3,1776521044469.453,1776521044574.950,105.498,0.996,103.500,2.073,1833,1577,80.0,1,0,55.6
4007,fixed_split_mlp_covertype,stable,h3,1776521044575.951,1776521044666.468,90.517,1.000,88.517,1.731,1833,1577,80.0,1,0,68.4
4008,fixed_split_mlp_covertype,stable,h3,1776521044669.468,1776521044769.972,100.504,0.000,99.502,4.046,1833,1577,80.0,1,0,69.1
4009,fixed_split_mlp_covertype,stable,h3,1776521044771.972,1776521044925.985,154.013,0.000,154.013,2.480,1833,1577,80.0,1,0,70.6
4010,fixed_split_mlp_covertype,stable,h3,1776521044928.002,1776521045008.988,80.985,0.000,79.998,2.389,1833,1577,80.0,1,0,70.8
4011,fixed_split_mlp_covertype,stable,h3,1776521045011.492,1776521045137.999,126.507,0.000,126.507,1.720,1833,1577,80.0,1,0,68.8
4012,fixed_split_mlp_covertype,stable,h3,1776521045138.999,1776521045222.508,83.509,1.000,82.509,2.361,1833,1577,80.0,1,0,67.9
4013,fixed_split_mlp_covertype,stable,h3,1776521045224.509,1776521045358.016,133.507,1.000,131.507,1.789,1833,1577,80.0,1,0,72.7
4014,fixed_split_mlp_covertype,stable,h3,1776521045359.016,1776521045441.522,82.507,1.001,81.506,1.749,1833,1577,80.0,1,0,71.4
4015,fixed_split_mlp_covertype,stable,h3,1776521045443.522,1776521045616.537,173.015,0.000,171.013,2.012,1833,1577,80.0,1,0,69.1
4016,fixed_split_mlp_covertype,stable,h3,1776521045617.536,1776521045755.042,137.506,0.999,136.507,1.784,1833,1577,80.0,1,0,70.3
4017,fixed_split_mlp_covertype,stable,h3,1776521045757.043,1776521045861.549,104.506,0.000,104.506,1.834,1833,1577,80.0,1,0,69.3
4018,fixed_split_mlp_covertype,stable,h3,1776521045863.550,1776521046038.563,175.014,1.000,174.014,2.057,1833,1577,80.0,1,0,70.1
4019,fixed_split_mlp_covertype,stable,h3,1776521046040.563,1776521046134.073,93.510,0.000,92.507,1.968,1833,1577,80.0,1,0,69.8
4020,fixed_split_mlp_covertype,stable,h3,1776521046135.070,1776521046248.580,113.509,0.000,111.509,1.883,1833,1577,80.0,1,0,70.9
4021,fixed_split_mlp_covertype,stable,h3,1776521046250.580,1776521046348.086,97.506,0.000,97.506,1.940,1833,1577,80.0,1,0,69.4
4022,fixed_split_mlp_covertype,stable,h3,1776521046350.086,1776521046497.594,147.509,1.001,146.508,1.742,1833,1577,80.0,1,0,71.1
4023,fixed_split_mlp_covertype,stable,h3,1776521046498.594,1776521046642.607,144.013,1.000,142.013,2.224,1833,1577,80.0,1,0,68.5
4024,fixed_split_mlp_covertype,stable,h3,1776521046643.607,1776521046844.624,201.016,0.000,200.016,1.794,1833,1577,80.0,1,0,73.6
4025,fixed_split_mlp_covertype,stable,h3,1776521046845.623,1776521046918.129,72.506,0.000,72.506,1.857,1833,1577,80.0,0,0,70.0
4026,fixed_split_mlp_covertype,stable,h3,1776521046920.129,1776521047070.636,150.507,0.000,150.507,1.865,1833,1577,80.0,1,0,68.5
4027,fixed_split_mlp_covertype,stable,h3,1776521047072.636,1776521047205.146,132.511,0.000,132.511,1.774,1833,1577,80.0,1,0,71.3
4028,fixed_split_mlp_covertype,stable,h3,1776521047207.147,1776521047299.658,92.510,0.000,91.496,2.202,1833,1577,80.0,1,0,69.5
4029,fixed_split_mlp_covertype,stable,h3,1776521047301.658,1776521047455.669,154.011,0.000,154.011,1.770,1833,1577,80.0,1,0,70.6
4030,fixed_split_mlp_covertype,stable,h3,1776521047457.669,1776521047552.176,94.507,0.000,94.507,2.157,1833,1577,80.0,1,0,67.3
4031,fixed_split_mlp_covertype,stable,h3,1776521047554.175,1776521047672.682,118.507,0.000,116.506,2.273,1833,1577,80.0,1,0,68.8
4032,fixed_split_mlp_covertype,stable,h3,1776521047673.682,1776521047765.194,91.512,0.000,89.506,1.921,1833,1577,80.0,1,0,71.9
4033,fixed_split_mlp_covertype,stable,h3,1776521047766.189,1776521047907.698,141.508,1.000,140.508,2.064,1833,1577,80.0,1,0,69.4
4034,fixed_split_mlp_covertype,stable,h3,1776521047909.698,1776521047968.204,58.506,1.000,57.003,1.824,1833,1577,80.0,0,0,69.2
4035,fixed_split_mlp_covertype,stable,h3,1776521047970.203,1776521048071.712,101.509,0.000,101.509,2.608,1833,1577,80.0,1,0,71.2
4036,fixed_split_mlp_covertype,stable,h3,1776521048073.710,1776521048179.217,105.506,0.000,104.506,1.922,1833,1577,80.0,1,0,68.0
4037,fixed_split_mlp_covertype,stable,h3,1776521048180.217,1776521048314.230,134.014,1.001,133.013,1.825,1833,1577,80.0,1,0,70.4
4038,fixed_split_mlp_covertype,stable,h3,1776521048316.230,1776521048394.230,78.000,0.000,77.000,1.832,1833,1577,80.0,0,0,69.5
4039,fixed_split_mlp_covertype,stable,h3,1776521048396.233,1776521048568.245,172.011,0.000,172.011,1.947,1833,1577,80.0,1,0,71.3
4040,fixed_split_mlp_covertype,stable,h3,1776521048570.245,1776521048742.951,172.706,0.000,170.706,1.796,1833,1577,80.0,1,0,70.1
4041,fixed_split_mlp_covertype,stable,h3,1776521048743.951,1776521048882.458,138.507,1.000,137.507,2.277,1833,1577,80.0,1,0,70.5
4042,fixed_split_mlp_covertype,stable,h3,1776521048884.458,1776521049037.470,153.012,0.000,152.012,1.835,1833,1577,80.0,1,0,70.0
4043,fixed_split_mlp_covertype,stable,h3,1776521049039.474,1776521049190.977,151.503,0.000,151.503,1.954,1833,1577,80.0,1,0,70.8
4044,fixed_split_mlp_covertype,stable,h3,1776521049192.978,1776521049338.992,146.015,0.000,144.998,1.855,1833,1577,80.0,1,0,70.4
4045,fixed_split_mlp_covertype,stable,h3,1776521049340.992,1776521049456.499,115.507,0.000,114.506,1.915,1833,1577,80.0,1,0,73.7
4046,fixed_split_mlp_covertype,stable,h3,1776521049458.499,1776521049633.512,175.013,0.000,173.013,1.777,1833,1577,80.0,1,0,68.8
4047,fixed_split_mlp_covertype,stable,h3,1776521049634.512,1776521049795.022,160.510,1.000,159.510,1.766,1833,1577,80.0,1,0,72.2
4048,fixed_split_mlp_covertype,stable,h3,1776521049797.031,1776521049860.533,63.503,0.999,61.503,1.745,1833,1577,80.0,0,0,73.4
4049,fixed_split_mlp_covertype,stable,h3,1776521049861.533,1776521049975.040,113.507,0.000,111.506,2.041,1833,1577,80.0,1,0,69.6
4050,fixed_split_mlp_covertype,stable,h3,1776521049976.040,1776521050092.546,116.506,0.000,115.505,3.288,1833,1577,80.0,1,0,73.1
4051,fixed_split_mlp_covertype,stable,h3,1776521050094.546,1776521050182.053,87.507,0.000,87.507,2.038,1833,1577,80.0,1,0,70.2
4052,fixed_split_mlp_covertype,stable,h3,1776521050183.053,1776521050337.078,154.025,1.000,152.024,2.439,1833,1577,80.0,1,0,68.5
4053,fixed_split_mlp_covertype,stable,h3,1776521050338.078,1776521050453.584,115.507,1.000,114.507,2.873,1833,1577,80.0,1,0,71.1
4054,fixed_split_mlp_covertype,stable,h3,1776521050455.584,1776521050594.091,138.507,0.000,137.506,2.424,1833,1577,80.0,1,0,69.9
4055,fixed_split_mlp_covertype,stable,h3,1776521050596.091,1776521050692.597,96.507,0.000,95.502,2.107,1833,1577,80.0,1,0,68.0
4056,fixed_split_mlp_covertype,stable,h3,1776521050694.598,1776521050795.105,100.507,1.000,98.507,2.438,1833,1577,80.0,1,0,68.4
4057,fixed_split_mlp_covertype,stable,h3,1776521050796.105,1776521050967.118,171.013,0.000,169.011,2.434,1833,1577,80.0,1,0,71.0
4058,fixed_split_mlp_covertype,stable,h3,1776521050968.118,1776521051095.626,127.509,1.001,126.508,1.887,1833,1577,80.0,1,0,70.6
4059,fixed_split_mlp_covertype,stable,h3,1776521051097.629,1776521051220.642,123.013,0.000,123.013,2.210,1833,1577,80.0,1,0,68.5
4060,fixed_split_mlp_covertype,stable,h3,1776521051222.642,1776521051372.149,149.507,0.000,148.507,1.769,1833,1577,80.0,1,0,68.8
4061,fixed_split_mlp_covertype,stable,h3,1776521051373.149,1776521051493.656,120.507,0.000,119.507,1.972,1833,1577,80.0,1,0,70.1
4062,fixed_split_mlp_covertype,stable,h3,1776521051495.656,1776521051610.166,114.510,0.000,112.507,1.869,1833,1577,80.0,1,0,68.8
4063,fixed_split_mlp_covertype,stable,h3,1776521051611.668,1776521051771.180,159.512,0.000,159.512,1.805,1833,1577,80.0,1,0,68.9
4064,fixed_split_mlp_covertype,stable,h3,1776521051773.181,1776521051908.690,135.509,0.000,134.509,1.754,1833,1577,80.0,1,0,68.8
4065,fixed_split_mlp_covertype,stable,h3,1776521051909.690,1776521052041.703,132.013,0.000,132.013,2.368,1833,1577,80.0,1,0,69.0
4066,fixed_split_mlp_covertype,stable,h3,1776521052043.703,1776521052121.211,77.508,0.000,75.508,1.822,1833,1577,80.0,0,0,68.8
4067,fixed_split_mlp_covertype,stable,h3,1776521052123.211,1776521052214.719,91.508,0.000,90.507,1.901,1833,1577,80.0,1,0,71.0
4068,fixed_split_mlp_covertype,stable,h3,1776521052215.719,1776521052320.226,104.507,1.001,102.506,1.834,1833,1577,80.0,1,0,66.0
4069,fixed_split_mlp_covertype,stable,h3,1776521052321.225,1776521052437.733,116.508,1.001,115.506,2.047,1833,1577,80.0,1,0,70.3
4070,fixed_split_mlp_covertype,stable,h3,1776521052440.733,1776521052556.240,115.507,0.000,114.507,2.104,1833,1577,80.0,1,0,70.2
4071,fixed_split_mlp_covertype,stable,h3,1776521052557.240,1776521052688.747,131.508,1.001,130.507,1.929,1833,1577,80.0,1,0,68.3
4072,fixed_split_mlp_covertype,stable,h3,1776521052690.747,1776521052821.763,131.016,0.000,130.014,1.896,1833,1577,80.0,1,0,70.1
4073,fixed_split_mlp_covertype,stable,h3,1776521052822.762,1776521052970.268,147.506,0.000,145.503,1.892,1833,1577,80.0,1,0,70.4
4074,fixed_split_mlp_covertype,stable,h3,1776521052971.268,1776521053082.775,111.507,1.000,109.507,1.967,1833,1577,80.0,1,0,70.5
4075,fixed_split_mlp_covertype,stable,h3,1776521053083.775,1776521053267.789,184.014,1.000,183.015,1.869,1833,1577,80.0,1,0,71.5
4076,fixed_split_mlp_covertype,stable,h3,1776521053269.789,1776521053421.802,152.013,1.000,150.014,1.898,1833,1577,80.0,1,0,71.1
4077,fixed_split_mlp_covertype,stable,h3,1776521053422.803,1776521053563.310,140.507,1.000,138.507,3.651,1833,1577,80.0,1,0,68.3
4078,fixed_split_mlp_covertype,stable,h3,1776521053564.310,1776521053670.817,106.507,1.001,105.507,1.763,1833,1577,80.0,1,0,68.8
4079,fixed_split_mlp_covertype,stable,h3,1776521053672.818,1776521053814.831,142.013,0.000,141.012,1.736,1833,1577,80.0,1,0,68.8
4080,fixed_split_mlp_covertype,stable,h3,1776521053816.832,1776521053923.338,106.507,0.000,106.507,1.857,1833,1577,80.0,1,0,70.0
4081,fixed_split_mlp_covertype,stable,h3,1776521053925.339,1776521054028.846,103.507,0.000,102.507,1.969,1833,1577,80.0,1,0,69.0
4082,fixed_split_mlp_covertype,stable,h3,1776521054029.846,1776521054125.353,95.507,1.000,94.507,1.916,1833,1577,80.0,1,0,73.3
4083,fixed_split_mlp_covertype,stable,h3,1776521054127.353,1776521054293.860,166.507,0.000,165.507,1.773,1833,1577,80.0,1,0,68.8
4084,fixed_split_mlp_covertype,stable,h3,1776521054295.861,1776521054435.875,140.014,0.000,140.014,1.880,1833,1577,80.0,1,0,70.1
4085,fixed_split_mlp_covertype,stable,h3,1776521054437.875,1776521054520.382,82.507,0.000,81.507,1.977,1833,1577,80.0,1,0,68.8
4086,fixed_split_mlp_covertype,stable,h3,1776521054522.382,1776521054591.382,69.000,0.000,69.000,1.871,1833,1577,80.0,0,0,69.6
4087,fixed_split_mlp_covertype,stable,h3,1776521054593.382,1776521054741.400,148.018,0.000,147.014,1.849,1833,1577,80.0,1,0,68.3
4088,fixed_split_mlp_covertype,stable,h3,1776521054742.397,1776521054856.905,114.508,0.000,112.508,2.354,1833,1577,80.0,1,0,70.3
4089,fixed_split_mlp_covertype,stable,h3,1776521054858.905,1776521054905.907,47.002,0.000,47.002,2.151,1833,1577,80.0,0,0,70.2
4090,fixed_split_mlp_covertype,stable,h3,1776521054907.907,1776521054984.412,76.505,0.000,75.505,2.975,1833,1577,80.0,0,0,71.6
4091,fixed_split_mlp_covertype,stable,h3,1776521054985.412,1776521055133.428,148.016,0.000,147.015,1.794,1833,1577,80.0,1,0,70.8
4092,fixed_split_mlp_covertype,stable,h3,1776521055135.427,1776521055297.937,162.510,0.000,161.510,1.923,1833,1577,80.0,1,0,74.0
4093,fixed_split_mlp_covertype,stable,h3,1776521055298.936,1776521055384.442,85.506,0.000,84.505,2.188,1833,1577,80.0,1,0,70.5
4094,fixed_split_mlp_covertype,stable,h3,1776521055386.442,1776521055477.949,91.507,0.000,89.507,2.216,1833,1577,80.0,1,0,67.1
4095,fixed_split_mlp_covertype,stable,h3,1776521055478.949,1776521055571.457,92.508,0.000,90.508,1.939,1833,1577,80.0,1,0,69.8
4096,fixed_split_mlp_covertype,stable,h3,1776521055572.457,1776521055704.966,132.510,0.000,131.509,2.614,1833,1577,80.0,1,0,71.0
4097,fixed_split_mlp_covertype,stable,h3,1776521055706.966,1776521055899.981,193.015,0.000,193.015,1.787,1833,1577,80.0,1,0,70.4
4098,fixed_split_mlp_covertype,stable,h3,1776521055902.981,1776521056051.992,149.011,0.000,148.011,2.059,1833,1577,80.0,1,0,67.3
4099,fixed_split_mlp_covertype,stable,h3,1776521056052.992,1776521056179.500,126.507,0.000,125.507,2.288,1833,1577,80.0,1,0,69.5
4100,fixed_split_mlp_covertype,stable,h3,1776521056181.500,1776521056278.007,96.507,0.000,96.507,1.921,1833,1577,80.0,1,0,70.5
4101,fixed_split_mlp_covertype,stable,h3,1776521056280.007,1776521056412.018,132.011,0.000,130.509,2.101,1833,1577,80.0,1,0,69.5
4102,fixed_split_mlp_covertype,stable,h3,1776521056413.021,1776521056527.528,114.507,0.000,113.507,1.928,1833,1577,80.0,1,0,68.8
4103,fixed_split_mlp_covertype,stable,h3,1776521056529.528,1776521056635.035,105.507,0.000,104.507,1.744,1833,1577,80.0,1,0,70.3
4104,fixed_split_mlp_covertype,stable,h3,1776521056637.035,1776521056787.542,150.507,1.002,149.505,2.112,1833,1577,80.0,1,0,73.3
4105,fixed_split_mlp_covertype,stable,h3,1776521056789.542,1776521056918.555,129.013,0.000,127.007,2.033,1833,1577,80.0,1,0,71.9
4106,fixed_split_mlp_covertype,stable,h3,1776521056919.555,1776521057057.062,137.507,0.000,135.507,1.836,1833,1577,80.0,1,0,76.6
4107,fixed_split_mlp_covertype,stable,h3,1776521057058.062,1776521057171.570,113.507,1.000,112.508,1.715,1833,1577,80.0,1,0,69.4
4108,fixed_split_mlp_covertype,stable,h3,1776521057173.570,1776521057356.586,183.016,0.000,181.014,1.917,1833,1577,80.0,1,0,71.5
4109,fixed_split_mlp_covertype,stable,h3,1776521057357.586,1776521057443.093,85.507,1.000,83.507,1.803,1833,1577,80.0,1,0,73.8
4110,fixed_split_mlp_covertype,stable,h3,1776521057444.093,1776521057595.600,151.508,0.000,150.507,1.720,1833,1577,80.0,1,0,68.8
4111,fixed_split_mlp_covertype,stable,h3,1776521057597.603,1776521057679.108,81.505,0.000,80.505,2.151,1833,1577,80.0,1,0,68.8
4112,fixed_split_mlp_covertype,stable,h3,1776521057680.108,1776521057837.122,157.014,1.000,156.014,1.858,1833,1577,80.0,1,0,69.6
4113,fixed_split_mlp_covertype,stable,h3,1776521057839.122,1776521057982.629,143.507,0.000,142.507,1.813,1833,1577,80.0,1,0,70.6
4114,fixed_split_mlp_covertype,stable,h3,1776521057983.629,1776521058062.137,78.508,1.001,77.507,1.745,1833,1577,80.0,0,0,68.8
4115,fixed_split_mlp_covertype,stable,h3,1776521058064.137,1776521058190.644,126.507,0.000,125.507,1.874,1833,1577,80.0,1,0,71.9
4116,fixed_split_mlp_covertype,stable,h3,1776521058191.644,1776521058330.657,139.013,1.001,138.012,1.973,1833,1577,80.0,1,0,74.0
4117,fixed_split_mlp_covertype,stable,h3,1776521058332.657,1776521058455.165,122.508,1.001,120.506,1.902,1833,1577,80.0,1,0,68.8
4118,fixed_split_mlp_covertype,stable,h3,1776521058457.165,1776521058582.675,125.510,0.000,124.507,1.791,1833,1577,80.0,1,0,68.2
4119,fixed_split_mlp_covertype,stable,h3,1776521058583.672,1776521058698.188,114.516,0.000,113.516,1.749,1833,1577,80.0,1,0,73.6
4120,fixed_split_mlp_covertype,stable,h3,1776521058699.188,1776521058833.196,134.007,0.000,132.006,2.024,1833,1577,80.0,1,0,74.8
4121,fixed_split_mlp_covertype,stable,h3,1776521058834.196,1776521058907.198,73.002,1.001,72.001,1.994,1833,1577,80.0,0,0,70.0
4122,fixed_split_mlp_covertype,stable,h3,1776521058909.198,1776521059007.706,98.508,0.000,97.508,2.136,1833,1577,80.0,1,0,70.1
4123,fixed_split_mlp_covertype,stable,h3,1776521059008.706,1776521059154.718,146.012,0.000,145.011,2.128,1833,1577,80.0,1,0,70.6
4124,fixed_split_mlp_covertype,stable,h3,1776521059156.718,1776521059283.227,126.509,0.000,125.508,1.996,1833,1577,80.0,1,0,71.9
4125,fixed_split_mlp_covertype,stable,h3,1776521059285.226,1776521059391.733,106.508,0.000,105.507,1.975,1833,1577,80.0,1,0,68.8
4126,fixed_split_mlp_covertype,stable,h3,1776521059392.733,1776521059493.241,100.508,1.001,99.507,2.224,1833,1577,80.0,1,0,70.1
4127,fixed_split_mlp_covertype,stable,h3,1776521059495.241,1776521059609.751,114.510,1.000,113.510,1.917,1833,1577,80.0,1,0,69.5
4128,fixed_split_mlp_covertype,stable,h3,1776521059611.751,1776521059739.764,128.013,0.503,127.510,2.043,1833,1577,80.0,1,0,70.5
4129,fixed_split_mlp_covertype,stable,h3,1776521059741.764,1776521059939.783,198.019,0.000,197.019,1.805,1833,1577,80.0,1,0,71.0
4130,fixed_split_mlp_covertype,stable,h3,1776521059941.783,1776521060105.295,163.512,0.000,162.511,1.770,1833,1577,80.0,1,0,69.5
4131,fixed_split_mlp_covertype,stable,h3,1776521060106.294,1776521060185.800,79.505,1.001,77.504,1.827,1833,1577,80.0,0,0,68.8
4132,fixed_split_mlp_covertype,stable,h3,1776521060186.800,1776521060278.321,91.521,0.000,90.521,2.001,1833,1577,80.0,1,0,74.2
4133,fixed_split_mlp_covertype,stable,h3,1776521060280.320,1776521060430.336,150.015,0.000,149.015,1.810,1833,1577,80.0,1,0,73.6
4134,fixed_split_mlp_covertype,stable,h3,1776521060432.336,1776521060555.843,123.507,0.000,122.507,2.094,1833,1577,80.0,1,0,71.9
4135,fixed_split_mlp_covertype,stable,h3,1776521060556.843,1776521060666.351,109.508,1.000,108.508,2.497,1833,1577,80.0,1,0,72.1
4136,fixed_split_mlp_covertype,stable,h3,1776521060668.351,1776521060748.859,80.508,0.000,79.508,1.902,1833,1577,80.0,1,0,70.4
4137,fixed_split_mlp_covertype,stable,h3,1776521060749.859,1776521060889.874,140.015,1.003,139.012,1.777,1833,1577,80.0,1,0,68.5
4138,fixed_split_mlp_covertype,stable,h3,1776521060891.874,1776521061038.889,147.015,0.000,146.015,1.740,1833,1577,80.0,1,0,70.1
4139,fixed_split_mlp_covertype,stable,h3,1776521061040.888,1776521061145.396,104.507,0.000,103.507,2.233,1833,1577,80.0,1,0,75.9
4140,fixed_split_mlp_covertype,stable,h3,1776521061147.396,1776521061239.904,92.508,0.000,92.508,1.787,1833,1577,80.0,1,0,68.8
4141,fixed_split_mlp_covertype,stable,h3,1776521061241.904,1776521061321.411,79.508,0.000,79.508,1.848,1833,1577,80.0,0,0,74.5
4142,fixed_split_mlp_covertype,stable,h3,1776521061323.411,1776521061407.413,84.002,0.000,83.002,1.897,1833,1577,80.0,1,0,67.1
4143,fixed_split_mlp_covertype,stable,h3,1776521061409.413,1776521061547.427,138.013,0.000,136.013,1.781,1833,1577,80.0,1,0,69.0
4144,fixed_split_mlp_covertype,stable,h3,1776521061548.427,1776521061669.935,121.508,0.000,119.508,1.780,1833,1577,80.0,1,0,72.2
4145,fixed_split_mlp_covertype,stable,h3,1776521061670.935,1776521061804.444,133.510,1.001,131.508,2.085,1833,1577,80.0,1,0,67.7
4146,fixed_split_mlp_covertype,stable,h3,1776521061806.444,1776521061851.950,45.506,0.000,44.505,2.013,1833,1577,80.0,0,0,75.0
4147,fixed_split_mlp_covertype,stable,h3,1776521061852.950,1776521061959.457,106.507,0.000,104.507,2.009,1833,1577,80.0,1,0,70.5
4148,fixed_split_mlp_covertype,stable,h3,1776521061960.457,1776521062146.476,186.019,1.000,185.018,1.804,1833,1577,80.0,1,0,69.1
4149,fixed_split_mlp_covertype,stable,h3,1776521062148.476,1776521062272.984,124.508,1.001,123.507,1.811,1833,1577,80.0,1,0,69.8
4150,fixed_split_mlp_covertype,stable,h3,1776521062274.983,1776521062339.179,64.196,0.000,64.196,1.876,1833,1577,80.0,0,0,72.2
4151,fixed_split_mlp_covertype,stable,h3,1776521062341.179,1776521062454.687,113.508,0.000,112.508,1.699,1833,1577,80.0,1,0,69.6
4152,fixed_split_mlp_covertype,stable,h3,1776521062456.687,1776521062546.194,89.508,0.000,89.508,1.909,1833,1577,80.0,1,0,68.8
4153,fixed_split_mlp_covertype,stable,h3,1776521062548.194,1776521062688.703,140.509,0.000,140.509,1.717,1833,1577,80.0,1,0,68.3
4154,fixed_split_mlp_covertype,stable,h3,1776521062690.703,1776521062843.718,153.016,0.000,152.015,1.945,1833,1577,80.0,1,0,69.2
4155,fixed_split_mlp_covertype,stable,h3,1776521062844.718,1776521062954.225,109.507,1.001,108.506,1.909,1833,1577,80.0,1,0,68.8
4156,fixed_split_mlp_covertype,stable,h3,1776521062955.225,1776521063079.734,124.509,1.000,123.509,2.213,1833,1577,80.0,1,0,69.0
4157,fixed_split_mlp_covertype,stable,h3,1776521063081.734,1776521063162.241,80.507,1.001,79.506,2.264,1833,1577,80.0,1,0,68.8
4158,fixed_split_mlp_covertype,stable,h3,1776521063164.241,1776521063235.748,71.507,0.000,71.507,1.800,1833,1577,80.0,0,0,68.8
4159,fixed_split_mlp_covertype,stable,h3,1776521063236.748,1776521063337.256,100.508,1.000,99.508,1.928,1833,1577,80.0,1,0,72.2
4160,fixed_split_mlp_covertype,stable,h3,1776521063339.256,1776521063441.763,102.507,0.000,101.506,1.940,1833,1577,80.0,1,0,68.3
4161,fixed_split_mlp_covertype,stable,h3,1776521063443.763,1776521063543.271,99.508,0.000,99.508,1.864,1833,1577,80.0,1,0,73.7
4162,fixed_split_mlp_covertype,stable,h3,1776521063545.271,1776521063666.778,121.507,0.000,121.507,2.068,1833,1577,80.0,1,0,73.4
4163,fixed_split_mlp_covertype,stable,h3,1776521063668.778,1776521063766.286,97.508,0.000,96.508,1.933,1833,1577,80.0,1,0,68.8
4164,fixed_split_mlp_covertype,stable,h3,1776521063768.285,1776521063902.796,134.511,0.000,133.510,1.972,1833,1577,80.0,1,0,69.0
4165,fixed_split_mlp_covertype,stable,h3,1776521063903.795,1776521063989.300,85.505,0.000,83.505,2.045,1833,1577,80.0,1,0,71.8
4166,fixed_split_mlp_covertype,stable,h3,1776521063990.300,1776521064124.315,134.015,0.000,132.015,1.702,1833,1577,80.0,1,0,69.4
4167,fixed_split_mlp_covertype,stable,h3,1776521064125.315,1776521064234.823,109.507,0.000,108.507,1.992,1833,1577,80.0,1,0,74.1
4168,fixed_split_mlp_covertype,stable,h3,1776521064236.823,1776521064350.330,113.507,0.000,112.507,1.775,1833,1577,80.0,1,0,71.9
4169,fixed_split_mlp_covertype,stable,h3,1776521064352.330,1776521064493.837,141.507,0.000,141.507,1.913,1833,1577,80.0,1,0,79.6
4170,fixed_split_mlp_covertype,stable,h3,1776521064495.837,1776521064577.346,81.509,0.000,79.509,1.856,1833,1577,80.0,1,0,74.1
4171,fixed_split_mlp_covertype,stable,h3,1776521064579.346,1776521064748.364,169.019,0.000,169.019,1.790,1833,1577,80.0,1,0,72.9
4172,fixed_split_mlp_covertype,stable,h3,1776521064750.365,1776521064868.874,118.509,0.000,117.510,1.956,1833,1577,80.0,1,0,72.6
4173,fixed_split_mlp_covertype,stable,h3,1776521064870.874,1776521064973.382,102.508,0.000,100.508,1.888,1833,1577,80.0,1,0,69.0
4174,fixed_split_mlp_covertype,stable,h3,1776521064974.382,1776521065057.891,83.509,0.000,82.509,1.749,1833,1577,80.0,1,0,69.8
4175,fixed_split_mlp_covertype,stable,h3,1776521065059.891,1776521065204.400,144.510,0.000,144.510,1.931,1833,1577,80.0,1,0,69.4
4176,fixed_split_mlp_covertype,stable,h3,1776521065206.400,1776521065289.906,83.506,0.000,83.506,1.986,1833,1577,80.0,1,0,68.8
4177,fixed_split_mlp_covertype,stable,h3,1776521065291.906,1776521065439.924,148.018,0.000,147.018,1.760,1833,1577,80.0,1,0,71.2
4178,fixed_split_mlp_covertype,stable,h3,1776521065441.924,1776521065565.431,123.508,0.000,121.508,1.800,1833,1577,80.0,1,0,70.0
4179,fixed_split_mlp_covertype,stable,h3,1776521065566.431,1776521065725.447,159.016,0.000,158.015,2.238,1833,1577,80.0,1,0,69.2
4180,fixed_split_mlp_covertype,stable,h3,1776521065726.446,1776521065859.953,133.507,1.000,132.507,1.810,1833,1577,80.0,1,0,69.7
4181,fixed_split_mlp_covertype,stable,h3,1776521065860.953,1776521066032.969,172.016,1.000,170.015,2.112,1833,1577,80.0,1,0,70.5
4182,fixed_split_mlp_covertype,stable,h3,1776521066033.969,1776521066124.477,90.508,1.001,88.507,2.043,1833,1577,80.0,1,0,70.8
4183,fixed_split_mlp_covertype,stable,h3,1776521066125.477,1776521066263.985,138.508,0.000,137.508,2.091,1833,1577,80.0,1,0,75.0
4184,fixed_split_mlp_covertype,stable,h3,1776521066265.985,1776521066337.492,71.507,0.000,71.507,1.972,1833,1577,80.0,0,0,78.5
4185,fixed_split_mlp_covertype,stable,h3,1776521066339.493,1776521066434.003,94.510,0.000,94.510,1.971,1833,1577,80.0,1,0,75.0
4186,fixed_split_mlp_covertype,stable,h3,1776521066436.003,1776521066537.511,101.508,0.000,101.508,2.192,1833,1577,80.0,1,0,68.8
4187,fixed_split_mlp_covertype,stable,h3,1776521066539.512,1776521066725.527,186.015,1.000,185.014,1.953,1833,1577,80.0,1,0,70.8
4188,fixed_split_mlp_covertype,stable,h3,1776521066727.527,1776521066797.527,70.000,0.000,69.000,1.911,1833,1577,80.0,0,0,71.6
4189,fixed_split_mlp_covertype,stable,h3,1776521066798.529,1776521066944.541,146.012,1.001,145.012,2.011,1833,1577,80.0,1,0,76.6
4190,fixed_split_mlp_covertype,stable,h3,1776521066946.542,1776521067025.050,78.509,0.000,77.509,1.874,1833,1577,80.0,0,0,70.0
4191,fixed_split_mlp_covertype,stable,h3,1776521067026.050,1776521067183.557,157.507,1.000,156.507,1.869,1833,1577,80.0,1,0,70.6
4192,fixed_split_mlp_covertype,stable,h3,1776521067185.558,1776521067263.068,77.510,0.000,75.510,1.893,1833,1577,80.0,0,0,82.1
4193,fixed_split_mlp_covertype,stable,h3,1776521067265.066,1776521067328.575,63.509,0.000,62.509,1.863,1833,1577,80.0,0,0,78.1
4194,fixed_split_mlp_covertype,stable,h3,1776521067329.575,1776521067511.085,181.510,0.000,179.510,1.913,1833,1577,80.0,1,0,69.3
4195,fixed_split_mlp_covertype,stable,h3,1776521067512.588,1776521067579.592,67.003,0.000,67.003,1.843,1833,1577,80.0,0,0,71.0
4196,fixed_split_mlp_covertype,stable,h3,1776521067580.592,1776521067729.606,149.015,0.000,148.015,1.940,1833,1577,80.0,1,0,69.4
4197,fixed_split_mlp_covertype,stable,h3,1776521067731.606,1776521067848.114,116.508,0.000,116.508,1.790,1833,1577,80.0,1,0,69.6
4198,fixed_split_mlp_covertype,stable,h3,1776521067850.114,1776521067965.622,115.508,0.000,114.507,2.034,1833,1577,80.0,1,0,70.5
4199,fixed_split_mlp_covertype,stable,h3,1776521067967.622,1776521068094.129,126.508,0.000,125.508,1.774,1833,1577,80.0,1,0,71.3
4200,fixed_split_mlp_covertype,stable,h3,1776521068095.129,1776521068192.637,97.508,0.000,96.507,1.866,1833,1577,80.0,1,0,68.8
4201,fixed_split_mlp_covertype,stable,h3,1776521068194.637,1776521068266.145,71.509,0.000,71.509,1.877,1833,1577,80.0,0,0,72.5
4202,fixed_split_mlp_covertype,stable,h3,1776521068268.145,1776521068394.652,126.507,0.000,126.507,2.923,1833,1577,80.0,1,0,70.9
4203,fixed_split_mlp_covertype,stable,h3,1776521068396.652,1776521068499.162,102.510,0.000,101.509,1.746,1833,1577,80.0,1,0,68.1
4204,fixed_split_mlp_covertype,stable,h3,1776521068500.162,1776521068669.174,169.012,1.001,168.011,1.930,1833,1577,80.0,1,0,71.6
4205,fixed_split_mlp_covertype,stable,h3,1776521068671.174,1776521068797.681,126.507,0.000,126.507,2.143,1833,1577,80.0,1,0,68.5
4206,fixed_split_mlp_covertype,stable,h3,1776521068799.683,1776521068974.697,175.014,0.000,174.011,2.014,1833,1577,80.0,1,0,69.1
4207,fixed_split_mlp_covertype,stable,h3,1776521068975.695,1776521069098.205,122.510,0.000,121.510,1.744,1833,1577,80.0,1,0,69.0
4208,fixed_split_mlp_covertype,stable,h3,1776521069100.206,1776521069161.710,61.504,0.000,61.504,1.968,1833,1577,80.0,0,0,72.6
4209,fixed_split_mlp_covertype,stable,h3,1776521069162.710,1776521069265.218,102.508,1.000,100.508,1.922,1833,1577,80.0,1,0,71.1
4210,fixed_split_mlp_covertype,stable,h3,1776521069266.218,1776521069351.726,85.508,0.000,83.507,1.882,1833,1577,80.0,1,0,70.0
4211,fixed_split_mlp_covertype,stable,h3,1776521069353.725,1776521069497.232,143.507,0.000,143.507,2.107,1833,1577,80.0,1,0,72.0
4212,fixed_split_mlp_covertype,stable,h3,1776521069499.235,1776521069636.247,137.012,0.000,137.012,1.760,1833,1577,80.0,1,0,68.3
4213,fixed_split_mlp_covertype,stable,h3,1776521069637.247,1776521069726.757,89.509,1.000,87.509,1.991,1833,1577,80.0,1,0,69.5
4214,fixed_split_mlp_covertype,stable,h3,1776521069727.757,1776521069828.264,100.507,1.000,99.507,1.813,1833,1577,80.0,1,0,71.2
4215,fixed_split_mlp_covertype,stable,h3,1776521069830.264,1776521069909.266,79.002,0.000,79.002,2.368,1833,1577,80.0,0,0,68.8
4216,fixed_split_mlp_covertype,stable,h3,1776521069911.266,1776521070034.280,123.014,0.000,122.013,1.738,1833,1577,80.0,1,0,71.1
4217,fixed_split_mlp_covertype,stable,h3,1776521070035.281,1776521070160.788,125.507,1.001,123.506,1.851,1833,1577,80.0,1,0,70.0
4218,fixed_split_mlp_covertype,stable,h3,1776521070163.788,1776521070301.309,137.522,0.000,136.521,2.400,1833,1577,80.0,1,0,70.1
4219,fixed_split_mlp_covertype,stable,h3,1776521070303.310,1776521070431.827,128.518,0.000,127.518,1.957,1833,1577,80.0,1,0,70.6
4220,fixed_split_mlp_covertype,stable,h3,1776521070433.827,1776521070520.336,86.509,0.000,84.508,1.877,1833,1577,80.0,1,0,71.1
4221,fixed_split_mlp_covertype,stable,h3,1776521070521.336,1776521070611.338,90.002,0.000,90.002,2.052,1833,1577,80.0,1,0,74.0
4222,fixed_split_mlp_covertype,stable,h3,1776521070612.840,1776521070689.844,77.003,0.000,75.999,1.979,1833,1577,80.0,0,0,76.8
4223,fixed_split_mlp_covertype,stable,h3,1776521070691.844,1776521070806.354,114.511,1.000,112.511,2.009,1833,1577,80.0,1,0,74.6
4224,fixed_split_mlp_covertype,stable,h3,1776521070807.354,1776521070901.862,94.508,1.000,93.508,1.957,1833,1577,80.0,1,0,71.7
4225,fixed_split_mlp_covertype,stable,h3,1776521070903.862,1776521071013.875,110.013,0.000,110.013,2.001,1833,1577,80.0,1,0,69.4
4226,fixed_split_mlp_covertype,stable,h3,1776521071015.875,1776521071186.383,170.508,0.000,169.508,2.048,1833,1577,80.0,1,0,71.3
4227,fixed_split_mlp_covertype,stable,h3,1776521071188.383,1776521071316.399,128.016,0.000,128.016,1.920,1833,1577,80.0,1,0,73.2
4228,fixed_split_mlp_covertype,stable,h3,1776521071318.400,1776521071456.908,138.508,0.000,137.507,1.776,1833,1577,80.0,1,0,71.3
4229,fixed_split_mlp_covertype,stable,h3,1776521071458.908,1776521071546.415,87.507,0.000,87.507,1.954,1833,1577,80.0,1,0,66.7
4230,fixed_split_mlp_covertype,stable,h3,1776521071548.416,1776521071678.923,130.507,0.000,129.507,1.843,1833,1577,80.0,1,0,70.3
4231,fixed_split_mlp_covertype,stable,h3,1776521071679.923,1776521071780.430,100.508,1.000,99.507,1.800,1833,1577,80.0,1,0,73.0
4232,fixed_split_mlp_covertype,stable,h3,1776521071782.431,1776521071919.453,137.023,0.000,135.024,1.798,1833,1577,80.0,1,0,83.6
4233,fixed_split_mlp_covertype,stable,h3,1776521071922.454,1776521072061.961,139.507,0.000,139.507,2.099,1833,1577,80.0,1,0,69.2
4234,fixed_split_mlp_covertype,stable,h3,1776521072063.961,1776521072180.469,116.508,0.000,116.508,1.789,1833,1577,80.0,1,0,68.1
4235,fixed_split_mlp_covertype,stable,h3,1776521072182.469,1776521072281.976,99.507,0.000,99.507,1.764,1833,1577,80.0,1,0,69.6
4236,fixed_split_mlp_covertype,stable,h3,1776521072283.976,1776521072480.541,196.565,0.000,196.565,1.956,1833,1577,80.0,1,0,69.4
4237,fixed_split_mlp_covertype,stable,h3,1776521072482.540,1776521072570.048,87.508,0.000,86.508,1.766,1833,1577,80.0,1,0,69.1
4238,fixed_split_mlp_covertype,stable,h3,1776521072571.048,1776521072691.555,120.507,1.000,119.508,1.968,1833,1577,80.0,1,0,70.3
4239,fixed_split_mlp_covertype,stable,h3,1776521072694.556,1776521072836.572,142.016,0.000,141.016,2.126,1833,1577,80.0,1,0,68.8
4240,fixed_split_mlp_covertype,stable,h3,1776521072837.572,1776521072985.079,147.507,0.000,145.507,1.727,1833,1577,80.0,1,0,70.3
4241,fixed_split_mlp_covertype,stable,h3,1776521072987.079,1776521073083.587,96.508,0.000,96.508,1.899,1833,1577,80.0,1,0,71.7
4242,fixed_split_mlp_covertype,stable,h3,1776521073085.587,1776521073194.094,108.508,0.000,107.508,1.753,1833,1577,80.0,1,0,69.4
4243,fixed_split_mlp_covertype,stable,h3,1776521073196.094,1776521073315.110,119.016,0.000,117.016,1.741,1833,1577,80.0,1,0,69.5
4244,fixed_split_mlp_covertype,stable,h3,1776521073317.110,1776521073413.615,96.505,0.000,96.002,2.266,1833,1577,80.0,1,0,69.4
4245,fixed_split_mlp_covertype,stable,h3,1776521073415.618,1776521073552.132,136.513,1.000,134.508,2.036,1833,1577,80.0,1,0,71.2
4246,fixed_split_mlp_covertype,stable,h3,1776521073554.126,1776521073646.634,92.508,0.000,92.508,1.799,1833,1577,80.0,1,0,74.0
4247,fixed_split_mlp_covertype,stable,h3,1776521073648.634,1776521073729.142,80.508,0.000,79.508,1.852,1833,1577,80.0,1,0,78.1
4248,fixed_split_mlp_covertype,stable,h3,1776521073730.142,1776521073815.650,85.508,0.000,84.507,2.021,1833,1577,80.0,1,0,73.8
4249,fixed_split_mlp_covertype,stable,h3,1776521073817.650,1776521073890.650,73.000,1.000,72.000,1.964,1833,1577,80.0,0,0,73.1
4250,fixed_split_mlp_covertype,stable,h3,1776521073892.651,1776521074024.666,132.016,0.000,132.016,1.862,1833,1577,80.0,1,0,71.8
4251,fixed_split_mlp_covertype,stable,h3,1776521074026.666,1776521074168.174,141.508,0.000,139.507,1.855,1833,1577,80.0,1,0,70.3
4252,fixed_split_mlp_covertype,stable,h3,1776521074169.174,1776521074306.684,137.510,1.000,136.510,1.745,1833,1577,80.0,1,0,70.1
4253,fixed_split_mlp_covertype,stable,h3,1776521074308.687,1776521074404.191,95.504,0.000,94.506,1.965,1833,1577,80.0,1,0,70.5
4254,fixed_split_mlp_covertype,stable,h3,1776521074406.192,1776521074552.204,146.012,0.000,144.012,1.877,1833,1577,80.0,1,0,68.5
4255,fixed_split_mlp_covertype,stable,h3,1776521074553.204,1776521074635.712,82.508,0.000,81.508,3.209,1833,1577,80.0,1,0,70.5
4256,fixed_split_mlp_covertype,stable,h3,1776521074637.712,1776521074809.220,171.508,0.000,171.508,1.795,1833,1577,80.0,1,0,69.9
4257,fixed_split_mlp_covertype,stable,h3,1776521074811.220,1776521074924.234,113.014,0.000,112.014,1.863,1833,1577,80.0,1,0,74.6
4258,fixed_split_mlp_covertype,stable,h3,1776521074925.234,1776521075024.743,99.509,1.000,98.509,2.003,1833,1577,80.0,1,0,75.0
4259,fixed_split_mlp_covertype,stable,h3,1776521075025.743,1776521075163.251,137.508,1.000,136.508,2.101,1833,1577,80.0,1,0,69.4
4260,fixed_split_mlp_covertype,stable,h3,1776521075165.251,1776521075238.758,73.507,0.000,71.507,1.987,1833,1577,80.0,0,0,71.2
4261,fixed_split_mlp_covertype,stable,h3,1776521075239.758,1776521075376.267,136.509,1.001,135.508,1.830,1833,1577,80.0,1,0,69.7
4262,fixed_split_mlp_covertype,stable,h3,1776521075378.267,1776521075478.774,100.508,0.000,99.507,1.918,1833,1577,80.0,1,0,71.2
4263,fixed_split_mlp_covertype,stable,h3,1776521075480.775,1776521075648.792,168.017,0.000,167.013,1.999,1833,1577,80.0,1,0,69.6
4264,fixed_split_mlp_covertype,stable,h3,1776521075650.792,1776521075787.299,136.507,0.000,135.507,2.235,1833,1577,80.0,1,0,70.1
4265,fixed_split_mlp_covertype,stable,h3,1776521075789.299,1776521075859.807,70.508,0.000,70.508,1.873,1833,1577,80.0,0,0,73.8
4266,fixed_split_mlp_covertype,stable,h3,1776521075861.807,1776521076015.823,154.016,0.000,153.016,2.006,1833,1577,80.0,1,0,71.1
4267,fixed_split_mlp_covertype,stable,h3,1776521076016.822,1776521076125.331,108.508,0.000,106.508,1.950,1833,1577,80.0,1,0,68.8
4268,fixed_split_mlp_covertype,stable,h3,1776521076127.331,1776521076281.840,154.509,0.000,154.509,2.960,1833,1577,80.0,1,0,70.0
4269,fixed_split_mlp_covertype,stable,h3,1776521076283.839,1776521076359.348,75.509,0.000,74.508,1.748,1833,1577,80.0,0,0,69.6
4270,fixed_split_mlp_covertype,stable,h3,1776521076360.348,1776521076473.856,113.509,0.000,112.509,2.083,1833,1577,80.0,1,0,68.4
4271,fixed_split_mlp_covertype,stable,h3,1776521076474.856,1776521076612.367,137.511,1.000,136.511,2.112,1833,1577,80.0,1,0,71.0
4272,fixed_split_mlp_covertype,stable,h3,1776521076613.871,1776521076718.384,104.513,1.004,103.509,1.850,1833,1577,80.0,1,0,79.6
4273,fixed_split_mlp_covertype,stable,h3,1776521076720.383,1776521076805.385,85.002,1.000,84.002,2.048,1833,1577,80.0,1,0,68.8
4274,fixed_split_mlp_covertype,stable,h3,1776521076807.385,1776521076895.891,88.505,0.000,87.506,1.737,1833,1577,80.0,1,0,71.9
4275,fixed_split_mlp_covertype,stable,h3,1776521076897.891,1776521077038.906,141.015,0.000,141.015,1.775,1833,1577,80.0,1,0,70.8
4276,fixed_split_mlp_covertype,stable,h3,1776521077040.907,1776521077127.414,86.507,0.000,86.507,1.810,1833,1577,80.0,1,0,74.5
4277,fixed_split_mlp_covertype,stable,h3,1776521077129.414,1776521077291.923,162.509,0.000,161.509,2.124,1833,1577,80.0,1,0,69.7
4278,fixed_split_mlp_covertype,stable,h3,1776521077293.923,1776521077469.939,176.016,0.000,176.016,1.920,1833,1577,80.0,1,0,69.3
4279,fixed_split_mlp_covertype,stable,h3,1776521077471.939,1776521077597.448,125.509,0.000,124.509,2.397,1833,1577,80.0,1,0,68.2
4280,fixed_split_mlp_covertype,stable,h3,1776521077599.451,1776521077785.464,186.013,0.000,184.013,2.093,1833,1577,80.0,1,0,68.9
4281,fixed_split_mlp_covertype,stable,h3,1776521077786.464,1776521077926.479,140.016,1.000,138.016,1.779,1833,1577,80.0,1,0,69.4
4282,fixed_split_mlp_covertype,stable,h3,1776521077927.480,1776521078039.988,112.508,1.000,111.508,1.858,1833,1577,80.0,1,0,72.6
4283,fixed_split_mlp_covertype,stable,h3,1776521078041.987,1776521078163.495,121.508,0.000,120.508,1.847,1833,1577,80.0,1,0,67.4
4284,fixed_split_mlp_covertype,stable,h3,1776521078164.495,1776521078300.009,135.514,0.000,133.509,1.824,1833,1577,80.0,1,0,70.1
4285,fixed_split_mlp_covertype,stable,h3,1776521078301.006,1776521078409.514,108.508,0.000,106.508,2.122,1833,1577,80.0,1,0,71.7
4286,fixed_split_mlp_covertype,stable,h3,1776521078410.514,1776521078515.528,105.014,0.000,104.014,1.974,1833,1577,80.0,1,0,67.9
4287,fixed_split_mlp_covertype,stable,h3,1776521078517.528,1776521078722.313,204.785,0.000,202.770,1.986,1833,1577,80.0,1,0,69.1
4288,fixed_split_mlp_covertype,stable,h3,1776521078722.313,1776521078878.822,156.508,0.999,154.509,1.936,1833,1577,80.0,1,0,72.2
4289,fixed_split_mlp_covertype,stable,h3,1776521078880.822,1776521078954.330,73.508,0.000,72.508,1.826,1833,1577,80.0,0,0,81.5
4290,fixed_split_mlp_covertype,stable,h3,1776521078955.329,1776521079082.838,127.509,1.000,125.507,1.967,1833,1577,80.0,1,0,70.1
4291,fixed_split_mlp_covertype,stable,h3,1776521079083.837,1776521079203.348,119.510,0.000,118.510,1.794,1833,1577,80.0,1,0,68.2
4292,fixed_split_mlp_covertype,stable,h3,1776521079205.348,1776521079302.855,97.507,0.000,97.507,1.933,1833,1577,80.0,1,0,68.8
4293,fixed_split_mlp_covertype,stable,h3,1776521079304.858,1776521079466.867,162.010,0.000,161.009,1.757,1833,1577,80.0,1,0,69.3
4294,fixed_split_mlp_covertype,stable,h3,1776521079468.867,1776521079616.882,148.015,0.000,147.014,1.824,1833,1577,80.0,1,0,69.4
4295,fixed_split_mlp_covertype,stable,h3,1776521079618.882,1776521079723.390,104.508,0.000,104.508,1.834,1833,1577,80.0,1,0,69.6
4296,fixed_split_mlp_covertype,stable,h3,1776521079724.390,1776521079862.898,138.508,1.001,136.507,1.913,1833,1577,80.0,1,0,69.4
4297,fixed_split_mlp_covertype,stable,h3,1776521079863.898,1776521080025.912,162.014,0.000,160.014,1.920,1833,1577,80.0,1,0,71.9
4298,fixed_split_mlp_covertype,stable,h3,1776521080026.912,1776521080102.915,76.003,1.001,75.002,1.867,1833,1577,80.0,0,0,64.8
4299,fixed_split_mlp_covertype,stable,h3,1776521080103.915,1776521080220.929,117.014,1.000,116.015,1.906,1833,1577,80.0,1,0,70.3
4300,fixed_split_mlp_covertype,stable,h3,1776521080222.930,1776521080385.451,162.521,0.000,162.521,1.921,1833,1577,80.0,1,0,70.1
4301,fixed_split_mlp_covertype,stable,h3,1776521080387.451,1776521080493.958,106.507,0.000,106.507,2.011,1833,1577,80.0,1,0,69.0
4302,fixed_split_mlp_covertype,stable,h3,1776521080495.958,1776521080607.468,111.509,0.000,109.509,2.363,1833,1577,80.0,1,0,73.9
4303,fixed_split_mlp_covertype,stable,h3,1776521080608.468,1776521080759.480,151.013,1.001,149.012,1.837,1833,1577,80.0,1,0,71.5
4304,fixed_split_mlp_covertype,stable,h3,1776521080761.481,1776521080958.494,197.014,0.000,197.014,1.979,1833,1577,80.0,1,0,69.7
4305,fixed_split_mlp_covertype,stable,h3,1776521080960.495,1776521081079.004,118.510,0.000,117.509,3.693,1833,1577,80.0,1,0,69.0
4306,fixed_split_mlp_covertype,stable,h3,1776521081081.004,1776521081205.515,124.511,0.000,124.511,2.409,1833,1577,80.0,1,0,68.8
4307,fixed_split_mlp_covertype,stable,h3,1776521081207.515,1776521081291.020,83.505,0.000,82.504,1.719,1833,1577,80.0,1,0,71.3
4308,fixed_split_mlp_covertype,stable,h3,1776521081293.020,1776521081449.034,156.014,0.000,156.014,2.024,1833,1577,80.0,1,0,68.8
4309,fixed_split_mlp_covertype,stable,h3,1776521081451.034,1776521081538.542,87.508,0.000,85.508,1.702,1833,1577,80.0,1,0,69.5
4310,fixed_split_mlp_covertype,stable,h3,1776521081539.542,1776521081693.050,153.508,0.000,152.508,3.329,1833,1577,80.0,1,0,68.8
4311,fixed_split_mlp_covertype,stable,h3,1776521081695.051,1776521081797.556,102.506,0.000,101.506,1.855,1833,1577,80.0,1,0,70.0
4312,fixed_split_mlp_covertype,stable,h3,1776521081799.559,1776521081975.571,176.012,0.000,175.012,1.812,1833,1577,80.0,1,0,68.0
4313,fixed_split_mlp_covertype,stable,h3,1776521081977.571,1776521082093.080,115.509,0.000,115.509,1.796,1833,1577,80.0,1,0,69.5
4314,fixed_split_mlp_covertype,stable,h3,1776521082095.082,1776521082211.589,116.508,0.000,115.507,2.254,1833,1577,80.0,1,0,69.6
4315,fixed_split_mlp_covertype,stable,h3,1776521082212.589,1776521082356.603,144.014,1.502,141.512,2.048,1833,1577,80.0,1,0,73.3
4316,fixed_split_mlp_covertype,stable,h3,1776521082357.603,1776521082489.111,131.508,0.000,129.507,1.788,1833,1577,80.0,1,0,69.0
4317,fixed_split_mlp_covertype,stable,h3,1776521082490.112,1776521082598.619,108.507,1.000,106.507,1.791,1833,1577,80.0,1,0,70.2
4318,fixed_split_mlp_covertype,stable,h3,1776521082599.621,1776521082714.128,114.507,0.000,112.507,1.883,1833,1577,80.0,1,0,70.1
4319,fixed_split_mlp_covertype,stable,h3,1776521082715.634,1776521082854.141,138.507,0.000,137.508,1.792,1833,1577,80.0,1,0,70.1
4320,fixed_split_mlp_covertype,stable,h3,1776521082855.141,1776521082954.652,99.510,0.000,98.507,1.794,1833,1577,80.0,1,0,68.0
4321,fixed_split_mlp_covertype,stable,h3,1776521082955.649,1776521083071.156,115.507,0.000,114.507,1.832,1833,1577,80.0,1,0,69.9
4322,fixed_split_mlp_covertype,stable,h3,1776521083073.156,1776521083244.174,171.018,0.000,170.018,2.144,1833,1577,80.0,1,0,71.1
4323,fixed_split_mlp_covertype,stable,h3,1776521083245.174,1776521083370.682,125.508,0.000,124.506,1.884,1833,1577,80.0,1,0,68.9
4324,fixed_split_mlp_covertype,stable,h3,1776521083371.682,1776521083474.191,102.509,1.000,101.509,1.950,1833,1577,80.0,1,0,68.8
4325,fixed_split_mlp_covertype,stable,h3,1776521083476.190,1776521083597.696,121.506,0.000,119.503,1.721,1833,1577,80.0,1,0,70.3
4326,fixed_split_mlp_covertype,stable,h3,1776521083598.696,1776521083764.712,166.016,1.003,164.012,2.114,1833,1577,80.0,1,0,69.5
4327,fixed_split_mlp_covertype,stable,h3,1776521083766.712,1776521083922.726,156.014,0.000,156.014,1.722,1833,1577,80.0,1,0,67.9
4328,fixed_split_mlp_covertype,stable,h3,1776521083924.727,1776521084092.235,167.509,0.000,167.509,1.757,1833,1577,80.0,1,0,69.5
4329,fixed_split_mlp_covertype,stable,h3,1776521084094.235,1776521084189.747,95.512,0.000,94.512,1.893,1833,1577,80.0,1,0,68.8
4330,fixed_split_mlp_covertype,stable,h3,1776521084191.744,1776521084270.251,78.507,0.000,78.507,1.964,1833,1577,80.0,0,0,69.6
4331,fixed_split_mlp_covertype,stable,h3,1776521084272.251,1776521084403.760,131.509,0.000,131.509,2.076,1833,1577,80.0,1,0,68.3
4332,fixed_split_mlp_covertype,stable,h3,1776521084405.760,1776521084544.772,139.012,0.000,138.012,1.783,1833,1577,80.0,1,0,68.8
4333,fixed_split_mlp_covertype,stable,h3,1776521084546.772,1776521084706.282,159.510,0.000,159.510,2.747,1833,1577,80.0,1,0,69.4
4334,fixed_split_mlp_covertype,stable,h3,1776521084708.282,1776521084913.917,205.635,0.000,205.635,1.957,1833,1577,80.0,1,0,69.4
4335,fixed_split_mlp_covertype,stable,h3,1776521084914.932,1776521085001.095,86.162,0.000,85.158,1.863,1833,1577,80.0,1,0,71.7
4336,fixed_split_mlp_covertype,stable,h3,1776521085003.094,1776521085079.598,76.504,0.000,76.504,1.965,1833,1577,80.0,0,0,70.0
4337,fixed_split_mlp_covertype,stable,h3,1776521085081.599,1776521085207.107,125.509,0.000,125.509,1.877,1833,1577,80.0,1,0,68.8
4338,fixed_split_mlp_covertype,stable,h3,1776521085209.108,1776521085309.615,100.507,0.000,99.506,2.007,1833,1577,80.0,1,0,70.0
4339,fixed_split_mlp_covertype,stable,h3,1776521085311.615,1776521085422.629,111.014,0.000,111.014,1.698,1833,1577,80.0,1,0,69.6
4340,fixed_split_mlp_covertype,stable,h3,1776521085424.629,1776521085561.139,136.510,0.000,135.509,1.764,1833,1577,80.0,1,0,67.8
4341,fixed_split_mlp_covertype,stable,h3,1776521085563.138,1776521085645.648,82.510,0.000,82.510,2.310,1833,1577,80.0,1,0,70.0
4342,fixed_split_mlp_covertype,stable,h3,1776521085647.649,1776521085788.157,140.509,0.000,140.509,2.126,1833,1577,80.0,1,0,68.8
4343,fixed_split_mlp_covertype,stable,h3,1776521085790.157,1776521085918.177,128.020,0.000,127.017,2.444,1833,1577,80.0,1,0,70.4
4344,fixed_split_mlp_covertype,stable,h3,1776521085919.175,1776521086015.684,96.509,0.000,95.004,1.707,1833,1577,80.0,1,0,67.3
4345,fixed_split_mlp_covertype,stable,h3,1776521086016.688,1776521086185.197,168.509,1.000,166.507,1.885,1833,1577,80.0,1,0,69.9
4346,fixed_split_mlp_covertype,stable,h3,1776521086187.195,1776521086331.211,144.016,0.000,144.016,1.972,1833,1577,80.0,1,0,67.3
4347,fixed_split_mlp_covertype,stable,h3,1776521086333.211,1776521086466.720,133.509,0.000,132.509,1.709,1833,1577,80.0,1,0,69.7
4348,fixed_split_mlp_covertype,stable,h3,1776521086468.721,1776521086563.228,94.506,0.000,93.506,2.027,1833,1577,80.0,1,0,68.8
4349,fixed_split_mlp_covertype,stable,h3,1776521086564.227,1776521086662.737,98.510,1.000,96.506,1.920,1833,1577,80.0,1,0,67.3
4350,fixed_split_mlp_covertype,stable,h3,1776521086664.735,1776521086866.695,201.961,0.000,201.961,1.860,1833,1577,80.0,1,0,71.6
4351,fixed_split_mlp_covertype,stable,h3,1776521086867.712,1776521087016.725,149.013,0.000,148.014,1.844,1833,1577,80.0,1,0,70.0
4352,fixed_split_mlp_covertype,stable,h3,1776521087018.725,1776521087087.725,69.000,0.000,68.000,1.889,1833,1577,80.0,0,0,69.6
4353,fixed_split_mlp_covertype,stable,h3,1776521087089.725,1776521087211.234,121.509,0.000,120.509,1.711,1833,1577,80.0,1,0,68.4
4354,fixed_split_mlp_covertype,stable,h3,1776521087213.234,1776521087395.249,182.015,0.000,180.014,1.832,1833,1577,80.0,1,0,69.3
4355,fixed_split_mlp_covertype,stable,h3,1776521087396.249,1776521087498.757,102.508,1.000,101.508,1.920,1833,1577,80.0,1,0,70.0
4356,fixed_split_mlp_covertype,stable,h3,1776521087500.759,1776521087608.267,107.508,0.000,106.508,1.749,1833,1577,80.0,1,0,68.8
4357,fixed_split_mlp_covertype,stable,h3,1776521087609.267,1776521087697.772,88.505,0.000,87.505,1.750,1833,1577,80.0,1,0,68.8
4358,fixed_split_mlp_covertype,stable,h3,1776521087699.772,1776521087781.280,81.508,0.000,80.508,3.428,1833,1577,80.0,1,0,67.5
4359,fixed_split_mlp_covertype,stable,h3,1776521087783.280,1776521087904.792,121.512,0.000,121.512,1.828,1833,1577,80.0,1,0,71.4
4360,fixed_split_mlp_covertype,stable,h3,1776521087906.793,1776521088089.806,183.013,0.000,181.013,2.422,1833,1577,80.0,1,0,73.2
4361,fixed_split_mlp_covertype,stable,h3,1776521088090.806,1776521088201.316,110.510,1.000,109.510,1.713,1833,1577,80.0,1,0,69.0
4362,fixed_split_mlp_covertype,stable,h3,1776521088204.316,1776521088318.329,114.013,0.000,113.013,1.731,1833,1577,80.0,1,0,69.4
4363,fixed_split_mlp_covertype,stable,h3,1776521088319.329,1776521088461.837,142.507,0.000,141.506,2.135,1833,1577,80.0,1,0,69.5
4364,fixed_split_mlp_covertype,stable,h3,1776521088463.837,1776521088639.852,176.016,1.000,175.016,1.869,1833,1577,80.0,1,0,69.0
4365,fixed_split_mlp_covertype,stable,h3,1776521088641.852,1776521088689.851,48.000,0.000,47.000,1.822,1833,1577,80.0,0,0,68.8
4366,fixed_split_mlp_covertype,stable,h3,1776521088690.852,1776521088788.359,97.508,0.000,96.508,1.784,1833,1577,80.0,1,0,69.5
4367,fixed_split_mlp_covertype,stable,h3,1776521088790.359,1776521088875.868,85.508,0.000,84.508,1.778,1833,1577,80.0,1,0,69.4
4368,fixed_split_mlp_covertype,stable,h3,1776521088877.867,1776521088984.375,106.507,0.000,104.507,1.985,1833,1577,80.0,1,0,68.8
4369,fixed_split_mlp_covertype,stable,h3,1776521088986.375,1776521089113.885,127.510,0.000,127.510,1.812,1833,1577,80.0,1,0,69.8
4370,fixed_split_mlp_covertype,stable,h3,1776521089116.390,1776521089194.390,78.000,0.000,78.000,1.919,1833,1577,80.0,0,0,68.3
4371,fixed_split_mlp_covertype,stable,h3,1776521089196.390,1776521089294.898,98.508,0.000,98.508,1.881,1833,1577,80.0,1,0,69.6
4372,fixed_split_mlp_covertype,stable,h3,1776521089296.898,1776521089384.406,87.508,0.000,85.508,1.812,1833,1577,80.0,1,0,69.6
4373,fixed_split_mlp_covertype,stable,h3,1776521089386.407,1776521089502.916,116.509,0.000,115.509,1.831,1833,1577,80.0,1,0,69.0
4374,fixed_split_mlp_covertype,stable,h3,1776521089503.916,1776521089636.928,133.012,1.000,131.011,1.887,1833,1577,80.0,1,0,70.7
4375,fixed_split_mlp_covertype,stable,h3,1776521089637.928,1776521089772.436,134.508,0.000,132.507,1.742,1833,1577,80.0,1,0,66.7
4376,fixed_split_mlp_covertype,stable,h3,1776521089773.436,1776521089856.942,83.507,1.000,82.506,1.773,1833,1577,80.0,1,0,72.3
4377,fixed_split_mlp_covertype,stable,h3,1776521089858.943,1776521089992.450,133.507,1.000,132.507,1.738,1833,1577,80.0,1,0,67.7
4378,fixed_split_mlp_covertype,stable,h3,1776521089994.450,1776521090085.958,91.508,0.000,90.508,2.035,1833,1577,80.0,1,0,71.6
4379,fixed_split_mlp_covertype,stable,h3,1776521090086.958,1776521090172.465,85.507,1.000,83.507,1.851,1833,1577,80.0,1,0,71.9
4380,fixed_split_mlp_covertype,stable,h3,1776521090173.465,1776521090237.975,64.510,0.000,63.510,1.713,1833,1577,80.0,0,0,67.7
4381,fixed_split_mlp_covertype,stable,h3,1776521090238.975,1776521090333.493,94.518,0.000,93.518,1.871,1833,1577,80.0,1,0,69.8
4382,fixed_split_mlp_covertype,stable,h3,1776521090335.493,1776521090420.000,84.507,0.000,84.507,2.350,1833,1577,80.0,1,0,70.1
4383,fixed_split_mlp_covertype,stable,h3,1776521090422.002,1776521090531.509,109.507,0.000,108.507,1.721,1833,1577,80.0,1,0,68.8
4384,fixed_split_mlp_covertype,stable,h3,1776521090532.508,1776521090617.016,84.508,1.000,83.508,1.800,1833,1577,80.0,1,0,68.8
4385,fixed_split_mlp_covertype,stable,h3,1776521090618.016,1776521090776.524,158.508,0.000,157.507,2.016,1833,1577,80.0,1,0,70.2
4386,fixed_split_mlp_covertype,stable,h3,1776521090778.523,1776521090851.031,72.508,0.000,70.507,1.784,1833,1577,80.0,0,0,69.8
4387,fixed_split_mlp_covertype,stable,h3,1776521090852.031,1776521090934.539,82.508,0.000,81.508,1.794,1833,1577,80.0,1,0,70.8
4388,fixed_split_mlp_covertype,stable,h3,1776521090936.539,1776521091028.047,91.508,0.000,89.508,3.143,1833,1577,80.0,1,0,71.9
4389,fixed_split_mlp_covertype,stable,h3,1776521091029.047,1776521091169.556,140.509,0.000,138.508,2.102,1833,1577,80.0,1,0,72.0
4390,fixed_split_mlp_covertype,stable,h3,1776521091170.555,1776521091251.063,80.508,0.000,79.507,2.363,1833,1577,80.0,1,0,68.7
4391,fixed_split_mlp_covertype,stable,h3,1776521091253.063,1776521091370.570,117.507,0.000,117.507,2.056,1833,1577,80.0,1,0,70.6
4392,fixed_split_mlp_covertype,stable,h3,1776521091372.570,1776521091465.078,92.508,1.001,90.507,1.953,1833,1577,80.0,1,0,69.1
4393,fixed_split_mlp_covertype,stable,h3,1776521091466.078,1776521091576.585,110.508,1.000,109.508,1.978,1833,1577,80.0,1,0,71.2
4394,fixed_split_mlp_covertype,stable,h3,1776521091578.585,1776521091692.797,114.212,0.000,112.212,1.811,1833,1577,80.0,1,0,68.4
4395,fixed_split_mlp_covertype,stable,h3,1776521091693.797,1776521091759.306,65.508,0.000,63.508,1.978,1833,1577,80.0,0,0,67.2
4396,fixed_split_mlp_covertype,stable,h3,1776521091760.306,1776521091880.813,120.508,1.000,119.508,1.709,1833,1577,80.0,1,0,71.7
4397,fixed_split_mlp_covertype,stable,h3,1776521091882.814,1776521092008.324,125.510,0.000,123.510,1.822,1833,1577,80.0,1,0,70.8
4398,fixed_split_mlp_covertype,stable,h3,1776521092009.323,1776521092190.338,181.014,1.000,180.014,2.047,1833,1577,80.0,1,0,75.1
4399,fixed_split_mlp_covertype,stable,h3,1776521092192.338,1776521092284.846,92.508,0.000,90.507,1.787,1833,1577,80.0,1,0,71.6
4400,fixed_split_mlp_covertype,stable,h3,1776521092285.846,1776521092422.861,137.015,0.000,135.014,1.828,1833,1577,80.0,1,0,75.3
4401,fixed_split_mlp_covertype,stable,h3,1776521092424.861,1776521092559.368,134.507,0.000,133.507,1.997,1833,1577,80.0,1,0,75.7
4402,fixed_split_mlp_covertype,stable,h3,1776521092560.368,1776521092666.875,106.507,1.000,104.507,2.585,1833,1577,80.0,1,0,73.2
4403,fixed_split_mlp_covertype,stable,h3,1776521092667.875,1776521092779.384,111.509,0.000,110.509,1.974,1833,1577,80.0,1,0,69.9
4404,fixed_split_mlp_covertype,stable,h3,1776521092781.384,1776521092983.771,202.386,0.000,201.386,2.073,1833,1577,80.0,1,0,71.0
4405,fixed_split_mlp_covertype,stable,h3,1776521092984.785,1776521093088.291,103.506,0.999,101.506,2.006,1833,1577,80.0,1,0,74.1
4406,fixed_split_mlp_covertype,stable,h3,1776521093089.291,1776521093222.307,133.015,1.000,131.016,1.722,1833,1577,80.0,1,0,74.0
4407,fixed_split_mlp_covertype,stable,h3,1776521093224.308,1776521093354.815,130.507,0.000,129.508,1.705,1833,1577,80.0,1,0,72.9
4408,fixed_split_mlp_covertype,stable,h3,1776521093356.815,1776521093421.323,64.508,0.000,63.508,1.852,1833,1577,80.0,0,0,70.8
4409,fixed_split_mlp_covertype,stable,h3,1776521093422.323,1776521093533.831,111.508,1.004,109.503,1.944,1833,1577,80.0,1,0,71.8
4410,fixed_split_mlp_covertype,stable,h3,1776521093534.831,1776521093847.830,312.999,1.001,310.738,1.896,1833,1577,80.0,1,0,46.6
4411,fixed_split_mlp_covertype,stable,h3,1776521093851.564,1776521094300.118,448.554,1.003,445.411,2.006,1833,1577,80.0,1,0,34.8
4412,fixed_split_mlp_covertype,stable,h3,1776521094302.961,1776521094750.995,448.034,0.000,445.865,1.936,1833,1577,80.0,1,0,33.6
4413,fixed_split_mlp_covertype,stable,h3,1776521094752.991,1776521095206.523,453.532,1.400,449.636,1.736,1833,1577,80.0,1,0,30.7
4414,fixed_split_mlp_covertype,stable,h3,1776521095209.168,1776521095661.704,452.536,0.883,450.658,1.811,1833,1577,80.0,1,0,33.9
4415,fixed_split_mlp_covertype,stable,h3,1776521095664.823,1776521096481.422,816.600,0.000,813.574,1.764,1833,1577,80.0,1,0,19.0
4416,fixed_split_mlp_covertype,stable,h3,1776521096484.419,1776521097030.487,546.067,0.000,543.610,1.875,1833,1577,80.0,1,0,26.3
4417,fixed_split_mlp_covertype,stable,h3,1776521097032.242,1776521097648.791,616.549,1.005,613.552,1.863,1833,1577,80.0,1,0,24.2
4418,fixed_split_mlp_covertype,stable,h3,1776521097650.792,1776521098256.832,606.040,1.994,602.753,2.367,1833,1577,80.0,1,0,24.8
4419,fixed_split_mlp_covertype,stable,h3,1776521098258.534,1776521098869.399,610.865,1.506,608.361,1.919,1833,1577,80.0,1,0,24.5
4420,fixed_split_mlp_covertype,stable,h3,1776521098871.406,1776521099491.990,620.584,1.001,617.581,2.094,1833,1577,80.0,1,0,26.5
4421,fixed_split_mlp_covertype,stable,h3,1776521099493.979,1776521100098.153,604.174,1.001,601.173,1.789,1833,1577,80.0,1,0,23.4
4422,fixed_split_mlp_covertype,stable,h3,1776521100100.151,1776521100723.498,623.347,1.000,620.635,1.760,1833,1577,80.0,1,0,24.3
4423,fixed_split_mlp_covertype,stable,h3,1776521100726.499,1776521101327.811,601.312,0.000,599.405,5.219,1833,1577,80.0,1,0,25.2
4424,fixed_split_mlp_covertype,stable,h3,1776521101329.813,1776521101844.809,514.996,0.999,512.944,5.822,1833,1577,80.0,1,0,27.8
4425,fixed_split_mlp_covertype,stable,h3,1776521101847.000,1776521102010.826,163.826,0.814,161.023,10.885,1833,1577,80.0,1,0,65.1
4426,fixed_split_mlp_covertype,stable,h3,1776521102011.825,1776521102153.332,141.507,1.001,140.506,2.444,1833,1577,80.0,1,0,68.8
4427,fixed_split_mlp_covertype,stable,h3,1776521102155.334,1776521102247.839,92.505,0.000,92.505,4.304,1833,1577,80.0,1,0,71.6
4428,fixed_split_mlp_covertype,stable,h3,1776521102249.840,1776521102383.853,134.014,0.000,133.014,5.025,1833,1577,80.0,1,0,70.4
4429,fixed_split_mlp_covertype,stable,h3,1776521102385.854,1776521102522.360,136.506,0.000,135.506,2.192,1833,1577,80.0,1,0,69.5
4430,fixed_split_mlp_covertype,stable,h3,1776521102523.368,1776521102827.147,303.780,0.992,301.762,2.576,1833,1577,80.0,1,0,50.2
4431,fixed_split_mlp_covertype,stable,h3,1776521102830.051,1776521102938.545,108.494,1.991,102.504,2.010,1833,1577,80.0,1,0,60.2
4432,fixed_split_mlp_covertype,stable,h3,1776521102940.545,1776521103083.559,143.014,1.006,141.008,1.840,1833,1577,80.0,1,0,69.4
4433,fixed_split_mlp_covertype,stable,h3,1776521103084.559,1776521103208.065,123.507,1.000,121.506,1.777,1833,1577,80.0,1,0,69.5
4434,fixed_split_mlp_covertype,stable,h3,1776521103209.065,1776521103267.070,58.004,1.000,56.002,1.905,1833,1577,80.0,0,0,68.8
4435,fixed_split_mlp_covertype,stable,h3,1776521103268.573,1776521103377.083,108.510,1.019,106.491,2.050,1833,1577,80.0,1,0,71.2
4436,fixed_split_mlp_covertype,stable,h3,1776521103379.084,1776521103479.590,100.506,0.000,98.506,2.660,1833,1577,80.0,1,0,68.1
4437,fixed_split_mlp_covertype,stable,h3,1776521103480.590,1776521103615.097,134.507,0.000,132.507,2.014,1833,1577,80.0,1,0,77.9
4438,fixed_split_mlp_covertype,stable,h3,1776521103616.097,1776521103792.113,176.016,0.000,174.014,2.245,1833,1577,80.0,1,0,69.5
4439,fixed_split_mlp_covertype,stable,h3,1776521103794.112,1776521103932.618,138.506,0.000,138.506,1.936,1833,1577,80.0,1,0,69.2
4440,fixed_split_mlp_covertype,stable,h3,1776521103934.619,1776521104017.125,82.507,0.000,81.507,1.941,1833,1577,80.0,1,0,67.9
4441,fixed_split_mlp_covertype,stable,h3,1776521104018.125,1776521104088.632,70.506,0.000,69.505,1.772,1833,1577,80.0,0,0,69.6
4442,fixed_split_mlp_covertype,stable,h3,1776521104090.632,1776521104179.138,88.506,0.000,88.506,1.885,1833,1577,80.0,1,0,67.9
4443,fixed_split_mlp_covertype,stable,h3,1776521104181.154,1776521104331.645,150.492,0.000,149.506,1.782,1833,1577,80.0,1,0,69.4
4444,fixed_split_mlp_covertype,stable,h3,1776521104333.646,1776521104424.153,90.507,0.000,89.491,1.849,1833,1577,80.0,1,0,69.8
4445,fixed_split_mlp_covertype,stable,h3,1776521104426.153,1776521104522.659,96.507,0.000,94.508,1.778,1833,1577,80.0,1,0,68.8
4446,fixed_split_mlp_covertype,stable,h3,1776521104523.659,1776521104655.168,131.509,0.000,129.506,2.009,1833,1577,80.0,1,0,70.6
4447,fixed_split_mlp_covertype,stable,h3,1776521104657.169,1776521104826.180,169.010,0.000,168.010,2.358,1833,1577,80.0,1,0,68.8
4448,fixed_split_mlp_covertype,stable,h3,1776521104827.183,1776521104951.793,124.611,0.000,122.614,2.139,1833,1577,80.0,1,0,72.1
4449,fixed_split_mlp_covertype,stable,h3,1776521104952.794,1776521105094.807,142.013,1.000,140.013,2.097,1833,1577,80.0,1,0,68.8
4450,fixed_split_mlp_covertype,stable,h3,1776521105095.807,1776521105217.314,121.507,1.001,120.506,2.921,1833,1577,80.0,1,0,69.3
4451,fixed_split_mlp_covertype,stable,h3,1776521105219.314,1776521105316.821,97.507,0.000,96.507,2.079,1833,1577,80.0,1,0,68.0
4452,fixed_split_mlp_covertype,stable,h3,1776521105318.821,1776521105430.328,111.507,0.000,109.506,1.879,1833,1577,80.0,1,0,70.5
4453,fixed_split_mlp_covertype,stable,h3,1776521105431.328,1776521105616.341,185.012,0.000,183.012,1.775,1833,1577,80.0,1,0,69.3
4454,fixed_split_mlp_covertype,stable,h3,1776521105617.341,1776521105749.848,132.508,0.000,131.507,2.081,1833,1577,80.0,1,0,70.1
4455,fixed_split_mlp_covertype,stable,h3,1776521105751.848,1776521105952.655,200.807,0.000,200.807,1.970,1833,1577,80.0,1,0,69.6
4456,fixed_split_mlp_covertype,stable,h3,1776521105953.668,1776521106076.682,123.013,1.003,121.010,1.832,1833,1577,80.0,1,0,68.2
4457,fixed_split_mlp_covertype,stable,h3,1776521106077.682,1776521106134.682,57.000,1.000,55.000,1.980,1833,1577,80.0,0,0,72.1
4458,fixed_split_mlp_covertype,stable,h3,1776521106135.682,1776521106261.191,125.509,1.000,124.508,1.790,1833,1577,80.0,1,0,67.9
4459,fixed_split_mlp_covertype,stable,h3,1776521106263.191,1776521106352.696,89.504,0.000,87.504,1.950,1833,1577,80.0,1,0,67.9
4460,fixed_split_mlp_covertype,stable,h3,1776521106354.698,1776521106507.711,153.013,0.000,152.011,1.728,1833,1577,80.0,1,0,68.8
4461,fixed_split_mlp_covertype,stable,h3,1776521106508.710,1776521106677.724,169.014,1.000,167.013,1.826,1833,1577,80.0,1,0,69.9
4462,fixed_split_mlp_covertype,stable,h3,1776521106679.724,1776521106874.739,195.015,0.000,195.015,1.791,1833,1577,80.0,1,0,71.8
4463,fixed_split_mlp_covertype,stable,h3,1776521106875.739,1776521107022.249,146.510,0.000,144.506,2.172,1833,1577,80.0,1,0,70.1
4464,fixed_split_mlp_covertype,stable,h3,1776521107023.246,1776521107147.751,124.506,0.000,123.506,1.810,1833,1577,80.0,1,0,68.8
4465,fixed_split_mlp_covertype,stable,h3,1776521107149.752,1776521107298.766,149.014,0.000,149.014,2.048,1833,1577,80.0,1,0,69.4
4466,fixed_split_mlp_covertype,stable,h3,1776521107300.766,1776521107486.780,186.013,0.000,185.013,1.850,1833,1577,80.0,1,0,70.3
4467,fixed_split_mlp_covertype,stable,h3,1776521107488.780,1776521107633.286,144.507,0.000,143.507,1.913,1833,1577,80.0,1,0,68.8
4468,fixed_split_mlp_covertype,stable,h3,1776521107634.286,1776521107742.797,108.511,0.000,107.510,1.918,1833,1577,80.0,1,0,72.3
4469,fixed_split_mlp_covertype,stable,h3,1776521107744.797,1776521107847.304,102.507,0.000,101.507,1.897,1833,1577,80.0,1,0,69.6
4470,fixed_split_mlp_covertype,stable,h3,1776521107848.304,1776521107962.813,114.509,0.000,112.507,2.257,1833,1577,80.0,1,0,71.7
4471,fixed_split_mlp_covertype,stable,h3,1776521107963.813,1776521108130.824,167.011,0.000,166.011,1.863,1833,1577,80.0,1,0,68.3
4472,fixed_split_mlp_covertype,stable,h3,1776521108132.824,1776521108216.331,83.506,0.000,83.506,1.962,1833,1577,80.0,1,0,69.8
4473,fixed_split_mlp_covertype,stable,h3,1776521108218.331,1776521108354.839,136.509,1.000,135.508,2.021,1833,1577,80.0,1,0,70.4
4474,fixed_split_mlp_covertype,stable,h3,1776521108356.840,1776521108427.344,70.504,0.000,69.504,1.916,1833,1577,80.0,0,0,68.2
4475,fixed_split_mlp_covertype,stable,h3,1776521108429.344,1776521108567.853,138.509,0.000,138.509,1.705,1833,1577,80.0,1,0,69.4
4476,fixed_split_mlp_covertype,stable,h3,1776521108569.356,1776521108712.867,143.510,1.003,142.508,2.421,1833,1577,80.0,1,0,69.6
4477,fixed_split_mlp_covertype,stable,h3,1776521108714.867,1776521108806.374,91.507,0.000,90.507,1.942,1833,1577,80.0,1,0,67.4
4478,fixed_split_mlp_covertype,stable,h3,1776521108807.374,1776521108961.883,154.509,1.001,153.508,1.769,1833,1577,80.0,1,0,70.4
4479,fixed_split_mlp_covertype,stable,h3,1776521108963.884,1776521109106.894,143.010,0.000,143.010,1.829,1833,1577,80.0,1,0,71.1
4480,fixed_split_mlp_covertype,stable,h3,1776521109108.895,1776521109224.401,115.506,0.000,113.507,1.916,1833,1577,80.0,1,0,68.1
4481,fixed_split_mlp_covertype,stable,h3,1776521109225.401,1776521109361.421,136.020,0.000,134.019,1.872,1833,1577,80.0,1,0,69.2
4482,fixed_split_mlp_covertype,stable,h3,1776521109362.421,1776521109424.925,62.504,0.000,60.503,1.889,1833,1577,80.0,0,0,68.8
4483,fixed_split_mlp_covertype,stable,h3,1776521109425.925,1776521109556.436,130.511,1.001,128.510,1.942,1833,1577,80.0,1,0,69.0
4484,fixed_split_mlp_covertype,stable,h3,1776521109557.436,1776521109715.451,158.015,0.000,157.015,2.176,1833,1577,80.0,1,0,69.5
4485,fixed_split_mlp_covertype,stable,h3,1776521109717.451,1776521109781.962,64.511,0.000,63.511,2.213,1833,1577,80.0,0,0,70.3
4486,fixed_split_mlp_covertype,stable,h3,1776521109782.962,1776521109923.470,140.508,1.000,139.508,2.137,1833,1577,80.0,1,0,69.4
4487,fixed_split_mlp_covertype,stable,h3,1776521109925.470,1776521110072.484,147.013,1.000,146.013,1.833,1833,1577,80.0,1,0,69.8
4488,fixed_split_mlp_covertype,stable,h3,1776521110073.484,1776521110166.486,93.002,1.000,92.002,1.800,1833,1577,80.0,1,0,68.4
4489,fixed_split_mlp_covertype,stable,h3,1776521110167.486,1776521110228.992,61.506,0.000,59.003,1.704,1833,1577,80.0,0,0,69.2
4490,fixed_split_mlp_covertype,stable,h3,1776521110230.992,1776521110318.518,87.526,0.000,86.526,1.780,1833,1577,80.0,1,0,67.9
4491,fixed_split_mlp_covertype,stable,h3,1776521110319.518,1776521110407.026,87.508,1.000,86.507,1.770,1833,1577,80.0,1,0,70.9
4492,fixed_split_mlp_covertype,stable,h3,1776521110409.025,1776521110536.536,127.511,0.000,126.510,2.068,1833,1577,80.0,1,0,70.1
4493,fixed_split_mlp_covertype,stable,h3,1776521110538.537,1776521110623.042,84.506,0.000,82.506,2.193,1833,1577,80.0,1,0,69.5
4494,fixed_split_mlp_covertype,stable,h3,1776521110624.042,1776521110710.550,86.507,0.000,85.506,1.786,1833,1577,80.0,1,0,67.9
4495,fixed_split_mlp_covertype,stable,h3,1776521110712.550,1776521110852.056,139.506,0.000,138.502,1.760,1833,1577,80.0,1,0,69.7
4496,fixed_split_mlp_covertype,stable,h3,1776521110854.056,1776521110970.071,116.015,0.000,115.012,1.860,1833,1577,80.0,1,0,69.5
4497,fixed_split_mlp_covertype,stable,h3,1776521110971.071,1776521111055.073,84.001,0.000,83.001,1.961,1833,1577,80.0,1,0,68.8
4498,fixed_split_mlp_covertype,stable,h3,1776521111057.073,1776521111151.580,94.507,0.000,94.507,1.789,1833,1577,80.0,1,0,70.9
4499,fixed_split_mlp_covertype,stable,h3,1776521111152.577,1776521111257.090,104.513,1.002,103.510,3.220,1833,1577,80.0,1,0,68.4
4500,fixed_split_mlp_covertype,stable,h3,1776521111259.089,1776521111371.100,112.011,0.000,111.011,1.992,1833,1577,80.0,1,0,72.2
4501,fixed_split_mlp_covertype,stable,h3,1776521111372.100,1776521111483.607,111.507,0.000,109.507,1.919,1833,1577,80.0,1,0,68.4
4502,fixed_split_mlp_covertype,stable,h3,1776521111485.607,1776521111591.114,105.507,0.000,104.507,1.726,1833,1577,80.0,1,0,69.6
4503,fixed_split_mlp_covertype,stable,h3,1776521111592.114,1776521111713.622,121.508,1.000,120.508,2.041,1833,1577,80.0,1,0,69.8
4504,fixed_split_mlp_covertype,stable,h3,1776521111715.622,1776521111815.127,99.506,1.000,98.506,1.770,1833,1577,80.0,1,0,67.0
4505,fixed_split_mlp_covertype,stable,h3,1776521111817.127,1776521111888.635,71.507,1.000,70.507,2.326,1833,1577,80.0,0,0,67.9
4506,fixed_split_mlp_covertype,stable,h3,1776521111890.635,1776521112016.142,125.508,0.000,124.506,2.017,1833,1577,80.0,1,0,69.5
4507,fixed_split_mlp_covertype,stable,h3,1776521112018.143,1776521112117.647,99.505,0.000,99.505,1.851,1833,1577,80.0,1,0,68.8
4508,fixed_split_mlp_covertype,stable,h3,1776521112119.647,1776521112183.157,63.510,0.000,62.509,2.115,1833,1577,80.0,0,0,70.0
4509,fixed_split_mlp_covertype,stable,h3,1776521112185.156,1776521112286.673,101.516,0.000,100.516,1.755,1833,1577,80.0,1,0,81.4
4510,fixed_split_mlp_covertype,stable,h3,1776521112287.673,1776521112389.183,101.510,0.000,100.510,1.823,1833,1577,80.0,1,0,68.8
4511,fixed_split_mlp_covertype,stable,h3,1776521112391.183,1776521112516.690,125.508,0.000,124.508,1.771,1833,1577,80.0,1,0,71.9
4512,fixed_split_mlp_covertype,stable,h3,1776521112518.690,1776521112629.197,110.506,0.000,110.506,1.936,1833,1577,80.0,1,0,73.2
4513,fixed_split_mlp_covertype,stable,h3,1776521112631.197,1776521112779.210,148.014,0.000,147.014,1.889,1833,1577,80.0,1,0,72.3
4514,fixed_split_mlp_covertype,stable,h3,1776521112780.211,1776521112900.717,120.507,1.000,118.506,1.973,1833,1577,80.0,1,0,70.9
4515,fixed_split_mlp_covertype,stable,h3,1776521112901.717,1776521113016.223,114.506,0.000,113.505,1.775,1833,1577,80.0,1,0,67.8
4516,fixed_split_mlp_covertype,stable,h3,1776521113018.224,1776521113175.237,157.013,0.000,156.013,1.771,1833,1577,80.0,1,0,70.0
4517,fixed_split_mlp_covertype,stable,h3,1776521113176.237,1776521113290.743,114.507,1.000,113.507,1.919,1833,1577,80.0,1,0,71.3
4518,fixed_split_mlp_covertype,stable,h3,1776521113292.743,1776521113451.250,158.506,0.000,158.506,1.730,1833,1577,80.0,1,0,68.5
4519,fixed_split_mlp_covertype,stable,h3,1776521113453.250,1776521113555.760,102.510,0.000,100.509,1.735,1833,1577,80.0,1,0,71.9
4520,fixed_split_mlp_covertype,stable,h3,1776521113557.760,1776521113679.772,122.012,0.000,122.012,1.714,1833,1577,80.0,1,0,71.9
4521,fixed_split_mlp_covertype,stable,h3,1776521113681.772,1776521113786.278,104.506,1.000,103.506,1.919,1833,1577,80.0,1,0,75.0
4522,fixed_split_mlp_covertype,stable,h3,1776521113788.278,1776521113901.789,113.511,0.000,112.511,1.708,1833,1577,80.0,1,0,72.5
4523,fixed_split_mlp_covertype,stable,h3,1776521113904.790,1776521113993.296,88.507,0.000,88.507,1.758,1833,1577,80.0,1,0,69.0
4524,fixed_split_mlp_covertype,stable,h3,1776521113995.296,1776521114108.805,113.509,0.000,113.509,1.970,1833,1577,80.0,1,0,71.1
4525,fixed_split_mlp_covertype,stable,h3,1776521114110.805,1776521114203.310,92.505,0.000,92.505,1.787,1833,1577,80.0,1,0,70.5
4526,fixed_split_mlp_covertype,stable,h3,1776521114205.311,1776521114334.817,129.506,0.000,129.506,1.730,1833,1577,80.0,1,0,73.1
4527,fixed_split_mlp_covertype,stable,h3,1776521114336.817,1776521114492.835,156.018,1.016,155.002,1.782,1833,1577,80.0,1,0,74.4
4528,fixed_split_mlp_covertype,stable,h3,1776521114494.836,1776521114629.341,134.506,0.000,132.506,1.860,1833,1577,80.0,1,0,72.0
4529,fixed_split_mlp_covertype,stable,h3,1776521114630.342,1776521114715.848,85.507,1.000,83.507,1.762,1833,1577,80.0,1,0,70.1
4530,fixed_split_mlp_covertype,stable,h3,1776521114716.848,1776521114799.356,82.508,0.000,81.507,1.945,1833,1577,80.0,1,0,72.5
4531,fixed_split_mlp_covertype,stable,h3,1776521114801.356,1776521114916.867,115.511,1.000,113.508,1.760,1833,1577,80.0,1,0,70.1
4532,fixed_split_mlp_covertype,stable,h3,1776521114917.867,1776521115038.371,120.504,0.996,119.508,2.058,1833,1577,80.0,1,0,69.0
4533,fixed_split_mlp_covertype,stable,h3,1776521115040.371,1776521115137.877,97.507,0.000,97.507,1.807,1833,1577,80.0,1,0,70.3
4534,fixed_split_mlp_covertype,stable,h3,1776521115138.877,1776521115280.891,142.014,1.000,141.014,2.114,1833,1577,80.0,1,0,70.1
4535,fixed_split_mlp_covertype,stable,h3,1776521115282.891,1776521115412.400,129.509,0.000,129.509,1.888,1833,1577,80.0,1,0,68.5
4536,fixed_split_mlp_covertype,stable,h3,1776521115414.401,1776521115562.909,148.509,1.000,146.509,1.891,1833,1577,80.0,1,0,71.1
4537,fixed_split_mlp_covertype,stable,h3,1776521115563.909,1776521115676.929,113.020,1.001,111.019,1.726,1833,1577,80.0,1,0,68.4
4538,fixed_split_mlp_covertype,stable,h3,1776521115677.929,1776521115812.435,134.506,1.000,133.506,1.937,1833,1577,80.0,1,0,70.9
4539,fixed_split_mlp_covertype,stable,h3,1776521115814.436,1776521115962.945,148.510,0.000,147.510,1.801,1833,1577,80.0,1,0,69.8
4540,fixed_split_mlp_covertype,stable,h3,1776521115963.945,1776521116120.957,157.011,0.000,155.011,1.891,1833,1577,80.0,1,0,68.9
4541,fixed_split_mlp_covertype,stable,h3,1776521116121.957,1776521116221.463,99.506,1.001,98.505,1.846,1833,1577,80.0,1,0,66.0
4542,fixed_split_mlp_covertype,stable,h3,1776521116224.463,1776521116374.476,150.012,0.000,150.012,1.729,1833,1577,80.0,1,0,73.0
4543,fixed_split_mlp_covertype,stable,h3,1776521116376.478,1776521116448.476,71.998,0.000,71.998,1.732,1833,1577,80.0,0,0,69.6
4544,fixed_split_mlp_covertype,stable,h3,1776521116450.476,1776521116626.491,176.016,0.000,176.016,1.788,1833,1577,80.0,1,0,69.7
4545,fixed_split_mlp_covertype,stable,h3,1776521116628.491,1776521116747.999,119.507,0.000,118.507,1.775,1833,1577,80.0,1,0,72.3
4546,fixed_split_mlp_covertype,stable,h3,1776521116749.999,1776521116844.505,94.505,0.000,93.505,1.967,1833,1577,80.0,1,0,79.0
4547,fixed_split_mlp_covertype,stable,h3,1776521116846.505,1776521116957.014,110.510,0.000,109.509,2.215,1833,1577,80.0,1,0,76.1
4548,fixed_split_mlp_covertype,stable,h3,1776521116959.014,1776521117052.518,93.504,0.000,92.504,1.872,1833,1577,80.0,1,0,75.3
4549,fixed_split_mlp_covertype,stable,h3,1776521117053.519,1776521117180.533,127.015,0.000,126.014,2.008,1833,1577,80.0,1,0,75.4
4550,fixed_split_mlp_covertype,stable,h3,1776521117182.533,1776521117370.551,188.018,0.000,187.018,1.871,1833,1577,80.0,1,0,77.0
4551,fixed_split_mlp_covertype,stable,h3,1776521117372.552,1776521117490.058,117.507,0.000,117.507,1.732,1833,1577,80.0,1,0,68.1
4552,fixed_split_mlp_covertype,stable,h3,1776521117492.059,1776521117573.566,81.507,0.000,80.507,1.793,1833,1577,80.0,1,0,75.0
4553,fixed_split_mlp_covertype,stable,h3,1776521117574.566,1776521117708.074,133.508,0.000,131.508,1.820,1833,1577,80.0,1,0,69.0
4554,fixed_split_mlp_covertype,stable,h3,1776521117710.074,1776521117868.585,158.511,0.000,157.511,2.024,1833,1577,80.0,1,0,70.0
4555,fixed_split_mlp_covertype,stable,h3,1776521117869.585,1776521117951.039,81.454,0.000,81.454,1.986,1833,1577,80.0,1,0,75.0
4556,fixed_split_mlp_covertype,stable,h3,1776521117953.040,1776521118052.547,99.507,0.000,98.507,1.778,1833,1577,80.0,1,0,67.0
4557,fixed_split_mlp_covertype,stable,h3,1776521118054.547,1776521118157.057,102.510,0.000,101.507,2.103,1833,1577,80.0,1,0,70.3
4558,fixed_split_mlp_covertype,stable,h3,1776521118159.057,1776521118258.563,99.507,0.000,98.507,2.021,1833,1577,80.0,1,0,70.4
4559,fixed_split_mlp_covertype,stable,h3,1776521118259.563,1776521118379.579,120.015,1.000,118.015,1.966,1833,1577,80.0,1,0,74.0
4560,fixed_split_mlp_covertype,stable,h3,1776521118380.579,1776521118535.087,154.508,1.001,153.507,1.926,1833,1577,80.0,1,0,70.2
4561,fixed_split_mlp_covertype,stable,h3,1776521118537.087,1776521118645.593,108.506,0.000,107.506,1.741,1833,1577,80.0,1,0,71.7
4562,fixed_split_mlp_covertype,stable,h3,1776521118646.593,1776521118764.103,117.510,0.000,116.510,1.941,1833,1577,80.0,1,0,68.2
4563,fixed_split_mlp_covertype,stable,h3,1776521118766.103,1776521118870.113,104.010,0.000,102.508,2.269,1833,1577,80.0,1,0,70.9
4564,fixed_split_mlp_covertype,stable,h3,1776521118871.116,1776521118987.625,116.509,0.000,115.509,1.956,1833,1577,80.0,1,0,70.5
4565,fixed_split_mlp_covertype,stable,h3,1776521118989.626,1776521119143.119,153.493,0.000,151.493,1.820,1833,1577,80.0,1,0,68.9
4566,fixed_split_mlp_covertype,stable,h3,1776521119145.119,1776521119231.626,86.507,0.000,85.507,1.763,1833,1577,80.0,1,0,68.8
4567,fixed_split_mlp_covertype,stable,h3,1776521119233.626,1776521119378.644,145.018,0.000,145.018,1.882,1833,1577,80.0,1,0,72.6
4568,fixed_split_mlp_covertype,stable,h3,1776521119380.645,1776521119487.152,106.508,0.000,105.508,2.003,1833,1577,80.0,1,0,69.6
4569,fixed_split_mlp_covertype,stable,h3,1776521119489.153,1776521119586.661,97.508,0.000,96.508,1.851,1833,1577,80.0,1,0,69.8
4570,fixed_split_mlp_covertype,stable,h3,1776521119588.661,1776521119697.168,108.508,0.000,108.508,2.007,1833,1577,80.0,1,0,74.2
4571,fixed_split_mlp_covertype,stable,h3,1776521119699.168,1776521119856.677,157.509,0.000,156.509,1.766,1833,1577,80.0,1,0,67.7
4572,fixed_split_mlp_covertype,stable,h3,1776521119857.677,1776521119955.187,97.509,0.000,95.504,2.053,1833,1577,80.0,1,0,75.3
4573,fixed_split_mlp_covertype,stable,h3,1776521119956.186,1776521120116.197,160.012,0.000,159.012,1.756,1833,1577,80.0,1,0,68.9
4574,fixed_split_mlp_covertype,stable,h3,1776521120118.198,1776521120224.705,106.508,0.000,105.507,1.737,1833,1577,80.0,1,0,70.5
4575,fixed_split_mlp_covertype,stable,h3,1776521120225.705,1776521120360.229,134.524,0.000,132.522,1.866,1833,1577,80.0,1,0,68.8
4576,fixed_split_mlp_covertype,stable,h3,1776521120361.228,1776521120415.732,54.505,0.000,53.505,2.043,1833,1577,80.0,0,0,71.4
4577,fixed_split_mlp_covertype,stable,h3,1776521120417.732,1776521120616.746,199.014,1.000,197.014,1.880,1833,1577,80.0,1,0,69.9
4578,fixed_split_mlp_covertype,stable,h3,1776521120618.747,1776521120781.760,163.014,0.000,162.014,1.875,1833,1577,80.0,1,0,69.3
4579,fixed_split_mlp_covertype,stable,h3,1776521120782.761,1776521120939.272,156.511,0.000,155.511,2.005,1833,1577,80.0,1,0,70.3
4580,fixed_split_mlp_covertype,stable,h3,1776521120940.272,1776521121034.779,94.507,1.000,93.507,1.734,1833,1577,80.0,1,0,78.6
4581,fixed_split_mlp_covertype,stable,h3,1776521121036.779,1776521121153.290,116.511,1.001,114.509,1.779,1833,1577,80.0,1,0,71.9
4582,fixed_split_mlp_covertype,stable,h3,1776521121154.290,1776521121267.799,113.510,0.000,112.506,1.945,1833,1577,80.0,1,0,67.5
4583,fixed_split_mlp_covertype,stable,h3,1776521121270.302,1776521121429.812,159.511,0.000,158.506,2.034,1833,1577,80.0,1,0,70.2
4584,fixed_split_mlp_covertype,stable,h3,1776521121431.812,1776521121627.829,196.017,0.000,196.017,1.884,1833,1577,80.0,1,0,71.6
4585,fixed_split_mlp_covertype,stable,h3,1776521121629.829,1776521121719.336,89.508,0.000,89.508,1.836,1833,1577,80.0,1,0,69.5
4586,fixed_split_mlp_covertype,stable,h3,1776521121721.336,1776521121807.844,86.507,0.000,85.507,1.969,1833,1577,80.0,1,0,70.8
4587,fixed_split_mlp_covertype,stable,h3,1776521121808.844,1776521121928.354,119.510,1.001,118.509,2.518,1833,1577,80.0,1,0,68.1
4588,fixed_split_mlp_covertype,stable,h3,1776521121930.354,1776521122041.862,111.508,0.000,110.508,2.044,1833,1577,80.0,1,0,72.4
4589,fixed_split_mlp_covertype,stable,h3,1776521122042.862,1776521122215.876,173.015,0.000,171.014,1.987,1833,1577,80.0,1,0,69.5
4590,fixed_split_mlp_covertype,stable,h3,1776521122216.877,1776521122332.388,115.512,1.000,114.512,1.909,1833,1577,80.0,1,0,70.6
4591,fixed_split_mlp_covertype,stable,h3,1776521122334.389,1776521122448.900,114.511,0.000,112.511,4.486,1833,1577,80.0,1,0,68.7
4592,fixed_split_mlp_covertype,stable,h3,1776521122450.900,1776521122581.915,131.015,0.000,131.015,2.255,1833,1577,80.0,1,0,68.5
4593,fixed_split_mlp_covertype,stable,h3,1776521122583.915,1776521122748.422,164.507,1.003,162.504,1.772,1833,1577,80.0,1,0,71.0
4594,fixed_split_mlp_covertype,stable,h3,1776521122749.422,1776521122894.440,145.018,0.000,144.018,1.708,1833,1577,80.0,1,0,68.3
4595,fixed_split_mlp_covertype,stable,h3,1776521122896.437,1776521123047.944,151.507,0.000,151.507,1.873,1833,1577,80.0,1,0,68.3
4596,fixed_split_mlp_covertype,stable,h3,1776521123049.944,1776521123215.958,166.014,0.000,166.014,1.862,1833,1577,80.0,1,0,69.5
4597,fixed_split_mlp_covertype,stable,h3,1776521123217.958,1776521123412.976,195.018,0.000,195.018,1.779,1833,1577,80.0,1,0,69.6
4598,fixed_split_mlp_covertype,stable,h3,1776521123413.976,1776521123535.483,121.507,1.000,120.507,1.950,1833,1577,80.0,1,0,69.0
4599,fixed_split_mlp_covertype,stable,h3,1776521123537.483,1776521123682.498,145.015,0.000,145.015,1.753,1833,1577,80.0,1,0,71.7
4600,fixed_split_mlp_covertype,stable,h3,1776521123684.498,1776521123825.005,140.508,0.000,139.508,1.946,1833,1577,80.0,1,0,68.8
4601,fixed_split_mlp_covertype,stable,h3,1776521123826.005,1776521123962.516,136.511,1.000,134.510,1.796,1833,1577,80.0,1,0,68.4
4602,fixed_split_mlp_covertype,stable,h3,1776521123963.516,1776521124116.529,153.013,1.000,151.012,2.026,1833,1577,80.0,1,0,69.9
4603,fixed_split_mlp_covertype,stable,h3,1776521124117.529,1776521124291.544,174.015,0.000,172.014,1.732,1833,1577,80.0,1,0,70.4
4604,fixed_split_mlp_covertype,stable,h3,1776521124292.544,1776521124397.051,104.507,1.001,103.506,1.740,1833,1577,80.0,1,0,67.0
4605,fixed_split_mlp_covertype,stable,h3,1776521124399.051,1776521124476.558,77.507,1.000,76.507,1.852,1833,1577,80.0,0,0,70.9
4606,fixed_split_mlp_covertype,stable,h3,1776521124477.558,1776521124618.071,140.513,1.000,139.512,2.075,1833,1577,80.0,1,0,69.7
4607,fixed_split_mlp_covertype,stable,h3,1776521124620.071,1776521124722.578,102.507,0.000,101.507,2.013,1833,1577,80.0,1,0,71.4
4608,fixed_split_mlp_covertype,stable,h3,1776521124724.578,1776521124893.593,169.014,1.000,168.014,2.014,1833,1577,80.0,1,0,69.3
4609,fixed_split_mlp_covertype,stable,h3,1776521124895.593,1776521124989.100,93.507,1.000,91.506,1.786,1833,1577,80.0,1,0,71.3
4610,fixed_split_mlp_covertype,stable,h3,1776521124990.099,1776521125089.606,99.506,1.000,97.507,2.072,1833,1577,80.0,1,0,70.3
4611,fixed_split_mlp_covertype,stable,h3,1776521125090.606,1776521125156.609,66.003,1.003,64.000,1.731,1833,1577,80.0,0,0,65.7
4612,fixed_split_mlp_covertype,stable,h3,1776521125157.608,1776521125245.116,87.508,1.000,85.507,1.823,1833,1577,80.0,1,0,70.2
4613,fixed_split_mlp_covertype,stable,h3,1776521125246.116,1776521125311.625,65.509,1.000,64.509,1.863,1833,1577,80.0,0,0,67.7
4614,fixed_split_mlp_covertype,stable,h3,1776521125313.625,1776521125464.144,150.519,0.000,150.519,1.807,1833,1577,80.0,1,0,69.6
4615,fixed_split_mlp_covertype,stable,h3,1776521125466.139,1776521125567.153,101.013,0.000,101.013,1.865,1833,1577,80.0,1,0,68.0
4616,fixed_split_mlp_covertype,stable,h3,1776521125568.153,1776521125722.166,154.013,1.001,153.012,1.729,1833,1577,80.0,1,0,70.6
4617,fixed_split_mlp_covertype,stable,h3,1776521125724.166,1776521125837.678,113.512,0.000,112.508,2.317,1833,1577,80.0,1,0,72.8
4618,fixed_split_mlp_covertype,stable,h3,1776521125838.677,1776521125961.185,122.508,0.000,121.510,1.760,1833,1577,80.0,1,0,67.2
4619,fixed_split_mlp_covertype,stable,h3,1776521125963.185,1776521126087.197,124.012,0.000,124.012,1.944,1833,1577,80.0,1,0,72.1
4620,fixed_split_mlp_covertype,stable,h3,1776521126089.197,1776521126277.213,188.017,0.000,188.017,1.909,1833,1577,80.0,1,0,70.0
4621,fixed_split_mlp_covertype,stable,h3,1776521126279.214,1776521126410.720,131.507,0.000,131.507,2.160,1833,1577,80.0,1,0,69.3
4622,fixed_split_mlp_covertype,stable,h3,1776521126412.720,1776521126506.227,93.507,0.000,91.506,2.760,1833,1577,80.0,1,0,68.0
4623,fixed_split_mlp_covertype,stable,h3,1776521126507.227,1776521126610.736,103.508,1.000,102.509,1.867,1833,1577,80.0,1,0,71.2
4624,fixed_split_mlp_covertype,stable,h3,1776521126611.736,1776521126753.244,141.508,1.000,140.508,1.768,1833,1577,80.0,1,0,69.0
4625,fixed_split_mlp_covertype,stable,h3,1776521126755.243,1776521126859.754,104.511,1.002,103.509,2.005,1833,1577,80.0,1,0,74.6
4626,fixed_split_mlp_covertype,stable,h3,1776521126862.754,1776521126932.259,69.505,0.000,68.505,1.818,1833,1577,80.0,0,0,70.0
4627,fixed_split_mlp_covertype,stable,h3,1776521126934.259,1776521126978.766,44.507,0.000,43.507,1.857,1833,1577,80.0,0,0,70.2
4628,fixed_split_mlp_covertype,stable,h3,1776521126979.766,1776521127101.276,121.510,1.001,120.509,1.885,1833,1577,80.0,1,0,71.7
4629,fixed_split_mlp_covertype,stable,h3,1776521127102.277,1776521127258.790,156.513,0.997,154.511,1.968,1833,1577,80.0,1,0,70.4
4630,fixed_split_mlp_covertype,stable,h3,1776521127259.787,1776521127345.290,85.503,0.000,83.502,1.965,1833,1577,80.0,1,0,69.8
4631,fixed_split_mlp_covertype,stable,h3,1776521127346.289,1776521127499.309,153.020,1.001,151.019,1.886,1833,1577,80.0,1,0,69.2
4632,fixed_split_mlp_covertype,stable,h3,1776521127500.309,1776521127705.342,205.032,0.999,204.034,1.889,1833,1577,80.0,1,0,69.9
4633,fixed_split_mlp_covertype,stable,h3,1776521127706.531,1776521127825.154,118.623,0.995,116.622,1.919,1833,1577,80.0,1,0,69.5
4634,fixed_split_mlp_covertype,stable,h3,1776521127827.114,1776521127945.737,118.623,0.000,117.605,2.349,1833,1577,80.0,1,0,69.6
4635,fixed_split_mlp_covertype,stable,h3,1776521127946.735,1776521128028.002,81.267,0.966,79.301,2.096,1833,1577,80.0,1,0,69.1
4636,fixed_split_mlp_covertype,stable,h3,1776521128029.045,1776521128127.648,98.604,0.996,96.605,2.009,1833,1577,80.0,1,0,69.8
4637,fixed_split_mlp_covertype,stable,h3,1776521128129.650,1776521128231.593,101.943,0.000,100.941,1.865,1833,1577,80.0,1,0,69.4
4638,fixed_split_mlp_covertype,stable,h3,1776521128233.558,1776521128341.222,107.664,0.000,106.649,1.721,1833,1577,80.0,1,0,68.8
4639,fixed_split_mlp_covertype,stable,h3,1776521128342.172,1776521128461.820,119.648,1.002,118.646,1.820,1833,1577,80.0,1,0,70.2
4640,fixed_split_mlp_covertype,stable,h3,1776521128463.819,1776521128584.030,120.211,0.000,119.139,1.899,1833,1577,80.0,1,0,72.7
4641,fixed_split_mlp_covertype,stable,h3,1776521128586.032,1776521128657.109,71.077,0.000,71.077,1.743,1833,1577,80.0,0,0,70.5
4642,fixed_split_mlp_covertype,stable,h3,1776521128659.112,1776521128801.423,142.312,0.000,141.355,1.720,1833,1577,80.0,1,0,67.8
4643,fixed_split_mlp_covertype,stable,h3,1776521128802.424,1776521128934.040,131.616,0.000,130.587,1.839,1833,1577,80.0,1,0,70.7
4644,fixed_split_mlp_covertype,stable,h3,1776521128935.047,1776521129067.202,132.155,0.000,131.191,1.978,1833,1577,80.0,1,0,68.4
4645,fixed_split_mlp_covertype,stable,h3,1776521129068.168,1776521129203.308,135.140,0.000,134.140,1.843,1833,1577,80.0,1,0,69.9
4646,fixed_split_mlp_covertype,stable,h3,1776521129205.320,1776521129297.013,91.693,0.000,91.693,1.792,1833,1577,80.0,1,0,70.0
4647,fixed_split_mlp_covertype,stable,h3,1776521129299.016,1776521129470.724,171.709,0.000,170.671,2.168,1833,1577,80.0,1,0,69.3
4648,fixed_split_mlp_covertype,stable,h3,1776521129472.691,1776521129585.355,112.664,0.000,112.664,2.174,1833,1577,80.0,1,0,69.0
4649,fixed_split_mlp_covertype,stable,h3,1776521129587.356,1776521129691.039,103.683,0.000,103.683,2.422,1833,1577,80.0,1,0,68.8
4650,fixed_split_mlp_covertype,stable,h3,1776521129692.992,1776521129807.942,114.950,0.000,114.950,2.997,1833,1577,80.0,1,0,70.6
4651,fixed_split_mlp_covertype,stable,h3,1776521129809.887,1776521129925.584,115.697,0.000,114.681,2.042,1833,1577,80.0,1,0,68.4
4652,fixed_split_mlp_covertype,stable,h3,1776521129927.551,1776521130111.795,184.244,0.000,183.281,2.712,1833,1577,80.0,1,0,68.8
4653,fixed_split_mlp_covertype,stable,h3,1776521130113.794,1776521130311.113,197.318,0.000,196.346,1.875,1833,1577,80.0,1,0,76.6
4654,fixed_split_mlp_covertype,stable,h3,1776521130312.144,1776521130381.774,69.631,0.961,67.674,1.945,1833,1577,80.0,0,0,69.8
4655,fixed_split_mlp_covertype,stable,h3,1776521130382.779,1776521130498.320,115.541,0.958,114.583,1.781,1833,1577,80.0,1,0,70.3
4656,fixed_split_mlp_covertype,stable,h3,1776521130500.287,1776521130597.926,97.638,0.000,96.595,2.076,1833,1577,80.0,1,0,69.4
4657,fixed_split_mlp_covertype,stable,h3,1776521130599.885,1776521130786.065,186.181,0.000,185.224,2.097,1833,1577,80.0,1,0,70.7
4658,fixed_split_mlp_covertype,stable,h3,1776521130788.064,1776521130921.984,133.919,0.000,132.919,1.827,1833,1577,80.0,1,0,77.4
4659,fixed_split_mlp_covertype,stable,h3,1776521130923.988,1776521130967.833,43.846,0.000,43.846,2.057,1833,1577,80.0,0,0,89.8
4660,fixed_split_mlp_covertype,stable,h3,1776521130969.832,1776521131035.197,65.365,0.000,65.365,1.712,1833,1577,80.0,0,0,78.1
4661,fixed_split_mlp_covertype,stable,h3,1776521131037.207,1776521131126.246,89.039,0.000,89.039,2.034,1833,1577,80.0,1,0,84.4
4662,fixed_split_mlp_covertype,stable,h3,1776521131127.249,1776521131205.691,78.443,1.001,77.442,1.997,1833,1577,80.0,0,0,72.5
4663,fixed_split_mlp_covertype,stable,h3,1776521131207.661,1776521131355.437,147.775,0.000,147.775,1.889,1833,1577,80.0,1,0,72.5
4664,fixed_split_mlp_covertype,stable,h3,1776521131357.439,1776521131505.543,148.103,0.000,146.070,2.038,1833,1577,80.0,1,0,69.2
4665,fixed_split_mlp_covertype,stable,h3,1776521131506.510,1776521131600.152,93.642,0.000,92.643,1.693,1833,1577,80.0,1,0,66.3
4666,fixed_split_mlp_covertype,stable,h3,1776521131602.174,1776521131690.662,88.488,0.000,88.488,1.847,1833,1577,80.0,1,0,70.1
4667,fixed_split_mlp_covertype,stable,h3,1776521131692.664,1776521131825.184,132.520,0.000,132.520,1.950,1833,1577,80.0,1,0,72.0
4668,fixed_split_mlp_covertype,stable,h3,1776521131826.183,1776521131976.099,149.916,1.048,148.869,1.911,1833,1577,80.0,1,0,74.8
4669,fixed_split_mlp_covertype,stable,h3,1776521131978.099,1776521132132.731,154.632,0.000,153.633,2.084,1833,1577,80.0,1,0,71.2
4670,fixed_split_mlp_covertype,stable,h3,1776521132134.729,1776521132216.971,82.241,0.000,80.277,1.914,1833,1577,80.0,1,0,70.1
4671,fixed_split_mlp_covertype,stable,h3,1776521132218.014,1776521132319.938,101.924,0.000,99.801,1.864,1833,1577,80.0,1,0,70.5
4672,fixed_split_mlp_covertype,stable,h3,1776521132320.979,1776521132403.617,82.638,0.000,81.677,1.789,1833,1577,80.0,1,0,71.6
4673,fixed_split_mlp_covertype,stable,h3,1776521132404.618,1776521132557.271,152.653,0.000,151.687,1.757,1833,1577,80.0,1,0,68.8
4674,fixed_split_mlp_covertype,stable,h3,1776521132559.348,1776521132712.573,153.225,0.000,151.271,1.938,1833,1577,80.0,1,0,71.2
4675,fixed_split_mlp_covertype,stable,h3,1776521132713.571,1776521132853.124,139.553,1.001,137.589,2.002,1833,1577,80.0,1,0,66.4
4676,fixed_split_mlp_covertype,stable,h3,1776521132854.148,1776521133022.009,167.861,0.000,165.997,1.781,1833,1577,80.0,1,0,71.1
4677,fixed_split_mlp_covertype,stable,h3,1776521133023.986,1776521133110.813,86.827,0.000,85.824,1.922,1833,1577,80.0,1,0,70.8
4678,fixed_split_mlp_covertype,stable,h3,1776521133111.815,1776521133195.089,83.274,1.000,82.274,1.859,1833,1577,80.0,1,0,68.8
4679,fixed_split_mlp_covertype,stable,h3,1776521133197.089,1776521133313.225,116.136,0.000,115.077,2.237,1833,1577,80.0,1,0,70.6
4680,fixed_split_mlp_covertype,stable,h3,1776521133315.229,1776521133448.542,133.313,0.000,132.348,1.764,1833,1577,80.0,1,0,71.7
4681,fixed_split_mlp_covertype,stable,h3,1776521133450.542,1776521133623.739,173.197,0.000,173.197,1.880,1833,1577,80.0,1,0,75.7
4682,fixed_split_mlp_covertype,stable,h3,1776521133625.740,1776521133750.801,125.061,0.000,125.061,1.886,1833,1577,80.0,1,0,74.4
4683,fixed_split_mlp_covertype,stable,h3,1776521133752.754,1776521133893.025,140.271,0.000,139.271,1.911,1833,1577,80.0,1,0,75.7
4684,fixed_split_mlp_covertype,stable,h3,1776521133895.024,1776521134036.659,141.635,0.000,140.633,2.030,1833,1577,80.0,1,0,70.8
4685,fixed_split_mlp_covertype,stable,h3,1776521134037.662,1776521134152.329,114.668,0.000,113.668,2.769,1833,1577,80.0,1,0,71.4
4686,fixed_split_mlp_covertype,stable,h3,1776521134153.295,1776521134297.614,144.319,0.000,143.318,1.848,1833,1577,80.0,1,0,67.8
4687,fixed_split_mlp_covertype,stable,h3,1776521134299.614,1776521134395.277,95.663,0.000,94.659,1.867,1833,1577,80.0,1,0,68.8
4688,fixed_split_mlp_covertype,stable,h3,1776521134397.260,1776521134546.812,149.553,0.000,148.555,1.880,1833,1577,80.0,1,0,71.2
4689,fixed_split_mlp_covertype,stable,h3,1776521134547.812,1776521134692.272,144.460,1.001,142.457,1.930,1833,1577,80.0,1,0,70.3
4690,fixed_split_mlp_covertype,stable,h3,1776521134693.270,1776521134836.431,143.162,0.000,143.162,1.953,1833,1577,80.0,1,0,79.2
4691,fixed_split_mlp_covertype,stable,h3,1776521134838.439,1776521134989.522,151.083,0.000,150.178,1.838,1833,1577,80.0,1,0,77.5
4692,fixed_split_mlp_covertype,stable,h3,1776521134990.539,1776521135111.075,120.536,0.000,119.524,1.756,1833,1577,80.0,1,0,69.3
4693,fixed_split_mlp_covertype,stable,h3,1776521135112.065,1776521135239.319,127.254,0.000,124.918,1.989,1833,1577,80.0,1,0,69.5
4694,fixed_split_mlp_covertype,stable,h3,1776521135240.315,1776521135333.958,93.643,0.994,91.646,1.926,1833,1577,80.0,1,0,67.7
4695,fixed_split_mlp_covertype,stable,h3,1776521135334.956,1776521135463.551,128.595,0.963,127.632,1.961,1833,1577,80.0,1,0,70.1
4696,fixed_split_mlp_covertype,stable,h3,1776521135465.707,1776521135582.768,117.061,0.000,116.119,2.125,1833,1577,80.0,1,0,70.2
4697,fixed_split_mlp_covertype,stable,h3,1776521135583.732,1776521135707.409,123.677,0.000,121.639,1.790,1833,1577,80.0,1,0,69.5
4698,fixed_split_mlp_covertype,stable,h3,1776521135708.403,1776521136536.451,828.048,0.000,825.578,1.796,1833,1577,80.0,1,0,20.4
4699,fixed_split_mlp_covertype,stable,h3,1776521136538.452,1776521136736.459,198.008,1.222,195.785,1.840,1833,1577,80.0,1,0,67.7
4700,fixed_split_mlp_covertype,stable,h3,1776521136737.459,1776521136884.001,146.542,1.002,145.540,2.023,1833,1577,80.0,1,0,72.9
4701,fixed_split_mlp_covertype,stable,h3,1776521136886.000,1776521136992.012,106.012,0.000,104.009,1.836,1833,1577,80.0,1,0,72.6
4702,fixed_split_mlp_covertype,stable,h3,1776521136993.012,1776521137148.519,155.507,0.000,154.506,1.859,1833,1577,80.0,1,0,69.6
4703,fixed_split_mlp_covertype,stable,h3,1776521137150.519,1776521137242.026,91.507,0.000,91.507,1.884,1833,1577,80.0,1,0,72.6
4704,fixed_split_mlp_covertype,stable,h3,1776521137245.026,1776521137368.532,123.506,0.000,123.506,2.052,1833,1577,80.0,1,0,71.0
4705,fixed_split_mlp_covertype,stable,h3,1776521137370.532,1776521137435.040,64.507,0.000,63.507,1.758,1833,1577,80.0,0,0,66.7
4706,fixed_split_mlp_covertype,stable,h3,1776521137436.040,1776521137601.052,165.013,1.001,164.012,1.853,1833,1577,80.0,1,0,68.8
4707,fixed_split_mlp_covertype,stable,h3,1776521137603.053,1776521137694.560,91.507,0.000,90.507,1.844,1833,1577,80.0,1,0,72.6
4708,fixed_split_mlp_covertype,stable,h3,1776521137696.560,1776521137791.064,94.504,0.000,94.002,2.251,1833,1577,80.0,1,0,71.8
4709,fixed_split_mlp_covertype,stable,h3,1776521137792.067,1776521138009.406,217.339,0.000,216.339,2.098,1833,1577,80.0,1,0,64.0
4710,fixed_split_mlp_covertype,stable,h3,1776521138010.407,1776521138178.899,168.492,0.984,165.509,1.973,1833,1577,80.0,1,0,68.2
4711,fixed_split_mlp_covertype,stable,h3,1776521138179.910,1776521138334.917,155.006,0.990,153.016,2.214,1833,1577,80.0,1,0,78.8
4712,fixed_split_mlp_covertype,stable,h3,1776521138336.911,1776521138468.418,131.507,1.000,130.506,1.849,1833,1577,80.0,1,0,77.9
4713,fixed_split_mlp_covertype,stable,h3,1776521138469.418,1776521138537.925,68.507,1.001,66.506,1.878,1833,1577,80.0,0,0,70.3
4714,fixed_split_mlp_covertype,stable,h3,1776521138539.942,1776521138660.432,120.490,0.000,119.490,1.686,1833,1577,80.0,1,0,68.5
4715,fixed_split_mlp_covertype,stable,h3,1776521138661.432,1776521138795.451,134.020,1.000,132.017,1.695,1833,1577,80.0,1,0,71.3
4716,fixed_split_mlp_covertype,stable,h3,1776521138796.449,1776521138934.957,138.508,0.000,137.507,1.825,1833,1577,80.0,1,0,71.7
4717,fixed_split_mlp_covertype,stable,h3,1776521138935.956,1776521139073.465,137.509,0.000,135.505,2.060,1833,1577,80.0,1,0,71.1
4718,fixed_split_mlp_covertype,stable,h3,1776521139074.462,1776521139167.971,93.508,0.000,92.508,1.946,1833,1577,80.0,1,0,72.4
4719,fixed_split_mlp_covertype,stable,h3,1776521139169.971,1776521139294.988,125.017,0.000,124.014,1.805,1833,1577,80.0,1,0,70.6
4720,fixed_split_mlp_covertype,stable,h3,1776521139295.986,1776521139386.987,91.001,0.000,90.002,1.892,1833,1577,80.0,1,0,68.7
4721,fixed_split_mlp_covertype,stable,h3,1776521139388.987,1776521139488.500,99.513,0.000,97.508,1.918,1833,1577,80.0,1,0,69.8
4722,fixed_split_mlp_covertype,stable,h3,1776521139489.495,1776521139574.002,84.507,0.000,84.507,1.778,1833,1577,80.0,1,0,70.5
4723,fixed_split_mlp_covertype,stable,h3,1776521139576.002,1776521139719.025,143.023,0.000,142.016,2.036,1833,1577,80.0,1,0,80.9
4724,fixed_split_mlp_covertype,stable,h3,1776521139721.020,1776521139806.526,85.506,0.000,84.506,1.895,1833,1577,80.0,1,0,71.4
4725,fixed_split_mlp_covertype,stable,h3,1776521139807.526,1776521139963.033,155.508,0.000,153.508,1.852,1833,1577,80.0,1,0,70.8
4726,fixed_split_mlp_covertype,stable,h3,1776521139964.034,1776521140060.546,96.512,0.000,94.507,1.997,1833,1577,80.0,1,0,69.1
4727,fixed_split_mlp_covertype,stable,h3,1776521140061.541,1776521140228.555,167.014,0.000,165.013,2.025,1833,1577,80.0,1,0,71.2
4728,fixed_split_mlp_covertype,stable,h3,1776521140229.555,1776521140308.075,78.520,1.000,77.520,2.141,1833,1577,80.0,0,0,70.0
4729,fixed_split_mlp_covertype,stable,h3,1776521140309.075,1776521140419.582,110.507,1.000,108.507,2.038,1833,1577,80.0,1,0,72.1
4730,fixed_split_mlp_covertype,stable,h3,1776521140421.582,1776521140542.089,120.507,0.000,119.507,2.092,1833,1577,80.0,1,0,71.3
4731,fixed_split_mlp_covertype,stable,h3,1776521140543.089,1776521140636.597,93.509,0.000,92.508,1.862,1833,1577,80.0,1,0,71.9
4732,fixed_split_mlp_covertype,stable,h3,1776521140638.597,1776521140764.103,125.506,0.000,124.506,1.962,1833,1577,80.0,1,0,70.5
4733,fixed_split_mlp_covertype,stable,h3,1776521140765.103,1776521140865.611,100.508,0.000,99.508,2.021,1833,1577,80.0,1,0,69.1
4734,fixed_split_mlp_covertype,stable,h3,1776521140867.611,1776521140974.117,106.506,0.000,106.506,1.945,1833,1577,80.0,1,0,70.8
4735,fixed_split_mlp_covertype,stable,h3,1776521140977.120,1776521141022.629,45.509,0.000,44.508,1.789,1833,1577,80.0,0,0,72.9
4736,fixed_split_mlp_covertype,stable,h3,1776521141024.629,1776521141120.136,95.507,0.000,94.538,1.960,1833,1577,80.0,1,0,72.8
4737,fixed_split_mlp_covertype,stable,h3,1776521141122.137,1776521141292.150,170.013,0.000,170.013,2.348,1833,1577,80.0,1,0,69.8
4738,fixed_split_mlp_covertype,stable,h3,1776521141294.150,1776521141351.152,57.001,0.000,54.997,2.043,1833,1577,80.0,0,0,72.3
4739,fixed_split_mlp_covertype,stable,h3,1776521141352.151,1776521141439.657,87.506,1.000,86.507,1.889,1833,1577,80.0,1,0,72.2
4740,fixed_split_mlp_covertype,stable,h3,1776521141440.657,1776521141562.164,121.507,1.000,120.508,1.692,1833,1577,80.0,1,0,72.9
4741,fixed_split_mlp_covertype,stable,h3,1776521141564.164,1776521141703.181,139.017,0.000,138.016,1.944,1833,1577,80.0,1,0,69.4
4742,fixed_split_mlp_covertype,stable,h3,1776521141705.180,1776521141851.688,146.508,0.000,146.508,2.191,1833,1577,80.0,1,0,70.1
4743,fixed_split_mlp_covertype,stable,h3,1776521141853.688,1776521141963.195,109.507,0.000,109.507,2.741,1833,1577,80.0,1,0,72.1
4744,fixed_split_mlp_covertype,stable,h3,1776521141965.195,1776521142135.210,170.015,0.000,170.015,1.906,1833,1577,80.0,1,0,72.9
4745,fixed_split_mlp_covertype,stable,h3,1776521142137.211,1776521142214.717,77.506,0.000,76.506,2.100,1833,1577,80.0,0,0,68.8
4746,fixed_split_mlp_covertype,stable,h3,1776521142216.717,1776521142323.223,106.506,0.000,105.506,1.760,1833,1577,80.0,1,0,70.3
4747,fixed_split_mlp_covertype,stable,h3,1776521142324.224,1776521142407.734,83.510,1.000,81.507,1.785,1833,1577,80.0,1,0,69.1
4748,fixed_split_mlp_covertype,stable,h3,1776521142408.733,1776521142535.239,126.507,0.000,126.507,1.722,1833,1577,80.0,1,0,68.8
4749,fixed_split_mlp_covertype,stable,h3,1776521142537.239,1776521142634.747,97.508,0.000,97.508,1.903,1833,1577,80.0,1,0,71.4
4750,fixed_split_mlp_covertype,stable,h3,1776521142636.746,1776521142742.253,105.507,0.000,105.507,1.924,1833,1577,80.0,1,0,68.8
4751,fixed_split_mlp_covertype,stable,h3,1776521142744.253,1776521142818.760,74.507,0.000,73.507,1.801,1833,1577,80.0,0,0,70.0
4752,fixed_split_mlp_covertype,stable,h3,1776521142820.760,1776521142889.762,69.003,0.000,69.003,1.899,1833,1577,80.0,0,0,70.0
4753,fixed_split_mlp_covertype,stable,h3,1776521142892.269,1776521143047.777,155.508,0.000,153.508,2.001,1833,1577,80.0,1,0,69.4
4754,fixed_split_mlp_covertype,stable,h3,1776521143048.777,1776521143196.791,148.013,0.000,147.010,1.802,1833,1577,80.0,1,0,69.6
4755,fixed_split_mlp_covertype,stable,h3,1776521143198.791,1776521143351.298,152.507,0.000,151.507,2.193,1833,1577,80.0,1,0,68.5
4756,fixed_split_mlp_covertype,stable,h3,1776521143353.298,1776521143475.808,122.510,1.000,121.510,1.788,1833,1577,80.0,1,0,71.1
4757,fixed_split_mlp_covertype,stable,h3,1776521143476.812,1776521143586.318,109.506,0.999,108.507,1.850,1833,1577,80.0,1,0,69.6
4758,fixed_split_mlp_covertype,stable,h3,1776521143588.318,1776521143702.329,114.011,1.000,112.011,2.004,1833,1577,80.0,1,0,71.7
4759,fixed_split_mlp_covertype,stable,h3,1776521143703.329,1776521143873.837,170.508,0.000,168.505,1.776,1833,1577,80.0,1,0,69.5
4760,fixed_split_mlp_covertype,stable,h3,1776521143874.836,1776521144006.856,132.020,1.001,131.019,1.811,1833,1577,80.0,1,0,66.7
4761,fixed_split_mlp_covertype,stable,h3,1776521144008.856,1776521144153.363,144.507,0.000,142.507,1.988,1833,1577,80.0,1,0,69.8
4762,fixed_split_mlp_covertype,stable,h3,1776521144154.363,1776521144281.873,127.510,1.000,126.509,1.960,1833,1577,80.0,1,0,69.3
4763,fixed_split_mlp_covertype,stable,h3,1776521144283.873,1776521144409.885,126.012,1.001,125.011,1.752,1833,1577,80.0,1,0,67.9
4764,fixed_split_mlp_covertype,stable,h3,1776521144411.886,1776521144534.392,122.505,0.000,121.505,1.722,1833,1577,80.0,1,0,69.8
4765,fixed_split_mlp_covertype,stable,h3,1776521144536.392,1776521144627.899,91.507,0.000,91.507,1.751,1833,1577,80.0,1,0,69.5
4766,fixed_split_mlp_covertype,stable,h3,1776521144628.899,1776521144814.914,186.015,1.000,184.015,2.254,1833,1577,80.0,1,0,68.2
4767,fixed_split_mlp_covertype,stable,h3,1776521144815.913,1776521144971.422,155.509,1.000,154.509,2.412,1833,1577,80.0,1,0,70.6
4768,fixed_split_mlp_covertype,stable,h3,1776521144973.421,1776521145049.928,76.507,0.000,75.508,1.806,1833,1577,80.0,0,0,72.5
4769,fixed_split_mlp_covertype,stable,h3,1776521145050.929,1776521145185.438,134.509,1.000,132.508,2.085,1833,1577,80.0,1,0,71.5
4770,fixed_split_mlp_covertype,stable,h3,1776521145186.437,1776521145250.942,64.505,1.000,63.505,1.805,1833,1577,80.0,0,0,67.7
4771,fixed_split_mlp_covertype,stable,h3,1776521145252.942,1776521145345.452,92.510,1.000,90.507,1.882,1833,1577,80.0,1,0,71.3
4772,fixed_split_mlp_covertype,stable,h3,1776521145346.450,1776521145449.957,103.507,1.001,101.507,1.788,1833,1577,80.0,1,0,68.4
4773,fixed_split_mlp_covertype,stable,h3,1776521145450.957,1776521145555.465,104.508,1.001,103.507,1.933,1833,1577,80.0,1,0,68.8
4774,fixed_split_mlp_covertype,stable,h3,1776521145557.466,1776521145678.975,121.510,0.000,121.510,2.008,1833,1577,80.0,1,0,69.5
4775,fixed_split_mlp_covertype,stable,h3,1776521145679.975,1776521145822.986,143.011,1.000,142.011,2.359,1833,1577,80.0,1,0,71.5
4776,fixed_split_mlp_covertype,stable,h3,1776521145824.987,1776521145955.493,130.507,0.000,130.507,1.960,1833,1577,80.0,1,0,68.5
4777,fixed_split_mlp_covertype,stable,h3,1776521145957.493,1776521146095.515,138.021,0.999,137.022,1.991,1833,1577,80.0,1,0,69.4
4778,fixed_split_mlp_covertype,stable,h3,1776521146097.510,1776521146270.018,172.508,0.000,170.506,1.897,1833,1577,80.0,1,0,68.8
4779,fixed_split_mlp_covertype,stable,h3,1776521146271.018,1776521146397.031,126.013,1.000,125.013,1.879,1833,1577,80.0,1,0,70.4
4780,fixed_split_mlp_covertype,stable,h3,1776521146399.032,1776521146552.539,153.507,1.000,152.507,1.874,1833,1577,80.0,1,0,69.4
4781,fixed_split_mlp_covertype,stable,h3,1776521146554.539,1776521146724.555,170.016,0.000,170.016,2.295,1833,1577,80.0,1,0,70.6
4782,fixed_split_mlp_covertype,stable,h3,1776521146726.555,1776521146864.062,137.508,0.000,137.508,10.006,1833,1577,80.0,1,0,70.1
4783,fixed_split_mlp_covertype,stable,h3,1776521146866.063,1776521146977.572,111.509,0.000,109.507,1.777,1833,1577,80.0,1,0,70.5
4784,fixed_split_mlp_covertype,stable,h3,1776521146978.572,1776521147100.584,122.012,1.000,121.012,2.344,1833,1577,80.0,1,0,70.5
4785,fixed_split_mlp_covertype,stable,h3,1776521147102.584,1776521147222.091,119.507,0.000,118.507,2.034,1833,1577,80.0,1,0,70.3
4786,fixed_split_mlp_covertype,stable,h3,1776521147224.091,1776521147371.598,147.507,0.000,146.507,1.781,1833,1577,80.0,1,0,69.2
4787,fixed_split_mlp_covertype,stable,h3,1776521147372.598,1776521147472.105,99.507,0.000,99.507,1.997,1833,1577,80.0,1,0,69.1
4788,fixed_split_mlp_covertype,stable,h3,1776521147474.105,1776521147610.121,136.015,1.003,134.012,2.020,1833,1577,80.0,1,0,69.4
4789,fixed_split_mlp_covertype,stable,h3,1776521147611.120,1776521147666.121,55.001,0.000,54.001,1.854,1833,1577,80.0,0,0,69.8
4790,fixed_split_mlp_covertype,stable,h3,1776521147668.120,1776521147779.629,111.509,0.000,109.509,2.048,1833,1577,80.0,1,0,69.0
4791,fixed_split_mlp_covertype,stable,h3,1776521147780.629,1776521147921.643,141.014,0.000,140.014,1.904,1833,1577,80.0,1,0,68.1
4792,fixed_split_mlp_covertype,stable,h3,1776521147923.643,1776521148029.150,105.507,0.000,103.507,2.015,1833,1577,80.0,1,0,69.6
4793,fixed_split_mlp_covertype,stable,h3,1776521148031.151,1776521148129.661,98.510,0.000,97.509,2.021,1833,1577,80.0,1,0,69.1
4794,fixed_split_mlp_covertype,stable,h3,1776521148130.660,1776521148280.174,149.514,0.000,147.513,1.959,1833,1577,80.0,1,0,71.4
4795,fixed_split_mlp_covertype,stable,h3,1776521148281.174,1776521148351.678,70.504,1.001,69.503,2.227,1833,1577,80.0,0,0,68.8
4796,fixed_split_mlp_covertype,stable,h3,1776521148353.680,1776521148430.186,76.506,0.000,76.506,1.945,1833,1577,80.0,0,0,73.8
4797,fixed_split_mlp_covertype,stable,h3,1776521148432.187,1776521148620.210,188.023,0.000,187.023,2.176,1833,1577,80.0,1,0,76.7
4798,fixed_split_mlp_covertype,stable,h3,1776521148621.210,1776521148782.720,161.510,0.000,160.510,2.108,1833,1577,80.0,1,0,70.0
4799,fixed_split_mlp_covertype,stable,h3,1776521148784.720,1776521148918.732,134.012,0.000,133.012,2.470,1833,1577,80.0,1,0,72.2
4800,fixed_split_mlp_covertype,stable,h3,1776521148919.732,1776521149014.239,94.507,1.001,93.506,1.765,1833,1577,80.0,1,0,74.0
4801,fixed_split_mlp_covertype,stable,h3,1776521149016.239,1776521149124.750,108.511,0.000,108.511,2.661,1833,1577,80.0,1,0,68.8
4802,fixed_split_mlp_covertype,stable,h3,1776521149126.749,1776521149201.257,74.508,0.000,74.508,1.814,1833,1577,80.0,0,0,69.6
4803,fixed_split_mlp_covertype,stable,h3,1776521149203.256,1776521149302.763,99.507,0.000,99.507,2.036,1833,1577,80.0,1,0,70.1
4804,fixed_split_mlp_covertype,stable,h3,1776521149304.763,1776521149440.271,135.508,1.000,134.508,1.738,1833,1577,80.0,1,0,70.3
4805,fixed_split_mlp_covertype,stable,h3,1776521149442.271,1776521149512.779,70.508,0.000,70.508,1.849,1833,1577,80.0,0,0,68.8
4806,fixed_split_mlp_covertype,stable,h3,1776521149514.778,1776521149659.286,144.508,0.000,144.508,1.873,1833,1577,80.0,1,0,68.8
4807,fixed_split_mlp_covertype,stable,h3,1776521149661.286,1776521149785.795,124.509,0.000,123.490,2.148,1833,1577,80.0,1,0,68.8
4808,fixed_split_mlp_covertype,stable,h3,1776521149787.795,1776521149881.302,93.507,0.000,93.507,1.836,1833,1577,80.0,1,0,69.1
4809,fixed_split_mlp_covertype,stable,h3,1776521149883.303,1776521150069.315,186.011,0.000,185.011,1.947,1833,1577,80.0,1,0,70.6
4810,fixed_split_mlp_covertype,stable,h3,1776521150071.314,1776521150186.825,115.510,0.000,115.510,2.047,1833,1577,80.0,1,0,70.6
4811,fixed_split_mlp_covertype,stable,h3,1776521150188.825,1776521150338.848,150.023,0.000,150.023,3.028,1833,1577,80.0,1,0,68.8
4812,fixed_split_mlp_covertype,stable,h3,1776521150340.848,1776521150517.863,177.015,0.000,177.015,1.795,1833,1577,80.0,1,0,68.5
4813,fixed_split_mlp_covertype,stable,h3,1776521150519.863,1776521150644.370,124.507,0.000,124.507,2.051,1833,1577,80.0,1,0,68.8
4814,fixed_split_mlp_covertype,stable,h3,1776521150645.370,1776521150769.877,124.507,1.000,123.507,1.992,1833,1577,80.0,1,0,68.8
4815,fixed_split_mlp_covertype,stable,h3,1776521150771.877,1776521150888.390,116.513,0.000,116.513,1.971,1833,1577,80.0,1,0,70.9
4816,fixed_split_mlp_covertype,stable,h3,1776521150890.391,1776521151030.412,140.020,0.000,139.021,1.896,1833,1577,80.0,1,0,68.3
4817,fixed_split_mlp_covertype,stable,h3,1776521151031.412,1776521151122.922,91.510,1.001,89.507,1.810,1833,1577,80.0,1,0,71.3
4818,fixed_split_mlp_covertype,stable,h3,1776521151123.921,1776521151209.428,85.508,0.000,84.507,1.779,1833,1577,80.0,1,0,67.1
4819,fixed_split_mlp_covertype,stable,h3,1776521151211.429,1776521151323.938,112.509,0.000,110.506,1.890,1833,1577,80.0,1,0,73.4
4820,fixed_split_mlp_covertype,stable,h3,1776521151324.936,1776521151519.954,195.018,1.000,193.018,1.947,1833,1577,80.0,1,0,67.3
4821,fixed_split_mlp_covertype,stable,h3,1776521151520.954,1776521151647.465,126.511,0.000,125.510,1.754,1833,1577,80.0,1,0,68.8
4822,fixed_split_mlp_covertype,stable,h3,1776521151649.465,1776521151796.480,147.015,0.000,146.014,2.330,1833,1577,80.0,1,0,70.3
4823,fixed_split_mlp_covertype,stable,h3,1776521151797.479,1776521151924.987,127.507,1.001,126.507,1.901,1833,1577,80.0,1,0,67.7
4824,fixed_split_mlp_covertype,stable,h3,1776521151926.987,1776521152004.494,77.508,0.000,77.508,2.278,1833,1577,80.0,0,0,68.8
4825,fixed_split_mlp_covertype,stable,h3,1776521152006.495,1776521152158.003,151.508,0.000,150.508,2.061,1833,1577,80.0,1,0,71.2
4826,fixed_split_mlp_covertype,stable,h3,1776521152160.002,1776521152242.512,82.510,0.000,80.507,1.753,1833,1577,80.0,1,0,73.8
4827,fixed_split_mlp_covertype,stable,h3,1776521152244.511,1776521152316.019,71.509,0.000,71.509,1.963,1833,1577,80.0,0,0,77.5
4828,fixed_split_mlp_covertype,stable,h3,1776521152318.020,1776521152483.334,165.314,0.000,164.314,1.873,1833,1577,80.0,1,0,73.0
4829,fixed_split_mlp_covertype,stable,h3,1776521152485.334,1776521152634.347,149.013,0.000,148.013,1.787,1833,1577,80.0,1,0,70.1
4830,fixed_split_mlp_covertype,stable,h3,1776521152636.347,1776521152746.855,110.508,0.000,109.506,1.792,1833,1577,80.0,1,0,72.8
4831,fixed_split_mlp_covertype,stable,h3,1776521152748.855,1776521152885.365,136.510,0.000,136.510,1.991,1833,1577,80.0,1,0,67.8
4832,fixed_split_mlp_covertype,stable,h3,1776521152887.365,1776521152978.873,91.508,0.000,90.508,2.099,1833,1577,80.0,1,0,71.6
4833,fixed_split_mlp_covertype,stable,h3,1776521152979.873,1776521153083.380,103.508,0.000,101.506,1.952,1833,1577,80.0,1,0,68.4
4834,fixed_split_mlp_covertype,stable,h3,1776521153085.451,1776521153129.887,44.435,0.000,44.435,1.896,1833,1577,80.0,0,0,75.0
4835,fixed_split_mlp_covertype,stable,h3,1776521153131.888,1776521153197.393,65.505,0.000,65.505,1.795,1833,1577,80.0,0,0,71.4
4836,fixed_split_mlp_covertype,stable,h3,1776521153199.394,1776521153302.901,103.507,0.000,103.507,1.801,1833,1577,80.0,1,0,67.7
4837,fixed_split_mlp_covertype,stable,h3,1776521153304.901,1776521153428.408,123.507,1.001,121.506,1.970,1833,1577,80.0,1,0,70.5
4838,fixed_split_mlp_covertype,stable,h3,1776521153430.408,1776521153509.916,79.508,0.000,79.508,1.781,1833,1577,80.0,0,0,71.3
4839,fixed_split_mlp_covertype,stable,h3,1776521153511.917,1776521153593.423,81.507,0.000,81.507,1.952,1833,1577,80.0,1,0,67.5
4840,fixed_split_mlp_covertype,stable,h3,1776521153595.423,1776521153687.425,92.002,0.000,91.002,1.903,1833,1577,80.0,1,0,70.5
4841,fixed_split_mlp_covertype,stable,h3,1776521153689.426,1776521153820.439,131.013,0.000,131.013,1.780,1833,1577,80.0,1,0,68.2
4842,fixed_split_mlp_covertype,stable,h3,1776521153822.438,1776521153917.946,95.507,0.000,94.507,1.873,1833,1577,80.0,1,0,72.8
4843,fixed_split_mlp_covertype,stable,h3,1776521153918.946,1776521154053.452,134.506,0.000,132.506,1.712,1833,1577,80.0,1,0,69.8
4844,fixed_split_mlp_covertype,stable,h3,1776521154054.452,1776521154248.467,194.015,0.000,193.014,2.074,1833,1577,80.0,1,0,69.5
4845,fixed_split_mlp_covertype,stable,h3,1776521154250.467,1776521154360.973,110.507,0.000,109.506,1.901,1833,1577,80.0,1,0,67.9
4846,fixed_split_mlp_covertype,stable,h3,1776521154362.973,1776521154485.483,122.510,0.000,122.510,1.735,1833,1577,80.0,1,0,69.8
4847,fixed_split_mlp_covertype,stable,h3,1776521154487.483,1776521154587.990,100.507,0.000,99.507,1.899,1833,1577,80.0,1,0,70.5
4848,fixed_split_mlp_covertype,stable,h3,1776521154589.990,1776521154722.006,132.016,0.000,130.014,2.043,1833,1577,80.0,1,0,69.0
4849,fixed_split_mlp_covertype,stable,h3,1776521154724.004,1776521154816.512,92.509,0.000,91.506,1.928,1833,1577,80.0,1,0,69.5
4850,fixed_split_mlp_covertype,stable,h3,1776521154817.510,1776521154909.021,91.511,0.000,89.508,1.809,1833,1577,80.0,1,0,68.0
4851,fixed_split_mlp_covertype,stable,h3,1776521154910.017,1776521155051.524,141.507,0.000,139.506,1.958,1833,1577,80.0,1,0,69.4
4852,fixed_split_mlp_covertype,stable,h3,1776521155052.524,1776521155134.031,81.507,0.000,79.506,1.938,1833,1577,80.0,1,0,68.8
4853,fixed_split_mlp_covertype,stable,h3,1776521155136.031,1776521155237.539,101.508,0.000,100.507,2.278,1833,1577,80.0,1,0,71.4
4854,fixed_split_mlp_covertype,stable,h3,1776521155238.538,1776521155386.053,147.515,1.000,146.514,2.011,1833,1577,80.0,1,0,69.4
4855,fixed_split_mlp_covertype,stable,h3,1776521155388.049,1776521155514.063,126.014,0.000,125.014,2.029,1833,1577,80.0,1,0,69.0
4856,fixed_split_mlp_covertype,stable,h3,1776521155516.062,1776521155587.065,71.002,0.000,71.002,1.834,1833,1577,80.0,0,0,71.6
4857,fixed_split_mlp_covertype,stable,h3,1776521155589.065,1776521155681.574,92.508,0.000,92.508,1.852,1833,1577,80.0,1,0,70.6
4858,fixed_split_mlp_covertype,stable,h3,1776521155683.573,1776521155836.588,153.015,0.000,152.014,2.151,1833,1577,80.0,1,0,78.1
4859,fixed_split_mlp_covertype,stable,h3,1776521155838.588,1776521155964.099,125.511,0.000,123.505,1.977,1833,1577,80.0,1,0,76.2
4860,fixed_split_mlp_covertype,stable,h3,1776521155965.097,1776521156056.605,91.508,1.002,90.506,1.894,1833,1577,80.0,1,0,74.0
4861,fixed_split_mlp_covertype,stable,h3,1776521156058.606,1776521156192.618,134.012,0.000,131.509,1.717,1833,1577,80.0,1,0,70.8
4862,fixed_split_mlp_covertype,stable,h3,1776521156193.621,1776521156286.624,93.002,0.000,92.000,1.976,1833,1577,80.0,1,0,68.8
4863,fixed_split_mlp_covertype,stable,h3,1776521156288.624,1776521156487.640,199.017,1.001,197.012,1.794,1833,1577,80.0,1,0,69.2
4864,fixed_split_mlp_covertype,stable,h3,1776521156488.640,1776521156582.146,93.506,0.000,91.507,1.721,1833,1577,80.0,1,0,72.1
4865,fixed_split_mlp_covertype,stable,h3,1776521156583.145,1776521156732.160,149.015,1.001,147.010,1.976,1833,1577,80.0,1,0,69.8
4866,fixed_split_mlp_covertype,stable,h3,1776521156733.158,1776521156873.665,140.507,0.000,139.505,1.765,1833,1577,80.0,1,0,70.3
4867,fixed_split_mlp_covertype,stable,h3,1776521156875.665,1776521156972.725,97.060,0.000,96.061,1.790,1833,1577,80.0,1,0,73.2
4868,fixed_split_mlp_covertype,stable,h3,1776521156973.725,1776521157142.743,169.018,1.000,168.018,2.477,1833,1577,80.0,1,0,79.8
4869,fixed_split_mlp_covertype,stable,h3,1776521157144.744,1776521157319.759,175.015,0.000,175.015,1.880,1833,1577,80.0,1,0,70.2
4870,fixed_split_mlp_covertype,stable,h3,1776521157321.759,1776521157443.265,121.506,0.000,121.506,1.826,1833,1577,80.0,1,0,70.3
4871,fixed_split_mlp_covertype,stable,h3,1776521157445.265,1776521157660.690,215.424,0.000,214.424,1.882,1833,1577,80.0,1,0,64.9
4872,fixed_split_mlp_covertype,stable,h3,1776521157661.704,1776521157806.717,145.013,1.000,144.013,1.895,1833,1577,80.0,1,0,69.9
4873,fixed_split_mlp_covertype,stable,h3,1776521157808.717,1776521157907.730,99.013,1.000,97.013,1.892,1833,1577,80.0,1,0,68.4
4874,fixed_split_mlp_covertype,stable,h3,1776521157909.729,1776521157970.730,61.000,0.000,61.000,1.972,1833,1577,80.0,0,0,68.8
4875,fixed_split_mlp_covertype,stable,h3,1776521157972.730,1776521158104.744,132.014,0.000,132.014,1.708,1833,1577,80.0,1,0,70.6
4876,fixed_split_mlp_covertype,stable,h3,1776521158106.744,1776521158200.252,93.508,0.000,92.508,1.920,1833,1577,80.0,1,0,68.8
4877,fixed_split_mlp_covertype,stable,h3,1776521158201.252,1776521158305.760,104.508,1.001,103.507,1.731,1833,1577,80.0,1,0,68.0
4878,fixed_split_mlp_covertype,stable,h3,1776521158306.760,1776521158466.266,159.507,1.000,157.507,1.810,1833,1577,80.0,1,0,69.3
4879,fixed_split_mlp_covertype,stable,h3,1776521158467.267,1776521158663.281,196.014,1.000,195.014,1.910,1833,1577,80.0,1,0,68.8
4880,fixed_split_mlp_covertype,stable,h3,1776521158665.281,1776521158762.788,97.508,0.000,96.506,2.191,1833,1577,80.0,1,0,70.9
4881,fixed_split_mlp_covertype,stable,h3,1776521158764.788,1776521158889.298,124.510,1.001,123.508,1.864,1833,1577,80.0,1,0,69.0
4882,fixed_split_mlp_covertype,stable,h3,1776521158891.298,1776521159086.312,195.014,0.000,195.014,2.132,1833,1577,80.0,1,0,68.4
4883,fixed_split_mlp_covertype,stable,h3,1776521159088.312,1776521159203.326,115.014,1.001,113.013,1.911,1833,1577,80.0,1,0,70.3
4884,fixed_split_mlp_covertype,stable,h3,1776521159204.326,1776521159343.832,139.506,0.000,138.506,2.161,1833,1577,80.0,1,0,70.9
4885,fixed_split_mlp_covertype,stable,h3,1776521159345.832,1776521159510.846,165.014,0.000,164.014,1.889,1833,1577,80.0,1,0,67.6
4886,fixed_split_mlp_covertype,stable,h3,1776521159511.846,1776521159668.353,156.507,1.000,154.507,1.781,1833,1577,80.0,1,0,69.4
4887,fixed_split_mlp_covertype,stable,h3,1776521159670.353,1776521159791.862,121.509,0.000,121.509,20.447,1833,1577,80.0,1,0,72.4
4888,fixed_split_mlp_covertype,stable,h3,1776521159793.364,1776521159918.874,125.510,0.000,124.510,1.940,1833,1577,80.0,1,0,69.5
4889,fixed_split_mlp_covertype,stable,h3,1776521159919.874,1776521160004.381,84.507,1.000,82.508,2.013,1833,1577,80.0,1,0,68.3
4890,fixed_split_mlp_covertype,stable,h3,1776521160006.381,1776521160131.888,125.507,0.000,124.484,1.964,1833,1577,80.0,1,0,72.1
4891,fixed_split_mlp_covertype,stable,h3,1776521160133.887,1776521160259.901,126.014,0.000,126.014,1.888,1833,1577,80.0,1,0,71.5
4892,fixed_split_mlp_covertype,stable,h3,1776521160261.901,1776521160352.913,91.011,0.000,91.011,1.842,1833,1577,80.0,1,0,71.6
4893,fixed_split_mlp_covertype,stable,h3,1776521160354.913,1776521160443.421,88.508,0.000,87.508,1.976,1833,1577,80.0,1,0,67.1
4894,fixed_split_mlp_covertype,stable,h3,1776521160445.421,1776521160559.928,114.507,0.000,112.507,1.805,1833,1577,80.0,1,0,72.2
4895,fixed_split_mlp_covertype,stable,h3,1776521160560.928,1776521160709.942,149.014,1.000,148.013,1.800,1833,1577,80.0,1,0,67.8
4896,fixed_split_mlp_covertype,stable,h3,1776521160711.942,1776521160784.945,73.003,0.000,73.003,1.775,1833,1577,80.0,0,0,73.8
4897,fixed_split_mlp_covertype,stable,h3,1776521160786.945,1776521160980.959,194.013,0.000,194.013,5.919,1833,1577,80.0,1,0,69.7
4898,fixed_split_mlp_covertype,stable,h3,1776521160982.958,1776521161147.970,165.012,0.000,165.012,2.046,1833,1577,80.0,1,0,72.0
4899,fixed_split_mlp_covertype,stable,h3,1776521161149.970,1776521161271.478,121.508,0.000,120.506,17.382,1833,1577,80.0,1,0,75.8
4900,fixed_split_mlp_covertype,stable,h3,1776521161273.478,1776521161380.988,107.510,0.000,107.510,2.254,1833,1577,80.0,1,0,68.8
4901,fixed_split_mlp_covertype,stable,h3,1776521161382.988,1776521161525.007,142.019,0.000,141.014,3.041,1833,1577,80.0,1,0,67.8
4902,fixed_split_mlp_covertype,stable,h3,1776521161526.001,1776521161779.207,253.205,1.000,251.192,26.264,1833,1577,80.0,1,0,55.1
4903,fixed_split_mlp_covertype,stable,h3,1776521161780.208,1776521162229.701,449.493,2.000,446.489,2.005,1833,1577,80.0,1,0,39.2
4904,fixed_split_mlp_covertype,stable,h3,1776521162232.702,1776521162693.714,461.012,0.998,458.007,7.961,1833,1577,80.0,1,0,33.2
4905,fixed_split_mlp_covertype,stable,h3,1776521162697.081,1776521163166.003,468.922,1.012,466.027,2.243,1833,1577,80.0,1,0,32.8
4906,fixed_split_mlp_covertype,stable,h3,1776521163169.013,1776521163791.361,622.348,0.992,620.360,1.901,1833,1577,80.0,1,0,27.1
4907,fixed_split_mlp_covertype,stable,h3,1776521163793.365,1776521164420.122,626.757,1.340,623.931,2.015,1833,1577,80.0,1,0,26.1
4908,fixed_split_mlp_covertype,stable,h3,1776521164422.423,1776521165020.277,597.854,0.000,595.447,2.431,1833,1577,80.0,1,0,24.8
4909,fixed_split_mlp_covertype,stable,h3,1776521165022.276,1776521165639.130,616.854,1.997,614.350,2.542,1833,1577,80.0,1,0,24.5
4910,fixed_split_mlp_covertype,stable,h3,1776521165641.145,1776521166150.560,509.415,1.001,507.188,2.079,1833,1577,80.0,1,0,31.6
4911,fixed_split_mlp_covertype,stable,h3,1776521166152.524,1776521166761.826,609.303,2.109,604.994,2.355,1833,1577,80.0,1,0,23.9
4912,fixed_split_mlp_covertype,stable,h3,1776521166763.842,1776521167375.769,611.928,1.005,608.912,2.140,1833,1577,80.0,1,0,24.8
4913,fixed_split_mlp_covertype,stable,h3,1776521167377.769,1776521167904.030,526.261,0.997,523.867,1.742,1833,1577,80.0,1,0,28.1
4914,fixed_split_mlp_covertype,stable,h3,1776521167906.054,1776521168510.813,604.759,0.994,601.755,1.879,1833,1577,80.0,1,0,25.1
4915,fixed_split_mlp_covertype,stable,h3,1776521168514.419,1776521169117.156,602.738,1.996,600.742,1.719,1833,1577,80.0,1,0,26.9
4916,fixed_split_mlp_covertype,stable,h3,1776521169119.163,1776521169744.001,624.838,1.581,622.338,1.832,1833,1577,80.0,1,0,24.8
4917,fixed_split_mlp_covertype,stable,h3,1776521169746.015,1776521170085.755,339.740,0.000,337.739,2.042,1833,1577,80.0,1,0,44.4
4918,fixed_split_mlp_covertype,stable,h3,1776521170087.750,1776521170241.251,153.501,0.000,150.958,3.230,1833,1577,80.0,1,0,59.1
4919,fixed_split_mlp_covertype,stable,h3,1776521170242.251,1776521170364.493,122.242,0.000,119.524,2.201,1833,1577,80.0,1,0,75.8
4920,fixed_split_mlp_covertype,stable,h3,1776521170366.278,1776521170547.297,181.019,0.000,181.019,1.768,1833,1577,80.0,1,0,75.0
4921,fixed_split_mlp_covertype,stable,h3,1776521170549.296,1776521170762.366,213.070,1.001,212.069,2.268,1833,1577,80.0,1,0,64.7
4922,fixed_split_mlp_covertype,stable,h3,1776521170763.353,1776521170875.891,112.538,0.000,110.964,2.329,1833,1577,80.0,1,0,67.8
4923,fixed_split_mlp_covertype,stable,h3,1776521170877.890,1776521171061.909,184.019,0.000,183.018,4.026,1833,1577,80.0,1,0,69.3
4924,fixed_split_mlp_covertype,stable,h3,1776521171063.908,1776521171189.999,126.091,0.000,125.091,3.162,1833,1577,80.0,1,0,68.8
4925,fixed_split_mlp_covertype,stable,h3,1776521171191.998,1776521171354.011,162.013,0.000,162.013,9.215,1833,1577,80.0,1,0,70.9
4926,fixed_split_mlp_covertype,stable,h3,1776521171356.011,1776521171462.521,106.510,0.000,105.508,2.469,1833,1577,80.0,1,0,71.7
4927,fixed_split_mlp_covertype,stable,h3,1776521171463.520,1776521171562.029,98.509,0.000,97.304,1.804,1833,1577,80.0,1,0,68.3
4928,fixed_split_mlp_covertype,stable,h3,1776521171564.028,1776521171706.538,142.510,0.000,141.507,2.221,1833,1577,80.0,1,0,68.8
4929,fixed_split_mlp_covertype,stable,h3,1776521171707.536,1776521171792.044,84.508,0.000,82.504,2.255,1833,1577,80.0,1,0,69.8
4930,fixed_split_mlp_covertype,stable,h3,1776521171794.042,1776521171876.441,82.399,0.000,82.399,1.884,1833,1577,80.0,1,0,69.6
4931,fixed_split_mlp_covertype,stable,h3,1776521171877.442,1776521172039.952,162.510,1.002,160.508,1.956,1833,1577,80.0,1,0,67.9
4932,fixed_split_mlp_covertype,stable,h3,1776521172041.951,1776521172165.971,124.020,0.000,122.016,2.150,1833,1577,80.0,1,0,71.3
4933,fixed_split_mlp_covertype,stable,h3,1776521172166.970,1776521172243.972,77.002,1.000,76.002,2.392,1833,1577,80.0,0,0,68.3
4934,fixed_split_mlp_covertype,stable,h3,1776521172246.012,1776521172379.518,133.506,1.001,131.505,2.473,1833,1577,80.0,1,0,74.8
4935,fixed_split_mlp_covertype,stable,h3,1776521172380.518,1776521172477.026,96.509,0.000,94.504,1.800,1833,1577,80.0,1,0,78.0
4936,fixed_split_mlp_covertype,stable,h3,1776521172479.025,1776521172640.354,161.329,0.000,160.328,2.771,1833,1577,80.0,1,0,73.4
4937,fixed_split_mlp_covertype,stable,h3,1776521172641.353,1776521172705.862,64.509,1.001,63.508,2.972,1833,1577,80.0,0,0,72.7
4938,fixed_split_mlp_covertype,stable,h3,1776521172707.884,1776521172829.371,121.488,0.000,120.508,4.722,1833,1577,80.0,1,0,77.9
4939,fixed_split_mlp_covertype,stable,h3,1776521172831.503,1776521172912.882,81.379,0.000,80.376,4.388,1833,1577,80.0,1,0,87.7
4940,fixed_split_mlp_covertype,stable,h3,1776521172913.881,1776521173039.392,125.511,0.000,123.510,3.163,1833,1577,80.0,1,0,85.5
4941,fixed_split_mlp_covertype,stable,h3,1776521173040.393,1776521173116.416,76.023,0.000,76.023,1.756,1833,1577,80.0,0,0,76.2
4942,fixed_split_mlp_covertype,stable,h3,1776521173118.416,1776521173226.925,108.509,0.000,106.506,1.764,1833,1577,80.0,1,0,73.9
4943,fixed_split_mlp_covertype,stable,h3,1776521173227.923,1776521173348.937,121.014,1.001,119.013,1.773,1833,1577,80.0,1,0,73.0
4944,fixed_split_mlp_covertype,stable,h3,1776521173349.937,1776521173415.193,65.256,1.001,63.252,1.746,1833,1577,80.0,0,0,76.1
4945,fixed_split_mlp_covertype,stable,h3,1776521173417.192,1776521173534.703,117.511,0.000,117.511,1.940,1833,1577,80.0,1,0,73.4
4946,fixed_split_mlp_covertype,stable,h3,1776521173536.702,1776521173636.209,99.507,0.000,97.505,1.777,1833,1577,80.0,1,0,69.4
4947,fixed_split_mlp_covertype,stable,h3,1776521173637.208,1776521173746.220,109.011,0.000,108.010,1.728,1833,1577,80.0,1,0,69.4
4948,fixed_split_mlp_covertype,stable,h3,1776521173748.219,1776521173860.725,112.506,0.000,111.505,2.300,1833,1577,80.0,1,0,70.4
4949,fixed_split_mlp_covertype,stable,h3,1776521173862.725,1776521174020.233,157.508,0.000,156.507,1.791,1833,1577,80.0,1,0,70.8
4950,fixed_split_mlp_covertype,stable,h3,1776521174022.234,1776521174130.244,108.010,0.000,108.010,1.740,1833,1577,80.0,1,0,71.4
4951,fixed_split_mlp_covertype,stable,h3,1776521174132.245,1776521174234.753,102.507,1.000,100.505,1.836,1833,1577,80.0,1,0,71.2
4952,fixed_split_mlp_covertype,stable,h3,1776521174235.751,1776521174360.762,125.010,1.000,123.010,2.340,1833,1577,80.0,1,0,70.8
4953,fixed_split_mlp_covertype,stable,h3,1776521174361.762,1776521174484.270,122.509,0.000,120.503,1.739,1833,1577,80.0,1,0,71.3
4954,fixed_split_mlp_covertype,stable,h3,1776521174486.270,1776521174615.775,129.505,0.000,129.505,2.228,1833,1577,80.0,1,0,70.3
4955,fixed_split_mlp_covertype,stable,h3,1776521174617.775,1776521174755.787,138.012,0.000,138.012,4.724,1833,1577,80.0,1,0,70.4
4956,fixed_split_mlp_covertype,stable,h3,1776521174757.787,1776521174843.790,86.003,0.000,85.002,2.227,1833,1577,80.0,1,0,71.4
4957,fixed_split_mlp_covertype,stable,h3,1776521174844.790,1776521174985.726,140.936,1.429,138.506,1.875,1833,1577,80.0,1,0,71.0
4958,fixed_split_mlp_covertype,stable,h3,1776521174986.725,1776521175135.235,148.510,1.001,147.510,4.790,1833,1577,80.0,1,0,71.2
4959,fixed_split_mlp_covertype,stable,h3,1776521175137.235,1776521175223.738,86.503,0.000,86.503,1.942,1833,1577,80.0,1,0,72.5
4960,fixed_split_mlp_covertype,stable,h3,1776521175225.738,1776521175323.245,97.507,0.000,97.507,2.505,1833,1577,80.0,1,0,74.5
4961,fixed_split_mlp_covertype,stable,h3,1776521175324.245,1776521175419.754,95.509,1.002,94.507,2.202,1833,1577,80.0,1,0,71.0
4962,fixed_split_mlp_covertype,stable,h3,1776521175421.752,1776521175528.914,107.162,0.000,106.164,1.968,1833,1577,80.0,1,0,73.2
4963,fixed_split_mlp_covertype,stable,h3,1776521175529.914,1776521175613.232,83.318,0.000,81.315,1.778,1833,1577,80.0,1,0,77.8
4964,fixed_split_mlp_covertype,stable,h3,1776521175614.232,1776521175672.740,58.508,0.000,57.507,1.862,1833,1577,80.0,0,0,73.4
4965,fixed_split_mlp_covertype,stable,h3,1776521175674.741,1776521175786.246,111.505,0.000,110.505,1.815,1833,1577,80.0,1,0,71.4
4966,fixed_split_mlp_covertype,stable,h3,1776521175787.247,1776521175945.257,158.010,0.000,157.005,1.879,1833,1577,80.0,1,0,68.8
4967,fixed_split_mlp_covertype,stable,h3,1776521175947.260,1776521176102.768,155.508,0.000,154.505,1.873,1833,1577,80.0,1,0,73.9
4968,fixed_split_mlp_covertype,stable,h3,1776521176104.767,1776521176243.274,138.507,0.000,138.507,1.829,1833,1577,80.0,1,0,70.1
4969,fixed_split_mlp_covertype,stable,h3,1776521176245.275,1776521176387.289,142.015,0.503,140.651,2.275,1833,1577,80.0,1,0,71.5
4970,fixed_split_mlp_covertype,stable,h3,1776521176389.288,1776521176542.797,153.509,0.000,153.509,2.066,1833,1577,80.0,1,0,74.7
4971,fixed_split_mlp_covertype,stable,h3,1776521176545.303,1776521176672.816,127.513,0.000,126.031,2.530,1833,1577,80.0,1,0,72.2
4972,fixed_split_mlp_covertype,stable,h3,1776521176673.816,1776521176796.325,122.510,0.000,120.500,2.338,1833,1577,80.0,1,0,70.0
4973,fixed_split_mlp_covertype,stable,h3,1776521176797.323,1776521176965.180,167.856,0.000,166.856,2.388,1833,1577,80.0,1,0,70.7
4974,fixed_split_mlp_covertype,stable,h3,1776521176967.179,1776521177071.689,104.510,1.004,103.506,2.175,1833,1577,80.0,1,0,75.0
4975,fixed_split_mlp_covertype,stable,h3,1776521177073.692,1776521177181.196,107.505,0.000,106.505,1.889,1833,1577,80.0,1,0,70.9
4976,fixed_split_mlp_covertype,stable,h3,1776521177183.196,1776521177291.703,108.507,0.000,108.507,2.376,1833,1577,80.0,1,0,71.3
4977,fixed_split_mlp_covertype,stable,h3,1776521177293.702,1776521177437.212,143.510,0.000,142.510,2.082,1833,1577,80.0,1,0,69.9
4978,fixed_split_mlp_covertype,stable,h3,1776521177438.212,1776521177542.720,104.508,0.000,102.504,1.835,1833,1577,80.0,1,0,69.9
4979,fixed_split_mlp_covertype,stable,h3,1776521177543.720,1776521177720.733,177.013,1.503,175.510,1.858,1833,1577,80.0,1,0,68.9
4980,fixed_split_mlp_covertype,stable,h3,1776521177722.733,1776521177868.750,146.017,0.000,145.015,3.142,1833,1577,80.0,1,0,69.4
4981,fixed_split_mlp_covertype,stable,h3,1776521177869.748,1776521178029.256,159.508,0.000,157.506,2.210,1833,1577,80.0,1,0,70.3
4982,fixed_split_mlp_covertype,stable,h3,1776521178031.263,1776521178146.275,115.013,0.000,115.013,2.431,1833,1577,80.0,1,0,70.5
4983,fixed_split_mlp_covertype,stable,h3,1776521178148.274,1776521178203.276,55.001,1.001,54.000,1.862,1833,1577,80.0,0,0,70.3
4984,fixed_split_mlp_covertype,stable,h3,1776521178204.275,1776521178336.788,132.513,1.000,130.512,2.048,1833,1577,80.0,1,0,68.2
4985,fixed_split_mlp_covertype,stable,h3,1776521178337.788,1776521178469.800,132.012,1.002,131.009,2.026,1833,1577,80.0,1,0,70.4
4986,fixed_split_mlp_covertype,stable,h3,1776521178471.800,1776521178582.309,110.509,0.000,108.507,1.850,1833,1577,80.0,1,0,71.1
4987,fixed_split_mlp_covertype,stable,h3,1776521178584.310,1776521178666.815,82.505,0.000,82.505,1.778,1833,1577,80.0,1,0,69.8
4988,fixed_split_mlp_covertype,stable,h3,1776521178668.814,1776521178777.324,108.510,1.000,106.507,2.507,1833,1577,80.0,1,0,69.6
4989,fixed_split_mlp_covertype,stable,h3,1776521178778.322,1776521178887.831,109.509,0.000,108.506,1.926,1833,1577,80.0,1,0,67.5
4990,fixed_split_mlp_covertype,stable,h3,1776521178889.832,1776521178979.340,89.509,0.000,88.508,1.904,1833,1577,80.0,1,0,69.8
4991,fixed_split_mlp_covertype,stable,h3,1776521178981.341,1776521179113.847,132.506,0.000,132.506,1.843,1833,1577,80.0,1,0,69.8
4992,fixed_split_mlp_covertype,stable,h3,1776521179115.846,1776521179226.355,110.509,0.000,109.507,1.869,1833,1577,80.0,1,0,69.6
4993,fixed_split_mlp_covertype,stable,h3,1776521179228.354,1776521179325.866,97.511,0.000,96.510,1.816,1833,1577,80.0,1,0,73.9
4994,fixed_split_mlp_covertype,stable,h3,1776521179327.866,1776521179436.376,108.510,0.000,108.510,1.854,1833,1577,80.0,1,0,69.6
4995,fixed_split_mlp_covertype,stable,h3,1776521179438.376,1776521179540.884,102.508,0.000,101.505,2.123,1833,1577,80.0,1,0,69.0
4996,fixed_split_mlp_covertype,stable,h3,1776521179542.884,1776521179632.396,89.513,0.000,88.510,2.133,1833,1577,80.0,1,0,71.2
4997,fixed_split_mlp_covertype,stable,h3,1776521179634.395,1776521179768.405,134.010,0.000,134.010,1.873,1833,1577,80.0,1,0,72.7
4998,fixed_split_mlp_covertype,stable,h3,1776521179770.405,1776521179833.407,63.003,0.000,61.001,2.349,1833,1577,80.0,0,0,63.8
4999,fixed_split_mlp_covertype,stable,h3,1776521179834.407,1776521179996.421,162.014,0.000,160.008,2.055,1833,1577,80.0,1,0,71.3
