request_id,strategy,scenario,chosen_split,t_start_ms,t_end_ms,latency_ms,front_ms,http_ms,server_compute_ms,bytes_up,bytes_down,deadline_ms,missed_deadline,switched,cpu_percent
0,mean_dynamic_mlp_covertype,stable,h3,1776521200715.745,1776521201072.520,356.775,1.997,352.781,1.991,1833,1577,80.0,1,0,17.6
1,mean_dynamic_mlp_covertype,stable,h3,1776521201074.527,1776521201208.069,133.543,0.993,130.548,1.988,1833,1577,80.0,1,0,73.0
2,mean_dynamic_mlp_covertype,stable,h3,1776521201214.051,1776521201370.106,156.054,0.998,152.052,1.966,1833,1577,80.0,1,0,78.8
3,mean_dynamic_mlp_covertype,stable,h3,1776521201373.104,1776521201585.126,212.022,0.000,210.043,1.957,1833,1577,80.0,1,0,76.9
4,mean_dynamic_mlp_covertype,stable,h3,1776521201586.133,1776521201682.632,96.499,0.000,96.499,2.012,1833,1577,80.0,1,0,72.3
5,mean_dynamic_mlp_covertype,stable,h3,1776521201684.635,1776521201841.657,157.023,0.000,157.023,1.709,1833,1577,80.0,1,0,70.6
6,mean_dynamic_mlp_covertype,stable,h3,1776521201843.658,1776521202086.722,243.064,0.000,243.064,2.023,1833,1577,80.0,1,0,62.6
7,mean_dynamic_mlp_covertype,stable,h3,1776521202087.717,1776521202157.225,69.509,0.000,67.507,1.985,1833,1577,80.0,0,0,55.4
8,mean_dynamic_mlp_covertype,stable,h3,1776521202158.224,1776521202291.732,133.508,0.000,131.505,3.245,1833,1577,80.0,1,0,69.9
9,mean_dynamic_mlp_covertype,stable,h3,1776521202293.733,1776521202459.748,166.015,0.000,166.015,2.419,1833,1577,80.0,1,0,68.8
10,mean_dynamic_mlp_covertype,stable,h3,1776521202461.745,1776521202806.027,344.282,0.000,343.377,1.926,1833,1577,80.0,1,0,44.2
11,mean_dynamic_mlp_covertype,stable,h3,1776521202807.445,1776521202995.031,187.586,0.576,186.011,1.853,1833,1577,80.0,1,0,59.5
12,mean_dynamic_mlp_covertype,stable,h3,1776521202997.031,1776521203090.540,93.510,0.000,93.510,2.080,1833,1577,80.0,1,0,70.7
13,mean_dynamic_mlp_covertype,stable,h3,1776521203092.541,1776521203250.554,158.014,0.000,158.014,1.982,1833,1577,80.0,1,0,69.4
14,mean_dynamic_mlp_covertype,stable,h3,1776521203251.554,1776521203371.059,119.505,1.001,118.504,2.040,1833,1577,80.0,1,0,71.4
15,mean_dynamic_mlp_covertype,stable,h3,1776521203373.059,1776521203477.567,104.508,0.000,104.508,1.861,1833,1577,80.0,1,0,72.4
16,mean_dynamic_mlp_covertype,stable,h3,1776521203479.567,1776521203622.076,142.508,0.000,141.509,1.888,1833,1577,80.0,1,0,70.9
17,mean_dynamic_mlp_covertype,stable,h3,1776521203624.078,1776521203772.731,148.653,0.000,147.651,1.969,1833,1577,80.0,1,0,72.6
18,mean_dynamic_mlp_covertype,stable,h3,1776521203774.732,1776521203893.239,118.507,0.000,117.507,1.892,1833,1577,80.0,1,0,70.5
19,mean_dynamic_mlp_covertype,stable,h3,1776521203896.239,1776521204019.750,123.511,0.000,122.507,1.790,1833,1577,80.0,1,0,71.9
20,mean_dynamic_mlp_covertype,stable,h3,1776521204020.746,1776521204155.760,135.014,0.999,133.015,2.016,1833,1577,80.0,1,0,69.4
21,mean_dynamic_mlp_covertype,stable,h3,1776521204156.761,1776521204254.271,97.510,1.000,96.510,1.873,1833,1577,80.0,1,0,69.5
22,mean_dynamic_mlp_covertype,stable,h3,1776521204256.271,1776521204395.777,139.507,0.000,139.507,1.946,1833,1577,80.0,1,0,68.3
23,mean_dynamic_mlp_covertype,stable,h3,1776521204397.777,1776521204546.792,149.015,0.000,148.014,2.057,1833,1577,80.0,1,0,70.0
24,mean_dynamic_mlp_covertype,stable,h3,1776521204548.792,1776521204655.299,106.506,0.000,105.506,1.743,1833,1577,80.0,1,0,70.3
25,mean_dynamic_mlp_covertype,stable,h3,1776521204657.299,1776521204799.809,142.510,0.000,142.510,1.724,1833,1577,80.0,1,0,69.0
26,mean_dynamic_mlp_covertype,stable,h3,1776521204801.808,1776521204947.820,146.012,0.000,145.010,2.004,1833,1577,80.0,1,0,69.2
27,mean_dynamic_mlp_covertype,stable,h3,1776521204949.823,1776521205053.327,103.504,0.000,103.504,4.155,1833,1577,80.0,1,0,71.9
28,mean_dynamic_mlp_covertype,stable,h3,1776521205055.327,1776521205161.836,106.508,0.000,104.507,1.786,1833,1577,80.0,1,0,71.1
29,mean_dynamic_mlp_covertype,stable,h3,1776521205162.834,1776521205265.349,102.514,1.000,100.512,2.230,1833,1577,80.0,1,0,79.8
30,mean_dynamic_mlp_covertype,stable,h3,1776521205266.346,1776521205382.855,116.509,1.000,115.509,1.722,1833,1577,80.0,1,0,74.1
31,mean_dynamic_mlp_covertype,stable,h3,1776521205384.852,1776521205566.371,181.519,0.000,180.515,1.819,1833,1577,80.0,1,0,70.8
32,mean_dynamic_mlp_covertype,stable,h3,1776521205568.371,1776521205637.373,69.002,0.000,69.002,2.434,1833,1577,80.0,0,0,71.6
33,mean_dynamic_mlp_covertype,stable,h3,1776521205638.875,1776521205770.388,131.513,1.005,129.508,2.047,1833,1577,80.0,1,0,72.1
34,mean_dynamic_mlp_covertype,stable,h3,1776521205771.388,1776521205960.406,189.018,0.000,187.017,2.673,1833,1577,80.0,1,0,76.9
35,mean_dynamic_mlp_covertype,stable,h3,1776521205961.405,1776521206111.912,150.507,0.000,149.506,1.978,1833,1577,80.0,1,0,70.2
36,mean_dynamic_mlp_covertype,stable,h3,1776521206114.913,1776521206277.604,162.691,0.000,161.691,1.715,1833,1577,80.0,1,0,73.1
37,mean_dynamic_mlp_covertype,stable,h3,1776521206279.604,1776521206413.111,133.506,0.000,133.506,1.874,1833,1577,80.0,1,0,69.0
38,mean_dynamic_mlp_covertype,stable,h3,1776521206416.111,1776521206494.620,78.510,0.000,78.510,1.810,1833,1577,80.0,0,0,74.7
39,mean_dynamic_mlp_covertype,stable,h3,1776521206496.620,1776521206624.132,127.512,0.000,125.506,1.805,1833,1577,80.0,1,0,69.2
40,mean_dynamic_mlp_covertype,stable,h3,1776521206626.133,1776521206707.637,81.504,0.000,81.504,2.054,1833,1577,80.0,1,0,73.2
41,mean_dynamic_mlp_covertype,stable,h3,1776521206709.636,1776521206803.140,93.504,0.000,92.504,1.898,1833,1577,80.0,1,0,77.1
42,mean_dynamic_mlp_covertype,stable,h3,1776521206804.140,1776521206995.160,191.020,1.000,190.019,1.860,1833,1577,80.0,1,0,70.4
43,mean_dynamic_mlp_covertype,stable,h3,1776521206997.161,1776521207071.668,74.507,0.000,72.506,2.151,1833,1577,80.0,0,0,66.7
44,mean_dynamic_mlp_covertype,stable,h3,1776521207072.667,1776521207260.683,188.016,0.000,187.017,3.014,1833,1577,80.0,1,0,69.2
45,mean_dynamic_mlp_covertype,stable,h3,1776521207262.683,1776521207415.189,152.506,0.000,151.505,2.208,1833,1577,80.0,1,0,71.8
46,mean_dynamic_mlp_covertype,stable,h3,1776521207416.190,1776521207480.696,64.505,1.000,62.505,1.901,1833,1577,80.0,0,0,66.7
47,mean_dynamic_mlp_covertype,stable,h3,1776521207481.695,1776521207594.205,112.509,0.000,111.507,2.040,1833,1577,80.0,1,0,67.5
48,mean_dynamic_mlp_covertype,stable,h3,1776521207596.205,1776521207783.220,187.015,0.000,186.015,2.023,1833,1577,80.0,1,0,71.3
49,mean_dynamic_mlp_covertype,stable,h3,1776521207785.220,1776521207994.593,209.373,0.000,209.373,1.840,1833,1577,80.0,1,0,69.5
50,mean_dynamic_mlp_covertype,stable,h3,1776521207995.729,1776521208074.243,78.513,1.005,76.506,2.027,1833,1577,80.0,0,0,62.8
51,mean_dynamic_mlp_covertype,stable,h3,1776521208075.241,1776521208194.747,119.506,1.001,118.506,1.756,1833,1577,80.0,1,0,71.7
52,mean_dynamic_mlp_covertype,stable,h3,1776521208196.747,1776521208403.550,206.803,0.000,206.803,1.993,1833,1577,80.0,1,0,67.3
53,mean_dynamic_mlp_covertype,stable,h3,1776521208404.539,1776521208505.039,100.501,0.000,100.501,1.780,1833,1577,80.0,1,0,65.0
54,mean_dynamic_mlp_covertype,stable,h3,1776521208507.040,1776521208559.548,52.508,0.000,51.501,1.981,1833,1577,80.0,0,0,73.0
55,mean_dynamic_mlp_covertype,stable,h3,1776521208561.547,1776521208656.055,94.508,0.000,93.508,2.659,1833,1577,80.0,1,0,71.1
56,mean_dynamic_mlp_covertype,stable,h3,1776521208658.055,1776521208754.566,96.511,0.000,95.509,2.074,1833,1577,80.0,1,0,69.5
57,mean_dynamic_mlp_covertype,stable,h3,1776521208756.564,1776521208840.071,83.507,0.000,82.504,1.990,1833,1577,80.0,1,0,69.1
58,mean_dynamic_mlp_covertype,stable,h3,1776521208842.070,1776521208947.585,105.515,0.000,105.515,1.771,1833,1577,80.0,1,0,71.7
59,mean_dynamic_mlp_covertype,stable,h3,1776521208949.583,1776521209044.091,94.508,0.000,93.507,1.816,1833,1577,80.0,1,0,72.3
60,mean_dynamic_mlp_covertype,stable,h3,1776521209045.091,1776521209185.183,140.092,0.000,138.118,2.360,1833,1577,80.0,1,0,70.5
61,mean_dynamic_mlp_covertype,stable,h3,1776521209186.183,1776521209319.694,133.511,0.000,132.511,1.950,1833,1577,80.0,1,0,69.3
62,mean_dynamic_mlp_covertype,stable,h3,1776521209321.694,1776521209385.212,63.518,0.000,62.515,1.859,1833,1577,80.0,0,0,70.7
63,mean_dynamic_mlp_covertype,stable,h3,1776521209387.214,1776521209533.726,146.512,0.999,144.509,1.867,1833,1577,80.0,1,0,75.0
64,mean_dynamic_mlp_covertype,stable,h3,1776521209535.723,1776521209606.228,70.504,0.000,70.504,1.912,1833,1577,80.0,0,0,68.8
65,mean_dynamic_mlp_covertype,stable,h3,1776521209608.229,1776521209747.248,139.019,1.002,137.016,1.773,1833,1577,80.0,1,0,69.4
66,mean_dynamic_mlp_covertype,stable,h3,1776521209749.248,1776521209859.754,110.506,0.000,110.506,1.949,1833,1577,80.0,1,0,68.8
67,mean_dynamic_mlp_covertype,stable,h3,1776521209861.754,1776521209987.261,125.507,0.000,125.507,1.851,1833,1577,80.0,1,0,69.3
68,mean_dynamic_mlp_covertype,stable,h3,1776521209989.262,1776521210093.768,104.506,1.002,103.504,1.856,1833,1577,80.0,1,0,68.1
69,mean_dynamic_mlp_covertype,stable,h3,1776521210095.768,1776521210242.782,147.014,1.001,146.013,1.830,1833,1577,80.0,1,0,68.8
70,mean_dynamic_mlp_covertype,stable,h3,1776521210244.783,1776521210340.800,96.017,0.000,95.013,2.122,1833,1577,80.0,1,0,72.7
71,mean_dynamic_mlp_covertype,stable,h3,1776521210342.801,1776521210417.800,74.999,0.000,73.999,1.935,1833,1577,80.0,0,0,74.4
72,mean_dynamic_mlp_covertype,stable,h3,1776521210418.800,1776521210517.310,98.510,0.000,97.508,1.994,1833,1577,80.0,1,0,68.7
73,mean_dynamic_mlp_covertype,stable,h3,1776521210519.310,1776521210637.819,118.509,0.000,118.509,1.928,1833,1577,80.0,1,0,69.0
74,mean_dynamic_mlp_covertype,stable,h3,1776521210641.329,1776521210720.331,79.002,0.000,79.002,1.905,1833,1577,80.0,0,0,68.8
75,mean_dynamic_mlp_covertype,stable,h3,1776521210722.328,1776521210825.720,103.393,0.000,103.393,1.780,1833,1577,80.0,1,0,68.8
76,mean_dynamic_mlp_covertype,stable,h3,1776521210826.720,1776521210994.262,167.542,1.002,165.540,1.761,1833,1577,80.0,1,0,70.5
77,mean_dynamic_mlp_covertype,stable,h3,1776521210995.264,1776521211107.769,112.505,1.492,111.013,1.948,1833,1577,80.0,1,0,71.4
78,mean_dynamic_mlp_covertype,stable,h3,1776521211110.769,1776521211328.223,217.454,0.000,216.952,1.961,1833,1577,80.0,1,0,66.4
79,mean_dynamic_mlp_covertype,stable,h3,1776521211328.223,1776521211509.218,180.995,0.984,180.011,1.830,1833,1577,80.0,1,0,71.6
80,mean_dynamic_mlp_covertype,stable,h3,1776521211511.218,1776521211679.235,168.017,1.001,167.015,1.974,1833,1577,80.0,1,0,69.5
81,mean_dynamic_mlp_covertype,stable,h3,1776521211681.236,1776521211781.922,100.687,0.000,99.504,2.036,1833,1577,80.0,1,0,73.0
82,mean_dynamic_mlp_covertype,stable,h3,1776521211783.740,1776521211840.245,56.504,0.000,56.504,1.856,1833,1577,80.0,0,0,72.3
83,mean_dynamic_mlp_covertype,stable,h3,1776521211842.248,1776521211939.843,97.595,0.000,96.591,1.924,1833,1577,80.0,1,0,72.9
84,mean_dynamic_mlp_covertype,stable,h3,1776521211941.845,1776521212054.354,112.509,0.000,110.508,1.815,1833,1577,80.0,1,0,72.3
85,mean_dynamic_mlp_covertype,stable,h3,1776521212056.353,1776521212138.355,82.002,0.000,82.002,2.219,1833,1577,80.0,1,0,74.5
86,mean_dynamic_mlp_covertype,stable,h3,1776521212139.858,1776521212225.863,86.005,1.003,85.001,1.878,1833,1577,80.0,1,0,70.4
87,mean_dynamic_mlp_covertype,stable,h3,1776521212227.863,1776521212323.370,95.508,0.000,94.508,1.857,1833,1577,80.0,1,0,74.6
88,mean_dynamic_mlp_covertype,stable,h3,1776521212325.374,1776521212434.880,109.507,0.000,109.507,1.854,1833,1577,80.0,1,0,70.3
89,mean_dynamic_mlp_covertype,stable,h3,1776521212436.881,1776521212587.394,150.513,0.000,148.511,1.941,1833,1577,80.0,1,0,69.0
90,mean_dynamic_mlp_covertype,stable,h3,1776521212589.394,1776521212747.406,158.012,0.000,158.012,2.021,1833,1577,80.0,1,0,69.6
91,mean_dynamic_mlp_covertype,stable,h3,1776521212749.406,1776521212849.917,100.511,0.000,99.507,1.744,1833,1577,80.0,1,0,72.2
92,mean_dynamic_mlp_covertype,stable,h3,1776521212850.914,1776521212953.421,102.508,0.000,100.507,2.003,1833,1577,80.0,1,0,70.8
93,mean_dynamic_mlp_covertype,stable,h3,1776521212954.420,1776521213115.930,161.510,1.001,160.509,2.023,1833,1577,80.0,1,0,69.4
94,mean_dynamic_mlp_covertype,stable,h3,1776521213116.926,1776521213207.433,90.507,1.000,89.507,1.878,1833,1577,80.0,1,0,70.8
95,mean_dynamic_mlp_covertype,stable,h3,1776521213210.433,1776521213383.360,172.927,0.000,170.927,1.851,1833,1577,80.0,1,0,71.3
96,mean_dynamic_mlp_covertype,stable,h3,1776521213384.360,1776521213512.866,128.506,1.000,127.505,1.989,1833,1577,80.0,1,0,69.4
97,mean_dynamic_mlp_covertype,stable,h3,1776521213514.866,1776521213623.376,108.510,1.002,106.504,1.785,1833,1577,80.0,1,0,68.1
98,mean_dynamic_mlp_covertype,stable,h3,1776521213624.374,1776521213724.881,100.507,1.005,99.502,1.921,1833,1577,80.0,1,0,69.1
99,mean_dynamic_mlp_covertype,stable,h3,1776521213726.884,1776521213825.404,98.520,0.000,98.520,1.778,1833,1577,80.0,1,0,70.5
100,mean_dynamic_mlp_covertype,stable,h3,1776521213826.395,1776521213901.901,75.506,1.000,73.503,2.014,1833,1577,80.0,0,0,69.6
101,mean_dynamic_mlp_covertype,stable,h3,1776521213902.900,1776521214012.405,109.505,0.000,109.505,2.138,1833,1577,80.0,1,0,69.6
102,mean_dynamic_mlp_covertype,stable,h3,1776521214014.405,1776521214120.913,106.508,0.000,105.506,2.039,1833,1577,80.0,1,0,69.9
103,mean_dynamic_mlp_covertype,stable,h3,1776521214122.912,1776521214207.423,84.511,0.000,82.510,1.968,1833,1577,80.0,1,0,70.0
104,mean_dynamic_mlp_covertype,stable,h3,1776521214209.423,1776521214355.440,146.018,0.000,145.015,1.864,1833,1577,80.0,1,0,69.8
105,mean_dynamic_mlp_covertype,stable,h3,1776521214357.439,1776521214529.951,172.512,0.000,172.512,2.539,1833,1577,80.0,1,0,68.8
106,mean_dynamic_mlp_covertype,stable,h3,1776521214531.948,1776521214695.961,164.014,0.000,164.014,1.932,1833,1577,80.0,1,0,70.0
107,mean_dynamic_mlp_covertype,stable,h3,1776521214697.962,1776521214812.140,114.179,0.000,113.177,1.755,1833,1577,80.0,1,0,70.3
108,mean_dynamic_mlp_covertype,stable,h3,1776521214815.141,1776521214911.660,96.519,0.000,95.515,2.008,1833,1577,80.0,1,0,84.5
109,mean_dynamic_mlp_covertype,stable,h3,1776521214912.657,1776521215022.165,109.508,1.001,108.507,1.716,1833,1577,80.0,1,0,69.0
110,mean_dynamic_mlp_covertype,stable,h3,1776521215024.163,1776521215174.184,150.021,0.000,150.021,1.992,1833,1577,80.0,1,0,70.3
111,mean_dynamic_mlp_covertype,stable,h3,1776521215176.184,1776521215303.692,127.508,0.000,125.505,1.786,1833,1577,80.0,1,0,68.2
112,mean_dynamic_mlp_covertype,stable,h3,1776521215304.692,1776521215411.200,106.509,0.000,105.506,2.192,1833,1577,80.0,1,0,72.3
113,mean_dynamic_mlp_covertype,stable,h3,1776521215412.198,1776521215527.708,115.510,0.000,114.508,1.978,1833,1577,80.0,1,0,69.3
114,mean_dynamic_mlp_covertype,stable,h3,1776521215529.707,1776521215631.215,101.508,0.000,100.508,2.109,1833,1577,80.0,1,0,67.3
115,mean_dynamic_mlp_covertype,stable,h3,1776521215632.215,1776521215691.724,59.509,1.001,58.508,2.017,1833,1577,80.0,0,0,70.3
116,mean_dynamic_mlp_covertype,stable,h3,1776521215693.724,1776521215786.237,92.514,1.002,91.512,4.481,1833,1577,80.0,1,0,71.9
117,mean_dynamic_mlp_covertype,stable,h3,1776521215787.235,1776521215905.740,118.505,1.000,117.505,2.058,1833,1577,80.0,1,0,71.2
118,mean_dynamic_mlp_covertype,stable,h3,1776521215907.740,1776521216020.247,112.508,0.000,110.509,1.726,1833,1577,80.0,1,0,67.8
119,mean_dynamic_mlp_covertype,stable,h3,1776521216021.247,1776521216105.757,84.511,1.000,83.510,2.382,1833,1577,80.0,1,0,69.5
120,mean_dynamic_mlp_covertype,stable,h3,1776521216107.757,1776521216224.268,116.511,0.000,116.511,5.707,1833,1577,80.0,1,0,68.1
121,mean_dynamic_mlp_covertype,stable,h3,1776521216226.269,1776521216393.289,167.019,0.000,166.015,1.995,1833,1577,80.0,1,0,68.8
122,mean_dynamic_mlp_covertype,stable,h3,1776521216394.284,1776521216516.790,122.506,1.000,121.505,2.048,1833,1577,80.0,1,0,68.8
123,mean_dynamic_mlp_covertype,stable,h3,1776521216518.791,1776521216608.298,89.507,0.000,88.507,1.893,1833,1577,80.0,1,0,71.4
124,mean_dynamic_mlp_covertype,stable,h3,1776521216610.299,1776521216717.463,107.165,0.000,106.165,1.832,1833,1577,80.0,1,0,68.8
125,mean_dynamic_mlp_covertype,stable,h3,1776521216719.462,1776521216843.477,124.015,0.000,124.015,1.829,1833,1577,80.0,1,0,70.5
126,mean_dynamic_mlp_covertype,stable,h3,1776521216845.476,1776521216925.477,80.001,0.000,80.001,2.203,1833,1577,80.0,1,0,70.0
127,mean_dynamic_mlp_covertype,stable,h3,1776521216927.480,1776521217043.494,116.014,0.000,116.014,2.183,1833,1577,80.0,1,0,75.0
128,mean_dynamic_mlp_covertype,stable,h3,1776521217045.494,1776521217122.494,77.000,0.000,76.000,2.048,1833,1577,80.0,0,0,69.6
129,mean_dynamic_mlp_covertype,stable,h3,1776521217124.494,1776521217231.561,107.067,0.000,106.064,3.827,1833,1577,80.0,1,0,68.4
130,mean_dynamic_mlp_covertype,stable,h3,1776521217232.560,1776521217361.578,129.019,0.000,128.015,2.183,1833,1577,80.0,1,0,70.0
131,mean_dynamic_mlp_covertype,stable,h3,1776521217362.575,1776521217509.081,146.506,0.000,145.506,2.509,1833,1577,80.0,1,0,70.3
132,mean_dynamic_mlp_covertype,stable,h3,1776521217511.082,1776521217646.096,135.015,0.000,135.015,1.992,1833,1577,80.0,1,0,67.7
133,mean_dynamic_mlp_covertype,stable,h3,1776521217648.099,1776521217750.603,102.504,0.000,100.503,1.973,1833,1577,80.0,1,0,70.6
134,mean_dynamic_mlp_covertype,stable,h3,1776521217751.604,1776521217877.113,125.509,0.000,124.510,2.051,1833,1577,80.0,1,0,69.5
135,mean_dynamic_mlp_covertype,stable,h3,1776521217879.110,1776521217978.617,99.507,0.000,99.507,2.029,1833,1577,80.0,1,0,70.3
136,mean_dynamic_mlp_covertype,stable,h3,1776521217980.617,1776521218195.115,214.498,0.000,214.498,1.830,1833,1577,80.0,1,0,65.5
137,mean_dynamic_mlp_covertype,stable,h3,1776521218196.131,1776521218322.636,126.505,0.000,125.506,1.756,1833,1577,80.0,1,0,68.2
138,mean_dynamic_mlp_covertype,stable,h3,1776521218324.636,1776521218527.326,202.690,0.000,201.677,1.862,1833,1577,80.0,1,0,66.7
139,mean_dynamic_mlp_covertype,stable,h3,1776521218528.341,1776521218676.351,148.010,0.999,147.011,2.352,1833,1577,80.0,1,0,63.5
140,mean_dynamic_mlp_covertype,stable,h3,1776521218678.351,1776521218844.365,166.014,0.000,166.014,3.706,1833,1577,80.0,1,0,68.9
141,mean_dynamic_mlp_covertype,stable,h3,1776521218846.364,1776521219004.871,158.506,0.000,157.506,1.862,1833,1577,80.0,1,0,68.8
142,mean_dynamic_mlp_covertype,stable,h3,1776521219006.871,1776521219094.377,87.507,0.000,86.507,3.468,1833,1577,80.0,1,0,69.8
143,mean_dynamic_mlp_covertype,stable,h3,1776521219096.377,1776521219262.393,166.016,0.000,166.016,2.267,1833,1577,80.0,1,0,68.8
144,mean_dynamic_mlp_covertype,stable,h3,1776521219264.392,1776521219404.899,140.508,0.000,139.505,1.850,1833,1577,80.0,1,0,68.8
145,mean_dynamic_mlp_covertype,stable,h3,1776521219406.899,1776521219557.912,151.013,0.000,150.012,1.801,1833,1577,80.0,1,0,69.4
146,mean_dynamic_mlp_covertype,stable,h3,1776521219558.912,1776521219664.418,105.506,1.001,104.505,1.857,1833,1577,80.0,1,0,70.1
147,mean_dynamic_mlp_covertype,stable,h3,1776521219666.418,1776521219796.924,130.506,1.001,128.505,1.996,1833,1577,80.0,1,0,73.1
148,mean_dynamic_mlp_covertype,stable,h3,1776521219797.925,1776521219922.434,124.509,0.000,122.508,8.854,1833,1577,80.0,1,0,70.1
149,mean_dynamic_mlp_covertype,stable,h3,1776521219923.434,1776521220143.185,219.751,1.001,218.751,3.004,1833,1577,80.0,1,0,67.3
150,mean_dynamic_mlp_covertype,stable,h3,1776521220144.170,1776521220208.168,63.998,0.000,63.000,1.730,1833,1577,80.0,0,0,61.1
151,mean_dynamic_mlp_covertype,stable,h3,1776521220210.168,1776521220323.684,113.516,0.000,112.515,1.737,1833,1577,80.0,1,0,70.6
152,mean_dynamic_mlp_covertype,stable,h3,1776521220324.684,1776521220533.343,208.660,1.001,207.658,1.876,1833,1577,80.0,1,0,68.3
153,mean_dynamic_mlp_covertype,stable,h3,1776521220534.112,1776521220674.126,140.014,0.000,139.339,1.971,1833,1577,80.0,1,0,67.8
154,mean_dynamic_mlp_covertype,stable,h3,1776521220676.126,1776521220787.636,111.510,1.000,109.506,2.080,1833,1577,80.0,1,0,68.8
155,mean_dynamic_mlp_covertype,stable,h3,1776521220788.631,1776521220936.139,147.508,1.001,145.507,6.690,1833,1577,80.0,1,0,69.6
156,mean_dynamic_mlp_covertype,stable,h3,1776521220937.139,1776521221057.153,120.013,1.003,118.010,2.141,1833,1577,80.0,1,0,70.1
157,mean_dynamic_mlp_covertype,stable,h3,1776521221058.152,1776521221252.165,194.014,0.000,193.013,2.388,1833,1577,80.0,1,0,69.4
158,mean_dynamic_mlp_covertype,stable,h3,1776521221254.165,1776521221362.674,108.510,0.000,107.507,2.919,1833,1577,80.0,1,0,68.5
159,mean_dynamic_mlp_covertype,stable,h3,1776521221364.672,1776521221478.180,113.508,0.000,112.503,1.829,1833,1577,80.0,1,0,69.5
160,mean_dynamic_mlp_covertype,stable,h3,1776521221480.180,1776521221567.689,87.510,0.000,87.510,1.724,1833,1577,80.0,1,0,69.1
161,mean_dynamic_mlp_covertype,stable,h3,1776521221569.689,1776521221716.198,146.509,0.000,144.507,5.284,1833,1577,80.0,1,0,68.8
162,mean_dynamic_mlp_covertype,stable,h3,1776521221717.197,1776521221835.706,118.509,0.000,117.509,2.404,1833,1577,80.0,1,0,68.8
163,mean_dynamic_mlp_covertype,stable,h3,1776521221837.705,1776521221920.212,82.507,0.000,80.504,16.923,1833,1577,80.0,1,0,71.9
164,mean_dynamic_mlp_covertype,stable,h3,1776521221921.213,1776521222037.729,116.516,1.000,115.517,1.844,1833,1577,80.0,1,0,71.4
165,mean_dynamic_mlp_covertype,stable,h3,1776521222038.730,1776521222148.742,110.012,1.000,109.012,4.296,1833,1577,80.0,1,0,69.6
166,mean_dynamic_mlp_covertype,stable,h3,1776521222150.742,1776521222350.757,200.015,0.000,199.014,4.025,1833,1577,80.0,1,0,69.4
167,mean_dynamic_mlp_covertype,stable,h3,1776521222351.759,1776521222497.262,145.504,1.000,143.504,1.814,1833,1577,80.0,1,0,70.3
168,mean_dynamic_mlp_covertype,stable,h3,1776521222499.263,1776521222579.278,80.015,0.000,80.015,3.757,1833,1577,80.0,1,0,68.8
169,mean_dynamic_mlp_covertype,stable,h3,1776521222581.280,1776521222692.413,111.133,0.000,111.133,2.633,1833,1577,80.0,1,0,67.5
170,mean_dynamic_mlp_covertype,stable,h3,1776521222694.412,1776521222834.931,140.518,0.000,139.518,2.110,1833,1577,80.0,1,0,70.1
171,mean_dynamic_mlp_covertype,stable,h3,1776521222835.931,1776521222952.946,117.015,0.000,116.015,4.396,1833,1577,80.0,1,0,68.0
172,mean_dynamic_mlp_covertype,stable,h3,1776521222954.946,1776521223159.561,204.615,0.000,204.615,2.166,1833,1577,80.0,1,0,72.5
173,mean_dynamic_mlp_covertype,stable,h3,1776521223160.670,1776521223247.148,86.478,0.000,85.444,1.853,1833,1577,80.0,1,0,67.3
174,mean_dynamic_mlp_covertype,stable,h3,1776521223249.090,1776521223346.693,97.604,0.000,96.600,1.803,1833,1577,80.0,1,0,68.0
175,mean_dynamic_mlp_covertype,stable,h3,1776521223348.672,1776521223456.784,108.112,0.000,108.112,1.752,1833,1577,80.0,1,0,68.1
176,mean_dynamic_mlp_covertype,stable,h3,1776521223458.785,1776521223591.520,132.735,0.000,132.735,1.795,1833,1577,80.0,1,0,69.9
177,mean_dynamic_mlp_covertype,stable,h3,1776521223593.519,1776521223681.088,87.569,0.000,87.569,2.106,1833,1577,80.0,1,0,71.7
178,mean_dynamic_mlp_covertype,stable,h3,1776521223683.119,1776521223798.669,115.551,0.000,114.610,1.789,1833,1577,80.0,1,0,76.3
179,mean_dynamic_mlp_covertype,stable,h3,1776521223799.669,1776521223918.370,118.701,1.003,116.639,1.987,1833,1577,80.0,1,0,68.8
180,mean_dynamic_mlp_covertype,stable,h3,1776521223920.311,1776521224027.009,106.698,0.000,106.698,1.902,1833,1577,80.0,1,0,71.4
181,mean_dynamic_mlp_covertype,stable,h3,1776521224028.013,1776521224166.363,138.350,1.000,136.316,2.120,1833,1577,80.0,1,0,72.6
182,mean_dynamic_mlp_covertype,stable,h3,1776521224167.476,1776521224240.639,73.163,0.000,71.137,2.195,1833,1577,80.0,0,0,75.0
183,mean_dynamic_mlp_covertype,stable,h3,1776521224241.640,1776521224362.008,120.368,0.000,119.273,2.375,1833,1577,80.0,1,0,75.6
184,mean_dynamic_mlp_covertype,stable,h3,1776521224364.010,1776521224511.933,147.923,0.000,147.923,1.905,1833,1577,80.0,1,0,71.1
185,mean_dynamic_mlp_covertype,stable,h3,1776521224513.859,1776521224633.688,119.829,0.000,119.829,2.012,1833,1577,80.0,1,0,69.9
186,mean_dynamic_mlp_covertype,stable,h3,1776521224635.686,1776521224739.258,103.572,0.000,102.548,1.815,1833,1577,80.0,1,0,69.9
187,mean_dynamic_mlp_covertype,stable,h3,1776521224741.259,1776521224803.628,62.369,0.000,62.369,2.148,1833,1577,80.0,0,0,77.8
188,mean_dynamic_mlp_covertype,stable,h3,1776521224805.698,1776521224868.281,62.583,0.000,61.649,1.829,1833,1577,80.0,0,0,77.3
189,mean_dynamic_mlp_covertype,stable,h3,1776521224870.211,1776521224970.950,100.739,0.000,100.739,1.912,1833,1577,80.0,1,0,70.7
190,mean_dynamic_mlp_covertype,stable,h3,1776521224972.954,1776521225091.464,118.511,0.000,117.419,1.819,1833,1577,80.0,1,0,72.4
191,mean_dynamic_mlp_covertype,stable,h3,1776521225093.528,1776521225181.004,87.476,0.000,87.476,2.428,1833,1577,80.0,1,0,72.6
192,mean_dynamic_mlp_covertype,stable,h3,1776521225182.976,1776521225349.790,166.814,0.000,166.814,1.994,1833,1577,80.0,1,0,73.3
193,mean_dynamic_mlp_covertype,stable,h3,1776521225351.793,1776521225455.134,103.341,0.000,103.341,1.774,1833,1577,80.0,1,0,71.3
194,mean_dynamic_mlp_covertype,stable,h3,1776521225457.070,1776521225615.805,158.735,0.000,158.735,1.995,1833,1577,80.0,1,0,71.5
195,mean_dynamic_mlp_covertype,stable,h3,1776521225617.866,1776521225708.516,90.651,0.000,89.709,1.980,1833,1577,80.0,1,0,69.7
196,mean_dynamic_mlp_covertype,stable,h3,1776521225710.578,1776521225827.286,116.708,0.000,114.698,1.802,1833,1577,80.0,1,0,71.7
197,mean_dynamic_mlp_covertype,stable,h3,1776521225829.220,1776521225967.612,138.392,0.000,137.352,1.840,1833,1577,80.0,1,0,70.4
198,mean_dynamic_mlp_covertype,stable,h3,1776521225969.514,1776521226109.268,139.754,0.000,138.754,2.942,1833,1577,80.0,1,0,67.8
199,mean_dynamic_mlp_covertype,stable,h3,1776521226110.209,1776521226205.772,95.563,0.000,94.627,5.440,1833,1577,80.0,1,0,68.0
200,mean_dynamic_mlp_covertype,stable,h3,1776521226206.772,1776521226262.351,55.578,0.997,54.581,2.078,1833,1577,80.0,0,0,69.8
201,mean_dynamic_mlp_covertype,stable,h3,1776521226264.352,1776521226381.005,116.653,0.000,116.653,2.102,1833,1577,80.0,1,0,69.3
202,mean_dynamic_mlp_covertype,stable,h3,1776521226383.897,1776521226514.763,130.865,0.000,129.862,1.845,1833,1577,80.0,1,0,70.4
203,mean_dynamic_mlp_covertype,stable,h3,1776521226515.754,1776521226725.414,209.660,0.943,208.717,2.309,1833,1577,80.0,1,0,69.1
204,mean_dynamic_mlp_covertype,stable,h3,1776521226726.427,1776521226849.441,123.014,0.000,121.013,1.975,1833,1577,80.0,1,0,73.5
205,mean_dynamic_mlp_covertype,stable,h3,1776521226850.441,1776521226965.948,115.507,0.000,113.507,2.033,1833,1577,80.0,1,0,70.6
206,mean_dynamic_mlp_covertype,stable,h3,1776521226966.948,1776521227064.455,97.507,0.000,95.506,1.852,1833,1577,80.0,1,0,68.0
207,mean_dynamic_mlp_covertype,stable,h3,1776521227066.455,1776521227191.961,125.506,0.000,125.506,1.941,1833,1577,80.0,1,0,69.0
208,mean_dynamic_mlp_covertype,stable,h3,1776521227193.961,1776521227283.468,89.507,0.000,89.507,2.281,1833,1577,80.0,1,0,68.0
209,mean_dynamic_mlp_covertype,stable,h3,1776521227285.468,1776521227406.975,121.508,0.000,121.508,1.914,1833,1577,80.0,1,0,70.3
210,mean_dynamic_mlp_covertype,stable,h3,1776521227408.975,1776521227596.988,188.013,0.000,187.012,2.072,1833,1577,80.0,1,0,69.3
211,mean_dynamic_mlp_covertype,stable,h3,1776521227598.988,1776521227705.495,106.507,0.000,105.507,5.066,1833,1577,80.0,1,0,68.8
212,mean_dynamic_mlp_covertype,stable,h3,1776521227706.496,1776521227832.004,125.509,1.000,123.506,1.969,1833,1577,80.0,1,0,68.8
213,mean_dynamic_mlp_covertype,stable,h3,1776521227834.004,1776521228000.015,166.011,0.000,166.011,1.849,1833,1577,80.0,1,0,69.7
214,mean_dynamic_mlp_covertype,stable,h3,1776521228002.016,1776521228145.524,143.509,0.000,142.508,1.868,1833,1577,80.0,1,0,69.5
215,mean_dynamic_mlp_covertype,stable,h3,1776521228147.032,1776521228277.542,130.509,1.003,128.506,2.656,1833,1577,80.0,1,0,69.7
216,mean_dynamic_mlp_covertype,stable,h3,1776521228278.541,1776521228399.048,120.506,1.000,119.506,1.997,1833,1577,80.0,1,0,67.5
217,mean_dynamic_mlp_covertype,stable,h3,1776521228400.048,1776521228494.554,94.506,1.000,92.507,1.836,1833,1577,80.0,1,0,70.3
218,mean_dynamic_mlp_covertype,stable,h3,1776521228495.554,1776521228674.573,179.019,1.000,178.019,1.798,1833,1577,80.0,1,0,68.9
219,mean_dynamic_mlp_covertype,stable,h3,1776521228676.573,1776521228807.080,130.507,0.000,130.507,1.950,1833,1577,80.0,1,0,70.2
220,mean_dynamic_mlp_covertype,stable,h3,1776521228809.080,1776521228920.586,111.506,0.000,110.506,1.935,1833,1577,80.0,1,0,67.8
221,mean_dynamic_mlp_covertype,stable,h3,1776521228922.586,1776521229045.096,122.510,0.000,122.510,1.865,1833,1577,80.0,1,0,68.8
222,mean_dynamic_mlp_covertype,stable,h3,1776521229047.602,1776521229206.109,158.506,0.000,157.506,1.741,1833,1577,80.0,1,0,70.4
223,mean_dynamic_mlp_covertype,stable,h3,1776521229208.109,1776521229421.382,213.273,0.000,213.273,3.028,1833,1577,80.0,1,0,66.8
224,mean_dynamic_mlp_covertype,stable,h3,1776521229422.394,1776521229479.898,57.505,0.999,56.506,2.010,1833,1577,80.0,0,0,62.9
225,mean_dynamic_mlp_covertype,stable,h3,1776521229480.898,1776521229585.406,104.507,0.000,103.506,1.995,1833,1577,80.0,1,0,69.1
226,mean_dynamic_mlp_covertype,stable,h3,1776521229587.406,1776521229660.912,73.506,0.000,73.506,1.837,1833,1577,80.0,0,0,68.3
227,mean_dynamic_mlp_covertype,stable,h3,1776521229662.912,1776521229752.419,89.507,0.000,88.507,2.148,1833,1577,80.0,1,0,68.8
228,mean_dynamic_mlp_covertype,stable,h3,1776521229753.418,1776521230003.274,249.855,0.000,248.855,2.652,1833,1577,80.0,1,0,57.1
229,mean_dynamic_mlp_covertype,stable,h3,1776521230004.390,1776521230455.544,451.153,1.263,448.312,1.857,1833,1577,80.0,1,0,34.2
230,mean_dynamic_mlp_covertype,stable,h3,1776521230456.543,1776521230925.500,468.957,1.088,465.951,2.469,1833,1577,80.0,1,0,31.2
231,mean_dynamic_mlp_covertype,stable,h3,1776521230926.496,1776521231373.807,447.311,1.113,445.176,2.065,1833,1577,80.0,1,0,32.5
232,mean_dynamic_mlp_covertype,stable,h3,1776521231374.809,1776521231842.326,467.517,0.639,464.517,2.027,1833,1577,80.0,1,0,30.3
233,mean_dynamic_mlp_covertype,stable,h3,1776521231845.317,1776521232413.004,567.687,0.999,563.577,2.638,1833,1577,80.0,1,0,26.9
234,mean_dynamic_mlp_covertype,stable,h3,1776521232415.898,1776521233013.280,597.382,1.194,594.452,1.976,1833,1577,80.0,1,0,22.9
235,mean_dynamic_mlp_covertype,stable,h3,1776521233014.279,1776521233736.875,722.596,2.001,719.791,1.830,1833,1577,80.0,1,0,21.3
236,mean_dynamic_mlp_covertype,stable,h3,1776521233739.775,1776521234350.677,610.903,0.999,609.904,1.953,1833,1577,80.0,1,0,27.4
237,mean_dynamic_mlp_covertype,stable,h3,1776521234352.677,1776521234959.546,606.869,0.996,603.749,2.796,1833,1577,80.0,1,0,22.5
238,mean_dynamic_mlp_covertype,stable,h3,1776521234962.346,1776521235582.189,619.843,1.002,617.843,2.144,1833,1577,80.0,1,0,21.9
239,mean_dynamic_mlp_covertype,stable,h3,1776521235584.614,1776521236099.361,514.747,0.000,512.444,3.500,1833,1577,80.0,1,0,28.7
240,mean_dynamic_mlp_covertype,stable,h3,1776521236101.202,1776521236703.143,601.940,0.000,599.922,1.791,1833,1577,80.0,1,0,24.1
241,mean_dynamic_mlp_covertype,stable,h3,1776521236705.141,1776521237215.990,510.849,1.001,508.691,1.986,1833,1577,80.0,1,0,34.2
242,mean_dynamic_mlp_covertype,stable,h3,1776521237217.835,1776521237825.658,607.823,0.000,606.825,1.825,1833,1577,80.0,1,0,22.6
243,mean_dynamic_mlp_covertype,stable,h3,1776521237830.010,1776521237964.598,134.587,0.646,131.934,2.264,1833,1577,80.0,1,0,63.3
244,mean_dynamic_mlp_covertype,stable,h3,1776521237969.598,1776521238225.380,255.782,10.989,242.789,2.411,1833,1577,80.0,1,0,61.6
245,mean_dynamic_mlp_covertype,stable,h3,1776521238227.379,1776521238430.794,203.416,0.994,202.421,2.396,1833,1577,80.0,1,0,63.9
246,mean_dynamic_mlp_covertype,stable,h3,1776521238431.803,1776521238628.790,196.987,0.929,195.059,2.083,1833,1577,80.0,1,0,65.6
247,mean_dynamic_mlp_covertype,stable,h3,1776521238629.789,1776521238848.074,218.286,1.005,217.281,2.671,1833,1577,80.0,1,0,63.3
248,mean_dynamic_mlp_covertype,stable,h3,1776521238849.123,1776521238978.541,129.418,0.905,128.513,2.116,1833,1577,80.0,1,0,72.0
249,mean_dynamic_mlp_covertype,stable,h3,1776521238980.541,1776521239257.976,277.435,0.000,275.416,2.228,1833,1577,80.0,1,0,52.9
250,mean_dynamic_mlp_covertype,stable,h3,1776521239260.017,1776521239487.566,227.549,0.957,226.592,1.950,1833,1577,80.0,1,0,57.3
251,mean_dynamic_mlp_covertype,stable,h3,1776521239488.627,1776521239675.739,187.112,0.000,186.152,2.055,1833,1577,80.0,1,0,69.2
252,mean_dynamic_mlp_covertype,stable,h3,1776521239677.683,1776521239844.703,167.021,0.000,165.019,2.375,1833,1577,80.0,1,0,76.0
253,mean_dynamic_mlp_covertype,stable,h3,1776521239846.701,1776521239997.578,150.877,0.000,149.877,1.797,1833,1577,80.0,1,0,74.5
254,mean_dynamic_mlp_covertype,stable,h3,1776521239998.578,1776521240088.091,89.512,1.001,87.511,2.216,1833,1577,80.0,1,0,76.8
255,mean_dynamic_mlp_covertype,stable,h3,1776521240089.090,1776521240221.603,132.513,1.000,131.513,2.022,1833,1577,80.0,1,0,69.0
256,mean_dynamic_mlp_covertype,stable,h3,1776521240222.602,1776521240319.128,96.526,1.001,95.525,5.486,1833,1577,80.0,1,0,77.3
257,mean_dynamic_mlp_covertype,stable,h3,1776521240321.128,1776521240460.355,139.227,0.000,138.226,2.189,1833,1577,80.0,1,0,68.8
258,mean_dynamic_mlp_covertype,stable,h3,1776521240462.355,1776521240616.874,154.519,0.000,152.514,2.201,1833,1577,80.0,1,0,70.4
259,mean_dynamic_mlp_covertype,stable,h3,1776521240617.874,1776521240738.892,121.018,0.000,120.013,3.387,1833,1577,80.0,1,0,70.5
260,mean_dynamic_mlp_covertype,stable,h3,1776521240740.892,1776521240807.892,67.000,0.000,65.999,2.305,1833,1577,80.0,0,0,71.2
261,mean_dynamic_mlp_covertype,stable,h3,1776521240809.892,1776521240921.406,111.514,0.000,110.513,2.118,1833,1577,80.0,1,0,70.8
262,mean_dynamic_mlp_covertype,stable,h3,1776521240923.406,1776521241025.920,102.514,0.000,102.514,2.339,1833,1577,80.0,1,0,70.5
263,mean_dynamic_mlp_covertype,stable,h3,1776521241027.422,1776521241157.937,130.514,1.005,129.510,1.996,1833,1577,80.0,1,0,71.9
264,mean_dynamic_mlp_covertype,stable,h3,1776521241159.937,1776521241316.908,156.971,0.000,155.968,2.419,1833,1577,80.0,1,0,71.7
265,mean_dynamic_mlp_covertype,stable,h3,1776521241318.909,1776521241428.879,109.970,0.000,108.970,1.871,1833,1577,80.0,1,0,70.8
266,mean_dynamic_mlp_covertype,stable,h3,1776521241429.879,1776521241522.883,93.004,1.003,92.001,1.785,1833,1577,80.0,1,0,71.9
267,mean_dynamic_mlp_covertype,stable,h3,1776521241524.883,1776521241638.956,114.073,0.000,114.073,1.881,1833,1577,80.0,1,0,79.7
268,mean_dynamic_mlp_covertype,stable,h3,1776521241640.957,1776521241728.465,87.508,0.000,87.508,1.780,1833,1577,80.0,1,0,70.1
269,mean_dynamic_mlp_covertype,stable,h3,1776521241730.466,1776521241824.632,94.166,0.000,94.166,1.895,1833,1577,80.0,1,0,74.7
270,mean_dynamic_mlp_covertype,stable,h3,1776521241827.135,1776521241949.650,122.514,0.000,122.514,2.092,1833,1577,80.0,1,0,70.5
271,mean_dynamic_mlp_covertype,stable,h3,1776521241951.650,1776521242012.653,61.003,0.000,61.003,2.746,1833,1577,80.0,0,0,70.3
272,mean_dynamic_mlp_covertype,stable,h3,1776521242014.653,1776521242187.743,173.090,0.000,171.089,2.045,1833,1577,80.0,1,0,77.6
273,mean_dynamic_mlp_covertype,stable,h3,1776521242188.743,1776521242321.259,132.516,0.000,130.515,2.094,1833,1577,80.0,1,0,66.7
274,mean_dynamic_mlp_covertype,stable,h3,1776521242323.262,1776521242440.727,117.465,0.000,117.465,1.742,1833,1577,80.0,1,0,72.5
275,mean_dynamic_mlp_covertype,stable,h3,1776521242442.727,1776521242524.737,82.010,0.000,80.002,1.909,1833,1577,80.0,1,0,68.8
276,mean_dynamic_mlp_covertype,stable,h3,1776521242525.730,1776521242622.242,96.512,0.000,96.512,2.115,1833,1577,80.0,1,0,73.2
277,mean_dynamic_mlp_covertype,stable,h3,1776521242624.243,1776521242703.576,79.333,0.000,78.329,2.139,1833,1577,80.0,0,0,71.8
278,mean_dynamic_mlp_covertype,stable,h3,1776521242705.577,1776521242841.666,136.090,0.000,135.089,2.689,1833,1577,80.0,1,0,69.7
279,mean_dynamic_mlp_covertype,stable,h3,1776521242843.666,1776521242964.178,120.512,0.000,119.511,3.927,1833,1577,80.0,1,0,69.3
280,mean_dynamic_mlp_covertype,stable,h3,1776521242966.176,1776521243094.155,127.979,0.000,125.978,3.548,1833,1577,80.0,1,0,68.2
281,mean_dynamic_mlp_covertype,stable,h3,1776521243095.155,1776521243220.840,125.685,0.000,124.677,1.902,1833,1577,80.0,1,0,68.2
282,mean_dynamic_mlp_covertype,stable,h3,1776521243222.836,1776521243337.852,115.016,0.000,114.015,1.906,1833,1577,80.0,1,0,69.5
283,mean_dynamic_mlp_covertype,stable,h3,1776521243339.852,1776521243480.364,140.512,0.000,138.510,1.836,1833,1577,80.0,1,0,69.0
284,mean_dynamic_mlp_covertype,stable,h3,1776521243481.364,1776521243588.879,107.515,0.000,105.513,1.791,1833,1577,80.0,1,0,69.6
285,mean_dynamic_mlp_covertype,stable,h3,1776521243589.879,1776521243693.391,103.512,1.001,102.512,2.207,1833,1577,80.0,1,0,68.0
286,mean_dynamic_mlp_covertype,stable,h3,1776521243695.391,1776521243801.906,106.514,0.000,105.510,2.005,1833,1577,80.0,1,0,69.6
287,mean_dynamic_mlp_covertype,stable,h3,1776521243802.906,1776521243933.927,131.021,1.000,130.021,2.518,1833,1577,80.0,1,0,70.3
288,mean_dynamic_mlp_covertype,stable,h3,1776521243934.927,1776521244025.930,91.003,1.000,90.003,4.131,1833,1577,80.0,1,0,69.8
289,mean_dynamic_mlp_covertype,stable,h3,1776521244027.432,1776521244173.946,146.514,1.005,145.509,1.878,1833,1577,80.0,1,0,69.4
290,mean_dynamic_mlp_covertype,stable,h3,1776521244175.947,1776521244291.456,115.510,0.000,115.510,1.872,1833,1577,80.0,1,0,71.0
291,mean_dynamic_mlp_covertype,stable,h3,1776521244292.456,1776521244393.966,101.510,1.000,99.510,1.866,1833,1577,80.0,1,0,66.3
292,mean_dynamic_mlp_covertype,stable,h3,1776521244395.966,1776521244478.970,83.005,0.000,83.005,2.042,1833,1577,80.0,1,0,70.2
293,mean_dynamic_mlp_covertype,stable,h3,1776521244480.970,1776521244585.483,104.512,0.000,103.511,1.783,1833,1577,80.0,1,0,69.4
294,mean_dynamic_mlp_covertype,stable,h3,1776521244586.482,1776521244667.615,81.133,1.002,80.130,1.856,1833,1577,80.0,1,0,72.9
295,mean_dynamic_mlp_covertype,stable,h3,1776521244669.615,1776521244782.126,112.511,0.000,110.510,2.239,1833,1577,80.0,1,0,68.1
296,mean_dynamic_mlp_covertype,stable,h3,1776521244783.126,1776521244939.147,156.021,1.000,155.021,3.015,1833,1577,80.0,1,0,68.8
297,mean_dynamic_mlp_covertype,stable,h3,1776521244940.147,1776521245115.660,175.512,1.000,173.512,2.988,1833,1577,80.0,1,0,69.4
298,mean_dynamic_mlp_covertype,stable,h3,1776521245116.660,1776521245288.861,172.201,0.000,171.021,1.841,1833,1577,80.0,1,0,70.5
299,mean_dynamic_mlp_covertype,stable,h3,1776521245290.863,1776521245389.371,98.508,0.000,98.508,1.937,1833,1577,80.0,1,0,70.5
300,mean_dynamic_mlp_covertype,stable,h3,1776521245391.374,1776521245524.884,133.509,0.000,132.509,2.099,1833,1577,80.0,1,0,66.7
301,mean_dynamic_mlp_covertype,stable,h3,1776521245525.884,1776521245671.903,146.019,1.001,145.018,2.520,1833,1577,80.0,1,0,68.8
302,mean_dynamic_mlp_covertype,stable,h3,1776521245673.902,1776521245742.413,68.510,0.000,67.508,4.358,1833,1577,80.0,0,0,70.3
303,mean_dynamic_mlp_covertype,stable,h3,1776521245744.413,1776521245872.923,128.510,0.000,128.510,1.894,1833,1577,80.0,1,0,72.7
304,mean_dynamic_mlp_covertype,stable,h3,1776521245874.923,1776521245984.435,109.511,0.000,109.511,2.780,1833,1577,80.0,1,0,68.8
305,mean_dynamic_mlp_covertype,stable,h3,1776521245985.434,1776521246149.192,163.758,1.004,162.754,3.775,1833,1577,80.0,1,0,73.2
306,mean_dynamic_mlp_covertype,stable,h3,1776521246151.192,1776521246293.701,142.509,1.001,141.507,4.199,1833,1577,80.0,1,0,69.2
307,mean_dynamic_mlp_covertype,stable,h3,1776521246295.704,1776521246400.210,104.506,0.000,104.506,1.885,1833,1577,80.0,1,0,69.9
308,mean_dynamic_mlp_covertype,stable,h3,1776521246402.210,1776521246551.229,149.019,1.000,148.019,2.146,1833,1577,80.0,1,0,68.3
309,mean_dynamic_mlp_covertype,stable,h3,1776521246553.229,1776521246680.742,127.513,1.001,125.512,1.875,1833,1577,80.0,1,0,68.8
310,mean_dynamic_mlp_covertype,stable,h3,1776521246681.742,1776521246746.251,64.509,1.000,62.509,2.008,1833,1577,80.0,0,0,71.2
311,mean_dynamic_mlp_covertype,stable,h3,1776521246747.251,1776521246914.169,166.917,1.007,165.910,1.867,1833,1577,80.0,1,0,69.8
312,mean_dynamic_mlp_covertype,stable,h3,1776521246916.169,1776521247036.412,120.243,0.000,118.214,2.523,1833,1577,80.0,1,0,76.7
313,mean_dynamic_mlp_covertype,stable,h3,1776521247037.411,1776521247165.921,128.510,1.003,127.506,1.765,1833,1577,80.0,1,0,70.2
314,mean_dynamic_mlp_covertype,stable,h3,1776521247167.921,1776521247241.431,73.510,0.000,72.509,2.077,1833,1577,80.0,0,0,65.7
315,mean_dynamic_mlp_covertype,stable,h3,1776521247243.432,1776521247337.950,94.519,0.000,94.519,2.114,1833,1577,80.0,1,0,71.2
316,mean_dynamic_mlp_covertype,stable,h3,1776521247338.950,1776521247494.460,155.510,0.000,154.510,1.942,1833,1577,80.0,1,0,70.3
317,mean_dynamic_mlp_covertype,stable,h3,1776521247496.460,1776521247612.970,116.510,0.000,116.510,2.339,1833,1577,80.0,1,0,67.5
318,mean_dynamic_mlp_covertype,stable,h3,1776521247614.973,1776521247748.995,134.022,1.000,133.021,2.177,1833,1577,80.0,1,0,68.3
319,mean_dynamic_mlp_covertype,stable,h3,1776521247751.996,1776521247894.508,142.512,0.000,142.512,1.721,1833,1577,80.0,1,0,68.8
320,mean_dynamic_mlp_covertype,stable,h3,1776521247896.508,1776521247985.021,88.512,0.000,87.511,2.058,1833,1577,80.0,1,0,68.8
321,mean_dynamic_mlp_covertype,stable,h3,1776521247987.020,1776521248064.530,77.510,0.000,76.509,1.790,1833,1577,80.0,0,0,67.5
322,mean_dynamic_mlp_covertype,stable,h3,1776521248066.531,1776521248151.039,84.508,0.000,84.508,2.059,1833,1577,80.0,1,0,71.7
323,mean_dynamic_mlp_covertype,stable,h3,1776521248153.040,1776521248312.553,159.514,0.000,158.512,1.899,1833,1577,80.0,1,0,70.3
324,mean_dynamic_mlp_covertype,stable,h3,1776521248314.556,1776521248440.641,126.085,0.000,125.081,1.845,1833,1577,80.0,1,0,73.8
325,mean_dynamic_mlp_covertype,stable,h3,1776521248442.578,1776521248534.084,91.506,0.000,90.507,1.731,1833,1577,80.0,1,0,67.3
326,mean_dynamic_mlp_covertype,stable,h3,1776521248537.091,1776521248653.593,116.502,0.000,116.502,2.121,1833,1577,80.0,1,0,69.3
327,mean_dynamic_mlp_covertype,stable,h3,1776521248655.593,1776521248759.103,103.510,0.000,102.508,1.996,1833,1577,80.0,1,0,70.9
328,mean_dynamic_mlp_covertype,stable,h3,1776521248761.103,1776521248877.613,116.510,0.000,115.510,1.926,1833,1577,80.0,1,0,67.2
329,mean_dynamic_mlp_covertype,stable,h3,1776521248879.613,1776521249026.183,146.570,0.000,146.570,1.781,1833,1577,80.0,1,0,68.8
330,mean_dynamic_mlp_covertype,stable,h3,1776521249028.686,1776521249191.200,162.515,0.000,161.505,2.004,1833,1577,80.0,1,0,70.0
331,mean_dynamic_mlp_covertype,stable,h3,1776521249193.200,1776521249305.710,112.510,0.000,111.509,2.068,1833,1577,80.0,1,0,71.5
332,mean_dynamic_mlp_covertype,stable,h3,1776521249307.709,1776521249362.218,54.509,0.000,54.509,1.946,1833,1577,80.0,0,0,64.2
333,mean_dynamic_mlp_covertype,stable,h3,1776521249364.218,1776521249492.727,128.509,0.000,128.509,1.865,1833,1577,80.0,1,0,68.8
334,mean_dynamic_mlp_covertype,stable,h3,1776521249494.727,1776521249640.750,146.023,0.000,144.021,1.909,1833,1577,80.0,1,0,69.8
335,mean_dynamic_mlp_covertype,stable,h3,1776521249641.750,1776521249783.259,141.509,1.001,139.508,2.017,1833,1577,80.0,1,0,68.3
336,mean_dynamic_mlp_covertype,stable,h3,1776521249784.259,1776521249896.770,112.511,0.000,111.509,1.971,1833,1577,80.0,1,0,69.4
337,mean_dynamic_mlp_covertype,stable,h3,1776521249898.770,1776521250011.283,112.513,0.000,110.508,1.854,1833,1577,80.0,1,0,69.8
338,mean_dynamic_mlp_covertype,stable,h3,1776521250013.282,1776521250138.303,125.021,0.000,125.021,2.581,1833,1577,80.0,1,0,73.8
339,mean_dynamic_mlp_covertype,stable,h3,1776521250140.303,1776521250220.308,80.005,0.000,79.004,2.469,1833,1577,80.0,1,0,73.2
340,mean_dynamic_mlp_covertype,stable,h3,1776521250222.308,1776521250287.830,65.522,0.000,65.522,2.562,1833,1577,80.0,0,0,72.6
341,mean_dynamic_mlp_covertype,stable,h3,1776521250288.830,1776521250448.855,160.025,1.000,158.024,1.764,1833,1577,80.0,1,0,73.7
342,mean_dynamic_mlp_covertype,stable,h3,1776521250449.854,1776521250629.877,180.022,1.001,178.015,1.848,1833,1577,80.0,1,0,67.8
343,mean_dynamic_mlp_covertype,stable,h3,1776521250630.875,1776521250704.875,73.999,0.000,72.999,2.024,1833,1577,80.0,0,0,68.8
344,mean_dynamic_mlp_covertype,stable,h3,1776521250706.875,1776521250930.127,223.251,0.000,222.250,1.725,1833,1577,80.0,1,0,65.5
345,mean_dynamic_mlp_covertype,stable,h3,1776521250932.141,1776521251058.638,126.497,0.987,125.510,3.031,1833,1577,80.0,1,0,63.4
346,mean_dynamic_mlp_covertype,stable,h3,1776521251061.638,1776521251194.149,132.510,0.000,131.510,3.359,1833,1577,80.0,1,0,68.8
347,mean_dynamic_mlp_covertype,stable,h3,1776521251195.149,1776521251334.171,139.022,1.001,137.021,2.153,1833,1577,80.0,1,0,70.3
348,mean_dynamic_mlp_covertype,stable,h3,1776521251335.171,1776521251436.682,101.511,0.000,100.510,2.110,1833,1577,80.0,1,0,70.5
349,mean_dynamic_mlp_covertype,stable,h3,1776521251438.683,1776521251616.193,177.510,1.000,176.510,2.028,1833,1577,80.0,1,0,70.7
350,mean_dynamic_mlp_covertype,stable,h3,1776521251618.194,1776521251761.211,143.018,0.000,143.018,1.972,1833,1577,80.0,1,0,71.4
351,mean_dynamic_mlp_covertype,stable,h3,1776521251763.211,1776521251876.542,113.331,0.000,113.331,1.899,1833,1577,80.0,1,0,73.9
352,mean_dynamic_mlp_covertype,stable,h3,1776521251878.543,1776521251958.178,79.635,0.000,78.632,1.925,1833,1577,80.0,0,0,71.2
353,mean_dynamic_mlp_covertype,stable,h3,1776521251960.180,1776521252097.908,137.728,0.000,136.728,2.136,1833,1577,80.0,1,0,70.8
354,mean_dynamic_mlp_covertype,stable,h3,1776521252099.909,1776521252222.423,122.514,0.000,122.514,1.928,1833,1577,80.0,1,0,69.8
355,mean_dynamic_mlp_covertype,stable,h3,1776521252223.423,1776521252356.442,133.019,1.002,132.016,1.739,1833,1577,80.0,1,0,68.5
356,mean_dynamic_mlp_covertype,stable,h3,1776521252358.439,1776521252467.950,109.510,0.000,107.509,1.843,1833,1577,80.0,1,0,69.6
357,mean_dynamic_mlp_covertype,stable,h3,1776521252468.950,1776521252578.459,109.508,0.000,108.508,3.075,1833,1577,80.0,1,0,69.6
358,mean_dynamic_mlp_covertype,stable,h3,1776521252580.459,1776521252673.522,93.063,0.000,91.062,1.808,1833,1577,80.0,1,0,71.3
359,mean_dynamic_mlp_covertype,stable,h3,1776521252674.523,1776521252837.541,163.018,0.000,162.016,2.089,1833,1577,80.0,1,0,70.5
360,mean_dynamic_mlp_covertype,stable,h3,1776521252839.542,1776521253022.055,182.513,0.000,181.513,1.878,1833,1577,80.0,1,0,69.4
361,mean_dynamic_mlp_covertype,stable,h3,1776521253023.055,1776521253174.077,151.022,1.002,149.020,1.762,1833,1577,80.0,1,0,70.3
362,mean_dynamic_mlp_covertype,stable,h3,1776521253176.077,1776521253341.095,165.019,0.000,164.016,1.850,1833,1577,80.0,1,0,68.2
363,mean_dynamic_mlp_covertype,stable,h3,1776521253343.095,1776521253474.608,131.512,0.000,129.508,1.930,1833,1577,80.0,1,0,69.5
364,mean_dynamic_mlp_covertype,stable,h3,1776521253476.605,1776521253710.647,234.042,0.000,234.042,1.946,1833,1577,80.0,1,0,63.8
365,mean_dynamic_mlp_covertype,stable,h3,1776521253712.690,1776521253838.800,126.110,0.000,124.144,1.822,1833,1577,80.0,1,0,64.3
366,mean_dynamic_mlp_covertype,stable,h3,1776521253839.726,1776521253959.508,119.782,0.000,117.778,1.950,1833,1577,80.0,1,0,68.1
367,mean_dynamic_mlp_covertype,stable,h3,1776521253961.571,1776521254123.688,162.118,0.000,161.179,1.942,1833,1577,80.0,1,0,71.4
368,mean_dynamic_mlp_covertype,stable,h3,1776521254126.689,1776521254295.779,169.089,0.000,169.089,2.372,1833,1577,80.0,1,0,68.4
369,mean_dynamic_mlp_covertype,stable,h3,1776521254296.852,1776521254407.673,110.821,0.000,108.717,1.741,1833,1577,80.0,1,0,69.6
370,mean_dynamic_mlp_covertype,stable,h3,1776521254409.676,1776521254528.259,118.583,0.000,117.572,2.222,1833,1577,80.0,1,0,69.8
371,mean_dynamic_mlp_covertype,stable,h3,1776521254529.252,1776521254675.360,146.108,0.000,143.542,1.711,1833,1577,80.0,1,0,67.8
372,mean_dynamic_mlp_covertype,stable,h3,1776521254676.360,1776521254800.874,124.514,0.000,122.511,1.930,1833,1577,80.0,1,0,70.1
373,mean_dynamic_mlp_covertype,stable,h3,1776521254801.874,1776521254943.420,141.546,0.000,140.546,1.900,1833,1577,80.0,1,0,68.8
374,mean_dynamic_mlp_covertype,stable,h3,1776521254945.419,1776521255069.929,124.509,0.000,122.507,2.083,1833,1577,80.0,1,0,69.0
375,mean_dynamic_mlp_covertype,stable,h3,1776521255070.928,1776521255236.960,166.032,0.000,165.029,2.223,1833,1577,80.0,1,0,69.9
376,mean_dynamic_mlp_covertype,stable,h3,1776521255238.959,1776521255350.474,111.514,0.000,111.514,2.545,1833,1577,80.0,1,0,68.8
377,mean_dynamic_mlp_covertype,stable,h3,1776521255352.534,1776521255474.123,121.589,0.000,121.589,1.851,1833,1577,80.0,1,0,69.5
378,mean_dynamic_mlp_covertype,stable,h3,1776521255475.168,1776521255584.803,109.635,1.002,108.633,1.861,1833,1577,80.0,1,0,69.9
379,mean_dynamic_mlp_covertype,stable,h3,1776521255585.809,1776521255763.310,177.501,1.355,175.187,1.959,1833,1577,80.0,1,0,71.5
380,mean_dynamic_mlp_covertype,stable,h3,1776521255765.312,1776521255932.451,167.139,0.000,167.139,2.320,1833,1577,80.0,1,0,68.8
381,mean_dynamic_mlp_covertype,stable,h3,1776521255934.451,1776521256091.966,157.514,0.000,155.498,1.900,1833,1577,80.0,1,0,69.4
382,mean_dynamic_mlp_covertype,stable,h3,1776521256092.968,1776521256253.315,160.347,1.001,159.346,2.047,1833,1577,80.0,1,0,70.0
383,mean_dynamic_mlp_covertype,stable,h3,1776521256255.316,1776521256389.826,134.510,0.000,133.510,2.009,1833,1577,80.0,1,0,69.7
384,mean_dynamic_mlp_covertype,stable,h3,1776521256390.827,1776521256476.337,85.511,1.005,84.506,2.145,1833,1577,80.0,1,0,67.1
385,mean_dynamic_mlp_covertype,stable,h3,1776521256478.355,1776521256584.911,106.555,0.000,106.555,2.684,1833,1577,80.0,1,0,73.2
386,mean_dynamic_mlp_covertype,stable,h3,1776521256586.894,1776521256721.875,134.981,0.000,134.981,2.122,1833,1577,80.0,1,0,75.0
387,mean_dynamic_mlp_covertype,stable,h3,1776521256723.821,1776521256864.998,141.177,0.000,141.177,2.077,1833,1577,80.0,1,0,71.0
388,mean_dynamic_mlp_covertype,stable,h3,1776521256867.001,1776521256959.602,92.601,0.000,91.599,2.016,1833,1577,80.0,1,0,72.9
389,mean_dynamic_mlp_covertype,stable,h3,1776521256960.602,1776521257074.318,113.716,1.002,111.763,1.760,1833,1577,80.0,1,0,72.9
390,mean_dynamic_mlp_covertype,stable,h3,1776521257075.357,1776521257180.489,105.132,0.000,104.126,1.870,1833,1577,80.0,1,0,71.1
391,mean_dynamic_mlp_covertype,stable,h3,1776521257182.528,1776521257275.502,92.974,0.000,92.009,2.047,1833,1577,80.0,1,0,69.6
392,mean_dynamic_mlp_covertype,stable,h3,1776521257277.504,1776521257381.094,103.590,0.000,102.547,2.337,1833,1577,80.0,1,0,69.5
393,mean_dynamic_mlp_covertype,stable,h3,1776521257382.055,1776521257554.150,172.095,0.000,170.071,2.111,1833,1577,80.0,1,0,74.2
394,mean_dynamic_mlp_covertype,stable,h3,1776521257556.161,1776521257651.631,95.470,0.000,94.508,1.916,1833,1577,80.0,1,0,75.9
395,mean_dynamic_mlp_covertype,stable,h3,1776521257653.673,1776521257753.370,99.698,0.000,99.698,1.842,1833,1577,80.0,1,0,76.5
396,mean_dynamic_mlp_covertype,stable,h3,1776521257755.373,1776521257912.917,157.544,0.000,156.543,1.815,1833,1577,80.0,1,0,69.8
397,mean_dynamic_mlp_covertype,stable,h3,1776521257913.921,1776521257993.436,79.515,0.000,78.517,1.841,1833,1577,80.0,0,0,75.0
398,mean_dynamic_mlp_covertype,stable,h3,1776521257995.471,1776521258118.946,123.475,0.000,122.472,2.029,1833,1577,80.0,1,0,72.9
399,mean_dynamic_mlp_covertype,stable,h3,1776521258119.987,1776521258237.302,117.315,0.000,115.353,2.040,1833,1577,80.0,1,0,69.6
400,mean_dynamic_mlp_covertype,stable,h3,1776521258238.302,1776521258408.931,170.630,1.001,169.629,2.083,1833,1577,80.0,1,0,68.8
401,mean_dynamic_mlp_covertype,stable,h3,1776521258410.896,1776521258621.708,210.812,0.000,210.812,1.894,1833,1577,80.0,1,0,69.0
402,mean_dynamic_mlp_covertype,stable,h3,1776521258622.723,1776521258720.229,97.507,0.000,96.507,1.841,1833,1577,80.0,1,0,61.7
403,mean_dynamic_mlp_covertype,stable,h3,1776521258721.229,1776521258834.244,113.014,1.000,112.014,1.925,1833,1577,80.0,1,0,69.6
404,mean_dynamic_mlp_covertype,stable,h3,1776521258836.244,1776521258916.244,80.000,0.000,78.999,2.283,1833,1577,80.0,1,0,73.2
405,mean_dynamic_mlp_covertype,stable,h3,1776521258918.248,1776521259024.763,106.514,0.000,106.514,1.982,1833,1577,80.0,1,0,70.1
406,mean_dynamic_mlp_covertype,stable,h3,1776521259026.763,1776521259098.270,71.506,0.000,71.506,2.017,1833,1577,80.0,0,0,74.4
407,mean_dynamic_mlp_covertype,stable,h3,1776521259100.270,1776521259245.286,145.016,0.000,145.016,2.250,1833,1577,80.0,1,0,68.8
408,mean_dynamic_mlp_covertype,stable,h3,1776521259247.286,1776521259370.792,123.506,0.000,123.506,2.012,1833,1577,80.0,1,0,69.8
409,mean_dynamic_mlp_covertype,stable,h3,1776521259372.793,1776521259476.302,103.509,0.000,101.508,2.513,1833,1577,80.0,1,0,69.8
410,mean_dynamic_mlp_covertype,stable,h3,1776521259477.302,1776521259640.321,163.019,0.000,162.019,1.908,1833,1577,80.0,1,0,69.7
411,mean_dynamic_mlp_covertype,stable,h3,1776521259642.325,1776521259738.828,96.503,0.000,96.503,2.191,1833,1577,80.0,1,0,67.3
412,mean_dynamic_mlp_covertype,stable,h3,1776521259740.829,1776521259937.852,197.023,0.000,195.013,1.912,1833,1577,80.0,1,0,70.8
413,mean_dynamic_mlp_covertype,stable,h3,1776521259938.847,1776521260053.357,114.510,1.000,112.510,1.719,1833,1577,80.0,1,0,68.8
414,mean_dynamic_mlp_covertype,stable,h3,1776521260055.357,1776521260145.866,90.510,0.000,90.510,2.106,1833,1577,80.0,1,0,70.8
415,mean_dynamic_mlp_covertype,stable,h3,1776521260146.867,1776521260300.396,153.528,0.000,152.524,1.840,1833,1577,80.0,1,0,70.0
416,mean_dynamic_mlp_covertype,stable,h3,1776521260302.394,1776521260458.412,156.018,0.000,155.015,1.935,1833,1577,80.0,1,0,68.8
417,mean_dynamic_mlp_covertype,stable,h3,1776521260460.412,1776521260536.919,76.507,0.000,74.506,1.968,1833,1577,80.0,0,0,70.0
418,mean_dynamic_mlp_covertype,stable,h3,1776521260537.920,1776521260631.924,94.003,0.000,92.115,2.106,1833,1577,80.0,1,0,69.1
419,mean_dynamic_mlp_covertype,stable,h3,1776521260633.427,1776521260789.938,156.511,1.005,154.506,1.896,1833,1577,80.0,1,0,70.6
420,mean_dynamic_mlp_covertype,stable,h3,1776521260790.939,1776521260882.449,91.510,0.000,90.508,1.852,1833,1577,80.0,1,0,69.1
421,mean_dynamic_mlp_covertype,stable,h3,1776521260884.446,1776521260979.958,95.513,0.000,95.513,1.952,1833,1577,80.0,1,0,71.4
422,mean_dynamic_mlp_covertype,stable,h3,1776521260980.998,1776521261094.466,113.468,0.962,112.505,1.996,1833,1577,80.0,1,0,69.6
423,mean_dynamic_mlp_covertype,stable,h3,1776521261096.468,1776521261172.545,76.077,0.000,74.074,2.198,1833,1577,80.0,0,0,70.0
424,mean_dynamic_mlp_covertype,stable,h3,1776521261174.545,1776521261283.057,108.511,0.000,107.511,1.972,1833,1577,80.0,1,0,69.0
425,mean_dynamic_mlp_covertype,stable,h3,1776521261285.058,1776521261376.565,91.508,0.000,91.508,1.776,1833,1577,80.0,1,0,70.5
426,mean_dynamic_mlp_covertype,stable,h3,1776521261378.567,1776521261512.075,133.508,0.000,132.506,1.960,1833,1577,80.0,1,0,70.4
427,mean_dynamic_mlp_covertype,stable,h3,1776521261514.074,1776521261675.038,160.963,0.000,159.986,2.264,1833,1577,80.0,1,0,67.5
428,mean_dynamic_mlp_covertype,stable,h3,1776521261677.036,1776521261786.546,109.510,0.000,109.510,2.410,1833,1577,80.0,1,0,69.6
429,mean_dynamic_mlp_covertype,stable,h3,1776521261788.546,1776521261959.568,171.022,0.000,169.020,1.968,1833,1577,80.0,1,0,68.8
430,mean_dynamic_mlp_covertype,stable,h3,1776521261960.566,1776521262100.074,139.508,0.000,138.507,1.850,1833,1577,80.0,1,0,70.1
431,mean_dynamic_mlp_covertype,stable,h3,1776521262102.074,1776521262189.582,87.508,0.000,87.508,2.933,1833,1577,80.0,1,0,70.8
432,mean_dynamic_mlp_covertype,stable,h3,1776521262191.582,1776521262315.093,123.510,0.000,121.506,2.068,1833,1577,80.0,1,0,69.5
433,mean_dynamic_mlp_covertype,stable,h3,1776521262317.091,1776521262444.108,127.017,0.000,127.017,2.742,1833,1577,80.0,1,0,68.8
434,mean_dynamic_mlp_covertype,stable,h3,1776521262446.109,1776521262555.619,109.510,0.000,108.508,1.859,1833,1577,80.0,1,0,69.6
435,mean_dynamic_mlp_covertype,stable,h3,1776521262556.617,1776521262737.634,181.016,1.001,180.015,1.862,1833,1577,80.0,1,0,69.9
436,mean_dynamic_mlp_covertype,stable,h3,1776521262739.634,1776521262893.143,153.509,0.000,152.508,1.919,1833,1577,80.0,1,0,68.8
437,mean_dynamic_mlp_covertype,stable,h3,1776521262895.141,1776521262981.650,86.508,0.000,86.508,1.808,1833,1577,80.0,1,0,69.5
438,mean_dynamic_mlp_covertype,stable,h3,1776521262983.648,1776521263155.451,171.803,0.000,171.803,1.995,1833,1577,80.0,1,0,69.5
439,mean_dynamic_mlp_covertype,stable,h3,1776521263157.452,1776521263296.961,139.509,0.000,137.507,1.843,1833,1577,80.0,1,0,69.7
440,mean_dynamic_mlp_covertype,stable,h3,1776521263297.959,1776521263382.470,84.511,1.000,83.511,1.755,1833,1577,80.0,1,0,69.1
441,mean_dynamic_mlp_covertype,stable,h3,1776521263384.470,1776521263478.979,94.509,0.000,94.509,1.908,1833,1577,80.0,1,0,70.3
442,mean_dynamic_mlp_covertype,stable,h3,1776521263480.977,1776521263597.056,116.079,0.000,114.078,1.842,1833,1577,80.0,1,0,69.9
443,mean_dynamic_mlp_covertype,stable,h3,1776521263598.056,1776521263722.566,124.510,1.000,123.510,2.233,1833,1577,80.0,1,0,68.8
444,mean_dynamic_mlp_covertype,stable,h3,1776521263724.565,1776521263879.176,154.611,1.000,153.611,1.852,1833,1577,80.0,1,0,70.9
445,mean_dynamic_mlp_covertype,stable,h3,1776521263881.176,1776521263965.689,84.513,0.000,82.509,1.952,1833,1577,80.0,1,0,69.5
446,mean_dynamic_mlp_covertype,stable,h3,1776521263967.687,1776521264095.198,127.512,0.000,125.509,1.897,1833,1577,80.0,1,0,67.7
447,mean_dynamic_mlp_covertype,stable,h3,1776521264096.197,1776521264253.834,157.637,0.000,155.635,1.916,1833,1577,80.0,1,0,70.0
448,mean_dynamic_mlp_covertype,stable,h3,1776521264255.833,1776521264356.342,100.509,0.000,99.506,2.203,1833,1577,80.0,1,0,70.6
449,mean_dynamic_mlp_covertype,stable,h3,1776521264358.341,1776521264467.457,109.116,0.000,108.116,4.025,1833,1577,80.0,1,0,67.5
450,mean_dynamic_mlp_covertype,stable,h3,1776521264468.457,1776521264602.968,134.511,0.000,133.511,1.731,1833,1577,80.0,1,0,71.3
451,mean_dynamic_mlp_covertype,stable,h3,1776521264604.968,1776521264720.483,115.516,0.000,114.515,1.910,1833,1577,80.0,1,0,67.5
452,mean_dynamic_mlp_covertype,stable,h3,1776521264722.482,1776521264826.989,104.506,0.000,104.506,2.193,1833,1577,80.0,1,0,70.9
453,mean_dynamic_mlp_covertype,stable,h3,1776521264828.989,1776521264971.005,142.015,0.000,139.994,1.821,1833,1577,80.0,1,0,71.1
454,mean_dynamic_mlp_covertype,stable,h3,1776521264972.004,1776521265145.022,173.018,0.000,172.013,1.869,1833,1577,80.0,1,0,68.9
455,mean_dynamic_mlp_covertype,stable,h3,1776521265147.021,1776521265278.529,131.508,0.000,130.508,2.227,1833,1577,80.0,1,0,70.4
456,mean_dynamic_mlp_covertype,stable,h3,1776521265280.530,1776521265391.590,111.060,0.000,109.059,2.045,1833,1577,80.0,1,0,68.1
457,mean_dynamic_mlp_covertype,stable,h3,1776521265392.590,1776521265465.099,72.510,0.000,71.509,1.813,1833,1577,80.0,0,0,69.6
458,mean_dynamic_mlp_covertype,stable,h3,1776521265467.098,1776521265575.610,108.512,0.000,108.512,1.752,1833,1577,80.0,1,0,68.1
459,mean_dynamic_mlp_covertype,stable,h3,1776521265577.610,1776521265695.772,118.163,0.000,117.158,2.220,1833,1577,80.0,1,0,68.1
460,mean_dynamic_mlp_covertype,stable,h3,1776521265696.768,1776521265801.276,104.508,1.003,102.505,1.829,1833,1577,80.0,1,0,76.5
461,mean_dynamic_mlp_covertype,stable,h3,1776521265802.279,1776521265875.787,73.509,0.000,72.508,2.042,1833,1577,80.0,0,0,72.2
462,mean_dynamic_mlp_covertype,stable,h3,1776521265877.787,1776521265981.299,103.512,0.000,102.512,3.924,1833,1577,80.0,1,0,70.2
463,mean_dynamic_mlp_covertype,stable,h3,1776521265982.299,1776521266111.810,129.511,0.000,128.509,4.658,1833,1577,80.0,1,0,71.0
464,mean_dynamic_mlp_covertype,stable,h3,1776521266112.810,1776521266233.331,120.521,1.281,119.240,2.016,1833,1577,80.0,1,0,72.0
465,mean_dynamic_mlp_covertype,stable,h3,1776521266234.834,1776521266344.346,109.512,0.000,108.502,1.863,1833,1577,80.0,1,0,69.4
466,mean_dynamic_mlp_covertype,stable,h3,1776521266346.346,1776521266436.861,90.515,0.000,89.509,1.851,1833,1577,80.0,1,0,68.0
467,mean_dynamic_mlp_covertype,stable,h3,1776521266437.862,1776521266555.883,118.021,0.000,117.026,1.925,1833,1577,80.0,1,0,71.2
468,mean_dynamic_mlp_covertype,stable,h3,1776521266557.883,1776521266689.402,131.519,0.000,129.515,2.181,1833,1577,80.0,1,0,67.9
469,mean_dynamic_mlp_covertype,stable,h3,1776521266690.401,1776521266778.910,88.510,1.002,87.507,2.393,1833,1577,80.0,1,0,78.1
470,mean_dynamic_mlp_covertype,stable,h3,1776521266780.910,1776521266919.417,138.507,0.000,138.507,1.911,1833,1577,80.0,1,0,70.8
471,mean_dynamic_mlp_covertype,stable,h3,1776521266921.420,1776521267014.931,93.511,0.000,92.510,2.311,1833,1577,80.0,1,0,71.1
472,mean_dynamic_mlp_covertype,stable,h3,1776521267016.929,1776521267102.441,85.512,0.000,83.509,1.954,1833,1577,80.0,1,0,68.8
473,mean_dynamic_mlp_covertype,stable,h3,1776521267103.439,1776521267227.955,124.517,1.006,122.507,1.968,1833,1577,80.0,1,0,69.5
474,mean_dynamic_mlp_covertype,stable,h3,1776521267228.953,1776521267335.967,107.015,1.003,106.012,1.721,1833,1577,80.0,1,0,69.6
475,mean_dynamic_mlp_covertype,stable,h3,1776521267336.967,1776521267431.971,95.004,1.000,94.004,1.819,1833,1577,80.0,1,0,69.6
476,mean_dynamic_mlp_covertype,stable,h3,1776521267433.971,1776521267564.986,131.016,0.000,131.016,1.832,1833,1577,80.0,1,0,68.8
477,mean_dynamic_mlp_covertype,stable,h3,1776521267566.986,1776521267675.497,108.511,0.000,107.474,2.110,1833,1577,80.0,1,0,68.8
478,mean_dynamic_mlp_covertype,stable,h3,1776521267677.497,1776521267812.005,134.508,0.000,134.508,1.762,1833,1577,80.0,1,0,68.8
479,mean_dynamic_mlp_covertype,stable,h3,1776521267814.007,1776521267936.027,122.020,0.000,122.020,1.932,1833,1577,80.0,1,0,70.8
480,mean_dynamic_mlp_covertype,stable,h3,1776521267938.024,1776521268071.532,133.508,0.000,133.508,1.881,1833,1577,80.0,1,0,70.5
481,mean_dynamic_mlp_covertype,stable,h3,1776521268073.532,1776521268201.075,127.543,0.000,126.508,1.963,1833,1577,80.0,1,0,69.4
482,mean_dynamic_mlp_covertype,stable,h3,1776521268202.041,1776521268326.556,124.515,0.999,123.517,1.783,1833,1577,80.0,1,0,68.8
483,mean_dynamic_mlp_covertype,stable,h3,1776521268328.556,1776521268458.573,130.017,0.000,130.017,1.987,1833,1577,80.0,1,0,68.8
484,mean_dynamic_mlp_covertype,stable,h3,1776521268460.573,1776521268568.085,107.513,0.000,106.512,2.083,1833,1577,80.0,1,0,68.8
485,mean_dynamic_mlp_covertype,stable,h3,1776521268570.083,1776521268666.594,96.511,0.000,94.508,1.929,1833,1577,80.0,1,0,71.6
486,mean_dynamic_mlp_covertype,stable,h3,1776521268667.596,1776521268744.110,76.513,0.000,76.513,2.240,1833,1577,80.0,0,0,68.7
487,mean_dynamic_mlp_covertype,stable,h3,1776521268746.110,1776521268838.623,92.513,0.000,90.507,1.831,1833,1577,80.0,1,0,76.0
488,mean_dynamic_mlp_covertype,stable,h3,1776521268839.618,1776521268900.621,61.002,0.000,60.000,4.413,1833,1577,80.0,0,0,77.8
489,mean_dynamic_mlp_covertype,stable,h3,1776521268901.620,1776521269017.128,115.508,0.999,113.508,2.126,1833,1577,80.0,1,0,76.7
490,mean_dynamic_mlp_covertype,stable,h3,1776521269018.127,1776521269122.636,104.509,1.000,102.510,1.730,1833,1577,80.0,1,0,73.7
491,mean_dynamic_mlp_covertype,stable,h3,1776521269123.635,1776521269214.146,90.511,1.000,88.504,2.074,1833,1577,80.0,1,0,69.8
492,mean_dynamic_mlp_covertype,stable,h3,1776521269215.141,1776521269315.648,100.507,1.001,99.506,1.803,1833,1577,80.0,1,0,68.8
493,mean_dynamic_mlp_covertype,stable,h3,1776521269317.647,1776521269393.156,75.508,0.000,74.507,1.922,1833,1577,80.0,0,0,68.8
494,mean_dynamic_mlp_covertype,stable,h3,1776521269395.157,1776521269538.683,143.526,0.000,142.525,1.758,1833,1577,80.0,1,0,69.4
495,mean_dynamic_mlp_covertype,stable,h3,1776521269540.683,1776521269700.191,159.508,0.000,158.508,1.763,1833,1577,80.0,1,0,70.5
496,mean_dynamic_mlp_covertype,stable,h3,1776521269701.191,1776521269846.207,145.016,1.000,143.013,1.844,1833,1577,80.0,1,0,69.4
497,mean_dynamic_mlp_covertype,stable,h3,1776521269847.205,1776521269949.716,102.511,0.000,101.511,1.838,1833,1577,80.0,1,0,69.0
498,mean_dynamic_mlp_covertype,stable,h3,1776521269951.717,1776521270084.223,132.506,0.000,131.506,1.783,1833,1577,80.0,1,0,69.0
499,mean_dynamic_mlp_covertype,stable,h3,1776521270085.222,1776521270194.734,109.512,0.000,108.512,1.924,1833,1577,80.0,1,0,72.3
500,mean_dynamic_mlp_covertype,stable,h3,1776521270196.733,1776521270302.582,105.849,0.000,105.849,2.321,1833,1577,80.0,1,0,73.2
501,mean_dynamic_mlp_covertype,stable,h3,1776521270304.583,1776521270396.099,91.516,0.000,90.514,1.734,1833,1577,80.0,1,0,75.0
502,mean_dynamic_mlp_covertype,stable,h3,1776521270397.095,1776521270523.605,126.510,1.000,125.511,1.749,1833,1577,80.0,1,0,76.4
503,mean_dynamic_mlp_covertype,stable,h3,1776521270525.606,1776521270635.617,110.011,0.000,110.011,1.889,1833,1577,80.0,1,0,72.9
504,mean_dynamic_mlp_covertype,stable,h3,1776521270637.620,1776521270709.620,72.000,0.000,72.000,1.817,1833,1577,80.0,0,0,68.8
505,mean_dynamic_mlp_covertype,stable,h3,1776521270711.621,1776521270819.128,107.507,0.000,107.507,1.982,1833,1577,80.0,1,0,72.6
506,mean_dynamic_mlp_covertype,stable,h3,1776521270820.128,1776521270926.637,106.509,0.000,104.505,2.048,1833,1577,80.0,1,0,74.6
507,mean_dynamic_mlp_covertype,stable,h3,1776521270927.637,1776521270998.813,71.177,0.000,70.174,1.780,1833,1577,80.0,0,0,83.7
508,mean_dynamic_mlp_covertype,stable,h3,1776521270999.813,1776521271092.831,93.018,1.000,92.018,1.946,1833,1577,80.0,1,0,70.8
509,mean_dynamic_mlp_covertype,stable,h3,1776521271094.831,1776521271246.846,152.016,0.000,150.014,1.932,1833,1577,80.0,1,0,73.3
510,mean_dynamic_mlp_covertype,stable,h3,1776521271248.845,1776521271359.353,110.508,0.000,110.508,1.787,1833,1577,80.0,1,0,76.8
511,mean_dynamic_mlp_covertype,stable,h3,1776521271361.353,1776521271427.360,66.007,0.000,66.007,1.944,1833,1577,80.0,0,0,78.5
512,mean_dynamic_mlp_covertype,stable,h3,1776521271429.357,1776521271557.373,128.015,0.000,127.013,1.791,1833,1577,80.0,1,0,72.4
513,mean_dynamic_mlp_covertype,stable,h3,1776521271559.372,1776521271649.887,90.515,0.000,89.511,1.791,1833,1577,80.0,1,0,71.6
514,mean_dynamic_mlp_covertype,stable,h3,1776521271650.884,1776521271771.390,120.506,0.999,118.506,1.857,1833,1577,80.0,1,0,70.5
515,mean_dynamic_mlp_covertype,stable,h3,1776521271773.390,1776521271869.897,96.507,0.000,95.507,1.789,1833,1577,80.0,1,0,70.5
516,mean_dynamic_mlp_covertype,stable,h3,1776521271871.898,1776521271975.410,103.512,0.000,103.512,1.827,1833,1577,80.0,1,0,68.8
517,mean_dynamic_mlp_covertype,stable,h3,1776521271977.406,1776521272092.916,115.510,0.000,115.510,1.852,1833,1577,80.0,1,0,70.9
518,mean_dynamic_mlp_covertype,stable,h3,1776521272094.916,1776521272226.954,132.038,0.000,131.020,1.761,1833,1577,80.0,1,0,73.1
519,mean_dynamic_mlp_covertype,stable,h3,1776521272227.936,1776521272390.384,162.448,1.000,161.448,1.989,1833,1577,80.0,1,0,74.4
520,mean_dynamic_mlp_covertype,stable,h3,1776521272392.383,1776521272472.893,80.510,0.000,79.509,2.186,1833,1577,80.0,1,0,80.5
521,mean_dynamic_mlp_covertype,stable,h3,1776521272473.891,1776521272594.403,120.512,1.002,119.510,1.945,1833,1577,80.0,1,0,70.3
522,mean_dynamic_mlp_covertype,stable,h3,1776521272596.405,1776521272684.580,88.175,1.570,85.173,1.887,1833,1577,80.0,1,0,70.1
523,mean_dynamic_mlp_covertype,stable,h3,1776521272685.579,1776521272778.090,92.511,1.001,91.511,1.920,1833,1577,80.0,1,0,76.3
524,mean_dynamic_mlp_covertype,stable,h3,1776521272779.090,1776521272953.111,174.022,1.347,172.021,1.802,1833,1577,80.0,1,0,75.0
525,mean_dynamic_mlp_covertype,stable,h3,1776521272956.111,1776521273040.620,84.510,0.000,84.510,1.833,1833,1577,80.0,1,0,78.9
526,mean_dynamic_mlp_covertype,stable,h3,1776521273042.620,1776521273181.134,138.513,0.000,136.508,1.943,1833,1577,80.0,1,0,69.0
527,mean_dynamic_mlp_covertype,stable,h3,1776521273182.129,1776521273330.642,148.513,0.000,148.513,1.792,1833,1577,80.0,1,0,69.4
528,mean_dynamic_mlp_covertype,stable,h3,1776521273332.641,1776521273510.658,178.016,0.000,178.016,1.695,1833,1577,80.0,1,0,70.1
529,mean_dynamic_mlp_covertype,stable,h3,1776521273512.659,1776521273612.167,99.509,0.000,97.506,1.888,1833,1577,80.0,1,0,68.8
530,mean_dynamic_mlp_covertype,stable,h3,1776521273614.168,1776521273708.673,94.505,0.000,94.505,1.894,1833,1577,80.0,1,0,68.8
531,mean_dynamic_mlp_covertype,stable,h3,1776521273710.681,1776521273803.182,92.501,0.000,90.506,1.891,1833,1577,80.0,1,0,69.8
532,mean_dynamic_mlp_covertype,stable,h3,1776521273804.180,1776521273871.689,67.509,0.000,65.506,2.005,1833,1577,80.0,0,0,68.4
533,mean_dynamic_mlp_covertype,stable,h3,1776521273873.689,1776521274043.509,169.820,0.000,168.820,1.830,1833,1577,80.0,1,0,69.3
534,mean_dynamic_mlp_covertype,stable,h3,1776521274044.510,1776521274114.510,70.000,1.000,67.999,1.831,1833,1577,80.0,0,0,67.7
535,mean_dynamic_mlp_covertype,stable,h3,1776521274115.510,1776521274280.956,165.446,1.000,164.446,1.687,1833,1577,80.0,1,0,75.1
536,mean_dynamic_mlp_covertype,stable,h3,1776521274282.540,1776521274403.047,120.508,0.000,119.506,1.892,1833,1577,80.0,1,0,72.2
537,mean_dynamic_mlp_covertype,stable,h3,1776521274405.047,1776521274481.558,76.511,0.000,74.510,1.978,1833,1577,80.0,0,0,68.3
538,mean_dynamic_mlp_covertype,stable,h3,1776521274482.559,1776521274622.068,139.509,0.000,138.507,1.848,1833,1577,80.0,1,0,68.8
539,mean_dynamic_mlp_covertype,stable,h3,1776521274624.074,1776521274763.086,139.012,0.000,138.010,1.808,1833,1577,80.0,1,0,71.2
540,mean_dynamic_mlp_covertype,stable,h3,1776521274764.084,1776521274888.596,124.512,0.000,123.510,1.808,1833,1577,80.0,1,0,68.8
541,mean_dynamic_mlp_covertype,stable,h3,1776521274890.596,1776521275018.107,127.511,0.000,125.507,1.797,1833,1577,80.0,1,0,69.0
542,mean_dynamic_mlp_covertype,stable,h3,1776521275019.104,1776521275181.117,162.013,1.000,161.013,1.979,1833,1577,80.0,1,0,70.5
543,mean_dynamic_mlp_covertype,stable,h3,1776521275183.118,1776521275342.136,159.018,1.000,158.018,1.943,1833,1577,80.0,1,0,67.5
544,mean_dynamic_mlp_covertype,stable,h3,1776521275344.138,1776521275497.227,153.089,0.000,152.089,1.814,1833,1577,80.0,1,0,69.4
545,mean_dynamic_mlp_covertype,stable,h3,1776521275498.227,1776521275648.242,150.015,1.002,149.013,1.765,1833,1577,80.0,1,0,68.3
546,mean_dynamic_mlp_covertype,stable,h3,1776521275650.242,1776521275762.552,112.310,0.000,112.310,1.961,1833,1577,80.0,1,0,74.0
547,mean_dynamic_mlp_covertype,stable,h3,1776521275764.555,1776521275915.064,150.509,0.000,149.508,1.721,1833,1577,80.0,1,0,70.4
548,mean_dynamic_mlp_covertype,stable,h3,1776521275917.064,1776521275996.575,79.511,0.000,77.509,1.911,1833,1577,80.0,0,0,68.8
549,mean_dynamic_mlp_covertype,stable,h3,1776521275997.573,1776521276063.085,65.511,0.000,63.916,2.185,1833,1577,80.0,0,0,68.2
550,mean_dynamic_mlp_covertype,stable,h3,1776521276064.085,1776521276139.595,75.510,0.000,74.507,1.788,1833,1577,80.0,0,0,70.0
551,mean_dynamic_mlp_covertype,stable,h3,1776521276141.595,1776521276298.101,156.506,0.000,155.506,1.868,1833,1577,80.0,1,0,68.8
552,mean_dynamic_mlp_covertype,stable,h3,1776521276299.101,1776521276388.610,89.509,0.000,89.509,1.798,1833,1577,80.0,1,0,68.8
553,mean_dynamic_mlp_covertype,stable,h3,1776521276390.610,1776521276505.117,114.508,0.000,112.507,1.987,1833,1577,80.0,1,0,70.2
554,mean_dynamic_mlp_covertype,stable,h3,1776521276507.118,1776521276632.635,125.518,0.000,125.518,1.831,1833,1577,80.0,1,0,75.0
555,mean_dynamic_mlp_covertype,stable,h3,1776521276634.636,1776521276708.781,74.145,0.000,74.145,1.895,1833,1577,80.0,0,0,73.8
556,mean_dynamic_mlp_covertype,stable,h3,1776521276710.780,1776521276826.293,115.513,1.002,113.511,2.006,1833,1577,80.0,1,0,74.8
557,mean_dynamic_mlp_covertype,stable,h3,1776521276827.293,1776521276959.307,132.014,0.000,130.009,2.028,1833,1577,80.0,1,0,70.3
558,mean_dynamic_mlp_covertype,stable,h3,1776521276960.305,1776521277085.817,125.512,0.000,124.503,2.004,1833,1577,80.0,1,0,76.7
559,mean_dynamic_mlp_covertype,stable,h3,1776521277086.815,1776521277210.332,123.517,1.000,122.517,1.880,1833,1577,80.0,1,0,70.5
560,mean_dynamic_mlp_covertype,stable,h3,1776521277212.328,1776521277326.838,114.510,0.000,113.510,2.036,1833,1577,80.0,1,0,76.9
561,mean_dynamic_mlp_covertype,stable,h3,1776521277328.839,1776521277503.854,175.015,0.000,175.015,1.810,1833,1577,80.0,1,0,70.5
562,mean_dynamic_mlp_covertype,stable,h3,1776521277505.854,1776521277599.120,93.267,0.000,93.267,1.890,1833,1577,80.0,1,0,81.0
563,mean_dynamic_mlp_covertype,stable,h3,1776521277601.120,1776521277757.139,156.019,0.000,155.015,1.886,1833,1577,80.0,1,0,70.2
564,mean_dynamic_mlp_covertype,stable,h3,1776521277759.139,1776521277881.653,122.514,1.004,120.507,1.746,1833,1577,80.0,1,0,74.6
565,mean_dynamic_mlp_covertype,stable,h3,1776521277882.650,1776521278040.665,158.015,0.000,156.014,1.962,1833,1577,80.0,1,0,73.8
566,mean_dynamic_mlp_covertype,stable,h3,1776521278041.666,1776521278125.668,84.002,0.000,84.002,1.882,1833,1577,80.0,1,0,73.4
567,mean_dynamic_mlp_covertype,stable,h3,1776521278127.668,1776521278193.175,65.507,0.000,65.507,1.939,1833,1577,80.0,0,0,73.8
568,mean_dynamic_mlp_covertype,stable,h3,1776521278195.175,1776521278329.692,134.517,0.000,134.517,1.848,1833,1577,80.0,1,0,69.7
569,mean_dynamic_mlp_covertype,stable,h3,1776521278331.691,1776521278422.201,90.510,0.000,90.510,1.849,1833,1577,80.0,1,0,77.1
570,mean_dynamic_mlp_covertype,stable,h3,1776521278424.204,1776521278557.222,133.019,0.000,132.015,1.993,1833,1577,80.0,1,0,70.6
571,mean_dynamic_mlp_covertype,stable,h3,1776521278558.220,1776521278690.740,132.520,1.002,131.518,1.817,1833,1577,80.0,1,0,69.2
572,mean_dynamic_mlp_covertype,stable,h3,1776521278692.745,1776521278761.250,68.506,0.000,67.507,2.017,1833,1577,80.0,0,0,69.6
573,mean_dynamic_mlp_covertype,stable,h3,1776521278763.250,1776521278839.437,76.188,0.000,74.000,1.898,1833,1577,80.0,0,0,70.5
574,mean_dynamic_mlp_covertype,stable,h3,1776521278841.436,1776521278922.435,80.999,0.000,79.998,1.806,1833,1577,80.0,1,0,67.9
575,mean_dynamic_mlp_covertype,stable,h3,1776521278923.437,1776521279070.452,147.016,0.000,147.016,1.949,1833,1577,80.0,1,0,71.6
576,mean_dynamic_mlp_covertype,stable,h3,1776521279072.453,1776521279187.965,115.512,0.000,115.512,1.873,1833,1577,80.0,1,0,73.4
577,mean_dynamic_mlp_covertype,stable,h3,1776521279189.968,1776521279369.982,180.014,0.000,179.012,1.841,1833,1577,80.0,1,0,69.9
578,mean_dynamic_mlp_covertype,stable,h3,1776521279370.980,1776521279488.494,117.514,1.000,115.507,2.486,1833,1577,80.0,1,0,69.6
579,mean_dynamic_mlp_covertype,stable,h3,1776521279489.488,1776521279570.861,81.373,1.001,80.372,1.801,1833,1577,80.0,1,0,68.8
580,mean_dynamic_mlp_covertype,stable,h3,1776521279572.861,1776521279652.367,79.506,0.000,78.506,1.943,1833,1577,80.0,0,0,71.3
581,mean_dynamic_mlp_covertype,stable,h3,1776521279654.369,1776521279864.391,210.022,0.000,209.022,2.420,1833,1577,80.0,1,0,68.8
582,mean_dynamic_mlp_covertype,stable,h3,1776521279865.407,1776521279983.909,118.502,0.985,117.517,2.079,1833,1577,80.0,1,0,69.2
583,mean_dynamic_mlp_covertype,stable,h3,1776521279984.907,1776521280109.416,124.509,0.000,123.508,2.197,1833,1577,80.0,1,0,76.0
584,mean_dynamic_mlp_covertype,stable,h3,1776521280111.417,1776521280194.924,83.507,0.000,82.507,1.971,1833,1577,80.0,1,0,68.8
585,mean_dynamic_mlp_covertype,stable,h3,1776521280196.925,1776521280340.951,144.026,0.000,144.026,1.837,1833,1577,80.0,1,0,72.8
586,mean_dynamic_mlp_covertype,stable,h3,1776521280342.951,1776521280416.952,74.001,0.000,73.002,1.889,1833,1577,80.0,0,0,81.5
587,mean_dynamic_mlp_covertype,stable,h3,1776521280418.951,1776521280514.463,95.512,0.000,93.512,1.800,1833,1577,80.0,1,0,71.1
588,mean_dynamic_mlp_covertype,stable,h3,1776521280515.463,1776521280599.976,84.513,1.003,82.509,1.823,1833,1577,80.0,1,0,70.0
589,mean_dynamic_mlp_covertype,stable,h3,1776521280600.976,1776521280756.991,156.015,1.000,155.015,2.049,1833,1577,80.0,1,0,68.8
590,mean_dynamic_mlp_covertype,stable,h3,1776521280758.991,1776521280885.498,126.507,0.000,124.507,1.885,1833,1577,80.0,1,0,71.8
591,mean_dynamic_mlp_covertype,stable,h3,1776521280887.498,1776521280977.006,89.508,0.000,88.508,5.005,1833,1577,80.0,1,0,68.3
592,mean_dynamic_mlp_covertype,stable,h3,1776521280979.006,1776521281092.515,113.508,0.000,113.508,2.059,1833,1577,80.0,1,0,71.9
593,mean_dynamic_mlp_covertype,stable,h3,1776521281094.514,1776521281196.021,101.507,0.000,100.506,1.742,1833,1577,80.0,1,0,68.8
594,mean_dynamic_mlp_covertype,stable,h3,1776521281198.021,1776521281330.532,132.510,0.000,132.510,1.758,1833,1577,80.0,1,0,70.3
595,mean_dynamic_mlp_covertype,stable,h3,1776521281332.532,1776521281447.551,115.019,0.000,114.019,2.393,1833,1577,80.0,1,0,73.4
596,mean_dynamic_mlp_covertype,stable,h3,1776521281448.551,1776521281619.062,170.510,1.000,169.511,2.117,1833,1577,80.0,1,0,75.7
597,mean_dynamic_mlp_covertype,stable,h3,1776521281621.062,1776521281713.569,92.507,0.000,91.507,3.922,1833,1577,80.0,1,0,68.0
598,mean_dynamic_mlp_covertype,stable,h3,1776521281715.570,1776521281824.079,108.509,0.000,107.506,3.696,1833,1577,80.0,1,0,70.2
599,mean_dynamic_mlp_covertype,stable,h3,1776521281825.079,1776521281961.091,136.012,1.001,135.011,1.932,1833,1577,80.0,1,0,71.1
600,mean_dynamic_mlp_covertype,stable,h3,1776521281963.091,1776521282034.094,71.003,0.000,70.003,2.361,1833,1577,80.0,0,0,73.8
601,mean_dynamic_mlp_covertype,stable,h3,1776521282035.094,1776521282173.110,138.016,1.001,136.014,2.095,1833,1577,80.0,1,0,81.9
602,mean_dynamic_mlp_covertype,stable,h3,1776521282175.110,1776521282293.667,118.558,0.000,118.558,2.701,1833,1577,80.0,1,0,79.7
603,mean_dynamic_mlp_covertype,stable,h3,1776521282295.668,1776521282355.222,59.554,0.000,57.555,2.370,1833,1577,80.0,0,0,74.2
604,mean_dynamic_mlp_covertype,stable,h3,1776521282356.222,1776521282497.729,141.507,1.000,140.507,4.982,1833,1577,80.0,1,0,70.8
605,mean_dynamic_mlp_covertype,stable,h3,1776521282499.729,1776521282586.237,86.508,0.000,85.508,2.451,1833,1577,80.0,1,0,68.8
606,mean_dynamic_mlp_covertype,stable,h3,1776521282588.237,1776521282688.745,100.509,0.000,98.508,1.839,1833,1577,80.0,1,0,87.3
607,mean_dynamic_mlp_covertype,stable,h3,1776521282689.745,1776521282789.252,99.508,1.000,97.508,2.440,1833,1577,80.0,1,0,70.8
608,mean_dynamic_mlp_covertype,stable,h3,1776521282790.252,1776521282988.267,198.015,0.000,197.014,1.745,1833,1577,80.0,1,0,73.0
609,mean_dynamic_mlp_covertype,stable,h3,1776521282990.267,1776521283047.781,57.514,0.000,56.510,2.239,1833,1577,80.0,0,0,68.8
610,mean_dynamic_mlp_covertype,stable,h3,1776521283048.779,1776521283225.288,176.509,0.000,175.509,1.792,1833,1577,80.0,1,0,69.9
611,mean_dynamic_mlp_covertype,stable,h3,1776521283226.288,1776521283355.300,129.012,1.001,127.011,1.774,1833,1577,80.0,1,0,69.7
612,mean_dynamic_mlp_covertype,stable,h3,1776521283357.300,1776521283444.809,87.508,0.000,87.508,2.045,1833,1577,80.0,1,0,68.8
613,mean_dynamic_mlp_covertype,stable,h3,1776521283446.808,1776521283574.317,127.509,0.000,127.509,1.742,1833,1577,80.0,1,0,69.7
614,mean_dynamic_mlp_covertype,stable,h3,1776521283575.317,1776521283635.320,60.003,0.000,59.003,2.156,1833,1577,80.0,0,0,84.4
615,mean_dynamic_mlp_covertype,stable,h3,1776521283637.319,1776521283747.333,110.014,0.000,108.013,2.047,1833,1577,80.0,1,0,73.7
616,mean_dynamic_mlp_covertype,stable,h3,1776521283748.333,1776521283883.840,135.507,1.000,133.507,1.862,1833,1577,80.0,1,0,71.1
617,mean_dynamic_mlp_covertype,stable,h3,1776521283884.841,1776521283962.352,77.511,1.003,75.506,3.777,1833,1577,80.0,0,0,78.3
618,mean_dynamic_mlp_covertype,stable,h3,1776521283963.351,1776521284132.863,169.511,0.999,167.512,2.786,1833,1577,80.0,1,0,76.1
619,mean_dynamic_mlp_covertype,stable,h3,1776521284133.863,1776521284311.874,178.011,1.000,177.011,2.055,1833,1577,80.0,1,0,71.5
620,mean_dynamic_mlp_covertype,stable,h3,1776521284313.874,1776521284406.385,92.511,0.000,91.507,1.961,1833,1577,80.0,1,0,73.7
621,mean_dynamic_mlp_covertype,stable,h3,1776521284407.382,1776521284487.891,80.509,0.000,79.508,1.763,1833,1577,80.0,1,0,67.9
622,mean_dynamic_mlp_covertype,stable,h3,1776521284489.890,1776521284616.396,126.506,0.000,125.506,1.825,1833,1577,80.0,1,0,69.0
623,mean_dynamic_mlp_covertype,stable,h3,1776521284617.397,1776521284768.412,151.016,1.000,149.015,1.826,1833,1577,80.0,1,0,70.9
624,mean_dynamic_mlp_covertype,stable,h3,1776521284770.413,1776521284883.919,113.507,0.000,112.507,2.111,1833,1577,80.0,1,0,68.1
625,mean_dynamic_mlp_covertype,stable,h3,1776521284884.920,1776521285031.429,146.510,0.000,145.509,1.800,1833,1577,80.0,1,0,69.6
626,mean_dynamic_mlp_covertype,stable,h3,1776521285033.430,1776521285169.444,136.014,0.000,134.014,1.695,1833,1577,80.0,1,0,69.2
627,mean_dynamic_mlp_covertype,stable,h3,1776521285171.446,1776521285273.951,102.505,0.000,101.505,1.754,1833,1577,80.0,1,0,68.4
628,mean_dynamic_mlp_covertype,stable,h3,1776521285274.951,1776521285402.459,127.507,1.000,125.507,1.956,1833,1577,80.0,1,0,70.6
629,mean_dynamic_mlp_covertype,stable,h3,1776521285403.458,1776521285559.474,156.015,0.000,154.015,2.077,1833,1577,80.0,1,0,68.1
630,mean_dynamic_mlp_covertype,stable,h3,1776521285560.474,1776521285711.980,151.507,0.000,150.507,2.050,1833,1577,80.0,1,0,67.8
631,mean_dynamic_mlp_covertype,stable,h3,1776521285713.981,1776521285838.490,124.510,0.000,123.510,1.843,1833,1577,80.0,1,0,70.1
632,mean_dynamic_mlp_covertype,stable,h3,1776521285839.993,1776521285936.998,97.005,0.000,96.002,1.992,1833,1577,80.0,1,0,70.1
633,mean_dynamic_mlp_covertype,stable,h3,1776521285937.999,1776521286052.014,114.015,0.000,111.511,1.800,1833,1577,80.0,1,0,69.4
634,mean_dynamic_mlp_covertype,stable,h3,1776521286053.014,1776521286135.018,82.005,0.000,80.004,5.963,1833,1577,80.0,1,0,70.5
635,mean_dynamic_mlp_covertype,stable,h3,1776521286137.017,1776521286274.031,137.013,0.000,137.013,1.723,1833,1577,80.0,1,0,67.7
636,mean_dynamic_mlp_covertype,stable,h3,1776521286276.031,1776521286398.539,122.508,0.000,121.507,3.848,1833,1577,80.0,1,0,69.5
637,mean_dynamic_mlp_covertype,stable,h3,1776521286400.539,1776521286521.052,120.513,0.000,119.510,1.869,1833,1577,80.0,1,0,69.5
638,mean_dynamic_mlp_covertype,stable,h3,1776521286522.050,1776521286651.071,129.021,0.000,127.016,2.082,1833,1577,80.0,1,0,69.7
639,mean_dynamic_mlp_covertype,stable,h3,1776521286652.069,1776521286739.574,87.506,0.000,85.000,2.471,1833,1577,80.0,1,0,75.6
640,mean_dynamic_mlp_covertype,stable,h3,1776521286740.578,1776521286841.087,100.509,1.000,98.505,2.106,1833,1577,80.0,1,0,75.0
641,mean_dynamic_mlp_covertype,stable,h3,1776521286843.087,1776521286961.594,118.507,0.000,118.507,1.894,1833,1577,80.0,1,0,70.3
642,mean_dynamic_mlp_covertype,stable,h3,1776521286963.594,1776521287089.102,125.508,0.000,125.508,2.019,1833,1577,80.0,1,0,75.3
643,mean_dynamic_mlp_covertype,stable,h3,1776521287090.102,1776521287174.612,84.510,0.000,83.510,1.900,1833,1577,80.0,1,0,78.8
644,mean_dynamic_mlp_covertype,stable,h3,1776521287176.612,1776521287275.119,98.507,0.000,97.507,1.941,1833,1577,80.0,1,0,71.7
645,mean_dynamic_mlp_covertype,stable,h3,1776521287276.119,1776521287419.628,143.509,1.000,141.508,2.043,1833,1577,80.0,1,0,74.5
646,mean_dynamic_mlp_covertype,stable,h3,1776521287420.628,1776521287545.416,124.787,0.000,122.787,1.789,1833,1577,80.0,1,0,68.8
647,mean_dynamic_mlp_covertype,stable,h3,1776521287546.416,1776521287733.925,187.509,1.001,185.508,1.796,1833,1577,80.0,1,0,68.8
648,mean_dynamic_mlp_covertype,stable,h3,1776521287734.925,1776521287808.430,73.505,0.000,72.503,1.876,1833,1577,80.0,0,0,70.0
649,mean_dynamic_mlp_covertype,stable,h3,1776521287810.430,1776521287891.938,81.508,0.000,81.508,1.936,1833,1577,80.0,1,0,72.5
650,mean_dynamic_mlp_covertype,stable,h3,1776521287893.938,1776521287984.445,90.507,0.000,89.503,1.875,1833,1577,80.0,1,0,71.9
651,mean_dynamic_mlp_covertype,stable,h3,1776521287986.445,1776521288117.952,131.507,0.000,130.507,1.851,1833,1577,80.0,1,0,71.3
652,mean_dynamic_mlp_covertype,stable,h3,1776521288119.956,1776521288249.971,130.015,0.000,129.015,1.981,1833,1577,80.0,1,0,75.0
653,mean_dynamic_mlp_covertype,stable,h3,1776521288250.971,1776521288369.479,118.508,1.000,117.508,2.411,1833,1577,80.0,1,0,75.2
654,mean_dynamic_mlp_covertype,stable,h3,1776521288371.478,1776521288428.480,57.003,0.000,56.002,1.929,1833,1577,80.0,0,0,70.8
655,mean_dynamic_mlp_covertype,stable,h3,1776521288429.480,1776521288605.495,176.015,0.000,175.014,1.974,1833,1577,80.0,1,0,75.0
656,mean_dynamic_mlp_covertype,stable,h3,1776521288607.495,1776521288690.002,82.507,1.002,81.505,2.228,1833,1577,80.0,1,0,68.8
657,mean_dynamic_mlp_covertype,stable,h3,1776521288692.002,1776521288806.510,114.508,0.000,113.504,2.153,1833,1577,80.0,1,0,69.3
658,mean_dynamic_mlp_covertype,stable,h3,1776521288808.510,1776521288967.526,159.016,0.000,158.016,1.858,1833,1577,80.0,1,0,70.3
659,mean_dynamic_mlp_covertype,stable,h3,1776521288969.526,1776521289101.033,131.507,0.000,130.507,2.189,1833,1577,80.0,1,0,67.2
660,mean_dynamic_mlp_covertype,stable,h3,1776521289102.033,1776521289238.548,136.515,1.000,134.511,4.548,1833,1577,80.0,1,0,87.2
661,mean_dynamic_mlp_covertype,stable,h3,1776521289240.053,1776521289352.564,112.511,0.000,112.511,1.960,1833,1577,80.0,1,0,69.0
662,mean_dynamic_mlp_covertype,stable,h3,1776521289353.564,1776521289559.697,206.132,0.000,205.132,1.949,1833,1577,80.0,1,0,67.6
663,mean_dynamic_mlp_covertype,stable,h3,1776521289560.714,1776521289649.204,88.490,0.000,88.490,2.094,1833,1577,80.0,1,0,62.0
664,mean_dynamic_mlp_covertype,stable,h3,1776521289651.205,1776521289773.714,122.509,0.000,121.509,2.038,1833,1577,80.0,1,0,68.2
665,mean_dynamic_mlp_covertype,stable,h3,1776521289775.715,1776521289872.225,96.511,0.000,95.510,2.418,1833,1577,80.0,1,0,69.6
666,mean_dynamic_mlp_covertype,stable,h3,1776521289874.224,1776521289995.732,121.508,1.001,120.507,1.743,1833,1577,80.0,1,0,69.8
667,mean_dynamic_mlp_covertype,stable,h3,1776521289997.732,1776521290119.239,121.507,1.001,120.507,4.036,1833,1577,80.0,1,0,69.0
668,mean_dynamic_mlp_covertype,stable,h3,1776521290121.238,1776521290235.750,114.512,0.000,113.508,1.762,1833,1577,80.0,1,0,71.1
669,mean_dynamic_mlp_covertype,stable,h3,1776521290237.749,1776521290344.818,107.069,0.000,107.069,1.941,1833,1577,80.0,1,0,68.8
670,mean_dynamic_mlp_covertype,stable,h3,1776521290346.818,1776521290443.326,96.508,0.000,95.506,1.754,1833,1577,80.0,1,0,68.8
671,mean_dynamic_mlp_covertype,stable,h3,1776521290445.326,1776521290577.833,132.507,0.000,132.507,1.821,1833,1577,80.0,1,0,69.4
672,mean_dynamic_mlp_covertype,stable,h3,1776521290580.833,1776521290709.340,128.507,0.000,128.507,2.016,1833,1577,80.0,1,0,69.5
673,mean_dynamic_mlp_covertype,stable,h3,1776521290711.340,1776521290804.851,93.511,0.000,92.511,2.483,1833,1577,80.0,1,0,69.1
674,mean_dynamic_mlp_covertype,stable,h3,1776521290806.851,1776521290897.357,90.506,0.000,89.506,2.874,1833,1577,80.0,1,0,69.8
675,mean_dynamic_mlp_covertype,stable,h3,1776521290899.358,1776521291091.376,192.018,0.000,191.015,2.768,1833,1577,80.0,1,0,70.3
676,mean_dynamic_mlp_covertype,stable,h3,1776521291093.373,1776521291228.521,135.148,0.000,133.146,1.704,1833,1577,80.0,1,0,71.1
677,mean_dynamic_mlp_covertype,stable,h3,1776521291229.519,1776521291342.530,113.011,0.000,111.010,1.895,1833,1577,80.0,1,0,67.8
678,mean_dynamic_mlp_covertype,stable,h3,1776521291343.529,1776521291455.037,111.508,0.000,111.508,1.784,1833,1577,80.0,1,0,68.8
679,mean_dynamic_mlp_covertype,stable,h3,1776521291456.036,1776521291559.542,103.505,1.000,101.505,1.779,1833,1577,80.0,1,0,72.3
680,mean_dynamic_mlp_covertype,stable,h3,1776521291560.542,1776521291687.052,126.510,0.000,125.510,2.341,1833,1577,80.0,1,0,70.5
681,mean_dynamic_mlp_covertype,stable,h3,1776521291689.052,1776521291791.560,102.509,0.000,101.506,1.755,1833,1577,80.0,1,0,74.8
682,mean_dynamic_mlp_covertype,stable,h3,1776521291793.559,1776521291940.573,147.014,0.000,144.507,1.934,1833,1577,80.0,1,0,71.7
683,mean_dynamic_mlp_covertype,stable,h3,1776521291941.577,1776521292042.089,100.511,0.000,99.508,1.899,1833,1577,80.0,1,0,70.5
684,mean_dynamic_mlp_covertype,stable,h3,1776521292044.089,1776521292118.087,73.999,0.000,73.999,1.937,1833,1577,80.0,0,0,70.3
685,mean_dynamic_mlp_covertype,stable,h3,1776521292120.088,1776521292288.106,168.019,0.000,166.014,3.216,1833,1577,80.0,1,0,71.8
686,mean_dynamic_mlp_covertype,stable,h3,1776521292289.102,1776521292471.721,182.619,1.000,181.619,1.797,1833,1577,80.0,1,0,73.4
687,mean_dynamic_mlp_covertype,stable,h3,1776521292473.721,1776521292583.852,110.131,0.000,110.131,2.244,1833,1577,80.0,1,0,73.2
688,mean_dynamic_mlp_covertype,stable,h3,1776521292585.850,1776521292690.357,104.508,0.000,103.507,2.392,1833,1577,80.0,1,0,75.7
689,mean_dynamic_mlp_covertype,stable,h3,1776521292692.357,1776521292819.864,127.507,0.000,127.507,1.802,1833,1577,80.0,1,0,69.0
690,mean_dynamic_mlp_covertype,stable,h3,1776521292821.865,1776521292947.881,126.016,0.000,126.016,1.765,1833,1577,80.0,1,0,71.0
691,mean_dynamic_mlp_covertype,stable,h3,1776521292949.880,1776521293071.386,121.507,0.000,121.507,2.011,1833,1577,80.0,1,0,71.7
692,mean_dynamic_mlp_covertype,stable,h3,1776521293072.387,1776521293166.896,94.509,1.005,93.504,1.749,1833,1577,80.0,1,0,69.9
693,mean_dynamic_mlp_covertype,stable,h3,1776521293168.894,1776521293304.404,135.510,0.000,133.506,1.893,1833,1577,80.0,1,0,73.0
694,mean_dynamic_mlp_covertype,stable,h3,1776521293305.402,1776521293441.413,136.010,1.003,135.007,2.079,1833,1577,80.0,1,0,71.2
695,mean_dynamic_mlp_covertype,stable,h3,1776521293443.416,1776521293531.420,88.004,0.000,86.001,1.824,1833,1577,80.0,1,0,77.3
696,mean_dynamic_mlp_covertype,stable,h3,1776521293533.418,1776521293635.928,102.510,0.000,102.510,2.068,1833,1577,80.0,1,0,72.3
697,mean_dynamic_mlp_covertype,stable,h3,1776521293637.927,1776521293737.438,99.511,0.000,98.510,1.819,1833,1577,80.0,1,0,68.8
698,mean_dynamic_mlp_covertype,stable,h3,1776521293739.437,1776521293869.417,129.979,0.000,129.979,1.978,1833,1577,80.0,1,0,71.4
699,mean_dynamic_mlp_covertype,stable,h3,1776521293871.418,1776521294030.929,159.511,0.000,159.511,2.097,1833,1577,80.0,1,0,68.5
700,mean_dynamic_mlp_covertype,stable,h3,1776521294032.928,1776521294143.944,111.016,0.000,110.370,1.973,1833,1577,80.0,1,0,68.5
701,mean_dynamic_mlp_covertype,stable,h3,1776521294144.943,1776521294314.438,169.495,0.000,169.495,2.193,1833,1577,80.0,1,0,69.1
702,mean_dynamic_mlp_covertype,stable,h3,1776521294316.439,1776521294466.944,150.506,0.000,149.506,1.740,1833,1577,80.0,1,0,67.9
703,mean_dynamic_mlp_covertype,stable,h3,1776521294468.944,1776521294600.454,131.510,0.000,131.510,1.780,1833,1577,80.0,1,0,69.0
704,mean_dynamic_mlp_covertype,stable,h3,1776521294601.455,1776521294702.969,101.514,0.000,99.506,1.851,1833,1577,80.0,1,0,69.6
705,mean_dynamic_mlp_covertype,stable,h3,1776521294703.964,1776521294806.473,102.509,0.000,101.506,1.982,1833,1577,80.0,1,0,72.6
706,mean_dynamic_mlp_covertype,stable,h3,1776521294808.470,1776521294966.485,158.014,0.000,157.014,1.888,1833,1577,80.0,1,0,70.0
707,mean_dynamic_mlp_covertype,stable,h3,1776521294968.484,1776521295072.997,104.513,0.000,103.511,2.050,1833,1577,80.0,1,0,69.6
708,mean_dynamic_mlp_covertype,stable,h3,1776521295074.997,1776521295229.511,154.514,0.000,153.515,2.037,1833,1577,80.0,1,0,68.8
709,mean_dynamic_mlp_covertype,stable,h3,1776521295231.509,1776521295349.329,117.820,0.000,116.820,1.946,1833,1577,80.0,1,0,71.1
710,mean_dynamic_mlp_covertype,stable,h3,1776521295351.329,1776521295429.332,78.002,0.000,77.002,2.026,1833,1577,80.0,0,0,73.8
711,mean_dynamic_mlp_covertype,stable,h3,1776521295431.332,1776521295521.578,90.247,0.000,88.244,1.924,1833,1577,80.0,1,0,76.6
712,mean_dynamic_mlp_covertype,stable,h3,1776521295522.578,1776521295645.595,123.017,0.000,122.017,1.824,1833,1577,80.0,1,0,69.0
713,mean_dynamic_mlp_covertype,stable,h3,1776521295647.594,1776521295751.106,103.512,0.000,102.511,1.877,1833,1577,80.0,1,0,71.1
714,mean_dynamic_mlp_covertype,stable,h3,1776521295753.105,1776521295822.107,69.002,0.000,66.999,2.813,1833,1577,80.0,0,0,76.1
715,mean_dynamic_mlp_covertype,stable,h3,1776521295824.105,1776521295958.025,133.919,0.000,133.919,1.878,1833,1577,80.0,1,0,70.2
716,mean_dynamic_mlp_covertype,stable,h3,1776521295960.024,1776521296059.532,99.507,0.000,99.507,1.973,1833,1577,80.0,1,0,71.9
717,mean_dynamic_mlp_covertype,stable,h3,1776521296061.532,1776521296169.041,107.508,0.000,107.508,1.892,1833,1577,80.0,1,0,70.0
718,mean_dynamic_mlp_covertype,stable,h3,1776521296171.041,1776521296296.546,125.505,0.000,125.505,1.968,1833,1577,80.0,1,0,69.5
719,mean_dynamic_mlp_covertype,stable,h3,1776521296298.547,1776521296415.061,116.514,1.000,114.510,2.102,1833,1577,80.0,1,0,67.5
720,mean_dynamic_mlp_covertype,stable,h3,1776521296416.058,1776521296537.566,121.508,0.000,120.508,2.800,1833,1577,80.0,1,0,70.9
721,mean_dynamic_mlp_covertype,stable,h3,1776521296539.566,1776521296611.072,71.506,0.000,69.504,1.894,1833,1577,80.0,0,0,73.8
722,mean_dynamic_mlp_covertype,stable,h3,1776521296612.071,1776521296697.580,85.509,1.002,84.506,1.836,1833,1577,80.0,1,0,69.8
723,mean_dynamic_mlp_covertype,stable,h3,1776521296699.578,1776521296830.088,130.510,0.000,128.509,2.393,1833,1577,80.0,1,0,70.9
724,mean_dynamic_mlp_covertype,stable,h3,1776521296831.088,1776521296892.597,61.510,1.002,59.505,1.883,1833,1577,80.0,0,0,67.2
725,mean_dynamic_mlp_covertype,stable,h3,1776521296893.595,1776521297050.615,157.020,0.000,156.016,1.773,1833,1577,80.0,1,0,71.2
726,mean_dynamic_mlp_covertype,stable,h3,1776521297052.616,1776521297145.126,92.510,0.000,91.510,1.898,1833,1577,80.0,1,0,75.3
727,mean_dynamic_mlp_covertype,stable,h3,1776521297146.122,1776521297228.124,82.001,1.000,81.001,1.871,1833,1577,80.0,1,0,70.5
728,mean_dynamic_mlp_covertype,stable,h3,1776521297230.124,1776521297402.136,172.013,0.000,172.013,2.024,1833,1577,80.0,1,0,68.4
729,mean_dynamic_mlp_covertype,stable,h3,1776521297404.136,1776521297518.648,114.512,0.000,114.512,1.791,1833,1577,80.0,1,0,70.3
730,mean_dynamic_mlp_covertype,stable,h3,1776521297520.646,1776521297622.160,101.514,0.000,100.513,1.895,1833,1577,80.0,1,0,81.9
731,mean_dynamic_mlp_covertype,stable,h3,1776521297624.160,1776521297732.678,108.518,0.000,108.518,1.925,1833,1577,80.0,1,0,70.8
732,mean_dynamic_mlp_covertype,stable,h3,1776521297734.675,1776521297807.094,72.419,0.000,71.419,1.807,1833,1577,80.0,0,0,70.0
733,mean_dynamic_mlp_covertype,stable,h3,1776521297808.094,1776521298076.330,268.236,1.001,267.235,2.072,1833,1577,80.0,1,0,53.6
734,mean_dynamic_mlp_covertype,stable,h3,1776521298077.330,1776521298527.379,450.049,0.986,446.915,2.417,1833,1577,80.0,1,0,34.1
735,mean_dynamic_mlp_covertype,stable,h3,1776521298528.370,1776521298980.475,452.105,0.903,449.105,1.869,1833,1577,80.0,1,0,32.8
736,mean_dynamic_mlp_covertype,stable,h3,1776521298982.475,1776521299434.154,451.679,0.996,448.681,2.139,1833,1577,80.0,1,0,30.9
737,mean_dynamic_mlp_covertype,stable,h3,1776521299437.148,1776521299889.300,452.152,1.002,451.150,2.174,1833,1577,80.0,1,0,32.4
738,mean_dynamic_mlp_covertype,stable,h3,1776521299892.311,1776521300344.143,451.832,0.990,449.845,3.098,1833,1577,80.0,1,0,30.5
739,mean_dynamic_mlp_covertype,stable,h3,1776521300347.162,1776521300906.512,559.350,0.983,556.371,2.236,1833,1577,80.0,1,0,27.2
740,mean_dynamic_mlp_covertype,stable,h3,1776521300907.514,1776521301522.475,614.961,1.994,611.963,2.469,1833,1577,80.0,1,0,22.3
741,mean_dynamic_mlp_covertype,stable,h3,1776521301524.477,1776521302135.511,611.034,0.000,608.847,2.542,1833,1577,80.0,1,0,26.2
742,mean_dynamic_mlp_covertype,stable,h3,1776521302137.538,1776521302675.069,537.531,0.998,535.536,1.783,1833,1577,80.0,1,0,26.1
743,mean_dynamic_mlp_covertype,stable,h3,1776521302677.068,1776521303361.566,684.498,1.296,682.502,2.449,1833,1577,80.0,1,0,22.2
744,mean_dynamic_mlp_covertype,stable,h3,1776521303363.564,1776521303978.790,615.226,1.000,612.218,1.856,1833,1577,80.0,1,0,29.8
745,mean_dynamic_mlp_covertype,stable,h3,1776521303980.782,1776521304602.957,622.176,0.902,620.275,1.912,1833,1577,80.0,1,0,25.1
746,mean_dynamic_mlp_covertype,stable,h3,1776521304603.943,1776521305205.365,601.421,1.006,600.415,1.764,1833,1577,80.0,1,0,26.0
747,mean_dynamic_mlp_covertype,stable,h3,1776521305207.364,1776521305820.663,613.299,1.001,610.489,2.340,1833,1577,80.0,1,0,25.2
748,mean_dynamic_mlp_covertype,stable,h3,1776521305822.664,1776521306210.020,387.356,1.000,385.263,2.183,1833,1577,80.0,1,0,44.7
749,mean_dynamic_mlp_covertype,stable,h3,1776521306212.019,1776521306286.516,74.497,2.192,72.305,1.974,1833,1577,80.0,0,0,40.7
750,mean_dynamic_mlp_covertype,stable,h3,1776521306288.516,1776521306509.461,220.945,0.000,218.943,1.904,1833,1577,80.0,1,0,68.8
751,mean_dynamic_mlp_covertype,stable,h3,1776521306510.445,1776521306667.953,157.507,0.000,157.507,1.990,1833,1577,80.0,1,0,66.1
752,mean_dynamic_mlp_covertype,stable,h3,1776521306669.953,1776521306798.964,129.011,0.000,128.011,2.636,1833,1577,80.0,1,0,70.5
753,mean_dynamic_mlp_covertype,stable,h3,1776521306800.964,1776521306979.981,179.017,0.000,177.017,1.801,1833,1577,80.0,1,0,72.4
754,mean_dynamic_mlp_covertype,stable,h3,1776521306980.981,1776521307082.489,101.508,0.000,99.507,2.139,1833,1577,80.0,1,0,69.8
755,mean_dynamic_mlp_covertype,stable,h3,1776521307083.489,1776521307166.490,83.001,0.000,82.001,1.952,1833,1577,80.0,1,0,71.0
756,mean_dynamic_mlp_covertype,stable,h3,1776521307168.492,1776521307253.995,85.503,0.000,85.503,1.973,1833,1577,80.0,1,0,69.9
757,mean_dynamic_mlp_covertype,stable,h3,1776521307255.996,1776521307383.010,127.014,0.000,127.014,2.671,1833,1577,80.0,1,0,73.4
758,mean_dynamic_mlp_covertype,stable,h3,1776521307385.010,1776521307534.518,149.508,0.000,148.506,9.021,1833,1577,80.0,1,0,69.8
759,mean_dynamic_mlp_covertype,stable,h3,1776521307535.518,1776521307650.024,114.506,1.000,113.507,1.948,1833,1577,80.0,1,0,70.3
760,mean_dynamic_mlp_covertype,stable,h3,1776521307652.024,1776521307763.535,111.511,0.000,111.511,1.871,1833,1577,80.0,1,0,68.8
761,mean_dynamic_mlp_covertype,stable,h3,1776521307765.535,1776521307880.547,115.012,0.000,114.012,1.986,1833,1577,80.0,1,0,68.1
762,mean_dynamic_mlp_covertype,stable,h3,1776521307881.563,1776521308037.053,155.490,0.986,153.504,1.905,1833,1577,80.0,1,0,70.8
763,mean_dynamic_mlp_covertype,stable,h3,1776521308038.054,1776521308184.068,146.014,1.001,144.013,1.972,1833,1577,80.0,1,0,69.2
764,mean_dynamic_mlp_covertype,stable,h3,1776521308185.068,1776521308281.575,96.507,0.000,95.506,1.787,1833,1577,80.0,1,0,69.8
765,mean_dynamic_mlp_covertype,stable,h3,1776521308283.575,1776521308387.083,103.508,0.000,101.506,1.784,1833,1577,80.0,1,0,67.9
766,mean_dynamic_mlp_covertype,stable,h3,1776521308389.083,1776521308496.590,107.507,0.000,107.507,2.009,1833,1577,80.0,1,0,69.0
767,mean_dynamic_mlp_covertype,stable,h3,1776521308498.589,1776521308627.096,128.507,0.000,127.507,1.817,1833,1577,80.0,1,0,71.1
768,mean_dynamic_mlp_covertype,stable,h3,1776521308629.098,1776521308748.606,119.508,0.000,118.508,2.006,1833,1577,80.0,1,0,69.5
769,mean_dynamic_mlp_covertype,stable,h3,1776521308749.606,1776521308816.115,66.509,1.001,64.506,1.745,1833,1577,80.0,0,0,72.6
770,mean_dynamic_mlp_covertype,stable,h3,1776521308817.114,1776521308903.620,86.507,0.000,85.506,1.844,1833,1577,80.0,1,0,70.4
771,mean_dynamic_mlp_covertype,stable,h3,1776521308904.620,1776521309011.128,106.508,1.000,104.507,1.963,1833,1577,80.0,1,0,69.4
772,mean_dynamic_mlp_covertype,stable,h3,1776521309013.128,1776521309208.143,195.015,0.000,195.015,8.408,1833,1577,80.0,1,0,68.4
773,mean_dynamic_mlp_covertype,stable,h3,1776521309210.143,1776521309298.653,88.510,0.000,86.505,2.005,1833,1577,80.0,1,0,72.6
774,mean_dynamic_mlp_covertype,stable,h3,1776521309299.652,1776521309450.163,150.511,0.000,148.512,1.857,1833,1577,80.0,1,0,69.2
775,mean_dynamic_mlp_covertype,stable,h3,1776521309451.163,1776521309556.670,105.507,0.000,104.506,1.787,1833,1577,80.0,1,0,71.4
776,mean_dynamic_mlp_covertype,stable,h3,1776521309558.671,1776521309728.688,170.018,0.000,170.018,2.251,1833,1577,80.0,1,0,68.0
777,mean_dynamic_mlp_covertype,stable,h3,1776521309730.688,1776521309842.197,111.509,0.000,111.509,1.872,1833,1577,80.0,1,0,69.4
778,mean_dynamic_mlp_covertype,stable,h3,1776521309843.197,1776521309942.705,99.508,1.000,97.508,1.798,1833,1577,80.0,1,0,68.0
779,mean_dynamic_mlp_covertype,stable,h3,1776521309944.705,1776521310079.723,135.018,0.000,134.016,2.171,1833,1577,80.0,1,0,68.3
780,mean_dynamic_mlp_covertype,stable,h3,1776521310080.721,1776521310175.723,95.002,0.000,93.000,1.973,1833,1577,80.0,1,0,68.8
781,mean_dynamic_mlp_covertype,stable,h3,1776521310177.225,1776521310347.746,170.521,0.000,169.518,2.083,1833,1577,80.0,1,0,69.5
782,mean_dynamic_mlp_covertype,stable,h3,1776521310349.746,1776521310473.259,123.513,0.000,123.513,1.765,1833,1577,80.0,1,0,69.3
783,mean_dynamic_mlp_covertype,stable,h3,1776521310474.259,1776521310565.771,91.512,0.000,90.508,2.547,1833,1577,80.0,1,0,68.0
784,mean_dynamic_mlp_covertype,stable,h3,1776521310567.771,1776521310688.663,120.892,0.000,119.892,1.812,1833,1577,80.0,1,0,68.8
785,mean_dynamic_mlp_covertype,stable,h3,1776521310689.663,1776521310790.137,100.474,0.000,98.474,2.067,1833,1577,80.0,1,0,68.8
786,mean_dynamic_mlp_covertype,stable,h3,1776521310791.137,1776521310892.645,101.508,1.001,100.507,1.777,1833,1577,80.0,1,0,69.6
787,mean_dynamic_mlp_covertype,stable,h3,1776521310894.646,1776521311020.933,126.287,0.000,125.287,1.805,1833,1577,80.0,1,0,68.8
788,mean_dynamic_mlp_covertype,stable,h3,1776521311021.933,1776521311130.444,108.511,0.000,106.508,1.865,1833,1577,80.0,1,0,69.9
789,mean_dynamic_mlp_covertype,stable,h3,1776521311131.442,1776521311295.457,164.015,0.000,163.016,2.792,1833,1577,80.0,1,0,68.8
790,mean_dynamic_mlp_covertype,stable,h3,1776521311296.457,1776521311429.967,133.509,1.000,131.507,1.884,1833,1577,80.0,1,0,71.5
791,mean_dynamic_mlp_covertype,stable,h3,1776521311430.964,1776521311498.472,67.508,0.000,66.507,2.338,1833,1577,80.0,0,0,72.5
792,mean_dynamic_mlp_covertype,stable,h3,1776521311499.472,1776521311618.979,119.508,1.000,117.507,1.870,1833,1577,80.0,1,0,71.7
793,mean_dynamic_mlp_covertype,stable,h3,1776521311619.980,1776521311805.997,186.017,1.000,185.018,1.921,1833,1577,80.0,1,0,71.6
794,mean_dynamic_mlp_covertype,stable,h3,1776521311807.997,1776521311934.510,126.512,0.000,126.512,1.709,1833,1577,80.0,1,0,74.6
795,mean_dynamic_mlp_covertype,stable,h3,1776521311935.506,1776521312037.012,101.506,0.000,100.505,1.961,1833,1577,80.0,1,0,77.6
796,mean_dynamic_mlp_covertype,stable,h3,1776521312039.013,1776521312184.026,145.013,0.000,144.013,2.141,1833,1577,80.0,1,0,72.6
797,mean_dynamic_mlp_covertype,stable,h3,1776521312186.025,1776521312361.535,175.510,0.000,174.508,1.900,1833,1577,80.0,1,0,71.2
798,mean_dynamic_mlp_covertype,stable,h3,1776521312362.539,1776521312485.550,123.011,0.000,122.012,2.017,1833,1577,80.0,1,0,71.8
799,mean_dynamic_mlp_covertype,stable,h3,1776521312487.551,1776521312610.057,122.507,0.000,120.504,1.956,1833,1577,80.0,1,0,77.4
800,mean_dynamic_mlp_covertype,stable,h3,1776521312612.058,1776521312743.564,131.507,0.000,131.507,1.809,1833,1577,80.0,1,0,73.6
801,mean_dynamic_mlp_covertype,stable,h3,1776521312745.565,1776521312884.578,139.014,0.000,138.013,2.301,1833,1577,80.0,1,0,75.2
802,mean_dynamic_mlp_covertype,stable,h3,1776521312886.578,1776521313017.087,130.509,0.000,130.509,2.108,1833,1577,80.0,1,0,72.1
803,mean_dynamic_mlp_covertype,stable,h3,1776521313019.086,1776521313150.142,131.056,0.000,131.056,2.188,1833,1577,80.0,1,0,72.7
804,mean_dynamic_mlp_covertype,stable,h3,1776521313152.144,1776521313309.156,157.012,0.000,157.012,1.824,1833,1577,80.0,1,0,70.9
805,mean_dynamic_mlp_covertype,stable,h3,1776521313311.156,1776521313418.664,107.508,0.000,105.507,1.766,1833,1577,80.0,1,0,69.4
806,mean_dynamic_mlp_covertype,stable,h3,1776521313419.664,1776521313506.170,86.506,0.000,85.505,2.262,1833,1577,80.0,1,0,67.9
807,mean_dynamic_mlp_covertype,stable,h3,1776521313508.170,1776521313637.677,129.507,0.000,127.506,1.939,1833,1577,80.0,1,0,71.1
808,mean_dynamic_mlp_covertype,stable,h3,1776521313639.677,1776521313773.187,133.510,0.000,133.510,2.444,1833,1577,80.0,1,0,68.5
809,mean_dynamic_mlp_covertype,stable,h3,1776521313775.187,1776521313904.199,129.012,0.000,128.012,2.246,1833,1577,80.0,1,0,71.3
810,mean_dynamic_mlp_covertype,stable,h3,1776521313906.199,1776521314002.707,96.508,0.000,95.508,2.038,1833,1577,80.0,1,0,69.1
811,mean_dynamic_mlp_covertype,stable,h3,1776521314004.708,1776521314086.216,81.508,0.000,79.506,1.913,1833,1577,80.0,1,0,72.5
812,mean_dynamic_mlp_covertype,stable,h3,1776521314087.215,1776521314164.215,77.000,0.999,76.001,2.037,1833,1577,80.0,0,0,74.1
813,mean_dynamic_mlp_covertype,stable,h3,1776521314166.215,1776521314294.228,128.012,0.000,128.012,2.114,1833,1577,80.0,1,0,71.8
814,mean_dynamic_mlp_covertype,stable,h3,1776521314296.228,1776521314401.737,105.509,0.000,105.509,2.050,1833,1577,80.0,1,0,69.0
815,mean_dynamic_mlp_covertype,stable,h3,1776521314402.737,1776521314504.245,101.508,0.000,100.508,2.035,1833,1577,80.0,1,0,69.4
816,mean_dynamic_mlp_covertype,stable,h3,1776521314506.245,1776521314672.754,166.509,0.000,165.508,1.802,1833,1577,80.0,1,0,70.1
817,mean_dynamic_mlp_covertype,stable,h3,1776521314674.754,1776521314845.769,171.015,0.000,171.015,1.745,1833,1577,80.0,1,0,69.7
818,mean_dynamic_mlp_covertype,stable,h3,1776521314847.769,1776521314914.276,66.506,0.000,65.505,1.744,1833,1577,80.0,0,0,68.8
819,mean_dynamic_mlp_covertype,stable,h3,1776521314916.276,1776521315067.785,151.509,1.001,150.508,1.832,1833,1577,80.0,1,0,70.6
820,mean_dynamic_mlp_covertype,stable,h3,1776521315069.785,1776521315158.291,88.506,0.000,88.506,1.795,1833,1577,80.0,1,0,69.5
821,mean_dynamic_mlp_covertype,stable,h3,1776521315159.291,1776521315310.306,151.015,1.000,150.015,2.938,1833,1577,80.0,1,0,68.8
822,mean_dynamic_mlp_covertype,stable,h3,1776521315311.305,1776521315407.811,96.506,0.999,94.507,2.504,1833,1577,80.0,1,0,68.8
823,mean_dynamic_mlp_covertype,stable,h3,1776521315408.811,1776521315517.318,108.507,0.000,107.507,3.486,1833,1577,80.0,1,0,68.8
824,mean_dynamic_mlp_covertype,stable,h3,1776521315520.318,1776521315599.826,79.508,0.000,78.508,1.915,1833,1577,80.0,0,0,67.9
825,mean_dynamic_mlp_covertype,stable,h3,1776521315601.825,1776521315680.335,78.510,0.000,77.509,1.899,1833,1577,80.0,0,0,70.0
826,mean_dynamic_mlp_covertype,stable,h3,1776521315681.338,1776521315800.844,119.506,0.999,118.508,4.375,1833,1577,80.0,1,0,72.7
827,mean_dynamic_mlp_covertype,stable,h3,1776521315802.844,1776521316001.858,199.014,0.000,198.013,1.774,1833,1577,80.0,1,0,70.0
828,mean_dynamic_mlp_covertype,stable,h3,1776521316003.859,1776521316147.364,143.505,0.000,143.505,2.153,1833,1577,80.0,1,0,70.3
829,mean_dynamic_mlp_covertype,stable,h3,1776521316148.365,1776521316281.378,133.013,1.000,132.013,1.918,1833,1577,80.0,1,0,69.4
830,mean_dynamic_mlp_covertype,stable,h3,1776521316283.378,1776521316432.886,149.508,1.001,148.507,1.813,1833,1577,80.0,1,0,69.2
831,mean_dynamic_mlp_covertype,stable,h3,1776521316433.886,1776521316526.395,92.509,1.000,90.506,1.776,1833,1577,80.0,1,0,68.8
832,mean_dynamic_mlp_covertype,stable,h3,1776521316527.394,1776521316673.903,146.510,1.000,144.509,1.754,1833,1577,80.0,1,0,71.7
833,mean_dynamic_mlp_covertype,stable,h3,1776521316674.903,1776521316874.917,200.014,0.000,199.014,1.760,1833,1577,80.0,1,0,72.3
834,mean_dynamic_mlp_covertype,stable,h3,1776521316875.919,1776521316975.427,99.508,0.000,99.508,4.673,1833,1577,80.0,1,0,67.3
835,mean_dynamic_mlp_covertype,stable,h3,1776521316977.930,1776521317085.446,107.516,0.000,106.517,1.800,1833,1577,80.0,1,0,71.4
836,mean_dynamic_mlp_covertype,stable,h3,1776521317086.446,1776521317174.449,88.003,0.000,87.002,2.054,1833,1577,80.0,1,0,75.0
837,mean_dynamic_mlp_covertype,stable,h3,1776521317176.449,1776521317257.955,81.505,0.000,81.505,1.815,1833,1577,80.0,1,0,69.1
838,mean_dynamic_mlp_covertype,stable,h3,1776521317259.955,1776521317359.467,99.512,0.000,97.509,2.000,1833,1577,80.0,1,0,72.7
839,mean_dynamic_mlp_covertype,stable,h3,1776521317360.466,1776521317529.480,169.014,1.000,168.014,2.222,1833,1577,80.0,1,0,68.4
840,mean_dynamic_mlp_covertype,stable,h3,1776521317531.480,1776521317647.987,116.507,0.000,115.506,2.131,1833,1577,80.0,1,0,70.2
841,mean_dynamic_mlp_covertype,stable,h3,1776521317649.987,1776521317832.003,182.016,0.000,179.997,2.018,1833,1577,80.0,1,0,69.8
842,mean_dynamic_mlp_covertype,stable,h3,1776521317833.003,1776521318018.018,185.015,0.000,184.014,2.625,1833,1577,80.0,1,0,68.8
843,mean_dynamic_mlp_covertype,stable,h3,1776521318020.018,1776521318119.525,99.507,0.000,99.507,2.681,1833,1577,80.0,1,0,72.4
844,mean_dynamic_mlp_covertype,stable,h3,1776521318121.526,1776521318316.540,195.014,0.000,195.014,1.908,1833,1577,80.0,1,0,69.3
845,mean_dynamic_mlp_covertype,stable,h3,1776521318318.539,1776521318508.554,190.014,0.000,190.014,1.826,1833,1577,80.0,1,0,69.3
846,mean_dynamic_mlp_covertype,stable,h3,1776521318509.553,1776521318728.545,218.992,1.002,217.990,1.997,1833,1577,80.0,1,0,65.6
847,mean_dynamic_mlp_covertype,stable,h3,1776521318729.567,1776521318940.075,210.508,0.994,209.514,2.325,1833,1577,80.0,1,0,58.9
848,mean_dynamic_mlp_covertype,stable,h3,1776521318941.092,1776521319012.584,71.492,0.987,70.505,2.086,1833,1577,80.0,0,0,67.1
849,mean_dynamic_mlp_covertype,stable,h3,1776521319014.584,1776521319109.091,94.507,0.000,94.507,1.831,1833,1577,80.0,1,0,68.8
850,mean_dynamic_mlp_covertype,stable,h3,1776521319111.092,1776521319238.598,127.506,0.000,127.506,2.025,1833,1577,80.0,1,0,71.9
851,mean_dynamic_mlp_covertype,stable,h3,1776521319240.599,1776521319364.112,123.513,0.000,123.513,1.994,1833,1577,80.0,1,0,68.8
852,mean_dynamic_mlp_covertype,stable,h3,1776521319366.111,1776521319499.121,133.010,0.000,132.010,1.960,1833,1577,80.0,1,0,68.3
853,mean_dynamic_mlp_covertype,stable,h3,1776521319500.122,1776521319643.136,143.014,1.005,141.007,2.003,1833,1577,80.0,1,0,68.8
854,mean_dynamic_mlp_covertype,stable,h3,1776521319645.135,1776521319745.641,100.505,0.000,99.505,2.031,1833,1577,80.0,1,0,70.0
855,mean_dynamic_mlp_covertype,stable,h3,1776521319746.640,1776521319902.658,156.018,0.000,155.015,1.887,1833,1577,80.0,1,0,76.4
856,mean_dynamic_mlp_covertype,stable,h3,1776521319904.658,1776521320011.169,106.510,0.000,106.510,2.641,1833,1577,80.0,1,0,75.2
857,mean_dynamic_mlp_covertype,stable,h3,1776521320013.168,1776521320648.098,634.929,0.000,634.929,3.304,1833,1577,80.0,1,0,30.2
858,mean_dynamic_mlp_covertype,stable,h3,1776521320649.098,1776521320762.603,113.505,1.308,110.507,2.020,1833,1577,80.0,1,0,57.0
859,mean_dynamic_mlp_covertype,stable,h3,1776521320763.604,1776521320880.111,116.507,0.000,115.506,1.911,1833,1577,80.0,1,0,75.4
860,mean_dynamic_mlp_covertype,stable,h3,1776521320882.112,1776521321026.179,144.067,0.000,144.067,1.870,1833,1577,80.0,1,0,73.8
861,mean_dynamic_mlp_covertype,stable,h3,1776521321028.179,1776521321104.467,76.288,0.000,76.288,1.886,1833,1577,80.0,0,0,70.9
862,mean_dynamic_mlp_covertype,stable,h3,1776521321106.467,1776521321260.981,154.515,0.000,153.511,1.790,1833,1577,80.0,1,0,68.1
863,mean_dynamic_mlp_covertype,stable,h3,1776521321262.006,1776521321338.486,76.480,0.000,75.505,1.749,1833,1577,80.0,0,0,71.8
864,mean_dynamic_mlp_covertype,stable,h3,1776521321339.489,1776521321491.540,152.051,0.999,151.052,1.967,1833,1577,80.0,1,0,72.6
865,mean_dynamic_mlp_covertype,stable,h3,1776521321492.540,1776521321618.049,125.509,1.000,123.507,1.714,1833,1577,80.0,1,0,76.1
866,mean_dynamic_mlp_covertype,stable,h3,1776521321620.047,1776521321685.562,65.514,1.001,64.514,1.742,1833,1577,80.0,0,0,72.7
867,mean_dynamic_mlp_covertype,stable,h3,1776521321687.560,1776521321765.916,78.355,0.000,78.355,1.835,1833,1577,80.0,0,0,73.8
868,mean_dynamic_mlp_covertype,stable,h3,1776521321767.917,1776521321866.426,98.509,0.000,98.509,2.238,1833,1577,80.0,1,0,72.9
869,mean_dynamic_mlp_covertype,stable,h3,1776521321868.425,1776521321992.381,123.956,0.000,123.956,1.890,1833,1577,80.0,1,0,73.6
870,mean_dynamic_mlp_covertype,stable,h3,1776521321994.382,1776521322075.475,81.093,0.000,80.093,1.827,1833,1577,80.0,1,0,72.6
871,mean_dynamic_mlp_covertype,stable,h3,1776521322077.383,1776521322284.293,206.910,1.002,205.403,2.058,1833,1577,80.0,1,0,76.5
872,mean_dynamic_mlp_covertype,stable,h3,1776521322285.298,1776521322406.806,121.508,0.000,121.508,1.767,1833,1577,80.0,1,0,72.0
873,mean_dynamic_mlp_covertype,stable,h3,1776521322407.808,1776521322521.315,113.507,0.000,113.507,2.037,1833,1577,80.0,1,0,76.1
874,mean_dynamic_mlp_covertype,stable,h3,1776521322523.316,1776521322635.825,112.509,0.000,111.507,2.017,1833,1577,80.0,1,0,70.9
875,mean_dynamic_mlp_covertype,stable,h3,1776521322636.823,1776521322727.625,90.802,0.000,89.800,1.879,1833,1577,80.0,1,0,71.1
876,mean_dynamic_mlp_covertype,stable,h3,1776521322729.625,1776521322825.135,95.510,0.000,93.505,1.995,1833,1577,80.0,1,0,70.4
877,mean_dynamic_mlp_covertype,stable,h3,1776521322826.133,1776521322917.640,91.508,0.000,90.506,2.077,1833,1577,80.0,1,0,71.0
878,mean_dynamic_mlp_covertype,stable,h3,1776521322919.641,1776521323044.147,124.507,0.000,124.507,2.168,1833,1577,80.0,1,0,68.6
879,mean_dynamic_mlp_covertype,stable,h3,1776521323046.147,1776521323196.162,150.015,0.000,149.014,1.876,1833,1577,80.0,1,0,69.7
880,mean_dynamic_mlp_covertype,stable,h3,1776521323197.162,1776521323272.168,75.006,0.000,74.006,1.795,1833,1577,80.0,0,0,69.5
881,mean_dynamic_mlp_covertype,stable,h3,1776521323274.165,1776521323366.670,92.506,0.000,92.506,1.872,1833,1577,80.0,1,0,70.8
882,mean_dynamic_mlp_covertype,stable,h3,1776521323368.669,1776521323469.177,100.508,0.000,99.508,1.803,1833,1577,80.0,1,0,74.1
883,mean_dynamic_mlp_covertype,stable,h3,1776521323470.179,1776521323636.192,166.012,0.000,165.011,1.840,1833,1577,80.0,1,0,70.2
884,mean_dynamic_mlp_covertype,stable,h3,1776521323638.192,1776521323778.701,140.509,0.000,139.508,1.963,1833,1577,80.0,1,0,71.7
885,mean_dynamic_mlp_covertype,stable,h3,1776521323779.701,1776521323935.713,156.012,0.000,155.010,2.368,1833,1577,80.0,1,0,71.6
886,mean_dynamic_mlp_covertype,stable,h3,1776521323937.714,1776521324026.222,88.508,0.000,87.507,1.993,1833,1577,80.0,1,0,70.8
887,mean_dynamic_mlp_covertype,stable,h3,1776521324027.221,1776521324219.234,192.013,1.000,191.014,1.724,1833,1577,80.0,1,0,68.9
888,mean_dynamic_mlp_covertype,stable,h3,1776521324221.235,1776521324347.744,126.509,0.000,124.509,1.961,1833,1577,80.0,1,0,70.6
889,mean_dynamic_mlp_covertype,stable,h3,1776521324348.743,1776521324438.250,89.507,1.001,88.505,2.030,1833,1577,80.0,1,0,68.4
890,mean_dynamic_mlp_covertype,stable,h3,1776521324440.251,1776521324673.426,233.175,0.000,233.175,2.995,1833,1577,80.0,1,0,61.1
891,mean_dynamic_mlp_covertype,stable,h3,1776521324674.427,1776521324786.460,112.034,0.000,110.006,2.262,1833,1577,80.0,1,0,65.3
892,mean_dynamic_mlp_covertype,stable,h3,1776521324792.460,1776521324902.985,110.525,0.000,108.524,2.403,1833,1577,80.0,1,0,70.5
893,mean_dynamic_mlp_covertype,stable,h3,1776521324903.985,1776521325006.492,102.508,1.000,100.507,2.708,1833,1577,80.0,1,0,68.8
894,mean_dynamic_mlp_covertype,stable,h3,1776521325007.492,1776521325094.999,87.507,0.000,85.506,1.903,1833,1577,80.0,1,0,68.8
895,mean_dynamic_mlp_covertype,stable,h3,1776521325095.999,1776521325255.506,159.507,1.000,158.507,2.128,1833,1577,80.0,1,0,69.4
896,mean_dynamic_mlp_covertype,stable,h3,1776521325257.506,1776521325372.015,114.509,0.000,113.508,1.966,1833,1577,80.0,1,0,69.8
897,mean_dynamic_mlp_covertype,stable,h3,1776521325373.015,1776521325567.028,194.014,1.000,193.013,4.236,1833,1577,80.0,1,0,68.0
898,mean_dynamic_mlp_covertype,stable,h3,1776521325569.028,1776521325696.043,127.015,0.000,125.014,3.090,1833,1577,80.0,1,0,69.0
899,mean_dynamic_mlp_covertype,stable,h3,1776521325698.043,1776521325846.551,148.507,0.000,147.507,1.803,1833,1577,80.0,1,0,69.4
900,mean_dynamic_mlp_covertype,stable,h3,1776521325848.550,1776521326034.565,186.015,0.000,184.012,10.875,1833,1577,80.0,1,0,70.3
901,mean_dynamic_mlp_covertype,stable,h3,1776521326035.566,1776521326201.581,166.015,1.000,165.015,1.975,1833,1577,80.0,1,0,69.1
902,mean_dynamic_mlp_covertype,stable,h3,1776521326203.581,1776521326425.733,222.152,0.000,222.152,2.295,1833,1577,80.0,1,0,65.8
903,mean_dynamic_mlp_covertype,stable,h3,1776521326426.747,1776521326546.252,119.505,0.000,117.507,1.825,1833,1577,80.0,1,0,65.2
904,mean_dynamic_mlp_covertype,stable,h3,1776521326548.252,1776521326629.761,81.509,0.000,80.509,2.005,1833,1577,80.0,1,0,68.8
905,mean_dynamic_mlp_covertype,stable,h3,1776521326630.760,1776521326711.269,80.509,1.000,79.509,2.579,1833,1577,80.0,1,0,70.0
906,mean_dynamic_mlp_covertype,stable,h3,1776521326713.268,1776521326834.779,121.510,1.000,120.510,1.848,1833,1577,80.0,1,0,70.5
907,mean_dynamic_mlp_covertype,stable,h3,1776521326836.778,1776521326929.286,92.508,0.000,90.504,1.946,1833,1577,80.0,1,0,72.6
908,mean_dynamic_mlp_covertype,stable,h3,1776521326930.286,1776521327029.794,99.508,0.000,98.507,1.986,1833,1577,80.0,1,0,69.3
909,mean_dynamic_mlp_covertype,stable,h3,1776521327031.794,1776521327215.808,184.014,0.000,182.013,1.837,1833,1577,80.0,1,0,69.1
910,mean_dynamic_mlp_covertype,stable,h3,1776521327216.809,1776521327320.318,103.509,1.000,101.509,1.750,1833,1577,80.0,1,0,69.1
911,mean_dynamic_mlp_covertype,stable,h3,1776521327321.318,1776521327424.824,103.507,1.001,102.506,1.739,1833,1577,80.0,1,0,69.6
912,mean_dynamic_mlp_covertype,stable,h3,1776521327426.825,1776521327546.335,119.510,0.000,118.510,1.890,1833,1577,80.0,1,0,68.8
913,mean_dynamic_mlp_covertype,stable,h3,1776521327547.335,1776521327743.350,196.015,0.000,195.015,1.793,1833,1577,80.0,1,0,69.1
914,mean_dynamic_mlp_covertype,stable,h3,1776521327745.350,1776521327857.860,112.510,0.000,110.510,1.827,1833,1577,80.0,1,0,68.8
915,mean_dynamic_mlp_covertype,stable,h3,1776521327859.865,1776521327972.369,112.504,0.000,111.504,5.595,1833,1577,80.0,1,0,68.1
916,mean_dynamic_mlp_covertype,stable,h3,1776521327973.369,1776521328111.382,138.012,0.000,136.012,1.950,1833,1577,80.0,1,0,69.4
917,mean_dynamic_mlp_covertype,stable,h3,1776521328112.381,1776521328300.394,188.013,0.000,187.013,2.020,1833,1577,80.0,1,0,69.5
918,mean_dynamic_mlp_covertype,stable,h3,1776521328302.394,1776521328482.905,180.510,0.000,179.510,2.245,1833,1577,80.0,1,0,68.8
919,mean_dynamic_mlp_covertype,stable,h3,1776521328483.905,1776521328573.413,89.508,0.000,89.508,1.914,1833,1577,80.0,1,0,68.0
920,mean_dynamic_mlp_covertype,stable,h3,1776521328575.413,1776521328711.427,136.014,0.000,135.014,1.743,1833,1577,80.0,1,0,68.2
921,mean_dynamic_mlp_covertype,stable,h3,1776521328713.427,1776521328801.934,88.507,0.000,88.507,1.793,1833,1577,80.0,1,0,71.3
922,mean_dynamic_mlp_covertype,stable,h3,1776521328803.934,1776521328929.442,125.509,0.000,125.509,1.745,1833,1577,80.0,1,0,67.7
923,mean_dynamic_mlp_covertype,stable,h3,1776521328931.442,1776521329053.952,122.510,0.000,121.507,1.862,1833,1577,80.0,1,0,72.3
924,mean_dynamic_mlp_covertype,stable,h3,1776521329054.950,1776521329167.457,112.507,0.000,112.507,1.930,1833,1577,80.0,1,0,70.1
925,mean_dynamic_mlp_covertype,stable,h3,1776521329169.458,1776521329292.472,123.014,0.000,123.014,1.886,1833,1577,80.0,1,0,69.0
926,mean_dynamic_mlp_covertype,stable,h3,1776521329294.472,1776521329435.979,141.507,0.000,139.504,2.274,1833,1577,80.0,1,0,69.4
927,mean_dynamic_mlp_covertype,stable,h3,1776521329436.978,1776521329651.680,214.702,1.001,213.700,1.904,1833,1577,80.0,1,0,69.3
928,mean_dynamic_mlp_covertype,stable,h3,1776521329652.695,1776521329751.199,98.504,1.000,97.504,2.059,1833,1577,80.0,1,0,59.5
929,mean_dynamic_mlp_covertype,stable,h3,1776521329753.199,1776521329874.708,121.510,0.000,120.510,1.833,1833,1577,80.0,1,0,68.8
930,mean_dynamic_mlp_covertype,stable,h3,1776521329876.708,1776521329976.216,99.507,0.000,97.507,1.947,1833,1577,80.0,1,0,70.1
931,mean_dynamic_mlp_covertype,stable,h3,1776521329978.216,1776521330058.721,80.505,0.000,80.505,1.879,1833,1577,80.0,1,0,70.8
932,mean_dynamic_mlp_covertype,stable,h3,1776521330060.721,1776521330209.735,149.014,0.000,149.014,1.746,1833,1577,80.0,1,0,71.5
933,mean_dynamic_mlp_covertype,stable,h3,1776521330211.735,1776521330344.254,132.519,0.000,131.519,1.758,1833,1577,80.0,1,0,71.7
934,mean_dynamic_mlp_covertype,stable,h3,1776521330345.254,1776521330529.268,184.014,0.000,182.013,1.984,1833,1577,80.0,1,0,75.0
935,mean_dynamic_mlp_covertype,stable,h3,1776521330530.268,1776521330643.775,113.507,0.000,111.507,2.101,1833,1577,80.0,1,0,71.7
936,mean_dynamic_mlp_covertype,stable,h3,1776521330644.775,1776521330758.282,113.507,0.000,112.507,1.773,1833,1577,80.0,1,0,71.7
937,mean_dynamic_mlp_covertype,stable,h3,1776521330760.282,1776521330943.295,183.013,0.000,181.013,2.163,1833,1577,80.0,1,0,68.6
938,mean_dynamic_mlp_covertype,stable,h3,1776521330945.295,1776521331072.808,127.513,0.000,126.513,1.904,1833,1577,80.0,1,0,71.3
939,mean_dynamic_mlp_covertype,stable,h3,1776521331074.819,1776521331246.821,172.002,0.000,172.002,1.758,1833,1577,80.0,1,0,69.7
940,mean_dynamic_mlp_covertype,stable,h3,1776521331248.821,1776521331390.834,142.013,1.000,141.013,1.925,1833,1577,80.0,1,0,68.7
941,mean_dynamic_mlp_covertype,stable,h3,1776521331392.834,1776521331523.341,130.507,0.000,130.507,1.919,1833,1577,80.0,1,0,68.8
942,mean_dynamic_mlp_covertype,stable,h3,1776521331525.341,1776521331622.850,97.509,0.000,97.509,2.135,1833,1577,80.0,1,0,83.2
943,mean_dynamic_mlp_covertype,stable,h3,1776521331624.850,1776521331748.357,123.507,0.000,123.507,1.832,1833,1577,80.0,1,0,68.8
944,mean_dynamic_mlp_covertype,stable,h3,1776521331750.358,1776521331863.864,113.506,0.000,113.506,1.950,1833,1577,80.0,1,0,70.0
945,mean_dynamic_mlp_covertype,stable,h3,1776521331865.864,1776521331965.371,99.507,0.000,97.507,1.877,1833,1577,80.0,1,0,68.1
946,mean_dynamic_mlp_covertype,stable,h3,1776521331966.372,1776521332060.879,94.507,1.000,92.507,1.774,1833,1577,80.0,1,0,70.1
947,mean_dynamic_mlp_covertype,stable,h3,1776521332061.879,1776521332182.387,120.509,0.000,119.508,1.864,1833,1577,80.0,1,0,69.0
948,mean_dynamic_mlp_covertype,stable,h3,1776521332184.388,1776521332392.916,208.528,0.000,208.528,1.802,1833,1577,80.0,1,0,69.4
949,mean_dynamic_mlp_covertype,stable,h3,1776521332393.930,1776521332510.435,116.505,1.000,115.505,1.778,1833,1577,80.0,1,0,68.2
950,mean_dynamic_mlp_covertype,stable,h3,1776521332512.436,1776521332585.940,73.504,0.000,73.504,2.056,1833,1577,80.0,0,0,68.2
951,mean_dynamic_mlp_covertype,stable,h3,1776521332587.943,1776521332723.453,135.510,0.000,133.510,2.125,1833,1577,80.0,1,0,69.4
952,mean_dynamic_mlp_covertype,stable,h3,1776521332724.453,1776521332852.960,128.507,0.000,126.506,2.188,1833,1577,80.0,1,0,72.5
953,mean_dynamic_mlp_covertype,stable,h3,1776521332854.960,1776521332984.471,129.511,0.000,129.511,1.955,1833,1577,80.0,1,0,73.0
954,mean_dynamic_mlp_covertype,stable,h3,1776521332986.976,1776521333095.159,108.183,0.000,106.183,2.152,1833,1577,80.0,1,0,67.5
955,mean_dynamic_mlp_covertype,stable,h3,1776521333096.159,1776521333220.669,124.510,0.000,122.507,2.147,1833,1577,80.0,1,0,68.8
956,mean_dynamic_mlp_covertype,stable,h3,1776521333221.667,1776521333325.174,103.507,1.002,102.505,1.986,1833,1577,80.0,1,0,70.3
957,mean_dynamic_mlp_covertype,stable,h3,1776521333327.174,1776521333435.681,108.507,0.000,107.507,1.744,1833,1577,80.0,1,0,68.1
958,mean_dynamic_mlp_covertype,stable,h3,1776521333437.681,1776521333606.699,169.019,0.000,169.019,2.021,1833,1577,80.0,1,0,70.9
959,mean_dynamic_mlp_covertype,stable,h3,1776521333608.697,1776521333763.204,154.507,0.000,154.507,1.768,1833,1577,80.0,1,0,67.9
960,mean_dynamic_mlp_covertype,stable,h3,1776521333765.204,1776521333888.217,123.013,0.000,122.013,1.757,1833,1577,80.0,1,0,69.3
961,mean_dynamic_mlp_covertype,stable,h3,1776521333889.217,1776521333995.724,106.508,0.000,105.505,1.846,1833,1577,80.0,1,0,68.8
962,mean_dynamic_mlp_covertype,stable,h3,1776521333997.725,1776521334067.724,70.000,0.000,70.000,1.973,1833,1577,80.0,0,0,67.7
963,mean_dynamic_mlp_covertype,stable,h3,1776521334069.724,1776521334244.740,175.015,0.000,174.014,1.844,1833,1577,80.0,1,0,69.6
964,mean_dynamic_mlp_covertype,stable,h3,1776521334245.739,1776521334388.762,143.023,1.000,142.022,1.876,1833,1577,80.0,1,0,71.5
965,mean_dynamic_mlp_covertype,stable,h3,1776521334390.762,1776521334494.267,103.505,0.000,101.505,1.988,1833,1577,80.0,1,0,71.2
966,mean_dynamic_mlp_covertype,stable,h3,1776521334495.266,1776521334603.774,108.508,1.001,107.507,1.777,1833,1577,80.0,1,0,70.2
967,mean_dynamic_mlp_covertype,stable,h3,1776521334605.774,1776521334687.281,81.507,0.000,80.507,1.977,1833,1577,80.0,1,0,70.0
968,mean_dynamic_mlp_covertype,stable,h3,1776521334689.281,1776521334804.789,115.508,0.000,113.508,1.909,1833,1577,80.0,1,0,70.2
969,mean_dynamic_mlp_covertype,stable,h3,1776521334805.789,1776521334914.295,108.506,0.000,107.506,1.796,1833,1577,80.0,1,0,70.8
970,mean_dynamic_mlp_covertype,stable,h3,1776521334916.295,1776521335010.803,94.508,0.000,93.508,1.819,1833,1577,80.0,1,0,70.5
971,mean_dynamic_mlp_covertype,stable,h3,1776521335012.803,1776521335142.310,129.507,0.000,127.507,1.972,1833,1577,80.0,1,0,70.3
972,mean_dynamic_mlp_covertype,stable,h3,1776521335143.310,1776521335283.819,140.509,0.000,138.509,1.908,1833,1577,80.0,1,0,69.2
973,mean_dynamic_mlp_covertype,stable,h3,1776521335284.819,1776521335414.832,130.013,0.000,127.510,1.935,1833,1577,80.0,1,0,69.2
974,mean_dynamic_mlp_covertype,stable,h3,1776521335415.832,1776521335497.338,81.507,0.000,79.506,1.875,1833,1577,80.0,1,0,73.7
975,mean_dynamic_mlp_covertype,stable,h3,1776521335498.338,1776521335607.846,109.508,1.000,107.507,1.750,1833,1577,80.0,1,0,70.5
976,mean_dynamic_mlp_covertype,stable,h3,1776521335608.846,1776521335684.848,76.002,0.000,75.002,1.996,1833,1577,80.0,0,0,67.9
977,mean_dynamic_mlp_covertype,stable,h3,1776521335687.799,1776521335845.865,158.067,0.000,157.512,1.908,1833,1577,80.0,1,0,73.3
978,mean_dynamic_mlp_covertype,stable,h3,1776521335847.865,1776521335983.375,135.510,0.000,134.510,2.043,1833,1577,80.0,1,0,70.6
979,mean_dynamic_mlp_covertype,stable,h3,1776521335985.375,1776521336162.388,177.013,0.000,176.012,1.892,1833,1577,80.0,1,0,70.2
980,mean_dynamic_mlp_covertype,stable,h3,1776521336164.388,1776521336312.403,148.015,0.000,147.014,1.879,1833,1577,80.0,1,0,69.8
981,mean_dynamic_mlp_covertype,stable,h3,1776521336314.402,1776521336399.910,85.508,0.000,84.508,1.879,1833,1577,80.0,1,0,72.0
982,mean_dynamic_mlp_covertype,stable,h3,1776521336400.910,1776521336498.418,97.508,1.000,95.508,1.870,1833,1577,80.0,1,0,70.0
983,mean_dynamic_mlp_covertype,stable,h3,1776521336500.418,1776521336616.926,116.508,0.000,115.508,1.961,1833,1577,80.0,1,0,67.8
984,mean_dynamic_mlp_covertype,stable,h3,1776521336617.925,1776521336729.436,111.511,0.000,109.510,2.691,1833,1577,80.0,1,0,72.4
985,mean_dynamic_mlp_covertype,stable,h3,1776521336730.437,1776521336834.244,103.808,1.000,101.808,1.903,1833,1577,80.0,1,0,70.1
986,mean_dynamic_mlp_covertype,stable,h3,1776521336835.245,1776521336942.752,107.507,1.000,105.506,3.879,1833,1577,80.0,1,0,70.5
987,mean_dynamic_mlp_covertype,stable,h3,1776521336944.751,1776521337050.259,105.507,0.000,105.507,1.869,1833,1577,80.0,1,0,74.1
988,mean_dynamic_mlp_covertype,stable,h3,1776521337052.259,1776521337161.766,109.507,0.000,109.507,1.994,1833,1577,80.0,1,0,69.6
989,mean_dynamic_mlp_covertype,stable,h3,1776521337163.766,1776521337363.780,200.014,0.000,199.013,1.888,1833,1577,80.0,1,0,70.0
990,mean_dynamic_mlp_covertype,stable,h3,1776521337364.802,1776521337488.796,123.994,0.979,123.015,1.971,1833,1577,80.0,1,0,73.8
991,mean_dynamic_mlp_covertype,stable,h3,1776521337490.796,1776521337611.304,120.508,0.000,119.508,2.097,1833,1577,80.0,1,0,71.3
992,mean_dynamic_mlp_covertype,stable,h3,1776521337612.304,1776521337711.812,99.507,1.001,98.506,2.065,1833,1577,80.0,1,0,68.8
993,mean_dynamic_mlp_covertype,stable,h3,1776521337712.812,1776521337869.319,156.507,1.000,155.507,1.817,1833,1577,80.0,1,0,70.1
994,mean_dynamic_mlp_covertype,stable,h3,1776521337871.319,1776521337971.826,100.507,1.002,99.505,1.792,1833,1577,80.0,1,0,68.8
995,mean_dynamic_mlp_covertype,stable,h3,1776521337973.829,1776521338104.842,131.013,0.000,130.013,1.930,1833,1577,80.0,1,0,68.8
996,mean_dynamic_mlp_covertype,stable,h3,1776521338105.841,1776521338207.350,101.509,0.000,99.508,1.783,1833,1577,80.0,1,0,69.1
997,mean_dynamic_mlp_covertype,stable,h3,1776521338209.350,1776521338324.861,115.511,0.000,115.511,1.870,1833,1577,80.0,1,0,70.4
998,mean_dynamic_mlp_covertype,stable,h3,1776521338325.860,1776521338437.367,111.508,1.000,110.508,1.989,1833,1577,80.0,1,0,67.8
999,mean_dynamic_mlp_covertype,stable,h3,1776521338439.368,1776521338601.382,162.015,0.000,160.013,1.927,1833,1577,80.0,1,0,68.8
1000,mean_dynamic_mlp_covertype,stable,h3,1776521338602.382,1776521338769.889,167.507,1.000,166.507,2.304,1833,1577,80.0,1,0,69.5
1001,mean_dynamic_mlp_covertype,stable,h3,1776521338771.890,1776521338867.396,95.507,0.000,94.507,2.151,1833,1577,80.0,1,0,68.8
1002,mean_dynamic_mlp_covertype,stable,h3,1776521338868.396,1776521338978.907,110.510,0.000,109.510,1.831,1833,1577,80.0,1,0,72.4
1003,mean_dynamic_mlp_covertype,stable,h3,1776521338980.906,1776521339085.414,104.507,0.000,104.507,1.995,1833,1577,80.0,1,0,68.0
1004,mean_dynamic_mlp_covertype,stable,h3,1776521339087.919,1776521339167.919,80.000,0.000,80.000,1.737,1833,1577,80.0,0,0,74.7
1005,mean_dynamic_mlp_covertype,stable,h3,1776521339169.919,1776521339299.933,130.015,0.000,129.014,1.999,1833,1577,80.0,1,0,70.4
1006,mean_dynamic_mlp_covertype,stable,h3,1776521339300.933,1776521339456.440,155.507,0.000,154.506,1.725,1833,1577,80.0,1,0,67.7
1007,mean_dynamic_mlp_covertype,stable,h3,1776521339457.440,1776521339584.950,127.510,0.000,125.509,1.934,1833,1577,80.0,1,0,68.8
1008,mean_dynamic_mlp_covertype,stable,h3,1776521339585.949,1776521339695.964,110.015,1.001,108.014,2.007,1833,1577,80.0,1,0,70.8
1009,mean_dynamic_mlp_covertype,stable,h3,1776521339696.964,1776521339792.471,95.507,0.000,94.506,3.405,1833,1577,80.0,1,0,71.4
1010,mean_dynamic_mlp_covertype,stable,h3,1776521339793.471,1776521339880.473,87.002,0.000,86.002,8.412,1833,1577,80.0,1,0,69.1
1011,mean_dynamic_mlp_covertype,stable,h3,1776521339882.473,1776521339975.981,93.508,0.000,92.507,1.861,1833,1577,80.0,1,0,74.0
1012,mean_dynamic_mlp_covertype,stable,h3,1776521339977.981,1776521340115.992,138.011,0.000,137.011,1.853,1833,1577,80.0,1,0,78.1
1013,mean_dynamic_mlp_covertype,stable,h3,1776521340117.993,1776521340275.516,157.523,0.000,156.523,2.420,1833,1577,80.0,1,0,76.3
1014,mean_dynamic_mlp_covertype,stable,h3,1776521340276.515,1776521340380.023,103.508,1.000,102.507,2.366,1833,1577,80.0,1,0,67.7
1015,mean_dynamic_mlp_covertype,stable,h3,1776521340382.023,1776521340471.528,89.505,0.000,87.504,1.860,1833,1577,80.0,1,0,73.4
1016,mean_dynamic_mlp_covertype,stable,h3,1776521340472.531,1776521340658.542,186.011,0.000,185.011,2.188,1833,1577,80.0,1,0,68.6
1017,mean_dynamic_mlp_covertype,stable,h3,1776521340660.542,1776521340816.556,156.014,0.000,155.014,1.862,1833,1577,80.0,1,0,71.0
1018,mean_dynamic_mlp_covertype,stable,h3,1776521340818.556,1776521340980.252,161.696,0.000,160.696,1.889,1833,1577,80.0,1,0,69.9
1019,mean_dynamic_mlp_covertype,stable,h3,1776521340982.252,1776521341092.264,110.012,0.000,110.012,2.189,1833,1577,80.0,1,0,70.0
1020,mean_dynamic_mlp_covertype,stable,h3,1776521341093.264,1776521341260.771,167.507,0.000,166.507,1.688,1833,1577,80.0,1,0,70.2
1021,mean_dynamic_mlp_covertype,stable,h3,1776521341262.771,1776521341449.786,187.014,0.000,185.015,2.038,1833,1577,80.0,1,0,72.7
1022,mean_dynamic_mlp_covertype,stable,h3,1776521341450.786,1776521341625.801,175.015,1.000,174.015,5.740,1833,1577,80.0,1,0,76.0
1023,mean_dynamic_mlp_covertype,stable,h3,1776521341627.801,1776521341814.815,187.014,0.000,186.014,2.479,1833,1577,80.0,1,0,68.4
1024,mean_dynamic_mlp_covertype,stable,h3,1776521341816.815,1776521341952.322,135.507,0.000,134.507,1.733,1833,1577,80.0,1,0,69.0
1025,mean_dynamic_mlp_covertype,stable,h3,1776521341953.322,1776521342082.832,129.510,0.000,127.510,3.334,1833,1577,80.0,1,0,72.4
1026,mean_dynamic_mlp_covertype,stable,h3,1776521342083.832,1776521342247.846,164.014,0.000,163.014,4.193,1833,1577,80.0,1,0,71.9
1027,mean_dynamic_mlp_covertype,stable,h3,1776521342249.846,1776521342415.860,166.014,0.000,164.015,2.095,1833,1577,80.0,1,0,71.9
1028,mean_dynamic_mlp_covertype,stable,h3,1776521342416.860,1776521342514.367,97.507,1.000,95.507,2.082,1833,1577,80.0,1,0,70.3
1029,mean_dynamic_mlp_covertype,stable,h3,1776521342515.366,1776521342656.874,141.508,0.000,139.506,6.218,1833,1577,80.0,1,0,69.9
1030,mean_dynamic_mlp_covertype,stable,h3,1776521342657.874,1776521342771.382,113.508,0.000,111.507,2.167,1833,1577,80.0,1,0,68.1
1031,mean_dynamic_mlp_covertype,stable,h3,1776521342773.384,1776521342851.889,78.505,0.000,77.505,2.129,1833,1577,80.0,0,0,71.2
1032,mean_dynamic_mlp_covertype,stable,h3,1776521342852.889,1776521343033.906,181.017,0.000,179.017,1.867,1833,1577,80.0,1,0,70.3
1033,mean_dynamic_mlp_covertype,stable,h3,1776521343035.906,1776521343221.920,186.014,0.000,186.014,1.892,1833,1577,80.0,1,0,69.8
1034,mean_dynamic_mlp_covertype,stable,h3,1776521343223.920,1776521343383.429,159.509,0.000,159.509,1.817,1833,1577,80.0,1,0,68.8
1035,mean_dynamic_mlp_covertype,stable,h3,1776521343385.429,1776521343476.938,91.509,0.000,90.509,1.757,1833,1577,80.0,1,0,72.2
1036,mean_dynamic_mlp_covertype,stable,h3,1776521343478.937,1776521343579.444,100.507,0.000,100.507,2.175,1833,1577,80.0,1,0,70.3
1037,mean_dynamic_mlp_covertype,stable,h3,1776521343581.444,1776521343705.456,124.012,0.000,123.012,1.751,1833,1577,80.0,1,0,68.5
1038,mean_dynamic_mlp_covertype,stable,h3,1776521343707.457,1776521343885.966,178.510,0.000,178.510,1.770,1833,1577,80.0,1,0,69.3
1039,mean_dynamic_mlp_covertype,stable,h3,1776521343887.468,1776521344054.978,167.510,1.003,166.507,1.809,1833,1577,80.0,1,0,69.4
1040,mean_dynamic_mlp_covertype,stable,h3,1776521344056.978,1776521344160.485,103.507,0.000,103.507,1.818,1833,1577,80.0,1,0,71.8
1041,mean_dynamic_mlp_covertype,stable,h3,1776521344162.486,1776521344308.500,146.014,0.000,145.014,1.750,1833,1577,80.0,1,0,69.4
1042,mean_dynamic_mlp_covertype,stable,h3,1776521344310.500,1776521344460.007,149.508,0.000,148.508,2.307,1833,1577,80.0,1,0,68.2
1043,mean_dynamic_mlp_covertype,stable,h3,1776521344462.008,1776521344530.514,68.507,0.000,67.507,2.050,1833,1577,80.0,0,0,72.2
1044,mean_dynamic_mlp_covertype,stable,h3,1776521344531.515,1776521344634.022,102.507,0.000,101.507,1.746,1833,1577,80.0,1,0,73.1
1045,mean_dynamic_mlp_covertype,stable,h3,1776521344636.022,1776521344755.529,119.507,0.000,119.507,1.803,1833,1577,80.0,1,0,69.7
1046,mean_dynamic_mlp_covertype,stable,h3,1776521344757.529,1776521344873.038,115.509,1.001,113.506,1.791,1833,1577,80.0,1,0,72.1
1047,mean_dynamic_mlp_covertype,stable,h3,1776521344874.038,1776521344979.546,105.508,1.001,103.507,1.732,1833,1577,80.0,1,0,72.6
1048,mean_dynamic_mlp_covertype,stable,h3,1776521344980.546,1776521345072.051,91.505,1.000,90.505,1.868,1833,1577,80.0,1,0,73.1
1049,mean_dynamic_mlp_covertype,stable,h3,1776521345074.053,1776521345156.559,82.505,1.001,81.504,1.776,1833,1577,80.0,1,0,68.8
1050,mean_dynamic_mlp_covertype,stable,h3,1776521345158.558,1776521345346.573,188.014,0.000,188.014,1.749,1833,1577,80.0,1,0,67.7
1051,mean_dynamic_mlp_covertype,stable,h3,1776521345348.573,1776521345478.083,129.510,0.000,129.510,1.894,1833,1577,80.0,1,0,71.9
1052,mean_dynamic_mlp_covertype,stable,h3,1776521345480.083,1776521345609.094,129.011,0.000,129.011,2.031,1833,1577,80.0,1,0,66.9
1053,mean_dynamic_mlp_covertype,stable,h3,1776521345611.094,1776521345752.602,141.508,0.000,141.508,1.969,1833,1577,80.0,1,0,70.1
1054,mean_dynamic_mlp_covertype,stable,h3,1776521345754.602,1776521345911.616,157.014,0.000,156.014,2.216,1833,1577,80.0,1,0,70.4
1055,mean_dynamic_mlp_covertype,stable,h3,1776521345913.617,1776521346014.123,100.505,0.000,100.505,5.634,1833,1577,80.0,1,0,70.5
1056,mean_dynamic_mlp_covertype,stable,h3,1776521346016.123,1776521346103.631,87.508,0.000,85.507,2.048,1833,1577,80.0,1,0,69.1
1057,mean_dynamic_mlp_covertype,stable,h3,1776521346104.631,1776521346240.139,135.508,1.000,133.508,1.974,1833,1577,80.0,1,0,69.0
1058,mean_dynamic_mlp_covertype,stable,h3,1776521346242.138,1776521346372.645,130.507,0.000,130.507,1.679,1833,1577,80.0,1,0,72.2
1059,mean_dynamic_mlp_covertype,stable,h3,1776521346374.648,1776521346489.659,115.011,0.000,115.011,2.312,1833,1577,80.0,1,0,69.6
1060,mean_dynamic_mlp_covertype,stable,h3,1776521346491.659,1776521346573.662,82.003,0.000,80.000,1.940,1833,1577,80.0,1,0,71.1
1061,mean_dynamic_mlp_covertype,stable,h3,1776521346574.662,1776521346653.167,78.506,1.000,77.506,1.896,1833,1577,80.0,0,0,70.4
1062,mean_dynamic_mlp_covertype,stable,h3,1776521346655.167,1776521346723.674,68.508,0.000,67.507,1.923,1833,1577,80.0,0,0,69.8
1063,mean_dynamic_mlp_covertype,stable,h3,1776521346725.675,1776521346850.701,125.026,0.000,125.026,1.920,1833,1577,80.0,1,0,70.8
1064,mean_dynamic_mlp_covertype,stable,h3,1776521346852.701,1776521346929.208,76.508,1.000,74.508,2.104,1833,1577,80.0,0,0,75.0
1065,mean_dynamic_mlp_covertype,stable,h3,1776521346930.208,1776521347009.717,79.508,1.000,78.508,1.853,1833,1577,80.0,0,0,74.0
1066,mean_dynamic_mlp_covertype,stable,h3,1776521347011.716,1776521347119.224,107.508,0.000,106.508,1.957,1833,1577,80.0,1,0,70.3
1067,mean_dynamic_mlp_covertype,stable,h3,1776521347120.224,1776521347218.731,98.507,1.001,96.506,1.959,1833,1577,80.0,1,0,76.3
1068,mean_dynamic_mlp_covertype,stable,h3,1776521347219.731,1776521347370.238,150.507,0.000,149.506,1.757,1833,1577,80.0,1,0,69.2
1069,mean_dynamic_mlp_covertype,stable,h3,1776521347372.238,1776521347497.253,125.015,0.000,124.012,1.907,1833,1577,80.0,1,0,68.8
1070,mean_dynamic_mlp_covertype,stable,h3,1776521347499.253,1776521347627.762,128.509,0.000,128.509,1.718,1833,1577,80.0,1,0,72.1
1071,mean_dynamic_mlp_covertype,stable,h3,1776521347629.761,1776521347798.774,169.013,0.000,169.013,2.134,1833,1577,80.0,1,0,68.9
1072,mean_dynamic_mlp_covertype,stable,h3,1776521347800.775,1776521347908.282,107.507,0.000,107.507,1.923,1833,1577,80.0,1,0,70.5
1073,mean_dynamic_mlp_covertype,stable,h3,1776521347910.282,1776521348001.789,91.507,0.000,89.507,2.039,1833,1577,80.0,1,0,69.8
1074,mean_dynamic_mlp_covertype,stable,h3,1776521348002.791,1776521348180.298,177.508,0.000,176.509,2.062,1833,1577,80.0,1,0,70.1
1075,mean_dynamic_mlp_covertype,stable,h3,1776521348182.298,1776521348294.310,112.012,0.000,110.010,1.873,1833,1577,80.0,1,0,70.9
1076,mean_dynamic_mlp_covertype,stable,h3,1776521348295.311,1776521348411.819,116.508,1.001,114.507,1.860,1833,1577,80.0,1,0,68.1
1077,mean_dynamic_mlp_covertype,stable,h3,1776521348412.821,1776521348577.328,164.507,0.998,163.509,1.731,1833,1577,80.0,1,0,69.1
1078,mean_dynamic_mlp_covertype,stable,h3,1776521348579.328,1776521348706.341,127.012,0.000,126.013,1.972,1833,1577,80.0,1,0,68.2
1079,mean_dynamic_mlp_covertype,stable,h3,1776521348707.341,1776521348839.847,132.507,1.000,131.506,1.760,1833,1577,80.0,1,0,69.9
1080,mean_dynamic_mlp_covertype,stable,h3,1776521348841.847,1776521348961.354,119.507,0.000,117.507,1.919,1833,1577,80.0,1,0,67.5
1081,mean_dynamic_mlp_covertype,stable,h3,1776521348962.354,1776521349068.862,106.508,0.000,104.507,1.889,1833,1577,80.0,1,0,72.2
1082,mean_dynamic_mlp_covertype,stable,h3,1776521349069.862,1776521349195.876,126.014,0.000,125.014,1.821,1833,1577,80.0,1,0,69.8
1083,mean_dynamic_mlp_covertype,stable,h3,1776521349197.876,1776521349268.877,71.000,0.000,70.000,1.995,1833,1577,80.0,0,0,70.0
1084,mean_dynamic_mlp_covertype,stable,h3,1776521349269.876,1776521349359.384,89.508,1.000,88.507,1.784,1833,1577,80.0,1,0,70.8
1085,mean_dynamic_mlp_covertype,stable,h3,1776521349361.384,1776521349533.399,172.015,1.000,171.015,1.875,1833,1577,80.0,1,0,68.8
1086,mean_dynamic_mlp_covertype,stable,h3,1776521349535.399,1776521349694.417,159.019,0.000,159.019,1.930,1833,1577,80.0,1,0,70.4
1087,mean_dynamic_mlp_covertype,stable,h3,1776521349696.417,1776521349857.926,161.509,0.000,161.509,1.720,1833,1577,80.0,1,0,74.7
1088,mean_dynamic_mlp_covertype,stable,h3,1776521349859.928,1776521349958.432,98.504,0.000,97.508,2.029,1833,1577,80.0,1,0,75.5
1089,mean_dynamic_mlp_covertype,stable,h3,1776521349960.432,1776521350059.940,99.508,0.000,98.508,1.816,1833,1577,80.0,1,0,71.3
1090,mean_dynamic_mlp_covertype,stable,h3,1776521350061.940,1776521350211.954,150.014,0.000,149.013,2.221,1833,1577,80.0,1,0,66.3
1091,mean_dynamic_mlp_covertype,stable,h3,1776521350213.954,1776521350374.477,160.523,0.000,159.523,1.714,1833,1577,80.0,1,0,69.7
1092,mean_dynamic_mlp_covertype,stable,h3,1776521350376.477,1776521350493.488,117.011,0.000,117.011,1.768,1833,1577,80.0,1,0,71.8
1093,mean_dynamic_mlp_covertype,stable,h3,1776521350495.488,1776521350606.996,111.508,0.000,111.508,1.914,1833,1577,80.0,1,0,68.7
1094,mean_dynamic_mlp_covertype,stable,h3,1776521350607.996,1776521350721.503,113.507,1.000,111.508,2.050,1833,1577,80.0,1,0,69.3
1095,mean_dynamic_mlp_covertype,stable,h3,1776521350723.504,1776521350878.014,154.510,0.000,154.510,1.858,1833,1577,80.0,1,0,70.8
1096,mean_dynamic_mlp_covertype,stable,h3,1776521350881.014,1776521351018.028,137.014,0.000,137.014,1.930,1833,1577,80.0,1,0,69.4
1097,mean_dynamic_mlp_covertype,stable,h3,1776521351020.028,1776521351092.535,72.507,0.000,71.507,2.007,1833,1577,80.0,0,0,70.0
1098,mean_dynamic_mlp_covertype,stable,h3,1776521351094.535,1776521351217.042,122.507,0.000,121.506,1.734,1833,1577,80.0,1,0,69.8
1099,mean_dynamic_mlp_covertype,stable,h3,1776521351218.042,1776521351340.550,122.509,0.000,120.507,1.874,1833,1577,80.0,1,0,69.5
1100,mean_dynamic_mlp_covertype,stable,h3,1776521351341.550,1776521351485.058,143.508,0.999,142.509,2.208,1833,1577,80.0,1,0,69.0
1101,mean_dynamic_mlp_covertype,stable,h3,1776521351487.059,1776521351604.075,117.016,0.000,116.016,1.853,1833,1577,80.0,1,0,69.3
1102,mean_dynamic_mlp_covertype,stable,h3,1776521351605.075,1776521351750.584,145.509,0.000,144.509,2.038,1833,1577,80.0,1,0,68.5
1103,mean_dynamic_mlp_covertype,stable,h3,1776521351751.584,1776521351914.598,163.014,1.000,162.014,1.865,1833,1577,80.0,1,0,68.8
1104,mean_dynamic_mlp_covertype,stable,h3,1776521351916.598,1776521352032.105,115.507,0.000,115.507,1.776,1833,1577,80.0,1,0,69.5
1105,mean_dynamic_mlp_covertype,stable,h3,1776521352034.104,1776521352120.612,86.507,0.000,86.507,1.992,1833,1577,80.0,1,0,70.5
1106,mean_dynamic_mlp_covertype,stable,h3,1776521352122.612,1776521352194.120,71.508,0.000,70.507,1.896,1833,1577,80.0,0,0,67.7
1107,mean_dynamic_mlp_covertype,stable,h3,1776521352196.120,1776521352324.224,128.104,0.000,126.104,1.760,1833,1577,80.0,1,0,70.8
1108,mean_dynamic_mlp_covertype,stable,h3,1776521352325.223,1776521352441.730,116.507,1.000,115.506,1.793,1833,1577,80.0,1,0,68.1
1109,mean_dynamic_mlp_covertype,stable,h3,1776521352443.730,1776521352567.237,123.507,0.000,122.507,1.833,1833,1577,80.0,1,0,69.0
1110,mean_dynamic_mlp_covertype,stable,h3,1776521352569.238,1776521352675.749,106.511,0.000,105.511,2.317,1833,1577,80.0,1,0,69.6
1111,mean_dynamic_mlp_covertype,stable,h3,1776521352676.748,1776521352753.254,76.506,1.002,75.504,1.741,1833,1577,80.0,0,0,68.8
1112,mean_dynamic_mlp_covertype,stable,h3,1776521352754.254,1776521352890.268,136.013,0.000,134.013,1.918,1833,1577,80.0,1,0,68.8
1113,mean_dynamic_mlp_covertype,stable,h3,1776521352892.268,1776521353067.775,175.508,0.000,174.508,2.011,1833,1577,80.0,1,0,68.8
1114,mean_dynamic_mlp_covertype,stable,h3,1776521353069.775,1776521353152.282,82.507,0.000,82.507,1.748,1833,1577,80.0,1,0,70.5
1115,mean_dynamic_mlp_covertype,stable,h3,1776521353154.282,1776521353286.792,132.510,0.000,132.510,1.857,1833,1577,80.0,1,0,68.5
1116,mean_dynamic_mlp_covertype,stable,h3,1776521353288.294,1776521353441.804,153.509,0.000,153.509,2.577,1833,1577,80.0,1,0,68.8
1117,mean_dynamic_mlp_covertype,stable,h3,1776521353443.804,1776521353648.891,205.087,0.000,205.087,1.860,1833,1577,80.0,1,0,70.4
1118,mean_dynamic_mlp_covertype,stable,h3,1776521353649.905,1776521353772.415,122.510,1.000,121.510,1.890,1833,1577,80.0,1,0,60.8
1119,mean_dynamic_mlp_covertype,stable,h3,1776521353774.418,1776521353890.432,116.014,0.000,114.014,1.889,1833,1577,80.0,1,0,69.8
1120,mean_dynamic_mlp_covertype,stable,h3,1776521353891.432,1776521354042.938,151.507,0.000,150.506,1.740,1833,1577,80.0,1,0,70.0
1121,mean_dynamic_mlp_covertype,stable,h3,1776521354044.938,1776521354131.446,86.507,0.000,86.507,1.813,1833,1577,80.0,1,0,67.9
1122,mean_dynamic_mlp_covertype,stable,h3,1776521354133.446,1776521354272.953,139.507,0.000,139.507,2.127,1833,1577,80.0,1,0,70.1
1123,mean_dynamic_mlp_covertype,stable,h3,1776521354274.955,1776521354433.969,159.014,0.000,159.014,1.802,1833,1577,80.0,1,0,69.9
1124,mean_dynamic_mlp_covertype,stable,h3,1776521354435.969,1776521354660.833,224.864,0.000,223.863,2.033,1833,1577,80.0,1,0,65.0
1125,mean_dynamic_mlp_covertype,stable,h3,1776521354661.848,1776521354729.351,67.503,0.000,66.502,2.392,1833,1577,80.0,0,0,64.7
1126,mean_dynamic_mlp_covertype,stable,h3,1776521354730.351,1776521354843.856,113.506,1.001,112.505,1.687,1833,1577,80.0,1,0,68.8
1127,mean_dynamic_mlp_covertype,stable,h3,1776521354845.857,1776521354970.363,124.506,0.000,124.506,2.095,1833,1577,80.0,1,0,70.8
1128,mean_dynamic_mlp_covertype,stable,h3,1776521354972.364,1776521355073.877,101.513,0.000,100.509,1.755,1833,1577,80.0,1,0,72.3
1129,mean_dynamic_mlp_covertype,stable,h3,1776521355074.877,1776521355200.889,126.012,0.000,125.013,2.332,1833,1577,80.0,1,0,76.6
1130,mean_dynamic_mlp_covertype,stable,h3,1776521355202.890,1776521355302.398,99.509,0.000,98.508,2.507,1833,1577,80.0,1,0,67.3
1131,mean_dynamic_mlp_covertype,stable,h3,1776521355303.398,1776521355455.905,152.507,1.000,151.507,2.027,1833,1577,80.0,1,0,69.8
1132,mean_dynamic_mlp_covertype,stable,h3,1776521355457.904,1776521355596.580,138.675,0.000,137.674,1.726,1833,1577,80.0,1,0,67.8
1133,mean_dynamic_mlp_covertype,stable,h3,1776521355598.579,1776521355698.822,100.243,0.000,100.243,2.110,1833,1577,80.0,1,0,71.2
1134,mean_dynamic_mlp_covertype,stable,h3,1776521355700.821,1776521355810.854,110.033,0.000,110.033,2.022,1833,1577,80.0,1,0,69.9
1135,mean_dynamic_mlp_covertype,stable,h3,1776521355812.855,1776521355986.365,173.510,0.000,171.629,1.755,1833,1577,80.0,1,0,72.0
1136,mean_dynamic_mlp_covertype,stable,h3,1776521355987.364,1776521356128.380,141.016,0.000,138.510,1.779,1833,1577,80.0,1,0,69.2
1137,mean_dynamic_mlp_covertype,stable,h3,1776521356129.379,1776521356239.886,110.507,1.000,109.508,2.667,1833,1577,80.0,1,0,69.0
1138,mean_dynamic_mlp_covertype,stable,h3,1776521356241.887,1776521356330.396,88.508,0.000,88.508,1.773,1833,1577,80.0,1,0,69.5
1139,mean_dynamic_mlp_covertype,stable,h3,1776521356332.395,1776521356454.903,122.508,0.000,122.508,1.988,1833,1577,80.0,1,0,68.2
1140,mean_dynamic_mlp_covertype,stable,h3,1776521356456.903,1776521356592.921,136.018,0.000,135.016,1.956,1833,1577,80.0,1,0,69.7
1141,mean_dynamic_mlp_covertype,stable,h3,1776521356593.919,1776521356726.425,132.506,0.000,131.491,1.968,1833,1577,80.0,1,0,69.5
1142,mean_dynamic_mlp_covertype,stable,h3,1776521356727.425,1776521356822.936,95.511,1.000,94.510,1.734,1833,1577,80.0,1,0,70.3
1143,mean_dynamic_mlp_covertype,stable,h3,1776521356824.936,1776521356926.449,101.513,0.000,100.508,1.960,1833,1577,80.0,1,0,70.1
1144,mean_dynamic_mlp_covertype,stable,h3,1776521356927.450,1776521357108.467,181.018,1.001,180.016,2.049,1833,1577,80.0,1,0,75.5
1145,mean_dynamic_mlp_covertype,stable,h3,1776521357110.468,1776521357171.468,61.000,0.000,59.998,1.961,1833,1577,80.0,0,0,74.2
1146,mean_dynamic_mlp_covertype,stable,h3,1776521357173.467,1776521357247.974,74.507,0.000,74.507,1.888,1833,1577,80.0,0,0,70.0
1147,mean_dynamic_mlp_covertype,stable,h3,1776521357249.974,1776521357367.482,117.508,0.000,116.507,1.701,1833,1577,80.0,1,0,67.0
1148,mean_dynamic_mlp_covertype,stable,h3,1776521357369.482,1776521357513.499,144.017,0.000,144.017,1.748,1833,1577,80.0,1,0,71.8
1149,mean_dynamic_mlp_covertype,stable,h3,1776521357515.500,1776521357631.009,115.509,0.000,115.509,1.825,1833,1577,80.0,1,0,67.5
1150,mean_dynamic_mlp_covertype,stable,h3,1776521357633.007,1776521357713.525,80.518,0.000,78.511,2.022,1833,1577,80.0,1,0,70.4
1151,mean_dynamic_mlp_covertype,stable,h3,1776521357714.519,1776521357825.027,110.508,1.001,109.507,2.058,1833,1577,80.0,1,0,70.9
1152,mean_dynamic_mlp_covertype,stable,h3,1776521357827.028,1776521357960.534,133.506,0.000,133.506,1.967,1833,1577,80.0,1,0,68.7
1153,mean_dynamic_mlp_covertype,stable,h3,1776521357962.535,1776521358134.221,171.685,0.000,171.685,2.005,1833,1577,80.0,1,0,70.7
1154,mean_dynamic_mlp_covertype,stable,h3,1776521358136.220,1776521358245.727,109.507,0.000,108.507,2.285,1833,1577,80.0,1,0,71.4
1155,mean_dynamic_mlp_covertype,stable,h3,1776521358246.727,1776521358326.234,79.507,0.000,78.507,7.542,1833,1577,80.0,0,0,69.6
1156,mean_dynamic_mlp_covertype,stable,h3,1776521358328.235,1776521358476.375,148.140,0.000,147.139,1.988,1833,1577,80.0,1,0,67.8
1157,mean_dynamic_mlp_covertype,stable,h3,1776521358478.374,1776521358604.386,126.012,0.000,125.011,1.733,1833,1577,80.0,1,0,70.7
1158,mean_dynamic_mlp_covertype,stable,h3,1776521358606.387,1776521358740.893,134.506,0.000,132.507,2.072,1833,1577,80.0,1,0,70.3
1159,mean_dynamic_mlp_covertype,stable,h3,1776521358741.893,1776521358838.401,96.508,1.001,95.507,1.810,1833,1577,80.0,1,0,70.9
1160,mean_dynamic_mlp_covertype,stable,h3,1776521358840.403,1776521358963.912,123.509,0.000,122.508,2.178,1833,1577,80.0,1,0,68.2
1161,mean_dynamic_mlp_covertype,stable,h3,1776521358965.913,1776521359081.423,115.510,0.000,115.510,1.780,1833,1577,80.0,1,0,69.3
1162,mean_dynamic_mlp_covertype,stable,h3,1776521359083.422,1776521359143.927,60.505,0.000,59.505,1.755,1833,1577,80.0,0,0,68.8
1163,mean_dynamic_mlp_covertype,stable,h3,1776521359145.928,1776521359262.436,116.508,0.000,115.507,2.275,1833,1577,80.0,1,0,81.5
1164,mean_dynamic_mlp_covertype,stable,h3,1776521359264.436,1776521359372.944,108.508,0.000,108.508,1.882,1833,1577,80.0,1,0,70.6
1165,mean_dynamic_mlp_covertype,stable,h3,1776521359374.947,1776521359468.450,93.503,0.000,93.503,1.905,1833,1577,80.0,1,0,69.4
1166,mean_dynamic_mlp_covertype,stable,h3,1776521359470.450,1776521359559.618,89.168,0.000,88.166,1.852,1833,1577,80.0,1,0,68.8
1167,mean_dynamic_mlp_covertype,stable,h3,1776521359561.617,1776521359725.632,164.014,0.000,163.014,1.983,1833,1577,80.0,1,0,69.6
1168,mean_dynamic_mlp_covertype,stable,h3,1776521359726.632,1776521359876.734,150.103,1.004,149.099,1.884,1833,1577,80.0,1,0,70.0
1169,mean_dynamic_mlp_covertype,stable,h3,1776521359878.734,1776521359978.250,99.516,0.000,99.516,1.930,1833,1577,80.0,1,0,73.9
1170,mean_dynamic_mlp_covertype,stable,h3,1776521359980.250,1776521360132.261,152.011,0.000,151.046,1.762,1833,1577,80.0,1,0,68.7
1171,mean_dynamic_mlp_covertype,stable,h3,1776521360134.260,1776521360303.293,169.032,0.000,169.032,2.155,1833,1577,80.0,1,0,70.5
1172,mean_dynamic_mlp_covertype,stable,h3,1776521360305.293,1776521360387.297,82.005,0.000,80.001,2.203,1833,1577,80.0,1,0,70.8
1173,mean_dynamic_mlp_covertype,stable,h3,1776521360388.295,1776521360511.311,123.015,1.504,121.511,1.969,1833,1577,80.0,1,0,70.9
1174,mean_dynamic_mlp_covertype,stable,h3,1776521360513.311,1776521360623.819,110.508,0.000,109.505,1.707,1833,1577,80.0,1,0,67.5
1175,mean_dynamic_mlp_covertype,stable,h3,1776521360625.818,1776521360744.326,118.508,0.000,117.508,1.776,1833,1577,80.0,1,0,71.7
1176,mean_dynamic_mlp_covertype,stable,h3,1776521360746.326,1776521360859.833,113.506,0.000,112.506,1.951,1833,1577,80.0,1,0,68.8
1177,mean_dynamic_mlp_covertype,stable,h3,1776521360860.833,1776521361072.122,211.289,0.000,210.289,1.925,1833,1577,80.0,1,0,70.0
1178,mean_dynamic_mlp_covertype,stable,h3,1776521361073.136,1776521361231.149,158.013,0.000,157.013,1.796,1833,1577,80.0,1,0,64.4
1179,mean_dynamic_mlp_covertype,stable,h3,1776521361232.149,1776521361426.164,194.015,0.000,193.015,1.952,1833,1577,80.0,1,0,69.2
1180,mean_dynamic_mlp_covertype,stable,h3,1776521361428.164,1776521361549.671,121.507,0.000,119.507,1.994,1833,1577,80.0,1,0,70.1
1181,mean_dynamic_mlp_covertype,stable,h3,1776521361550.672,1776521361653.178,102.505,0.000,101.506,1.866,1833,1577,80.0,1,0,68.4
1182,mean_dynamic_mlp_covertype,stable,h3,1776521361655.178,1776521361760.685,105.507,0.000,105.507,2.034,1833,1577,80.0,1,0,71.2
1183,mean_dynamic_mlp_covertype,stable,h3,1776521361762.685,1776521361843.192,80.507,0.000,79.505,2.038,1833,1577,80.0,1,0,68.8
1184,mean_dynamic_mlp_covertype,stable,h3,1776521361844.192,1776521362010.209,166.017,1.001,165.016,1.715,1833,1577,80.0,1,0,72.3
1185,mean_dynamic_mlp_covertype,stable,h3,1776521362012.209,1776521362157.717,145.508,0.000,145.508,1.797,1833,1577,80.0,1,0,69.4
1186,mean_dynamic_mlp_covertype,stable,h3,1776521362159.716,1776521362243.225,83.509,0.000,81.508,1.894,1833,1577,80.0,1,0,69.6
1187,mean_dynamic_mlp_covertype,stable,h3,1776521362244.224,1776521362400.238,156.014,0.000,155.013,2.210,1833,1577,80.0,1,0,69.7
1188,mean_dynamic_mlp_covertype,stable,h3,1776521362402.238,1776521362478.240,76.002,0.000,76.002,2.113,1833,1577,80.0,0,0,73.2
1189,mean_dynamic_mlp_covertype,stable,h3,1776521362480.240,1776521362610.253,130.013,0.000,129.013,1.859,1833,1577,80.0,1,0,68.2
1190,mean_dynamic_mlp_covertype,stable,h3,1776521362611.253,1776521362790.264,179.011,1.002,178.009,2.058,1833,1577,80.0,1,0,70.2
1191,mean_dynamic_mlp_covertype,stable,h3,1776521362792.267,1776521362935.776,143.509,0.000,142.506,2.215,1833,1577,80.0,1,0,68.9
1192,mean_dynamic_mlp_covertype,stable,h3,1776521362936.773,1776521363022.280,85.507,0.000,84.507,1.971,1833,1577,80.0,1,0,69.1
1193,mean_dynamic_mlp_covertype,stable,h3,1776521363024.280,1776521363193.293,169.013,0.000,168.013,4.461,1833,1577,80.0,1,0,71.8
1194,mean_dynamic_mlp_covertype,stable,h3,1776521363194.293,1776521363339.800,145.507,0.000,144.506,2.445,1833,1577,80.0,1,0,70.3
1195,mean_dynamic_mlp_covertype,stable,h3,1776521363341.800,1776521363438.308,96.508,0.000,94.505,1.811,1833,1577,80.0,1,0,68.8
1196,mean_dynamic_mlp_covertype,stable,h3,1776521363439.308,1776521363584.820,145.511,1.001,144.510,2.017,1833,1577,80.0,1,0,67.8
1197,mean_dynamic_mlp_covertype,stable,h3,1776521363586.819,1776521363752.832,166.013,0.000,166.013,1.762,1833,1577,80.0,1,0,69.9
1198,mean_dynamic_mlp_covertype,stable,h3,1776521363754.832,1776521363863.339,108.508,1.000,107.507,1.777,1833,1577,80.0,1,0,69.6
1199,mean_dynamic_mlp_covertype,stable,h3,1776521363865.339,1776521363962.845,97.506,0.000,96.506,1.994,1833,1577,80.0,1,0,69.4
1200,mean_dynamic_mlp_covertype,stable,h3,1776521363964.846,1776521364104.573,139.728,0.000,138.702,2.096,1833,1577,80.0,1,0,69.9
1201,mean_dynamic_mlp_covertype,stable,h3,1776521364105.573,1776521364234.083,128.510,1.000,126.510,2.177,1833,1577,80.0,1,0,68.8
1202,mean_dynamic_mlp_covertype,stable,h3,1776521364236.084,1776521364344.594,108.510,0.000,107.508,1.699,1833,1577,80.0,1,0,67.5
1203,mean_dynamic_mlp_covertype,stable,h3,1776521364345.591,1776521364468.098,122.507,1.002,120.505,1.977,1833,1577,80.0,1,0,69.8
1204,mean_dynamic_mlp_covertype,stable,h3,1776521364469.098,1776521364573.604,104.507,0.000,103.506,1.740,1833,1577,80.0,1,0,68.8
1205,mean_dynamic_mlp_covertype,stable,h3,1776521364575.604,1776521364769.619,194.015,0.000,194.015,1.772,1833,1577,80.0,1,0,68.6
1206,mean_dynamic_mlp_covertype,stable,h3,1776521364771.620,1776521364864.127,92.507,0.000,90.507,2.023,1833,1577,80.0,1,0,69.8
1207,mean_dynamic_mlp_covertype,stable,h3,1776521364865.127,1776521364987.639,122.512,0.000,120.508,2.044,1833,1577,80.0,1,0,69.5
1208,mean_dynamic_mlp_covertype,stable,h3,1776521364988.637,1776521365113.649,125.012,1.000,123.012,2.066,1833,1577,80.0,1,0,71.9
1209,mean_dynamic_mlp_covertype,stable,h3,1776521365114.649,1776521365244.158,129.509,0.000,127.507,1.894,1833,1577,80.0,1,0,70.1
1210,mean_dynamic_mlp_covertype,stable,h3,1776521365245.158,1776521365346.665,101.507,1.000,100.507,1.767,1833,1577,80.0,1,0,69.1
1211,mean_dynamic_mlp_covertype,stable,h3,1776521365348.665,1776521365467.172,118.507,0.000,116.507,2.027,1833,1577,80.0,1,0,69.0
1212,mean_dynamic_mlp_covertype,stable,h3,1776521365469.172,1776521365602.187,133.015,0.000,132.014,2.080,1833,1577,80.0,1,0,68.8
1213,mean_dynamic_mlp_covertype,stable,h3,1776521365603.187,1776521365764.694,161.508,0.000,159.507,2.109,1833,1577,80.0,1,0,70.1
1214,mean_dynamic_mlp_covertype,stable,h3,1776521365765.696,1776521365858.203,92.507,0.000,91.504,2.049,1833,1577,80.0,1,0,70.5
1215,mean_dynamic_mlp_covertype,stable,h3,1776521365860.204,1776521366307.458,447.255,0.000,446.255,1.996,1833,1577,80.0,1,0,35.5
1216,mean_dynamic_mlp_covertype,stable,h3,1776521366309.681,1776521366759.036,449.356,0.775,448.581,3.055,1833,1577,80.0,1,0,34.4
1217,mean_dynamic_mlp_covertype,stable,h3,1776521366761.057,1776521367223.704,462.647,1.003,460.640,1.796,1833,1577,80.0,1,0,31.2
1218,mean_dynamic_mlp_covertype,stable,h3,1776521367224.706,1776521367678.049,453.344,0.000,450.283,2.035,1833,1577,80.0,1,0,35.5
1219,mean_dynamic_mlp_covertype,stable,h3,1776521367679.985,1776521368131.830,451.844,1.000,450.845,2.758,1833,1577,80.0,1,0,38.9
1220,mean_dynamic_mlp_covertype,stable,h3,1776521368135.754,1776521368581.892,446.137,0.997,444.149,1.967,1833,1577,80.0,1,0,35.0
1221,mean_dynamic_mlp_covertype,stable,h3,1776521368584.888,1776521369048.386,463.498,0.994,461.520,1.924,1833,1577,80.0,1,0,36.5
1222,mean_dynamic_mlp_covertype,stable,h3,1776521369049.392,1776521369613.291,563.899,0.000,562.899,1.926,1833,1577,80.0,1,0,37.7
1223,mean_dynamic_mlp_covertype,stable,h3,1776521369616.292,1776521370251.326,635.035,1.000,633.291,2.094,1833,1577,80.0,1,0,31.4
1224,mean_dynamic_mlp_covertype,stable,h3,1776521370252.640,1776521370844.367,591.728,1.018,589.082,1.929,1833,1577,80.0,1,0,24.3
1225,mean_dynamic_mlp_covertype,stable,h3,1776521370847.369,1776521371468.859,621.490,1.003,618.485,1.956,1833,1577,80.0,1,0,36.0
1226,mean_dynamic_mlp_covertype,stable,h3,1776521371470.858,1776521372067.215,596.357,1.002,593.256,1.750,1833,1577,80.0,1,0,36.9
1227,mean_dynamic_mlp_covertype,stable,h3,1776521372070.106,1776521372594.223,524.118,1.002,522.113,1.963,1833,1577,80.0,1,0,38.5
1228,mean_dynamic_mlp_covertype,stable,h3,1776521372597.224,1776521373134.166,536.942,1.000,534.944,1.884,1833,1577,80.0,1,0,29.9
1229,mean_dynamic_mlp_covertype,stable,h3,1776521373136.163,1776521373585.077,448.914,1.002,446.916,1.839,1833,1577,80.0,1,0,29.9
1230,mean_dynamic_mlp_covertype,stable,h3,1776521373587.529,1776521374063.296,475.767,0.000,472.221,2.133,1833,1577,80.0,1,0,29.2
1231,mean_dynamic_mlp_covertype,stable,h3,1776521374065.295,1776521374205.806,140.510,0.998,138.509,1.907,1833,1577,80.0,1,0,57.9
1232,mean_dynamic_mlp_covertype,stable,h3,1776521374208.806,1776521374320.325,111.519,0.000,110.521,1.965,1833,1577,80.0,1,0,70.3
1233,mean_dynamic_mlp_covertype,stable,h3,1776521374322.327,1776521374419.846,97.519,0.000,96.517,1.748,1833,1577,80.0,1,0,69.0
1234,mean_dynamic_mlp_covertype,stable,h3,1776521374420.849,1776521374532.358,111.509,1.001,110.507,2.645,1833,1577,80.0,1,0,69.4
1235,mean_dynamic_mlp_covertype,stable,h3,1776521374533.356,1776521374677.367,144.011,1.000,143.010,1.913,1833,1577,80.0,1,0,69.0
1236,mean_dynamic_mlp_covertype,stable,h3,1776521374679.368,1776521374872.384,193.016,0.000,192.016,1.717,1833,1577,80.0,1,0,68.8
1237,mean_dynamic_mlp_covertype,stable,h3,1776521374873.383,1776521374946.892,73.509,0.000,71.507,2.570,1833,1577,80.0,0,0,71.9
1238,mean_dynamic_mlp_covertype,stable,h3,1776521374947.891,1776521375118.398,170.508,1.001,169.507,2.090,1833,1577,80.0,1,0,70.5
1239,mean_dynamic_mlp_covertype,stable,h3,1776521375120.399,1776521375240.415,120.015,0.000,120.015,1.947,1833,1577,80.0,1,0,69.6
1240,mean_dynamic_mlp_covertype,stable,h3,1776521375242.416,1776521375342.931,100.516,1.001,98.510,2.045,1833,1577,80.0,1,0,74.6
1241,mean_dynamic_mlp_covertype,stable,h3,1776521375343.927,1776521375481.433,137.507,0.000,136.504,2.104,1833,1577,80.0,1,0,72.9
1242,mean_dynamic_mlp_covertype,stable,h3,1776521375483.434,1776521375613.943,130.509,0.000,130.509,1.758,1833,1577,80.0,1,0,71.7
1243,mean_dynamic_mlp_covertype,stable,h3,1776521375615.943,1776521375735.453,119.510,1.001,118.509,2.037,1833,1577,80.0,1,0,70.5
1244,mean_dynamic_mlp_covertype,stable,h3,1776521375737.842,1776521375847.351,109.509,0.000,108.508,2.268,1833,1577,80.0,1,0,71.2
1245,mean_dynamic_mlp_covertype,stable,h3,1776521375849.351,1776521375962.861,113.510,0.000,111.506,2.526,1833,1577,80.0,1,0,70.9
1246,mean_dynamic_mlp_covertype,stable,h3,1776521375963.858,1776521376109.364,145.507,1.000,144.507,3.472,1833,1577,80.0,1,0,71.0
1247,mean_dynamic_mlp_covertype,stable,h3,1776521376111.369,1776521376213.875,102.505,0.000,100.505,1.829,1833,1577,80.0,1,0,69.0
1248,mean_dynamic_mlp_covertype,stable,h3,1776521376214.872,1776521376380.895,166.022,1.000,165.022,1.874,1833,1577,80.0,1,0,68.8
1249,mean_dynamic_mlp_covertype,stable,h3,1776521376381.892,1776521376511.404,129.511,1.013,128.498,2.027,1833,1577,80.0,1,0,68.1
1250,mean_dynamic_mlp_covertype,stable,h3,1776521376513.399,1776521376600.912,87.512,0.000,87.512,1.871,1833,1577,80.0,1,0,68.8
1251,mean_dynamic_mlp_covertype,stable,h3,1776521376602.906,1776521376686.415,83.509,0.000,82.591,2.003,1833,1577,80.0,1,0,75.0
1252,mean_dynamic_mlp_covertype,stable,h3,1776521376687.414,1776521376782.925,95.512,0.000,94.511,2.879,1833,1577,80.0,1,0,72.2
1253,mean_dynamic_mlp_covertype,stable,h3,1776521376784.924,1776521376935.436,150.512,0.000,148.507,1.878,1833,1577,80.0,1,0,71.1
1254,mean_dynamic_mlp_covertype,stable,h3,1776521376937.076,1776521377063.584,126.508,0.000,125.507,2.311,1833,1577,80.0,1,0,69.5
1255,mean_dynamic_mlp_covertype,stable,h3,1776521377064.583,1776521377203.702,139.119,1.581,137.538,2.344,1833,1577,80.0,1,0,71.5
1256,mean_dynamic_mlp_covertype,stable,h3,1776521377205.702,1776521377316.208,110.506,0.000,110.506,1.894,1833,1577,80.0,1,0,68.1
1257,mean_dynamic_mlp_covertype,stable,h3,1776521377318.208,1776521377400.718,82.510,0.000,81.508,1.908,1833,1577,80.0,1,0,71.3
1258,mean_dynamic_mlp_covertype,stable,h3,1776521377401.718,1776521377570.737,169.019,1.002,168.017,1.772,1833,1577,80.0,1,0,67.9
1259,mean_dynamic_mlp_covertype,stable,h3,1776521377572.737,1776521377694.244,121.508,0.000,120.508,1.809,1833,1577,80.0,1,0,70.3
1260,mean_dynamic_mlp_covertype,stable,h3,1776521377696.244,1776521377862.255,166.011,0.000,166.011,1.752,1833,1577,80.0,1,0,69.9
1261,mean_dynamic_mlp_covertype,stable,h3,1776521377864.257,1776521378018.765,154.508,1.002,152.502,2.072,1833,1577,80.0,1,0,70.0
1262,mean_dynamic_mlp_covertype,stable,h3,1776521378019.762,1776521378139.782,120.021,0.000,118.017,1.888,1833,1577,80.0,1,0,69.3
1263,mean_dynamic_mlp_covertype,stable,h3,1776521378141.781,1776521378244.290,102.509,0.000,102.509,2.024,1833,1577,80.0,1,0,69.6
1264,mean_dynamic_mlp_covertype,stable,h3,1776521378245.288,1776521378329.293,84.005,1.000,83.005,1.932,1833,1577,80.0,1,0,69.1
1265,mean_dynamic_mlp_covertype,stable,h3,1776521378331.290,1776521378406.793,75.503,0.000,74.503,1.852,1833,1577,80.0,0,0,69.1
1266,mean_dynamic_mlp_covertype,stable,h3,1776521378407.793,1776521378576.810,169.017,1.000,168.016,2.116,1833,1577,80.0,1,0,70.9
1267,mean_dynamic_mlp_covertype,stable,h3,1776521378578.810,1776521378664.316,85.506,0.000,85.506,1.918,1833,1577,80.0,1,0,67.9
1268,mean_dynamic_mlp_covertype,stable,h3,1776521378666.316,1776521378808.823,142.507,0.000,142.507,3.119,1833,1577,80.0,1,0,69.8
1269,mean_dynamic_mlp_covertype,stable,h3,1776521378810.825,1776521378970.841,160.016,0.000,159.012,1.739,1833,1577,80.0,1,0,68.3
1270,mean_dynamic_mlp_covertype,stable,h3,1776521378971.837,1776521379093.351,121.514,0.000,119.508,1.903,1833,1577,80.0,1,0,68.8
1271,mean_dynamic_mlp_covertype,stable,h3,1776521379094.346,1776521379234.860,140.513,1.002,139.511,2.210,1833,1577,80.0,1,0,69.4
1272,mean_dynamic_mlp_covertype,stable,h3,1776521379237.739,1776521379372.632,134.893,0.000,134.223,2.723,1833,1577,80.0,1,0,69.7
1273,mean_dynamic_mlp_covertype,stable,h3,1776521379374.631,1776521379508.142,133.511,0.000,132.511,2.141,1833,1577,80.0,1,0,67.7
1274,mean_dynamic_mlp_covertype,stable,h3,1776521379509.142,1776521379626.651,117.509,1.000,115.509,2.221,1833,1577,80.0,1,0,71.1
1275,mean_dynamic_mlp_covertype,stable,h3,1776521379627.650,1776521379728.159,100.509,0.000,98.506,1.928,1833,1577,80.0,1,0,69.0
1276,mean_dynamic_mlp_covertype,stable,h3,1776521379730.158,1776521379844.175,114.017,0.000,113.015,3.222,1833,1577,80.0,1,0,69.4
1277,mean_dynamic_mlp_covertype,stable,h3,1776521379845.172,1776521379955.685,110.513,1.000,108.510,3.285,1833,1577,80.0,1,0,71.1
1278,mean_dynamic_mlp_covertype,stable,h3,1776521379956.683,1776521380037.907,81.225,0.999,79.004,2.123,1833,1577,80.0,1,0,70.0
1279,mean_dynamic_mlp_covertype,stable,h3,1776521380038.906,1776521380105.907,67.000,0.000,65.999,2.396,1833,1577,80.0,0,0,69.6
1280,mean_dynamic_mlp_covertype,stable,h3,1776521380107.909,1776521380207.423,99.514,0.000,98.508,1.957,1833,1577,80.0,1,0,68.0
1281,mean_dynamic_mlp_covertype,stable,h3,1776521380208.417,1776521380308.939,100.522,0.000,98.517,2.559,1833,1577,80.0,1,0,70.3
1282,mean_dynamic_mlp_covertype,stable,h3,1776521380309.936,1776521380406.445,96.510,0.000,95.509,1.925,1833,1577,80.0,1,0,68.0
1283,mean_dynamic_mlp_covertype,stable,h3,1776521380408.445,1776521380488.955,80.510,0.000,79.509,2.308,1833,1577,80.0,1,0,70.0
1284,mean_dynamic_mlp_covertype,stable,h3,1776521380489.955,1776521380582.466,92.511,0.000,90.508,3.868,1833,1577,80.0,1,0,68.8
1285,mean_dynamic_mlp_covertype,stable,h3,1776521380583.466,1776521380743.273,159.807,0.999,158.808,1.883,1833,1577,80.0,1,0,68.8
1286,mean_dynamic_mlp_covertype,stable,h3,1776521380745.275,1776521380863.783,118.509,0.000,117.506,2.212,1833,1577,80.0,1,0,68.0
1287,mean_dynamic_mlp_covertype,stable,h3,1776521380864.782,1776521380979.288,114.506,1.000,113.506,1.777,1833,1577,80.0,1,0,68.8
1288,mean_dynamic_mlp_covertype,stable,h3,1776521380981.288,1776521381082.803,101.516,0.000,99.512,2.230,1833,1577,80.0,1,0,68.8
1289,mean_dynamic_mlp_covertype,stable,h3,1776521381083.800,1776521381212.310,128.510,1.000,127.511,1.800,1833,1577,80.0,1,0,70.8
1290,mean_dynamic_mlp_covertype,stable,h3,1776521381214.310,1776521381359.329,145.020,0.000,144.019,2.070,1833,1577,80.0,1,0,69.7
1291,mean_dynamic_mlp_covertype,stable,h3,1776521381361.329,1776521381461.836,100.508,0.000,99.506,5.894,1833,1577,80.0,1,0,71.1
1292,mean_dynamic_mlp_covertype,stable,h3,1776521381463.838,1776521381569.344,105.506,1.002,103.504,2.197,1833,1577,80.0,1,0,70.3
1293,mean_dynamic_mlp_covertype,stable,h3,1776521381570.344,1776521381650.795,80.452,0.000,78.451,1.983,1833,1577,80.0,1,0,73.2
1294,mean_dynamic_mlp_covertype,stable,h3,1776521381651.799,1776521381771.301,119.502,0.000,118.506,2.239,1833,1577,80.0,1,0,71.2
1295,mean_dynamic_mlp_covertype,stable,h3,1776521381773.301,1776521381897.183,123.881,0.000,122.881,2.884,1833,1577,80.0,1,0,70.3
1296,mean_dynamic_mlp_covertype,stable,h3,1776521381899.183,1776521382020.692,121.510,0.000,119.510,2.095,1833,1577,80.0,1,0,70.5
1297,mean_dynamic_mlp_covertype,stable,h3,1776521382021.691,1776521382123.210,101.519,0.000,99.512,1.888,1833,1577,80.0,1,0,71.1
1298,mean_dynamic_mlp_covertype,stable,h3,1776521382124.207,1776521382336.926,212.719,0.000,211.715,1.880,1833,1577,80.0,1,0,74.9
1299,mean_dynamic_mlp_covertype,stable,h3,1776521382337.925,1776521382460.710,122.785,0.000,122.785,1.902,1833,1577,80.0,1,0,64.8
1300,mean_dynamic_mlp_covertype,stable,h3,1776521382462.714,1776521382593.218,130.504,0.000,129.503,1.883,1833,1577,80.0,1,0,71.5
1301,mean_dynamic_mlp_covertype,stable,h3,1776521382595.217,1776521382687.727,92.510,0.000,92.510,1.850,1833,1577,80.0,1,0,71.9
1302,mean_dynamic_mlp_covertype,stable,h3,1776521382689.726,1776521382844.292,154.566,0.000,153.565,2.064,1833,1577,80.0,1,0,70.0
1303,mean_dynamic_mlp_covertype,stable,h3,1776521382846.292,1776521382980.746,134.454,0.000,134.454,2.113,1833,1577,80.0,1,0,76.4
1304,mean_dynamic_mlp_covertype,stable,h3,1776521382982.747,1776521383083.258,100.510,0.000,99.511,1.783,1833,1577,80.0,1,0,70.5
1305,mean_dynamic_mlp_covertype,stable,h3,1776521383084.258,1776521383235.774,151.516,0.999,149.514,1.781,1833,1577,80.0,1,0,71.0
1306,mean_dynamic_mlp_covertype,stable,h3,1776521383236.771,1776521383380.789,144.019,0.000,144.019,1.935,1833,1577,80.0,1,0,71.3
1307,mean_dynamic_mlp_covertype,stable,h3,1776521383382.790,1776521383570.806,188.017,0.000,188.017,1.857,1833,1577,80.0,1,0,69.1
1308,mean_dynamic_mlp_covertype,stable,h3,1776521383571.805,1776521383650.315,78.510,0.000,77.510,1.852,1833,1577,80.0,0,0,73.7
1309,mean_dynamic_mlp_covertype,stable,h3,1776521383652.316,1776521383721.318,69.002,0.000,68.000,1.735,1833,1577,80.0,0,0,68.8
1310,mean_dynamic_mlp_covertype,stable,h3,1776521383722.317,1776521383818.618,96.301,1.000,94.297,1.994,1833,1577,80.0,1,0,69.4
1311,mean_dynamic_mlp_covertype,stable,h3,1776521383819.616,1776521384001.632,182.017,1.000,180.016,3.093,1833,1577,80.0,1,0,69.1
1312,mean_dynamic_mlp_covertype,stable,h3,1776521384002.632,1776521384140.654,138.022,1.002,136.019,2.160,1833,1577,80.0,1,0,69.7
1313,mean_dynamic_mlp_covertype,stable,h3,1776521384142.653,1776521384229.164,86.512,0.000,85.509,2.062,1833,1577,80.0,1,0,72.0
1314,mean_dynamic_mlp_covertype,stable,h3,1776521384231.163,1776521384317.665,86.502,0.000,86.502,1.942,1833,1577,80.0,1,0,66.3
1315,mean_dynamic_mlp_covertype,stable,h3,1776521384319.667,1776521384421.181,101.514,0.000,99.510,1.776,1833,1577,80.0,1,0,69.6
1316,mean_dynamic_mlp_covertype,stable,h3,1776521384422.178,1776521384560.198,138.020,0.000,137.019,1.989,1833,1577,80.0,1,0,71.5
1317,mean_dynamic_mlp_covertype,stable,h3,1776521384562.198,1776521384663.707,101.509,0.000,100.507,2.458,1833,1577,80.0,1,0,71.6
1318,mean_dynamic_mlp_covertype,stable,h3,1776521384665.707,1776521384787.212,121.505,1.001,119.506,1.914,1833,1577,80.0,1,0,72.1
1319,mean_dynamic_mlp_covertype,stable,h3,1776521384788.213,1776521384890.722,102.509,0.000,101.507,1.777,1833,1577,80.0,1,0,74.1
1320,mean_dynamic_mlp_covertype,stable,h3,1776521384892.722,1776521385003.227,110.506,0.000,108.506,2.095,1833,1577,80.0,1,0,71.1
1321,mean_dynamic_mlp_covertype,stable,h3,1776521385004.228,1776521385108.734,104.506,0.000,103.502,1.724,1833,1577,80.0,1,0,74.1
1322,mean_dynamic_mlp_covertype,stable,h3,1776521385110.734,1776521385258.750,148.016,0.000,147.013,2.057,1833,1577,80.0,1,0,74.4
1323,mean_dynamic_mlp_covertype,stable,h3,1776521385260.749,1776521385322.751,62.002,0.000,61.002,2.026,1833,1577,80.0,0,0,69.7
1324,mean_dynamic_mlp_covertype,stable,h3,1776521385323.751,1776521385413.261,89.510,1.005,88.505,1.839,1833,1577,80.0,1,0,69.6
1325,mean_dynamic_mlp_covertype,stable,h3,1776521385415.261,1776521385558.278,143.017,0.000,142.015,1.953,1833,1577,80.0,1,0,71.9
1326,mean_dynamic_mlp_covertype,stable,h3,1776521385560.278,1776521385695.786,135.509,1.001,134.508,1.841,1833,1577,80.0,1,0,68.2
1327,mean_dynamic_mlp_covertype,stable,h3,1776521385697.788,1776521385823.297,125.509,0.000,124.508,1.978,1833,1577,80.0,1,0,71.0
1328,mean_dynamic_mlp_covertype,stable,h3,1776521385824.300,1776521385958.315,134.015,1.002,132.011,1.755,1833,1577,80.0,1,0,70.3
1329,mean_dynamic_mlp_covertype,stable,h3,1776521385959.312,1776521386150.331,191.019,1.198,188.822,1.752,1833,1577,80.0,1,0,72.5
1330,mean_dynamic_mlp_covertype,stable,h3,1776521386151.331,1776521386248.838,97.507,0.000,96.506,1.872,1833,1577,80.0,1,0,66.0
1331,mean_dynamic_mlp_covertype,stable,h3,1776521386250.838,1776521386425.350,174.512,0.000,174.512,2.065,1833,1577,80.0,1,0,70.1
1332,mean_dynamic_mlp_covertype,stable,h3,1776521386427.348,1776521386497.856,70.508,0.000,70.508,2.307,1833,1577,80.0,0,0,73.8
1333,mean_dynamic_mlp_covertype,stable,h3,1776521386499.853,1776521386647.739,147.886,0.000,146.881,1.997,1833,1577,80.0,1,0,70.8
1334,mean_dynamic_mlp_covertype,stable,h3,1776521386648.735,1776521386757.143,108.408,1.000,106.408,1.775,1833,1577,80.0,1,0,75.4
1335,mean_dynamic_mlp_covertype,stable,h3,1776521386758.144,1776521386852.651,94.508,0.000,92.509,1.796,1833,1577,80.0,1,0,76.3
1336,mean_dynamic_mlp_covertype,stable,h3,1776521386853.651,1776521386950.173,96.522,0.000,94.517,1.849,1833,1577,80.0,1,0,70.5
1337,mean_dynamic_mlp_covertype,stable,h3,1776521386951.170,1776521387085.678,134.508,0.000,133.508,3.327,1833,1577,80.0,1,0,71.1
1338,mean_dynamic_mlp_covertype,stable,h3,1776521387087.679,1776521387146.175,58.496,0.000,57.497,2.007,1833,1577,80.0,0,0,76.6
1339,mean_dynamic_mlp_covertype,stable,h3,1776521387148.176,1776521387287.682,139.506,0.000,139.506,1.985,1833,1577,80.0,1,0,73.8
1340,mean_dynamic_mlp_covertype,stable,h3,1776521387289.683,1776521387383.931,94.248,0.000,93.249,3.569,1833,1577,80.0,1,0,70.4
1341,mean_dynamic_mlp_covertype,stable,h3,1776521387384.932,1776521387502.504,117.571,0.000,115.512,1.783,1833,1577,80.0,1,0,74.0
1342,mean_dynamic_mlp_covertype,stable,h3,1776521387503.445,1776521387627.953,124.508,0.000,122.506,1.806,1833,1577,80.0,1,0,71.9
1343,mean_dynamic_mlp_covertype,stable,h3,1776521387628.953,1776521387785.965,157.012,0.000,156.008,1.889,1833,1577,80.0,1,0,73.9
1344,mean_dynamic_mlp_covertype,stable,h3,1776521387787.967,1776521387943.984,156.018,0.000,155.015,1.898,1833,1577,80.0,1,0,72.5
1345,mean_dynamic_mlp_covertype,stable,h3,1776521387945.985,1776521388095.375,149.390,0.000,149.390,2.003,1833,1577,80.0,1,0,71.4
1346,mean_dynamic_mlp_covertype,stable,h3,1776521388097.375,1776521388298.199,200.824,0.000,199.823,1.925,1833,1577,80.0,1,0,69.6
1347,mean_dynamic_mlp_covertype,stable,h3,1776521388299.294,1776521388446.223,146.929,0.000,146.016,1.992,1833,1577,80.0,1,0,71.2
1348,mean_dynamic_mlp_covertype,stable,h3,1776521388449.224,1776521388588.735,139.510,0.000,139.510,1.985,1833,1577,80.0,1,0,74.1
1349,mean_dynamic_mlp_covertype,stable,h3,1776521388590.734,1776521388699.244,108.510,0.000,107.510,2.076,1833,1577,80.0,1,0,69.9
1350,mean_dynamic_mlp_covertype,stable,h3,1776521388701.244,1776521388898.258,197.014,0.000,196.014,1.731,1833,1577,80.0,1,0,71.9
1351,mean_dynamic_mlp_covertype,stable,h3,1776521388900.275,1776521389014.770,114.494,0.000,114.494,1.887,1833,1577,80.0,1,0,74.0
1352,mean_dynamic_mlp_covertype,stable,h3,1776521389016.769,1776521389169.784,153.016,0.000,153.016,1.709,1833,1577,80.0,1,0,71.9
1353,mean_dynamic_mlp_covertype,stable,h3,1776521389171.784,1776521389290.295,118.511,0.000,117.509,2.027,1833,1577,80.0,1,0,77.6
1354,mean_dynamic_mlp_covertype,stable,h3,1776521389292.296,1776521389464.315,172.019,0.000,171.020,1.870,1833,1577,80.0,1,0,68.3
1355,mean_dynamic_mlp_covertype,stable,h3,1776521389465.314,1776521389611.826,146.512,0.000,145.511,1.970,1833,1577,80.0,1,0,70.1
1356,mean_dynamic_mlp_covertype,stable,h3,1776521389613.827,1776521389737.338,123.511,0.000,123.511,1.790,1833,1577,80.0,1,0,69.5
1357,mean_dynamic_mlp_covertype,stable,h3,1776521389739.337,1776521389816.379,77.042,0.000,75.999,1.845,1833,1577,80.0,0,0,72.5
1358,mean_dynamic_mlp_covertype,stable,h3,1776521389818.378,1776521389939.397,121.019,0.000,119.515,1.760,1833,1577,80.0,1,0,70.1
1359,mean_dynamic_mlp_covertype,stable,h3,1776521389940.401,1776521390052.549,112.148,1.001,110.145,1.897,1833,1577,80.0,1,0,71.7
1360,mean_dynamic_mlp_covertype,stable,h3,1776521390053.548,1776521390196.674,143.126,1.000,142.126,1.937,1833,1577,80.0,1,0,70.9
1361,mean_dynamic_mlp_covertype,stable,h3,1776521390198.675,1776521390318.191,119.516,0.998,117.518,2.038,1833,1577,80.0,1,0,71.2
1362,mean_dynamic_mlp_covertype,stable,h3,1776521390319.191,1776521390397.700,78.509,0.000,77.508,2.041,1833,1577,80.0,0,0,67.5
1363,mean_dynamic_mlp_covertype,stable,h3,1776521390399.701,1776521390499.207,99.506,0.000,99.506,2.014,1833,1577,80.0,1,0,71.2
1364,mean_dynamic_mlp_covertype,stable,h3,1776521390501.208,1776521390703.968,202.760,0.000,202.760,2.018,1833,1577,80.0,1,0,70.9
1365,mean_dynamic_mlp_covertype,stable,h3,1776521390704.982,1776521390825.490,120.508,1.000,119.508,2.241,1833,1577,80.0,1,0,66.7
1366,mean_dynamic_mlp_covertype,stable,h3,1776521390827.491,1776521390958.505,131.014,0.000,129.015,2.048,1833,1577,80.0,1,0,70.1
1367,mean_dynamic_mlp_covertype,stable,h3,1776521390959.505,1776521391090.012,130.507,1.000,128.507,2.447,1833,1577,80.0,1,0,74.5
1368,mean_dynamic_mlp_covertype,stable,h3,1776521391091.012,1776521391226.523,135.510,1.000,134.510,1.789,1833,1577,80.0,1,0,79.8
1369,mean_dynamic_mlp_covertype,stable,h3,1776521391228.523,1776521391363.536,135.013,0.000,133.011,1.842,1833,1577,80.0,1,0,72.4
1370,mean_dynamic_mlp_covertype,stable,h3,1776521391364.536,1776521391511.043,146.507,1.001,145.506,1.825,1833,1577,80.0,1,0,71.2
1371,mean_dynamic_mlp_covertype,stable,h3,1776521391513.043,1776521391590.551,77.508,0.000,75.507,1.789,1833,1577,80.0,0,0,69.6
1372,mean_dynamic_mlp_covertype,stable,h3,1776521391591.551,1776521391703.058,111.507,0.000,110.505,1.777,1833,1577,80.0,1,0,72.6
1373,mean_dynamic_mlp_covertype,stable,h3,1776521391705.058,1776521391863.073,158.015,0.000,157.014,1.825,1833,1577,80.0,1,0,73.3
1374,mean_dynamic_mlp_covertype,stable,h3,1776521391864.073,1776521392000.579,136.507,1.000,135.507,1.957,1833,1577,80.0,1,0,73.6
1375,mean_dynamic_mlp_covertype,stable,h3,1776521392002.580,1776521392099.086,96.507,0.000,94.507,1.953,1833,1577,80.0,1,0,68.0
1376,mean_dynamic_mlp_covertype,stable,h3,1776521392100.086,1776521392184.594,84.508,1.000,82.507,1.921,1833,1577,80.0,1,0,72.6
1377,mean_dynamic_mlp_covertype,stable,h3,1776521392185.594,1776521392325.101,139.508,0.000,137.507,2.060,1833,1577,80.0,1,0,70.1
1378,mean_dynamic_mlp_covertype,stable,h3,1776521392326.104,1776521392462.656,136.552,1.000,135.552,2.042,1833,1577,80.0,1,0,71.2
1379,mean_dynamic_mlp_covertype,stable,h3,1776521392463.656,1776521392575.163,111.507,0.000,110.506,1.842,1833,1577,80.0,1,0,67.8
1380,mean_dynamic_mlp_covertype,stable,h3,1776521392577.164,1776521392728.673,151.509,0.000,149.507,1.882,1833,1577,80.0,1,0,69.6
1381,mean_dynamic_mlp_covertype,stable,h3,1776521392730.673,1776521392867.685,137.012,0.000,137.012,4.092,1833,1577,80.0,1,0,67.4
1382,mean_dynamic_mlp_covertype,stable,h3,1776521392869.685,1776521392953.192,83.507,0.000,82.507,1.799,1833,1577,80.0,1,0,70.5
1383,mean_dynamic_mlp_covertype,stable,h3,1776521392954.192,1776521393033.194,79.002,1.001,78.001,1.935,1833,1577,80.0,0,0,70.0
1384,mean_dynamic_mlp_covertype,stable,h3,1776521393035.194,1776521393140.203,105.009,0.000,105.009,1.759,1833,1577,80.0,1,0,71.2
1385,mean_dynamic_mlp_covertype,stable,h3,1776521393141.474,1776521393243.982,102.508,1.001,100.507,1.892,1833,1577,80.0,1,0,69.0
1386,mean_dynamic_mlp_covertype,stable,h3,1776521393244.982,1776521393380.489,135.507,1.000,133.507,1.926,1833,1577,80.0,1,0,68.2
1387,mean_dynamic_mlp_covertype,stable,h3,1776521393382.489,1776521393541.503,159.014,0.000,158.014,1.899,1833,1577,80.0,1,0,69.1
1388,mean_dynamic_mlp_covertype,stable,h3,1776521393543.503,1776521393603.503,60.000,0.000,60.000,1.954,1833,1577,80.0,0,0,71.0
1389,mean_dynamic_mlp_covertype,stable,h3,1776521393605.503,1776521393770.517,165.014,0.000,165.014,1.803,1833,1577,80.0,1,0,68.5
1390,mean_dynamic_mlp_covertype,stable,h3,1776521393772.517,1776521393883.024,110.507,0.000,110.507,2.090,1833,1577,80.0,1,0,68.1
1391,mean_dynamic_mlp_covertype,stable,h3,1776521393885.024,1776521394005.531,120.507,0.000,119.507,1.930,1833,1577,80.0,1,0,69.5
1392,mean_dynamic_mlp_covertype,stable,h3,1776521394007.531,1776521394116.038,108.507,0.000,106.507,1.892,1833,1577,80.0,1,0,70.5
1393,mean_dynamic_mlp_covertype,stable,h3,1776521394117.038,1776521394301.054,184.015,1.001,183.014,1.784,1833,1577,80.0,1,0,69.3
1394,mean_dynamic_mlp_covertype,stable,h3,1776521394303.054,1776521394451.068,148.014,0.000,146.014,1.847,1833,1577,80.0,1,0,69.2
1395,mean_dynamic_mlp_covertype,stable,h3,1776521394452.068,1776521394652.083,200.015,1.000,198.014,2.067,1833,1577,80.0,1,0,69.1
1396,mean_dynamic_mlp_covertype,stable,h3,1776521394653.082,1776521394770.589,117.508,1.001,116.507,1.967,1833,1577,80.0,1,0,68.4
1397,mean_dynamic_mlp_covertype,stable,h3,1776521394772.589,1776521394886.097,113.508,0.000,112.508,2.025,1833,1577,80.0,1,0,70.1
1398,mean_dynamic_mlp_covertype,stable,h3,1776521394887.097,1776521395025.604,138.507,1.001,136.506,1.957,1833,1577,80.0,1,0,70.6
1399,mean_dynamic_mlp_covertype,stable,h3,1776521395026.606,1776521395136.113,109.507,0.000,108.507,1.904,1833,1577,80.0,1,0,66.7
1400,mean_dynamic_mlp_covertype,stable,h3,1776521395138.113,1776521395289.126,151.013,0.000,151.013,2.021,1833,1577,80.0,1,0,70.1
1401,mean_dynamic_mlp_covertype,stable,h3,1776521395291.126,1776521395380.633,89.507,0.000,89.507,1.822,1833,1577,80.0,1,0,70.8
1402,mean_dynamic_mlp_covertype,stable,h3,1776521395382.633,1776521395461.140,78.507,0.000,77.506,1.851,1833,1577,80.0,0,0,68.8
1403,mean_dynamic_mlp_covertype,stable,h3,1776521395462.140,1776521395553.647,91.507,1.001,89.506,1.884,1833,1577,80.0,1,0,70.8
1404,mean_dynamic_mlp_covertype,stable,h3,1776521395554.647,1776521395669.154,114.507,1.000,113.507,2.007,1833,1577,80.0,1,0,70.1
1405,mean_dynamic_mlp_covertype,stable,h3,1776521395671.154,1776521395781.662,110.508,0.000,109.507,1.683,1833,1577,80.0,1,0,72.6
1406,mean_dynamic_mlp_covertype,stable,h3,1776521395782.661,1776521395904.169,121.507,1.001,120.507,1.970,1833,1577,80.0,1,0,69.5
1407,mean_dynamic_mlp_covertype,stable,h3,1776521395906.168,1776521396021.674,115.507,0.000,115.507,1.743,1833,1577,80.0,1,0,69.9
1408,mean_dynamic_mlp_covertype,stable,h3,1776521396023.675,1776521396126.186,102.511,0.000,102.511,1.912,1833,1577,80.0,1,0,74.8
1409,mean_dynamic_mlp_covertype,stable,h3,1776521396128.186,1776521396308.199,180.013,0.000,180.013,1.812,1833,1577,80.0,1,0,68.9
1410,mean_dynamic_mlp_covertype,stable,h3,1776521396310.199,1776521396408.706,98.507,0.000,96.507,1.894,1833,1577,80.0,1,0,68.8
1411,mean_dynamic_mlp_covertype,stable,h3,1776521396409.706,1776521396498.213,88.508,0.000,86.507,1.771,1833,1577,80.0,1,0,70.8
1412,mean_dynamic_mlp_covertype,stable,h3,1776521396499.213,1776521396556.721,57.508,0.000,57.508,2.321,1833,1577,80.0,0,0,71.4
1413,mean_dynamic_mlp_covertype,stable,h3,1776521396558.721,1776521396639.724,81.003,0.000,80.002,1.781,1833,1577,80.0,1,0,74.1
1414,mean_dynamic_mlp_covertype,stable,h3,1776521396641.226,1776521396760.736,119.510,0.000,119.510,1.980,1833,1577,80.0,1,0,69.8
1415,mean_dynamic_mlp_covertype,stable,h3,1776521396762.736,1776521396863.243,100.508,0.000,99.508,1.872,1833,1577,80.0,1,0,71.6
1416,mean_dynamic_mlp_covertype,stable,h3,1776521396864.243,1776521396962.750,98.507,1.000,97.507,1.917,1833,1577,80.0,1,0,72.3
1417,mean_dynamic_mlp_covertype,stable,h3,1776521396964.750,1776521397026.753,62.003,0.000,61.000,1.885,1833,1577,80.0,0,0,78.8
1418,mean_dynamic_mlp_covertype,stable,h3,1776521397028.753,1776521397099.258,70.505,0.000,69.505,2.436,1833,1577,80.0,0,0,71.9
1419,mean_dynamic_mlp_covertype,stable,h3,1776521397100.258,1776521397193.766,93.508,0.000,92.507,2.261,1833,1577,80.0,1,0,71.1
1420,mean_dynamic_mlp_covertype,stable,h3,1776521397195.765,1776521397356.781,161.015,0.000,160.015,1.852,1833,1577,80.0,1,0,71.8
1421,mean_dynamic_mlp_covertype,stable,h3,1776521397357.781,1776521397500.288,142.507,1.000,141.507,1.958,1833,1577,80.0,1,0,68.8
1422,mean_dynamic_mlp_covertype,stable,h3,1776521397502.288,1776521397643.302,141.015,0.000,141.015,1.904,1833,1577,80.0,1,0,69.2
1423,mean_dynamic_mlp_covertype,stable,h3,1776521397645.302,1776521397791.809,146.507,0.000,145.506,2.153,1833,1577,80.0,1,0,67.7
1424,mean_dynamic_mlp_covertype,stable,h3,1776521397792.809,1776521397937.318,144.510,1.000,142.509,1.780,1833,1577,80.0,1,0,76.0
1425,mean_dynamic_mlp_covertype,stable,h3,1776521397938.318,1776521398070.331,132.013,1.001,131.012,1.868,1833,1577,80.0,1,0,71.9
1426,mean_dynamic_mlp_covertype,stable,h3,1776521398071.332,1776521398219.838,148.506,1.000,147.506,1.881,1833,1577,80.0,1,0,73.6
1427,mean_dynamic_mlp_covertype,stable,h3,1776521398221.838,1776521398336.347,114.510,0.000,113.510,2.000,1833,1577,80.0,1,0,71.7
1428,mean_dynamic_mlp_covertype,stable,h3,1776521398338.347,1776521398420.853,82.505,0.000,82.505,1.781,1833,1577,80.0,1,0,70.5
1429,mean_dynamic_mlp_covertype,stable,h3,1776521398422.853,1776521398573.868,151.015,0.000,150.015,1.779,1833,1577,80.0,1,0,71.4
1430,mean_dynamic_mlp_covertype,stable,h3,1776521398574.867,1776521398738.376,163.509,1.000,161.509,1.736,1833,1577,80.0,1,0,68.8
1431,mean_dynamic_mlp_covertype,stable,h3,1776521398739.376,1776521398888.389,149.013,0.000,147.511,1.730,1833,1577,80.0,1,0,68.9
1432,mean_dynamic_mlp_covertype,stable,h3,1776521398890.389,1776521399084.406,194.017,0.000,193.014,2.065,1833,1577,80.0,1,0,68.8
1433,mean_dynamic_mlp_covertype,stable,h3,1776521399085.404,1776521399166.910,81.507,0.000,80.505,2.011,1833,1577,80.0,1,0,68.8
1434,mean_dynamic_mlp_covertype,stable,h3,1776521399168.910,1776521399307.418,138.508,0.000,136.507,1.735,1833,1577,80.0,1,0,69.9
1435,mean_dynamic_mlp_covertype,stable,h3,1776521399309.418,1776521399395.926,86.508,0.000,86.508,1.987,1833,1577,80.0,1,0,69.6
1436,mean_dynamic_mlp_covertype,stable,h3,1776521399397.926,1776521399514.433,116.507,0.000,114.507,1.930,1833,1577,80.0,1,0,68.2
1437,mean_dynamic_mlp_covertype,stable,h3,1776521399515.433,1776521399692.447,177.014,1.000,176.013,1.839,1833,1577,80.0,1,0,69.3
1438,mean_dynamic_mlp_covertype,stable,h3,1776521399694.447,1776521399781.958,87.511,0.000,87.511,6.497,1833,1577,80.0,1,0,68.8
1439,mean_dynamic_mlp_covertype,stable,h3,1776521399782.955,1776521399914.461,131.506,1.000,130.506,2.284,1833,1577,80.0,1,0,69.0
1440,mean_dynamic_mlp_covertype,stable,h3,1776521399916.461,1776521400030.971,114.510,1.001,112.510,3.233,1833,1577,80.0,1,0,71.9
1441,mean_dynamic_mlp_covertype,stable,h3,1776521400031.971,1776521400170.983,139.012,1.000,137.011,5.506,1833,1577,80.0,1,0,70.1
1442,mean_dynamic_mlp_covertype,stable,h3,1776521400171.983,1776521400300.500,128.517,0.000,126.517,1.783,1833,1577,80.0,1,0,72.8
1443,mean_dynamic_mlp_covertype,stable,h3,1776521400301.500,1776521400403.519,102.019,0.000,100.016,1.979,1833,1577,80.0,1,0,79.5
1444,mean_dynamic_mlp_covertype,stable,h3,1776521400404.519,1776521400494.025,89.507,1.000,88.506,1.817,1833,1577,80.0,1,0,71.7
1445,mean_dynamic_mlp_covertype,stable,h3,1776521400496.025,1776521400668.042,172.017,0.000,172.017,1.942,1833,1577,80.0,1,0,71.1
1446,mean_dynamic_mlp_covertype,stable,h3,1776521400670.039,1776521400821.546,151.508,0.000,151.508,1.928,1833,1577,80.0,1,0,68.8
1447,mean_dynamic_mlp_covertype,stable,h3,1776521400823.546,1776521400916.054,92.508,0.000,92.508,10.317,1833,1577,80.0,1,0,71.3
1448,mean_dynamic_mlp_covertype,stable,h3,1776521400918.054,1776521401063.069,145.014,0.000,144.014,2.538,1833,1577,80.0,1,0,69.9
1449,mean_dynamic_mlp_covertype,stable,h3,1776521401064.069,1776521401168.575,104.507,1.000,103.507,1.722,1833,1577,80.0,1,0,70.3
1450,mean_dynamic_mlp_covertype,stable,h3,1776521401170.576,1776521401304.082,133.506,0.000,133.506,1.887,1833,1577,80.0,1,0,69.2
1451,mean_dynamic_mlp_covertype,stable,h3,1776521401306.082,1776521401367.590,61.508,1.000,60.508,2.599,1833,1577,80.0,0,0,78.5
1452,mean_dynamic_mlp_covertype,stable,h3,1776521401369.590,1776521401467.096,97.507,0.000,95.507,3.290,1833,1577,80.0,1,0,71.2
1453,mean_dynamic_mlp_covertype,stable,h3,1776521401468.096,1776521401628.606,160.510,1.002,159.508,28.756,1833,1577,80.0,1,0,67.7
1454,mean_dynamic_mlp_covertype,stable,h3,1776521401630.606,1776521401738.113,107.507,0.000,106.507,5.075,1833,1577,80.0,1,0,69.6
1455,mean_dynamic_mlp_covertype,stable,h3,1776521401740.114,1776521401892.126,152.013,0.000,151.013,2.368,1833,1577,80.0,1,0,73.1
1456,mean_dynamic_mlp_covertype,stable,h3,1776521401894.126,1776521401979.634,85.507,0.000,84.507,2.199,1833,1577,80.0,1,0,69.8
1457,mean_dynamic_mlp_covertype,stable,h3,1776521401982.634,1776521402151.648,169.014,0.000,169.014,51.330,1833,1577,80.0,1,0,69.3
1458,mean_dynamic_mlp_covertype,stable,h3,1776521402153.649,1776521402267.155,113.506,0.000,113.506,2.118,1833,1577,80.0,1,0,69.9
1459,mean_dynamic_mlp_covertype,stable,h3,1776521402269.156,1776521402368.664,99.507,0.000,98.507,1.972,1833,1577,80.0,1,0,68.8
1460,mean_dynamic_mlp_covertype,stable,h3,1776521402369.664,1776521402510.171,140.507,1.000,139.507,1.731,1833,1577,80.0,1,0,73.3
1461,mean_dynamic_mlp_covertype,stable,h3,1776521402512.171,1776521402668.185,156.015,0.000,155.014,2.564,1833,1577,80.0,1,0,71.6
1462,mean_dynamic_mlp_covertype,stable,h3,1776521402669.185,1776521402792.692,123.507,1.000,122.507,4.885,1833,1577,80.0,1,0,73.2
1463,mean_dynamic_mlp_covertype,stable,h3,1776521402794.693,1776521402935.202,140.510,0.000,140.510,3.397,1833,1577,80.0,1,0,80.7
1464,mean_dynamic_mlp_covertype,stable,h3,1776521402937.202,1776521403060.217,123.014,0.000,121.015,3.556,1833,1577,80.0,1,0,82.0
1465,mean_dynamic_mlp_covertype,stable,h3,1776521403061.217,1776521403183.724,122.508,1.001,120.506,2.274,1833,1577,80.0,1,0,71.1
1466,mean_dynamic_mlp_covertype,stable,h3,1776521403184.725,1776521403278.232,93.507,1.000,92.507,2.247,1833,1577,80.0,1,0,72.6
1467,mean_dynamic_mlp_covertype,stable,h3,1776521403280.232,1776521403392.739,112.508,0.000,111.506,2.014,1833,1577,80.0,1,0,73.0
1468,mean_dynamic_mlp_covertype,stable,h3,1776521403393.739,1776521403497.246,103.507,0.000,101.507,1.800,1833,1577,80.0,1,0,70.8
1469,mean_dynamic_mlp_covertype,stable,h3,1776521403498.246,1776521403575.754,77.507,1.000,75.507,1.884,1833,1577,80.0,0,0,70.9
1470,mean_dynamic_mlp_covertype,stable,h3,1776521403576.753,1776521403701.260,124.507,1.000,122.507,1.824,1833,1577,80.0,1,0,68.2
1471,mean_dynamic_mlp_covertype,stable,h3,1776521403702.260,1776521403787.768,85.508,1.000,83.508,1.883,1833,1577,80.0,1,0,68.8
1472,mean_dynamic_mlp_covertype,stable,h3,1776521403788.769,1776521403898.276,109.507,1.000,107.507,1.832,1833,1577,80.0,1,0,73.2
1473,mean_dynamic_mlp_covertype,stable,h3,1776521403899.276,1776521403991.783,92.508,0.000,91.508,1.845,1833,1577,80.0,1,0,71.1
1474,mean_dynamic_mlp_covertype,stable,h3,1776521403992.783,1776521404152.797,160.014,0.000,158.014,1.850,1833,1577,80.0,1,0,69.7
1475,mean_dynamic_mlp_covertype,stable,h3,1776521404153.797,1776521404231.800,78.003,0.000,77.002,1.730,1833,1577,80.0,0,0,69.6
1476,mean_dynamic_mlp_covertype,stable,h3,1776521404232.800,1776521404319.305,86.505,1.000,85.505,2.010,1833,1577,80.0,1,0,68.3
1477,mean_dynamic_mlp_covertype,stable,h3,1776521404321.304,1776521404491.319,170.014,0.000,168.014,2.540,1833,1577,80.0,1,0,70.5
1478,mean_dynamic_mlp_covertype,stable,h3,1776521404493.319,1776521404617.826,124.507,1.001,122.506,2.059,1833,1577,80.0,1,0,69.8
1479,mean_dynamic_mlp_covertype,stable,h3,1776521404618.826,1776521404752.841,134.015,1.000,132.015,1.831,1833,1577,80.0,1,0,72.2
1480,mean_dynamic_mlp_covertype,stable,h3,1776521404753.841,1776521404844.348,90.507,1.001,88.506,2.331,1833,1577,80.0,1,0,71.6
1481,mean_dynamic_mlp_covertype,stable,h3,1776521404845.348,1776521404952.856,107.508,1.000,105.508,1.968,1833,1577,80.0,1,0,68.8
1482,mean_dynamic_mlp_covertype,stable,h3,1776521404953.856,1776521405116.363,162.507,0.000,160.506,2.196,1833,1577,80.0,1,0,68.9
1483,mean_dynamic_mlp_covertype,stable,h3,1776521405117.363,1776521405253.377,136.014,1.000,134.015,2.824,1833,1577,80.0,1,0,70.8
1484,mean_dynamic_mlp_covertype,stable,h3,1776521405255.378,1776521405413.573,158.195,0.000,158.195,1.747,1833,1577,80.0,1,0,71.2
1485,mean_dynamic_mlp_covertype,stable,h3,1776521405415.573,1776521405527.522,111.949,0.000,110.949,1.945,1833,1577,80.0,1,0,73.0
1486,mean_dynamic_mlp_covertype,stable,h3,1776521405529.522,1776521405668.534,139.012,0.000,138.012,1.807,1833,1577,80.0,1,0,68.3
1487,mean_dynamic_mlp_covertype,stable,h3,1776521405669.534,1776521405812.042,142.507,1.000,140.507,1.786,1833,1577,80.0,1,0,69.4
1488,mean_dynamic_mlp_covertype,stable,h3,1776521405813.042,1776521405905.549,92.507,1.000,91.507,1.882,1833,1577,80.0,1,0,69.1
1489,mean_dynamic_mlp_covertype,stable,h3,1776521405906.549,1776521406002.056,95.507,1.000,94.507,1.862,1833,1577,80.0,1,0,68.8
1490,mean_dynamic_mlp_covertype,stable,h3,1776521406005.056,1776521406080.562,75.507,0.000,74.507,2.921,1833,1577,80.0,0,0,72.8
1491,mean_dynamic_mlp_covertype,stable,h3,1776521406081.563,1776521406204.070,122.507,1.001,121.506,2.307,1833,1577,80.0,1,0,70.9
1492,mean_dynamic_mlp_covertype,stable,h3,1776521406206.070,1776521406353.085,147.015,0.000,146.014,1.762,1833,1577,80.0,1,0,68.3
1493,mean_dynamic_mlp_covertype,stable,h3,1776521406354.084,1776521406543.100,189.015,0.000,188.014,1.762,1833,1577,80.0,1,0,70.7
1494,mean_dynamic_mlp_covertype,stable,h3,1776521406545.100,1776521406665.607,120.507,0.000,118.507,1.743,1833,1577,80.0,1,0,71.5
1495,mean_dynamic_mlp_covertype,stable,h3,1776521406666.607,1776521406777.115,110.508,1.000,108.508,2.062,1833,1577,80.0,1,0,67.5
1496,mean_dynamic_mlp_covertype,stable,h3,1776521406778.115,1776521406863.622,85.507,0.000,84.507,1.980,1833,1577,80.0,1,0,72.0
1497,mean_dynamic_mlp_covertype,stable,h3,1776521406865.622,1776521406946.129,80.507,0.000,80.507,1.925,1833,1577,80.0,1,0,74.7
1498,mean_dynamic_mlp_covertype,stable,h3,1776521406948.129,1776521407045.637,97.508,0.000,96.508,2.494,1833,1577,80.0,1,0,70.0
1499,mean_dynamic_mlp_covertype,stable,h3,1776521407047.637,1776521407186.145,138.508,0.000,138.508,2.507,1833,1577,80.0,1,0,69.9
1500,mean_dynamic_mlp_covertype,stable,h3,1776521407188.145,1776521407362.210,174.065,0.000,174.065,2.023,1833,1577,80.0,1,0,71.9
1501,mean_dynamic_mlp_covertype,stable,h3,1776521407364.210,1776521407478.718,114.508,0.000,113.508,4.030,1833,1577,80.0,1,0,73.2
1502,mean_dynamic_mlp_covertype,stable,h3,1776521407479.718,1776521407609.225,129.507,0.000,127.507,1.691,1833,1577,80.0,1,0,68.4
1503,mean_dynamic_mlp_covertype,stable,h3,1776521407610.225,1776521407747.240,137.014,0.000,136.014,1.731,1833,1577,80.0,1,0,68.8
1504,mean_dynamic_mlp_covertype,stable,h3,1776521407749.240,1776521407848.747,99.507,0.000,99.507,1.702,1833,1577,80.0,1,0,69.5
1505,mean_dynamic_mlp_covertype,stable,h3,1776521407849.747,1776521407948.255,98.508,1.000,96.508,1.804,1833,1577,80.0,1,0,70.8
1506,mean_dynamic_mlp_covertype,stable,h3,1776521407949.255,1776521408069.763,120.509,1.000,118.508,2.293,1833,1577,80.0,1,0,69.6
1507,mean_dynamic_mlp_covertype,stable,h3,1776521408070.763,1776521408176.273,105.509,1.000,103.508,1.817,1833,1577,80.0,1,0,70.5
1508,mean_dynamic_mlp_covertype,stable,h3,1776521408177.271,1776521408297.778,120.506,0.000,119.506,1.889,1833,1577,80.0,1,0,69.3
1509,mean_dynamic_mlp_covertype,stable,h3,1776521408299.778,1776521408454.792,155.015,0.000,154.015,1.943,1833,1577,80.0,1,0,68.3
1510,mean_dynamic_mlp_covertype,stable,h3,1776521408456.792,1776521408560.300,103.507,0.000,103.507,1.943,1833,1577,80.0,1,0,70.3
1511,mean_dynamic_mlp_covertype,stable,h3,1776521408562.300,1776521408672.806,110.507,0.000,110.507,1.946,1833,1577,80.0,1,0,69.0
1512,mean_dynamic_mlp_covertype,stable,h3,1776521408674.806,1776521408795.313,120.507,0.000,119.506,1.822,1833,1577,80.0,1,0,69.3
1513,mean_dynamic_mlp_covertype,stable,h3,1776521408797.313,1776521408929.823,132.510,0.000,132.510,1.776,1833,1577,80.0,1,0,80.6
1514,mean_dynamic_mlp_covertype,stable,h3,1776521408931.824,1776521409045.836,114.012,0.000,114.012,1.742,1833,1577,80.0,1,0,73.6
1515,mean_dynamic_mlp_covertype,stable,h3,1776521409047.836,1776521409209.344,161.507,0.000,160.507,1.953,1833,1577,80.0,1,0,70.6
1516,mean_dynamic_mlp_covertype,stable,h3,1776521409210.343,1776521409349.357,139.014,1.000,138.013,1.891,1833,1577,80.0,1,0,68.8
1517,mean_dynamic_mlp_covertype,stable,h3,1776521409351.357,1776521409399.357,48.000,0.000,46.999,1.806,1833,1577,80.0,0,0,70.8
1518,mean_dynamic_mlp_covertype,stable,h3,1776521409401.357,1776521409488.864,87.507,0.000,86.507,2.164,1833,1577,80.0,1,0,68.8
1519,mean_dynamic_mlp_covertype,stable,h3,1776521409490.864,1776521409587.371,96.507,0.000,95.507,1.728,1833,1577,80.0,1,0,70.3
1520,mean_dynamic_mlp_covertype,stable,h3,1776521409589.371,1776521409678.878,89.507,0.000,89.507,1.990,1833,1577,80.0,1,0,69.1
1521,mean_dynamic_mlp_covertype,stable,h3,1776521409680.878,1776521409735.880,55.002,0.000,55.002,1.790,1833,1577,80.0,0,0,74.2
1522,mean_dynamic_mlp_covertype,stable,h3,1776521409737.880,1776521409820.385,82.505,0.000,82.505,1.722,1833,1577,80.0,1,0,70.4
1523,mean_dynamic_mlp_covertype,stable,h3,1776521409822.385,1776521409933.894,111.509,0.000,110.509,1.881,1833,1577,80.0,1,0,71.3
1524,mean_dynamic_mlp_covertype,stable,h3,1776521409934.895,1776521410020.399,85.504,1.000,83.504,3.417,1833,1577,80.0,1,0,68.8
1525,mean_dynamic_mlp_covertype,stable,h3,1776521410021.399,1776521410119.906,98.507,1.000,96.506,1.770,1833,1577,80.0,1,0,71.3
1526,mean_dynamic_mlp_covertype,stable,h3,1776521410120.906,1776521410174.414,53.508,0.000,52.509,2.031,1833,1577,80.0,0,0,63.5
1527,mean_dynamic_mlp_covertype,stable,h3,1776521410175.414,1776521410296.930,121.517,0.000,120.517,1.949,1833,1577,80.0,1,0,68.8
1528,mean_dynamic_mlp_covertype,stable,h3,1776521410298.930,1776521410392.437,93.506,0.000,93.506,1.970,1833,1577,80.0,1,0,68.8
1529,mean_dynamic_mlp_covertype,stable,h3,1776521410393.437,1776521410485.944,92.508,1.000,91.507,1.837,1833,1577,80.0,1,0,70.8
1530,mean_dynamic_mlp_covertype,stable,h3,1776521410487.944,1776521410603.451,115.507,0.000,114.506,1.895,1833,1577,80.0,1,0,70.4
1531,mean_dynamic_mlp_covertype,stable,h3,1776521410605.451,1776521410714.958,109.507,0.000,109.507,1.750,1833,1577,80.0,1,0,67.5
1532,mean_dynamic_mlp_covertype,stable,h3,1776521410715.958,1776521410882.977,167.019,1.001,165.014,1.783,1833,1577,80.0,1,0,68.8
1533,mean_dynamic_mlp_covertype,stable,h3,1776521410883.974,1776521410990.481,106.506,0.000,104.507,1.729,1833,1577,80.0,1,0,69.0
1534,mean_dynamic_mlp_covertype,stable,h3,1776521410991.480,1776521411137.990,146.510,1.000,144.510,2.068,1833,1577,80.0,1,0,69.4
1535,mean_dynamic_mlp_covertype,stable,h3,1776521411138.991,1776521411247.003,108.012,1.000,107.012,2.285,1833,1577,80.0,1,0,68.8
1536,mean_dynamic_mlp_covertype,stable,h3,1776521411249.003,1776521411370.510,121.507,0.000,121.507,1.912,1833,1577,80.0,1,0,68.8
1537,mean_dynamic_mlp_covertype,stable,h3,1776521411372.510,1776521411461.017,88.507,0.000,88.507,1.750,1833,1577,80.0,1,0,70.9
1538,mean_dynamic_mlp_covertype,stable,h3,1776521411463.017,1776521411605.525,142.508,0.000,142.508,1.924,1833,1577,80.0,1,0,74.5
1539,mean_dynamic_mlp_covertype,stable,h3,1776521411607.525,1776521411731.033,123.509,0.000,122.509,1.796,1833,1577,80.0,1,0,70.3
1540,mean_dynamic_mlp_covertype,stable,h3,1776521411732.033,1776521411827.541,95.507,1.000,94.507,1.703,1833,1577,80.0,1,0,68.8
1541,mean_dynamic_mlp_covertype,stable,h3,1776521411829.541,1776521411965.552,136.010,0.000,135.010,1.886,1833,1577,80.0,1,0,69.0
1542,mean_dynamic_mlp_covertype,stable,h3,1776521411966.552,1776521412112.059,145.507,1.000,144.507,1.802,1833,1577,80.0,1,0,69.4
1543,mean_dynamic_mlp_covertype,stable,h3,1776521412114.059,1776521412272.073,158.014,0.000,158.014,4.204,1833,1577,80.0,1,0,72.4
1544,mean_dynamic_mlp_covertype,stable,h3,1776521412274.073,1776521412399.581,125.509,0.000,125.509,2.441,1833,1577,80.0,1,0,71.4
1545,mean_dynamic_mlp_covertype,stable,h3,1776521412401.581,1776521412547.595,146.014,1.000,144.014,1.793,1833,1577,80.0,1,0,67.8
1546,mean_dynamic_mlp_covertype,stable,h3,1776521412549.595,1776521412688.102,138.507,0.000,138.507,1.883,1833,1577,80.0,1,0,69.4
1547,mean_dynamic_mlp_covertype,stable,h3,1776521412690.102,1776521412838.612,148.510,0.000,147.510,1.917,1833,1577,80.0,1,0,69.0
1548,mean_dynamic_mlp_covertype,stable,h3,1776521412839.612,1776521412914.118,74.505,0.000,73.505,1.817,1833,1577,80.0,0,0,66.7
1549,mean_dynamic_mlp_covertype,stable,h3,1776521412915.118,1776521413069.135,154.017,0.000,152.013,1.876,1833,1577,80.0,1,0,71.1
1550,mean_dynamic_mlp_covertype,stable,h3,1776521413070.132,1776521413185.639,115.507,0.000,114.507,1.790,1833,1577,80.0,1,0,68.8
1551,mean_dynamic_mlp_covertype,stable,h3,1776521413187.639,1776521413321.146,133.507,0.000,132.507,1.967,1833,1577,80.0,1,0,69.2
1552,mean_dynamic_mlp_covertype,stable,h3,1776521413323.146,1776521413448.161,125.015,0.000,125.015,1.731,1833,1577,80.0,1,0,68.8
1553,mean_dynamic_mlp_covertype,stable,h3,1776521413450.161,1776521413635.670,185.509,0.000,185.509,1.804,1833,1577,80.0,1,0,68.8
1554,mean_dynamic_mlp_covertype,stable,h3,1776521413637.671,1776521413818.682,181.012,0.000,181.012,1.953,1833,1577,80.0,1,0,69.5
1555,mean_dynamic_mlp_covertype,stable,h3,1776521413820.683,1776521413956.697,136.014,0.000,134.008,1.846,1833,1577,80.0,1,0,69.4
1556,mean_dynamic_mlp_covertype,stable,h3,1776521413957.697,1776521414117.203,159.507,0.000,158.506,1.821,1833,1577,80.0,1,0,70.2
1557,mean_dynamic_mlp_covertype,stable,h3,1776521414119.203,1776521414191.710,72.507,1.001,71.506,2.385,1833,1577,80.0,0,0,69.1
1558,mean_dynamic_mlp_covertype,stable,h3,1776521414193.710,1776521414344.724,151.013,0.000,150.013,1.922,1833,1577,80.0,1,0,68.8
1559,mean_dynamic_mlp_covertype,stable,h3,1776521414345.724,1776521414447.235,101.511,1.000,100.510,1.863,1833,1577,80.0,1,0,70.9
1560,mean_dynamic_mlp_covertype,stable,h3,1776521414449.235,1776521414600.743,151.508,1.000,150.508,1.768,1833,1577,80.0,1,0,68.5
1561,mean_dynamic_mlp_covertype,stable,h3,1776521414602.743,1776521414743.757,141.014,0.000,140.011,1.924,1833,1577,80.0,1,0,70.1
1562,mean_dynamic_mlp_covertype,stable,h3,1776521414744.757,1776521414919.264,174.507,0.000,172.507,2.103,1833,1577,80.0,1,0,71.8
1563,mean_dynamic_mlp_covertype,stable,h3,1776521414920.264,1776521415027.773,107.509,0.000,106.509,2.547,1833,1577,80.0,1,0,66.1
1564,mean_dynamic_mlp_covertype,stable,h3,1776521415029.773,1776521415115.278,85.505,0.000,83.504,2.241,1833,1577,80.0,1,0,70.0
1565,mean_dynamic_mlp_covertype,stable,h3,1776521415116.277,1776521415206.784,90.507,1.000,88.508,2.487,1833,1577,80.0,1,0,68.8
1566,mean_dynamic_mlp_covertype,stable,h3,1776521415207.784,1776521415358.800,151.015,0.000,149.013,1.857,1833,1577,80.0,1,0,69.6
1567,mean_dynamic_mlp_covertype,stable,h3,1776521415359.800,1776521415473.307,113.507,1.000,112.507,1.773,1833,1577,80.0,1,0,68.4
1568,mean_dynamic_mlp_covertype,stable,h3,1776521415475.307,1776521415575.813,100.506,0.000,100.506,2.020,1833,1577,80.0,1,0,73.7
1569,mean_dynamic_mlp_covertype,stable,h3,1776521415576.814,1776521415652.321,75.507,0.000,74.508,1.726,1833,1577,80.0,0,0,70.5
1570,mean_dynamic_mlp_covertype,stable,h3,1776521415653.321,1776521415742.825,89.504,0.000,88.001,2.096,1833,1577,80.0,1,0,67.5
1571,mean_dynamic_mlp_covertype,stable,h3,1776521415743.829,1776521415887.335,143.507,0.000,143.507,1.779,1833,1577,80.0,1,0,73.5
1572,mean_dynamic_mlp_covertype,stable,h3,1776521415889.336,1776521416018.843,129.507,0.000,128.507,2.082,1833,1577,80.0,1,0,68.4
1573,mean_dynamic_mlp_covertype,stable,h3,1776521416019.843,1776521416145.857,126.014,1.000,124.015,1.960,1833,1577,80.0,1,0,69.5
1574,mean_dynamic_mlp_covertype,stable,h3,1776521416147.857,1776521416273.364,125.507,0.000,124.507,1.950,1833,1577,80.0,1,0,68.8
1575,mean_dynamic_mlp_covertype,stable,h3,1776521416275.364,1776521416407.872,132.508,0.000,132.508,1.740,1833,1577,80.0,1,0,70.8
1576,mean_dynamic_mlp_covertype,stable,h3,1776521416408.872,1776521416525.379,116.508,1.000,115.507,1.726,1833,1577,80.0,1,0,72.1
1577,mean_dynamic_mlp_covertype,stable,h3,1776521416527.379,1776521416696.394,169.014,0.000,168.014,1.713,1833,1577,80.0,1,0,67.5
1578,mean_dynamic_mlp_covertype,stable,h3,1776521416697.393,1776521416809.901,112.507,1.000,111.508,1.887,1833,1577,80.0,1,0,70.6
1579,mean_dynamic_mlp_covertype,stable,h3,1776521416811.901,1776521416941.410,129.509,0.000,127.509,1.725,1833,1577,80.0,1,0,67.9
1580,mean_dynamic_mlp_covertype,stable,h3,1776521416942.911,1776521417116.422,173.510,0.000,172.510,2.112,1833,1577,80.0,1,0,75.0
1581,mean_dynamic_mlp_covertype,stable,h3,1776521417117.422,1776521417312.437,195.015,1.001,193.014,1.770,1833,1577,80.0,1,0,72.8
1582,mean_dynamic_mlp_covertype,stable,h3,1776521417313.437,1776521417432.947,119.510,1.001,117.509,2.008,1833,1577,80.0,1,0,70.0
1583,mean_dynamic_mlp_covertype,stable,h3,1776521417434.947,1776521417580.958,146.012,1.000,145.012,1.872,1833,1577,80.0,1,0,72.0
1584,mean_dynamic_mlp_covertype,stable,h3,1776521417582.959,1776521417725.469,142.510,0.000,141.510,1.955,1833,1577,80.0,1,0,72.4
1585,mean_dynamic_mlp_covertype,stable,h3,1776521417726.469,1776521417958.146,231.677,1.000,229.662,1.750,1833,1577,80.0,1,0,61.7
1586,mean_dynamic_mlp_covertype,stable,h3,1776521417959.144,1776521418089.652,130.509,0.000,128.505,2.161,1833,1577,80.0,1,0,66.4
1587,mean_dynamic_mlp_covertype,stable,h3,1776521418090.649,1776521418207.955,117.305,0.000,115.299,1.866,1833,1577,80.0,1,0,68.1
1588,mean_dynamic_mlp_covertype,stable,h3,1776521418208.950,1776521418396.969,188.019,1.000,187.019,1.936,1833,1577,80.0,1,0,69.6
1589,mean_dynamic_mlp_covertype,stable,h3,1776521418398.966,1776521418505.474,106.508,0.000,105.507,2.577,1833,1577,80.0,1,0,69.0
1590,mean_dynamic_mlp_covertype,stable,h3,1776521418506.474,1776521418611.982,105.509,1.000,104.508,1.815,1833,1577,80.0,1,0,68.8
1591,mean_dynamic_mlp_covertype,stable,h3,1776521418613.980,1776521418734.492,120.512,0.000,119.746,2.028,1833,1577,80.0,1,0,68.8
1592,mean_dynamic_mlp_covertype,stable,h3,1776521418735.492,1776521418829.001,93.509,1.002,91.502,1.923,1833,1577,80.0,1,0,68.8
1593,mean_dynamic_mlp_covertype,stable,h3,1776521418830.999,1776521418949.012,118.013,0.000,118.013,2.053,1833,1577,80.0,1,0,69.3
1594,mean_dynamic_mlp_covertype,stable,h3,1776521418951.014,1776521419041.014,90.000,0.000,90.000,2.069,1833,1577,80.0,1,0,70.1
1595,mean_dynamic_mlp_covertype,stable,h3,1776521419043.014,1776521419146.862,103.848,0.000,103.848,1.743,1833,1577,80.0,1,0,68.8
1596,mean_dynamic_mlp_covertype,stable,h3,1776521419148.861,1776521419251.367,102.507,0.000,102.507,1.862,1833,1577,80.0,1,0,69.6
1597,mean_dynamic_mlp_covertype,stable,h3,1776521419253.368,1776521419372.877,119.509,1.000,117.506,1.779,1833,1577,80.0,1,0,70.9
1598,mean_dynamic_mlp_covertype,stable,h3,1776521419373.875,1776521419515.384,141.509,1.001,140.508,1.992,1833,1577,80.0,1,0,69.0
1599,mean_dynamic_mlp_covertype,stable,h3,1776521419517.386,1776521419638.893,121.507,0.000,121.507,1.786,1833,1577,80.0,1,0,69.5
1600,mean_dynamic_mlp_covertype,stable,h3,1776521419640.894,1776521419741.406,100.512,1.358,99.154,1.949,1833,1577,80.0,1,0,68.8
1601,mean_dynamic_mlp_covertype,stable,h3,1776521419743.402,1776521419877.152,133.750,0.000,133.750,1.783,1833,1577,80.0,1,0,69.4
1602,mean_dynamic_mlp_covertype,stable,h3,1776521419879.151,1776521420026.664,147.513,0.000,146.512,1.906,1833,1577,80.0,1,0,69.4
1603,mean_dynamic_mlp_covertype,stable,h3,1776521420027.658,1776521420183.238,155.579,1.000,154.579,1.828,1833,1577,80.0,1,0,70.1
1604,mean_dynamic_mlp_covertype,stable,h3,1776521420185.237,1776521420291.583,106.346,0.000,106.346,2.076,1833,1577,80.0,1,0,71.9
1605,mean_dynamic_mlp_covertype,stable,h3,1776521420293.585,1776521420359.091,65.506,0.000,64.507,1.802,1833,1577,80.0,0,0,66.7
1606,mean_dynamic_mlp_covertype,stable,h3,1776521420361.091,1776521420477.599,116.507,1.000,115.507,1.930,1833,1577,80.0,1,0,68.8
1607,mean_dynamic_mlp_covertype,stable,h3,1776521420479.599,1776521420594.107,114.508,0.000,114.508,1.733,1833,1577,80.0,1,0,69.3
1608,mean_dynamic_mlp_covertype,stable,h3,1776521420596.107,1776521420722.620,126.513,0.000,124.478,1.801,1833,1577,80.0,1,0,68.2
1609,mean_dynamic_mlp_covertype,stable,h3,1776521420723.615,1776521420824.124,100.509,0.000,98.505,1.680,1833,1577,80.0,1,0,69.0
1610,mean_dynamic_mlp_covertype,stable,h3,1776521420825.122,1776521420945.136,120.014,0.000,119.014,1.896,1833,1577,80.0,1,0,71.4
1611,mean_dynamic_mlp_covertype,stable,h3,1776521420946.136,1776521421034.139,88.003,1.001,87.002,2.062,1833,1577,80.0,1,0,77.4
1612,mean_dynamic_mlp_covertype,stable,h3,1776521421036.139,1776521421124.646,88.507,1.001,87.506,1.733,1833,1577,80.0,1,0,68.7
1613,mean_dynamic_mlp_covertype,stable,h3,1776521421126.644,1776521421219.152,92.509,0.000,92.509,1.718,1833,1577,80.0,1,0,68.8
1614,mean_dynamic_mlp_covertype,stable,h3,1776521421221.156,1776521421385.175,164.019,0.000,163.016,2.010,1833,1577,80.0,1,0,70.5
1615,mean_dynamic_mlp_covertype,stable,h3,1776521421386.173,1776521421449.685,63.512,1.001,61.504,1.870,1833,1577,80.0,0,0,67.7
1616,mean_dynamic_mlp_covertype,stable,h3,1776521421450.683,1776521421563.189,112.506,0.000,112.506,1.986,1833,1577,80.0,1,0,71.4
1617,mean_dynamic_mlp_covertype,stable,h3,1776521421565.189,1776521421713.696,148.507,0.000,148.507,1.726,1833,1577,80.0,1,0,70.0
1618,mean_dynamic_mlp_covertype,stable,h3,1776521421715.696,1776521421848.710,133.015,0.000,133.015,1.723,1833,1577,80.0,1,0,70.3
1619,mean_dynamic_mlp_covertype,stable,h3,1776521421849.710,1776521421943.714,94.004,1.002,92.000,1.925,1833,1577,80.0,1,0,69.8
1620,mean_dynamic_mlp_covertype,stable,h3,1776521421945.096,1776521422143.605,198.509,0.000,197.508,2.162,1833,1577,80.0,1,0,70.2
1621,mean_dynamic_mlp_covertype,stable,h3,1776521422145.709,1776521422280.219,134.510,0.000,133.509,1.990,1833,1577,80.0,1,0,68.5
1622,mean_dynamic_mlp_covertype,stable,h3,1776521422282.217,1776521422391.723,109.506,0.000,109.506,2.181,1833,1577,80.0,1,0,70.6
1623,mean_dynamic_mlp_covertype,stable,h3,1776521422393.723,1776521422523.231,129.508,0.000,128.508,2.172,1833,1577,80.0,1,0,70.2
1624,mean_dynamic_mlp_covertype,stable,h3,1776521422525.231,1776521422662.247,137.016,0.000,136.013,2.333,1833,1577,80.0,1,0,71.7
1625,mean_dynamic_mlp_covertype,stable,h3,1776521422664.245,1776521422790.752,126.507,0.000,126.507,1.717,1833,1577,80.0,1,0,71.1
1626,mean_dynamic_mlp_covertype,stable,h3,1776521422792.753,1776521422908.259,115.506,0.000,115.506,2.081,1833,1577,80.0,1,0,68.4
1627,mean_dynamic_mlp_covertype,stable,h3,1776521422910.260,1776521422994.770,84.509,0.000,83.508,1.804,1833,1577,80.0,1,0,70.2
1628,mean_dynamic_mlp_covertype,stable,h3,1776521422996.769,1776521423167.661,170.892,0.000,170.892,1.775,1833,1577,80.0,1,0,68.9
1629,mean_dynamic_mlp_covertype,stable,h3,1776521423169.662,1776521423293.168,123.506,0.000,121.506,1.711,1833,1577,80.0,1,0,69.3
1630,mean_dynamic_mlp_covertype,stable,h3,1776521423294.168,1776521423373.686,79.518,0.000,78.515,1.817,1833,1577,80.0,0,0,70.7
1631,mean_dynamic_mlp_covertype,stable,h3,1776521423375.687,1776521423483.199,107.513,0.000,106.079,1.796,1833,1577,80.0,1,0,73.0
1632,mean_dynamic_mlp_covertype,stable,h3,1776521423484.198,1776521423632.710,148.512,0.000,146.509,1.980,1833,1577,80.0,1,0,69.7
1633,mean_dynamic_mlp_covertype,stable,h3,1776521423633.708,1776521423750.344,116.635,1.000,114.634,1.901,1833,1577,80.0,1,0,72.4
1634,mean_dynamic_mlp_covertype,stable,h3,1776521423751.342,1776521423932.852,181.510,0.000,179.508,1.803,1833,1577,80.0,1,0,70.8
1635,mean_dynamic_mlp_covertype,stable,h3,1776521423933.851,1776521424069.866,136.015,1.001,134.013,2.003,1833,1577,80.0,1,0,68.2
1636,mean_dynamic_mlp_covertype,stable,h3,1776521424070.865,1776521424224.370,153.506,1.000,152.506,1.879,1833,1577,80.0,1,0,69.8
1637,mean_dynamic_mlp_covertype,stable,h3,1776521424226.371,1776521424319.880,93.509,0.000,93.509,1.725,1833,1577,80.0,1,0,69.1
1638,mean_dynamic_mlp_covertype,stable,h3,1776521424320.880,1776521424432.391,111.511,1.003,110.508,1.734,1833,1577,80.0,1,0,71.1
1639,mean_dynamic_mlp_covertype,stable,h3,1776521424434.390,1776521424541.896,107.506,0.000,107.506,1.771,1833,1577,80.0,1,0,72.2
1640,mean_dynamic_mlp_covertype,stable,h3,1776521424543.905,1776521424672.917,129.012,0.503,128.509,2.007,1833,1577,80.0,1,0,72.2
1641,mean_dynamic_mlp_covertype,stable,h3,1776521424673.916,1776521424816.425,142.508,1.002,141.507,2.148,1833,1577,80.0,1,0,70.7
1642,mean_dynamic_mlp_covertype,stable,h3,1776521424819.426,1776521424935.940,116.515,0.000,115.511,1.750,1833,1577,80.0,1,0,69.0
1643,mean_dynamic_mlp_covertype,stable,h3,1776521424936.938,1776521425113.949,177.011,1.000,175.011,1.707,1833,1577,80.0,1,0,70.5
1644,mean_dynamic_mlp_covertype,stable,h3,1776521425114.949,1776521425217.456,102.507,1.001,101.506,1.707,1833,1577,80.0,1,0,67.5
1645,mean_dynamic_mlp_covertype,stable,h3,1776521425219.456,1776521425387.471,168.015,0.000,166.012,2.552,1833,1577,80.0,1,0,72.3
1646,mean_dynamic_mlp_covertype,stable,h3,1776521425388.471,1776521425502.979,114.508,0.000,113.508,2.301,1833,1577,80.0,1,0,73.2
1647,mean_dynamic_mlp_covertype,stable,h3,1776521425504.978,1776521425653.992,149.013,0.000,148.012,2.193,1833,1577,80.0,1,0,70.0
1648,mean_dynamic_mlp_covertype,stable,h3,1776521425655.992,1776521425741.993,86.001,0.000,86.001,1.814,1833,1577,80.0,1,0,69.1
1649,mean_dynamic_mlp_covertype,stable,h3,1776521425742.993,1776521425828.504,85.511,1.002,84.003,1.908,1833,1577,80.0,1,0,69.8
1650,mean_dynamic_mlp_covertype,stable,h3,1776521425830.508,1776521425944.016,113.508,0.000,112.506,1.882,1833,1577,80.0,1,0,69.6
1651,mean_dynamic_mlp_covertype,stable,h3,1776521425945.895,1776521426038.896,93.002,0.000,93.002,2.156,1833,1577,80.0,1,0,70.8
1652,mean_dynamic_mlp_covertype,stable,h3,1776521426039.896,1776521426140.409,100.512,0.000,98.510,2.063,1833,1577,80.0,1,0,79.5
1653,mean_dynamic_mlp_covertype,stable,h3,1776521426141.407,1776521426221.924,80.517,1.000,78.510,1.775,1833,1577,80.0,1,0,71.6
1654,mean_dynamic_mlp_covertype,stable,h3,1776521426222.917,1776521426375.950,153.033,0.000,151.029,1.787,1833,1577,80.0,1,0,77.2
1655,mean_dynamic_mlp_covertype,stable,h3,1776521426376.948,1776521426436.952,60.004,0.000,59.003,1.941,1833,1577,80.0,0,0,68.8
1656,mean_dynamic_mlp_covertype,stable,h3,1776521426437.952,1776521426599.567,161.615,1.000,160.615,1.853,1833,1577,80.0,1,0,71.3
1657,mean_dynamic_mlp_covertype,stable,h3,1776521426601.564,1776521426689.070,87.506,0.000,87.506,1.943,1833,1577,80.0,1,0,72.4
1658,mean_dynamic_mlp_covertype,stable,h3,1776521426691.071,1776521426791.605,100.534,0.000,99.534,1.707,1833,1577,80.0,1,0,78.1
1659,mean_dynamic_mlp_covertype,stable,h3,1776521426793.605,1776521426935.116,141.511,0.000,140.510,2.098,1833,1577,80.0,1,0,71.7
1660,mean_dynamic_mlp_covertype,stable,h3,1776521426937.116,1776521427063.128,126.012,0.000,126.012,1.823,1833,1577,80.0,1,0,73.1
1661,mean_dynamic_mlp_covertype,stable,h3,1776521427064.129,1776521427153.640,89.511,1.000,88.511,2.152,1833,1577,80.0,1,0,76.3
1662,mean_dynamic_mlp_covertype,stable,h3,1776521427155.639,1776521427299.146,143.507,0.000,142.506,1.813,1833,1577,80.0,1,0,71.1
1663,mean_dynamic_mlp_covertype,stable,h3,1776521427301.147,1776521427392.655,91.507,0.000,90.506,1.940,1833,1577,80.0,1,0,72.6
1664,mean_dynamic_mlp_covertype,stable,h3,1776521427394.654,1776521427529.166,134.512,0.000,133.506,1.988,1833,1577,80.0,1,0,67.6
1665,mean_dynamic_mlp_covertype,stable,h3,1776521427530.169,1776521427675.185,145.015,1.000,144.015,1.895,1833,1577,80.0,1,0,70.3
1666,mean_dynamic_mlp_covertype,stable,h3,1776521427677.185,1776521427800.692,123.508,0.000,122.507,1.779,1833,1577,80.0,1,0,70.9
1667,mean_dynamic_mlp_covertype,stable,h3,1776521427802.692,1776521427922.201,119.509,0.000,118.506,1.864,1833,1577,80.0,1,0,70.1
1668,mean_dynamic_mlp_covertype,stable,h3,1776521427924.200,1776521428028.716,104.515,0.000,102.510,1.836,1833,1577,80.0,1,0,70.3
1669,mean_dynamic_mlp_covertype,stable,h3,1776521428029.719,1776521428168.733,139.013,1.000,137.013,1.829,1833,1577,80.0,1,0,69.2
1670,mean_dynamic_mlp_covertype,stable,h3,1776521428170.732,1776521428295.239,124.507,0.000,124.507,1.830,1833,1577,80.0,1,0,69.0
1671,mean_dynamic_mlp_covertype,stable,h3,1776521428297.239,1776521428393.745,96.507,0.000,95.505,1.884,1833,1577,80.0,1,0,70.5
1672,mean_dynamic_mlp_covertype,stable,h3,1776521428395.746,1776521428505.256,109.510,0.000,109.510,2.038,1833,1577,80.0,1,0,71.1
1673,mean_dynamic_mlp_covertype,stable,h3,1776521428507.256,1776521428602.768,95.512,0.000,94.507,1.889,1833,1577,80.0,1,0,69.1
1674,mean_dynamic_mlp_covertype,stable,h3,1776521428603.763,1776521428720.268,116.505,0.000,115.505,1.902,1833,1577,80.0,1,0,70.3
1675,mean_dynamic_mlp_covertype,stable,h3,1776521428721.269,1776521428868.285,147.016,0.000,146.016,1.807,1833,1577,80.0,1,0,69.4
1676,mean_dynamic_mlp_covertype,stable,h3,1776521428869.285,1776521428981.794,112.509,1.000,111.509,1.863,1833,1577,80.0,1,0,71.1
1677,mean_dynamic_mlp_covertype,stable,h3,1776521428983.797,1776521429154.806,171.010,0.000,171.010,2.202,1833,1577,80.0,1,0,70.9
1678,mean_dynamic_mlp_covertype,stable,h3,1776521429156.806,1776521429284.315,127.509,0.000,125.531,1.801,1833,1577,80.0,1,0,70.0
1679,mean_dynamic_mlp_covertype,stable,h3,1776521429286.313,1776521429380.826,94.512,0.000,94.512,1.899,1833,1577,80.0,1,0,69.5
1680,mean_dynamic_mlp_covertype,stable,h3,1776521429383.333,1776521429512.332,129.000,0.000,127.954,2.455,1833,1577,80.0,1,0,71.0
1681,mean_dynamic_mlp_covertype,stable,h3,1776521429513.332,1776521429610.838,97.507,1.000,96.507,2.007,1833,1577,80.0,1,0,69.8
1682,mean_dynamic_mlp_covertype,stable,h3,1776521429612.839,1776521429730.346,117.507,0.000,117.507,3.414,1833,1577,80.0,1,0,68.2
1683,mean_dynamic_mlp_covertype,stable,h3,1776521429732.350,1776521429854.363,122.014,0.000,122.014,1.953,1833,1577,80.0,1,0,70.3
1684,mean_dynamic_mlp_covertype,stable,h3,1776521429856.362,1776521429956.873,100.511,0.000,100.511,2.484,1833,1577,80.0,1,0,69.8
1685,mean_dynamic_mlp_covertype,stable,h3,1776521429958.873,1776521430024.873,66.000,0.000,66.000,1.739,1833,1577,80.0,0,0,72.7
1686,mean_dynamic_mlp_covertype,stable,h3,1776521430026.872,1776521430138.386,111.514,0.000,110.511,2.054,1833,1577,80.0,1,0,67.0
1687,mean_dynamic_mlp_covertype,stable,h3,1776521430139.384,1776521430244.009,104.625,1.002,103.623,2.059,1833,1577,80.0,1,0,70.3
1688,mean_dynamic_mlp_covertype,stable,h3,1776521430245.512,1776521430355.077,109.565,1.003,107.555,1.899,1833,1577,80.0,1,0,67.5
1689,mean_dynamic_mlp_covertype,stable,h3,1776521430356.071,1776521430500.579,144.507,0.000,143.507,2.000,1833,1577,80.0,1,0,70.6
1690,mean_dynamic_mlp_covertype,stable,h3,1776521430502.579,1776521430655.595,153.017,1.001,152.015,2.026,1833,1577,80.0,1,0,69.2
1691,mean_dynamic_mlp_covertype,stable,h3,1776521430657.596,1776521430762.103,104.508,0.000,104.508,1.810,1833,1577,80.0,1,0,69.6
1692,mean_dynamic_mlp_covertype,stable,h3,1776521430764.102,1776521430896.610,132.508,0.000,130.507,1.765,1833,1577,80.0,1,0,71.3
1693,mean_dynamic_mlp_covertype,stable,h3,1776521430898.610,1776521431039.123,140.513,0.000,140.513,1.761,1833,1577,80.0,1,0,69.7
1694,mean_dynamic_mlp_covertype,stable,h3,1776521431041.123,1776521431143.633,102.510,0.000,102.510,1.939,1833,1577,80.0,1,0,72.3
1695,mean_dynamic_mlp_covertype,stable,h3,1776521431144.632,1776521431254.273,109.640,0.000,107.640,1.829,1833,1577,80.0,1,0,68.8
1696,mean_dynamic_mlp_covertype,stable,h3,1776521431255.273,1776521431371.781,116.508,1.000,115.508,1.803,1833,1577,80.0,1,0,69.3
1697,mean_dynamic_mlp_covertype,stable,h3,1776521431372.781,1776521431516.289,143.509,1.000,142.509,1.824,1833,1577,80.0,1,0,70.1
1698,mean_dynamic_mlp_covertype,stable,h3,1776521431518.291,1776521431591.797,73.506,0.000,73.506,1.924,1833,1577,80.0,0,0,69.1
1699,mean_dynamic_mlp_covertype,stable,h3,1776521431593.799,1776521431658.304,64.506,0.000,64.506,1.774,1833,1577,80.0,0,0,72.6
1700,mean_dynamic_mlp_covertype,stable,h3,1776521431659.304,1776521431744.310,85.005,1.000,83.001,1.900,1833,1577,80.0,1,0,71.4
1701,mean_dynamic_mlp_covertype,stable,h3,1776521431745.814,1776521431833.823,88.010,0.000,88.010,1.673,1833,1577,80.0,1,0,67.9
1702,mean_dynamic_mlp_covertype,stable,h3,1776521431835.823,1776521431981.363,145.540,1.001,143.538,1.932,1833,1577,80.0,1,0,73.1
1703,mean_dynamic_mlp_covertype,stable,h3,1776521431982.363,1776521432139.877,157.514,1.000,156.513,2.405,1833,1577,80.0,1,0,68.9
1704,mean_dynamic_mlp_covertype,stable,h3,1776521432142.877,1776521432304.672,161.795,0.000,160.791,1.759,1833,1577,80.0,1,0,68.9
1705,mean_dynamic_mlp_covertype,stable,h3,1776521432305.669,1776521432411.210,105.541,1.000,104.542,1.783,1833,1577,80.0,1,0,69.9
1706,mean_dynamic_mlp_covertype,stable,h3,1776521432413.210,1776521432547.229,134.019,0.000,134.019,1.904,1833,1577,80.0,1,0,69.4
1707,mean_dynamic_mlp_covertype,stable,h3,1776521432549.228,1776521432694.735,145.507,1.002,144.505,1.924,1833,1577,80.0,1,0,68.8
1708,mean_dynamic_mlp_covertype,stable,h3,1776521432696.736,1776521432823.242,126.506,0.000,125.507,1.997,1833,1577,80.0,1,0,71.8
1709,mean_dynamic_mlp_covertype,stable,h3,1776521432825.243,1776521432980.259,155.016,0.000,153.979,2.247,1833,1577,80.0,1,0,68.9
1710,mean_dynamic_mlp_covertype,stable,h3,1776521432982.259,1776521433094.767,112.508,0.000,111.508,1.879,1833,1577,80.0,1,0,71.4
1711,mean_dynamic_mlp_covertype,stable,h3,1776521433096.767,1776521433222.274,125.507,0.000,123.506,2.042,1833,1577,80.0,1,0,68.2
1712,mean_dynamic_mlp_covertype,stable,h3,1776521433223.273,1776521433290.781,67.507,0.000,66.506,1.759,1833,1577,80.0,0,0,73.7
1713,mean_dynamic_mlp_covertype,stable,h3,1776521433292.782,1776521433471.795,179.013,0.000,178.013,1.813,1833,1577,80.0,1,0,69.1
1714,mean_dynamic_mlp_covertype,stable,h3,1776521433472.794,1776521433616.311,143.516,0.000,142.514,1.898,1833,1577,80.0,1,0,67.8
1715,mean_dynamic_mlp_covertype,stable,h3,1776521433618.306,1776521433732.821,114.516,0.000,112.511,1.730,1833,1577,80.0,1,0,74.0
1716,mean_dynamic_mlp_covertype,stable,h3,1776521433733.821,1776521433795.368,61.547,1.000,59.546,1.961,1833,1577,80.0,0,0,66.7
1717,mean_dynamic_mlp_covertype,stable,h3,1776521433797.368,1776521433896.875,99.506,0.000,99.506,1.992,1833,1577,80.0,1,0,68.8
1718,mean_dynamic_mlp_covertype,stable,h3,1776521433898.874,1776521434343.535,444.662,0.000,443.661,2.010,1833,1577,80.0,1,0,34.7
1719,mean_dynamic_mlp_covertype,stable,h3,1776521434345.536,1776521434800.115,454.579,2.094,451.475,2.083,1833,1577,80.0,1,0,38.6
1720,mean_dynamic_mlp_covertype,stable,h3,1776521434801.116,1776521435249.065,447.950,1.000,446.950,1.865,1833,1577,80.0,1,0,48.2
1721,mean_dynamic_mlp_covertype,stable,h3,1776521435251.074,1776521435765.569,514.495,0.996,511.199,2.003,1833,1577,80.0,1,0,30.0
1722,mean_dynamic_mlp_covertype,stable,h3,1776521435767.276,1776521436390.533,623.257,0.997,621.592,2.059,1833,1577,80.0,1,0,23.7
1723,mean_dynamic_mlp_covertype,stable,h3,1776521436392.020,1776521436999.236,607.217,1.000,603.674,1.887,1833,1577,80.0,1,0,24.2
1724,mean_dynamic_mlp_covertype,stable,h3,1776521437002.234,1776521437608.416,606.182,1.000,604.183,1.735,1833,1577,80.0,1,0,26.0
1725,mean_dynamic_mlp_covertype,stable,h3,1776521437611.420,1776521438234.364,622.944,0.000,621.679,1.929,1833,1577,80.0,1,0,27.7
1726,mean_dynamic_mlp_covertype,stable,h3,1776521438237.378,1776521438836.085,598.707,0.985,596.723,2.129,1833,1577,80.0,1,0,25.5
1727,mean_dynamic_mlp_covertype,stable,h3,1776521438838.259,1776521439364.492,526.233,0.995,522.231,1.726,1833,1577,80.0,1,0,27.9
1728,mean_dynamic_mlp_covertype,stable,h3,1776521439366.486,1776521439970.983,604.497,0.999,602.499,1.894,1833,1577,80.0,1,0,26.9
1729,mean_dynamic_mlp_covertype,stable,h3,1776521439973.602,1776521440591.970,618.368,1.015,614.367,1.765,1833,1577,80.0,1,0,24.6
1730,mean_dynamic_mlp_covertype,stable,h3,1776521440592.975,1776521441306.002,713.027,1.002,711.023,1.865,1833,1577,80.0,1,0,22.7
1731,mean_dynamic_mlp_covertype,stable,h3,1776521441309.002,1776521441909.046,600.043,0.000,597.656,1.999,1833,1577,80.0,1,0,26.6
1732,mean_dynamic_mlp_covertype,stable,h3,1776521441910.047,1776521442027.569,117.522,1.120,115.403,4.843,1833,1577,80.0,1,0,80.8
1733,mean_dynamic_mlp_covertype,stable,h3,1776521442033.569,1776521442152.087,118.518,1.004,116.512,1.702,1833,1577,80.0,1,0,77.2
1734,mean_dynamic_mlp_covertype,stable,h3,1776521442154.087,1776521442248.600,94.513,0.000,93.506,1.793,1833,1577,80.0,1,0,70.8
1735,mean_dynamic_mlp_covertype,stable,h3,1776521442249.594,1776521442352.103,102.509,0.000,100.506,1.925,1833,1577,80.0,1,0,67.3
1736,mean_dynamic_mlp_covertype,stable,h3,1776521442353.103,1776521442457.610,104.507,1.018,103.489,1.741,1833,1577,80.0,1,0,75.2
1737,mean_dynamic_mlp_covertype,stable,h3,1776521442459.610,1776521442731.949,272.339,0.000,271.342,1.864,1833,1577,80.0,1,0,51.6
1738,mean_dynamic_mlp_covertype,stable,h3,1776521442734.948,1776521442883.480,148.532,1.314,146.219,2.130,1833,1577,80.0,1,0,71.4
1739,mean_dynamic_mlp_covertype,stable,h3,1776521442888.006,1776521443020.508,132.502,0.000,130.504,1.879,1833,1577,80.0,1,0,71.9
1740,mean_dynamic_mlp_covertype,stable,h3,1776521443022.508,1776521443236.514,214.007,0.000,214.007,1.806,1833,1577,80.0,1,0,66.8
1741,mean_dynamic_mlp_covertype,stable,h3,1776521443237.549,1776521443443.144,205.595,0.979,203.604,1.761,1833,1577,80.0,1,0,65.9
1742,mean_dynamic_mlp_covertype,stable,h3,1776521443443.144,1776521443655.132,211.988,1.508,210.479,1.703,1833,1577,80.0,1,0,65.3
1743,mean_dynamic_mlp_covertype,stable,h3,1776521443656.796,1776521443809.814,153.018,0.000,152.012,2.175,1833,1577,80.0,1,0,68.8
1744,mean_dynamic_mlp_covertype,stable,h3,1776521443811.814,1776521443975.323,163.509,0.000,162.509,1.669,1833,1577,80.0,1,0,69.4
1745,mean_dynamic_mlp_covertype,stable,h3,1776521443977.323,1776521444070.830,93.507,0.000,93.507,1.741,1833,1577,80.0,1,0,69.1
1746,mean_dynamic_mlp_covertype,stable,h3,1776521444072.830,1776521444219.843,147.013,0.000,145.012,1.906,1833,1577,80.0,1,0,68.8
1747,mean_dynamic_mlp_covertype,stable,h3,1776521444221.843,1776521444289.348,67.506,0.000,67.506,1.966,1833,1577,80.0,0,0,70.3
1748,mean_dynamic_mlp_covertype,stable,h3,1776521444290.349,1776521444372.351,82.002,1.000,80.002,1.759,1833,1577,80.0,1,0,71.1
1749,mean_dynamic_mlp_covertype,stable,h3,1776521444373.351,1776521444561.363,188.012,0.000,187.011,1.750,1833,1577,80.0,1,0,68.8
1750,mean_dynamic_mlp_covertype,stable,h3,1776521444563.379,1776521444659.870,96.491,0.000,94.506,1.957,1833,1577,80.0,1,0,68.8
1751,mean_dynamic_mlp_covertype,stable,h3,1776521444660.870,1776521444786.883,126.013,0.000,124.010,1.992,1833,1577,80.0,1,0,69.8
1752,mean_dynamic_mlp_covertype,stable,h3,1776521444787.884,1776521444913.390,125.507,0.000,124.507,1.982,1833,1577,80.0,1,0,70.0
1753,mean_dynamic_mlp_covertype,stable,h3,1776521444914.391,1776521445077.899,163.508,1.000,161.508,1.770,1833,1577,80.0,1,0,69.9
1754,mean_dynamic_mlp_covertype,stable,h3,1776521445079.899,1776521445179.406,99.507,1.001,98.506,1.711,1833,1577,80.0,1,0,71.1
1755,mean_dynamic_mlp_covertype,stable,h3,1776521445181.406,1776521445348.418,167.012,0.000,166.011,1.811,1833,1577,80.0,1,0,70.6
1756,mean_dynamic_mlp_covertype,stable,h3,1776521445350.418,1776521445494.431,144.013,0.000,143.012,1.975,1833,1577,80.0,1,0,69.2
1757,mean_dynamic_mlp_covertype,stable,h3,1776521445496.431,1776521445609.938,113.507,0.000,112.506,1.827,1833,1577,80.0,1,0,68.8
1758,mean_dynamic_mlp_covertype,stable,h3,1776521445610.937,1776521445725.987,115.050,0.000,114.047,1.931,1833,1577,80.0,1,0,70.8
1759,mean_dynamic_mlp_covertype,stable,h3,1776521445727.987,1776521445931.436,203.449,0.000,201.436,1.750,1833,1577,80.0,1,0,70.2
1760,mean_dynamic_mlp_covertype,stable,h3,1776521445932.438,1776521446011.744,79.307,0.000,78.308,1.748,1833,1577,80.0,0,0,60.4
1761,mean_dynamic_mlp_covertype,stable,h3,1776521446014.743,1776521446158.249,143.506,0.000,143.506,1.984,1833,1577,80.0,1,0,69.7
1762,mean_dynamic_mlp_covertype,stable,h3,1776521446160.249,1776521446251.759,91.510,0.000,91.510,4.056,1833,1577,80.0,1,0,69.1
1763,mean_dynamic_mlp_covertype,stable,h3,1776521446252.758,1776521446333.266,80.509,1.001,78.505,2.097,1833,1577,80.0,1,0,68.8
1764,mean_dynamic_mlp_covertype,stable,h3,1776521446334.264,1776521446404.771,70.507,1.001,69.507,2.136,1833,1577,80.0,0,0,68.8
1765,mean_dynamic_mlp_covertype,stable,h3,1776521446406.773,1776521446532.279,125.505,0.000,123.334,2.139,1833,1577,80.0,1,0,68.8
1766,mean_dynamic_mlp_covertype,stable,h3,1776521446534.279,1776521446660.785,126.506,0.000,125.503,2.086,1833,1577,80.0,1,0,68.8
1767,mean_dynamic_mlp_covertype,stable,h3,1776521446662.785,1776521446769.968,107.183,0.000,105.350,2.350,1833,1577,80.0,1,0,69.6
1768,mean_dynamic_mlp_covertype,stable,h3,1776521446770.967,1776521446851.859,80.892,0.000,79.889,2.554,1833,1577,80.0,1,0,75.0
1769,mean_dynamic_mlp_covertype,stable,h3,1776521446853.859,1776521446973.369,119.510,0.000,118.510,2.743,1833,1577,80.0,1,0,69.5
1770,mean_dynamic_mlp_covertype,stable,h3,1776521446974.368,1776521447139.379,165.011,1.000,164.011,1.963,1833,1577,80.0,1,0,69.1
1771,mean_dynamic_mlp_covertype,stable,h3,1776521447140.381,1776521447226.889,86.509,1.350,85.158,4.299,1833,1577,80.0,1,0,69.1
1772,mean_dynamic_mlp_covertype,stable,h3,1776521447228.888,1776521447326.395,97.507,0.000,95.506,1.822,1833,1577,80.0,1,0,73.6
1773,mean_dynamic_mlp_covertype,stable,h3,1776521447327.395,1776521447446.902,119.507,0.000,118.505,1.917,1833,1577,80.0,1,0,71.7
1774,mean_dynamic_mlp_covertype,stable,h3,1776521447448.901,1776521447593.914,145.013,0.000,143.012,1.906,1833,1577,80.0,1,0,66.9
1775,mean_dynamic_mlp_covertype,stable,h3,1776521447594.914,1776521447740.424,145.510,0.000,144.508,1.771,1833,1577,80.0,1,0,69.4
1776,mean_dynamic_mlp_covertype,stable,h3,1776521447742.424,1776521447836.930,94.506,0.000,93.505,2.062,1833,1577,80.0,1,0,73.1
1777,mean_dynamic_mlp_covertype,stable,h3,1776521447838.930,1776521447937.440,98.510,0.000,96.507,1.960,1833,1577,80.0,1,0,66.0
1778,mean_dynamic_mlp_covertype,stable,h3,1776521447938.438,1776521448042.943,104.506,1.000,103.506,3.119,1833,1577,80.0,1,0,71.4
1779,mean_dynamic_mlp_covertype,stable,h3,1776521448044.943,1776521448169.449,124.506,0.000,123.506,1.965,1833,1577,80.0,1,0,68.8
1780,mean_dynamic_mlp_covertype,stable,h3,1776521448171.453,1776521448258.959,87.507,0.000,86.507,1.926,1833,1577,80.0,1,0,73.9
1781,mean_dynamic_mlp_covertype,stable,h3,1776521448260.961,1776521448398.972,138.011,0.000,137.013,1.744,1833,1577,80.0,1,0,67.4
1782,mean_dynamic_mlp_covertype,stable,h3,1776521448400.972,1776521448459.972,59.000,0.000,59.000,1.954,1833,1577,80.0,0,0,70.3
1783,mean_dynamic_mlp_covertype,stable,h3,1776521448460.972,1776521448567.481,106.509,1.001,104.508,2.030,1833,1577,80.0,1,0,69.6
1784,mean_dynamic_mlp_covertype,stable,h3,1776521448568.481,1776521448672.997,104.515,1.258,103.258,1.723,1833,1577,80.0,1,0,67.9
1785,mean_dynamic_mlp_covertype,stable,h3,1776521448674.997,1776521448760.503,85.506,0.000,85.506,1.917,1833,1577,80.0,1,0,69.5
1786,mean_dynamic_mlp_covertype,stable,h3,1776521448762.506,1776521448906.024,143.518,0.000,142.518,2.219,1833,1577,80.0,1,0,76.9
1787,mean_dynamic_mlp_covertype,stable,h3,1776521448907.024,1776521449069.534,162.510,0.000,160.510,1.728,1833,1577,80.0,1,0,68.6
1788,mean_dynamic_mlp_covertype,stable,h3,1776521449070.534,1776521449130.041,59.506,1.004,58.502,2.052,1833,1577,80.0,0,0,69.2
1789,mean_dynamic_mlp_covertype,stable,h3,1776521449132.041,1776521449216.086,84.044,0.000,83.041,2.112,1833,1577,80.0,1,0,70.8
1790,mean_dynamic_mlp_covertype,stable,h3,1776521449217.086,1776521449356.592,139.506,1.000,137.507,2.096,1833,1577,80.0,1,0,69.7
1791,mean_dynamic_mlp_covertype,stable,h3,1776521449357.592,1776521449477.103,119.511,0.000,117.507,2.066,1833,1577,80.0,1,0,72.7
1792,mean_dynamic_mlp_covertype,stable,h3,1776521449478.103,1776521449637.115,159.012,0.000,158.011,1.956,1833,1577,80.0,1,0,72.5
1793,mean_dynamic_mlp_covertype,stable,h3,1776521449639.115,1776521449823.552,184.437,0.000,182.432,1.853,1833,1577,80.0,1,0,76.7
1794,mean_dynamic_mlp_covertype,stable,h3,1776521449824.547,1776521449948.057,123.510,0.000,122.510,1.862,1833,1577,80.0,1,0,76.6
1795,mean_dynamic_mlp_covertype,stable,h3,1776521449949.054,1776521450134.068,185.014,0.000,182.436,3.241,1833,1577,80.0,1,0,75.5
1796,mean_dynamic_mlp_covertype,stable,h3,1776521450136.068,1776521450257.080,121.013,0.000,121.013,2.087,1833,1577,80.0,1,0,74.3
1797,mean_dynamic_mlp_covertype,stable,h3,1776521450259.081,1776521450388.600,129.520,0.000,129.520,1.921,1833,1577,80.0,1,0,71.0
1798,mean_dynamic_mlp_covertype,stable,h3,1776521450390.600,1776521450501.105,110.506,0.000,110.506,3.555,1833,1577,80.0,1,0,78.1
1799,mean_dynamic_mlp_covertype,stable,h3,1776521450503.106,1776521450649.612,146.506,0.000,145.431,1.821,1833,1577,80.0,1,0,70.4
1800,mean_dynamic_mlp_covertype,stable,h3,1776521450651.612,1776521450712.657,61.045,0.000,60.044,4.198,1833,1577,80.0,0,0,68.8
1801,mean_dynamic_mlp_covertype,stable,h3,1776521450714.656,1776521450829.102,114.446,1.003,113.443,2.390,1833,1577,80.0,1,0,67.5
1802,mean_dynamic_mlp_covertype,stable,h3,1776521450831.103,1776521450936.611,105.508,0.000,105.508,2.302,1833,1577,80.0,1,0,68.8
1803,mean_dynamic_mlp_covertype,stable,h3,1776521450938.611,1776521451047.117,108.506,0.000,108.506,1.913,1833,1577,80.0,1,0,68.8
1804,mean_dynamic_mlp_covertype,stable,h3,1776521451049.117,1776521451225.130,176.013,0.000,176.013,1.890,1833,1577,80.0,1,0,68.8
1805,mean_dynamic_mlp_covertype,stable,h3,1776521451227.128,1776521451304.637,77.509,0.000,76.508,2.114,1833,1577,80.0,0,0,70.7
1806,mean_dynamic_mlp_covertype,stable,h3,1776521451306.638,1776521451480.149,173.511,1.003,171.508,2.047,1833,1577,80.0,1,0,73.7
1807,mean_dynamic_mlp_covertype,stable,h3,1776521451482.149,1776521451596.162,114.012,0.000,114.012,1.829,1833,1577,80.0,1,0,74.8
1808,mean_dynamic_mlp_covertype,stable,h3,1776521451598.163,1776521451739.670,141.506,0.000,139.507,1.991,1833,1577,80.0,1,0,69.4
1809,mean_dynamic_mlp_covertype,stable,h3,1776521451740.669,1776521451849.176,108.506,1.000,107.506,1.750,1833,1577,80.0,1,0,68.8
1810,mean_dynamic_mlp_covertype,stable,h3,1776521451850.176,1776521451986.686,136.510,0.000,135.510,1.929,1833,1577,80.0,1,0,68.1
1811,mean_dynamic_mlp_covertype,stable,h3,1776521451988.767,1776521452070.765,81.998,0.000,81.000,2.557,1833,1577,80.0,1,0,71.2
1812,mean_dynamic_mlp_covertype,stable,h3,1776521452072.769,1776521452250.780,178.011,0.000,177.010,3.142,1833,1577,80.0,1,0,69.8
1813,mean_dynamic_mlp_covertype,stable,h3,1776521452251.780,1776521452439.794,188.014,1.002,187.012,1.961,1833,1577,80.0,1,0,69.3
1814,mean_dynamic_mlp_covertype,stable,h3,1776521452441.793,1776521452533.301,91.509,0.000,91.509,2.019,1833,1577,80.0,1,0,75.0
1815,mean_dynamic_mlp_covertype,stable,h3,1776521452535.300,1776521452622.815,87.515,0.000,85.506,1.971,1833,1577,80.0,1,0,76.0
1816,mean_dynamic_mlp_covertype,stable,h3,1776521452623.809,1776521452728.320,104.510,0.000,102.510,1.798,1833,1577,80.0,1,0,69.1
1817,mean_dynamic_mlp_covertype,stable,h3,1776521452729.320,1776521452854.827,125.508,0.000,123.505,1.889,1833,1577,80.0,1,0,73.4
1818,mean_dynamic_mlp_covertype,stable,h3,1776521452856.826,1776521452944.333,87.507,0.000,86.507,2.919,1833,1577,80.0,1,0,67.1
1819,mean_dynamic_mlp_covertype,stable,h3,1776521452946.333,1776521453086.844,140.511,0.000,139.510,2.317,1833,1577,80.0,1,0,69.7
1820,mean_dynamic_mlp_covertype,stable,h3,1776521453088.841,1776521453226.348,137.508,0.000,136.508,1.977,1833,1577,80.0,1,0,73.1
1821,mean_dynamic_mlp_covertype,stable,h3,1776521453228.348,1776521453309.855,81.507,0.000,81.507,1.971,1833,1577,80.0,1,0,76.3
1822,mean_dynamic_mlp_covertype,stable,h3,1776521453311.856,1776521453511.869,200.013,0.000,200.013,2.114,1833,1577,80.0,1,0,69.1
1823,mean_dynamic_mlp_covertype,stable,h3,1776521453512.871,1776521453600.381,87.510,0.000,87.510,1.865,1833,1577,80.0,1,0,65.5
1824,mean_dynamic_mlp_covertype,stable,h3,1776521453602.383,1776521453748.888,146.505,0.000,146.505,2.127,1833,1577,80.0,1,0,71.7
1825,mean_dynamic_mlp_covertype,stable,h3,1776521453750.889,1776521453853.396,102.507,0.000,101.507,3.902,1833,1577,80.0,1,0,71.4
1826,mean_dynamic_mlp_covertype,stable,h3,1776521453855.397,1776521453943.904,88.506,0.000,87.506,2.585,1833,1577,80.0,1,0,70.0
1827,mean_dynamic_mlp_covertype,stable,h3,1776521453945.902,1776521454069.412,123.510,0.000,122.509,3.976,1833,1577,80.0,1,0,69.8
1828,mean_dynamic_mlp_covertype,stable,h3,1776521454071.413,1776521454129.923,58.510,0.000,56.504,3.822,1833,1577,80.0,0,0,71.9
1829,mean_dynamic_mlp_covertype,stable,h3,1776521454131.921,1776521454257.428,125.507,0.000,124.505,1.812,1833,1577,80.0,1,0,70.1
1830,mean_dynamic_mlp_covertype,stable,h3,1776521454258.427,1776521454350.933,92.506,1.000,91.506,1.787,1833,1577,80.0,1,0,70.1
1831,mean_dynamic_mlp_covertype,stable,h3,1776521454352.935,1776521454433.440,80.505,0.000,79.506,1.957,1833,1577,80.0,1,0,73.5
1832,mean_dynamic_mlp_covertype,stable,h3,1776521454436.440,1776521454591.458,155.018,0.000,154.018,1.728,1833,1577,80.0,1,0,69.4
1833,mean_dynamic_mlp_covertype,stable,h3,1776521454592.458,1776521454697.964,105.507,0.000,103.506,1.867,1833,1577,80.0,1,0,68.8
1834,mean_dynamic_mlp_covertype,stable,h3,1776521454698.965,1776521454823.470,124.506,0.000,123.505,1.856,1833,1577,80.0,1,0,70.3
1835,mean_dynamic_mlp_covertype,stable,h3,1776521454825.471,1776521454932.978,107.507,0.000,106.507,1.962,1833,1577,80.0,1,0,70.5
1836,mean_dynamic_mlp_covertype,stable,h3,1776521454934.977,1776521455087.998,153.021,1.001,151.011,2.328,1833,1577,80.0,1,0,69.1
1837,mean_dynamic_mlp_covertype,stable,h3,1776521455088.994,1776521455297.158,208.164,1.000,207.164,1.883,1833,1577,80.0,1,0,68.5
1838,mean_dynamic_mlp_covertype,stable,h3,1776521455298.006,1776521455413.514,115.508,1.000,113.506,1.959,1833,1577,80.0,1,0,63.6
1839,mean_dynamic_mlp_covertype,stable,h3,1776521455414.513,1776521455587.551,173.038,0.000,172.038,1.858,1833,1577,80.0,1,0,71.5
1840,mean_dynamic_mlp_covertype,stable,h3,1776521455588.554,1776521455692.062,103.508,0.000,102.508,1.830,1833,1577,80.0,1,0,68.4
1841,mean_dynamic_mlp_covertype,stable,h3,1776521455693.062,1776521455851.575,158.513,1.003,156.509,3.771,1833,1577,80.0,1,0,72.8
1842,mean_dynamic_mlp_covertype,stable,h3,1776521455852.574,1776521455969.080,116.506,0.000,115.500,1.891,1833,1577,80.0,1,0,74.2
1843,mean_dynamic_mlp_covertype,stable,h3,1776521455971.079,1776521456127.666,156.587,0.000,155.586,2.891,1833,1577,80.0,1,0,73.1
1844,mean_dynamic_mlp_covertype,stable,h3,1776521456129.666,1776521456200.174,70.508,0.000,69.507,2.316,1833,1577,80.0,0,0,75.0
1845,mean_dynamic_mlp_covertype,stable,h3,1776521456202.174,1776521456274.178,72.004,0.000,70.000,4.559,1833,1577,80.0,0,0,72.3
1846,mean_dynamic_mlp_covertype,stable,h3,1776521456276.177,1776521456381.683,105.506,0.000,103.506,2.513,1833,1577,80.0,1,0,69.6
1847,mean_dynamic_mlp_covertype,stable,h3,1776521456382.683,1776521456490.696,108.013,1.001,107.012,1.961,1833,1577,80.0,1,0,69.6
1848,mean_dynamic_mlp_covertype,stable,h3,1776521456492.695,1776521456669.207,176.512,0.000,175.506,2.524,1833,1577,80.0,1,0,69.8
1849,mean_dynamic_mlp_covertype,stable,h3,1776521456670.202,1776521456815.217,145.015,1.000,144.015,2.133,1833,1577,80.0,1,0,71.1
1850,mean_dynamic_mlp_covertype,stable,h3,1776521456817.218,1776521456918.726,101.508,0.000,100.507,1.983,1833,1577,80.0,1,0,68.4
1851,mean_dynamic_mlp_covertype,stable,h3,1776521456920.725,1776521457070.234,149.509,0.000,148.506,1.950,1833,1577,80.0,1,0,75.2
1852,mean_dynamic_mlp_covertype,stable,h3,1776521457071.232,1776521457216.258,145.026,1.001,143.020,2.020,1833,1577,80.0,1,0,70.6
1853,mean_dynamic_mlp_covertype,stable,h3,1776521457218.253,1776521457339.762,121.508,0.000,121.508,1.974,1833,1577,80.0,1,0,71.7
1854,mean_dynamic_mlp_covertype,stable,h3,1776521457341.762,1776521457556.076,214.314,0.000,214.314,2.167,1833,1577,80.0,1,0,70.7
1855,mean_dynamic_mlp_covertype,stable,h3,1776521457557.127,1776521457619.595,62.468,0.959,61.509,1.866,1833,1577,80.0,0,0,57.0
1856,mean_dynamic_mlp_covertype,stable,h3,1776521457621.595,1776521457712.184,90.589,0.000,89.549,2.875,1833,1577,80.0,1,0,67.1
1857,mean_dynamic_mlp_covertype,stable,h3,1776521457713.188,1776521457794.656,81.468,0.959,80.510,2.997,1833,1577,80.0,1,0,72.6
1858,mean_dynamic_mlp_covertype,stable,h3,1776521457796.656,1776521457911.167,114.510,0.000,114.510,1.914,1833,1577,80.0,1,0,71.1
1859,mean_dynamic_mlp_covertype,stable,h3,1776521457913.167,1776521458038.678,125.512,0.000,124.510,2.018,1833,1577,80.0,1,0,70.3
1860,mean_dynamic_mlp_covertype,stable,h3,1776521458040.677,1776521458159.191,118.515,1.003,117.512,2.600,1833,1577,80.0,1,0,70.9
1861,mean_dynamic_mlp_covertype,stable,h3,1776521458161.191,1776521458325.214,164.022,0.000,163.022,1.970,1833,1577,80.0,1,0,72.6
1862,mean_dynamic_mlp_covertype,stable,h3,1776521458327.214,1776521458417.725,90.511,0.000,90.511,1.775,1833,1577,80.0,1,0,69.1
1863,mean_dynamic_mlp_covertype,stable,h3,1776521458419.726,1776521458486.729,67.002,0.000,67.002,1.975,1833,1577,80.0,0,0,68.8
1864,mean_dynamic_mlp_covertype,stable,h3,1776521458488.232,1776521458684.758,196.526,1.005,195.520,1.896,1833,1577,80.0,1,0,69.3
1865,mean_dynamic_mlp_covertype,stable,h3,1776521458686.758,1776521458838.780,152.022,0.000,151.022,1.725,1833,1577,80.0,1,0,70.4
1866,mean_dynamic_mlp_covertype,stable,h3,1776521458840.780,1776521458979.294,138.514,0.000,138.514,3.154,1833,1577,80.0,1,0,69.7
1867,mean_dynamic_mlp_covertype,stable,h3,1776521458981.294,1776521459083.808,102.514,0.000,102.514,12.769,1833,1577,80.0,1,0,68.0
1868,mean_dynamic_mlp_covertype,stable,h3,1776521459085.809,1776521459187.319,101.510,0.000,101.510,1.855,1833,1577,80.0,1,0,69.4
1869,mean_dynamic_mlp_covertype,stable,h3,1776521459188.823,1776521459382.656,193.834,0.000,191.829,2.223,1833,1577,80.0,1,0,78.8
1870,mean_dynamic_mlp_covertype,stable,h3,1776521459383.657,1776521459499.674,116.016,1.000,115.016,3.906,1833,1577,80.0,1,0,70.9
1871,mean_dynamic_mlp_covertype,stable,h3,1776521459501.674,1776521459594.184,92.510,0.000,92.510,1.986,1833,1577,80.0,1,0,69.8
1872,mean_dynamic_mlp_covertype,stable,h3,1776521459596.186,1776521459687.187,91.001,0.000,91.001,2.598,1833,1577,80.0,1,0,68.0
1873,mean_dynamic_mlp_covertype,stable,h3,1776521459688.692,1776521459828.210,139.518,1.007,137.510,29.744,1833,1577,80.0,1,0,71.6
1874,mean_dynamic_mlp_covertype,stable,h3,1776521459829.210,1776521459915.718,86.508,0.000,85.509,2.279,1833,1577,80.0,1,0,69.5
1875,mean_dynamic_mlp_covertype,stable,h3,1776521459917.722,1776521460036.234,118.512,0.000,117.510,2.201,1833,1577,80.0,1,0,69.8
1876,mean_dynamic_mlp_covertype,stable,h3,1776521460037.232,1776521460124.741,87.509,1.000,85.509,2.352,1833,1577,80.0,1,0,68.8
1877,mean_dynamic_mlp_covertype,stable,h3,1776521460125.741,1776521460245.699,119.958,0.000,117.954,2.393,1833,1577,80.0,1,0,69.3
1878,mean_dynamic_mlp_covertype,stable,h3,1776521460246.699,1776521460345.226,98.526,1.001,96.525,1.952,1833,1577,80.0,1,0,70.5
1879,mean_dynamic_mlp_covertype,stable,h3,1776521460346.226,1776521460415.737,69.510,1.005,68.506,2.237,1833,1577,80.0,0,0,72.8
1880,mean_dynamic_mlp_covertype,stable,h3,1776521460417.735,1776521460551.254,133.519,0.000,131.518,3.142,1833,1577,80.0,1,0,69.2
1881,mean_dynamic_mlp_covertype,stable,h3,1776521460553.255,1776521460695.276,142.021,0.000,141.018,2.056,1833,1577,80.0,1,0,69.7
1882,mean_dynamic_mlp_covertype,stable,h3,1776521460697.276,1776521460839.786,142.511,0.000,141.509,3.535,1833,1577,80.0,1,0,71.1
1883,mean_dynamic_mlp_covertype,stable,h3,1776521460841.786,1776521461006.819,165.032,0.000,165.032,7.915,1833,1577,80.0,1,0,67.9
1884,mean_dynamic_mlp_covertype,stable,h3,1776521461008.816,1776521461121.323,112.507,0.000,111.507,6.359,1833,1577,80.0,1,0,72.1
1885,mean_dynamic_mlp_covertype,stable,h3,1776521461122.323,1776521461235.838,113.514,0.000,113.514,19.495,1833,1577,80.0,1,0,68.8
1886,mean_dynamic_mlp_covertype,stable,h3,1776521461237.837,1776521461326.346,88.509,0.000,88.509,2.822,1833,1577,80.0,1,0,71.7
1887,mean_dynamic_mlp_covertype,stable,h3,1776521461327.347,1776521461482.985,155.638,0.000,153.636,14.967,1833,1577,80.0,1,0,69.3
1888,mean_dynamic_mlp_covertype,stable,h3,1776521461483.985,1776521461639.003,155.018,1.000,153.018,4.619,1833,1577,80.0,1,0,68.8
1889,mean_dynamic_mlp_covertype,stable,h3,1776521461640.002,1776521461741.513,101.511,1.001,100.510,1.975,1833,1577,80.0,1,0,68.0
1890,mean_dynamic_mlp_covertype,stable,h3,1776521461743.514,1776521461881.028,137.514,0.000,137.514,1.732,1833,1577,80.0,1,0,71.0
1891,mean_dynamic_mlp_covertype,stable,h3,1776521461883.028,1776521461981.541,98.513,0.000,97.512,2.032,1833,1577,80.0,1,0,70.3
1892,mean_dynamic_mlp_covertype,stable,h3,1776521461983.541,1776521462098.966,115.425,0.000,115.425,1.914,1833,1577,80.0,1,0,68.1
1893,mean_dynamic_mlp_covertype,stable,h3,1776521462100.966,1776521462200.151,99.185,0.000,99.185,6.857,1833,1577,80.0,1,0,69.4
1894,mean_dynamic_mlp_covertype,stable,h3,1776521462203.153,1776521462281.154,78.001,0.000,78.001,2.539,1833,1577,80.0,0,0,71.2
1895,mean_dynamic_mlp_covertype,stable,h3,1776521462283.156,1776521462405.171,122.015,0.000,121.015,36.489,1833,1577,80.0,1,0,69.2
1896,mean_dynamic_mlp_covertype,stable,h3,1776521462406.171,1776521462569.719,163.547,1.005,162.542,11.241,1833,1577,80.0,1,0,68.3
1897,mean_dynamic_mlp_covertype,stable,h3,1776521462571.685,1776521462658.308,86.623,0.000,85.622,7.825,1833,1577,80.0,1,0,70.8
1898,mean_dynamic_mlp_covertype,stable,h3,1776521462659.307,1776521462783.828,124.521,0.000,123.520,9.003,1833,1577,80.0,1,0,69.5
1899,mean_dynamic_mlp_covertype,stable,h3,1776521462785.827,1776521462908.541,122.714,0.000,120.713,5.083,1833,1577,80.0,1,0,69.8
1900,mean_dynamic_mlp_covertype,stable,h3,1776521462910.544,1776521463035.052,124.508,0.000,124.508,3.922,1833,1577,80.0,1,0,68.8
1901,mean_dynamic_mlp_covertype,stable,h3,1776521463037.052,1776521463192.073,155.021,0.000,154.021,3.820,1833,1577,80.0,1,0,69.4
1902,mean_dynamic_mlp_covertype,stable,h3,1776521463193.073,1776521463343.587,150.514,1.001,149.513,1.959,1833,1577,80.0,1,0,68.8
1903,mean_dynamic_mlp_covertype,stable,h3,1776521463344.584,1776521463417.093,72.509,0.000,71.509,4.419,1833,1577,80.0,0,0,69.6
1904,mean_dynamic_mlp_covertype,stable,h3,1776521463419.094,1776521463589.609,170.516,0.000,169.515,2.725,1833,1577,80.0,1,0,69.5
1905,mean_dynamic_mlp_covertype,stable,h3,1776521463591.635,1776521463776.146,184.510,0.000,182.510,2.082,1833,1577,80.0,1,0,69.9
1906,mean_dynamic_mlp_covertype,stable,h3,1776521463778.145,1776521463920.289,142.143,0.000,141.141,2.133,1833,1577,80.0,1,0,69.4
1907,mean_dynamic_mlp_covertype,stable,h3,1776521463921.288,1776521464638.311,717.023,0.000,714.723,2.273,1833,1577,80.0,1,0,22.1
1908,mean_dynamic_mlp_covertype,stable,h3,1776521464640.307,1776521464732.804,92.498,1.996,89.501,3.751,1833,1577,80.0,1,0,46.1
1909,mean_dynamic_mlp_covertype,stable,h3,1776521464734.803,1776521464845.313,110.510,0.000,109.510,2.394,1833,1577,80.0,1,0,68.8
1910,mean_dynamic_mlp_covertype,stable,h3,1776521464846.313,1776521464943.820,97.508,0.000,96.507,5.580,1833,1577,80.0,1,0,68.8
1911,mean_dynamic_mlp_covertype,stable,h3,1776521464945.820,1776521465077.837,132.017,0.000,130.016,6.279,1833,1577,80.0,1,0,75.5
1912,mean_dynamic_mlp_covertype,stable,h3,1776521465078.837,1776521465168.344,89.507,0.000,88.507,2.113,1833,1577,80.0,1,0,67.3
1913,mean_dynamic_mlp_covertype,stable,h3,1776521465170.344,1776521465283.850,113.507,0.000,111.507,1.806,1833,1577,80.0,1,0,72.8
1914,mean_dynamic_mlp_covertype,stable,h3,1776521465285.851,1776521465468.873,183.023,0.000,181.021,3.265,1833,1577,80.0,1,0,68.0
1915,mean_dynamic_mlp_covertype,stable,h3,1776521465469.874,1776521465668.887,199.013,0.000,197.010,1.859,1833,1577,80.0,1,0,69.2
1916,mean_dynamic_mlp_covertype,stable,h3,1776521465670.888,1776521465788.397,117.509,0.000,116.504,2.189,1833,1577,80.0,1,0,76.1
1917,mean_dynamic_mlp_covertype,stable,h3,1776521465789.395,1776521465905.410,116.016,0.000,114.015,3.682,1833,1577,80.0,1,0,77.3
1918,mean_dynamic_mlp_covertype,stable,h3,1776521465906.409,1776521466007.919,101.510,1.001,100.509,2.059,1833,1577,80.0,1,0,68.7
1919,mean_dynamic_mlp_covertype,stable,h3,1776521466009.917,1776521466199.427,189.510,0.000,188.510,1.973,1833,1577,80.0,1,0,71.4
1920,mean_dynamic_mlp_covertype,stable,h3,1776521466201.427,1776521466320.439,119.012,0.000,119.012,1.973,1833,1577,80.0,1,0,70.5
1921,mean_dynamic_mlp_covertype,stable,h3,1776521466322.439,1776521466395.441,73.002,0.000,73.002,2.317,1833,1577,80.0,0,0,70.0
1922,mean_dynamic_mlp_covertype,stable,h3,1776521466397.441,1776521466515.453,118.012,0.000,116.012,1.753,1833,1577,80.0,1,0,71.7
1923,mean_dynamic_mlp_covertype,stable,h3,1776521466517.453,1776521466591.458,74.005,0.000,73.003,1.780,1833,1577,80.0,0,0,70.0
1924,mean_dynamic_mlp_covertype,stable,h3,1776521466592.456,1776521466673.961,81.504,0.000,81.504,1.841,1833,1577,80.0,1,0,73.4
1925,mean_dynamic_mlp_covertype,stable,h3,1776521466675.960,1776521466766.468,90.508,1.001,89.507,1.800,1833,1577,80.0,1,0,67.3
1926,mean_dynamic_mlp_covertype,stable,h3,1776521466767.468,1776521466883.974,116.506,0.000,115.506,1.946,1833,1577,80.0,1,0,75.2
1927,mean_dynamic_mlp_covertype,stable,h3,1776521466884.974,1776521467064.989,180.014,1.000,178.014,4.807,1833,1577,80.0,1,0,72.3
1928,mean_dynamic_mlp_covertype,stable,h3,1776521467066.990,1776521467178.497,111.507,0.000,110.507,2.195,1833,1577,80.0,1,0,73.3
1929,mean_dynamic_mlp_covertype,stable,h3,1776521467179.497,1776521467278.004,98.507,1.000,97.507,1.755,1833,1577,80.0,1,0,77.5
1930,mean_dynamic_mlp_covertype,stable,h3,1776521467280.004,1776521467364.510,84.507,0.000,83.506,2.153,1833,1577,80.0,1,0,73.9
1931,mean_dynamic_mlp_covertype,stable,h3,1776521467365.510,1776521467462.018,96.508,0.000,95.507,2.100,1833,1577,80.0,1,0,69.8
1932,mean_dynamic_mlp_covertype,stable,h3,1776521467464.018,1776521467573.525,109.507,0.000,108.507,1.753,1833,1577,80.0,1,0,71.4
1933,mean_dynamic_mlp_covertype,stable,h3,1776521467574.525,1776521467688.037,113.512,1.001,111.507,1.884,1833,1577,80.0,1,0,69.0
1934,mean_dynamic_mlp_covertype,stable,h3,1776521467689.041,1776521467792.552,103.511,0.000,102.512,1.955,1833,1577,80.0,1,0,68.4
1935,mean_dynamic_mlp_covertype,stable,h3,1776521467793.548,1776521467905.559,112.011,1.000,111.011,8.541,1833,1577,80.0,1,0,71.4
1936,mean_dynamic_mlp_covertype,stable,h3,1776521467907.559,1776521468011.067,103.508,0.000,103.508,2.212,1833,1577,80.0,1,0,69.4
1937,mean_dynamic_mlp_covertype,stable,h3,1776521468013.067,1776521468113.579,100.511,0.000,100.511,1.910,1833,1577,80.0,1,0,68.0
1938,mean_dynamic_mlp_covertype,stable,h3,1776521468115.578,1776521468275.086,159.508,0.000,158.507,2.003,1833,1577,80.0,1,0,71.5
1939,mean_dynamic_mlp_covertype,stable,h3,1776521468277.085,1776521468452.117,175.031,0.000,174.031,1.866,1833,1577,80.0,1,0,76.8
1940,mean_dynamic_mlp_covertype,stable,h3,1776521468454.117,1776521468574.624,120.508,0.000,119.508,2.030,1833,1577,80.0,1,0,70.0
1941,mean_dynamic_mlp_covertype,stable,h3,1776521468576.625,1776521468721.642,145.018,0.000,144.014,2.114,1833,1577,80.0,1,0,69.7
1942,mean_dynamic_mlp_covertype,stable,h3,1776521468722.639,1776521468822.148,99.509,0.000,97.508,1.871,1833,1577,80.0,1,0,69.0
1943,mean_dynamic_mlp_covertype,stable,h3,1776521468823.148,1776521468942.655,119.507,1.000,118.507,1.756,1833,1577,80.0,1,0,69.0
1944,mean_dynamic_mlp_covertype,stable,h3,1776521468944.655,1776521469054.163,109.508,0.000,107.508,2.112,1833,1577,80.0,1,0,69.6
1945,mean_dynamic_mlp_covertype,stable,h3,1776521469055.163,1776521469142.669,87.507,1.001,86.505,2.620,1833,1577,80.0,1,0,69.8
1946,mean_dynamic_mlp_covertype,stable,h3,1776521469144.669,1776521469262.177,117.507,0.000,116.506,1.954,1833,1577,80.0,1,0,69.5
1947,mean_dynamic_mlp_covertype,stable,h3,1776521469264.176,1776521469441.196,177.020,0.000,176.020,1.993,1833,1577,80.0,1,0,69.3
1948,mean_dynamic_mlp_covertype,stable,h3,1776521469443.197,1776521469569.704,126.507,0.000,124.507,2.628,1833,1577,80.0,1,0,69.8
1949,mean_dynamic_mlp_covertype,stable,h3,1776521469570.706,1776521469673.217,102.511,1.000,101.511,2.164,1833,1577,80.0,1,0,70.5
1950,mean_dynamic_mlp_covertype,stable,h3,1776521469675.218,1776521469765.729,90.511,0.000,89.511,2.343,1833,1577,80.0,1,0,70.2
1951,mean_dynamic_mlp_covertype,stable,h3,1776521469766.729,1776521469918.745,152.016,1.001,151.015,2.145,1833,1577,80.0,1,0,70.8
1952,mean_dynamic_mlp_covertype,stable,h3,1776521469920.746,1776521470028.255,107.509,0.000,106.508,1.931,1833,1577,80.0,1,0,68.8
1953,mean_dynamic_mlp_covertype,stable,h3,1776521470030.256,1776521470167.771,137.515,0.000,136.512,1.751,1833,1577,80.0,1,0,68.8
1954,mean_dynamic_mlp_covertype,stable,h3,1776521470168.770,1776521470260.786,92.016,0.998,91.019,4.908,1833,1577,80.0,1,0,69.1
1955,mean_dynamic_mlp_covertype,stable,h3,1776521470263.291,1776521470435.306,172.015,0.000,171.015,2.986,1833,1577,80.0,1,0,69.5
1956,mean_dynamic_mlp_covertype,stable,h3,1776521470436.306,1776521470514.821,78.515,1.001,77.513,2.087,1833,1577,80.0,0,0,69.1
1957,mean_dynamic_mlp_covertype,stable,h3,1776521470515.820,1776521470645.327,129.507,0.999,127.508,1.871,1833,1577,80.0,1,0,68.2
1958,mean_dynamic_mlp_covertype,stable,h3,1776521470646.327,1776521470764.842,118.515,1.001,117.514,2.061,1833,1577,80.0,1,0,68.8
1959,mean_dynamic_mlp_covertype,stable,h3,1776521470766.840,1776521470878.347,111.507,0.000,110.507,1.900,1833,1577,80.0,1,0,68.8
1960,mean_dynamic_mlp_covertype,stable,h3,1776521470879.346,1776521470972.855,93.509,1.000,92.509,1.773,1833,1577,80.0,1,0,69.1
1961,mean_dynamic_mlp_covertype,stable,h3,1776521470974.857,1776521471031.362,56.505,0.000,55.505,2.110,1833,1577,80.0,0,0,71.0
1962,mean_dynamic_mlp_covertype,stable,h3,1776521471032.362,1776521471163.869,131.507,0.000,129.502,1.838,1833,1577,80.0,1,0,67.7
1963,mean_dynamic_mlp_covertype,stable,h3,1776521471165.869,1776521471327.893,162.024,0.000,162.024,1.823,1833,1577,80.0,1,0,69.9
1964,mean_dynamic_mlp_covertype,stable,h3,1776521471329.893,1776521471445.399,115.506,0.000,115.506,5.282,1833,1577,80.0,1,0,69.4
1965,mean_dynamic_mlp_covertype,stable,h3,1776521471447.399,1776521471569.907,122.508,0.000,122.508,2.043,1833,1577,80.0,1,0,70.5
1966,mean_dynamic_mlp_covertype,stable,h3,1776521471571.907,1776521471716.926,145.019,0.000,145.019,1.842,1833,1577,80.0,1,0,70.4
1967,mean_dynamic_mlp_covertype,stable,h3,1776521471718.926,1776521471853.437,134.511,0.000,134.511,1.995,1833,1577,80.0,1,0,70.1
1968,mean_dynamic_mlp_covertype,stable,h3,1776521471855.438,1776521472009.454,154.016,0.000,153.013,1.938,1833,1577,80.0,1,0,69.4
1969,mean_dynamic_mlp_covertype,stable,h3,1776521472010.453,1776521472095.455,85.002,1.000,84.002,1.915,1833,1577,80.0,1,0,69.5
1970,mean_dynamic_mlp_covertype,stable,h3,1776521472097.457,1776521472199.964,102.507,0.000,102.507,2.753,1833,1577,80.0,1,0,69.4
1971,mean_dynamic_mlp_covertype,stable,h3,1776521472201.964,1776521472301.482,99.518,0.000,99.518,4.309,1833,1577,80.0,1,0,70.1
1972,mean_dynamic_mlp_covertype,stable,h3,1776521472303.482,1776521472489.497,186.015,0.503,184.510,3.165,1833,1577,80.0,1,0,69.9
1973,mean_dynamic_mlp_covertype,stable,h3,1776521472491.500,1776521472598.008,106.509,0.000,105.509,1.951,1833,1577,80.0,1,0,71.4
1974,mean_dynamic_mlp_covertype,stable,h3,1776521472599.008,1776521472660.523,61.515,0.000,59.508,1.858,1833,1577,80.0,0,0,74.3
1975,mean_dynamic_mlp_covertype,stable,h3,1776521472662.518,1776521472812.540,150.022,0.000,150.022,2.380,1833,1577,80.0,1,0,69.2
1976,mean_dynamic_mlp_covertype,stable,h3,1776521472814.540,1776521472960.048,145.508,0.000,143.985,2.060,1833,1577,80.0,1,0,69.2
1977,mean_dynamic_mlp_covertype,stable,h3,1776521472961.048,1776521473098.560,137.511,0.999,135.513,1.750,1833,1577,80.0,1,0,70.1
1978,mean_dynamic_mlp_covertype,stable,h3,1776521473099.560,1776521473196.068,96.508,0.000,95.509,1.867,1833,1577,80.0,1,0,68.8
1979,mean_dynamic_mlp_covertype,stable,h3,1776521473198.071,1776521473314.095,116.025,0.000,115.018,1.792,1833,1577,80.0,1,0,72.7
1980,mean_dynamic_mlp_covertype,stable,h3,1776521473315.096,1776521473459.598,144.502,0.000,143.502,1.851,1833,1577,80.0,1,0,69.4
1981,mean_dynamic_mlp_covertype,stable,h3,1776521473460.597,1776521473582.109,121.512,1.002,120.510,1.778,1833,1577,80.0,1,0,71.1
1982,mean_dynamic_mlp_covertype,stable,h3,1776521473584.111,1776521473727.129,143.018,0.000,142.018,2.157,1833,1577,80.0,1,0,69.4
1983,mean_dynamic_mlp_covertype,stable,h3,1776521473729.130,1776521473798.135,69.005,0.000,67.001,1.784,1833,1577,80.0,0,0,73.5
1984,mean_dynamic_mlp_covertype,stable,h3,1776521473799.134,1776521473904.143,105.009,1.000,104.009,1.920,1833,1577,80.0,1,0,69.9
1985,mean_dynamic_mlp_covertype,stable,h3,1776521473906.146,1776521474006.654,100.508,0.000,100.508,1.774,1833,1577,80.0,1,0,68.8
1986,mean_dynamic_mlp_covertype,stable,h3,1776521474008.653,1776521474125.167,116.514,0.000,115.512,1.870,1833,1577,80.0,1,0,71.1
1987,mean_dynamic_mlp_covertype,stable,h3,1776521474127.170,1776521474262.677,135.507,0.000,134.507,1.732,1833,1577,80.0,1,0,69.2
1988,mean_dynamic_mlp_covertype,stable,h3,1776521474263.677,1776521474405.696,142.019,1.000,141.019,2.063,1833,1577,80.0,1,0,68.8
1989,mean_dynamic_mlp_covertype,stable,h3,1776521474407.696,1776521474453.696,46.000,0.000,43.999,1.913,1833,1577,80.0,0,0,67.3
1990,mean_dynamic_mlp_covertype,stable,h3,1776521474454.696,1776521474534.203,79.508,0.000,78.507,1.922,1833,1577,80.0,0,0,67.9
1991,mean_dynamic_mlp_covertype,stable,h3,1776521474536.202,1776521474650.712,114.510,0.000,112.508,2.200,1833,1577,80.0,1,0,70.6
1992,mean_dynamic_mlp_covertype,stable,h3,1776521474651.712,1776521474757.228,105.515,0.000,104.514,2.739,1833,1577,80.0,1,0,69.1
1993,mean_dynamic_mlp_covertype,stable,h3,1776521474759.229,1776521474855.736,96.507,0.000,96.507,2.769,1833,1577,80.0,1,0,70.8
1994,mean_dynamic_mlp_covertype,stable,h3,1776521474857.736,1776521475011.766,154.031,0.000,152.022,4.150,1833,1577,80.0,1,0,68.9
1995,mean_dynamic_mlp_covertype,stable,h3,1776521475012.762,1776521475172.272,159.510,0.000,158.511,2.017,1833,1577,80.0,1,0,68.8
1996,mean_dynamic_mlp_covertype,stable,h3,1776521475174.271,1776521475358.287,184.015,0.000,183.015,1.960,1833,1577,80.0,1,0,68.8
1997,mean_dynamic_mlp_covertype,stable,h3,1776521475359.287,1776521475523.302,164.015,1.003,163.012,1.940,1833,1577,80.0,1,0,68.8
1998,mean_dynamic_mlp_covertype,stable,h3,1776521475525.302,1776521475616.817,91.514,0.000,91.514,3.792,1833,1577,80.0,1,0,70.8
1999,mean_dynamic_mlp_covertype,stable,h3,1776521475617.817,1776521475734.324,116.507,0.999,115.508,3.147,1833,1577,80.0,1,0,70.1
2000,mean_dynamic_mlp_covertype,stable,h3,1776521475737.327,1776521475830.834,93.507,0.000,93.507,1.876,1833,1577,80.0,1,0,70.1
2001,mean_dynamic_mlp_covertype,stable,h3,1776521475832.834,1776521475927.343,94.509,0.000,94.509,1.726,1833,1577,80.0,1,0,68.8
2002,mean_dynamic_mlp_covertype,stable,h3,1776521475929.344,1776521476022.854,93.510,0.000,92.510,1.816,1833,1577,80.0,1,0,69.8
2003,mean_dynamic_mlp_covertype,stable,h3,1776521476023.854,1776521476133.364,109.510,0.000,108.510,2.165,1833,1577,80.0,1,0,69.6
2004,mean_dynamic_mlp_covertype,stable,h3,1776521476135.364,1776521476292.875,157.511,0.000,157.511,2.279,1833,1577,80.0,1,0,70.3
2005,mean_dynamic_mlp_covertype,stable,h3,1776521476294.875,1776521476434.891,140.016,0.000,139.016,1.914,1833,1577,80.0,1,0,70.1
2006,mean_dynamic_mlp_covertype,stable,h3,1776521476436.891,1776521476534.402,97.512,0.000,96.512,1.781,1833,1577,80.0,1,0,68.0
2007,mean_dynamic_mlp_covertype,stable,h3,1776521476535.402,1776521476619.914,84.512,1.000,82.511,1.907,1833,1577,80.0,1,0,69.5
2008,mean_dynamic_mlp_covertype,stable,h3,1776521476621.915,1776521476749.422,127.506,0.000,127.506,1.744,1833,1577,80.0,1,0,68.8
2009,mean_dynamic_mlp_covertype,stable,h3,1776521476751.423,1776521476883.931,132.508,0.000,132.508,1.772,1833,1577,80.0,1,0,69.0
2010,mean_dynamic_mlp_covertype,stable,h3,1776521476884.932,1776521477035.956,151.024,0.999,149.025,2.395,1833,1577,80.0,1,0,69.1
2011,mean_dynamic_mlp_covertype,stable,h3,1776521477037.956,1776521477153.465,115.509,0.000,115.509,2.074,1833,1577,80.0,1,0,74.2
2012,mean_dynamic_mlp_covertype,stable,h3,1776521477154.465,1776521477246.975,92.510,1.000,91.510,2.030,1833,1577,80.0,1,0,70.2
2013,mean_dynamic_mlp_covertype,stable,h3,1776521477248.976,1776521477326.493,77.517,0.000,75.514,1.996,1833,1577,80.0,0,0,80.7
2014,mean_dynamic_mlp_covertype,stable,h3,1776521477328.493,1776521477420.999,92.505,0.000,91.505,1.738,1833,1577,80.0,1,0,74.7
2015,mean_dynamic_mlp_covertype,stable,h3,1776521477423.000,1776521477574.507,151.507,0.000,150.507,2.322,1833,1577,80.0,1,0,72.3
2016,mean_dynamic_mlp_covertype,stable,h3,1776521477575.507,1776521477672.014,96.508,1.000,95.507,1.910,1833,1577,80.0,1,0,69.4
2017,mean_dynamic_mlp_covertype,stable,h3,1776521477674.014,1776521477808.029,134.015,0.000,134.015,1.785,1833,1577,80.0,1,0,69.7
2018,mean_dynamic_mlp_covertype,stable,h3,1776521477810.029,1776521477958.536,148.507,0.000,146.507,2.327,1833,1577,80.0,1,0,68.5
2019,mean_dynamic_mlp_covertype,stable,h3,1776521477959.536,1776521478072.044,112.508,1.001,110.506,1.997,1833,1577,80.0,1,0,71.1
2020,mean_dynamic_mlp_covertype,stable,h3,1776521478073.044,1776521478252.068,179.024,1.000,178.023,1.743,1833,1577,80.0,1,0,69.3
2021,mean_dynamic_mlp_covertype,stable,h3,1776521478254.068,1776521478348.579,94.512,0.000,94.512,1.996,1833,1577,80.0,1,0,68.0
2022,mean_dynamic_mlp_covertype,stable,h3,1776521478350.579,1776521478499.090,148.511,0.000,147.511,2.028,1833,1577,80.0,1,0,68.9
2023,mean_dynamic_mlp_covertype,stable,h3,1776521478501.094,1776521478678.107,177.014,0.000,176.014,1.922,1833,1577,80.0,1,0,68.8
2024,mean_dynamic_mlp_covertype,stable,h3,1776521478679.108,1776521478775.619,96.511,0.000,95.510,2.461,1833,1577,80.0,1,0,69.6
2025,mean_dynamic_mlp_covertype,stable,h3,1776521478777.619,1776521478887.126,109.507,0.000,109.507,1.734,1833,1577,80.0,1,0,70.6
2026,mean_dynamic_mlp_covertype,stable,h3,1776521478889.126,1776521479031.149,142.024,1.004,140.020,1.973,1833,1577,80.0,1,0,67.3
2027,mean_dynamic_mlp_covertype,stable,h3,1776521479033.149,1776521479122.662,89.512,0.000,89.512,1.866,1833,1577,80.0,1,0,70.1
2028,mean_dynamic_mlp_covertype,stable,h3,1776521479124.660,1776521479268.173,143.513,0.000,142.511,2.355,1833,1577,80.0,1,0,68.8
2029,mean_dynamic_mlp_covertype,stable,h3,1776521479270.174,1776521479343.685,73.512,0.000,71.513,1.928,1833,1577,80.0,0,0,69.6
2030,mean_dynamic_mlp_covertype,stable,h3,1776521479345.686,1776521479461.197,115.511,0.000,115.511,1.784,1833,1577,80.0,1,0,69.0
2031,mean_dynamic_mlp_covertype,stable,h3,1776521479463.197,1776521479609.214,146.017,0.000,145.017,2.022,1833,1577,80.0,1,0,69.6
2032,mean_dynamic_mlp_covertype,stable,h3,1776521479611.214,1776521479721.727,110.513,0.000,110.513,2.903,1833,1577,80.0,1,0,68.8
2033,mean_dynamic_mlp_covertype,stable,h3,1776521479723.728,1776521479840.241,116.513,0.000,115.512,23.199,1833,1577,80.0,1,0,68.8
2034,mean_dynamic_mlp_covertype,stable,h3,1776521479842.241,1776521480027.261,185.020,0.000,184.021,1.749,1833,1577,80.0,1,0,68.2
2035,mean_dynamic_mlp_covertype,stable,h3,1776521480028.261,1776521480146.773,118.511,1.002,117.509,1.850,1833,1577,80.0,1,0,68.1
2036,mean_dynamic_mlp_covertype,stable,h3,1776521480148.773,1776521480318.807,170.034,0.000,168.034,2.084,1833,1577,80.0,1,0,69.3
2037,mean_dynamic_mlp_covertype,stable,h3,1776521480319.807,1776521480459.318,139.510,1.003,137.508,1.952,1833,1577,80.0,1,0,70.1
2038,mean_dynamic_mlp_covertype,stable,h3,1776521480460.320,1776521480576.829,116.510,0.000,114.507,1.881,1833,1577,80.0,1,0,69.8
2039,mean_dynamic_mlp_covertype,stable,h3,1776521480577.829,1776521480723.852,146.022,1.001,144.020,1.803,1833,1577,80.0,1,0,69.4
2040,mean_dynamic_mlp_covertype,stable,h3,1776521480724.854,1776521480897.368,172.514,0.000,170.509,2.465,1833,1577,80.0,1,0,70.6
2041,mean_dynamic_mlp_covertype,stable,h3,1776521480898.367,1776521481040.379,142.012,1.002,141.010,2.791,1833,1577,80.0,1,0,72.8
2042,mean_dynamic_mlp_covertype,stable,h3,1776521481042.381,1776521481112.892,70.511,0.000,70.511,1.899,1833,1577,80.0,0,0,69.2
2043,mean_dynamic_mlp_covertype,stable,h3,1776521481114.892,1776521481234.908,120.017,0.000,119.017,2.036,1833,1577,80.0,1,0,69.2
2044,mean_dynamic_mlp_covertype,stable,h3,1776521481235.908,1776521481329.418,93.510,1.000,92.510,1.798,1833,1577,80.0,1,0,68.8
2045,mean_dynamic_mlp_covertype,stable,h3,1776521481331.418,1776521481441.929,110.511,0.000,110.511,1.832,1833,1577,80.0,1,0,69.6
2046,mean_dynamic_mlp_covertype,stable,h3,1776521481443.928,1776521481550.435,106.506,0.000,105.504,2.537,1833,1577,80.0,1,0,68.8
2047,mean_dynamic_mlp_covertype,stable,h3,1776521481552.435,1776521481690.949,138.514,0.000,137.514,2.356,1833,1577,80.0,1,0,70.6
2048,mean_dynamic_mlp_covertype,stable,h3,1776521481691.949,1776521481815.965,124.016,0.000,123.015,7.819,1833,1577,80.0,1,0,72.1
2049,mean_dynamic_mlp_covertype,stable,h3,1776521481817.965,1776521481908.472,90.507,0.000,88.508,2.118,1833,1577,80.0,1,0,70.8
2050,mean_dynamic_mlp_covertype,stable,h3,1776521481909.471,1776521482031.986,122.514,1.002,121.512,1.876,1833,1577,80.0,1,0,70.3
2051,mean_dynamic_mlp_covertype,stable,h3,1776521482033.986,1776521482172.491,138.505,0.000,138.505,1.911,1833,1577,80.0,1,0,70.6
2052,mean_dynamic_mlp_covertype,stable,h3,1776521482174.492,1776521482255.006,80.514,0.000,79.509,2.409,1833,1577,80.0,1,0,67.9
2053,mean_dynamic_mlp_covertype,stable,h3,1776521482256.003,1776521482388.510,132.507,0.998,131.509,1.767,1833,1577,80.0,1,0,70.3
2054,mean_dynamic_mlp_covertype,stable,h3,1776521482390.518,1776521482489.027,98.509,0.000,96.508,1.934,1833,1577,80.0,1,0,71.1
2055,mean_dynamic_mlp_covertype,stable,h3,1776521482490.030,1776521482613.042,123.013,0.000,121.012,5.334,1833,1577,80.0,1,0,69.5
2056,mean_dynamic_mlp_covertype,stable,h3,1776521482615.042,1776521482673.044,58.002,0.000,58.002,2.048,1833,1577,80.0,0,0,76.2
2057,mean_dynamic_mlp_covertype,stable,h3,1776521482674.043,1776521482800.553,126.509,0.000,124.509,2.244,1833,1577,80.0,1,0,69.8
2058,mean_dynamic_mlp_covertype,stable,h3,1776521482802.553,1776521482880.058,77.505,0.000,77.505,1.924,1833,1577,80.0,0,0,68.8
2059,mean_dynamic_mlp_covertype,stable,h3,1776521482881.058,1776521482995.570,114.512,1.000,112.510,2.047,1833,1577,80.0,1,0,68.8
2060,mean_dynamic_mlp_covertype,stable,h3,1776521482996.571,1776521483146.589,150.018,0.000,149.017,2.042,1833,1577,80.0,1,0,68.8
2061,mean_dynamic_mlp_covertype,stable,h3,1776521483148.590,1776521483299.103,150.513,0.000,148.512,1.935,1833,1577,80.0,1,0,69.8
2062,mean_dynamic_mlp_covertype,stable,h3,1776521483301.103,1776521483428.125,127.023,0.000,127.023,1.755,1833,1577,80.0,1,0,68.2
2063,mean_dynamic_mlp_covertype,stable,h3,1776521483430.125,1776521483562.635,132.510,0.000,130.510,1.882,1833,1577,80.0,1,0,69.7
2064,mean_dynamic_mlp_covertype,stable,h3,1776521483563.636,1776521483684.143,120.507,0.000,119.505,1.770,1833,1577,80.0,1,0,70.3
2065,mean_dynamic_mlp_covertype,stable,h3,1776521483686.143,1776521483810.157,124.014,0.000,124.014,2.193,1833,1577,80.0,1,0,70.1
2066,mean_dynamic_mlp_covertype,stable,h3,1776521483812.157,1776521483911.665,99.508,0.000,99.508,1.826,1833,1577,80.0,1,0,68.0
2067,mean_dynamic_mlp_covertype,stable,h3,1776521483913.667,1776521484000.669,87.002,1.000,86.003,2.130,1833,1577,80.0,1,0,70.5
2068,mean_dynamic_mlp_covertype,stable,h3,1776521484002.669,1776521484129.684,127.015,0.000,126.016,1.814,1833,1577,80.0,1,0,68.2
2069,mean_dynamic_mlp_covertype,stable,h3,1776521484131.685,1776521484211.194,79.510,0.000,79.510,1.967,1833,1577,80.0,0,0,68.8
2070,mean_dynamic_mlp_covertype,stable,h3,1776521484213.195,1776521484344.702,131.508,0.000,131.508,1.848,1833,1577,80.0,1,0,69.4
2071,mean_dynamic_mlp_covertype,stable,h3,1776521484346.706,1776521484422.210,75.505,0.000,75.505,1.908,1833,1577,80.0,0,0,70.9
2072,mean_dynamic_mlp_covertype,stable,h3,1776521484423.213,1776521484522.717,99.503,0.993,97.505,1.690,1833,1577,80.0,1,0,71.1
2073,mean_dynamic_mlp_covertype,stable,h3,1776521484524.717,1776521484591.721,67.005,0.000,65.005,2.304,1833,1577,80.0,0,0,71.8
2074,mean_dynamic_mlp_covertype,stable,h3,1776521484592.722,1776521484729.738,137.016,1.001,136.015,1.887,1833,1577,80.0,1,0,69.0
2075,mean_dynamic_mlp_covertype,stable,h3,1776521484731.738,1776521484874.245,142.507,0.000,141.506,3.447,1833,1577,80.0,1,0,70.1
2076,mean_dynamic_mlp_covertype,stable,h3,1776521484876.245,1776521484986.753,110.508,0.000,110.508,1.918,1833,1577,80.0,1,0,68.1
2077,mean_dynamic_mlp_covertype,stable,h3,1776521484988.754,1776521485134.777,146.023,0.000,145.017,3.859,1833,1577,80.0,1,0,69.6
2078,mean_dynamic_mlp_covertype,stable,h3,1776521485135.773,1776521485274.283,138.509,0.000,137.511,1.848,1833,1577,80.0,1,0,67.7
2079,mean_dynamic_mlp_covertype,stable,h3,1776521485276.283,1776521485439.305,163.022,0.000,163.022,1.865,1833,1577,80.0,1,0,70.7
2080,mean_dynamic_mlp_covertype,stable,h3,1776521485441.305,1776521485588.813,147.508,0.000,145.507,1.942,1833,1577,80.0,1,0,67.9
2081,mean_dynamic_mlp_covertype,stable,h3,1776521485590.818,1776521485687.321,96.502,0.000,96.502,2.096,1833,1577,80.0,1,0,69.8
2082,mean_dynamic_mlp_covertype,stable,h3,1776521485689.321,1776521485852.348,163.027,0.000,162.022,2.047,1833,1577,80.0,1,0,68.9
2083,mean_dynamic_mlp_covertype,stable,h3,1776521485854.347,1776521485920.855,66.508,0.000,66.508,1.849,1833,1577,80.0,0,0,71.8
2084,mean_dynamic_mlp_covertype,stable,h3,1776521485922.854,1776521486048.363,125.508,0.000,124.507,2.439,1833,1577,80.0,1,0,72.7
2085,mean_dynamic_mlp_covertype,stable,h3,1776521486049.362,1776521486180.872,131.510,0.000,130.509,2.004,1833,1577,80.0,1,0,72.1
2086,mean_dynamic_mlp_covertype,stable,h3,1776521486182.872,1776521486321.886,139.014,0.000,138.014,2.161,1833,1577,80.0,1,0,72.2
2087,mean_dynamic_mlp_covertype,stable,h3,1776521486323.886,1776521486432.393,108.506,1.000,107.507,4.166,1833,1577,80.0,1,0,69.9
2088,mean_dynamic_mlp_covertype,stable,h3,1776521486434.393,1776521486527.905,93.511,0.000,92.511,1.966,1833,1577,80.0,1,0,70.8
2089,mean_dynamic_mlp_covertype,stable,h3,1776521486528.905,1776521486631.421,102.516,0.000,100.516,2.186,1833,1577,80.0,1,0,83.0
2090,mean_dynamic_mlp_covertype,stable,h3,1776521486632.421,1776521486751.928,119.507,1.001,118.506,1.865,1833,1577,80.0,1,0,69.8
2091,mean_dynamic_mlp_covertype,stable,h3,1776521486753.928,1776521486941.948,188.020,0.000,188.020,1.865,1833,1577,80.0,1,0,70.9
2092,mean_dynamic_mlp_covertype,stable,h3,1776521486943.948,1776521487019.455,75.507,0.000,75.507,1.784,1833,1577,80.0,0,0,69.9
2093,mean_dynamic_mlp_covertype,stable,h3,1776521487021.456,1776521487127.971,106.515,0.000,106.515,1.815,1833,1577,80.0,1,0,77.0
2094,mean_dynamic_mlp_covertype,stable,h3,1776521487129.971,1776521487309.992,180.021,0.000,179.021,1.968,1833,1577,80.0,1,0,70.3
2095,mean_dynamic_mlp_covertype,stable,h3,1776521487311.993,1776521487367.992,55.999,0.000,55.000,1.890,1833,1577,80.0,0,0,70.8
2096,mean_dynamic_mlp_covertype,stable,h3,1776521487369.992,1776521487590.974,220.981,0.000,219.939,1.746,1833,1577,80.0,1,0,64.9
2097,mean_dynamic_mlp_covertype,stable,h3,1776521487591.945,1776521487687.448,95.503,0.000,94.503,1.705,1833,1577,80.0,1,0,63.2
2098,mean_dynamic_mlp_covertype,stable,h3,1776521487688.450,1776521487747.971,59.521,1.001,57.516,1.970,1833,1577,80.0,0,0,73.8
2099,mean_dynamic_mlp_covertype,stable,h3,1776521487748.968,1776521487864.478,115.510,0.000,113.506,1.760,1833,1577,80.0,1,0,84.2
2100,mean_dynamic_mlp_covertype,stable,h3,1776521487865.477,1776521487912.985,47.508,0.000,46.508,1.878,1833,1577,80.0,0,0,70.2
2101,mean_dynamic_mlp_covertype,stable,h3,1776521487914.987,1776521488064.382,149.394,0.000,148.393,1.923,1833,1577,80.0,1,0,71.1
2102,mean_dynamic_mlp_covertype,stable,h3,1776521488065.381,1776521488181.887,116.507,1.000,115.506,1.797,1833,1577,80.0,1,0,69.5
2103,mean_dynamic_mlp_covertype,stable,h3,1776521488183.887,1776521488313.908,130.021,1.003,128.014,1.773,1833,1577,80.0,1,0,69.3
2104,mean_dynamic_mlp_covertype,stable,h3,1776521488315.906,1776521488417.415,101.509,0.000,100.510,1.929,1833,1577,80.0,1,0,70.5
2105,mean_dynamic_mlp_covertype,stable,h3,1776521488418.415,1776521488539.922,121.507,1.002,120.505,1.909,1833,1577,80.0,1,0,69.3
2106,mean_dynamic_mlp_covertype,stable,h3,1776521488541.922,1776521488649.432,107.509,0.000,107.509,1.791,1833,1577,80.0,1,0,68.8
2107,mean_dynamic_mlp_covertype,stable,h3,1776521488651.431,1776521488730.943,79.512,0.000,78.505,1.927,1833,1577,80.0,0,0,70.4
2108,mean_dynamic_mlp_covertype,stable,h3,1776521488731.936,1776521488818.448,86.511,0.000,85.511,1.844,1833,1577,80.0,1,0,71.2
2109,mean_dynamic_mlp_covertype,stable,h3,1776521488819.448,1776521488920.958,101.510,0.000,99.995,1.713,1833,1577,80.0,1,0,70.5
2110,mean_dynamic_mlp_covertype,stable,h3,1776521488922.958,1776521489063.336,140.378,0.000,140.378,1.938,1833,1577,80.0,1,0,70.6
2111,mean_dynamic_mlp_covertype,stable,h3,1776521489064.336,1776521489221.351,157.015,1.001,156.014,1.868,1833,1577,80.0,1,0,67.9
2112,mean_dynamic_mlp_covertype,stable,h3,1776521489223.351,1776521489374.862,151.510,1.000,149.507,1.939,1833,1577,80.0,1,0,70.3
2113,mean_dynamic_mlp_covertype,stable,h3,1776521489375.859,1776521489452.365,76.507,0.000,74.506,1.734,1833,1577,80.0,0,0,67.9
2114,mean_dynamic_mlp_covertype,stable,h3,1776521489453.366,1776521489587.875,134.509,0.000,132.505,2.269,1833,1577,80.0,1,0,70.5
2115,mean_dynamic_mlp_covertype,stable,h3,1776521489588.872,1776521489741.893,153.021,0.000,151.019,2.262,1833,1577,80.0,1,0,68.1
2116,mean_dynamic_mlp_covertype,stable,h3,1776521489742.891,1776521489851.398,108.507,0.000,107.507,1.823,1833,1577,80.0,1,0,70.5
2117,mean_dynamic_mlp_covertype,stable,h3,1776521489853.398,1776521489977.909,124.511,0.000,123.508,1.981,1833,1577,80.0,1,0,72.4
2118,mean_dynamic_mlp_covertype,stable,h3,1776521489978.907,1776521490114.941,136.034,1.002,134.031,1.893,1833,1577,80.0,1,0,69.7
2119,mean_dynamic_mlp_covertype,stable,h3,1776521490116.941,1776521490212.447,95.506,0.000,95.506,1.738,1833,1577,80.0,1,0,70.3
2120,mean_dynamic_mlp_covertype,stable,h3,1776521490214.447,1776521490328.966,114.519,0.000,113.519,1.919,1833,1577,80.0,1,0,69.0
2121,mean_dynamic_mlp_covertype,stable,h3,1776521490330.967,1776521490409.473,78.506,0.000,77.505,1.819,1833,1577,80.0,0,0,68.8
2122,mean_dynamic_mlp_covertype,stable,h3,1776521490410.473,1776521490537.981,127.509,1.000,126.509,1.926,1833,1577,80.0,1,0,69.0
2123,mean_dynamic_mlp_covertype,stable,h3,1776521490539.980,1776521490677.490,137.510,0.000,136.510,1.779,1833,1577,80.0,1,0,69.4
2124,mean_dynamic_mlp_covertype,stable,h3,1776521490679.491,1776521490795.000,115.509,0.000,115.509,1.906,1833,1577,80.0,1,0,70.6
2125,mean_dynamic_mlp_covertype,stable,h3,1776521490797.000,1776521490934.014,137.013,0.000,135.009,1.917,1833,1577,80.0,1,0,70.3
2126,mean_dynamic_mlp_covertype,stable,h3,1776521490935.013,1776521491094.529,159.516,0.000,158.515,1.770,1833,1577,80.0,1,0,68.7
2127,mean_dynamic_mlp_covertype,stable,h3,1776521491096.529,1776521491194.035,97.505,0.000,97.505,1.781,1833,1577,80.0,1,0,69.8
2128,mean_dynamic_mlp_covertype,stable,h3,1776521491196.037,1776521491274.540,78.503,0.000,77.502,2.126,1833,1577,80.0,0,0,70.0
2129,mean_dynamic_mlp_covertype,stable,h3,1776521491276.539,1776521491373.045,96.507,0.000,96.507,1.752,1833,1577,80.0,1,0,70.0
2130,mean_dynamic_mlp_covertype,stable,h3,1776521491375.045,1776521491570.063,195.017,0.000,195.017,1.931,1833,1577,80.0,1,0,69.6
2131,mean_dynamic_mlp_covertype,stable,h3,1776521491572.063,1776521491700.571,128.508,0.000,127.506,1.948,1833,1577,80.0,1,0,71.5
2132,mean_dynamic_mlp_covertype,stable,h3,1776521491702.572,1776521491791.081,88.510,0.000,86.505,2.081,1833,1577,80.0,1,0,70.5
2133,mean_dynamic_mlp_covertype,stable,h3,1776521491792.080,1776521491914.094,122.014,0.000,120.012,1.890,1833,1577,80.0,1,0,67.5
2134,mean_dynamic_mlp_covertype,stable,h3,1776521491916.094,1776521492072.605,156.510,0.000,156.510,1.961,1833,1577,80.0,1,0,72.2
2135,mean_dynamic_mlp_covertype,stable,h3,1776521492074.604,1776521492193.117,118.513,0.000,118.513,1.832,1833,1577,80.0,1,0,68.8
2136,mean_dynamic_mlp_covertype,stable,h3,1776521492195.116,1776521492325.131,130.015,0.000,130.015,2.449,1833,1577,80.0,1,0,69.9
2137,mean_dynamic_mlp_covertype,stable,h3,1776521492326.133,1776521492432.645,106.511,1.000,105.512,2.181,1833,1577,80.0,1,0,68.1
2138,mean_dynamic_mlp_covertype,stable,h3,1776521492434.645,1776521492577.150,142.506,0.000,141.506,1.825,1833,1577,80.0,1,0,69.9
2139,mean_dynamic_mlp_covertype,stable,h3,1776521492578.150,1776521492699.667,121.517,0.000,119.517,1.934,1833,1577,80.0,1,0,68.8
2140,mean_dynamic_mlp_covertype,stable,h3,1776521492700.666,1776521492810.690,110.023,1.001,108.021,2.151,1833,1577,80.0,1,0,74.3
2141,mean_dynamic_mlp_covertype,stable,h3,1776521492811.688,1776521492899.689,88.002,0.000,85.999,1.987,1833,1577,80.0,1,0,75.9
2142,mean_dynamic_mlp_covertype,stable,h3,1776521492900.689,1776521493011.711,111.022,1.003,110.019,2.304,1833,1577,80.0,1,0,74.2
2143,mean_dynamic_mlp_covertype,stable,h3,1776521493013.712,1776521493129.222,115.510,0.000,115.510,1.726,1833,1577,80.0,1,0,68.1
2144,mean_dynamic_mlp_covertype,stable,h3,1776521493131.219,1776521493318.255,187.036,0.000,186.036,2.261,1833,1577,80.0,1,0,68.8
2145,mean_dynamic_mlp_covertype,stable,h3,1776521493319.255,1776521493436.767,117.511,0.000,115.509,1.757,1833,1577,80.0,1,0,69.5
2146,mean_dynamic_mlp_covertype,stable,h3,1776521493437.766,1776521493533.275,95.509,0.000,93.506,1.946,1833,1577,80.0,1,0,68.4
2147,mean_dynamic_mlp_covertype,stable,h3,1776521493534.274,1776521493671.587,137.313,1.000,136.313,1.803,1833,1577,80.0,1,0,68.8
2148,mean_dynamic_mlp_covertype,stable,h3,1776521493673.914,1776521493719.763,45.849,0.000,44.175,1.992,1833,1577,80.0,0,0,68.8
2149,mean_dynamic_mlp_covertype,stable,h3,1776521493720.763,1776521493801.765,81.002,1.000,80.002,1.864,1833,1577,80.0,1,0,71.8
2150,mean_dynamic_mlp_covertype,stable,h3,1776521493802.766,1776521493995.612,192.846,0.000,191.314,1.769,1833,1577,80.0,1,0,69.7
2151,mean_dynamic_mlp_covertype,stable,h3,1776521493997.612,1776521494101.120,103.508,0.000,103.508,1.894,1833,1577,80.0,1,0,67.3
2152,mean_dynamic_mlp_covertype,stable,h3,1776521494103.121,1776521494260.710,157.590,0.000,156.587,1.946,1833,1577,80.0,1,0,70.9
2153,mean_dynamic_mlp_covertype,stable,h3,1776521494262.710,1776521494383.219,120.508,0.000,119.508,1.931,1833,1577,80.0,1,0,68.1
2154,mean_dynamic_mlp_covertype,stable,h3,1776521494385.218,1776521494492.731,107.513,0.000,105.511,1.966,1833,1577,80.0,1,0,70.9
2155,mean_dynamic_mlp_covertype,stable,h3,1776521494493.731,1776521494600.238,106.507,0.000,105.505,2.027,1833,1577,80.0,1,0,71.1
2156,mean_dynamic_mlp_covertype,stable,h3,1776521494602.238,1776521494735.252,133.014,0.000,132.015,1.790,1833,1577,80.0,1,0,69.7
2157,mean_dynamic_mlp_covertype,stable,h3,1776521494736.252,1776521494828.761,92.509,1.004,90.503,1.975,1833,1577,80.0,1,0,70.5
2158,mean_dynamic_mlp_covertype,stable,h3,1776521494829.759,1776521494949.266,119.507,1.000,118.507,1.895,1833,1577,80.0,1,0,70.3
2159,mean_dynamic_mlp_covertype,stable,h3,1776521494951.267,1776521495071.775,120.508,0.000,120.508,2.239,1833,1577,80.0,1,0,69.5
2160,mean_dynamic_mlp_covertype,stable,h3,1776521495073.775,1776521495172.283,98.508,0.000,98.508,1.946,1833,1577,80.0,1,0,69.8
2161,mean_dynamic_mlp_covertype,stable,h3,1776521495174.283,1776521495284.790,110.507,0.000,110.507,1.871,1833,1577,80.0,1,0,69.4
2162,mean_dynamic_mlp_covertype,stable,h3,1776521495286.790,1776521495409.807,123.017,0.000,121.016,1.779,1833,1577,80.0,1,0,68.8
2163,mean_dynamic_mlp_covertype,stable,h3,1776521495410.806,1776521495596.314,185.509,0.000,184.506,1.833,1833,1577,80.0,1,0,69.8
2164,mean_dynamic_mlp_covertype,stable,h3,1776521495598.314,1776521495702.821,104.507,0.000,103.506,2.079,1833,1577,80.0,1,0,69.4
2165,mean_dynamic_mlp_covertype,stable,h3,1776521495704.822,1776521495846.840,142.018,0.000,141.016,1.971,1833,1577,80.0,1,0,70.1
2166,mean_dynamic_mlp_covertype,stable,h3,1776521495847.839,1776521496003.353,155.514,0.000,154.513,1.925,1833,1577,80.0,1,0,75.2
2167,mean_dynamic_mlp_covertype,stable,h3,1776521496006.861,1776521496088.866,82.006,0.000,82.006,1.910,1833,1577,80.0,1,0,80.2
2168,mean_dynamic_mlp_covertype,stable,h3,1776521496090.865,1776521496203.376,112.511,0.000,111.510,1.978,1833,1577,80.0,1,0,71.2
2169,mean_dynamic_mlp_covertype,stable,h3,1776521496205.376,1776521496354.391,149.015,0.000,148.015,1.884,1833,1577,80.0,1,0,69.4
2170,mean_dynamic_mlp_covertype,stable,h3,1776521496355.392,1776521496463.900,108.509,0.999,106.507,2.130,1833,1577,80.0,1,0,70.4
2171,mean_dynamic_mlp_covertype,stable,h3,1776521496464.897,1776521496665.912,201.015,1.001,200.014,2.221,1833,1577,80.0,1,0,68.9
2172,mean_dynamic_mlp_covertype,stable,h3,1776521496666.915,1776521496736.425,69.510,0.000,68.507,1.957,1833,1577,80.0,0,0,63.3
2173,mean_dynamic_mlp_covertype,stable,h3,1776521496737.424,1776521496873.933,136.509,0.000,135.509,2.495,1833,1577,80.0,1,0,72.9
2174,mean_dynamic_mlp_covertype,stable,h3,1776521496875.934,1776521497025.956,150.022,0.000,149.019,2.051,1833,1577,80.0,1,0,68.7
2175,mean_dynamic_mlp_covertype,stable,h3,1776521497026.954,1776521497146.463,119.509,1.000,117.507,1.799,1833,1577,80.0,1,0,70.8
2176,mean_dynamic_mlp_covertype,stable,h3,1776521497147.461,1776521497309.479,162.018,1.001,160.014,2.876,1833,1577,80.0,1,0,71.4
2177,mean_dynamic_mlp_covertype,stable,h3,1776521497310.476,1776521497434.492,124.016,0.999,123.017,1.806,1833,1577,80.0,1,0,74.8
2178,mean_dynamic_mlp_covertype,stable,h3,1776521497436.498,1776521497564.000,127.502,0.000,126.510,1.869,1833,1577,80.0,1,0,71.9
2179,mean_dynamic_mlp_covertype,stable,h3,1776521497566.000,1776521497713.015,147.015,0.000,145.014,2.021,1833,1577,80.0,1,0,70.2
2180,mean_dynamic_mlp_covertype,stable,h3,1776521497715.016,1776521497805.018,90.002,0.000,90.002,1.802,1833,1577,80.0,1,0,70.0
2181,mean_dynamic_mlp_covertype,stable,h3,1776521497807.524,1776521497949.030,141.506,0.000,141.506,1.872,1833,1577,80.0,1,0,71.7
2182,mean_dynamic_mlp_covertype,stable,h3,1776521497951.030,1776521498069.539,118.508,0.000,116.506,1.827,1833,1577,80.0,1,0,68.4
2183,mean_dynamic_mlp_covertype,stable,h3,1776521498071.540,1776521498209.555,138.016,0.000,137.016,1.798,1833,1577,80.0,1,0,75.4
2184,mean_dynamic_mlp_covertype,stable,h3,1776521498210.555,1776521498328.652,118.096,0.000,116.811,2.248,1833,1577,80.0,1,0,70.5
2185,mean_dynamic_mlp_covertype,stable,h3,1776521498329.651,1776521498455.165,125.513,1.002,124.511,2.106,1833,1577,80.0,1,0,70.2
2186,mean_dynamic_mlp_covertype,stable,h3,1776521498457.161,1776521498562.666,105.505,0.000,105.505,1.763,1833,1577,80.0,1,0,69.6
2187,mean_dynamic_mlp_covertype,stable,h3,1776521498564.667,1776521498738.686,174.019,0.000,173.019,1.990,1833,1577,80.0,1,0,70.5
2188,mean_dynamic_mlp_covertype,stable,h3,1776521498739.685,1776521498851.299,111.614,1.000,110.614,1.870,1833,1577,80.0,1,0,70.8
2189,mean_dynamic_mlp_covertype,stable,h3,1776521498853.192,1776521498912.736,59.544,0.000,58.543,1.742,1833,1577,80.0,0,0,73.4
2190,mean_dynamic_mlp_covertype,stable,h3,1776521498914.701,1776521499043.210,128.510,0.000,128.510,2.402,1833,1577,80.0,1,0,72.2
2191,mean_dynamic_mlp_covertype,stable,h3,1776521499045.211,1776521499178.718,133.507,0.000,131.509,1.766,1833,1577,80.0,1,0,69.5
2192,mean_dynamic_mlp_covertype,stable,h3,1776521499180.717,1776521499308.391,127.674,0.000,127.674,1.974,1833,1577,80.0,1,0,69.9
2193,mean_dynamic_mlp_covertype,stable,h3,1776521499309.391,1776521499392.396,83.005,0.000,81.000,1.735,1833,1577,80.0,1,0,67.9
2194,mean_dynamic_mlp_covertype,stable,h3,1776521499393.395,1776521499546.409,153.013,0.000,151.008,2.007,1833,1577,80.0,1,0,70.0
2195,mean_dynamic_mlp_covertype,stable,h3,1776521499548.406,1776521499635.912,87.506,0.000,87.506,1.988,1833,1577,80.0,1,0,68.8
2196,mean_dynamic_mlp_covertype,stable,h3,1776521499637.911,1776521499754.424,116.513,0.000,115.512,1.745,1833,1577,80.0,1,0,69.0
2197,mean_dynamic_mlp_covertype,stable,h3,1776521499756.424,1776521499924.793,168.369,0.000,167.368,1.842,1833,1577,80.0,1,0,68.9
2198,mean_dynamic_mlp_covertype,stable,h3,1776521499925.792,1776521500029.307,103.514,1.000,102.514,1.897,1833,1577,80.0,1,0,68.8
2199,mean_dynamic_mlp_covertype,stable,h3,1776521500031.305,1776521500169.452,138.147,0.000,137.145,1.969,1833,1577,80.0,1,0,68.8
2200,mean_dynamic_mlp_covertype,stable,h3,1776521500170.450,1776521500294.969,124.519,1.000,123.519,1.892,1833,1577,80.0,1,0,69.8
2201,mean_dynamic_mlp_covertype,stable,h3,1776521500296.969,1776521500377.479,80.510,0.000,79.505,1.837,1833,1577,80.0,1,0,67.5
2202,mean_dynamic_mlp_covertype,stable,h3,1776521500378.475,1776521500484.537,106.062,1.000,104.061,2.305,1833,1577,80.0,1,0,69.6
2203,mean_dynamic_mlp_covertype,stable,h3,1776521500485.536,1776521500561.173,75.637,0.000,74.637,1.829,1833,1577,80.0,0,0,69.1
2204,mean_dynamic_mlp_covertype,stable,h3,1776521500563.044,1776521500690.552,127.508,0.000,127.508,1.994,1833,1577,80.0,1,0,69.3
2205,mean_dynamic_mlp_covertype,stable,h3,1776521500692.554,1776521500777.064,84.510,0.000,84.510,2.317,1833,1577,80.0,1,0,68.0
2206,mean_dynamic_mlp_covertype,stable,h3,1776521500779.063,1776521500868.571,89.509,0.000,88.508,1.752,1833,1577,80.0,1,0,69.8
2207,mean_dynamic_mlp_covertype,stable,h3,1776521500871.572,1776521500990.085,118.513,0.000,117.510,1.753,1833,1577,80.0,1,0,68.8
2208,mean_dynamic_mlp_covertype,stable,h3,1776521500991.082,1776521501097.600,106.519,1.000,105.519,2.041,1833,1577,80.0,1,0,73.0
2209,mean_dynamic_mlp_covertype,stable,h3,1776521501099.602,1776521501242.620,143.018,0.000,142.014,2.336,1833,1577,80.0,1,0,69.7
2210,mean_dynamic_mlp_covertype,stable,h3,1776521501243.616,1776521501415.635,172.019,0.000,171.019,1.908,1833,1577,80.0,1,0,74.2
2211,mean_dynamic_mlp_covertype,stable,h3,1776521501417.635,1776521501502.637,85.002,0.000,85.002,1.724,1833,1577,80.0,1,0,75.9
2212,mean_dynamic_mlp_covertype,stable,h3,1776521501504.637,1776521501620.653,116.016,0.000,115.014,1.797,1833,1577,80.0,1,0,68.2
2213,mean_dynamic_mlp_covertype,stable,h3,1776521501621.653,1776521501732.163,110.510,1.000,109.509,1.860,1833,1577,80.0,1,0,69.9
2214,mean_dynamic_mlp_covertype,stable,h3,1776521501734.163,1776521501885.671,151.509,1.006,149.502,1.717,1833,1577,80.0,1,0,72.5
2215,mean_dynamic_mlp_covertype,stable,h3,1776521501886.671,1776521502147.918,261.247,1.001,259.232,2.853,1833,1577,80.0,1,0,55.1
2216,mean_dynamic_mlp_covertype,stable,h3,1776521502149.918,1776521502598.818,448.900,0.000,445.784,2.042,1833,1577,80.0,1,0,34.2
2217,mean_dynamic_mlp_covertype,stable,h3,1776521502600.930,1776521503051.163,450.232,0.883,447.354,2.134,1833,1577,80.0,1,0,32.9
2218,mean_dynamic_mlp_covertype,stable,h3,1776521503053.161,1776521503504.506,451.345,1.000,448.347,1.970,1833,1577,80.0,1,0,33.1
2219,mean_dynamic_mlp_covertype,stable,h3,1776521503506.503,1776521503983.566,477.063,1.179,473.672,1.907,1833,1577,80.0,1,0,31.2
2220,mean_dynamic_mlp_covertype,stable,h3,1776521503985.565,1776521504592.056,606.491,1.340,603.449,2.007,1833,1577,80.0,1,0,26.1
2221,mean_dynamic_mlp_covertype,stable,h3,1776521504595.010,1776521505200.760,605.750,0.000,603.748,2.122,1833,1577,80.0,1,0,25.6
2222,mean_dynamic_mlp_covertype,stable,h3,1776521505203.754,1776521505816.091,612.337,0.000,610.874,2.211,1833,1577,80.0,1,0,23.7
2223,mean_dynamic_mlp_covertype,stable,h3,1776521505819.089,1776521506350.387,531.299,1.049,529.251,2.531,1833,1577,80.0,1,0,31.5
2224,mean_dynamic_mlp_covertype,stable,h3,1776521506352.387,1776521506804.149,451.761,2.191,448.767,1.820,1833,1577,80.0,1,0,33.2
2225,mean_dynamic_mlp_covertype,stable,h3,1776521506806.154,1776521507258.124,451.970,0.000,449.500,2.008,1833,1577,80.0,1,0,32.8
2226,mean_dynamic_mlp_covertype,stable,h3,1776521507260.124,1776521507710.914,450.791,1.008,447.695,1.817,1833,1577,80.0,1,0,31.0
2227,mean_dynamic_mlp_covertype,stable,h3,1776521507712.821,1776521508160.529,447.708,1.092,445.103,1.980,1833,1577,80.0,1,0,31.6
2228,mean_dynamic_mlp_covertype,stable,h3,1776521508163.279,1776521508787.020,623.741,1.903,621.007,1.761,1833,1577,80.0,1,0,26.0
2229,mean_dynamic_mlp_covertype,stable,h3,1776521508789.023,1776521509389.298,600.274,0.000,598.693,3.289,1833,1577,80.0,1,0,25.2
2230,mean_dynamic_mlp_covertype,stable,h3,1776521509391.202,1776521511539.646,2148.444,1.000,2144.979,2.100,1833,1577,80.0,1,0,8.7
2231,mean_dynamic_mlp_covertype,stable,h3,1776521511542.187,1776521511744.226,202.040,0.995,200.048,2.199,1833,1577,80.0,1,0,61.9
2232,mean_dynamic_mlp_covertype,stable,h3,1776521511745.217,1776521511879.236,134.019,0.000,133.019,1.950,1833,1577,80.0,1,0,68.1
2233,mean_dynamic_mlp_covertype,stable,h3,1776521511881.236,1776521512163.921,282.686,0.000,281.682,1.817,1833,1577,80.0,1,0,54.2
2234,mean_dynamic_mlp_covertype,stable,h3,1776521512164.920,1776521512333.465,168.545,1.008,165.553,2.603,1833,1577,80.0,1,0,66.2
2235,mean_dynamic_mlp_covertype,stable,h3,1776521512340.484,1776521512562.121,221.637,0.994,218.626,2.063,1833,1577,80.0,1,0,68.6
2236,mean_dynamic_mlp_covertype,stable,h3,1776521512563.120,1776521512676.624,113.505,0.000,113.505,2.103,1833,1577,80.0,1,0,69.6
2237,mean_dynamic_mlp_covertype,stable,h3,1776521512677.624,1776521512912.350,234.726,1.000,233.725,1.771,1833,1577,80.0,1,0,61.4
2238,mean_dynamic_mlp_covertype,stable,h3,1776521512913.365,1776521513186.394,273.029,0.000,272.026,1.802,1833,1577,80.0,1,0,50.2
2239,mean_dynamic_mlp_covertype,stable,h3,1776521513187.392,1776521513335.912,148.520,0.000,148.520,1.839,1833,1577,80.0,1,0,65.8
2240,mean_dynamic_mlp_covertype,stable,h3,1776521513339.912,1776521513483.937,144.025,0.000,143.018,1.952,1833,1577,80.0,1,0,69.4
2241,mean_dynamic_mlp_covertype,stable,h3,1776521513485.937,1776521513592.950,107.014,0.000,106.012,2.033,1833,1577,80.0,1,0,68.8
2242,mean_dynamic_mlp_covertype,stable,h3,1776521513594.966,1776521513742.460,147.495,0.000,145.509,2.027,1833,1577,80.0,1,0,68.8
2243,mean_dynamic_mlp_covertype,stable,h3,1776521513743.460,1776521513975.655,232.195,1.000,230.454,1.896,1833,1577,80.0,1,0,64.1
2244,mean_dynamic_mlp_covertype,stable,h3,1776521513975.655,1776521514057.143,81.488,0.979,79.506,1.862,1833,1577,80.0,1,0,65.4
2245,mean_dynamic_mlp_covertype,stable,h3,1776521514058.141,1776521514273.199,215.058,1.000,214.058,1.865,1833,1577,80.0,1,0,64.3
2246,mean_dynamic_mlp_covertype,stable,h3,1776521514274.184,1776521514401.693,127.508,1.000,125.506,1.925,1833,1577,80.0,1,0,70.8
2247,mean_dynamic_mlp_covertype,stable,h3,1776521514402.692,1776521514496.198,93.506,0.000,92.507,1.780,1833,1577,80.0,1,0,69.1
2248,mean_dynamic_mlp_covertype,stable,h3,1776521514498.223,1776521514608.376,110.153,0.000,110.153,1.716,1833,1577,80.0,1,0,68.8
2249,mean_dynamic_mlp_covertype,stable,h3,1776521514610.375,1776521514748.884,138.509,0.000,137.507,1.825,1833,1577,80.0,1,0,70.7
2250,mean_dynamic_mlp_covertype,stable,h3,1776521514750.882,1776521514846.396,95.514,0.000,94.513,1.693,1833,1577,80.0,1,0,66.3
2251,mean_dynamic_mlp_covertype,stable,h3,1776521514847.392,1776521514913.896,66.504,1.000,65.504,1.851,1833,1577,80.0,0,0,71.4
2252,mean_dynamic_mlp_covertype,stable,h3,1776521514915.896,1776521515019.402,103.506,0.000,102.505,1.810,1833,1577,80.0,1,0,69.0
2253,mean_dynamic_mlp_covertype,stable,h3,1776521515021.403,1776521515085.909,64.505,0.000,63.509,1.997,1833,1577,80.0,0,0,70.3
2254,mean_dynamic_mlp_covertype,stable,h3,1776521515087.909,1776521515196.417,108.507,0.000,107.507,1.965,1833,1577,80.0,1,0,74.8
2255,mean_dynamic_mlp_covertype,stable,h3,1776521515197.416,1776521515262.928,65.511,1.000,63.511,2.006,1833,1577,80.0,0,0,69.1
2256,mean_dynamic_mlp_covertype,stable,h3,1776521515263.928,1776521515410.438,146.510,0.000,145.509,1.990,1833,1577,80.0,1,0,68.8
2257,mean_dynamic_mlp_covertype,stable,h3,1776521515412.437,1776521515507.706,95.269,0.000,94.267,1.897,1833,1577,80.0,1,0,68.8
2258,mean_dynamic_mlp_covertype,stable,h3,1776521515508.704,1776521515664.722,156.018,1.002,154.012,1.803,1833,1577,80.0,1,0,70.0
2259,mean_dynamic_mlp_covertype,stable,h3,1776521515665.719,1776521515820.228,154.509,0.000,152.507,1.705,1833,1577,80.0,1,0,74.5
2260,mean_dynamic_mlp_covertype,stable,h3,1776521515822.228,1776521515929.733,107.505,0.000,107.505,2.103,1833,1577,80.0,1,0,71.4
2261,mean_dynamic_mlp_covertype,stable,h3,1776521515931.732,1776521516045.245,113.513,0.000,113.513,1.964,1833,1577,80.0,1,0,72.7
2262,mean_dynamic_mlp_covertype,stable,h3,1776521516047.243,1776521516147.752,100.510,0.000,100.510,1.835,1833,1577,80.0,1,0,68.8
2263,mean_dynamic_mlp_covertype,stable,h3,1776521516149.752,1776521516249.261,99.509,0.000,97.507,1.878,1833,1577,80.0,1,0,69.9
2264,mean_dynamic_mlp_covertype,stable,h3,1776521516250.260,1776521516335.768,85.508,0.000,84.507,1.861,1833,1577,80.0,1,0,73.8
2265,mean_dynamic_mlp_covertype,stable,h3,1776521516337.768,1776521516432.286,94.518,0.000,93.510,1.911,1833,1577,80.0,1,0,72.6
2266,mean_dynamic_mlp_covertype,stable,h3,1776521516433.279,1776521516597.293,164.014,0.000,163.012,1.793,1833,1577,80.0,1,0,68.8
2267,mean_dynamic_mlp_covertype,stable,h3,1776521516599.293,1776521516670.802,71.509,0.000,70.506,1.776,1833,1577,80.0,0,0,68.8
2268,mean_dynamic_mlp_covertype,stable,h3,1776521516671.800,1776521516771.289,99.490,1.000,98.489,1.939,1833,1577,80.0,1,0,69.8
2269,mean_dynamic_mlp_covertype,stable,h3,1776521516773.290,1776521516908.796,135.506,0.000,134.503,1.774,1833,1577,80.0,1,0,68.8
2270,mean_dynamic_mlp_covertype,stable,h3,1776521516910.796,1776521516985.305,74.509,0.000,73.507,1.830,1833,1577,80.0,0,0,68.8
2271,mean_dynamic_mlp_covertype,stable,h3,1776521516986.304,1776521517068.814,82.510,0.000,81.510,1.948,1833,1577,80.0,1,0,72.5
2272,mean_dynamic_mlp_covertype,stable,h3,1776521517069.812,1776521517205.715,135.903,1.000,133.897,1.739,1833,1577,80.0,1,0,70.1
2273,mean_dynamic_mlp_covertype,stable,h3,1776521517206.710,1776521517378.724,172.013,1.000,171.013,1.954,1833,1577,80.0,1,0,69.9
2274,mean_dynamic_mlp_covertype,stable,h3,1776521517380.723,1776521517511.014,130.292,0.000,130.292,1.801,1833,1577,80.0,1,0,69.2
2275,mean_dynamic_mlp_covertype,stable,h3,1776521517513.012,1776521517683.027,170.015,0.000,168.014,1.792,1833,1577,80.0,1,0,69.9
2276,mean_dynamic_mlp_covertype,stable,h3,1776521517685.027,1776521517873.043,188.016,0.999,186.019,1.960,1833,1577,80.0,1,0,69.4
2277,mean_dynamic_mlp_covertype,stable,h3,1776521517874.042,1776521518037.552,163.510,0.000,162.507,1.719,1833,1577,80.0,1,0,69.6
2278,mean_dynamic_mlp_covertype,stable,h3,1776521518038.549,1776521518174.570,136.021,1.002,134.014,1.712,1833,1577,80.0,1,0,69.7
2279,mean_dynamic_mlp_covertype,stable,h3,1776521518175.567,1776521518276.071,100.503,0.998,99.505,1.867,1833,1577,80.0,1,0,70.5
2280,mean_dynamic_mlp_covertype,stable,h3,1776521518278.071,1776521518387.584,109.513,0.000,108.512,1.916,1833,1577,80.0,1,0,68.1
2281,mean_dynamic_mlp_covertype,stable,h3,1776521518389.582,1776521518523.087,133.504,0.000,133.504,1.743,1833,1577,80.0,1,0,68.8
2282,mean_dynamic_mlp_covertype,stable,h3,1776521518524.087,1776521518668.103,144.016,1.001,143.015,2.019,1833,1577,80.0,1,0,69.6
2283,mean_dynamic_mlp_covertype,stable,h3,1776521518670.101,1776521518784.606,114.505,0.000,114.505,1.749,1833,1577,80.0,1,0,69.6
2284,mean_dynamic_mlp_covertype,stable,h3,1776521518786.608,1776521518887.125,100.518,0.000,99.518,2.010,1833,1577,80.0,1,0,72.6
2285,mean_dynamic_mlp_covertype,stable,h3,1776521518888.125,1776521519023.631,135.506,1.000,134.506,2.012,1833,1577,80.0,1,0,69.5
2286,mean_dynamic_mlp_covertype,stable,h3,1776521519025.632,1776521519111.141,85.509,0.000,85.509,1.751,1833,1577,80.0,1,0,69.1
2287,mean_dynamic_mlp_covertype,stable,h3,1776521519112.141,1776521519250.651,138.510,1.001,137.508,1.924,1833,1577,80.0,1,0,73.1
2288,mean_dynamic_mlp_covertype,stable,h3,1776521519252.651,1776521519353.162,100.511,0.000,99.509,1.956,1833,1577,80.0,1,0,72.7
2289,mean_dynamic_mlp_covertype,stable,h3,1776521519354.160,1776521519479.179,125.019,0.000,124.020,2.164,1833,1577,80.0,1,0,71.8
2290,mean_dynamic_mlp_covertype,stable,h3,1776521519482.180,1776521519643.690,161.510,0.000,161.510,1.882,1833,1577,80.0,1,0,71.9
2291,mean_dynamic_mlp_covertype,stable,h3,1776521519645.690,1776521519767.703,122.012,0.000,122.012,11.640,1833,1577,80.0,1,0,68.2
2292,mean_dynamic_mlp_covertype,stable,h3,1776521519768.704,1776521519992.052,223.349,1.001,222.348,2.314,1833,1577,80.0,1,0,67.6
2293,mean_dynamic_mlp_covertype,stable,h3,1776521519993.070,1776521520116.576,123.505,0.999,122.506,2.057,1833,1577,80.0,1,0,74.5
2294,mean_dynamic_mlp_covertype,stable,h3,1776521520118.574,1776521520204.081,85.507,0.000,84.503,1.765,1833,1577,80.0,1,0,67.7
2295,mean_dynamic_mlp_covertype,stable,h3,1776521520206.080,1776521520272.598,66.518,0.000,66.518,1.718,1833,1577,80.0,0,0,68.8
2296,mean_dynamic_mlp_covertype,stable,h3,1776521520274.598,1776521520358.109,83.511,0.000,82.508,1.818,1833,1577,80.0,1,0,69.8
2297,mean_dynamic_mlp_covertype,stable,h3,1776521520359.109,1776521520445.111,86.002,0.000,84.001,2.051,1833,1577,80.0,1,0,75.9
2298,mean_dynamic_mlp_covertype,stable,h3,1776521520446.111,1776521520554.618,108.507,1.000,107.507,1.999,1833,1577,80.0,1,0,73.9
2299,mean_dynamic_mlp_covertype,stable,h3,1776521520557.121,1776521520660.630,103.509,0.000,103.509,1.876,1833,1577,80.0,1,0,73.2
2300,mean_dynamic_mlp_covertype,stable,h3,1776521520662.630,1776521520806.693,144.063,0.000,144.063,1.853,1833,1577,80.0,1,0,71.1
2301,mean_dynamic_mlp_covertype,stable,h3,1776521520808.693,1776521520975.707,167.014,0.000,166.013,6.185,1833,1577,80.0,1,0,74.4
2302,mean_dynamic_mlp_covertype,stable,h3,1776521520977.707,1776521521102.214,124.507,0.000,123.507,1.932,1833,1577,80.0,1,0,75.8
2303,mean_dynamic_mlp_covertype,stable,h3,1776521521104.214,1776521521239.721,135.507,0.000,134.507,1.835,1833,1577,80.0,1,0,70.1
2304,mean_dynamic_mlp_covertype,stable,h3,1776521521241.721,1776521521364.735,123.014,0.000,122.516,1.944,1833,1577,80.0,1,0,69.3
2305,mean_dynamic_mlp_covertype,stable,h3,1776521521365.735,1776521521503.242,137.507,0.000,136.507,1.826,1833,1577,80.0,1,0,74.3
2306,mean_dynamic_mlp_covertype,stable,h3,1776521521505.243,1776521521643.752,138.508,0.000,138.508,1.783,1833,1577,80.0,1,0,69.7
2307,mean_dynamic_mlp_covertype,stable,h3,1776521521645.751,1776521521787.766,142.014,0.000,141.014,2.863,1833,1577,80.0,1,0,70.8
2308,mean_dynamic_mlp_covertype,stable,h3,1776521521788.766,1776521521944.275,155.510,0.000,154.510,1.737,1833,1577,80.0,1,0,68.8
2309,mean_dynamic_mlp_covertype,stable,h3,1776521521946.275,1776521522017.779,71.504,0.000,71.504,1.888,1833,1577,80.0,0,0,68.8
2310,mean_dynamic_mlp_covertype,stable,h3,1776521522018.779,1776521522150.289,131.510,0.000,130.506,4.649,1833,1577,80.0,1,0,74.5
2311,mean_dynamic_mlp_covertype,stable,h3,1776521522152.289,1776521522255.799,103.510,1.001,101.507,2.555,1833,1577,80.0,1,0,67.3
2312,mean_dynamic_mlp_covertype,stable,h3,1776521522257.299,1776521522341.302,84.003,0.000,83.003,1.988,1833,1577,80.0,1,0,84.8
2313,mean_dynamic_mlp_covertype,stable,h3,1776521522342.304,1776521522481.316,139.012,0.000,138.011,3.418,1833,1577,80.0,1,0,70.3
2314,mean_dynamic_mlp_covertype,stable,h3,1776521522483.316,1776521522623.823,140.507,0.000,140.507,4.298,1833,1577,80.0,1,0,70.4
2315,mean_dynamic_mlp_covertype,stable,h3,1776521522625.823,1776521522759.837,134.014,0.000,133.013,3.291,1833,1577,80.0,1,0,69.7
2316,mean_dynamic_mlp_covertype,stable,h3,1776521522761.837,1776521522889.345,127.508,0.000,127.508,3.429,1833,1577,80.0,1,0,69.3
2317,mean_dynamic_mlp_covertype,stable,h3,1776521522891.345,1776521523087.359,196.013,1.000,195.013,1.748,1833,1577,80.0,1,0,69.1
2318,mean_dynamic_mlp_covertype,stable,h3,1776521523089.359,1776521523198.866,109.507,0.000,108.507,2.474,1833,1577,80.0,1,0,67.8
2319,mean_dynamic_mlp_covertype,stable,h3,1776521523199.866,1776521523345.375,145.509,0.000,144.509,1.851,1833,1577,80.0,1,0,70.4
2320,mean_dynamic_mlp_covertype,stable,h3,1776521523347.375,1776521523472.386,125.011,1.001,124.010,2.117,1833,1577,80.0,1,0,73.6
2321,mean_dynamic_mlp_covertype,stable,h3,1776521523474.385,1776521523652.895,178.509,0.000,178.509,1.792,1833,1577,80.0,1,0,69.0
2322,mean_dynamic_mlp_covertype,stable,h3,1776521523654.895,1776521523764.906,110.012,0.000,108.011,2.133,1833,1577,80.0,1,0,68.8
2323,mean_dynamic_mlp_covertype,stable,h3,1776521523765.906,1776521523874.414,108.508,0.000,106.507,1.945,1833,1577,80.0,1,0,68.8
2324,mean_dynamic_mlp_covertype,stable,h3,1776521523875.414,1776521523973.921,98.507,0.000,97.507,2.011,1833,1577,80.0,1,0,68.8
2325,mean_dynamic_mlp_covertype,stable,h3,1776521523974.921,1776521524068.428,93.507,0.000,91.507,1.992,1833,1577,80.0,1,0,70.8
2326,mean_dynamic_mlp_covertype,stable,h3,1776521524069.428,1776521524222.936,153.508,0.000,152.508,1.791,1833,1577,80.0,1,0,68.8
2327,mean_dynamic_mlp_covertype,stable,h3,1776521524223.936,1776521524346.445,122.509,1.000,121.509,1.867,1833,1577,80.0,1,0,71.7
2328,mean_dynamic_mlp_covertype,stable,h3,1776521524348.445,1776521524489.457,141.011,0.000,140.012,1.865,1833,1577,80.0,1,0,69.4
2329,mean_dynamic_mlp_covertype,stable,h3,1776521524490.457,1776521524611.963,121.507,0.000,119.506,1.742,1833,1577,80.0,1,0,68.8
2330,mean_dynamic_mlp_covertype,stable,h3,1776521524613.963,1776521524796.978,183.015,0.000,183.015,2.569,1833,1577,80.0,1,0,70.0
2331,mean_dynamic_mlp_covertype,stable,h3,1776521524798.978,1776521524971.992,173.014,0.000,171.013,2.055,1833,1577,80.0,1,0,68.4
2332,mean_dynamic_mlp_covertype,stable,h3,1776521524972.992,1776521525113.499,140.507,1.000,139.507,1.874,1833,1577,80.0,1,0,69.4
2333,mean_dynamic_mlp_covertype,stable,h3,1776521525114.499,1776521525207.006,92.507,1.000,90.506,1.984,1833,1577,80.0,1,0,69.8
2334,mean_dynamic_mlp_covertype,stable,h3,1776521525209.006,1776521525297.512,88.507,0.000,87.506,1.776,1833,1577,80.0,1,0,68.8
2335,mean_dynamic_mlp_covertype,stable,h3,1776521525298.512,1776521525412.019,113.507,1.001,112.506,1.910,1833,1577,80.0,1,0,69.4
2336,mean_dynamic_mlp_covertype,stable,h3,1776521525414.019,1776521525522.527,108.508,1.000,107.508,1.932,1833,1577,80.0,1,0,69.0
2337,mean_dynamic_mlp_covertype,stable,h3,1776521525524.527,1776521525667.541,143.014,0.000,141.014,1.769,1833,1577,80.0,1,0,69.8
2338,mean_dynamic_mlp_covertype,stable,h3,1776521525669.541,1776521525826.048,156.507,0.000,155.507,1.796,1833,1577,80.0,1,0,68.3
2339,mean_dynamic_mlp_covertype,stable,h3,1776521525827.048,1776521525949.557,122.509,1.000,121.509,1.781,1833,1577,80.0,1,0,69.8
2340,mean_dynamic_mlp_covertype,stable,h3,1776521525950.557,1776521526066.569,116.012,1.000,114.011,1.892,1833,1577,80.0,1,0,69.6
2341,mean_dynamic_mlp_covertype,stable,h3,1776521526067.568,1776521526184.075,116.507,0.000,115.506,1.989,1833,1577,80.0,1,0,69.3
2342,mean_dynamic_mlp_covertype,stable,h3,1776521526185.075,1776521526258.583,73.508,0.000,71.505,1.863,1833,1577,80.0,0,0,67.7
2343,mean_dynamic_mlp_covertype,stable,h3,1776521526259.583,1776521526401.090,141.507,1.000,140.507,1.932,1833,1577,80.0,1,0,71.1
2344,mean_dynamic_mlp_covertype,stable,h3,1776521526403.091,1776521526519.598,116.508,0.000,114.508,1.859,1833,1577,80.0,1,0,68.1
2345,mean_dynamic_mlp_covertype,stable,h3,1776521526520.598,1776521526664.621,144.023,0.000,142.018,1.826,1833,1577,80.0,1,0,68.1
2346,mean_dynamic_mlp_covertype,stable,h3,1776521526665.618,1776521526828.124,162.506,0.000,160.501,1.752,1833,1577,80.0,1,0,71.0
2347,mean_dynamic_mlp_covertype,stable,h3,1776521526830.124,1776521526920.632,90.508,0.000,90.508,2.378,1833,1577,80.0,1,0,75.5
2348,mean_dynamic_mlp_covertype,stable,h3,1776521526921.632,1776521527016.142,94.510,1.000,93.510,1.766,1833,1577,80.0,1,0,71.3
2349,mean_dynamic_mlp_covertype,stable,h3,1776521527018.142,1776521527120.650,102.508,1.000,100.507,1.785,1833,1577,80.0,1,0,71.2
2350,mean_dynamic_mlp_covertype,stable,h3,1776521527121.649,1776521527238.156,116.507,0.000,114.506,2.274,1833,1577,80.0,1,0,69.6
2351,mean_dynamic_mlp_covertype,stable,h3,1776521527239.156,1776521527414.171,175.015,1.001,173.014,1.737,1833,1577,80.0,1,0,70.5
2352,mean_dynamic_mlp_covertype,stable,h3,1776521527415.171,1776521527574.192,159.021,1.000,158.021,1.805,1833,1577,80.0,1,0,72.2
2353,mean_dynamic_mlp_covertype,stable,h3,1776521527576.193,1776521527706.701,130.509,0.000,129.508,1.795,1833,1577,80.0,1,0,70.1
2354,mean_dynamic_mlp_covertype,stable,h3,1776521527708.700,1776521527791.207,82.507,0.000,82.507,1.946,1833,1577,80.0,1,0,70.5
2355,mean_dynamic_mlp_covertype,stable,h3,1776521527793.208,1776521527906.714,113.507,0.000,112.507,1.812,1833,1577,80.0,1,0,68.4
2356,mean_dynamic_mlp_covertype,stable,h3,1776521527907.715,1776521527971.222,63.507,1.000,61.507,1.817,1833,1577,80.0,0,0,68.8
2357,mean_dynamic_mlp_covertype,stable,h3,1776521527973.222,1776521528105.729,132.507,0.000,131.507,1.843,1833,1577,80.0,1,0,71.1
2358,mean_dynamic_mlp_covertype,stable,h3,1776521528107.729,1776521528216.236,108.507,0.000,107.507,1.741,1833,1577,80.0,1,0,67.5
2359,mean_dynamic_mlp_covertype,stable,h3,1776521528217.237,1776521528335.743,118.506,0.000,118.506,1.892,1833,1577,80.0,1,0,68.8
2360,mean_dynamic_mlp_covertype,stable,h3,1776521528337.744,1776521528445.253,107.510,0.000,106.493,2.029,1833,1577,80.0,1,0,70.5
2361,mean_dynamic_mlp_covertype,stable,h3,1776521528447.253,1776521528597.265,150.012,1.001,149.011,1.927,1833,1577,80.0,1,0,68.9
2362,mean_dynamic_mlp_covertype,stable,h3,1776521528599.265,1776521528794.279,195.013,0.000,194.013,2.005,1833,1577,80.0,1,0,68.8
2363,mean_dynamic_mlp_covertype,stable,h3,1776521528796.279,1776521528953.790,157.511,0.000,157.511,1.904,1833,1577,80.0,1,0,71.4
2364,mean_dynamic_mlp_covertype,stable,h3,1776521528955.790,1776521529000.295,44.505,0.000,44.505,1.813,1833,1577,80.0,0,0,68.8
2365,mean_dynamic_mlp_covertype,stable,h3,1776521529002.295,1776521529101.803,99.508,0.000,98.504,1.797,1833,1577,80.0,1,0,80.2
2366,mean_dynamic_mlp_covertype,stable,h3,1776521529103.803,1776521529194.310,90.507,0.000,89.506,2.034,1833,1577,80.0,1,0,84.8
2367,mean_dynamic_mlp_covertype,stable,h3,1776521529196.310,1776521529293.817,97.507,0.000,97.507,1.809,1833,1577,80.0,1,0,82.3
2368,mean_dynamic_mlp_covertype,stable,h3,1776521529295.817,1776521529377.324,81.508,0.000,81.508,1.953,1833,1577,80.0,1,0,77.5
2369,mean_dynamic_mlp_covertype,stable,h3,1776521529379.325,1776521529478.833,99.509,1.000,98.509,1.871,1833,1577,80.0,1,0,73.9
2370,mean_dynamic_mlp_covertype,stable,h3,1776521529480.833,1776521529579.352,98.519,0.000,96.520,1.983,1833,1577,80.0,1,0,75.0
2371,mean_dynamic_mlp_covertype,stable,h3,1776521529580.352,1776521529711.859,131.507,0.000,130.506,1.786,1833,1577,80.0,1,0,70.9
2372,mean_dynamic_mlp_covertype,stable,h3,1776521529713.859,1776521529839.875,126.015,0.000,126.015,1.923,1833,1577,80.0,1,0,72.9
2373,mean_dynamic_mlp_covertype,stable,h3,1776521529841.875,1776521530002.891,161.016,0.000,160.016,1.821,1833,1577,80.0,1,0,68.3
2374,mean_dynamic_mlp_covertype,stable,h3,1776521530003.891,1776521530130.396,126.506,0.999,124.507,1.819,1833,1577,80.0,1,0,71.1
2375,mean_dynamic_mlp_covertype,stable,h3,1776521530131.396,1776521530260.916,129.519,1.000,128.519,1.736,1833,1577,80.0,1,0,72.4
2376,mean_dynamic_mlp_covertype,stable,h3,1776521530262.917,1776521530377.929,115.012,0.000,115.012,2.364,1833,1577,80.0,1,0,76.8
2377,mean_dynamic_mlp_covertype,stable,h3,1776521530379.929,1776521530505.440,125.510,0.000,124.509,1.949,1833,1577,80.0,1,0,69.5
2378,mean_dynamic_mlp_covertype,stable,h3,1776521530507.440,1776521530632.950,125.509,0.000,124.491,1.839,1833,1577,80.0,1,0,69.8
2379,mean_dynamic_mlp_covertype,stable,h3,1776521530634.948,1776521530722.454,87.507,0.000,86.507,1.796,1833,1577,80.0,1,0,70.8
2380,mean_dynamic_mlp_covertype,stable,h3,1776521530724.455,1776521530882.471,158.016,0.000,158.016,1.835,1833,1577,80.0,1,0,70.4
2381,mean_dynamic_mlp_covertype,stable,h3,1776521530884.471,1776521531045.986,161.515,0.000,161.515,1.777,1833,1577,80.0,1,0,76.8
2382,mean_dynamic_mlp_covertype,stable,h3,1776521531048.985,1776521531159.999,111.013,0.000,109.014,2.009,1833,1577,80.0,1,0,69.9
2383,mean_dynamic_mlp_covertype,stable,h3,1776521531161.999,1776521531276.507,114.508,0.000,114.508,2.014,1833,1577,80.0,1,0,69.3
2384,mean_dynamic_mlp_covertype,stable,h3,1776521531278.507,1776521531402.015,123.508,0.000,122.507,2.138,1833,1577,80.0,1,0,68.2
2385,mean_dynamic_mlp_covertype,stable,h3,1776521531403.014,1776521531519.525,116.511,1.000,115.511,1.852,1833,1577,80.0,1,0,69.0
2386,mean_dynamic_mlp_covertype,stable,h3,1776521531521.525,1776521531618.036,96.511,0.000,95.512,2.117,1833,1577,80.0,1,0,73.2
2387,mean_dynamic_mlp_covertype,stable,h3,1776521531620.035,1776521531695.541,75.506,0.000,75.506,1.781,1833,1577,80.0,0,0,69.6
2388,mean_dynamic_mlp_covertype,stable,h3,1776521531697.541,1776521531787.048,89.507,0.000,89.507,1.789,1833,1577,80.0,1,0,68.0
2389,mean_dynamic_mlp_covertype,stable,h3,1776521531789.048,1776521531905.556,116.508,1.001,115.507,1.856,1833,1577,80.0,1,0,70.3
2390,mean_dynamic_mlp_covertype,stable,h3,1776521531907.556,1776521531977.064,69.507,0.000,68.508,1.892,1833,1577,80.0,0,0,69.8
2391,mean_dynamic_mlp_covertype,stable,h3,1776521531979.064,1776521532083.572,104.508,0.000,104.508,1.931,1833,1577,80.0,1,0,70.3
2392,mean_dynamic_mlp_covertype,stable,h3,1776521532085.572,1776521532235.081,149.509,0.000,148.509,1.962,1833,1577,80.0,1,0,70.0
2393,mean_dynamic_mlp_covertype,stable,h3,1776521532237.081,1776521532370.096,133.015,0.000,133.015,2.100,1833,1577,80.0,1,0,68.0
2394,mean_dynamic_mlp_covertype,stable,h3,1776521532372.097,1776521532512.604,140.508,0.000,140.508,1.847,1833,1577,80.0,1,0,70.6
2395,mean_dynamic_mlp_covertype,stable,h3,1776521532514.604,1776521532630.112,115.508,0.000,114.507,1.990,1833,1577,80.0,1,0,73.0
2396,mean_dynamic_mlp_covertype,stable,h3,1776521532632.112,1776521532728.619,96.507,0.000,95.507,1.962,1833,1577,80.0,1,0,70.3
2397,mean_dynamic_mlp_covertype,stable,h3,1776521532729.619,1776521532880.643,151.023,0.000,150.022,1.738,1833,1577,80.0,1,0,69.2
2398,mean_dynamic_mlp_covertype,stable,h3,1776521532882.643,1776521532995.151,112.509,0.000,110.509,1.945,1833,1577,80.0,1,0,71.4
2399,mean_dynamic_mlp_covertype,stable,h3,1776521532996.151,1776521533144.668,148.517,0.000,146.512,1.922,1833,1577,80.0,1,0,68.3
2400,mean_dynamic_mlp_covertype,stable,h3,1776521533145.665,1776521533343.679,198.015,0.999,196.013,1.716,1833,1577,80.0,1,0,69.1
2401,mean_dynamic_mlp_covertype,stable,h3,1776521533345.679,1776521533532.692,187.012,0.000,187.012,1.785,1833,1577,80.0,1,0,70.8
2402,mean_dynamic_mlp_covertype,stable,h3,1776521533534.692,1776521533618.200,83.508,0.000,82.508,1.856,1833,1577,80.0,1,0,72.5
2403,mean_dynamic_mlp_covertype,stable,h3,1776521533621.201,1776521533725.709,104.507,0.000,103.505,1.735,1833,1577,80.0,1,0,72.3
2404,mean_dynamic_mlp_covertype,stable,h3,1776521533726.712,1776521533863.724,137.011,0.996,136.015,1.765,1833,1577,80.0,1,0,73.0
2405,mean_dynamic_mlp_covertype,stable,h3,1776521533865.724,1776521533962.231,96.507,0.000,95.508,2.437,1833,1577,80.0,1,0,68.0
2406,mean_dynamic_mlp_covertype,stable,h3,1776521533963.231,1776521534087.739,124.507,1.000,123.507,2.146,1833,1577,80.0,1,0,69.9
2407,mean_dynamic_mlp_covertype,stable,h3,1776521534089.739,1776521534164.246,74.508,0.000,72.507,1.999,1833,1577,80.0,0,0,67.7
2408,mean_dynamic_mlp_covertype,stable,h3,1776521534165.246,1776521534305.755,140.509,1.000,139.509,1.873,1833,1577,80.0,1,0,71.0
2409,mean_dynamic_mlp_covertype,stable,h3,1776521534307.755,1776521534423.265,115.510,0.000,113.510,2.104,1833,1577,80.0,1,0,69.8
2410,mean_dynamic_mlp_covertype,stable,h3,1776521534424.266,1776521534554.777,130.511,1.001,128.510,2.041,1833,1577,80.0,1,0,67.9
2411,mean_dynamic_mlp_covertype,stable,h3,1776521534555.777,1776521534658.791,103.014,1.000,102.013,2.049,1833,1577,80.0,1,0,72.1
2412,mean_dynamic_mlp_covertype,stable,h3,1776521534660.791,1776521534797.299,136.508,1.000,135.508,1.888,1833,1577,80.0,1,0,69.4
2413,mean_dynamic_mlp_covertype,stable,h3,1776521534799.299,1776521534876.810,77.511,0.000,76.511,1.724,1833,1577,80.0,0,0,68.8
2414,mean_dynamic_mlp_covertype,stable,h3,1776521534877.811,1776521534934.809,56.998,0.000,56.998,2.083,1833,1577,80.0,0,0,73.4
2415,mean_dynamic_mlp_covertype,stable,h3,1776521534936.809,1776521535078.415,141.606,0.000,140.606,1.944,1833,1577,80.0,1,0,69.4
2416,mean_dynamic_mlp_covertype,stable,h3,1776521535079.415,1776521535177.923,98.508,1.000,97.507,1.941,1833,1577,80.0,1,0,68.0
2417,mean_dynamic_mlp_covertype,stable,h3,1776521535179.923,1776521535323.432,143.509,0.000,143.509,1.725,1833,1577,80.0,1,0,69.8
2418,mean_dynamic_mlp_covertype,stable,h3,1776521535325.431,1776521535411.938,86.506,0.000,86.506,1.915,1833,1577,80.0,1,0,69.5
2419,mean_dynamic_mlp_covertype,stable,h3,1776521535413.938,1776521535569.955,156.017,0.000,154.016,1.944,1833,1577,80.0,1,0,69.4
2420,mean_dynamic_mlp_covertype,stable,h3,1776521535570.955,1776521535691.464,120.509,0.000,119.508,1.820,1833,1577,80.0,1,0,70.5
2421,mean_dynamic_mlp_covertype,stable,h3,1776521535693.464,1776521535811.971,118.508,0.000,117.508,2.197,1833,1577,80.0,1,0,70.1
2422,mean_dynamic_mlp_covertype,stable,h3,1776521535813.971,1776521535954.488,140.516,0.000,138.516,1.959,1833,1577,80.0,1,0,70.8
2423,mean_dynamic_mlp_covertype,stable,h3,1776521535955.488,1776521536090.510,135.022,1.000,134.022,1.938,1833,1577,80.0,1,0,69.0
2424,mean_dynamic_mlp_covertype,stable,h3,1776521536092.510,1776521536175.017,82.508,0.000,80.507,2.415,1833,1577,80.0,1,0,68.8
2425,mean_dynamic_mlp_covertype,stable,h3,1776521536176.018,1776521536380.958,204.940,0.000,203.936,1.732,1833,1577,80.0,1,0,70.4
2426,mean_dynamic_mlp_covertype,stable,h3,1776521536381.978,1776521536545.464,163.486,0.982,161.509,1.796,1833,1577,80.0,1,0,68.3
2427,mean_dynamic_mlp_covertype,stable,h3,1776521536547.464,1776521536665.482,118.019,0.000,117.014,1.772,1833,1577,80.0,1,0,70.4
2428,mean_dynamic_mlp_covertype,stable,h3,1776521536667.479,1776521536776.986,109.508,0.000,109.508,2.491,1833,1577,80.0,1,0,68.5
2429,mean_dynamic_mlp_covertype,stable,h3,1776521536778.986,1776521536875.494,96.508,0.000,95.508,1.784,1833,1577,80.0,1,0,68.0
2430,mean_dynamic_mlp_covertype,stable,h3,1776521536876.494,1776521537053.008,176.513,0.000,174.512,1.842,1833,1577,80.0,1,0,69.1
2431,mean_dynamic_mlp_covertype,stable,h3,1776521537054.007,1776521537207.021,153.014,1.000,152.013,2.041,1833,1577,80.0,1,0,75.6
2432,mean_dynamic_mlp_covertype,stable,h3,1776521537209.021,1776521537282.529,73.508,0.000,72.508,1.736,1833,1577,80.0,0,0,69.6
2433,mean_dynamic_mlp_covertype,stable,h3,1776521537284.530,1776521537380.041,95.511,0.000,94.512,2.048,1833,1577,80.0,1,0,69.8
2434,mean_dynamic_mlp_covertype,stable,h3,1776521537382.043,1776521537501.554,119.510,0.000,118.507,2.212,1833,1577,80.0,1,0,70.3
2435,mean_dynamic_mlp_covertype,stable,h3,1776521537503.551,1776521537639.057,135.506,0.000,135.506,1.828,1833,1577,80.0,1,0,68.3
2436,mean_dynamic_mlp_covertype,stable,h3,1776521537641.057,1776521537786.072,145.015,0.000,143.014,1.904,1833,1577,80.0,1,0,70.1
2437,mean_dynamic_mlp_covertype,stable,h3,1776521537787.073,1776521537920.580,133.507,1.000,132.508,1.813,1833,1577,80.0,1,0,69.2
2438,mean_dynamic_mlp_covertype,stable,h3,1776521537922.580,1776521538048.090,125.510,0.000,123.510,1.912,1833,1577,80.0,1,0,69.0
2439,mean_dynamic_mlp_covertype,stable,h3,1776521538049.090,1776521538158.103,109.013,0.000,108.012,1.696,1833,1577,80.0,1,0,69.6
2440,mean_dynamic_mlp_covertype,stable,h3,1776521538159.108,1776521538261.613,102.506,0.000,101.507,1.848,1833,1577,80.0,1,0,71.4
2441,mean_dynamic_mlp_covertype,stable,h3,1776521538263.614,1776521538440.121,176.507,0.000,174.507,1.862,1833,1577,80.0,1,0,69.9
2442,mean_dynamic_mlp_covertype,stable,h3,1776521538441.121,1776521538524.629,83.508,1.000,81.508,2.774,1833,1577,80.0,1,0,75.0
2443,mean_dynamic_mlp_covertype,stable,h3,1776521538525.630,1776521538641.136,115.506,0.000,114.506,1.789,1833,1577,80.0,1,0,69.5
2444,mean_dynamic_mlp_covertype,stable,h3,1776521538642.136,1776521538817.150,175.014,0.000,173.014,62.165,1833,1577,80.0,1,0,68.0
2445,mean_dynamic_mlp_covertype,stable,h3,1776521538818.150,1776521538935.658,117.508,0.000,116.507,2.193,1833,1577,80.0,1,0,69.8
2446,mean_dynamic_mlp_covertype,stable,h3,1776521538937.658,1776521539046.171,108.512,0.000,107.512,2.099,1833,1577,80.0,1,0,67.5
2447,mean_dynamic_mlp_covertype,stable,h3,1776521539047.171,1776521539144.678,97.508,0.000,95.508,2.004,1833,1577,80.0,1,0,70.8
2448,mean_dynamic_mlp_covertype,stable,h3,1776521539145.678,1776521539258.186,112.508,0.000,110.508,1.910,1833,1577,80.0,1,0,70.5
2449,mean_dynamic_mlp_covertype,stable,h3,1776521539259.692,1776521539378.199,118.508,0.000,118.508,1.986,1833,1577,80.0,1,0,71.9
2450,mean_dynamic_mlp_covertype,stable,h3,1776521539380.199,1776521539483.708,103.508,0.000,101.508,2.054,1833,1577,80.0,1,0,70.5
2451,mean_dynamic_mlp_covertype,stable,h3,1776521539484.708,1776521539587.217,102.510,1.000,101.510,2.960,1833,1577,80.0,1,0,72.2
2452,mean_dynamic_mlp_covertype,stable,h3,1776521539589.217,1776521539763.236,174.018,0.000,173.018,1.913,1833,1577,80.0,1,0,76.8
2453,mean_dynamic_mlp_covertype,stable,h3,1776521539765.236,1776521539965.254,200.019,0.000,200.019,1.772,1833,1577,80.0,1,0,69.8
2454,mean_dynamic_mlp_covertype,stable,h3,1776521539966.276,1776521540080.764,114.488,0.983,113.504,1.735,1833,1577,80.0,1,0,66.1
2455,mean_dynamic_mlp_covertype,stable,h3,1776521540082.763,1776521540164.272,81.508,0.000,80.508,2.070,1833,1577,80.0,1,0,68.8
2456,mean_dynamic_mlp_covertype,stable,h3,1776521540165.271,1776521540309.788,144.517,0.000,143.516,2.016,1833,1577,80.0,1,0,71.1
2457,mean_dynamic_mlp_covertype,stable,h3,1776521540311.789,1776521540396.295,84.506,0.000,83.506,1.814,1833,1577,80.0,1,0,68.3
2458,mean_dynamic_mlp_covertype,stable,h3,1776521540397.295,1776521540589.312,192.017,0.000,190.015,1.789,1833,1577,80.0,1,0,69.7
2459,mean_dynamic_mlp_covertype,stable,h3,1776521540590.312,1776521540735.820,145.508,0.000,145.508,1.868,1833,1577,80.0,1,0,69.7
2460,mean_dynamic_mlp_covertype,stable,h3,1776521540737.819,1776521540841.326,103.507,0.000,103.507,2.289,1833,1577,80.0,1,0,70.5
2461,mean_dynamic_mlp_covertype,stable,h3,1776521540843.327,1776521541051.405,208.078,0.000,207.075,1.804,1833,1577,80.0,1,0,69.4
2462,mean_dynamic_mlp_covertype,stable,h3,1776521541052.396,1776521541146.966,94.570,0.988,93.582,2.038,1833,1577,80.0,1,0,68.4
2463,mean_dynamic_mlp_covertype,stable,h3,1776521541148.985,1776521541221.586,72.601,0.000,72.601,2.436,1833,1577,80.0,0,0,70.0
2464,mean_dynamic_mlp_covertype,stable,h3,1776521541222.583,1776521541348.295,125.712,0.964,124.749,2.025,1833,1577,80.0,1,0,68.8
2465,mean_dynamic_mlp_covertype,stable,h3,1776521541350.259,1776521541451.838,101.579,0.000,100.583,2.291,1833,1577,80.0,1,0,69.4
2466,mean_dynamic_mlp_covertype,stable,h3,1776521541452.875,1776521541569.005,116.130,0.963,114.207,1.938,1833,1577,80.0,1,0,69.0
2467,mean_dynamic_mlp_covertype,stable,h3,1776521541570.005,1776521541683.813,113.808,1.003,112.805,1.935,1833,1577,80.0,1,0,70.9
2468,mean_dynamic_mlp_covertype,stable,h3,1776521541685.824,1776521541838.455,152.630,0.000,151.634,1.949,1833,1577,80.0,1,0,70.6
2469,mean_dynamic_mlp_covertype,stable,h3,1776521541839.422,1776521541973.697,134.275,0.000,133.272,1.841,1833,1577,80.0,1,0,67.2
2470,mean_dynamic_mlp_covertype,stable,h3,1776521541974.698,1776521542074.249,99.551,0.000,97.514,2.043,1833,1577,80.0,1,0,70.9
2471,mean_dynamic_mlp_covertype,stable,h3,1776521542075.250,1776521542225.918,150.669,0.000,149.599,1.896,1833,1577,80.0,1,0,67.8
2472,mean_dynamic_mlp_covertype,stable,h3,1776521542227.920,1776521542408.693,180.773,0.000,180.773,1.940,1833,1577,80.0,1,0,69.8
2473,mean_dynamic_mlp_covertype,stable,h3,1776521542410.645,1776521542529.264,118.619,0.000,118.619,1.726,1833,1577,80.0,1,0,69.5
2474,mean_dynamic_mlp_covertype,stable,h3,1776521542531.269,1776521542684.500,153.231,0.000,151.271,1.872,1833,1577,80.0,1,0,69.8
2475,mean_dynamic_mlp_covertype,stable,h3,1776521542685.502,1776521542790.061,104.559,0.997,102.598,1.986,1833,1577,80.0,1,0,69.4
2476,mean_dynamic_mlp_covertype,stable,h3,1776521542791.061,1776521542977.289,186.228,0.000,185.183,1.971,1833,1577,80.0,1,0,69.4
2477,mean_dynamic_mlp_covertype,stable,h3,1776521542979.272,1776521543162.399,183.126,0.000,181.097,2.037,1833,1577,80.0,1,0,69.3
2478,mean_dynamic_mlp_covertype,stable,h3,1776521543163.434,1776521543275.445,112.010,0.000,110.040,1.843,1833,1577,80.0,1,0,72.6
2479,mean_dynamic_mlp_covertype,stable,h3,1776521543276.442,1776521543376.053,99.611,0.000,97.568,2.182,1833,1577,80.0,1,0,67.0
2480,mean_dynamic_mlp_covertype,stable,h3,1776521543377.017,1776521543480.689,103.672,1.041,102.632,1.873,1833,1577,80.0,1,0,70.9
2481,mean_dynamic_mlp_covertype,stable,h3,1776521543482.654,1776521543600.407,117.753,0.000,117.753,2.046,1833,1577,80.0,1,0,67.8
2482,mean_dynamic_mlp_covertype,stable,h3,1776521543602.443,1776521543815.145,212.702,0.000,211.668,1.985,1833,1577,80.0,1,0,65.5
2483,mean_dynamic_mlp_covertype,stable,h3,1776521543816.159,1776521543899.667,83.507,0.999,81.505,1.988,1833,1577,80.0,1,0,66.3
2484,mean_dynamic_mlp_covertype,stable,h3,1776521543900.665,1776521544064.680,164.015,0.000,162.014,2.041,1833,1577,80.0,1,0,70.6
2485,mean_dynamic_mlp_covertype,stable,h3,1776521544065.679,1776521544234.187,168.507,1.001,167.506,1.739,1833,1577,80.0,1,0,69.3
2486,mean_dynamic_mlp_covertype,stable,h3,1776521544236.187,1776521544380.200,144.014,0.000,144.014,1.899,1833,1577,80.0,1,0,68.8
2487,mean_dynamic_mlp_covertype,stable,h3,1776521544382.200,1776521544504.710,122.510,0.000,121.507,1.959,1833,1577,80.0,1,0,71.5
2488,mean_dynamic_mlp_covertype,stable,h3,1776521544506.709,1776521544643.830,137.120,0.000,136.120,2.009,1833,1577,80.0,1,0,67.3
2489,mean_dynamic_mlp_covertype,stable,h3,1776521544644.831,1776521544812.851,168.021,1.000,167.020,1.882,1833,1577,80.0,1,0,70.1
2490,mean_dynamic_mlp_covertype,stable,h3,1776521544814.851,1776521544905.363,90.511,0.000,89.511,2.369,1833,1577,80.0,1,0,68.8
2491,mean_dynamic_mlp_covertype,stable,h3,1776521544906.363,1776521545016.870,110.507,1.000,109.507,1.780,1833,1577,80.0,1,0,69.6
2492,mean_dynamic_mlp_covertype,stable,h3,1776521545018.870,1776521545168.885,150.014,0.000,149.014,2.054,1833,1577,80.0,1,0,69.4
2493,mean_dynamic_mlp_covertype,stable,h3,1776521545170.885,1776521545259.887,89.002,0.000,89.002,1.993,1833,1577,80.0,1,0,69.5
2494,mean_dynamic_mlp_covertype,stable,h3,1776521545262.389,1776521545398.900,136.511,0.000,136.511,1.970,1833,1577,80.0,1,0,69.8
2495,mean_dynamic_mlp_covertype,stable,h3,1776521545400.901,1776521545476.407,75.506,0.000,74.504,1.883,1833,1577,80.0,0,0,71.8
2496,mean_dynamic_mlp_covertype,stable,h3,1776521545478.407,1776521545558.410,80.003,0.000,79.003,1.914,1833,1577,80.0,1,0,74.5
2497,mean_dynamic_mlp_covertype,stable,h3,1776521545559.410,1776521545712.422,153.012,0.000,152.012,1.885,1833,1577,80.0,1,0,74.5
2498,mean_dynamic_mlp_covertype,stable,h3,1776521545714.422,1776521545834.930,120.508,0.000,120.508,1.736,1833,1577,80.0,1,0,66.7
2499,mean_dynamic_mlp_covertype,stable,h3,1776521545836.930,1776521545972.450,135.521,0.000,134.521,1.942,1833,1577,80.0,1,0,69.9
2500,mean_dynamic_mlp_covertype,stable,h3,1776521545974.450,1776521546058.452,84.002,0.000,82.999,2.175,1833,1577,80.0,1,0,70.8
2501,mean_dynamic_mlp_covertype,stable,h3,1776521546060.457,1776521546144.970,84.513,0.000,83.510,2.154,1833,1577,80.0,1,0,75.3
2502,mean_dynamic_mlp_covertype,stable,h3,1776521546145.968,1776521546291.984,146.016,0.000,144.015,2.387,1833,1577,80.0,1,0,69.2
2503,mean_dynamic_mlp_covertype,stable,h3,1776521546292.984,1776521546441.491,148.507,1.001,147.506,3.533,1833,1577,80.0,1,0,69.7
2504,mean_dynamic_mlp_covertype,stable,h3,1776521546443.491,1776521546612.507,169.016,0.000,169.016,1.820,1833,1577,80.0,1,0,69.1
2505,mean_dynamic_mlp_covertype,stable,h3,1776521546614.507,1776521546790.522,176.015,0.000,175.015,2.044,1833,1577,80.0,1,0,68.5
2506,mean_dynamic_mlp_covertype,stable,h3,1776521546791.522,1776521546931.030,139.507,1.001,138.507,2.055,1833,1577,80.0,1,0,73.2
2507,mean_dynamic_mlp_covertype,stable,h3,1776521546933.031,1776521547062.041,129.010,0.000,129.010,1.990,1833,1577,80.0,1,0,68.5
2508,mean_dynamic_mlp_covertype,stable,h3,1776521547064.043,1776521547214.551,150.508,0.000,150.508,1.927,1833,1577,80.0,1,0,72.5
2509,mean_dynamic_mlp_covertype,stable,h3,1776521547216.552,1776521547345.061,128.509,0.000,127.507,1.993,1833,1577,80.0,1,0,69.5
2510,mean_dynamic_mlp_covertype,stable,h3,1776521547346.060,1776521547490.078,144.018,1.001,142.017,1.788,1833,1577,80.0,1,0,69.4
2511,mean_dynamic_mlp_covertype,stable,h3,1776521547491.081,1776521547637.589,146.508,1.002,144.506,1.906,1833,1577,80.0,1,0,70.6
2512,mean_dynamic_mlp_covertype,stable,h3,1776521547638.590,1776521547725.097,86.508,0.000,85.507,2.113,1833,1577,80.0,1,0,68.3
2513,mean_dynamic_mlp_covertype,stable,h3,1776521547727.098,1776521547797.604,70.506,0.000,69.506,2.261,1833,1577,80.0,0,0,70.9
2514,mean_dynamic_mlp_covertype,stable,h3,1776521547799.604,1776521547985.627,186.022,0.000,186.022,1.916,1833,1577,80.0,1,0,70.7
2515,mean_dynamic_mlp_covertype,stable,h3,1776521547987.626,1776521548111.131,123.505,0.000,122.505,1.864,1833,1577,80.0,1,0,67.7
2516,mean_dynamic_mlp_covertype,stable,h3,1776521548112.131,1776521548218.545,106.414,1.002,105.412,1.714,1833,1577,80.0,1,0,68.8
2517,mean_dynamic_mlp_covertype,stable,h3,1776521548220.546,1776521548329.052,108.506,0.000,108.506,1.851,1833,1577,80.0,1,0,68.8
2518,mean_dynamic_mlp_covertype,stable,h3,1776521548330.052,1776521548465.067,135.015,0.000,133.014,1.732,1833,1577,80.0,1,0,69.9
2519,mean_dynamic_mlp_covertype,stable,h3,1776521548466.067,1776521548577.578,111.511,1.001,110.510,1.739,1833,1577,80.0,1,0,68.8
2520,mean_dynamic_mlp_covertype,stable,h3,1776521548579.578,1776521548711.085,131.507,0.000,130.506,1.780,1833,1577,80.0,1,0,68.2
2521,mean_dynamic_mlp_covertype,stable,h3,1776521548713.085,1776521548800.592,87.507,0.000,85.507,2.059,1833,1577,80.0,1,0,70.1
2522,mean_dynamic_mlp_covertype,stable,h3,1776521548801.592,1776521548938.102,136.510,0.000,136.510,1.907,1833,1577,80.0,1,0,70.5
2523,mean_dynamic_mlp_covertype,stable,h3,1776521548940.100,1776521549054.610,114.510,1.001,113.509,2.044,1833,1577,80.0,1,0,68.5
2524,mean_dynamic_mlp_covertype,stable,h3,1776521549056.610,1776521549154.118,97.508,0.000,96.507,2.118,1833,1577,80.0,1,0,69.6
2525,mean_dynamic_mlp_covertype,stable,h3,1776521549155.117,1776521549248.624,93.507,1.000,92.507,2.271,1833,1577,80.0,1,0,68.0
2526,mean_dynamic_mlp_covertype,stable,h3,1776521549251.625,1776521549340.130,88.505,0.000,87.505,1.988,1833,1577,80.0,1,0,79.4
2527,mean_dynamic_mlp_covertype,stable,h3,1776521549341.129,1776521549410.646,69.516,0.000,67.511,2.145,1833,1577,80.0,0,0,72.3
2528,mean_dynamic_mlp_covertype,stable,h3,1776521549411.643,1776521549557.152,145.509,0.000,143.507,2.348,1833,1577,80.0,1,0,71.0
2529,mean_dynamic_mlp_covertype,stable,h3,1776521549559.153,1776521549680.164,121.011,0.000,121.011,2.065,1833,1577,80.0,1,0,68.1
2530,mean_dynamic_mlp_covertype,stable,h3,1776521549682.164,1776521549745.163,62.999,0.000,62.999,1.874,1833,1577,80.0,0,0,70.9
2531,mean_dynamic_mlp_covertype,stable,h3,1776521549747.164,1776521549834.674,87.510,0.000,85.504,9.549,1833,1577,80.0,1,0,67.9
2532,mean_dynamic_mlp_covertype,stable,h3,1776521549835.673,1776521549951.183,115.510,1.002,114.508,2.067,1833,1577,80.0,1,0,70.5
2533,mean_dynamic_mlp_covertype,stable,h3,1776521549953.183,1776521550050.694,97.511,0.000,95.508,1.792,1833,1577,80.0,1,0,69.5
2534,mean_dynamic_mlp_covertype,stable,h3,1776521550051.694,1776521550193.709,142.015,1.000,140.011,1.768,1833,1577,80.0,1,0,67.6
2535,mean_dynamic_mlp_covertype,stable,h3,1776521550194.706,1776521550296.223,101.517,1.000,100.517,1.696,1833,1577,80.0,1,0,68.8
2536,mean_dynamic_mlp_covertype,stable,h3,1776521550298.223,1776521550370.499,72.276,0.000,70.274,1.868,1833,1577,80.0,0,0,71.8
2537,mean_dynamic_mlp_covertype,stable,h3,1776521550372.498,1776521550543.005,170.507,0.000,170.507,1.830,1833,1577,80.0,1,0,69.5
2538,mean_dynamic_mlp_covertype,stable,h3,1776521550545.005,1776521550721.021,176.016,0.000,174.010,1.772,1833,1577,80.0,1,0,73.1
2539,mean_dynamic_mlp_covertype,stable,h3,1776521550723.021,1776521550889.035,166.014,0.000,166.014,2.033,1833,1577,80.0,1,0,68.8
2540,mean_dynamic_mlp_covertype,stable,h3,1776521550891.035,1776521551011.542,120.507,0.000,119.507,2.465,1833,1577,80.0,1,0,68.8
2541,mean_dynamic_mlp_covertype,stable,h3,1776521551013.542,1776521551177.556,164.015,0.000,163.014,2.215,1833,1577,80.0,1,0,68.8
2542,mean_dynamic_mlp_covertype,stable,h3,1776521551178.556,1776521551323.065,144.509,0.000,143.509,1.906,1833,1577,80.0,1,0,69.6
2543,mean_dynamic_mlp_covertype,stable,h3,1776521551324.065,1776521551466.080,142.015,1.001,141.014,1.832,1833,1577,80.0,1,0,68.0
2544,mean_dynamic_mlp_covertype,stable,h3,1776521551468.081,1776521551601.589,133.508,0.000,132.508,1.930,1833,1577,80.0,1,0,71.9
2545,mean_dynamic_mlp_covertype,stable,h3,1776521551603.588,1776521551704.094,100.507,0.000,100.507,1.973,1833,1577,80.0,1,0,72.8
2546,mean_dynamic_mlp_covertype,stable,h3,1776521551706.094,1776521551835.603,129.509,0.000,128.509,1.712,1833,1577,80.0,1,0,69.8
2547,mean_dynamic_mlp_covertype,stable,h3,1776521551836.603,1776521551953.113,116.510,0.000,115.510,2.075,1833,1577,80.0,1,0,71.3
2548,mean_dynamic_mlp_covertype,stable,h3,1776521551954.113,1776521552068.125,114.012,1.000,112.012,1.768,1833,1577,80.0,1,0,68.8
2549,mean_dynamic_mlp_covertype,stable,h3,1776521552069.125,1776521552173.632,104.507,1.000,103.508,1.946,1833,1577,80.0,1,0,68.8
2550,mean_dynamic_mlp_covertype,stable,h3,1776521552175.632,1776521552300.140,124.508,0.000,123.508,2.843,1833,1577,80.0,1,0,69.3
2551,mean_dynamic_mlp_covertype,stable,h3,1776521552301.141,1776521552426.647,125.506,1.000,124.505,1.876,1833,1577,80.0,1,0,69.5
2552,mean_dynamic_mlp_covertype,stable,h3,1776521552428.647,1776521552560.160,131.513,0.000,130.510,1.900,1833,1577,80.0,1,0,76.9
2553,mean_dynamic_mlp_covertype,stable,h3,1776521552561.158,1776521552710.884,149.726,0.000,149.726,1.898,1833,1577,80.0,1,0,69.7
2554,mean_dynamic_mlp_covertype,stable,h3,1776521552712.884,1776521552862.896,150.012,0.000,149.010,1.809,1833,1577,80.0,1,0,70.0
2555,mean_dynamic_mlp_covertype,stable,h3,1776521552864.898,1776521553018.406,153.508,0.000,152.507,1.893,1833,1577,80.0,1,0,71.2
2556,mean_dynamic_mlp_covertype,stable,h3,1776521553020.406,1776521553175.422,155.016,0.000,155.016,1.763,1833,1577,80.0,1,0,69.4
2557,mean_dynamic_mlp_covertype,stable,h3,1776521553177.422,1776521553288.934,111.512,0.000,110.510,1.991,1833,1577,80.0,1,0,69.6
2558,mean_dynamic_mlp_covertype,stable,h3,1776521553289.932,1776521553359.935,70.002,1.002,69.000,2.013,1833,1577,80.0,0,0,70.9
2559,mean_dynamic_mlp_covertype,stable,h3,1776521553361.935,1776521553527.949,166.014,0.000,165.014,1.876,1833,1577,80.0,1,0,71.0
2560,mean_dynamic_mlp_covertype,stable,h3,1776521553529.949,1776521553695.962,166.013,0.000,165.013,1.897,1833,1577,80.0,1,0,69.1
2561,mean_dynamic_mlp_covertype,stable,h3,1776521553696.962,1776521553766.469,69.508,0.000,67.505,1.953,1833,1577,80.0,0,0,71.6
2562,mean_dynamic_mlp_covertype,stable,h3,1776521553767.469,1776521553912.976,145.506,1.000,143.507,2.324,1833,1577,80.0,1,0,70.1
2563,mean_dynamic_mlp_covertype,stable,h3,1776521553913.976,1776521554033.483,119.507,1.000,118.507,1.719,1833,1577,80.0,1,0,75.4
2564,mean_dynamic_mlp_covertype,stable,h3,1776521554035.483,1776521554208.497,173.013,0.000,173.013,1.831,1833,1577,80.0,1,0,68.4
2565,mean_dynamic_mlp_covertype,stable,h3,1776521554210.497,1776521554282.005,71.508,0.000,70.506,2.068,1833,1577,80.0,0,0,69.1
2566,mean_dynamic_mlp_covertype,stable,h3,1776521554284.005,1776521554382.516,98.510,0.000,98.510,2.081,1833,1577,80.0,1,0,67.3
2567,mean_dynamic_mlp_covertype,stable,h3,1776521554384.515,1776521554506.023,121.508,0.000,121.508,1.782,1833,1577,80.0,1,0,71.1
2568,mean_dynamic_mlp_covertype,stable,h3,1776521554508.023,1776521554629.057,121.034,1.001,120.033,2.360,1833,1577,80.0,1,0,71.2
2569,mean_dynamic_mlp_covertype,stable,h3,1776521554631.058,1776521554802.072,171.014,0.000,170.011,2.743,1833,1577,80.0,1,0,67.6
2570,mean_dynamic_mlp_covertype,stable,h3,1776521554804.072,1776521554923.579,119.507,0.000,117.507,1.865,1833,1577,80.0,1,0,70.9
2571,mean_dynamic_mlp_covertype,stable,h3,1776521554924.579,1776521555039.087,114.508,0.000,113.507,1.757,1833,1577,80.0,1,0,74.3
2572,mean_dynamic_mlp_covertype,stable,h3,1776521555040.087,1776521555154.543,114.456,1.000,112.456,1.937,1833,1577,80.0,1,0,69.8
2573,mean_dynamic_mlp_covertype,stable,h3,1776521555155.543,1776521555338.559,183.016,1.000,181.015,1.875,1833,1577,80.0,1,0,70.8
2574,mean_dynamic_mlp_covertype,stable,h3,1776521555339.559,1776521555441.066,101.507,0.000,100.505,1.704,1833,1577,80.0,1,0,70.5
2575,mean_dynamic_mlp_covertype,stable,h3,1776521555443.066,1776521555597.081,154.016,0.000,153.015,1.811,1833,1577,80.0,1,0,68.8
2576,mean_dynamic_mlp_covertype,stable,h3,1776521555598.081,1776521555708.589,110.508,1.003,109.505,1.832,1833,1577,80.0,1,0,69.4
2577,mean_dynamic_mlp_covertype,stable,h3,1776521555709.589,1776521555850.101,140.512,1.000,139.512,1.861,1833,1577,80.0,1,0,69.7
2578,mean_dynamic_mlp_covertype,stable,h3,1776521555852.101,1776521556017.119,165.018,0.000,165.018,1.983,1833,1577,80.0,1,0,73.7
2579,mean_dynamic_mlp_covertype,stable,h3,1776521556019.119,1776521556639.961,620.842,0.000,618.912,2.431,1833,1577,80.0,1,0,26.7
2580,mean_dynamic_mlp_covertype,stable,h3,1776521556640.964,1776521556768.961,127.997,0.662,123.608,2.495,1833,1577,80.0,1,0,72.7
2581,mean_dynamic_mlp_covertype,stable,h3,1776521556775.566,1776521556940.078,164.512,0.998,162.513,1.929,1833,1577,80.0,1,0,77.0
2582,mean_dynamic_mlp_covertype,stable,h3,1776521556942.078,1776521557067.094,125.016,1.000,124.016,1.798,1833,1577,80.0,1,0,68.8
2583,mean_dynamic_mlp_covertype,stable,h3,1776521557069.094,1776521557237.601,168.507,0.000,167.507,3.495,1833,1577,80.0,1,0,68.7
2584,mean_dynamic_mlp_covertype,stable,h3,1776521557239.601,1776521557351.110,111.509,0.000,110.509,2.139,1833,1577,80.0,1,0,70.3
2585,mean_dynamic_mlp_covertype,stable,h3,1776521557352.110,1776521557547.123,195.013,0.000,195.013,1.977,1833,1577,80.0,1,0,70.8
2586,mean_dynamic_mlp_covertype,stable,h3,1776521557549.123,1776521557651.633,102.510,0.000,101.510,1.951,1833,1577,80.0,1,0,69.4
2587,mean_dynamic_mlp_covertype,stable,h3,1776521557652.633,1776521557826.647,174.014,0.000,173.014,1.933,1833,1577,80.0,1,0,75.0
2588,mean_dynamic_mlp_covertype,stable,h3,1776521557828.647,1776521557994.661,166.013,0.000,165.013,2.025,1833,1577,80.0,1,0,72.7
2589,mean_dynamic_mlp_covertype,stable,h3,1776521557995.660,1776521558082.168,86.508,1.000,85.508,2.205,1833,1577,80.0,1,0,70.9
2590,mean_dynamic_mlp_covertype,stable,h3,1776521558084.167,1776521558181.674,97.507,0.000,97.507,1.886,1833,1577,80.0,1,0,69.6
2591,mean_dynamic_mlp_covertype,stable,h3,1776521558183.675,1776521558300.181,116.506,0.000,116.506,1.913,1833,1577,80.0,1,0,72.8
2592,mean_dynamic_mlp_covertype,stable,h3,1776521558302.181,1776521558358.184,56.003,0.000,55.002,1.924,1833,1577,80.0,0,0,70.3
2593,mean_dynamic_mlp_covertype,stable,h3,1776521558359.184,1776521558459.691,100.507,0.000,99.507,1.712,1833,1577,80.0,1,0,69.8
2594,mean_dynamic_mlp_covertype,stable,h3,1776521558461.691,1776521558617.703,156.012,0.000,155.012,1.729,1833,1577,80.0,1,0,74.4
2595,mean_dynamic_mlp_covertype,stable,h3,1776521558619.703,1776521558753.215,133.512,0.000,133.512,1.867,1833,1577,80.0,1,0,77.1
2596,mean_dynamic_mlp_covertype,stable,h3,1776521558755.215,1776521558830.720,75.505,0.000,74.504,1.809,1833,1577,80.0,0,0,78.8
2597,mean_dynamic_mlp_covertype,stable,h3,1776521558832.720,1776521558959.229,126.509,0.000,125.509,1.928,1833,1577,80.0,1,0,77.3
2598,mean_dynamic_mlp_covertype,stable,h3,1776521558960.229,1776521559052.737,92.508,0.000,91.507,2.738,1833,1577,80.0,1,0,80.4
2599,mean_dynamic_mlp_covertype,stable,h3,1776521559054.737,1776521559143.242,88.505,1.000,87.505,3.475,1833,1577,80.0,1,0,82.3
2600,mean_dynamic_mlp_covertype,stable,h3,1776521559145.241,1776521559280.257,135.016,0.000,134.016,1.835,1833,1577,80.0,1,0,74.7
2601,mean_dynamic_mlp_covertype,stable,h3,1776521559282.257,1776521559407.766,125.509,0.000,124.509,5.852,1833,1577,80.0,1,0,75.8
2602,mean_dynamic_mlp_covertype,stable,h3,1776521559408.766,1776521559510.274,101.508,1.000,100.508,1.776,1833,1577,80.0,1,0,69.9
2603,mean_dynamic_mlp_covertype,stable,h3,1776521559512.273,1776521559640.781,128.508,0.000,127.507,2.172,1833,1577,80.0,1,0,69.8
2604,mean_dynamic_mlp_covertype,stable,h3,1776521559642.781,1776521559767.796,125.015,0.000,124.011,3.127,1833,1577,80.0,1,0,73.1
2605,mean_dynamic_mlp_covertype,stable,h3,1776521559769.796,1776521559927.302,157.506,0.000,156.506,1.978,1833,1577,80.0,1,0,75.3
2606,mean_dynamic_mlp_covertype,stable,h3,1776521559928.302,1776521560064.814,136.511,1.001,134.510,2.414,1833,1577,80.0,1,0,68.3
2607,mean_dynamic_mlp_covertype,stable,h3,1776521560066.319,1776521560164.824,98.505,0.000,98.505,2.023,1833,1577,80.0,1,0,68.8
2608,mean_dynamic_mlp_covertype,stable,h3,1776521560166.826,1776521560314.348,147.521,0.000,146.522,2.844,1833,1577,80.0,1,0,69.4
2609,mean_dynamic_mlp_covertype,stable,h3,1776521560315.348,1776521560455.862,140.514,1.001,138.510,2.072,1833,1577,80.0,1,0,69.2
2610,mean_dynamic_mlp_covertype,stable,h3,1776521560456.859,1776521560556.370,99.511,0.000,98.508,1.752,1833,1577,80.0,1,0,72.2
2611,mean_dynamic_mlp_covertype,stable,h3,1776521560557.371,1776521560696.385,139.014,0.000,137.010,1.806,1833,1577,80.0,1,0,66.2
2612,mean_dynamic_mlp_covertype,stable,h3,1776521560697.384,1776521560839.892,142.508,1.000,140.508,1.821,1833,1577,80.0,1,0,70.2
2613,mean_dynamic_mlp_covertype,stable,h3,1776521560840.893,1776521561007.907,167.015,1.000,165.014,1.856,1833,1577,80.0,1,0,70.0
2614,mean_dynamic_mlp_covertype,stable,h3,1776521561008.907,1776521561232.270,223.363,0.000,222.362,1.970,1833,1577,80.0,1,0,64.9
2615,mean_dynamic_mlp_covertype,stable,h3,1776521561233.090,1776521561362.494,129.404,0.899,128.505,2.099,1833,1577,80.0,1,0,62.1
2616,mean_dynamic_mlp_covertype,stable,h3,1776521561363.494,1776521561539.510,176.016,0.000,173.510,1.739,1833,1577,80.0,1,0,68.7
2617,mean_dynamic_mlp_covertype,stable,h3,1776521561540.507,1776521561619.014,78.506,1.002,76.504,1.935,1833,1577,80.0,0,0,74.2
2618,mean_dynamic_mlp_covertype,stable,h3,1776521561621.013,1776521561779.027,158.014,0.000,157.013,1.887,1833,1577,80.0,1,0,69.3
2619,mean_dynamic_mlp_covertype,stable,h3,1776521561780.028,1776521561929.535,149.507,1.003,147.503,2.188,1833,1577,80.0,1,0,68.8
2620,mean_dynamic_mlp_covertype,stable,h3,1776521561930.536,1776521562086.349,155.812,0.000,153.810,2.391,1833,1577,80.0,1,0,71.1
2621,mean_dynamic_mlp_covertype,stable,h3,1776521562087.347,1776521562263.855,176.509,0.000,175.301,2.360,1833,1577,80.0,1,0,71.6
2622,mean_dynamic_mlp_covertype,stable,h3,1776521562266.362,1776521562406.867,140.505,0.000,140.505,1.951,1833,1577,80.0,1,0,70.3
2623,mean_dynamic_mlp_covertype,stable,h3,1776521562408.867,1776521562493.378,84.511,0.000,83.510,1.855,1833,1577,80.0,1,0,74.1
2624,mean_dynamic_mlp_covertype,stable,h3,1776521562495.378,1776521562623.884,128.506,0.000,127.507,1.796,1833,1577,80.0,1,0,72.7
2625,mean_dynamic_mlp_covertype,stable,h3,1776521562625.885,1776521562793.904,168.019,1.000,166.016,1.960,1833,1577,80.0,1,0,71.2
2626,mean_dynamic_mlp_covertype,stable,h3,1776521562795.901,1776521562885.407,89.507,0.000,89.507,1.822,1833,1577,80.0,1,0,70.8
2627,mean_dynamic_mlp_covertype,stable,h3,1776521562887.406,1776521563029.914,142.507,0.000,142.507,2.154,1833,1577,80.0,1,0,70.8
2628,mean_dynamic_mlp_covertype,stable,h3,1776521563031.914,1776521563181.686,149.772,0.000,149.772,1.885,1833,1577,80.0,1,0,69.3
2629,mean_dynamic_mlp_covertype,stable,h3,1776521563183.685,1776521563348.191,164.506,0.000,163.506,1.826,1833,1577,80.0,1,0,69.4
2630,mean_dynamic_mlp_covertype,stable,h3,1776521563350.192,1776521563504.209,154.018,0.000,154.018,1.923,1833,1577,80.0,1,0,68.8
2631,mean_dynamic_mlp_covertype,stable,h3,1776521563506.210,1776521563604.719,98.509,0.000,96.505,1.794,1833,1577,80.0,1,0,68.1
2632,mean_dynamic_mlp_covertype,stable,h3,1776521563605.717,1776521563725.224,119.507,0.000,118.506,1.896,1833,1577,80.0,1,0,70.5
2633,mean_dynamic_mlp_covertype,stable,h3,1776521563727.224,1776521563849.732,122.509,0.000,122.509,2.012,1833,1577,80.0,1,0,73.6
2634,mean_dynamic_mlp_covertype,stable,h3,1776521563851.735,1776521563939.240,87.505,0.000,86.504,2.061,1833,1577,80.0,1,0,70.4
2635,mean_dynamic_mlp_covertype,stable,h3,1776521563940.239,1776521564078.253,138.014,1.000,137.013,2.004,1833,1577,80.0,1,0,71.2
2636,mean_dynamic_mlp_covertype,stable,h3,1776521564080.257,1776521564189.761,109.504,0.000,109.504,1.789,1833,1577,80.0,1,0,68.8
2637,mean_dynamic_mlp_covertype,stable,h3,1776521564191.761,1776521564287.270,95.509,0.000,94.506,2.169,1833,1577,80.0,1,0,69.1
2638,mean_dynamic_mlp_covertype,stable,h3,1776521564288.268,1776521564443.777,155.508,0.000,153.506,2.033,1833,1577,80.0,1,0,72.3
2639,mean_dynamic_mlp_covertype,stable,h3,1776521564444.775,1776521564568.790,124.015,0.000,122.014,1.827,1833,1577,80.0,1,0,69.5
2640,mean_dynamic_mlp_covertype,stable,h3,1776521564569.790,1776521564732.302,162.513,0.000,160.508,1.804,1833,1577,80.0,1,0,68.8
2641,mean_dynamic_mlp_covertype,stable,h3,1776521564733.300,1776521564824.806,91.505,0.000,89.051,1.873,1833,1577,80.0,1,0,70.1
2642,mean_dynamic_mlp_covertype,stable,h3,1776521564826.807,1776521564940.316,113.509,0.000,113.509,1.959,1833,1577,80.0,1,0,69.4
2643,mean_dynamic_mlp_covertype,stable,h3,1776521564942.317,1776521565084.928,142.611,0.000,141.611,1.817,1833,1577,80.0,1,0,69.0
2644,mean_dynamic_mlp_covertype,stable,h3,1776521565085.928,1776521565255.439,169.511,0.000,168.510,1.819,1833,1577,80.0,1,0,69.3
2645,mean_dynamic_mlp_covertype,stable,h3,1776521565257.438,1776521565389.450,132.012,0.000,131.013,1.788,1833,1577,80.0,1,0,68.8
2646,mean_dynamic_mlp_covertype,stable,h3,1776521565390.449,1776521565454.453,64.004,1.000,62.003,1.812,1833,1577,80.0,0,0,68.8
2647,mean_dynamic_mlp_covertype,stable,h3,1776521565455.452,1776521565539.958,84.506,0.000,83.505,1.859,1833,1577,80.0,1,0,70.2
2648,mean_dynamic_mlp_covertype,stable,h3,1776521565541.958,1776521565702.978,161.020,0.000,160.018,1.873,1833,1577,80.0,1,0,68.0
2649,mean_dynamic_mlp_covertype,stable,h3,1776521565704.980,1776521565810.082,105.103,0.000,103.104,1.891,1833,1577,80.0,1,0,70.0
2650,mean_dynamic_mlp_covertype,stable,h3,1776521565811.082,1776521565967.098,156.016,1.003,154.008,1.865,1833,1577,80.0,1,0,68.5
2651,mean_dynamic_mlp_covertype,stable,h3,1776521565969.096,1776521566131.604,162.509,0.000,162.509,2.168,1833,1577,80.0,1,0,71.0
2652,mean_dynamic_mlp_covertype,stable,h3,1776521566133.603,1776521566298.278,164.675,0.000,164.675,1.810,1833,1577,80.0,1,0,69.3
2653,mean_dynamic_mlp_covertype,stable,h3,1776521566300.277,1776521566473.290,173.013,0.000,172.013,1.979,1833,1577,80.0,1,0,70.1
2654,mean_dynamic_mlp_covertype,stable,h3,1776521566475.290,1776521566655.799,180.509,0.000,180.509,1.745,1833,1577,80.0,1,0,68.4
2655,mean_dynamic_mlp_covertype,stable,h3,1776521566657.799,1776521566782.812,125.013,0.000,124.012,2.121,1833,1577,80.0,1,0,71.3
2656,mean_dynamic_mlp_covertype,stable,h3,1776521566784.812,1776521566954.326,169.514,0.000,169.514,2.071,1833,1577,80.0,1,0,70.3
2657,mean_dynamic_mlp_covertype,stable,h3,1776521566956.326,1776521567044.831,88.505,0.000,88.505,1.953,1833,1577,80.0,1,0,71.6
2658,mean_dynamic_mlp_covertype,stable,h3,1776521567046.831,1776521567144.339,97.508,0.000,97.508,1.979,1833,1577,80.0,1,0,67.3
2659,mean_dynamic_mlp_covertype,stable,h3,1776521567146.339,1776521567263.853,117.514,0.000,116.511,2.462,1833,1577,80.0,1,0,70.4
2660,mean_dynamic_mlp_covertype,stable,h3,1776521567264.852,1776521567385.869,121.017,0.000,119.514,1.766,1833,1577,80.0,1,0,68.2
2661,mean_dynamic_mlp_covertype,stable,h3,1776521567387.868,1776521567458.872,71.004,0.000,70.002,1.825,1833,1577,80.0,0,0,68.8
2662,mean_dynamic_mlp_covertype,stable,h3,1776521567459.871,1776521567592.701,132.830,0.000,131.829,1.689,1833,1577,80.0,1,0,69.4
2663,mean_dynamic_mlp_covertype,stable,h3,1776521567593.701,1776521567732.207,138.506,1.549,136.958,1.965,1833,1577,80.0,1,0,69.2
2664,mean_dynamic_mlp_covertype,stable,h3,1776521567734.207,1776521567885.223,151.016,0.000,150.016,4.275,1833,1577,80.0,1,0,68.3
2665,mean_dynamic_mlp_covertype,stable,h3,1776521567887.224,1776521567998.732,111.508,0.000,111.508,4.432,1833,1577,80.0,1,0,68.1
2666,mean_dynamic_mlp_covertype,stable,h3,1776521568000.732,1776521568091.245,90.513,0.000,89.510,2.277,1833,1577,80.0,1,0,70.2
2667,mean_dynamic_mlp_covertype,stable,h3,1776521568092.244,1776521568211.749,119.505,0.000,119.505,2.249,1833,1577,80.0,1,0,72.2
2668,mean_dynamic_mlp_covertype,stable,h3,1776521568213.751,1776521568303.419,89.668,0.000,88.666,1.918,1833,1577,80.0,1,0,86.0
2669,mean_dynamic_mlp_covertype,stable,h3,1776521568304.417,1776521568387.925,83.508,0.000,81.503,2.058,1833,1577,80.0,1,0,70.8
2670,mean_dynamic_mlp_covertype,stable,h3,1776521568388.924,1776521568513.193,124.270,0.000,122.269,2.566,1833,1577,80.0,1,0,69.8
2671,mean_dynamic_mlp_covertype,stable,h3,1776521568514.193,1776521568632.705,118.511,0.000,116.921,1.804,1833,1577,80.0,1,0,68.8
2672,mean_dynamic_mlp_covertype,stable,h3,1776521568633.705,1776521568760.221,126.517,1.013,124.500,1.868,1833,1577,80.0,1,0,69.7
2673,mean_dynamic_mlp_covertype,stable,h3,1776521568761.217,1776521568879.229,118.012,1.000,116.012,2.784,1833,1577,80.0,1,0,70.3
2674,mean_dynamic_mlp_covertype,stable,h3,1776521568880.229,1776521568988.793,108.563,1.001,107.562,3.336,1833,1577,80.0,1,0,68.1
2675,mean_dynamic_mlp_covertype,stable,h3,1776521568990.778,1776521569057.781,67.003,0.000,67.003,2.531,1833,1577,80.0,0,0,69.6
2676,mean_dynamic_mlp_covertype,stable,h3,1776521569059.781,1776521569207.794,148.013,0.000,148.013,2.017,1833,1577,80.0,1,0,69.2
2677,mean_dynamic_mlp_covertype,stable,h3,1776521569209.793,1776521569318.303,108.510,0.000,107.510,2.157,1833,1577,80.0,1,0,68.8
2678,mean_dynamic_mlp_covertype,stable,h3,1776521569319.303,1776521569392.811,73.508,1.003,72.505,1.902,1833,1577,80.0,0,0,70.0
2679,mean_dynamic_mlp_covertype,stable,h3,1776521569394.811,1776521569591.828,197.017,0.000,196.013,1.825,1833,1577,80.0,1,0,68.8
2680,mean_dynamic_mlp_covertype,stable,h3,1776521569592.826,1776521569771.567,178.741,0.000,177.651,1.797,1833,1577,80.0,1,0,69.9
2681,mean_dynamic_mlp_covertype,stable,h3,1776521569773.567,1776521569852.572,79.004,0.000,79.004,2.478,1833,1577,80.0,0,0,68.8
2682,mean_dynamic_mlp_covertype,stable,h3,1776521569853.571,1776521569938.835,85.265,0.000,84.264,2.449,1833,1577,80.0,1,0,72.0
2683,mean_dynamic_mlp_covertype,stable,h3,1776521569940.837,1776521570234.866,294.029,0.000,292.898,1.861,1833,1577,80.0,1,0,49.8
2684,mean_dynamic_mlp_covertype,stable,h3,1776521570236.760,1776521570685.942,449.181,1.060,446.158,2.076,1833,1577,80.0,1,0,34.2
2685,mean_dynamic_mlp_covertype,stable,h3,1776521570687.904,1776521571137.289,449.385,1.221,447.143,1.881,1833,1577,80.0,1,0,31.9
2686,mean_dynamic_mlp_covertype,stable,h3,1776521571140.287,1776521571593.191,452.904,0.000,450.531,2.057,1833,1577,80.0,1,0,32.1
2687,mean_dynamic_mlp_covertype,stable,h3,1776521571594.191,1776521572045.107,450.916,1.996,447.930,1.738,1833,1577,80.0,1,0,32.4
2688,mean_dynamic_mlp_covertype,stable,h3,1776521572046.944,1776521572511.778,464.834,0.000,461.871,1.926,1833,1577,80.0,1,0,33.1
2689,mean_dynamic_mlp_covertype,stable,h3,1776521572514.768,1776521573091.235,576.467,2.006,572.470,1.923,1833,1577,80.0,1,0,26.0
2690,mean_dynamic_mlp_covertype,stable,h3,1776521573093.235,1776521573605.812,512.578,1.995,508.592,3.548,1833,1577,80.0,1,0,30.4
2691,mean_dynamic_mlp_covertype,stable,h3,1776521573606.813,1776521574218.120,611.306,1.000,609.430,1.768,1833,1577,80.0,1,0,22.9
2692,mean_dynamic_mlp_covertype,stable,h3,1776521574220.121,1776521574823.729,603.609,1.000,600.604,2.655,1833,1577,80.0,1,0,25.6
2693,mean_dynamic_mlp_covertype,stable,h3,1776521574824.814,1776521575444.340,619.525,0.914,617.616,1.906,1833,1577,80.0,1,0,25.2
2694,mean_dynamic_mlp_covertype,stable,h3,1776521575446.340,1776521576056.832,610.492,1.000,607.985,2.065,1833,1577,80.0,1,0,24.7
2695,mean_dynamic_mlp_covertype,stable,h3,1776521576059.848,1776521576680.595,620.748,1.995,617.758,2.364,1833,1577,80.0,1,0,25.4
2696,mean_dynamic_mlp_covertype,stable,h3,1776521576681.698,1776521577288.752,607.054,1.201,604.881,2.624,1833,1577,80.0,1,0,25.3
2697,mean_dynamic_mlp_covertype,stable,h3,1776521577289.751,1776521577896.473,606.723,0.999,603.710,2.381,1833,1577,80.0,1,0,27.3
2698,mean_dynamic_mlp_covertype,stable,h3,1776521577898.474,1776521578314.876,416.402,1.000,413.786,1.837,1833,1577,80.0,1,0,37.6
2699,mean_dynamic_mlp_covertype,stable,h3,1776521578314.876,1776521578483.391,168.515,1.076,166.506,1.946,1833,1577,80.0,1,0,63.4
2700,mean_dynamic_mlp_covertype,stable,h3,1776521578485.405,1776521578726.794,241.389,0.000,239.414,3.371,1833,1577,80.0,1,0,61.3
2701,mean_dynamic_mlp_covertype,stable,h3,1776521578726.794,1776521578917.844,191.050,1.593,188.451,1.898,1833,1577,80.0,1,0,69.2
2702,mean_dynamic_mlp_covertype,stable,h3,1776521578919.836,1776521579226.221,306.385,1.001,304.667,1.845,1833,1577,80.0,1,0,50.0
2703,mean_dynamic_mlp_covertype,stable,h3,1776521579229.176,1776521579372.718,143.542,0.000,139.545,1.806,1833,1577,80.0,1,0,62.6
2704,mean_dynamic_mlp_covertype,stable,h3,1776521579377.729,1776521579493.248,115.520,1.000,112.520,1.964,1833,1577,80.0,1,0,70.2
2705,mean_dynamic_mlp_covertype,stable,h3,1776521579494.248,1776521579572.755,78.507,0.000,76.506,2.036,1833,1577,80.0,0,0,71.9
2706,mean_dynamic_mlp_covertype,stable,h3,1776521579573.755,1776521579654.261,80.507,0.000,79.507,1.764,1833,1577,80.0,1,0,70.5
2707,mean_dynamic_mlp_covertype,stable,h3,1776521579656.261,1776521579839.276,183.014,0.000,181.011,4.209,1833,1577,80.0,1,0,68.0
2708,mean_dynamic_mlp_covertype,stable,h3,1776521579840.273,1776521579967.780,127.507,1.000,125.507,1.911,1833,1577,80.0,1,0,68.8
2709,mean_dynamic_mlp_covertype,stable,h3,1776521579968.780,1776521580123.795,155.014,0.000,153.014,2.191,1833,1577,80.0,1,0,71.4
2710,mean_dynamic_mlp_covertype,stable,h3,1776521580124.795,1776521580260.808,136.013,0.000,134.011,1.844,1833,1577,80.0,1,0,69.9
2711,mean_dynamic_mlp_covertype,stable,h3,1776521580262.808,1776521580558.537,295.729,0.000,293.665,1.960,1833,1577,80.0,1,0,53.6
2712,mean_dynamic_mlp_covertype,stable,h3,1776521580559.474,1776521580772.540,213.066,1.005,209.812,1.765,1833,1577,80.0,1,0,64.6
2713,mean_dynamic_mlp_covertype,stable,h3,1776521580774.542,1776521580875.042,100.500,1.005,97.497,1.855,1833,1577,80.0,1,0,64.3
2714,mean_dynamic_mlp_covertype,stable,h3,1776521580877.041,1776521581001.550,124.509,0.000,123.506,1.793,1833,1577,80.0,1,0,69.8
2715,mean_dynamic_mlp_covertype,stable,h3,1776521581003.565,1776521581151.257,147.692,0.985,145.706,5.386,1833,1577,80.0,1,0,69.6
2716,mean_dynamic_mlp_covertype,stable,h3,1776521581152.257,1776521581253.763,101.506,0.000,100.506,7.107,1833,1577,80.0,1,0,68.8
2717,mean_dynamic_mlp_covertype,stable,h3,1776521581255.763,1776521581385.270,129.507,0.000,129.507,1.983,1833,1577,80.0,1,0,70.4
2718,mean_dynamic_mlp_covertype,stable,h3,1776521581387.270,1776521581553.284,166.014,0.000,165.013,1.993,1833,1577,80.0,1,0,68.7
2719,mean_dynamic_mlp_covertype,stable,h3,1776521581555.283,1776521581747.297,192.014,0.000,191.013,2.330,1833,1577,80.0,1,0,70.4
2720,mean_dynamic_mlp_covertype,stable,h3,1776521581749.297,1776521581955.415,206.117,0.000,206.117,2.849,1833,1577,80.0,1,0,70.4
2721,mean_dynamic_mlp_covertype,stable,h3,1776521581956.431,1776521582053.935,97.504,1.001,95.503,6.587,1833,1577,80.0,1,0,66.0
2722,mean_dynamic_mlp_covertype,stable,h3,1776521582054.935,1776521582144.442,89.507,1.000,88.507,2.384,1833,1577,80.0,1,0,71.9
2723,mean_dynamic_mlp_covertype,stable,h3,1776521582146.442,1776521582265.949,119.507,0.000,118.507,1.812,1833,1577,80.0,1,0,69.3
2724,mean_dynamic_mlp_covertype,stable,h3,1776521582267.949,1776521582444.964,177.015,0.000,176.015,3.963,1833,1577,80.0,1,0,68.4
2725,mean_dynamic_mlp_covertype,stable,h3,1776521582446.964,1776521582602.473,155.509,0.000,155.509,2.395,1833,1577,80.0,1,0,72.5
2726,mean_dynamic_mlp_covertype,stable,h3,1776521582604.473,1776521582721.485,117.013,0.000,117.013,4.026,1833,1577,80.0,1,0,68.8
2727,mean_dynamic_mlp_covertype,stable,h3,1776521582723.485,1776521582852.992,129.506,0.000,129.506,5.985,1833,1577,80.0,1,0,71.5
2728,mean_dynamic_mlp_covertype,stable,h3,1776521582854.992,1776521583050.005,195.013,0.000,194.013,2.603,1833,1577,80.0,1,0,70.0
2729,mean_dynamic_mlp_covertype,stable,h3,1776521583052.006,1776521583126.514,74.509,0.000,73.507,2.142,1833,1577,80.0,0,0,70.4
2730,mean_dynamic_mlp_covertype,stable,h3,1776521583128.513,1776521583240.020,111.507,0.000,111.507,1.827,1833,1577,80.0,1,0,68.7
2731,mean_dynamic_mlp_covertype,stable,h3,1776521583242.020,1776521583332.528,90.509,0.000,89.508,2.126,1833,1577,80.0,1,0,70.8
2732,mean_dynamic_mlp_covertype,stable,h3,1776521583334.528,1776521583481.035,146.506,0.000,146.506,1.944,1833,1577,80.0,1,0,70.4
2733,mean_dynamic_mlp_covertype,stable,h3,1776521583482.035,1776521583590.542,108.507,1.000,106.507,2.285,1833,1577,80.0,1,0,69.6
2734,mean_dynamic_mlp_covertype,stable,h3,1776521583591.542,1776521583700.048,108.506,1.000,107.506,2.611,1833,1577,80.0,1,0,68.8
2735,mean_dynamic_mlp_covertype,stable,h3,1776521583702.051,1776521583841.063,139.012,0.000,138.012,3.017,1833,1577,80.0,1,0,69.7
2736,mean_dynamic_mlp_covertype,stable,h3,1776521583843.063,1776521583928.569,85.506,0.000,85.506,2.066,1833,1577,80.0,1,0,68.8
2737,mean_dynamic_mlp_covertype,stable,h3,1776521583930.569,1776521584085.078,154.509,0.000,154.509,1.898,1833,1577,80.0,1,0,72.0
2738,mean_dynamic_mlp_covertype,stable,h3,1776521584087.077,1776521584207.590,120.513,0.000,118.511,1.910,1833,1577,80.0,1,0,77.5
2739,mean_dynamic_mlp_covertype,stable,h3,1776521584208.590,1776521584325.602,117.012,1.000,116.012,1.902,1833,1577,80.0,1,0,69.3
2740,mean_dynamic_mlp_covertype,stable,h3,1776521584327.602,1776521584477.032,149.430,0.000,149.430,1.793,1833,1577,80.0,1,0,70.3
2741,mean_dynamic_mlp_covertype,stable,h3,1776521584479.032,1776521584584.539,105.507,0.000,105.507,3.710,1833,1577,80.0,1,0,72.1
2742,mean_dynamic_mlp_covertype,stable,h3,1776521584586.539,1776521584705.050,118.512,0.000,116.509,1.966,1833,1577,80.0,1,0,69.2
2743,mean_dynamic_mlp_covertype,stable,h3,1776521584706.049,1776521584875.061,169.012,1.000,167.011,1.944,1833,1577,80.0,1,0,69.5
2744,mean_dynamic_mlp_covertype,stable,h3,1776521584876.061,1776521584994.573,118.512,1.000,116.507,2.309,1833,1577,80.0,1,0,74.2
2745,mean_dynamic_mlp_covertype,stable,h3,1776521584995.568,1776521585087.075,91.506,0.000,90.506,1.961,1833,1577,80.0,1,0,67.9
2746,mean_dynamic_mlp_covertype,stable,h3,1776521585088.075,1776521585204.584,116.509,1.000,115.509,2.057,1833,1577,80.0,1,0,71.1
2747,mean_dynamic_mlp_covertype,stable,h3,1776521585206.584,1776521585297.089,90.505,1.000,89.505,2.328,1833,1577,80.0,1,0,69.8
2748,mean_dynamic_mlp_covertype,stable,h3,1776521585298.089,1776521585445.102,147.013,1.000,146.013,1.953,1833,1577,80.0,1,0,68.8
2749,mean_dynamic_mlp_covertype,stable,h3,1776521585447.102,1776521585566.609,119.507,0.000,118.506,2.039,1833,1577,80.0,1,0,72.7
2750,mean_dynamic_mlp_covertype,stable,h3,1776521585568.609,1776521585658.118,89.509,0.000,89.509,1.997,1833,1577,80.0,1,0,69.9
2751,mean_dynamic_mlp_covertype,stable,h3,1776521585660.118,1776521585749.625,89.507,0.000,88.507,2.251,1833,1577,80.0,1,0,67.0
2752,mean_dynamic_mlp_covertype,stable,h3,1776521585750.625,1776521585885.135,134.510,0.000,132.507,1.908,1833,1577,80.0,1,0,69.0
2753,mean_dynamic_mlp_covertype,stable,h3,1776521585886.136,1776521585997.639,111.503,0.000,109.506,2.228,1833,1577,80.0,1,0,70.3
2754,mean_dynamic_mlp_covertype,stable,h3,1776521585998.639,1776521586078.146,79.507,1.000,78.507,2.041,1833,1577,80.0,0,0,69.1
2755,mean_dynamic_mlp_covertype,stable,h3,1776521586079.146,1776521586203.655,124.509,1.001,123.508,1.727,1833,1577,80.0,1,0,68.8
2756,mean_dynamic_mlp_covertype,stable,h3,1776521586205.655,1776521586300.160,94.504,0.000,93.504,2.374,1833,1577,80.0,1,0,68.4
2757,mean_dynamic_mlp_covertype,stable,h3,1776521586302.162,1776521586430.173,128.011,1.000,127.011,1.856,1833,1577,80.0,1,0,68.8
2758,mean_dynamic_mlp_covertype,stable,h3,1776521586432.174,1776521586561.682,129.508,0.000,128.508,1.944,1833,1577,80.0,1,0,73.6
2759,mean_dynamic_mlp_covertype,stable,h3,1776521586563.682,1776521586685.188,121.506,0.000,121.506,1.731,1833,1577,80.0,1,0,66.7
2760,mean_dynamic_mlp_covertype,stable,h3,1776521586687.188,1776521586824.203,137.015,0.000,136.011,2.415,1833,1577,80.0,1,0,69.7
2761,mean_dynamic_mlp_covertype,stable,h3,1776521586826.203,1776521586954.710,128.507,1.000,126.507,2.012,1833,1577,80.0,1,0,70.5
2762,mean_dynamic_mlp_covertype,stable,h3,1776521586955.710,1776521587070.218,114.508,1.000,113.508,1.979,1833,1577,80.0,1,0,69.4
2763,mean_dynamic_mlp_covertype,stable,h3,1776521587072.219,1776521587186.725,114.506,0.000,114.506,1.935,1833,1577,80.0,1,0,70.5
2764,mean_dynamic_mlp_covertype,stable,h3,1776521587188.725,1776521587280.232,91.507,0.000,90.507,2.807,1833,1577,80.0,1,0,68.8
2765,mean_dynamic_mlp_covertype,stable,h3,1776521587282.232,1776521587384.739,102.507,0.000,101.507,1.842,1833,1577,80.0,1,0,70.9
2766,mean_dynamic_mlp_covertype,stable,h3,1776521587386.739,1776521587507.248,120.509,1.000,119.509,1.849,1833,1577,80.0,1,0,67.5
2767,mean_dynamic_mlp_covertype,stable,h3,1776521587508.248,1776521587617.267,109.019,1.000,108.019,1.760,1833,1577,80.0,1,0,70.5
2768,mean_dynamic_mlp_covertype,stable,h3,1776521587619.267,1776521587761.776,142.509,0.000,141.506,2.019,1833,1577,80.0,1,0,70.4
2769,mean_dynamic_mlp_covertype,stable,h3,1776521587763.776,1776521587836.283,72.507,1.000,70.507,1.962,1833,1577,80.0,0,0,69.2
2770,mean_dynamic_mlp_covertype,stable,h3,1776521587837.283,1776521587953.790,116.507,1.000,115.506,1.786,1833,1577,80.0,1,0,71.1
2771,mean_dynamic_mlp_covertype,stable,h3,1776521587955.790,1776521588063.297,107.507,0.000,106.507,1.857,1833,1577,80.0,1,0,69.0
2772,mean_dynamic_mlp_covertype,stable,h3,1776521588065.297,1776521588215.812,150.515,0.000,148.514,2.023,1833,1577,80.0,1,0,69.4
2773,mean_dynamic_mlp_covertype,stable,h3,1776521588217.318,1776521588277.317,59.999,1.000,59.000,1.808,1833,1577,80.0,0,0,69.4
2774,mean_dynamic_mlp_covertype,stable,h3,1776521588279.318,1776521588360.825,81.508,0.000,81.508,1.956,1833,1577,80.0,1,0,67.1
2775,mean_dynamic_mlp_covertype,stable,h3,1776521588362.825,1776521588478.333,115.507,0.000,115.507,1.835,1833,1577,80.0,1,0,69.8
2776,mean_dynamic_mlp_covertype,stable,h3,1776521588480.333,1776521588579.840,99.507,0.000,99.507,1.946,1833,1577,80.0,1,0,68.8
2777,mean_dynamic_mlp_covertype,stable,h3,1776521588581.840,1776521588770.854,189.015,0.000,188.014,1.977,1833,1577,80.0,1,0,68.0
2778,mean_dynamic_mlp_covertype,stable,h3,1776521588772.854,1776521588895.362,122.507,0.000,121.507,1.969,1833,1577,80.0,1,0,70.4
2779,mean_dynamic_mlp_covertype,stable,h3,1776521588897.362,1776521588988.869,91.507,1.000,90.507,1.763,1833,1577,80.0,1,0,66.7
2780,mean_dynamic_mlp_covertype,stable,h3,1776521588990.870,1776521589128.885,138.015,0.000,138.015,1.884,1833,1577,80.0,1,0,68.8
2781,mean_dynamic_mlp_covertype,stable,h3,1776521589130.884,1776521589212.886,82.002,0.000,81.002,1.946,1833,1577,80.0,1,0,69.5
2782,mean_dynamic_mlp_covertype,stable,h3,1776521589214.886,1776521589361.899,147.012,0.000,145.012,2.299,1833,1577,80.0,1,0,68.3
2783,mean_dynamic_mlp_covertype,stable,h3,1776521589362.899,1776521589481.222,118.323,0.000,117.322,1.925,1833,1577,80.0,1,0,69.5
2784,mean_dynamic_mlp_covertype,stable,h3,1776521589483.222,1776521589629.236,146.014,0.000,145.014,1.749,1833,1577,80.0,1,0,68.8
2785,mean_dynamic_mlp_covertype,stable,h3,1776521589631.236,1776521589730.750,99.514,0.000,98.509,1.719,1833,1577,80.0,1,0,68.8
2786,mean_dynamic_mlp_covertype,stable,h3,1776521589731.748,1776521589886.253,154.505,0.000,154.505,1.750,1833,1577,80.0,1,0,69.8
2787,mean_dynamic_mlp_covertype,stable,h3,1776521589888.253,1776521590052.266,164.013,0.000,164.013,1.800,1833,1577,80.0,1,0,68.8
2788,mean_dynamic_mlp_covertype,stable,h3,1776521590053.266,1776521590190.775,137.508,1.000,135.506,2.325,1833,1577,80.0,1,0,69.9
2789,mean_dynamic_mlp_covertype,stable,h3,1776521590191.773,1776521590309.294,117.521,1.001,116.519,2.079,1833,1577,80.0,1,0,72.7
2790,mean_dynamic_mlp_covertype,stable,h3,1776521590311.294,1776521590419.306,108.013,0.000,107.013,1.759,1833,1577,80.0,1,0,71.7
2791,mean_dynamic_mlp_covertype,stable,h3,1776521590420.306,1776521590599.813,179.506,0.000,178.506,1.792,1833,1577,80.0,1,0,69.9
2792,mean_dynamic_mlp_covertype,stable,h3,1776521590601.815,1776521590729.835,128.019,0.000,127.019,1.734,1833,1577,80.0,1,0,69.7
2793,mean_dynamic_mlp_covertype,stable,h3,1776521590731.835,1776521590853.344,121.509,0.000,119.509,2.157,1833,1577,80.0,1,0,75.0
2794,mean_dynamic_mlp_covertype,stable,h3,1776521590854.344,1776521590975.854,121.510,0.000,119.510,2.052,1833,1577,80.0,1,0,75.0
2795,mean_dynamic_mlp_covertype,stable,h3,1776521590976.854,1776521591114.364,137.510,1.001,136.509,2.151,1833,1577,80.0,1,0,70.6
2796,mean_dynamic_mlp_covertype,stable,h3,1776521591116.364,1776521591221.382,105.019,0.508,103.511,1.811,1833,1577,80.0,1,0,68.1
2797,mean_dynamic_mlp_covertype,stable,h3,1776521591222.383,1776521591299.383,77.000,1.000,76.000,2.075,1833,1577,80.0,0,0,70.5
2798,mean_dynamic_mlp_covertype,stable,h3,1776521591301.383,1776521591429.396,128.013,0.000,128.013,2.077,1833,1577,80.0,1,0,68.2
2799,mean_dynamic_mlp_covertype,stable,h3,1776521591431.397,1776521591534.903,103.506,0.000,102.506,1.751,1833,1577,80.0,1,0,71.7
2800,mean_dynamic_mlp_covertype,stable,h3,1776521591536.903,1776521591653.410,116.507,0.000,115.507,1.729,1833,1577,80.0,1,0,70.1
2801,mean_dynamic_mlp_covertype,stable,h3,1776521591655.410,1776521591766.918,111.508,0.000,109.507,1.831,1833,1577,80.0,1,0,69.0
2802,mean_dynamic_mlp_covertype,stable,h3,1776521591768.917,1776521591928.933,160.015,0.000,160.015,1.934,1833,1577,80.0,1,0,70.3
2803,mean_dynamic_mlp_covertype,stable,h3,1776521591929.933,1776521592045.440,115.507,1.000,114.507,1.810,1833,1577,80.0,1,0,69.5
2804,mean_dynamic_mlp_covertype,stable,h3,1776521592047.440,1776521592185.947,138.507,0.000,137.507,2.051,1833,1577,80.0,1,0,68.8
2805,mean_dynamic_mlp_covertype,stable,h3,1776521592186.946,1776521592323.960,137.014,0.000,136.014,1.987,1833,1577,80.0,1,0,68.8
2806,mean_dynamic_mlp_covertype,stable,h3,1776521592325.963,1776521592464.468,138.505,0.000,136.506,2.021,1833,1577,80.0,1,0,68.3
2807,mean_dynamic_mlp_covertype,stable,h3,1776521592465.468,1776521592630.494,165.026,1.003,164.022,1.775,1833,1577,80.0,1,0,75.6
2808,mean_dynamic_mlp_covertype,stable,h3,1776521592632.492,1776521592773.997,141.504,0.000,140.503,1.886,1833,1577,80.0,1,0,72.9
2809,mean_dynamic_mlp_covertype,stable,h3,1776521592775.997,1776521592872.504,96.508,0.000,96.508,2.110,1833,1577,80.0,1,0,70.5
2810,mean_dynamic_mlp_covertype,stable,h3,1776521592874.505,1776521593053.518,179.013,0.000,179.013,1.831,1833,1577,80.0,1,0,69.1
2811,mean_dynamic_mlp_covertype,stable,h3,1776521593055.518,1776521593152.025,96.507,0.000,95.507,2.282,1833,1577,80.0,1,0,70.5
2812,mean_dynamic_mlp_covertype,stable,h3,1776521593154.026,1776521593276.533,122.507,0.000,122.507,1.920,1833,1577,80.0,1,0,71.2
2813,mean_dynamic_mlp_covertype,stable,h3,1776521593278.532,1776521593395.039,116.507,0.000,114.506,1.870,1833,1577,80.0,1,0,70.3
2814,mean_dynamic_mlp_covertype,stable,h3,1776521593396.040,1776521593525.053,129.014,1.000,128.014,1.698,1833,1577,80.0,1,0,72.0
2815,mean_dynamic_mlp_covertype,stable,h3,1776521593526.053,1776521593602.056,76.003,1.000,75.003,1.986,1833,1577,80.0,0,0,66.7
2816,mean_dynamic_mlp_covertype,stable,h3,1776521593604.056,1776521593761.073,157.017,0.000,155.010,1.763,1833,1577,80.0,1,0,71.2
2817,mean_dynamic_mlp_covertype,stable,h3,1776521593762.069,1776521593879.575,117.506,0.000,116.507,2.046,1833,1577,80.0,1,0,70.3
2818,mean_dynamic_mlp_covertype,stable,h3,1776521593881.576,1776521593977.083,95.507,0.000,93.506,2.049,1833,1577,80.0,1,0,69.1
2819,mean_dynamic_mlp_covertype,stable,h3,1776521593978.083,1776521594086.592,108.509,0.000,106.509,2.533,1833,1577,80.0,1,0,70.5
2820,mean_dynamic_mlp_covertype,stable,h3,1776521594087.592,1776521594236.608,149.016,1.001,147.015,1.766,1833,1577,80.0,1,0,72.5
2821,mean_dynamic_mlp_covertype,stable,h3,1776521594237.608,1776521594383.117,145.510,1.000,143.507,2.159,1833,1577,80.0,1,0,67.8
2822,mean_dynamic_mlp_covertype,stable,h3,1776521594384.116,1776521594557.651,173.536,1.000,172.535,1.764,1833,1577,80.0,1,0,73.1
2823,mean_dynamic_mlp_covertype,stable,h3,1776521594559.651,1776521594736.667,177.016,0.000,175.015,2.028,1833,1577,80.0,1,0,69.1
2824,mean_dynamic_mlp_covertype,stable,h3,1776521594737.666,1776521594876.173,138.507,0.000,136.506,1.795,1833,1577,80.0,1,0,70.7
2825,mean_dynamic_mlp_covertype,stable,h3,1776521594877.173,1776521595057.188,180.015,1.000,179.015,1.800,1833,1577,80.0,1,0,71.1
2826,mean_dynamic_mlp_covertype,stable,h3,1776521595059.188,1776521595157.696,98.508,0.000,98.508,2.038,1833,1577,80.0,1,0,70.5
2827,mean_dynamic_mlp_covertype,stable,h3,1776521595158.696,1776521595324.711,166.014,1.000,165.014,1.888,1833,1577,80.0,1,0,68.8
2828,mean_dynamic_mlp_covertype,stable,h3,1776521595326.711,1776521595401.711,75.000,0.000,74.000,1.773,1833,1577,80.0,0,0,69.6
2829,mean_dynamic_mlp_covertype,stable,h3,1776521595402.714,1776521595500.219,97.505,0.000,95.505,1.968,1833,1577,80.0,1,0,68.8
2830,mean_dynamic_mlp_covertype,stable,h3,1776521595502.221,1776521595655.234,153.012,0.000,153.012,1.759,1833,1577,80.0,1,0,68.8
2831,mean_dynamic_mlp_covertype,stable,h3,1776521595657.234,1776521595722.740,65.507,0.000,65.507,1.949,1833,1577,80.0,0,0,70.3
2832,mean_dynamic_mlp_covertype,stable,h3,1776521595724.741,1776521595879.910,155.169,0.000,154.167,1.887,1833,1577,80.0,1,0,67.9
2833,mean_dynamic_mlp_covertype,stable,h3,1776521595880.908,1776521596044.922,164.014,0.000,163.013,1.881,1833,1577,80.0,1,0,70.9
2834,mean_dynamic_mlp_covertype,stable,h3,1776521596046.922,1776521596134.038,87.115,0.000,86.115,1.777,1833,1577,80.0,1,0,67.9
2835,mean_dynamic_mlp_covertype,stable,h3,1776521596135.037,1776521596220.545,85.508,1.003,84.505,3.068,1833,1577,80.0,1,0,70.8
2836,mean_dynamic_mlp_covertype,stable,h3,1776521596222.545,1776521596312.547,90.002,0.000,90.002,1.850,1833,1577,80.0,1,0,69.5
2837,mean_dynamic_mlp_covertype,stable,h3,1776521596314.547,1776521596428.562,114.015,0.000,114.015,1.928,1833,1577,80.0,1,0,68.1
2838,mean_dynamic_mlp_covertype,stable,h3,1776521596429.563,1776521596609.070,179.508,0.000,179.508,1.905,1833,1577,80.0,1,0,69.3
2839,mean_dynamic_mlp_covertype,stable,h3,1776521596611.070,1776521596660.576,49.505,0.000,47.505,3.254,1833,1577,80.0,0,0,68.8
2840,mean_dynamic_mlp_covertype,stable,h3,1776521596661.576,1776521596828.591,167.015,1.001,166.014,2.243,1833,1577,80.0,1,0,69.5
2841,mean_dynamic_mlp_covertype,stable,h3,1776521596830.591,1776521596922.097,91.506,0.000,90.506,1.914,1833,1577,80.0,1,0,72.0
2842,mean_dynamic_mlp_covertype,stable,h3,1776521596924.098,1776521597099.606,175.508,1.000,173.508,1.898,1833,1577,80.0,1,0,71.7
2843,mean_dynamic_mlp_covertype,stable,h3,1776521597100.606,1776521597273.624,173.018,1.000,172.017,2.199,1833,1577,80.0,1,0,69.3
2844,mean_dynamic_mlp_covertype,stable,h3,1776521597275.624,1776521597363.131,87.508,0.000,87.508,1.772,1833,1577,80.0,1,0,70.8
2845,mean_dynamic_mlp_covertype,stable,h3,1776521597365.131,1776521597521.147,156.015,0.000,156.015,1.873,1833,1577,80.0,1,0,69.4
2846,mean_dynamic_mlp_covertype,stable,h3,1776521597523.146,1776521597643.652,120.507,0.000,119.506,5.845,1833,1577,80.0,1,0,69.5
2847,mean_dynamic_mlp_covertype,stable,h3,1776521597644.652,1776521597767.161,122.509,1.000,120.508,2.634,1833,1577,80.0,1,0,69.8
2848,mean_dynamic_mlp_covertype,stable,h3,1776521597768.161,1776521597939.176,171.015,0.000,170.015,2.336,1833,1577,80.0,1,0,71.6
2849,mean_dynamic_mlp_covertype,stable,h3,1776521597941.177,1776521598078.686,137.509,0.000,136.509,2.816,1833,1577,80.0,1,0,69.7
2850,mean_dynamic_mlp_covertype,stable,h3,1776521598080.686,1776521598204.196,123.510,0.000,122.510,1.862,1833,1577,80.0,1,0,68.2
2851,mean_dynamic_mlp_covertype,stable,h3,1776521598206.195,1776521598372.208,166.013,0.000,166.013,1.941,1833,1577,80.0,1,0,69.7
2852,mean_dynamic_mlp_covertype,stable,h3,1776521598374.208,1776521598452.715,78.507,0.000,78.507,1.757,1833,1577,80.0,0,0,67.1
2853,mean_dynamic_mlp_covertype,stable,h3,1776521598453.715,1776521598588.222,134.508,1.000,133.508,2.009,1833,1577,80.0,1,0,69.2
2854,mean_dynamic_mlp_covertype,stable,h3,1776521598589.222,1776521598712.733,123.510,1.000,122.510,2.280,1833,1577,80.0,1,0,70.3
2855,mean_dynamic_mlp_covertype,stable,h3,1776521598714.733,1776521598823.747,109.014,0.000,108.014,1.940,1833,1577,80.0,1,0,68.1
2856,mean_dynamic_mlp_covertype,stable,h3,1776521598824.747,1776521598937.254,112.507,1.000,111.507,1.795,1833,1577,80.0,1,0,68.8
2857,mean_dynamic_mlp_covertype,stable,h3,1776521598939.254,1776521599084.762,145.508,0.000,144.508,1.987,1833,1577,80.0,1,0,68.8
2858,mean_dynamic_mlp_covertype,stable,h3,1776521599086.761,1776521599267.776,181.015,1.000,180.015,1.897,1833,1577,80.0,1,0,70.2
2859,mean_dynamic_mlp_covertype,stable,h3,1776521599269.776,1776521599405.285,135.509,0.000,133.509,2.052,1833,1577,80.0,1,0,69.4
2860,mean_dynamic_mlp_covertype,stable,h3,1776521599406.287,1776521599567.298,161.010,1.000,160.010,2.066,1833,1577,80.0,1,0,68.5
2861,mean_dynamic_mlp_covertype,stable,h3,1776521599569.298,1776521599624.805,55.507,0.000,54.506,2.478,1833,1577,80.0,0,0,72.1
2862,mean_dynamic_mlp_covertype,stable,h3,1776521599626.805,1776521599786.313,159.508,0.000,158.509,2.156,1833,1577,80.0,1,0,68.7
2863,mean_dynamic_mlp_covertype,stable,h3,1776521599787.313,1776521599865.821,78.508,0.000,77.507,2.205,1833,1577,80.0,0,0,69.6
2864,mean_dynamic_mlp_covertype,stable,h3,1776521599866.822,1776521600008.331,141.509,0.000,140.510,2.201,1833,1577,80.0,1,0,68.3
2865,mean_dynamic_mlp_covertype,stable,h3,1776521600010.331,1776521600161.343,151.012,0.000,149.012,1.872,1833,1577,80.0,1,0,69.4
2866,mean_dynamic_mlp_covertype,stable,h3,1776521600162.343,1776521600264.862,102.519,1.000,100.520,1.988,1833,1577,80.0,1,0,69.4
2867,mean_dynamic_mlp_covertype,stable,h3,1776521600265.863,1776521600344.371,78.508,0.000,77.507,2.064,1833,1577,80.0,0,0,69.6
2868,mean_dynamic_mlp_covertype,stable,h3,1776521600345.370,1776521600442.878,97.508,1.000,96.508,1.825,1833,1577,80.0,1,0,69.4
2869,mean_dynamic_mlp_covertype,stable,h3,1776521600444.878,1776521600571.385,126.507,0.000,126.507,2.331,1833,1577,80.0,1,0,69.2
2870,mean_dynamic_mlp_covertype,stable,h3,1776521600573.385,1776521600639.892,66.508,0.000,66.508,1.875,1833,1577,80.0,0,0,70.9
2871,mean_dynamic_mlp_covertype,stable,h3,1776521600641.892,1776521600720.401,78.509,0.000,77.509,1.965,1833,1577,80.0,0,0,67.9
2872,mean_dynamic_mlp_covertype,stable,h3,1776521600722.401,1776521600834.909,112.508,0.000,111.507,1.903,1833,1577,80.0,1,0,71.7
2873,mean_dynamic_mlp_covertype,stable,h3,1776521600836.909,1776521600932.416,95.507,0.000,95.507,1.950,1833,1577,80.0,1,0,73.4
2874,mean_dynamic_mlp_covertype,stable,h3,1776521600934.416,1776521601036.929,102.513,0.000,102.513,1.753,1833,1577,80.0,1,0,66.7
2875,mean_dynamic_mlp_covertype,stable,h3,1776521601038.929,1776521601106.931,68.002,0.000,67.002,1.729,1833,1577,80.0,0,0,72.5
2876,mean_dynamic_mlp_covertype,stable,h3,1776521601107.931,1776521601219.944,112.013,1.000,111.013,3.715,1833,1577,80.0,1,0,68.4
2877,mean_dynamic_mlp_covertype,stable,h3,1776521601221.945,1776521601307.947,86.002,0.000,86.002,1.817,1833,1577,80.0,1,0,71.0
2878,mean_dynamic_mlp_covertype,stable,h3,1776521601308.947,1776521601369.452,60.505,1.000,59.504,1.747,1833,1577,80.0,0,0,68.8
2879,mean_dynamic_mlp_covertype,stable,h3,1776521601371.453,1776521601476.959,105.506,0.000,104.506,1.997,1833,1577,80.0,1,0,68.0
2880,mean_dynamic_mlp_covertype,stable,h3,1776521601478.961,1776521601604.469,125.508,0.000,124.508,1.888,1833,1577,80.0,1,0,69.9
2881,mean_dynamic_mlp_covertype,stable,h3,1776521601605.469,1776521601663.979,58.510,0.000,56.510,2.200,1833,1577,80.0,0,0,86.5
2882,mean_dynamic_mlp_covertype,stable,h3,1776521601664.978,1776521601771.488,106.510,1.000,105.509,1.755,1833,1577,80.0,1,0,69.6
2883,mean_dynamic_mlp_covertype,stable,h3,1776521601772.488,1776521601854.995,82.508,0.000,80.508,1.751,1833,1577,80.0,1,0,69.8
2884,mean_dynamic_mlp_covertype,stable,h3,1776521601856.995,1776521601983.502,126.507,0.000,126.507,2.056,1833,1577,80.0,1,0,69.3
2885,mean_dynamic_mlp_covertype,stable,h3,1776521601985.502,1776521602071.010,85.507,0.000,84.507,2.408,1833,1577,80.0,1,0,67.9
2886,mean_dynamic_mlp_covertype,stable,h3,1776521602073.010,1776521602219.025,146.015,0.000,146.015,1.891,1833,1577,80.0,1,0,69.4
2887,mean_dynamic_mlp_covertype,stable,h3,1776521602221.025,1776521602343.532,122.507,0.000,121.507,1.949,1833,1577,80.0,1,0,69.8
2888,mean_dynamic_mlp_covertype,stable,h3,1776521602344.532,1776521602527.546,183.014,0.000,181.012,1.779,1833,1577,80.0,1,0,69.2
2889,mean_dynamic_mlp_covertype,stable,h3,1776521602528.545,1776521602678.053,149.507,1.000,148.507,2.049,1833,1577,80.0,1,0,73.1
2890,mean_dynamic_mlp_covertype,stable,h3,1776521602680.052,1776521602794.565,114.512,1.001,113.512,2.071,1833,1577,80.0,1,0,69.5
2891,mean_dynamic_mlp_covertype,stable,h3,1776521602796.565,1776521602901.073,104.508,0.000,103.508,1.791,1833,1577,80.0,1,0,70.3
2892,mean_dynamic_mlp_covertype,stable,h3,1776521602903.075,1776521603010.582,107.507,0.000,106.506,1.942,1833,1577,80.0,1,0,69.9
2893,mean_dynamic_mlp_covertype,stable,h3,1776521603012.582,1776521603179.594,167.012,0.000,167.012,2.096,1833,1577,80.0,1,0,69.2
2894,mean_dynamic_mlp_covertype,stable,h3,1776521603181.594,1776521603252.102,70.508,0.000,68.505,1.813,1833,1577,80.0,0,0,68.3
2895,mean_dynamic_mlp_covertype,stable,h3,1776521603253.102,1776521603370.610,117.508,0.000,115.507,3.253,1833,1577,80.0,1,0,68.8
2896,mean_dynamic_mlp_covertype,stable,h3,1776521603371.609,1776521603486.631,115.022,0.000,114.022,2.043,1833,1577,80.0,1,0,72.3
2897,mean_dynamic_mlp_covertype,stable,h3,1776521603488.631,1776521603648.646,160.015,0.000,160.015,3.340,1833,1577,80.0,1,0,76.9
2898,mean_dynamic_mlp_covertype,stable,h3,1776521603650.646,1776521603808.157,157.511,0.000,155.511,2.156,1833,1577,80.0,1,0,69.8
2899,mean_dynamic_mlp_covertype,stable,h3,1776521603809.157,1776521604001.169,192.012,1.000,191.012,1.727,1833,1577,80.0,1,0,69.3
2900,mean_dynamic_mlp_covertype,stable,h3,1776521604003.172,1776521604136.185,133.012,0.000,131.012,1.802,1833,1577,80.0,1,0,68.8
2901,mean_dynamic_mlp_covertype,stable,h3,1776521604137.185,1776521604252.692,115.507,0.000,113.507,1.938,1833,1577,80.0,1,0,69.0
2902,mean_dynamic_mlp_covertype,stable,h3,1776521604253.692,1776521604402.200,148.508,0.000,147.507,1.975,1833,1577,80.0,1,0,69.2
2903,mean_dynamic_mlp_covertype,stable,h3,1776521604404.202,1776521604486.708,82.506,0.000,81.505,2.064,1833,1577,80.0,1,0,71.6
2904,mean_dynamic_mlp_covertype,stable,h3,1776521604487.708,1776521604605.218,117.510,1.000,116.510,1.874,1833,1577,80.0,1,0,74.4
2905,mean_dynamic_mlp_covertype,stable,h3,1776521604607.218,1776521604760.231,153.013,0.000,151.011,1.959,1833,1577,80.0,1,0,71.4
2906,mean_dynamic_mlp_covertype,stable,h3,1776521604761.231,1776521604877.738,116.507,0.000,115.507,1.764,1833,1577,80.0,1,0,72.3
2907,mean_dynamic_mlp_covertype,stable,h3,1776521604879.738,1776521604954.245,74.507,0.000,74.507,1.825,1833,1577,80.0,0,0,71.2
2908,mean_dynamic_mlp_covertype,stable,h3,1776521604955.246,1776521605045.753,90.507,1.000,89.508,1.724,1833,1577,80.0,1,0,68.8
2909,mean_dynamic_mlp_covertype,stable,h3,1776521605047.753,1776521605188.262,140.509,0.000,139.509,1.798,1833,1577,80.0,1,0,69.4
2910,mean_dynamic_mlp_covertype,stable,h3,1776521605189.262,1776521605331.278,142.015,0.000,141.015,1.992,1833,1577,80.0,1,0,73.8
2911,mean_dynamic_mlp_covertype,stable,h3,1776521605333.278,1776521605431.785,98.507,0.000,98.507,1.675,1833,1577,80.0,1,0,68.8
2912,mean_dynamic_mlp_covertype,stable,h3,1776521605433.785,1776521605542.295,108.510,0.000,108.510,1.791,1833,1577,80.0,1,0,69.4
2913,mean_dynamic_mlp_covertype,stable,h3,1776521605544.295,1776521605683.802,139.507,0.000,139.507,1.761,1833,1577,80.0,1,0,67.8
2914,mean_dynamic_mlp_covertype,stable,h3,1776521605685.802,1776521605834.818,149.016,0.000,149.016,1.885,1833,1577,80.0,1,0,68.8
2915,mean_dynamic_mlp_covertype,stable,h3,1776521605836.818,1776521605979.326,142.508,0.000,140.508,1.790,1833,1577,80.0,1,0,70.9
2916,mean_dynamic_mlp_covertype,stable,h3,1776521605980.326,1776521606152.342,172.016,1.000,171.016,1.763,1833,1577,80.0,1,0,71.9
2917,mean_dynamic_mlp_covertype,stable,h3,1776521606154.342,1776521606231.849,77.507,0.000,77.507,1.736,1833,1577,80.0,0,0,69.6
2918,mean_dynamic_mlp_covertype,stable,h3,1776521606233.849,1776521606361.357,127.508,0.000,125.506,1.822,1833,1577,80.0,1,0,68.2
2919,mean_dynamic_mlp_covertype,stable,h3,1776521606363.357,1776521606514.867,151.510,0.000,151.510,1.813,1833,1577,80.0,1,0,68.8
2920,mean_dynamic_mlp_covertype,stable,h3,1776521606516.867,1776521606657.882,141.015,0.000,140.015,1.941,1833,1577,80.0,1,0,69.4
2921,mean_dynamic_mlp_covertype,stable,h3,1776521606660.882,1776521606736.390,75.508,0.000,75.508,1.997,1833,1577,80.0,0,0,68.8
2922,mean_dynamic_mlp_covertype,stable,h3,1776521606738.391,1776521606843.898,105.507,0.000,105.507,1.833,1833,1577,80.0,1,0,67.9
2923,mean_dynamic_mlp_covertype,stable,h3,1776521606845.898,1776521606925.406,79.508,0.000,78.508,1.913,1833,1577,80.0,0,0,70.9
2924,mean_dynamic_mlp_covertype,stable,h3,1776521606926.406,1776521607084.917,158.511,1.000,156.511,1.994,1833,1577,80.0,1,0,67.9
2925,mean_dynamic_mlp_covertype,stable,h3,1776521607085.917,1776521607143.426,57.508,0.000,56.508,1.799,1833,1577,80.0,0,0,80.0
2926,mean_dynamic_mlp_covertype,stable,h3,1776521607145.426,1776521607302.933,157.508,0.000,157.508,1.830,1833,1577,80.0,1,0,71.9
2927,mean_dynamic_mlp_covertype,stable,h3,1776521607304.936,1776521607432.948,128.013,0.000,126.012,2.224,1833,1577,80.0,1,0,69.4
2928,mean_dynamic_mlp_covertype,stable,h3,1776521607433.948,1776521607610.458,176.510,0.000,175.510,1.985,1833,1577,80.0,1,0,69.7
2929,mean_dynamic_mlp_covertype,stable,h3,1776521607612.459,1776521607728.472,116.013,0.000,114.996,3.159,1833,1577,80.0,1,0,68.8
2930,mean_dynamic_mlp_covertype,stable,h3,1776521607729.472,1776521607863.981,134.510,0.000,133.509,2.001,1833,1577,80.0,1,0,68.5
2931,mean_dynamic_mlp_covertype,stable,h3,1776521607865.982,1776521607998.489,132.507,0.000,131.507,1.829,1833,1577,80.0,1,0,71.5
2932,mean_dynamic_mlp_covertype,stable,h3,1776521607999.489,1776521608062.001,62.513,1.000,61.513,2.256,1833,1577,80.0,0,0,74.2
2933,mean_dynamic_mlp_covertype,stable,h3,1776521608064.002,1776521608207.511,143.510,0.000,143.510,1.931,1833,1577,80.0,1,0,70.3
2934,mean_dynamic_mlp_covertype,stable,h3,1776521608209.511,1776521608305.019,95.507,0.000,94.507,1.822,1833,1577,80.0,1,0,68.0
2935,mean_dynamic_mlp_covertype,stable,h3,1776521608307.019,1776521608449.031,142.012,0.000,141.012,1.837,1833,1577,80.0,1,0,71.7
2936,mean_dynamic_mlp_covertype,stable,h3,1776521608450.031,1776521608559.298,109.266,1.000,107.266,1.743,1833,1577,80.0,1,0,69.0
2937,mean_dynamic_mlp_covertype,stable,h3,1776521608560.298,1776521608668.809,108.511,0.000,106.511,1.897,1833,1577,80.0,1,0,68.8
2938,mean_dynamic_mlp_covertype,stable,h3,1776521608669.809,1776521608788.316,118.508,1.000,117.507,1.899,1833,1577,80.0,1,0,68.4
2939,mean_dynamic_mlp_covertype,stable,h3,1776521608791.317,1776521608877.823,86.507,0.000,86.507,2.022,1833,1577,80.0,1,0,75.0
2940,mean_dynamic_mlp_covertype,stable,h3,1776521608879.824,1776521609036.838,157.014,0.000,155.014,1.871,1833,1577,80.0,1,0,69.6
2941,mean_dynamic_mlp_covertype,stable,h3,1776521609037.838,1776521609159.345,121.508,1.001,119.506,1.725,1833,1577,80.0,1,0,69.3
2942,mean_dynamic_mlp_covertype,stable,h3,1776521609160.345,1776521609286.852,126.507,1.000,124.507,2.201,1833,1577,80.0,1,0,68.2
2943,mean_dynamic_mlp_covertype,stable,h3,1776521609287.852,1776521609397.360,109.508,0.000,108.507,1.955,1833,1577,80.0,1,0,68.8
2944,mean_dynamic_mlp_covertype,stable,h3,1776521609398.360,1776521609575.374,177.014,1.000,175.014,2.030,1833,1577,80.0,1,0,71.6
2945,mean_dynamic_mlp_covertype,stable,h3,1776521609576.374,1776521609697.881,121.507,0.000,120.506,1.793,1833,1577,80.0,1,0,68.2
2946,mean_dynamic_mlp_covertype,stable,h3,1776521609699.880,1776521609767.390,67.510,0.000,66.509,2.563,1833,1577,80.0,0,0,70.3
2947,mean_dynamic_mlp_covertype,stable,h3,1776521609768.390,1776521609849.898,81.509,0.000,80.508,1.826,1833,1577,80.0,1,0,70.4
2948,mean_dynamic_mlp_covertype,stable,h3,1776521609851.899,1776521609993.407,141.508,0.000,140.508,1.869,1833,1577,80.0,1,0,79.4
2949,mean_dynamic_mlp_covertype,stable,h3,1776521609995.407,1776521610133.425,138.018,0.000,136.019,1.994,1833,1577,80.0,1,0,75.2
2950,mean_dynamic_mlp_covertype,stable,h3,1776521610134.425,1776521610237.990,103.565,1.001,102.564,1.978,1833,1577,80.0,1,0,77.5
2951,mean_dynamic_mlp_covertype,stable,h3,1776521610239.990,1776521610382.507,142.517,0.000,141.517,1.970,1833,1577,80.0,1,0,70.6
2952,mean_dynamic_mlp_covertype,stable,h3,1776521610383.507,1776521610478.019,94.512,1.000,93.512,1.850,1833,1577,80.0,1,0,78.3
2953,mean_dynamic_mlp_covertype,stable,h3,1776521610480.019,1776521610635.554,155.536,0.000,153.530,1.806,1833,1577,80.0,1,0,75.9
2954,mean_dynamic_mlp_covertype,stable,h3,1776521610637.553,1776521610735.063,97.509,0.000,96.509,2.101,1833,1577,80.0,1,0,72.6
2955,mean_dynamic_mlp_covertype,stable,h3,1776521610737.063,1776521610882.570,145.506,0.000,144.506,2.490,1833,1577,80.0,1,0,70.3
2956,mean_dynamic_mlp_covertype,stable,h3,1776521610883.570,1776521610979.080,95.510,1.000,94.510,2.274,1833,1577,80.0,1,0,70.5
2957,mean_dynamic_mlp_covertype,stable,h3,1776521610981.079,1776521611128.094,147.014,0.000,147.014,1.929,1833,1577,80.0,1,0,71.3
2958,mean_dynamic_mlp_covertype,stable,h3,1776521611130.094,1776521611253.601,123.507,0.000,122.507,1.901,1833,1577,80.0,1,0,68.2
2959,mean_dynamic_mlp_covertype,stable,h3,1776521611254.601,1776521611412.979,158.378,0.000,157.377,1.907,1833,1577,80.0,1,0,68.9
2960,mean_dynamic_mlp_covertype,stable,h3,1776521611414.980,1776521611507.487,92.508,0.000,90.508,1.922,1833,1577,80.0,1,0,71.1
2961,mean_dynamic_mlp_covertype,stable,h3,1776521611508.488,1776521611629.500,121.013,0.000,120.012,1.727,1833,1577,80.0,1,0,72.2
2962,mean_dynamic_mlp_covertype,stable,h3,1776521611631.500,1776521611725.009,93.508,0.000,93.508,1.821,1833,1577,80.0,1,0,67.3
2963,mean_dynamic_mlp_covertype,stable,h3,1776521611727.008,1776521611817.011,90.003,0.000,89.003,1.990,1833,1577,80.0,1,0,70.8
2964,mean_dynamic_mlp_covertype,stable,h3,1776521611818.515,1776521611944.027,125.512,1.006,124.506,1.915,1833,1577,80.0,1,0,74.6
2965,mean_dynamic_mlp_covertype,stable,h3,1776521611946.026,1776521612068.533,122.507,0.000,121.507,1.929,1833,1577,80.0,1,0,73.4
2966,mean_dynamic_mlp_covertype,stable,h3,1776521612070.533,1776521612150.041,79.508,0.000,77.507,1.931,1833,1577,80.0,0,0,70.7
2967,mean_dynamic_mlp_covertype,stable,h3,1776521612151.041,1776521612298.549,147.507,1.000,146.507,2.652,1833,1577,80.0,1,0,71.9
2968,mean_dynamic_mlp_covertype,stable,h3,1776521612299.549,1776521612442.563,143.014,1.000,141.014,2.229,1833,1577,80.0,1,0,68.8
2969,mean_dynamic_mlp_covertype,stable,h3,1776521612443.563,1776521612580.072,136.508,1.000,134.508,1.965,1833,1577,80.0,1,0,69.4
2970,mean_dynamic_mlp_covertype,stable,h3,1776521612581.071,1776521612728.460,147.389,1.000,145.389,1.943,1833,1577,80.0,1,0,80.6
2971,mean_dynamic_mlp_covertype,stable,h3,1776521612730.460,1776521612857.108,126.648,0.000,126.648,2.095,1833,1577,80.0,1,0,91.5
2972,mean_dynamic_mlp_covertype,stable,h3,1776521612859.108,1776521612994.900,135.793,1.001,133.792,2.004,1833,1577,80.0,1,0,84.8
2973,mean_dynamic_mlp_covertype,stable,h3,1776521612995.900,1776521613152.147,156.247,0.000,154.246,1.973,1833,1577,80.0,1,0,80.0
2974,mean_dynamic_mlp_covertype,stable,h3,1776521613153.147,1776521613224.656,71.509,0.000,70.508,1.803,1833,1577,80.0,0,0,72.3
2975,mean_dynamic_mlp_covertype,stable,h3,1776521613226.656,1776521613374.164,147.508,0.000,145.507,1.843,1833,1577,80.0,1,0,69.6
2976,mean_dynamic_mlp_covertype,stable,h3,1776521613375.164,1776521613483.151,107.987,1.000,105.987,2.093,1833,1577,80.0,1,0,74.1
2977,mean_dynamic_mlp_covertype,stable,h3,1776521613485.151,1776521613583.658,98.508,0.000,96.508,1.777,1833,1577,80.0,1,0,69.8
2978,mean_dynamic_mlp_covertype,stable,h3,1776521613584.659,1776521613713.173,128.514,1.000,127.514,1.920,1833,1577,80.0,1,0,73.1
2979,mean_dynamic_mlp_covertype,stable,h3,1776521613714.174,1776521613787.678,73.504,0.999,72.505,1.789,1833,1577,80.0,0,0,70.3
2980,mean_dynamic_mlp_covertype,stable,h3,1776521613789.678,1776521613874.693,85.015,1.000,84.014,2.037,1833,1577,80.0,1,0,79.2
2981,mean_dynamic_mlp_covertype,stable,h3,1776521613876.693,1776521613998.218,121.525,0.000,119.526,1.724,1833,1577,80.0,1,0,98.5
2982,mean_dynamic_mlp_covertype,stable,h3,1776521614000.219,1776521614093.738,93.520,0.000,91.519,2.079,1833,1577,80.0,1,0,81.2
2983,mean_dynamic_mlp_covertype,stable,h3,1776521614095.738,1776521614183.285,87.547,0.000,85.563,1.920,1833,1577,80.0,1,0,76.3
2984,mean_dynamic_mlp_covertype,stable,h3,1776521614185.284,1776521614288.792,103.509,0.000,102.508,2.035,1833,1577,80.0,1,0,75.3
2985,mean_dynamic_mlp_covertype,stable,h3,1776521614289.792,1776521614373.301,83.509,1.000,81.509,2.202,1833,1577,80.0,1,0,81.2
2986,mean_dynamic_mlp_covertype,stable,h3,1776521614374.301,1776521614492.816,118.515,0.000,116.514,2.049,1833,1577,80.0,1,0,78.6
2987,mean_dynamic_mlp_covertype,stable,h3,1776521614493.818,1776521614558.397,64.579,0.000,63.593,2.010,1833,1577,80.0,0,0,78.8
2988,mean_dynamic_mlp_covertype,stable,h3,1776521614560.394,1776521614611.399,51.005,0.000,50.004,1.846,1833,1577,80.0,0,0,75.0
2989,mean_dynamic_mlp_covertype,stable,h3,1776521614612.438,1776521614686.907,74.469,0.962,72.507,1.704,1833,1577,80.0,0,0,80.2
2990,mean_dynamic_mlp_covertype,stable,h3,1776521614687.908,1776521614760.415,72.507,1.000,71.507,1.875,1833,1577,80.0,0,0,82.7
2991,mean_dynamic_mlp_covertype,stable,h3,1776521614762.415,1776521614814.417,52.002,0.000,51.003,2.040,1833,1577,80.0,0,0,77.6
2992,mean_dynamic_mlp_covertype,stable,h3,1776521614816.417,1776521614914.531,98.114,0.000,97.114,1.771,1833,1577,80.0,1,0,81.2
2993,mean_dynamic_mlp_covertype,stable,h3,1776521614916.531,1776521615077.572,161.041,0.000,160.040,1.846,1833,1577,80.0,1,0,92.3
2994,mean_dynamic_mlp_covertype,stable,h3,1776521615080.572,1776521615235.613,155.041,0.000,153.043,1.999,1833,1577,80.0,1,0,100.0
2995,mean_dynamic_mlp_covertype,stable,h3,1776521615237.615,1776521615397.134,159.519,6.001,151.520,1.901,1833,1577,80.0,1,0,94.0
2996,mean_dynamic_mlp_covertype,stable,h3,1776521615398.133,1776521615459.667,61.534,0.000,59.531,2.245,1833,1577,80.0,0,0,76.6
2997,mean_dynamic_mlp_covertype,stable,h3,1776521615460.665,1776521615567.179,106.514,1.000,104.513,2.119,1833,1577,80.0,1,0,76.1
2998,mean_dynamic_mlp_covertype,stable,h3,1776521615568.178,1776521615653.686,85.508,1.001,84.506,1.751,1833,1577,80.0,1,0,75.0
2999,mean_dynamic_mlp_covertype,stable,h3,1776521615655.686,1776521615759.221,103.535,0.000,101.535,2.017,1833,1577,80.0,1,0,76.3
3000,mean_dynamic_mlp_covertype,stable,h3,1776521615761.222,1776521615827.728,66.506,0.000,65.506,1.884,1833,1577,80.0,0,0,76.2
3001,mean_dynamic_mlp_covertype,stable,h3,1776521615828.728,1776521615885.759,57.031,1.000,55.000,1.906,1833,1577,80.0,0,0,81.5
3002,mean_dynamic_mlp_covertype,stable,h3,1776521615886.728,1776521615967.399,80.671,1.000,78.669,2.106,1833,1577,80.0,1,0,93.2
3003,mean_dynamic_mlp_covertype,stable,h3,1776521615969.397,1776521616133.415,164.018,0.000,163.018,1.840,1833,1577,80.0,1,0,81.4
3004,mean_dynamic_mlp_covertype,stable,h3,1776521616135.417,1776521616267.475,132.059,0.000,130.052,2.385,1833,1577,80.0,1,0,81.9
3005,mean_dynamic_mlp_covertype,stable,h3,1776521616269.373,1776521616383.928,114.555,0.000,113.920,1.842,1833,1577,80.0,1,0,78.9
3006,mean_dynamic_mlp_covertype,stable,h3,1776521616384.927,1776521616478.423,93.496,1.503,90.994,1.706,1833,1577,80.0,1,0,82.8
3007,mean_dynamic_mlp_covertype,stable,h3,1776521616479.423,1776521616644.904,165.481,0.000,163.543,1.840,1833,1577,80.0,1,0,79.0
3008,mean_dynamic_mlp_covertype,stable,h3,1776521616646.862,1776521616729.629,82.768,0.000,81.768,1.844,1833,1577,80.0,1,0,87.5
3009,mean_dynamic_mlp_covertype,stable,h3,1776521616730.629,1776521616881.253,150.624,1.000,149.623,1.960,1833,1577,80.0,1,0,82.2
3010,mean_dynamic_mlp_covertype,stable,h3,1776521616883.252,1776521616956.976,73.724,0.000,72.724,1.819,1833,1577,80.0,0,0,78.8
3011,mean_dynamic_mlp_covertype,stable,h3,1776521616958.973,1776521617090.632,131.658,0.000,130.662,3.362,1833,1577,80.0,1,0,85.5
3012,mean_dynamic_mlp_covertype,stable,h3,1776521617091.633,1776521617225.225,133.592,0.998,132.594,1.824,1833,1577,80.0,1,0,88.5
3013,mean_dynamic_mlp_covertype,stable,h3,1776521617227.224,1776521617282.226,55.002,0.000,53.002,2.109,1833,1577,80.0,0,0,87.5
3014,mean_dynamic_mlp_covertype,stable,h3,1776521617283.225,1776521617358.747,75.522,0.000,74.521,2.198,1833,1577,80.0,0,0,90.1
3015,mean_dynamic_mlp_covertype,stable,h3,1776521617360.013,1776521617461.526,101.513,1.009,99.504,1.745,1833,1577,80.0,1,0,89.9
3016,mean_dynamic_mlp_covertype,stable,h3,1776521617463.527,1776521617567.036,103.509,0.000,103.509,1.914,1833,1577,80.0,1,0,89.7
3017,mean_dynamic_mlp_covertype,stable,h3,1776521617569.037,1776521617734.371,165.334,0.000,163.718,1.897,1833,1577,80.0,1,0,88.9
3018,mean_dynamic_mlp_covertype,stable,h3,1776521617736.372,1776521617828.879,92.507,1.001,90.506,1.848,1833,1577,80.0,1,0,87.5
3019,mean_dynamic_mlp_covertype,stable,h3,1776521617830.879,1776521617895.883,65.004,0.000,63.022,1.757,1833,1577,80.0,0,0,84.6
3020,mean_dynamic_mlp_covertype,stable,h3,1776521617897.880,1776521617992.406,94.525,0.000,93.525,1.813,1833,1577,80.0,1,0,84.4
3021,mean_dynamic_mlp_covertype,stable,h3,1776521617993.405,1776521618178.437,185.031,0.000,184.031,1.960,1833,1577,80.0,1,0,86.6
3022,mean_dynamic_mlp_covertype,stable,h3,1776521618180.436,1776521618274.987,94.552,0.000,94.552,1.912,1833,1577,80.0,1,0,82.5
3023,mean_dynamic_mlp_covertype,stable,h3,1776521618276.990,1776521618348.495,71.505,0.000,71.505,2.054,1833,1577,80.0,0,0,73.8
3024,mean_dynamic_mlp_covertype,stable,h3,1776521618350.496,1776521618446.037,95.542,1.000,93.541,1.718,1833,1577,80.0,1,0,71.9
3025,mean_dynamic_mlp_covertype,stable,h3,1776521618447.037,1776521618583.104,136.068,1.001,135.067,1.851,1833,1577,80.0,1,0,74.3
3026,mean_dynamic_mlp_covertype,stable,h3,1776521618585.103,1776521618707.659,122.556,0.000,122.556,1.793,1833,1577,80.0,1,0,68.8
3027,mean_dynamic_mlp_covertype,stable,h3,1776521618709.657,1776521618815.378,105.720,0.000,104.828,2.035,1833,1577,80.0,1,0,69.4
3028,mean_dynamic_mlp_covertype,stable,h3,1776521618817.376,1776521618945.397,128.021,0.000,128.021,1.934,1833,1577,80.0,1,0,69.8
3029,mean_dynamic_mlp_covertype,stable,h3,1776521618947.394,1776521619071.579,124.185,0.000,124.185,2.253,1833,1577,80.0,1,0,73.1
3030,mean_dynamic_mlp_covertype,stable,h3,1776521619073.580,1776521619215.112,141.533,1.001,139.531,1.842,1833,1577,80.0,1,0,71.0
3031,mean_dynamic_mlp_covertype,stable,h3,1776521619216.096,1776521619389.218,173.122,0.000,173.122,1.992,1833,1577,80.0,1,0,75.0
3032,mean_dynamic_mlp_covertype,stable,h3,1776521619391.116,1776521619478.625,87.508,0.000,85.507,1.929,1833,1577,80.0,1,0,69.8
3033,mean_dynamic_mlp_covertype,stable,h3,1776521619479.625,1776521619608.163,128.538,0.000,126.533,2.076,1833,1577,80.0,1,0,69.0
3034,mean_dynamic_mlp_covertype,stable,h3,1776521619609.162,1776521619682.673,73.511,0.000,71.533,2.076,1833,1577,80.0,0,0,72.2
3035,mean_dynamic_mlp_covertype,stable,h3,1776521619684.672,1776521619892.165,207.492,0.000,207.492,1.952,1833,1577,80.0,1,0,77.5
3036,mean_dynamic_mlp_covertype,stable,h3,1776521619894.167,1776521620003.677,109.510,0.000,109.510,1.855,1833,1577,80.0,1,0,77.9
3037,mean_dynamic_mlp_covertype,stable,h3,1776521620006.677,1776521620116.478,109.801,0.000,109.801,2.090,1833,1577,80.0,1,0,75.2
3038,mean_dynamic_mlp_covertype,stable,h3,1776521620118.477,1776521620164.981,46.504,0.000,44.505,1.877,1833,1577,80.0,0,0,75.0
3039,mean_dynamic_mlp_covertype,stable,h3,1776521620165.981,1776521620307.500,141.519,1.000,140.519,1.905,1833,1577,80.0,1,0,69.8
3040,mean_dynamic_mlp_covertype,stable,h3,1776521620309.503,1776521620446.514,137.012,0.000,135.011,2.110,1833,1577,80.0,1,0,68.2
3041,mean_dynamic_mlp_covertype,stable,h3,1776521620447.514,1776521620538.021,90.507,1.000,88.507,1.995,1833,1577,80.0,1,0,69.8
3042,mean_dynamic_mlp_covertype,stable,h3,1776521620539.021,1776521620611.023,72.002,0.000,70.001,1.871,1833,1577,80.0,0,0,72.5
3043,mean_dynamic_mlp_covertype,stable,h3,1776521620613.024,1776521620729.035,116.011,0.000,116.011,2.259,1833,1577,80.0,1,0,69.3
3044,mean_dynamic_mlp_covertype,stable,h3,1776521620731.035,1776521620823.540,92.505,0.000,92.002,1.848,1833,1577,80.0,1,0,69.4
3045,mean_dynamic_mlp_covertype,stable,h3,1776521620825.543,1776521620943.130,117.587,0.000,116.587,2.365,1833,1577,80.0,1,0,69.9
3046,mean_dynamic_mlp_covertype,stable,h3,1776521620944.130,1776521621008.130,64.000,1.001,62.999,1.855,1833,1577,80.0,0,0,68.8
3047,mean_dynamic_mlp_covertype,stable,h3,1776521621010.133,1776521621121.642,111.509,0.000,111.509,3.468,1833,1577,80.0,1,0,71.1
3048,mean_dynamic_mlp_covertype,stable,h3,1776521621123.144,1776521621329.569,206.425,0.000,205.422,1.943,1833,1577,80.0,1,0,69.7
3049,mean_dynamic_mlp_covertype,stable,h3,1776521621330.576,1776521621417.578,87.002,1.001,85.003,1.848,1833,1577,80.0,1,0,68.8
3050,mean_dynamic_mlp_covertype,stable,h3,1776521621418.577,1776521621563.532,144.955,1.002,143.952,1.835,1833,1577,80.0,1,0,69.2
3051,mean_dynamic_mlp_covertype,stable,h3,1776521621565.432,1776521621638.299,72.867,0.000,72.867,2.049,1833,1577,80.0,0,0,70.9
3052,mean_dynamic_mlp_covertype,stable,h3,1776521621640.279,1776521621722.389,82.110,0.000,80.180,1.871,1833,1577,80.0,1,0,67.9
3053,mean_dynamic_mlp_covertype,stable,h3,1776521621723.390,1776521621808.747,85.357,0.000,84.311,2.486,1833,1577,80.0,1,0,70.2
3054,mean_dynamic_mlp_covertype,stable,h3,1776521621810.706,1776521621879.290,68.584,0.000,68.584,2.243,1833,1577,80.0,0,0,69.2
3055,mean_dynamic_mlp_covertype,stable,h3,1776521621881.215,1776521621973.858,92.643,0.000,91.750,2.028,1833,1577,80.0,1,0,68.8
3056,mean_dynamic_mlp_covertype,stable,h3,1776521621974.856,1776521622055.682,80.826,0.000,78.826,2.212,1833,1577,80.0,1,0,67.9
3057,mean_dynamic_mlp_covertype,stable,h3,1776521622056.781,1776521622162.299,105.518,0.901,103.616,2.172,1833,1577,80.0,1,0,69.6
3058,mean_dynamic_mlp_covertype,stable,h3,1776521622163.408,1776521622332.952,169.543,0.000,167.653,1.995,1833,1577,80.0,1,0,69.3
3059,mean_dynamic_mlp_covertype,stable,h3,1776521622333.991,1776521622556.065,222.074,0.960,221.114,1.758,1833,1577,80.0,1,0,63.9
3060,mean_dynamic_mlp_covertype,stable,h3,1776521622557.087,1776521622671.515,114.428,0.000,113.429,2.024,1833,1577,80.0,1,0,62.7
3061,mean_dynamic_mlp_covertype,stable,h3,1776521622673.515,1776521622817.489,143.974,0.000,143.049,1.749,1833,1577,80.0,1,0,69.4
3062,mean_dynamic_mlp_covertype,stable,h3,1776521622818.464,1776521622926.833,108.369,0.000,106.364,1.818,1833,1577,80.0,1,0,68.8
3063,mean_dynamic_mlp_covertype,stable,h3,1776521622928.835,1776521623079.683,150.848,0.000,149.955,1.783,1833,1577,80.0,1,0,70.0
3064,mean_dynamic_mlp_covertype,stable,h3,1776521623080.682,1776521623201.404,120.722,0.000,118.772,1.788,1833,1577,80.0,1,0,68.8
3065,mean_dynamic_mlp_covertype,stable,h3,1776521623202.405,1776521623285.351,82.945,0.000,81.947,2.224,1833,1577,80.0,1,0,71.6
3066,mean_dynamic_mlp_covertype,stable,h3,1776521623287.244,1776521623439.733,152.489,0.000,152.489,1.945,1833,1577,80.0,1,0,70.3
3067,mean_dynamic_mlp_covertype,stable,h3,1776521623441.733,1776521623534.527,92.794,0.000,92.794,1.777,1833,1577,80.0,1,0,67.3
3068,mean_dynamic_mlp_covertype,stable,h3,1776521623536.541,1776521623677.367,140.826,0.000,140.826,1.871,1833,1577,80.0,1,0,69.7
3069,mean_dynamic_mlp_covertype,stable,h3,1776521623679.367,1776521623809.120,129.753,0.000,128.753,1.924,1833,1577,80.0,1,0,70.3
3070,mean_dynamic_mlp_covertype,stable,h3,1776521623810.120,1776521623918.524,108.404,1.003,107.401,2.044,1833,1577,80.0,1,0,69.6
3071,mean_dynamic_mlp_covertype,stable,h3,1776521623920.525,1776521624052.588,132.063,1.458,129.608,2.307,1833,1577,80.0,1,0,71.1
3072,mean_dynamic_mlp_covertype,stable,h3,1776521624053.588,1776521624135.096,81.508,1.000,79.506,2.484,1833,1577,80.0,1,0,69.8
3073,mean_dynamic_mlp_covertype,stable,h3,1776521624137.096,1776521624286.608,149.512,0.000,148.510,1.961,1833,1577,80.0,1,0,69.7
3074,mean_dynamic_mlp_covertype,stable,h3,1776521624288.609,1776521624414.139,125.530,0.000,124.527,1.911,1833,1577,80.0,1,0,70.6
3075,mean_dynamic_mlp_covertype,stable,h3,1776521624415.141,1776521624581.154,166.013,0.000,165.010,1.882,1833,1577,80.0,1,0,69.1
3076,mean_dynamic_mlp_covertype,stable,h3,1776521624583.155,1776521624717.667,134.511,0.000,133.512,1.798,1833,1577,80.0,1,0,68.8
3077,mean_dynamic_mlp_covertype,stable,h3,1776521624718.666,1776521624878.682,160.016,0.999,158.015,1.801,1833,1577,80.0,1,0,71.9
3078,mean_dynamic_mlp_covertype,stable,h3,1776521624879.680,1776521624952.192,72.512,1.003,70.506,5.190,1833,1577,80.0,0,0,75.0
3079,mean_dynamic_mlp_covertype,stable,h3,1776521624953.189,1776521625092.697,139.509,0.000,138.505,2.123,1833,1577,80.0,1,0,68.8
3080,mean_dynamic_mlp_covertype,stable,h3,1776521625094.817,1776521625218.209,123.392,0.000,122.392,1.943,1833,1577,80.0,1,0,69.5
3081,mean_dynamic_mlp_covertype,stable,h3,1776521625219.212,1776521625311.717,92.505,0.000,92.505,2.003,1833,1577,80.0,1,0,68.8
3082,mean_dynamic_mlp_covertype,stable,h3,1776521625314.167,1776521625380.677,66.510,0.000,64.507,1.901,1833,1577,80.0,0,0,68.8
3083,mean_dynamic_mlp_covertype,stable,h3,1776521625381.675,1776521625509.186,127.511,0.999,125.511,1.953,1833,1577,80.0,1,0,68.8
3084,mean_dynamic_mlp_covertype,stable,h3,1776521625510.294,1776521625626.701,116.407,0.893,114.511,1.736,1833,1577,80.0,1,0,70.3
3085,mean_dynamic_mlp_covertype,stable,h3,1776521625626.701,1776521625747.948,121.248,1.508,119.740,1.769,1833,1577,80.0,1,0,68.8
3086,mean_dynamic_mlp_covertype,stable,h3,1776521625749.949,1776521625877.508,127.559,0.000,126.559,1.899,1833,1577,80.0,1,0,75.0
3087,mean_dynamic_mlp_covertype,stable,h3,1776521625879.509,1776521626018.024,138.515,0.000,137.515,1.943,1833,1577,80.0,1,0,69.4
3088,mean_dynamic_mlp_covertype,stable,h3,1776521626019.026,1776521626122.532,103.507,0.000,103.507,2.847,1833,1577,80.0,1,0,70.3
3089,mean_dynamic_mlp_covertype,stable,h3,1776521626124.533,1776521626308.104,183.571,0.000,182.569,2.915,1833,1577,80.0,1,0,69.3
3090,mean_dynamic_mlp_covertype,stable,h3,1776521626310.104,1776521626457.123,147.019,0.000,146.017,1.866,1833,1577,80.0,1,0,68.8
3091,mean_dynamic_mlp_covertype,stable,h3,1776521626459.122,1776521626636.140,177.018,0.000,176.017,1.903,1833,1577,80.0,1,0,68.9
3092,mean_dynamic_mlp_covertype,stable,h3,1776521626637.139,1776521626737.691,100.552,1.004,99.548,1.913,1833,1577,80.0,1,0,74.0
3093,mean_dynamic_mlp_covertype,stable,h3,1776521626739.690,1776521626834.201,94.511,0.000,93.508,1.916,1833,1577,80.0,1,0,73.2
3094,mean_dynamic_mlp_covertype,stable,h3,1776521626835.227,1776521626966.812,131.585,0.000,129.629,1.867,1833,1577,80.0,1,0,69.4
3095,mean_dynamic_mlp_covertype,stable,h3,1776521626968.812,1776521627097.541,128.729,0.000,128.729,2.006,1833,1577,80.0,1,0,70.5
3096,mean_dynamic_mlp_covertype,stable,h3,1776521627099.539,1776521627247.207,147.667,0.000,146.721,1.726,1833,1577,80.0,1,0,74.5
3097,mean_dynamic_mlp_covertype,stable,h3,1776521627249.206,1776521627331.168,81.962,0.000,80.961,1.969,1833,1577,80.0,1,0,76.2
3098,mean_dynamic_mlp_covertype,stable,h3,1776521627333.167,1776521627475.948,142.781,0.000,140.786,1.812,1833,1577,80.0,1,0,69.7
3099,mean_dynamic_mlp_covertype,stable,h3,1776521627476.948,1776521627599.726,122.779,0.000,120.776,1.824,1833,1577,80.0,1,0,73.4
3100,mean_dynamic_mlp_covertype,stable,h3,1776521627601.730,1776521627734.976,133.246,0.000,133.246,1.809,1833,1577,80.0,1,0,72.2
3101,mean_dynamic_mlp_covertype,stable,h3,1776521627736.868,1776521627846.451,109.583,0.999,108.584,2.391,1833,1577,80.0,1,0,70.0
3102,mean_dynamic_mlp_covertype,stable,h3,1776521627847.490,1776521627971.073,123.583,1.032,121.654,2.006,1833,1577,80.0,1,0,67.9
3103,mean_dynamic_mlp_covertype,stable,h3,1776521627972.071,1776521628099.879,127.808,1.054,125.728,1.964,1833,1577,80.0,1,0,69.5
3104,mean_dynamic_mlp_covertype,stable,h3,1776521628100.807,1776521628216.688,115.880,1.001,114.880,2.176,1833,1577,80.0,1,0,70.1
3105,mean_dynamic_mlp_covertype,stable,h3,1776521628218.688,1776521628333.974,115.286,0.000,114.285,2.028,1833,1577,80.0,1,0,68.4
3106,mean_dynamic_mlp_covertype,stable,h3,1776521628334.971,1776521628477.177,142.205,1.002,140.302,2.072,1833,1577,80.0,1,0,72.2
3107,mean_dynamic_mlp_covertype,stable,h3,1776521628478.174,1776521628564.920,86.746,1.001,85.745,2.040,1833,1577,80.0,1,0,69.1
3108,mean_dynamic_mlp_covertype,stable,h3,1776521628566.960,1776521628729.670,162.710,0.000,160.872,1.783,1833,1577,80.0,1,0,71.1
3109,mean_dynamic_mlp_covertype,stable,h3,1776521628730.667,1776521628857.070,126.403,0.000,124.398,1.961,1833,1577,80.0,1,0,67.7
3110,mean_dynamic_mlp_covertype,stable,h3,1776521628858.066,1776521628984.885,126.819,0.000,124.917,1.745,1833,1577,80.0,1,0,70.1
3111,mean_dynamic_mlp_covertype,stable,h3,1776521628985.802,1776521629085.627,99.825,0.000,98.826,1.788,1833,1577,80.0,1,0,68.4
3112,mean_dynamic_mlp_covertype,stable,h3,1776521629087.570,1776521629227.606,140.036,0.000,140.036,1.988,1833,1577,80.0,1,0,72.5
3113,mean_dynamic_mlp_covertype,stable,h3,1776521629229.602,1776521629400.500,170.899,0.000,168.898,1.806,1833,1577,80.0,1,0,69.7
3114,mean_dynamic_mlp_covertype,stable,h3,1776521629401.500,1776521629472.326,70.826,1.000,68.928,1.933,1833,1577,80.0,0,0,71.0
3115,mean_dynamic_mlp_covertype,stable,h3,1776521629473.324,1776521629606.292,132.969,1.002,130.958,1.821,1833,1577,80.0,1,0,71.3
3116,mean_dynamic_mlp_covertype,stable,h3,1776521629607.282,1776521629690.811,83.529,0.000,82.615,1.790,1833,1577,80.0,1,0,66.3
3117,mean_dynamic_mlp_covertype,stable,h3,1776521629692.810,1776521629826.634,133.824,0.000,132.871,1.922,1833,1577,80.0,1,0,68.8
3118,mean_dynamic_mlp_covertype,stable,h3,1776521629828.633,1776521629916.356,87.723,0.000,87.024,1.835,1833,1577,80.0,1,0,69.8
3119,mean_dynamic_mlp_covertype,stable,h3,1776521629917.247,1776521630039.014,121.767,1.000,119.815,1.981,1833,1577,80.0,1,0,71.4
3120,mean_dynamic_mlp_covertype,stable,h3,1776521630040.961,1776521630137.700,96.739,0.000,95.761,1.862,1833,1577,80.0,1,0,75.0
3121,mean_dynamic_mlp_covertype,stable,h3,1776521630138.700,1776521630230.706,92.006,0.000,90.059,1.928,1833,1577,80.0,1,0,74.5
3122,mean_dynamic_mlp_covertype,stable,h3,1776521630232.703,1776521630317.437,84.734,0.000,83.735,1.913,1833,1577,80.0,1,0,73.2
3123,mean_dynamic_mlp_covertype,stable,h3,1776521630318.436,1776521630431.926,113.490,0.000,112.488,1.899,1833,1577,80.0,1,0,70.3
3124,mean_dynamic_mlp_covertype,stable,h3,1776521630433.924,1776521630567.061,133.137,0.000,131.156,2.393,1833,1577,80.0,1,0,69.5
3125,mean_dynamic_mlp_covertype,stable,h3,1776521630568.606,1776521630664.779,96.173,0.000,94.745,1.905,1833,1577,80.0,1,0,73.7
3126,mean_dynamic_mlp_covertype,stable,h3,1776521630666.779,1776521630772.507,105.729,0.000,105.729,1.801,1833,1577,80.0,1,0,71.3
3127,mean_dynamic_mlp_covertype,stable,h3,1776521630774.507,1776521630969.172,194.665,0.000,194.665,1.792,1833,1577,80.0,1,0,69.2
3128,mean_dynamic_mlp_covertype,stable,h3,1776521630971.299,1776521631085.078,113.779,0.000,111.967,1.978,1833,1577,80.0,1,0,77.4
3129,mean_dynamic_mlp_covertype,stable,h3,1776521631086.064,1776521631208.997,122.933,0.959,121.022,1.827,1833,1577,80.0,1,0,70.1
3130,mean_dynamic_mlp_covertype,stable,h3,1776521631209.977,1776521631280.819,70.842,1.001,69.841,2.291,1833,1577,80.0,0,0,75.3
3131,mean_dynamic_mlp_covertype,stable,h3,1776521631282.906,1776521631421.489,138.583,0.000,136.669,1.712,1833,1577,80.0,1,0,74.3
3132,mean_dynamic_mlp_covertype,stable,h3,1776521631422.478,1776521631564.172,141.694,1.006,140.688,1.787,1833,1577,80.0,1,0,69.0
3133,mean_dynamic_mlp_covertype,stable,h3,1776521631566.066,1776521631675.965,109.898,0.000,108.957,1.822,1833,1577,80.0,1,0,72.3
3134,mean_dynamic_mlp_covertype,stable,h3,1776521631677.960,1776521631793.817,115.857,0.000,113.856,1.745,1833,1577,80.0,1,0,71.1
3135,mean_dynamic_mlp_covertype,stable,h3,1776521631795.765,1776521631952.469,156.704,0.000,155.705,1.988,1833,1577,80.0,1,0,71.2
3136,mean_dynamic_mlp_covertype,stable,h3,1776521631953.578,1776521632098.005,144.427,0.000,142.538,1.921,1833,1577,80.0,1,0,71.7
3137,mean_dynamic_mlp_covertype,stable,h3,1776521632099.009,1776521632246.688,147.680,0.998,146.682,2.191,1833,1577,80.0,1,0,73.8
3138,mean_dynamic_mlp_covertype,stable,h3,1776521632248.688,1776521632365.426,116.738,0.000,115.840,1.711,1833,1577,80.0,1,0,72.1
3139,mean_dynamic_mlp_covertype,stable,h3,1776521632367.426,1776521632450.203,82.777,0.000,82.777,1.847,1833,1577,80.0,1,0,72.2
3140,mean_dynamic_mlp_covertype,stable,h3,1776521632452.267,1776521632564.001,111.734,0.000,110.839,1.905,1833,1577,80.0,1,0,70.5
3141,mean_dynamic_mlp_covertype,stable,h3,1776521632565.999,1776521632650.543,84.545,1.003,83.542,2.068,1833,1577,80.0,1,0,73.1
3142,mean_dynamic_mlp_covertype,stable,h3,1776521632652.608,1776521632777.112,124.504,0.000,123.613,1.782,1833,1577,80.0,1,0,69.8
3143,mean_dynamic_mlp_covertype,stable,h3,1776521632779.220,1776521632920.738,141.518,0.000,139.742,2.130,1833,1577,80.0,1,0,69.2
3144,mean_dynamic_mlp_covertype,stable,h3,1776521632921.736,1776521633034.676,112.940,0.000,111.934,1.816,1833,1577,80.0,1,0,71.1
3145,mean_dynamic_mlp_covertype,stable,h3,1776521633035.586,1776521633145.675,110.089,0.000,109.092,2.144,1833,1577,80.0,1,0,73.2
3146,mean_dynamic_mlp_covertype,stable,h3,1776521633147.676,1776521633250.508,102.833,0.000,102.833,2.312,1833,1577,80.0,1,0,74.1
3147,mean_dynamic_mlp_covertype,stable,h3,1776521633252.538,1776521633353.129,100.591,0.000,100.591,1.879,1833,1577,80.0,1,0,75.2
3148,mean_dynamic_mlp_covertype,stable,h3,1776521633355.132,1776521633472.987,117.855,0.000,117.855,1.827,1833,1577,80.0,1,0,67.9
3149,mean_dynamic_mlp_covertype,stable,h3,1776521633474.976,1776521633582.713,107.737,0.000,106.736,1.970,1833,1577,80.0,1,0,70.8
3150,mean_dynamic_mlp_covertype,stable,h3,1776521633585.714,1776521633704.232,118.518,0.000,118.518,3.056,1833,1577,80.0,1,0,69.0
3151,mean_dynamic_mlp_covertype,stable,h3,1776521633706.234,1776521633799.184,92.950,0.000,92.950,1.773,1833,1577,80.0,1,0,74.0
3152,mean_dynamic_mlp_covertype,stable,h3,1776521633801.077,1776521633962.677,161.600,0.000,161.600,1.766,1833,1577,80.0,1,0,69.9
3153,mean_dynamic_mlp_covertype,stable,h3,1776521633964.743,1776521634069.258,104.515,0.889,103.626,1.798,1833,1577,80.0,1,0,69.1
3154,mean_dynamic_mlp_covertype,stable,h3,1776521634071.250,1776521634149.055,77.805,0.000,77.805,1.992,1833,1577,80.0,0,0,71.2
3155,mean_dynamic_mlp_covertype,stable,h3,1776521634151.047,1776521634291.842,140.795,0.000,140.795,1.859,1833,1577,80.0,1,0,72.0
3156,mean_dynamic_mlp_covertype,stable,h3,1776521634293.777,1776521634387.519,93.741,0.000,92.791,1.997,1833,1577,80.0,1,0,69.8
3157,mean_dynamic_mlp_covertype,stable,h3,1776521634389.522,1776521634517.388,127.866,0.000,125.945,1.981,1833,1577,80.0,1,0,69.2
3158,mean_dynamic_mlp_covertype,stable,h3,1776521634518.357,1776521634728.385,210.028,0.000,209.028,1.919,1833,1577,80.0,1,0,69.4
3159,mean_dynamic_mlp_covertype,stable,h3,1776521634729.514,1776521634847.529,118.015,0.000,118.015,2.237,1833,1577,80.0,1,0,61.5
3160,mean_dynamic_mlp_covertype,stable,h3,1776521634849.529,1776521634989.042,139.513,0.000,138.548,1.722,1833,1577,80.0,1,0,69.4
3161,mean_dynamic_mlp_covertype,stable,h3,1776521634990.090,1776521635098.550,108.461,0.952,107.508,1.738,1833,1577,80.0,1,0,69.3
3162,mean_dynamic_mlp_covertype,stable,h3,1776521635100.589,1776521635211.116,110.527,0.000,110.527,1.851,1833,1577,80.0,1,0,71.7
3163,mean_dynamic_mlp_covertype,stable,h3,1776521635213.114,1776521635384.900,171.786,0.000,169.784,1.859,1833,1577,80.0,1,0,71.4
3164,mean_dynamic_mlp_covertype,stable,h3,1776521635385.897,1776521635508.407,122.510,0.000,121.506,1.804,1833,1577,80.0,1,0,67.0
3165,mean_dynamic_mlp_covertype,stable,h3,1776521635509.411,1776521635633.370,123.959,0.000,121.521,2.196,1833,1577,80.0,1,0,69.5
3166,mean_dynamic_mlp_covertype,stable,h3,1776521635634.371,1776521635784.249,149.878,1.001,148.877,1.831,1833,1577,80.0,1,0,73.3
3167,mean_dynamic_mlp_covertype,stable,h3,1776521635786.248,1776521635947.811,161.564,1.001,159.563,1.865,1833,1577,80.0,1,0,71.3
3168,mean_dynamic_mlp_covertype,stable,h3,1776521635948.815,1776521636090.565,141.751,1.000,139.752,2.120,1833,1577,80.0,1,0,72.3
3169,mean_dynamic_mlp_covertype,stable,h3,1776521636091.567,1776521636190.410,98.843,0.000,96.844,1.947,1833,1577,80.0,1,0,78.1
3170,mean_dynamic_mlp_covertype,stable,h3,1776521636191.412,1776521636320.375,128.963,1.000,127.963,2.089,1833,1577,80.0,1,0,68.8
3171,mean_dynamic_mlp_covertype,stable,h3,1776521636322.378,1776521636458.401,136.023,0.000,135.020,2.504,1833,1577,80.0,1,0,71.5
3172,mean_dynamic_mlp_covertype,stable,h3,1776521636459.402,1776521636606.916,147.513,0.000,145.515,1.784,1833,1577,80.0,1,0,69.6
3173,mean_dynamic_mlp_covertype,stable,h3,1776521636607.915,1776521636722.561,114.646,0.000,113.645,2.367,1833,1577,80.0,1,0,68.4
3174,mean_dynamic_mlp_covertype,stable,h3,1776521636724.573,1776521636803.562,78.990,0.000,77.987,1.852,1833,1577,80.0,0,0,70.0
3175,mean_dynamic_mlp_covertype,stable,h3,1776521636804.562,1776521636898.070,93.508,1.001,91.507,1.777,1833,1577,80.0,1,0,70.1
3176,mean_dynamic_mlp_covertype,stable,h3,1776521636899.070,1776521636999.586,100.515,1.003,98.512,2.183,1833,1577,80.0,1,0,69.6
3177,mean_dynamic_mlp_covertype,stable,h3,1776521637001.589,1776521637135.817,134.228,0.000,133.228,1.919,1833,1577,80.0,1,0,74.3
3178,mean_dynamic_mlp_covertype,stable,h3,1776521637136.817,1776521637232.333,95.515,1.009,94.507,1.824,1833,1577,80.0,1,0,70.2
3179,mean_dynamic_mlp_covertype,stable,h3,1776521637234.336,1776521637410.356,176.020,0.000,176.020,1.874,1833,1577,80.0,1,0,69.5
3180,mean_dynamic_mlp_covertype,stable,h3,1776521637412.357,1776521637511.902,99.545,0.000,98.543,1.854,1833,1577,80.0,1,0,70.3
3181,mean_dynamic_mlp_covertype,stable,h3,1776521637512.901,1776521637617.456,104.554,1.003,103.551,1.799,1833,1577,80.0,1,0,69.4
3182,mean_dynamic_mlp_covertype,stable,h3,1776521637619.451,1776521637783.188,163.737,0.000,162.721,1.974,1833,1577,80.0,1,0,68.8
3183,mean_dynamic_mlp_covertype,stable,h3,1776521637785.189,1776521637885.699,100.510,0.000,99.506,1.976,1833,1577,80.0,1,0,68.1
3184,mean_dynamic_mlp_covertype,stable,h3,1776521637887.701,1776521638026.312,138.611,0.000,136.609,1.883,1833,1577,80.0,1,0,69.4
3185,mean_dynamic_mlp_covertype,stable,h3,1776521638027.313,1776521638500.114,472.801,1.007,470.787,2.086,1833,1577,80.0,1,0,30.9
3186,mean_dynamic_mlp_covertype,stable,h3,1776521638502.113,1776521638972.134,470.021,0.996,467.043,5.079,1833,1577,80.0,1,0,31.4
3187,mean_dynamic_mlp_covertype,stable,h3,1776521638974.139,1776521639550.317,576.177,0.998,573.548,1.996,1833,1577,80.0,1,0,25.0
3188,mean_dynamic_mlp_covertype,stable,h3,1776521639552.714,1776521640065.742,513.028,1.544,508.776,3.027,1833,1577,80.0,1,0,29.3
3189,mean_dynamic_mlp_covertype,stable,h3,1776521640067.729,1776521640672.044,604.315,1.001,602.467,5.544,1833,1577,80.0,1,0,24.7
3190,mean_dynamic_mlp_covertype,stable,h3,1776521640674.047,1776521641280.614,606.567,1.001,604.577,3.089,1833,1577,80.0,1,0,24.1
3191,mean_dynamic_mlp_covertype,stable,h3,1776521641282.614,1776521641904.630,622.016,1.000,620.012,11.929,1833,1577,80.0,1,0,24.2
3192,mean_dynamic_mlp_covertype,stable,h3,1776521641908.058,1776521642513.379,605.321,0.998,603.315,9.372,1833,1577,80.0,1,0,25.3
3193,mean_dynamic_mlp_covertype,stable,h3,1776521642515.376,1776521643136.894,621.519,1.994,617.519,3.970,1833,1577,80.0,1,0,28.3
3194,mean_dynamic_mlp_covertype,stable,h3,1776521643138.893,1776521643741.399,602.505,1.993,599.516,1.929,1833,1577,80.0,1,0,30.3
3195,mean_dynamic_mlp_covertype,stable,h3,1776521643743.397,1776521644366.275,622.878,1.000,620.889,1.966,1833,1577,80.0,1,0,28.1
3196,mean_dynamic_mlp_covertype,stable,h3,1776521644368.033,1776521644972.753,604.720,0.974,601.886,1.986,1833,1577,80.0,1,0,27.9
3197,mean_dynamic_mlp_covertype,stable,h3,1776521644974.757,1776521645583.192,608.435,0.000,605.175,1.794,1833,1577,80.0,1,0,25.6
3198,mean_dynamic_mlp_covertype,stable,h3,1776521645585.927,1776521646132.397,546.470,0.996,544.466,2.042,1833,1577,80.0,1,0,28.1
3199,mean_dynamic_mlp_covertype,stable,h3,1776521646134.393,1776521646269.946,135.553,0.997,133.562,2.231,1833,1577,80.0,1,0,55.8
3200,mean_dynamic_mlp_covertype,stable,h3,1776521646271.944,1776521646459.019,187.075,0.000,186.641,1.859,1833,1577,80.0,1,0,69.8
3201,mean_dynamic_mlp_covertype,stable,h3,1776521646460.036,1776521646553.722,93.686,0.984,92.184,1.794,1833,1577,80.0,1,0,71.1
3202,mean_dynamic_mlp_covertype,stable,h3,1776521646554.721,1776521646678.283,123.562,1.000,121.561,1.742,1833,1577,80.0,1,0,71.1
3203,mean_dynamic_mlp_covertype,stable,h3,1776521646679.269,1776521646910.477,231.208,0.000,230.209,1.904,1833,1577,80.0,1,0,65.7
3204,mean_dynamic_mlp_covertype,stable,h3,1776521646910.477,1776521647030.493,120.017,0.000,117.511,1.877,1833,1577,80.0,1,0,72.2
3205,mean_dynamic_mlp_covertype,stable,h3,1776521647031.493,1776521647200.022,168.529,1.000,167.529,1.916,1833,1577,80.0,1,0,68.9
3206,mean_dynamic_mlp_covertype,stable,h3,1776521647202.023,1776521647334.033,132.010,0.000,130.011,2.884,1833,1577,80.0,1,0,74.6
3207,mean_dynamic_mlp_covertype,stable,h3,1776521647335.034,1776521647445.540,110.507,1.000,108.507,1.819,1833,1577,80.0,1,0,75.0
3208,mean_dynamic_mlp_covertype,stable,h3,1776521647446.540,1776521647524.047,77.506,0.000,76.506,1.991,1833,1577,80.0,0,0,74.7
3209,mean_dynamic_mlp_covertype,stable,h3,1776521647525.046,1776521647644.554,119.508,0.000,118.508,2.775,1833,1577,80.0,1,0,72.1
3210,mean_dynamic_mlp_covertype,stable,h3,1776521647645.554,1776521647751.061,105.506,1.004,103.503,3.088,1833,1577,80.0,1,0,68.8
3211,mean_dynamic_mlp_covertype,stable,h3,1776521647753.061,1776521647851.567,98.506,0.000,97.506,1.861,1833,1577,80.0,1,0,74.0
3212,mean_dynamic_mlp_covertype,stable,h3,1776521647852.567,1776521647973.073,120.506,0.000,118.506,2.417,1833,1577,80.0,1,0,70.9
3213,mean_dynamic_mlp_covertype,stable,h3,1776521647975.073,1776521648025.580,50.507,0.000,49.507,1.825,1833,1577,80.0,0,0,73.8
3214,mean_dynamic_mlp_covertype,stable,h3,1776521648026.580,1776521648209.088,182.508,1.000,180.507,1.818,1833,1577,80.0,1,0,71.0
3215,mean_dynamic_mlp_covertype,stable,h3,1776521648211.088,1776521648343.100,132.012,0.000,132.012,1.942,1833,1577,80.0,1,0,74.3
3216,mean_dynamic_mlp_covertype,stable,h3,1776521648345.133,1776521648460.606,115.473,0.000,114.473,1.971,1833,1577,80.0,1,0,68.8
3217,mean_dynamic_mlp_covertype,stable,h3,1776521648461.606,1776521648576.113,114.506,1.000,113.506,2.254,1833,1577,80.0,1,0,70.9
3218,mean_dynamic_mlp_covertype,stable,h3,1776521648578.113,1776521648662.619,84.506,1.000,83.505,2.027,1833,1577,80.0,1,0,67.9
3219,mean_dynamic_mlp_covertype,stable,h3,1776521648664.618,1776521648735.125,70.507,1.000,68.509,1.992,1833,1577,80.0,0,0,72.3
3220,mean_dynamic_mlp_covertype,stable,h3,1776521648736.125,1776521648872.638,136.512,1.000,134.512,1.769,1833,1577,80.0,1,0,69.2
3221,mean_dynamic_mlp_covertype,stable,h3,1776521648873.637,1776521649029.650,156.013,0.000,155.011,1.909,1833,1577,80.0,1,0,68.8
3222,mean_dynamic_mlp_covertype,stable,h3,1776521649031.650,1776521649115.157,83.507,1.000,82.506,1.901,1833,1577,80.0,1,0,68.8
3223,mean_dynamic_mlp_covertype,stable,h3,1776521649117.157,1776521649204.160,87.003,0.000,86.002,1.928,1833,1577,80.0,1,0,69.1
3224,mean_dynamic_mlp_covertype,stable,h3,1776521649205.159,1776521649285.663,80.504,1.000,79.504,1.844,1833,1577,80.0,1,0,70.4
3225,mean_dynamic_mlp_covertype,stable,h3,1776521649287.664,1776521649405.173,117.509,0.000,116.509,1.730,1833,1577,80.0,1,0,69.3
3226,mean_dynamic_mlp_covertype,stable,h3,1776521649407.173,1776521649539.184,132.011,0.000,132.011,1.710,1833,1577,80.0,1,0,70.3
3227,mean_dynamic_mlp_covertype,stable,h3,1776521649540.184,1776521649656.690,116.506,1.000,115.507,1.822,1833,1577,80.0,1,0,71.5
3228,mean_dynamic_mlp_covertype,stable,h3,1776521649657.690,1776521649741.197,83.506,1.000,81.507,2.483,1833,1577,80.0,1,0,68.8
3229,mean_dynamic_mlp_covertype,stable,h3,1776521649743.386,1776521649829.705,86.319,0.000,85.508,2.131,1833,1577,80.0,1,0,69.8
3230,mean_dynamic_mlp_covertype,stable,h3,1776521649831.704,1776521649959.210,127.506,0.000,126.506,2.346,1833,1577,80.0,1,0,69.3
3231,mean_dynamic_mlp_covertype,stable,h3,1776521649961.210,1776521650055.717,94.507,0.000,93.507,1.915,1833,1577,80.0,1,0,70.1
3232,mean_dynamic_mlp_covertype,stable,h3,1776521650057.716,1776521650210.224,152.508,0.000,152.508,2.567,1833,1577,80.0,1,0,70.0
3233,mean_dynamic_mlp_covertype,stable,h3,1776521650212.726,1776521650376.245,163.519,0.000,162.519,2.706,1833,1577,80.0,1,0,70.5
3234,mean_dynamic_mlp_covertype,stable,h3,1776521650377.245,1776521650508.754,131.509,1.000,129.508,5.840,1833,1577,80.0,1,0,69.0
3235,mean_dynamic_mlp_covertype,stable,h3,1776521650509.754,1776521650607.261,97.508,0.000,97.508,1.732,1833,1577,80.0,1,0,73.2
3236,mean_dynamic_mlp_covertype,stable,h3,1776521650609.261,1776521650754.272,145.011,0.000,144.010,2.203,1833,1577,80.0,1,0,69.0
3237,mean_dynamic_mlp_covertype,stable,h3,1776521650756.272,1776521650872.778,116.506,0.000,114.505,1.837,1833,1577,80.0,1,0,71.8
3238,mean_dynamic_mlp_covertype,stable,h3,1776521650873.779,1776521651030.803,157.025,0.000,157.025,1.988,1833,1577,80.0,1,0,77.2
3239,mean_dynamic_mlp_covertype,stable,h3,1776521651031.803,1776521651144.310,112.507,1.000,110.507,1.933,1833,1577,80.0,1,0,68.8
3240,mean_dynamic_mlp_covertype,stable,h3,1776521651146.310,1776521651212.814,66.504,0.000,66.504,2.007,1833,1577,80.0,0,0,70.5
3241,mean_dynamic_mlp_covertype,stable,h3,1776521651214.816,1776521651328.323,113.507,0.000,113.507,2.071,1833,1577,80.0,1,0,68.4
3242,mean_dynamic_mlp_covertype,stable,h3,1776521651330.323,1776521651443.829,113.507,0.000,112.507,1.802,1833,1577,80.0,1,0,70.3
3243,mean_dynamic_mlp_covertype,stable,h3,1776521651444.829,1776521651513.333,68.504,1.000,67.504,1.792,1833,1577,80.0,0,0,70.9
3244,mean_dynamic_mlp_covertype,stable,h3,1776521651515.336,1776521651676.843,161.507,0.000,160.506,1.938,1833,1577,80.0,1,0,68.5
3245,mean_dynamic_mlp_covertype,stable,h3,1776521651677.842,1776521651765.348,87.506,1.000,85.506,2.193,1833,1577,80.0,1,0,70.5
3246,mean_dynamic_mlp_covertype,stable,h3,1776521651767.349,1776521651831.855,64.506,0.000,64.506,2.331,1833,1577,80.0,0,0,69.2
3247,mean_dynamic_mlp_covertype,stable,h3,1776521651832.855,1776521651932.361,99.506,1.001,98.505,1.892,1833,1577,80.0,1,0,71.2
3248,mean_dynamic_mlp_covertype,stable,h3,1776521651934.362,1776521652036.868,102.506,0.000,100.506,1.817,1833,1577,80.0,1,0,69.8
3249,mean_dynamic_mlp_covertype,stable,h3,1776521652037.868,1776521652200.376,162.509,0.000,160.508,1.875,1833,1577,80.0,1,0,70.1
3250,mean_dynamic_mlp_covertype,stable,h3,1776521652201.377,1776521652326.387,125.010,0.000,123.010,1.800,1833,1577,80.0,1,0,68.5
3251,mean_dynamic_mlp_covertype,stable,h3,1776521652327.387,1776521652419.894,92.506,0.000,90.506,1.875,1833,1577,80.0,1,0,69.5
3252,mean_dynamic_mlp_covertype,stable,h3,1776521652420.893,1776521652551.401,130.508,0.000,128.507,2.104,1833,1577,80.0,1,0,69.5
3253,mean_dynamic_mlp_covertype,stable,h3,1776521652552.401,1776521652681.908,129.507,0.000,129.507,1.959,1833,1577,80.0,1,0,70.1
3254,mean_dynamic_mlp_covertype,stable,h3,1776521652683.908,1776521652768.416,84.508,0.000,83.505,1.819,1833,1577,80.0,1,0,69.5
3255,mean_dynamic_mlp_covertype,stable,h3,1776521652770.416,1776521652858.922,88.506,0.000,87.506,1.869,1833,1577,80.0,1,0,70.5
3256,mean_dynamic_mlp_covertype,stable,h3,1776521652859.922,1776521652989.429,129.507,0.000,128.507,2.209,1833,1577,80.0,1,0,70.9
3257,mean_dynamic_mlp_covertype,stable,h3,1776521652991.429,1776521653049.936,58.506,0.000,58.506,2.084,1833,1577,80.0,0,0,70.8
3258,mean_dynamic_mlp_covertype,stable,h3,1776521653050.936,1776521653174.443,123.507,1.000,122.507,1.792,1833,1577,80.0,1,0,72.1
3259,mean_dynamic_mlp_covertype,stable,h3,1776521653176.442,1776521653317.455,141.013,1.001,140.012,1.789,1833,1577,80.0,1,0,70.6
3260,mean_dynamic_mlp_covertype,stable,h3,1776521653319.455,1776521653447.962,128.507,0.000,126.506,1.813,1833,1577,80.0,1,0,70.1
3261,mean_dynamic_mlp_covertype,stable,h3,1776521653448.961,1776521653564.468,115.507,0.000,113.506,1.822,1833,1577,80.0,1,0,69.0
3262,mean_dynamic_mlp_covertype,stable,h3,1776521653565.468,1776521653662.975,97.507,0.000,95.506,2.065,1833,1577,80.0,1,0,68.0
3263,mean_dynamic_mlp_covertype,stable,h3,1776521653664.975,1776521653794.482,129.507,1.000,128.507,2.021,1833,1577,80.0,1,0,74.1
3264,mean_dynamic_mlp_covertype,stable,h3,1776521653796.483,1776521653960.495,164.012,0.000,162.012,1.932,1833,1577,80.0,1,0,69.1
3265,mean_dynamic_mlp_covertype,stable,h3,1776521653961.495,1776521654118.509,157.014,1.000,155.013,1.997,1833,1577,80.0,1,0,72.2
3266,mean_dynamic_mlp_covertype,stable,h3,1776521654119.508,1776521654271.015,151.506,0.000,150.506,1.739,1833,1577,80.0,1,0,68.5
3267,mean_dynamic_mlp_covertype,stable,h3,1776521654273.015,1776521654345.521,72.506,0.000,71.506,1.794,1833,1577,80.0,0,0,69.2
3268,mean_dynamic_mlp_covertype,stable,h3,1776521654346.521,1776521654503.030,156.509,1.000,155.509,1.926,1833,1577,80.0,1,0,70.4
3269,mean_dynamic_mlp_covertype,stable,h3,1776521654505.030,1776521654595.535,90.504,0.000,90.504,3.585,1833,1577,80.0,1,0,68.7
3270,mean_dynamic_mlp_covertype,stable,h3,1776521654596.534,1776521654744.548,148.013,0.000,147.013,3.731,1833,1577,80.0,1,0,70.0
3271,mean_dynamic_mlp_covertype,stable,h3,1776521654746.547,1776521654832.054,85.507,0.000,84.507,1.884,1833,1577,80.0,1,0,67.9
3272,mean_dynamic_mlp_covertype,stable,h3,1776521654834.054,1776521655041.693,207.639,0.000,207.639,1.987,1833,1577,80.0,1,0,67.5
3273,mean_dynamic_mlp_covertype,stable,h3,1776521655042.732,1776521655148.529,105.797,0.995,104.801,2.065,1833,1577,80.0,1,0,62.0
3274,mean_dynamic_mlp_covertype,stable,h3,1776521655150.516,1776521655275.311,124.795,0.000,122.796,1.819,1833,1577,80.0,1,0,71.5
3275,mean_dynamic_mlp_covertype,stable,h3,1776521655276.310,1776521655385.106,108.796,0.000,107.796,2.463,1833,1577,80.0,1,0,70.4
3276,mean_dynamic_mlp_covertype,stable,h3,1776521655387.105,1776521655475.618,88.513,0.000,88.513,1.788,1833,1577,80.0,1,0,67.4
3277,mean_dynamic_mlp_covertype,stable,h3,1776521655477.682,1776521655594.281,116.599,0.000,114.815,2.420,1833,1577,80.0,1,0,69.5
3278,mean_dynamic_mlp_covertype,stable,h3,1776521655596.280,1776521655731.736,135.456,0.000,134.454,1.801,1833,1577,80.0,1,0,69.9
3279,mean_dynamic_mlp_covertype,stable,h3,1776521655732.734,1776521655777.921,45.187,0.000,43.199,2.002,1833,1577,80.0,0,0,68.8
3280,mean_dynamic_mlp_covertype,stable,h3,1776521655778.878,1776521655855.413,76.535,0.858,74.679,1.749,1833,1577,80.0,0,0,70.0
3281,mean_dynamic_mlp_covertype,stable,h3,1776521655856.413,1776521655942.231,85.818,0.999,84.819,2.044,1833,1577,80.0,1,0,68.3
3282,mean_dynamic_mlp_covertype,stable,h3,1776521655944.233,1776521656104.137,159.903,0.000,159.903,8.039,1833,1577,80.0,1,0,70.7
3283,mean_dynamic_mlp_covertype,stable,h3,1776521656106.062,1776521656198.859,92.797,0.000,90.800,2.234,1833,1577,80.0,1,0,67.3
3284,mean_dynamic_mlp_covertype,stable,h3,1776521656199.858,1776521656312.519,112.660,0.000,112.660,2.384,1833,1577,80.0,1,0,70.8
3285,mean_dynamic_mlp_covertype,stable,h3,1776521656314.551,1776521656404.205,89.654,0.000,89.191,1.877,1833,1577,80.0,1,0,68.8
3286,mean_dynamic_mlp_covertype,stable,h3,1776521656405.203,1776521656534.518,129.315,0.000,128.374,1.900,1833,1577,80.0,1,0,74.6
3287,mean_dynamic_mlp_covertype,stable,h3,1776521656535.517,1776521656650.315,114.798,0.000,114.798,1.861,1833,1577,80.0,1,0,71.7
3288,mean_dynamic_mlp_covertype,stable,h3,1776521656651.318,1776521656789.277,137.959,0.000,135.966,4.132,1833,1577,80.0,1,0,68.9
3289,mean_dynamic_mlp_covertype,stable,h3,1776521656790.277,1776521656900.427,110.150,0.000,108.123,1.787,1833,1577,80.0,1,0,73.4
3290,mean_dynamic_mlp_covertype,stable,h3,1776521656901.299,1776521657086.773,185.474,1.005,183.467,2.205,1833,1577,80.0,1,0,72.1
3291,mean_dynamic_mlp_covertype,stable,h3,1776521657087.773,1776521657189.307,101.535,0.000,99.658,1.836,1833,1577,80.0,1,0,76.1
3292,mean_dynamic_mlp_covertype,stable,h3,1776521657190.288,1776521657290.083,99.795,0.000,98.797,1.806,1833,1577,80.0,1,0,70.1
3293,mean_dynamic_mlp_covertype,stable,h3,1776521657292.084,1776521657377.095,85.011,0.000,85.011,2.208,1833,1577,80.0,1,0,72.3
3294,mean_dynamic_mlp_covertype,stable,h3,1776521657379.029,1776521657513.987,134.958,0.000,133.959,2.136,1833,1577,80.0,1,0,72.0
3295,mean_dynamic_mlp_covertype,stable,h3,1776521657515.987,1776521657649.197,133.209,0.000,133.209,3.451,1833,1577,80.0,1,0,70.2
3296,mean_dynamic_mlp_covertype,stable,h3,1776521657650.196,1776521657754.596,104.400,1.000,103.400,2.917,1833,1577,80.0,1,0,69.0
3297,mean_dynamic_mlp_covertype,stable,h3,1776521657756.597,1776521657871.719,115.123,0.000,115.123,2.102,1833,1577,80.0,1,0,69.5
3298,mean_dynamic_mlp_covertype,stable,h3,1776521657873.819,1776521658025.357,151.538,0.000,151.538,3.240,1833,1577,80.0,1,0,69.6
3299,mean_dynamic_mlp_covertype,stable,h3,1776521658027.216,1776521658186.196,158.979,0.000,158.979,2.677,1833,1577,80.0,1,0,69.6
3300,mean_dynamic_mlp_covertype,stable,h3,1776521658188.170,1776521658292.826,104.656,0.000,104.656,1.868,1833,1577,80.0,1,0,69.4
3301,mean_dynamic_mlp_covertype,stable,h3,1776521658294.823,1776521658416.893,122.070,0.000,120.013,1.940,1833,1577,80.0,1,0,72.1
3302,mean_dynamic_mlp_covertype,stable,h3,1776521658417.858,1776521658577.852,159.994,0.862,159.132,1.748,1833,1577,80.0,1,0,68.8
3303,mean_dynamic_mlp_covertype,stable,h3,1776521658579.764,1776521658687.869,108.105,1.000,106.108,2.013,1833,1577,80.0,1,0,67.3
3304,mean_dynamic_mlp_covertype,stable,h3,1776521658689.712,1776521658821.208,131.496,0.000,131.496,2.345,1833,1577,80.0,1,0,68.2
3305,mean_dynamic_mlp_covertype,stable,h3,1776521658823.213,1776521658915.213,92.000,0.000,92.000,1.787,1833,1577,80.0,1,0,68.8
3306,mean_dynamic_mlp_covertype,stable,h3,1776521658917.214,1776521659068.246,151.032,0.000,150.032,3.112,1833,1577,80.0,1,0,69.4
3307,mean_dynamic_mlp_covertype,stable,h3,1776521659070.246,1776521659212.261,142.015,0.000,141.015,1.961,1833,1577,80.0,1,0,70.1
3308,mean_dynamic_mlp_covertype,stable,h3,1776521659214.262,1776521659351.273,137.011,1.000,135.011,2.010,1833,1577,80.0,1,0,68.9
3309,mean_dynamic_mlp_covertype,stable,h3,1776521659352.273,1776521659464.781,112.507,1.000,111.507,1.778,1833,1577,80.0,1,0,69.5
3310,mean_dynamic_mlp_covertype,stable,h3,1776521659466.781,1776521659573.287,106.506,0.000,106.506,2.373,1833,1577,80.0,1,0,70.0
3311,mean_dynamic_mlp_covertype,stable,h3,1776521659575.290,1776521659767.363,192.073,0.000,191.072,2.862,1833,1577,80.0,1,0,68.0
3312,mean_dynamic_mlp_covertype,stable,h3,1776521659769.363,1776521659918.895,149.532,0.000,147.536,2.293,1833,1577,80.0,1,0,78.4
3313,mean_dynamic_mlp_covertype,stable,h3,1776521659920.894,1776521660065.907,145.013,0.502,144.510,2.085,1833,1577,80.0,1,0,69.9
3314,mean_dynamic_mlp_covertype,stable,h3,1776521660067.907,1776521660214.415,146.509,0.000,145.508,1.755,1833,1577,80.0,1,0,68.6
3315,mean_dynamic_mlp_covertype,stable,h3,1776521660216.416,1776521660337.438,121.022,0.000,119.022,2.348,1833,1577,80.0,1,0,70.5
3316,mean_dynamic_mlp_covertype,stable,h3,1776521660339.438,1776521660419.440,80.002,0.000,80.002,1.847,1833,1577,80.0,1,0,70.4
3317,mean_dynamic_mlp_covertype,stable,h3,1776521660421.947,1776521660574.453,152.506,0.000,152.506,2.021,1833,1577,80.0,1,0,70.3
3318,mean_dynamic_mlp_covertype,stable,h3,1776521660576.453,1776521660736.483,160.030,0.000,159.030,1.856,1833,1577,80.0,1,0,68.3
3319,mean_dynamic_mlp_covertype,stable,h3,1776521660738.468,1776521660841.116,102.648,0.000,101.649,1.870,1833,1577,80.0,1,0,68.1
3320,mean_dynamic_mlp_covertype,stable,h3,1776521660843.115,1776521660906.115,63.000,0.000,63.000,2.536,1833,1577,80.0,0,0,68.8
3321,mean_dynamic_mlp_covertype,stable,h3,1776521660908.124,1776521661053.609,145.484,0.000,144.399,1.937,1833,1577,80.0,1,0,69.4
3322,mean_dynamic_mlp_covertype,stable,h3,1776521661054.456,1776521661188.041,133.585,0.000,131.654,2.006,1833,1577,80.0,1,0,69.4
3323,mean_dynamic_mlp_covertype,stable,h3,1776521661188.968,1776521661256.932,67.964,1.000,65.963,2.322,1833,1577,80.0,0,0,68.8
3324,mean_dynamic_mlp_covertype,stable,h3,1776521661257.931,1776521661321.884,63.954,1.003,62.950,1.818,1833,1577,80.0,0,0,74.7
3325,mean_dynamic_mlp_covertype,stable,h3,1776521661323.889,1776521661422.407,98.518,0.000,97.519,3.221,1833,1577,80.0,1,0,70.3
3326,mean_dynamic_mlp_covertype,stable,h3,1776521661423.408,1776521661543.427,120.019,2.373,117.646,1.804,1833,1577,80.0,1,0,69.5
3327,mean_dynamic_mlp_covertype,stable,h3,1776521661544.361,1776521661628.335,83.974,0.998,82.976,1.836,1833,1577,80.0,1,0,69.6
3328,mean_dynamic_mlp_covertype,stable,h3,1776521661630.331,1776521661719.334,89.003,0.000,89.003,2.071,1833,1577,80.0,1,0,70.5
3329,mean_dynamic_mlp_covertype,stable,h3,1776521661720.337,1776521661834.497,114.159,0.000,113.159,1.919,1833,1577,80.0,1,0,67.2
3330,mean_dynamic_mlp_covertype,stable,h3,1776521661835.495,1776521661956.446,120.952,1.002,119.950,2.022,1833,1577,80.0,1,0,71.1
3331,mean_dynamic_mlp_covertype,stable,h3,1776521661958.446,1776521662088.524,130.078,0.000,129.108,1.925,1833,1577,80.0,1,0,70.4
3332,mean_dynamic_mlp_covertype,stable,h3,1776521662089.403,1776521662200.076,110.673,1.001,108.808,2.032,1833,1577,80.0,1,0,68.8
3333,mean_dynamic_mlp_covertype,stable,h3,1776521662202.074,1776521662267.691,65.617,0.000,63.667,2.332,1833,1577,80.0,0,0,66.7
3334,mean_dynamic_mlp_covertype,stable,h3,1776521662269.659,1776521662390.628,120.969,0.000,120.969,1.922,1833,1577,80.0,1,0,70.1
3335,mean_dynamic_mlp_covertype,stable,h3,1776521662392.626,1776521662514.446,121.819,0.000,121.819,1.809,1833,1577,80.0,1,0,68.0
3336,mean_dynamic_mlp_covertype,stable,h3,1776521662516.522,1776521662605.047,88.525,0.000,87.599,2.382,1833,1577,80.0,1,0,68.0
3337,mean_dynamic_mlp_covertype,stable,h3,1776521662606.952,1776521662736.125,129.172,0.000,129.172,2.070,1833,1577,80.0,1,0,70.3
3338,mean_dynamic_mlp_covertype,stable,h3,1776521662738.125,1776521662806.163,68.038,0.000,68.038,1.827,1833,1577,80.0,0,0,73.3
3339,mean_dynamic_mlp_covertype,stable,h3,1776521662808.126,1776521662902.640,94.514,0.000,94.514,2.120,1833,1577,80.0,1,0,73.3
3340,mean_dynamic_mlp_covertype,stable,h3,1776521662904.638,1776521663049.816,145.178,0.000,143.175,2.064,1833,1577,80.0,1,0,71.3
3341,mean_dynamic_mlp_covertype,stable,h3,1776521663050.812,1776521663203.780,152.968,0.000,151.966,2.201,1833,1577,80.0,1,0,68.3
3342,mean_dynamic_mlp_covertype,stable,h3,1776521663205.777,1776521663345.938,140.161,0.000,140.161,2.083,1833,1577,80.0,1,0,68.8
3343,mean_dynamic_mlp_covertype,stable,h3,1776521663347.938,1776521663455.931,107.992,0.000,106.992,1.775,1833,1577,80.0,1,0,71.2
3344,mean_dynamic_mlp_covertype,stable,h3,1776521663457.930,1776521663589.388,131.458,0.000,129.462,2.151,1833,1577,80.0,1,0,68.9
3345,mean_dynamic_mlp_covertype,stable,h3,1776521663590.388,1776521663673.023,82.635,1.002,80.673,1.873,1833,1577,80.0,1,0,69.6
3346,mean_dynamic_mlp_covertype,stable,h3,1776521663675.021,1776521663780.634,105.612,0.000,105.612,1.831,1833,1577,80.0,1,0,69.4
3347,mean_dynamic_mlp_covertype,stable,h3,1776521663782.632,1776521663864.343,81.711,0.000,81.711,1.941,1833,1577,80.0,1,0,69.9
3348,mean_dynamic_mlp_covertype,stable,h3,1776521663866.289,1776521663993.077,126.788,0.000,124.828,2.090,1833,1577,80.0,1,0,70.5
3349,mean_dynamic_mlp_covertype,stable,h3,1776521663994.969,1776521664130.651,135.682,0.000,134.683,1.937,1833,1577,80.0,1,0,69.4
3350,mean_dynamic_mlp_covertype,stable,h3,1776521664132.567,1776521664207.566,75.000,0.000,75.000,1.780,1833,1577,80.0,0,0,67.9
3351,mean_dynamic_mlp_covertype,stable,h3,1776521664208.566,1776521664386.318,177.752,0.000,176.855,2.318,1833,1577,80.0,1,0,70.4
3352,mean_dynamic_mlp_covertype,stable,h3,1776521664387.316,1776521664462.935,75.619,1.000,74.619,2.063,1833,1577,80.0,0,0,71.2
3353,mean_dynamic_mlp_covertype,stable,h3,1776521664463.935,1776521664535.563,71.628,0.000,70.628,1.865,1833,1577,80.0,0,0,67.2
3354,mean_dynamic_mlp_covertype,stable,h3,1776521664537.561,1776521664665.185,127.624,0.000,127.624,2.893,1833,1577,80.0,1,0,69.3
3355,mean_dynamic_mlp_covertype,stable,h3,1776521664667.181,1776521664774.899,107.718,0.000,106.720,1.791,1833,1577,80.0,1,0,68.1
3356,mean_dynamic_mlp_covertype,stable,h3,1776521664775.898,1776521664875.743,99.845,0.000,98.844,2.164,1833,1577,80.0,1,0,69.6
3357,mean_dynamic_mlp_covertype,stable,h3,1776521664877.859,1776521664988.273,110.414,0.886,109.528,2.670,1833,1577,80.0,1,0,71.4
3358,mean_dynamic_mlp_covertype,stable,h3,1776521664990.293,1776521665069.976,79.682,0.000,78.723,2.158,1833,1577,80.0,0,0,69.6
3359,mean_dynamic_mlp_covertype,stable,h3,1776521665071.979,1776521665188.378,116.399,0.000,116.399,1.938,1833,1577,80.0,1,0,70.9
3360,mean_dynamic_mlp_covertype,stable,h3,1776521665190.377,1776521665419.948,229.571,0.000,228.370,2.023,1833,1577,80.0,1,0,61.1
3361,mean_dynamic_mlp_covertype,stable,h3,1776521665420.954,1776521665511.455,90.501,0.000,88.501,1.995,1833,1577,80.0,1,0,63.5
3362,mean_dynamic_mlp_covertype,stable,h3,1776521665513.458,1776521665629.469,116.011,0.000,115.010,2.380,1833,1577,80.0,1,0,71.3
3363,mean_dynamic_mlp_covertype,stable,h3,1776521665631.469,1776521665706.469,74.999,0.000,74.999,1.896,1833,1577,80.0,0,0,67.9
3364,mean_dynamic_mlp_covertype,stable,h3,1776521665708.469,1776521665824.978,116.509,0.000,116.509,1.951,1833,1577,80.0,1,0,69.3
3365,mean_dynamic_mlp_covertype,stable,h3,1776521665826.979,1776521665888.484,61.505,0.502,60.003,1.798,1833,1577,80.0,0,0,66.7
3366,mean_dynamic_mlp_covertype,stable,h3,1776521665890.484,1776521666067.531,177.047,0.000,176.048,2.082,1833,1577,80.0,1,0,70.1
3367,mean_dynamic_mlp_covertype,stable,h3,1776521666068.531,1776521666225.067,156.535,1.001,155.535,1.961,1833,1577,80.0,1,0,71.0
3368,mean_dynamic_mlp_covertype,stable,h3,1776521666226.066,1776521666325.386,99.321,1.238,97.081,1.729,1833,1577,80.0,1,0,70.5
3369,mean_dynamic_mlp_covertype,stable,h3,1776521666326.386,1776521666436.418,110.033,0.000,109.032,2.057,1833,1577,80.0,1,0,71.6
3370,mean_dynamic_mlp_covertype,stable,h3,1776521666438.419,1776521666545.926,107.507,0.000,107.507,1.878,1833,1577,80.0,1,0,67.0
3371,mean_dynamic_mlp_covertype,stable,h3,1776521666547.925,1776521666677.436,129.510,0.000,127.506,2.001,1833,1577,80.0,1,0,69.3
3372,mean_dynamic_mlp_covertype,stable,h3,1776521666678.433,1776521666848.450,170.018,0.000,168.015,2.263,1833,1577,80.0,1,0,68.4
3373,mean_dynamic_mlp_covertype,stable,h3,1776521666849.448,1776521666975.978,126.530,0.000,124.498,2.001,1833,1577,80.0,1,0,70.3
3374,mean_dynamic_mlp_covertype,stable,h3,1776521666976.977,1776521667048.485,71.508,1.000,70.507,1.830,1833,1577,80.0,0,0,70.0
3375,mean_dynamic_mlp_covertype,stable,h3,1776521667050.991,1776521667137.505,86.514,0.000,86.514,1.853,1833,1577,80.0,1,0,73.7
3376,mean_dynamic_mlp_covertype,stable,h3,1776521667139.503,1776521667242.010,102.507,0.000,102.507,2.034,1833,1577,80.0,1,0,72.2
3377,mean_dynamic_mlp_covertype,stable,h3,1776521667244.013,1776521667350.521,106.508,0.000,105.509,2.091,1833,1577,80.0,1,0,79.8
3378,mean_dynamic_mlp_covertype,stable,h3,1776521667352.521,1776521667486.611,134.091,0.000,134.091,2.021,1833,1577,80.0,1,0,83.6
3379,mean_dynamic_mlp_covertype,stable,h3,1776521667488.610,1776521667628.630,140.020,0.000,139.018,2.197,1833,1577,80.0,1,0,77.2
3380,mean_dynamic_mlp_covertype,stable,h3,1776521667630.631,1776521667779.709,149.078,0.000,148.077,1.739,1833,1577,80.0,1,0,73.5
3381,mean_dynamic_mlp_covertype,stable,h3,1776521667781.708,1776521667884.238,102.529,0.000,101.529,1.781,1833,1577,80.0,1,0,74.1
3382,mean_dynamic_mlp_covertype,stable,h3,1776521667886.239,1776521668072.114,185.875,0.000,184.876,2.034,1833,1577,80.0,1,0,72.6
3383,mean_dynamic_mlp_covertype,stable,h3,1776521668074.114,1776521668183.623,109.509,0.000,108.532,1.990,1833,1577,80.0,1,0,70.8
3384,mean_dynamic_mlp_covertype,stable,h3,1776521668184.623,1776521668284.150,99.527,0.000,98.526,1.849,1833,1577,80.0,1,0,68.4
3385,mean_dynamic_mlp_covertype,stable,h3,1776521668285.150,1776521668389.659,104.509,1.004,102.505,1.892,1833,1577,80.0,1,0,68.8
3386,mean_dynamic_mlp_covertype,stable,h3,1776521668391.659,1776521668527.674,136.016,0.000,136.016,2.002,1833,1577,80.0,1,0,72.2
3387,mean_dynamic_mlp_covertype,stable,h3,1776521668529.678,1776521668648.186,118.508,0.000,117.506,1.937,1833,1577,80.0,1,0,73.2
3388,mean_dynamic_mlp_covertype,stable,h3,1776521668650.184,1776521668749.717,99.533,0.000,97.533,3.999,1833,1577,80.0,1,0,74.8
3389,mean_dynamic_mlp_covertype,stable,h3,1776521668750.717,1776521668909.223,158.506,1.001,157.505,1.838,1833,1577,80.0,1,0,71.7
3390,mean_dynamic_mlp_covertype,stable,h3,1776521668911.224,1776521669037.262,126.038,0.000,125.039,1.831,1833,1577,80.0,1,0,69.2
3391,mean_dynamic_mlp_covertype,stable,h3,1776521669038.263,1776521669110.263,72.000,0.000,69.996,2.266,1833,1577,80.0,0,0,81.2
3392,mean_dynamic_mlp_covertype,stable,h3,1776521669112.265,1776521669240.281,128.015,0.000,127.016,1.909,1833,1577,80.0,1,0,74.2
3393,mean_dynamic_mlp_covertype,stable,h3,1776521669242.281,1776521669377.788,135.507,1.001,133.506,1.824,1833,1577,80.0,1,0,71.5
3394,mean_dynamic_mlp_covertype,stable,h3,1776521669378.787,1776521669491.404,112.616,1.000,110.616,2.046,1833,1577,80.0,1,0,68.8
3395,mean_dynamic_mlp_covertype,stable,h3,1776521669492.406,1776521669654.434,162.028,0.000,161.028,1.937,1833,1577,80.0,1,0,74.7
3396,mean_dynamic_mlp_covertype,stable,h3,1776521669655.439,1776521669711.419,55.980,0.000,55.000,2.051,1833,1577,80.0,0,0,66.0
3397,mean_dynamic_mlp_covertype,stable,h3,1776521669713.422,1776521669807.927,94.506,0.000,93.504,1.846,1833,1577,80.0,1,0,69.6
3398,mean_dynamic_mlp_covertype,stable,h3,1776521669809.928,1776521669927.793,117.865,0.000,117.865,1.864,1833,1577,80.0,1,0,69.5
3399,mean_dynamic_mlp_covertype,stable,h3,1776521669929.796,1776521670053.304,123.508,1.000,122.507,1.732,1833,1577,80.0,1,0,74.8
3400,mean_dynamic_mlp_covertype,stable,h3,1776521670055.304,1776521670154.811,99.507,0.000,98.506,1.951,1833,1577,80.0,1,0,71.9
3401,mean_dynamic_mlp_covertype,stable,h3,1776521670156.813,1776521670314.996,158.183,1.001,157.182,1.860,1833,1577,80.0,1,0,71.4
3402,mean_dynamic_mlp_covertype,stable,h3,1776521670316.997,1776521670437.033,120.037,0.000,120.037,2.022,1833,1577,80.0,1,0,74.4
3403,mean_dynamic_mlp_covertype,stable,h3,1776521670438.034,1776521670551.561,113.527,1.448,111.062,2.198,1833,1577,80.0,1,0,77.0
3404,mean_dynamic_mlp_covertype,stable,h3,1776521670552.545,1776521670682.053,129.508,0.000,128.504,1.951,1833,1577,80.0,1,0,73.1
3405,mean_dynamic_mlp_covertype,stable,h3,1776521670683.074,1776521670765.568,82.494,0.000,81.489,1.898,1833,1577,80.0,1,0,71.1
3406,mean_dynamic_mlp_covertype,stable,h3,1776521670767.568,1776521670861.165,93.597,1.000,92.597,2.015,1833,1577,80.0,1,0,84.2
3407,mean_dynamic_mlp_covertype,stable,h3,1776521670863.165,1776521671000.698,137.533,0.000,136.532,2.090,1833,1577,80.0,1,0,73.0
3408,mean_dynamic_mlp_covertype,stable,h3,1776521671001.698,1776521671213.868,212.171,1.000,210.242,2.648,1833,1577,80.0,1,0,71.4
3409,mean_dynamic_mlp_covertype,stable,h3,1776521671214.920,1776521671349.438,134.518,0.000,133.521,1.922,1833,1577,80.0,1,0,71.5
3410,mean_dynamic_mlp_covertype,stable,h3,1776521671351.385,1776521671422.445,71.061,0.000,71.061,3.653,1833,1577,80.0,0,0,71.2
3411,mean_dynamic_mlp_covertype,stable,h3,1776521671424.574,1776521671520.332,95.759,0.000,95.759,2.033,1833,1577,80.0,1,0,72.6
3412,mean_dynamic_mlp_covertype,stable,h3,1776521671522.362,1776521671644.406,122.044,0.000,121.117,1.884,1833,1577,80.0,1,0,80.0
3413,mean_dynamic_mlp_covertype,stable,h3,1776521671646.405,1776521671739.913,93.508,0.000,91.505,1.907,1833,1577,80.0,1,0,68.8
3414,mean_dynamic_mlp_covertype,stable,h3,1776521671741.913,1776521671856.423,114.510,0.000,114.510,1.892,1833,1577,80.0,1,0,82.4
3415,mean_dynamic_mlp_covertype,stable,h3,1776521671858.424,1776521671938.931,80.508,0.000,78.507,1.833,1833,1577,80.0,1,0,72.5
3416,mean_dynamic_mlp_covertype,stable,h3,1776521671939.931,1776521672036.442,96.510,1.001,94.509,1.909,1833,1577,80.0,1,0,71.9
3417,mean_dynamic_mlp_covertype,stable,h3,1776521672037.442,1776521672141.953,104.511,1.000,102.508,1.938,1833,1577,80.0,1,0,69.9
3418,mean_dynamic_mlp_covertype,stable,h3,1776521672142.950,1776521672203.949,60.999,1.000,59.999,1.871,1833,1577,80.0,0,0,68.8
3419,mean_dynamic_mlp_covertype,stable,h3,1776521672205.949,1776521672295.456,89.507,0.000,87.507,2.030,1833,1577,80.0,1,0,68.8
3420,mean_dynamic_mlp_covertype,stable,h3,1776521672296.456,1776521672416.971,120.515,0.000,119.513,2.322,1833,1577,80.0,1,0,69.8
3421,mean_dynamic_mlp_covertype,stable,h3,1776521672418.971,1776521672546.983,128.012,0.000,127.012,1.872,1833,1577,80.0,1,0,70.5
3422,mean_dynamic_mlp_covertype,stable,h3,1776521672547.983,1776521672665.492,117.509,1.001,116.508,2.197,1833,1577,80.0,1,0,73.8
3423,mean_dynamic_mlp_covertype,stable,h3,1776521672667.492,1776521672752.000,84.508,1.001,82.506,1.814,1833,1577,80.0,1,0,65.5
3424,mean_dynamic_mlp_covertype,stable,h3,1776521672752.999,1776521672912.508,159.509,1.000,158.509,1.900,1833,1577,80.0,1,0,71.3
3425,mean_dynamic_mlp_covertype,stable,h3,1776521672914.508,1776521673013.016,98.508,0.000,97.503,1.899,1833,1577,80.0,1,0,73.0
3426,mean_dynamic_mlp_covertype,stable,h3,1776521673015.018,1776521673102.523,87.505,0.000,87.505,2.139,1833,1577,80.0,1,0,71.2
3427,mean_dynamic_mlp_covertype,stable,h3,1776521673103.522,1776521673229.535,126.013,0.000,123.510,1.871,1833,1577,80.0,1,0,69.4
3428,mean_dynamic_mlp_covertype,stable,h3,1776521673230.538,1776521673323.541,93.002,1.000,91.002,1.910,1833,1577,80.0,1,0,68.8
3429,mean_dynamic_mlp_covertype,stable,h3,1776521673324.540,1776521673438.160,113.620,1.000,111.619,1.904,1833,1577,80.0,1,0,71.7
3430,mean_dynamic_mlp_covertype,stable,h3,1776521673440.160,1776521673539.680,99.521,1.001,98.520,1.843,1833,1577,80.0,1,0,67.7
3431,mean_dynamic_mlp_covertype,stable,h3,1776521673541.680,1776521673682.187,140.507,0.000,139.508,1.919,1833,1577,80.0,1,0,75.6
3432,mean_dynamic_mlp_covertype,stable,h3,1776521673683.189,1776521673772.697,89.508,1.000,87.508,1.840,1833,1577,80.0,1,0,77.5
3433,mean_dynamic_mlp_covertype,stable,h3,1776521673774.695,1776521673896.205,121.510,0.000,120.508,1.762,1833,1577,80.0,1,0,74.6
3434,mean_dynamic_mlp_covertype,stable,h3,1776521673897.204,1776521673990.712,93.509,0.000,91.506,1.745,1833,1577,80.0,1,0,74.5
3435,mean_dynamic_mlp_covertype,stable,h3,1776521673992.712,1776521674105.220,112.509,0.000,112.509,1.734,1833,1577,80.0,1,0,78.0
3436,mean_dynamic_mlp_covertype,stable,h3,1776521674107.221,1776521674216.731,109.510,0.000,109.510,1.835,1833,1577,80.0,1,0,73.5
3437,mean_dynamic_mlp_covertype,stable,h3,1776521674218.732,1776521674339.747,121.014,0.000,121.014,1.882,1833,1577,80.0,1,0,74.4
3438,mean_dynamic_mlp_covertype,stable,h3,1776521674341.747,1776521674446.256,104.509,0.000,103.508,2.069,1833,1577,80.0,1,0,75.2
3439,mean_dynamic_mlp_covertype,stable,h3,1776521674448.256,1776521674555.769,107.513,0.000,105.511,2.018,1833,1577,80.0,1,0,83.0
3440,mean_dynamic_mlp_covertype,stable,h3,1776521674556.767,1776521674762.392,205.625,1.000,204.626,1.866,1833,1577,80.0,1,0,71.1
3441,mean_dynamic_mlp_covertype,stable,h3,1776521674763.395,1776521674887.900,124.505,0.000,122.564,1.913,1833,1577,80.0,1,0,69.1
3442,mean_dynamic_mlp_covertype,stable,h3,1776521674888.899,1776521675047.914,159.015,0.999,158.015,1.848,1833,1577,80.0,1,0,72.0
3443,mean_dynamic_mlp_covertype,stable,h3,1776521675049.913,1776521675181.419,131.506,0.000,130.507,2.004,1833,1577,80.0,1,0,73.8
3444,mean_dynamic_mlp_covertype,stable,h3,1776521675183.424,1776521675333.435,150.011,0.000,149.014,2.026,1833,1577,80.0,1,0,69.0
3445,mean_dynamic_mlp_covertype,stable,h3,1776521675335.435,1776521675443.946,108.511,0.000,107.509,1.760,1833,1577,80.0,1,0,69.3
3446,mean_dynamic_mlp_covertype,stable,h3,1776521675445.947,1776521675590.453,144.506,0.000,144.506,1.853,1833,1577,80.0,1,0,71.7
3447,mean_dynamic_mlp_covertype,stable,h3,1776521675592.454,1776521675742.478,150.024,0.000,150.024,1.920,1833,1577,80.0,1,0,70.3
3448,mean_dynamic_mlp_covertype,stable,h3,1776521675744.478,1776521675844.986,100.508,0.000,99.505,1.936,1833,1577,80.0,1,0,71.2
3449,mean_dynamic_mlp_covertype,stable,h3,1776521675845.984,1776521675957.490,111.506,1.001,110.505,2.264,1833,1577,80.0,1,0,73.0
3450,mean_dynamic_mlp_covertype,stable,h3,1776521675959.490,1776521676090.999,131.509,0.000,129.509,1.879,1833,1577,80.0,1,0,72.1
3451,mean_dynamic_mlp_covertype,stable,h3,1776521676091.999,1776521676251.873,159.874,1.001,157.871,1.897,1833,1577,80.0,1,0,69.9
3452,mean_dynamic_mlp_covertype,stable,h3,1776521676252.872,1776521676399.377,146.506,0.000,144.506,1.810,1833,1577,80.0,1,0,69.4
3453,mean_dynamic_mlp_covertype,stable,h3,1776521676400.377,1776521676540.398,140.021,0.000,138.019,1.964,1833,1577,80.0,1,0,70.3
3454,mean_dynamic_mlp_covertype,stable,h3,1776521676541.397,1776521676678.906,137.508,0.000,135.509,1.883,1833,1577,80.0,1,0,70.1
3455,mean_dynamic_mlp_covertype,stable,h3,1776521676679.906,1776521676756.426,76.520,0.000,74.518,1.971,1833,1577,80.0,0,0,82.9
3456,mean_dynamic_mlp_covertype,stable,h3,1776521676757.425,1776521676822.428,65.003,0.000,64.003,2.018,1833,1577,80.0,0,0,76.2
3457,mean_dynamic_mlp_covertype,stable,h3,1776521676823.428,1776521676957.249,133.821,1.001,132.819,2.687,1833,1577,80.0,1,0,69.2
3458,mean_dynamic_mlp_covertype,stable,h3,1776521676959.248,1776521677144.265,185.018,0.000,184.018,1.991,1833,1577,80.0,1,0,70.1
3459,mean_dynamic_mlp_covertype,stable,h3,1776521677146.264,1776521677265.772,119.508,0.000,119.508,1.925,1833,1577,80.0,1,0,71.7
3460,mean_dynamic_mlp_covertype,stable,h3,1776521677267.772,1776521677379.845,112.073,0.000,110.070,1.866,1833,1577,80.0,1,0,71.9
3461,mean_dynamic_mlp_covertype,stable,h3,1776521677381.846,1776521677508.357,126.511,0.000,126.511,2.027,1833,1577,80.0,1,0,68.2
3462,mean_dynamic_mlp_covertype,stable,h3,1776521677510.356,1776521677623.866,113.510,0.000,113.510,1.955,1833,1577,80.0,1,0,74.0
3463,mean_dynamic_mlp_covertype,stable,h3,1776521677625.866,1776521677739.879,114.013,0.000,114.013,1.867,1833,1577,80.0,1,0,69.3
3464,mean_dynamic_mlp_covertype,stable,h3,1776521677741.880,1776521677801.879,60.000,0.000,58.000,2.121,1833,1577,80.0,0,0,68.8
3465,mean_dynamic_mlp_covertype,stable,h3,1776521677802.879,1776521677919.393,116.514,0.000,114.508,2.073,1833,1577,80.0,1,0,69.5
3466,mean_dynamic_mlp_covertype,stable,h3,1776521677920.391,1776521678039.404,119.013,1.000,118.013,1.810,1833,1577,80.0,1,0,69.6
3467,mean_dynamic_mlp_covertype,stable,h3,1776521678041.404,1776521678171.918,130.514,0.000,128.513,1.904,1833,1577,80.0,1,0,74.5
3468,mean_dynamic_mlp_covertype,stable,h3,1776521678173.309,1776521678358.685,185.375,0.610,183.763,2.024,1833,1577,80.0,1,0,71.1
3469,mean_dynamic_mlp_covertype,stable,h3,1776521678359.818,1776521678479.194,119.376,0.000,117.505,1.836,1833,1577,80.0,1,0,69.3
3470,mean_dynamic_mlp_covertype,stable,h3,1776521678480.191,1776521678554.698,74.507,0.000,73.506,1.895,1833,1577,80.0,0,0,69.2
3471,mean_dynamic_mlp_covertype,stable,h3,1776521678556.698,1776521678656.205,99.506,0.000,99.506,2.070,1833,1577,80.0,1,0,73.0
3472,mean_dynamic_mlp_covertype,stable,h3,1776521678658.206,1776521678759.291,101.084,0.000,100.081,1.872,1833,1577,80.0,1,0,68.0
3473,mean_dynamic_mlp_covertype,stable,h3,1776521678760.288,1776521678867.794,107.507,0.000,106.506,2.154,1833,1577,80.0,1,0,69.6
3474,mean_dynamic_mlp_covertype,stable,h3,1776521678869.794,1776521678972.305,102.510,0.000,101.510,2.518,1833,1577,80.0,1,0,69.9
3475,mean_dynamic_mlp_covertype,stable,h3,1776521678974.304,1776521679106.813,132.509,0.000,132.509,2.077,1833,1577,80.0,1,0,78.2
3476,mean_dynamic_mlp_covertype,stable,h3,1776521679108.812,1776521679233.324,124.512,1.004,122.533,4.552,1833,1577,80.0,1,0,68.8
3477,mean_dynamic_mlp_covertype,stable,h3,1776521679234.828,1776521679408.344,173.516,0.000,172.512,1.869,1833,1577,80.0,1,0,71.8
3478,mean_dynamic_mlp_covertype,stable,h3,1776521679410.344,1776521679495.854,85.510,0.000,84.511,2.194,1833,1577,80.0,1,0,69.8
3479,mean_dynamic_mlp_covertype,stable,h3,1776521679498.138,1776521679599.363,101.225,0.714,100.510,1.903,1833,1577,80.0,1,0,73.7
3480,mean_dynamic_mlp_covertype,stable,h3,1776521679600.363,1776521679723.883,123.520,1.001,122.519,1.770,1833,1577,80.0,1,0,70.5
3481,mean_dynamic_mlp_covertype,stable,h3,1776521679725.883,1776521679882.904,157.020,0.000,155.017,2.307,1833,1577,80.0,1,0,73.9
3482,mean_dynamic_mlp_covertype,stable,h3,1776521679883.903,1776521680008.413,124.509,1.000,123.509,2.289,1833,1577,80.0,1,0,72.9
3483,mean_dynamic_mlp_covertype,stable,h3,1776521680010.412,1776521680160.436,150.024,0.000,148.020,1.989,1833,1577,80.0,1,0,75.0
3484,mean_dynamic_mlp_covertype,stable,h3,1776521680161.437,1776521680262.455,101.018,0.000,99.013,1.984,1833,1577,80.0,1,0,69.6
3485,mean_dynamic_mlp_covertype,stable,h3,1776521680263.455,1776521680374.474,111.019,0.000,109.011,1.849,1833,1577,80.0,1,0,77.9
3486,mean_dynamic_mlp_covertype,stable,h3,1776521680375.474,1776521680471.979,96.505,1.003,95.502,2.887,1833,1577,80.0,1,0,69.8
3487,mean_dynamic_mlp_covertype,stable,h3,1776521680473.979,1776521680554.489,80.510,0.000,79.510,2.172,1833,1577,80.0,1,0,70.0
3488,mean_dynamic_mlp_covertype,stable,h3,1776521680555.489,1776521680671.003,115.513,0.000,114.513,2.232,1833,1577,80.0,1,0,68.8
3489,mean_dynamic_mlp_covertype,stable,h3,1776521680673.003,1776521680833.520,160.517,1.002,159.514,1.741,1833,1577,80.0,1,0,70.0
3490,mean_dynamic_mlp_covertype,stable,h3,1776521680835.730,1776521680954.243,118.513,0.000,118.513,1.763,1833,1577,80.0,1,0,73.6
3491,mean_dynamic_mlp_covertype,stable,h3,1776521680955.244,1776521681060.749,105.505,0.998,104.507,1.776,1833,1577,80.0,1,0,70.3
3492,mean_dynamic_mlp_covertype,stable,h3,1776521681062.749,1776521681227.261,164.512,0.000,163.510,1.945,1833,1577,80.0,1,0,78.2
3493,mean_dynamic_mlp_covertype,stable,h3,1776521681229.263,1776521681374.277,145.014,0.000,145.014,2.203,1833,1577,80.0,1,0,72.5
3494,mean_dynamic_mlp_covertype,stable,h3,1776521681376.277,1776521681468.784,92.507,1.002,91.505,2.320,1833,1577,80.0,1,0,69.8
3495,mean_dynamic_mlp_covertype,stable,h3,1776521681469.787,1776521681618.295,148.509,0.000,147.505,1.741,1833,1577,80.0,1,0,72.4
3496,mean_dynamic_mlp_covertype,stable,h3,1776521681619.294,1776521681728.806,109.513,0.000,107.505,1.914,1833,1577,80.0,1,0,74.0
3497,mean_dynamic_mlp_covertype,stable,h3,1776521681730.205,1776521681866.827,136.623,0.602,136.021,1.957,1833,1577,80.0,1,0,68.2
3498,mean_dynamic_mlp_covertype,stable,h3,1776521681868.828,1776521681967.334,98.506,0.000,97.506,2.215,1833,1577,80.0,1,0,70.5
3499,mean_dynamic_mlp_covertype,stable,h3,1776521681968.335,1776521682042.847,74.512,0.000,72.511,2.168,1833,1577,80.0,0,0,70.0
3500,mean_dynamic_mlp_covertype,stable,h3,1776521682043.849,1776521682213.362,169.513,0.000,167.511,1.699,1833,1577,80.0,1,0,74.4
3501,mean_dynamic_mlp_covertype,stable,h3,1776521682215.355,1776521682280.866,65.511,0.000,64.510,1.928,1833,1577,80.0,0,0,68.8
3502,mean_dynamic_mlp_covertype,stable,h3,1776521682282.868,1776521682407.380,124.512,0.000,123.510,1.733,1833,1577,80.0,1,0,71.5
3503,mean_dynamic_mlp_covertype,stable,h3,1776521682408.380,1776521682509.895,101.514,1.000,99.509,1.690,1833,1577,80.0,1,0,74.5
3504,mean_dynamic_mlp_covertype,stable,h3,1776521682510.893,1776521682657.912,147.019,0.000,146.016,1.757,1833,1577,80.0,1,0,68.5
3505,mean_dynamic_mlp_covertype,stable,h3,1776521682658.911,1776521682758.699,99.788,0.999,97.789,1.880,1833,1577,80.0,1,0,69.8
3506,mean_dynamic_mlp_covertype,stable,h3,1776521682759.699,1776521682906.210,146.511,0.000,144.508,2.148,1833,1577,80.0,1,0,70.0
3507,mean_dynamic_mlp_covertype,stable,h3,1776521682907.210,1776521683001.722,94.512,0.000,93.510,2.499,1833,1577,80.0,1,0,76.8
3508,mean_dynamic_mlp_covertype,stable,h3,1776521683003.722,1776521683165.746,162.024,0.000,162.024,1.870,1833,1577,80.0,1,0,75.6
3509,mean_dynamic_mlp_covertype,stable,h3,1776521683167.745,1776521683277.254,109.509,0.000,109.509,2.020,1833,1577,80.0,1,0,69.4
3510,mean_dynamic_mlp_covertype,stable,h3,1776521683279.254,1776521683445.284,166.031,1.000,165.031,1.873,1833,1577,80.0,1,0,74.2
3511,mean_dynamic_mlp_covertype,stable,h3,1776521683447.284,1776521683584.799,137.515,0.000,136.515,1.832,1833,1577,80.0,1,0,71.5
3512,mean_dynamic_mlp_covertype,stable,h3,1776521683586.797,1776521683665.312,78.514,0.000,77.516,1.950,1833,1577,80.0,0,0,69.1
3513,mean_dynamic_mlp_covertype,stable,h3,1776521683666.310,1776521683778.820,112.510,0.000,111.048,2.040,1833,1577,80.0,1,0,69.3
3514,mean_dynamic_mlp_covertype,stable,h3,1776521683780.822,1776521683886.333,105.511,0.000,104.513,2.051,1833,1577,80.0,1,0,69.6
3515,mean_dynamic_mlp_covertype,stable,h3,1776521683888.333,1776521684008.843,120.510,0.000,118.506,1.795,1833,1577,80.0,1,0,71.7
3516,mean_dynamic_mlp_covertype,stable,h3,1776521684009.843,1776521684134.354,124.511,1.002,123.509,1.821,1833,1577,80.0,1,0,71.3
3517,mean_dynamic_mlp_covertype,stable,h3,1776521684136.869,1776521684272.387,135.518,0.000,134.512,2.003,1833,1577,80.0,1,0,70.5
3518,mean_dynamic_mlp_covertype,stable,h3,1776521684273.384,1776521684367.887,94.503,0.000,92.506,1.721,1833,1577,80.0,1,0,68.8
3519,mean_dynamic_mlp_covertype,stable,h3,1776521684368.888,1776521684471.398,102.510,0.000,101.507,2.004,1833,1577,80.0,1,0,71.7
3520,mean_dynamic_mlp_covertype,stable,h3,1776521684473.400,1776521684574.913,101.513,0.000,100.513,1.757,1833,1577,80.0,1,0,70.6
3521,mean_dynamic_mlp_covertype,stable,h3,1776521684575.918,1776521684662.426,86.508,0.000,85.508,1.857,1833,1577,80.0,1,0,67.9
3522,mean_dynamic_mlp_covertype,stable,h3,1776521684663.427,1776521684760.938,97.512,1.000,96.511,2.031,1833,1577,80.0,1,0,67.5
3523,mean_dynamic_mlp_covertype,stable,h3,1776521684762.938,1776521684923.448,160.510,0.000,158.508,1.864,1833,1577,80.0,1,0,70.0
3524,mean_dynamic_mlp_covertype,stable,h3,1776521684924.449,1776521685079.466,155.017,1.003,154.014,2.949,1833,1577,80.0,1,0,70.2
3525,mean_dynamic_mlp_covertype,stable,h3,1776521685081.469,1776521685195.982,114.513,0.000,114.513,1.987,1833,1577,80.0,1,0,70.5
3526,mean_dynamic_mlp_covertype,stable,h3,1776521685197.984,1776521685320.493,122.510,0.000,120.505,1.966,1833,1577,80.0,1,0,71.9
3527,mean_dynamic_mlp_covertype,stable,h3,1776521685322.500,1776521685519.520,197.020,0.000,197.020,1.976,1833,1577,80.0,1,0,70.3
3528,mean_dynamic_mlp_covertype,stable,h3,1776521685521.947,1776521685647.217,125.270,0.000,124.270,1.798,1833,1577,80.0,1,0,69.5
3529,mean_dynamic_mlp_covertype,stable,h3,1776521685648.967,1776521685781.476,132.510,0.000,130.507,1.750,1833,1577,80.0,1,0,70.4
3530,mean_dynamic_mlp_covertype,stable,h3,1776521685782.476,1776521685947.503,165.027,0.000,163.019,1.875,1833,1577,80.0,1,0,69.7
3531,mean_dynamic_mlp_covertype,stable,h3,1776521685948.500,1776521686072.047,123.547,1.447,121.100,1.852,1833,1577,80.0,1,0,77.0
3532,mean_dynamic_mlp_covertype,stable,h3,1776521686073.046,1776521686182.555,109.509,1.000,108.509,1.939,1833,1577,80.0,1,0,67.2
3533,mean_dynamic_mlp_covertype,stable,h3,1776521686184.557,1776521686279.073,94.516,0.000,93.511,1.892,1833,1577,80.0,1,0,70.1
3534,mean_dynamic_mlp_covertype,stable,h3,1776521686281.069,1776521686480.092,199.023,0.000,198.021,1.748,1833,1577,80.0,1,0,69.9
3535,mean_dynamic_mlp_covertype,stable,h3,1776521686482.091,1776521686682.967,200.876,0.000,199.874,1.849,1833,1577,80.0,1,0,70.6
3536,mean_dynamic_mlp_covertype,stable,h3,1776521686683.972,1776521686853.993,170.021,0.000,169.022,2.263,1833,1577,80.0,1,0,74.2
3537,mean_dynamic_mlp_covertype,stable,h3,1776521686855.990,1776521686972.502,116.512,0.000,114.506,1.946,1833,1577,80.0,1,0,67.0
3538,mean_dynamic_mlp_covertype,stable,h3,1776521686973.498,1776521687169.511,196.014,1.000,195.013,2.077,1833,1577,80.0,1,0,69.9
3539,mean_dynamic_mlp_covertype,stable,h3,1776521687171.511,1776521687306.018,134.507,0.000,134.507,1.969,1833,1577,80.0,1,0,73.9
3540,mean_dynamic_mlp_covertype,stable,h3,1776521687308.018,1776521687401.526,93.508,0.000,93.508,1.769,1833,1577,80.0,1,0,67.6
3541,mean_dynamic_mlp_covertype,stable,h3,1776521687403.527,1776521687570.540,167.014,0.000,167.014,1.785,1833,1577,80.0,1,0,70.2
3542,mean_dynamic_mlp_covertype,stable,h3,1776521687572.540,1776521687754.555,182.015,0.000,181.012,2.007,1833,1577,80.0,1,0,70.7
3543,mean_dynamic_mlp_covertype,stable,h3,1776521687755.557,1776521687862.066,106.510,0.000,105.005,1.926,1833,1577,80.0,1,0,68.8
3544,mean_dynamic_mlp_covertype,stable,h3,1776521687863.066,1776521687930.068,67.001,0.000,65.817,1.795,1833,1577,80.0,0,0,67.7
3545,mean_dynamic_mlp_covertype,stable,h3,1776521687931.068,1776521688029.577,98.510,1.002,97.507,1.785,1833,1577,80.0,1,0,71.2
3546,mean_dynamic_mlp_covertype,stable,h3,1776521688031.578,1776521688138.596,107.018,0.000,105.012,1.711,1833,1577,80.0,1,0,67.3
3547,mean_dynamic_mlp_covertype,stable,h3,1776521688139.592,1776521688305.098,165.506,1.000,164.506,1.977,1833,1577,80.0,1,0,70.0
3548,mean_dynamic_mlp_covertype,stable,h3,1776521688307.098,1776521688485.115,178.017,0.000,178.017,1.809,1833,1577,80.0,1,0,69.7
3549,mean_dynamic_mlp_covertype,stable,h3,1776521688487.113,1776521688598.621,111.508,0.000,111.508,1.813,1833,1577,80.0,1,0,71.2
3550,mean_dynamic_mlp_covertype,stable,h3,1776521688600.621,1776521688716.129,115.509,0.000,114.508,1.890,1833,1577,80.0,1,0,68.2
3551,mean_dynamic_mlp_covertype,stable,h3,1776521688718.128,1776521688824.637,106.509,0.000,106.509,1.781,1833,1577,80.0,1,0,69.6
3552,mean_dynamic_mlp_covertype,stable,h3,1776521688826.636,1776521688979.655,153.018,0.000,152.012,1.722,1833,1577,80.0,1,0,69.4
3553,mean_dynamic_mlp_covertype,stable,h3,1776521688980.649,1776521689087.161,106.512,0.000,104.509,1.907,1833,1577,80.0,1,0,69.8
3554,mean_dynamic_mlp_covertype,stable,h3,1776521689088.157,1776521689169.667,81.510,1.000,79.508,1.870,1833,1577,80.0,1,0,70.5
3555,mean_dynamic_mlp_covertype,stable,h3,1776521689170.666,1776521689291.173,120.508,1.000,119.508,2.005,1833,1577,80.0,1,0,69.8
3556,mean_dynamic_mlp_covertype,stable,h3,1776521689293.173,1776521689375.682,82.510,0.000,81.507,1.914,1833,1577,80.0,1,0,70.9
3557,mean_dynamic_mlp_covertype,stable,h3,1776521689377.681,1776521689581.103,203.422,0.000,203.422,2.036,1833,1577,80.0,1,0,69.9
3558,mean_dynamic_mlp_covertype,stable,h3,1776521689582.114,1776521689729.623,147.509,1.000,146.509,1.803,1833,1577,80.0,1,0,69.8
3559,mean_dynamic_mlp_covertype,stable,h3,1776521689731.624,1776521689844.635,113.011,0.000,112.011,1.946,1833,1577,80.0,1,0,69.9
3560,mean_dynamic_mlp_covertype,stable,h3,1776521689845.635,1776521689993.142,147.507,0.000,146.505,2.076,1833,1577,80.0,1,0,67.8
3561,mean_dynamic_mlp_covertype,stable,h3,1776521689995.143,1776521690143.157,148.015,0.000,147.015,1.789,1833,1577,80.0,1,0,70.4
3562,mean_dynamic_mlp_covertype,stable,h3,1776521690144.157,1776521690302.675,158.517,1.001,156.516,1.935,1833,1577,80.0,1,0,71.9
3563,mean_dynamic_mlp_covertype,stable,h3,1776521690303.675,1776521690418.183,114.508,1.000,113.508,1.754,1833,1577,80.0,1,0,67.7
3564,mean_dynamic_mlp_covertype,stable,h3,1776521690420.182,1776521690554.198,134.017,0.000,133.014,1.870,1833,1577,80.0,1,0,69.8
3565,mean_dynamic_mlp_covertype,stable,h3,1776521690556.201,1776521690698.705,142.504,0.000,142.504,2.112,1833,1577,80.0,1,0,71.3
3566,mean_dynamic_mlp_covertype,stable,h3,1776521690700.705,1776521690838.030,137.325,0.000,135.323,2.004,1833,1577,80.0,1,0,72.6
3567,mean_dynamic_mlp_covertype,stable,h3,1776521690840.030,1776521691064.237,224.208,0.000,224.208,1.863,1833,1577,80.0,1,0,68.7
3568,mean_dynamic_mlp_covertype,stable,h3,1776521691065.224,1776521691278.517,213.294,1.000,212.294,1.847,1833,1577,80.0,1,0,64.5
3569,mean_dynamic_mlp_covertype,stable,h3,1776521691279.517,1776521691483.008,203.491,0.000,202.825,1.759,1833,1577,80.0,1,0,68.7
3570,mean_dynamic_mlp_covertype,stable,h3,1776521691484.009,1776521691685.961,201.952,0.000,200.937,1.858,1833,1577,80.0,1,0,72.3
3571,mean_dynamic_mlp_covertype,stable,h3,1776521691686.959,1776521691997.852,310.893,0.000,309.794,1.880,1833,1577,80.0,1,0,47.6
3572,mean_dynamic_mlp_covertype,stable,h3,1776521691998.855,1776521692161.526,162.671,0.895,159.782,1.691,1833,1577,80.0,1,0,71.3
3573,mean_dynamic_mlp_covertype,stable,h3,1776521692168.530,1776521692310.033,141.503,1.008,138.495,2.102,1833,1577,80.0,1,0,79.0
3574,mean_dynamic_mlp_covertype,stable,h3,1776521692311.032,1776521692466.046,155.013,0.000,153.013,1.892,1833,1577,80.0,1,0,71.1
3575,mean_dynamic_mlp_covertype,stable,h3,1776521692467.046,1776521692745.783,278.737,0.000,276.716,1.742,1833,1577,80.0,1,0,56.1
3576,mean_dynamic_mlp_covertype,stable,h3,1776521692747.778,1776521692924.332,176.554,1.356,173.559,1.846,1833,1577,80.0,1,0,62.4
3577,mean_dynamic_mlp_covertype,stable,h3,1776521692929.346,1776521693203.582,274.236,1.006,271.302,1.699,1833,1577,80.0,1,0,52.7
3578,mean_dynamic_mlp_covertype,stable,h3,1776521693204.565,1776521693341.285,136.720,0.000,135.776,1.764,1833,1577,80.0,1,0,67.8
3579,mean_dynamic_mlp_covertype,stable,h3,1776521693343.707,1776521693483.346,139.639,0.000,138.637,1.788,1833,1577,80.0,1,0,69.0
3580,mean_dynamic_mlp_covertype,stable,h3,1776521693485.348,1776521693680.438,195.089,0.000,194.087,1.876,1833,1577,80.0,1,0,77.3
3581,mean_dynamic_mlp_covertype,stable,h3,1776521693681.437,1776521693900.444,219.006,0.000,216.992,1.783,1833,1577,80.0,1,0,67.6
3582,mean_dynamic_mlp_covertype,stable,h3,1776521693900.444,1776521694027.955,127.512,2.182,125.330,1.819,1833,1577,80.0,1,0,61.9
3583,mean_dynamic_mlp_covertype,stable,h3,1776521694029.954,1776521694254.226,224.272,0.000,223.261,2.074,1833,1577,80.0,1,0,66.5
3584,mean_dynamic_mlp_covertype,stable,h3,1776521694254.226,1776521694375.732,121.506,0.999,120.507,1.857,1833,1577,80.0,1,0,69.7
3585,mean_dynamic_mlp_covertype,stable,h3,1776521694377.731,1776521694519.237,141.506,0.000,140.505,1.863,1833,1577,80.0,1,0,70.1
3586,mean_dynamic_mlp_covertype,stable,h3,1776521694521.238,1776521694760.704,239.466,0.000,239.466,1.750,1833,1577,80.0,1,0,58.9
3587,mean_dynamic_mlp_covertype,stable,h3,1776521694761.682,1776521694897.186,135.504,0.937,133.511,1.887,1833,1577,80.0,1,0,67.6
3588,mean_dynamic_mlp_covertype,stable,h3,1776521694898.175,1776521695075.375,177.199,0.000,176.172,1.924,1833,1577,80.0,1,0,70.3
3589,mean_dynamic_mlp_covertype,stable,h3,1776521695077.348,1776521695265.819,188.471,0.000,187.470,1.842,1833,1577,80.0,1,0,71.4
3590,mean_dynamic_mlp_covertype,stable,h3,1776521695267.782,1776521695387.624,119.842,0.000,119.842,1.710,1833,1577,80.0,1,0,74.2
3591,mean_dynamic_mlp_covertype,stable,h3,1776521695389.600,1776521695623.436,233.836,0.000,233.836,1.822,1833,1577,80.0,1,0,68.5
3592,mean_dynamic_mlp_covertype,stable,h3,1776521695624.490,1776521695780.319,155.829,0.000,154.887,1.962,1833,1577,80.0,1,0,77.7
3593,mean_dynamic_mlp_covertype,stable,h3,1776521695782.319,1776521695918.254,135.935,0.000,134.667,1.941,1833,1577,80.0,1,0,70.4
3594,mean_dynamic_mlp_covertype,stable,h3,1776521695920.255,1776521696029.764,109.510,0.000,109.510,2.260,1833,1577,80.0,1,0,69.0
3595,mean_dynamic_mlp_covertype,stable,h3,1776521696031.768,1776521696196.978,165.209,0.000,164.208,2.052,1833,1577,80.0,1,0,70.6
3596,mean_dynamic_mlp_covertype,stable,h3,1776521696197.976,1776521696369.002,171.026,1.003,170.024,1.947,1833,1577,80.0,1,0,70.5
3597,mean_dynamic_mlp_covertype,stable,h3,1776521696371.373,1776521696579.073,207.700,0.000,207.700,1.864,1833,1577,80.0,1,0,69.0
3598,mean_dynamic_mlp_covertype,stable,h3,1776521696580.071,1776521696697.247,117.176,1.014,115.163,1.807,1833,1577,80.0,1,0,94.4
3599,mean_dynamic_mlp_covertype,stable,h3,1776521696698.247,1776521696838.107,139.861,2.111,136.752,1.776,1833,1577,80.0,1,0,94.0
3600,mean_dynamic_mlp_covertype,stable,h3,1776521696840.107,1776521696968.364,128.257,0.000,126.025,1.879,1833,1577,80.0,1,0,88.3
3601,mean_dynamic_mlp_covertype,stable,h3,1776521696969.372,1776521697102.137,132.765,1.001,131.764,1.985,1833,1577,80.0,1,0,76.9
3602,mean_dynamic_mlp_covertype,stable,h3,1776521697104.134,1776521697198.866,94.732,0.000,94.732,1.826,1833,1577,80.0,1,0,71.8
3603,mean_dynamic_mlp_covertype,stable,h3,1776521697200.864,1776521697288.475,87.611,0.000,85.538,1.886,1833,1577,80.0,1,0,67.1
3604,mean_dynamic_mlp_covertype,stable,h3,1776521697289.512,1776521697403.231,113.719,0.000,113.719,1.729,1833,1577,80.0,1,0,70.3
3605,mean_dynamic_mlp_covertype,stable,h3,1776521697404.230,1776521697537.898,133.668,1.000,132.668,2.006,1833,1577,80.0,1,0,69.3
3606,mean_dynamic_mlp_covertype,stable,h3,1776521697539.937,1776521697694.139,154.202,0.000,153.163,2.007,1833,1577,80.0,1,0,72.7
3607,mean_dynamic_mlp_covertype,stable,h3,1776521697695.103,1776521697782.694,87.592,1.004,86.588,1.728,1833,1577,80.0,1,0,69.8
3608,mean_dynamic_mlp_covertype,stable,h3,1776521697783.692,1776521697863.983,80.291,0.000,77.961,1.903,1833,1577,80.0,1,0,75.0
3609,mean_dynamic_mlp_covertype,stable,h3,1776521697865.991,1776521698005.996,140.005,0.000,138.619,1.843,1833,1577,80.0,1,0,73.1
3610,mean_dynamic_mlp_covertype,stable,h3,1776521698007.940,1776521698096.502,88.562,0.000,87.562,1.863,1833,1577,80.0,1,0,73.4
3611,mean_dynamic_mlp_covertype,stable,h3,1776521698097.544,1776521698214.371,116.827,1.187,115.640,1.774,1833,1577,80.0,1,0,69.3
3612,mean_dynamic_mlp_covertype,stable,h3,1776521698216.337,1776521698315.930,99.593,0.000,99.593,2.212,1833,1577,80.0,1,0,66.7
3613,mean_dynamic_mlp_covertype,stable,h3,1776521698317.896,1776521698511.105,193.209,0.000,193.209,1.858,1833,1577,80.0,1,0,69.8
3614,mean_dynamic_mlp_covertype,stable,h3,1776521698513.072,1776521698596.090,83.018,0.000,83.018,1.934,1833,1577,80.0,1,0,66.3
3615,mean_dynamic_mlp_covertype,stable,h3,1776521698598.198,1776521698724.564,126.366,0.000,124.508,2.348,1833,1577,80.0,1,0,68.8
3616,mean_dynamic_mlp_covertype,stable,h3,1776521698725.565,1776521698880.744,155.179,1.000,154.179,2.043,1833,1577,80.0,1,0,72.5
3617,mean_dynamic_mlp_covertype,stable,h3,1776521698882.754,1776521698970.658,87.904,2.001,85.903,2.054,1833,1577,80.0,1,0,94.9
3618,mean_dynamic_mlp_covertype,stable,h3,1776521698972.657,1776521699127.247,154.590,0.000,153.555,2.006,1833,1577,80.0,1,0,68.9
3619,mean_dynamic_mlp_covertype,stable,h3,1776521699128.250,1776521699258.449,130.199,0.965,129.234,1.747,1833,1577,80.0,1,0,68.8
3620,mean_dynamic_mlp_covertype,stable,h3,1776521699260.431,1776521699369.257,108.826,0.000,108.826,1.737,1833,1577,80.0,1,0,70.1
3621,mean_dynamic_mlp_covertype,stable,h3,1776521699371.217,1776521699471.864,100.647,0.000,99.624,1.899,1833,1577,80.0,1,0,71.9
3622,mean_dynamic_mlp_covertype,stable,h3,1776521699473.868,1776521699650.420,176.552,0.000,176.552,1.876,1833,1577,80.0,1,0,69.6
3623,mean_dynamic_mlp_covertype,stable,h3,1776521699651.935,1776521699748.938,97.003,0.999,96.004,2.330,1833,1577,80.0,1,0,67.3
3624,mean_dynamic_mlp_covertype,stable,h3,1776521699750.444,1776521699927.244,176.800,0.000,174.808,4.098,1833,1577,80.0,1,0,69.5
3625,mean_dynamic_mlp_covertype,stable,h3,1776521699928.246,1776521700059.788,131.542,0.000,130.543,1.871,1833,1577,80.0,1,0,72.4
3626,mean_dynamic_mlp_covertype,stable,h3,1776521700061.789,1776521700129.791,68.002,0.000,65.995,1.819,1833,1577,80.0,0,0,68.8
3627,mean_dynamic_mlp_covertype,stable,h3,1776521700130.792,1776521700215.308,84.516,0.000,84.516,2.024,1833,1577,80.0,1,0,70.8
3628,mean_dynamic_mlp_covertype,stable,h3,1776521700217.301,1776521700361.413,144.112,0.000,143.110,2.058,1833,1577,80.0,1,0,68.3
3629,mean_dynamic_mlp_covertype,stable,h3,1776521700362.411,1776521700474.545,112.134,1.000,111.134,1.990,1833,1577,80.0,1,0,69.0
3630,mean_dynamic_mlp_covertype,stable,h3,1776521700476.545,1776521700616.446,139.901,0.000,138.896,2.043,1833,1577,80.0,1,0,71.0
3631,mean_dynamic_mlp_covertype,stable,h3,1776521700617.447,1776521700733.258,115.811,1.294,114.517,1.935,1833,1577,80.0,1,0,69.5
3632,mean_dynamic_mlp_covertype,stable,h3,1776521700734.257,1776521700894.760,160.502,1.356,158.146,1.988,1833,1577,80.0,1,0,68.3
3633,mean_dynamic_mlp_covertype,stable,h3,1776521700895.764,1776521701026.274,130.510,0.000,128.512,2.105,1833,1577,80.0,1,0,69.4
3634,mean_dynamic_mlp_covertype,stable,h3,1776521701027.309,1776521701111.188,83.880,0.000,82.914,1.868,1833,1577,80.0,1,0,68.8
3635,mean_dynamic_mlp_covertype,stable,h3,1776521701113.167,1776521701242.759,129.592,0.000,129.592,10.837,1833,1577,80.0,1,0,68.8
3636,mean_dynamic_mlp_covertype,stable,h3,1776521701244.763,1776521701398.919,154.156,0.000,154.156,23.375,1833,1577,80.0,1,0,68.8
3637,mean_dynamic_mlp_covertype,stable,h3,1776521701400.945,1776521701499.240,98.296,0.954,97.342,9.531,1833,1577,80.0,1,0,69.9
3638,mean_dynamic_mlp_covertype,stable,h3,1776521701500.237,1776521701645.836,145.599,1.000,144.600,2.451,1833,1577,80.0,1,0,69.4
3639,mean_dynamic_mlp_covertype,stable,h3,1776521701647.838,1776521701737.386,89.548,0.000,88.549,1.772,1833,1577,80.0,1,0,71.1
3640,mean_dynamic_mlp_covertype,stable,h3,1776521701739.386,1776521701937.408,198.022,0.000,196.019,4.204,1833,1577,80.0,1,0,71.7
3641,mean_dynamic_mlp_covertype,stable,h3,1776521701938.412,1776521702123.887,185.475,0.000,184.475,4.567,1833,1577,80.0,1,0,70.6
3642,mean_dynamic_mlp_covertype,stable,h3,1776521702125.888,1776521702221.397,95.510,0.000,95.510,2.223,1833,1577,80.0,1,0,69.1
3643,mean_dynamic_mlp_covertype,stable,h3,1776521702223.399,1776521702315.909,92.510,0.000,91.510,1.920,1833,1577,80.0,1,0,71.0
3644,mean_dynamic_mlp_covertype,stable,h3,1776521702317.910,1776521702449.462,131.552,0.000,129.551,2.384,1833,1577,80.0,1,0,68.9
3645,mean_dynamic_mlp_covertype,stable,h3,1776521702450.968,1776521702569.491,118.523,0.000,117.523,6.560,1833,1577,80.0,1,0,70.8
3646,mean_dynamic_mlp_covertype,stable,h3,1776521702571.495,1776521702685.297,113.802,0.000,113.802,2.328,1833,1577,80.0,1,0,71.1
3647,mean_dynamic_mlp_covertype,stable,h3,1776521702687.298,1776521702820.922,133.625,1.020,132.605,6.823,1833,1577,80.0,1,0,69.8
3648,mean_dynamic_mlp_covertype,stable,h3,1776521702821.920,1776521702912.624,90.704,1.037,89.667,1.931,1833,1577,80.0,1,0,70.5
3649,mean_dynamic_mlp_covertype,stable,h3,1776521702914.608,1776521703027.223,112.615,0.000,111.647,1.889,1833,1577,80.0,1,0,70.3
3650,mean_dynamic_mlp_covertype,stable,h3,1776521703028.261,1776521703148.819,120.557,0.000,118.629,1.887,1833,1577,80.0,1,0,69.0
3651,mean_dynamic_mlp_covertype,stable,h3,1776521703149.860,1776521703290.021,140.161,1.002,139.159,1.891,1833,1577,80.0,1,0,73.9
3652,mean_dynamic_mlp_covertype,stable,h3,1776521703292.063,1776521703437.612,145.549,0.959,143.555,2.116,1833,1577,80.0,1,0,70.7
3653,mean_dynamic_mlp_covertype,stable,h3,1776521703438.584,1776521703519.093,80.509,1.001,79.508,1.900,1833,1577,80.0,1,0,68.3
3654,mean_dynamic_mlp_covertype,stable,h3,1776521703521.091,1776521703612.109,91.019,0.000,89.021,1.740,1833,1577,80.0,1,0,79.8
3655,mean_dynamic_mlp_covertype,stable,h3,1776521703613.149,1776521703735.628,122.479,0.965,121.514,2.021,1833,1577,80.0,1,0,74.0
3656,mean_dynamic_mlp_covertype,stable,h3,1776521703737.635,1776521703856.695,119.060,0.000,118.060,2.138,1833,1577,80.0,1,0,69.2
3657,mean_dynamic_mlp_covertype,stable,h3,1776521703857.731,1776521704003.208,145.477,0.000,144.511,1.788,1833,1577,80.0,1,0,69.0
3658,mean_dynamic_mlp_covertype,stable,h3,1776521704005.208,1776521704157.336,152.128,0.000,151.125,2.045,1833,1577,80.0,1,0,71.5
3659,mean_dynamic_mlp_covertype,stable,h3,1776521704159.336,1776521704336.968,177.632,0.000,177.632,1.895,1833,1577,80.0,1,0,68.5
3660,mean_dynamic_mlp_covertype,stable,h3,1776521704338.974,1776521704437.751,98.777,0.000,98.777,2.057,1833,1577,80.0,1,0,70.3
3661,mean_dynamic_mlp_covertype,stable,h3,1776521704439.796,1776521704538.267,98.471,0.000,97.507,1.928,1833,1577,80.0,1,0,69.1
3662,mean_dynamic_mlp_covertype,stable,h3,1776521704540.267,1776521704677.403,137.136,0.000,136.145,1.917,1833,1577,80.0,1,0,69.4
3663,mean_dynamic_mlp_covertype,stable,h3,1776521704679.372,1776521704727.370,47.998,0.000,47.998,1.848,1833,1577,80.0,0,0,72.9
3664,mean_dynamic_mlp_covertype,stable,h3,1776521704729.373,1776521704888.402,159.029,0.000,159.029,2.025,1833,1577,80.0,1,0,70.1
3665,mean_dynamic_mlp_covertype,stable,h3,1776521704890.402,1776521705037.914,147.512,0.000,146.509,2.000,1833,1577,80.0,1,0,68.7
3666,mean_dynamic_mlp_covertype,stable,h3,1776521705039.920,1776521705143.601,103.681,0.000,101.596,1.804,1833,1577,80.0,1,0,71.2
3667,mean_dynamic_mlp_covertype,stable,h3,1776521705144.604,1776521705327.676,183.073,0.958,182.115,3.541,1833,1577,80.0,1,0,69.3
3668,mean_dynamic_mlp_covertype,stable,h3,1776521705329.682,1776521705434.308,104.626,0.000,103.665,1.787,1833,1577,80.0,1,0,70.3
3669,mean_dynamic_mlp_covertype,stable,h3,1776521705435.342,1776521705535.143,99.802,0.000,97.554,1.729,1833,1577,80.0,1,0,70.1
3670,mean_dynamic_mlp_covertype,stable,h3,1776521705537.254,1776521705683.382,146.128,0.000,144.241,2.028,1833,1577,80.0,1,0,71.8
3671,mean_dynamic_mlp_covertype,stable,h3,1776521705684.380,1776521705772.008,87.628,1.001,85.627,1.863,1833,1577,80.0,1,0,64.7
3672,mean_dynamic_mlp_covertype,stable,h3,1776521705773.008,1776521705910.246,137.238,0.000,136.198,2.040,1833,1577,80.0,1,0,68.8
3673,mean_dynamic_mlp_covertype,stable,h3,1776521705912.247,1776521706031.796,119.549,0.000,119.549,1.921,1833,1577,80.0,1,0,70.6
3674,mean_dynamic_mlp_covertype,stable,h3,1776521706032.794,1776521706484.044,451.250,1.036,449.220,1.982,1833,1577,80.0,1,0,36.7
3675,mean_dynamic_mlp_covertype,stable,h3,1776521706487.040,1776521706934.053,447.013,1.001,443.982,2.008,1833,1577,80.0,1,0,31.7
3676,mean_dynamic_mlp_covertype,stable,h3,1776521706935.918,1776521707382.657,446.739,1.002,444.742,1.852,1833,1577,80.0,1,0,35.0
3677,mean_dynamic_mlp_covertype,stable,h3,1776521707384.119,1776521707837.287,453.168,1.576,450.592,1.869,1833,1577,80.0,1,0,32.3
3678,mean_dynamic_mlp_covertype,stable,h3,1776521707840.642,1776521708306.735,466.093,1.001,463.096,1.920,1833,1577,80.0,1,0,32.2
3679,mean_dynamic_mlp_covertype,stable,h3,1776521708308.729,1776521708874.695,565.966,1.009,563.209,1.686,1833,1577,80.0,1,0,25.9
3680,mean_dynamic_mlp_covertype,stable,h3,1776521708877.698,1776521709479.373,601.675,0.998,599.671,2.103,1833,1577,80.0,1,0,25.0
3681,mean_dynamic_mlp_covertype,stable,h3,1776521709482.364,1776521710092.938,610.574,1.000,608.570,2.270,1833,1577,80.0,1,0,22.9
3682,mean_dynamic_mlp_covertype,stable,h3,1776521710093.938,1776521710708.106,614.168,0.996,611.177,2.160,1833,1577,80.0,1,0,23.5
3683,mean_dynamic_mlp_covertype,stable,h3,1776521710709.106,1776521711338.888,629.782,1.286,626.286,1.900,1833,1577,80.0,1,0,25.8
3684,mean_dynamic_mlp_covertype,stable,h3,1776521711340.885,1776521711946.451,605.566,0.999,603.572,1.742,1833,1577,80.0,1,0,27.6
3685,mean_dynamic_mlp_covertype,stable,h3,1776521711948.951,1776521712557.551,608.600,0.601,606.280,2.279,1833,1577,80.0,1,0,26.0
3686,mean_dynamic_mlp_covertype,stable,h3,1776521712559.323,1776521713163.990,604.667,1.547,602.671,1.947,1833,1577,80.0,1,0,26.8
3687,mean_dynamic_mlp_covertype,stable,h3,1776521713166.879,1776521713778.886,612.007,1.331,608.472,2.012,1833,1577,80.0,1,0,25.9
3688,mean_dynamic_mlp_covertype,stable,h3,1776521713779.884,1776521714305.335,525.451,1.996,522.731,1.953,1833,1577,80.0,1,0,32.0
3689,mean_dynamic_mlp_covertype,stable,h3,1776521714307.336,1776521714446.341,139.005,0.996,138.009,1.921,1833,1577,80.0,1,0,48.3
3690,mean_dynamic_mlp_covertype,stable,h3,1776521714448.342,1776521714597.849,149.507,1.002,148.505,2.080,1833,1577,80.0,1,0,68.9
3691,mean_dynamic_mlp_covertype,stable,h3,1776521714599.849,1776521714762.864,163.015,0.000,163.015,1.935,1833,1577,80.0,1,0,69.3
3692,mean_dynamic_mlp_covertype,stable,h3,1776521714764.865,1776521714877.373,112.508,0.000,110.476,1.883,1833,1577,80.0,1,0,70.9
3693,mean_dynamic_mlp_covertype,stable,h3,1776521714878.371,1776521715076.386,198.015,1.000,196.014,1.976,1833,1577,80.0,1,0,69.5
3694,mean_dynamic_mlp_covertype,stable,h3,1776521715078.386,1776521715209.913,131.527,0.000,131.527,2.574,1833,1577,80.0,1,0,71.1
3695,mean_dynamic_mlp_covertype,stable,h3,1776521715211.913,1776521715320.422,108.509,0.000,107.509,1.725,1833,1577,80.0,1,0,69.6
3696,mean_dynamic_mlp_covertype,stable,h3,1776521715321.422,1776521715452.434,131.012,1.001,130.011,1.910,1833,1577,80.0,1,0,70.1
3697,mean_dynamic_mlp_covertype,stable,h3,1776521715454.434,1776521715790.771,336.337,0.000,336.337,4.675,1833,1577,80.0,1,0,46.4
3698,mean_dynamic_mlp_covertype,stable,h3,1776521715792.771,1776521715904.274,111.504,1.007,109.506,1.981,1833,1577,80.0,1,0,56.2
3699,mean_dynamic_mlp_covertype,stable,h3,1776521715906.274,1776521715990.783,84.510,0.000,84.510,2.700,1833,1577,80.0,1,0,69.5
3700,mean_dynamic_mlp_covertype,stable,h3,1776521715992.783,1776521716090.291,97.507,0.000,96.477,2.055,1833,1577,80.0,1,0,71.8
3701,mean_dynamic_mlp_covertype,stable,h3,1776521716092.291,1776521716231.833,139.542,0.000,138.543,1.904,1833,1577,80.0,1,0,70.3
3702,mean_dynamic_mlp_covertype,stable,h3,1776521716233.338,1776521716386.847,153.509,0.000,152.506,1.725,1833,1577,80.0,1,0,68.8
3703,mean_dynamic_mlp_covertype,stable,h3,1776521716387.845,1776521716511.351,123.506,0.000,122.507,1.952,1833,1577,80.0,1,0,69.5
3704,mean_dynamic_mlp_covertype,stable,h3,1776521716513.352,1776521716687.365,174.014,0.000,173.014,1.858,1833,1577,80.0,1,0,68.4
3705,mean_dynamic_mlp_covertype,stable,h3,1776521716688.380,1776521716784.874,96.493,0.986,95.508,1.799,1833,1577,80.0,1,0,72.6
3706,mean_dynamic_mlp_covertype,stable,h3,1776521716786.874,1776521716880.383,93.509,0.000,91.505,1.739,1833,1577,80.0,1,0,71.1
3707,mean_dynamic_mlp_covertype,stable,h3,1776521716881.382,1776521716998.896,117.514,1.003,115.510,1.936,1833,1577,80.0,1,0,70.6
3708,mean_dynamic_mlp_covertype,stable,h3,1776521716999.895,1776521717195.912,196.017,0.000,195.017,2.030,1833,1577,80.0,1,0,73.8
3709,mean_dynamic_mlp_covertype,stable,h3,1776521717197.912,1776521717329.422,131.510,0.000,129.508,1.670,1833,1577,80.0,1,0,71.0
3710,mean_dynamic_mlp_covertype,stable,h3,1776521717330.421,1776521717508.434,178.013,0.000,176.510,2.161,1833,1577,80.0,1,0,69.5
3711,mean_dynamic_mlp_covertype,stable,h3,1776521717510.434,1776521717658.447,148.013,0.000,147.013,1.905,1833,1577,80.0,1,0,72.0
3712,mean_dynamic_mlp_covertype,stable,h3,1776521717659.447,1776521717748.954,89.507,1.000,88.507,1.860,1833,1577,80.0,1,0,74.0
3713,mean_dynamic_mlp_covertype,stable,h3,1776521717750.956,1776521717879.140,128.184,0.000,128.184,1.788,1833,1577,80.0,1,0,72.9
3714,mean_dynamic_mlp_covertype,stable,h3,1776521717881.138,1776521718008.645,127.506,0.000,127.506,1.827,1833,1577,80.0,1,0,69.2
3715,mean_dynamic_mlp_covertype,stable,h3,1776521718010.645,1776521718131.153,120.508,0.000,118.508,2.123,1833,1577,80.0,1,0,71.0
3716,mean_dynamic_mlp_covertype,stable,h3,1776521718132.655,1776521718223.659,91.004,0.000,91.004,1.903,1833,1577,80.0,1,0,70.1
3717,mean_dynamic_mlp_covertype,stable,h3,1776521718225.660,1776521718308.164,82.504,0.000,80.504,1.867,1833,1577,80.0,1,0,72.7
3718,mean_dynamic_mlp_covertype,stable,h3,1776521718309.164,1776521718375.671,66.508,0.000,65.507,1.880,1833,1577,80.0,0,0,74.2
3719,mean_dynamic_mlp_covertype,stable,h3,1776521718376.671,1776521718486.177,109.506,0.000,107.506,1.801,1833,1577,80.0,1,0,69.0
3720,mean_dynamic_mlp_covertype,stable,h3,1776521718487.177,1776521718666.192,179.014,0.000,177.013,1.694,1833,1577,80.0,1,0,70.0
3721,mean_dynamic_mlp_covertype,stable,h3,1776521718667.192,1776521718779.698,112.506,0.000,111.505,1.774,1833,1577,80.0,1,0,69.6
3722,mean_dynamic_mlp_covertype,stable,h3,1776521718781.698,1776521718873.205,91.507,0.000,89.507,1.874,1833,1577,80.0,1,0,68.4
3723,mean_dynamic_mlp_covertype,stable,h3,1776521718874.205,1776521718981.721,107.516,0.000,106.512,1.833,1833,1577,80.0,1,0,82.3
3724,mean_dynamic_mlp_covertype,stable,h3,1776521718983.721,1776521719055.233,71.512,0.000,70.506,1.811,1833,1577,80.0,0,0,68.8
3725,mean_dynamic_mlp_covertype,stable,h3,1776521719056.228,1776521719119.232,63.004,0.000,62.003,2.007,1833,1577,80.0,0,0,72.2
3726,mean_dynamic_mlp_covertype,stable,h3,1776521719120.231,1776521719288.243,168.012,1.000,166.011,1.875,1833,1577,80.0,1,0,69.6
3727,mean_dynamic_mlp_covertype,stable,h3,1776521719289.242,1776521719400.750,111.508,0.000,109.506,1.970,1833,1577,80.0,1,0,74.0
3728,mean_dynamic_mlp_covertype,stable,h3,1776521719401.750,1776521719512.258,110.508,1.001,109.507,2.044,1833,1577,80.0,1,0,67.8
3729,mean_dynamic_mlp_covertype,stable,h3,1776521719514.258,1776521719644.272,130.014,0.000,130.014,1.903,1833,1577,80.0,1,0,66.9
3730,mean_dynamic_mlp_covertype,stable,h3,1776521719646.272,1776521719809.779,163.507,0.000,161.505,1.746,1833,1577,80.0,1,0,69.3
3731,mean_dynamic_mlp_covertype,stable,h3,1776521719810.778,1776521719925.288,114.510,0.000,113.509,1.739,1833,1577,80.0,1,0,69.6
3732,mean_dynamic_mlp_covertype,stable,h3,1776521719927.288,1776521719988.792,61.504,0.000,60.504,1.814,1833,1577,80.0,0,0,69.8
3733,mean_dynamic_mlp_covertype,stable,h3,1776521719990.792,1776521720143.806,153.013,0.000,152.010,1.991,1833,1577,80.0,1,0,67.9
3734,mean_dynamic_mlp_covertype,stable,h3,1776521720145.806,1776521720268.323,122.517,0.000,120.516,1.889,1833,1577,80.0,1,0,70.3
3735,mean_dynamic_mlp_covertype,stable,h3,1776521720269.322,1776521720364.828,95.506,1.001,94.505,1.927,1833,1577,80.0,1,0,68.8
3736,mean_dynamic_mlp_covertype,stable,h3,1776521720366.828,1776521720503.335,136.506,0.000,134.506,1.858,1833,1577,80.0,1,0,68.8
3737,mean_dynamic_mlp_covertype,stable,h3,1776521720504.335,1776521720649.349,145.014,1.000,144.014,1.735,1833,1577,80.0,1,0,69.4
3738,mean_dynamic_mlp_covertype,stable,h3,1776521720651.351,1776521720734.857,83.507,0.000,82.504,1.822,1833,1577,80.0,1,0,71.3
3739,mean_dynamic_mlp_covertype,stable,h3,1776521720736.855,1776521720843.362,106.506,0.000,106.506,2.209,1833,1577,80.0,1,0,71.1
3740,mean_dynamic_mlp_covertype,stable,h3,1776521720845.362,1776521720936.869,91.507,1.001,90.506,1.879,1833,1577,80.0,1,0,68.8
3741,mean_dynamic_mlp_covertype,stable,h3,1776521720938.868,1776521721056.376,117.508,0.000,115.507,1.879,1833,1577,80.0,1,0,72.0
3742,mean_dynamic_mlp_covertype,stable,h3,1776521721058.376,1776521721191.882,133.506,0.000,132.507,1.941,1833,1577,80.0,1,0,67.7
3743,mean_dynamic_mlp_covertype,stable,h3,1776521721192.882,1776521721319.391,126.509,1.003,125.507,1.898,1833,1577,80.0,1,0,69.0
3744,mean_dynamic_mlp_covertype,stable,h3,1776521721321.391,1776521721416.896,95.504,0.000,94.504,1.859,1833,1577,80.0,1,0,72.2
3745,mean_dynamic_mlp_covertype,stable,h3,1776521721418.898,1776521721545.911,127.013,0.000,126.014,1.696,1833,1577,80.0,1,0,67.9
3746,mean_dynamic_mlp_covertype,stable,h3,1776521721547.911,1776521721669.420,121.509,0.000,119.506,1.897,1833,1577,80.0,1,0,69.3
3747,mean_dynamic_mlp_covertype,stable,h3,1776521721670.419,1776521721813.925,143.506,0.000,142.508,1.831,1833,1577,80.0,1,0,68.5
3748,mean_dynamic_mlp_covertype,stable,h3,1776521721815.925,1776521721971.939,156.014,0.000,155.013,1.844,1833,1577,80.0,1,0,69.8
3749,mean_dynamic_mlp_covertype,stable,h3,1776521721972.939,1776521722098.445,125.506,1.001,124.505,1.698,1833,1577,80.0,1,0,68.2
3750,mean_dynamic_mlp_covertype,stable,h3,1776521722100.445,1776521722205.952,105.507,0.000,104.507,1.854,1833,1577,80.0,1,0,69.9
3751,mean_dynamic_mlp_covertype,stable,h3,1776521722207.952,1776521722326.464,118.512,0.000,118.512,2.266,1833,1577,80.0,1,0,69.3
3752,mean_dynamic_mlp_covertype,stable,h3,1776521722328.460,1776521722450.471,122.011,0.000,122.011,2.007,1833,1577,80.0,1,0,68.5
3753,mean_dynamic_mlp_covertype,stable,h3,1776521722452.471,1776521722545.977,93.506,0.000,93.506,1.888,1833,1577,80.0,1,0,69.5
3754,mean_dynamic_mlp_covertype,stable,h3,1776521722547.978,1776521722670.484,122.506,0.000,120.507,1.737,1833,1577,80.0,1,0,69.3
3755,mean_dynamic_mlp_covertype,stable,h3,1776521722671.484,1776521722805.994,134.510,1.001,132.506,2.334,1833,1577,80.0,1,0,69.2
3756,mean_dynamic_mlp_covertype,stable,h3,1776521722806.992,1776521723016.006,209.014,0.000,208.015,2.156,1833,1577,80.0,1,0,67.3
3757,mean_dynamic_mlp_covertype,stable,h3,1776521723017.007,1776521723092.514,75.508,0.000,73.504,1.757,1833,1577,80.0,0,0,62.9
3758,mean_dynamic_mlp_covertype,stable,h3,1776521723094.516,1776521723211.024,116.508,0.000,115.505,1.881,1833,1577,80.0,1,0,70.0
3759,mean_dynamic_mlp_covertype,stable,h3,1776521723212.022,1776521723304.530,92.508,0.000,90.505,1.877,1833,1577,80.0,1,0,74.2
3760,mean_dynamic_mlp_covertype,stable,h3,1776521723305.529,1776521723419.037,113.508,1.000,112.509,1.693,1833,1577,80.0,1,0,70.3
3761,mean_dynamic_mlp_covertype,stable,h3,1776521723421.037,1776521723565.050,144.013,0.000,143.013,1.790,1833,1577,80.0,1,0,68.8
3762,mean_dynamic_mlp_covertype,stable,h3,1776521723567.050,1776521723649.559,82.509,0.000,80.506,1.956,1833,1577,80.0,1,0,68.8
3763,mean_dynamic_mlp_covertype,stable,h3,1776521723650.558,1776521723730.560,80.002,1.004,78.998,2.091,1833,1577,80.0,1,0,69.8
3764,mean_dynamic_mlp_covertype,stable,h3,1776521723733.062,1776521723841.572,108.510,0.000,108.510,1.733,1833,1577,80.0,1,0,69.9
3765,mean_dynamic_mlp_covertype,stable,h3,1776521723843.075,1776521723968.584,125.510,0.000,124.506,2.057,1833,1577,80.0,1,0,69.8
3766,mean_dynamic_mlp_covertype,stable,h3,1776521723970.586,1776521724086.091,115.505,0.000,115.505,1.768,1833,1577,80.0,1,0,67.5
3767,mean_dynamic_mlp_covertype,stable,h3,1776521724088.091,1776521724199.599,111.508,0.000,110.508,1.938,1833,1577,80.0,1,0,70.1
3768,mean_dynamic_mlp_covertype,stable,h3,1776521724201.598,1776521724323.108,121.510,0.000,121.510,2.114,1833,1577,80.0,1,0,72.2
3769,mean_dynamic_mlp_covertype,stable,h3,1776521724324.108,1776521724469.118,145.010,0.000,143.009,1.737,1833,1577,80.0,1,0,66.9
3770,mean_dynamic_mlp_covertype,stable,h3,1776521724470.119,1776521724602.625,132.507,0.000,130.506,1.749,1833,1577,80.0,1,0,69.5
3771,mean_dynamic_mlp_covertype,stable,h3,1776521724603.625,1776521724701.132,97.507,1.002,96.504,1.932,1833,1577,80.0,1,0,68.8
3772,mean_dynamic_mlp_covertype,stable,h3,1776521724703.132,1776521724826.641,123.510,0.000,121.508,1.952,1833,1577,80.0,1,0,68.8
3773,mean_dynamic_mlp_covertype,stable,h3,1776521724827.641,1776521725000.652,173.011,1.000,172.011,1.867,1833,1577,80.0,1,0,68.8
3774,mean_dynamic_mlp_covertype,stable,h3,1776521725002.651,1776521725088.158,85.507,0.000,83.506,1.730,1833,1577,80.0,1,0,73.9
3775,mean_dynamic_mlp_covertype,stable,h3,1776521725089.158,1776521725198.664,109.506,1.002,108.504,1.771,1833,1577,80.0,1,0,67.5
3776,mean_dynamic_mlp_covertype,stable,h3,1776521725200.664,1776521725348.677,148.013,0.000,147.013,1.728,1833,1577,80.0,1,0,67.8
3777,mean_dynamic_mlp_covertype,stable,h3,1776521725350.677,1776521725480.864,130.187,0.000,129.185,1.953,1833,1577,80.0,1,0,68.8
3778,mean_dynamic_mlp_covertype,stable,h3,1776521725481.864,1776521725686.860,204.996,0.000,203.993,1.981,1833,1577,80.0,1,0,71.7
3779,mean_dynamic_mlp_covertype,stable,h3,1776521725687.874,1776521725756.379,68.505,1.001,67.503,1.840,1833,1577,80.0,0,0,67.7
3780,mean_dynamic_mlp_covertype,stable,h3,1776521725758.379,1776521725938.392,180.013,0.000,180.013,1.840,1833,1577,80.0,1,0,73.3
3781,mean_dynamic_mlp_covertype,stable,h3,1776521725939.392,1776521726059.901,120.509,1.000,118.506,1.818,1833,1577,80.0,1,0,71.9
3782,mean_dynamic_mlp_covertype,stable,h3,1776521726060.899,1776521726130.902,70.003,1.000,68.001,1.810,1833,1577,80.0,0,0,75.4
3783,mean_dynamic_mlp_covertype,stable,h3,1776521726131.901,1776521726223.410,91.509,0.000,90.005,2.144,1833,1577,80.0,1,0,68.3
3784,mean_dynamic_mlp_covertype,stable,h3,1776521726225.410,1776521726349.421,124.011,0.000,123.010,1.891,1833,1577,80.0,1,0,71.4
3785,mean_dynamic_mlp_covertype,stable,h3,1776521726351.421,1776521726485.929,134.508,0.000,133.507,1.861,1833,1577,80.0,1,0,70.3
3786,mean_dynamic_mlp_covertype,stable,h3,1776521726487.929,1776521726608.436,120.506,0.000,120.506,2.060,1833,1577,80.0,1,0,69.5
3787,mean_dynamic_mlp_covertype,stable,h3,1776521726610.436,1776521726676.943,66.507,0.000,64.507,1.850,1833,1577,80.0,0,0,72.7
3788,mean_dynamic_mlp_covertype,stable,h3,1776521726677.943,1776521726808.449,130.507,0.000,129.507,1.762,1833,1577,80.0,1,0,71.5
3789,mean_dynamic_mlp_covertype,stable,h3,1776521726810.449,1776521726989.463,179.013,0.000,178.013,1.988,1833,1577,80.0,1,0,73.9
3790,mean_dynamic_mlp_covertype,stable,h3,1776521726990.463,1776521727067.969,77.506,1.000,76.506,1.955,1833,1577,80.0,0,0,68.8
3791,mean_dynamic_mlp_covertype,stable,h3,1776521727069.969,1776521727164.476,94.508,0.000,93.505,1.861,1833,1577,80.0,1,0,70.2
3792,mean_dynamic_mlp_covertype,stable,h3,1776521727165.475,1776521727261.984,96.510,0.000,95.509,1.724,1833,1577,80.0,1,0,70.2
3793,mean_dynamic_mlp_covertype,stable,h3,1776521727263.985,1776521727366.492,102.507,0.000,101.508,1.878,1833,1577,80.0,1,0,69.8
3794,mean_dynamic_mlp_covertype,stable,h3,1776521727367.492,1776521727459.003,91.510,1.000,89.508,1.942,1833,1577,80.0,1,0,69.8
3795,mean_dynamic_mlp_covertype,stable,h3,1776521727460.000,1776521727563.508,103.507,0.000,101.504,1.724,1833,1577,80.0,1,0,68.8
3796,mean_dynamic_mlp_covertype,stable,h3,1776521727564.508,1776521727741.528,177.021,1.000,176.021,1.738,1833,1577,80.0,1,0,72.9
3797,mean_dynamic_mlp_covertype,stable,h3,1776521727742.527,1776521727888.034,145.507,1.003,144.503,2.261,1833,1577,80.0,1,0,69.4
3798,mean_dynamic_mlp_covertype,stable,h3,1776521727891.033,1776521727995.540,104.507,0.000,103.507,2.034,1833,1577,80.0,1,0,70.6
3799,mean_dynamic_mlp_covertype,stable,h3,1776521727997.541,1776521728071.048,73.507,0.000,72.507,1.880,1833,1577,80.0,0,0,66.7
3800,mean_dynamic_mlp_covertype,stable,h3,1776521728073.048,1776521728200.555,127.507,0.000,126.506,1.983,1833,1577,80.0,1,0,69.0
3801,mean_dynamic_mlp_covertype,stable,h3,1776521728202.555,1776521728340.569,138.014,0.000,138.014,1.984,1833,1577,80.0,1,0,69.0
3802,mean_dynamic_mlp_covertype,stable,h3,1776521728342.585,1776521728450.077,107.491,0.000,107.491,1.825,1833,1577,80.0,1,0,73.0
3803,mean_dynamic_mlp_covertype,stable,h3,1776521728452.076,1776521728570.584,118.508,0.000,117.508,2.684,1833,1577,80.0,1,0,75.4
3804,mean_dynamic_mlp_covertype,stable,h3,1776521728572.583,1776521728724.096,151.512,0.000,150.510,1.939,1833,1577,80.0,1,0,71.0
3805,mean_dynamic_mlp_covertype,stable,h3,1776521728725.094,1776521728881.105,156.011,1.000,155.011,1.805,1833,1577,80.0,1,0,73.0
3806,mean_dynamic_mlp_covertype,stable,h3,1776521728883.105,1776521728991.612,108.507,0.000,107.507,2.014,1833,1577,80.0,1,0,73.9
3807,mean_dynamic_mlp_covertype,stable,h3,1776521728993.612,1776521729112.119,118.507,0.000,118.507,1.865,1833,1577,80.0,1,0,69.0
3808,mean_dynamic_mlp_covertype,stable,h3,1776521729114.119,1776521729258.133,144.014,0.000,143.014,1.983,1833,1577,80.0,1,0,74.5
3809,mean_dynamic_mlp_covertype,stable,h3,1776521729260.133,1776521729382.640,122.507,0.000,120.506,1.827,1833,1577,80.0,1,0,69.5
3810,mean_dynamic_mlp_covertype,stable,h3,1776521729383.640,1776521729514.148,130.508,0.000,129.506,1.861,1833,1577,80.0,1,0,75.2
3811,mean_dynamic_mlp_covertype,stable,h3,1776521729515.148,1776521729673.168,158.020,1.002,156.015,1.800,1833,1577,80.0,1,0,69.8
3812,mean_dynamic_mlp_covertype,stable,h3,1776521729674.166,1776521729773.676,99.510,0.000,97.504,1.986,1833,1577,80.0,1,0,66.0
3813,mean_dynamic_mlp_covertype,stable,h3,1776521729774.673,1776521729906.179,131.506,0.000,130.505,1.920,1833,1577,80.0,1,0,71.1
3814,mean_dynamic_mlp_covertype,stable,h3,1776521729908.180,1776521730028.690,120.510,0.000,119.510,1.862,1833,1577,80.0,1,0,69.0
3815,mean_dynamic_mlp_covertype,stable,h3,1776521730030.690,1776521730192.255,161.565,0.000,161.565,1.732,1833,1577,80.0,1,0,68.8
3816,mean_dynamic_mlp_covertype,stable,h3,1776521730194.255,1776521730340.280,146.024,0.000,145.024,1.982,1833,1577,80.0,1,0,69.8
3817,mean_dynamic_mlp_covertype,stable,h3,1776521730342.280,1776521730473.791,131.510,0.000,129.509,1.924,1833,1577,80.0,1,0,73.5
3818,mean_dynamic_mlp_covertype,stable,h3,1776521730474.790,1776521730602.300,127.510,0.000,125.506,1.910,1833,1577,80.0,1,0,72.7
3819,mean_dynamic_mlp_covertype,stable,h3,1776521730603.296,1776521730722.806,119.510,0.000,118.507,1.953,1833,1577,80.0,1,0,69.5
3820,mean_dynamic_mlp_covertype,stable,h3,1776521730724.806,1776521730870.820,146.013,0.000,146.013,1.725,1833,1577,80.0,1,0,72.3
3821,mean_dynamic_mlp_covertype,stable,h3,1776521730871.820,1776521730953.326,81.506,0.000,80.507,1.762,1833,1577,80.0,1,0,72.8
3822,mean_dynamic_mlp_covertype,stable,h3,1776521730955.326,1776521731088.403,133.077,0.000,132.075,2.023,1833,1577,80.0,1,0,70.2
3823,mean_dynamic_mlp_covertype,stable,h3,1776521731089.402,1776521731185.908,96.507,0.000,95.506,1.801,1833,1577,80.0,1,0,71.1
3824,mean_dynamic_mlp_covertype,stable,h3,1776521731187.909,1776521731307.415,119.506,0.000,119.506,1.788,1833,1577,80.0,1,0,70.2
3825,mean_dynamic_mlp_covertype,stable,h3,1776521731309.416,1776521731368.924,59.508,0.000,58.508,1.920,1833,1577,80.0,0,0,79.4
3826,mean_dynamic_mlp_covertype,stable,h3,1776521731370.924,1776521731431.926,61.002,0.000,61.002,2.230,1833,1577,80.0,0,0,66.7
3827,mean_dynamic_mlp_covertype,stable,h3,1776521731434.433,1776521731559.939,125.506,0.000,125.506,1.944,1833,1577,80.0,1,0,72.7
3828,mean_dynamic_mlp_covertype,stable,h3,1776521731561.939,1776521731710.447,148.507,0.000,147.507,1.846,1833,1577,80.0,1,0,73.9
3829,mean_dynamic_mlp_covertype,stable,h3,1776521731712.447,1776521731835.463,123.016,0.000,123.016,1.876,1833,1577,80.0,1,0,75.2
3830,mean_dynamic_mlp_covertype,stable,h3,1776521731837.463,1776521731928.465,91.002,0.000,90.001,1.803,1833,1577,80.0,1,0,79.4
3831,mean_dynamic_mlp_covertype,stable,h3,1776521731930.465,1776521732026.973,96.508,0.000,95.508,1.808,1833,1577,80.0,1,0,74.8
3832,mean_dynamic_mlp_covertype,stable,h3,1776521732028.973,1776521732147.987,119.014,0.000,119.014,1.796,1833,1577,80.0,1,0,67.5
3833,mean_dynamic_mlp_covertype,stable,h3,1776521732149.987,1776521732298.498,148.511,1.001,146.507,1.771,1833,1577,80.0,1,0,74.2
3834,mean_dynamic_mlp_covertype,stable,h3,1776521732299.495,1776521732468.509,169.015,1.004,168.011,1.853,1833,1577,80.0,1,0,72.3
3835,mean_dynamic_mlp_covertype,stable,h3,1776521732470.509,1776521732571.016,100.507,0.000,100.507,1.878,1833,1577,80.0,1,0,73.0
3836,mean_dynamic_mlp_covertype,stable,h3,1776521732573.016,1776521732705.523,132.507,1.001,131.506,2.042,1833,1577,80.0,1,0,76.6
3837,mean_dynamic_mlp_covertype,stable,h3,1776521732707.524,1776521732807.033,99.509,0.000,98.509,1.808,1833,1577,80.0,1,0,77.9
3838,mean_dynamic_mlp_covertype,stable,h3,1776521732808.032,1776521732965.048,157.015,1.000,156.015,1.874,1833,1577,80.0,1,0,75.5
3839,mean_dynamic_mlp_covertype,stable,h3,1776521732967.047,1776521733109.553,142.506,0.000,142.506,4.651,1833,1577,80.0,1,0,74.1
3840,mean_dynamic_mlp_covertype,stable,h3,1776521733111.553,1776521733204.061,92.507,0.000,92.507,1.729,1833,1577,80.0,1,0,70.1
3841,mean_dynamic_mlp_covertype,stable,h3,1776521733206.061,1776521733312.568,106.507,0.000,105.503,1.795,1833,1577,80.0,1,0,69.4
3842,mean_dynamic_mlp_covertype,stable,h3,1776521733314.568,1776521733408.076,93.507,1.000,91.508,1.832,1833,1577,80.0,1,0,68.0
3843,mean_dynamic_mlp_covertype,stable,h3,1776521733409.076,1776521733573.090,164.014,1.000,163.014,1.804,1833,1577,80.0,1,0,68.9
3844,mean_dynamic_mlp_covertype,stable,h3,1776521733575.090,1776521733677.597,102.508,0.000,100.508,1.815,1833,1577,80.0,1,0,69.8
3845,mean_dynamic_mlp_covertype,stable,h3,1776521733678.597,1776521733875.615,197.018,1.002,196.016,1.970,1833,1577,80.0,1,0,80.4
3846,mean_dynamic_mlp_covertype,stable,h3,1776521733877.615,1776521733967.127,89.513,0.000,89.513,1.754,1833,1577,80.0,1,0,86.5
3847,mean_dynamic_mlp_covertype,stable,h3,1776521733969.124,1776521734034.633,65.509,0.000,64.506,1.813,1833,1577,80.0,0,0,94.1
3848,mean_dynamic_mlp_covertype,stable,h3,1776521734036.634,1776521734138.141,101.507,0.000,100.507,1.873,1833,1577,80.0,1,0,79.6
3849,mean_dynamic_mlp_covertype,stable,h3,1776521734139.141,1776521734250.651,111.510,1.000,109.508,1.915,1833,1577,80.0,1,0,72.8
3850,mean_dynamic_mlp_covertype,stable,h3,1776521734251.649,1776521734392.156,140.507,0.000,139.505,1.826,1833,1577,80.0,1,0,68.8
3851,mean_dynamic_mlp_covertype,stable,h3,1776521734393.156,1776521734578.171,185.015,0.000,184.015,1.931,1833,1577,80.0,1,0,68.4
3852,mean_dynamic_mlp_covertype,stable,h3,1776521734580.171,1776521734682.677,102.506,0.000,101.506,1.679,1833,1577,80.0,1,0,69.4
3853,mean_dynamic_mlp_covertype,stable,h3,1776521734684.677,1776521734745.186,60.509,0.000,60.509,2.037,1833,1577,80.0,0,0,69.8
3854,mean_dynamic_mlp_covertype,stable,h3,1776521734747.188,1776521734914.693,167.505,0.000,167.505,1.893,1833,1577,80.0,1,0,68.9
3855,mean_dynamic_mlp_covertype,stable,h3,1776521734916.693,1776521734997.202,80.509,0.000,79.508,2.201,1833,1577,80.0,1,0,70.5
3856,mean_dynamic_mlp_covertype,stable,h3,1776521734999.203,1776521735178.217,179.013,0.000,179.013,1.848,1833,1577,80.0,1,0,68.4
3857,mean_dynamic_mlp_covertype,stable,h3,1776521735180.217,1776521735293.724,113.507,0.000,112.504,1.770,1833,1577,80.0,1,0,71.1
3858,mean_dynamic_mlp_covertype,stable,h3,1776521735295.724,1776521735398.231,102.508,0.000,101.506,1.762,1833,1577,80.0,1,0,68.0
3859,mean_dynamic_mlp_covertype,stable,h3,1776521735400.231,1776521735497.739,97.507,0.000,97.507,1.877,1833,1577,80.0,1,0,73.0
3860,mean_dynamic_mlp_covertype,stable,h3,1776521735499.739,1776521735605.247,105.508,0.000,105.508,1.844,1833,1577,80.0,1,0,74.3
3861,mean_dynamic_mlp_covertype,stable,h3,1776521735607.246,1776521735713.756,106.510,0.000,106.510,1.909,1833,1577,80.0,1,0,75.0
3862,mean_dynamic_mlp_covertype,stable,h3,1776521735715.755,1776521735783.264,67.510,0.000,67.510,2.029,1833,1577,80.0,0,0,82.8
3863,mean_dynamic_mlp_covertype,stable,h3,1776521735785.264,1776521735942.286,157.022,0.000,155.022,1.902,1833,1577,80.0,1,0,86.9
3864,mean_dynamic_mlp_covertype,stable,h3,1776521735944.287,1776521736012.286,67.999,1.000,65.999,2.063,1833,1577,80.0,0,0,81.5
3865,mean_dynamic_mlp_covertype,stable,h3,1776521736014.286,1776521736061.796,47.510,0.000,45.510,2.002,1833,1577,80.0,0,0,74.5
3866,mean_dynamic_mlp_covertype,stable,h3,1776521736062.797,1776521736212.303,149.506,1.000,148.506,1.755,1833,1577,80.0,1,0,70.7
3867,mean_dynamic_mlp_covertype,stable,h3,1776521736214.303,1776521736349.321,135.018,0.000,134.015,1.893,1833,1577,80.0,1,0,68.2
3868,mean_dynamic_mlp_covertype,stable,h3,1776521736350.319,1776521736456.827,106.507,1.000,105.507,1.829,1833,1577,80.0,1,0,71.1
3869,mean_dynamic_mlp_covertype,stable,h3,1776521736458.826,1776521736603.335,144.509,0.000,143.509,2.010,1833,1577,80.0,1,0,70.7
3870,mean_dynamic_mlp_covertype,stable,h3,1776521736604.336,1776521736756.353,152.017,1.000,151.017,1.905,1833,1577,80.0,1,0,73.5
3871,mean_dynamic_mlp_covertype,stable,h3,1776521736758.353,1776521736940.366,182.014,1.000,180.014,1.994,1833,1577,80.0,1,0,76.0
3872,mean_dynamic_mlp_covertype,stable,h3,1776521736941.366,1776521737084.874,143.508,0.000,142.507,1.790,1833,1577,80.0,1,0,69.7
3873,mean_dynamic_mlp_covertype,stable,h3,1776521737086.873,1776521737183.381,96.508,0.000,95.503,1.940,1833,1577,80.0,1,0,71.2
3874,mean_dynamic_mlp_covertype,stable,h3,1776521737185.381,1776521737364.397,179.016,0.000,178.014,1.876,1833,1577,80.0,1,0,70.3
3875,mean_dynamic_mlp_covertype,stable,h3,1776521737365.396,1776521737487.903,122.507,1.001,121.506,1.775,1833,1577,80.0,1,0,68.2
3876,mean_dynamic_mlp_covertype,stable,h3,1776521737489.904,1776521737607.410,117.506,0.000,117.506,1.882,1833,1577,80.0,1,0,69.5
3877,mean_dynamic_mlp_covertype,stable,h3,1776521737609.410,1776521737719.922,110.511,0.000,109.508,1.733,1833,1577,80.0,1,0,69.0
3878,mean_dynamic_mlp_covertype,stable,h3,1776521737720.922,1776521737795.427,74.506,1.000,73.506,1.878,1833,1577,80.0,0,0,71.2
3879,mean_dynamic_mlp_covertype,stable,h3,1776521737797.427,1776521737909.936,112.509,0.000,112.509,1.841,1833,1577,80.0,1,0,69.4
3880,mean_dynamic_mlp_covertype,stable,h3,1776521737911.937,1776521738052.954,141.017,0.000,141.017,1.729,1833,1577,80.0,1,0,69.4
3881,mean_dynamic_mlp_covertype,stable,h3,1776521738054.955,1776521738143.462,88.508,0.000,88.508,1.724,1833,1577,80.0,1,0,74.2
3882,mean_dynamic_mlp_covertype,stable,h3,1776521738145.462,1776521738326.973,181.511,0.000,181.511,1.963,1833,1577,80.0,1,0,69.6
3883,mean_dynamic_mlp_covertype,stable,h3,1776521738328.973,1776521738382.479,53.506,0.000,52.506,1.953,1833,1577,80.0,0,0,67.3
3884,mean_dynamic_mlp_covertype,stable,h3,1776521738383.479,1776521738524.989,141.510,1.001,140.510,2.487,1833,1577,80.0,1,0,72.7
3885,mean_dynamic_mlp_covertype,stable,h3,1776521738526.991,1776521738593.499,66.507,0.000,65.508,1.759,1833,1577,80.0,0,0,68.8
3886,mean_dynamic_mlp_covertype,stable,h3,1776521738594.498,1776521738701.010,106.512,1.000,104.508,1.960,1833,1577,80.0,1,0,70.3
3887,mean_dynamic_mlp_covertype,stable,h3,1776521738702.007,1776521738868.024,166.017,1.000,165.018,2.302,1833,1577,80.0,1,0,68.8
3888,mean_dynamic_mlp_covertype,stable,h3,1776521738870.024,1776521738965.531,95.507,1.001,94.506,2.095,1833,1577,80.0,1,0,74.3
3889,mean_dynamic_mlp_covertype,stable,h3,1776521738967.531,1776521739083.040,115.509,0.000,113.506,1.928,1833,1577,80.0,1,0,66.7
3890,mean_dynamic_mlp_covertype,stable,h3,1776521739085.039,1776521739238.057,153.018,0.000,151.014,1.954,1833,1577,80.0,1,0,74.1
3891,mean_dynamic_mlp_covertype,stable,h3,1776521739239.054,1776521739334.559,95.505,0.000,94.504,1.895,1833,1577,80.0,1,0,68.0
3892,mean_dynamic_mlp_covertype,stable,h3,1776521739336.562,1776521739419.570,83.008,0.000,83.008,1.750,1833,1577,80.0,1,0,70.1
3893,mean_dynamic_mlp_covertype,stable,h3,1776521739420.569,1776521739502.073,81.504,0.000,81.504,1.792,1833,1577,80.0,1,0,70.0
3894,mean_dynamic_mlp_covertype,stable,h3,1776521739504.073,1776521739606.591,102.518,0.000,100.514,1.853,1833,1577,80.0,1,0,73.0
3895,mean_dynamic_mlp_covertype,stable,h3,1776521739607.591,1776521739697.097,89.506,0.996,88.510,1.824,1833,1577,80.0,1,0,69.8
3896,mean_dynamic_mlp_covertype,stable,h3,1776521739699.097,1776521739782.604,83.508,0.000,83.508,1.853,1833,1577,80.0,1,0,70.0
3897,mean_dynamic_mlp_covertype,stable,h3,1776521739784.605,1776521739900.115,115.510,0.000,114.507,1.947,1833,1577,80.0,1,0,71.3
3898,mean_dynamic_mlp_covertype,stable,h3,1776521739901.113,1776521740006.627,105.514,1.000,104.515,1.774,1833,1577,80.0,1,0,68.0
3899,mean_dynamic_mlp_covertype,stable,h3,1776521740008.636,1776521740125.647,117.011,0.000,117.011,1.823,1833,1577,80.0,1,0,71.1
3900,mean_dynamic_mlp_covertype,stable,h3,1776521740127.647,1776521740814.775,687.128,0.000,685.124,1.810,1833,1577,80.0,1,0,24.5
3901,mean_dynamic_mlp_covertype,stable,h3,1776521740817.767,1776521740924.542,106.776,1.004,101.540,1.765,1833,1577,80.0,1,0,42.2
3902,mean_dynamic_mlp_covertype,stable,h3,1776521740930.541,1776521741080.595,150.055,0.000,148.055,1.812,1833,1577,80.0,1,0,73.1
3903,mean_dynamic_mlp_covertype,stable,h3,1776521741082.612,1776521741195.103,112.490,0.000,110.506,1.891,1833,1577,80.0,1,0,69.9
3904,mean_dynamic_mlp_covertype,stable,h3,1776521741196.103,1776521741288.609,92.506,0.000,91.502,2.020,1833,1577,80.0,1,0,70.8
3905,mean_dynamic_mlp_covertype,stable,h3,1776521741290.609,1776521741358.115,67.507,0.000,67.507,1.907,1833,1577,80.0,0,0,71.2
3906,mean_dynamic_mlp_covertype,stable,h3,1776521741360.115,1776521741440.623,80.507,0.000,80.507,1.971,1833,1577,80.0,1,0,67.9
3907,mean_dynamic_mlp_covertype,stable,h3,1776521741442.622,1776521741580.128,137.507,0.000,136.506,1.775,1833,1577,80.0,1,0,69.4
3908,mean_dynamic_mlp_covertype,stable,h3,1776521741582.128,1776521741652.638,70.510,1.000,68.508,1.759,1833,1577,80.0,0,0,69.6
3909,mean_dynamic_mlp_covertype,stable,h3,1776521741653.637,1776521741805.144,151.507,0.000,150.489,1.797,1833,1577,80.0,1,0,69.2
3910,mean_dynamic_mlp_covertype,stable,h3,1776521741807.144,1776521741989.158,182.014,0.000,180.013,1.904,1833,1577,80.0,1,0,70.3
3911,mean_dynamic_mlp_covertype,stable,h3,1776521741991.158,1776521742132.669,141.510,0.000,140.510,1.916,1833,1577,80.0,1,0,69.7
3912,mean_dynamic_mlp_covertype,stable,h3,1776521742134.669,1776521742249.680,115.011,0.000,115.011,1.863,1833,1577,80.0,1,0,72.6
3913,mean_dynamic_mlp_covertype,stable,h3,1776521742251.680,1776521742345.188,93.507,0.000,92.507,2.337,1833,1577,80.0,1,0,66.0
3914,mean_dynamic_mlp_covertype,stable,h3,1776521742347.203,1776521742458.693,111.490,0.000,110.490,1.791,1833,1577,80.0,1,0,71.4
3915,mean_dynamic_mlp_covertype,stable,h3,1776521742459.698,1776521742588.200,128.502,0.000,127.506,1.809,1833,1577,80.0,1,0,68.8
3916,mean_dynamic_mlp_covertype,stable,h3,1776521742590.200,1776521742719.707,129.507,0.000,127.506,1.763,1833,1577,80.0,1,0,68.8
3917,mean_dynamic_mlp_covertype,stable,h3,1776521742720.708,1776521742912.721,192.013,0.000,191.009,2.021,1833,1577,80.0,1,0,69.3
3918,mean_dynamic_mlp_covertype,stable,h3,1776521742914.721,1776521743076.735,162.014,0.000,160.013,1.976,1833,1577,80.0,1,0,69.7
3919,mean_dynamic_mlp_covertype,stable,h3,1776521743077.740,1776521743173.241,95.501,0.000,94.506,2.101,1833,1577,80.0,1,0,68.0
3920,mean_dynamic_mlp_covertype,stable,h3,1776521743175.241,1776521743272.748,97.507,0.000,96.507,1.740,1833,1577,80.0,1,0,68.8
3921,mean_dynamic_mlp_covertype,stable,h3,1776521743274.748,1776521743406.256,131.509,0.000,130.508,1.738,1833,1577,80.0,1,0,69.7
3922,mean_dynamic_mlp_covertype,stable,h3,1776521743408.255,1776521743597.267,189.012,0.000,188.013,1.744,1833,1577,80.0,1,0,69.1
3923,mean_dynamic_mlp_covertype,stable,h3,1776521743598.267,1776521743707.774,109.507,1.002,108.505,1.838,1833,1577,80.0,1,0,68.1
3924,mean_dynamic_mlp_covertype,stable,h3,1776521743708.774,1776521743865.789,157.016,0.000,155.016,1.750,1833,1577,80.0,1,0,69.4
3925,mean_dynamic_mlp_covertype,stable,h3,1776521743866.789,1776521744012.300,145.510,0.000,144.510,1.859,1833,1577,80.0,1,0,70.2
3926,mean_dynamic_mlp_covertype,stable,h3,1776521744014.299,1776521744107.809,93.510,0.000,92.507,1.989,1833,1577,80.0,1,0,68.8
3927,mean_dynamic_mlp_covertype,stable,h3,1776521744108.807,1776521744252.821,144.014,0.000,142.012,1.825,1833,1577,80.0,1,0,69.0
3928,mean_dynamic_mlp_covertype,stable,h3,1776521744254.821,1776521744339.328,84.507,0.000,83.507,2.231,1833,1577,80.0,1,0,69.5
3929,mean_dynamic_mlp_covertype,stable,h3,1776521744340.328,1776521744480.835,140.507,1.001,138.506,2.277,1833,1577,80.0,1,0,68.8
3930,mean_dynamic_mlp_covertype,stable,h3,1776521744481.835,1776521744568.343,86.507,0.000,85.507,1.831,1833,1577,80.0,1,0,68.3
3931,mean_dynamic_mlp_covertype,stable,h3,1776521744570.342,1776521744708.849,138.507,0.000,137.507,2.530,1833,1577,80.0,1,0,69.4
3932,mean_dynamic_mlp_covertype,stable,h3,1776521744710.849,1776521744776.357,65.507,1.000,63.507,2.120,1833,1577,80.0,0,0,73.1
3933,mean_dynamic_mlp_covertype,stable,h3,1776521744777.356,1776521744878.863,101.506,1.000,99.506,1.848,1833,1577,80.0,1,0,69.7
3934,mean_dynamic_mlp_covertype,stable,h3,1776521744879.863,1776521744987.371,107.507,1.002,106.505,1.691,1833,1577,80.0,1,0,69.6
3935,mean_dynamic_mlp_covertype,stable,h3,1776521744989.370,1776521745094.878,105.509,0.000,103.508,1.953,1833,1577,80.0,1,0,71.2
3936,mean_dynamic_mlp_covertype,stable,h3,1776521745095.878,1776521745212.386,116.508,0.000,114.507,1.879,1833,1577,80.0,1,0,69.3
3937,mean_dynamic_mlp_covertype,stable,h3,1776521745213.386,1776521745363.400,150.014,1.000,148.014,1.716,1833,1577,80.0,1,0,68.8
3938,mean_dynamic_mlp_covertype,stable,h3,1776521745364.400,1776521745507.907,143.507,1.000,142.507,1.869,1833,1577,80.0,1,0,68.8
3939,mean_dynamic_mlp_covertype,stable,h3,1776521745508.907,1776521745662.921,154.014,1.000,153.014,1.877,1833,1577,80.0,1,0,70.0
3940,mean_dynamic_mlp_covertype,stable,h3,1776521745665.921,1776521745752.428,86.507,0.000,86.507,2.127,1833,1577,80.0,1,0,69.8
3941,mean_dynamic_mlp_covertype,stable,h3,1776521745754.428,1776521745880.945,126.516,0.000,126.516,1.980,1833,1577,80.0,1,0,80.9
3942,mean_dynamic_mlp_covertype,stable,h3,1776521745882.945,1776521746044.960,162.015,0.000,161.016,2.608,1833,1577,80.0,1,0,70.5
3943,mean_dynamic_mlp_covertype,stable,h3,1776521746046.960,1776521746130.962,84.002,0.000,83.002,1.957,1833,1577,80.0,1,0,71.2
3944,mean_dynamic_mlp_covertype,stable,h3,1776521746132.962,1776521746233.471,100.509,0.000,100.509,2.578,1833,1577,80.0,1,0,68.8
3945,mean_dynamic_mlp_covertype,stable,h3,1776521746234.471,1776521746313.978,79.507,0.000,78.004,2.344,1833,1577,80.0,0,0,68.8
3946,mean_dynamic_mlp_covertype,stable,h3,1776521746315.978,1776521746422.490,106.512,0.000,105.512,2.128,1833,1577,80.0,1,0,69.6
3947,mean_dynamic_mlp_covertype,stable,h3,1776521746423.490,1776521746563.065,139.575,1.001,138.574,1.839,1833,1577,80.0,1,0,68.3
3948,mean_dynamic_mlp_covertype,stable,h3,1776521746565.066,1776521746694.573,129.507,0.000,127.507,2.106,1833,1577,80.0,1,0,68.8
3949,mean_dynamic_mlp_covertype,stable,h3,1776521746695.573,1776521746810.080,114.507,0.000,113.506,1.946,1833,1577,80.0,1,0,72.1
3950,mean_dynamic_mlp_covertype,stable,h3,1776521746812.080,1776521746924.590,112.510,0.000,112.510,2.497,1833,1577,80.0,1,0,68.8
3951,mean_dynamic_mlp_covertype,stable,h3,1776521746926.590,1776521747081.602,155.012,0.000,153.012,2.235,1833,1577,80.0,1,0,70.2
3952,mean_dynamic_mlp_covertype,stable,h3,1776521747082.602,1776521747219.111,136.509,1.000,135.509,2.013,1833,1577,80.0,1,0,69.4
3953,mean_dynamic_mlp_covertype,stable,h3,1776521747221.111,1776521747350.125,129.015,0.000,128.015,1.856,1833,1577,80.0,1,0,68.8
3954,mean_dynamic_mlp_covertype,stable,h3,1776521747351.125,1776521747459.632,108.507,1.000,107.507,1.879,1833,1577,80.0,1,0,70.8
3955,mean_dynamic_mlp_covertype,stable,h3,1776521747460.633,1776521747555.139,94.506,1.000,93.506,1.800,1833,1577,80.0,1,0,70.5
3956,mean_dynamic_mlp_covertype,stable,h3,1776521747556.139,1776521747677.649,121.510,0.000,120.506,1.848,1833,1577,80.0,1,0,70.5
3957,mean_dynamic_mlp_covertype,stable,h3,1776521747679.649,1776521747804.157,124.508,0.000,123.508,2.008,1833,1577,80.0,1,0,69.5
3958,mean_dynamic_mlp_covertype,stable,h3,1776521747806.157,1776521747949.172,143.015,0.000,143.015,1.732,1833,1577,80.0,1,0,69.8
3959,mean_dynamic_mlp_covertype,stable,h3,1776521747951.172,1776521748006.172,55.000,0.000,53.000,1.964,1833,1577,80.0,0,0,68.0
3960,mean_dynamic_mlp_covertype,stable,h3,1776521748008.172,1776521748119.679,111.507,0.000,110.507,2.000,1833,1577,80.0,1,0,72.2
3961,mean_dynamic_mlp_covertype,stable,h3,1776521748120.681,1776521748270.698,150.018,1.003,148.011,1.722,1833,1577,80.0,1,0,69.2
3962,mean_dynamic_mlp_covertype,stable,h3,1776521748271.697,1776521748423.205,151.508,1.000,150.508,2.025,1833,1577,80.0,1,0,70.0
3963,mean_dynamic_mlp_covertype,stable,h3,1776521748425.205,1776521748577.218,152.013,0.000,152.013,1.703,1833,1577,80.0,1,0,68.8
3964,mean_dynamic_mlp_covertype,stable,h3,1776521748579.218,1776521748701.725,122.508,0.000,121.508,2.192,1833,1577,80.0,1,0,68.8
3965,mean_dynamic_mlp_covertype,stable,h3,1776521748703.726,1776521748810.233,106.507,0.000,106.507,1.759,1833,1577,80.0,1,0,68.8
3966,mean_dynamic_mlp_covertype,stable,h3,1776521748812.233,1776521748946.248,134.015,0.000,133.015,1.810,1833,1577,80.0,1,0,69.9
3967,mean_dynamic_mlp_covertype,stable,h3,1776521748948.248,1776521749060.755,112.507,0.000,110.507,1.933,1833,1577,80.0,1,0,70.2
3968,mean_dynamic_mlp_covertype,stable,h3,1776521749061.755,1776521749130.757,69.002,1.000,67.002,1.949,1833,1577,80.0,0,0,74.6
3969,mean_dynamic_mlp_covertype,stable,h3,1776521749131.757,1776521749201.262,69.505,0.000,68.504,2.105,1833,1577,80.0,0,0,73.2
3970,mean_dynamic_mlp_covertype,stable,h3,1776521749203.263,1776521749398.279,195.016,0.000,194.013,1.798,1833,1577,80.0,1,0,75.8
3971,mean_dynamic_mlp_covertype,stable,h3,1776521749399.277,1776521749531.786,132.510,0.000,131.506,2.252,1833,1577,80.0,1,0,74.5
3972,mean_dynamic_mlp_covertype,stable,h3,1776521749533.787,1776521749664.798,131.012,0.000,131.012,1.755,1833,1577,80.0,1,0,71.1
3973,mean_dynamic_mlp_covertype,stable,h3,1776521749666.798,1776521749811.305,144.507,0.000,143.507,1.949,1833,1577,80.0,1,0,72.0
3974,mean_dynamic_mlp_covertype,stable,h3,1776521749812.305,1776521749913.812,101.508,0.000,99.507,1.848,1833,1577,80.0,1,0,71.4
3975,mean_dynamic_mlp_covertype,stable,h3,1776521749914.813,1776521750019.320,104.506,0.000,103.506,1.793,1833,1577,80.0,1,0,72.6
3976,mean_dynamic_mlp_covertype,stable,h3,1776521750020.320,1776521750122.830,102.510,1.000,100.510,2.029,1833,1577,80.0,1,0,69.6
3977,mean_dynamic_mlp_covertype,stable,h3,1776521750123.830,1776521750265.349,141.519,0.000,139.519,1.976,1833,1577,80.0,1,0,72.4
3978,mean_dynamic_mlp_covertype,stable,h3,1776521750266.349,1776521750380.360,114.011,1.001,113.010,1.948,1833,1577,80.0,1,0,75.0
3979,mean_dynamic_mlp_covertype,stable,h3,1776521750382.360,1776521750510.867,128.507,0.000,127.507,2.082,1833,1577,80.0,1,0,74.0
3980,mean_dynamic_mlp_covertype,stable,h3,1776521750511.867,1776521750641.881,130.014,1.001,129.013,1.891,1833,1577,80.0,1,0,71.4
3981,mean_dynamic_mlp_covertype,stable,h3,1776521750643.881,1776521750771.389,127.507,0.000,127.507,1.849,1833,1577,80.0,1,0,72.7
3982,mean_dynamic_mlp_covertype,stable,h3,1776521750773.389,1776521750902.895,129.506,0.000,128.506,1.926,1833,1577,80.0,1,0,69.7
3983,mean_dynamic_mlp_covertype,stable,h3,1776521750904.896,1776521751105.580,200.684,0.000,199.684,1.889,1833,1577,80.0,1,0,73.4
3984,mean_dynamic_mlp_covertype,stable,h3,1776521751106.584,1776521751277.604,171.020,0.000,169.014,1.978,1833,1577,80.0,1,0,71.6
3985,mean_dynamic_mlp_covertype,stable,h3,1776521751278.597,1776521751349.107,70.510,1.000,69.510,1.818,1833,1577,80.0,0,0,71.4
3986,mean_dynamic_mlp_covertype,stable,h3,1776521751351.107,1776521751486.617,135.510,0.000,133.507,1.875,1833,1577,80.0,1,0,69.4
3987,mean_dynamic_mlp_covertype,stable,h3,1776521751487.615,1776521751588.786,101.172,1.001,100.170,2.085,1833,1577,80.0,1,0,70.3
3988,mean_dynamic_mlp_covertype,stable,h3,1776521751590.787,1776521751740.799,150.012,0.000,149.011,2.087,1833,1577,80.0,1,0,69.7
3989,mean_dynamic_mlp_covertype,stable,h3,1776521751742.800,1776521751846.279,103.479,0.000,103.479,1.966,1833,1577,80.0,1,0,69.0
3990,mean_dynamic_mlp_covertype,stable,h3,1776521751847.281,1776521751944.789,97.508,0.000,95.505,1.961,1833,1577,80.0,1,0,68.8
3991,mean_dynamic_mlp_covertype,stable,h3,1776521751945.786,1776521752121.295,175.508,0.999,174.509,1.880,1833,1577,80.0,1,0,71.6
3992,mean_dynamic_mlp_covertype,stable,h3,1776521752122.299,1776521752208.804,86.505,1.000,85.505,1.734,1833,1577,80.0,1,0,66.7
3993,mean_dynamic_mlp_covertype,stable,h3,1776521752210.802,1776521752343.816,133.014,0.000,131.011,1.787,1833,1577,80.0,1,0,70.6
3994,mean_dynamic_mlp_covertype,stable,h3,1776521752344.817,1776521752429.818,85.001,0.000,84.001,2.004,1833,1577,80.0,1,0,66.7
3995,mean_dynamic_mlp_covertype,stable,h3,1776521752431.818,1776521752554.833,123.016,0.000,123.016,1.997,1833,1577,80.0,1,0,70.5
3996,mean_dynamic_mlp_covertype,stable,h3,1776521752556.834,1776521752738.850,182.015,0.000,182.015,1.816,1833,1577,80.0,1,0,73.6
3997,mean_dynamic_mlp_covertype,stable,h3,1776521752740.852,1776521752858.361,117.510,0.000,115.508,2.080,1833,1577,80.0,1,0,74.2
3998,mean_dynamic_mlp_covertype,stable,h3,1776521752859.361,1776521752974.872,115.511,0.000,114.510,1.865,1833,1577,80.0,1,0,70.3
3999,mean_dynamic_mlp_covertype,stable,h3,1776521752976.873,1776521753120.380,143.507,0.000,142.507,1.956,1833,1577,80.0,1,0,69.8
4000,mean_dynamic_mlp_covertype,stable,h3,1776521753122.383,1776521753248.401,126.018,0.000,124.013,2.489,1833,1577,80.0,1,0,69.0
4001,mean_dynamic_mlp_covertype,stable,h3,1776521753249.398,1776521753411.905,162.507,1.007,160.500,1.937,1833,1577,80.0,1,0,70.8
4002,mean_dynamic_mlp_covertype,stable,h3,1776521753412.980,1776521753554.917,141.937,0.000,140.642,1.826,1833,1577,80.0,1,0,70.8
4003,mean_dynamic_mlp_covertype,stable,h3,1776521753556.919,1776521753689.428,132.508,0.000,130.507,1.754,1833,1577,80.0,1,0,71.2
4004,mean_dynamic_mlp_covertype,stable,h3,1776521753690.426,1776521753901.997,211.571,0.000,209.562,2.027,1833,1577,80.0,1,0,68.8
4005,mean_dynamic_mlp_covertype,stable,h3,1776521753902.979,1776521754008.486,105.507,0.000,105.507,1.945,1833,1577,80.0,1,0,64.4
4006,mean_dynamic_mlp_covertype,stable,h3,1776521754010.485,1776521754147.500,137.015,0.000,136.015,1.703,1833,1577,80.0,1,0,69.4
4007,mean_dynamic_mlp_covertype,stable,h3,1776521754149.500,1776521754293.008,143.507,0.000,142.507,1.937,1833,1577,80.0,1,0,69.4
4008,mean_dynamic_mlp_covertype,stable,h3,1776521754295.008,1776521754385.515,90.507,0.000,90.507,1.774,1833,1577,80.0,1,0,70.8
4009,mean_dynamic_mlp_covertype,stable,h3,1776521754387.515,1776521754451.024,63.509,0.000,61.507,1.968,1833,1577,80.0,0,0,67.7
4010,mean_dynamic_mlp_covertype,stable,h3,1776521754452.022,1776521754607.529,155.507,1.002,153.504,1.905,1833,1577,80.0,1,0,70.8
4011,mean_dynamic_mlp_covertype,stable,h3,1776521754608.528,1776521754759.545,151.017,1.000,150.017,1.805,1833,1577,80.0,1,0,68.5
4012,mean_dynamic_mlp_covertype,stable,h3,1776521754761.545,1776521754910.052,148.507,0.000,147.507,1.719,1833,1577,80.0,1,0,68.3
4013,mean_dynamic_mlp_covertype,stable,h3,1776521754911.052,1776521755030.562,119.510,1.001,118.509,1.908,1833,1577,80.0,1,0,69.5
4014,mean_dynamic_mlp_covertype,stable,h3,1776521755032.562,1776521755110.067,77.505,0.000,75.504,1.880,1833,1577,80.0,0,0,68.8
4015,mean_dynamic_mlp_covertype,stable,h3,1776521755111.067,1776521755219.574,108.508,1.001,107.507,1.765,1833,1577,80.0,1,0,78.1
4016,mean_dynamic_mlp_covertype,stable,h3,1776521755221.574,1776521755405.590,184.015,0.000,183.015,2.304,1833,1577,80.0,1,0,69.3
4017,mean_dynamic_mlp_covertype,stable,h3,1776521755407.590,1776521755507.097,99.507,0.000,99.507,1.889,1833,1577,80.0,1,0,68.8
4018,mean_dynamic_mlp_covertype,stable,h3,1776521755509.098,1776521755594.604,85.507,0.000,83.507,1.849,1833,1577,80.0,1,0,70.8
4019,mean_dynamic_mlp_covertype,stable,h3,1776521755595.604,1776521755711.112,115.508,0.000,114.508,1.954,1833,1577,80.0,1,0,68.8
4020,mean_dynamic_mlp_covertype,stable,h3,1776521755713.111,1776521755807.619,94.507,0.000,92.507,2.053,1833,1577,80.0,1,0,72.3
4021,mean_dynamic_mlp_covertype,stable,h3,1776521755808.619,1776521755969.633,161.014,1.000,160.015,1.757,1833,1577,80.0,1,0,71.4
4022,mean_dynamic_mlp_covertype,stable,h3,1776521755970.634,1776521756081.141,110.507,1.000,109.507,1.888,1833,1577,80.0,1,0,70.8
4023,mean_dynamic_mlp_covertype,stable,h3,1776521756083.140,1776521756191.651,108.510,0.000,107.510,2.943,1833,1577,80.0,1,0,78.9
4024,mean_dynamic_mlp_covertype,stable,h3,1776521756193.651,1776521756273.157,79.507,0.000,78.507,1.884,1833,1577,80.0,0,0,76.5
4025,mean_dynamic_mlp_covertype,stable,h3,1776521756274.157,1776521756405.665,131.507,1.001,130.507,2.017,1833,1577,80.0,1,0,80.1
4026,mean_dynamic_mlp_covertype,stable,h3,1776521756406.665,1776521756553.679,147.015,1.001,145.013,1.724,1833,1577,80.0,1,0,68.8
4027,mean_dynamic_mlp_covertype,stable,h3,1776521756554.678,1776521756645.186,90.507,1.001,88.506,1.728,1833,1577,80.0,1,0,74.0
4028,mean_dynamic_mlp_covertype,stable,h3,1776521756646.186,1776521756845.200,199.014,0.000,197.013,1.936,1833,1577,80.0,1,0,73.5
4029,mean_dynamic_mlp_covertype,stable,h3,1776521756846.200,1776521756920.200,74.000,1.001,72.999,2.354,1833,1577,80.0,0,0,70.5
4030,mean_dynamic_mlp_covertype,stable,h3,1776521756922.200,1776521757039.214,117.015,0.000,117.015,1.806,1833,1577,80.0,1,0,70.2
4031,mean_dynamic_mlp_covertype,stable,h3,1776521757041.214,1776521757216.723,175.508,0.000,174.508,1.928,1833,1577,80.0,1,0,72.5
4032,mean_dynamic_mlp_covertype,stable,h3,1776521757218.723,1776521757360.738,142.015,0.000,140.015,1.944,1833,1577,80.0,1,0,69.4
4033,mean_dynamic_mlp_covertype,stable,h3,1776521757362.737,1776521757493.244,130.507,0.000,130.507,1.677,1833,1577,80.0,1,0,69.3
4034,mean_dynamic_mlp_covertype,stable,h3,1776521757495.244,1776521757633.753,138.509,0.000,138.509,1.707,1833,1577,80.0,1,0,69.0
4035,mean_dynamic_mlp_covertype,stable,h3,1776521757634.753,1776521757757.768,123.015,1.000,121.012,1.899,1833,1577,80.0,1,0,69.5
4036,mean_dynamic_mlp_covertype,stable,h3,1776521757758.766,1776521757916.272,157.506,1.001,155.504,1.848,1833,1577,80.0,1,0,70.1
4037,mean_dynamic_mlp_covertype,stable,h3,1776521757917.272,1776521758117.287,200.015,0.000,198.015,1.809,1833,1577,80.0,1,0,68.6
4038,mean_dynamic_mlp_covertype,stable,h3,1776521758118.287,1776521758219.794,101.508,0.000,100.507,1.904,1833,1577,80.0,1,0,69.6
4039,mean_dynamic_mlp_covertype,stable,h3,1776521758221.794,1776521758343.808,122.014,0.000,120.011,1.962,1833,1577,80.0,1,0,71.1
4040,mean_dynamic_mlp_covertype,stable,h3,1776521758344.808,1776521758463.315,118.507,1.001,117.506,1.986,1833,1577,80.0,1,0,68.8
4041,mean_dynamic_mlp_covertype,stable,h3,1776521758465.315,1776521758575.822,110.507,0.000,109.507,1.742,1833,1577,80.0,1,0,68.1
4042,mean_dynamic_mlp_covertype,stable,h3,1776521758577.823,1776521758624.825,47.002,0.000,47.002,1.927,1833,1577,80.0,0,0,68.8
4043,mean_dynamic_mlp_covertype,stable,h3,1776521758626.825,1776521758753.837,127.012,0.000,126.011,1.798,1833,1577,80.0,1,0,69.5
4044,mean_dynamic_mlp_covertype,stable,h3,1776521758754.837,1776521758884.343,129.507,0.000,128.506,1.796,1833,1577,80.0,1,0,70.9
4045,mean_dynamic_mlp_covertype,stable,h3,1776521758886.344,1776521759009.850,123.507,0.000,123.507,1.766,1833,1577,80.0,1,0,69.2
4046,mean_dynamic_mlp_covertype,stable,h3,1776521759011.850,1776521759127.360,115.510,0.000,115.510,1.813,1833,1577,80.0,1,0,68.1
4047,mean_dynamic_mlp_covertype,stable,h3,1776521759129.360,1776521759215.866,86.506,0.000,86.506,2.064,1833,1577,80.0,1,0,69.5
4048,mean_dynamic_mlp_covertype,stable,h3,1776521759216.865,1776521759325.375,108.510,0.000,107.510,1.889,1833,1577,80.0,1,0,71.4
4049,mean_dynamic_mlp_covertype,stable,h3,1776521759327.375,1776521759440.387,113.012,0.000,110.996,1.766,1833,1577,80.0,1,0,67.5
4050,mean_dynamic_mlp_covertype,stable,h3,1776521759442.387,1776521759552.894,110.507,0.000,110.507,1.980,1833,1577,80.0,1,0,68.8
4051,mean_dynamic_mlp_covertype,stable,h3,1776521759554.895,1776521759690.401,135.506,0.000,134.506,1.712,1833,1577,80.0,1,0,70.3
4052,mean_dynamic_mlp_covertype,stable,h3,1776521759691.401,1776521759753.908,62.507,1.000,60.507,1.908,1833,1577,80.0,0,0,68.8
4053,mean_dynamic_mlp_covertype,stable,h3,1776521759754.908,1776521759872.415,117.507,1.001,115.506,1.818,1833,1577,80.0,1,0,69.3
4054,mean_dynamic_mlp_covertype,stable,h3,1776521759873.415,1776521759982.926,109.511,1.000,108.511,3.675,1833,1577,80.0,1,0,69.4
4055,mean_dynamic_mlp_covertype,stable,h3,1776521759984.926,1776521760146.940,162.014,0.000,161.013,3.057,1833,1577,80.0,1,0,70.4
4056,mean_dynamic_mlp_covertype,stable,h3,1776521760147.940,1776521760280.457,132.517,0.000,131.517,2.143,1833,1577,80.0,1,0,68.8
4057,mean_dynamic_mlp_covertype,stable,h3,1776521760282.457,1776521760352.964,70.507,0.000,70.507,2.089,1833,1577,80.0,0,0,73.3
4058,mean_dynamic_mlp_covertype,stable,h3,1776521760355.964,1776521760438.471,82.507,0.000,81.504,2.294,1833,1577,80.0,1,0,70.9
4059,mean_dynamic_mlp_covertype,stable,h3,1776521760439.471,1776521760514.471,75.000,1.000,74.000,1.894,1833,1577,80.0,0,0,68.8
4060,mean_dynamic_mlp_covertype,stable,h3,1776521760516.471,1776521760625.981,109.510,0.000,109.510,1.992,1833,1577,80.0,1,0,73.5
4061,mean_dynamic_mlp_covertype,stable,h3,1776521760626.981,1776521760740.993,114.012,1.000,113.012,1.932,1833,1577,80.0,1,0,68.8
4062,mean_dynamic_mlp_covertype,stable,h3,1776521760742.993,1776521760890.500,147.507,0.000,146.507,1.753,1833,1577,80.0,1,0,70.9
4063,mean_dynamic_mlp_covertype,stable,h3,1776521760891.500,1776521761021.008,129.508,1.000,128.508,2.455,1833,1577,80.0,1,0,67.7
4064,mean_dynamic_mlp_covertype,stable,h3,1776521761023.010,1776521761171.024,148.013,0.000,148.013,13.043,1833,1577,80.0,1,0,68.8
4065,mean_dynamic_mlp_covertype,stable,h3,1776521761173.023,1776521761327.534,154.510,1.000,153.510,2.035,1833,1577,80.0,1,0,69.8
4066,mean_dynamic_mlp_covertype,stable,h3,1776521761329.533,1776521761466.546,137.012,0.000,135.012,1.732,1833,1577,80.0,1,0,69.2
4067,mean_dynamic_mlp_covertype,stable,h3,1776521761467.545,1776521761625.056,157.510,1.000,156.510,3.381,1833,1577,80.0,1,0,68.5
4068,mean_dynamic_mlp_covertype,stable,h3,1776521761627.055,1776521761775.067,148.012,0.000,147.010,8.090,1833,1577,80.0,1,0,70.9
4069,mean_dynamic_mlp_covertype,stable,h3,1776521761777.067,1776521761928.578,151.511,0.000,151.511,2.228,1833,1577,80.0,1,0,68.5
4070,mean_dynamic_mlp_covertype,stable,h3,1776521761930.577,1776521762046.387,115.810,0.000,113.807,4.092,1833,1577,80.0,1,0,70.1
4071,mean_dynamic_mlp_covertype,stable,h3,1776521762047.385,1776521762158.892,111.506,1.001,109.505,12.017,1833,1577,80.0,1,0,67.5
4072,mean_dynamic_mlp_covertype,stable,h3,1776521762159.892,1776521762306.403,146.511,1.000,144.508,6.729,1833,1577,80.0,1,0,68.8
4073,mean_dynamic_mlp_covertype,stable,h3,1776521762307.400,1776521762453.415,146.015,0.000,145.014,2.345,1833,1577,80.0,1,0,70.0
4074,mean_dynamic_mlp_covertype,stable,h3,1776521762455.415,1776521762577.922,122.507,0.000,122.507,3.614,1833,1577,80.0,1,0,68.8
4075,mean_dynamic_mlp_covertype,stable,h3,1776521762579.922,1776521762685.430,105.508,0.000,103.507,2.586,1833,1577,80.0,1,0,68.8
4076,mean_dynamic_mlp_covertype,stable,h3,1776521762687.430,1776521762786.938,99.509,0.000,97.508,2.288,1833,1577,80.0,1,0,69.8
4077,mean_dynamic_mlp_covertype,stable,h3,1776521762787.938,1776521763009.085,221.147,0.000,221.147,1.854,1833,1577,80.0,1,0,68.4
4078,mean_dynamic_mlp_covertype,stable,h3,1776521763010.084,1776521763158.316,148.232,1.001,147.231,2.109,1833,1577,80.0,1,0,68.4
4079,mean_dynamic_mlp_covertype,stable,h3,1776521763160.316,1776521763322.939,162.623,0.000,161.659,2.450,1833,1577,80.0,1,0,70.5
4080,mean_dynamic_mlp_covertype,stable,h3,1776521763323.946,1776521763545.170,221.224,0.000,219.233,1.781,1833,1577,80.0,1,0,63.1
4081,mean_dynamic_mlp_covertype,stable,h3,1776521763546.196,1776521763647.670,101.473,0.969,99.503,1.708,1833,1577,80.0,1,0,62.3
4082,mean_dynamic_mlp_covertype,stable,h3,1776521763648.669,1776521763754.175,105.507,0.000,105.507,2.510,1833,1577,80.0,1,0,69.6
4083,mean_dynamic_mlp_covertype,stable,h3,1776521763756.176,1776521763852.687,96.511,0.000,96.511,1.756,1833,1577,80.0,1,0,72.0
4084,mean_dynamic_mlp_covertype,stable,h3,1776521763854.686,1776521763986.193,131.507,0.000,130.507,1.717,1833,1577,80.0,1,0,69.5
4085,mean_dynamic_mlp_covertype,stable,h3,1776521763987.193,1776521764107.701,120.508,1.000,118.508,2.138,1833,1577,80.0,1,0,67.7
4086,mean_dynamic_mlp_covertype,stable,h3,1776521764108.701,1776521764244.715,136.014,1.001,134.013,1.788,1833,1577,80.0,1,0,72.2
4087,mean_dynamic_mlp_covertype,stable,h3,1776521764245.715,1776521764352.224,106.509,0.000,105.507,2.226,1833,1577,80.0,1,0,67.0
4088,mean_dynamic_mlp_covertype,stable,h3,1776521764354.224,1776521764501.731,147.507,0.000,147.507,1.879,1833,1577,80.0,1,0,71.7
4089,mean_dynamic_mlp_covertype,stable,h3,1776521764503.731,1776521764602.239,98.508,0.000,96.507,2.069,1833,1577,80.0,1,0,71.1
4090,mean_dynamic_mlp_covertype,stable,h3,1776521764603.239,1776521764712.747,109.508,1.001,108.507,2.346,1833,1577,80.0,1,0,82.8
4091,mean_dynamic_mlp_covertype,stable,h3,1776521764714.747,1776521764826.258,111.511,0.000,109.509,1.849,1833,1577,80.0,1,0,69.6
4092,mean_dynamic_mlp_covertype,stable,h3,1776521764827.257,1776521764956.269,129.012,1.001,127.010,2.073,1833,1577,80.0,1,0,68.2
4093,mean_dynamic_mlp_covertype,stable,h3,1776521764957.268,1776521765099.779,142.511,0.999,141.512,2.129,1833,1577,80.0,1,0,68.3
4094,mean_dynamic_mlp_covertype,stable,h3,1776521765100.776,1776521765209.282,108.506,1.000,106.506,1.758,1833,1577,80.0,1,0,69.6
4095,mean_dynamic_mlp_covertype,stable,h3,1776521765210.282,1776521765395.296,185.014,1.000,184.014,2.074,1833,1577,80.0,1,0,70.6
4096,mean_dynamic_mlp_covertype,stable,h3,1776521765397.296,1776521765606.099,208.802,0.000,207.802,1.917,1833,1577,80.0,1,0,67.1
4097,mean_dynamic_mlp_covertype,stable,h3,1776521765607.113,1776521765748.126,141.012,1.000,140.013,1.776,1833,1577,80.0,1,0,63.9
4098,mean_dynamic_mlp_covertype,stable,h3,1776521765750.126,1776521765875.633,125.507,0.000,124.506,1.967,1833,1577,80.0,1,0,69.5
4099,mean_dynamic_mlp_covertype,stable,h3,1776521765877.633,1776521765951.141,73.508,0.000,72.502,1.870,1833,1577,80.0,0,0,68.8
4100,mean_dynamic_mlp_covertype,stable,h3,1776521765953.141,1776521766063.648,110.507,0.000,110.507,1.798,1833,1577,80.0,1,0,69.0
4101,mean_dynamic_mlp_covertype,stable,h3,1776521766065.648,1776521766224.155,158.508,0.000,157.508,1.810,1833,1577,80.0,1,0,69.4
4102,mean_dynamic_mlp_covertype,stable,h3,1776521766225.158,1776521766319.662,94.505,0.000,92.504,1.966,1833,1577,80.0,1,0,69.8
4103,mean_dynamic_mlp_covertype,stable,h3,1776521766320.663,1776521766458.676,138.013,1.001,137.012,1.766,1833,1577,80.0,1,0,70.4
4104,mean_dynamic_mlp_covertype,stable,h3,1776521766459.676,1776521766630.184,170.508,1.002,169.506,1.875,1833,1577,80.0,1,0,67.6
4105,mean_dynamic_mlp_covertype,stable,h3,1776521766632.184,1776521766735.692,103.508,0.000,103.508,1.738,1833,1577,80.0,1,0,69.6
4106,mean_dynamic_mlp_covertype,stable,h3,1776521766737.692,1776521766829.200,91.508,0.000,90.508,1.926,1833,1577,80.0,1,0,69.5
4107,mean_dynamic_mlp_covertype,stable,h3,1776521766831.201,1776521766917.706,86.505,0.000,84.489,1.886,1833,1577,80.0,1,0,71.1
4108,mean_dynamic_mlp_covertype,stable,h3,1776521766918.705,1776521767065.721,147.016,0.000,145.016,2.056,1833,1577,80.0,1,0,69.4
4109,mean_dynamic_mlp_covertype,stable,h3,1776521767066.721,1776521767170.228,103.507,1.001,102.506,1.976,1833,1577,80.0,1,0,70.3
4110,mean_dynamic_mlp_covertype,stable,h3,1776521767172.228,1776521767285.735,113.507,1.001,112.506,1.922,1833,1577,80.0,1,0,68.1
4111,mean_dynamic_mlp_covertype,stable,h3,1776521767287.735,1776521767405.244,117.509,0.000,116.508,2.066,1833,1577,80.0,1,0,73.6
4112,mean_dynamic_mlp_covertype,stable,h3,1776521767407.243,1776521767542.255,135.012,0.000,135.012,1.696,1833,1577,80.0,1,0,68.2
4113,mean_dynamic_mlp_covertype,stable,h3,1776521767544.256,1776521767638.258,94.002,0.000,93.002,1.814,1833,1577,80.0,1,0,71.6
4114,mean_dynamic_mlp_covertype,stable,h3,1776521767639.760,1776521767751.271,111.511,0.000,110.508,1.944,1833,1577,80.0,1,0,68.1
4115,mean_dynamic_mlp_covertype,stable,h3,1776521767753.271,1776521767875.778,122.508,0.000,121.507,1.996,1833,1577,80.0,1,0,70.9
4116,mean_dynamic_mlp_covertype,stable,h3,1776521767877.778,1776521767970.286,92.507,0.000,92.507,2.187,1833,1577,80.0,1,0,68.8
4117,mean_dynamic_mlp_covertype,stable,h3,1776521767972.285,1776521768065.792,93.507,0.000,93.507,1.926,1833,1577,80.0,1,0,69.8
4118,mean_dynamic_mlp_covertype,stable,h3,1776521768067.792,1776521768137.794,70.002,0.000,69.002,1.663,1833,1577,80.0,0,0,69.1
4119,mean_dynamic_mlp_covertype,stable,h3,1776521768138.794,1776521768258.808,120.014,1.001,119.013,1.848,1833,1577,80.0,1,0,71.2
4120,mean_dynamic_mlp_covertype,stable,h3,1776521768260.808,1776521768349.316,88.507,0.000,87.507,2.076,1833,1577,80.0,1,0,67.4
4121,mean_dynamic_mlp_covertype,stable,h3,1776521768350.316,1776521768528.825,178.509,1.000,177.509,1.995,1833,1577,80.0,1,0,69.9
4122,mean_dynamic_mlp_covertype,stable,h3,1776521768530.825,1776521768716.837,186.012,0.000,185.011,1.715,1833,1577,80.0,1,0,69.3
4123,mean_dynamic_mlp_covertype,stable,h3,1776521768717.836,1776521768821.344,103.508,1.000,101.507,1.764,1833,1577,80.0,1,0,68.8
4124,mean_dynamic_mlp_covertype,stable,h3,1776521768822.344,1776521768938.853,116.509,1.000,115.509,1.789,1833,1577,80.0,1,0,70.9
4125,mean_dynamic_mlp_covertype,stable,h3,1776521768940.355,1776521769078.866,138.510,1.003,137.507,1.844,1833,1577,80.0,1,0,68.8
4126,mean_dynamic_mlp_covertype,stable,h3,1776521769080.866,1776521769206.373,125.507,0.000,125.507,1.917,1833,1577,80.0,1,0,69.5
4127,mean_dynamic_mlp_covertype,stable,h3,1776521769208.373,1776521769320.881,112.508,0.000,111.508,1.846,1833,1577,80.0,1,0,68.8
4128,mean_dynamic_mlp_covertype,stable,h3,1776521769321.881,1776521769437.391,115.510,0.000,114.510,1.675,1833,1577,80.0,1,0,70.5
4129,mean_dynamic_mlp_covertype,stable,h3,1776521769438.391,1776521769566.403,128.012,1.502,125.510,1.803,1833,1577,80.0,1,0,70.3
4130,mean_dynamic_mlp_covertype,stable,h3,1776521769568.403,1776521769651.910,83.507,0.000,82.507,1.735,1833,1577,80.0,1,0,69.8
4131,mean_dynamic_mlp_covertype,stable,h3,1776521769653.910,1776521769826.420,172.510,0.000,171.509,1.752,1833,1577,80.0,1,0,68.9
4132,mean_dynamic_mlp_covertype,stable,h3,1776521769827.420,1776521769978.434,151.014,0.000,150.013,1.747,1833,1577,80.0,1,0,69.8
4133,mean_dynamic_mlp_covertype,stable,h3,1776521769980.434,1776521770089.941,109.507,0.000,108.507,1.886,1833,1577,80.0,1,0,69.0
4134,mean_dynamic_mlp_covertype,stable,h3,1776521770090.941,1776521770271.965,181.024,1.000,179.023,1.755,1833,1577,80.0,1,0,68.9
4135,mean_dynamic_mlp_covertype,stable,h3,1776521770272.965,1776521770400.472,127.507,1.001,125.506,2.007,1833,1577,80.0,1,0,71.6
4136,mean_dynamic_mlp_covertype,stable,h3,1776521770401.472,1776521770527.981,126.509,1.001,124.508,1.870,1833,1577,80.0,1,0,67.2
4137,mean_dynamic_mlp_covertype,stable,h3,1776521770528.981,1776521770659.001,130.020,0.000,128.020,1.780,1833,1577,80.0,1,0,71.1
4138,mean_dynamic_mlp_covertype,stable,h3,1776521770660.001,1776521770833.510,173.509,0.000,172.509,1.735,1833,1577,80.0,1,0,69.7
4139,mean_dynamic_mlp_covertype,stable,h3,1776521770834.512,1776521770939.019,104.507,1.002,103.504,2.236,1833,1577,80.0,1,0,69.6
4140,mean_dynamic_mlp_covertype,stable,h3,1776521770940.521,1776521771027.034,86.512,1.003,84.509,1.953,1833,1577,80.0,1,0,68.8
4141,mean_dynamic_mlp_covertype,stable,h3,1776521771029.034,1776521771124.539,95.505,0.000,94.505,1.738,1833,1577,80.0,1,0,70.4
4142,mean_dynamic_mlp_covertype,stable,h3,1776521771125.542,1776521771225.050,99.507,1.000,98.507,1.997,1833,1577,80.0,1,0,68.0
4143,mean_dynamic_mlp_covertype,stable,h3,1776521771227.053,1776521771316.557,89.504,0.000,88.504,1.791,1833,1577,80.0,1,0,69.8
4144,mean_dynamic_mlp_covertype,stable,h3,1776521771318.558,1776521771435.067,116.510,0.000,115.509,1.888,1833,1577,80.0,1,0,72.1
4145,mean_dynamic_mlp_covertype,stable,h3,1776521771437.067,1776521771528.575,91.507,0.000,90.507,2.317,1833,1577,80.0,1,0,69.1
4146,mean_dynamic_mlp_covertype,stable,h3,1776521771530.575,1776521771608.080,77.505,0.000,76.505,1.766,1833,1577,80.0,0,0,70.9
4147,mean_dynamic_mlp_covertype,stable,h3,1776521771609.080,1776521771683.588,74.508,1.000,72.508,1.887,1833,1577,80.0,0,0,73.4
4148,mean_dynamic_mlp_covertype,stable,h3,1776521771684.588,1776521771786.096,101.509,1.000,99.509,1.782,1833,1577,80.0,1,0,70.1
4149,mean_dynamic_mlp_covertype,stable,h3,1776521771787.097,1776521771892.603,105.505,0.000,104.507,1.853,1833,1577,80.0,1,0,71.7
4150,mean_dynamic_mlp_covertype,stable,h3,1776521771894.603,1776521772053.621,159.018,1.001,157.017,1.733,1833,1577,80.0,1,0,68.3
4151,mean_dynamic_mlp_covertype,stable,h3,1776521772054.621,1776521772163.131,108.510,0.000,108.510,2.435,1833,1577,80.0,1,0,70.8
4152,mean_dynamic_mlp_covertype,stable,h3,1776521772165.130,1776521772261.638,96.508,0.000,94.509,1.935,1833,1577,80.0,1,0,69.0
4153,mean_dynamic_mlp_covertype,stable,h3,1776521772262.638,1776521772447.653,185.014,1.000,184.015,2.029,1833,1577,80.0,1,0,70.0
4154,mean_dynamic_mlp_covertype,stable,h3,1776521772449.653,1776521772561.160,111.507,0.000,109.507,1.866,1833,1577,80.0,1,0,70.2
4155,mean_dynamic_mlp_covertype,stable,h3,1776521772562.160,1776521772672.667,110.507,1.001,108.506,1.943,1833,1577,80.0,1,0,69.9
4156,mean_dynamic_mlp_covertype,stable,h3,1776521772673.667,1776521772827.176,153.509,0.000,152.509,1.926,1833,1577,80.0,1,0,73.3
4157,mean_dynamic_mlp_covertype,stable,h3,1776521772829.177,1776521772940.186,111.009,0.000,110.009,1.880,1833,1577,80.0,1,0,68.1
4158,mean_dynamic_mlp_covertype,stable,h3,1776521772942.189,1776521773064.699,122.510,0.000,121.510,2.011,1833,1577,80.0,1,0,69.3
4159,mean_dynamic_mlp_covertype,stable,h3,1776521773065.699,1776521773216.207,150.508,1.000,149.508,1.964,1833,1577,80.0,1,0,68.5
4160,mean_dynamic_mlp_covertype,stable,h3,1776521773218.207,1776521773340.221,122.014,0.000,122.014,1.754,1833,1577,80.0,1,0,70.4
4161,mean_dynamic_mlp_covertype,stable,h3,1776521773342.224,1776521773466.731,124.507,0.000,123.507,1.753,1833,1577,80.0,1,0,67.7
4162,mean_dynamic_mlp_covertype,stable,h3,1776521773468.731,1776521773555.240,86.509,0.000,85.508,1.966,1833,1577,80.0,1,0,80.5
4163,mean_dynamic_mlp_covertype,stable,h3,1776521773557.240,1776521773715.747,158.507,0.000,157.507,1.741,1833,1577,80.0,1,0,70.9
4164,mean_dynamic_mlp_covertype,stable,h3,1776521773716.747,1776521773818.255,101.508,1.000,100.508,1.724,1833,1577,80.0,1,0,68.4
4165,mean_dynamic_mlp_covertype,stable,h3,1776521773820.255,1776521773982.270,162.015,0.000,161.014,1.848,1833,1577,80.0,1,0,70.9
4166,mean_dynamic_mlp_covertype,stable,h3,1776521773983.270,1776521774075.778,92.508,0.000,90.508,1.893,1833,1577,80.0,1,0,70.8
4167,mean_dynamic_mlp_covertype,stable,h3,1776521774076.777,1776521774525.640,448.863,0.000,446.866,1.890,1833,1577,80.0,1,0,35.1
4168,mean_dynamic_mlp_covertype,stable,h3,1776521774527.808,1776521774989.792,461.984,0.841,460.144,1.919,1833,1577,80.0,1,0,32.4
4169,mean_dynamic_mlp_covertype,stable,h3,1776521774992.793,1776521775440.302,447.509,1.000,445.515,1.840,1833,1577,80.0,1,0,31.9
4170,mean_dynamic_mlp_covertype,stable,h3,1776521775442.303,1776521775905.813,463.510,0.906,460.714,1.848,1833,1577,80.0,1,0,30.8
4171,mean_dynamic_mlp_covertype,stable,h3,1776521775909.808,1776521776453.354,543.546,1.001,541.551,1.891,1833,1577,80.0,1,0,27.3
4172,mean_dynamic_mlp_covertype,stable,h3,1776521776455.356,1776521777062.543,607.187,1.436,605.192,1.791,1833,1577,80.0,1,0,23.8
4173,mean_dynamic_mlp_covertype,stable,h3,1776521777064.547,1776521777685.940,621.393,1.059,619.325,1.799,1833,1577,80.0,1,0,24.6
4174,mean_dynamic_mlp_covertype,stable,h3,1776521777688.015,1776521778291.965,603.949,1.115,601.824,2.525,1833,1577,80.0,1,0,25.2
4175,mean_dynamic_mlp_covertype,stable,h3,1776521778292.965,1776521778909.996,617.031,1.006,614.059,2.725,1833,1577,80.0,1,0,24.5
4176,mean_dynamic_mlp_covertype,stable,h3,1776521778911.995,1776521779521.075,609.081,0.000,606.253,1.920,1833,1577,80.0,1,0,24.4
4177,mean_dynamic_mlp_covertype,stable,h3,1776521779523.080,1776521780134.253,611.173,0.000,608.658,1.718,1833,1577,80.0,1,0,28.7
4178,mean_dynamic_mlp_covertype,stable,h3,1776521780136.254,1776521780764.201,627.947,0.000,625.946,1.887,1833,1577,80.0,1,0,30.5
4179,mean_dynamic_mlp_covertype,stable,h3,1776521780765.315,1776521781374.283,608.968,1.066,605.363,1.844,1833,1577,80.0,1,0,25.5
4180,mean_dynamic_mlp_covertype,stable,h3,1776521781376.283,1776521781976.892,600.609,0.998,598.609,1.690,1833,1577,80.0,1,0,23.6
4181,mean_dynamic_mlp_covertype,stable,h3,1776521781978.897,1776521782274.679,295.782,0.000,293.208,1.710,1833,1577,80.0,1,0,42.6
4182,mean_dynamic_mlp_covertype,stable,h3,1776521782278.126,1776521782475.788,197.663,0.565,195.075,2.075,1833,1577,80.0,1,0,62.6
4183,mean_dynamic_mlp_covertype,stable,h3,1776521782480.782,1776521782633.293,152.511,1.002,149.512,2.135,1833,1577,80.0,1,0,69.4
4184,mean_dynamic_mlp_covertype,stable,h3,1776521782634.292,1776521782732.801,98.509,0.000,97.505,1.937,1833,1577,80.0,1,0,69.9
4185,mean_dynamic_mlp_covertype,stable,h3,1776521782734.799,1776521782808.304,73.506,0.000,73.506,1.814,1833,1577,80.0,0,0,70.9
4186,mean_dynamic_mlp_covertype,stable,h3,1776521782810.305,1776521782897.528,87.222,0.000,87.222,1.776,1833,1577,80.0,1,0,69.1
4187,mean_dynamic_mlp_covertype,stable,h3,1776521782899.528,1776521782992.035,92.507,0.000,91.506,2.090,1833,1577,80.0,1,0,69.8
4188,mean_dynamic_mlp_covertype,stable,h3,1776521782994.035,1776521783171.543,177.508,0.000,177.508,2.082,1833,1577,80.0,1,0,71.0
4189,mean_dynamic_mlp_covertype,stable,h3,1776521783173.836,1776521783365.458,191.623,0.000,189.641,2.136,1833,1577,80.0,1,0,70.8
4190,mean_dynamic_mlp_covertype,stable,h3,1776521783367.185,1776521783612.648,245.463,1.002,244.461,1.694,1833,1577,80.0,1,0,59.5
4191,mean_dynamic_mlp_covertype,stable,h3,1776521783613.648,1776521783758.157,144.509,1.001,142.507,1.952,1833,1577,80.0,1,0,61.6
4192,mean_dynamic_mlp_covertype,stable,h3,1776521783760.157,1776521784023.051,262.894,0.000,260.954,2.293,1833,1577,80.0,1,0,57.5
4193,mean_dynamic_mlp_covertype,stable,h3,1776521784025.051,1776521784160.575,135.523,0.000,133.528,1.806,1833,1577,80.0,1,0,64.2
4194,mean_dynamic_mlp_covertype,stable,h3,1776521784168.594,1776521784367.626,199.032,1.003,198.029,2.084,1833,1577,80.0,1,0,72.7
4195,mean_dynamic_mlp_covertype,stable,h3,1776521784369.627,1776521784423.131,53.503,0.000,53.503,1.858,1833,1577,80.0,0,0,78.3
4196,mean_dynamic_mlp_covertype,stable,h3,1776521784425.131,1776521784585.143,160.012,0.000,158.011,1.862,1833,1577,80.0,1,0,66.7
4197,mean_dynamic_mlp_covertype,stable,h3,1776521784586.143,1776521784648.143,62.000,0.000,60.000,2.744,1833,1577,80.0,0,0,70.3
4198,mean_dynamic_mlp_covertype,stable,h3,1776521784650.143,1776521784755.650,105.507,0.000,105.507,1.991,1833,1577,80.0,1,0,70.8
4199,mean_dynamic_mlp_covertype,stable,h3,1776521784757.651,1776521784863.158,105.507,0.000,103.505,1.875,1833,1577,80.0,1,0,70.2
4200,mean_dynamic_mlp_covertype,stable,h3,1776521784865.157,1776521785028.171,163.014,0.000,163.014,1.895,1833,1577,80.0,1,0,71.6
4201,mean_dynamic_mlp_covertype,stable,h3,1776521785030.171,1776521785139.678,109.508,0.000,108.507,1.873,1833,1577,80.0,1,0,68.8
4202,mean_dynamic_mlp_covertype,stable,h3,1776521785141.678,1776521785296.691,155.013,0.000,153.011,1.917,1833,1577,80.0,1,0,70.4
4203,mean_dynamic_mlp_covertype,stable,h3,1776521785298.691,1776521785465.200,166.509,0.000,164.509,2.341,1833,1577,80.0,1,0,68.4
4204,mean_dynamic_mlp_covertype,stable,h3,1776521785467.203,1776521785592.214,125.011,0.000,124.011,1.870,1833,1577,80.0,1,0,68.2
4205,mean_dynamic_mlp_covertype,stable,h3,1776521785593.214,1776521785714.720,121.506,0.000,120.506,1.854,1833,1577,80.0,1,0,69.3
4206,mean_dynamic_mlp_covertype,stable,h3,1776521785716.723,1776521785803.228,86.504,0.000,85.504,1.997,1833,1577,80.0,1,0,67.9
4207,mean_dynamic_mlp_covertype,stable,h3,1776521785805.229,1776521785930.735,125.506,0.000,123.507,2.566,1833,1577,80.0,1,0,70.9
4208,mean_dynamic_mlp_covertype,stable,h3,1776521785931.735,1776521786035.245,103.510,1.001,101.509,2.026,1833,1577,80.0,1,0,73.2
4209,mean_dynamic_mlp_covertype,stable,h3,1776521786036.245,1776521786272.517,236.271,1.001,235.270,2.117,1833,1577,80.0,1,0,65.1
4210,mean_dynamic_mlp_covertype,stable,h3,1776521786273.546,1776521786400.537,126.991,0.000,125.991,2.056,1833,1577,80.0,1,0,69.5
4211,mean_dynamic_mlp_covertype,stable,h3,1776521786401.537,1776521786513.049,111.512,0.000,109.504,1.848,1833,1577,80.0,1,0,68.4
4212,mean_dynamic_mlp_covertype,stable,h3,1776521786514.044,1776521786632.114,118.070,0.000,116.068,1.972,1833,1577,80.0,1,0,68.8
4213,mean_dynamic_mlp_covertype,stable,h3,1776521786633.113,1776521786719.621,86.508,1.000,84.755,2.046,1833,1577,80.0,1,0,71.6
4214,mean_dynamic_mlp_covertype,stable,h3,1776521786721.621,1776521786861.131,139.511,0.000,139.511,7.384,1833,1577,80.0,1,0,71.0
4215,mean_dynamic_mlp_covertype,stable,h3,1776521786863.129,1776521786954.444,91.315,0.000,91.315,2.145,1833,1577,80.0,1,0,72.0
4216,mean_dynamic_mlp_covertype,stable,h3,1776521786956.443,1776521787062.951,106.508,0.000,104.507,1.941,1833,1577,80.0,1,0,72.1
4217,mean_dynamic_mlp_covertype,stable,h3,1776521787063.951,1776521787198.008,134.057,1.006,132.051,1.781,1833,1577,80.0,1,0,68.9
4218,mean_dynamic_mlp_covertype,stable,h3,1776521787199.007,1776521787310.515,111.508,0.000,110.504,1.795,1833,1577,80.0,1,0,72.6
4219,mean_dynamic_mlp_covertype,stable,h3,1776521787312.516,1776521787413.024,100.507,0.000,99.508,1.725,1833,1577,80.0,1,0,69.5
4220,mean_dynamic_mlp_covertype,stable,h3,1776521787415.024,1776521787508.532,93.508,0.000,92.507,2.051,1833,1577,80.0,1,0,70.1
4221,mean_dynamic_mlp_covertype,stable,h3,1776521787509.531,1776521787628.040,118.509,1.001,116.507,1.873,1833,1577,80.0,1,0,69.5
4222,mean_dynamic_mlp_covertype,stable,h3,1776521787629.039,1776521787730.548,101.510,1.000,99.507,2.131,1833,1577,80.0,1,0,72.1
4223,mean_dynamic_mlp_covertype,stable,h3,1776521787731.547,1776521787812.055,80.509,0.000,79.509,2.110,1833,1577,80.0,1,0,70.5
4224,mean_dynamic_mlp_covertype,stable,h3,1776521787814.056,1776521787968.564,154.508,0.000,154.508,1.933,1833,1577,80.0,1,0,67.5
4225,mean_dynamic_mlp_covertype,stable,h3,1776521787970.564,1776521788085.575,115.011,1.049,113.963,1.830,1833,1577,80.0,1,0,70.8
4226,mean_dynamic_mlp_covertype,stable,h3,1776521788087.576,1776521788185.081,97.505,0.000,97.505,1.950,1833,1577,80.0,1,0,70.5
4227,mean_dynamic_mlp_covertype,stable,h3,1776521788187.082,1776521788335.593,148.511,0.000,146.497,1.753,1833,1577,80.0,1,0,68.5
4228,mean_dynamic_mlp_covertype,stable,h3,1776521788336.590,1776521788432.550,95.960,1.000,94.960,1.740,1833,1577,80.0,1,0,72.5
4229,mean_dynamic_mlp_covertype,stable,h3,1776521788434.550,1776521788520.060,85.510,1.001,84.509,1.776,1833,1577,80.0,1,0,67.5
4230,mean_dynamic_mlp_covertype,stable,h3,1776521788521.057,1776521788707.580,186.522,1.000,185.523,1.737,1833,1577,80.0,1,0,69.4
4231,mean_dynamic_mlp_covertype,stable,h3,1776521788709.579,1776521788811.094,101.515,0.000,100.512,1.919,1833,1577,80.0,1,0,68.8
4232,mean_dynamic_mlp_covertype,stable,h3,1776521788812.093,1776521788933.597,121.504,0.000,121.504,2.612,1833,1577,80.0,1,0,69.5
4233,mean_dynamic_mlp_covertype,stable,h3,1776521788935.598,1776521789067.115,131.516,0.000,129.512,2.208,1833,1577,80.0,1,0,74.6
4234,mean_dynamic_mlp_covertype,stable,h3,1776521789068.115,1776521789248.126,180.011,0.000,178.010,1.817,1833,1577,80.0,1,0,68.8
4235,mean_dynamic_mlp_covertype,stable,h3,1776521789250.125,1776521789372.635,122.510,0.000,121.510,1.883,1833,1577,80.0,1,0,69.3
4236,mean_dynamic_mlp_covertype,stable,h3,1776521789373.635,1776521789457.138,83.503,1.000,81.502,1.933,1833,1577,80.0,1,0,67.9
4237,mean_dynamic_mlp_covertype,stable,h3,1776521789458.139,1776521789605.150,147.011,1.000,146.011,1.824,1833,1577,80.0,1,0,71.8
4238,mean_dynamic_mlp_covertype,stable,h3,1776521789607.151,1776521789746.657,139.506,0.000,139.506,1.884,1833,1577,80.0,1,0,68.2
4239,mean_dynamic_mlp_covertype,stable,h3,1776521789748.657,1776521789831.164,82.507,0.000,80.506,1.805,1833,1577,80.0,1,0,68.8
4240,mean_dynamic_mlp_covertype,stable,h3,1776521789833.164,1776521789960.671,127.507,0.000,126.506,1.920,1833,1577,80.0,1,0,68.8
4241,mean_dynamic_mlp_covertype,stable,h3,1776521789962.670,1776521790085.686,123.016,0.000,123.016,1.932,1833,1577,80.0,1,0,71.1
4242,mean_dynamic_mlp_covertype,stable,h3,1776521790087.685,1776521790208.195,120.510,0.000,118.507,1.835,1833,1577,80.0,1,0,71.1
4243,mean_dynamic_mlp_covertype,stable,h3,1776521790209.192,1776521790339.714,130.521,1.000,128.516,1.999,1833,1577,80.0,1,0,70.1
4244,mean_dynamic_mlp_covertype,stable,h3,1776521790340.709,1776521790395.788,55.079,0.000,55.079,1.790,1833,1577,80.0,0,0,70.8
4245,mean_dynamic_mlp_covertype,stable,h3,1776521790397.787,1776521790554.298,156.511,0.000,155.510,1.745,1833,1577,80.0,1,0,70.0
4246,mean_dynamic_mlp_covertype,stable,h3,1776521790556.298,1776521790662.805,106.508,0.000,105.506,1.817,1833,1577,80.0,1,0,69.9
4247,mean_dynamic_mlp_covertype,stable,h3,1776521790663.804,1776521790811.816,148.012,0.000,147.011,1.925,1833,1577,80.0,1,0,71.5
4248,mean_dynamic_mlp_covertype,stable,h3,1776521790813.816,1776521790913.327,99.511,0.000,98.507,1.819,1833,1577,80.0,1,0,68.4
4249,mean_dynamic_mlp_covertype,stable,h3,1776521790914.323,1776521791084.339,170.016,0.000,168.628,1.742,1833,1577,80.0,1,0,70.6
4250,mean_dynamic_mlp_covertype,stable,h3,1776521791086.339,1776521791181.844,95.505,0.000,93.002,1.805,1833,1577,80.0,1,0,73.9
4251,mean_dynamic_mlp_covertype,stable,h3,1776521791182.847,1776521791314.353,131.506,0.000,130.505,2.057,1833,1577,80.0,1,0,68.8
4252,mean_dynamic_mlp_covertype,stable,h3,1776521791316.354,1776521791448.861,132.508,0.000,131.508,1.817,1833,1577,80.0,1,0,68.1
4253,mean_dynamic_mlp_covertype,stable,h3,1776521791449.861,1776521791537.370,87.509,0.000,86.507,1.930,1833,1577,80.0,1,0,68.3
4254,mean_dynamic_mlp_covertype,stable,h3,1776521791539.368,1776521791677.879,138.511,0.000,137.510,1.916,1833,1577,80.0,1,0,69.4
4255,mean_dynamic_mlp_covertype,stable,h3,1776521791678.878,1776521791779.385,100.507,0.999,99.507,1.973,1833,1577,80.0,1,0,71.2
4256,mean_dynamic_mlp_covertype,stable,h3,1776521791780.385,1776521791929.399,149.013,0.000,147.510,1.859,1833,1577,80.0,1,0,71.7
4257,mean_dynamic_mlp_covertype,stable,h3,1776521791931.399,1776521792099.083,167.684,0.000,165.680,1.806,1833,1577,80.0,1,0,71.2
4258,mean_dynamic_mlp_covertype,stable,h3,1776521792101.081,1776521792250.589,149.508,0.000,148.506,1.952,1833,1577,80.0,1,0,69.2
4259,mean_dynamic_mlp_covertype,stable,h3,1776521792252.588,1776521792358.093,105.505,0.000,105.505,1.931,1833,1577,80.0,1,0,68.8
4260,mean_dynamic_mlp_covertype,stable,h3,1776521792360.094,1776521792440.604,80.510,0.000,79.510,1.889,1833,1577,80.0,1,0,67.9
4261,mean_dynamic_mlp_covertype,stable,h3,1776521792442.604,1776521792557.112,114.509,0.000,112.506,2.391,1833,1577,80.0,1,0,69.5
4262,mean_dynamic_mlp_covertype,stable,h3,1776521792558.133,1776521792700.123,141.990,0.000,140.010,2.016,1833,1577,80.0,1,0,69.4
4263,mean_dynamic_mlp_covertype,stable,h3,1776521792701.122,1776521792834.629,133.507,0.000,132.369,2.222,1833,1577,80.0,1,0,70.5
4264,mean_dynamic_mlp_covertype,stable,h3,1776521792836.629,1776521792948.135,111.506,0.000,110.505,2.044,1833,1577,80.0,1,0,72.8
4265,mean_dynamic_mlp_covertype,stable,h3,1776521792950.135,1776521793045.640,95.505,0.000,94.499,2.025,1833,1577,80.0,1,0,67.3
4266,mean_dynamic_mlp_covertype,stable,h3,1776521793047.640,1776521793176.157,128.516,0.000,127.511,1.760,1833,1577,80.0,1,0,69.8
4267,mean_dynamic_mlp_covertype,stable,h3,1776521793177.152,1776521793307.162,130.010,1.001,129.009,2.024,1833,1577,80.0,1,0,69.2
4268,mean_dynamic_mlp_covertype,stable,h3,1776521793309.162,1776521793507.178,198.016,0.000,198.016,1.962,1833,1577,80.0,1,0,68.4
4269,mean_dynamic_mlp_covertype,stable,h3,1776521793509.176,1776521793667.687,158.510,0.000,158.510,1.978,1833,1577,80.0,1,0,69.3
4270,mean_dynamic_mlp_covertype,stable,h3,1776521793669.684,1776521793827.700,158.016,0.000,156.010,2.299,1833,1577,80.0,1,0,68.8
4271,mean_dynamic_mlp_covertype,stable,h3,1776521793828.696,1776521793908.201,79.505,1.000,77.505,2.109,1833,1577,80.0,0,0,70.5
4272,mean_dynamic_mlp_covertype,stable,h3,1776521793909.201,1776521794064.709,155.508,1.002,153.505,1.847,1833,1577,80.0,1,0,71.2
4273,mean_dynamic_mlp_covertype,stable,h3,1776521794065.708,1776521794167.217,101.509,1.001,99.506,1.884,1833,1577,80.0,1,0,70.3
4274,mean_dynamic_mlp_covertype,stable,h3,1776521794168.220,1776521794285.231,117.011,0.000,116.010,1.854,1833,1577,80.0,1,0,68.4
4275,mean_dynamic_mlp_covertype,stable,h3,1776521794287.231,1776521794432.740,145.509,0.000,143.505,1.965,1833,1577,80.0,1,0,70.0
4276,mean_dynamic_mlp_covertype,stable,h3,1776521794433.737,1776521794533.246,99.509,0.000,97.506,1.873,1833,1577,80.0,1,0,71.9
4277,mean_dynamic_mlp_covertype,stable,h3,1776521794534.244,1776521794686.257,152.013,0.000,151.009,2.262,1833,1577,80.0,1,0,70.1
4278,mean_dynamic_mlp_covertype,stable,h3,1776521794687.257,1776521794814.763,127.506,0.000,125.506,1.778,1833,1577,80.0,1,0,68.2
4279,mean_dynamic_mlp_covertype,stable,h3,1776521794815.763,1776521794949.272,133.509,1.001,132.508,1.873,1833,1577,80.0,1,0,67.6
4280,mean_dynamic_mlp_covertype,stable,h3,1776521794950.272,1776521795074.780,124.508,1.000,122.507,1.757,1833,1577,80.0,1,0,70.6
4281,mean_dynamic_mlp_covertype,stable,h3,1776521795076.779,1776521795242.789,166.010,0.000,166.010,1.689,1833,1577,80.0,1,0,69.1
4282,mean_dynamic_mlp_covertype,stable,h3,1776521795244.789,1776521795423.638,178.849,0.000,176.848,3.532,1833,1577,80.0,1,0,70.7
4283,mean_dynamic_mlp_covertype,stable,h3,1776521795425.638,1776521795522.149,96.511,0.000,94.507,1.687,1833,1577,80.0,1,0,70.8
4284,mean_dynamic_mlp_covertype,stable,h3,1776521795524.147,1776521795658.652,134.505,0.000,133.506,1.985,1833,1577,80.0,1,0,70.1
4285,mean_dynamic_mlp_covertype,stable,h3,1776521795660.653,1776521795806.664,146.011,0.000,146.011,1.878,1833,1577,80.0,1,0,70.5
4286,mean_dynamic_mlp_covertype,stable,h3,1776521795808.664,1776521795916.171,107.507,0.000,105.503,1.991,1833,1577,80.0,1,0,69.9
4287,mean_dynamic_mlp_covertype,stable,h3,1776521795917.171,1776521796039.679,122.509,1.000,121.509,2.381,1833,1577,80.0,1,0,67.8
4288,mean_dynamic_mlp_covertype,stable,h3,1776521796040.677,1776521796151.187,110.509,1.003,109.507,2.015,1833,1577,80.0,1,0,73.4
4289,mean_dynamic_mlp_covertype,stable,h3,1776521796152.187,1776521796323.203,171.016,0.000,169.016,2.087,1833,1577,80.0,1,0,68.8
4290,mean_dynamic_mlp_covertype,stable,h3,1776521796324.200,1776521796442.376,118.176,0.000,117.175,3.354,1833,1577,80.0,1,0,71.6
4291,mean_dynamic_mlp_covertype,stable,h3,1776521796444.377,1776521796625.391,181.014,0.000,180.014,1.832,1833,1577,80.0,1,0,67.7
4292,mean_dynamic_mlp_covertype,stable,h3,1776521796627.392,1776521796766.904,139.512,1.001,137.508,1.923,1833,1577,80.0,1,0,77.2
4293,mean_dynamic_mlp_covertype,stable,h3,1776521796767.907,1776521796952.923,185.015,1.000,184.015,1.790,1833,1577,80.0,1,0,75.0
4294,mean_dynamic_mlp_covertype,stable,h3,1776521796954.921,1776521797097.935,143.014,0.000,143.014,2.078,1833,1577,80.0,1,0,71.3
4295,mean_dynamic_mlp_covertype,stable,h3,1776521797099.934,1776521797274.447,174.513,0.000,173.512,1.899,1833,1577,80.0,1,0,70.6
4296,mean_dynamic_mlp_covertype,stable,h3,1776521797276.445,1776521797380.596,104.152,0.000,104.152,1.932,1833,1577,80.0,1,0,70.5
4297,mean_dynamic_mlp_covertype,stable,h3,1776521797382.596,1776521797526.609,144.013,0.503,143.510,1.907,1833,1577,80.0,1,0,72.3
4298,mean_dynamic_mlp_covertype,stable,h3,1776521797528.611,1776521797632.116,103.504,0.000,103.504,1.735,1833,1577,80.0,1,0,69.1
4299,mean_dynamic_mlp_covertype,stable,h3,1776521797634.117,1776521797789.130,155.013,0.000,152.980,1.826,1833,1577,80.0,1,0,69.6
4300,mean_dynamic_mlp_covertype,stable,h3,1776521797790.129,1776521797877.134,87.004,0.000,85.003,1.883,1833,1577,80.0,1,0,71.9
4301,mean_dynamic_mlp_covertype,stable,h3,1776521797878.133,1776521798068.147,190.013,1.001,189.012,1.853,1833,1577,80.0,1,0,71.7
4302,mean_dynamic_mlp_covertype,stable,h3,1776521798070.147,1776521798171.653,101.506,0.000,101.506,1.867,1833,1577,80.0,1,0,73.7
4303,mean_dynamic_mlp_covertype,stable,h3,1776521798173.653,1776521798292.670,119.017,1.001,117.013,2.130,1833,1577,80.0,1,0,68.8
4304,mean_dynamic_mlp_covertype,stable,h3,1776521798293.668,1776521798396.182,102.514,0.000,101.514,2.005,1833,1577,80.0,1,0,82.7
4305,mean_dynamic_mlp_covertype,stable,h3,1776521798397.179,1776521798555.689,158.509,1.000,156.859,2.337,1833,1577,80.0,1,0,71.6
4306,mean_dynamic_mlp_covertype,stable,h3,1776521798556.690,1776521798663.192,106.501,0.997,105.505,1.945,1833,1577,80.0,1,0,70.5
4307,mean_dynamic_mlp_covertype,stable,h3,1776521798665.191,1776521798811.208,146.016,0.000,145.012,1.760,1833,1577,80.0,1,0,71.2
4308,mean_dynamic_mlp_covertype,stable,h3,1776521798812.204,1776521798958.711,146.507,1.000,145.506,2.090,1833,1577,80.0,1,0,70.8
4309,mean_dynamic_mlp_covertype,stable,h3,1776521798960.710,1776521799114.722,154.012,0.000,153.010,1.914,1833,1577,80.0,1,0,70.0
4310,mean_dynamic_mlp_covertype,stable,h3,1776521799116.722,1776521799208.229,91.507,0.000,90.499,2.722,1833,1577,80.0,1,0,69.8
4311,mean_dynamic_mlp_covertype,stable,h3,1776521799210.230,1776521799364.738,154.507,0.000,153.507,1.809,1833,1577,80.0,1,0,70.4
4312,mean_dynamic_mlp_covertype,stable,h3,1776521799366.739,1776521799582.864,216.125,0.000,215.135,2.139,1833,1577,80.0,1,0,67.4
4313,mean_dynamic_mlp_covertype,stable,h3,1776521799584.117,1776521799696.599,112.481,0.977,110.506,2.013,1833,1577,80.0,1,0,65.2
4314,mean_dynamic_mlp_covertype,stable,h3,1776521799698.599,1776521799876.108,177.509,0.000,177.509,1.856,1833,1577,80.0,1,0,69.3
4315,mean_dynamic_mlp_covertype,stable,h3,1776521799878.107,1776521800014.118,136.011,0.000,134.004,1.709,1833,1577,80.0,1,0,69.7
4316,mean_dynamic_mlp_covertype,stable,h3,1776521800016.118,1776521800119.646,103.527,0.000,103.527,2.227,1833,1577,80.0,1,0,69.6
4317,mean_dynamic_mlp_covertype,stable,h3,1776521800121.645,1776521800279.167,157.522,0.000,156.521,2.077,1833,1577,80.0,1,0,68.9
4318,mean_dynamic_mlp_covertype,stable,h3,1776521800281.167,1776521800426.179,145.012,0.000,145.012,2.077,1833,1577,80.0,1,0,68.8
4319,mean_dynamic_mlp_covertype,stable,h3,1776521800428.179,1776521800532.690,104.510,0.000,103.510,2.085,1833,1577,80.0,1,0,70.3
4320,mean_dynamic_mlp_covertype,stable,h3,1776521800533.690,1776521800628.197,94.507,1.000,92.507,1.789,1833,1577,80.0,1,0,69.5
4321,mean_dynamic_mlp_covertype,stable,h3,1776521800629.197,1776521800713.706,84.509,1.000,83.509,2.106,1833,1577,80.0,1,0,70.4
4322,mean_dynamic_mlp_covertype,stable,h3,1776521800715.705,1776521800847.219,131.513,0.000,130.508,2.044,1833,1577,80.0,1,0,69.0
4323,mean_dynamic_mlp_covertype,stable,h3,1776521800848.213,1776521800976.729,128.515,1.001,126.510,2.122,1833,1577,80.0,1,0,70.3
4324,mean_dynamic_mlp_covertype,stable,h3,1776521800977.724,1776521801172.739,195.014,0.000,194.015,1.746,1833,1577,80.0,1,0,69.2
4325,mean_dynamic_mlp_covertype,stable,h3,1776521801174.739,1776521801287.751,113.013,0.000,112.012,2.091,1833,1577,80.0,1,0,70.5
4326,mean_dynamic_mlp_covertype,stable,h3,1776521801289.751,1776521801401.259,111.507,1.000,110.507,2.120,1833,1577,80.0,1,0,69.5
4327,mean_dynamic_mlp_covertype,stable,h3,1776521801404.259,1776521801543.766,139.507,0.000,139.507,4.419,1833,1577,80.0,1,0,69.9
4328,mean_dynamic_mlp_covertype,stable,h3,1776521801545.766,1776521801669.282,123.515,0.000,123.515,1.939,1833,1577,80.0,1,0,70.0
4329,mean_dynamic_mlp_covertype,stable,h3,1776521801671.281,1776521801819.292,148.011,0.000,147.011,1.803,1833,1577,80.0,1,0,68.7
4330,mean_dynamic_mlp_covertype,stable,h3,1776521801820.292,1776521801943.799,123.508,1.001,122.507,1.826,1833,1577,80.0,1,0,71.3
4331,mean_dynamic_mlp_covertype,stable,h3,1776521801945.799,1776521802027.306,81.507,0.000,81.507,1.993,1833,1577,80.0,1,0,69.5
4332,mean_dynamic_mlp_covertype,stable,h3,1776521802029.306,1776521802145.814,116.508,0.000,116.508,1.938,1833,1577,80.0,1,0,68.1
4333,mean_dynamic_mlp_covertype,stable,h3,1776521802147.814,1776521802262.322,114.508,0.000,114.508,1.769,1833,1577,80.0,1,0,69.8
4334,mean_dynamic_mlp_covertype,stable,h3,1776521802264.322,1776521802384.338,120.017,0.000,118.013,1.977,1833,1577,80.0,1,0,67.5
4335,mean_dynamic_mlp_covertype,stable,h3,1776521802385.338,1776521802495.845,110.507,0.000,109.507,1.724,1833,1577,80.0,1,0,71.1
4336,mean_dynamic_mlp_covertype,stable,h3,1776521802497.845,1776521802570.848,73.002,0.000,72.002,2.096,1833,1577,80.0,0,0,68.8
4337,mean_dynamic_mlp_covertype,stable,h3,1776521802572.848,1776521802714.861,142.013,0.000,142.013,2.080,1833,1577,80.0,1,0,71.2
4338,mean_dynamic_mlp_covertype,stable,h3,1776521802716.861,1776521802918.878,202.017,0.000,200.014,1.899,1833,1577,80.0,1,0,70.8
4339,mean_dynamic_mlp_covertype,stable,h3,1776521802919.903,1776521803023.383,103.480,0.000,102.506,1.917,1833,1577,80.0,1,0,68.8
4340,mean_dynamic_mlp_covertype,stable,h3,1776521803024.383,1776521803104.891,80.509,1.001,78.508,1.785,1833,1577,80.0,1,0,74.2
4341,mean_dynamic_mlp_covertype,stable,h3,1776521803105.891,1776521803185.399,79.508,1.000,78.508,1.998,1833,1577,80.0,0,0,67.9
4342,mean_dynamic_mlp_covertype,stable,h3,1776521803186.399,1776521803281.402,95.002,1.000,93.002,1.892,1833,1577,80.0,1,0,69.1
4343,mean_dynamic_mlp_covertype,stable,h3,1776521803283.402,1776521803397.416,114.014,0.000,113.511,1.948,1833,1577,80.0,1,0,69.0
4344,mean_dynamic_mlp_covertype,stable,h3,1776521803399.416,1776521803539.924,140.507,0.000,138.507,2.153,1833,1577,80.0,1,0,69.4
4345,mean_dynamic_mlp_covertype,stable,h3,1776521803540.924,1776521803718.938,178.015,0.000,177.014,1.940,1833,1577,80.0,1,0,69.3
4346,mean_dynamic_mlp_covertype,stable,h3,1776521803720.939,1776521803832.446,111.507,0.000,110.506,1.932,1833,1577,80.0,1,0,69.6
4347,mean_dynamic_mlp_covertype,stable,h3,1776521803833.445,1776521803929.952,96.507,0.000,94.505,2.074,1833,1577,80.0,1,0,70.2
4348,mean_dynamic_mlp_covertype,stable,h3,1776521803931.955,1776521804054.460,122.505,0.000,122.505,2.405,1833,1577,80.0,1,0,72.9
4349,mean_dynamic_mlp_covertype,stable,h3,1776521804056.460,1776521804138.967,82.507,0.000,82.507,1.767,1833,1577,80.0,1,0,69.4
4350,mean_dynamic_mlp_covertype,stable,h3,1776521804140.967,1776521804235.475,94.508,0.000,94.508,1.976,1833,1577,80.0,1,0,69.8
4351,mean_dynamic_mlp_covertype,stable,h3,1776521804237.475,1776521804371.984,134.510,0.000,132.510,1.842,1833,1577,80.0,1,0,68.8
4352,mean_dynamic_mlp_covertype,stable,h3,1776521804372.984,1776521804506.997,134.012,1.000,132.012,1.798,1833,1577,80.0,1,0,68.8
4353,mean_dynamic_mlp_covertype,stable,h3,1776521804507.997,1776521804631.504,123.508,1.000,122.507,2.051,1833,1577,80.0,1,0,70.1
4354,mean_dynamic_mlp_covertype,stable,h3,1776521804632.504,1776521804731.518,99.014,1.000,97.013,1.719,1833,1577,80.0,1,0,70.3
4355,mean_dynamic_mlp_covertype,stable,h3,1776521804732.519,1776521804884.530,152.011,1.000,151.012,1.951,1833,1577,80.0,1,0,69.4
4356,mean_dynamic_mlp_covertype,stable,h3,1776521804885.533,1776521804992.042,106.509,0.000,104.509,1.763,1833,1577,80.0,1,0,67.3
4357,mean_dynamic_mlp_covertype,stable,h3,1776521804993.042,1776521805099.551,106.509,0.000,104.506,1.844,1833,1577,80.0,1,0,71.2
4358,mean_dynamic_mlp_covertype,stable,h3,1776521805100.550,1776521805222.057,121.507,1.001,119.506,1.879,1833,1577,80.0,1,0,69.0
4359,mean_dynamic_mlp_covertype,stable,h3,1776521805223.058,1776521805329.565,106.508,0.000,104.507,1.875,1833,1577,80.0,1,0,68.8
4360,mean_dynamic_mlp_covertype,stable,h3,1776521805330.565,1776521805450.071,119.506,0.000,117.506,1.812,1833,1577,80.0,1,0,68.8
4361,mean_dynamic_mlp_covertype,stable,h3,1776521805451.071,1776521805585.091,134.020,0.000,132.013,1.738,1833,1577,80.0,1,0,68.8
4362,mean_dynamic_mlp_covertype,stable,h3,1776521805586.089,1776521805706.598,120.509,1.002,119.507,1.712,1833,1577,80.0,1,0,74.8
4363,mean_dynamic_mlp_covertype,stable,h3,1776521805708.598,1776521805856.105,147.507,0.000,146.507,1.997,1833,1577,80.0,1,0,70.2
4364,mean_dynamic_mlp_covertype,stable,h3,1776521805857.105,1776521805976.615,119.510,1.001,118.509,1.868,1833,1577,80.0,1,0,75.7
4365,mean_dynamic_mlp_covertype,stable,h3,1776521805978.614,1776521806072.122,93.507,0.000,92.507,1.747,1833,1577,80.0,1,0,73.3
4366,mean_dynamic_mlp_covertype,stable,h3,1776521806074.122,1776521806159.626,85.505,0.000,84.505,2.141,1833,1577,80.0,1,0,68.8
4367,mean_dynamic_mlp_covertype,stable,h3,1776521806160.626,1776521806311.641,151.015,0.000,149.015,1.925,1833,1577,80.0,1,0,72.0
4368,mean_dynamic_mlp_covertype,stable,h3,1776521806313.701,1776521806410.149,96.448,0.000,95.504,2.167,1833,1577,80.0,1,0,71.9
4369,mean_dynamic_mlp_covertype,stable,h3,1776521806412.149,1776521806524.656,112.507,0.000,110.505,1.793,1833,1577,80.0,1,0,69.6
4370,mean_dynamic_mlp_covertype,stable,h3,1776521806525.656,1776521806675.165,149.509,0.000,148.509,1.877,1833,1577,80.0,1,0,70.6
4371,mean_dynamic_mlp_covertype,stable,h3,1776521806677.165,1776521806821.177,144.013,0.000,144.013,1.782,1833,1577,80.0,1,0,70.3
4372,mean_dynamic_mlp_covertype,stable,h3,1776521806823.178,1776521807038.730,215.552,0.000,214.565,2.023,1833,1577,80.0,1,0,69.4
4373,mean_dynamic_mlp_covertype,stable,h3,1776521807039.730,1776521807122.234,82.504,0.000,81.504,1.895,1833,1577,80.0,1,0,67.3
4374,mean_dynamic_mlp_covertype,stable,h3,1776521807124.234,1776521807239.311,115.077,0.000,114.076,1.776,1833,1577,80.0,1,0,70.5
4375,mean_dynamic_mlp_covertype,stable,h3,1776521807240.311,1776521807392.325,152.014,1.000,151.014,2.029,1833,1577,80.0,1,0,68.8
4376,mean_dynamic_mlp_covertype,stable,h3,1776521807394.325,1776521807480.329,86.004,0.000,86.004,2.064,1833,1577,80.0,1,0,69.5
4377,mean_dynamic_mlp_covertype,stable,h3,1776521807482.328,1776521807604.341,122.013,0.000,122.013,2.278,1833,1577,80.0,1,0,69.3
4378,mean_dynamic_mlp_covertype,stable,h3,1776521807606.341,1776521807769.820,163.479,0.000,162.477,1.845,1833,1577,80.0,1,0,68.9
4379,mean_dynamic_mlp_covertype,stable,h3,1776521807771.820,1776521807834.325,62.505,0.000,61.505,2.064,1833,1577,80.0,0,0,69.2
4380,mean_dynamic_mlp_covertype,stable,h3,1776521807836.325,1776521807946.832,110.507,0.000,110.507,1.759,1833,1577,80.0,1,0,72.2
4381,mean_dynamic_mlp_covertype,stable,h3,1776521807948.832,1776521808081.342,132.510,0.000,131.510,1.803,1833,1577,80.0,1,0,67.7
4382,mean_dynamic_mlp_covertype,stable,h3,1776521808082.342,1776521808237.354,155.012,1.000,154.012,1.749,1833,1577,80.0,1,0,69.2
4383,mean_dynamic_mlp_covertype,stable,h3,1776521808239.354,1776521808419.368,180.013,0.000,180.013,1.754,1833,1577,80.0,1,0,68.6
4384,mean_dynamic_mlp_covertype,stable,h3,1776521808421.368,1776521808545.877,124.509,0.000,122.508,1.788,1833,1577,80.0,1,0,70.3
4385,mean_dynamic_mlp_covertype,stable,h3,1776521808546.877,1776521808671.385,124.508,1.000,123.508,1.729,1833,1577,80.0,1,0,70.4
4386,mean_dynamic_mlp_covertype,stable,h3,1776521808673.385,1776521808798.400,125.014,0.000,124.014,2.025,1833,1577,80.0,1,0,80.3
4387,mean_dynamic_mlp_covertype,stable,h3,1776521808800.400,1776521808874.401,74.001,0.000,73.001,2.290,1833,1577,80.0,0,0,68.3
4388,mean_dynamic_mlp_covertype,stable,h3,1776521808876.401,1776521809010.416,134.015,0.000,133.013,1.820,1833,1577,80.0,1,0,70.1
4389,mean_dynamic_mlp_covertype,stable,h3,1776521809011.416,1776521809165.921,154.505,0.998,153.507,1.778,1833,1577,80.0,1,0,69.8
4390,mean_dynamic_mlp_covertype,stable,h3,1776521809166.921,1776521809319.936,153.015,0.000,152.015,2.286,1833,1577,80.0,1,0,68.8
4391,mean_dynamic_mlp_covertype,stable,h3,1776521809321.936,1776521809450.443,128.507,1.001,127.507,1.940,1833,1577,80.0,1,0,69.2
4392,mean_dynamic_mlp_covertype,stable,h3,1776521809452.443,1776521809539.951,87.508,0.000,86.508,1.733,1833,1577,80.0,1,0,75.3
4393,mean_dynamic_mlp_covertype,stable,h3,1776521809541.951,1776521809658.459,116.508,0.000,115.508,1.819,1833,1577,80.0,1,0,80.3
4394,mean_dynamic_mlp_covertype,stable,h3,1776521809659.459,1776521809786.474,127.015,0.000,125.015,1.882,1833,1577,80.0,1,0,72.9
4395,mean_dynamic_mlp_covertype,stable,h3,1776521809787.474,1776521809884.979,97.505,0.000,96.000,1.920,1833,1577,80.0,1,0,75.9
4396,mean_dynamic_mlp_covertype,stable,h3,1776521809885.983,1776521810036.489,150.506,0.000,149.507,1.887,1833,1577,80.0,1,0,69.4
4397,mean_dynamic_mlp_covertype,stable,h3,1776521810038.489,1776521810146.997,108.508,0.000,107.507,1.771,1833,1577,80.0,1,0,69.6
4398,mean_dynamic_mlp_covertype,stable,h3,1776521810148.997,1776521810284.521,135.524,0.000,134.524,2.244,1833,1577,80.0,1,0,69.7
4399,mean_dynamic_mlp_covertype,stable,h3,1776521810286.027,1776521810415.535,129.509,0.000,128.508,1.861,1833,1577,80.0,1,0,69.5
4400,mean_dynamic_mlp_covertype,stable,h3,1776521810416.535,1776521810524.043,107.508,0.000,106.507,1.891,1833,1577,80.0,1,0,73.4
4401,mean_dynamic_mlp_covertype,stable,h3,1776521810527.043,1776521810681.556,154.513,1.000,153.513,1.746,1833,1577,80.0,1,0,69.7
4402,mean_dynamic_mlp_covertype,stable,h3,1776521810683.557,1776521810782.069,98.512,0.000,96.508,2.323,1833,1577,80.0,1,0,70.5
4403,mean_dynamic_mlp_covertype,stable,h3,1776521810783.066,1776521810910.086,127.020,0.000,126.020,1.725,1833,1577,80.0,1,0,69.2
4404,mean_dynamic_mlp_covertype,stable,h3,1776521810912.088,1776521810988.593,76.505,0.000,76.505,1.982,1833,1577,80.0,0,0,70.9
4405,mean_dynamic_mlp_covertype,stable,h3,1776521810990.594,1776521811057.594,66.999,0.000,65.999,2.264,1833,1577,80.0,0,0,67.9
4406,mean_dynamic_mlp_covertype,stable,h3,1776521811059.594,1776521811137.101,77.507,0.000,77.507,2.742,1833,1577,80.0,0,0,68.8
4407,mean_dynamic_mlp_covertype,stable,h3,1776521811139.101,1776521811274.611,135.510,0.000,134.510,4.325,1833,1577,80.0,1,0,68.8
4408,mean_dynamic_mlp_covertype,stable,h3,1776521811276.611,1776521811387.625,111.013,0.000,111.013,3.973,1833,1577,80.0,1,0,71.9
4409,mean_dynamic_mlp_covertype,stable,h3,1776521811388.625,1776521811499.131,110.507,0.000,108.506,2.857,1833,1577,80.0,1,0,70.6
4410,mean_dynamic_mlp_covertype,stable,h3,1776521811500.132,1776521811581.136,81.004,0.000,79.003,1.951,1833,1577,80.0,1,0,65.5
4411,mean_dynamic_mlp_covertype,stable,h3,1776521811582.135,1776521811748.151,166.016,0.000,164.016,1.987,1833,1577,80.0,1,0,69.3
4412,mean_dynamic_mlp_covertype,stable,h3,1776521811749.151,1776521811950.169,201.019,0.000,199.018,2.110,1833,1577,80.0,1,0,69.2
4413,mean_dynamic_mlp_covertype,stable,h3,1776521811951.189,1776521812052.677,101.488,0.000,99.489,1.676,1833,1577,80.0,1,0,68.0
4414,mean_dynamic_mlp_covertype,stable,h3,1776521812053.677,1776521812145.184,91.508,0.000,90.507,1.742,1833,1577,80.0,1,0,70.2
4415,mean_dynamic_mlp_covertype,stable,h3,1776521812147.185,1776521812345.198,198.013,0.000,197.013,1.729,1833,1577,80.0,1,0,68.1
4416,mean_dynamic_mlp_covertype,stable,h3,1776521812346.198,1776521812418.705,72.508,0.000,71.507,1.682,1833,1577,80.0,0,0,73.4
4417,mean_dynamic_mlp_covertype,stable,h3,1776521812420.706,1776521812558.846,138.140,0.000,137.140,1.718,1833,1577,80.0,1,0,69.7
4418,mean_dynamic_mlp_covertype,stable,h3,1776521812559.846,1776521812693.865,134.019,1.000,132.015,2.066,1833,1577,80.0,1,0,66.7
4419,mean_dynamic_mlp_covertype,stable,h3,1776521812694.863,1776521812768.862,73.999,0.000,71.995,1.730,1833,1577,80.0,0,0,68.8
4420,mean_dynamic_mlp_covertype,stable,h3,1776521812769.862,1776521812915.881,146.019,0.000,145.015,1.910,1833,1577,80.0,1,0,71.5
4421,mean_dynamic_mlp_covertype,stable,h3,1776521812917.882,1776521813052.389,134.507,0.000,134.507,1.954,1833,1577,80.0,1,0,70.3
4422,mean_dynamic_mlp_covertype,stable,h3,1776521813054.389,1776521813170.899,116.510,0.000,115.509,1.809,1833,1577,80.0,1,0,69.5
4423,mean_dynamic_mlp_covertype,stable,h3,1776521813172.898,1776521813276.406,103.508,0.000,103.508,2.719,1833,1577,80.0,1,0,68.1
4424,mean_dynamic_mlp_covertype,stable,h3,1776521813278.406,1776521813357.912,79.506,0.000,79.506,1.977,1833,1577,80.0,0,0,70.5
4425,mean_dynamic_mlp_covertype,stable,h3,1776521813359.912,1776521813482.422,122.510,0.000,120.510,1.736,1833,1577,80.0,1,0,68.5
4426,mean_dynamic_mlp_covertype,stable,h3,1776521813483.422,1776521813636.435,153.013,0.000,153.013,2.042,1833,1577,80.0,1,0,68.8
4427,mean_dynamic_mlp_covertype,stable,h3,1776521813637.435,1776521813777.945,140.510,1.000,139.510,1.767,1833,1577,80.0,1,0,69.2
4428,mean_dynamic_mlp_covertype,stable,h3,1776521813779.945,1776521813914.958,135.013,0.000,133.012,1.687,1833,1577,80.0,1,0,69.0
4429,mean_dynamic_mlp_covertype,stable,h3,1776521813915.958,1776521814034.466,118.508,1.001,117.507,1.920,1833,1577,80.0,1,0,70.1
4430,mean_dynamic_mlp_covertype,stable,h3,1776521814036.467,1776521814171.976,135.509,0.000,133.507,1.735,1833,1577,80.0,1,0,69.4
4431,mean_dynamic_mlp_covertype,stable,h3,1776521814172.976,1776521814266.481,93.505,0.000,92.504,1.951,1833,1577,80.0,1,0,69.5
4432,mean_dynamic_mlp_covertype,stable,h3,1776521814268.481,1776521814327.988,59.507,0.000,59.507,1.950,1833,1577,80.0,0,0,69.8
4433,mean_dynamic_mlp_covertype,stable,h3,1776521814329.988,1776521814407.497,77.509,0.000,77.509,1.924,1833,1577,80.0,0,0,67.9
4434,mean_dynamic_mlp_covertype,stable,h3,1776521814409.497,1776521814489.008,79.511,0.000,77.507,1.955,1833,1577,80.0,0,0,69.1
4435,mean_dynamic_mlp_covertype,stable,h3,1776521814490.006,1776521814624.513,134.507,1.000,133.507,2.247,1833,1577,80.0,1,0,71.6
4436,mean_dynamic_mlp_covertype,stable,h3,1776521814626.514,1776521814777.023,150.509,0.000,148.505,1.715,1833,1577,80.0,1,0,68.8
4437,mean_dynamic_mlp_covertype,stable,h3,1776521814778.023,1776521814910.037,132.014,1.002,131.012,1.979,1833,1577,80.0,1,0,69.0
4438,mean_dynamic_mlp_covertype,stable,h3,1776521814911.037,1776521815054.544,143.508,1.001,142.507,1.740,1833,1577,80.0,1,0,68.8
4439,mean_dynamic_mlp_covertype,stable,h3,1776521815055.544,1776521815245.559,190.014,1.000,189.015,1.879,1833,1577,80.0,1,0,70.4
4440,mean_dynamic_mlp_covertype,stable,h3,1776521815247.559,1776521815389.581,142.022,0.000,140.019,1.745,1833,1577,80.0,1,0,69.9
4441,mean_dynamic_mlp_covertype,stable,h3,1776521815390.579,1776521815474.581,84.002,1.003,82.999,1.806,1833,1577,80.0,1,0,71.2
4442,mean_dynamic_mlp_covertype,stable,h3,1776521815476.581,1776521815636.594,160.013,0.000,159.013,1.792,1833,1577,80.0,1,0,70.1
4443,mean_dynamic_mlp_covertype,stable,h3,1776521815637.594,1776521815799.610,162.016,0.000,161.015,1.912,1833,1577,80.0,1,0,68.9
4444,mean_dynamic_mlp_covertype,stable,h3,1776521815801.610,1776521815923.118,121.508,0.000,120.508,1.987,1833,1577,80.0,1,0,69.5
4445,mean_dynamic_mlp_covertype,stable,h3,1776521815925.118,1776521816091.133,166.015,1.001,164.014,1.935,1833,1577,80.0,1,0,70.5
4446,mean_dynamic_mlp_covertype,stable,h3,1776521816093.134,1776521816273.643,180.509,1.000,179.509,2.681,1833,1577,80.0,1,0,69.9
4447,mean_dynamic_mlp_covertype,stable,h3,1776521816275.643,1776521816369.149,93.506,0.000,92.505,2.358,1833,1577,80.0,1,0,73.5
4448,mean_dynamic_mlp_covertype,stable,h3,1776521816370.148,1776521816512.165,142.017,0.000,141.014,2.439,1833,1577,80.0,1,0,71.7
4449,mean_dynamic_mlp_covertype,stable,h3,1776521816514.165,1776521816657.679,143.514,0.000,141.508,1.683,1833,1577,80.0,1,0,70.8
4450,mean_dynamic_mlp_covertype,stable,h3,1776521816658.675,1776521816743.182,84.507,1.002,83.505,2.847,1833,1577,80.0,1,0,68.3
4451,mean_dynamic_mlp_covertype,stable,h3,1776521816745.182,1776521816867.691,122.508,0.000,121.508,1.803,1833,1577,80.0,1,0,69.3
4452,mean_dynamic_mlp_covertype,stable,h3,1776521816868.690,1776521816970.199,101.509,1.000,100.509,2.028,1833,1577,80.0,1,0,71.4
4453,mean_dynamic_mlp_covertype,stable,h3,1776521816972.202,1776521817045.712,73.510,0.000,72.510,1.838,1833,1577,80.0,0,0,70.0
4454,mean_dynamic_mlp_covertype,stable,h3,1776521817046.708,1776521817134.220,87.512,0.999,85.513,1.949,1833,1577,80.0,1,0,77.6
4455,mean_dynamic_mlp_covertype,stable,h3,1776521817136.220,1776521817270.732,134.512,0.000,134.512,1.850,1833,1577,80.0,1,0,69.7
4456,mean_dynamic_mlp_covertype,stable,h3,1776521817272.732,1776521817375.241,102.508,0.000,102.508,2.090,1833,1577,80.0,1,0,70.5
4457,mean_dynamic_mlp_covertype,stable,h3,1776521817377.241,1776521817463.747,86.506,0.000,86.506,1.942,1833,1577,80.0,1,0,70.2
4458,mean_dynamic_mlp_covertype,stable,h3,1776521817465.747,1776521817568.256,102.509,0.000,102.509,2.000,1833,1577,80.0,1,0,67.3
4459,mean_dynamic_mlp_covertype,stable,h3,1776521817570.257,1776521817650.764,80.508,0.000,80.508,1.969,1833,1577,80.0,1,0,70.2
4460,mean_dynamic_mlp_covertype,stable,h3,1776521817653.764,1776521817749.271,95.508,0.000,95.508,1.980,1833,1577,80.0,1,0,67.3
4461,mean_dynamic_mlp_covertype,stable,h3,1776521817751.272,1776521817803.780,52.508,1.000,51.508,1.956,1833,1577,80.0,0,0,68.8
4462,mean_dynamic_mlp_covertype,stable,h3,1776521817805.780,1776521817890.288,84.508,0.000,84.508,1.890,1833,1577,80.0,1,0,70.8
4463,mean_dynamic_mlp_covertype,stable,h3,1776521817892.288,1776521817941.289,49.001,0.000,46.997,1.996,1833,1577,80.0,0,0,71.7
4464,mean_dynamic_mlp_covertype,stable,h3,1776521817942.288,1776521818079.803,137.515,1.003,136.512,2.621,1833,1577,80.0,1,0,68.5
4465,mean_dynamic_mlp_covertype,stable,h3,1776521818081.804,1776521818234.864,153.060,0.000,153.060,2.398,1833,1577,80.0,1,0,71.9
4466,mean_dynamic_mlp_covertype,stable,h3,1776521818236.865,1776521818396.880,160.015,1.000,159.015,1.892,1833,1577,80.0,1,0,75.9
4467,mean_dynamic_mlp_covertype,stable,h3,1776521818398.880,1776521818588.896,190.016,0.000,190.016,1.822,1833,1577,80.0,1,0,69.2
4468,mean_dynamic_mlp_covertype,stable,h3,1776521818590.896,1776521818786.912,196.016,0.000,194.013,1.748,1833,1577,80.0,1,0,68.9
4469,mean_dynamic_mlp_covertype,stable,h3,1776521818787.912,1776521818939.420,151.508,0.000,150.507,1.813,1833,1577,80.0,1,0,70.6
4470,mean_dynamic_mlp_covertype,stable,h3,1776521818940.420,1776521819058.927,118.506,1.001,116.505,1.836,1833,1577,80.0,1,0,69.3
4471,mean_dynamic_mlp_covertype,stable,h3,1776521819059.927,1776521819161.434,101.507,1.000,100.507,1.953,1833,1577,80.0,1,0,67.3
4472,mean_dynamic_mlp_covertype,stable,h3,1776521819163.434,1776521819306.450,143.016,0.000,141.014,1.860,1833,1577,80.0,1,0,70.1
4473,mean_dynamic_mlp_covertype,stable,h3,1776521819307.450,1776521819412.958,105.508,0.000,104.508,2.022,1833,1577,80.0,1,0,69.1
4474,mean_dynamic_mlp_covertype,stable,h3,1776521819414.957,1776521819518.465,103.508,0.000,103.508,1.967,1833,1577,80.0,1,0,71.4
4475,mean_dynamic_mlp_covertype,stable,h3,1776521819520.465,1776521819568.465,48.001,0.000,47.000,2.091,1833,1577,80.0,0,0,68.8
4476,mean_dynamic_mlp_covertype,stable,h3,1776521819570.465,1776521819658.974,88.509,0.000,88.509,1.769,1833,1577,80.0,1,0,70.8
4477,mean_dynamic_mlp_covertype,stable,h3,1776521819660.973,1776521819801.988,141.014,0.000,141.014,2.273,1833,1577,80.0,1,0,69.2
4478,mean_dynamic_mlp_covertype,stable,h3,1776521819803.988,1776521819899.496,95.508,0.000,94.508,2.096,1833,1577,80.0,1,0,68.8
4479,mean_dynamic_mlp_covertype,stable,h3,1776521819900.496,1776521820071.007,170.511,0.000,169.509,3.334,1833,1577,80.0,1,0,70.8
4480,mean_dynamic_mlp_covertype,stable,h3,1776521820073.007,1776521820171.514,98.508,0.000,97.506,1.959,1833,1577,80.0,1,0,69.6
4481,mean_dynamic_mlp_covertype,stable,h3,1776521820172.515,1776521820260.529,88.014,1.000,87.014,1.944,1833,1577,80.0,1,0,69.5
4482,mean_dynamic_mlp_covertype,stable,h3,1776521820262.529,1776521820366.540,104.010,0.000,103.010,2.126,1833,1577,80.0,1,0,68.8
4483,mean_dynamic_mlp_covertype,stable,h3,1776521820367.539,1776521820448.047,80.508,0.000,79.507,1.737,1833,1577,80.0,1,0,69.8
4484,mean_dynamic_mlp_covertype,stable,h3,1776521820450.049,1776521820543.554,93.506,0.000,93.506,1.785,1833,1577,80.0,1,0,68.0
4485,mean_dynamic_mlp_covertype,stable,h3,1776521820545.554,1776521820698.573,153.019,1.001,151.016,1.840,1833,1577,80.0,1,0,70.3
4486,mean_dynamic_mlp_covertype,stable,h3,1776521820699.574,1776521820809.078,109.504,0.998,108.506,2.509,1833,1577,80.0,1,0,67.5
4487,mean_dynamic_mlp_covertype,stable,h3,1776521820811.079,1776521820976.094,165.015,0.000,165.015,1.819,1833,1577,80.0,1,0,69.8
4488,mean_dynamic_mlp_covertype,stable,h3,1776521820978.095,1776521821074.604,96.509,0.000,95.507,2.114,1833,1577,80.0,1,0,69.9
4489,mean_dynamic_mlp_covertype,stable,h3,1776521821075.603,1776521821182.109,106.506,1.001,105.505,2.297,1833,1577,80.0,1,0,70.5
4490,mean_dynamic_mlp_covertype,stable,h3,1776521821184.109,1776521821371.854,187.745,0.000,186.746,3.258,1833,1577,80.0,1,0,68.4
4491,mean_dynamic_mlp_covertype,stable,h3,1776521821372.854,1776521821488.866,116.012,1.006,115.006,3.648,1833,1577,80.0,1,0,68.8
4492,mean_dynamic_mlp_covertype,stable,h3,1776521821490.868,1776521821617.378,126.510,0.000,126.510,4.020,1833,1577,80.0,1,0,68.8
4493,mean_dynamic_mlp_covertype,stable,h3,1776521821619.377,1776521821785.889,166.512,0.000,165.510,4.527,1833,1577,80.0,1,0,72.0
4494,mean_dynamic_mlp_covertype,stable,h3,1776521821787.226,1776521821918.730,131.505,0.000,130.504,1.893,1833,1577,80.0,1,0,70.1
4495,mean_dynamic_mlp_covertype,stable,h3,1776521821920.730,1776521822084.240,163.510,0.000,163.510,1.856,1833,1577,80.0,1,0,68.3
4496,mean_dynamic_mlp_covertype,stable,h3,1776521822085.743,1776521822186.250,100.508,1.004,99.503,1.949,1833,1577,80.0,1,0,71.6
4497,mean_dynamic_mlp_covertype,stable,h3,1776521822188.253,1776521822355.762,167.508,0.000,167.508,14.189,1833,1577,80.0,1,0,68.4
4498,mean_dynamic_mlp_covertype,stable,h3,1776521822357.762,1776521822493.779,136.017,0.000,134.015,15.949,1833,1577,80.0,1,0,69.9
4499,mean_dynamic_mlp_covertype,stable,h3,1776521822494.777,1776521822621.406,126.628,0.999,125.630,8.292,1833,1577,80.0,1,0,70.7
4500,mean_dynamic_mlp_covertype,stable,h3,1776521822623.283,1776521822754.791,131.508,0.000,131.508,8.601,1833,1577,80.0,1,0,68.2
4501,mean_dynamic_mlp_covertype,stable,h3,1776521822756.791,1776521822898.807,142.016,0.000,141.015,3.165,1833,1577,80.0,1,0,70.3
4502,mean_dynamic_mlp_covertype,stable,h3,1776521822900.806,1776521822992.316,91.510,0.000,89.505,9.180,1833,1577,80.0,1,0,71.3
4503,mean_dynamic_mlp_covertype,stable,h3,1776521822993.313,1776521823096.821,103.508,0.000,102.507,1.808,1833,1577,80.0,1,0,70.8
4504,mean_dynamic_mlp_covertype,stable,h3,1776521823098.821,1776521823206.328,107.507,0.000,106.507,2.049,1833,1577,80.0,1,0,72.6
4505,mean_dynamic_mlp_covertype,stable,h3,1776521823208.328,1776521823332.835,124.507,0.000,123.506,2.386,1833,1577,80.0,1,0,70.3
4506,mean_dynamic_mlp_covertype,stable,h3,1776521823334.835,1776521823461.343,126.508,0.000,124.507,2.088,1833,1577,80.0,1,0,69.2
4507,mean_dynamic_mlp_covertype,stable,h3,1776521823463.343,1776521823611.357,148.015,0.000,147.015,4.644,1833,1577,80.0,1,0,70.8
4508,mean_dynamic_mlp_covertype,stable,h3,1776521823613.360,1776521823740.868,127.508,0.000,126.506,1.906,1833,1577,80.0,1,0,71.3
4509,mean_dynamic_mlp_covertype,stable,h3,1776521823741.866,1776521823863.373,121.507,0.999,120.508,1.903,1833,1577,80.0,1,0,71.9
4510,mean_dynamic_mlp_covertype,stable,h3,1776521823865.373,1776521823972.883,107.510,0.000,106.509,2.044,1833,1577,80.0,1,0,73.6
4511,mean_dynamic_mlp_covertype,stable,h3,1776521823973.883,1776521824166.897,193.014,0.000,192.014,2.052,1833,1577,80.0,1,0,71.4
4512,mean_dynamic_mlp_covertype,stable,h3,1776521824168.897,1776521824352.912,184.015,0.000,183.014,6.352,1833,1577,80.0,1,0,71.0
4513,mean_dynamic_mlp_covertype,stable,h3,1776521824354.912,1776521824544.929,190.017,0.000,189.014,2.363,1833,1577,80.0,1,0,70.4
4514,mean_dynamic_mlp_covertype,stable,h3,1776521824545.927,1776521824666.433,120.506,1.001,119.505,4.257,1833,1577,80.0,1,0,75.2
4515,mean_dynamic_mlp_covertype,stable,h3,1776521824668.433,1776521824833.448,165.015,0.000,165.015,2.090,1833,1577,80.0,1,0,70.6
4516,mean_dynamic_mlp_covertype,stable,h3,1776521824835.448,1776521825008.462,173.014,0.000,171.011,1.971,1833,1577,80.0,1,0,72.3
4517,mean_dynamic_mlp_covertype,stable,h3,1776521825009.461,1776521825172.970,163.509,0.000,162.508,1.979,1833,1577,80.0,1,0,69.7
4518,mean_dynamic_mlp_covertype,stable,h3,1776521825174.970,1776521825267.475,92.505,0.000,91.504,2.097,1833,1577,80.0,1,0,68.0
4519,mean_dynamic_mlp_covertype,stable,h3,1776521825269.476,1776521825351.987,82.511,0.000,80.508,1.889,1833,1577,80.0,1,0,67.5
4520,mean_dynamic_mlp_covertype,stable,h3,1776521825352.984,1776521825442.494,89.510,0.000,88.510,1.742,1833,1577,80.0,1,0,72.9
4521,mean_dynamic_mlp_covertype,stable,h3,1776521825444.494,1776521825511.003,66.509,0.000,66.509,1.803,1833,1577,80.0,0,0,71.6
4522,mean_dynamic_mlp_covertype,stable,h3,1776521825513.002,1776521825609.510,96.508,0.000,96.508,2.356,1833,1577,80.0,1,0,73.2
4523,mean_dynamic_mlp_covertype,stable,h3,1776521825611.509,1776521825735.018,123.509,0.000,122.507,2.734,1833,1577,80.0,1,0,71.9
4524,mean_dynamic_mlp_covertype,stable,h3,1776521825736.018,1776521825887.033,151.015,1.001,150.014,1.898,1833,1577,80.0,1,0,72.7
4525,mean_dynamic_mlp_covertype,stable,h3,1776521825889.033,1776521825967.033,78.000,0.000,78.000,1.937,1833,1577,80.0,0,0,71.2
4526,mean_dynamic_mlp_covertype,stable,h3,1776521825968.033,1776521826046.540,78.507,1.001,76.507,1.772,1833,1577,80.0,0,0,73.2
4527,mean_dynamic_mlp_covertype,stable,h3,1776521826047.540,1776521826198.555,151.015,1.001,149.014,2.263,1833,1577,80.0,1,0,69.2
4528,mean_dynamic_mlp_covertype,stable,h3,1776521826199.555,1776521826316.062,116.506,1.001,114.505,1.776,1833,1577,80.0,1,0,69.0
4529,mean_dynamic_mlp_covertype,stable,h3,1776521826318.063,1776521826479.573,161.510,0.000,160.508,1.888,1833,1577,80.0,1,0,69.1
4530,mean_dynamic_mlp_covertype,stable,h3,1776521826480.571,1776521826652.583,172.012,0.000,172.012,1.959,1833,1577,80.0,1,0,70.1
4531,mean_dynamic_mlp_covertype,stable,h3,1776521826654.583,1776521826748.091,93.508,0.000,92.505,1.970,1833,1577,80.0,1,0,71.4
4532,mean_dynamic_mlp_covertype,stable,h3,1776521826750.091,1776521826794.599,44.508,0.000,43.508,1.818,1833,1577,80.0,0,0,73.9
4533,mean_dynamic_mlp_covertype,stable,h3,1776521826795.598,1776521826974.110,178.511,0.000,177.509,1.980,1833,1577,80.0,1,0,73.7
4534,mean_dynamic_mlp_covertype,stable,h3,1776521826975.110,1776521827096.125,121.016,1.000,119.014,1.763,1833,1577,80.0,1,0,68.8
4535,mean_dynamic_mlp_covertype,stable,h3,1776521827097.124,1776521827210.632,113.508,1.000,112.508,1.902,1833,1577,80.0,1,0,69.6
4536,mean_dynamic_mlp_covertype,stable,h3,1776521827212.632,1776521827307.138,94.507,0.000,94.507,1.789,1833,1577,80.0,1,0,70.5
4537,mean_dynamic_mlp_covertype,stable,h3,1776521827309.138,1776521827439.656,130.519,0.000,130.519,1.876,1833,1577,80.0,1,0,82.0
4538,mean_dynamic_mlp_covertype,stable,h3,1776521827441.656,1776521827578.167,136.510,0.000,134.510,1.853,1833,1577,80.0,1,0,70.1
4539,mean_dynamic_mlp_covertype,stable,h3,1776521827579.167,1776521827807.027,227.860,0.000,225.859,1.992,1833,1577,80.0,1,0,64.9
4540,mean_dynamic_mlp_covertype,stable,h3,1776521827808.042,1776521827966.531,158.490,0.000,157.506,3.352,1833,1577,80.0,1,0,64.4
4541,mean_dynamic_mlp_covertype,stable,h3,1776521827968.532,1776521828078.042,109.510,0.000,109.510,1.752,1833,1577,80.0,1,0,68.8
4542,mean_dynamic_mlp_covertype,stable,h3,1776521828080.043,1776521828224.059,144.016,1.000,143.015,1.732,1833,1577,80.0,1,0,68.8
4543,mean_dynamic_mlp_covertype,stable,h3,1776521828225.060,1776521828391.867,166.807,1.376,164.430,1.769,1833,1577,80.0,1,0,69.1
4544,mean_dynamic_mlp_covertype,stable,h3,1776521828393.866,1776521828485.869,92.003,0.000,91.003,1.785,1833,1577,80.0,1,0,68.8
4545,mean_dynamic_mlp_covertype,stable,h3,1776521828487.372,1776521828617.523,130.151,0.000,130.151,1.926,1833,1577,80.0,1,0,67.7
4546,mean_dynamic_mlp_covertype,stable,h3,1776521828619.522,1776521828732.030,112.507,0.000,111.504,1.762,1833,1577,80.0,1,0,70.9
4547,mean_dynamic_mlp_covertype,stable,h3,1776521828735.030,1776521828850.540,115.510,0.000,114.509,1.764,1833,1577,80.0,1,0,68.1
4548,mean_dynamic_mlp_covertype,stable,h3,1776521828851.538,1776521828996.555,145.018,0.000,143.014,1.913,1833,1577,80.0,1,0,70.0
4549,mean_dynamic_mlp_covertype,stable,h3,1776521828997.552,1776521829080.554,83.002,0.000,82.001,1.711,1833,1577,80.0,1,0,67.9
4550,mean_dynamic_mlp_covertype,stable,h3,1776521829082.555,1776521829216.568,134.013,0.000,133.013,1.890,1833,1577,80.0,1,0,68.8
4551,mean_dynamic_mlp_covertype,stable,h3,1776521829218.567,1776521829382.080,163.513,0.000,162.512,2.059,1833,1577,80.0,1,0,68.8
4552,mean_dynamic_mlp_covertype,stable,h3,1776521829384.080,1776521829477.589,93.509,0.000,92.509,1.988,1833,1577,80.0,1,0,69.8
4553,mean_dynamic_mlp_covertype,stable,h3,1776521829478.589,1776521829629.219,150.630,1.000,149.630,2.036,1833,1577,80.0,1,0,70.0
4554,mean_dynamic_mlp_covertype,stable,h3,1776521829631.219,1776521829769.729,138.510,0.000,137.509,2.074,1833,1577,80.0,1,0,69.7
4555,mean_dynamic_mlp_covertype,stable,h3,1776521829771.729,1776521829901.851,130.122,0.000,129.122,1.887,1833,1577,80.0,1,0,70.1
4556,mean_dynamic_mlp_covertype,stable,h3,1776521829902.851,1776521830013.359,110.508,0.000,109.508,1.885,1833,1577,80.0,1,0,72.6
4557,mean_dynamic_mlp_covertype,stable,h3,1776521830015.361,1776521830079.367,64.006,0.000,63.007,1.759,1833,1577,80.0,0,0,75.8
4558,mean_dynamic_mlp_covertype,stable,h3,1776521830081.365,1776521830260.468,179.104,0.000,178.098,1.821,1833,1577,80.0,1,0,72.9
4559,mean_dynamic_mlp_covertype,stable,h3,1776521830261.972,1776521830413.998,152.026,0.000,151.023,2.055,1833,1577,80.0,1,0,71.4
4560,mean_dynamic_mlp_covertype,stable,h3,1776521830415.996,1776521830524.504,108.509,0.000,106.507,2.003,1833,1577,80.0,1,0,70.5
4561,mean_dynamic_mlp_covertype,stable,h3,1776521830526.503,1776521830582.508,56.005,0.000,56.005,1.833,1833,1577,80.0,0,0,78.5
4562,mean_dynamic_mlp_covertype,stable,h3,1776521830584.508,1776521830725.967,141.459,0.000,140.459,1.836,1833,1577,80.0,1,0,70.3
4563,mean_dynamic_mlp_covertype,stable,h3,1776521830727.967,1776521830833.479,105.512,0.000,105.512,1.796,1833,1577,80.0,1,0,71.4
4564,mean_dynamic_mlp_covertype,stable,h3,1776521830835.480,1776521830964.991,129.510,0.000,128.510,1.698,1833,1577,80.0,1,0,72.0
4565,mean_dynamic_mlp_covertype,stable,h3,1776521830965.991,1776521831074.016,108.025,1.001,107.025,1.809,1833,1577,80.0,1,0,68.8
4566,mean_dynamic_mlp_covertype,stable,h3,1776521831075.016,1776521831197.031,122.015,1.003,121.012,1.886,1833,1577,80.0,1,0,73.3
4567,mean_dynamic_mlp_covertype,stable,h3,1776521831198.031,1776521831269.033,71.002,1.005,68.997,1.762,1833,1577,80.0,0,0,68.8
4568,mean_dynamic_mlp_covertype,stable,h3,1776521831270.032,1776521831411.059,141.026,1.000,140.026,1.797,1833,1577,80.0,1,0,68.8
4569,mean_dynamic_mlp_covertype,stable,h3,1776521831412.059,1776521831514.904,102.845,1.003,101.843,1.734,1833,1577,80.0,1,0,69.4
4570,mean_dynamic_mlp_covertype,stable,h3,1776521831516.906,1776521831631.413,114.506,0.000,113.507,1.888,1833,1577,80.0,1,0,68.4
4571,mean_dynamic_mlp_covertype,stable,h3,1776521831633.412,1776521831762.924,129.512,0.000,129.512,1.838,1833,1577,80.0,1,0,69.4
4572,mean_dynamic_mlp_covertype,stable,h3,1776521831764.925,1776521831881.436,116.511,0.000,115.509,1.846,1833,1577,80.0,1,0,70.5
4573,mean_dynamic_mlp_covertype,stable,h3,1776521831882.435,1776521832006.454,124.020,0.000,122.017,1.758,1833,1577,80.0,1,0,70.0
4574,mean_dynamic_mlp_covertype,stable,h3,1776521832008.453,1776521832125.734,117.281,0.000,116.279,2.004,1833,1577,80.0,1,0,69.5
4575,mean_dynamic_mlp_covertype,stable,h3,1776521832126.732,1776521832322.748,196.016,1.001,195.015,2.044,1833,1577,80.0,1,0,69.2
4576,mean_dynamic_mlp_covertype,stable,h3,1776521832324.749,1776521832998.531,673.782,0.000,673.782,1.894,1833,1577,80.0,1,0,25.2
4577,mean_dynamic_mlp_covertype,stable,h3,1776521833001.531,1776521833097.092,95.561,1.001,91.565,1.914,1833,1577,80.0,1,0,61.4
4578,mean_dynamic_mlp_covertype,stable,h3,1776521833102.092,1776521833236.639,134.547,1.000,132.548,1.994,1833,1577,80.0,1,0,72.9
4579,mean_dynamic_mlp_covertype,stable,h3,1776521833238.640,1776521833384.150,145.510,0.000,145.510,2.594,1833,1577,80.0,1,0,71.2
4580,mean_dynamic_mlp_covertype,stable,h3,1776521833386.149,1776521833531.164,145.015,0.000,144.011,2.044,1833,1577,80.0,1,0,69.9
4581,mean_dynamic_mlp_covertype,stable,h3,1776521833533.163,1776521833657.669,124.506,0.000,123.506,1.774,1833,1577,80.0,1,0,69.5
4582,mean_dynamic_mlp_covertype,stable,h3,1776521833658.669,1776521833789.182,130.513,1.000,128.513,1.812,1833,1577,80.0,1,0,72.1
4583,mean_dynamic_mlp_covertype,stable,h3,1776521833790.685,1776521833944.194,153.509,0.000,153.509,1.907,1833,1577,80.0,1,0,69.4
4584,mean_dynamic_mlp_covertype,stable,h3,1776521833946.316,1776521834060.704,114.388,0.881,112.503,2.076,1833,1577,80.0,1,0,70.1
4585,mean_dynamic_mlp_covertype,stable,h3,1776521834061.724,1776521834216.715,154.990,0.978,154.013,1.983,1833,1577,80.0,1,0,68.8
4586,mean_dynamic_mlp_covertype,stable,h3,1776521834218.715,1776521834345.281,126.565,0.000,125.565,1.833,1833,1577,80.0,1,0,73.1
4587,mean_dynamic_mlp_covertype,stable,h3,1776521834346.280,1776521834453.789,107.509,0.000,105.507,1.834,1833,1577,80.0,1,0,71.7
4588,mean_dynamic_mlp_covertype,stable,h3,1776521834454.806,1776521834571.299,116.493,0.000,114.507,2.126,1833,1577,80.0,1,0,70.5
4589,mean_dynamic_mlp_covertype,stable,h3,1776521834572.297,1776521834716.312,144.015,1.000,142.014,1.754,1833,1577,80.0,1,0,70.9
4590,mean_dynamic_mlp_covertype,stable,h3,1776521834717.312,1776521834931.577,214.265,1.003,213.262,1.739,1833,1577,80.0,1,0,68.4
4591,mean_dynamic_mlp_covertype,stable,h3,1776521834932.598,1776521835085.098,152.500,0.000,151.509,1.805,1833,1577,80.0,1,0,62.7
4592,mean_dynamic_mlp_covertype,stable,h3,1776521835087.098,1776521835196.110,109.011,0.000,108.011,1.924,1833,1577,80.0,1,0,70.5
4593,mean_dynamic_mlp_covertype,stable,h3,1776521835198.110,1776521835266.109,68.000,0.000,67.000,1.777,1833,1577,80.0,0,0,70.4
4594,mean_dynamic_mlp_covertype,stable,h3,1776521835268.110,1776521835412.133,144.023,0.000,144.023,1.847,1833,1577,80.0,1,0,79.2
4595,mean_dynamic_mlp_covertype,stable,h3,1776521835414.135,1776521835517.639,103.505,0.000,103.505,1.827,1833,1577,80.0,1,0,69.4
4596,mean_dynamic_mlp_covertype,stable,h3,1776521835520.639,1776521835622.146,101.506,0.000,101.506,1.754,1833,1577,80.0,1,0,70.5
4597,mean_dynamic_mlp_covertype,stable,h3,1776521835624.146,1776521835755.653,131.507,1.000,129.507,1.743,1833,1577,80.0,1,0,68.2
4598,mean_dynamic_mlp_covertype,stable,h3,1776521835756.652,1776521835833.159,76.507,1.000,75.507,1.979,1833,1577,80.0,0,0,68.8
4599,mean_dynamic_mlp_covertype,stable,h3,1776521835835.159,1776521835958.667,123.507,0.000,121.507,1.930,1833,1577,80.0,1,0,69.3
4600,mean_dynamic_mlp_covertype,stable,h3,1776521835959.667,1776521836080.176,120.509,0.000,118.509,1.774,1833,1577,80.0,1,0,69.8
4601,mean_dynamic_mlp_covertype,stable,h3,1776521836081.176,1776521836161.681,80.505,1.000,79.505,2.488,1833,1577,80.0,1,0,70.0
4602,mean_dynamic_mlp_covertype,stable,h3,1776521836163.681,1776521836234.188,70.507,0.000,70.507,7.681,1833,1577,80.0,0,0,70.9
4603,mean_dynamic_mlp_covertype,stable,h3,1776521836236.188,1776521836359.696,123.508,0.000,121.508,1.869,1833,1577,80.0,1,0,68.2
4604,mean_dynamic_mlp_covertype,stable,h3,1776521836360.696,1776521836460.206,99.510,1.000,97.510,1.914,1833,1577,80.0,1,0,68.8
4605,mean_dynamic_mlp_covertype,stable,h3,1776521836461.206,1776521836535.713,74.507,1.000,73.507,1.876,1833,1577,80.0,0,0,70.0
4606,mean_dynamic_mlp_covertype,stable,h3,1776521836537.713,1776521836749.834,212.121,0.000,211.121,1.816,1833,1577,80.0,1,0,65.0
4607,mean_dynamic_mlp_covertype,stable,h3,1776521836750.821,1776521836867.324,116.504,1.000,115.504,1.892,1833,1577,80.0,1,0,66.7
4608,mean_dynamic_mlp_covertype,stable,h3,1776521836868.324,1776521836959.835,91.511,1.002,89.506,2.010,1833,1577,80.0,1,0,72.3
4609,mean_dynamic_mlp_covertype,stable,h3,1776521836960.833,1776521837121.848,161.015,0.000,160.015,2.016,1833,1577,80.0,1,0,69.1
4610,mean_dynamic_mlp_covertype,stable,h3,1776521837123.848,1776521837213.355,89.507,0.000,87.507,1.911,1833,1577,80.0,1,0,74.0
4611,mean_dynamic_mlp_covertype,stable,h3,1776521837214.355,1776521837320.863,106.508,1.001,105.507,1.981,1833,1577,80.0,1,0,68.0
4612,mean_dynamic_mlp_covertype,stable,h3,1776521837321.863,1776521837464.374,142.511,1.000,140.511,1.894,1833,1577,80.0,1,0,71.2
4613,mean_dynamic_mlp_covertype,stable,h3,1776521837465.373,1776521837594.388,129.015,1.001,128.014,2.006,1833,1577,80.0,1,0,68.2
4614,mean_dynamic_mlp_covertype,stable,h3,1776521837595.389,1776521837750.898,155.509,1.000,153.509,1.848,1833,1577,80.0,1,0,68.8
4615,mean_dynamic_mlp_covertype,stable,h3,1776521837752.898,1776521837872.406,119.508,0.000,119.508,2.492,1833,1577,80.0,1,0,68.8
4616,mean_dynamic_mlp_covertype,stable,h3,1776521837874.405,1776521838078.400,203.995,0.000,202.994,1.967,1833,1577,80.0,1,0,70.0
4617,mean_dynamic_mlp_covertype,stable,h3,1776521838079.426,1776521838236.415,156.989,0.979,156.010,1.761,1833,1577,80.0,1,0,68.3
4618,mean_dynamic_mlp_covertype,stable,h3,1776521838238.415,1776521838348.924,110.509,0.000,109.508,1.828,1833,1577,80.0,1,0,68.8
4619,mean_dynamic_mlp_covertype,stable,h3,1776521838350.924,1776521838474.435,123.511,0.000,121.507,2.015,1833,1577,80.0,1,0,69.5
4620,mean_dynamic_mlp_covertype,stable,h3,1776521838475.431,1776521838591.444,116.013,0.000,115.010,1.756,1833,1577,80.0,1,0,69.3
4621,mean_dynamic_mlp_covertype,stable,h3,1776521838592.447,1776521838682.452,90.004,1.001,89.004,2.123,1833,1577,80.0,1,0,75.5
4622,mean_dynamic_mlp_covertype,stable,h3,1776521838684.451,1776521838838.093,153.642,0.000,151.639,1.839,1833,1577,80.0,1,0,75.0
4623,mean_dynamic_mlp_covertype,stable,h3,1776521838839.091,1776521838934.602,95.511,0.000,95.511,1.810,1833,1577,80.0,1,0,69.5
4624,mean_dynamic_mlp_covertype,stable,h3,1776521838936.601,1776521839051.112,114.510,0.000,114.510,1.757,1833,1577,80.0,1,0,72.1
4625,mean_dynamic_mlp_covertype,stable,h3,1776521839053.115,1776521839124.619,71.505,0.000,71.505,1.944,1833,1577,80.0,0,0,67.9
4626,mean_dynamic_mlp_covertype,stable,h3,1776521839126.621,1776521839224.129,97.508,0.000,95.506,1.807,1833,1577,80.0,1,0,67.3
4627,mean_dynamic_mlp_covertype,stable,h3,1776521839225.126,1776521839417.140,192.014,0.000,191.013,1.898,1833,1577,80.0,1,0,70.2
4628,mean_dynamic_mlp_covertype,stable,h3,1776521839419.141,1776521839547.653,128.512,0.000,127.512,1.770,1833,1577,80.0,1,0,69.0
4629,mean_dynamic_mlp_covertype,stable,h3,1776521839549.651,1776521839691.664,142.013,0.000,141.509,1.741,1833,1577,80.0,1,0,69.7
4630,mean_dynamic_mlp_covertype,stable,h3,1776521839692.667,1776521839844.177,151.510,0.000,150.508,1.923,1833,1577,80.0,1,0,69.6
4631,mean_dynamic_mlp_covertype,stable,h3,1776521839845.177,1776521839965.684,120.507,1.000,118.507,2.346,1833,1577,80.0,1,0,70.6
4632,mean_dynamic_mlp_covertype,stable,h3,1776521839966.684,1776521840121.700,155.017,0.000,154.014,1.937,1833,1577,80.0,1,0,71.5
4633,mean_dynamic_mlp_covertype,stable,h3,1776521840123.698,1776521840242.208,118.510,0.000,118.510,1.771,1833,1577,80.0,1,0,74.6
4634,mean_dynamic_mlp_covertype,stable,h3,1776521840243.210,1776521840348.729,105.519,0.000,103.515,1.961,1833,1577,80.0,1,0,74.8
4635,mean_dynamic_mlp_covertype,stable,h3,1776521840350.727,1776521840424.237,73.510,0.000,73.510,1.888,1833,1577,80.0,0,0,72.2
4636,mean_dynamic_mlp_covertype,stable,h3,1776521840426.240,1776521840617.260,191.020,0.000,191.020,2.245,1833,1577,80.0,1,0,68.9
4637,mean_dynamic_mlp_covertype,stable,h3,1776521840619.256,1776521840749.767,130.511,0.000,129.659,4.669,1833,1577,80.0,1,0,72.9
4638,mean_dynamic_mlp_covertype,stable,h3,1776521840750.763,1776521840893.781,143.018,1.001,142.017,2.238,1833,1577,80.0,1,0,75.4
4639,mean_dynamic_mlp_covertype,stable,h3,1776521840895.783,1776521841029.292,133.509,0.000,132.508,1.920,1833,1577,80.0,1,0,68.8
4640,mean_dynamic_mlp_covertype,stable,h3,1776521841030.290,1776521841108.396,78.105,1.000,77.106,1.967,1833,1577,80.0,0,0,71.6
4641,mean_dynamic_mlp_covertype,stable,h3,1776521841110.396,1776521841265.909,155.513,1.002,153.509,2.354,1833,1577,80.0,1,0,72.7
4642,mean_dynamic_mlp_covertype,stable,h3,1776521841267.908,1776521841424.924,157.016,0.000,156.015,1.932,1833,1577,80.0,1,0,70.1
4643,mean_dynamic_mlp_covertype,stable,h3,1776521841425.923,1776521841506.435,80.512,1.003,79.509,1.853,1833,1577,80.0,1,0,65.5
4644,mean_dynamic_mlp_covertype,stable,h3,1776521841508.432,1776521841595.944,87.511,0.000,86.511,1.901,1833,1577,80.0,1,0,69.8
4645,mean_dynamic_mlp_covertype,stable,h3,1776521841596.944,1776521841720.450,123.506,1.000,122.506,1.838,1833,1577,80.0,1,0,72.0
4646,mean_dynamic_mlp_covertype,stable,h3,1776521841721.449,1776521841874.957,153.508,0.000,152.506,1.815,1833,1577,80.0,1,0,70.7
4647,mean_dynamic_mlp_covertype,stable,h3,1776521841877.376,1776521842076.836,199.460,0.000,199.460,1.912,1833,1577,80.0,1,0,68.4
4648,mean_dynamic_mlp_covertype,stable,h3,1776521842078.840,1776521842341.522,262.681,0.000,261.681,1.777,1833,1577,80.0,1,0,56.2
4649,mean_dynamic_mlp_covertype,stable,h3,1776521842344.522,1776521842812.457,467.935,0.000,465.551,2.012,1833,1577,80.0,1,0,32.3
4650,mean_dynamic_mlp_covertype,stable,h3,1776521842815.449,1776521843282.516,467.067,1.003,464.059,1.920,1833,1577,80.0,1,0,32.7
4651,mean_dynamic_mlp_covertype,stable,h3,1776521843285.513,1776521843750.469,464.956,0.997,461.958,1.721,1833,1577,80.0,1,0,29.2
4652,mean_dynamic_mlp_covertype,stable,h3,1776521843752.466,1776521844215.758,463.292,1.105,458.921,1.926,1833,1577,80.0,1,0,38.7
4653,mean_dynamic_mlp_covertype,stable,h3,1776521844216.759,1776521844664.284,447.525,0.994,444.505,1.893,1833,1577,80.0,1,0,34.6
4654,mean_dynamic_mlp_covertype,stable,h3,1776521844666.287,1776521845119.552,453.265,0.000,451.004,1.974,1833,1577,80.0,1,0,35.6
4655,mean_dynamic_mlp_covertype,stable,h3,1776521845120.656,1776521845569.200,448.544,0.897,445.506,1.848,1833,1577,80.0,1,0,38.1
4656,mean_dynamic_mlp_covertype,stable,h3,1776521845570.199,1776521846193.964,623.765,0.997,620.200,2.132,1833,1577,80.0,1,0,23.0
4657,mean_dynamic_mlp_covertype,stable,h3,1776521846195.146,1776521846804.064,608.918,1.824,605.094,1.891,1833,1577,80.0,1,0,24.7
4658,mean_dynamic_mlp_covertype,stable,h3,1776521846806.060,1776521847413.377,607.317,1.001,604.308,1.771,1833,1577,80.0,1,0,26.4
4659,mean_dynamic_mlp_covertype,stable,h3,1776521847415.375,1776521848035.758,620.382,0.999,617.385,1.998,1833,1577,80.0,1,0,23.6
4660,mean_dynamic_mlp_covertype,stable,h3,1776521848037.752,1776521848644.180,606.428,1.542,603.710,1.734,1833,1577,80.0,1,0,23.8
4661,mean_dynamic_mlp_covertype,stable,h3,1776521848645.182,1776521849254.410,609.229,1.085,605.233,1.717,1833,1577,80.0,1,0,25.8
4662,mean_dynamic_mlp_covertype,stable,h3,1776521849256.410,1776521849973.513,717.103,1.209,712.644,1.790,1833,1577,80.0,1,0,22.8
4663,mean_dynamic_mlp_covertype,stable,h3,1776521849974.985,1776521850394.235,419.250,1.213,416.028,1.870,1833,1577,80.0,1,0,34.7
4664,mean_dynamic_mlp_covertype,stable,h3,1776521850397.235,1776521850597.253,200.018,1.001,197.027,1.939,1833,1577,80.0,1,0,56.7
4665,mean_dynamic_mlp_covertype,stable,h3,1776521850600.263,1776521850861.025,260.762,0.000,258.695,1.697,1833,1577,80.0,1,0,57.7
4666,mean_dynamic_mlp_covertype,stable,h3,1776521850862.022,1776521851097.564,235.542,1.002,233.554,1.741,1833,1577,80.0,1,0,60.6
4667,mean_dynamic_mlp_covertype,stable,h3,1776521851098.576,1776521851299.577,201.000,0.000,199.999,2.225,1833,1577,80.0,1,0,68.8
4668,mean_dynamic_mlp_covertype,stable,h3,1776521851300.577,1776521851504.802,204.225,0.000,203.212,1.792,1833,1577,80.0,1,0,68.9
4669,mean_dynamic_mlp_covertype,stable,h3,1776521851505.801,1776521851607.311,101.510,1.000,100.510,1.853,1833,1577,80.0,1,0,68.8
4670,mean_dynamic_mlp_covertype,stable,h3,1776521851609.312,1776521851751.409,142.097,0.000,141.094,1.983,1833,1577,80.0,1,0,70.3
4671,mean_dynamic_mlp_covertype,stable,h3,1776521851753.410,1776521851888.697,135.288,0.000,133.306,1.714,1833,1577,80.0,1,0,73.8
4672,mean_dynamic_mlp_covertype,stable,h3,1776521851889.698,1776521852032.213,142.516,0.000,141.515,1.822,1833,1577,80.0,1,0,70.8
4673,mean_dynamic_mlp_covertype,stable,h3,1776521852033.212,1776521852172.947,139.735,0.000,138.733,2.017,1833,1577,80.0,1,0,74.7
4674,mean_dynamic_mlp_covertype,stable,h3,1776521852174.948,1776521852322.923,147.975,0.000,147.975,2.078,1833,1577,80.0,1,0,69.4
4675,mean_dynamic_mlp_covertype,stable,h3,1776521852324.923,1776521852528.022,203.100,0.000,203.100,1.693,1833,1577,80.0,1,0,69.0
4676,mean_dynamic_mlp_covertype,stable,h3,1776521852529.038,1776521852707.046,178.009,0.000,176.007,1.776,1833,1577,80.0,1,0,73.9
4677,mean_dynamic_mlp_covertype,stable,h3,1776521852708.062,1776521852960.456,252.394,0.985,250.379,2.105,1833,1577,80.0,1,0,61.9
4678,mean_dynamic_mlp_covertype,stable,h3,1776521852960.456,1776521853079.000,118.543,1.005,115.544,1.808,1833,1577,80.0,1,0,78.1
4679,mean_dynamic_mlp_covertype,stable,h3,1776521853083.997,1776521853296.285,212.288,0.000,211.289,1.887,1833,1577,80.0,1,0,74.4
4680,mean_dynamic_mlp_covertype,stable,h3,1776521853298.370,1776521853453.303,154.933,0.000,154.933,1.854,1833,1577,80.0,1,0,64.9
4681,mean_dynamic_mlp_covertype,stable,h3,1776521853455.303,1776521853522.304,67.001,0.000,65.999,1.713,1833,1577,80.0,0,0,67.7
4682,mean_dynamic_mlp_covertype,stable,h3,1776521853523.304,1776521853644.319,121.015,0.000,119.010,1.738,1833,1577,80.0,1,0,70.6
4683,mean_dynamic_mlp_covertype,stable,h3,1776521853645.319,1776521853748.825,103.506,1.001,101.505,1.885,1833,1577,80.0,1,0,68.8
4684,mean_dynamic_mlp_covertype,stable,h3,1776521853749.825,1776521853841.334,91.509,0.000,90.508,1.833,1833,1577,80.0,1,0,67.3
4685,mean_dynamic_mlp_covertype,stable,h3,1776521853842.334,1776521853936.335,94.001,0.000,93.000,1.813,1833,1577,80.0,1,0,69.8
4686,mean_dynamic_mlp_covertype,stable,h3,1776521853938.335,1776521854107.324,168.989,0.936,168.052,1.679,1833,1577,80.0,1,0,74.3
4687,mean_dynamic_mlp_covertype,stable,h3,1776521854109.319,1776521854204.828,95.508,0.000,93.506,2.334,1833,1577,80.0,1,0,74.2
4688,mean_dynamic_mlp_covertype,stable,h3,1776521854205.827,1776521854323.333,117.505,0.000,116.505,1.886,1833,1577,80.0,1,0,68.2
4689,mean_dynamic_mlp_covertype,stable,h3,1776521854325.335,1776521854421.847,96.512,0.000,95.511,1.792,1833,1577,80.0,1,0,69.5
4690,mean_dynamic_mlp_covertype,stable,h3,1776521854423.849,1776521854553.862,130.013,0.000,130.013,1.863,1833,1577,80.0,1,0,70.5
4691,mean_dynamic_mlp_covertype,stable,h3,1776521854555.862,1776521854652.371,96.509,0.000,94.505,1.928,1833,1577,80.0,1,0,75.9
4692,mean_dynamic_mlp_covertype,stable,h3,1776521854653.368,1776521854787.874,134.506,1.000,133.506,1.857,1833,1577,80.0,1,0,72.4
4693,mean_dynamic_mlp_covertype,stable,h3,1776521854789.874,1776521854908.385,118.511,0.000,118.511,1.849,1833,1577,80.0,1,0,71.5
4694,mean_dynamic_mlp_covertype,stable,h3,1776521854909.385,1776521855075.398,166.013,0.000,165.013,1.937,1833,1577,80.0,1,0,69.3
4695,mean_dynamic_mlp_covertype,stable,h3,1776521855077.398,1776521855202.528,125.130,0.000,125.130,1.777,1833,1577,80.0,1,0,72.9
4696,mean_dynamic_mlp_covertype,stable,h3,1776521855204.529,1776521855270.034,65.505,0.000,65.505,2.059,1833,1577,80.0,0,0,71.4
4697,mean_dynamic_mlp_covertype,stable,h3,1776521855272.035,1776521855449.052,177.017,0.000,176.013,1.981,1833,1577,80.0,1,0,69.6
4698,mean_dynamic_mlp_covertype,stable,h3,1776521855450.050,1776521855647.062,197.012,0.999,196.013,1.765,1833,1577,80.0,1,0,70.1
4699,mean_dynamic_mlp_covertype,stable,h3,1776521855648.062,1776521855747.572,99.510,1.000,97.507,1.830,1833,1577,80.0,1,0,71.4
4700,mean_dynamic_mlp_covertype,stable,h3,1776521855748.569,1776521855924.081,175.513,0.000,173.506,1.735,1833,1577,80.0,1,0,71.1
4701,mean_dynamic_mlp_covertype,stable,h3,1776521855925.079,1776521856031.590,106.511,1.000,104.507,1.926,1833,1577,80.0,1,0,72.2
4702,mean_dynamic_mlp_covertype,stable,h3,1776521856032.586,1776521856108.092,75.505,0.000,73.502,1.955,1833,1577,80.0,0,0,74.7
4703,mean_dynamic_mlp_covertype,stable,h3,1776521856110.287,1776521856222.602,112.315,0.000,110.508,2.387,1833,1577,80.0,1,0,75.7
4704,mean_dynamic_mlp_covertype,stable,h3,1776521856223.597,1776521856337.110,113.513,0.000,112.510,1.759,1833,1577,80.0,1,0,72.0
4705,mean_dynamic_mlp_covertype,stable,h3,1776521856338.613,1776521856434.620,96.007,1.008,94.001,1.866,1833,1577,80.0,1,0,66.0
4706,mean_dynamic_mlp_covertype,stable,h3,1776521856436.620,1776521856519.129,82.510,0.000,81.508,1.782,1833,1577,80.0,1,0,68.8
4707,mean_dynamic_mlp_covertype,stable,h3,1776521856520.131,1776521856570.636,50.505,0.000,49.504,1.806,1833,1577,80.0,0,0,70.2
4708,mean_dynamic_mlp_covertype,stable,h3,1776521856571.635,1776521856714.145,142.510,1.001,141.509,1.963,1833,1577,80.0,1,0,70.2
4709,mean_dynamic_mlp_covertype,stable,h3,1776521856716.144,1776521856799.658,83.514,1.001,82.512,1.944,1833,1577,80.0,1,0,81.2
4710,mean_dynamic_mlp_covertype,stable,h3,1776521856800.770,1776521856886.165,85.395,0.890,84.505,1.788,1833,1577,80.0,1,0,69.8
4711,mean_dynamic_mlp_covertype,stable,h3,1776521856888.165,1776521857015.671,127.506,0.000,127.506,1.749,1833,1577,80.0,1,0,70.9
4712,mean_dynamic_mlp_covertype,stable,h3,1776521857017.671,1776521857128.182,110.511,0.000,108.508,1.713,1833,1577,80.0,1,0,73.0
4713,mean_dynamic_mlp_covertype,stable,h3,1776521857129.182,1776521857230.692,101.511,0.000,100.510,1.702,1833,1577,80.0,1,0,76.5
4714,mean_dynamic_mlp_covertype,stable,h3,1776521857232.690,1776521857347.705,115.015,0.000,114.012,1.848,1833,1577,80.0,1,0,68.8
4715,mean_dynamic_mlp_covertype,stable,h3,1776521857349.703,1776521857461.218,111.514,0.000,110.509,2.424,1833,1577,80.0,1,0,72.6
4716,mean_dynamic_mlp_covertype,stable,h3,1776521857462.213,1776521857570.719,108.506,0.000,107.505,1.724,1833,1577,80.0,1,0,70.8
4717,mean_dynamic_mlp_covertype,stable,h3,1776521857571.719,1776521857675.949,104.230,1.185,102.229,1.967,1833,1577,80.0,1,0,73.2
4718,mean_dynamic_mlp_covertype,stable,h3,1776521857677.948,1776521857813.459,135.510,0.000,135.510,1.853,1833,1577,80.0,1,0,68.8
4719,mean_dynamic_mlp_covertype,stable,h3,1776521857815.458,1776521857922.966,107.507,0.000,106.472,1.946,1833,1577,80.0,1,0,69.6
4720,mean_dynamic_mlp_covertype,stable,h3,1776521857923.965,1776521858021.474,97.509,0.000,97.509,1.928,1833,1577,80.0,1,0,68.8
4721,mean_dynamic_mlp_covertype,stable,h3,1776521858023.475,1776521858128.985,105.510,0.000,104.509,1.859,1833,1577,80.0,1,0,68.8
4722,mean_dynamic_mlp_covertype,stable,h3,1776521858129.985,1776521858270.002,140.018,1.000,139.018,1.887,1833,1577,80.0,1,0,70.8
4723,mean_dynamic_mlp_covertype,stable,h3,1776521858272.002,1776521858446.022,174.020,0.000,172.019,1.838,1833,1577,80.0,1,0,68.8
4724,mean_dynamic_mlp_covertype,stable,h3,1776521858448.023,1776521858566.533,118.510,0.000,118.510,1.859,1833,1577,80.0,1,0,71.1
4725,mean_dynamic_mlp_covertype,stable,h3,1776521858568.532,1776521858642.042,73.509,0.000,72.509,2.212,1833,1577,80.0,0,0,68.8
4726,mean_dynamic_mlp_covertype,stable,h3,1776521858644.041,1776521858744.548,100.506,0.000,100.506,1.952,1833,1577,80.0,1,0,70.0
4727,mean_dynamic_mlp_covertype,stable,h3,1776521858746.548,1776521858827.550,81.003,0.000,80.001,1.753,1833,1577,80.0,1,0,67.9
4728,mean_dynamic_mlp_covertype,stable,h3,1776521858829.551,1776521858895.058,65.507,0.000,64.503,1.719,1833,1577,80.0,0,0,67.7
4729,mean_dynamic_mlp_covertype,stable,h3,1776521858896.055,1776521859024.037,127.982,1.000,126.982,1.733,1833,1577,80.0,1,0,69.5
4730,mean_dynamic_mlp_covertype,stable,h3,1776521859026.095,1776521859154.051,127.956,0.000,126.010,1.731,1833,1577,80.0,1,0,70.8
4731,mean_dynamic_mlp_covertype,stable,h3,1776521859155.051,1776521859238.052,83.001,1.000,82.002,1.839,1833,1577,80.0,1,0,67.9
4732,mean_dynamic_mlp_covertype,stable,h3,1776521859239.555,1776521859319.559,80.003,0.000,78.999,1.764,1833,1577,80.0,1,0,68.8
4733,mean_dynamic_mlp_covertype,stable,h3,1776521859321.559,1776521859408.072,86.514,0.000,84.508,1.877,1833,1577,80.0,1,0,69.8
4734,mean_dynamic_mlp_covertype,stable,h3,1776521859410.069,1776521859485.579,75.510,0.000,74.506,1.838,1833,1577,80.0,0,0,71.2
4735,mean_dynamic_mlp_covertype,stable,h3,1776521859486.576,1776521859640.168,153.592,1.002,151.504,1.837,1833,1577,80.0,1,0,68.8
4736,mean_dynamic_mlp_covertype,stable,h3,1776521859642.168,1776521859856.454,214.286,1.000,213.286,1.889,1833,1577,80.0,1,0,67.5
4737,mean_dynamic_mlp_covertype,stable,h3,1776521859857.470,1776521859961.975,104.505,1.000,103.505,1.753,1833,1577,80.0,1,0,61.3
4738,mean_dynamic_mlp_covertype,stable,h3,1776521859963.990,1776521860102.487,138.497,0.000,136.510,1.901,1833,1577,80.0,1,0,76.9
4739,mean_dynamic_mlp_covertype,stable,h3,1776521860103.487,1776521860237.997,134.510,1.000,133.510,1.990,1833,1577,80.0,1,0,69.4
4740,mean_dynamic_mlp_covertype,stable,h3,1776521860239.500,1776521860335.516,96.016,1.004,94.010,2.081,1833,1577,80.0,1,0,68.8
4741,mean_dynamic_mlp_covertype,stable,h3,1776521860337.515,1776521860463.528,126.013,0.000,126.013,1.905,1833,1577,80.0,1,0,69.9
4742,mean_dynamic_mlp_covertype,stable,h3,1776521860465.528,1776521860664.541,199.013,0.000,198.010,1.816,1833,1577,80.0,1,0,68.8
4743,mean_dynamic_mlp_covertype,stable,h3,1776521860666.542,1776521860811.052,144.509,1.013,143.496,1.958,1833,1577,80.0,1,0,70.4
4744,mean_dynamic_mlp_covertype,stable,h3,1776521860813.052,1776521860903.559,90.507,0.000,89.507,1.726,1833,1577,80.0,1,0,69.5
4745,mean_dynamic_mlp_covertype,stable,h3,1776521860904.559,1776521861000.065,95.507,0.000,94.507,2.079,1833,1577,80.0,1,0,68.0
4746,mean_dynamic_mlp_covertype,stable,h3,1776521861002.066,1776521861104.574,102.508,0.000,100.507,2.373,1833,1577,80.0,1,0,71.4
4747,mean_dynamic_mlp_covertype,stable,h3,1776521861105.574,1776521861176.081,70.507,0.999,68.507,2.016,1833,1577,80.0,0,0,73.4
4748,mean_dynamic_mlp_covertype,stable,h3,1776521861177.081,1776521861277.588,100.507,1.001,98.506,1.801,1833,1577,80.0,1,0,75.7
4749,mean_dynamic_mlp_covertype,stable,h3,1776521861279.588,1776521861371.100,91.512,0.000,91.512,1.990,1833,1577,80.0,1,0,72.0
4750,mean_dynamic_mlp_covertype,stable,h3,1776521861372.100,1776521861504.604,132.505,1.000,131.505,1.968,1833,1577,80.0,1,0,70.3
4751,mean_dynamic_mlp_covertype,stable,h3,1776521861506.605,1776521861605.115,98.510,0.000,97.510,1.781,1833,1577,80.0,1,0,68.8
4752,mean_dynamic_mlp_covertype,stable,h3,1776521861606.113,1776521861740.126,134.013,0.000,133.013,2.129,1833,1577,80.0,1,0,71.3
4753,mean_dynamic_mlp_covertype,stable,h3,1776521861742.128,1776521861881.636,139.508,0.000,138.507,1.670,1833,1577,80.0,1,0,74.3
4754,mean_dynamic_mlp_covertype,stable,h3,1776521861883.636,1776521862018.142,134.506,0.000,133.505,2.494,1833,1577,80.0,1,0,75.7
4755,mean_dynamic_mlp_covertype,stable,h3,1776521862019.142,1776521862214.159,195.017,0.000,193.017,1.747,1833,1577,80.0,1,0,68.4
4756,mean_dynamic_mlp_covertype,stable,h3,1776521862215.160,1776521862320.666,105.506,1.000,104.506,1.779,1833,1577,80.0,1,0,72.2
4757,mean_dynamic_mlp_covertype,stable,h3,1776521862322.666,1776521862446.680,124.014,0.000,123.013,1.790,1833,1577,80.0,1,0,70.6
4758,mean_dynamic_mlp_covertype,stable,h3,1776521862449.681,1776521862580.188,130.508,0.000,129.505,1.770,1833,1577,80.0,1,0,74.4
4759,mean_dynamic_mlp_covertype,stable,h3,1776521862581.187,1776521862693.694,112.507,0.000,111.506,1.714,1833,1577,80.0,1,0,69.9
4760,mean_dynamic_mlp_covertype,stable,h3,1776521862695.693,1776521862810.200,114.507,0.000,113.507,1.874,1833,1577,80.0,1,0,70.3
4761,mean_dynamic_mlp_covertype,stable,h3,1776521862811.200,1776521862888.708,77.508,1.000,75.507,1.955,1833,1577,80.0,0,0,75.0
4762,mean_dynamic_mlp_covertype,stable,h3,1776521862889.708,1776521863003.215,113.507,0.000,112.507,1.786,1833,1577,80.0,1,0,73.5
4763,mean_dynamic_mlp_covertype,stable,h3,1776521863005.214,1776521863160.229,155.015,0.000,153.014,2.054,1833,1577,80.0,1,0,69.4
4764,mean_dynamic_mlp_covertype,stable,h3,1776521863162.229,1776521863294.736,132.508,0.000,131.508,1.723,1833,1577,80.0,1,0,69.4
4765,mean_dynamic_mlp_covertype,stable,h3,1776521863296.737,1776521863376.243,79.506,0.000,79.506,1.932,1833,1577,80.0,0,0,68.8
4766,mean_dynamic_mlp_covertype,stable,h3,1776521863378.244,1776521863447.754,69.510,0.000,68.507,1.720,1833,1577,80.0,0,0,70.5
4767,mean_dynamic_mlp_covertype,stable,h3,1776521863448.752,1776521863535.753,87.001,0.000,86.001,1.694,1833,1577,80.0,1,0,67.1
4768,mean_dynamic_mlp_covertype,stable,h3,1776521863536.753,1776521863638.264,101.511,1.000,99.508,1.953,1833,1577,80.0,1,0,69.6
4769,mean_dynamic_mlp_covertype,stable,h3,1776521863639.769,1776521863780.279,140.510,1.004,139.506,2.048,1833,1577,80.0,1,0,69.4
4770,mean_dynamic_mlp_covertype,stable,h3,1776521863782.280,1776521863954.293,172.014,0.000,171.014,1.818,1833,1577,80.0,1,0,69.3
4771,mean_dynamic_mlp_covertype,stable,h3,1776521863956.295,1776521864045.800,89.504,0.000,89.504,1.869,1833,1577,80.0,1,0,68.8
4772,mean_dynamic_mlp_covertype,stable,h3,1776521864047.800,1776521864134.802,87.002,0.000,85.001,1.930,1833,1577,80.0,1,0,71.3
4773,mean_dynamic_mlp_covertype,stable,h3,1776521864135.802,1776521864335.816,200.015,1.001,199.014,2.740,1833,1577,80.0,1,0,68.0
4774,mean_dynamic_mlp_covertype,stable,h3,1776521864337.816,1776521864490.828,153.012,0.000,152.012,2.243,1833,1577,80.0,1,0,64.2
4775,mean_dynamic_mlp_covertype,stable,h3,1776521864492.828,1776521864607.334,114.506,0.000,114.506,1.807,1833,1577,80.0,1,0,69.0
4776,mean_dynamic_mlp_covertype,stable,h3,1776521864609.335,1776521864680.841,71.506,0.000,70.506,1.890,1833,1577,80.0,0,0,71.0
4777,mean_dynamic_mlp_covertype,stable,h3,1776521864682.841,1776521864841.854,159.013,0.000,158.013,1.849,1833,1577,80.0,1,0,68.6
4778,mean_dynamic_mlp_covertype,stable,h3,1776521864843.854,1776521865050.247,206.393,0.000,205.371,1.944,1833,1577,80.0,1,0,69.9
4779,mean_dynamic_mlp_covertype,stable,h3,1776521865051.261,1776521865205.767,154.505,0.999,153.506,1.931,1833,1577,80.0,1,0,74.4
4780,mean_dynamic_mlp_covertype,stable,h3,1776521865207.767,1776521865357.784,150.017,0.000,148.017,1.884,1833,1577,80.0,1,0,76.2
4781,mean_dynamic_mlp_covertype,stable,h3,1776521865358.784,1776521865516.294,157.510,1.000,156.510,1.977,1833,1577,80.0,1,0,68.9
4782,mean_dynamic_mlp_covertype,stable,h3,1776521865518.294,1776521865691.311,173.016,0.000,171.016,1.843,1833,1577,80.0,1,0,68.9
4783,mean_dynamic_mlp_covertype,stable,h3,1776521865692.311,1776521865826.821,134.510,1.000,133.510,2.947,1833,1577,80.0,1,0,68.8
4784,mean_dynamic_mlp_covertype,stable,h3,1776521865828.821,1776521865949.833,121.012,1.002,120.010,1.940,1833,1577,80.0,1,0,68.8
4785,mean_dynamic_mlp_covertype,stable,h3,1776521865951.833,1776521866076.341,124.508,1.001,123.507,2.078,1833,1577,80.0,1,0,69.8
4786,mean_dynamic_mlp_covertype,stable,h3,1776521866078.341,1776521866213.849,135.508,0.000,134.508,1.919,1833,1577,80.0,1,0,68.8
4787,mean_dynamic_mlp_covertype,stable,h3,1776521866215.849,1776521866264.354,48.505,0.000,47.504,1.844,1833,1577,80.0,0,0,70.2
4788,mean_dynamic_mlp_covertype,stable,h3,1776521866265.356,1776521866344.863,79.506,0.000,78.508,2.005,1833,1577,80.0,0,0,78.0
4789,mean_dynamic_mlp_covertype,stable,h3,1776521866346.863,1776521866449.370,102.507,0.000,101.507,1.777,1833,1577,80.0,1,0,74.1
4790,mean_dynamic_mlp_covertype,stable,h3,1776521866450.370,1776521866636.881,186.511,0.000,184.508,1.776,1833,1577,80.0,1,0,72.8
4791,mean_dynamic_mlp_covertype,stable,h3,1776521866637.879,1776521866739.070,101.191,0.000,100.190,1.977,1833,1577,80.0,1,0,73.2
4792,mean_dynamic_mlp_covertype,stable,h3,1776521866740.572,1776521866860.082,119.510,1.003,117.507,1.913,1833,1577,80.0,1,0,77.3
4793,mean_dynamic_mlp_covertype,stable,h3,1776521866861.082,1776521866969.589,108.507,0.000,106.507,2.049,1833,1577,80.0,1,0,69.6
4794,mean_dynamic_mlp_covertype,stable,h3,1776521866970.589,1776521867122.096,151.507,0.000,149.507,1.927,1833,1577,80.0,1,0,68.1
4795,mean_dynamic_mlp_covertype,stable,h3,1776521867124.096,1776521867316.111,192.014,0.000,192.014,1.755,1833,1577,80.0,1,0,70.8
4796,mean_dynamic_mlp_covertype,stable,h3,1776521867318.111,1776521867448.125,130.014,0.000,128.014,1.880,1833,1577,80.0,1,0,73.4
4797,mean_dynamic_mlp_covertype,stable,h3,1776521867450.125,1776521867540.128,90.003,0.000,89.003,1.876,1833,1577,80.0,1,0,68.3
4798,mean_dynamic_mlp_covertype,stable,h3,1776521867541.634,1776521867662.141,120.507,0.000,120.507,1.962,1833,1577,80.0,1,0,71.9
4799,mean_dynamic_mlp_covertype,stable,h3,1776521867664.141,1776521867764.648,100.508,0.000,100.508,3.286,1833,1577,80.0,1,0,73.0
4800,mean_dynamic_mlp_covertype,stable,h3,1776521867766.648,1776521867916.156,149.508,0.000,147.507,2.097,1833,1577,80.0,1,0,71.3
4801,mean_dynamic_mlp_covertype,stable,h3,1776521867918.156,1776521868065.171,147.014,0.000,147.014,2.746,1833,1577,80.0,1,0,72.3
4802,mean_dynamic_mlp_covertype,stable,h3,1776521868067.171,1776521868183.680,116.509,0.000,116.509,1.745,1833,1577,80.0,1,0,72.7
4803,mean_dynamic_mlp_covertype,stable,h3,1776521868185.678,1776521868312.188,126.510,0.000,125.509,2.184,1833,1577,80.0,1,0,70.3
4804,mean_dynamic_mlp_covertype,stable,h3,1776521868313.187,1776521868457.201,144.014,1.001,143.013,1.902,1833,1577,80.0,1,0,70.1
4805,mean_dynamic_mlp_covertype,stable,h3,1776521868458.202,1776521868644.216,186.014,0.000,184.013,1.999,1833,1577,80.0,1,0,68.8
4806,mean_dynamic_mlp_covertype,stable,h3,1776521868646.216,1776521868778.723,132.507,0.000,131.508,2.030,1833,1577,80.0,1,0,74.5
4807,mean_dynamic_mlp_covertype,stable,h3,1776521868780.724,1776521868911.233,130.509,0.000,129.507,2.011,1833,1577,80.0,1,0,70.3
4808,mean_dynamic_mlp_covertype,stable,h3,1776521868912.234,1776521868989.738,77.504,0.000,77.504,1.853,1833,1577,80.0,0,0,74.4
4809,mean_dynamic_mlp_covertype,stable,h3,1776521868991.738,1776521869084.247,92.509,0.000,91.493,1.991,1833,1577,80.0,1,0,80.0
4810,mean_dynamic_mlp_covertype,stable,h3,1776521869086.246,1776521869229.757,143.511,0.000,142.510,1.876,1833,1577,80.0,1,0,71.7
4811,mean_dynamic_mlp_covertype,stable,h3,1776521869231.756,1776521869317.261,85.505,0.000,84.502,1.909,1833,1577,80.0,1,0,67.9
4812,mean_dynamic_mlp_covertype,stable,h3,1776521869319.261,1776521869401.276,82.015,0.000,82.015,2.341,1833,1577,80.0,1,0,71.6
4813,mean_dynamic_mlp_covertype,stable,h3,1776521869403.276,1776521869537.786,134.510,0.000,133.510,2.017,1833,1577,80.0,1,0,68.2
4814,mean_dynamic_mlp_covertype,stable,h3,1776521869538.786,1776521869659.798,121.012,0.000,121.012,2.057,1833,1577,80.0,1,0,69.8
4815,mean_dynamic_mlp_covertype,stable,h3,1776521869661.799,1776521869764.305,102.506,0.000,102.506,1.752,1833,1577,80.0,1,0,67.5
4816,mean_dynamic_mlp_covertype,stable,h3,1776521869766.305,1776521869878.812,112.508,0.000,112.508,1.991,1833,1577,80.0,1,0,69.9
4817,mean_dynamic_mlp_covertype,stable,h3,1776521869880.813,1776521869952.319,71.506,0.000,71.506,1.960,1833,1577,80.0,0,0,70.9
4818,mean_dynamic_mlp_covertype,stable,h3,1776521869954.319,1776521870078.826,124.507,0.000,123.505,1.850,1833,1577,80.0,1,0,70.3
4819,mean_dynamic_mlp_covertype,stable,h3,1776521870080.826,1776521870167.333,86.507,0.000,85.507,1.843,1833,1577,80.0,1,0,68.8
4820,mean_dynamic_mlp_covertype,stable,h3,1776521870169.333,1776521870280.849,111.516,0.000,109.516,2.007,1833,1577,80.0,1,0,69.4
4821,mean_dynamic_mlp_covertype,stable,h3,1776521870281.849,1776521870372.357,90.508,1.000,89.507,1.929,1833,1577,80.0,1,0,68.0
4822,mean_dynamic_mlp_covertype,stable,h3,1776521870374.357,1776521870456.863,82.506,0.000,81.506,1.882,1833,1577,80.0,1,0,72.0
4823,mean_dynamic_mlp_covertype,stable,h3,1776521870458.864,1776521870612.372,153.508,0.000,153.508,1.909,1833,1577,80.0,1,0,68.9
4824,mean_dynamic_mlp_covertype,stable,h3,1776521870614.373,1776521870719.879,105.507,0.000,104.507,1.879,1833,1577,80.0,1,0,70.3
4825,mean_dynamic_mlp_covertype,stable,h3,1776521870720.880,1776521870883.895,163.015,0.000,162.014,1.945,1833,1577,80.0,1,0,68.9
4826,mean_dynamic_mlp_covertype,stable,h3,1776521870885.895,1776521871012.402,126.507,0.000,125.506,1.779,1833,1577,80.0,1,0,69.7
4827,mean_dynamic_mlp_covertype,stable,h3,1776521871013.402,1776521871119.909,106.507,1.001,104.506,1.939,1833,1577,80.0,1,0,69.6
4828,mean_dynamic_mlp_covertype,stable,h3,1776521871120.908,1776521871191.416,70.507,0.000,69.507,2.104,1833,1577,80.0,0,0,73.0
4829,mean_dynamic_mlp_covertype,stable,h3,1776521871192.417,1776521871299.923,107.506,0.999,106.508,1.850,1833,1577,80.0,1,0,69.0
4830,mean_dynamic_mlp_covertype,stable,h3,1776521871301.924,1776521871467.938,166.015,0.000,165.014,1.792,1833,1577,80.0,1,0,70.1
4831,mean_dynamic_mlp_covertype,stable,h3,1776521871468.938,1776521871627.448,158.510,1.001,157.509,1.867,1833,1577,80.0,1,0,69.2
4832,mean_dynamic_mlp_covertype,stable,h3,1776521871629.447,1776521871759.459,130.012,0.000,128.013,1.893,1833,1577,80.0,1,0,71.3
4833,mean_dynamic_mlp_covertype,stable,h3,1776521871760.460,1776521871826.465,66.006,1.001,65.005,1.798,1833,1577,80.0,0,0,68.9
4834,mean_dynamic_mlp_covertype,stable,h3,1776521871827.463,1776521871923.967,96.503,1.000,94.504,1.845,1833,1577,80.0,1,0,71.9
4835,mean_dynamic_mlp_covertype,stable,h3,1776521871925.969,1776521872024.475,98.506,1.000,97.505,1.864,1833,1577,80.0,1,0,70.6
4836,mean_dynamic_mlp_covertype,stable,h3,1776521872026.478,1776521872128.986,102.508,0.000,101.508,1.962,1833,1577,80.0,1,0,68.5
4837,mean_dynamic_mlp_covertype,stable,h3,1776521872129.986,1776521872294.997,165.011,1.000,164.011,1.945,1833,1577,80.0,1,0,69.7
4838,mean_dynamic_mlp_covertype,stable,h3,1776521872296.997,1776521872474.015,177.018,0.000,176.018,1.767,1833,1577,80.0,1,0,69.7
4839,mean_dynamic_mlp_covertype,stable,h3,1776521872476.016,1776521872618.525,142.509,0.000,141.507,2.018,1833,1577,80.0,1,0,69.2
4840,mean_dynamic_mlp_covertype,stable,h3,1776521872619.523,1776521872753.536,134.013,0.000,132.013,1.850,1833,1577,80.0,1,0,70.1
4841,mean_dynamic_mlp_covertype,stable,h3,1776521872754.536,1776521872881.045,126.509,0.000,125.509,2.228,1833,1577,80.0,1,0,74.6
4842,mean_dynamic_mlp_covertype,stable,h3,1776521872882.045,1776521872947.553,65.508,0.000,63.504,1.781,1833,1577,80.0,0,0,74.7
4843,mean_dynamic_mlp_covertype,stable,h3,1776521872949.552,1776521873035.557,86.005,0.000,86.005,1.886,1833,1577,80.0,1,0,69.1
4844,mean_dynamic_mlp_covertype,stable,h3,1776521873036.556,1776521873178.570,142.014,1.002,140.009,1.841,1833,1577,80.0,1,0,70.1
4845,mean_dynamic_mlp_covertype,stable,h3,1776521873179.568,1776521873310.076,130.508,1.000,129.509,1.961,1833,1577,80.0,1,0,69.4
4846,mean_dynamic_mlp_covertype,stable,h3,1776521873312.076,1776521873445.092,133.015,0.000,132.017,1.928,1833,1577,80.0,1,0,70.3
4847,mean_dynamic_mlp_covertype,stable,h3,1776521873446.091,1776521873543.598,97.507,1.000,96.506,1.685,1833,1577,80.0,1,0,70.3
4848,mean_dynamic_mlp_covertype,stable,h3,1776521873545.598,1776521873659.105,113.507,0.000,113.507,1.710,1833,1577,80.0,1,0,68.8
4849,mean_dynamic_mlp_covertype,stable,h3,1776521873661.105,1776521873823.612,162.507,0.000,162.507,1.814,1833,1577,80.0,1,0,69.3
4850,mean_dynamic_mlp_covertype,stable,h3,1776521873825.612,1776521873958.626,133.015,0.000,131.011,1.857,1833,1577,80.0,1,0,71.1
4851,mean_dynamic_mlp_covertype,stable,h3,1776521873959.626,1776521874055.134,95.507,1.002,93.505,1.766,1833,1577,80.0,1,0,73.0
4852,mean_dynamic_mlp_covertype,stable,h3,1776521874056.134,1776521874170.641,114.507,1.000,113.507,1.952,1833,1577,80.0,1,0,72.0
4853,mean_dynamic_mlp_covertype,stable,h3,1776521874172.641,1776521874273.152,100.511,0.000,99.511,1.806,1833,1577,80.0,1,0,68.6
4854,mean_dynamic_mlp_covertype,stable,h3,1776521874274.152,1776521874404.658,130.506,0.000,129.506,1.840,1833,1577,80.0,1,0,71.9
4855,mean_dynamic_mlp_covertype,stable,h3,1776521874406.659,1776521874523.166,116.507,0.000,116.507,2.018,1833,1577,80.0,1,0,66.7
4856,mean_dynamic_mlp_covertype,stable,h3,1776521874525.166,1776521874654.181,129.015,0.000,129.015,2.023,1833,1577,80.0,1,0,72.0
4857,mean_dynamic_mlp_covertype,stable,h3,1776521874656.182,1776521874797.688,141.507,0.000,141.507,1.820,1833,1577,80.0,1,0,71.7
4858,mean_dynamic_mlp_covertype,stable,h3,1776521874799.689,1776521874894.197,94.508,1.002,92.506,1.875,1833,1577,80.0,1,0,69.5
4859,mean_dynamic_mlp_covertype,stable,h3,1776521874895.196,1776521875024.702,129.506,0.000,128.505,1.876,1833,1577,80.0,1,0,70.8
4860,mean_dynamic_mlp_covertype,stable,h3,1776521875026.704,1776521875117.968,91.264,0.000,91.264,1.842,1833,1577,80.0,1,0,69.5
4861,mean_dynamic_mlp_covertype,stable,h3,1776521875119.968,1776521875222.476,102.508,0.000,101.508,1.915,1833,1577,80.0,1,0,70.5
4862,mean_dynamic_mlp_covertype,stable,h3,1776521875224.476,1776521875341.492,117.016,0.000,117.016,1.923,1833,1577,80.0,1,0,69.3
4863,mean_dynamic_mlp_covertype,stable,h3,1776521875343.495,1776521875466.003,122.507,0.000,121.506,1.797,1833,1577,80.0,1,0,68.5
4864,mean_dynamic_mlp_covertype,stable,h3,1776521875468.003,1776521875597.509,129.506,0.000,128.506,1.902,1833,1577,80.0,1,0,69.3
4865,mean_dynamic_mlp_covertype,stable,h3,1776521875599.510,1776521875713.017,113.507,0.000,112.507,2.043,1833,1577,80.0,1,0,70.0
4866,mean_dynamic_mlp_covertype,stable,h3,1776521875715.017,1776521875839.527,124.510,0.000,123.508,1.764,1833,1577,80.0,1,0,71.7
4867,mean_dynamic_mlp_covertype,stable,h3,1776521875842.033,1776521875970.541,128.507,1.000,127.508,1.888,1833,1577,80.0,1,0,69.3
4868,mean_dynamic_mlp_covertype,stable,h3,1776521875971.541,1776521876050.047,78.506,0.999,76.507,1.816,1833,1577,80.0,0,0,68.7
4869,mean_dynamic_mlp_covertype,stable,h3,1776521876051.047,1776521876200.555,149.508,1.000,147.507,1.804,1833,1577,80.0,1,0,69.6
4870,mean_dynamic_mlp_covertype,stable,h3,1776521876201.554,1776521876347.570,146.016,0.000,145.015,2.503,1833,1577,80.0,1,0,69.2
4871,mean_dynamic_mlp_covertype,stable,h3,1776521876348.570,1776521876490.078,141.508,1.001,139.504,1.974,1833,1577,80.0,1,0,68.3
4872,mean_dynamic_mlp_covertype,stable,h3,1776521876491.077,1776521876639.584,148.508,1.000,146.508,1.753,1833,1577,80.0,1,0,69.4
4873,mean_dynamic_mlp_covertype,stable,h3,1776521876641.587,1776521876773.462,131.875,0.000,130.875,1.769,1833,1577,80.0,1,0,68.2
4874,mean_dynamic_mlp_covertype,stable,h3,1776521876775.463,1776521876893.970,118.507,0.000,118.507,2.030,1833,1577,80.0,1,0,72.1
4875,mean_dynamic_mlp_covertype,stable,h3,1776521876896.971,1776521876996.478,99.506,0.000,98.506,1.817,1833,1577,80.0,1,0,68.8
4876,mean_dynamic_mlp_covertype,stable,h3,1776521876997.478,1776521877126.991,129.513,1.001,128.512,2.058,1833,1577,80.0,1,0,75.2
4877,mean_dynamic_mlp_covertype,stable,h3,1776521877127.990,1776521877247.000,119.010,1.000,117.010,1.890,1833,1577,80.0,1,0,70.3
4878,mean_dynamic_mlp_covertype,stable,h3,1776521877249.000,1776521877317.000,68.000,0.000,66.000,1.774,1833,1577,80.0,0,0,68.8
4879,mean_dynamic_mlp_covertype,stable,h3,1776521877318.000,1776521877493.014,175.014,1.001,174.013,1.678,1833,1577,80.0,1,0,69.5
4880,mean_dynamic_mlp_covertype,stable,h3,1776521877495.014,1776521877565.522,70.508,0.000,70.508,1.851,1833,1577,80.0,0,0,71.2
4881,mean_dynamic_mlp_covertype,stable,h3,1776521877567.521,1776521877685.028,117.506,0.000,117.506,1.995,1833,1577,80.0,1,0,70.9
4882,mean_dynamic_mlp_covertype,stable,h3,1776521877686.028,1776521877857.041,171.013,1.000,169.013,1.946,1833,1577,80.0,1,0,68.5
4883,mean_dynamic_mlp_covertype,stable,h3,1776521877858.041,1776521877953.549,95.508,1.000,94.508,2.282,1833,1577,80.0,1,0,69.8
4884,mean_dynamic_mlp_covertype,stable,h3,1776521877955.550,1776521878144.564,189.014,0.000,187.010,1.836,1833,1577,80.0,1,0,69.1
4885,mean_dynamic_mlp_covertype,stable,h3,1776521878145.564,1776521878373.277,227.713,0.999,226.715,1.750,1833,1577,80.0,1,0,70.5
4886,mean_dynamic_mlp_covertype,stable,h3,1776521878374.309,1776521878459.855,85.547,0.000,84.565,1.843,1833,1577,80.0,1,0,57.3
4887,mean_dynamic_mlp_covertype,stable,h3,1776521878461.795,1776521878547.306,85.511,0.000,85.511,2.040,1833,1577,80.0,1,0,70.8
4888,mean_dynamic_mlp_covertype,stable,h3,1776521878549.305,1776521878648.812,99.506,0.000,99.506,1.899,1833,1577,80.0,1,0,68.8
4889,mean_dynamic_mlp_covertype,stable,h3,1776521878650.812,1776521878784.324,133.512,0.000,133.512,2.009,1833,1577,80.0,1,0,69.9
4890,mean_dynamic_mlp_covertype,stable,h3,1776521878786.324,1776521878917.830,131.506,0.000,130.506,1.850,1833,1577,80.0,1,0,69.2
4891,mean_dynamic_mlp_covertype,stable,h3,1776521878919.832,1776521879049.844,130.012,0.000,130.012,1.844,1833,1577,80.0,1,0,67.7
4892,mean_dynamic_mlp_covertype,stable,h3,1776521879051.844,1776521879182.351,130.507,0.000,129.507,1.731,1833,1577,80.0,1,0,68.7
4893,mean_dynamic_mlp_covertype,stable,h3,1776521879184.354,1776521879339.863,155.509,1.001,154.507,2.105,1833,1577,80.0,1,0,68.8
4894,mean_dynamic_mlp_covertype,stable,h3,1776521879341.861,1776521879480.875,139.014,0.503,138.511,1.866,1833,1577,80.0,1,0,69.2
4895,mean_dynamic_mlp_covertype,stable,h3,1776521879482.875,1776521879551.382,68.506,0.000,68.506,1.754,1833,1577,80.0,0,0,70.8
4896,mean_dynamic_mlp_covertype,stable,h3,1776521879553.382,1776521879667.891,114.509,0.000,114.509,1.859,1833,1577,80.0,1,0,71.0
4897,mean_dynamic_mlp_covertype,stable,h3,1776521879669.893,1776521879844.846,174.953,0.000,174.953,1.857,1833,1577,80.0,1,0,67.2
4898,mean_dynamic_mlp_covertype,stable,h3,1776521879846.849,1776521879977.355,130.507,0.000,130.507,1.917,1833,1577,80.0,1,0,69.0
4899,mean_dynamic_mlp_covertype,stable,h3,1776521879979.352,1776521880162.376,183.024,0.000,183.024,2.438,1833,1577,80.0,1,0,70.5
4900,mean_dynamic_mlp_covertype,stable,h3,1776521880164.372,1776521880302.890,138.518,0.000,136.511,1.947,1833,1577,80.0,1,0,69.4
4901,mean_dynamic_mlp_covertype,stable,h3,1776521880303.888,1776521880423.397,119.508,0.000,117.504,1.855,1833,1577,80.0,1,0,70.5
4902,mean_dynamic_mlp_covertype,stable,h3,1776521880424.397,1776521880548.422,124.024,0.000,122.012,1.771,1833,1577,80.0,1,0,69.5
4903,mean_dynamic_mlp_covertype,stable,h3,1776521880550.419,1776521880660.932,110.513,0.000,109.507,1.944,1833,1577,80.0,1,0,68.8
4904,mean_dynamic_mlp_covertype,stable,h3,1776521880661.927,1776521880742.434,80.508,0.000,79.503,2.007,1833,1577,80.0,1,0,68.8
4905,mean_dynamic_mlp_covertype,stable,h3,1776521880744.438,1776521880896.946,152.508,0.000,152.508,4.608,1833,1577,80.0,1,0,70.6
4906,mean_dynamic_mlp_covertype,stable,h3,1776521880898.946,1776521881038.460,139.515,0.000,137.513,6.429,1833,1577,80.0,1,0,70.8
4907,mean_dynamic_mlp_covertype,stable,h3,1776521881039.461,1776521881120.970,81.510,1.000,80.509,2.999,1833,1577,80.0,1,0,69.8
4908,mean_dynamic_mlp_covertype,stable,h3,1776521881122.967,1776521881291.988,169.021,0.000,169.021,2.182,1833,1577,80.0,1,0,69.1
4909,mean_dynamic_mlp_covertype,stable,h3,1776521881293.989,1776521881402.545,108.557,1.002,107.554,2.535,1833,1577,80.0,1,0,69.4
4910,mean_dynamic_mlp_covertype,stable,h3,1776521881404.544,1776521881519.056,114.512,0.000,113.512,1.884,1833,1577,80.0,1,0,71.3
4911,mean_dynamic_mlp_covertype,stable,h3,1776521881521.058,1776521881637.154,116.096,0.000,115.096,1.967,1833,1577,80.0,1,0,70.3
4912,mean_dynamic_mlp_covertype,stable,h3,1776521881638.153,1776521881727.317,89.164,1.000,87.160,8.893,1833,1577,80.0,1,0,68.8
4913,mean_dynamic_mlp_covertype,stable,h3,1776521881728.322,1776521881835.348,107.026,0.000,106.026,4.863,1833,1577,80.0,1,0,71.4
4914,mean_dynamic_mlp_covertype,stable,h3,1776521881837.348,1776521881988.365,151.018,0.000,150.019,9.208,1833,1577,80.0,1,0,69.4
4915,mean_dynamic_mlp_covertype,stable,h3,1776521881989.365,1776521882088.875,99.511,1.001,98.510,2.067,1833,1577,80.0,1,0,70.3
4916,mean_dynamic_mlp_covertype,stable,h3,1776521882090.875,1776521882194.388,103.513,0.000,103.513,1.834,1833,1577,80.0,1,0,68.0
4917,mean_dynamic_mlp_covertype,stable,h3,1776521882196.386,1776521882354.406,158.020,0.000,158.020,2.905,1833,1577,80.0,1,0,69.3
4918,mean_dynamic_mlp_covertype,stable,h3,1776521882356.408,1776521882553.970,197.562,0.000,195.561,2.437,1833,1577,80.0,1,0,70.3
4919,mean_dynamic_mlp_covertype,stable,h3,1776521882554.970,1776521882709.477,154.507,0.000,153.508,2.990,1833,1577,80.0,1,0,70.0
4920,mean_dynamic_mlp_covertype,stable,h3,1776521882710.477,1776521882886.496,176.018,0.000,175.017,1.844,1833,1577,80.0,1,0,69.4
4921,mean_dynamic_mlp_covertype,stable,h3,1776521882888.496,1776521882985.518,97.022,0.000,97.022,1.777,1833,1577,80.0,1,0,69.8
4922,mean_dynamic_mlp_covertype,stable,h3,1776521882987.518,1776521883076.639,89.120,0.000,88.120,2.386,1833,1577,80.0,1,0,69.5
4923,mean_dynamic_mlp_covertype,stable,h3,1776521883078.639,1776521883187.149,108.510,0.000,108.510,6.428,1833,1577,80.0,1,0,68.1
4924,mean_dynamic_mlp_covertype,stable,h3,1776521883189.148,1776521883332.659,143.511,0.000,142.511,4.096,1833,1577,80.0,1,0,69.4
4925,mean_dynamic_mlp_covertype,stable,h3,1776521883333.659,1776521883435.175,101.516,1.000,99.513,2.939,1833,1577,80.0,1,0,68.8
4926,mean_dynamic_mlp_covertype,stable,h3,1776521883437.174,1776521883545.192,108.018,0.000,108.018,1.830,1833,1577,80.0,1,0,70.3
4927,mean_dynamic_mlp_covertype,stable,h3,1776521883547.194,1776521883651.702,104.508,0.000,104.508,1.983,1833,1577,80.0,1,0,68.8
4928,mean_dynamic_mlp_covertype,stable,h3,1776521883653.702,1776521883785.210,131.509,0.000,130.508,7.896,1833,1577,80.0,1,0,68.8
4929,mean_dynamic_mlp_covertype,stable,h3,1776521883787.209,1776521883924.719,137.510,0.000,136.509,7.338,1833,1577,80.0,1,0,68.3
4930,mean_dynamic_mlp_covertype,stable,h3,1776521883926.719,1776521884021.228,94.509,0.000,94.509,2.880,1833,1577,80.0,1,0,70.1
4931,mean_dynamic_mlp_covertype,stable,h3,1776521884023.229,1776521884140.742,117.513,0.000,117.513,2.169,1833,1577,80.0,1,0,69.5
4932,mean_dynamic_mlp_covertype,stable,h3,1776521884142.742,1776521884250.763,108.021,0.507,107.514,3.112,1833,1577,80.0,1,0,68.8
4933,mean_dynamic_mlp_covertype,stable,h3,1776521884252.762,1776521884370.271,117.509,1.170,116.339,6.002,1833,1577,80.0,1,0,70.9
4934,mean_dynamic_mlp_covertype,stable,h3,1776521884372.270,1776521884458.777,86.507,0.000,85.507,2.198,1833,1577,80.0,1,0,67.1
4935,mean_dynamic_mlp_covertype,stable,h3,1776521884459.777,1776521884553.051,93.274,1.002,92.272,2.106,1833,1577,80.0,1,0,68.8
4936,mean_dynamic_mlp_covertype,stable,h3,1776521884555.049,1776521884654.564,99.515,0.000,98.512,1.780,1833,1577,80.0,1,0,70.5
4937,mean_dynamic_mlp_covertype,stable,h3,1776521884655.565,1776521884773.072,117.507,0.000,116.509,1.819,1833,1577,80.0,1,0,70.8
4938,mean_dynamic_mlp_covertype,stable,h3,1776521884775.072,1776521884906.580,131.508,1.000,130.508,1.881,1833,1577,80.0,1,0,70.1
4939,mean_dynamic_mlp_covertype,stable,h3,1776521884908.579,1776521885086.596,178.017,0.000,177.015,1.750,1833,1577,80.0,1,0,69.5
4940,mean_dynamic_mlp_covertype,stable,h3,1776521885087.594,1776521885239.105,151.511,0.000,149.509,2.107,1833,1577,80.0,1,0,71.2
4941,mean_dynamic_mlp_covertype,stable,h3,1776521885240.103,1776521885374.123,134.020,0.000,133.019,1.903,1833,1577,80.0,1,0,70.1
4942,mean_dynamic_mlp_covertype,stable,h3,1776521885376.120,1776521885475.630,99.510,0.000,98.506,1.778,1833,1577,80.0,1,0,69.1
4943,mean_dynamic_mlp_covertype,stable,h3,1776521885477.628,1776521885613.186,135.557,0.000,135.557,2.976,1833,1577,80.0,1,0,69.4
4944,mean_dynamic_mlp_covertype,stable,h3,1776521885615.185,1776521885739.695,124.510,0.000,123.510,2.636,1833,1577,80.0,1,0,68.8
4945,mean_dynamic_mlp_covertype,stable,h3,1776521885741.695,1776521885871.711,130.016,0.000,130.016,1.791,1833,1577,80.0,1,0,68.8
4946,mean_dynamic_mlp_covertype,stable,h3,1776521885873.711,1776521886056.729,183.017,0.000,182.019,1.893,1833,1577,80.0,1,0,70.3
4947,mean_dynamic_mlp_covertype,stable,h3,1776521886057.729,1776521886201.236,143.507,0.000,142.508,1.860,1833,1577,80.0,1,0,69.4
4948,mean_dynamic_mlp_covertype,stable,h3,1776521886203.237,1776521886334.751,131.515,0.000,131.515,1.866,1833,1577,80.0,1,0,71.2
4949,mean_dynamic_mlp_covertype,stable,h3,1776521886336.752,1776521886405.258,68.506,0.000,67.507,1.985,1833,1577,80.0,0,0,71.2
4950,mean_dynamic_mlp_covertype,stable,h3,1776521886407.257,1776521886494.762,87.506,0.000,87.506,1.777,1833,1577,80.0,1,0,70.1
4951,mean_dynamic_mlp_covertype,stable,h3,1776521886496.762,1776521886683.779,187.016,0.000,186.015,1.786,1833,1577,80.0,1,0,68.8
4952,mean_dynamic_mlp_covertype,stable,h3,1776521886685.779,1776521886732.781,47.003,1.001,46.002,1.931,1833,1577,80.0,0,0,72.9
4953,mean_dynamic_mlp_covertype,stable,h3,1776521886734.781,1776521886828.289,93.508,0.000,91.507,1.969,1833,1577,80.0,1,0,74.0
4954,mean_dynamic_mlp_covertype,stable,h3,1776521886829.292,1776521886943.305,114.012,1.000,113.012,1.740,1833,1577,80.0,1,0,78.1
4955,mean_dynamic_mlp_covertype,stable,h3,1776521886945.309,1776521887100.819,155.511,0.000,155.511,1.761,1833,1577,80.0,1,0,71.4
4956,mean_dynamic_mlp_covertype,stable,h3,1776521887102.825,1776521887206.327,103.502,0.000,103.502,1.709,1833,1577,80.0,1,0,70.5
4957,mean_dynamic_mlp_covertype,stable,h3,1776521887208.328,1776521887349.084,140.757,0.000,139.757,2.051,1833,1577,80.0,1,0,70.4
4958,mean_dynamic_mlp_covertype,stable,h3,1776521887350.084,1776521887433.089,83.005,0.000,82.005,1.826,1833,1577,80.0,1,0,70.4
4959,mean_dynamic_mlp_covertype,stable,h3,1776521887435.087,1776521887534.602,99.515,0.000,99.515,2.343,1833,1577,80.0,1,0,78.1
4960,mean_dynamic_mlp_covertype,stable,h3,1776521887535.601,1776521887657.577,121.976,1.003,120.973,1.837,1833,1577,80.0,1,0,72.7
4961,mean_dynamic_mlp_covertype,stable,h3,1776521887659.578,1776521887791.963,132.386,0.000,131.386,1.869,1833,1577,80.0,1,0,71.7
4962,mean_dynamic_mlp_covertype,stable,h3,1776521887792.963,1776521887939.476,146.512,0.000,144.510,1.851,1833,1577,80.0,1,0,69.9
4963,mean_dynamic_mlp_covertype,stable,h3,1776521887940.474,1776521888062.495,122.022,0.000,120.021,1.887,1833,1577,80.0,1,0,72.5
4964,mean_dynamic_mlp_covertype,stable,h3,1776521888063.495,1776521888236.008,172.512,1.000,170.510,1.810,1833,1577,80.0,1,0,71.9
4965,mean_dynamic_mlp_covertype,stable,h3,1776521888238.007,1776521888321.515,83.508,0.000,82.508,1.748,1833,1577,80.0,1,0,70.0
4966,mean_dynamic_mlp_covertype,stable,h3,1776521888323.513,1776521888476.532,153.019,0.000,153.019,1.829,1833,1577,80.0,1,0,75.0
4967,mean_dynamic_mlp_covertype,stable,h3,1776521888478.535,1776521888588.045,109.510,1.001,108.510,2.209,1833,1577,80.0,1,0,71.4
4968,mean_dynamic_mlp_covertype,stable,h3,1776521888590.046,1776521888661.553,71.508,0.000,69.505,2.205,1833,1577,80.0,0,0,66.7
4969,mean_dynamic_mlp_covertype,stable,h3,1776521888662.552,1776521888776.066,113.514,1.001,111.511,2.250,1833,1577,80.0,1,0,71.3
4970,mean_dynamic_mlp_covertype,stable,h3,1776521888777.066,1776521888915.572,138.506,0.000,137.506,2.061,1833,1577,80.0,1,0,70.8
4971,mean_dynamic_mlp_covertype,stable,h3,1776521888917.571,1776521889052.590,135.020,0.000,134.017,1.758,1833,1577,80.0,1,0,70.3
4972,mean_dynamic_mlp_covertype,stable,h3,1776521889053.588,1776521889139.591,86.003,0.000,85.001,1.771,1833,1577,80.0,1,0,69.1
4973,mean_dynamic_mlp_covertype,stable,h3,1776521889141.591,1776521889314.607,173.016,0.000,172.017,1.752,1833,1577,80.0,1,0,74.4
4974,mean_dynamic_mlp_covertype,stable,h3,1776521889316.608,1776521889489.631,173.023,0.000,171.020,2.097,1833,1577,80.0,1,0,70.5
4975,mean_dynamic_mlp_covertype,stable,h3,1776521889490.630,1776521889583.145,92.515,1.002,90.507,2.052,1833,1577,80.0,1,0,70.1
4976,mean_dynamic_mlp_covertype,stable,h3,1776521889584.143,1776521889707.650,123.507,0.997,122.510,2.014,1833,1577,80.0,1,0,69.2
4977,mean_dynamic_mlp_covertype,stable,h3,1776521889709.651,1776521889885.672,176.022,0.000,175.021,1.755,1833,1577,80.0,1,0,70.8
4978,mean_dynamic_mlp_covertype,stable,h3,1776521889887.673,1776521889980.186,92.513,0.000,92.513,3.174,1833,1577,80.0,1,0,69.1
4979,mean_dynamic_mlp_covertype,stable,h3,1776521889982.188,1776521890184.431,202.243,0.000,201.241,1.832,1833,1577,80.0,1,0,70.7
4980,mean_dynamic_mlp_covertype,stable,h3,1776521890185.433,1776521890348.452,163.019,0.000,163.019,2.467,1833,1577,80.0,1,0,68.9
4981,mean_dynamic_mlp_covertype,stable,h3,1776521890350.451,1776521890476.959,126.508,0.000,125.505,1.749,1833,1577,80.0,1,0,69.8
4982,mean_dynamic_mlp_covertype,stable,h3,1776521890478.959,1776521890620.468,141.509,0.000,140.507,1.866,1833,1577,80.0,1,0,69.8
4983,mean_dynamic_mlp_covertype,stable,h3,1776521890621.466,1776521890774.101,152.635,0.000,150.635,1.969,1833,1577,80.0,1,0,69.7
4984,mean_dynamic_mlp_covertype,stable,h3,1776521890775.103,1776521890883.608,108.505,0.000,108.505,2.165,1833,1577,80.0,1,0,73.0
4985,mean_dynamic_mlp_covertype,stable,h3,1776521890885.609,1776521891036.118,150.510,0.000,149.509,3.554,1833,1577,80.0,1,0,69.6
4986,mean_dynamic_mlp_covertype,stable,h3,1776521891037.117,1776521891137.628,100.511,0.000,98.509,2.250,1833,1577,80.0,1,0,69.6
4987,mean_dynamic_mlp_covertype,stable,h3,1776521891138.627,1776521891228.135,89.508,1.001,88.507,1.853,1833,1577,80.0,1,0,70.1
4988,mean_dynamic_mlp_covertype,stable,h3,1776521891230.135,1776521891392.149,162.014,0.000,162.014,3.277,1833,1577,80.0,1,0,69.6
4989,mean_dynamic_mlp_covertype,stable,h3,1776521891394.151,1776521891538.662,144.511,0.000,143.510,1.906,1833,1577,80.0,1,0,68.3
4990,mean_dynamic_mlp_covertype,stable,h3,1776521891540.660,1776521891671.679,131.019,0.000,128.901,1.945,1833,1577,80.0,1,0,73.6
4991,mean_dynamic_mlp_covertype,stable,h3,1776521891673.684,1776521891790.186,116.502,0.000,116.502,1.773,1833,1577,80.0,1,0,67.2
4992,mean_dynamic_mlp_covertype,stable,h3,1776521891792.186,1776521891947.854,155.667,0.000,155.667,1.946,1833,1577,80.0,1,0,68.9
4993,mean_dynamic_mlp_covertype,stable,h3,1776521891949.853,1776521892088.359,138.505,0.000,137.506,1.964,1833,1577,80.0,1,0,69.2
4994,mean_dynamic_mlp_covertype,stable,h3,1776521892090.360,1776521892217.869,127.509,0.000,126.505,1.887,1833,1577,80.0,1,0,68.8
4995,mean_dynamic_mlp_covertype,stable,h3,1776521892218.866,1776521892345.879,127.013,0.000,126.012,1.823,1833,1577,80.0,1,0,68.8
4996,mean_dynamic_mlp_covertype,stable,h3,1776521892347.996,1776521892421.879,73.883,0.885,72.997,1.845,1833,1577,80.0,0,0,70.0
4997,mean_dynamic_mlp_covertype,stable,h3,1776521892423.879,1776521892513.385,89.506,0.000,89.506,1.759,1833,1577,80.0,1,0,70.5
4998,mean_dynamic_mlp_covertype,stable,h3,1776521892514.385,1776521892642.898,128.513,1.000,127.513,1.773,1833,1577,80.0,1,0,68.2
4999,mean_dynamic_mlp_covertype,stable,h3,1776521892644.401,1776521892763.911,119.510,0.000,118.507,1.832,1833,1577,80.0,1,0,70.3
