request_id,strategy,scenario,chosen_split,t_start_ms,t_end_ms,latency_ms,front_ms,http_ms,server_compute_ms,bytes_up,bytes_down,deadline_ms,missed_deadline,switched,cpu_percent
0,mean_dynamic_mobilenetv2,stable,features_16,1775840335523.831,1775840336003.808,479.977,192.036,282.945,111.635,32937,5545,200.0,1,0,75.4
1,mean_dynamic_mobilenetv2,stable,features_16,1775840336020.807,1775840336394.106,373.298,93.372,277.922,109.447,32937,5545,200.0,1,0,93.4
2,mean_dynamic_mobilenetv2,stable,features_16,1775840336403.108,1775840336907.810,504.702,201.283,302.422,115.437,32937,5545,200.0,1,0,93.7
3,mean_dynamic_mobilenetv2,stable,features_16,1775840336922.664,1775840337119.701,197.037,85.523,109.518,32.515,32937,5545,200.0,0,0,93.2
4,mean_dynamic_mobilenetv2,stable,features_16,1775840337132.705,1775840337304.756,172.051,64.520,105.531,36.185,32937,5545,200.0,0,0,91.7
5,mean_dynamic_mobilenetv2,stable,features_16,1775840337310.749,1775840337504.790,194.041,87.526,104.512,34.046,32937,5545,200.0,0,0,97.7
6,mean_dynamic_mobilenetv2,stable,features_16,1775840337514.790,1775840337719.820,205.030,79.515,123.513,39.558,32937,5545,200.0,1,0,94.5
7,mean_dynamic_mobilenetv2,stable,features_16,1775840337724.820,1775840337923.879,199.060,95.535,102.524,36.057,32937,5545,200.0,0,0,100.0
8,mean_dynamic_mobilenetv2,stable,features_16,1775840337930.880,1775840338108.906,178.026,70.514,105.509,36.303,32937,5545,200.0,0,0,100.0
9,mean_dynamic_mobilenetv2,stable,features_16,1775840338118.911,1775840338311.945,193.034,87.522,103.510,32.235,32937,5545,200.0,0,0,99.1
10,mean_dynamic_mobilenetv2,stable,features_16,1775840338318.954,1775840338506.986,188.032,83.512,103.516,35.458,32937,5545,200.0,0,0,100.0
11,mean_dynamic_mobilenetv2,stable,features_16,1775840338515.980,1775840338708.007,192.027,87.513,103.510,34.928,32937,5545,200.0,0,0,98.6
12,mean_dynamic_mobilenetv2,stable,features_16,1775840338719.008,1775840338928.041,209.033,99.515,109.518,36.441,32937,5545,200.0,1,0,99.6
13,mean_dynamic_mobilenetv2,stable,features_16,1775840338934.040,1775840339122.078,188.038,85.518,102.521,33.788,32937,5545,200.0,0,0,97.7
14,mean_dynamic_mobilenetv2,stable,features_16,1775840339131.075,1775840339336.133,205.057,98.531,105.527,35.166,32937,5545,200.0,1,0,98.7
15,mean_dynamic_mobilenetv2,stable,features_16,1775840339348.130,1775840339562.184,214.054,102.530,108.522,37.998,32937,5545,200.0,1,0,97.1
16,mean_dynamic_mobilenetv2,stable,features_16,1775840339571.696,1775840339818.735,247.039,132.519,113.520,37.764,32937,5545,200.0,1,0,99.2
17,mean_dynamic_mobilenetv2,stable,features_16,1775840339829.737,1775840340027.260,197.522,89.573,105.948,37.472,32937,5545,200.0,0,0,96.1
18,mean_dynamic_mobilenetv2,stable,features_16,1775840340038.261,1775840340275.825,237.565,124.534,112.028,42.869,32937,5545,200.0,1,0,95.4
19,mean_dynamic_mobilenetv2,stable,features_16,1775840340284.819,1775840340515.873,231.054,119.537,109.518,36.331,32937,5545,200.0,1,0,99.2
20,mean_dynamic_mobilenetv2,stable,features_16,1775840340524.873,1775840340672.908,148.035,34.002,113.033,39.996,32937,5545,200.0,0,0,96.4
21,mean_dynamic_mobilenetv2,stable,features_16,1775840340682.912,1775840340885.948,203.036,92.522,109.515,40.027,32937,5545,200.0,1,0,98.7
22,mean_dynamic_mobilenetv2,stable,features_16,1775840340897.949,1775840341110.993,213.043,101.522,107.520,38.845,32937,5545,200.0,1,0,98.7
23,mean_dynamic_mobilenetv2,stable,features_16,1775840341115.992,1775840341351.033,235.041,116.523,114.512,40.497,32937,5545,200.0,1,0,99.6
24,mean_dynamic_mobilenetv2,stable,features_16,1775840341362.044,1775840341573.973,211.929,92.521,117.407,41.890,32937,5545,200.0,1,0,99.2
25,mean_dynamic_mobilenetv2,stable,features_16,1775840341581.974,1775840341758.503,176.529,67.999,106.531,38.609,32937,5545,200.0,0,0,97.5
26,mean_dynamic_mobilenetv2,stable,features_16,1775840341768.008,1775840341946.536,178.528,74.013,103.520,33.249,32937,5545,200.0,0,0,98.5
27,mean_dynamic_mobilenetv2,stable,features_16,1775840341952.534,1775840342136.570,184.036,75.522,106.515,35.280,32937,5545,200.0,0,0,98.0
28,mean_dynamic_mobilenetv2,stable,features_16,1775840342142.572,1775840342327.602,185.031,76.518,107.514,33.269,32937,5545,200.0,0,0,96.4
29,mean_dynamic_mobilenetv2,stable,features_16,1775840342337.601,1775840342528.647,191.047,77.525,109.523,37.601,32937,5545,200.0,0,0,96.3
30,mean_dynamic_mobilenetv2,stable,features_16,1775840342536.650,1775840342731.710,195.060,84.542,108.525,36.823,32937,5545,200.0,0,0,99.1
31,mean_dynamic_mobilenetv2,stable,features_16,1775840342742.710,1775840342957.754,215.043,106.526,107.513,33.999,32937,5545,200.0,1,0,98.3
32,mean_dynamic_mobilenetv2,stable,features_16,1775840342965.754,1775840343184.307,218.554,113.039,104.513,36.159,32937,5545,200.0,1,0,98.0
33,mean_dynamic_mobilenetv2,stable,features_16,1775840343199.301,1775840343446.333,247.032,92.519,153.513,39.133,32937,5545,200.0,1,0,97.9
34,mean_dynamic_mobilenetv2,stable,features_16,1775840343457.342,1775840343668.896,211.554,95.511,115.036,41.489,32937,5545,200.0,1,0,95.6
35,mean_dynamic_mobilenetv2,stable,features_16,1775840343677.896,1775840343868.156,190.260,82.237,106.518,37.009,32937,5545,200.0,0,0,97.6
36,mean_dynamic_mobilenetv2,stable,features_16,1775840343878.164,1775840344069.199,191.035,84.003,103.520,36.149,32937,5545,200.0,0,0,97.5
37,mean_dynamic_mobilenetv2,stable,features_16,1775840344079.199,1775840344258.722,179.523,73.000,105.524,35.469,32937,5545,200.0,0,0,97.3
38,mean_dynamic_mobilenetv2,stable,features_16,1775840344263.722,1775840344471.272,207.550,97.517,108.031,38.878,32937,5545,200.0,1,0,97.7
39,mean_dynamic_mobilenetv2,stable,features_16,1775840344480.272,1775840344669.317,189.045,80.008,108.030,35.383,32937,5545,200.0,0,0,96.7
40,mean_dynamic_mobilenetv2,stable,features_16,1775840344677.314,1775840344888.350,211.036,100.517,107.520,36.728,32937,5545,200.0,1,0,100.0
41,mean_dynamic_mobilenetv2,stable,features_16,1775840344893.349,1775840345107.386,214.038,99.520,109.518,36.367,32937,5545,200.0,1,0,97.4
42,mean_dynamic_mobilenetv2,stable,features_16,1775840345118.389,1775840345317.420,199.032,90.522,106.508,36.660,32937,5545,200.0,0,0,100.0
43,mean_dynamic_mobilenetv2,stable,features_16,1775840345327.422,1775840345501.449,174.028,66.514,104.515,35.400,32937,5545,200.0,0,0,94.4
44,mean_dynamic_mobilenetv2,stable,features_16,1775840345510.449,1775840345700.493,190.044,84.528,105.516,39.246,32937,5545,200.0,0,0,98.1
45,mean_dynamic_mobilenetv2,stable,features_16,1775840345706.494,1775840345900.529,194.035,90.524,101.513,35.279,32937,5545,200.0,0,0,98.2
46,mean_dynamic_mobilenetv2,stable,features_16,1775840345910.531,1775840346099.566,189.034,82.516,105.516,34.693,32937,5545,200.0,0,0,95.4
47,mean_dynamic_mobilenetv2,stable,features_16,1775840346107.564,1775840346318.590,211.026,94.516,112.511,38.092,32937,5545,200.0,1,0,97.1
48,mean_dynamic_mobilenetv2,stable,features_16,1775840346326.591,1775840346509.624,183.033,79.516,100.518,33.501,32937,5545,200.0,0,0,99.1
49,mean_dynamic_mobilenetv2,stable,features_16,1775840346517.626,1775840346719.662,202.036,92.518,107.519,37.274,32937,5545,200.0,1,0,97.7
50,mean_dynamic_mobilenetv2,stable,features_16,1775840346733.662,1775840346915.695,182.033,73.521,105.513,34.517,32937,5545,200.0,0,0,100.0
51,mean_dynamic_mobilenetv2,stable,features_16,1775840346924.695,1775840347126.731,202.036,87.513,112.521,36.190,32937,5545,200.0,1,0,94.8
52,mean_dynamic_mobilenetv2,stable,features_16,1775840347133.728,1775840347327.773,194.045,83.524,109.524,37.948,32937,5545,200.0,0,0,96.8
53,mean_dynamic_mobilenetv2,stable,features_16,1775840347336.772,1775840347512.811,176.039,68.528,105.512,36.859,32937,5545,200.0,0,0,98.0
54,mean_dynamic_mobilenetv2,stable,features_16,1775840347522.811,1775840347724.843,202.032,95.518,104.512,36.514,32937,5545,200.0,1,0,96.3
55,mean_dynamic_mobilenetv2,stable,features_16,1775840347733.840,1775840347926.885,193.045,83.515,109.530,39.394,32937,5545,200.0,0,0,98.1
56,mean_dynamic_mobilenetv2,stable,features_16,1775840347934.883,1775840348133.927,199.045,91.520,107.525,38.145,32937,5545,200.0,0,0,99.6
57,mean_dynamic_mobilenetv2,stable,features_16,1775840348141.927,1775840348347.969,206.042,90.518,109.531,36.703,32937,5545,200.0,1,0,98.6
58,mean_dynamic_mobilenetv2,stable,features_16,1775840348357.979,1775840348571.528,213.549,108.509,104.042,36.327,32937,5545,200.0,1,0,98.4
59,mean_dynamic_mobilenetv2,stable,features_16,1775840348579.529,1775840348765.042,185.513,72.997,111.517,43.508,32937,5545,200.0,0,0,98.5
60,mean_dynamic_mobilenetv2,stable,features_16,1775840348773.556,1775840348955.591,182.035,68.999,111.039,38.045,32937,5545,200.0,0,0,100.0
61,mean_dynamic_mobilenetv2,stable,features_16,1775840348965.601,1775840349227.144,261.543,118.026,140.517,35.633,32937,5545,200.0,1,0,99.7
62,mean_dynamic_mobilenetv2,stable,features_16,1775840349234.144,1775840349414.196,180.052,77.527,101.527,33.912,32937,5545,200.0,0,0,100.0
63,mean_dynamic_mobilenetv2,stable,features_16,1775840349423.203,1775840349641.233,218.030,108.510,109.520,35.595,32937,5545,200.0,1,0,99.6
64,mean_dynamic_mobilenetv2,stable,features_16,1775840349647.233,1775840349862.294,215.061,104.525,106.529,35.777,32937,5545,200.0,1,0,98.7
65,mean_dynamic_mobilenetv2,stable,features_16,1775840349871.808,1775840350082.852,211.044,102.521,105.522,33.839,32937,5545,200.0,1,0,97.9
66,mean_dynamic_mobilenetv2,stable,features_16,1775840350089.850,1775840350265.375,175.525,65.005,106.516,36.371,32937,5545,200.0,0,0,98.5
67,mean_dynamic_mobilenetv2,stable,features_16,1775840350274.890,1775840350476.917,202.028,99.517,100.513,32.391,32937,5545,200.0,1,0,98.2
68,mean_dynamic_mobilenetv2,stable,features_16,1775840350485.917,1775840350682.968,197.051,89.517,106.534,34.541,32937,5545,200.0,0,0,98.2
69,mean_dynamic_mobilenetv2,stable,features_16,1775840350690.962,1775840350949.010,258.048,142.524,110.521,35.641,32937,5545,200.0,1,0,96.0
70,mean_dynamic_mobilenetv2,stable,features_16,1775840350958.013,1775840351159.043,201.030,85.516,114.512,42.810,32937,5545,200.0,1,0,100.0
71,mean_dynamic_mobilenetv2,stable,features_16,1775840351164.040,1775840351371.741,207.701,95.515,109.181,37.132,32937,5545,200.0,1,0,98.3
72,mean_dynamic_mobilenetv2,stable,features_16,1775840351379.742,1775840351590.777,211.035,105.511,104.524,36.423,32937,5545,200.0,1,0,96.9
73,mean_dynamic_mobilenetv2,stable,features_16,1775840351602.773,1775840351799.824,197.052,90.529,106.523,35.317,32937,5545,200.0,0,0,99.1
74,mean_dynamic_mobilenetv2,stable,features_16,1775840351810.825,1775840352007.869,197.045,84.525,108.521,36.850,32937,5545,200.0,0,0,100.0
75,mean_dynamic_mobilenetv2,stable,features_16,1775840352018.871,1775840352227.910,209.039,104.517,101.523,36.974,32937,5545,200.0,1,0,98.8
76,mean_dynamic_mobilenetv2,stable,features_16,1775840352234.909,1775840352411.948,177.039,75.520,99.520,32.149,32937,5545,200.0,0,0,93.8
77,mean_dynamic_mobilenetv2,stable,features_16,1775840352419.947,1775840352630.529,210.582,104.524,104.060,37.668,32937,5545,200.0,1,0,98.7
78,mean_dynamic_mobilenetv2,stable,features_16,1775840352640.530,1775840352830.334,189.804,79.528,105.274,36.448,32937,5545,200.0,0,0,97.7
79,mean_dynamic_mobilenetv2,stable,features_16,1775840352840.329,1775840353046.371,206.042,98.522,105.520,32.970,32937,5545,200.0,1,0,98.3
80,mean_dynamic_mobilenetv2,stable,features_16,1775840353054.377,1775840353248.409,194.033,80.522,111.512,42.440,32937,5545,200.0,0,0,95.7
81,mean_dynamic_mobilenetv2,stable,features_16,1775840353257.614,1775840353434.648,177.034,71.513,103.523,35.211,32937,5545,200.0,0,0,97.4
82,mean_dynamic_mobilenetv2,stable,features_16,1775840353439.646,1775840353652.684,213.038,105.514,107.524,38.328,32937,5545,200.0,1,0,99.6
83,mean_dynamic_mobilenetv2,stable,features_16,1775840353660.698,1775840353854.730,194.032,76.510,113.524,42.271,32937,5545,200.0,0,0,96.2
84,mean_dynamic_mobilenetv2,stable,features_16,1775840353865.737,1775840354079.296,213.559,94.516,117.038,42.013,32937,5545,200.0,1,0,99.1
85,mean_dynamic_mobilenetv2,stable,features_16,1775840354090.291,1775840354249.818,159.527,54.001,102.525,36.461,32937,5545,200.0,0,0,97.8
86,mean_dynamic_mobilenetv2,stable,features_16,1775840354259.823,1775840354463.865,204.042,96.525,106.517,36.233,32937,5545,200.0,1,0,100.0
87,mean_dynamic_mobilenetv2,stable,features_16,1775840354472.385,1775840354666.915,194.530,90.015,103.513,33.686,32937,5545,200.0,0,0,96.6
88,mean_dynamic_mobilenetv2,stable,features_16,1775840354678.438,1775840354929.464,251.026,79.996,168.023,92.521,32937,5545,200.0,1,0,97.3
89,mean_dynamic_mobilenetv2,stable,features_16,1775840354938.473,1775840355131.506,193.033,86.519,105.513,37.072,32937,5545,200.0,0,0,97.2
90,mean_dynamic_mobilenetv2,stable,features_16,1775840355140.504,1775840355313.545,173.041,65.528,103.510,37.789,32937,5545,200.0,0,0,100.0
91,mean_dynamic_mobilenetv2,stable,features_16,1775840355323.544,1775840355520.591,197.047,86.532,108.517,40.009,32937,5545,200.0,0,0,100.0
92,mean_dynamic_mobilenetv2,stable,features_16,1775840355524.590,1775840355704.628,180.037,68.522,108.515,36.971,32937,5545,200.0,0,0,98.5
93,mean_dynamic_mobilenetv2,stable,features_16,1775840355713.626,1775840355929.660,216.034,103.519,110.514,39.032,32937,5545,200.0,1,0,96.5
94,mean_dynamic_mobilenetv2,stable,features_16,1775840355939.658,1775840356201.225,261.566,141.042,117.521,42.497,32937,5545,200.0,1,0,99.3
95,mean_dynamic_mobilenetv2,stable,features_16,1775840356209.227,1775840356411.270,202.044,90.530,109.511,36.309,32937,5545,200.0,1,0,99.1
96,mean_dynamic_mobilenetv2,stable,features_16,1775840356420.272,1775840356658.317,238.045,130.519,102.523,32.962,32937,5545,200.0,1,0,98.5
97,mean_dynamic_mobilenetv2,stable,features_16,1775840356670.323,1775840356872.872,202.549,91.516,109.027,36.620,32937,5545,200.0,1,0,99.1
98,mean_dynamic_mobilenetv2,stable,features_16,1775840356881.871,1775840357073.914,192.043,78.007,113.035,40.424,32937,5545,200.0,0,0,98.1
99,mean_dynamic_mobilenetv2,stable,features_16,1775840357081.914,1775840357250.440,168.526,54.003,112.523,40.138,32937,5545,200.0,0,0,96.6
100,mean_dynamic_mobilenetv2,stable,features_16,1775840357258.449,1775840357462.706,204.257,92.735,107.523,34.689,32937,5545,200.0,1,0,98.3
101,mean_dynamic_mobilenetv2,stable,features_16,1775840357469.704,1775840357697.656,227.952,118.430,108.518,37.775,32937,5545,200.0,1,0,100.0
102,mean_dynamic_mobilenetv2,stable,features_16,1775840357704.652,1775840357904.684,200.031,82.513,112.516,41.230,32937,5545,200.0,1,0,98.6
103,mean_dynamic_mobilenetv2,stable,features_16,1775840357912.682,1775840358117.723,205.041,96.521,106.523,35.515,32937,5545,200.0,1,0,98.7
104,mean_dynamic_mobilenetv2,stable,features_16,1775840358127.720,1775840358322.758,195.037,88.515,105.523,35.012,32937,5545,200.0,0,0,100.0
105,mean_dynamic_mobilenetv2,stable,features_16,1775840358332.758,1775840358528.786,196.028,84.514,110.514,36.535,32937,5545,200.0,0,0,100.0
106,mean_dynamic_mobilenetv2,stable,features_16,1775840358538.790,1775840358738.255,199.465,85.949,110.699,35.949,32937,5545,200.0,0,0,100.0
107,mean_dynamic_mobilenetv2,stable,features_16,1775840358745.256,1775840358957.303,212.047,108.521,102.521,36.192,32937,5545,200.0,1,0,99.6
108,mean_dynamic_mobilenetv2,stable,features_16,1775840358962.303,1775840359152.336,190.033,80.521,107.510,37.128,32937,5545,200.0,0,0,100.0
109,mean_dynamic_mobilenetv2,stable,features_16,1775840359165.352,1775840359391.904,226.552,118.036,106.518,35.394,32937,5545,200.0,1,0,99.6
110,mean_dynamic_mobilenetv2,stable,features_16,1775840359400.910,1775840359609.943,209.033,94.509,111.529,36.392,32937,5545,200.0,1,0,100.0
111,mean_dynamic_mobilenetv2,stable,features_16,1775840359616.944,1775840359820.987,204.042,94.515,107.530,39.561,32937,5545,200.0,1,0,98.7
112,mean_dynamic_mobilenetv2,stable,features_16,1775840359833.985,1775840360054.027,220.042,109.530,108.517,33.447,32937,5545,200.0,1,0,100.0
113,mean_dynamic_mobilenetv2,stable,features_16,1775840360058.034,1775840360206.054,148.020,14.501,129.516,44.224,32937,5545,200.0,0,0,82.8
114,mean_dynamic_mobilenetv2,stable,features_16,1775840360216.055,1775840360394.351,178.296,65.776,110.521,40.899,32937,5545,200.0,0,0,99.0
115,mean_dynamic_mobilenetv2,stable,features_16,1775840360401.359,1775840360677.912,276.553,100.512,175.041,92.520,32937,5545,200.0,1,0,98.0
116,mean_dynamic_mobilenetv2,stable,features_16,1775840360683.912,1775840360874.946,191.034,84.007,106.030,34.569,32937,5545,200.0,0,0,98.6
117,mean_dynamic_mobilenetv2,stable,features_16,1775840360884.942,1775840361074.987,190.044,82.006,105.033,37.665,32937,5545,200.0,0,0,97.7
118,mean_dynamic_mobilenetv2,stable,features_16,1775840361081.978,1775840361293.025,211.047,102.524,104.520,36.609,32937,5545,200.0,1,0,97.4
119,mean_dynamic_mobilenetv2,stable,features_16,1775840361302.027,1775840361526.061,224.033,109.518,109.514,38.457,32937,5545,200.0,1,0,98.0
120,mean_dynamic_mobilenetv2,stable,features_16,1775840361532.057,1775840361747.090,215.033,100.516,111.521,36.829,32937,5545,200.0,1,0,98.3
121,mean_dynamic_mobilenetv2,stable,features_16,1775840361753.089,1775840361944.132,191.042,86.521,103.522,33.900,32937,5545,200.0,0,0,100.0
122,mean_dynamic_mobilenetv2,stable,features_16,1775840361952.130,1775840362126.177,174.046,72.523,98.519,31.836,32937,5545,200.0,0,0,98.5
123,mean_dynamic_mobilenetv2,stable,features_16,1775840362135.174,1775840362345.205,210.031,97.520,112.511,39.020,32937,5545,200.0,1,0,97.5
124,mean_dynamic_mobilenetv2,stable,features_16,1775840362354.209,1775840362538.770,184.561,72.525,110.030,37.641,32937,5545,200.0,0,0,100.0
125,mean_dynamic_mobilenetv2,stable,features_16,1775840362545.769,1775840362740.322,194.553,86.039,107.513,35.138,32937,5545,200.0,0,0,99.5
126,mean_dynamic_mobilenetv2,stable,features_16,1775840362751.323,1775840362938.364,187.041,77.517,104.523,35.084,32937,5545,200.0,0,0,94.4
127,mean_dynamic_mobilenetv2,stable,features_16,1775840362948.360,1775840363138.394,190.033,78.524,107.873,36.318,32937,5545,200.0,0,0,99.5
128,mean_dynamic_mobilenetv2,stable,features_16,1775840363146.392,1775840363341.421,195.029,89.516,103.831,36.034,32937,5545,200.0,0,0,91.5
129,mean_dynamic_mobilenetv2,stable,features_16,1775840363347.421,1775840363528.459,181.038,73.519,105.516,37.323,32937,5545,200.0,0,0,97.5
130,mean_dynamic_mobilenetv2,stable,features_16,1775840363545.456,1775840363752.497,207.041,93.526,111.512,38.941,32937,5545,200.0,1,0,94.9
131,mean_dynamic_mobilenetv2,stable,features_16,1775840363760.503,1775840363987.066,226.562,115.048,110.515,36.904,32937,5545,200.0,1,0,97.5
132,mean_dynamic_mobilenetv2,stable,features_16,1775840364002.065,1775840364181.119,179.054,78.525,100.529,33.868,32937,5545,200.0,0,0,99.5
133,mean_dynamic_mobilenetv2,stable,features_16,1775840364191.123,1775840364384.326,193.203,86.689,104.516,33.961,32937,5545,200.0,0,0,99.1
134,mean_dynamic_mobilenetv2,stable,features_16,1775840364401.325,1775840364606.366,205.042,86.527,115.510,40.736,32937,5545,200.0,1,0,97.8
135,mean_dynamic_mobilenetv2,stable,features_16,1775840364612.367,1775840364811.406,199.039,95.524,101.516,36.314,32937,5545,200.0,0,0,95.8
136,mean_dynamic_mobilenetv2,stable,features_16,1775840364829.409,1775840365072.460,243.051,137.534,104.517,35.099,32937,5545,200.0,1,0,100.0
137,mean_dynamic_mobilenetv2,stable,features_16,1775840365085.972,1775840365282.009,196.037,80.006,115.026,40.323,32937,5545,200.0,0,0,96.8
138,mean_dynamic_mobilenetv2,stable,features_16,1775840365291.004,1775840365506.045,215.041,102.526,110.518,37.078,32937,5545,200.0,1,0,97.8
139,mean_dynamic_mobilenetv2,stable,features_16,1775840365511.044,1775840365719.244,208.200,103.514,103.685,35.801,32937,5545,200.0,1,0,98.2
140,mean_dynamic_mobilenetv2,stable,features_16,1775840365730.243,1775840365925.288,195.045,85.528,106.517,36.194,32937,5545,200.0,0,0,100.0
141,mean_dynamic_mobilenetv2,stable,features_16,1775840365935.286,1775840366139.315,204.029,96.519,103.512,37.939,32937,5545,200.0,1,0,99.2
142,mean_dynamic_mobilenetv2,stable,features_16,1775840366151.315,1775840366402.884,251.568,113.526,137.046,34.719,32937,5545,200.0,1,0,98.3
143,mean_dynamic_mobilenetv2,stable,features_16,1775840366407.882,1775840366607.921,200.039,84.523,114.514,38.342,32937,5545,200.0,1,0,97.7
144,mean_dynamic_mobilenetv2,stable,features_16,1775840366614.926,1775840366814.960,200.035,87.518,110.516,36.786,32937,5545,200.0,1,0,96.7
145,mean_dynamic_mobilenetv2,stable,features_16,1775840366825.959,1775840367002.996,177.036,69.521,105.518,34.724,32937,5545,200.0,0,0,99.0
146,mean_dynamic_mobilenetv2,stable,features_16,1775840367009.996,1775840367205.030,195.034,87.512,105.524,35.027,32937,5545,200.0,0,0,99.0
147,mean_dynamic_mobilenetv2,stable,features_16,1775840367213.028,1775840367429.069,216.042,99.531,113.509,40.748,32937,5545,200.0,1,0,98.2
148,mean_dynamic_mobilenetv2,stable,features_16,1775840367439.070,1775840367638.112,199.041,83.525,111.519,40.457,32937,5545,200.0,0,0,94.8
149,mean_dynamic_mobilenetv2,stable,features_16,1775840367645.116,1775840367856.159,211.043,104.528,103.521,36.242,32937,5545,200.0,1,0,99.1
150,mean_dynamic_mobilenetv2,stable,features_16,1775840367863.166,1775840368064.198,201.032,93.512,105.521,35.796,32937,5545,200.0,1,0,96.8
151,mean_dynamic_mobilenetv2,stable,features_16,1775840368069.198,1775840368263.240,194.043,78.519,114.521,40.722,32937,5545,200.0,0,0,100.0
152,mean_dynamic_mobilenetv2,stable,features_16,1775840368272.238,1775840368480.790,208.552,85.518,119.026,40.415,32937,5545,200.0,1,0,96.5
153,mean_dynamic_mobilenetv2,stable,features_16,1775840368485.792,1775840368689.824,204.033,90.513,111.522,38.745,32937,5545,200.0,1,0,100.0
154,mean_dynamic_mobilenetv2,stable,features_16,1775840368698.826,1775840368889.872,191.046,80.518,108.529,34.818,32937,5545,200.0,0,0,97.1
155,mean_dynamic_mobilenetv2,stable,features_16,1775840368898.872,1775840369086.905,188.033,72.010,113.036,34.950,32937,5545,200.0,0,0,96.8
156,mean_dynamic_mobilenetv2,stable,features_16,1775840369091.906,1775840369296.959,205.053,91.525,112.526,37.215,32937,5545,200.0,1,0,98.2
157,mean_dynamic_mobilenetv2,stable,features_16,1775840369304.961,1775840369500.997,196.036,82.519,111.520,36.791,32937,5545,200.0,0,0,97.2
158,mean_dynamic_mobilenetv2,stable,features_16,1775840369513.994,1775840369749.037,235.043,121.521,112.520,40.035,32937,5545,200.0,1,0,100.0
159,mean_dynamic_mobilenetv2,stable,features_16,1775840369757.035,1775840369937.075,180.040,69.521,109.520,40.064,32937,5545,200.0,0,0,95.9
160,mean_dynamic_mobilenetv2,stable,features_16,1775840369946.075,1775840370124.126,178.051,71.519,106.532,39.312,32937,5545,200.0,0,0,99.0
161,mean_dynamic_mobilenetv2,stable,features_16,1775840370130.126,1775840370318.407,188.281,77.522,110.759,38.985,32937,5545,200.0,0,0,97.4
162,mean_dynamic_mobilenetv2,stable,features_16,1775840370326.408,1775840370549.454,223.045,100.529,118.941,45.502,32937,5545,200.0,1,0,98.4
163,mean_dynamic_mobilenetv2,stable,features_16,1775840370565.459,1775840370750.494,185.034,82.517,100.518,33.607,32937,5545,200.0,0,0,97.7
164,mean_dynamic_mobilenetv2,stable,features_16,1775840370755.494,1775840370946.531,191.037,79.517,110.518,38.083,32937,5545,200.0,0,0,97.7
165,mean_dynamic_mobilenetv2,stable,features_16,1775840370953.527,1775840371152.562,199.036,90.517,105.517,34.491,32937,5545,200.0,0,0,100.0
166,mean_dynamic_mobilenetv2,stable,features_16,1775840371159.563,1775840371379.126,219.563,102.532,115.030,40.694,32937,5545,200.0,1,0,99.6
167,mean_dynamic_mobilenetv2,stable,features_16,1775840371388.125,1775840371569.657,181.532,74.007,105.526,36.869,32937,5545,200.0,0,0,99.0
168,mean_dynamic_mobilenetv2,stable,features_16,1775840371578.172,1775840371793.217,215.045,104.524,108.520,37.147,32937,5545,200.0,1,0,99.2
169,mean_dynamic_mobilenetv2,stable,features_16,1775840371799.215,1775840371994.249,195.034,81.524,110.511,34.837,32937,5545,200.0,0,0,99.1
170,mean_dynamic_mobilenetv2,stable,features_16,1775840372008.255,1775840372253.292,245.037,119.531,123.522,35.732,32937,5545,200.0,1,0,99.6
171,mean_dynamic_mobilenetv2,stable,features_16,1775840372258.290,1775840372474.361,216.071,103.543,107.524,34.393,32937,5545,200.0,1,0,98.3
172,mean_dynamic_mobilenetv2,stable,features_16,1775840372488.871,1775840372679.933,191.062,86.034,104.029,34.170,32937,5545,200.0,0,0,99.1
173,mean_dynamic_mobilenetv2,stable,features_16,1775840372686.933,1775840372849.445,162.512,55.000,105.512,35.783,32937,5545,200.0,0,0,98.3
174,mean_dynamic_mobilenetv2,stable,features_16,1775840372857.445,1775840373038.490,181.045,80.529,99.512,30.293,32937,5545,200.0,0,0,99.0
175,mean_dynamic_mobilenetv2,stable,features_16,1775840373048.489,1775840373249.542,201.054,87.534,113.520,38.516,32937,5545,200.0,1,0,100.0
176,mean_dynamic_mobilenetv2,stable,features_16,1775840373257.548,1775840373441.584,184.036,71.518,109.516,38.496,32937,5545,200.0,0,0,99.5
177,mean_dynamic_mobilenetv2,stable,features_16,1775840373455.588,1775840373670.635,215.048,110.528,103.519,33.014,32937,5545,200.0,1,0,100.0
178,mean_dynamic_mobilenetv2,stable,features_16,1775840373677.145,1775840373881.189,204.044,97.010,105.037,37.328,32937,5545,200.0,1,0,97.7
179,mean_dynamic_mobilenetv2,stable,features_16,1775840373892.187,1775840374086.219,194.031,84.002,108.526,37.790,32937,5545,200.0,0,0,97.9
180,mean_dynamic_mobilenetv2,stable,features_16,1775840374090.216,1775840374274.743,184.527,73.008,109.518,37.644,32937,5545,200.0,0,0,97.4
181,mean_dynamic_mobilenetv2,stable,features_16,1775840374285.254,1775840374494.292,209.038,99.517,107.521,36.434,32937,5545,200.0,1,0,99.6
182,mean_dynamic_mobilenetv2,stable,features_16,1775840374510.296,1775840374710.320,200.024,93.517,104.513,35.581,32937,5545,200.0,1,0,98.1
183,mean_dynamic_mobilenetv2,stable,features_16,1775840374716.320,1775840374926.446,210.125,92.514,113.519,38.977,32937,5545,200.0,1,0,96.5
184,mean_dynamic_mobilenetv2,stable,features_16,1775840374935.355,1775840375125.391,190.036,75.523,112.514,38.169,32937,5545,200.0,0,0,99.5
185,mean_dynamic_mobilenetv2,stable,features_16,1775840375136.391,1775840375318.417,182.025,75.510,104.517,37.263,32937,5545,200.0,0,0,98.5
186,mean_dynamic_mobilenetv2,stable,features_16,1775840375323.416,1775840375515.449,192.033,83.520,105.514,36.522,32937,5545,200.0,0,0,100.0
187,mean_dynamic_mobilenetv2,stable,features_16,1775840375527.449,1775840375732.485,205.036,95.515,108.521,36.621,32937,5545,200.0,1,0,94.9
188,mean_dynamic_mobilenetv2,stable,features_16,1775840375735.487,1775840375930.521,195.034,86.514,107.518,36.382,32937,5545,200.0,0,0,100.0
189,mean_dynamic_mobilenetv2,stable,features_16,1775840375937.518,1775840376135.562,198.044,83.520,112.519,38.868,32937,5545,200.0,0,0,98.6
190,mean_dynamic_mobilenetv2,stable,features_16,1775840376147.561,1775840376337.608,190.047,76.525,110.524,38.429,32937,5545,200.0,0,0,96.2
191,mean_dynamic_mobilenetv2,stable,features_16,1775840376343.608,1775840376531.050,187.442,83.925,102.518,36.650,32937,5545,200.0,0,0,100.0
192,mean_dynamic_mobilenetv2,stable,features_16,1775840376542.048,1775840376731.089,189.041,87.522,100.523,29.495,32937,5545,200.0,0,0,98.6
193,mean_dynamic_mobilenetv2,stable,features_16,1775840376740.089,1775840376918.117,178.028,73.515,102.515,34.586,32937,5545,200.0,0,0,98.6
194,mean_dynamic_mobilenetv2,stable,features_16,1775840376926.115,1775840377135.158,209.043,93.521,114.521,38.612,32937,5545,200.0,1,0,98.7
195,mean_dynamic_mobilenetv2,stable,features_16,1775840377143.158,1775840377340.201,197.043,90.529,106.514,36.217,32937,5545,200.0,0,0,96.8
196,mean_dynamic_mobilenetv2,stable,features_16,1775840377348.202,1775840377550.243,202.041,94.527,106.516,36.605,32937,5545,200.0,1,0,99.5
197,mean_dynamic_mobilenetv2,stable,features_16,1775840377556.242,1775840377756.283,200.042,90.523,105.520,36.782,32937,5545,200.0,1,0,100.0
198,mean_dynamic_mobilenetv2,stable,features_16,1775840377763.290,1775840378009.843,246.553,84.518,161.032,39.396,32937,5545,200.0,1,0,97.5
199,mean_dynamic_mobilenetv2,stable,features_16,1775840378017.840,1775840378214.882,197.042,85.515,109.524,37.791,32937,5545,200.0,0,0,99.1
200,mean_dynamic_mobilenetv2,stable,features_16,1775840378220.879,1775840378413.906,193.027,85.513,105.519,37.833,32937,5545,200.0,0,0,99.0
201,mean_dynamic_mobilenetv2,stable,features_16,1775840378420.909,1775840378611.944,191.034,83.515,106.520,36.525,32937,5545,200.0,0,0,100.0
202,mean_dynamic_mobilenetv2,stable,features_16,1775840378620.946,1775840378820.988,200.042,89.522,108.514,36.151,32937,5545,200.0,1,0,99.1
203,mean_dynamic_mobilenetv2,stable,features_16,1775840378828.983,1775840379018.034,189.050,84.528,102.525,36.966,32937,5545,200.0,0,0,100.0
204,mean_dynamic_mobilenetv2,stable,features_16,1775840379026.036,1775840379190.079,164.043,52.523,105.517,35.672,32937,5545,200.0,0,0,98.3
205,mean_dynamic_mobilenetv2,stable,features_16,1775840379199.077,1775840379392.117,193.040,88.520,102.521,32.778,32937,5545,200.0,0,0,97.7
206,mean_dynamic_mobilenetv2,stable,features_16,1775840379399.110,1775840379597.161,198.051,90.519,106.535,36.560,32937,5545,200.0,0,0,98.1
207,mean_dynamic_mobilenetv2,stable,features_16,1775840379609.163,1775840379844.200,235.038,122.518,112.520,37.728,32937,5545,200.0,1,0,100.0
208,mean_dynamic_mobilenetv2,stable,features_16,1775840379852.202,1775840380044.237,192.034,86.517,104.520,33.850,32937,5545,200.0,0,0,100.0
209,mean_dynamic_mobilenetv2,stable,features_16,1775840380055.237,1775840380241.287,186.050,80.534,104.515,33.930,32937,5545,200.0,0,0,98.0
210,mean_dynamic_mobilenetv2,stable,features_16,1775840380250.288,1775840380433.339,183.052,80.526,100.524,32.906,32937,5545,200.0,0,0,96.7
211,mean_dynamic_mobilenetv2,stable,features_16,1775840380440.340,1775840380720.903,280.562,158.045,119.519,38.148,32937,5545,200.0,1,0,99.0
212,mean_dynamic_mobilenetv2,stable,features_16,1775840380730.902,1775840380932.943,202.041,92.520,108.523,35.252,32937,5545,200.0,1,0,100.0
213,mean_dynamic_mobilenetv2,stable,features_16,1775840380938.943,1775840381121.979,183.036,65.517,116.517,38.571,32937,5545,200.0,0,0,96.0
214,mean_dynamic_mobilenetv2,stable,features_16,1775840381126.974,1775840381356.009,229.035,93.522,129.513,33.831,32937,5545,200.0,1,0,100.0
215,mean_dynamic_mobilenetv2,stable,features_16,1775840381363.019,1775840381558.052,195.033,79.513,114.514,36.325,32937,5545,200.0,0,0,98.1
216,mean_dynamic_mobilenetv2,stable,features_16,1775840381566.050,1775840381766.100,200.049,84.523,110.526,32.712,32937,5545,200.0,1,0,98.1
217,mean_dynamic_mobilenetv2,stable,features_16,1775840381774.104,1775840381976.142,202.038,95.519,105.520,35.700,32937,5545,200.0,1,0,100.0
218,mean_dynamic_mobilenetv2,stable,features_16,1775840381983.656,1775840382168.180,184.524,70.995,109.532,38.615,32937,5545,200.0,0,0,98.0
219,mean_dynamic_mobilenetv2,stable,features_16,1775840382176.179,1775840382376.215,200.037,92.521,105.514,34.775,32937,5545,200.0,1,0,99.1
220,mean_dynamic_mobilenetv2,stable,features_16,1775840382383.724,1775840382580.792,197.068,82.015,113.048,40.115,32937,5545,200.0,0,0,100.0
221,mean_dynamic_mobilenetv2,stable,features_16,1775840382591.791,1775840382785.834,194.043,87.522,104.521,36.529,32937,5545,200.0,0,0,100.0
222,mean_dynamic_mobilenetv2,stable,features_16,1775840382791.835,1775840382991.868,200.033,85.006,112.524,36.769,32937,5545,200.0,1,0,95.8
223,mean_dynamic_mobilenetv2,stable,features_16,1775840382997.867,1775840383188.905,191.038,84.519,104.517,32.533,32937,5545,200.0,0,0,98.2
224,mean_dynamic_mobilenetv2,stable,features_16,1775840383194.899,1775840383371.417,176.519,69.004,104.510,35.527,32937,5545,200.0,0,0,96.9
225,mean_dynamic_mobilenetv2,stable,features_16,1775840383378.924,1775840383563.444,184.520,70.008,110.514,37.686,32937,5545,200.0,0,0,100.0
226,mean_dynamic_mobilenetv2,stable,features_16,1775840383568.444,1775840383773.480,205.036,90.516,113.521,37.850,32937,5545,200.0,1,0,97.0
227,mean_dynamic_mobilenetv2,stable,features_16,1775840383781.994,1775840383956.504,174.510,66.998,104.511,37.802,32937,5545,200.0,0,0,97.8
228,mean_dynamic_mobilenetv2,stable,features_16,1775840383966.517,1775840384166.115,199.598,85.513,111.157,39.679,32937,5545,200.0,0,0,99.1
229,mean_dynamic_mobilenetv2,stable,features_16,1775840384173.116,1775840384367.153,194.037,80.513,111.516,35.179,32937,5545,200.0,0,0,96.2
230,mean_dynamic_mobilenetv2,stable,features_16,1775840384375.159,1775840384581.729,206.570,97.530,108.042,38.672,32937,5545,200.0,1,0,100.0
231,mean_dynamic_mobilenetv2,stable,features_16,1775840384590.728,1775840384785.777,195.049,93.531,101.519,34.803,32937,5545,200.0,0,0,98.2
232,mean_dynamic_mobilenetv2,stable,features_16,1775840384794.776,1775840384980.803,186.027,62.998,120.520,37.480,32937,5545,200.0,0,0,94.4
233,mean_dynamic_mobilenetv2,stable,features_16,1775840384988.807,1775840385189.852,201.045,93.520,106.527,34.863,32937,5545,200.0,1,0,99.5
234,mean_dynamic_mobilenetv2,stable,features_16,1775840385195.846,1775840385365.385,169.539,63.000,105.539,35.791,32937,5545,200.0,0,0,98.9
235,mean_dynamic_mobilenetv2,stable,features_16,1775840385374.377,1775840385584.924,210.547,99.517,109.033,39.352,32937,5545,200.0,1,0,99.1
236,mean_dynamic_mobilenetv2,stable,features_16,1775840385591.923,1775840385801.955,210.031,99.519,108.514,36.720,32937,5545,200.0,1,0,97.0
237,mean_dynamic_mobilenetv2,stable,features_16,1775840385810.956,1775840386020.993,210.037,91.518,117.519,39.271,32937,5545,200.0,1,0,98.3
238,mean_dynamic_mobilenetv2,stable,features_16,1775840386030.993,1775840386242.466,211.473,99.521,108.943,37.066,32937,5545,200.0,1,0,99.6
239,mean_dynamic_mobilenetv2,stable,features_16,1775840386250.469,1775840386423.510,173.041,69.524,100.522,35.576,32937,5545,200.0,0,0,96.6
240,mean_dynamic_mobilenetv2,stable,features_16,1775840386429.512,1775840386648.544,219.033,106.522,110.515,32.638,32937,5545,200.0,1,0,98.7
241,mean_dynamic_mobilenetv2,stable,features_16,1775840386656.546,1775840386843.592,187.046,73.516,109.519,36.716,32937,5545,200.0,0,0,96.7
242,mean_dynamic_mobilenetv2,stable,features_16,1775840386851.584,1775840387038.618,187.034,77.513,109.521,35.976,32937,5545,200.0,0,0,99.5
243,mean_dynamic_mobilenetv2,stable,features_16,1775840387045.618,1775840387250.661,205.043,94.523,110.520,36.057,32937,5545,200.0,1,0,99.1
244,mean_dynamic_mobilenetv2,stable,features_16,1775840387262.662,1775840387439.709,177.047,72.522,102.527,32.858,32937,5545,200.0,0,0,100.0
245,mean_dynamic_mobilenetv2,stable,features_16,1775840387443.708,1775840387664.757,221.049,110.516,110.533,38.567,32937,5545,200.0,1,0,99.6
246,mean_dynamic_mobilenetv2,stable,features_16,1775840387669.758,1775840387892.328,222.571,112.044,107.529,33.016,32937,5545,200.0,1,0,98.7
247,mean_dynamic_mobilenetv2,stable,features_16,1775840387901.329,1775840388102.357,201.028,91.517,106.510,37.425,32937,5545,200.0,1,0,98.3
248,mean_dynamic_mobilenetv2,stable,features_16,1775840388112.357,1775840388317.563,205.206,94.673,108.524,39.656,32937,5545,200.0,1,0,98.1
249,mean_dynamic_mobilenetv2,stable,features_16,1775840388323.562,1775840388539.602,216.040,105.522,109.514,36.599,32937,5545,200.0,1,0,95.1
250,mean_dynamic_mobilenetv2,stable,features_16,1775840388553.599,1775840388747.638,194.039,83.524,109.515,37.694,32937,5545,200.0,0,0,100.0
251,mean_dynamic_mobilenetv2,stable,features_16,1775840388755.637,1775840388961.684,206.047,97.535,106.513,35.700,32937,5545,200.0,1,0,99.1
252,mean_dynamic_mobilenetv2,stable,features_16,1775840388969.696,1775840389167.725,198.029,93.510,102.520,35.450,32937,5545,200.0,0,0,98.6
253,mean_dynamic_mobilenetv2,stable,features_16,1775840389173.726,1775840389424.285,250.560,103.530,144.030,35.256,32937,5545,200.0,1,0,98.9
254,mean_dynamic_mobilenetv2,stable,features_16,1775840389432.286,1775840389667.347,235.060,124.524,109.535,38.363,32937,5545,200.0,1,0,96.9
255,mean_dynamic_mobilenetv2,stable,features_16,1775840389675.344,1775840389880.907,205.563,90.524,113.029,40.312,32937,5545,200.0,1,0,98.6
256,mean_dynamic_mobilenetv2,stable,features_16,1775840389887.908,1775840390063.425,175.517,67.001,107.518,35.940,32937,5545,200.0,0,0,94.5
257,mean_dynamic_mobilenetv2,stable,features_16,1775840390073.430,1775840390259.472,186.042,76.525,106.523,37.236,32937,5545,200.0,0,0,98.6
258,mean_dynamic_mobilenetv2,stable,features_16,1775840390267.480,1775840390461.523,194.043,90.521,102.523,31.845,32937,5545,200.0,0,0,98.6
259,mean_dynamic_mobilenetv2,stable,features_16,1775840390468.531,1775840390685.086,216.555,109.517,105.531,37.069,32937,5545,200.0,1,0,96.1
260,mean_dynamic_mobilenetv2,stable,features_16,1775840390694.089,1775840390899.135,205.045,95.529,106.526,36.106,32937,5545,200.0,1,0,97.3
261,mean_dynamic_mobilenetv2,stable,features_16,1775840390909.134,1775840391098.185,189.051,81.528,105.529,32.835,32937,5545,200.0,0,0,100.0
262,mean_dynamic_mobilenetv2,stable,features_16,1775840391108.184,1775840391299.225,191.041,83.523,104.522,33.159,32937,5545,200.0,0,0,100.0
263,mean_dynamic_mobilenetv2,stable,features_16,1775840391309.225,1775840391517.255,208.030,100.514,105.517,34.117,32937,5545,200.0,1,0,98.3
264,mean_dynamic_mobilenetv2,stable,features_16,1775840391524.256,1775840391727.291,203.036,101.519,100.517,31.719,32937,5545,200.0,1,0,96.6
265,mean_dynamic_mobilenetv2,stable,features_16,1775840391733.291,1775840391915.337,182.046,77.526,103.521,34.171,32937,5545,200.0,0,0,98.0
266,mean_dynamic_mobilenetv2,stable,features_16,1775840391921.336,1775840392116.379,195.043,79.523,113.519,39.550,32937,5545,200.0,0,0,96.5
267,mean_dynamic_mobilenetv2,stable,features_16,1775840392124.381,1775840392318.434,194.053,79.521,111.532,40.205,32937,5545,200.0,0,0,100.0
268,mean_dynamic_mobilenetv2,stable,features_16,1775840392326.433,1775840392528.483,202.051,86.518,113.532,39.979,32937,5545,200.0,1,0,98.3
269,mean_dynamic_mobilenetv2,stable,features_16,1775840392538.995,1775840392760.554,221.559,107.047,111.513,37.845,32937,5545,200.0,1,0,98.4
270,mean_dynamic_mobilenetv2,stable,features_16,1775840392768.560,1775840392971.611,203.051,85.521,112.522,40.144,32937,5545,200.0,1,0,98.2
271,mean_dynamic_mobilenetv2,stable,features_16,1775840392978.610,1775840393161.652,183.042,74.525,106.524,35.085,32937,5545,200.0,0,0,100.0
272,mean_dynamic_mobilenetv2,stable,features_16,1775840393169.658,1775840393345.678,176.021,70.514,104.508,36.730,32937,5545,200.0,0,0,97.5
273,mean_dynamic_mobilenetv2,stable,features_16,1775840393352.681,1775840393560.107,207.426,91.528,114.897,42.564,32937,5545,200.0,1,0,95.2
274,mean_dynamic_mobilenetv2,stable,features_16,1775840393570.113,1775840393797.657,227.544,118.036,106.523,37.452,32937,5545,200.0,1,0,97.2
275,mean_dynamic_mobilenetv2,stable,features_16,1775840393803.657,1775840393980.683,177.027,74.008,102.020,33.820,32937,5545,200.0,0,0,98.0
276,mean_dynamic_mobilenetv2,stable,features_16,1775840393992.689,1775840394176.214,183.525,76.004,106.520,36.294,32937,5545,200.0,0,0,98.0
277,mean_dynamic_mobilenetv2,stable,features_16,1775840394183.729,1775840394366.266,182.536,64.001,116.525,40.901,32937,5545,200.0,0,0,98.0
278,mean_dynamic_mobilenetv2,stable,features_16,1775840394377.266,1775840394558.295,181.029,76.511,103.517,36.096,32937,5545,200.0,0,0,98.6
279,mean_dynamic_mobilenetv2,stable,features_16,1775840394567.301,1775840394782.856,215.555,107.524,107.031,35.699,32937,5545,200.0,1,0,98.7
280,mean_dynamic_mobilenetv2,stable,features_16,1775840394790.855,1775840394985.891,195.036,78.008,115.029,39.685,32937,5545,200.0,0,0,96.2
281,mean_dynamic_mobilenetv2,stable,features_16,1775840394993.894,1775840395224.941,231.047,73.008,153.032,80.403,32937,5545,200.0,1,0,98.4
282,mean_dynamic_mobilenetv2,stable,features_16,1775840395232.938,1775840395434.983,202.045,96.517,104.529,36.524,32937,5545,200.0,1,0,98.7
283,mean_dynamic_mobilenetv2,stable,features_16,1775840395441.985,1775840395603.282,161.298,62.523,96.773,32.093,32937,5545,200.0,0,0,97.2
284,mean_dynamic_mobilenetv2,stable,features_16,1775840395611.281,1775840395837.327,226.046,111.527,113.516,38.574,32937,5545,200.0,1,0,98.0
285,mean_dynamic_mobilenetv2,stable,features_16,1775840395847.324,1775840396027.360,180.037,74.523,104.514,32.264,32937,5545,200.0,0,0,99.0
286,mean_dynamic_mobilenetv2,stable,features_16,1775840396036.361,1775840396217.407,181.046,74.521,104.529,33.905,32937,5545,200.0,0,0,94.4
287,mean_dynamic_mobilenetv2,stable,features_16,1775840396222.407,1775840396416.447,194.040,91.524,100.519,32.583,32937,5545,200.0,0,0,99.1
288,mean_dynamic_mobilenetv2,stable,features_16,1775840396425.448,1775840396612.495,187.046,76.520,104.524,35.401,32937,5545,200.0,0,0,97.5
289,mean_dynamic_mobilenetv2,stable,features_16,1775840396624.498,1775840396820.531,196.033,84.520,110.515,39.869,32937,5545,200.0,0,0,98.1
290,mean_dynamic_mobilenetv2,stable,features_16,1775840396828.532,1775840397002.562,174.031,64.520,107.515,36.210,32937,5545,200.0,0,0,97.9
291,mean_dynamic_mobilenetv2,stable,features_16,1775840397010.561,1775840397209.604,199.042,87.523,110.519,39.166,32937,5545,200.0,0,0,99.1
292,mean_dynamic_mobilenetv2,stable,features_16,1775840397216.604,1775840397405.631,189.027,75.512,111.516,38.189,32937,5545,200.0,0,0,98.2
293,mean_dynamic_mobilenetv2,stable,features_16,1775840397413.637,1775840397585.662,172.024,68.513,103.511,35.025,32937,5545,200.0,0,0,96.9
294,mean_dynamic_mobilenetv2,stable,features_16,1775840397597.691,1775840397797.698,200.007,89.492,109.514,35.173,32937,5545,200.0,1,0,97.7
295,mean_dynamic_mobilenetv2,stable,features_16,1775840397808.697,1775840397992.743,184.046,80.531,99.516,34.250,32937,5545,200.0,0,0,93.9
296,mean_dynamic_mobilenetv2,stable,features_16,1775840398006.746,1775840398214.768,208.022,100.513,107.509,38.461,32937,5545,200.0,1,0,95.2
297,mean_dynamic_mobilenetv2,stable,features_16,1775840398220.769,1775840398389.813,169.044,57.009,110.034,38.862,32937,5545,200.0,0,0,96.2
298,mean_dynamic_mobilenetv2,stable,features_16,1775840398393.811,1775840398599.849,206.038,94.517,110.520,35.834,32937,5545,200.0,1,0,98.6
299,mean_dynamic_mobilenetv2,stable,features_16,1775840398609.848,1775840398801.885,192.037,86.518,104.518,33.330,32937,5545,200.0,0,0,99.0
300,mean_dynamic_mobilenetv2,stable,features_16,1775840398805.886,1775840399049.922,244.036,125.518,116.518,40.413,32937,5545,200.0,1,0,99.6
301,mean_dynamic_mobilenetv2,stable,features_16,1775840399056.921,1775840399271.980,215.059,93.530,120.532,38.202,32937,5545,200.0,1,0,99.1
302,mean_dynamic_mobilenetv2,stable,features_16,1775840399282.500,1775840399479.026,196.527,83.010,110.535,40.196,32937,5545,200.0,0,0,97.8
303,mean_dynamic_mobilenetv2,stable,features_16,1775840399494.549,1775840399731.575,237.026,121.515,113.513,40.806,32937,5545,200.0,1,0,100.0
304,mean_dynamic_mobilenetv2,stable,features_16,1775840399738.578,1775840399941.796,203.218,90.510,111.709,36.063,32937,5545,200.0,1,0,98.6
305,mean_dynamic_mobilenetv2,stable,features_16,1775840399950.792,1775840400172.832,222.040,98.521,118.517,46.660,32937,5545,200.0,1,0,98.8
306,mean_dynamic_mobilenetv2,stable,features_16,1775840400178.835,1775840400366.875,188.040,68.519,118.522,34.992,32937,5545,200.0,0,0,99.0
307,mean_dynamic_mobilenetv2,stable,features_16,1775840400372.879,1775840400564.908,192.029,82.520,107.514,31.887,32937,5545,200.0,0,0,98.1
308,mean_dynamic_mobilenetv2,stable,features_16,1775840400577.916,1775840400828.466,250.550,101.515,147.033,57.390,32937,5545,200.0,1,0,98.2
309,mean_dynamic_mobilenetv2,stable,features_16,1775840400836.464,1775840401032.530,196.066,88.530,105.535,36.601,32937,5545,200.0,0,0,96.7
310,mean_dynamic_mobilenetv2,stable,features_16,1775840401043.532,1775840401253.579,210.046,89.525,115.520,41.880,32937,5545,200.0,1,0,97.0
311,mean_dynamic_mobilenetv2,stable,features_16,1775840401258.580,1775840401435.614,177.034,73.519,102.516,33.520,32937,5545,200.0,0,0,92.9
312,mean_dynamic_mobilenetv2,stable,features_16,1775840401440.615,1775840401624.644,184.029,75.515,108.514,36.951,32937,5545,200.0,0,0,98.0
313,mean_dynamic_mobilenetv2,stable,features_16,1775840401632.645,1775840401839.685,207.041,94.522,109.510,39.593,32937,5545,200.0,1,0,97.0
314,mean_dynamic_mobilenetv2,stable,features_16,1775840401846.683,1775840402046.736,200.053,91.533,105.521,35.716,32937,5545,200.0,1,0,99.5
315,mean_dynamic_mobilenetv2,stable,features_16,1775840402052.737,1775840402247.787,195.050,83.532,108.512,37.088,32937,5545,200.0,0,0,99.1
316,mean_dynamic_mobilenetv2,stable,features_16,1775840402252.785,1775840402440.826,188.041,76.528,106.512,36.591,32937,5545,200.0,0,0,100.0
317,mean_dynamic_mobilenetv2,stable,features_16,1775840402451.826,1775840402659.566,207.740,95.715,107.021,35.532,32937,5545,200.0,1,0,99.1
318,mean_dynamic_mobilenetv2,stable,features_16,1775840402666.572,1775840402855.620,189.048,73.515,113.538,35.952,32937,5545,200.0,0,0,100.0
319,mean_dynamic_mobilenetv2,stable,features_16,1775840402860.617,1775840403041.658,181.041,73.517,106.523,33.282,32937,5545,200.0,0,0,98.0
320,mean_dynamic_mobilenetv2,stable,features_16,1775840403046.656,1775840403237.710,191.053,77.528,113.525,37.489,32937,5545,200.0,0,0,99.0
321,mean_dynamic_mobilenetv2,stable,features_16,1775840403246.709,1775840403440.745,194.036,79.520,113.522,38.050,32937,5545,200.0,0,0,97.2
322,mean_dynamic_mobilenetv2,stable,features_16,1775840403449.744,1775840403624.781,175.037,68.519,104.520,36.268,32937,5545,200.0,0,0,94.9
323,mean_dynamic_mobilenetv2,stable,features_16,1775840403633.782,1775840403827.821,194.039,86.517,105.518,35.582,32937,5545,200.0,0,0,98.1
324,mean_dynamic_mobilenetv2,stable,features_16,1775840403836.815,1775840404041.849,205.034,91.519,112.515,38.441,32937,5545,200.0,1,0,99.1
325,mean_dynamic_mobilenetv2,stable,features_16,1775840404048.849,1775840404245.901,197.052,80.523,115.530,42.196,32937,5545,200.0,0,0,94.4
326,mean_dynamic_mobilenetv2,stable,features_16,1775840404255.902,1775840404443.938,188.036,84.514,101.521,33.514,32937,5545,200.0,0,0,98.5
327,mean_dynamic_mobilenetv2,stable,features_16,1775840404448.939,1775840404654.977,206.038,95.513,109.522,34.654,32937,5545,200.0,1,0,97.4
328,mean_dynamic_mobilenetv2,stable,features_16,1775840404660.976,1775840404863.023,202.048,91.525,109.519,35.000,32937,5545,200.0,1,0,98.6
329,mean_dynamic_mobilenetv2,stable,features_16,1775840404871.032,1775840405050.064,179.031,72.517,105.512,36.248,32937,5545,200.0,0,0,96.4
330,mean_dynamic_mobilenetv2,stable,features_16,1775840405056.066,1775840405261.096,205.031,92.517,110.512,35.628,32937,5545,200.0,1,0,97.4
331,mean_dynamic_mobilenetv2,stable,features_16,1775840405274.105,1775840405483.648,209.543,95.525,111.518,36.127,32937,5545,200.0,1,0,98.7
332,mean_dynamic_mobilenetv2,stable,features_16,1775840405487.653,1775840405680.184,192.531,84.005,107.526,35.562,32937,5545,200.0,0,0,99.0
333,mean_dynamic_mobilenetv2,stable,features_16,1775840405689.692,1775840405884.736,195.044,87.009,106.029,36.998,32937,5545,200.0,0,0,99.1
334,mean_dynamic_mobilenetv2,stable,features_16,1775840405900.736,1775840406086.772,186.036,76.003,108.029,36.953,32937,5545,200.0,0,0,100.0
335,mean_dynamic_mobilenetv2,stable,features_16,1775840406094.777,1775840406274.298,179.521,63.999,113.527,37.033,32937,5545,200.0,0,0,95.4
336,mean_dynamic_mobilenetv2,stable,features_16,1775840406282.301,1775840406481.333,199.031,93.519,104.510,34.968,32937,5545,200.0,0,0,99.1
337,mean_dynamic_mobilenetv2,stable,features_16,1775840406489.696,1775840406727.726,238.030,92.007,138.511,68.784,32937,5545,200.0,1,0,100.0
338,mean_dynamic_mobilenetv2,stable,features_16,1775840406737.725,1775840406926.773,189.048,80.525,106.520,32.661,32937,5545,200.0,0,0,98.5
339,mean_dynamic_mobilenetv2,stable,features_16,1775840406934.772,1775840407109.811,175.039,67.525,106.514,33.055,32937,5545,200.0,0,0,98.0
340,mean_dynamic_mobilenetv2,stable,features_16,1775840407123.811,1775840407290.841,167.030,63.516,101.515,36.775,32937,5545,200.0,0,0,94.9
341,mean_dynamic_mobilenetv2,stable,features_16,1775840407296.842,1775840407474.369,177.527,65.001,111.528,36.831,32937,5545,200.0,0,0,96.7
342,mean_dynamic_mobilenetv2,stable,features_16,1775840407483.370,1775840407685.906,202.536,84.510,116.021,38.623,32937,5545,200.0,1,0,99.6
343,mean_dynamic_mobilenetv2,stable,features_16,1775840407691.908,1775840407888.948,197.040,79.009,113.030,38.794,32937,5545,200.0,0,0,99.1
344,mean_dynamic_mobilenetv2,stable,features_16,1775840407896.956,1775840408064.470,167.514,59.994,105.522,33.914,32937,5545,200.0,0,0,96.7
345,mean_dynamic_mobilenetv2,stable,features_16,1775840408073.481,1775840408254.522,181.041,77.515,102.526,35.228,32937,5545,200.0,0,0,98.5
346,mean_dynamic_mobilenetv2,stable,features_16,1775840408261.521,1775840408419.557,158.037,52.522,105.515,35.695,32937,5545,200.0,0,0,95.7
347,mean_dynamic_mobilenetv2,stable,features_16,1775840408423.557,1775840408609.600,186.043,74.521,110.523,38.592,32937,5545,200.0,0,0,96.5
348,mean_dynamic_mobilenetv2,stable,features_16,1775840408621.602,1775840408848.635,227.034,108.515,116.523,41.736,32937,5545,200.0,1,0,99.6
349,mean_dynamic_mobilenetv2,stable,features_16,1775840408856.633,1775840409044.674,188.041,79.519,107.525,36.137,32937,5545,200.0,0,0,97.7
350,mean_dynamic_mobilenetv2,stable,features_16,1775840409051.672,1775840409258.715,207.042,94.518,110.525,38.557,32937,5545,200.0,1,0,97.4
351,mean_dynamic_mobilenetv2,stable,features_16,1775840409268.722,1775840409449.748,181.026,72.513,105.517,36.146,32937,5545,200.0,0,0,93.8
352,mean_dynamic_mobilenetv2,stable,features_16,1775840409457.747,1775840409651.795,194.048,82.527,109.522,37.358,32937,5545,200.0,0,0,100.0
353,mean_dynamic_mobilenetv2,stable,features_16,1775840409670.981,1775840409880.014,209.033,98.513,108.521,35.620,32937,5545,200.0,1,0,99.6
354,mean_dynamic_mobilenetv2,stable,features_16,1775840409885.524,1775840410062.045,176.521,67.003,108.518,37.615,32937,5545,200.0,0,0,97.0
355,mean_dynamic_mobilenetv2,stable,features_16,1775840410068.044,1775840410258.080,190.036,81.516,106.516,34.359,32937,5545,200.0,0,0,96.8
356,mean_dynamic_mobilenetv2,stable,features_16,1775840410268.078,1775840410434.115,166.037,54.522,110.517,40.593,32937,5545,200.0,0,0,96.7
357,mean_dynamic_mobilenetv2,stable,features_16,1775840410441.116,1775840410646.163,205.047,95.521,108.524,34.200,32937,5545,200.0,1,0,99.5
358,mean_dynamic_mobilenetv2,stable,features_16,1775840410657.160,1775840410845.204,188.043,80.518,104.527,34.595,32937,5545,200.0,0,0,99.1
359,mean_dynamic_mobilenetv2,stable,features_16,1775840410856.209,1775840411062.239,206.030,96.515,108.515,36.469,32937,5545,200.0,1,0,98.3
360,mean_dynamic_mobilenetv2,stable,features_16,1775840411070.247,1775840411272.297,202.050,84.518,116.535,41.379,32937,5545,200.0,1,0,97.6
361,mean_dynamic_mobilenetv2,stable,features_16,1775840411284.297,1775840411455.322,171.025,68.509,101.515,34.242,32937,5545,200.0,0,0,86.6
362,mean_dynamic_mobilenetv2,stable,features_16,1775840411459.322,1775840411581.836,122.514,12.005,110.509,40.885,32937,5545,200.0,0,0,77.3
363,mean_dynamic_mobilenetv2,stable,features_16,1775840411585.342,1775840411720.852,135.510,19.000,115.510,38.112,32937,5545,200.0,0,0,86.2
364,mean_dynamic_mobilenetv2,stable,features_16,1775840411724.851,1775840411842.361,117.510,15.001,101.509,34.828,32937,5545,200.0,0,0,78.9
365,mean_dynamic_mobilenetv2,stable,features_16,1775840411844.362,1775840411953.876,109.515,13.000,95.511,29.763,32937,5545,200.0,0,0,79.6
366,mean_dynamic_mobilenetv2,stable,features_16,1775840411957.871,1775840412074.384,116.513,17.005,98.508,31.394,32937,5545,200.0,0,0,80.3
367,mean_dynamic_mobilenetv2,stable,features_16,1775840412078.384,1775840412195.402,117.018,15.509,100.509,32.929,32937,5545,200.0,0,0,78.8
368,mean_dynamic_mobilenetv2,stable,features_16,1775840412198.401,1775840412307.918,109.517,12.002,96.516,33.927,32937,5545,200.0,0,0,79.7
369,mean_dynamic_mobilenetv2,stable,features_16,1775840412312.917,1775840412441.428,128.511,11.001,117.510,31.232,32937,5545,200.0,0,0,79.7
370,mean_dynamic_mobilenetv2,stable,features_16,1775840412445.429,1775840412562.962,117.533,10.999,105.534,35.502,32937,5545,200.0,0,0,75.8
371,mean_dynamic_mobilenetv2,stable,features_16,1775840412566.961,1775840412679.477,112.516,11.009,100.508,32.872,32937,5545,200.0,0,0,84.1
372,mean_dynamic_mobilenetv2,stable,features_16,1775840412683.476,1775840412797.503,114.027,12.510,99.517,35.362,32937,5545,200.0,0,0,80.6
373,mean_dynamic_mobilenetv2,stable,features_16,1775840412801.503,1775840412924.019,122.516,21.000,99.516,33.995,32937,5545,200.0,0,0,79.7
374,mean_dynamic_mobilenetv2,stable,features_16,1775840412927.019,1775840413042.530,115.511,12.002,102.509,35.612,32937,5545,200.0,0,0,78.9
375,mean_dynamic_mobilenetv2,stable,features_16,1775840413045.531,1775840413168.039,122.508,14.000,104.509,36.055,32937,5545,200.0,0,0,77.3
376,mean_dynamic_mobilenetv2,stable,features_16,1775840413172.043,1775840413292.062,120.019,15.511,103.508,37.673,32937,5545,200.0,0,0,85.2
377,mean_dynamic_mobilenetv2,stable,features_16,1775840413295.062,1775840413432.572,137.510,15.002,121.508,35.443,32937,5545,200.0,0,0,87.6
378,mean_dynamic_mobilenetv2,stable,features_16,1775840413435.575,1775840413571.088,135.514,13.998,121.516,34.823,32937,5545,200.0,0,0,89.0
379,mean_dynamic_mobilenetv2,stable,features_16,1775840413576.089,1775840413702.624,126.535,18.512,106.022,36.319,32937,5545,200.0,0,0,93.8
380,mean_dynamic_mobilenetv2,stable,features_16,1775840413706.623,1775840413832.133,125.510,15.002,110.507,38.983,32937,5545,200.0,0,0,88.5
381,mean_dynamic_mobilenetv2,stable,features_16,1775840413836.133,1775840413957.643,121.510,14.001,107.509,36.576,32937,5545,200.0,0,0,82.9
382,mean_dynamic_mobilenetv2,stable,features_16,1775840413961.643,1775840414083.156,121.513,10.006,111.507,36.412,32937,5545,200.0,0,0,87.2
383,mean_dynamic_mobilenetv2,stable,features_16,1775840414087.664,1775840414197.174,109.510,11.001,98.509,35.192,32937,5545,200.0,0,0,79.7
384,mean_dynamic_mobilenetv2,stable,features_16,1775840414200.176,1775840414318.688,118.512,16.999,99.512,33.381,32937,5545,200.0,0,0,85.8
385,mean_dynamic_mobilenetv2,stable,features_16,1775840414321.687,1775840414445.199,123.513,11.001,112.511,32.917,32937,5545,200.0,0,0,88.2
386,mean_dynamic_mobilenetv2,stable,features_16,1775840414450.200,1775840414581.730,131.531,32.009,98.522,32.545,32937,5545,200.0,0,0,88.5
387,mean_dynamic_mobilenetv2,stable,features_16,1775840414586.244,1775840414710.751,124.507,21.998,101.509,36.165,32937,5545,200.0,0,0,90.7
388,mean_dynamic_mobilenetv2,stable,features_16,1775840414714.751,1775840414840.260,125.509,18.000,106.509,37.960,32937,5545,200.0,0,0,84.1
389,mean_dynamic_mobilenetv2,stable,features_16,1775840414843.261,1775840414983.772,140.511,17.000,121.510,55.672,32937,5545,200.0,0,0,84.2
390,mean_dynamic_mobilenetv2,stable,features_16,1775840414987.279,1775840415104.794,117.515,20.001,96.514,28.771,32937,5545,200.0,0,0,82.8
391,mean_dynamic_mobilenetv2,stable,features_16,1775840415108.797,1775840415223.316,114.519,11.000,102.519,35.942,32937,5545,200.0,0,0,77.2
392,mean_dynamic_mobilenetv2,stable,features_16,1775840415227.314,1775840415363.822,136.508,18.000,118.509,36.069,32937,5545,200.0,0,0,86.8
393,mean_dynamic_mobilenetv2,stable,features_16,1775840415367.822,1775840415487.851,120.029,12.004,105.024,36.760,32937,5545,200.0,0,0,82.8
394,mean_dynamic_mobilenetv2,stable,features_16,1775840415491.851,1775840415616.359,124.509,12.000,110.508,36.900,32937,5545,200.0,0,0,87.5
395,mean_dynamic_mobilenetv2,stable,features_16,1775840415620.360,1775840415745.873,125.513,19.002,105.511,37.051,32937,5545,200.0,0,0,93.4
396,mean_dynamic_mobilenetv2,stable,features_16,1775840415748.873,1775840415884.892,136.019,18.001,115.514,31.514,32937,5545,200.0,0,0,90.3
397,mean_dynamic_mobilenetv2,stable,features_16,1775840415887.896,1775840416027.421,139.525,30.002,108.521,39.797,32937,5545,200.0,0,0,95.9
398,mean_dynamic_mobilenetv2,stable,features_16,1775840416033.421,1775840416233.456,200.035,87.516,111.519,35.804,32937,5545,200.0,1,0,98.2
399,mean_dynamic_mobilenetv2,stable,features_16,1775840416245.457,1775840416433.493,188.036,78.520,109.515,34.750,32937,5545,200.0,0,0,100.0
400,mean_dynamic_mobilenetv2,stable,features_16,1775840416439.492,1775840416635.528,196.035,87.515,105.516,36.413,32937,5545,200.0,0,0,100.0
401,mean_dynamic_mobilenetv2,stable,features_16,1775840416642.524,1775840416860.570,218.046,110.534,105.514,38.597,32937,5545,200.0,1,0,100.0
402,mean_dynamic_mobilenetv2,stable,features_16,1775840416866.570,1775840417055.605,189.034,73.521,113.511,38.476,32937,5545,200.0,0,0,98.2
403,mean_dynamic_mobilenetv2,stable,features_16,1775840417062.604,1775840417258.652,196.047,85.530,109.519,34.944,32937,5545,200.0,0,0,97.2
404,mean_dynamic_mobilenetv2,stable,features_16,1775840417266.654,1775840417474.879,208.225,97.519,109.703,37.498,32937,5545,200.0,1,0,99.5
405,mean_dynamic_mobilenetv2,stable,features_16,1775840417481.882,1775840417666.915,185.033,67.517,115.513,35.409,32937,5545,200.0,0,0,96.7
406,mean_dynamic_mobilenetv2,stable,features_16,1775840417676.925,1775840417841.963,165.038,53.519,110.517,38.585,32937,5545,200.0,0,0,98.3
407,mean_dynamic_mobilenetv2,stable,features_16,1775840417848.959,1775840418058.000,209.040,90.523,114.519,38.320,32937,5545,200.0,1,0,97.0
408,mean_dynamic_mobilenetv2,stable,features_16,1775840418066.007,1775840418308.662,242.655,106.523,135.133,35.339,32937,5545,200.0,1,0,99.6
409,mean_dynamic_mobilenetv2,stable,features_16,1775840418316.656,1775840418506.689,190.034,83.517,105.519,35.073,32937,5545,200.0,0,0,99.5
410,mean_dynamic_mobilenetv2,stable,features_16,1775840418513.691,1775840418760.727,247.036,142.520,103.516,34.506,32937,5545,200.0,1,0,100.0
411,mean_dynamic_mobilenetv2,stable,features_16,1775840418770.728,1775840418948.768,178.040,74.525,101.511,32.982,32937,5545,200.0,0,0,99.5
412,mean_dynamic_mobilenetv2,stable,features_16,1775840418954.768,1775840419136.801,182.033,75.521,105.511,36.630,32937,5545,200.0,0,0,99.5
413,mean_dynamic_mobilenetv2,stable,features_16,1775840419145.798,1775840419342.838,197.040,91.534,104.504,32.823,32937,5545,200.0,0,0,98.1
414,mean_dynamic_mobilenetv2,stable,features_16,1775840419352.833,1775840419565.865,213.031,104.510,106.520,35.879,32937,5545,200.0,1,0,96.5
415,mean_dynamic_mobilenetv2,stable,features_16,1775840419578.867,1775840419772.312,193.445,90.521,100.928,34.054,32937,5545,200.0,0,0,99.5
416,mean_dynamic_mobilenetv2,stable,features_16,1775840419778.313,1775840420001.878,223.565,109.051,111.515,38.112,32937,5545,200.0,1,0,96.0
417,mean_dynamic_mobilenetv2,stable,features_16,1775840420010.881,1775840420218.917,208.035,83.518,123.515,35.154,32937,5545,200.0,1,0,97.0
418,mean_dynamic_mobilenetv2,stable,features_16,1775840420227.915,1775840420413.964,186.049,82.535,102.513,36.021,32937,5545,200.0,0,0,97.4
419,mean_dynamic_mobilenetv2,stable,features_16,1775840420418.964,1775840420600.334,181.370,74.517,104.513,36.321,32937,5545,200.0,0,0,96.0
420,mean_dynamic_mobilenetv2,stable,features_16,1775840420609.996,1775840420819.027,209.031,97.517,111.514,37.549,32937,5545,200.0,1,0,99.1
421,mean_dynamic_mobilenetv2,stable,features_16,1775840420824.028,1775840420952.562,128.533,22.000,103.534,32.498,32937,5545,200.0,0,0,97.3
422,mean_dynamic_mobilenetv2,stable,features_16,1775840420962.561,1775840421178.608,216.048,111.525,102.516,34.451,32937,5545,200.0,1,0,99.1
423,mean_dynamic_mobilenetv2,stable,features_16,1775840421186.112,1775840421392.167,206.055,97.014,109.041,37.477,32937,5545,200.0,1,0,98.7
424,mean_dynamic_mobilenetv2,stable,features_16,1775840421399.159,1775840421599.205,200.046,91.541,106.520,38.035,32937,5545,200.0,1,0,96.7
425,mean_dynamic_mobilenetv2,stable,features_16,1775840421611.204,1775840421776.729,165.525,55.000,108.523,35.455,32937,5545,200.0,0,0,98.0
426,mean_dynamic_mobilenetv2,stable,features_16,1775840421784.729,1775840421979.771,195.042,80.518,114.524,41.738,32937,5545,200.0,0,0,98.6
427,mean_dynamic_mobilenetv2,stable,features_16,1775840421986.274,1775840422178.808,192.534,83.006,107.516,35.589,32937,5545,200.0,0,0,98.0
428,mean_dynamic_mobilenetv2,stable,features_16,1775840422186.313,1775840422375.846,189.532,80.014,106.519,35.697,32937,5545,200.0,0,0,94.4
429,mean_dynamic_mobilenetv2,stable,features_16,1775840422384.846,1775840422556.081,171.234,63.517,106.718,32.914,32937,5545,200.0,0,0,99.5
430,mean_dynamic_mobilenetv2,stable,features_16,1775840422568.602,1775840422790.169,221.567,113.542,107.027,33.809,32937,5545,200.0,1,0,99.2
431,mean_dynamic_mobilenetv2,stable,features_16,1775840422801.170,1775840422998.196,197.027,83.006,112.022,37.852,32937,5545,200.0,0,0,97.2
432,mean_dynamic_mobilenetv2,stable,features_16,1775840423004.201,1775840423187.222,183.021,80.001,101.515,35.236,32937,5545,200.0,0,0,100.0
433,mean_dynamic_mobilenetv2,stable,features_16,1775840423195.229,1775840423381.750,186.521,85.005,100.517,34.644,32937,5545,200.0,0,0,95.5
434,mean_dynamic_mobilenetv2,stable,features_16,1775840423390.257,1775840423571.775,181.518,69.001,112.517,38.896,32937,5545,200.0,0,0,100.0
435,mean_dynamic_mobilenetv2,stable,features_16,1775840423579.780,1775840423806.237,226.457,116.043,108.419,35.339,32937,5545,200.0,1,0,100.0
436,mean_dynamic_mobilenetv2,stable,features_16,1775840423815.240,1775840424027.275,212.035,73.519,137.516,33.685,32937,5545,200.0,1,0,100.0
437,mean_dynamic_mobilenetv2,stable,features_16,1775840424034.275,1775840424212.320,178.045,68.530,107.512,37.630,32937,5545,200.0,0,0,98.0
438,mean_dynamic_mobilenetv2,stable,features_16,1775840424220.321,1775840424426.367,206.046,83.521,120.526,38.555,32937,5545,200.0,1,0,98.6
439,mean_dynamic_mobilenetv2,stable,features_16,1775840424435.368,1775840424643.410,208.042,100.531,106.510,38.012,32937,5545,200.0,1,0,99.6
440,mean_dynamic_mobilenetv2,stable,features_16,1775840424654.412,1775840424840.444,186.032,83.515,101.522,34.810,32937,5545,200.0,0,0,100.0
441,mean_dynamic_mobilenetv2,stable,features_16,1775840424851.444,1775840425047.500,196.056,90.539,104.516,35.699,32937,5545,200.0,0,0,98.6
442,mean_dynamic_mobilenetv2,stable,features_16,1775840425056.500,1775840425261.550,205.050,92.529,109.640,38.318,32937,5545,200.0,1,0,97.0
443,mean_dynamic_mobilenetv2,stable,features_16,1775840425274.554,1775840425481.583,207.030,98.518,107.516,36.758,32937,5545,200.0,1,0,100.0
444,mean_dynamic_mobilenetv2,stable,features_16,1775840425492.094,1775840425688.128,196.034,88.010,106.020,35.628,32937,5545,200.0,0,0,98.6
445,mean_dynamic_mobilenetv2,stable,features_16,1775840425697.130,1775840425915.164,218.034,110.522,106.514,36.446,32937,5545,200.0,1,0,100.0
446,mean_dynamic_mobilenetv2,stable,features_16,1775840425921.163,1775840426152.196,231.034,115.518,110.519,38.136,32937,5545,200.0,1,0,98.4
447,mean_dynamic_mobilenetv2,stable,features_16,1775840426160.196,1775840426351.239,191.044,84.527,105.515,35.356,32937,5545,200.0,0,0,97.5
448,mean_dynamic_mobilenetv2,stable,features_16,1775840426359.239,1775840426589.780,230.541,100.513,129.027,34.857,32937,5545,200.0,1,0,94.6
449,mean_dynamic_mobilenetv2,stable,features_16,1775840426596.780,1775840426837.816,241.037,126.513,110.516,39.537,32937,5545,200.0,1,0,98.2
450,mean_dynamic_mobilenetv2,stable,features_16,1775840426844.810,1775840427051.848,207.038,95.526,108.513,37.383,32937,5545,200.0,1,0,96.7
451,mean_dynamic_mobilenetv2,stable,features_16,1775840427060.853,1775840427249.895,189.042,80.516,107.520,37.345,32937,5545,200.0,0,0,98.6
452,mean_dynamic_mobilenetv2,stable,features_16,1775840427254.888,1775840427428.920,174.032,64.515,108.516,38.225,32937,5545,200.0,0,0,94.0
453,mean_dynamic_mobilenetv2,stable,features_16,1775840427438.920,1775840427639.955,201.035,91.521,107.511,36.573,32937,5545,200.0,1,0,99.6
454,mean_dynamic_mobilenetv2,stable,features_16,1775840427648.953,1775840427864.577,215.624,103.531,106.091,35.298,32937,5545,200.0,1,0,99.1
455,mean_dynamic_mobilenetv2,stable,features_16,1775840427874.583,1775840428091.152,216.569,110.535,104.034,34.613,32937,5545,200.0,1,0,95.9
456,mean_dynamic_mobilenetv2,stable,features_16,1775840428097.152,1775840428313.546,216.394,103.527,109.860,36.670,32937,5545,200.0,1,0,98.3
457,mean_dynamic_mobilenetv2,stable,features_16,1775840428322.548,1775840428510.575,188.026,79.516,106.513,36.143,32937,5545,200.0,0,0,100.0
458,mean_dynamic_mobilenetv2,stable,features_16,1775840428519.576,1775840428745.608,226.032,102.513,119.521,42.819,32937,5545,200.0,1,0,100.0
459,mean_dynamic_mobilenetv2,stable,features_16,1775840428751.608,1775840428968.664,217.055,108.531,106.522,37.843,32937,5545,200.0,1,0,99.1
460,mean_dynamic_mobilenetv2,stable,features_16,1775840428977.678,1775840429175.717,198.039,84.508,112.531,37.790,32937,5545,200.0,0,0,97.7
461,mean_dynamic_mobilenetv2,stable,features_16,1775840429184.717,1775840429363.741,179.024,73.510,104.515,36.877,32937,5545,200.0,0,0,100.0
462,mean_dynamic_mobilenetv2,stable,features_16,1775840429370.740,1775840429520.789,150.049,38.530,110.520,36.044,32937,5545,200.0,0,0,96.3
463,mean_dynamic_mobilenetv2,stable,features_16,1775840429527.788,1775840429789.355,261.567,110.520,146.528,36.029,32937,5545,200.0,1,0,99.6
464,mean_dynamic_mobilenetv2,stable,features_16,1775840429799.355,1775840429999.396,200.040,96.515,103.525,35.674,32937,5545,200.0,1,0,98.2
465,mean_dynamic_mobilenetv2,stable,features_16,1775840430013.396,1775840430213.440,200.043,92.528,104.513,35.502,32937,5545,200.0,1,0,100.0
466,mean_dynamic_mobilenetv2,stable,features_16,1775840430223.439,1775840430432.476,209.037,98.520,109.518,37.739,32937,5545,200.0,1,0,100.0
467,mean_dynamic_mobilenetv2,stable,features_16,1775840430438.477,1775840430682.532,244.055,130.530,111.528,37.165,32937,5545,200.0,1,0,100.0
468,mean_dynamic_mobilenetv2,stable,features_16,1775840430689.043,1775840430881.564,192.521,86.005,101.513,37.410,32937,5545,200.0,0,0,97.5
469,mean_dynamic_mobilenetv2,stable,features_16,1775840430890.078,1775840431086.601,196.522,86.006,110.516,39.596,32937,5545,200.0,0,0,98.3
470,mean_dynamic_mobilenetv2,stable,features_16,1775840431093.110,1775840431296.141,203.031,84.005,115.027,38.403,32937,5545,200.0,1,0,100.0
471,mean_dynamic_mobilenetv2,stable,features_16,1775840431303.146,1775840431494.185,191.039,83.006,106.035,33.583,32937,5545,200.0,0,0,98.2
472,mean_dynamic_mobilenetv2,stable,features_16,1775840431500.187,1775840431696.224,196.037,85.009,109.032,35.357,32937,5545,200.0,0,0,98.1
473,mean_dynamic_mobilenetv2,stable,features_16,1775840431716.226,1775840431909.267,193.041,81.523,111.518,35.897,32937,5545,200.0,0,0,98.6
474,mean_dynamic_mobilenetv2,stable,features_16,1775840431917.267,1775840432109.327,192.060,72.531,118.528,36.169,32937,5545,200.0,0,0,97.2
475,mean_dynamic_mobilenetv2,stable,features_16,1775840432120.330,1775840432315.369,195.038,79.524,114.516,38.658,32937,5545,200.0,0,0,100.0
476,mean_dynamic_mobilenetv2,stable,features_16,1775840432319.368,1775840432441.882,122.514,16.000,104.570,33.340,32937,5545,200.0,0,0,90.9
477,mean_dynamic_mobilenetv2,stable,features_16,1775840432449.881,1775840432638.446,188.565,75.518,110.049,37.283,32937,5545,200.0,0,0,98.2
478,mean_dynamic_mobilenetv2,stable,features_16,1775840432644.447,1775840432843.481,199.035,90.524,107.510,37.747,32937,5545,200.0,0,0,97.2
479,mean_dynamic_mobilenetv2,stable,features_16,1775840432852.481,1775840433057.528,205.046,91.526,111.517,37.017,32937,5545,200.0,1,0,99.1
480,mean_dynamic_mobilenetv2,stable,features_16,1775840433067.526,1775840433267.563,200.037,71.525,125.515,34.528,32937,5545,200.0,1,0,95.2
481,mean_dynamic_mobilenetv2,stable,features_16,1775840433274.573,1775840433455.603,181.030,67.514,112.518,39.087,32937,5545,200.0,0,0,97.4
482,mean_dynamic_mobilenetv2,stable,features_16,1775840433464.604,1775840433649.643,185.039,78.518,105.521,37.690,32937,5545,200.0,0,0,100.0
483,mean_dynamic_mobilenetv2,stable,features_16,1775840433657.645,1775840433836.011,178.366,74.517,101.849,32.972,32937,5545,200.0,0,0,96.3
484,mean_dynamic_mobilenetv2,stable,features_16,1775840433845.012,1775840434039.708,194.696,79.518,112.177,37.226,32937,5545,200.0,0,0,97.8
485,mean_dynamic_mobilenetv2,stable,features_16,1775840434047.707,1775840434259.740,212.033,104.524,107.510,38.440,32937,5545,200.0,1,0,100.0
486,mean_dynamic_mobilenetv2,stable,features_16,1775840434266.740,1775840434430.777,164.037,59.523,102.516,32.930,32937,5545,200.0,0,0,94.4
487,mean_dynamic_mobilenetv2,stable,features_16,1775840434437.779,1775840434630.816,193.037,86.529,105.510,35.253,32937,5545,200.0,0,0,99.0
488,mean_dynamic_mobilenetv2,stable,features_16,1775840434637.817,1775840434827.860,190.043,76.530,112.517,38.170,32937,5545,200.0,0,0,97.2
489,mean_dynamic_mobilenetv2,stable,features_16,1775840434836.864,1775840435047.899,211.035,103.522,106.512,35.990,32937,5545,200.0,1,0,99.2
490,mean_dynamic_mobilenetv2,stable,features_16,1775840435055.906,1775840435253.942,198.036,87.518,109.522,40.087,32937,5545,200.0,0,0,96.7
491,mean_dynamic_mobilenetv2,stable,features_16,1775840435262.941,1775840435516.485,253.544,97.517,154.029,80.104,32937,5545,200.0,1,0,97.2
492,mean_dynamic_mobilenetv2,stable,features_16,1775840435521.486,1775840435720.525,199.039,101.522,96.517,30.993,32937,5545,200.0,0,0,100.0
493,mean_dynamic_mobilenetv2,stable,features_16,1775840435726.526,1775840435913.562,187.036,78.527,106.515,35.022,32937,5545,200.0,0,0,98.5
494,mean_dynamic_mobilenetv2,stable,features_16,1775840435919.563,1775840436116.595,197.032,83.514,110.520,35.359,32937,5545,200.0,0,0,100.0
495,mean_dynamic_mobilenetv2,stable,features_16,1775840436125.597,1775840436323.634,198.036,90.519,106.520,37.167,32937,5545,200.0,0,0,100.0
496,mean_dynamic_mobilenetv2,stable,features_16,1775840436331.634,1775840436513.670,182.036,75.513,105.521,35.144,32937,5545,200.0,0,0,97.5
497,mean_dynamic_mobilenetv2,stable,features_16,1775840436522.665,1775840436723.701,201.036,88.532,111.504,37.666,32937,5545,200.0,1,0,99.1
498,mean_dynamic_mobilenetv2,stable,features_16,1775840436734.701,1775840436932.750,198.049,88.527,103.521,33.364,32937,5545,200.0,0,0,97.8
499,mean_dynamic_mobilenetv2,stable,features_16,1775840436938.745,1775840437124.791,186.045,79.529,104.521,35.100,32937,5545,200.0,0,0,99.0
500,mean_dynamic_mobilenetv2,stable,features_16,1775840437129.791,1775840437341.829,212.038,100.518,109.513,39.131,32937,5545,200.0,1,0,96.1
501,mean_dynamic_mobilenetv2,stable,features_16,1775840437347.824,1775840437565.868,218.044,112.531,104.511,33.229,32937,5545,200.0,1,0,99.6
502,mean_dynamic_mobilenetv2,stable,features_16,1775840437573.869,1775840437795.431,221.563,108.531,111.029,40.219,32937,5545,200.0,1,0,96.4
503,mean_dynamic_mobilenetv2,stable,features_16,1775840437801.429,1775840438016.483,215.053,109.531,103.521,36.085,32937,5545,200.0,1,0,98.7
504,mean_dynamic_mobilenetv2,stable,features_16,1775840438020.483,1775840438191.521,171.039,67.009,102.025,32.854,32937,5545,200.0,0,0,98.9
505,mean_dynamic_mobilenetv2,stable,features_16,1775840438201.521,1775840438401.570,200.049,87.010,111.038,37.302,32937,5545,200.0,1,0,97.8
506,mean_dynamic_mobilenetv2,stable,features_16,1775840438407.567,1775840438603.615,196.048,80.010,115.039,37.333,32937,5545,200.0,0,0,95.7
507,mean_dynamic_mobilenetv2,stable,features_16,1775840438615.615,1775840438828.649,213.034,98.521,113.513,39.055,32937,5545,200.0,1,0,99.6
508,mean_dynamic_mobilenetv2,stable,features_16,1775840438833.647,1775840439022.690,189.043,77.524,109.513,39.691,32937,5545,200.0,0,0,95.4
509,mean_dynamic_mobilenetv2,stable,features_16,1775840439028.687,1775840439228.722,200.035,92.520,105.519,36.567,32937,5545,200.0,1,0,97.8
510,mean_dynamic_mobilenetv2,stable,features_16,1775840439235.718,1775840439430.759,195.041,88.520,104.517,33.553,32937,5545,200.0,0,0,96.2
511,mean_dynamic_mobilenetv2,stable,features_16,1775840439439.756,1775840439619.788,180.032,76.518,102.513,33.732,32937,5545,200.0,0,0,99.0
512,mean_dynamic_mobilenetv2,stable,features_16,1775840439629.788,1775840439859.840,230.052,111.525,115.521,39.793,32937,5545,200.0,1,0,98.4
513,mean_dynamic_mobilenetv2,stable,features_16,1775840439875.847,1775840440074.893,199.046,99.517,97.521,29.277,32937,5545,200.0,0,0,97.0
514,mean_dynamic_mobilenetv2,stable,features_16,1775840440083.898,1775840440285.934,202.036,92.525,109.510,39.917,32937,5545,200.0,1,0,98.6
515,mean_dynamic_mobilenetv2,stable,features_16,1775840440292.447,1775840440486.983,194.536,83.001,110.533,39.389,32937,5545,200.0,0,0,98.1
516,mean_dynamic_mobilenetv2,stable,features_16,1775840440494.490,1775840440682.012,187.523,76.002,110.524,36.768,32937,5545,200.0,0,0,96.3
517,mean_dynamic_mobilenetv2,stable,features_16,1775840440690.517,1775840440883.061,192.544,87.014,104.637,33.048,32937,5545,200.0,0,0,97.5
518,mean_dynamic_mobilenetv2,stable,features_16,1775840440889.062,1775840441072.089,183.028,78.510,103.515,33.106,32937,5545,200.0,0,0,100.0
519,mean_dynamic_mobilenetv2,stable,features_16,1775840441080.095,1775840441327.644,247.549,89.515,156.031,36.851,32937,5545,200.0,1,0,98.9
520,mean_dynamic_mobilenetv2,stable,features_16,1775840441335.646,1775840441545.680,210.034,96.519,109.511,32.778,32937,5545,200.0,1,0,98.7
521,mean_dynamic_mobilenetv2,stable,features_16,1775840441553.679,1775840441753.719,200.040,93.522,104.521,36.842,32937,5545,200.0,1,0,97.2
522,mean_dynamic_mobilenetv2,stable,features_16,1775840441762.720,1775840441936.000,173.280,63.519,107.765,36.070,32937,5545,200.0,0,0,97.0
523,mean_dynamic_mobilenetv2,stable,features_16,1775840441942.000,1775840442128.035,186.035,78.522,103.515,35.633,32937,5545,200.0,0,0,96.5
524,mean_dynamic_mobilenetv2,stable,features_16,1775840442133.036,1775840442327.080,194.045,89.521,102.524,34.796,32937,5545,200.0,0,0,96.3
525,mean_dynamic_mobilenetv2,stable,features_16,1775840442331.080,1775840442526.118,195.037,82.516,108.523,36.055,32937,5545,200.0,0,0,98.1
526,mean_dynamic_mobilenetv2,stable,features_16,1775840442534.115,1775840442734.176,200.061,85.546,112.515,36.798,32937,5545,200.0,1,0,93.5
527,mean_dynamic_mobilenetv2,stable,features_16,1775840442740.178,1775840442866.698,126.521,24.003,101.517,34.752,32937,5545,200.0,0,0,92.4
528,mean_dynamic_mobilenetv2,stable,features_16,1775840442875.699,1775840443054.743,179.044,75.516,102.532,32.927,32937,5545,200.0,0,0,98.1
529,mean_dynamic_mobilenetv2,stable,features_16,1775840443060.743,1775840443245.793,185.050,70.526,113.525,39.451,32937,5545,200.0,0,0,99.5
530,mean_dynamic_mobilenetv2,stable,features_16,1775840443250.793,1775840443446.831,196.038,87.523,104.809,35.098,32937,5545,200.0,0,0,97.2
531,mean_dynamic_mobilenetv2,stable,features_16,1775840443452.830,1775840443640.877,188.047,82.526,104.520,37.198,32937,5545,200.0,0,0,96.9
532,mean_dynamic_mobilenetv2,stable,features_16,1775840443645.875,1775840443838.913,193.039,90.514,100.527,35.197,32937,5545,200.0,0,0,99.1
533,mean_dynamic_mobilenetv2,stable,features_16,1775840443844.912,1775840444048.942,204.030,83.517,115.512,40.439,32937,5545,200.0,1,0,99.1
534,mean_dynamic_mobilenetv2,stable,features_16,1775840444061.942,1775840444256.987,195.044,81.525,109.518,33.651,32937,5545,200.0,0,0,95.8
535,mean_dynamic_mobilenetv2,stable,features_16,1775840444264.986,1775840444467.021,202.035,86.512,113.519,38.154,32937,5545,200.0,1,0,100.0
536,mean_dynamic_mobilenetv2,stable,features_16,1775840444473.019,1775840444659.058,186.039,82.522,101.745,34.715,32937,5545,200.0,0,0,96.9
537,mean_dynamic_mobilenetv2,stable,features_16,1775840444669.056,1775840444867.272,198.216,86.519,109.699,34.804,32937,5545,200.0,0,0,100.0
538,mean_dynamic_mobilenetv2,stable,features_16,1775840444875.274,1775840445065.329,190.055,79.526,105.526,34.096,32937,5545,200.0,0,0,98.1
539,mean_dynamic_mobilenetv2,stable,features_16,1775840445072.322,1775840445262.370,190.049,77.531,109.514,38.515,32937,5545,200.0,0,0,99.1
540,mean_dynamic_mobilenetv2,stable,features_16,1775840445269.367,1775840445461.414,192.047,85.529,101.515,34.730,32937,5545,200.0,0,0,99.5
541,mean_dynamic_mobilenetv2,stable,features_16,1775840445467.412,1775840445647.461,180.049,75.525,103.523,36.625,32937,5545,200.0,0,0,98.9
542,mean_dynamic_mobilenetv2,stable,features_16,1775840445655.460,1775840445852.494,197.033,81.520,113.514,38.679,32937,5545,200.0,0,0,100.0
543,mean_dynamic_mobilenetv2,stable,features_16,1775840445858.495,1775840446028.536,170.041,61.519,107.521,37.723,32937,5545,200.0,0,0,97.8
544,mean_dynamic_mobilenetv2,stable,features_16,1775840446033.535,1775840446224.595,191.060,88.537,101.525,34.966,32937,5545,200.0,0,0,97.4
545,mean_dynamic_mobilenetv2,stable,features_16,1775840446232.595,1775840446409.624,177.029,73.516,103.512,37.101,32937,5545,200.0,0,0,98.0
546,mean_dynamic_mobilenetv2,stable,features_16,1775840446416.623,1775840446596.672,180.049,69.009,109.039,36.723,32937,5545,200.0,0,0,99.5
547,mean_dynamic_mobilenetv2,stable,features_16,1775840446607.674,1775840446816.709,209.035,95.517,109.519,37.395,32937,5545,200.0,1,0,97.8
548,mean_dynamic_mobilenetv2,stable,features_16,1775840446826.711,1775840447034.743,208.032,50.000,157.028,86.371,32937,5545,200.0,1,0,97.0
549,mean_dynamic_mobilenetv2,stable,features_16,1775840447048.743,1775840447255.772,207.029,101.516,104.513,36.072,32937,5545,200.0,1,0,95.2
550,mean_dynamic_mobilenetv2,stable,features_16,1775840447264.773,1775840447456.807,192.034,80.520,110.514,39.572,32937,5545,200.0,0,0,97.7
551,mean_dynamic_mobilenetv2,stable,features_16,1775840447468.810,1775840447670.844,202.034,85.519,115.519,41.798,32937,5545,200.0,1,0,97.9
552,mean_dynamic_mobilenetv2,stable,features_16,1775840447679.856,1775840447880.901,201.045,88.524,111.521,38.986,32937,5545,200.0,1,0,96.3
553,mean_dynamic_mobilenetv2,stable,features_16,1775840447889.902,1775840448075.931,186.030,73.516,109.514,33.547,32937,5545,200.0,0,0,100.0
554,mean_dynamic_mobilenetv2,stable,features_16,1775840448084.940,1775840448284.978,200.038,87.516,109.523,39.665,32937,5545,200.0,1,0,97.7
555,mean_dynamic_mobilenetv2,stable,features_16,1775840448293.505,1775840448491.026,197.521,87.009,109.514,36.217,32937,5545,200.0,0,0,97.1
556,mean_dynamic_mobilenetv2,stable,features_16,1775840448499.536,1775840448693.567,194.031,82.010,111.016,38.424,32937,5545,200.0,0,0,97.2
557,mean_dynamic_mobilenetv2,stable,features_16,1775840448698.567,1775840448899.602,201.035,91.006,107.029,33.378,32937,5545,200.0,1,0,97.8
558,mean_dynamic_mobilenetv2,stable,features_16,1775840448911.603,1775840449117.638,206.035,96.522,106.511,36.235,32937,5545,200.0,1,0,97.0
559,mean_dynamic_mobilenetv2,stable,features_16,1775840449122.636,1775840449323.679,201.043,93.527,105.519,33.981,32937,5545,200.0,1,0,97.1
560,mean_dynamic_mobilenetv2,stable,features_16,1775840449331.682,1775840449513.713,182.031,71.512,109.516,36.842,32937,5545,200.0,0,0,100.0
561,mean_dynamic_mobilenetv2,stable,features_16,1775840449524.714,1775840449721.737,197.022,85.510,108.512,39.093,32937,5545,200.0,0,0,100.0
562,mean_dynamic_mobilenetv2,stable,features_16,1775840449733.737,1775840449939.786,206.049,95.522,108.525,40.907,32937,5545,200.0,1,0,100.0
563,mean_dynamic_mobilenetv2,stable,features_16,1775840449948.787,1775840450145.832,197.045,86.527,107.518,32.544,32937,5545,200.0,0,0,100.0
564,mean_dynamic_mobilenetv2,stable,features_16,1775840450154.831,1775840450364.866,210.035,93.517,114.521,42.485,32937,5545,200.0,1,0,99.6
565,mean_dynamic_mobilenetv2,stable,features_16,1775840450373.868,1775840450548.903,175.035,63.519,110.516,36.819,32937,5545,200.0,0,0,99.0
566,mean_dynamic_mobilenetv2,stable,features_16,1775840450557.900,1775840450835.461,277.561,166.041,110.520,35.958,32937,5545,200.0,1,0,99.7
567,mean_dynamic_mobilenetv2,stable,features_16,1775840450842.459,1775840451025.503,183.044,72.520,105.522,35.657,32937,5545,200.0,0,0,99.1
568,mean_dynamic_mobilenetv2,stable,features_16,1775840451031.502,1775840451238.536,207.034,93.523,106.511,37.169,32937,5545,200.0,1,0,100.0
569,mean_dynamic_mobilenetv2,stable,features_16,1775840451252.536,1775840451450.862,198.326,93.518,102.808,34.723,32937,5545,200.0,0,0,97.8
570,mean_dynamic_mobilenetv2,stable,features_16,1775840451457.861,1775840451649.915,192.054,82.528,107.525,33.551,32937,5545,200.0,0,0,98.1
571,mean_dynamic_mobilenetv2,stable,features_16,1775840451654.915,1775840451859.945,205.031,87.513,112.517,40.542,32937,5545,200.0,1,0,100.0
572,mean_dynamic_mobilenetv2,stable,features_16,1775840451870.944,1775840452054.982,184.038,74.520,108.519,37.243,32937,5545,200.0,0,0,96.7
573,mean_dynamic_mobilenetv2,stable,features_16,1775840452062.980,1775840452258.034,195.053,80.532,113.522,40.312,32937,5545,200.0,0,0,100.0
574,mean_dynamic_mobilenetv2,stable,features_16,1775840452266.041,1775840452462.091,196.050,72.528,121.524,47.762,32937,5545,200.0,0,0,92.1
575,mean_dynamic_mobilenetv2,stable,features_16,1775840452471.090,1775840452643.894,172.804,63.536,106.269,37.042,32937,5545,200.0,0,0,95.6
576,mean_dynamic_mobilenetv2,stable,features_16,1775840452656.896,1775840452844.936,188.040,87.521,98.517,32.666,32937,5545,200.0,0,0,98.6
577,mean_dynamic_mobilenetv2,stable,features_16,1775840452855.938,1775840453034.699,178.761,74.524,102.241,35.566,32937,5545,200.0,0,0,95.9
578,mean_dynamic_mobilenetv2,stable,features_16,1775840453040.700,1775840453246.741,206.042,88.520,114.520,39.021,32937,5545,200.0,1,0,98.7
579,mean_dynamic_mobilenetv2,stable,features_16,1775840453254.743,1775840453447.782,193.039,81.522,109.522,38.063,32937,5545,200.0,0,0,99.1
580,mean_dynamic_mobilenetv2,stable,features_16,1775840453453.782,1775840453641.816,188.033,74.518,112.515,40.205,32937,5545,200.0,0,0,96.0
581,mean_dynamic_mobilenetv2,stable,features_16,1775840453653.816,1775840453849.858,196.043,91.521,104.521,35.229,32937,5545,200.0,0,0,99.0
582,mean_dynamic_mobilenetv2,stable,features_16,1775840453857.862,1775840454057.899,200.036,85.515,111.525,36.744,32937,5545,200.0,1,0,98.7
583,mean_dynamic_mobilenetv2,stable,features_16,1775840454064.899,1775840454275.961,211.062,97.543,111.512,41.724,32937,5545,200.0,1,0,97.4
584,mean_dynamic_mobilenetv2,stable,features_16,1775840454286.954,1775840454462.992,176.038,60.518,114.520,40.722,32937,5545,200.0,0,0,96.4
585,mean_dynamic_mobilenetv2,stable,features_16,1775840454471.990,1775840454652.022,180.033,67.520,111.516,41.180,32937,5545,200.0,0,0,98.0
586,mean_dynamic_mobilenetv2,stable,features_16,1775840454661.022,1775840454848.059,187.037,79.518,103.520,39.488,32937,5545,200.0,0,0,99.0
587,mean_dynamic_mobilenetv2,stable,features_16,1775840454856.062,1775840455070.100,214.038,103.523,109.517,39.504,32937,5545,200.0,1,0,98.3
588,mean_dynamic_mobilenetv2,stable,features_16,1775840455079.100,1775840455273.139,194.039,81.523,112.516,40.090,32937,5545,200.0,0,0,100.0
589,mean_dynamic_mobilenetv2,stable,features_16,1775840455278.137,1775840455413.189,135.052,19.526,109.515,38.867,32937,5545,200.0,0,0,98.0
590,mean_dynamic_mobilenetv2,stable,features_16,1775840455426.185,1775840455637.222,211.037,106.525,102.516,33.413,32937,5545,200.0,1,0,98.8
591,mean_dynamic_mobilenetv2,stable,features_16,1775840455646.229,1775840455854.260,208.032,87.520,109.517,36.054,32937,5545,200.0,1,0,97.8
592,mean_dynamic_mobilenetv2,stable,features_16,1775840455863.256,1775840456030.308,167.052,60.523,104.526,36.745,32937,5545,200.0,0,0,97.3
593,mean_dynamic_mobilenetv2,stable,features_16,1775840456040.313,1775840456271.352,231.039,116.517,112.529,37.232,32937,5545,200.0,1,0,100.0
594,mean_dynamic_mobilenetv2,stable,features_16,1775840456279.349,1775840456499.910,220.561,118.044,100.513,33.138,32937,5545,200.0,1,0,100.0
595,mean_dynamic_mobilenetv2,stable,features_16,1775840456507.914,1775840456719.941,212.027,99.516,111.511,37.858,32937,5545,200.0,1,0,100.0
596,mean_dynamic_mobilenetv2,stable,features_16,1775840456728.942,1775840456915.987,187.045,75.532,108.506,37.568,32937,5545,200.0,0,0,98.1
597,mean_dynamic_mobilenetv2,stable,features_16,1775840456924.988,1775840457099.014,174.026,70.004,104.022,34.627,32937,5545,200.0,0,0,98.3
598,mean_dynamic_mobilenetv2,stable,features_16,1775840457107.014,1775840457314.042,207.028,109.516,95.514,30.258,32937,5545,200.0,1,0,97.4
599,mean_dynamic_mobilenetv2,stable,features_16,1775840457321.042,1775840457535.093,214.051,105.534,107.515,34.252,32937,5545,200.0,1,0,98.7
600,mean_dynamic_mobilenetv2,stable,features_16,1775840457542.092,1775840457766.131,224.039,116.517,106.523,35.189,32937,5545,200.0,1,0,100.0
601,mean_dynamic_mobilenetv2,stable,features_16,1775840457774.129,1775840457984.173,210.044,107.525,101.519,35.069,32937,5545,200.0,1,0,99.1
602,mean_dynamic_mobilenetv2,stable,features_16,1775840457990.173,1775840458194.231,204.058,93.541,109.518,38.321,32937,5545,200.0,1,0,100.0
603,mean_dynamic_mobilenetv2,stable,features_16,1775840458201.744,1775840458439.785,238.041,116.527,119.513,37.838,32937,5545,200.0,1,0,100.0
604,mean_dynamic_mobilenetv2,stable,features_16,1775840458447.784,1775840458643.823,196.039,93.517,101.522,33.002,32937,5545,200.0,0,0,100.0
605,mean_dynamic_mobilenetv2,stable,features_16,1775840458653.821,1775840458867.854,214.032,104.519,107.512,36.282,32937,5545,200.0,1,0,100.0
606,mean_dynamic_mobilenetv2,stable,features_16,1775840458872.851,1775840459058.886,186.035,74.527,109.514,36.149,32937,5545,200.0,0,0,97.0
607,mean_dynamic_mobilenetv2,stable,features_16,1775840459063.886,1775840459262.924,199.038,83.519,113.518,40.874,32937,5545,200.0,0,0,100.0
608,mean_dynamic_mobilenetv2,stable,features_16,1775840459276.928,1775840459489.979,213.051,101.519,106.521,38.557,32937,5545,200.0,1,0,99.1
609,mean_dynamic_mobilenetv2,stable,features_16,1775840459497.493,1775840459721.528,224.035,113.522,106.513,41.074,32937,5545,200.0,1,0,99.6
610,mean_dynamic_mobilenetv2,stable,features_16,1775840459731.532,1775840459925.576,194.043,79.524,112.513,38.460,32937,5545,200.0,0,0,100.0
611,mean_dynamic_mobilenetv2,stable,features_16,1775840459930.569,1775840460149.609,219.041,88.509,127.519,37.821,32937,5545,200.0,1,0,98.4
612,mean_dynamic_mobilenetv2,stable,features_16,1775840460155.608,1775840460358.654,203.045,92.523,109.526,38.731,32937,5545,200.0,1,0,99.1
613,mean_dynamic_mobilenetv2,stable,features_16,1775840460364.653,1775840460558.697,194.043,87.520,104.524,35.428,32937,5545,200.0,0,0,98.6
614,mean_dynamic_mobilenetv2,stable,features_16,1775840460564.696,1775840460792.730,228.035,114.514,108.516,34.949,32937,5545,200.0,1,0,98.0
615,mean_dynamic_mobilenetv2,stable,features_16,1775840460802.238,1775840461016.282,214.044,99.528,113.518,41.851,32937,5545,200.0,1,0,100.0
616,mean_dynamic_mobilenetv2,stable,features_16,1775840461021.283,1775840461228.319,207.036,92.521,112.517,38.519,32937,5545,200.0,1,0,98.7
617,mean_dynamic_mobilenetv2,stable,features_16,1775840461234.319,1775840461440.354,206.035,93.520,107.514,36.415,32937,5545,200.0,1,0,100.0
618,mean_dynamic_mobilenetv2,stable,features_16,1775840461448.354,1775840461640.389,192.035,86.520,104.514,37.431,32937,5545,200.0,0,0,96.8
619,mean_dynamic_mobilenetv2,stable,features_16,1775840461649.389,1775840461855.426,206.037,100.520,103.519,37.833,32937,5545,200.0,1,0,97.9
620,mean_dynamic_mobilenetv2,stable,features_16,1775840461863.426,1775840462058.472,195.046,90.523,103.523,35.537,32937,5545,200.0,0,0,97.2
621,mean_dynamic_mobilenetv2,stable,features_16,1775840462069.471,1775840462240.514,171.043,59.525,109.520,33.136,32937,5545,200.0,0,0,98.9
622,mean_dynamic_mobilenetv2,stable,features_16,1775840462247.518,1775840462458.544,211.025,102.516,106.512,36.026,32937,5545,200.0,1,0,95.5
623,mean_dynamic_mobilenetv2,stable,features_16,1775840462463.548,1775840462656.612,193.064,84.034,107.523,37.331,32937,5545,200.0,0,0,97.2
624,mean_dynamic_mobilenetv2,stable,features_16,1775840462667.609,1775840462862.653,195.043,83.528,108.512,38.115,32937,5545,200.0,0,0,100.0
625,mean_dynamic_mobilenetv2,stable,features_16,1775840462871.663,1775840463064.705,193.042,81.518,109.533,40.154,32937,5545,200.0,0,0,98.2
626,mean_dynamic_mobilenetv2,stable,features_16,1775840463072.705,1775840463226.741,154.037,39.523,113.513,36.104,32937,5545,200.0,0,0,97.1
627,mean_dynamic_mobilenetv2,stable,features_16,1775840463232.741,1775840463419.793,187.052,83.520,103.531,33.086,32937,5545,200.0,0,0,99.5
628,mean_dynamic_mobilenetv2,stable,features_16,1775840463430.793,1775840463629.847,199.054,87.525,109.533,32.750,32937,5545,200.0,0,0,97.7
629,mean_dynamic_mobilenetv2,stable,features_16,1775840463636.847,1775840463850.889,214.042,103.521,108.524,35.751,32937,5545,200.0,1,0,96.6
630,mean_dynamic_mobilenetv2,stable,features_16,1775840463857.885,1775840464050.932,193.047,91.531,100.512,33.457,32937,5545,200.0,0,0,99.5
631,mean_dynamic_mobilenetv2,stable,features_16,1775840464060.931,1775840464324.487,263.556,95.519,161.032,36.289,32937,5545,200.0,1,0,96.9
632,mean_dynamic_mobilenetv2,stable,features_16,1775840464334.485,1775840464530.537,196.052,80.519,113.531,39.450,32937,5545,200.0,0,0,100.0
633,mean_dynamic_mobilenetv2,stable,features_16,1775840464536.537,1775840464741.588,205.051,98.525,105.527,34.572,32937,5545,200.0,1,0,97.2
634,mean_dynamic_mobilenetv2,stable,features_16,1775840464748.584,1775840464939.625,191.041,79.527,109.513,40.462,32937,5545,200.0,0,0,96.4
635,mean_dynamic_mobilenetv2,stable,features_16,1775840464945.627,1775840465152.682,207.055,96.530,107.516,36.457,32937,5545,200.0,1,0,98.3
636,mean_dynamic_mobilenetv2,stable,features_16,1775840465161.678,1775840465359.731,198.053,92.525,105.528,33.507,32937,5545,200.0,0,0,94.9
637,mean_dynamic_mobilenetv2,stable,features_16,1775840465367.731,1775840465569.762,202.031,87.517,112.513,40.287,32937,5545,200.0,1,0,98.6
638,mean_dynamic_mobilenetv2,stable,features_16,1775840465578.765,1775840465785.813,207.048,105.521,99.535,32.206,32937,5545,200.0,1,0,100.0
639,mean_dynamic_mobilenetv2,stable,features_16,1775840465792.813,1775840465971.846,179.033,74.514,102.518,34.233,32937,5545,200.0,0,0,98.0
640,mean_dynamic_mobilenetv2,stable,features_16,1775840465977.842,1775840466185.881,208.039,97.519,109.521,38.196,32937,5545,200.0,1,0,100.0
641,mean_dynamic_mobilenetv2,stable,features_16,1775840466189.880,1775840466331.917,142.037,29.515,110.522,42.215,32937,5545,200.0,0,0,98.0
642,mean_dynamic_mobilenetv2,stable,features_16,1775840466339.917,1775840466517.971,178.054,73.534,103.521,36.216,32937,5545,200.0,0,0,97.9
643,mean_dynamic_mobilenetv2,stable,features_16,1775840466524.968,1775840466730.009,205.040,86.518,116.524,37.189,32937,5545,200.0,1,0,100.0
644,mean_dynamic_mobilenetv2,stable,features_16,1775840466739.017,1775840466938.052,199.035,84.505,113.528,38.813,32937,5545,200.0,0,0,99.5
645,mean_dynamic_mobilenetv2,stable,features_16,1775840466947.054,1775840467153.094,206.040,91.519,112.515,38.406,32937,5545,200.0,1,0,98.3
646,mean_dynamic_mobilenetv2,stable,features_16,1775840467158.088,1775840467324.475,166.387,61.519,104.868,35.460,32937,5545,200.0,0,0,98.9
647,mean_dynamic_mobilenetv2,stable,features_16,1775840467334.475,1775840467482.985,148.509,45.999,100.995,33.584,32937,5545,200.0,0,0,95.7
648,mean_dynamic_mobilenetv2,stable,features_16,1775840467486.988,1775840467631.011,144.024,21.509,120.515,41.008,32937,5545,200.0,0,0,93.1
649,mean_dynamic_mobilenetv2,stable,features_16,1775840467636.012,1775840467765.529,129.517,28.002,99.516,34.790,32937,5545,200.0,0,0,98.0
650,mean_dynamic_mobilenetv2,stable,features_16,1775840467770.531,1775840467912.560,142.030,33.517,106.511,34.380,32937,5545,200.0,0,0,100.0
651,mean_dynamic_mobilenetv2,stable,features_16,1775840467917.560,1775840468064.074,146.514,30.001,115.513,42.191,32937,5545,200.0,0,0,99.4
652,mean_dynamic_mobilenetv2,stable,features_16,1775840468069.074,1775840468218.104,149.030,42.516,105.513,36.550,32937,5545,200.0,0,0,100.0
653,mean_dynamic_mobilenetv2,stable,features_16,1775840468224.104,1775840468362.614,138.510,31.000,106.509,34.350,32937,5545,200.0,0,0,98.7
654,mean_dynamic_mobilenetv2,stable,features_16,1775840468368.614,1775840468510.638,142.024,40.511,100.512,31.643,32937,5545,200.0,0,0,100.0
655,mean_dynamic_mobilenetv2,stable,features_16,1775840468520.637,1775840468658.150,137.513,26.001,109.514,38.393,32937,5545,200.0,0,0,97.3
656,mean_dynamic_mobilenetv2,stable,features_16,1775840468663.151,1775840468807.045,143.894,31.005,110.889,43.538,32937,5545,200.0,0,0,100.0
657,mean_dynamic_mobilenetv2,stable,features_16,1775840468812.045,1775840468966.556,154.511,21.002,132.508,43.082,32937,5545,200.0,0,0,98.2
658,mean_dynamic_mobilenetv2,stable,features_16,1775840468970.556,1775840469102.578,132.022,25.006,106.016,36.074,32937,5545,200.0,0,0,100.0
659,mean_dynamic_mobilenetv2,stable,features_16,1775840469106.578,1775840469246.089,139.510,30.000,106.510,38.775,32937,5545,200.0,0,0,98.0
660,mean_dynamic_mobilenetv2,stable,features_16,1775840469251.089,1775840469377.599,126.510,21.001,104.509,35.964,32937,5545,200.0,0,0,91.8
661,mean_dynamic_mobilenetv2,stable,features_16,1775840469382.598,1775840469508.624,126.026,22.516,101.510,35.261,32937,5545,200.0,0,0,93.2
662,mean_dynamic_mobilenetv2,stable,features_16,1775840469512.625,1775840469634.135,121.511,16.002,104.509,36.766,32937,5545,200.0,0,0,90.0
663,mean_dynamic_mobilenetv2,stable,features_16,1775840469638.135,1775840469771.647,133.512,26.003,105.511,36.778,32937,5545,200.0,0,0,97.8
664,mean_dynamic_mobilenetv2,stable,features_16,1775840469774.647,1775840469902.672,128.024,24.509,102.510,34.619,32937,5545,200.0,0,0,99.3
665,mean_dynamic_mobilenetv2,stable,features_16,1775840469907.671,1775840470076.182,168.511,17.002,151.509,34.145,32937,5545,200.0,0,0,93.9
666,mean_dynamic_mobilenetv2,stable,features_16,1775840470081.183,1775840470207.205,126.022,23.512,98.510,33.773,32937,5545,200.0,0,0,92.4
667,mean_dynamic_mobilenetv2,stable,features_16,1775840470211.206,1775840470338.717,127.512,22.000,104.511,35.902,32937,5545,200.0,0,0,91.9
668,mean_dynamic_mobilenetv2,stable,features_16,1775840470342.717,1775840470466.229,123.512,20.000,102.512,36.485,32937,5545,200.0,0,0,89.8
669,mean_dynamic_mobilenetv2,stable,features_16,1775840470471.230,1775840470604.252,133.022,22.007,109.015,39.037,32937,5545,200.0,0,0,97.3
670,mean_dynamic_mobilenetv2,stable,features_16,1775840470608.252,1775840470735.768,127.516,28.000,98.514,32.945,32937,5545,200.0,0,0,95.5
671,mean_dynamic_mobilenetv2,stable,features_16,1775840470739.770,1775840470860.276,120.506,19.998,98.509,34.012,32937,5545,200.0,0,0,88.5
672,mean_dynamic_mobilenetv2,stable,features_16,1775840470864.276,1775840470988.794,124.518,19.003,103.506,36.328,32937,5545,200.0,0,0,93.8
673,mean_dynamic_mobilenetv2,stable,features_16,1775840470992.794,1775840471120.813,128.019,20.510,105.509,38.555,32937,5545,200.0,0,0,94.6
674,mean_dynamic_mobilenetv2,stable,features_16,1775840471125.813,1775840471257.324,131.510,24.000,106.079,36.423,32937,5545,200.0,0,0,94.6
675,mean_dynamic_mobilenetv2,stable,features_16,1775840471261.325,1775840471374.836,113.511,14.000,98.512,32.638,32937,5545,200.0,0,0,84.4
676,mean_dynamic_mobilenetv2,stable,features_16,1775840471378.837,1775840471498.852,120.016,13.008,104.506,35.539,32937,5545,200.0,0,0,86.7
677,mean_dynamic_mobilenetv2,stable,features_16,1775840471503.857,1775840471631.369,127.512,19.000,107.512,36.573,32937,5545,200.0,0,0,85.9
678,mean_dynamic_mobilenetv2,stable,features_16,1775840471635.370,1775840471749.879,114.510,17.000,97.510,34.302,32937,5545,200.0,0,0,90.0
679,mean_dynamic_mobilenetv2,stable,features_16,1775840471754.879,1775840471877.388,122.509,18.001,103.509,34.626,32937,5545,200.0,0,0,85.9
680,mean_dynamic_mobilenetv2,stable,features_16,1775840471881.387,1775840472001.415,120.028,12.014,106.010,34.850,32937,5545,200.0,0,0,82.2
681,mean_dynamic_mobilenetv2,stable,features_16,1775840472005.415,1775840472116.933,111.518,14.001,97.517,34.263,32937,5545,200.0,0,0,83.0
682,mean_dynamic_mobilenetv2,stable,features_16,1775840472120.933,1775840472249.446,128.514,18.001,109.513,38.318,32937,5545,200.0,0,0,89.7
683,mean_dynamic_mobilenetv2,stable,features_16,1775840472253.446,1775840472382.962,129.516,22.001,106.516,37.469,32937,5545,200.0,0,0,91.0
684,mean_dynamic_mobilenetv2,stable,features_16,1775840472386.966,1775840472509.988,123.022,14.510,107.512,34.604,32937,5545,200.0,0,0,83.7
685,mean_dynamic_mobilenetv2,stable,features_16,1775840472513.988,1775840472635.521,121.533,12.006,108.529,45.634,32937,5545,200.0,0,0,82.8
686,mean_dynamic_mobilenetv2,stable,features_16,1775840472639.521,1775840472762.033,122.511,20.000,101.511,35.763,32937,5545,200.0,0,0,90.7
687,mean_dynamic_mobilenetv2,stable,features_16,1775840472765.033,1775840472892.549,127.515,19.000,106.516,37.930,32937,5545,200.0,0,0,97.1
688,mean_dynamic_mobilenetv2,stable,features_16,1775840472896.549,1775840473011.570,115.021,16.511,98.510,34.830,32937,5545,200.0,0,0,84.5
689,mean_dynamic_mobilenetv2,stable,features_16,1775840473016.571,1775840473151.087,134.516,26.000,106.515,32.577,32937,5545,200.0,0,0,93.2
690,mean_dynamic_mobilenetv2,stable,features_16,1775840473155.086,1775840473288.602,133.516,18.001,113.515,38.463,32937,5545,200.0,0,0,96.3
691,mean_dynamic_mobilenetv2,stable,features_16,1775840473293.601,1775840473430.625,137.024,34.515,100.508,31.784,32937,5545,200.0,0,0,92.7
692,mean_dynamic_mobilenetv2,stable,features_16,1775840473437.624,1775840473570.134,132.510,28.001,103.509,35.099,32937,5545,200.0,0,0,86.2
693,mean_dynamic_mobilenetv2,stable,features_16,1775840473574.135,1775840473698.382,124.247,20.003,103.244,35.758,32937,5545,200.0,0,0,94.4
694,mean_dynamic_mobilenetv2,stable,features_16,1775840473702.890,1775840473836.400,133.510,24.001,107.510,37.701,32937,5545,200.0,0,0,98.0
695,mean_dynamic_mobilenetv2,stable,features_16,1775840473840.401,1775840473977.912,137.510,32.000,103.512,36.710,32937,5545,200.0,0,0,98.7
696,mean_dynamic_mobilenetv2,stable,features_16,1775840473981.912,1775840474099.932,118.020,23.514,93.506,29.871,32937,5545,200.0,0,0,97.4
697,mean_dynamic_mobilenetv2,stable,features_16,1775840474103.936,1775840474239.448,135.512,19.000,115.511,45.323,32937,5545,200.0,0,0,97.3
698,mean_dynamic_mobilenetv2,stable,features_16,1775840474244.448,1775840474373.117,128.669,19.001,107.667,36.988,32937,5545,200.0,0,0,93.2
699,mean_dynamic_mobilenetv2,stable,features_16,1775840474377.117,1775840474493.637,116.521,17.005,98.516,31.496,32937,5545,200.0,0,0,93.8
700,mean_dynamic_mobilenetv2,stable,features_16,1775840474498.637,1775840474627.660,129.023,26.511,100.511,34.817,32937,5545,200.0,0,0,93.8
701,mean_dynamic_mobilenetv2,stable,features_16,1775840474632.659,1775840474764.170,131.511,21.000,107.510,37.899,32937,5545,200.0,0,0,93.8
702,mean_dynamic_mobilenetv2,stable,features_16,1775840474768.171,1775840474892.683,124.512,21.002,102.510,36.460,32937,5545,200.0,0,0,86.8
703,mean_dynamic_mobilenetv2,stable,features_16,1775840474896.683,1775840475018.712,122.029,16.519,104.510,36.564,32937,5545,200.0,0,0,89.9
704,mean_dynamic_mobilenetv2,stable,features_16,1775840475022.711,1775840475141.221,118.510,14.002,102.506,36.031,32937,5545,200.0,0,0,84.5
705,mean_dynamic_mobilenetv2,stable,features_16,1775840475144.221,1775840475256.733,112.512,15.005,97.507,34.100,32937,5545,200.0,0,0,83.2
706,mean_dynamic_mobilenetv2,stable,features_16,1775840475260.733,1775840475371.242,110.509,11.999,98.510,32.285,32937,5545,200.0,0,0,81.7
707,mean_dynamic_mobilenetv2,stable,features_16,1775840475375.242,1775840475488.756,113.514,11.005,102.509,34.523,32937,5545,200.0,0,0,80.2
708,mean_dynamic_mobilenetv2,stable,features_16,1775840475491.757,1775840475603.773,112.017,12.508,97.509,30.715,32937,5545,200.0,0,0,83.5
709,mean_dynamic_mobilenetv2,stable,features_16,1775840475607.773,1775840475766.282,158.509,16.001,141.509,33.673,32937,5545,200.0,0,0,80.7
710,mean_dynamic_mobilenetv2,stable,features_16,1775840475769.282,1775840475889.798,120.516,11.001,107.516,37.630,32937,5545,200.0,0,0,79.7
711,mean_dynamic_mobilenetv2,stable,features_16,1775840475892.799,1775840476013.816,121.017,10.510,109.509,37.856,32937,5545,200.0,0,0,78.1
712,mean_dynamic_mobilenetv2,stable,features_16,1775840476017.816,1775840476130.327,112.511,10.000,101.511,35.905,32937,5545,200.0,0,0,75.9
713,mean_dynamic_mobilenetv2,stable,features_16,1775840476133.326,1775840476249.835,116.509,11.001,104.508,32.806,32937,5545,200.0,0,0,79.8
714,mean_dynamic_mobilenetv2,stable,features_16,1775840476253.836,1775840476371.344,117.507,13.998,103.509,35.365,32937,5545,200.0,0,0,83.2
715,mean_dynamic_mobilenetv2,stable,features_16,1775840476375.343,1775840476492.856,117.513,17.006,98.510,31.948,32937,5545,200.0,0,0,84.4
716,mean_dynamic_mobilenetv2,stable,features_16,1775840476496.862,1775840476621.875,125.014,14.506,109.509,39.332,32937,5545,200.0,0,0,82.0
717,mean_dynamic_mobilenetv2,stable,features_16,1775840476625.875,1775840476748.387,122.512,14.001,107.511,36.359,32937,5545,200.0,0,0,87.5
718,mean_dynamic_mobilenetv2,stable,features_16,1775840476752.386,1775840476884.902,132.516,12.003,120.513,42.166,32937,5545,200.0,0,0,81.9
719,mean_dynamic_mobilenetv2,stable,features_16,1775840476888.906,1775840477011.927,123.021,14.511,107.509,40.504,32937,5545,200.0,0,0,84.5
720,mean_dynamic_mobilenetv2,stable,features_16,1775840477015.927,1775840477132.434,116.507,15.000,100.507,34.461,32937,5545,200.0,0,0,82.1
721,mean_dynamic_mobilenetv2,stable,features_16,1775840477135.435,1775840477263.944,128.509,13.001,114.509,36.297,32937,5545,200.0,0,0,83.3
722,mean_dynamic_mobilenetv2,stable,features_16,1775840477267.945,1775840477391.459,123.515,18.004,103.511,34.664,32937,5545,200.0,0,0,83.6
723,mean_dynamic_mobilenetv2,stable,features_16,1775840477395.460,1775840477515.490,120.030,17.519,101.511,36.001,32937,5545,200.0,0,0,89.1
724,mean_dynamic_mobilenetv2,stable,features_16,1775840477519.490,1775840477633.999,114.509,15.002,99.507,33.580,32937,5545,200.0,0,0,90.8
725,mean_dynamic_mobilenetv2,stable,features_16,1775840477639.000,1775840477768.840,129.840,20.001,108.839,37.485,32937,5545,200.0,0,0,98.6
726,mean_dynamic_mobilenetv2,stable,features_16,1775840477773.840,1775840477911.866,138.026,26.509,109.513,37.109,32937,5545,200.0,0,0,95.9
727,mean_dynamic_mobilenetv2,stable,features_16,1775840477915.867,1775840478050.378,134.511,21.000,112.511,44.242,32937,5545,200.0,0,0,96.6
728,mean_dynamic_mobilenetv2,stable,features_16,1775840478054.378,1775840478177.386,123.007,19.000,103.007,37.401,32937,5545,200.0,0,0,95.3
729,mean_dynamic_mobilenetv2,stable,features_16,1775840478181.387,1775840478309.413,128.025,17.005,109.022,34.936,32937,5545,200.0,0,0,82.8
730,mean_dynamic_mobilenetv2,stable,features_16,1775840478313.413,1775840478436.931,123.519,15.004,107.517,32.586,32937,5545,200.0,0,0,84.6
731,mean_dynamic_mobilenetv2,stable,features_16,1775840478440.931,1775840478576.438,135.507,17.999,117.508,50.435,32937,5545,200.0,0,0,80.6
732,mean_dynamic_mobilenetv2,stable,features_16,1775840478580.439,1775840478694.953,114.514,10.005,104.509,35.974,32937,5545,200.0,0,0,89.8
733,mean_dynamic_mobilenetv2,stable,features_16,1775840478701.466,1775840478811.972,110.506,11.999,97.507,34.794,32937,5545,200.0,0,0,79.6
734,mean_dynamic_mobilenetv2,stable,features_16,1775840478815.974,1775840478927.481,111.508,12.000,98.508,32.668,32937,5545,200.0,0,0,86.2
735,mean_dynamic_mobilenetv2,stable,features_16,1775840478931.483,1775840479055.990,124.508,16.999,107.508,36.427,32937,5545,200.0,0,0,83.4
736,mean_dynamic_mobilenetv2,stable,features_16,1775840479059.991,1775840479177.502,117.511,11.000,105.511,37.493,32937,5545,200.0,0,0,80.4
737,mean_dynamic_mobilenetv2,stable,features_16,1775840479181.503,1775840479296.237,114.733,12.006,101.728,30.241,32937,5545,200.0,0,0,89.8
738,mean_dynamic_mobilenetv2,stable,features_16,1775840479300.520,1775840479428.037,127.517,21.004,105.513,38.599,32937,5545,200.0,0,0,94.7
739,mean_dynamic_mobilenetv2,stable,features_16,1775840479432.036,1775840479570.549,138.514,18.000,119.515,37.515,32937,5545,200.0,0,0,89.2
740,mean_dynamic_mobilenetv2,stable,features_16,1775840479573.550,1775840479687.063,113.513,12.004,100.509,35.172,32937,5545,200.0,0,0,87.1
741,mean_dynamic_mobilenetv2,stable,features_16,1775840479691.064,1775840479814.754,123.690,13.181,110.509,47.379,32937,5545,200.0,0,0,85.2
742,mean_dynamic_mobilenetv2,stable,features_16,1775840479818.754,1775840479936.268,117.514,17.001,99.513,36.003,32937,5545,200.0,0,0,87.5
743,mean_dynamic_mobilenetv2,stable,features_16,1775840479940.267,1775840480064.780,124.514,21.002,102.512,36.083,32937,5545,200.0,0,0,90.6
744,mean_dynamic_mobilenetv2,stable,features_16,1775840480068.779,1775840480191.294,122.515,17.005,104.510,36.141,32937,5545,200.0,0,0,84.7
745,mean_dynamic_mobilenetv2,stable,features_16,1775840480195.294,1775840480324.319,129.025,24.512,103.512,35.574,32937,5545,200.0,0,0,92.5
746,mean_dynamic_mobilenetv2,stable,features_16,1775840480329.320,1775840480456.141,126.822,21.000,104.817,38.729,32937,5545,200.0,0,0,97.7
747,mean_dynamic_mobilenetv2,stable,features_16,1775840480460.141,1775840480594.658,134.517,24.000,108.513,36.064,32937,5545,200.0,0,0,98.6
748,mean_dynamic_mobilenetv2,stable,features_16,1775840480605.179,1775840480780.687,175.508,66.997,108.511,38.200,32937,5545,200.0,0,0,99.0
749,mean_dynamic_mobilenetv2,stable,features_16,1775840480786.691,1775840480927.162,140.471,34.628,104.843,34.914,32937,5545,200.0,0,0,100.0
750,mean_dynamic_mobilenetv2,stable,features_16,1775840480932.162,1775840481058.672,126.510,21.001,103.509,36.027,32937,5545,200.0,0,0,95.3
751,mean_dynamic_mobilenetv2,stable,features_16,1775840481064.672,1775840481196.190,131.518,34.006,96.511,32.497,32937,5545,200.0,0,0,83.8
752,mean_dynamic_mobilenetv2,stable,features_16,1775840481200.693,1775840481321.206,120.513,17.005,102.508,36.232,32937,5545,200.0,0,0,84.8
753,mean_dynamic_mobilenetv2,stable,features_16,1775840481324.206,1775840481451.716,127.510,19.001,106.507,36.704,32937,5545,200.0,0,0,86.6
754,mean_dynamic_mobilenetv2,stable,features_16,1775840481455.717,1775840481622.742,167.025,20.001,146.024,40.451,32937,5545,200.0,0,0,91.0
755,mean_dynamic_mobilenetv2,stable,features_16,1775840481626.744,1775840481762.251,135.508,30.997,102.512,35.010,32937,5545,200.0,0,0,99.3
756,mean_dynamic_mobilenetv2,stable,features_16,1775840481766.251,1775840481894.767,128.516,25.005,102.510,30.462,32937,5545,200.0,0,0,96.9
757,mean_dynamic_mobilenetv2,stable,features_16,1775840481900.270,1775840482045.786,145.516,21.005,121.513,38.043,32937,5545,200.0,0,0,96.3
758,mean_dynamic_mobilenetv2,stable,features_16,1775840482049.786,1775840482184.301,134.515,28.001,104.513,35.567,32937,5545,200.0,0,0,97.3
759,mean_dynamic_mobilenetv2,stable,features_16,1775840482188.304,1775840482326.332,138.028,26.512,109.516,41.217,32937,5545,200.0,0,0,98.7
760,mean_dynamic_mobilenetv2,stable,features_16,1775840482331.331,1775840482458.845,127.513,25.001,100.512,37.904,32937,5545,200.0,0,0,97.8
761,mean_dynamic_mobilenetv2,stable,features_16,1775840482462.854,1775840482588.109,125.256,20.993,102.264,37.591,32937,5545,200.0,0,0,93.2
762,mean_dynamic_mobilenetv2,stable,features_16,1775840482592.110,1775840482712.131,120.021,20.511,98.511,32.121,32937,5545,200.0,0,0,97.0
763,mean_dynamic_mobilenetv2,stable,features_16,1775840482716.130,1775840482843.639,127.509,23.000,104.509,36.775,32937,5545,200.0,0,0,94.6
764,mean_dynamic_mobilenetv2,stable,features_16,1775840482847.640,1775840482979.627,131.987,20.000,108.982,41.769,32937,5545,200.0,0,0,93.2
765,mean_dynamic_mobilenetv2,stable,features_16,1775840482983.627,1775840483102.650,119.024,18.515,99.509,32.903,32937,5545,200.0,0,0,81.2
766,mean_dynamic_mobilenetv2,stable,features_16,1775840483106.650,1775840483221.160,114.510,12.004,101.506,37.952,32937,5545,200.0,0,0,82.5
767,mean_dynamic_mobilenetv2,stable,features_16,1775840483224.166,1775840483343.669,119.503,12.996,104.507,35.993,32937,5545,200.0,0,0,78.7
768,mean_dynamic_mobilenetv2,stable,features_16,1775840483346.670,1775840483465.178,118.508,17.000,100.509,35.166,32937,5545,200.0,0,0,85.4
769,mean_dynamic_mobilenetv2,stable,features_16,1775840483468.179,1775840483581.688,113.509,13.000,100.509,33.258,32937,5545,200.0,0,0,77.9
770,mean_dynamic_mobilenetv2,stable,features_16,1775840483585.688,1775840483707.711,122.023,15.005,105.513,37.424,32937,5545,200.0,0,0,86.8
771,mean_dynamic_mobilenetv2,stable,features_16,1775840483710.711,1775840483829.223,118.511,10.002,106.510,39.901,32937,5545,200.0,0,0,75.8
772,mean_dynamic_mobilenetv2,stable,features_16,1775840483833.224,1775840483953.737,120.513,15.000,104.512,34.994,32937,5545,200.0,0,0,75.8
773,mean_dynamic_mobilenetv2,stable,features_16,1775840483956.737,1775840484071.247,114.510,12.000,101.510,35.414,32937,5545,200.0,0,0,84.5
774,mean_dynamic_mobilenetv2,stable,features_16,1775840484075.248,1775840484194.766,119.519,16.005,103.513,37.031,32937,5545,200.0,0,0,83.3
775,mean_dynamic_mobilenetv2,stable,features_16,1775840484198.767,1775840484343.786,145.019,22.512,120.507,49.770,32937,5545,200.0,0,0,93.1
776,mean_dynamic_mobilenetv2,stable,features_16,1775840484346.786,1775840484464.299,117.512,20.000,96.512,31.006,32937,5545,200.0,0,0,93.1
777,mean_dynamic_mobilenetv2,stable,features_16,1775840484468.298,1775840484585.220,116.922,18.005,96.917,34.283,32937,5545,200.0,0,0,89.6
778,mean_dynamic_mobilenetv2,stable,features_16,1775840484588.225,1775840484710.245,122.020,13.514,107.506,38.303,32937,5545,200.0,0,0,90.7
779,mean_dynamic_mobilenetv2,stable,features_16,1775840484714.245,1775840484873.755,159.510,17.001,140.509,35.967,32937,5545,200.0,0,0,88.1
780,mean_dynamic_mobilenetv2,stable,features_16,1775840484880.755,1775840485015.778,135.023,18.006,116.016,37.439,32937,5545,200.0,0,0,84.8
781,mean_dynamic_mobilenetv2,stable,features_16,1775840485018.777,1775840485142.288,123.511,16.001,106.510,39.102,32937,5545,200.0,0,0,88.5
782,mean_dynamic_mobilenetv2,stable,features_16,1775840485146.288,1775840485271.799,125.511,18.002,107.509,40.842,32937,5545,200.0,0,0,82.0
783,mean_dynamic_mobilenetv2,stable,features_16,1775840485275.799,1775840485410.818,135.019,15.004,118.016,34.462,32937,5545,200.0,0,0,85.5
784,mean_dynamic_mobilenetv2,stable,features_16,1775840485413.818,1775840485624.858,211.039,83.004,126.035,38.019,32937,5545,200.0,1,0,94.3
785,mean_dynamic_mobilenetv2,stable,features_16,1775840485628.858,1775840485789.391,160.533,45.000,113.531,43.868,32937,5545,200.0,0,0,100.0
786,mean_dynamic_mobilenetv2,stable,features_16,1775840485800.894,1775840486017.942,217.048,106.531,109.518,35.702,32937,5545,200.0,1,0,100.0
787,mean_dynamic_mobilenetv2,stable,features_16,1775840486024.942,1775840486273.986,249.043,126.527,121.517,46.904,32937,5545,200.0,1,0,97.5
788,mean_dynamic_mobilenetv2,stable,features_16,1775840486281.984,1775840486500.024,218.040,101.520,115.523,38.656,32937,5545,200.0,1,0,100.0
789,mean_dynamic_mobilenetv2,stable,features_16,1775840486506.539,1775840486719.571,213.031,99.521,111.514,41.935,32937,5545,200.0,1,0,98.7
790,mean_dynamic_mobilenetv2,stable,features_16,1775840486725.570,1775840486931.617,206.048,101.527,103.521,35.344,32937,5545,200.0,1,0,97.8
791,mean_dynamic_mobilenetv2,stable,features_16,1775840486939.618,1775840487125.670,186.052,79.530,104.523,37.348,32937,5545,200.0,0,0,98.0
792,mean_dynamic_mobilenetv2,stable,features_16,1775840487131.670,1775840487398.723,267.052,155.537,107.517,36.367,32937,5545,200.0,1,0,99.3
793,mean_dynamic_mobilenetv2,stable,features_16,1775840487406.233,1775840487622.549,216.316,107.803,106.510,33.394,32937,5545,200.0,1,0,99.1
794,mean_dynamic_mobilenetv2,stable,features_16,1775840487637.548,1775840487911.099,273.552,164.025,106.523,34.882,32937,5545,200.0,1,0,100.0
795,mean_dynamic_mobilenetv2,stable,features_16,1775840487925.101,1775840488134.139,209.038,99.529,108.511,32.251,32937,5545,200.0,1,0,99.6
796,mean_dynamic_mobilenetv2,stable,features_16,1775840488142.139,1775840488433.701,291.562,172.041,117.519,33.566,32937,5545,200.0,1,0,100.0
797,mean_dynamic_mobilenetv2,stable,features_16,1775840488440.699,1775840488729.253,288.554,177.040,111.514,38.849,32937,5545,200.0,1,0,100.0
798,mean_dynamic_mobilenetv2,stable,features_16,1775840488744.253,1775840488943.293,199.040,86.527,108.511,36.502,32937,5545,200.0,0,0,100.0
799,mean_dynamic_mobilenetv2,stable,features_16,1775840488956.294,1775840489220.838,264.544,150.032,112.512,36.718,32937,5545,200.0,1,0,99.7
800,mean_dynamic_mobilenetv2,stable,features_16,1775840489230.839,1775840489530.404,299.565,184.050,113.514,37.997,32937,5545,200.0,1,0,99.7
801,mean_dynamic_mobilenetv2,stable,features_16,1775840489542.403,1775840489981.794,439.391,327.874,108.519,34.666,32937,5545,200.0,1,0,100.0
802,mean_dynamic_mobilenetv2,stable,features_16,1775840489988.795,1775840490205.353,216.558,115.036,99.523,31.691,32937,5545,200.0,1,0,99.6
803,mean_dynamic_mobilenetv2,stable,features_16,1775840490215.354,1775840490420.405,205.051,89.529,113.523,42.819,32937,5545,200.0,1,0,98.2
804,mean_dynamic_mobilenetv2,stable,features_16,1775840490430.406,1775840490622.470,192.064,80.546,108.516,38.192,32937,5545,200.0,0,0,99.0
805,mean_dynamic_mobilenetv2,stable,features_16,1775840490627.470,1775840490791.007,163.537,47.002,114.536,38.808,32937,5545,200.0,0,0,97.8
806,mean_dynamic_mobilenetv2,stable,features_16,1775840490800.006,1775840490988.035,188.029,79.512,106.513,34.660,32937,5545,200.0,0,0,99.0
807,mean_dynamic_mobilenetv2,stable,features_16,1775840490994.034,1775840491210.043,216.009,108.480,106.532,36.423,32937,5545,200.0,1,0,100.0
808,mean_dynamic_mobilenetv2,stable,features_16,1775840491216.044,1775840491414.085,198.042,82.007,115.034,41.272,32937,5545,200.0,0,0,98.1
809,mean_dynamic_mobilenetv2,stable,features_16,1775840491420.082,1775840491676.566,256.484,143.977,111.511,38.520,32937,5545,200.0,1,0,97.9
810,mean_dynamic_mobilenetv2,stable,features_16,1775840491686.567,1775840491880.895,194.328,85.519,107.809,34.775,32937,5545,200.0,0,0,99.1
811,mean_dynamic_mobilenetv2,stable,features_16,1775840491891.896,1775840492048.932,157.036,52.514,103.518,35.779,32937,5545,200.0,0,0,100.0
812,mean_dynamic_mobilenetv2,stable,features_16,1775840492058.931,1775840492261.115,202.183,100.666,99.519,31.602,32937,5545,200.0,1,0,99.1
813,mean_dynamic_mobilenetv2,stable,features_16,1775840492269.119,1775840492482.163,213.044,95.529,113.519,40.767,32937,5545,200.0,1,0,99.6
814,mean_dynamic_mobilenetv2,stable,features_16,1775840492494.167,1775840492702.743,208.576,93.553,110.511,37.823,32937,5545,200.0,1,0,98.7
815,mean_dynamic_mobilenetv2,stable,features_16,1775840492712.749,1775840492916.791,204.042,91.527,110.514,34.990,32937,5545,200.0,1,0,97.4
816,mean_dynamic_mobilenetv2,stable,features_16,1775840492928.794,1775840493134.829,206.036,70.009,134.026,38.342,32937,5545,200.0,1,0,99.1
817,mean_dynamic_mobilenetv2,stable,features_16,1775840493141.828,1775840493348.884,207.056,102.526,102.532,32.510,32937,5545,200.0,1,0,100.0
818,mean_dynamic_mobilenetv2,stable,features_16,1775840493353.882,1775840493569.923,216.042,101.518,111.521,38.294,32937,5545,200.0,1,0,100.0
819,mean_dynamic_mobilenetv2,stable,features_16,1775840493578.923,1775840493764.960,186.038,78.526,106.512,36.483,32937,5545,200.0,0,0,98.1
820,mean_dynamic_mobilenetv2,stable,features_16,1775840493776.962,1775840493974.002,197.040,85.520,107.520,35.247,32937,5545,200.0,0,0,97.2
821,mean_dynamic_mobilenetv2,stable,features_16,1775840493981.999,1775840494175.043,193.044,87.523,104.522,34.560,32937,5545,200.0,0,0,100.0
822,mean_dynamic_mobilenetv2,stable,features_16,1775840494185.044,1775840494376.092,191.049,76.523,112.525,37.916,32937,5545,200.0,0,0,97.6
823,mean_dynamic_mobilenetv2,stable,features_16,1775840494386.093,1775840494592.142,206.050,94.518,110.530,36.514,32937,5545,200.0,1,0,99.6
824,mean_dynamic_mobilenetv2,stable,features_16,1775840494600.138,1775840494791.184,191.046,87.518,101.531,35.518,32937,5545,200.0,0,0,99.5
825,mean_dynamic_mobilenetv2,stable,features_16,1775840494800.183,1775840494994.223,194.040,90.526,102.512,35.890,32937,5545,200.0,0,0,98.6
826,mean_dynamic_mobilenetv2,stable,features_16,1775840495001.224,1775840495204.766,203.542,86.510,113.523,41.236,32937,5545,200.0,1,0,99.1
827,mean_dynamic_mobilenetv2,stable,features_16,1775840495217.770,1775840495469.170,251.400,139.511,108.889,38.010,32937,5545,200.0,1,0,100.0
828,mean_dynamic_mobilenetv2,stable,features_16,1775840495476.171,1775840495672.204,196.032,89.516,104.519,33.383,32937,5545,200.0,0,0,98.6
829,mean_dynamic_mobilenetv2,stable,features_16,1775840495679.203,1775840495900.255,221.052,101.522,116.527,41.304,32937,5545,200.0,1,0,97.9
830,mean_dynamic_mobilenetv2,stable,features_16,1775840495910.764,1775840496103.285,192.521,79.000,109.515,37.077,32937,5545,200.0,0,0,98.1
831,mean_dynamic_mobilenetv2,stable,features_16,1775840496112.202,1775840496297.731,185.529,80.013,104.518,33.119,32937,5545,200.0,0,0,100.0
832,mean_dynamic_mobilenetv2,stable,features_16,1775840496306.250,1775840496528.294,222.044,112.521,108.518,36.552,32937,5545,200.0,1,0,98.8
833,mean_dynamic_mobilenetv2,stable,features_16,1775840496537.289,1775840496733.324,196.035,86.514,107.520,34.669,32937,5545,200.0,0,0,98.6
834,mean_dynamic_mobilenetv2,stable,features_16,1775840496748.324,1775840497032.907,284.583,168.059,114.526,40.396,32937,5545,200.0,1,0,99.0
835,mean_dynamic_mobilenetv2,stable,features_16,1775840497041.908,1775840497237.948,196.040,86.522,108.518,35.414,32937,5545,200.0,0,0,100.0
836,mean_dynamic_mobilenetv2,stable,features_16,1775840497247.948,1775840497447.993,200.045,91.526,107.519,37.491,32937,5545,200.0,1,0,99.1
837,mean_dynamic_mobilenetv2,stable,features_16,1775840497453.993,1775840497663.036,209.042,90.530,117.517,38.090,32937,5545,200.0,1,0,99.5
838,mean_dynamic_mobilenetv2,stable,features_16,1775840497673.035,1775840497903.088,230.053,90.522,138.534,45.078,32937,5545,200.0,1,0,100.0
839,mean_dynamic_mobilenetv2,stable,features_16,1775840497911.599,1775840498101.272,189.673,83.007,106.667,36.343,32937,5545,200.0,0,0,100.0
840,mean_dynamic_mobilenetv2,stable,features_16,1775840498107.789,1775840498315.823,208.034,103.522,102.516,33.054,32937,5545,200.0,1,0,98.3
841,mean_dynamic_mobilenetv2,stable,features_16,1775840498324.826,1775840498547.858,223.032,105.518,114.513,36.702,32937,5545,200.0,1,0,99.2
842,mean_dynamic_mobilenetv2,stable,features_16,1775840498556.856,1775840498790.897,234.040,97.515,135.526,28.994,32937,5545,200.0,1,0,99.6
843,mean_dynamic_mobilenetv2,stable,features_16,1775840498795.891,1775840498996.947,201.055,83.513,116.538,43.350,32937,5545,200.0,1,0,96.8
844,mean_dynamic_mobilenetv2,stable,features_16,1775840499006.457,1775840499202.990,196.533,76.996,118.536,39.523,32937,5545,200.0,0,0,99.1
845,mean_dynamic_mobilenetv2,stable,features_16,1775840499213.507,1775840499417.543,204.036,96.518,106.520,36.180,32937,5545,200.0,1,0,98.7
846,mean_dynamic_mobilenetv2,stable,features_16,1775840499426.542,1775840499624.591,198.049,88.528,106.513,34.366,32937,5545,200.0,0,0,100.0
847,mean_dynamic_mobilenetv2,stable,features_16,1775840499633.589,1775840499845.672,212.083,97.559,112.528,36.885,32937,5545,200.0,1,0,100.0
848,mean_dynamic_mobilenetv2,stable,features_16,1775840499854.672,1775840500051.704,197.032,83.517,111.515,39.600,32937,5545,200.0,0,0,95.8
849,mean_dynamic_mobilenetv2,stable,features_16,1775840500058.710,1775840500245.812,187.102,81.569,103.527,36.036,32937,5545,200.0,0,0,97.7
850,mean_dynamic_mobilenetv2,stable,features_16,1775840500251.805,1775840500446.844,195.039,86.514,106.521,37.093,32937,5545,200.0,0,0,98.1
851,mean_dynamic_mobilenetv2,stable,features_16,1775840500455.843,1775840500646.882,191.039,75.515,111.525,39.662,32937,5545,200.0,0,0,96.4
852,mean_dynamic_mobilenetv2,stable,features_16,1775840500657.883,1775840500869.922,212.039,99.514,111.522,38.131,32937,5545,200.0,1,0,98.8
853,mean_dynamic_mobilenetv2,stable,features_16,1775840500874.915,1775840501066.960,192.045,87.528,102.517,35.769,32937,5545,200.0,0,0,99.0
854,mean_dynamic_mobilenetv2,stable,features_16,1775840501071.960,1775840501237.007,165.047,64.521,98.527,28.573,32937,5545,200.0,0,0,100.0
855,mean_dynamic_mobilenetv2,stable,features_16,1775840501243.005,1775840501468.857,225.852,113.816,109.031,37.629,32937,5545,200.0,1,0,98.8
856,mean_dynamic_mobilenetv2,stable,features_16,1775840501480.856,1775840501695.902,215.047,96.521,116.529,39.817,32937,5545,200.0,1,0,99.6
857,mean_dynamic_mobilenetv2,stable,features_16,1775840501701.901,1775840501901.940,200.039,91.521,103.519,37.049,32937,5545,200.0,1,0,99.5
858,mean_dynamic_mobilenetv2,stable,features_16,1775840501912.458,1775840502097.976,185.518,80.010,104.510,33.220,32937,5545,200.0,0,0,99.0
859,mean_dynamic_mobilenetv2,stable,features_16,1775840502102.977,1775840502293.012,190.034,84.516,101.519,32.872,32937,5545,200.0,0,0,100.0
860,mean_dynamic_mobilenetv2,stable,features_16,1775840502302.012,1775840502505.056,203.044,100.521,100.519,35.332,32937,5545,200.0,1,0,97.2
861,mean_dynamic_mobilenetv2,stable,features_16,1775840502516.569,1775840502712.317,195.748,82.713,112.030,41.280,32937,5545,200.0,0,0,98.3
862,mean_dynamic_mobilenetv2,stable,features_16,1775840502722.312,1775840502921.359,199.046,83.009,113.039,40.247,32937,5545,200.0,0,0,97.3
863,mean_dynamic_mobilenetv2,stable,features_16,1775840502929.360,1775840503146.404,217.043,106.516,109.527,36.907,32937,5545,200.0,1,0,97.4
864,mean_dynamic_mobilenetv2,stable,features_16,1775840503155.403,1775840503353.447,198.044,85.531,109.510,38.772,32937,5545,200.0,0,0,95.7
865,mean_dynamic_mobilenetv2,stable,features_16,1775840503361.447,1775840503539.488,178.041,66.521,108.519,39.395,32937,5545,200.0,0,0,96.9
866,mean_dynamic_mobilenetv2,stable,features_16,1775840503545.488,1775840503733.868,188.380,79.858,106.522,35.165,32937,5545,200.0,0,0,100.0
867,mean_dynamic_mobilenetv2,stable,features_16,1775840503750.867,1775840503925.274,174.406,68.523,103.888,37.718,32937,5545,200.0,0,0,96.9
868,mean_dynamic_mobilenetv2,stable,features_16,1775840503931.273,1775840504149.321,218.048,102.530,114.517,42.800,32937,5545,200.0,1,0,99.6
869,mean_dynamic_mobilenetv2,stable,features_16,1775840504158.319,1775840504349.350,191.031,77.518,109.517,38.880,32937,5545,200.0,0,0,97.4
870,mean_dynamic_mobilenetv2,stable,features_16,1775840504359.351,1775840504593.383,234.032,89.512,143.517,72.486,32937,5545,200.0,1,0,97.4
871,mean_dynamic_mobilenetv2,stable,features_16,1775840504600.382,1775840504809.948,209.567,102.526,105.043,38.470,32937,5545,200.0,1,0,99.6
872,mean_dynamic_mobilenetv2,stable,features_16,1775840504821.950,1775840505020.982,199.032,93.521,103.512,32.728,32937,5545,200.0,0,0,98.6
873,mean_dynamic_mobilenetv2,stable,features_16,1775840505028.983,1775840505247.025,218.042,101.520,114.521,38.826,32937,5545,200.0,1,0,97.6
874,mean_dynamic_mobilenetv2,stable,features_16,1775840505255.020,1775840505460.061,205.041,85.523,116.519,40.013,32937,5545,200.0,1,0,95.7
875,mean_dynamic_mobilenetv2,stable,features_16,1775840505468.061,1775840505653.108,185.047,76.521,106.528,36.354,32937,5545,200.0,0,0,97.6
876,mean_dynamic_mobilenetv2,stable,features_16,1775840505666.105,1775840505878.147,212.042,96.524,112.519,38.870,32937,5545,200.0,1,0,100.0
877,mean_dynamic_mobilenetv2,stable,features_16,1775840505884.147,1775840506095.176,211.028,102.512,106.513,40.064,32937,5545,200.0,1,0,99.1
878,mean_dynamic_mobilenetv2,stable,features_16,1775840506100.178,1775840506290.202,190.024,76.509,107.517,36.197,32937,5545,200.0,0,0,97.7
879,mean_dynamic_mobilenetv2,stable,features_16,1775840506299.214,1775840506516.758,217.544,108.024,108.523,37.921,32937,5545,200.0,1,0,98.3
880,mean_dynamic_mobilenetv2,stable,features_16,1775840506521.758,1775840506701.303,179.545,74.020,104.527,31.984,32937,5545,200.0,0,0,97.0
881,mean_dynamic_mobilenetv2,stable,features_16,1775840506705.301,1775840506893.346,188.045,82.512,105.533,34.961,32937,5545,200.0,0,0,99.0
882,mean_dynamic_mobilenetv2,stable,features_16,1775840506904.341,1775840507091.377,187.036,74.513,109.520,39.673,32937,5545,200.0,0,0,98.6
883,mean_dynamic_mobilenetv2,stable,features_16,1775840507096.380,1775840507275.415,179.035,65.521,111.512,40.842,32937,5545,200.0,0,0,92.4
884,mean_dynamic_mobilenetv2,stable,features_16,1775840507280.414,1775840507486.447,206.032,94.518,110.517,37.793,32937,5545,200.0,1,0,97.7
885,mean_dynamic_mobilenetv2,stable,features_16,1775840507494.456,1775840507701.502,207.046,97.520,108.528,35.598,32937,5545,200.0,1,0,98.7
886,mean_dynamic_mobilenetv2,stable,features_16,1775840507708.005,1775840507874.534,166.529,59.006,105.521,36.191,32937,5545,200.0,0,0,96.7
887,mean_dynamic_mobilenetv2,stable,features_16,1775840507881.536,1775840508079.079,197.543,91.024,105.521,34.821,32937,5545,200.0,0,0,97.7
888,mean_dynamic_mobilenetv2,stable,features_16,1775840508086.077,1775840508269.588,183.511,71.533,109.981,36.754,32937,5545,200.0,0,0,98.0
889,mean_dynamic_mobilenetv2,stable,features_16,1775840508274.584,1775840508397.112,122.528,18.002,102.517,36.645,32937,5545,200.0,0,0,94.8
890,mean_dynamic_mobilenetv2,stable,features_16,1775840508406.108,1775840508608.873,202.765,97.739,102.514,34.326,32937,5545,200.0,1,0,97.0
891,mean_dynamic_mobilenetv2,stable,features_16,1775840508618.870,1775840508849.927,231.056,119.521,109.535,41.926,32937,5545,200.0,1,0,97.2
892,mean_dynamic_mobilenetv2,stable,features_16,1775840508857.923,1775840509051.961,194.038,92.522,99.519,33.368,32937,5545,200.0,0,0,98.7
893,mean_dynamic_mobilenetv2,stable,features_16,1775840509058.959,1775840509269.998,211.039,104.521,105.521,36.428,32937,5545,200.0,1,0,99.1
894,mean_dynamic_mobilenetv2,stable,features_16,1775840509278.997,1775840509519.562,240.565,130.044,109.519,33.570,32937,5545,200.0,1,0,98.9
895,mean_dynamic_mobilenetv2,stable,features_16,1775840509529.555,1775840509767.604,238.049,129.529,107.520,40.184,32937,5545,200.0,1,0,100.0
896,mean_dynamic_mobilenetv2,stable,features_16,1775840509775.604,1775840510011.167,235.563,121.525,113.038,40.702,32937,5545,200.0,1,0,98.9
897,mean_dynamic_mobilenetv2,stable,features_16,1775840510021.168,1775840510213.705,192.538,83.012,107.527,35.877,32937,5545,200.0,0,0,100.0
898,mean_dynamic_mobilenetv2,stable,features_16,1775840510223.703,1775840510446.062,222.359,100.853,119.513,42.383,32937,5545,200.0,1,0,99.2
899,mean_dynamic_mobilenetv2,stable,features_16,1775840510457.064,1775840510677.097,220.034,111.523,104.514,33.815,32937,5545,200.0,1,0,99.6
900,mean_dynamic_mobilenetv2,stable,features_16,1775840510684.097,1775840510885.140,201.043,97.521,103.522,36.572,32937,5545,200.0,1,0,100.0
901,mean_dynamic_mobilenetv2,stable,features_16,1775840510891.141,1775840511077.179,186.038,77.521,107.521,39.555,32937,5545,200.0,0,0,96.0
902,mean_dynamic_mobilenetv2,stable,features_16,1775840511085.180,1775840511322.738,237.558,121.531,114.028,38.115,32937,5545,200.0,1,0,100.0
903,mean_dynamic_mobilenetv2,stable,features_16,1775840511328.737,1775840511568.926,240.189,124.664,110.532,38.068,32937,5545,200.0,1,0,99.6
904,mean_dynamic_mobilenetv2,stable,features_16,1775840511577.928,1775840511832.490,254.562,139.046,111.516,37.222,32937,5545,200.0,1,0,100.0
905,mean_dynamic_mobilenetv2,stable,features_16,1775840511844.492,1775840512058.524,214.032,100.515,111.515,39.295,32937,5545,200.0,1,0,99.6
906,mean_dynamic_mobilenetv2,stable,features_16,1775840512063.524,1775840512291.566,228.042,119.517,106.528,34.736,32937,5545,200.0,1,0,99.2
907,mean_dynamic_mobilenetv2,stable,features_16,1775840512300.579,1775840512516.133,215.555,104.515,107.038,35.313,32937,5545,200.0,1,0,100.0
908,mean_dynamic_mobilenetv2,stable,features_16,1775840512533.143,1775840512817.269,284.126,175.092,104.518,33.950,32937,5545,200.0,1,0,99.7
909,mean_dynamic_mobilenetv2,stable,features_16,1775840512826.271,1775840513023.314,197.043,84.522,110.521,35.642,32937,5545,200.0,0,0,100.0
910,mean_dynamic_mobilenetv2,stable,features_16,1775840513031.315,1775840513229.354,198.039,87.517,109.518,39.052,32937,5545,200.0,0,0,99.6
911,mean_dynamic_mobilenetv2,stable,features_16,1775840513237.348,1775840513441.387,204.040,90.517,108.522,37.567,32937,5545,200.0,1,0,98.6
912,mean_dynamic_mobilenetv2,stable,features_16,1775840513450.387,1775840513679.442,229.054,108.534,119.521,41.769,32937,5545,200.0,1,0,100.0
913,mean_dynamic_mobilenetv2,stable,features_16,1775840513685.441,1775840513912.994,227.553,114.531,110.020,38.199,32937,5545,200.0,1,0,100.0
914,mean_dynamic_mobilenetv2,stable,features_16,1775840513919.995,1775840514107.531,187.536,71.999,110.532,37.890,32937,5545,200.0,0,0,99.1
915,mean_dynamic_mobilenetv2,stable,features_16,1775840514113.045,1775840514315.081,202.036,92.010,109.029,36.314,32937,5545,200.0,1,0,98.1
916,mean_dynamic_mobilenetv2,stable,features_16,1775840514325.080,1775840514527.978,202.897,87.514,114.380,36.323,32937,5545,200.0,1,0,99.6
917,mean_dynamic_mobilenetv2,stable,features_16,1775840514536.976,1775840514716.018,179.042,71.006,105.529,36.373,32937,5545,200.0,0,0,98.5
918,mean_dynamic_mobilenetv2,stable,features_16,1775840514726.019,1775840514929.054,203.035,94.518,102.515,37.740,32937,5545,200.0,1,0,97.3
919,mean_dynamic_mobilenetv2,stable,features_16,1775840514939.054,1775840515162.096,223.042,111.522,110.519,36.764,32937,5545,200.0,1,0,99.1
920,mean_dynamic_mobilenetv2,stable,features_16,1775840515171.093,1775840515363.130,192.037,81.520,108.520,36.760,32937,5545,200.0,0,0,97.7
921,mean_dynamic_mobilenetv2,stable,features_16,1775840515371.129,1775840515586.171,215.042,114.522,98.514,31.029,32937,5545,200.0,1,0,99.2
922,mean_dynamic_mobilenetv2,stable,features_16,1775840515595.176,1775840515821.719,226.543,122.030,103.512,38.108,32937,5545,200.0,1,0,100.0
923,mean_dynamic_mobilenetv2,stable,features_16,1775840515831.721,1775840516067.749,236.028,90.513,141.514,36.831,32937,5545,200.0,1,0,100.0
924,mean_dynamic_mobilenetv2,stable,features_16,1775840516078.752,1775840516262.791,184.039,83.513,100.526,31.056,32937,5545,200.0,0,0,100.0
925,mean_dynamic_mobilenetv2,stable,features_16,1775840516271.790,1775840516476.847,205.057,88.529,113.730,37.052,32937,5545,200.0,1,0,98.6
926,mean_dynamic_mobilenetv2,stable,features_16,1775840516486.848,1775840516699.885,213.037,100.522,112.516,40.208,32937,5545,200.0,1,0,99.2
927,mean_dynamic_mobilenetv2,stable,features_16,1775840516713.414,1775840516913.459,200.045,95.005,104.042,33.405,32937,5545,200.0,1,0,99.5
928,mean_dynamic_mobilenetv2,stable,features_16,1775840516926.459,1775840517152.509,226.049,118.519,105.748,35.280,32937,5545,200.0,1,0,99.2
929,mean_dynamic_mobilenetv2,stable,features_16,1775840517164.505,1775840517347.556,183.052,73.531,108.520,36.709,32937,5545,200.0,0,0,100.0
930,mean_dynamic_mobilenetv2,stable,features_16,1775840517353.554,1775840517545.592,192.038,69.521,120.518,38.433,32937,5545,200.0,0,0,99.1
931,mean_dynamic_mobilenetv2,stable,features_16,1775840517551.592,1775840517778.627,227.035,121.518,101.515,32.433,32937,5545,200.0,1,0,100.0
932,mean_dynamic_mobilenetv2,stable,features_16,1775840517789.628,1775840518017.315,227.687,118.632,105.048,36.582,32937,5545,200.0,1,0,99.6
933,mean_dynamic_mobilenetv2,stable,features_16,1775840518028.313,1775840518242.357,214.044,106.523,106.523,36.659,32937,5545,200.0,1,0,100.0
934,mean_dynamic_mobilenetv2,stable,features_16,1775840518248.358,1775840518463.411,215.053,100.526,109.522,37.851,32937,5545,200.0,1,0,100.0
935,mean_dynamic_mobilenetv2,stable,features_16,1775840518469.408,1775840518669.466,200.058,92.542,105.518,31.871,32937,5545,200.0,1,0,99.5
936,mean_dynamic_mobilenetv2,stable,features_16,1775840518679.469,1775840518902.514,223.045,109.526,113.519,40.814,32937,5545,200.0,1,0,100.0
937,mean_dynamic_mobilenetv2,stable,features_16,1775840518913.037,1775840519118.064,205.027,90.002,113.027,40.968,32937,5545,200.0,1,0,97.4
938,mean_dynamic_mobilenetv2,stable,features_16,1775840519128.063,1775840519309.584,181.521,71.002,103.513,33.925,32937,5545,200.0,0,0,97.4
939,mean_dynamic_mobilenetv2,stable,features_16,1775840519317.098,1775840519517.142,200.043,83.002,115.038,37.781,32937,5545,200.0,1,0,99.5
940,mean_dynamic_mobilenetv2,stable,features_16,1775840519526.138,1775840519745.186,219.048,106.526,112.522,40.125,32937,5545,200.0,1,0,100.0
941,mean_dynamic_mobilenetv2,stable,features_16,1775840519759.182,1775840519930.219,171.036,61.515,107.524,36.766,32937,5545,200.0,0,0,98.4
942,mean_dynamic_mobilenetv2,stable,features_16,1775840519938.218,1775840520166.257,228.039,124.521,102.519,33.542,32937,5545,200.0,1,0,98.8
943,mean_dynamic_mobilenetv2,stable,features_16,1775840520174.258,1775840520386.295,212.037,105.513,104.518,33.984,32937,5545,200.0,1,0,97.4
944,mean_dynamic_mobilenetv2,stable,features_16,1775840520400.295,1775840520589.664,189.369,80.510,106.861,38.313,32937,5545,200.0,0,0,96.3
945,mean_dynamic_mobilenetv2,stable,features_16,1775840520598.674,1775840520835.262,236.588,131.071,104.519,35.710,32937,5545,200.0,1,0,99.2
946,mean_dynamic_mobilenetv2,stable,features_16,1775840520842.261,1775840521077.292,235.031,132.516,99.511,33.359,32937,5545,200.0,1,0,99.6
947,mean_dynamic_mobilenetv2,stable,features_16,1775840521085.289,1775840521254.637,169.349,63.517,103.833,34.798,32937,5545,200.0,0,0,95.0
948,mean_dynamic_mobilenetv2,stable,features_16,1775840521263.632,1775840521452.664,189.032,85.518,102.514,31.648,32937,5545,200.0,0,0,92.9
949,mean_dynamic_mobilenetv2,stable,features_16,1775840521455.664,1775840521656.706,201.042,95.527,105.515,35.275,32937,5545,200.0,1,0,97.2
950,mean_dynamic_mobilenetv2,stable,features_16,1775840521662.707,1775840521915.253,252.546,108.519,142.032,34.647,32937,5545,200.0,1,0,99.0
951,mean_dynamic_mobilenetv2,stable,features_16,1775840521922.255,1775840522120.285,198.030,85.004,113.025,36.368,32937,5545,200.0,0,0,95.9
952,mean_dynamic_mobilenetv2,stable,features_16,1775840522128.284,1775840522301.804,173.520,58.999,113.521,38.164,32937,5545,200.0,0,0,98.9
953,mean_dynamic_mobilenetv2,stable,features_16,1775840522310.810,1775840522510.857,200.047,84.516,113.535,38.631,32937,5545,200.0,1,0,99.6
954,mean_dynamic_mobilenetv2,stable,features_16,1775840522527.379,1775840522698.695,171.315,67.020,104.295,37.911,32937,5545,200.0,0,0,97.5
955,mean_dynamic_mobilenetv2,stable,features_16,1775840522707.698,1775840522927.245,219.547,109.032,107.516,37.203,32937,5545,200.0,1,0,100.0
956,mean_dynamic_mobilenetv2,stable,features_16,1775840522933.242,1775840523131.278,198.035,90.520,106.771,35.548,32937,5545,200.0,0,0,96.7
957,mean_dynamic_mobilenetv2,stable,features_16,1775840523139.284,1775840523326.320,187.036,73.505,112.530,35.309,32937,5545,200.0,0,0,95.3
958,mean_dynamic_mobilenetv2,stable,features_16,1775840523333.316,1775840523535.364,202.048,87.525,113.523,38.585,32937,5545,200.0,1,0,95.3
959,mean_dynamic_mobilenetv2,stable,features_16,1775840523545.366,1775840523749.414,204.048,92.528,108.519,35.850,32937,5545,200.0,1,0,100.0
960,mean_dynamic_mobilenetv2,stable,features_16,1775840523757.414,1775840524005.459,248.045,137.524,106.520,35.831,32937,5545,200.0,1,0,100.0
961,mean_dynamic_mobilenetv2,stable,features_16,1775840524013.975,1775840524238.023,224.048,109.534,112.516,36.548,32937,5545,200.0,1,0,98.4
962,mean_dynamic_mobilenetv2,stable,features_16,1775840524245.022,1775840524451.061,206.038,91.524,113.515,37.825,32937,5545,200.0,1,0,98.3
963,mean_dynamic_mobilenetv2,stable,features_16,1775840524457.061,1775840524700.459,243.397,133.869,107.535,38.853,32937,5545,200.0,1,0,100.0
964,mean_dynamic_mobilenetv2,stable,features_16,1775840524709.463,1775840524911.508,202.046,97.521,101.523,32.403,32937,5545,200.0,1,0,99.5
965,mean_dynamic_mobilenetv2,stable,features_16,1775840524921.025,1775840525134.069,213.044,102.525,109.520,38.416,32937,5545,200.0,1,0,98.0
966,mean_dynamic_mobilenetv2,stable,features_16,1775840525144.073,1775840525331.114,187.040,63.007,123.038,36.090,32937,5545,200.0,0,0,98.5
967,mean_dynamic_mobilenetv2,stable,features_16,1775840525341.114,1775840525562.242,221.129,103.526,112.605,36.946,32937,5545,200.0,1,0,100.0
968,mean_dynamic_mobilenetv2,stable,features_16,1775840525574.246,1775840525823.028,248.782,140.250,106.533,37.504,32937,5545,200.0,1,0,100.0
969,mean_dynamic_mobilenetv2,stable,features_16,1775840525833.032,1775840526073.071,240.039,128.526,109.516,40.171,32937,5545,200.0,1,0,100.0
970,mean_dynamic_mobilenetv2,stable,features_16,1775840526078.070,1775840526283.124,205.054,99.536,104.518,34.876,32937,5545,200.0,1,0,100.0
971,mean_dynamic_mobilenetv2,stable,features_16,1775840526290.124,1775840526440.173,150.049,66.521,83.528,24.449,32937,5545,200.0,0,0,97.5
972,mean_dynamic_mobilenetv2,stable,features_16,1775840526448.176,1775840526611.699,163.523,53.012,106.523,34.840,32937,5545,200.0,0,0,99.5
973,mean_dynamic_mobilenetv2,stable,features_16,1775840526619.212,1775840526834.256,215.044,110.529,103.515,34.147,32937,5545,200.0,1,0,99.6
974,mean_dynamic_mobilenetv2,stable,features_16,1775840526840.258,1775840527002.792,162.534,83.527,76.013,25.707,32937,5545,200.0,0,0,98.9
975,mean_dynamic_mobilenetv2,stable,features_16,1775840527015.307,1775840527179.825,164.518,89.008,75.510,27.697,32937,5545,200.0,0,0,95.9
976,mean_dynamic_mobilenetv2,stable,features_16,1775840527187.828,1775840527312.264,124.436,47.515,74.922,24.303,32937,5545,200.0,0,0,97.8
977,mean_dynamic_mobilenetv2,stable,features_16,1775840527325.776,1775840527501.789,176.012,99.521,73.492,29.226,32937,5545,200.0,0,0,96.9
978,mean_dynamic_mobilenetv2,stable,features_16,1775840527506.787,1775840527682.822,176.035,99.524,75.512,27.545,32937,5545,200.0,0,0,100.0
979,mean_dynamic_mobilenetv2,stable,features_16,1775840527691.821,1775840527917.368,225.546,112.522,112.022,36.393,32937,5545,200.0,1,0,98.8
980,mean_dynamic_mobilenetv2,stable,features_16,1775840527926.364,1775840528089.885,163.521,85.007,77.512,28.403,32937,5545,200.0,0,0,100.0
981,mean_dynamic_mobilenetv2,stable,features_16,1775840528101.890,1775840528307.931,206.041,130.036,72.010,24.764,32937,5545,200.0,1,0,96.9
982,mean_dynamic_mobilenetv2,stable,features_16,1775840528317.442,1775840528478.954,161.512,88.003,71.508,24.470,32937,5545,200.0,0,0,97.8
983,mean_dynamic_mobilenetv2,stable,features_16,1775840528490.956,1775840528690.398,199.442,86.931,111.512,41.125,32937,5545,200.0,0,0,96.4
984,mean_dynamic_mobilenetv2,stable,features_16,1775840528697.398,1775840528834.438,137.039,60.525,76.514,27.054,32937,5545,200.0,0,0,96.0
985,mean_dynamic_mobilenetv2,stable,features_16,1775840528840.439,1775840528996.951,156.513,88.520,66.004,20.744,32937,5545,200.0,0,0,97.8
986,mean_dynamic_mobilenetv2,stable,features_16,1775840529005.960,1775840529185.002,179.042,74.521,102.521,32.316,32937,5545,200.0,0,0,97.5
987,mean_dynamic_mobilenetv2,stable,features_16,1775840529193.001,1775840529385.046,192.045,115.535,72.509,24.678,32937,5545,200.0,0,0,97.7
988,mean_dynamic_mobilenetv2,stable,features_16,1775840529392.044,1775840529553.088,161.043,89.522,66.522,20.413,32937,5545,200.0,0,0,100.0
989,mean_dynamic_mobilenetv2,stable,features_16,1775840529562.094,1775840529771.644,209.551,128.510,80.038,29.660,32937,5545,200.0,1,0,100.0
990,mean_dynamic_mobilenetv2,stable,features_16,1775840529808.647,1775840530061.221,252.574,160.529,78.522,29.377,32937,5545,200.0,1,0,99.1
991,mean_dynamic_mobilenetv2,stable,features_16,1775840530068.218,1775840530276.713,208.496,127.526,74.954,24.918,32937,5545,200.0,1,0,99.6
992,mean_dynamic_mobilenetv2,stable,features_16,1775840530284.712,1775840530492.759,208.047,128.537,77.514,25.731,32937,5545,200.0,1,0,100.0
993,mean_dynamic_mobilenetv2,stable,features_16,1775840530507.765,1775840530655.800,148.036,71.516,75.520,29.274,32937,5545,200.0,0,0,98.8
994,mean_dynamic_mobilenetv2,stable,features_16,1775840530665.803,1775840530914.662,248.859,137.532,109.819,36.935,32937,5545,200.0,1,0,99.3
995,mean_dynamic_mobilenetv2,stable,features_16,1775840530919.669,1775840531106.199,186.530,109.517,69.009,24.630,32937,5545,200.0,0,0,98.6
996,mean_dynamic_mobilenetv2,stable,features_16,1775840531118.719,1775840531308.252,189.533,104.531,82.004,28.407,32937,5545,200.0,0,0,99.5
997,mean_dynamic_mobilenetv2,stable,features_16,1775840531313.251,1775840531528.810,215.559,102.027,109.523,39.350,32937,5545,200.0,1,0,99.6
998,mean_dynamic_mobilenetv2,stable,features_16,1775840531535.811,1775840531710.343,174.533,93.525,80.009,26.644,32937,5545,200.0,0,0,99.5
999,mean_dynamic_mobilenetv2,stable,features_16,1775840531717.863,1775840531931.419,213.556,140.028,71.517,24.986,32937,5545,200.0,1,0,100.0
1000,mean_dynamic_mobilenetv2,stable,features_16,1775840531937.416,1775840532139.958,202.542,128.528,71.012,25.628,32937,5545,200.0,1,0,100.0
1001,mean_dynamic_mobilenetv2,stable,features_16,1775840532144.958,1775840532430.533,285.575,168.535,114.534,34.978,32937,5545,200.0,1,0,100.0
1002,mean_dynamic_mobilenetv2,stable,features_16,1775840532439.534,1775840532621.602,182.067,102.046,77.020,25.042,32937,5545,200.0,0,0,99.5
1003,mean_dynamic_mobilenetv2,stable,features_16,1775840532630.601,1775840532866.642,236.041,144.521,90.522,32.632,32937,5545,200.0,1,0,100.0
1004,mean_dynamic_mobilenetv2,stable,features_16,1775840532875.640,1775840533045.685,170.044,90.527,77.517,24.172,32937,5545,200.0,0,0,99.5
1005,mean_dynamic_mobilenetv2,stable,features_16,1775840533053.688,1775840533325.264,271.576,110.531,159.041,34.081,32937,5545,200.0,1,0,100.0
1006,mean_dynamic_mobilenetv2,stable,features_16,1775840533335.257,1775840533562.798,227.541,146.020,80.519,27.881,32937,5545,200.0,1,0,100.0
1007,mean_dynamic_mobilenetv2,stable,features_16,1775840533573.798,1775840533769.839,196.042,112.520,81.518,28.591,32937,5545,200.0,0,0,100.0
1008,mean_dynamic_mobilenetv2,stable,features_16,1775840533778.834,1775840533958.873,180.039,101.526,75.512,23.393,32937,5545,200.0,0,0,99.5
1009,mean_dynamic_mobilenetv2,stable,features_16,1775840533964.873,1775840534188.756,223.883,135.125,84.750,28.042,32937,5545,200.0,1,0,100.0
1010,mean_dynamic_mobilenetv2,stable,features_16,1775840534198.759,1775840534385.713,186.955,113.898,72.057,25.793,32937,5545,200.0,0,0,99.5
1011,mean_dynamic_mobilenetv2,stable,features_16,1775840534394.715,1775840534584.494,189.779,101.521,82.249,29.505,32937,5545,200.0,0,0,99.5
1012,mean_dynamic_mobilenetv2,stable,features_16,1775840534596.495,1775840534795.578,199.083,114.530,82.553,25.787,32937,5545,200.0,0,0,100.0
1013,mean_dynamic_mobilenetv2,stable,features_16,1775840534806.582,1775840535006.626,200.044,115.033,84.012,33.381,32937,5545,200.0,1,0,100.0
1014,mean_dynamic_mobilenetv2,stable,features_16,1775840535023.138,1775840535217.196,194.058,120.535,71.516,21.714,32937,5545,200.0,0,0,100.0
1015,mean_dynamic_mobilenetv2,stable,features_16,1775840535224.193,1775840535458.251,234.059,117.535,114.522,40.730,32937,5545,200.0,1,0,100.0
1016,mean_dynamic_mobilenetv2,stable,features_16,1775840535467.255,1775840535695.296,228.041,94.515,126.521,36.011,32937,5545,200.0,1,0,99.6
1017,mean_dynamic_mobilenetv2,stable,features_16,1775840535703.300,1775840535907.354,204.055,130.044,73.008,24.332,32937,5545,200.0,1,0,99.1
1018,mean_dynamic_mobilenetv2,stable,features_16,1775840535915.859,1775840536123.908,208.050,102.529,103.525,33.901,32937,5545,200.0,1,0,98.2
1019,mean_dynamic_mobilenetv2,stable,features_16,1775840536132.910,1775840536320.961,188.050,106.532,78.521,27.594,32937,5545,200.0,0,0,99.5
1020,mean_dynamic_mobilenetv2,stable,features_16,1775840536326.960,1775840536506.669,179.709,100.697,77.009,28.189,32937,5545,200.0,0,0,100.0
1021,mean_dynamic_mobilenetv2,stable,features_16,1775840536511.667,1775840536701.734,190.067,109.055,80.014,28.429,32937,5545,200.0,0,0,100.0
1022,mean_dynamic_mobilenetv2,stable,features_16,1775840536713.730,1775840536916.809,203.079,120.040,77.534,28.029,32937,5545,200.0,1,0,99.1
1023,mean_dynamic_mobilenetv2,stable,features_16,1775840536925.816,1775840537164.025,238.208,122.630,113.582,41.406,32937,5545,200.0,1,0,99.2
1024,mean_dynamic_mobilenetv2,stable,features_16,1775840537174.024,1775840537372.066,198.042,125.516,70.526,21.937,32937,5545,200.0,0,0,99.5
1025,mean_dynamic_mobilenetv2,stable,features_16,1775840537382.068,1775840537569.115,187.047,105.521,80.526,29.482,32937,5545,200.0,0,0,100.0
1026,mean_dynamic_mobilenetv2,stable,features_16,1775840537584.114,1775840537813.621,229.508,141.052,86.461,32.874,32937,5545,200.0,1,0,100.0
1027,mean_dynamic_mobilenetv2,stable,features_16,1775840537826.137,1775840538064.182,238.045,128.531,108.518,38.493,32937,5545,200.0,1,0,98.1
1028,mean_dynamic_mobilenetv2,stable,features_16,1775840538073.187,1775840538259.249,186.062,103.542,80.526,27.024,32937,5545,200.0,0,0,99.6
1029,mean_dynamic_mobilenetv2,stable,features_16,1775840538273.249,1775840538481.288,208.039,128.520,77.512,26.290,32937,5545,200.0,1,0,99.6
1030,mean_dynamic_mobilenetv2,stable,features_16,1775840538491.287,1775840538781.840,290.553,165.032,121.521,39.097,32937,5545,200.0,1,0,99.4
1031,mean_dynamic_mobilenetv2,stable,features_16,1775840538794.842,1775840539155.383,360.541,212.045,147.495,34.432,32937,5545,200.0,1,0,97.7
1032,mean_dynamic_mobilenetv2,stable,features_16,1775840539168.383,1775840539567.461,399.078,271.564,124.510,37.478,32937,5545,200.0,1,0,98.6
1033,mean_dynamic_mobilenetv2,stable,features_16,1775840539579.462,1775840539884.048,304.587,187.055,111.534,40.244,32937,5545,200.0,1,0,100.0
1034,mean_dynamic_mobilenetv2,stable,features_16,1775840539895.051,1775840540174.642,279.591,195.069,83.521,30.542,32937,5545,200.0,1,0,100.0
1035,mean_dynamic_mobilenetv2,stable,features_16,1775840540184.644,1775840540461.000,276.356,160.829,113.524,41.953,32937,5545,200.0,1,0,99.7
1036,mean_dynamic_mobilenetv2,stable,features_16,1775840540472.993,1775840540760.555,287.562,155.048,123.512,41.597,32937,5545,200.0,1,0,100.0
1037,mean_dynamic_mobilenetv2,stable,features_16,1775840540782.555,1775840541099.127,316.572,226.054,85.519,21.092,32937,5545,200.0,1,0,100.0
1038,mean_dynamic_mobilenetv2,stable,features_16,1775840541110.132,1775840541396.686,286.554,165.031,119.523,37.026,32937,5545,200.0,1,0,100.0
1039,mean_dynamic_mobilenetv2,stable,features_16,1775840541405.691,1775840541667.248,261.557,188.030,72.526,24.041,32937,5545,200.0,1,0,99.7
1040,mean_dynamic_mobilenetv2,stable,features_16,1775840541693.250,1775840541993.810,300.560,217.055,81.509,27.448,32937,5545,200.0,1,0,100.0
1041,mean_dynamic_mobilenetv2,stable,features_16,1775840542014.814,1775840542317.433,302.620,226.609,74.012,26.628,32937,5545,200.0,1,0,100.0
1042,mean_dynamic_mobilenetv2,stable,features_16,1775840542328.118,1775840542517.653,189.535,113.519,74.010,26.978,32937,5545,200.0,0,0,100.0
1043,mean_dynamic_mobilenetv2,stable,features_16,1775840542525.164,1775840542711.715,186.552,108.547,76.006,24.862,32937,5545,200.0,0,0,100.0
1044,mean_dynamic_mobilenetv2,stable,features_16,1775840542722.229,1775840542930.273,208.044,128.520,76.522,27.682,32937,5545,200.0,1,0,99.6
1045,mean_dynamic_mobilenetv2,stable,features_16,1775840542936.268,1775840543135.370,199.102,123.579,72.521,26.078,32937,5545,200.0,0,0,100.0
1046,mean_dynamic_mobilenetv2,stable,features_16,1775840543148.368,1775840543530.747,382.379,300.850,75.526,25.635,32937,5545,200.0,1,0,100.0
1047,mean_dynamic_mobilenetv2,stable,features_16,1775840543537.746,1775840543971.272,433.527,336.773,94.758,31.152,32937,5545,200.0,1,0,100.0
1048,mean_dynamic_mobilenetv2,stable,features_16,1775840543987.270,1775840544402.401,415.131,327.617,85.519,29.684,32937,5545,200.0,1,0,99.8
1049,mean_dynamic_mobilenetv2,stable,features_16,1775840544412.406,1775840544680.983,268.578,156.055,110.522,34.764,32937,5545,200.0,1,0,99.7
1050,mean_dynamic_mobilenetv2,stable,features_16,1775840544689.980,1775840544966.288,276.308,204.053,71.255,23.362,32937,5545,200.0,1,0,100.0
1051,mean_dynamic_mobilenetv2,stable,features_16,1775840544976.289,1775840545193.350,217.061,141.542,73.520,25.496,32937,5545,200.0,1,0,100.0
1052,mean_dynamic_mobilenetv2,stable,features_16,1775840545206.350,1775840545428.441,222.091,139.046,80.047,25.264,32937,5545,200.0,1,0,100.0
1053,mean_dynamic_mobilenetv2,stable,features_16,1775840545437.440,1775840545660.485,223.045,137.521,83.524,27.962,32937,5545,200.0,1,0,100.0
1054,mean_dynamic_mobilenetv2,stable,features_16,1775840545677.485,1775840545989.065,311.580,215.060,88.524,29.401,32937,5545,200.0,1,0,100.0
1055,mean_dynamic_mobilenetv2,stable,features_16,1775840546003.065,1775840546241.893,238.828,168.055,68.769,21.209,32937,5545,200.0,1,0,100.0
1056,mean_dynamic_mobilenetv2,stable,features_16,1775840546251.891,1775840546467.926,216.035,140.516,71.524,23.424,32937,5545,200.0,1,0,99.6
1057,mean_dynamic_mobilenetv2,stable,features_16,1775840546479.930,1775840546705.204,225.275,140.763,83.513,27.821,32937,5545,200.0,1,0,100.0
1058,mean_dynamic_mobilenetv2,stable,features_16,1775840546718.210,1775840546940.567,222.356,140.174,80.182,29.379,32937,5545,200.0,1,0,100.0
1059,mean_dynamic_mobilenetv2,stable,features_16,1775840546952.564,1775840547148.610,196.045,118.526,76.524,30.855,32937,5545,200.0,0,0,99.1
1060,mean_dynamic_mobilenetv2,stable,features_16,1775840547158.609,1775840547328.669,170.060,90.527,77.535,25.911,32937,5545,200.0,0,0,99.5
1061,mean_dynamic_mobilenetv2,stable,features_16,1775840547337.670,1775840547551.711,214.041,134.528,76.515,24.838,32937,5545,200.0,1,0,99.1
1062,mean_dynamic_mobilenetv2,stable,features_16,1775840547560.711,1775840547899.807,339.096,228.569,109.528,35.854,32937,5545,200.0,1,0,99.7
1063,mean_dynamic_mobilenetv2,stable,features_16,1775840547910.819,1775840548087.852,177.033,95.511,79.665,25.948,32937,5545,200.0,0,0,98.5
1064,mean_dynamic_mobilenetv2,stable,features_16,1775840548095.852,1775840548302.905,207.053,127.043,79.009,27.456,32937,5545,200.0,1,0,100.0
1065,mean_dynamic_mobilenetv2,stable,features_16,1775840548308.912,1775840548498.952,190.041,105.525,81.515,26.052,32937,5545,200.0,0,0,100.0
1066,mean_dynamic_mobilenetv2,stable,features_16,1775840548511.967,1775840548706.991,195.024,120.028,73.001,21.025,32937,5545,200.0,0,0,99.5
1067,mean_dynamic_mobilenetv2,stable,features_16,1775840548728.510,1775840548930.567,202.057,120.530,80.527,23.460,32937,5545,200.0,1,0,99.6
1068,mean_dynamic_mobilenetv2,stable,features_16,1775840548939.570,1775840549181.610,242.040,139.520,100.520,28.011,32937,5545,200.0,1,0,100.0
1069,mean_dynamic_mobilenetv2,stable,features_16,1775840549189.611,1775840549374.653,185.042,103.517,79.528,26.963,32937,5545,200.0,0,0,99.5
1070,mean_dynamic_mobilenetv2,stable,features_16,1775840549382.653,1775840549588.698,206.045,100.520,101.524,32.902,32937,5545,200.0,1,0,100.0
1071,mean_dynamic_mobilenetv2,stable,features_16,1775840549599.697,1775840549832.281,232.584,150.056,80.690,30.257,32937,5545,200.0,1,0,100.0
1072,mean_dynamic_mobilenetv2,stable,features_16,1775840549840.279,1775840550057.326,217.047,133.522,80.519,24.657,32937,5545,200.0,1,0,100.0
1073,mean_dynamic_mobilenetv2,stable,features_16,1775840550070.328,1775840550277.374,207.046,120.522,83.517,26.988,32937,5545,200.0,1,0,100.0
1074,mean_dynamic_mobilenetv2,stable,features_16,1775840550289.367,1775840550498.404,209.037,114.518,92.518,32.336,32937,5545,200.0,1,0,100.0
1075,mean_dynamic_mobilenetv2,stable,features_16,1775840550507.403,1775840551199.903,692.500,120.067,571.432,20.258,32937,5545,200.0,1,0,57.7
1076,mean_dynamic_mobilenetv2,stable,features_16,1775840551203.902,1775840551345.934,142.032,20.517,120.514,44.553,32937,5545,200.0,0,0,77.6
1077,mean_dynamic_mobilenetv2,stable,features_16,1775840551349.933,1775840551440.443,90.510,17.002,73.508,26.435,32937,5545,200.0,0,0,85.6
1078,mean_dynamic_mobilenetv2,stable,features_16,1775840551444.444,1775840551554.961,110.517,12.001,97.517,30.823,32937,5545,200.0,0,0,84.3
1079,mean_dynamic_mobilenetv2,stable,features_16,1775840551558.960,1775840551663.473,104.513,19.002,82.512,22.456,32937,5545,200.0,0,0,82.5
1080,mean_dynamic_mobilenetv2,stable,features_16,1775840551667.476,1775840551765.992,98.517,22.003,76.514,30.236,32937,5545,200.0,0,0,90.2
1081,mean_dynamic_mobilenetv2,stable,features_16,1775840551769.992,1775840551858.127,88.136,18.001,68.135,22.203,32937,5545,200.0,0,0,85.4
1082,mean_dynamic_mobilenetv2,stable,features_16,1775840551862.128,1775840551951.665,89.537,19.001,68.536,21.851,32937,5545,200.0,0,0,85.9
1083,mean_dynamic_mobilenetv2,stable,features_16,1775840551954.685,1775840552097.179,142.494,18.980,122.513,35.533,32937,5545,200.0,0,0,93.9
1084,mean_dynamic_mobilenetv2,stable,features_16,1775840552100.179,1775840552194.695,94.516,16.007,77.509,23.873,32937,5545,200.0,0,0,92.9
1085,mean_dynamic_mobilenetv2,stable,features_16,1775840552198.695,1775840552309.207,110.512,22.006,88.507,37.554,32937,5545,200.0,0,0,96.1
1086,mean_dynamic_mobilenetv2,stable,features_16,1775840552314.211,1775840552408.720,94.509,23.510,67.000,22.781,32937,5545,200.0,0,0,94.8
1087,mean_dynamic_mobilenetv2,stable,features_16,1775840552412.727,1775840552535.464,122.737,22.513,98.221,34.200,32937,5545,200.0,0,0,96.9
1088,mean_dynamic_mobilenetv2,stable,features_16,1775840552539.972,1775840552629.521,89.550,21.510,66.041,23.454,32937,5545,200.0,0,0,95.9
1089,mean_dynamic_mobilenetv2,stable,features_16,1775840552634.523,1775840552724.527,90.004,24.999,64.005,20.669,32937,5545,200.0,0,0,96.9
1090,mean_dynamic_mobilenetv2,stable,features_16,1775840552729.040,1775840552864.552,135.512,24.998,108.514,39.438,32937,5545,200.0,0,0,99.3
1091,mean_dynamic_mobilenetv2,stable,features_16,1775840552868.552,1775840552962.996,94.443,25.001,68.444,23.953,32937,5545,200.0,0,0,96.5
1092,mean_dynamic_mobilenetv2,stable,features_16,1775840552966.996,1775840553055.513,88.517,21.999,64.518,21.993,32937,5545,200.0,0,0,97.0
1093,mean_dynamic_mobilenetv2,stable,features_16,1775840553059.513,1775840553153.031,93.518,21.002,69.521,26.604,32937,5545,200.0,0,0,93.8
1094,mean_dynamic_mobilenetv2,stable,features_16,1775840553157.031,1775840553248.683,91.652,23.001,66.650,21.386,32937,5545,200.0,0,0,98.0
1095,mean_dynamic_mobilenetv2,stable,features_16,1775840553252.683,1775840553351.198,98.514,25.000,72.514,24.390,32937,5545,200.0,0,0,100.0
1096,mean_dynamic_mobilenetv2,stable,features_16,1775840553355.198,1775840553449.712,94.514,28.000,65.514,21.091,32937,5545,200.0,0,0,100.0
1097,mean_dynamic_mobilenetv2,stable,features_16,1775840553455.713,1775840553556.739,101.026,32.000,66.521,21.168,32937,5545,200.0,0,0,100.0
1098,mean_dynamic_mobilenetv2,stable,features_16,1775840553562.739,1775840553701.255,138.516,31.002,106.517,33.213,32937,5545,200.0,0,0,100.0
1099,mean_dynamic_mobilenetv2,stable,features_16,1775840553706.255,1775840553823.778,117.522,43.521,74.002,24.859,32937,5545,200.0,0,0,100.0
1100,mean_dynamic_mobilenetv2,stable,features_16,1775840553829.288,1775840553932.803,103.515,33.001,68.515,24.568,32937,5545,200.0,0,0,99.1
1101,mean_dynamic_mobilenetv2,stable,features_16,1775840553937.803,1775840554073.319,135.516,35.000,100.516,31.967,32937,5545,200.0,0,0,100.0
1102,mean_dynamic_mobilenetv2,stable,features_16,1775840554078.318,1775840554179.831,101.514,27.000,72.801,25.957,32937,5545,200.0,0,0,100.0
1103,mean_dynamic_mobilenetv2,stable,features_16,1775840554183.832,1775840554290.346,106.514,31.005,74.510,25.112,32937,5545,200.0,0,0,98.4
1104,mean_dynamic_mobilenetv2,stable,features_16,1775840554295.347,1775840554391.867,96.520,23.009,71.511,21.541,32937,5545,200.0,0,0,93.8
1105,mean_dynamic_mobilenetv2,stable,features_16,1775840554396.867,1775840554535.904,139.037,25.008,113.028,41.394,32937,5545,200.0,0,0,97.4
1106,mean_dynamic_mobilenetv2,stable,features_16,1775840554540.903,1775840554637.419,96.516,28.002,67.514,23.082,32937,5545,200.0,0,0,98.3
1107,mean_dynamic_mobilenetv2,stable,features_16,1775840554641.420,1775840554737.932,96.511,25.002,68.510,23.560,32937,5545,200.0,0,0,99.0
1108,mean_dynamic_mobilenetv2,stable,features_16,1775840554741.934,1775840554857.446,115.512,39.999,74.512,26.779,32937,5545,200.0,0,0,95.6
1109,mean_dynamic_mobilenetv2,stable,features_16,1775840554862.446,1775840554996.963,134.517,26.000,107.521,40.424,32937,5545,200.0,0,0,93.9
1110,mean_dynamic_mobilenetv2,stable,features_16,1775840555000.965,1775840555102.481,101.516,24.511,77.005,22.185,32937,5545,200.0,0,0,93.9
1111,mean_dynamic_mobilenetv2,stable,features_16,1775840555107.482,1775840555195.997,88.515,21.515,66.000,23.525,32937,5545,200.0,0,0,97.1
1112,mean_dynamic_mobilenetv2,stable,features_16,1775840555201.000,1775840555321.515,120.516,23.004,96.512,24.660,32937,5545,200.0,0,0,93.9
1113,mean_dynamic_mobilenetv2,stable,features_16,1775840555326.024,1775840555417.026,91.003,19.000,71.003,25.532,32937,5545,200.0,0,0,84.4
1114,mean_dynamic_mobilenetv2,stable,features_16,1775840555422.027,1775840555510.550,88.522,16.519,67.998,25.300,32937,5545,200.0,0,0,88.7
1115,mean_dynamic_mobilenetv2,stable,features_16,1775840555514.549,1775840555601.063,86.514,18.516,66.999,21.336,32937,5545,200.0,0,0,85.0
1116,mean_dynamic_mobilenetv2,stable,features_16,1775840555605.068,1775840555703.374,98.306,20.005,78.302,24.125,32937,5545,200.0,0,0,87.6
1117,mean_dynamic_mobilenetv2,stable,features_16,1775840555707.375,1775840555801.887,94.511,25.513,66.999,24.947,32937,5545,200.0,0,0,96.9
1118,mean_dynamic_mobilenetv2,stable,features_16,1775840555806.889,1775840555928.917,122.027,22.518,99.509,32.409,32937,5545,200.0,0,0,87.0
1119,mean_dynamic_mobilenetv2,stable,features_16,1775840555932.916,1775840556050.430,117.514,15.002,102.512,35.169,32937,5545,200.0,0,0,86.2
1120,mean_dynamic_mobilenetv2,stable,features_16,1775840556054.433,1775840556147.941,93.508,14.000,77.510,24.032,32937,5545,200.0,0,0,90.9
1121,mean_dynamic_mobilenetv2,stable,features_16,1775840556150.941,1775840556278.460,127.519,15.000,108.515,34.482,32937,5545,200.0,0,0,93.9
1122,mean_dynamic_mobilenetv2,stable,features_16,1775840556284.460,1775840556418.986,134.527,49.524,84.003,22.405,32937,5545,200.0,0,0,96.6
1123,mean_dynamic_mobilenetv2,stable,features_16,1775840556423.988,1775840556516.500,92.512,23.512,68.002,22.559,32937,5545,200.0,0,0,97.0
1124,mean_dynamic_mobilenetv2,stable,features_16,1775840556522.503,1775840556619.016,96.512,22.510,72.005,28.330,32937,5545,200.0,0,0,99.1
1125,mean_dynamic_mobilenetv2,stable,features_16,1775840556624.016,1775840556719.528,95.512,25.510,69.003,23.134,32937,5545,200.0,0,0,94.8
1126,mean_dynamic_mobilenetv2,stable,features_16,1775840556724.528,1775840556848.549,124.021,19.510,104.511,35.917,32937,5545,200.0,0,0,96.2
1127,mean_dynamic_mobilenetv2,stable,features_16,1775840556852.552,1775840556949.062,96.510,26.998,67.513,23.043,32937,5545,200.0,0,0,93.0
1128,mean_dynamic_mobilenetv2,stable,features_16,1775840556954.066,1775840557042.577,88.511,21.002,66.509,23.428,32937,5545,200.0,0,0,89.7
1129,mean_dynamic_mobilenetv2,stable,features_16,1775840557046.578,1775840557149.044,102.466,23.000,78.467,29.944,32937,5545,200.0,0,0,90.2
1130,mean_dynamic_mobilenetv2,stable,features_16,1775840557153.046,1775840557285.562,132.516,24.999,106.515,35.102,32937,5545,200.0,0,0,89.9
1131,mean_dynamic_mobilenetv2,stable,features_16,1775840557290.562,1775840557382.084,91.522,22.007,68.516,24.215,32937,5545,200.0,0,0,94.8
1132,mean_dynamic_mobilenetv2,stable,features_16,1775840557387.083,1775840557482.598,95.515,26.006,67.511,22.247,32937,5545,200.0,0,0,96.6
1133,mean_dynamic_mobilenetv2,stable,features_16,1775840557486.598,1775840557611.115,124.518,21.002,103.516,37.076,32937,5545,200.0,0,0,93.1
1134,mean_dynamic_mobilenetv2,stable,features_16,1775840557615.116,1775840557743.141,128.025,20.509,107.516,36.135,32937,5545,200.0,0,0,91.7
1135,mean_dynamic_mobilenetv2,stable,features_16,1775840557748.141,1775840557878.656,130.515,23.000,103.513,34.421,32937,5545,200.0,0,0,98.5
1136,mean_dynamic_mobilenetv2,stable,features_16,1775840557881.655,1775840558013.182,131.527,23.000,107.526,35.784,32937,5545,200.0,0,0,99.3
1137,mean_dynamic_mobilenetv2,stable,features_16,1775840558018.181,1775840558115.704,97.523,29.518,66.008,21.402,32937,5545,200.0,0,0,100.0
1138,mean_dynamic_mobilenetv2,stable,features_16,1775840558120.705,1775840558253.741,133.036,27.522,105.514,35.553,32937,5545,200.0,0,0,100.0
1139,mean_dynamic_mobilenetv2,stable,features_16,1775840558259.741,1775840558398.258,138.517,25.000,112.516,42.097,32937,5545,200.0,0,0,97.5
1140,mean_dynamic_mobilenetv2,stable,features_16,1775840558404.258,1775840558506.773,102.515,28.515,73.391,24.776,32937,5545,200.0,0,0,98.1
1141,mean_dynamic_mobilenetv2,stable,features_16,1775840558511.781,1775840558640.802,129.022,26.510,100.512,34.330,32937,5545,200.0,0,0,97.3
1142,mean_dynamic_mobilenetv2,stable,features_16,1775840558645.804,1775840558736.321,90.518,22.000,65.519,21.550,32937,5545,200.0,0,0,96.9
1143,mean_dynamic_mobilenetv2,stable,features_16,1775840558741.322,1775840558842.835,101.513,25.000,75.513,28.598,32937,5545,200.0,0,0,100.0
1144,mean_dynamic_mobilenetv2,stable,features_16,1775840558847.838,1775840558947.350,99.512,27.999,69.512,24.947,32937,5545,200.0,0,0,96.5
1145,mean_dynamic_mobilenetv2,stable,features_16,1775840558951.349,1775840559041.863,90.514,23.001,67.513,24.135,32937,5545,200.0,0,0,92.7
1146,mean_dynamic_mobilenetv2,stable,features_16,1775840559045.862,1775840559132.377,86.515,20.000,64.511,22.314,32937,5545,200.0,0,0,89.0
1147,mean_dynamic_mobilenetv2,stable,features_16,1775840559136.374,1775840559230.891,94.517,23.001,70.514,25.664,32937,5545,200.0,0,0,91.1
1148,mean_dynamic_mobilenetv2,stable,features_16,1775840559234.890,1775840559327.403,92.513,22.003,69.506,23.058,32937,5545,200.0,0,0,91.7
1149,mean_dynamic_mobilenetv2,stable,features_16,1775840559331.404,1775840559416.700,85.296,18.000,64.296,23.323,32937,5545,200.0,0,0,94.8
1150,mean_dynamic_mobilenetv2,stable,features_16,1775840559422.701,1775840559516.215,93.514,24.509,67.003,23.498,32937,5545,200.0,0,0,98.0
1151,mean_dynamic_mobilenetv2,stable,features_16,1775840559521.215,1775840559615.730,94.515,28.512,65.003,23.184,32937,5545,200.0,0,0,98.0
1152,mean_dynamic_mobilenetv2,stable,features_16,1775840559620.730,1775840559758.760,138.030,27.515,109.515,44.817,32937,5545,200.0,0,0,98.2
1153,mean_dynamic_mobilenetv2,stable,features_16,1775840559763.764,1775840559863.272,99.508,26.995,70.511,24.971,32937,5545,200.0,0,0,99.0
1154,mean_dynamic_mobilenetv2,stable,features_16,1775840559868.272,1775840559967.784,99.512,28.000,69.511,21.884,32937,5545,200.0,0,0,99.2
1155,mean_dynamic_mobilenetv2,stable,features_16,1775840559971.783,1775840560070.296,98.514,26.001,70.512,26.377,32937,5545,200.0,0,0,98.1
1156,mean_dynamic_mobilenetv2,stable,features_16,1775840560074.295,1775840560182.435,108.140,26.000,80.141,23.422,32937,5545,200.0,0,0,96.8
1157,mean_dynamic_mobilenetv2,stable,features_16,1775840560187.437,1775840560281.950,94.513,26.005,67.508,20.456,32937,5545,200.0,0,0,95.9
1158,mean_dynamic_mobilenetv2,stable,features_16,1775840560286.950,1775840560388.465,101.515,26.002,73.510,25.568,32937,5545,200.0,0,0,95.7
1159,mean_dynamic_mobilenetv2,stable,features_16,1775840560394.464,1775840560501.981,107.517,32.520,71.998,25.075,32937,5545,200.0,0,0,99.2
1160,mean_dynamic_mobilenetv2,stable,features_16,1775840560506.981,1775840560643.010,136.029,30.517,102.512,36.719,32937,5545,200.0,0,0,99.3
1161,mean_dynamic_mobilenetv2,stable,features_16,1775840560648.009,1775840560752.521,104.513,27.001,74.512,27.034,32937,5545,200.0,0,0,99.2
1162,mean_dynamic_mobilenetv2,stable,features_16,1775840560756.522,1775840560858.032,101.510,31.000,68.510,22.891,32937,5545,200.0,0,0,99.2
1163,mean_dynamic_mobilenetv2,stable,features_16,1775840560862.032,1775840560993.545,131.513,31.000,95.968,33.148,32937,5545,200.0,0,0,98.0
1164,mean_dynamic_mobilenetv2,stable,features_16,1775840560998.546,1775840561100.030,101.484,31.486,69.998,22.728,32937,5545,200.0,0,0,92.8
1165,mean_dynamic_mobilenetv2,stable,features_16,1775840561104.030,1775840561199.550,95.520,20.007,72.513,24.742,32937,5545,200.0,0,0,87.5
1166,mean_dynamic_mobilenetv2,stable,features_16,1775840561203.549,1775840561300.063,96.514,24.515,69.999,23.433,32937,5545,200.0,0,0,92.8
1167,mean_dynamic_mobilenetv2,stable,features_16,1775840561303.064,1775840561390.577,87.513,19.004,68.509,23.808,32937,5545,200.0,0,0,90.8
1168,mean_dynamic_mobilenetv2,stable,features_16,1775840561395.579,1775840561481.087,85.509,20.003,64.505,21.811,32937,5545,200.0,0,0,86.5
1169,mean_dynamic_mobilenetv2,stable,features_16,1775840561484.088,1775840561595.114,111.026,15.000,95.026,26.017,32937,5545,200.0,0,0,84.1
1170,mean_dynamic_mobilenetv2,stable,features_16,1775840561599.116,1775840561723.632,124.516,17.007,105.509,37.456,32937,5545,200.0,0,0,91.5
1171,mean_dynamic_mobilenetv2,stable,features_16,1775840561727.136,1775840561869.656,142.519,26.006,115.514,36.291,32937,5545,200.0,0,0,93.4
1172,mean_dynamic_mobilenetv2,stable,features_16,1775840561874.655,1775840561964.763,90.108,19.002,71.106,23.399,32937,5545,200.0,0,0,87.8
1173,mean_dynamic_mobilenetv2,stable,features_16,1775840561968.763,1775840562119.922,151.159,15.001,135.158,35.121,32937,5545,200.0,0,0,83.8
1174,mean_dynamic_mobilenetv2,stable,features_16,1775840562124.922,1775840562218.092,93.170,18.166,74.004,28.174,32937,5545,200.0,0,0,89.7
1175,mean_dynamic_mobilenetv2,stable,features_16,1775840562221.093,1775840562313.607,92.514,14.514,75.999,29.475,32937,5545,200.0,0,0,99.0
1176,mean_dynamic_mobilenetv2,stable,features_16,1775840562316.607,1775840562433.631,117.024,18.512,98.511,33.156,32937,5545,200.0,0,0,97.7
1177,mean_dynamic_mobilenetv2,stable,features_16,1775840562437.631,1775840562547.651,110.020,21.000,87.021,23.341,32937,5545,200.0,0,0,93.8
1178,mean_dynamic_mobilenetv2,stable,features_16,1775840562553.163,1775840562641.305,88.142,18.002,69.140,21.897,32937,5545,200.0,0,0,97.0
1179,mean_dynamic_mobilenetv2,stable,features_16,1775840562645.305,1775840562736.816,91.511,17.001,73.508,27.427,32937,5545,200.0,0,0,91.7
1180,mean_dynamic_mobilenetv2,stable,features_16,1775840562740.819,1775840562825.819,85.000,16.998,68.002,25.052,32937,5545,200.0,0,0,96.9
1181,mean_dynamic_mobilenetv2,stable,features_16,1775840562829.327,1775840562919.331,90.004,20.000,68.004,22.460,32937,5545,200.0,0,0,94.8
1182,mean_dynamic_mobilenetv2,stable,features_16,1775840562924.332,1775840563048.362,124.031,16.519,106.509,40.443,32937,5545,200.0,0,0,93.1
1183,mean_dynamic_mobilenetv2,stable,features_16,1775840563051.360,1775840563142.873,91.513,19.001,71.512,26.410,32937,5545,200.0,0,0,95.9
1184,mean_dynamic_mobilenetv2,stable,features_16,1775840563146.873,1775840563237.389,90.516,20.000,68.515,25.102,32937,5545,200.0,0,0,96.0
1185,mean_dynamic_mobilenetv2,stable,features_16,1775840563241.388,1775840563338.902,97.514,24.002,72.510,27.800,32937,5545,200.0,0,0,97.4
1186,mean_dynamic_mobilenetv2,stable,features_16,1775840563342.901,1775840563472.411,129.510,23.006,104.510,34.336,32937,5545,200.0,0,0,96.3
1187,mean_dynamic_mobilenetv2,stable,features_16,1775840563476.410,1775840563578.927,102.517,24.001,77.517,22.252,32937,5545,200.0,0,0,100.0
1188,mean_dynamic_mobilenetv2,stable,features_16,1775840563582.929,1775840563679.439,96.510,23.997,70.514,23.983,32937,5545,200.0,0,0,98.0
1189,mean_dynamic_mobilenetv2,stable,features_16,1775840563683.440,1775840563773.952,90.512,21.998,67.046,21.978,32937,5545,200.0,0,0,100.0
1190,mean_dynamic_mobilenetv2,stable,features_16,1775840563777.952,1775840563878.464,100.512,26.000,72.510,27.063,32937,5545,200.0,0,0,98.0
1191,mean_dynamic_mobilenetv2,stable,features_16,1775840563882.464,1775840563986.980,104.517,25.001,76.516,24.372,32937,5545,200.0,0,0,93.9
1192,mean_dynamic_mobilenetv2,stable,features_16,1775840563991.982,1775840564088.492,96.510,30.004,64.504,21.216,32937,5545,200.0,0,0,91.2
1193,mean_dynamic_mobilenetv2,stable,features_16,1775840564092.492,1775840564212.011,119.519,20.001,97.518,35.291,32937,5545,200.0,0,0,90.8
1194,mean_dynamic_mobilenetv2,stable,features_16,1775840564217.015,1775840564344.038,127.022,24.511,101.512,33.231,32937,5545,200.0,0,0,93.8
1195,mean_dynamic_mobilenetv2,stable,features_16,1775840564348.038,1775840564446.551,98.512,22.001,75.512,29.858,32937,5545,200.0,0,0,89.3
1196,mean_dynamic_mobilenetv2,stable,features_16,1775840564450.551,1775840564578.067,127.516,21.001,104.515,35.977,32937,5545,200.0,0,0,93.0
1197,mean_dynamic_mobilenetv2,stable,features_16,1775840564582.068,1775840564674.585,92.517,22.999,67.516,23.020,32937,5545,200.0,0,0,90.7
1198,mean_dynamic_mobilenetv2,stable,features_16,1775840564680.585,1775840564777.108,96.523,24.001,70.522,26.571,32937,5545,200.0,0,0,100.0
1199,mean_dynamic_mobilenetv2,stable,features_16,1775840564782.108,1775840564891.619,109.511,39.003,70.508,26.573,32937,5545,200.0,0,0,94.9
1200,mean_dynamic_mobilenetv2,stable,features_16,1775840564896.620,1775840564991.137,94.516,19.010,74.507,27.315,32937,5545,200.0,0,0,99.0
1201,mean_dynamic_mobilenetv2,stable,features_16,1775840564996.140,1775840565101.557,105.418,27.002,77.417,27.700,32937,5545,200.0,0,0,94.7
1202,mean_dynamic_mobilenetv2,stable,features_16,1775840565106.558,1775840565196.079,89.521,20.011,68.006,21.471,32937,5545,200.0,0,0,95.8
1203,mean_dynamic_mobilenetv2,stable,features_16,1775840565201.078,1775840565290.592,89.514,21.004,66.506,25.768,32937,5545,200.0,0,0,95.0
1204,mean_dynamic_mobilenetv2,stable,features_16,1775840565294.592,1775840565404.104,109.512,15.998,92.514,26.898,32937,5545,200.0,0,0,85.0
1205,mean_dynamic_mobilenetv2,stable,features_16,1775840565408.104,1775840565504.236,96.133,14.007,79.128,31.994,32937,5545,200.0,0,0,83.3
1206,mean_dynamic_mobilenetv2,stable,features_16,1775840565508.238,1775840565596.521,88.284,18.007,69.277,25.228,32937,5545,200.0,0,0,85.7
1207,mean_dynamic_mobilenetv2,stable,features_16,1775840565600.521,1775840565684.036,83.515,12.002,69.506,25.709,32937,5545,200.0,0,0,84.5
1208,mean_dynamic_mobilenetv2,stable,features_16,1775840565687.038,1775840565777.546,90.508,13.000,76.508,26.961,32937,5545,200.0,0,0,82.5
1209,mean_dynamic_mobilenetv2,stable,features_16,1775840565781.547,1775840565908.056,126.509,18.000,107.509,38.262,32937,5545,200.0,0,0,78.1
1210,mean_dynamic_mobilenetv2,stable,features_16,1775840565911.056,1775840565989.588,78.532,11.017,66.515,21.809,32937,5545,200.0,0,0,78.8
1211,mean_dynamic_mobilenetv2,stable,features_16,1775840565992.588,1775840566108.098,115.510,11.999,101.510,36.609,32937,5545,200.0,0,0,88.5
1212,mean_dynamic_mobilenetv2,stable,features_16,1775840566112.098,1775840566196.609,84.512,12.007,70.686,25.547,32937,5545,200.0,0,0,77.6
1213,mean_dynamic_mobilenetv2,stable,features_16,1775840566199.610,1775840566295.127,95.518,17.005,77.512,32.332,32937,5545,200.0,0,0,82.1
1214,mean_dynamic_mobilenetv2,stable,features_16,1775840566298.124,1775840566383.635,85.511,17.005,68.507,22.105,32937,5545,200.0,0,0,84.4
1215,mean_dynamic_mobilenetv2,stable,features_16,1775840566387.635,1775840566501.146,113.510,13.001,99.510,32.502,32937,5545,200.0,0,0,84.1
1216,mean_dynamic_mobilenetv2,stable,features_16,1775840566504.146,1775840566593.657,89.511,11.005,77.507,24.618,32937,5545,200.0,0,0,84.4
1217,mean_dynamic_mobilenetv2,stable,features_16,1775840566596.658,1775840566715.171,118.513,18.004,100.509,42.415,32937,5545,200.0,0,0,88.4
1218,mean_dynamic_mobilenetv2,stable,features_16,1775840566719.171,1775840566822.684,103.512,22.510,81.002,27.714,32937,5545,200.0,0,0,92.0
1219,mean_dynamic_mobilenetv2,stable,features_16,1775840566826.684,1775840566946.708,120.024,12.515,104.510,35.534,32937,5545,200.0,0,0,86.6
1220,mean_dynamic_mobilenetv2,stable,features_16,1775840566950.706,1775840567039.220,88.514,17.001,70.513,26.258,32937,5545,200.0,0,0,82.8
1221,mean_dynamic_mobilenetv2,stable,features_16,1775840567042.222,1775840567126.223,84.001,12.000,70.000,24.260,32937,5545,200.0,0,0,84.4
1222,mean_dynamic_mobilenetv2,stable,features_16,1775840567130.731,1775840567219.734,89.003,13.001,75.002,28.554,32937,5545,200.0,0,0,81.2
1223,mean_dynamic_mobilenetv2,stable,features_16,1775840567223.735,1775840567310.245,86.510,13.512,70.998,22.659,32937,5545,200.0,0,0,90.7
1224,mean_dynamic_mobilenetv2,stable,features_16,1775840567314.249,1775840567397.757,83.508,20.509,62.999,19.056,32937,5545,200.0,0,0,92.5
1225,mean_dynamic_mobilenetv2,stable,features_16,1775840567401.758,1775840567497.050,95.292,25.003,69.288,24.242,32937,5545,200.0,0,0,93.0
1226,mean_dynamic_mobilenetv2,stable,features_16,1775840567502.052,1775840567597.562,95.511,20.003,73.508,22.385,32937,5545,200.0,0,0,93.9
1227,mean_dynamic_mobilenetv2,stable,features_16,1775840567603.563,1775840567700.076,96.513,23.005,72.508,25.320,32937,5545,200.0,0,0,93.1
1228,mean_dynamic_mobilenetv2,stable,features_16,1775840567704.076,1775840567794.587,90.511,22.004,67.507,24.733,32937,5545,200.0,0,0,99.0
1229,mean_dynamic_mobilenetv2,stable,features_16,1775840567798.587,1775840567933.612,135.024,24.005,111.020,23.869,32937,5545,200.0,0,0,93.8
1230,mean_dynamic_mobilenetv2,stable,features_16,1775840567938.612,1775840568060.127,121.515,19.000,101.511,35.801,32937,5545,200.0,0,0,86.0
1231,mean_dynamic_mobilenetv2,stable,features_16,1775840568064.123,1775840568152.635,88.512,22.001,65.511,22.124,32937,5545,200.0,0,0,86.6
1232,mean_dynamic_mobilenetv2,stable,features_16,1775840568155.635,1775840568280.146,124.511,18.001,104.510,36.259,32937,5545,200.0,0,0,89.9
1233,mean_dynamic_mobilenetv2,stable,features_16,1775840568285.146,1775840568379.656,94.510,19.000,72.510,26.686,32937,5545,200.0,0,0,89.8
1234,mean_dynamic_mobilenetv2,stable,features_16,1775840568383.656,1775840568482.168,98.511,30.000,67.508,23.572,32937,5545,200.0,0,0,96.5
1235,mean_dynamic_mobilenetv2,stable,features_16,1775840568486.168,1775840568574.680,88.512,18.001,69.512,24.304,32937,5545,200.0,0,0,88.5
1236,mean_dynamic_mobilenetv2,stable,features_16,1775840568579.681,1775840568667.191,87.510,18.000,68.510,22.595,32937,5545,200.0,0,0,98.0
1237,mean_dynamic_mobilenetv2,stable,features_16,1775840568670.192,1775840568761.702,91.510,19.001,70.511,25.987,32937,5545,200.0,0,0,93.8
1238,mean_dynamic_mobilenetv2,stable,features_16,1775840568766.703,1775840568896.216,129.513,22.000,105.513,37.799,32937,5545,200.0,0,0,93.8
1239,mean_dynamic_mobilenetv2,stable,features_16,1775840568900.216,1775840568980.730,80.515,16.009,62.506,19.966,32937,5545,200.0,0,0,92.7
1240,mean_dynamic_mobilenetv2,stable,features_16,1775840568984.731,1775840569112.241,127.510,21.000,104.511,35.579,32937,5545,200.0,0,0,93.1
1241,mean_dynamic_mobilenetv2,stable,features_16,1775840569117.245,1775840569219.756,102.511,17.509,84.002,26.684,32937,5545,200.0,0,0,85.7
1242,mean_dynamic_mobilenetv2,stable,features_16,1775840569222.756,1775840569324.269,101.513,12.512,89.001,26.489,32937,5545,200.0,0,0,76.8
1243,mean_dynamic_mobilenetv2,stable,features_16,1775840569329.269,1775840569450.286,121.017,14.510,104.506,39.987,32937,5545,200.0,0,0,78.3
1244,mean_dynamic_mobilenetv2,stable,features_16,1775840569453.285,1775840569546.793,93.508,17.001,74.507,23.967,32937,5545,200.0,0,0,77.3
1245,mean_dynamic_mobilenetv2,stable,features_16,1775840569549.794,1775840569680.307,130.513,16.002,114.511,37.202,32937,5545,200.0,0,0,84.0
1246,mean_dynamic_mobilenetv2,stable,features_16,1775840569683.306,1775840569779.819,96.513,17.000,79.512,25.108,32937,5545,200.0,0,0,85.6
1247,mean_dynamic_mobilenetv2,stable,features_16,1775840569784.819,1775840569918.336,133.517,15.000,117.516,37.495,32937,5545,200.0,0,0,85.3
1248,mean_dynamic_mobilenetv2,stable,features_16,1775840569923.340,1775840570017.853,94.514,13.514,80.000,21.594,32937,5545,200.0,0,0,77.3
1249,mean_dynamic_mobilenetv2,stable,features_16,1775840570020.854,1775840570169.875,149.022,14.510,133.512,38.645,32937,5545,200.0,0,0,76.9
1250,mean_dynamic_mobilenetv2,stable,features_16,1775840570173.875,1775840570325.391,151.515,16.005,133.936,37.440,32937,5545,200.0,0,0,86.2
1251,mean_dynamic_mobilenetv2,stable,features_16,1775840570329.390,1775840570466.408,137.018,13.510,122.510,36.375,32937,5545,200.0,0,0,87.8
1252,mean_dynamic_mobilenetv2,stable,features_16,1775840570470.409,1775840570556.923,86.513,19.000,66.508,22.947,32937,5545,200.0,0,0,85.4
1253,mean_dynamic_mobilenetv2,stable,features_16,1775840570561.926,1775840570682.433,120.507,16.999,101.508,36.846,32937,5545,200.0,0,0,87.6
1254,mean_dynamic_mobilenetv2,stable,features_16,1775840570685.433,1775840570777.944,92.511,17.001,73.510,27.397,32937,5545,200.0,0,0,91.7
1255,mean_dynamic_mobilenetv2,stable,features_16,1775840570781.944,1775840570876.459,94.516,23.001,70.516,21.385,32937,5545,200.0,0,0,89.8
1256,mean_dynamic_mobilenetv2,stable,features_16,1775840570880.460,1775840570998.970,118.511,15.002,103.509,36.079,32937,5545,200.0,0,0,83.6
1257,mean_dynamic_mobilenetv2,stable,features_16,1775840571001.970,1775840571079.489,77.519,15.010,60.510,18.065,32937,5545,200.0,0,0,91.4
1258,mean_dynamic_mobilenetv2,stable,features_16,1775840571083.489,1775840571206.001,122.511,18.002,103.929,34.594,32937,5545,200.0,0,0,90.0
1259,mean_dynamic_mobilenetv2,stable,features_16,1775840571210.001,1775840571310.512,100.511,14.006,85.506,33.312,32937,5545,200.0,0,0,77.7
1260,mean_dynamic_mobilenetv2,stable,features_16,1775840571313.512,1775840571391.031,77.519,11.013,65.505,20.789,32937,5545,200.0,0,0,76.2
1261,mean_dynamic_mobilenetv2,stable,features_16,1775840571395.031,1775840571476.542,81.511,11.001,68.510,24.596,32937,5545,200.0,0,0,77.6
1262,mean_dynamic_mobilenetv2,stable,features_16,1775840571480.543,1775840571576.052,95.509,19.000,74.509,25.419,32937,5545,200.0,0,0,78.5
1263,mean_dynamic_mobilenetv2,stable,features_16,1775840571579.058,1775840571663.570,84.512,14.995,68.518,25.371,32937,5545,200.0,0,0,86.2
1264,mean_dynamic_mobilenetv2,stable,features_16,1775840571670.572,1775840571777.089,106.518,33.999,71.519,25.563,32937,5545,200.0,0,0,96.9
1265,mean_dynamic_mobilenetv2,stable,features_16,1775840571782.089,1775840571910.607,128.517,46.009,80.004,31.312,32937,5545,200.0,0,0,98.5
1266,mean_dynamic_mobilenetv2,stable,features_16,1775840571918.615,1775840572052.648,134.034,53.515,78.517,30.321,32937,5545,200.0,0,0,96.7
1267,mean_dynamic_mobilenetv2,stable,features_16,1775840572060.649,1775840572236.689,176.040,101.521,72.522,27.760,32937,5545,200.0,0,0,98.0
1268,mean_dynamic_mobilenetv2,stable,features_16,1775840572245.697,1775840572431.728,186.031,72.005,106.515,36.385,32937,5545,200.0,0,0,99.5
1269,mean_dynamic_mobilenetv2,stable,features_16,1775840572438.728,1775840572610.281,171.553,90.006,81.547,31.068,32937,5545,200.0,0,0,98.9
1270,mean_dynamic_mobilenetv2,stable,features_16,1775840572622.289,1775840572770.325,148.036,73.511,72.525,25.561,32937,5545,200.0,0,0,97.0
1271,mean_dynamic_mobilenetv2,stable,features_16,1775840572775.326,1775840572975.373,200.047,93.524,106.523,31.719,32937,5545,200.0,1,0,98.1
1272,mean_dynamic_mobilenetv2,stable,features_16,1775840572983.375,1775840573142.424,159.049,77.532,79.518,28.809,32937,5545,200.0,0,0,98.3
1273,mean_dynamic_mobilenetv2,stable,features_16,1775840573150.422,1775840573367.789,217.366,88.523,127.841,52.313,32937,5545,200.0,1,0,98.4
1274,mean_dynamic_mobilenetv2,stable,features_16,1775840573375.790,1775840573528.472,152.681,75.515,76.167,29.048,32937,5545,200.0,0,0,98.2
1275,mean_dynamic_mobilenetv2,stable,features_16,1775840573537.990,1775840573757.037,219.047,113.522,100.529,34.793,32937,5545,200.0,1,0,100.0
1276,mean_dynamic_mobilenetv2,stable,features_16,1775840573762.039,1775840573948.076,186.037,102.523,82.515,26.312,32937,5545,200.0,0,0,99.5
1277,mean_dynamic_mobilenetv2,stable,features_16,1775840573958.077,1775840574109.600,151.522,74.518,75.000,27.353,32937,5545,200.0,0,0,98.8
1278,mean_dynamic_mobilenetv2,stable,features_16,1775840574116.614,1775840574311.645,195.031,81.521,109.518,33.569,32937,5545,200.0,0,0,96.7
1279,mean_dynamic_mobilenetv2,stable,features_16,1775840574317.652,1775840574506.986,189.333,75.519,112.816,36.927,32937,5545,200.0,0,0,100.0
1280,mean_dynamic_mobilenetv2,stable,features_16,1775840574512.984,1775840574648.050,135.066,59.533,73.532,24.519,32937,5545,200.0,0,0,98.6
1281,mean_dynamic_mobilenetv2,stable,features_16,1775840574654.044,1775840574881.107,227.063,152.537,72.515,25.648,32937,5545,200.0,1,0,100.0
1282,mean_dynamic_mobilenetv2,stable,features_16,1775840574886.103,1775840575030.618,144.515,61.512,80.003,29.552,32937,5545,200.0,0,0,99.4
1283,mean_dynamic_mobilenetv2,stable,features_16,1775840575036.126,1775840575162.645,126.519,53.002,71.520,25.410,32937,5545,200.0,0,0,97.7
1284,mean_dynamic_mobilenetv2,stable,features_16,1775840575168.646,1775840575322.161,153.515,77.513,75.002,30.934,32937,5545,200.0,0,0,98.9
1285,mean_dynamic_mobilenetv2,stable,features_16,1775840575326.162,1775840575483.199,157.037,86.519,68.518,21.266,32937,5545,200.0,0,0,100.0
1286,mean_dynamic_mobilenetv2,stable,features_16,1775840575490.200,1775840575626.715,136.515,63.512,71.001,24.189,32937,5545,200.0,0,0,95.9
1287,mean_dynamic_mobilenetv2,stable,features_16,1775840575632.223,1775840575775.735,143.512,64.000,74.513,25.656,32937,5545,200.0,0,0,97.6
1288,mean_dynamic_mobilenetv2,stable,features_16,1775840575781.735,1775840575975.764,194.029,86.516,105.511,33.434,32937,5545,200.0,0,0,98.5
1289,mean_dynamic_mobilenetv2,stable,features_16,1775840575981.765,1775840576143.793,162.028,90.510,69.518,25.020,32937,5545,200.0,0,0,98.9
1290,mean_dynamic_mobilenetv2,stable,features_16,1775840576150.793,1775840576354.818,204.025,89.513,112.512,36.542,32937,5545,200.0,1,0,99.6
1291,mean_dynamic_mobilenetv2,stable,features_16,1775840576362.818,1775840576551.846,189.028,78.514,105.514,37.835,32937,5545,200.0,0,0,99.0
1292,mean_dynamic_mobilenetv2,stable,features_16,1775840576557.846,1775840576708.368,150.522,72.007,77.518,27.160,32937,5545,200.0,0,0,96.9
1293,mean_dynamic_mobilenetv2,stable,features_16,1775840576717.373,1775840576900.402,183.029,101.520,80.513,26.831,32937,5545,200.0,0,0,100.0
1294,mean_dynamic_mobilenetv2,stable,features_16,1775840576908.401,1775840577053.429,145.028,77.518,66.510,23.167,32937,5545,200.0,0,0,100.0
1295,mean_dynamic_mobilenetv2,stable,features_16,1775840577058.430,1775840577208.950,150.520,80.521,69.000,23.336,32937,5545,200.0,0,0,100.0
1296,mean_dynamic_mobilenetv2,stable,features_16,1775840577214.949,1775840577408.981,194.032,82.518,105.512,37.582,32937,5545,200.0,0,0,100.0
1297,mean_dynamic_mobilenetv2,stable,features_16,1775840577413.980,1775840577616.009,202.028,92.516,105.512,36.662,32937,5545,200.0,1,0,99.5
1298,mean_dynamic_mobilenetv2,stable,features_16,1775840577620.013,1775840577794.048,174.035,69.514,103.521,34.427,32937,5545,200.0,0,0,99.0
1299,mean_dynamic_mobilenetv2,stable,features_16,1775840577802.048,1775840577956.078,154.030,74.517,74.512,22.856,32937,5545,200.0,0,0,100.0
1300,mean_dynamic_mobilenetv2,stable,features_16,1775840577962.077,1775840578179.101,217.024,98.515,117.509,40.236,32937,5545,200.0,1,0,100.0
1301,mean_dynamic_mobilenetv2,stable,features_16,1775840578189.101,1775840578364.124,175.023,97.514,75.510,25.403,32937,5545,200.0,0,0,98.0
1302,mean_dynamic_mobilenetv2,stable,features_16,1775840578373.124,1775840578521.642,148.518,76.515,70.004,21.548,32937,5545,200.0,0,0,97.7
1303,mean_dynamic_mobilenetv2,stable,features_16,1775840578527.643,1775840578685.664,158.021,73.514,70.511,27.467,32937,5545,200.0,0,0,99.5
1304,mean_dynamic_mobilenetv2,stable,features_16,1775840578694.665,1775840578867.692,173.028,94.515,77.518,30.265,32937,5545,200.0,0,0,97.9
1305,mean_dynamic_mobilenetv2,stable,features_16,1775840578873.692,1775840579031.710,158.018,85.512,72.506,24.187,32937,5545,200.0,0,0,100.0
1306,mean_dynamic_mobilenetv2,stable,features_16,1775840579037.715,1775840579214.226,176.512,98.512,76.000,28.316,32937,5545,200.0,0,0,97.5
1307,mean_dynamic_mobilenetv2,stable,features_16,1775840579222.231,1775840579442.763,220.533,101.514,117.019,25.486,32937,5545,200.0,1,0,98.7
1308,mean_dynamic_mobilenetv2,stable,features_16,1775840579447.763,1775840579614.875,167.112,87.112,75.000,26.867,32937,5545,200.0,0,0,100.0
1309,mean_dynamic_mobilenetv2,stable,features_16,1775840579623.878,1775840579837.412,213.533,102.513,110.020,37.063,32937,5545,200.0,1,0,98.8
1310,mean_dynamic_mobilenetv2,stable,features_16,1775840579845.412,1775840579979.752,134.341,59.001,72.339,24.019,32937,5545,200.0,0,0,96.0
1311,mean_dynamic_mobilenetv2,stable,features_16,1775840579989.751,1775840580172.785,183.033,107.522,74.511,26.438,32937,5545,200.0,0,0,100.0
1312,mean_dynamic_mobilenetv2,stable,features_16,1775840580177.786,1775840580315.300,137.514,64.515,72.000,25.619,32937,5545,200.0,0,0,100.0
1313,mean_dynamic_mobilenetv2,stable,features_16,1775840580322.308,1775840580496.339,174.031,95.524,78.507,26.425,32937,5545,200.0,0,0,99.0
1314,mean_dynamic_mobilenetv2,stable,features_16,1775840580503.340,1775840580653.380,150.040,71.520,76.517,26.404,32937,5545,200.0,0,0,97.0
1315,mean_dynamic_mobilenetv2,stable,features_16,1775840580665.380,1775840580901.410,236.031,126.516,109.514,36.180,32937,5545,200.0,1,0,99.6
1316,mean_dynamic_mobilenetv2,stable,features_16,1775840580911.412,1775840581058.865,147.453,71.519,72.931,24.371,32937,5545,200.0,0,0,98.2
1317,mean_dynamic_mobilenetv2,stable,features_16,1775840581068.867,1775840581246.906,178.040,91.527,81.510,28.572,32937,5545,200.0,0,0,96.9
1318,mean_dynamic_mobilenetv2,stable,features_16,1775840581256.911,1775840581392.421,135.511,66.001,69.509,22.382,32937,5545,200.0,0,0,100.0
1319,mean_dynamic_mobilenetv2,stable,features_16,1775840581401.424,1775840581557.465,156.042,77.517,77.524,25.983,32937,5545,200.0,0,0,97.7
1320,mean_dynamic_mobilenetv2,stable,features_16,1775840581565.465,1775840581753.500,188.036,88.523,99.512,33.536,32937,5545,200.0,0,0,100.0
1321,mean_dynamic_mobilenetv2,stable,features_16,1775840581764.501,1775840581935.546,171.045,100.519,69.526,22.228,32937,5545,200.0,0,0,100.0
1322,mean_dynamic_mobilenetv2,stable,features_16,1775840581941.546,1775840582139.584,198.038,88.008,109.033,37.271,32937,5545,200.0,0,0,98.2
1323,mean_dynamic_mobilenetv2,stable,features_16,1775840582148.585,1775840582297.104,148.519,73.010,75.509,26.920,32937,5545,200.0,0,0,98.8
1324,mean_dynamic_mobilenetv2,stable,features_16,1775840582302.106,1775840582472.141,170.035,63.515,103.516,36.120,32937,5545,200.0,0,0,100.0
1325,mean_dynamic_mobilenetv2,stable,features_16,1775840582484.137,1775840582673.197,189.060,102.549,81.512,28.118,32937,5545,200.0,0,0,96.9
1326,mean_dynamic_mobilenetv2,stable,features_16,1775840582678.197,1775840582845.229,167.032,93.522,72.510,23.067,32937,5545,200.0,0,0,98.9
1327,mean_dynamic_mobilenetv2,stable,features_16,1775840582851.229,1775840583004.405,153.176,81.534,71.641,23.641,32937,5545,200.0,0,0,98.2
1328,mean_dynamic_mobilenetv2,stable,features_16,1775840583011.906,1775840583172.944,161.037,79.513,79.526,30.554,32937,5545,200.0,0,0,100.0
1329,mean_dynamic_mobilenetv2,stable,features_16,1775840583180.942,1775840583385.973,205.031,89.518,113.512,40.891,32937,5545,200.0,1,0,100.0
1330,mean_dynamic_mobilenetv2,stable,features_16,1775840583388.974,1775840583497.493,108.520,30.008,74.505,25.365,32937,5545,200.0,0,0,98.3
1331,mean_dynamic_mobilenetv2,stable,features_16,1775840583505.491,1775840583666.531,161.041,85.525,71.516,26.004,32937,5545,200.0,0,0,100.0
1332,mean_dynamic_mobilenetv2,stable,features_16,1775840583676.531,1775840583844.567,168.036,88.517,77.520,27.417,32937,5545,200.0,0,0,97.8
1333,mean_dynamic_mobilenetv2,stable,features_16,1775840583851.568,1775840583983.092,131.524,55.001,74.522,23.870,32937,5545,200.0,0,0,98.6
1334,mean_dynamic_mobilenetv2,stable,features_16,1775840583992.091,1775840584169.129,177.038,102.522,73.517,26.547,32937,5545,200.0,0,0,98.0
1335,mean_dynamic_mobilenetv2,stable,features_16,1775840584178.130,1775840584323.652,145.522,71.520,72.006,24.539,32937,5545,200.0,0,0,100.0
1336,mean_dynamic_mobilenetv2,stable,features_16,1775840584330.650,1775840584503.684,173.034,59.512,112.523,40.999,32937,5545,200.0,0,0,100.0
1337,mean_dynamic_mobilenetv2,stable,features_16,1775840584510.686,1775840584663.738,153.052,71.530,80.531,29.411,32937,5545,200.0,0,0,97.3
1338,mean_dynamic_mobilenetv2,stable,features_16,1775840584677.733,1775840584880.760,203.026,119.514,76.512,26.074,32937,5545,200.0,1,0,98.6
1339,mean_dynamic_mobilenetv2,stable,features_16,1775840584888.765,1775840585019.289,130.524,61.514,68.013,22.437,32937,5545,200.0,0,0,96.7
1340,mean_dynamic_mobilenetv2,stable,features_16,1775840585029.291,1775840585237.845,208.554,72.517,135.034,37.790,32937,5545,200.0,1,0,98.3
1341,mean_dynamic_mobilenetv2,stable,features_16,1775840585248.840,1775840585389.357,140.518,61.000,78.518,28.290,32937,5545,200.0,0,0,96.4
1342,mean_dynamic_mobilenetv2,stable,features_16,1775840585398.356,1775840585546.394,148.038,67.521,75.515,26.539,32937,5545,200.0,0,0,100.0
1343,mean_dynamic_mobilenetv2,stable,features_16,1775840585553.396,1775840585737.446,184.051,65.009,118.041,41.696,32937,5545,200.0,0,0,100.0
1344,mean_dynamic_mobilenetv2,stable,features_16,1775840585747.449,1775840585956.485,209.036,125.516,82.518,30.201,32937,5545,200.0,1,0,98.3
1345,mean_dynamic_mobilenetv2,stable,features_16,1775840585963.482,1775840586110.004,146.522,72.522,70.004,22.926,32937,5545,200.0,0,0,98.2
1346,mean_dynamic_mobilenetv2,stable,features_16,1775840586119.009,1775840586290.036,171.027,90.522,78.510,28.368,32937,5545,200.0,0,0,100.0
1347,mean_dynamic_mobilenetv2,stable,features_16,1775840586302.213,1775840586468.238,166.025,80.513,83.512,25.907,32937,5545,200.0,0,0,100.0
1348,mean_dynamic_mobilenetv2,stable,features_16,1775840586478.239,1775840586632.758,154.519,75.512,77.005,28.812,32937,5545,200.0,0,0,97.6
1349,mean_dynamic_mobilenetv2,stable,features_16,1775840586637.268,1775840586802.799,165.531,87.038,77.498,30.443,32937,5545,200.0,0,0,98.9
1350,mean_dynamic_mobilenetv2,stable,features_16,1775840586813.801,1775840586979.850,166.049,79.530,85.518,36.376,32937,5545,200.0,0,0,98.5
1351,mean_dynamic_mobilenetv2,stable,features_16,1775840586988.847,1775840587161.880,173.033,93.520,76.510,27.663,32937,5545,200.0,0,0,96.8
1352,mean_dynamic_mobilenetv2,stable,features_16,1775840587173.882,1775840587325.396,151.515,81.514,67.006,21.925,32937,5545,200.0,0,0,97.8
1353,mean_dynamic_mobilenetv2,stable,features_16,1775840587336.906,1775840587488.422,151.516,72.000,77.519,27.219,32937,5545,200.0,0,0,97.6
1354,mean_dynamic_mobilenetv2,stable,features_16,1775840587497.422,1775840587654.451,157.029,81.518,74.510,26.913,32937,5545,200.0,0,0,95.0
1355,mean_dynamic_mobilenetv2,stable,features_16,1775840587663.451,1775840587854.483,191.032,101.513,82.519,28.747,32937,5545,200.0,0,0,99.5
1356,mean_dynamic_mobilenetv2,stable,features_16,1775840587864.477,1775840587988.990,124.513,49.004,74.514,26.092,32937,5545,200.0,0,0,97.7
1357,mean_dynamic_mobilenetv2,stable,features_16,1775840587993.991,1775840588144.035,150.044,74.527,71.515,21.641,32937,5545,200.0,0,0,95.9
1358,mean_dynamic_mobilenetv2,stable,features_16,1775840588156.040,1775840588335.073,179.034,103.519,74.514,26.350,32937,5545,200.0,0,0,97.5
1359,mean_dynamic_mobilenetv2,stable,features_16,1775840588347.076,1775840588505.585,158.509,63.996,92.512,23.987,32937,5545,200.0,0,0,98.9
1360,mean_dynamic_mobilenetv2,stable,features_16,1775840588510.584,1775840588642.618,132.034,55.524,74.509,28.721,32937,5545,200.0,0,0,98.7
1361,mean_dynamic_mobilenetv2,stable,features_16,1775840588647.618,1775840588802.130,154.512,78.005,76.507,27.558,32937,5545,200.0,0,0,97.0
1362,mean_dynamic_mobilenetv2,stable,features_16,1775840588812.136,1775840588995.156,183.020,96.510,85.512,27.359,32937,5545,200.0,0,0,96.8
1363,mean_dynamic_mobilenetv2,stable,features_16,1775840589003.156,1775840589160.198,157.042,87.523,68.520,22.705,32937,5545,200.0,0,0,100.0
1364,mean_dynamic_mobilenetv2,stable,features_16,1775840589167.204,1775840589343.227,176.023,95.508,79.556,27.266,32937,5545,200.0,0,0,91.3
1365,mean_dynamic_mobilenetv2,stable,features_16,1775840589351.226,1775840589491.739,140.513,68.007,70.506,22.558,32937,5545,200.0,0,0,94.8
1366,mean_dynamic_mobilenetv2,stable,features_16,1775840589500.741,1775840589648.769,148.028,73.515,71.512,24.134,32937,5545,200.0,0,0,100.0
1367,mean_dynamic_mobilenetv2,stable,features_16,1775840589658.769,1775840589856.881,198.112,120.518,74.516,26.244,32937,5545,200.0,0,0,97.8
1368,mean_dynamic_mobilenetv2,stable,features_16,1775840589868.803,1775840590031.334,162.531,79.524,81.010,27.547,32937,5545,200.0,0,0,100.0
1369,mean_dynamic_mobilenetv2,stable,features_16,1775840590041.838,1775840590214.355,172.517,98.517,72.998,26.336,32937,5545,200.0,0,0,100.0
1370,mean_dynamic_mobilenetv2,stable,features_16,1775840590224.363,1775840590408.390,184.027,95.529,87.501,35.847,32937,5545,200.0,0,0,97.9
1371,mean_dynamic_mobilenetv2,stable,features_16,1775840590419.396,1775840590594.427,175.031,95.523,79.509,24.402,32937,5545,200.0,0,0,99.0
1372,mean_dynamic_mobilenetv2,stable,features_16,1775840590603.427,1775840590774.463,171.036,93.514,74.521,27.033,32937,5545,200.0,0,0,97.0
1373,mean_dynamic_mobilenetv2,stable,features_16,1775840590784.463,1775840591982.813,1198.350,81.520,1110.822,46.242,32937,5545,200.0,1,0,75.3
1374,mean_dynamic_mobilenetv2,stable,features_16,1775840591996.085,1775840592169.555,173.470,99.681,72.069,24.457,32937,5545,200.0,0,0,98.5
1375,mean_dynamic_mobilenetv2,stable,features_16,1775840592176.031,1775840592331.478,155.447,81.437,72.008,24.381,32937,5545,200.0,0,0,98.2
1376,mean_dynamic_mobilenetv2,stable,features_16,1775840592337.000,1775840592503.704,166.704,96.029,68.678,24.467,32937,5545,200.0,0,0,98.4
1377,mean_dynamic_mobilenetv2,stable,features_16,1775840592514.704,1775840592691.087,176.383,97.796,74.585,26.014,32937,5545,200.0,0,0,99.5
1378,mean_dynamic_mobilenetv2,stable,features_16,1775840592703.635,1775840592862.217,158.582,74.187,82.399,31.847,32937,5545,200.0,0,0,96.6
1379,mean_dynamic_mobilenetv2,stable,features_16,1775840592870.442,1775840592988.108,117.666,42.138,73.529,25.076,32937,5545,200.0,0,0,97.0
1380,mean_dynamic_mobilenetv2,stable,features_16,1775840592995.112,1775840593103.632,108.520,40.513,67.006,22.100,32937,5545,200.0,0,0,95.5
1381,mean_dynamic_mobilenetv2,stable,features_16,1775840593108.635,1775840593223.685,115.050,29.715,84.337,21.466,32937,5545,200.0,0,0,95.6
1382,mean_dynamic_mobilenetv2,stable,features_16,1775840593228.687,1775840593338.382,109.695,36.524,73.170,26.998,32937,5545,200.0,0,0,93.1
1383,mean_dynamic_mobilenetv2,stable,features_16,1775840593343.384,1775840593468.132,124.748,44.239,76.503,26.072,32937,5545,200.0,0,0,98.5
1384,mean_dynamic_mobilenetv2,stable,features_16,1775840593509.535,1775840593651.445,141.910,70.871,70.036,24.137,32937,5545,200.0,0,0,99.0
1385,mean_dynamic_mobilenetv2,stable,features_16,1775840593662.443,1775840593825.912,163.469,89.216,73.250,23.318,32937,5545,200.0,0,0,100.0
1386,mean_dynamic_mobilenetv2,stable,features_16,1775840593835.545,1775840594011.456,175.911,94.008,76.903,27.432,32937,5545,200.0,0,0,97.5
1387,mean_dynamic_mobilenetv2,stable,features_16,1775840594047.887,1775840594177.912,130.025,55.500,71.535,22.948,32937,5545,200.0,0,0,91.4
1388,mean_dynamic_mobilenetv2,stable,features_16,1775840594184.914,1775840594313.483,128.569,57.116,69.445,24.586,32937,5545,200.0,0,0,97.3
1389,mean_dynamic_mobilenetv2,stable,features_16,1775840594322.494,1775840594473.311,150.817,75.305,72.512,24.071,32937,5545,200.0,0,0,98.8
1390,mean_dynamic_mobilenetv2,stable,features_16,1775840594497.445,1775840594672.926,175.481,105.458,68.028,23.428,32937,5545,200.0,0,0,100.0
1391,mean_dynamic_mobilenetv2,stable,features_16,1775840594681.926,1775840594915.804,233.878,159.405,71.752,25.625,32937,5545,200.0,1,0,99.3
1392,mean_dynamic_mobilenetv2,stable,features_16,1775840594926.815,1775840595141.240,214.425,126.369,83.331,26.119,32937,5545,200.0,1,0,99.1
1393,mean_dynamic_mobilenetv2,stable,features_16,1775840595155.028,1775840595339.716,184.688,99.549,81.126,27.476,32937,5545,200.0,0,0,100.0
1394,mean_dynamic_mobilenetv2,stable,features_16,1775840595346.717,1775840595508.252,161.535,84.833,73.501,26.496,32937,5545,200.0,0,0,100.0
1395,mean_dynamic_mobilenetv2,stable,features_16,1775840595517.749,1775840595730.184,212.435,129.854,80.162,26.737,32937,5545,200.0,1,0,100.0
1396,mean_dynamic_mobilenetv2,stable,features_16,1775840595738.707,1775840595994.845,256.138,174.447,77.693,26.283,32937,5545,200.0,1,0,100.0
1397,mean_dynamic_mobilenetv2,stable,features_16,1775840596008.354,1775840596187.473,179.119,92.639,81.179,28.047,32937,5545,200.0,0,0,100.0
1398,mean_dynamic_mobilenetv2,stable,features_16,1775840596202.940,1775840596389.140,186.201,107.560,75.642,28.337,32937,5545,200.0,0,0,100.0
1399,mean_dynamic_mobilenetv2,stable,features_16,1775840596398.138,1775840596580.748,182.609,103.030,77.580,27.617,32937,5545,200.0,0,0,98.0
1400,mean_dynamic_mobilenetv2,stable,features_16,1775840596585.751,1775840596720.096,134.345,54.371,78.626,27.099,32937,5545,200.0,0,0,97.3
1401,mean_dynamic_mobilenetv2,stable,features_16,1775840596725.406,1775840596854.931,129.524,51.192,76.321,26.525,32937,5545,200.0,0,0,99.3
1402,mean_dynamic_mobilenetv2,stable,features_16,1775840596862.103,1775840596972.319,110.216,37.439,71.774,26.444,32937,5545,200.0,0,0,99.1
1403,mean_dynamic_mobilenetv2,stable,features_16,1775840596977.734,1775840597108.609,130.875,52.835,77.037,26.663,32937,5545,200.0,0,0,98.6
1404,mean_dynamic_mobilenetv2,stable,features_16,1775840597112.607,1775840597239.061,126.454,48.184,77.270,26.205,32937,5545,200.0,0,0,100.0
1405,mean_dynamic_mobilenetv2,stable,features_16,1775840597245.198,1775840597378.602,133.404,53.904,78.499,25.680,32937,5545,200.0,0,0,98.7
1406,mean_dynamic_mobilenetv2,stable,features_16,1775840597384.842,1775840597540.515,155.673,70.853,82.734,32.645,32937,5545,200.0,0,0,100.0
1407,mean_dynamic_mobilenetv2,stable,features_16,1775840597547.480,1775840597687.160,139.679,60.457,78.221,28.583,32937,5545,200.0,0,0,98.0
1408,mean_dynamic_mobilenetv2,stable,features_16,1775840597699.664,1775840597880.417,180.753,99.300,79.265,27.426,32937,5545,200.0,0,0,99.5
1409,mean_dynamic_mobilenetv2,stable,features_16,1775840597889.416,1775840598086.682,197.266,110.713,78.552,23.993,32937,5545,200.0,0,0,97.4
1410,mean_dynamic_mobilenetv2,stable,features_16,1775840598096.683,1775840598279.127,182.444,99.915,78.528,25.200,32937,5545,200.0,0,0,98.0
1411,mean_dynamic_mobilenetv2,stable,features_16,1775840598289.773,1775840598457.133,167.360,93.833,71.525,22.079,32937,5545,200.0,0,0,97.8
1412,mean_dynamic_mobilenetv2,stable,features_16,1775840598467.249,1775840598648.310,181.061,103.003,75.061,23.818,32937,5545,200.0,0,0,97.5
1413,mean_dynamic_mobilenetv2,stable,features_16,1775840598658.310,1775840598825.049,166.739,86.339,78.399,28.492,32937,5545,200.0,0,0,98.5
1414,mean_dynamic_mobilenetv2,stable,features_16,1775840598855.937,1775840599110.674,254.737,102.962,149.782,23.518,32937,5545,200.0,1,0,97.7
1415,mean_dynamic_mobilenetv2,stable,features_16,1775840599120.437,1775840599313.076,192.639,97.686,88.956,26.551,32937,5545,200.0,0,0,99.1
1416,mean_dynamic_mobilenetv2,stable,features_16,1775840599322.075,1775840599483.780,161.705,89.012,70.692,24.430,32937,5545,200.0,0,0,99.5
1417,mean_dynamic_mobilenetv2,stable,features_16,1775840599491.778,1775840599656.064,164.286,92.542,69.746,24.578,32937,5545,200.0,0,0,96.2
1418,mean_dynamic_mobilenetv2,stable,features_16,1775840599664.065,1775840599828.188,164.123,87.781,70.824,24.955,32937,5545,200.0,0,0,95.6
1419,mean_dynamic_mobilenetv2,stable,features_16,1775840599834.264,1775840599952.911,118.646,40.719,76.928,27.258,32937,5545,200.0,0,0,97.0
1420,mean_dynamic_mobilenetv2,stable,features_16,1775840599957.941,1775840600061.072,103.131,29.659,73.472,23.745,32937,5545,200.0,0,0,99.2
1421,mean_dynamic_mobilenetv2,stable,features_16,1775840600071.303,1775840600172.786,101.484,26.998,71.396,22.350,32937,5545,200.0,0,0,97.4
1422,mean_dynamic_mobilenetv2,stable,features_16,1775840600178.795,1775840600281.082,102.287,28.001,72.286,23.503,32937,5545,200.0,0,0,95.0
1423,mean_dynamic_mobilenetv2,stable,features_16,1775840600286.082,1775840600402.623,116.541,45.029,71.513,25.862,32937,5545,200.0,0,0,94.8
1424,mean_dynamic_mobilenetv2,stable,features_16,1775840600409.723,1775840600547.052,137.330,61.531,72.801,23.470,32937,5545,200.0,0,0,96.6
1425,mean_dynamic_mobilenetv2,stable,features_16,1775840600553.116,1775840600673.775,120.659,49.712,68.952,21.232,32937,5545,200.0,0,0,91.8
1426,mean_dynamic_mobilenetv2,stable,features_16,1775840600680.113,1775840600835.061,154.947,76.914,78.033,24.586,32937,5545,200.0,0,0,98.2
1427,mean_dynamic_mobilenetv2,stable,features_16,1775840600844.408,1775840600984.365,139.957,72.060,65.899,20.751,32937,5545,200.0,0,0,98.1
1428,mean_dynamic_mobilenetv2,stable,features_16,1775840600993.367,1775840601117.898,124.531,54.533,67.999,21.896,32937,5545,200.0,0,0,86.7
1429,mean_dynamic_mobilenetv2,stable,features_16,1775840601126.897,1775840601269.349,142.452,66.959,72.494,22.273,32937,5545,200.0,0,0,96.7
1430,mean_dynamic_mobilenetv2,stable,features_16,1775840601278.351,1775840601419.433,141.082,65.194,74.891,23.746,32937,5545,200.0,0,0,98.8
1431,mean_dynamic_mobilenetv2,stable,features_16,1775840601427.523,1775840601569.595,142.073,60.539,79.532,26.018,32937,5545,200.0,0,0,95.3
1432,mean_dynamic_mobilenetv2,stable,features_16,1775840601574.646,1775840601706.535,131.888,55.002,74.881,25.512,32937,5545,200.0,0,0,98.7
1433,mean_dynamic_mobilenetv2,stable,features_16,1775840601711.537,1775840601869.300,157.763,86.529,69.236,21.366,32937,5545,200.0,0,0,96.3
1434,mean_dynamic_mobilenetv2,stable,features_16,1775840601877.446,1775840602031.313,153.867,81.220,70.650,26.701,32937,5545,200.0,0,0,97.6
1435,mean_dynamic_mobilenetv2,stable,features_16,1775840602036.317,1775840602169.762,133.446,59.775,72.669,26.788,32937,5545,200.0,0,0,98.7
1436,mean_dynamic_mobilenetv2,stable,features_16,1775840602175.761,1775840602313.924,138.162,58.090,76.061,25.517,32937,5545,200.0,0,0,100.0
1437,mean_dynamic_mobilenetv2,stable,features_16,1775840602322.021,1775840602479.693,157.673,54.632,102.040,27.423,32937,5545,200.0,0,0,98.4
1438,mean_dynamic_mobilenetv2,stable,features_16,1775840602484.694,1775840602616.300,131.606,54.380,76.226,28.409,32937,5545,200.0,0,0,90.0
1439,mean_dynamic_mobilenetv2,stable,features_16,1775840602623.299,1775840602761.354,138.055,63.957,73.100,23.003,32937,5545,200.0,0,0,97.0
1440,mean_dynamic_mobilenetv2,stable,features_16,1775840602766.356,1775840602924.592,158.235,84.653,67.872,25.124,32937,5545,200.0,0,0,100.0
1441,mean_dynamic_mobilenetv2,stable,features_16,1775840602932.599,1775840603067.843,135.244,63.745,70.500,24.116,32937,5545,200.0,0,0,100.0
1442,mean_dynamic_mobilenetv2,stable,features_16,1775840603083.846,1775840603238.104,154.258,78.890,74.369,21.539,32937,5545,200.0,0,0,98.4
1443,mean_dynamic_mobilenetv2,stable,features_16,1775840603247.704,1775840603388.623,140.918,60.287,78.632,27.513,32937,5545,200.0,0,0,98.8
1444,mean_dynamic_mobilenetv2,stable,features_16,1775840603394.624,1775840603543.740,149.116,73.534,75.582,23.818,32937,5545,200.0,0,0,97.0
1445,mean_dynamic_mobilenetv2,stable,features_16,1775840603551.266,1775840603691.437,140.171,65.001,73.171,26.356,32937,5545,200.0,0,0,96.7
1446,mean_dynamic_mobilenetv2,stable,features_16,1775840603697.445,1775840603848.222,150.778,69.529,80.236,27.074,32937,5545,200.0,0,0,100.0
1447,mean_dynamic_mobilenetv2,stable,features_16,1775840603852.221,1775840603961.282,109.062,37.500,70.557,24.762,32937,5545,200.0,0,0,97.8
1448,mean_dynamic_mobilenetv2,stable,features_16,1775840603967.285,1775840604103.001,135.716,58.995,70.377,21.343,32937,5545,200.0,0,0,100.0
1449,mean_dynamic_mobilenetv2,stable,features_16,1775840604109.230,1775840604245.535,136.305,57.533,76.782,21.812,32937,5545,200.0,0,0,98.6
1450,mean_dynamic_mobilenetv2,stable,features_16,1775840604254.063,1775840604403.802,149.740,69.342,75.397,26.699,32937,5545,200.0,0,0,99.4
1451,mean_dynamic_mobilenetv2,stable,features_16,1775840604411.801,1775840604551.383,139.583,63.487,75.097,23.279,32937,5545,200.0,0,0,96.7
1452,mean_dynamic_mobilenetv2,stable,features_16,1775840604562.463,1775840604769.100,206.637,133.651,71.987,24.007,32937,5545,200.0,1,0,99.2
1453,mean_dynamic_mobilenetv2,stable,features_16,1775840604775.467,1775840604987.814,212.347,132.804,77.544,22.517,32937,5545,200.0,1,0,99.6
1454,mean_dynamic_mobilenetv2,stable,features_16,1775840604996.815,1775840605174.655,177.840,105.620,70.815,24.114,32937,5545,200.0,0,0,98.5
1455,mean_dynamic_mobilenetv2,stable,features_16,1775840605184.666,1775840605380.053,195.388,124.312,65.077,20.873,32937,5545,200.0,0,0,98.6
1456,mean_dynamic_mobilenetv2,stable,features_16,1775840605390.203,1775840605551.362,161.159,86.829,70.324,21.983,32937,5545,200.0,0,0,99.5
1457,mean_dynamic_mobilenetv2,stable,features_16,1775840605563.533,1775840605718.966,155.432,80.148,71.286,24.447,32937,5545,200.0,0,0,100.0
1458,mean_dynamic_mobilenetv2,stable,features_16,1775840605727.964,1775840605926.914,198.950,125.287,73.663,23.101,32937,5545,200.0,0,0,99.1
1459,mean_dynamic_mobilenetv2,stable,features_16,1775840605934.219,1775840606042.019,107.800,36.747,70.059,24.194,32937,5545,200.0,0,0,97.7
1460,mean_dynamic_mobilenetv2,stable,features_16,1775840606046.490,1775840606165.964,119.474,44.476,74.999,28.509,32937,5545,200.0,0,0,95.4
1461,mean_dynamic_mobilenetv2,stable,features_16,1775840606171.966,1775840606290.564,118.599,40.348,77.250,24.793,32937,5545,200.0,0,0,98.5
1462,mean_dynamic_mobilenetv2,stable,features_16,1775840606295.564,1775840606415.245,119.681,46.408,71.275,23.355,32937,5545,200.0,0,0,96.2
1463,mean_dynamic_mobilenetv2,stable,features_16,1775840606421.247,1775840606549.608,128.361,58.709,69.652,24.715,32937,5545,200.0,0,0,97.7
1464,mean_dynamic_mobilenetv2,stable,features_16,1775840606570.357,1775840606695.416,125.058,49.999,72.060,21.866,32937,5545,200.0,0,0,98.0
1465,mean_dynamic_mobilenetv2,stable,features_16,1775840606704.563,1775840606841.180,136.617,62.559,73.045,22.240,32937,5545,200.0,0,0,97.0
1466,mean_dynamic_mobilenetv2,stable,features_16,1775840606863.177,1775840606993.108,129.931,59.341,67.573,23.657,32937,5545,200.0,0,0,98.8
1467,mean_dynamic_mobilenetv2,stable,features_16,1775840607003.385,1775840607169.647,166.263,66.668,98.597,25.751,32937,5545,200.0,0,0,97.3
1468,mean_dynamic_mobilenetv2,stable,features_16,1775840607178.271,1775840607311.224,132.953,60.239,70.294,24.757,32937,5545,200.0,0,0,95.3
1469,mean_dynamic_mobilenetv2,stable,features_16,1775840607319.277,1775840607461.801,142.524,68.042,72.488,24.251,32937,5545,200.0,0,0,98.8
1470,mean_dynamic_mobilenetv2,stable,features_16,1775840607473.848,1775840607606.171,132.323,46.002,85.025,26.060,32937,5545,200.0,0,0,96.7
1471,mean_dynamic_mobilenetv2,stable,features_16,1775840607616.174,1775840607756.791,140.617,60.088,77.530,24.616,32937,5545,200.0,0,0,98.0
1472,mean_dynamic_mobilenetv2,stable,features_16,1775840607765.789,1775840607911.963,146.174,75.101,71.073,23.205,32937,5545,200.0,0,0,100.0
1473,mean_dynamic_mobilenetv2,stable,features_16,1775840607916.977,1775840608065.353,148.375,60.525,85.851,24.471,32937,5545,200.0,0,0,97.0
1474,mean_dynamic_mobilenetv2,stable,features_16,1775840608072.690,1775840608235.817,163.127,78.074,80.041,25.144,32937,5545,200.0,0,0,98.9
1475,mean_dynamic_mobilenetv2,stable,features_16,1775840608244.850,1775840608406.684,161.833,82.173,76.654,25.529,32937,5545,200.0,0,0,100.0
1476,mean_dynamic_mobilenetv2,stable,features_16,1775840608412.860,1775840608569.674,156.814,82.662,72.148,25.505,32937,5545,200.0,0,0,99.4
1477,mean_dynamic_mobilenetv2,stable,features_16,1775840608574.671,1775840608715.716,141.045,71.686,67.273,19.272,32937,5545,200.0,0,0,98.8
1478,mean_dynamic_mobilenetv2,stable,features_16,1775840608721.115,1775840608876.301,155.186,77.032,73.975,27.277,32937,5545,200.0,0,0,100.0
1479,mean_dynamic_mobilenetv2,stable,features_16,1775840608884.300,1775840609063.672,179.372,87.716,91.147,26.762,32937,5545,200.0,0,0,99.0
1480,mean_dynamic_mobilenetv2,stable,features_16,1775840609071.435,1775840609230.010,158.576,86.307,72.269,24.949,32937,5545,200.0,0,0,98.9
1481,mean_dynamic_mobilenetv2,stable,features_16,1775840609238.131,1775840609350.923,112.792,36.155,72.626,22.105,32937,5545,200.0,0,0,96.5
1482,mean_dynamic_mobilenetv2,stable,features_16,1775840609356.447,1775840609467.099,110.652,39.467,70.186,20.838,32937,5545,200.0,0,0,100.0
1483,mean_dynamic_mobilenetv2,stable,features_16,1775840609472.099,1775840609609.569,137.470,63.241,72.224,26.596,32937,5545,200.0,0,0,100.0
1484,mean_dynamic_mobilenetv2,stable,features_16,1775840609623.569,1775840609813.271,189.702,117.423,70.278,25.285,32937,5545,200.0,0,0,98.1
1485,mean_dynamic_mobilenetv2,stable,features_16,1775840609833.758,1775840610018.121,184.363,101.080,81.277,26.494,32937,5545,200.0,0,0,99.1
1486,mean_dynamic_mobilenetv2,stable,features_16,1775840610028.115,1775840610219.198,191.083,106.283,83.801,27.253,32937,5545,200.0,0,0,97.7
1487,mean_dynamic_mobilenetv2,stable,features_16,1775840610228.627,1775840610394.002,165.374,86.662,76.712,23.908,32937,5545,200.0,0,0,97.2
1488,mean_dynamic_mobilenetv2,stable,features_16,1775840610404.790,1775840610567.175,162.385,89.356,71.736,20.371,32937,5545,200.0,0,0,99.0
1489,mean_dynamic_mobilenetv2,stable,features_16,1775840610574.311,1775840610727.181,152.870,76.016,76.854,28.065,32937,5545,200.0,0,0,96.2
1490,mean_dynamic_mobilenetv2,stable,features_16,1775840610736.186,1775840610873.709,137.522,61.015,74.404,26.329,32937,5545,200.0,0,0,98.0
1491,mean_dynamic_mobilenetv2,stable,features_16,1775840610879.159,1775840610995.071,115.912,46.196,68.716,21.512,32937,5545,200.0,0,0,100.0
1492,mean_dynamic_mobilenetv2,stable,features_16,1775840611004.127,1775840611111.574,107.447,40.088,65.361,23.453,32937,5545,200.0,0,0,92.9
1493,mean_dynamic_mobilenetv2,stable,features_16,1775840611118.576,1775840611248.896,130.320,46.518,81.799,29.142,32937,5545,200.0,0,0,96.0
1494,mean_dynamic_mobilenetv2,stable,features_16,1775840611254.895,1775840611365.573,110.678,29.673,79.006,31.929,32937,5545,200.0,0,0,97.4
1495,mean_dynamic_mobilenetv2,stable,features_16,1775840611369.573,1775840611478.216,108.642,28.057,78.585,27.548,32937,5545,200.0,0,0,96.3
1496,mean_dynamic_mobilenetv2,stable,features_16,1775840611486.213,1775840611632.599,146.386,71.634,72.753,23.128,32937,5545,200.0,0,0,100.0
1497,mean_dynamic_mobilenetv2,stable,features_16,1775840611640.955,1775840611813.169,172.214,100.601,69.605,26.772,32937,5545,200.0,0,0,99.0
1498,mean_dynamic_mobilenetv2,stable,features_16,1775840611827.775,1775840612022.562,194.788,120.692,70.096,24.579,32937,5545,200.0,0,0,98.7
1499,mean_dynamic_mobilenetv2,stable,features_16,1775840612031.667,1775840612212.495,180.828,98.811,78.014,27.086,32937,5545,200.0,0,0,100.0
1500,mean_dynamic_mobilenetv2,stable,features_16,1775840612217.641,1775840612391.920,174.280,91.388,77.885,30.823,32937,5545,200.0,0,0,98.4
1501,mean_dynamic_mobilenetv2,stable,features_16,1775840612404.300,1775840612572.621,168.322,94.893,71.424,20.427,32937,5545,200.0,0,0,98.0
1502,mean_dynamic_mobilenetv2,stable,features_16,1775840612583.619,1775840612764.579,180.960,106.980,72.979,28.171,32937,5545,200.0,0,0,97.5
1503,mean_dynamic_mobilenetv2,stable,features_16,1775840612773.692,1775840612983.607,209.915,123.512,80.495,25.614,32937,5545,200.0,1,0,97.4
1504,mean_dynamic_mobilenetv2,stable,features_16,1775840612992.606,1775840613184.628,192.022,101.484,85.184,29.994,32937,5545,200.0,0,0,99.1
1505,mean_dynamic_mobilenetv2,stable,features_16,1775840613190.627,1775840613410.505,219.878,138.633,77.244,26.603,32937,5545,200.0,1,0,99.6
1506,mean_dynamic_mobilenetv2,stable,features_16,1775840613420.505,1775840613601.505,181.000,105.556,70.438,25.510,32937,5545,200.0,0,0,100.0
1507,mean_dynamic_mobilenetv2,stable,features_16,1775840613611.505,1775840613802.086,190.582,111.778,77.810,25.764,32937,5545,200.0,0,0,97.6
1508,mean_dynamic_mobilenetv2,stable,features_16,1775840613814.402,1775840613991.227,176.825,99.004,76.823,26.445,32937,5545,200.0,0,0,99.5
1509,mean_dynamic_mobilenetv2,stable,features_16,1775840613999.538,1775840614116.117,116.579,46.103,68.465,24.212,32937,5545,200.0,0,0,99.2
1510,mean_dynamic_mobilenetv2,stable,features_16,1775840614121.114,1775840614229.813,108.699,39.159,68.520,26.015,32937,5545,200.0,0,0,100.0
1511,mean_dynamic_mobilenetv2,stable,features_16,1775840614236.814,1775840614348.646,111.832,38.716,73.116,28.239,32937,5545,200.0,0,0,100.0
1512,mean_dynamic_mobilenetv2,stable,features_16,1775840614353.643,1775840614456.426,102.783,27.523,74.260,26.614,32937,5545,200.0,0,0,97.5
1513,mean_dynamic_mobilenetv2,stable,features_16,1775840614461.197,1775840614590.816,129.620,40.631,84.521,30.788,32937,5545,200.0,0,0,92.5
1514,mean_dynamic_mobilenetv2,stable,features_16,1775840614595.024,1775840614720.142,125.118,48.967,75.149,25.367,32937,5545,200.0,0,0,95.5
1515,mean_dynamic_mobilenetv2,stable,features_16,1775840614725.142,1775840614878.065,152.923,75.011,75.898,19.900,32937,5545,200.0,0,0,100.0
1516,mean_dynamic_mobilenetv2,stable,features_16,1775840614885.918,1775840615033.239,147.321,67.873,74.449,25.754,32937,5545,200.0,0,0,98.2
1517,mean_dynamic_mobilenetv2,stable,features_16,1775840615041.239,1775840615195.350,154.111,73.525,75.585,22.208,32937,5545,200.0,0,0,100.0
1518,mean_dynamic_mobilenetv2,stable,features_16,1775840615207.348,1775840615392.899,185.552,105.652,77.896,28.217,32937,5545,200.0,0,0,98.5
1519,mean_dynamic_mobilenetv2,stable,features_16,1775840615397.899,1775840615510.375,112.476,39.998,70.473,23.781,32937,5545,200.0,0,0,93.3
1520,mean_dynamic_mobilenetv2,stable,features_16,1775840615520.399,1775840615673.916,153.517,78.531,69.091,24.772,32937,5545,200.0,0,0,95.2
1521,mean_dynamic_mobilenetv2,stable,features_16,1775840615683.913,1775840615846.153,162.240,90.973,70.269,22.280,32937,5545,200.0,0,0,98.4
1522,mean_dynamic_mobilenetv2,stable,features_16,1775840615855.155,1775840616033.852,178.697,102.129,74.566,30.338,32937,5545,200.0,0,0,99.5
1523,mean_dynamic_mobilenetv2,stable,features_16,1775840616038.849,1775840616145.413,106.564,30.564,72.999,23.100,32937,5545,200.0,0,0,98.3
1524,mean_dynamic_mobilenetv2,stable,features_16,1775840616151.422,1775840616313.016,161.595,86.999,72.600,25.462,32937,5545,200.0,0,0,96.8
1525,mean_dynamic_mobilenetv2,stable,features_16,1775840616324.854,1775840616511.317,186.462,112.477,71.985,21.847,32937,5545,200.0,0,0,96.3
1526,mean_dynamic_mobilenetv2,stable,features_16,1775840616520.316,1775840616698.578,178.261,98.754,77.276,25.096,32937,5545,200.0,0,0,99.5
1527,mean_dynamic_mobilenetv2,stable,features_16,1775840616707.580,1775840616921.393,213.812,131.727,79.088,25.919,32937,5545,200.0,1,0,99.6
1528,mean_dynamic_mobilenetv2,stable,features_16,1775840616930.744,1775840617162.559,231.815,155.300,74.007,26.783,32937,5545,200.0,1,0,100.0
1529,mean_dynamic_mobilenetv2,stable,features_16,1775840617172.569,1775840617378.015,205.446,132.908,70.539,23.416,32937,5545,200.0,1,0,98.7
1530,mean_dynamic_mobilenetv2,stable,features_16,1775840617390.514,1775840617583.745,193.231,120.675,71.559,25.033,32937,5545,200.0,0,0,100.0
1531,mean_dynamic_mobilenetv2,stable,features_16,1775840617596.749,1775840617759.851,163.102,87.526,73.577,24.372,32937,5545,200.0,0,0,98.0
1532,mean_dynamic_mobilenetv2,stable,features_16,1775840617768.548,1775840617962.589,194.041,109.561,81.978,26.298,32937,5545,200.0,0,0,97.7
1533,mean_dynamic_mobilenetv2,stable,features_16,1775840617971.201,1775840618164.490,193.289,112.382,74.384,23.900,32937,5545,200.0,0,0,98.1
1534,mean_dynamic_mobilenetv2,stable,features_16,1775840618170.642,1775840618341.354,170.712,94.287,73.427,22.656,32937,5545,200.0,0,0,100.0
1535,mean_dynamic_mobilenetv2,stable,features_16,1775840618349.362,1775840618473.909,124.547,48.018,76.529,25.871,32937,5545,200.0,0,0,88.8
1536,mean_dynamic_mobilenetv2,stable,features_16,1775840618479.911,1775840618602.976,123.065,48.139,73.923,25.987,32937,5545,200.0,0,0,91.9
1537,mean_dynamic_mobilenetv2,stable,features_16,1775840618607.976,1775840618698.499,90.523,20.997,67.527,22.520,32937,5545,200.0,0,0,100.0
1538,mean_dynamic_mobilenetv2,stable,features_16,1775840618702.498,1775840618796.507,94.009,26.004,67.004,22.344,32937,5545,200.0,0,0,97.1
1539,mean_dynamic_mobilenetv2,stable,features_16,1775840618799.509,1775840618913.394,113.885,41.733,70.152,23.415,32937,5545,200.0,0,0,93.2
1540,mean_dynamic_mobilenetv2,stable,features_16,1775840618917.394,1775840619082.023,164.629,87.561,76.065,24.765,32937,5545,200.0,0,0,100.0
1541,mean_dynamic_mobilenetv2,stable,features_16,1775840619086.024,1775840619196.843,110.819,38.203,68.526,22.750,32937,5545,200.0,0,0,98.5
1542,mean_dynamic_mobilenetv2,stable,features_16,1775840619201.990,1775840619318.207,116.216,45.105,70.110,18.460,32937,5545,200.0,0,0,100.0
1543,mean_dynamic_mobilenetv2,stable,features_16,1775840619325.208,1775840619468.302,143.095,67.523,73.570,28.824,32937,5545,200.0,0,0,96.9
1544,mean_dynamic_mobilenetv2,stable,features_16,1775840619475.303,1775840619669.601,194.298,71.796,120.498,21.753,32937,5545,200.0,0,0,98.6
1545,mean_dynamic_mobilenetv2,stable,features_16,1775840619676.597,1775840619843.508,166.911,89.307,75.143,26.877,32937,5545,200.0,0,0,99.5
1546,mean_dynamic_mobilenetv2,stable,features_16,1775840619851.521,1775840620013.962,162.441,79.377,80.063,26.595,32937,5545,200.0,0,0,98.3
1547,mean_dynamic_mobilenetv2,stable,features_16,1775840620021.968,1775840620169.021,147.053,74.519,72.534,24.132,32937,5545,200.0,0,0,99.4
1548,mean_dynamic_mobilenetv2,stable,features_16,1775840620174.019,1775840620342.140,168.122,94.387,69.741,23.118,32937,5545,200.0,0,0,98.9
1549,mean_dynamic_mobilenetv2,stable,features_16,1775840620348.141,1775840620478.792,130.651,54.469,73.792,25.987,32937,5545,200.0,0,0,95.2
1550,mean_dynamic_mobilenetv2,stable,features_16,1775840620485.340,1775840620625.217,139.876,68.010,70.868,24.151,32937,5545,200.0,0,0,94.5
1551,mean_dynamic_mobilenetv2,stable,features_16,1775840620637.581,1775840620809.021,171.440,80.640,88.798,23.312,32937,5545,200.0,0,0,99.0
1552,mean_dynamic_mobilenetv2,stable,features_16,1775840620817.019,1775840620983.498,166.479,95.092,69.386,25.604,32937,5545,200.0,0,0,98.4
1553,mean_dynamic_mobilenetv2,stable,features_16,1775840620994.497,1775840621133.477,138.980,66.827,70.150,21.573,32937,5545,200.0,0,0,100.0
1554,mean_dynamic_mobilenetv2,stable,features_16,1775840621141.635,1775840621294.045,152.410,76.544,73.869,26.726,32937,5545,200.0,0,0,100.0
1555,mean_dynamic_mobilenetv2,stable,features_16,1775840621303.298,1775840621422.962,119.664,48.351,67.304,22.188,32937,5545,200.0,0,0,96.2
1556,mean_dynamic_mobilenetv2,stable,features_16,1775840621430.959,1775840621589.656,158.696,86.936,69.765,22.973,32937,5545,200.0,0,0,99.4
1557,mean_dynamic_mobilenetv2,stable,features_16,1775840621597.594,1775840621744.526,146.932,70.935,74.999,25.130,32937,5545,200.0,0,0,97.0
1558,mean_dynamic_mobilenetv2,stable,features_16,1775840621753.536,1775840621884.248,130.712,59.820,69.893,24.317,32937,5545,200.0,0,0,98.0
1559,mean_dynamic_mobilenetv2,stable,features_16,1775840621894.683,1775840622035.732,141.049,62.534,78.515,25.375,32937,5545,200.0,0,0,100.0
1560,mean_dynamic_mobilenetv2,stable,features_16,1775840622042.732,1775840622157.887,115.155,38.784,75.370,26.843,32937,5545,200.0,0,0,99.2
1561,mean_dynamic_mobilenetv2,stable,features_16,1775840622164.994,1775840622327.514,162.520,86.521,73.740,27.414,32937,5545,200.0,0,0,96.7
1562,mean_dynamic_mobilenetv2,stable,features_16,1775840622334.718,1775840622487.509,152.792,72.854,76.939,29.828,32937,5545,200.0,0,0,98.8
1563,mean_dynamic_mobilenetv2,stable,features_16,1775840622499.509,1775840622666.002,166.494,85.480,79.008,26.593,32937,5545,200.0,0,0,96.0
1564,mean_dynamic_mobilenetv2,stable,features_16,1775840622674.516,1775840622832.361,157.844,77.003,78.840,27.041,32937,5545,200.0,0,0,98.3
1565,mean_dynamic_mobilenetv2,stable,features_16,1775840622843.613,1775840623008.863,165.250,91.547,73.703,23.547,32937,5545,200.0,0,0,98.5
1566,mean_dynamic_mobilenetv2,stable,features_16,1775840623018.269,1775840623158.802,140.533,69.527,70.006,25.025,32937,5545,200.0,0,0,95.3
1567,mean_dynamic_mobilenetv2,stable,features_16,1775840623170.327,1775840623314.121,143.795,65.897,76.899,26.788,32937,5545,200.0,0,0,95.2
1568,mean_dynamic_mobilenetv2,stable,features_16,1775840623323.312,1775840623474.098,150.786,81.884,65.528,20.359,32937,5545,200.0,0,0,97.7
1569,mean_dynamic_mobilenetv2,stable,features_16,1775840623482.096,1775840623607.702,125.606,57.078,66.524,20.408,32937,5545,200.0,0,0,92.5
1570,mean_dynamic_mobilenetv2,stable,features_16,1775840623614.708,1775840623774.024,159.317,81.579,72.743,21.708,32937,5545,200.0,0,0,96.2
1571,mean_dynamic_mobilenetv2,stable,features_16,1775840623787.025,1775840623955.750,168.725,90.876,75.853,24.955,32937,5545,200.0,0,0,97.8
1572,mean_dynamic_mobilenetv2,stable,features_16,1775840623961.824,1775840624096.513,134.688,60.564,72.124,25.332,32937,5545,200.0,0,0,98.7
1573,mean_dynamic_mobilenetv2,stable,features_16,1775840624104.510,1775840624265.448,160.938,75.929,83.011,35.139,32937,5545,200.0,0,0,98.3
1574,mean_dynamic_mobilenetv2,stable,features_16,1775840624272.975,1775840624427.857,154.882,84.662,69.223,19.224,32937,5545,200.0,0,0,98.2
1575,mean_dynamic_mobilenetv2,stable,features_16,1775840624434.860,1775840624575.429,140.570,70.966,67.603,18.818,32937,5545,200.0,0,0,97.0
1576,mean_dynamic_mobilenetv2,stable,features_16,1775840624588.430,1775840624732.294,143.864,63.062,77.801,27.898,32937,5545,200.0,0,0,98.1
1577,mean_dynamic_mobilenetv2,stable,features_16,1775840624737.296,1775840624857.830,120.534,48.528,70.003,24.228,32937,5545,200.0,0,0,99.2
1578,mean_dynamic_mobilenetv2,stable,features_16,1775840624865.830,1775840625022.919,157.090,77.563,78.527,28.943,32937,5545,200.0,0,0,98.4
1579,mean_dynamic_mobilenetv2,stable,features_16,1775840625033.956,1775840625202.978,169.021,86.490,78.530,23.825,32937,5545,200.0,0,0,98.9
1580,mean_dynamic_mobilenetv2,stable,features_16,1775840625212.978,1775840625442.757,229.779,99.533,129.246,26.110,32937,5545,200.0,1,0,98.4
1581,mean_dynamic_mobilenetv2,stable,features_16,1775840625451.319,1775840625641.340,190.021,106.646,77.372,23.993,32937,5545,200.0,0,0,98.6
1582,mean_dynamic_mobilenetv2,stable,features_16,1775840625647.335,1775840625818.265,170.930,96.715,73.448,25.074,32937,5545,200.0,0,0,95.1
1583,mean_dynamic_mobilenetv2,stable,features_16,1775840625831.213,1775840626017.622,186.409,104.871,77.987,26.531,32937,5545,200.0,0,0,98.1
1584,mean_dynamic_mobilenetv2,stable,features_16,1775840626027.719,1775840626199.508,171.789,101.257,69.530,20.218,32937,5545,200.0,0,0,98.0
1585,mean_dynamic_mobilenetv2,stable,features_16,1775840626204.506,1775840626338.586,134.080,52.151,75.932,27.988,32937,5545,200.0,0,0,95.3
1586,mean_dynamic_mobilenetv2,stable,features_16,1775840626342.590,1775840626439.080,96.490,29.443,66.045,20.885,32937,5545,200.0,0,0,100.0
1587,mean_dynamic_mobilenetv2,stable,features_16,1775840626443.420,1775840626545.353,101.933,31.525,68.406,22.676,32937,5545,200.0,0,0,100.0
1588,mean_dynamic_mobilenetv2,stable,features_16,1775840626550.353,1775840626656.886,106.533,31.526,75.007,23.675,32937,5545,200.0,0,0,91.5
1589,mean_dynamic_mobilenetv2,stable,features_16,1775840626662.888,1775840626808.535,145.647,70.913,73.731,25.204,32937,5545,200.0,0,0,99.4
1590,mean_dynamic_mobilenetv2,stable,features_16,1775840626828.477,1775840627021.206,192.729,115.328,74.193,23.959,32937,5545,200.0,0,0,97.7
1591,mean_dynamic_mobilenetv2,stable,features_16,1775840627031.218,1775840627186.694,155.476,81.525,71.953,23.549,32937,5545,200.0,0,0,96.7
1592,mean_dynamic_mobilenetv2,stable,features_16,1775840627194.696,1775840627335.865,141.169,73.239,66.928,20.882,32937,5545,200.0,0,0,91.8
1593,mean_dynamic_mobilenetv2,stable,features_16,1775840627341.870,1775840627518.791,176.921,76.545,95.327,26.104,32937,5545,200.0,0,0,95.8
1594,mean_dynamic_mobilenetv2,stable,features_16,1775840627530.793,1775840627692.006,161.213,84.458,74.744,24.712,32937,5545,200.0,0,0,98.9
1595,mean_dynamic_mobilenetv2,stable,features_16,1775840627701.386,1775840627853.201,151.816,74.540,74.035,24.636,32937,5545,200.0,0,0,100.0
1596,mean_dynamic_mobilenetv2,stable,features_16,1775840627863.209,1775840628013.651,150.442,82.752,66.693,20.161,32937,5545,200.0,0,0,95.2
1597,mean_dynamic_mobilenetv2,stable,features_16,1775840628019.653,1775840628187.301,167.648,81.801,82.846,29.235,32937,5545,200.0,0,0,98.9
1598,mean_dynamic_mobilenetv2,stable,features_16,1775840628198.301,1775840628364.041,165.740,89.464,75.275,25.816,32937,5545,200.0,0,0,98.9
1599,mean_dynamic_mobilenetv2,stable,features_16,1775840628373.563,1775840628536.314,162.751,86.902,72.840,25.405,32937,5545,200.0,0,0,97.8
1600,mean_dynamic_mobilenetv2,stable,features_16,1775840628542.393,1775840628689.495,147.102,70.092,75.013,25.979,32937,5545,200.0,0,0,100.0
1601,mean_dynamic_mobilenetv2,stable,features_16,1775840628697.704,1775840628860.302,162.598,92.415,69.179,24.579,32937,5545,200.0,0,0,100.0
1602,mean_dynamic_mobilenetv2,stable,features_16,1775840628875.820,1775840629043.317,167.497,97.550,68.947,20.773,32937,5545,200.0,0,0,99.0
1603,mean_dynamic_mobilenetv2,stable,features_16,1775840629050.576,1775840629211.693,161.117,72.884,86.294,26.523,32937,5545,200.0,0,0,98.4
1604,mean_dynamic_mobilenetv2,stable,features_16,1775840629219.696,1775840629386.327,166.632,88.356,74.871,22.325,32937,5545,200.0,0,0,100.0
1605,mean_dynamic_mobilenetv2,stable,features_16,1775840629395.326,1775840629560.082,164.755,86.147,76.178,26.028,32937,5545,200.0,0,0,98.5
1606,mean_dynamic_mobilenetv2,stable,features_16,1775840629565.092,1775840629715.663,150.572,84.426,65.148,20.953,32937,5545,200.0,0,0,97.6
1607,mean_dynamic_mobilenetv2,stable,features_16,1775840629724.666,1775840629912.534,187.868,100.207,82.664,28.443,32937,5545,200.0,0,0,100.0
1608,mean_dynamic_mobilenetv2,stable,features_16,1775840629923.053,1775840630062.107,139.054,57.834,80.220,27.366,32937,5545,200.0,0,0,98.8
1609,mean_dynamic_mobilenetv2,stable,features_16,1775840630068.252,1775840630226.183,157.931,80.889,76.043,24.055,32937,5545,200.0,0,0,96.9
1610,mean_dynamic_mobilenetv2,stable,features_16,1775840630234.801,1775840630390.040,155.239,82.380,70.850,24.373,32937,5545,200.0,0,0,99.5
1611,mean_dynamic_mobilenetv2,stable,features_16,1775840630395.037,1775840630558.544,163.507,83.727,76.456,25.839,32937,5545,200.0,0,0,93.9
1612,mean_dynamic_mobilenetv2,stable,features_16,1775840630564.807,1775840630727.426,162.618,81.885,76.732,23.157,32937,5545,200.0,0,0,99.0
1613,mean_dynamic_mobilenetv2,stable,features_16,1775840630734.425,1775840630912.600,178.175,102.261,73.905,23.331,32937,5545,200.0,0,0,98.4
1614,mean_dynamic_mobilenetv2,stable,features_16,1775840630917.975,1775840631068.574,150.600,78.130,71.469,22.952,32937,5545,200.0,0,0,98.2
1615,mean_dynamic_mobilenetv2,stable,features_16,1775840631078.090,1775840631255.469,177.379,67.375,107.009,24.844,32937,5545,200.0,0,0,98.5
1616,mean_dynamic_mobilenetv2,stable,features_16,1775840631264.773,1775840631406.126,141.353,67.181,73.169,24.818,32937,5545,200.0,0,0,97.0
1617,mean_dynamic_mobilenetv2,stable,features_16,1775840631416.187,1775840631574.741,158.554,76.600,78.432,26.217,32937,5545,200.0,0,0,99.5
1618,mean_dynamic_mobilenetv2,stable,features_16,1775840631583.150,1775840631728.956,145.806,60.706,79.099,25.227,32937,5545,200.0,0,0,98.2
1619,mean_dynamic_mobilenetv2,stable,features_16,1775840631739.158,1775840631911.255,172.097,98.039,73.043,25.110,32937,5545,200.0,0,0,99.5
1620,mean_dynamic_mobilenetv2,stable,features_16,1775840631921.051,1775840632045.832,124.781,47.747,73.038,24.074,32937,5545,200.0,0,0,92.5
1621,mean_dynamic_mobilenetv2,stable,features_16,1775840632052.836,1775840632226.433,173.597,56.279,113.786,21.336,32937,5545,200.0,0,0,96.7
1622,mean_dynamic_mobilenetv2,stable,features_16,1775840632230.434,1775840632374.249,143.815,65.370,75.444,25.718,32937,5545,200.0,0,0,98.2
1623,mean_dynamic_mobilenetv2,stable,features_16,1775840632385.927,1775840632532.961,147.034,71.729,70.295,23.798,32937,5545,200.0,0,0,99.4
1624,mean_dynamic_mobilenetv2,stable,features_16,1775840632539.476,1775840632689.509,150.033,76.236,71.791,25.708,32937,5545,200.0,0,0,98.2
1625,mean_dynamic_mobilenetv2,stable,features_16,1775840632697.509,1775840632857.036,159.527,80.083,77.443,25.421,32937,5545,200.0,0,0,100.0
1626,mean_dynamic_mobilenetv2,stable,features_16,1775840632870.043,1775840633041.619,171.576,93.068,76.510,24.507,32937,5545,200.0,0,0,97.5
1627,mean_dynamic_mobilenetv2,stable,features_16,1775840633048.618,1775840633188.355,139.737,72.940,63.801,20.586,32937,5545,200.0,0,0,100.0
1628,mean_dynamic_mobilenetv2,stable,features_16,1775840633193.794,1775840633353.240,159.446,85.349,73.097,24.858,32937,5545,200.0,0,0,97.3
1629,mean_dynamic_mobilenetv2,stable,features_16,1775840633360.241,1775840633519.438,159.197,87.199,70.993,21.239,32937,5545,200.0,0,0,98.8
1630,mean_dynamic_mobilenetv2,stable,features_16,1775840633523.894,1775840633669.592,145.699,65.599,75.101,24.282,32937,5545,200.0,0,0,98.8
1631,mean_dynamic_mobilenetv2,stable,features_16,1775840633677.626,1775840633851.145,173.520,87.112,85.407,23.194,32937,5545,200.0,0,0,97.2
1632,mean_dynamic_mobilenetv2,stable,features_16,1775840633868.155,1775840634043.026,174.871,95.755,76.116,24.668,32937,5545,200.0,0,0,99.1
1633,mean_dynamic_mobilenetv2,stable,features_16,1775840634052.028,1775840634248.953,196.926,67.411,128.511,28.265,32937,5545,200.0,0,0,97.2
1634,mean_dynamic_mobilenetv2,stable,features_16,1775840634258.187,1775840634386.750,128.564,60.219,67.342,21.129,32937,5545,200.0,0,0,99.3
1635,mean_dynamic_mobilenetv2,stable,features_16,1775840634395.781,1775840634555.766,159.985,87.216,71.758,22.906,32937,5545,200.0,0,0,96.3
1636,mean_dynamic_mobilenetv2,stable,features_16,1775840634565.776,1775840634699.659,133.883,61.842,71.046,24.903,32937,5545,200.0,0,0,96.6
1637,mean_dynamic_mobilenetv2,stable,features_16,1775840634707.967,1775840634921.403,213.436,137.543,74.880,25.585,32937,5545,200.0,1,0,99.1
1638,mean_dynamic_mobilenetv2,stable,features_16,1775840634927.917,1775840635115.791,187.874,113.620,73.252,24.827,32937,5545,200.0,0,0,99.0
1639,mean_dynamic_mobilenetv2,stable,features_16,1775840635128.218,1775840635300.256,172.037,93.078,75.959,24.594,32937,5545,200.0,0,0,99.5
1640,mean_dynamic_mobilenetv2,stable,features_16,1775840635310.777,1775840635481.844,171.067,94.998,74.061,26.565,32937,5545,200.0,0,0,96.0
1641,mean_dynamic_mobilenetv2,stable,features_16,1775840635488.041,1775840635647.490,159.448,89.680,68.768,22.482,32937,5545,200.0,0,0,100.0
1642,mean_dynamic_mobilenetv2,stable,features_16,1775840635657.693,1775840635821.372,163.679,92.278,69.401,24.830,32937,5545,200.0,0,0,96.6
1643,mean_dynamic_mobilenetv2,stable,features_16,1775840635836.304,1775840636034.042,197.737,115.223,80.513,26.078,32937,5545,200.0,0,0,99.1
1644,mean_dynamic_mobilenetv2,stable,features_16,1775840636042.045,1775840636236.316,194.272,110.752,82.521,24.778,32937,5545,200.0,0,0,99.1
1645,mean_dynamic_mobilenetv2,stable,features_16,1775840636248.316,1775840636425.941,177.625,106.833,69.780,26.196,32937,5545,200.0,0,0,99.0
1646,mean_dynamic_mobilenetv2,stable,features_16,1775840636439.079,1775840636628.885,189.807,107.069,80.556,27.164,32937,5545,200.0,0,0,98.6
1647,mean_dynamic_mobilenetv2,stable,features_16,1775840636639.886,1775840636830.436,190.550,108.503,77.055,25.103,32937,5545,200.0,0,0,100.0
1648,mean_dynamic_mobilenetv2,stable,features_16,1775840636837.437,1775840637021.219,183.782,114.501,67.281,20.757,32937,5545,200.0,0,0,99.5
1649,mean_dynamic_mobilenetv2,stable,features_16,1775840637031.012,1775840637231.084,200.072,97.160,97.907,23.536,32937,5545,200.0,1,0,98.7
1650,mean_dynamic_mobilenetv2,stable,features_16,1775840637240.083,1775840637368.052,127.968,52.527,75.441,26.002,32937,5545,200.0,0,0,93.9
1651,mean_dynamic_mobilenetv2,stable,features_16,1775840637373.052,1775840637504.832,131.780,48.531,82.248,29.566,32937,5545,200.0,0,0,94.5
1652,mean_dynamic_mobilenetv2,stable,features_16,1775840637510.324,1775840637605.858,95.534,29.008,64.527,17.617,32937,5545,200.0,0,0,97.5
1653,mean_dynamic_mobilenetv2,stable,features_16,1775840637610.861,1775840637722.267,111.406,28.170,81.234,27.580,32937,5545,200.0,0,0,91.5
1654,mean_dynamic_mobilenetv2,stable,features_16,1775840637727.264,1775840637834.305,107.041,28.001,77.041,27.286,32937,5545,200.0,0,0,95.7
1655,mean_dynamic_mobilenetv2,stable,features_16,1775840637840.308,1775840637969.620,129.312,59.038,69.274,26.097,32937,5545,200.0,0,0,99.3
1656,mean_dynamic_mobilenetv2,stable,features_16,1775840637976.057,1775840638081.761,105.704,32.969,71.726,24.187,32937,5545,200.0,0,0,93.8
1657,mean_dynamic_mobilenetv2,stable,features_16,1775840638088.515,1775840638215.151,126.636,48.128,77.509,28.733,32937,5545,200.0,0,0,97.4
1658,mean_dynamic_mobilenetv2,stable,features_16,1775840638221.151,1775840638342.981,121.830,45.301,76.529,25.033,32937,5545,200.0,0,0,97.0
1659,mean_dynamic_mobilenetv2,stable,features_16,1775840638350.980,1775840638514.385,163.405,89.549,72.855,24.631,32937,5545,200.0,0,0,93.9
1660,mean_dynamic_mobilenetv2,stable,features_16,1775840638523.408,1775840638708.983,185.575,108.967,72.607,25.138,32937,5545,200.0,0,0,99.0
1661,mean_dynamic_mobilenetv2,stable,features_16,1775840638717.411,1775840638870.010,152.599,75.103,77.496,24.134,32937,5545,200.0,0,0,97.3
1662,mean_dynamic_mobilenetv2,stable,features_16,1775840638878.012,1775840639018.851,140.840,66.321,73.517,27.157,32937,5545,200.0,0,0,94.8
1663,mean_dynamic_mobilenetv2,stable,features_16,1775840639022.850,1775840639120.878,98.028,22.203,73.817,23.547,32937,5545,200.0,0,0,99.1
1664,mean_dynamic_mobilenetv2,stable,features_16,1775840639128.423,1775840639327.400,198.977,114.631,82.333,27.103,32937,5545,200.0,0,0,99.1
1665,mean_dynamic_mobilenetv2,stable,features_16,1775840639339.850,1775840639543.061,203.211,131.952,69.261,24.176,32937,5545,200.0,1,0,99.1
1666,mean_dynamic_mobilenetv2,stable,features_16,1775840639551.530,1775840639727.516,175.986,100.677,70.314,21.971,32937,5545,200.0,0,0,100.0
1667,mean_dynamic_mobilenetv2,stable,features_16,1775840639737.702,1775840639931.236,193.534,116.412,74.122,24.166,32937,5545,200.0,0,0,99.5
1668,mean_dynamic_mobilenetv2,stable,features_16,1775840639940.694,1775840640111.284,170.590,92.181,76.207,27.043,32937,5545,200.0,0,0,97.8
1669,mean_dynamic_mobilenetv2,stable,features_16,1775840640119.294,1775840640248.127,128.833,53.457,74.365,25.442,32937,5545,200.0,0,0,100.0
1670,mean_dynamic_mobilenetv2,stable,features_16,1775840640254.603,1775840640379.120,124.517,36.882,85.637,38.848,32937,5545,200.0,0,0,97.0
1671,mean_dynamic_mobilenetv2,stable,features_16,1775840640386.106,1775840640505.499,119.393,43.853,74.540,24.223,32937,5545,200.0,0,0,98.5
1672,mean_dynamic_mobilenetv2,stable,features_16,1775840640509.741,1775840640678.400,168.659,65.179,102.482,51.753,32937,5545,200.0,0,0,96.7
1673,mean_dynamic_mobilenetv2,stable,features_16,1775840640693.829,1775840641211.311,517.482,431.628,83.859,28.073,32937,5545,200.0,1,0,100.0
1674,mean_dynamic_mobilenetv2,stable,features_16,1775840641220.313,1775840641420.711,200.398,113.716,81.667,26.826,32937,5545,200.0,1,0,100.0
1675,mean_dynamic_mobilenetv2,stable,features_16,1775840641429.190,1775840641638.184,208.993,130.391,77.604,28.009,32937,5545,200.0,1,0,99.1
1676,mean_dynamic_mobilenetv2,stable,features_16,1775840641648.621,1775840641826.583,177.962,98.431,78.533,25.814,32937,5545,200.0,0,0,98.5
1677,mean_dynamic_mobilenetv2,stable,features_16,1775840641841.192,1775840642032.480,191.289,121.483,68.803,23.649,32937,5545,200.0,0,0,98.2
1678,mean_dynamic_mobilenetv2,stable,features_16,1775840642037.479,1775840642214.143,176.664,98.326,77.335,28.760,32937,5545,200.0,0,0,99.5
1679,mean_dynamic_mobilenetv2,stable,features_16,1775840642225.402,1775840642375.387,149.986,74.993,71.939,27.279,32937,5545,200.0,0,0,98.2
1680,mean_dynamic_mobilenetv2,stable,features_16,1775840642381.385,1775840642563.146,181.761,99.231,77.533,25.675,32937,5545,200.0,0,0,100.0
1681,mean_dynamic_mobilenetv2,stable,features_16,1775840642576.160,1775840643856.379,1280.219,95.165,1181.842,46.441,32937,5545,200.0,1,0,68.6
1682,mean_dynamic_mobilenetv2,stable,features_16,1775840643864.022,1775840643987.578,123.555,42.516,78.038,29.559,32937,5545,200.0,0,0,95.4
1683,mean_dynamic_mobilenetv2,stable,features_16,1775840643992.586,1775840644100.429,107.844,37.255,68.438,24.192,32937,5545,200.0,0,0,96.5
1684,mean_dynamic_mobilenetv2,stable,features_16,1775840644108.440,1775840644200.719,92.279,25.253,66.026,19.690,32937,5545,200.0,0,0,96.6
1685,mean_dynamic_mobilenetv2,stable,features_16,1775840644207.651,1775840644334.866,127.214,51.177,75.033,23.823,32937,5545,200.0,0,0,96.2
1686,mean_dynamic_mobilenetv2,stable,features_16,1775840644339.868,1775840644463.848,123.979,44.121,78.858,24.634,32937,5545,200.0,0,0,96.0
1687,mean_dynamic_mobilenetv2,stable,features_16,1775840644469.942,1775840644639.568,169.626,86.544,78.086,26.974,32937,5545,200.0,0,0,100.0
1688,mean_dynamic_mobilenetv2,stable,features_16,1775840644646.568,1775840644818.594,172.026,95.057,73.964,25.613,32937,5545,200.0,0,0,98.9
1689,mean_dynamic_mobilenetv2,stable,features_16,1775840644826.594,1775840645031.570,204.977,128.894,74.306,23.767,32937,5545,200.0,1,0,97.4
1690,mean_dynamic_mobilenetv2,stable,features_16,1775840645042.570,1775840645211.142,168.573,87.043,79.529,25.387,32937,5545,200.0,0,0,93.9
1691,mean_dynamic_mobilenetv2,stable,features_16,1775840645218.143,1775840645380.086,161.944,84.938,76.005,26.661,32937,5545,200.0,0,0,98.2
1692,mean_dynamic_mobilenetv2,stable,features_16,1775840645389.839,1775840645564.585,174.747,98.593,72.149,25.448,32937,5545,200.0,0,0,95.4
1693,mean_dynamic_mobilenetv2,stable,features_16,1775840645569.661,1775840645695.438,125.776,46.434,78.345,26.109,32937,5545,200.0,0,0,90.1
1694,mean_dynamic_mobilenetv2,stable,features_16,1775840645700.463,1775840645842.526,142.063,64.158,76.907,26.191,32937,5545,200.0,0,0,92.1
1695,mean_dynamic_mobilenetv2,stable,features_16,1775840645853.083,1775840645977.645,124.562,48.619,72.942,24.154,32937,5545,200.0,0,0,95.2
1696,mean_dynamic_mobilenetv2,stable,features_16,1775840645982.802,1775840646121.922,139.120,59.366,78.755,31.858,32937,5545,200.0,0,0,95.4
1697,mean_dynamic_mobilenetv2,stable,features_16,1775840646129.923,1775840646265.732,135.809,61.280,73.534,26.248,32937,5545,200.0,0,0,97.3
1698,mean_dynamic_mobilenetv2,stable,features_16,1775840646270.735,1775840646389.288,118.553,46.535,70.012,20.806,32937,5545,200.0,0,0,94.8
1699,mean_dynamic_mobilenetv2,stable,features_16,1775840646394.633,1775840646573.896,179.263,97.022,77.241,26.567,32937,5545,200.0,0,0,99.5
1700,mean_dynamic_mobilenetv2,stable,features_16,1775840646582.908,1775840646739.643,156.735,78.627,76.108,29.739,32937,5545,200.0,0,0,98.2
1701,mean_dynamic_mobilenetv2,stable,features_16,1775840646747.806,1775840646902.141,154.335,81.352,71.982,24.204,32937,5545,200.0,0,0,97.8
1702,mean_dynamic_mobilenetv2,stable,features_16,1775840646911.544,1775840647124.664,213.119,127.448,79.220,28.138,32937,5545,200.0,1,0,99.6
1703,mean_dynamic_mobilenetv2,stable,features_16,1775840647135.664,1775840647327.824,192.159,98.495,91.670,24.281,32937,5545,200.0,0,0,98.6
1704,mean_dynamic_mobilenetv2,stable,features_16,1775840647331.825,1775840647452.721,120.896,46.010,74.886,25.478,32937,5545,200.0,0,0,96.2
1705,mean_dynamic_mobilenetv2,stable,features_16,1775840647459.722,1775840647598.165,138.443,63.763,73.683,26.890,32937,5545,200.0,0,0,98.0
1706,mean_dynamic_mobilenetv2,stable,features_16,1775840647605.167,1775840647715.883,110.716,39.999,69.715,22.281,32937,5545,200.0,0,0,97.8
1707,mean_dynamic_mobilenetv2,stable,features_16,1775840647722.883,1775840647882.113,159.230,83.883,74.346,26.645,32937,5545,200.0,0,0,97.2
1708,mean_dynamic_mobilenetv2,stable,features_16,1775840647900.153,1775840648074.908,174.756,100.078,73.680,27.037,32937,5545,200.0,0,0,99.0
1709,mean_dynamic_mobilenetv2,stable,features_16,1775840648084.917,1775840648254.999,170.082,83.564,79.524,31.189,32937,5545,200.0,0,0,99.5
1710,mean_dynamic_mobilenetv2,stable,features_16,1775840648267.141,1775840648493.215,226.073,89.632,131.257,85.972,32937,5545,200.0,1,0,98.5
1711,mean_dynamic_mobilenetv2,stable,features_16,1775840648500.890,1775840648688.019,187.129,108.060,77.062,26.891,32937,5545,200.0,0,0,98.5
1712,mean_dynamic_mobilenetv2,stable,features_16,1775840648695.539,1775840648863.388,167.849,96.010,70.839,22.213,32937,5545,200.0,0,0,98.9
1713,mean_dynamic_mobilenetv2,stable,features_16,1775840648888.055,1775840649075.436,187.381,110.318,77.063,25.256,32937,5545,200.0,0,0,97.5
1714,mean_dynamic_mobilenetv2,stable,features_16,1775840649081.746,1775840649253.990,172.245,90.519,80.725,28.546,32937,5545,200.0,0,0,94.5
1715,mean_dynamic_mobilenetv2,stable,features_16,1775840649262.992,1775840649438.053,175.061,96.531,76.529,25.022,32937,5545,200.0,0,0,99.0
1716,mean_dynamic_mobilenetv2,stable,features_16,1775840649449.060,1775840649620.277,171.217,94.918,73.299,23.799,32937,5545,200.0,0,0,99.0
1717,mean_dynamic_mobilenetv2,stable,features_16,1775840649628.725,1775840649778.070,149.345,67.760,80.585,33.134,32937,5545,200.0,0,0,94.0
1718,mean_dynamic_mobilenetv2,stable,features_16,1775840649787.409,1775840650004.626,217.217,138.118,77.102,26.528,32937,5545,200.0,1,0,100.0
1719,mean_dynamic_mobilenetv2,stable,features_16,1775840650013.626,1775840650187.543,173.917,98.802,74.116,26.541,32937,5545,200.0,0,0,97.0
1720,mean_dynamic_mobilenetv2,stable,features_16,1775840650197.064,1775840650320.727,123.664,51.000,70.665,23.393,32937,5545,200.0,0,0,95.4
1721,mean_dynamic_mobilenetv2,stable,features_16,1775840650323.726,1775840650461.368,137.642,55.613,80.018,28.805,32937,5545,200.0,0,0,92.3
1722,mean_dynamic_mobilenetv2,stable,features_16,1775840650465.369,1775840650565.890,100.521,29.514,70.001,21.023,32937,5545,200.0,0,0,89.8
1723,mean_dynamic_mobilenetv2,stable,features_16,1775840650571.892,1775840650673.704,101.812,28.935,70.876,25.885,32937,5545,200.0,0,0,99.1
1724,mean_dynamic_mobilenetv2,stable,features_16,1775840650684.717,1775840650833.190,148.474,77.935,69.536,24.865,32937,5545,200.0,0,0,97.6
1725,mean_dynamic_mobilenetv2,stable,features_16,1775840650837.316,1775840650954.555,117.240,40.298,74.941,26.091,32937,5545,200.0,0,0,97.7
1726,mean_dynamic_mobilenetv2,stable,features_16,1775840650959.555,1775840651080.672,121.116,38.642,81.468,29.510,32937,5545,200.0,0,0,91.6
1727,mean_dynamic_mobilenetv2,stable,features_16,1775840651087.131,1775840651203.504,116.373,38.534,75.839,24.958,32937,5545,200.0,0,0,97.9
1728,mean_dynamic_mobilenetv2,stable,features_16,1775840651208.503,1775840651326.643,118.140,37.140,77.984,24.897,32937,5545,200.0,0,0,96.3
1729,mean_dynamic_mobilenetv2,stable,features_16,1775840651330.641,1775840651473.728,143.087,67.532,74.550,26.305,32937,5545,200.0,0,0,100.0
1730,mean_dynamic_mobilenetv2,stable,features_16,1775840651480.239,1775840651634.718,154.479,76.957,71.526,25.453,32937,5545,200.0,0,0,99.5
1731,mean_dynamic_mobilenetv2,stable,features_16,1775840651647.718,1775840651801.187,153.469,73.610,78.857,28.030,32937,5545,200.0,0,0,94.6
1732,mean_dynamic_mobilenetv2,stable,features_16,1775840651808.183,1775840651995.780,187.597,102.253,83.835,24.462,32937,5545,200.0,0,0,95.3
1733,mean_dynamic_mobilenetv2,stable,features_16,1775840652007.789,1775840652163.691,155.902,83.091,72.811,25.281,32937,5545,200.0,0,0,95.5
1734,mean_dynamic_mobilenetv2,stable,features_16,1775840652176.691,1775840652308.290,131.598,55.702,74.894,26.035,32937,5545,200.0,0,0,94.8
1735,mean_dynamic_mobilenetv2,stable,features_16,1775840652315.831,1775840652482.911,167.080,81.624,84.459,29.901,32937,5545,200.0,0,0,94.9
1736,mean_dynamic_mobilenetv2,stable,features_16,1775840652489.912,1775840652671.180,181.269,101.859,77.410,29.032,32937,5545,200.0,0,0,98.5
1737,mean_dynamic_mobilenetv2,stable,features_16,1775840652683.306,1775840652860.216,176.910,97.350,75.465,25.047,32937,5545,200.0,0,0,100.0
1738,mean_dynamic_mobilenetv2,stable,features_16,1775840652873.226,1775840653019.848,146.622,69.279,75.340,24.605,32937,5545,200.0,0,0,97.0
1739,mean_dynamic_mobilenetv2,stable,features_16,1775840653026.553,1775840653154.194,127.640,47.001,79.638,28.687,32937,5545,200.0,0,0,94.5
1740,mean_dynamic_mobilenetv2,stable,features_16,1775840653164.593,1775840653341.098,176.505,99.648,75.858,23.067,32937,5545,200.0,0,0,96.5
1741,mean_dynamic_mobilenetv2,stable,features_16,1775840653349.270,1775840653509.095,159.825,85.016,73.803,22.311,32937,5545,200.0,0,0,100.0
1742,mean_dynamic_mobilenetv2,stable,features_16,1775840653513.572,1775840653676.117,162.546,88.544,72.995,28.492,32937,5545,200.0,0,0,97.0
1743,mean_dynamic_mobilenetv2,stable,features_16,1775840653685.126,1775840653865.890,180.765,104.217,74.551,26.820,32937,5545,200.0,0,0,99.0
1744,mean_dynamic_mobilenetv2,stable,features_16,1775840653874.891,1775840654040.900,166.008,93.249,67.775,21.063,32937,5545,200.0,0,0,97.5
1745,mean_dynamic_mobilenetv2,stable,features_16,1775840654052.459,1775840654279.001,226.542,105.721,118.823,26.834,32937,5545,200.0,1,0,96.8
1746,mean_dynamic_mobilenetv2,stable,features_16,1775840654290.014,1775840654451.588,161.573,86.521,74.035,24.610,32937,5545,200.0,0,0,98.3
1747,mean_dynamic_mobilenetv2,stable,features_16,1775840654459.585,1775840654626.482,166.897,96.373,69.527,22.779,32937,5545,200.0,0,0,98.4
1748,mean_dynamic_mobilenetv2,stable,features_16,1775840654636.484,1775840654802.583,166.099,90.026,74.080,26.653,32937,5545,200.0,0,0,96.2
1749,mean_dynamic_mobilenetv2,stable,features_16,1775840654814.806,1775840654952.767,137.961,65.050,71.913,25.696,32937,5545,200.0,0,0,94.6
1750,mean_dynamic_mobilenetv2,stable,features_16,1775840654958.768,1775840655094.641,135.873,61.400,73.471,26.536,32937,5545,200.0,0,0,100.0
1751,mean_dynamic_mobilenetv2,stable,features_16,1775840655100.163,1775840655218.633,118.470,47.032,69.435,22.443,32937,5545,200.0,0,0,97.7
1752,mean_dynamic_mobilenetv2,stable,features_16,1775840655224.631,1775840655347.679,123.048,54.072,67.975,22.250,32937,5545,200.0,0,0,97.8
1753,mean_dynamic_mobilenetv2,stable,features_16,1775840655356.678,1775840655470.852,114.174,41.970,71.202,25.041,32937,5545,200.0,0,0,87.7
1754,mean_dynamic_mobilenetv2,stable,features_16,1775840655475.853,1775840655581.595,105.743,34.528,70.208,22.982,32937,5545,200.0,0,0,94.7
1755,mean_dynamic_mobilenetv2,stable,features_16,1775840655587.014,1775840655723.292,136.278,57.753,77.530,30.551,32937,5545,200.0,0,0,98.7
1756,mean_dynamic_mobilenetv2,stable,features_16,1775840655733.519,1775840655884.839,151.320,76.684,74.636,26.607,32937,5545,200.0,0,0,93.3
1757,mean_dynamic_mobilenetv2,stable,features_16,1775840655895.186,1775840656051.328,156.142,81.866,73.277,26.076,32937,5545,200.0,0,0,100.0
1758,mean_dynamic_mobilenetv2,stable,features_16,1775840656060.326,1775840656240.891,180.566,95.531,78.032,25.461,32937,5545,200.0,0,0,97.5
1759,mean_dynamic_mobilenetv2,stable,features_16,1775840656251.889,1775840656430.901,179.012,104.918,74.094,25.712,32937,5545,200.0,0,0,97.2
1760,mean_dynamic_mobilenetv2,stable,features_16,1775840656443.902,1775840656603.704,159.802,85.538,72.269,21.319,32937,5545,200.0,0,0,98.4
1761,mean_dynamic_mobilenetv2,stable,features_16,1775840656614.704,1775840656770.740,156.036,75.518,79.519,29.567,32937,5545,200.0,0,0,96.5
1762,mean_dynamic_mobilenetv2,stable,features_16,1775840656776.385,1775840656895.243,118.857,47.273,70.585,23.343,32937,5545,200.0,0,0,99.2
1763,mean_dynamic_mobilenetv2,stable,features_16,1775840656901.767,1775840657041.917,140.149,53.329,84.823,31.947,32937,5545,200.0,0,0,95.8
1764,mean_dynamic_mobilenetv2,stable,features_16,1775840657050.913,1775840657233.888,182.975,95.043,86.934,26.062,32937,5545,200.0,0,0,95.5
1765,mean_dynamic_mobilenetv2,stable,features_16,1775840657242.114,1775840657419.164,177.050,84.456,89.596,23.722,32937,5545,200.0,0,0,97.6
1766,mean_dynamic_mobilenetv2,stable,features_16,1775840657425.165,1775840657591.924,166.759,92.751,73.008,22.619,32937,5545,200.0,0,0,97.8
1767,mean_dynamic_mobilenetv2,stable,features_16,1775840657596.923,1775840657750.037,153.114,75.895,74.218,23.521,32937,5545,200.0,0,0,99.4
1768,mean_dynamic_mobilenetv2,stable,features_16,1775840657758.038,1775840657979.555,221.518,140.560,76.435,26.447,32937,5545,200.0,1,0,100.0
1769,mean_dynamic_mobilenetv2,stable,features_16,1775840657988.563,1775840658188.677,200.114,122.107,73.006,26.991,32937,5545,200.0,1,0,100.0
1770,mean_dynamic_mobilenetv2,stable,features_16,1775840658197.917,1775840658360.068,162.150,93.637,68.513,22.249,32937,5545,200.0,0,0,98.4
1771,mean_dynamic_mobilenetv2,stable,features_16,1775840658368.073,1775840658531.854,163.781,79.629,81.152,29.274,32937,5545,200.0,0,0,98.4
1772,mean_dynamic_mobilenetv2,stable,features_16,1775840658544.311,1775840658718.257,173.946,92.986,78.962,27.995,32937,5545,200.0,0,0,97.0
1773,mean_dynamic_mobilenetv2,stable,features_16,1775840658730.466,1775840658910.173,179.708,103.175,73.521,26.445,32937,5545,200.0,0,0,99.5
1774,mean_dynamic_mobilenetv2,stable,features_16,1775840658919.172,1775840659097.234,178.062,103.742,73.321,25.342,32937,5545,200.0,0,0,95.6
1775,mean_dynamic_mobilenetv2,stable,features_16,1775840659105.756,1775840659287.991,182.235,96.900,79.331,24.561,32937,5545,200.0,0,0,96.7
1776,mean_dynamic_mobilenetv2,stable,features_16,1775840659301.699,1775840659481.048,179.349,106.340,73.009,27.828,32937,5545,200.0,0,0,99.1
1777,mean_dynamic_mobilenetv2,stable,features_16,1775840659487.063,1775840659613.098,126.035,45.524,80.511,29.594,32937,5545,200.0,0,0,97.8
1778,mean_dynamic_mobilenetv2,stable,features_16,1775840659619.106,1775840659740.626,121.520,42.995,76.525,27.655,32937,5545,200.0,0,0,92.4
1779,mean_dynamic_mobilenetv2,stable,features_16,1775840659744.628,1775840659863.146,118.518,46.996,70.523,26.412,32937,5545,200.0,0,0,96.2
1780,mean_dynamic_mobilenetv2,stable,features_16,1775840659869.144,1775840660033.133,163.989,70.013,93.975,27.734,32937,5545,200.0,0,0,98.4
1781,mean_dynamic_mobilenetv2,stable,features_16,1775840660040.603,1775840660154.552,113.948,41.606,71.339,23.974,32937,5545,200.0,0,0,93.8
1782,mean_dynamic_mobilenetv2,stable,features_16,1775840660159.551,1775840660279.421,119.871,41.857,77.009,25.082,32937,5545,200.0,0,0,96.1
1783,mean_dynamic_mobilenetv2,stable,features_16,1775840660284.797,1775840660397.223,112.427,38.953,72.473,22.420,32937,5545,200.0,0,0,94.7
1784,mean_dynamic_mobilenetv2,stable,features_16,1775840660403.736,1775840660513.911,110.175,33.999,74.332,27.969,32937,5545,200.0,0,0,89.9
1785,mean_dynamic_mobilenetv2,stable,features_16,1775840660517.914,1775840660638.754,120.840,44.998,73.842,26.309,32937,5545,200.0,0,0,97.7
1786,mean_dynamic_mobilenetv2,stable,features_16,1775840660643.797,1775840660780.657,136.860,61.542,73.319,24.536,32937,5545,200.0,0,0,91.8
1787,mean_dynamic_mobilenetv2,stable,features_16,1775840660792.665,1775840660961.153,168.488,93.224,74.253,24.429,32937,5545,200.0,0,0,99.0
1788,mean_dynamic_mobilenetv2,stable,features_16,1775840660970.802,1775840661129.181,158.379,80.527,75.852,22.611,32937,5545,200.0,0,0,95.8
1789,mean_dynamic_mobilenetv2,stable,features_16,1775840661136.179,1775840661305.919,169.740,91.812,75.927,24.646,32937,5545,200.0,0,0,98.0
1790,mean_dynamic_mobilenetv2,stable,features_16,1775840661312.913,1775840661468.819,155.906,77.329,76.577,27.307,32937,5545,200.0,0,0,100.0
1791,mean_dynamic_mobilenetv2,stable,features_16,1775840661475.819,1775840661650.799,174.980,88.872,81.055,25.590,32937,5545,200.0,0,0,100.0
1792,mean_dynamic_mobilenetv2,stable,features_16,1775840661659.798,1775840661819.865,160.067,77.204,78.861,29.977,32937,5545,200.0,0,0,100.0
1793,mean_dynamic_mobilenetv2,stable,features_16,1775840661828.864,1775840662022.602,193.738,112.056,74.680,23.980,32937,5545,200.0,0,0,100.0
1794,mean_dynamic_mobilenetv2,stable,features_16,1775840662031.602,1775840662192.048,160.446,91.014,68.415,24.416,32937,5545,200.0,0,0,96.7
1795,mean_dynamic_mobilenetv2,stable,features_16,1775840662200.983,1775840662380.652,179.669,100.235,77.422,29.512,32937,5545,200.0,0,0,99.0
1796,mean_dynamic_mobilenetv2,stable,features_16,1775840662389.832,1775840662579.402,189.569,102.116,85.454,28.550,32937,5545,200.0,0,0,99.5
1797,mean_dynamic_mobilenetv2,stable,features_16,1775840662584.402,1775840662710.936,126.534,59.325,66.212,21.262,32937,5545,200.0,0,0,94.8
1798,mean_dynamic_mobilenetv2,stable,features_16,1775840662719.946,1775840662841.129,121.184,51.583,68.603,22.640,32937,5545,200.0,0,0,93.2
1799,mean_dynamic_mobilenetv2,stable,features_16,1775840662845.128,1775840662979.037,133.909,55.106,77.801,24.450,32937,5545,200.0,0,0,100.0
1800,mean_dynamic_mobilenetv2,stable,features_16,1775840662984.036,1775840663100.837,116.801,39.304,75.007,26.155,32937,5545,200.0,0,0,95.8
1801,mean_dynamic_mobilenetv2,stable,features_16,1775840663110.162,1775840663231.976,121.813,48.076,71.738,23.097,32937,5545,200.0,0,0,95.9
1802,mean_dynamic_mobilenetv2,stable,features_16,1775840663240.979,1775840663385.118,144.140,60.005,81.624,27.721,32937,5545,200.0,0,0,95.2
1803,mean_dynamic_mobilenetv2,stable,features_16,1775840663394.128,1775840663533.753,139.625,65.525,72.097,22.941,32937,5545,200.0,0,0,98.0
1804,mean_dynamic_mobilenetv2,stable,features_16,1775840663538.963,1775840663685.657,146.693,76.898,68.789,23.980,32937,5545,200.0,0,0,91.4
1805,mean_dynamic_mobilenetv2,stable,features_16,1775840663689.666,1775840663776.362,86.696,12.426,72.191,25.710,32937,5545,200.0,0,0,78.8
1806,mean_dynamic_mobilenetv2,stable,features_16,1775840663779.363,1775840663871.290,91.927,16.005,74.921,26.785,32937,5545,200.0,0,0,79.2
1807,mean_dynamic_mobilenetv2,stable,features_16,1775840663875.777,1775840663957.338,81.561,13.013,66.548,23.046,32937,5545,200.0,0,0,82.5
1808,mean_dynamic_mobilenetv2,stable,features_16,1775840663961.339,1775840664039.880,78.541,14.000,64.541,20.220,32937,5545,200.0,0,0,79.8
1809,mean_dynamic_mobilenetv2,stable,features_16,1775840664042.863,1775840664146.409,103.547,13.003,88.510,28.466,32937,5545,200.0,0,0,78.6
1810,mean_dynamic_mobilenetv2,stable,features_16,1775840664149.410,1775840664234.217,84.807,12.001,71.805,24.860,32937,5545,200.0,0,0,78.4
1811,mean_dynamic_mobilenetv2,stable,features_16,1775840664237.215,1775840664318.729,81.514,13.002,67.511,23.264,32937,5545,200.0,0,0,82.5
1812,mean_dynamic_mobilenetv2,stable,features_16,1775840664322.219,1775840664410.816,88.597,18.082,69.518,24.333,32937,5545,200.0,0,0,87.8
1813,mean_dynamic_mobilenetv2,stable,features_16,1775840664413.817,1775840664505.234,91.417,13.999,77.418,29.160,32937,5545,200.0,0,0,86.6
1814,mean_dynamic_mobilenetv2,stable,features_16,1775840664509.274,1775840664597.621,88.347,10.999,75.388,27.517,32937,5545,200.0,0,0,83.3
1815,mean_dynamic_mobilenetv2,stable,features_16,1775840664601.657,1775840664679.616,77.959,14.563,62.392,20.030,32937,5545,200.0,0,0,76.2
1816,mean_dynamic_mobilenetv2,stable,features_16,1775840664682.577,1775840664769.181,86.604,12.045,74.559,27.136,32937,5545,200.0,0,0,78.1
1817,mean_dynamic_mobilenetv2,stable,features_16,1775840664773.323,1775840664851.934,78.611,10.042,68.570,27.045,32937,5545,200.0,0,0,83.0
1818,mean_dynamic_mobilenetv2,stable,features_16,1775840664855.934,1775840664944.267,88.333,17.409,68.922,24.159,32937,5545,200.0,0,0,90.5
1819,mean_dynamic_mobilenetv2,stable,features_16,1775840664948.266,1775840665065.079,116.814,24.483,91.333,22.485,32937,5545,200.0,0,0,86.7
1820,mean_dynamic_mobilenetv2,stable,features_16,1775840665069.079,1775840665150.600,81.520,12.005,69.515,25.196,32937,5545,200.0,0,0,78.4
1821,mean_dynamic_mobilenetv2,stable,features_16,1775840665154.602,1775840665237.323,82.721,10.998,69.719,24.810,32937,5545,200.0,0,0,82.5
1822,mean_dynamic_mobilenetv2,stable,features_16,1775840665242.320,1775840665348.366,106.046,20.179,84.868,25.312,32937,5545,200.0,0,0,97.3
1823,mean_dynamic_mobilenetv2,stable,features_16,1775840665353.364,1775840665449.214,95.850,18.326,76.520,24.233,32937,5545,200.0,0,0,94.7
1824,mean_dynamic_mobilenetv2,stable,features_16,1775840665453.214,1775840665545.732,92.518,17.000,73.520,28.011,32937,5545,200.0,0,0,91.7
1825,mean_dynamic_mobilenetv2,stable,features_16,1775840665552.731,1775840665641.305,88.573,20.002,67.571,22.941,32937,5545,200.0,0,0,92.9
1826,mean_dynamic_mobilenetv2,stable,features_16,1775840665646.314,1775840665809.368,163.054,21.009,141.046,34.057,32937,5545,200.0,0,0,93.9
1827,mean_dynamic_mobilenetv2,stable,features_16,1775840665814.369,1775840665925.122,110.752,28.000,80.752,32.860,32937,5545,200.0,0,0,100.0
1828,mean_dynamic_mobilenetv2,stable,features_16,1775840665930.125,1775840666056.302,126.177,23.842,95.795,29.689,32937,5545,200.0,0,0,95.4
1829,mean_dynamic_mobilenetv2,stable,features_16,1775840666062.302,1775840666164.938,102.636,30.008,70.631,25.135,32937,5545,200.0,0,0,96.6
1830,mean_dynamic_mobilenetv2,stable,features_16,1775840666170.306,1775840666268.927,98.622,26.923,70.699,22.709,32937,5545,200.0,0,0,100.0
1831,mean_dynamic_mobilenetv2,stable,features_16,1775840666273.300,1775840666391.556,118.256,27.007,89.771,37.966,32937,5545,200.0,0,0,97.7
1832,mean_dynamic_mobilenetv2,stable,features_16,1775840666395.564,1775840666496.066,100.501,25.049,72.456,26.043,32937,5545,200.0,0,0,93.9
1833,mean_dynamic_mobilenetv2,stable,features_16,1775840666500.114,1775840666625.967,125.853,24.221,99.562,42.001,32937,5545,200.0,0,0,99.3
1834,mean_dynamic_mobilenetv2,stable,features_16,1775840666629.254,1775840666727.757,98.503,26.570,70.425,23.674,32937,5545,200.0,0,0,98.3
1835,mean_dynamic_mobilenetv2,stable,features_16,1775840666732.760,1775840666831.219,98.458,25.970,70.490,25.245,32937,5545,200.0,0,0,100.0
1836,mean_dynamic_mobilenetv2,stable,features_16,1775840666836.221,1775840666935.564,99.343,27.310,70.022,25.875,32937,5545,200.0,0,0,100.0
1837,mean_dynamic_mobilenetv2,stable,features_16,1775840666939.564,1775840667039.999,100.434,29.145,70.290,23.057,32937,5545,200.0,0,0,100.0
1838,mean_dynamic_mobilenetv2,stable,features_16,1775840667043.998,1775840667154.746,110.747,28.712,81.030,27.799,32937,5545,200.0,0,0,98.3
1839,mean_dynamic_mobilenetv2,stable,features_16,1775840667158.743,1775840667262.281,103.537,26.036,75.508,32.225,32937,5545,200.0,0,0,100.0
1840,mean_dynamic_mobilenetv2,stable,features_16,1775840667266.280,1775840667361.599,95.319,26.449,66.871,23.303,32937,5545,200.0,0,0,96.9
1841,mean_dynamic_mobilenetv2,stable,features_16,1775840667365.688,1775840667461.446,95.759,21.581,73.180,25.476,32937,5545,200.0,0,0,96.0
1842,mean_dynamic_mobilenetv2,stable,features_16,1775840667465.445,1775840667561.758,96.313,17.790,75.522,28.187,32937,5545,200.0,0,0,93.0
1843,mean_dynamic_mobilenetv2,stable,features_16,1775840667565.758,1775840667657.679,91.921,21.000,68.920,24.416,32937,5545,200.0,0,0,97.9
1844,mean_dynamic_mobilenetv2,stable,features_16,1775840667661.675,1775840667746.383,84.707,17.004,65.707,21.278,32937,5545,200.0,0,0,95.8
1845,mean_dynamic_mobilenetv2,stable,features_16,1775840667750.384,1775840667843.892,93.508,19.000,72.503,25.330,32937,5545,200.0,0,0,90.7
1846,mean_dynamic_mobilenetv2,stable,features_16,1775840667846.889,1775840667932.320,85.430,14.000,69.431,23.499,32937,5545,200.0,0,0,94.9
1847,mean_dynamic_mobilenetv2,stable,features_16,1775840667936.397,1775840668026.923,90.526,20.009,69.515,26.257,32937,5545,200.0,0,0,87.6
1848,mean_dynamic_mobilenetv2,stable,features_16,1775840668030.925,1775840668112.442,81.517,14.000,65.518,21.576,32937,5545,200.0,0,0,90.1
1849,mean_dynamic_mobilenetv2,stable,features_16,1775840668115.445,1775840668196.032,80.587,14.003,63.587,19.838,32937,5545,200.0,0,0,90.6
1850,mean_dynamic_mobilenetv2,stable,features_16,1775840668201.034,1775840668284.550,83.516,17.517,65.999,22.833,32937,5545,200.0,0,0,76.2
1851,mean_dynamic_mobilenetv2,stable,features_16,1775840668288.548,1775840668380.231,91.683,17.272,74.411,27.766,32937,5545,200.0,0,0,77.1
1852,mean_dynamic_mobilenetv2,stable,features_16,1775840668383.233,1775840668471.135,87.903,16.522,71.380,25.621,32937,5545,200.0,0,0,85.6
1853,mean_dynamic_mobilenetv2,stable,features_16,1775840668474.136,1775840668553.697,79.561,13.043,65.519,24.057,32937,5545,200.0,0,0,80.0
1854,mean_dynamic_mobilenetv2,stable,features_16,1775840668557.697,1775840668633.975,76.278,12.003,63.276,21.668,32937,5545,200.0,0,0,83.8
1855,mean_dynamic_mobilenetv2,stable,features_16,1775840668637.973,1775840668722.491,84.518,11.038,72.516,25.554,32937,5545,200.0,0,0,75.3
1856,mean_dynamic_mobilenetv2,stable,features_16,1775840668725.493,1775840668808.084,82.591,11.999,69.592,23.823,32937,5545,200.0,0,0,77.1
1857,mean_dynamic_mobilenetv2,stable,features_16,1775840668812.086,1775840668895.348,83.261,19.038,64.224,21.227,32937,5545,200.0,0,0,80.2
1858,mean_dynamic_mobilenetv2,stable,features_16,1775840668899.348,1775840668981.945,82.597,13.513,67.720,22.896,32937,5545,200.0,0,0,90.6
1859,mean_dynamic_mobilenetv2,stable,features_16,1775840668986.017,1775840669075.531,89.515,22.147,66.367,21.021,32937,5545,200.0,0,0,90.6
1860,mean_dynamic_mobilenetv2,stable,features_16,1775840669080.132,1775840669175.086,94.954,20.910,72.775,24.824,32937,5545,200.0,0,0,93.8
1861,mean_dynamic_mobilenetv2,stable,features_16,1775840669179.366,1775840669259.723,80.356,15.016,64.340,20.492,32937,5545,200.0,0,0,89.9
1862,mean_dynamic_mobilenetv2,stable,features_16,1775840669263.720,1775840669349.831,86.110,17.158,68.952,23.809,32937,5545,200.0,0,0,91.2
1863,mean_dynamic_mobilenetv2,stable,features_16,1775840669353.829,1775840669443.057,89.228,16.710,70.516,26.987,32937,5545,200.0,0,0,92.7
1864,mean_dynamic_mobilenetv2,stable,features_16,1775840669447.057,1775840669537.940,90.883,19.002,71.881,26.343,32937,5545,200.0,0,0,89.6
1865,mean_dynamic_mobilenetv2,stable,features_16,1775840669541.941,1775840669650.701,108.761,14.927,92.373,25.697,32937,5545,200.0,0,0,94.5
1866,mean_dynamic_mobilenetv2,stable,features_16,1775840669654.662,1775840669748.503,93.841,19.508,72.335,26.840,32937,5545,200.0,0,0,83.5
1867,mean_dynamic_mobilenetv2,stable,features_16,1775840669752.505,1775840669831.580,79.075,16.000,62.075,20.592,32937,5545,200.0,0,0,89.0
1868,mean_dynamic_mobilenetv2,stable,features_16,1775840669834.584,1775840669912.440,77.856,10.997,66.860,23.492,32937,5545,200.0,0,0,92.8
1869,mean_dynamic_mobilenetv2,stable,features_16,1775840669916.440,1775840670010.256,93.816,17.001,74.816,25.962,32937,5545,200.0,0,0,95.5
1870,mean_dynamic_mobilenetv2,stable,features_16,1775840670013.254,1775840670113.613,100.359,15.999,82.360,28.400,32937,5545,200.0,0,0,83.5
1871,mean_dynamic_mobilenetv2,stable,features_16,1775840670117.611,1775840670232.939,115.328,13.372,99.951,24.927,32937,5545,200.0,0,0,86.8
1872,mean_dynamic_mobilenetv2,stable,features_16,1775840670236.938,1775840670334.951,98.013,16.496,79.552,35.830,32937,5545,200.0,0,0,83.3
1873,mean_dynamic_mobilenetv2,stable,features_16,1775840670337.949,1775840670439.668,101.719,14.046,86.674,38.340,32937,5545,200.0,0,0,84.8
1874,mean_dynamic_mobilenetv2,stable,features_16,1775840670444.113,1775840670537.951,93.839,19.839,73.001,26.831,32937,5545,200.0,0,0,90.6
1875,mean_dynamic_mobilenetv2,stable,features_16,1775840670541.953,1775840670625.473,83.520,19.147,63.375,19.561,32937,5545,200.0,0,0,93.9
1876,mean_dynamic_mobilenetv2,stable,features_16,1775840670630.633,1775840670721.541,90.908,21.021,69.887,24.828,32937,5545,200.0,0,0,96.0
1877,mean_dynamic_mobilenetv2,stable,features_16,1775840670726.541,1775840670825.689,99.149,20.452,75.695,27.204,32937,5545,200.0,0,0,94.7
1878,mean_dynamic_mobilenetv2,stable,features_16,1775840670829.691,1775840670922.138,92.446,21.002,69.450,23.320,32937,5545,200.0,0,0,97.9
1879,mean_dynamic_mobilenetv2,stable,features_16,1775840670925.138,1775840671013.465,88.327,19.999,68.328,23.581,32937,5545,200.0,0,0,95.9
1880,mean_dynamic_mobilenetv2,stable,features_16,1775840671017.465,1775840671108.993,91.528,20.999,67.510,24.640,32937,5545,200.0,0,0,95.9
1881,mean_dynamic_mobilenetv2,stable,features_16,1775840671112.985,1775840671209.680,96.695,23.998,71.698,27.674,32937,5545,200.0,0,0,93.9
1882,mean_dynamic_mobilenetv2,stable,features_16,1775840671213.682,1775840671306.094,92.412,24.358,66.933,22.270,32937,5545,200.0,0,0,92.3
1883,mean_dynamic_mobilenetv2,stable,features_16,1775840671309.962,1775840671396.724,86.762,15.000,69.379,25.033,32937,5545,200.0,0,0,88.8
1884,mean_dynamic_mobilenetv2,stable,features_16,1775840671400.732,1775840671563.815,163.083,19.972,141.105,24.801,32937,5545,200.0,0,0,95.0
1885,mean_dynamic_mobilenetv2,stable,features_16,1775840671568.812,1775840671681.864,113.052,24.006,88.046,24.467,32937,5545,200.0,0,0,94.8
1886,mean_dynamic_mobilenetv2,stable,features_16,1775840671685.861,1775840671776.669,90.807,20.010,69.798,23.377,32937,5545,200.0,0,0,89.7
1887,mean_dynamic_mobilenetv2,stable,features_16,1775840671780.671,1775840671904.486,123.815,19.006,103.810,42.725,32937,5545,200.0,0,0,93.2
1888,mean_dynamic_mobilenetv2,stable,features_16,1775840671908.873,1775840672005.296,96.423,21.349,74.074,27.822,32937,5545,200.0,0,0,94.9
1889,mean_dynamic_mobilenetv2,stable,features_16,1775840672008.817,1775840672097.818,89.001,17.996,69.007,24.452,32937,5545,200.0,0,0,96.0
1890,mean_dynamic_mobilenetv2,stable,features_16,1775840672101.817,1775840672220.848,119.031,13.518,104.514,24.926,32937,5545,200.0,0,0,86.8
1891,mean_dynamic_mobilenetv2,stable,features_16,1775840672224.850,1775840672313.933,89.083,13.001,75.082,26.467,32937,5545,200.0,0,0,74.0
1892,mean_dynamic_mobilenetv2,stable,features_16,1775840672318.932,1775840672407.008,88.075,16.070,70.006,26.335,32937,5545,200.0,0,0,80.2
1893,mean_dynamic_mobilenetv2,stable,features_16,1775840672410.372,1775840672494.952,84.580,14.444,69.134,26.000,32937,5545,200.0,0,0,75.3
1894,mean_dynamic_mobilenetv2,stable,features_16,1775840672497.953,1775840672575.504,77.551,10.510,66.043,23.967,32937,5545,200.0,0,0,74.1
1895,mean_dynamic_mobilenetv2,stable,features_16,1775840672578.503,1775840672665.064,86.561,12.045,72.519,26.679,32937,5545,200.0,0,0,77.4
1896,mean_dynamic_mobilenetv2,stable,features_16,1775840672668.068,1775840672757.610,89.542,10.034,78.506,24.580,32937,5545,200.0,0,0,82.1
1897,mean_dynamic_mobilenetv2,stable,features_16,1775840672760.580,1775840672843.154,82.574,12.002,69.537,23.794,32937,5545,200.0,0,0,78.9
1898,mean_dynamic_mobilenetv2,stable,features_16,1775840672846.199,1775840672931.245,85.046,11.997,70.123,26.733,32937,5545,200.0,0,0,82.7
1899,mean_dynamic_mobilenetv2,stable,features_16,1775840672934.244,1775840673021.496,87.252,17.703,68.549,25.010,32937,5545,200.0,0,0,82.5
1900,mean_dynamic_mobilenetv2,stable,features_16,1775840673025.500,1775840673109.008,83.508,13.997,67.003,24.808,32937,5545,200.0,0,0,84.5
1901,mean_dynamic_mobilenetv2,stable,features_16,1775840673112.015,1775840673198.257,86.242,12.004,73.235,27.724,32937,5545,200.0,0,0,83.3
1902,mean_dynamic_mobilenetv2,stable,features_16,1775840673202.257,1775840673288.124,85.866,16.520,68.345,23.608,32937,5545,200.0,0,0,85.0
1903,mean_dynamic_mobilenetv2,stable,features_16,1775840673292.125,1775840673374.731,82.606,15.051,67.555,25.074,32937,5545,200.0,0,0,83.3
1904,mean_dynamic_mobilenetv2,stable,features_16,1775840673378.780,1775840673458.750,79.970,12.953,66.016,23.908,32937,5545,200.0,0,0,83.8
1905,mean_dynamic_mobilenetv2,stable,features_16,1775840673463.749,1775840673546.272,82.523,11.999,68.520,22.587,32937,5545,200.0,0,0,84.5
1906,mean_dynamic_mobilenetv2,stable,features_16,1775840673551.275,1775840673664.816,113.542,18.000,94.240,34.231,32937,5545,200.0,0,0,96.3
1907,mean_dynamic_mobilenetv2,stable,features_16,1775840673669.829,1775840673754.344,84.516,18.997,63.517,19.736,32937,5545,200.0,0,0,90.0
1908,mean_dynamic_mobilenetv2,stable,features_16,1775840673757.348,1775840673840.860,83.512,11.998,70.513,26.286,32937,5545,200.0,0,0,84.2
1909,mean_dynamic_mobilenetv2,stable,features_16,1775840673843.865,1775840673931.309,87.444,15.996,69.438,23.711,32937,5545,200.0,0,0,85.7
1910,mean_dynamic_mobilenetv2,stable,features_16,1775840673934.797,1775840674030.305,95.508,17.265,77.245,25.389,32937,5545,200.0,0,0,87.8
1911,mean_dynamic_mobilenetv2,stable,features_16,1775840674033.306,1775840674113.996,80.690,11.998,66.649,22.468,32937,5545,200.0,0,0,88.8
1912,mean_dynamic_mobilenetv2,stable,features_16,1775840674118.864,1775840674211.711,92.847,19.947,71.899,24.984,32937,5545,200.0,0,0,90.3
1913,mean_dynamic_mobilenetv2,stable,features_16,1775840674215.710,1775840674313.231,97.521,18.999,77.523,33.805,32937,5545,200.0,0,0,82.5
1914,mean_dynamic_mobilenetv2,stable,features_16,1775840674317.231,1775840674410.914,93.682,14.999,77.675,35.580,32937,5545,200.0,0,0,82.3
1915,mean_dynamic_mobilenetv2,stable,features_16,1775840674414.916,1775840674499.967,85.051,11.998,72.303,25.052,32937,5545,200.0,0,0,86.5
1916,mean_dynamic_mobilenetv2,stable,features_16,1775840674503.967,1775840674599.749,95.781,19.777,76.005,29.825,32937,5545,200.0,0,0,89.7
1917,mean_dynamic_mobilenetv2,stable,features_16,1775840674604.750,1775840674694.266,89.516,19.513,69.001,21.661,32937,5545,200.0,0,0,94.8
1918,mean_dynamic_mobilenetv2,stable,features_16,1775840674697.271,1775840674786.781,89.510,20.512,67.999,24.229,32937,5545,200.0,0,0,92.9
1919,mean_dynamic_mobilenetv2,stable,features_16,1775840674790.782,1775840674883.828,93.046,19.519,71.519,25.702,32937,5545,200.0,0,0,92.9
1920,mean_dynamic_mobilenetv2,stable,features_16,1775840674888.875,1775840674988.440,99.565,27.095,70.468,26.625,32937,5545,200.0,0,0,98.0
1921,mean_dynamic_mobilenetv2,stable,features_16,1775840674991.440,1775840675076.477,85.037,18.999,66.038,22.225,32937,5545,200.0,0,0,90.8
1922,mean_dynamic_mobilenetv2,stable,features_16,1775840675081.476,1775840675174.842,93.366,20.006,72.359,26.235,32937,5545,200.0,0,0,99.0
1923,mean_dynamic_mobilenetv2,stable,features_16,1775840675178.841,1775840675276.361,97.521,21.007,75.514,26.477,32937,5545,200.0,0,0,88.5
1924,mean_dynamic_mobilenetv2,stable,features_16,1775840675279.363,1775840675361.942,82.579,13.999,67.581,22.705,32937,5545,200.0,0,0,91.4
1925,mean_dynamic_mobilenetv2,stable,features_16,1775840675365.945,1775840675454.251,88.306,16.998,70.308,25.210,32937,5545,200.0,0,0,83.5
1926,mean_dynamic_mobilenetv2,stable,features_16,1775840675458.249,1775840675551.600,93.351,21.838,68.517,26.545,32937,5545,200.0,0,0,89.7
1927,mean_dynamic_mobilenetv2,stable,features_16,1775840675555.604,1775840675650.069,94.465,18.997,74.468,27.656,32937,5545,200.0,0,0,92.0
1928,mean_dynamic_mobilenetv2,stable,features_16,1775840675653.069,1775840675749.591,96.522,19.000,75.523,27.921,32937,5545,200.0,0,0,93.9
1929,mean_dynamic_mobilenetv2,stable,features_16,1775840675753.589,1775840675842.752,89.163,17.003,70.161,24.164,32937,5545,200.0,0,0,94.0
1930,mean_dynamic_mobilenetv2,stable,features_16,1775840675846.756,1775840675940.786,94.030,20.408,71.620,26.628,32937,5545,200.0,0,0,97.9
1931,mean_dynamic_mobilenetv2,stable,features_16,1775840675945.226,1775840676037.937,92.711,24.209,68.502,23.872,32937,5545,200.0,0,0,99.0
1932,mean_dynamic_mobilenetv2,stable,features_16,1775840676041.939,1775840676130.486,88.546,17.999,69.544,23.734,32937,5545,200.0,0,0,93.8
1933,mean_dynamic_mobilenetv2,stable,features_16,1775840676134.483,1775840676225.002,90.519,18.001,71.520,23.955,32937,5545,200.0,0,0,94.9
1934,mean_dynamic_mobilenetv2,stable,features_16,1775840676229.004,1775840676318.934,89.930,17.000,71.931,26.705,32937,5545,200.0,0,0,82.3
1935,mean_dynamic_mobilenetv2,stable,features_16,1775840676321.932,1775840676409.940,88.008,12.000,75.047,21.517,32937,5545,200.0,0,0,80.2
1936,mean_dynamic_mobilenetv2,stable,features_16,1775840676412.462,1775840676499.552,87.091,19.034,67.054,23.297,32937,5545,200.0,0,0,75.8
1937,mean_dynamic_mobilenetv2,stable,features_16,1775840676503.585,1775840676592.246,88.661,16.661,71.001,23.538,32937,5545,200.0,0,0,76.0
1938,mean_dynamic_mobilenetv2,stable,features_16,1775840676595.248,1775840676677.765,82.517,13.006,68.517,24.156,32937,5545,200.0,0,0,79.0
1939,mean_dynamic_mobilenetv2,stable,features_16,1775840676681.806,1775840676792.330,110.524,15.971,92.552,25.794,32937,5545,200.0,0,0,80.5
1940,mean_dynamic_mobilenetv2,stable,features_16,1775840676795.328,1775840676881.920,86.592,15.041,68.599,22.673,32937,5545,200.0,0,0,81.2
1941,mean_dynamic_mobilenetv2,stable,features_16,1775840676885.918,1775840676976.710,90.792,17.050,73.742,26.435,32937,5545,200.0,0,0,83.8
1942,mean_dynamic_mobilenetv2,stable,features_16,1775840676980.711,1775840677071.541,90.830,18.246,71.586,25.773,32937,5545,200.0,0,0,79.4
1943,mean_dynamic_mobilenetv2,stable,features_16,1775840677074.991,1775840677159.604,84.614,15.996,67.571,27.006,32937,5545,200.0,0,0,76.2
1944,mean_dynamic_mobilenetv2,stable,features_16,1775840677163.566,1775840677317.626,154.060,12.002,141.056,36.279,32937,5545,200.0,0,0,81.5
1945,mean_dynamic_mobilenetv2,stable,features_16,1775840677320.624,1775840677401.676,81.052,13.003,68.050,24.816,32937,5545,200.0,0,0,77.3
1946,mean_dynamic_mobilenetv2,stable,features_16,1775840677405.675,1775840677494.853,89.178,18.758,68.462,26.833,32937,5545,200.0,0,0,88.7
1947,mean_dynamic_mobilenetv2,stable,features_16,1775840677498.902,1775840677586.736,87.835,13.477,72.075,22.542,32937,5545,200.0,0,0,84.5
1948,mean_dynamic_mobilenetv2,stable,features_16,1775840677591.736,1775840677679.319,87.583,13.080,73.502,27.213,32937,5545,200.0,0,0,75.9
1949,mean_dynamic_mobilenetv2,stable,features_16,1775840677682.289,1775840677775.927,93.638,10.999,81.640,24.204,32937,5545,200.0,0,0,79.1
1950,mean_dynamic_mobilenetv2,stable,features_16,1775840677778.926,1775840677871.342,92.416,11.003,81.413,25.015,32937,5545,200.0,0,0,83.3
1951,mean_dynamic_mobilenetv2,stable,features_16,1775840677875.343,1775840677966.101,90.759,17.407,71.340,25.038,32937,5545,200.0,0,0,89.6
1952,mean_dynamic_mobilenetv2,stable,features_16,1775840677969.101,1775840678052.997,83.896,13.003,69.896,26.091,32937,5545,200.0,0,0,80.0
1953,mean_dynamic_mobilenetv2,stable,features_16,1775840678055.993,1775840678139.509,83.516,15.038,68.478,25.070,32937,5545,200.0,0,0,77.9
1954,mean_dynamic_mobilenetv2,stable,features_16,1775840678143.511,1775840678223.110,79.599,10.998,67.602,22.676,32937,5545,200.0,0,0,79.3
1955,mean_dynamic_mobilenetv2,stable,features_16,1775840678227.110,1775840678319.346,92.236,19.037,72.199,23.129,32937,5545,200.0,0,0,85.4
1956,mean_dynamic_mobilenetv2,stable,features_16,1775840678324.346,1775840678415.980,91.634,17.003,74.631,25.797,32937,5545,200.0,0,0,85.7
1957,mean_dynamic_mobilenetv2,stable,features_16,1775840678419.979,1775840678504.986,85.007,11.000,72.960,32.169,32937,5545,200.0,0,0,81.2
1958,mean_dynamic_mobilenetv2,stable,features_16,1775840678508.989,1775840678597.061,88.072,18.522,68.547,20.679,32937,5545,200.0,0,0,86.6
1959,mean_dynamic_mobilenetv2,stable,features_16,1775840678600.065,1775840678685.954,85.889,15.891,69.001,20.952,32937,5545,200.0,0,0,88.7
1960,mean_dynamic_mobilenetv2,stable,features_16,1775840678689.953,1775840678789.299,99.345,18.014,81.331,28.115,32937,5545,200.0,0,0,93.8
1961,mean_dynamic_mobilenetv2,stable,features_16,1775840678794.298,1775840678907.744,113.446,12.010,99.436,28.613,32937,5545,200.0,0,0,88.4
1962,mean_dynamic_mobilenetv2,stable,features_16,1775840678911.748,1775840679022.037,110.289,18.519,91.770,37.046,32937,5545,200.0,0,0,93.0
1963,mean_dynamic_mobilenetv2,stable,features_16,1775840679026.047,1775840679112.408,86.361,17.353,67.005,26.200,32937,5545,200.0,0,0,91.7
1964,mean_dynamic_mobilenetv2,stable,features_16,1775840679115.925,1775840679205.929,90.004,11.000,78.001,20.655,32937,5545,200.0,0,0,88.5
1965,mean_dynamic_mobilenetv2,stable,features_16,1775840679209.927,1775840679288.943,79.016,10.520,67.498,21.064,32937,5545,200.0,0,0,90.6
1966,mean_dynamic_mobilenetv2,stable,features_16,1775840679292.944,1775840679379.731,86.787,16.009,70.778,25.206,32937,5545,200.0,0,0,92.9
1967,mean_dynamic_mobilenetv2,stable,features_16,1775840679383.732,1775840679476.608,92.876,20.006,72.870,28.010,32937,5545,200.0,0,0,89.4
1968,mean_dynamic_mobilenetv2,stable,features_16,1775840679481.609,1775840679569.466,87.858,14.999,71.858,26.600,32937,5545,200.0,0,0,82.7
1969,mean_dynamic_mobilenetv2,stable,features_16,1775840679574.469,1775840679664.826,90.357,18.998,70.357,25.146,32937,5545,200.0,0,0,84.8
1970,mean_dynamic_mobilenetv2,stable,features_16,1775840679667.825,1775840679766.600,98.775,22.421,74.079,25.210,32937,5545,200.0,0,0,88.8
1971,mean_dynamic_mobilenetv2,stable,features_16,1775840679770.601,1775840679857.120,86.520,11.003,73.517,18.941,32937,5545,200.0,0,0,84.5
1972,mean_dynamic_mobilenetv2,stable,features_16,1775840679860.119,1775840679953.687,93.567,17.003,75.563,24.796,32937,5545,200.0,0,0,90.8
1973,mean_dynamic_mobilenetv2,stable,features_16,1775840679958.687,1775840680088.066,129.379,18.310,110.070,41.411,32937,5545,200.0,0,0,89.0
1974,mean_dynamic_mobilenetv2,stable,features_16,1775840680092.063,1775840680176.577,84.514,13.007,70.509,24.771,32937,5545,200.0,0,0,87.7
1975,mean_dynamic_mobilenetv2,stable,features_16,1775840680180.580,1775840680294.179,113.600,16.999,94.600,28.634,32937,5545,200.0,0,0,92.2
1976,mean_dynamic_mobilenetv2,stable,features_16,1775840680298.180,1775840680387.657,89.477,20.355,68.112,23.258,32937,5545,200.0,0,0,92.9
1977,mean_dynamic_mobilenetv2,stable,features_16,1775840680392.545,1775840680480.063,87.518,20.007,66.510,22.586,32937,5545,200.0,0,0,89.7
1978,mean_dynamic_mobilenetv2,stable,features_16,1775840680484.063,1775840680566.375,82.312,13.001,68.312,25.874,32937,5545,200.0,0,0,88.8
1979,mean_dynamic_mobilenetv2,stable,features_16,1775840680570.538,1775840680657.103,86.564,18.542,67.022,22.747,32937,5545,200.0,0,0,87.5
1980,mean_dynamic_mobilenetv2,stable,features_16,1775840680661.103,1775840680756.619,95.517,16.000,78.515,25.602,32937,5545,200.0,0,0,86.5
1981,mean_dynamic_mobilenetv2,stable,features_16,1775840680759.620,1775840680838.132,78.512,13.002,65.510,23.915,32937,5545,200.0,0,0,85.7
1982,mean_dynamic_mobilenetv2,stable,features_16,1775840680842.132,1775840680919.917,77.785,11.001,63.782,22.413,32937,5545,200.0,0,0,87.5
1983,mean_dynamic_mobilenetv2,stable,features_16,1775840680923.917,1775840681015.468,91.550,19.782,70.759,24.749,32937,5545,200.0,0,0,91.7
1984,mean_dynamic_mobilenetv2,stable,features_16,1775840681018.465,1775840681106.767,88.302,20.002,67.302,22.086,32937,5545,200.0,0,0,88.5
1985,mean_dynamic_mobilenetv2,stable,features_16,1775840681109.767,1775840681194.072,84.305,12.517,69.783,26.650,32937,5545,200.0,0,0,81.2
1986,mean_dynamic_mobilenetv2,stable,features_16,1775840681198.115,1775840681290.450,92.335,23.521,68.814,20.844,32937,5545,200.0,0,0,93.8
1987,mean_dynamic_mobilenetv2,stable,features_16,1775840681294.449,1775840681389.972,95.522,20.522,73.001,25.304,32937,5545,200.0,0,0,96.0
1988,mean_dynamic_mobilenetv2,stable,features_16,1775840681395.974,1775840681498.836,102.861,22.519,78.339,24.570,32937,5545,200.0,0,0,96.6
1989,mean_dynamic_mobilenetv2,stable,features_16,1775840681503.845,1775840681601.945,98.100,24.519,71.582,24.174,32937,5545,200.0,0,0,98.3
1990,mean_dynamic_mobilenetv2,stable,features_16,1775840681606.947,1775840681701.470,94.523,24.515,68.002,24.204,32937,5545,200.0,0,0,94.9
1991,mean_dynamic_mobilenetv2,stable,features_16,1775840681706.467,1775840681799.002,92.536,19.514,73.022,24.185,32937,5545,200.0,0,0,96.9
1992,mean_dynamic_mobilenetv2,stable,features_16,1775840681803.011,1775840681898.524,95.512,25.511,70.001,24.549,32937,5545,200.0,0,0,99.2
1993,mean_dynamic_mobilenetv2,stable,features_16,1775840681903.529,1775840682000.088,96.559,24.667,70.885,24.900,32937,5545,200.0,0,0,97.1
1994,mean_dynamic_mobilenetv2,stable,features_16,1775840682006.142,1775840682103.053,96.911,23.520,73.391,22.584,32937,5545,200.0,0,0,93.0
1995,mean_dynamic_mobilenetv2,stable,features_16,1775840682107.052,1775840682208.032,100.980,19.515,80.457,34.048,32937,5545,200.0,0,0,95.9
1996,mean_dynamic_mobilenetv2,stable,features_16,1775840682212.034,1775840682308.555,96.522,21.516,73.004,25.241,32937,5545,200.0,0,0,94.7
1997,mean_dynamic_mobilenetv2,stable,features_16,1775840682313.555,1775840682409.099,95.544,21.516,73.029,25.385,32937,5545,200.0,0,0,91.3
1998,mean_dynamic_mobilenetv2,stable,features_16,1775840682413.100,1775840682502.620,89.521,16.515,71.005,24.172,32937,5545,200.0,0,0,91.8
1999,mean_dynamic_mobilenetv2,stable,features_16,1775840682505.620,1775840682585.938,80.318,15.045,64.265,22.517,32937,5545,200.0,0,0,89.7
2000,mean_dynamic_mobilenetv2,stable,features_16,1775840682589.939,1775840682680.310,90.370,19.006,70.363,25.633,32937,5545,200.0,0,0,82.3
2001,mean_dynamic_mobilenetv2,stable,features_16,1775840682684.307,1775840682773.503,89.196,18.010,71.186,24.001,32937,5545,200.0,0,0,83.9
2002,mean_dynamic_mobilenetv2,stable,features_16,1775840682777.503,1775840682868.501,90.999,16.940,72.055,25.544,32937,5545,200.0,0,0,93.3
2003,mean_dynamic_mobilenetv2,stable,features_16,1775840682872.498,1775840682995.145,122.646,21.759,98.889,19.776,32937,5545,200.0,0,0,96.2
2004,mean_dynamic_mobilenetv2,stable,features_16,1775840682999.146,1775840683092.669,93.522,22.522,70.000,24.887,32937,5545,200.0,0,0,93.8
2005,mean_dynamic_mobilenetv2,stable,features_16,1775840683096.668,1775840683186.140,89.473,17.007,70.469,26.220,32937,5545,200.0,0,0,96.9
2006,mean_dynamic_mobilenetv2,stable,features_16,1775840683190.142,1775840683281.988,91.845,21.308,69.538,25.411,32937,5545,200.0,0,0,85.7
2007,mean_dynamic_mobilenetv2,stable,features_16,1775840683285.988,1775840683366.961,80.973,12.000,67.972,26.065,32937,5545,200.0,0,0,82.5
2008,mean_dynamic_mobilenetv2,stable,features_16,1775840683370.960,1775840683451.454,80.495,10.999,69.496,26.026,32937,5545,200.0,0,0,82.3
2009,mean_dynamic_mobilenetv2,stable,features_16,1775840683455.456,1775840683558.271,102.814,12.303,90.511,25.312,32937,5545,200.0,0,0,83.2
2010,mean_dynamic_mobilenetv2,stable,features_16,1775840683562.267,1775840683667.418,105.152,14.000,89.153,23.650,32937,5545,200.0,0,0,85.2
2011,mean_dynamic_mobilenetv2,stable,features_16,1775840683671.422,1775840683758.020,86.598,12.997,72.601,25.495,32937,5545,200.0,0,0,87.5
2012,mean_dynamic_mobilenetv2,stable,features_16,1775840683762.021,1775840683879.719,117.698,14.996,101.291,28.223,32937,5545,200.0,0,0,79.5
2013,mean_dynamic_mobilenetv2,stable,features_16,1775840683883.729,1775840683963.826,80.097,16.221,63.876,22.024,32937,5545,200.0,0,0,90.6
2014,mean_dynamic_mobilenetv2,stable,features_16,1775840683967.825,1775840684050.004,82.179,13.001,67.178,23.801,32937,5545,200.0,0,0,80.0
2015,mean_dynamic_mobilenetv2,stable,features_16,1775840684053.007,1775840684127.605,74.598,10.001,64.597,20.075,32937,5545,200.0,0,0,81.2
2016,mean_dynamic_mobilenetv2,stable,features_16,1775840684131.603,1775840684234.877,103.274,12.052,90.215,18.560,32937,5545,200.0,0,0,82.3
2017,mean_dynamic_mobilenetv2,stable,features_16,1775840684237.878,1775840684321.182,83.304,17.000,65.305,22.072,32937,5545,200.0,0,0,84.5
2018,mean_dynamic_mobilenetv2,stable,features_16,1775840684325.183,1775840684426.176,100.993,19.479,80.515,31.591,32937,5545,200.0,0,0,84.4
2019,mean_dynamic_mobilenetv2,stable,features_16,1775840684430.178,1775840684523.137,92.959,17.998,74.961,22.845,32937,5545,200.0,0,0,84.5
2020,mean_dynamic_mobilenetv2,stable,features_16,1775840684527.137,1775840684613.469,86.332,17.465,67.868,23.733,32937,5545,200.0,0,0,86.5
2021,mean_dynamic_mobilenetv2,stable,features_16,1775840684615.975,1775840684697.158,81.183,14.007,66.177,22.954,32937,5545,200.0,0,0,88.9
2022,mean_dynamic_mobilenetv2,stable,features_16,1775840684702.604,1775840684791.028,88.425,18.329,69.095,20.922,32937,5545,200.0,0,0,94.0
2023,mean_dynamic_mobilenetv2,stable,features_16,1775840684795.029,1775840684882.668,87.639,12.003,74.462,27.085,32937,5545,200.0,0,0,88.7
2024,mean_dynamic_mobilenetv2,stable,features_16,1775840684888.751,1775840684988.951,100.200,25.884,70.812,26.139,32937,5545,200.0,0,0,99.0
2025,mean_dynamic_mobilenetv2,stable,features_16,1775840684994.438,1775840685091.025,96.587,23.520,71.068,25.259,32937,5545,200.0,0,0,95.7
2026,mean_dynamic_mobilenetv2,stable,features_16,1775840685095.027,1775840685179.547,84.521,20.007,62.007,20.629,32937,5545,200.0,0,0,94.0
2027,mean_dynamic_mobilenetv2,stable,features_16,1775840685183.549,1775840685280.142,96.593,18.084,77.510,28.600,32937,5545,200.0,0,0,91.2
2028,mean_dynamic_mobilenetv2,stable,features_16,1775840685285.141,1775840685377.916,92.774,19.009,73.766,27.274,32937,5545,200.0,0,0,95.9
2029,mean_dynamic_mobilenetv2,stable,features_16,1775840685381.915,1775840685477.237,95.322,21.006,73.315,26.366,32937,5545,200.0,0,0,94.6
2030,mean_dynamic_mobilenetv2,stable,features_16,1775840685481.237,1775840685569.759,88.522,18.999,67.519,22.489,32937,5545,200.0,0,0,90.2
2031,mean_dynamic_mobilenetv2,stable,features_16,1775840685572.760,1775840685658.247,85.488,16.000,66.487,23.789,32937,5545,200.0,0,0,90.8
2032,mean_dynamic_mobilenetv2,stable,features_16,1775840685662.250,1775840685755.774,93.524,19.999,72.526,26.454,32937,5545,200.0,0,0,96.9
2033,mean_dynamic_mobilenetv2,stable,features_16,1775840685760.773,1775840685854.223,93.449,19.516,72.935,24.856,32937,5545,200.0,0,0,90.4
2034,mean_dynamic_mobilenetv2,stable,features_16,1775840685859.133,1775840685958.697,99.563,30.850,68.714,24.305,32937,5545,200.0,0,0,100.0
2035,mean_dynamic_mobilenetv2,stable,features_16,1775840685964.169,1775840686054.692,90.523,24.978,64.221,20.175,32937,5545,200.0,0,0,97.0
2036,mean_dynamic_mobilenetv2,stable,features_16,1775840686059.181,1775840686153.137,93.956,21.355,71.601,25.197,32937,5545,200.0,0,0,93.1
2037,mean_dynamic_mobilenetv2,stable,features_16,1775840686158.141,1775840686245.762,87.622,15.345,70.266,21.877,32937,5545,200.0,0,0,93.8
2038,mean_dynamic_mobilenetv2,stable,features_16,1775840686249.764,1775840686338.149,88.385,19.508,66.884,24.461,32937,5545,200.0,0,0,89.8
2039,mean_dynamic_mobilenetv2,stable,features_16,1775840686343.150,1775840686435.101,91.951,21.001,69.946,23.469,32937,5545,200.0,0,0,95.9
2040,mean_dynamic_mobilenetv2,stable,features_16,1775840686439.098,1775840686527.614,88.516,20.999,65.518,24.387,32937,5545,200.0,0,0,93.9
2041,mean_dynamic_mobilenetv2,stable,features_16,1775840686531.614,1775840686622.132,90.518,17.999,70.515,23.976,32937,5545,200.0,0,0,92.8
2042,mean_dynamic_mobilenetv2,stable,features_16,1775840686626.132,1775840686717.139,91.006,18.001,71.006,24.962,32937,5545,200.0,0,0,91.8
2043,mean_dynamic_mobilenetv2,stable,features_16,1775840686721.655,1775840686813.659,92.004,20.000,72.004,24.917,32937,5545,200.0,0,0,92.8
2044,mean_dynamic_mobilenetv2,stable,features_16,1775840686817.168,1775840686907.163,89.995,17.274,71.722,21.596,32937,5545,200.0,0,0,90.8
2045,mean_dynamic_mobilenetv2,stable,features_16,1775840686911.166,1775840686994.685,83.519,16.510,64.754,24.222,32937,5545,200.0,0,0,92.8
2046,mean_dynamic_mobilenetv2,stable,features_16,1775840686999.043,1775840687091.429,92.386,22.386,68.999,25.000,32937,5545,200.0,0,0,92.9
2047,mean_dynamic_mobilenetv2,stable,features_16,1775840687095.427,1775840687186.779,91.352,18.388,70.964,24.508,32937,5545,200.0,0,0,89.7
2048,mean_dynamic_mobilenetv2,stable,features_16,1775840687190.780,1775840687297.072,106.292,19.005,86.287,23.707,32937,5545,200.0,0,0,95.5
2049,mean_dynamic_mobilenetv2,stable,features_16,1775840687302.071,1775840687384.710,82.638,15.516,67.123,21.993,32937,5545,200.0,0,0,91.7
2050,mean_dynamic_mobilenetv2,stable,features_16,1775840687388.709,1775840687477.289,88.580,18.010,68.572,23.354,32937,5545,200.0,0,0,96.8
2051,mean_dynamic_mobilenetv2,stable,features_16,1775840687480.291,1775840687568.810,88.519,17.999,70.521,24.543,32937,5545,200.0,0,0,87.7
2052,mean_dynamic_mobilenetv2,stable,features_16,1775840687572.811,1775840687658.890,86.079,17.000,66.612,21.773,32937,5545,200.0,0,0,91.7
2053,mean_dynamic_mobilenetv2,stable,features_16,1775840687662.302,1775840687742.948,80.646,17.517,63.129,20.629,32937,5545,200.0,0,0,86.5
2054,mean_dynamic_mobilenetv2,stable,features_16,1775840687746.947,1775840687837.968,91.021,17.003,73.019,24.966,32937,5545,200.0,0,0,87.8
2055,mean_dynamic_mobilenetv2,stable,features_16,1775840687842.323,1775840687933.396,91.072,16.009,73.063,25.485,32937,5545,200.0,0,0,90.7
2056,mean_dynamic_mobilenetv2,stable,features_16,1775840687937.395,1775840688025.861,88.466,18.553,68.915,23.695,32937,5545,200.0,0,0,90.7
2057,mean_dynamic_mobilenetv2,stable,features_16,1775840688029.861,1775840688114.518,84.657,16.651,67.007,21.916,32937,5545,200.0,0,0,87.5
2058,mean_dynamic_mobilenetv2,stable,features_16,1775840688118.029,1775840688204.064,86.035,18.031,68.005,23.230,32937,5545,200.0,0,0,90.6
2059,mean_dynamic_mobilenetv2,stable,features_16,1775840688208.398,1775840688287.911,79.513,10.512,66.996,24.641,32937,5545,200.0,0,0,78.8
2060,mean_dynamic_mobilenetv2,stable,features_16,1775840688292.911,1775840688373.451,80.540,13.010,67.530,21.734,32937,5545,200.0,0,0,77.1
2061,mean_dynamic_mobilenetv2,stable,features_16,1775840688377.435,1775840688459.016,81.581,12.031,69.550,24.446,32937,5545,200.0,0,0,78.8
2062,mean_dynamic_mobilenetv2,stable,features_16,1775840688462.980,1775840688542.495,79.515,11.044,67.471,22.702,32937,5545,200.0,0,0,81.4
2063,mean_dynamic_mobilenetv2,stable,features_16,1775840688545.740,1775840688618.124,72.384,12.905,59.479,18.149,32937,5545,200.0,0,0,84.3
2064,mean_dynamic_mobilenetv2,stable,features_16,1775840688622.309,1775840688748.595,126.287,12.001,114.285,25.924,32937,5545,200.0,0,0,81.4
2065,mean_dynamic_mobilenetv2,stable,features_16,1775840688752.594,1775840688838.208,85.613,13.005,70.110,23.750,32937,5545,200.0,0,0,88.7
2066,mean_dynamic_mobilenetv2,stable,features_16,1775840688842.968,1775840688931.003,88.035,19.083,65.951,23.213,32937,5545,200.0,0,0,97.0
2067,mean_dynamic_mobilenetv2,stable,features_16,1775840688936.002,1775840689023.263,87.261,23.792,63.469,20.059,32937,5545,200.0,0,0,92.6
2068,mean_dynamic_mobilenetv2,stable,features_16,1775840689027.261,1775840689116.072,88.811,15.212,71.601,25.023,32937,5545,200.0,0,0,84.4
2069,mean_dynamic_mobilenetv2,stable,features_16,1775840689120.586,1775840689209.666,89.081,18.001,70.079,24.203,32937,5545,200.0,0,0,84.7
2070,mean_dynamic_mobilenetv2,stable,features_16,1775840689214.020,1775840689299.669,85.649,19.857,64.789,20.773,32937,5545,200.0,0,0,96.9
2071,mean_dynamic_mobilenetv2,stable,features_16,1775840689303.691,1775840689388.557,84.866,20.055,63.810,19.375,32937,5545,200.0,0,0,95.8
2072,mean_dynamic_mobilenetv2,stable,features_16,1775840689392.744,1775840689484.188,91.443,21.359,70.084,21.607,32937,5545,200.0,0,0,96.9
2073,mean_dynamic_mobilenetv2,stable,features_16,1775840689488.514,1775840689573.463,84.949,20.006,61.946,20.355,32937,5545,200.0,0,0,99.0
2074,mean_dynamic_mobilenetv2,stable,features_16,1775840689577.846,1775840689670.835,92.990,19.242,72.749,25.117,32937,5545,200.0,0,0,92.9
2075,mean_dynamic_mobilenetv2,stable,features_16,1775840689674.307,1775840689763.550,89.243,18.998,69.246,23.451,32937,5545,200.0,0,0,92.8
2076,mean_dynamic_mobilenetv2,stable,features_16,1775840689767.901,1775840689854.356,86.455,20.000,65.456,22.011,32937,5545,200.0,0,0,98.0
2077,mean_dynamic_mobilenetv2,stable,features_16,1775840689858.218,1775840689947.804,89.586,22.437,66.044,21.748,32937,5545,200.0,0,0,99.0
2078,mean_dynamic_mobilenetv2,stable,features_16,1775840689951.804,1775840690042.749,90.945,21.000,69.945,23.835,32937,5545,200.0,0,0,99.0
2079,mean_dynamic_mobilenetv2,stable,features_16,1775840690047.021,1775840690141.068,94.047,21.566,71.134,25.068,32937,5545,200.0,0,0,93.8
2080,mean_dynamic_mobilenetv2,stable,features_16,1775840690144.559,1775840690232.163,87.604,19.574,66.032,24.514,32937,5545,200.0,0,0,94.9
2081,mean_dynamic_mobilenetv2,stable,features_16,1775840690236.624,1775840690329.029,92.405,21.796,69.610,23.321,32937,5545,200.0,0,0,97.9
2082,mean_dynamic_mobilenetv2,stable,features_16,1775840690332.732,1775840690428.559,95.828,23.550,70.266,26.010,32937,5545,200.0,0,0,96.0
2083,mean_dynamic_mobilenetv2,stable,features_16,1775840690433.752,1775840690540.609,106.857,21.785,83.074,26.771,32937,5545,200.0,0,0,99.3
2084,mean_dynamic_mobilenetv2,stable,features_16,1775840690545.056,1775840690638.963,93.906,26.391,66.515,23.601,32937,5545,200.0,0,0,99.0
2085,mean_dynamic_mobilenetv2,stable,features_16,1775840690642.166,1775840690728.570,86.404,20.124,64.091,20.594,32937,5545,200.0,0,0,97.9
2086,mean_dynamic_mobilenetv2,stable,features_16,1775840690732.567,1775840690829.866,97.299,23.742,72.557,26.365,32937,5545,200.0,0,0,98.0
2087,mean_dynamic_mobilenetv2,stable,features_16,1775840690834.347,1775840690930.433,96.086,20.416,72.668,27.208,32937,5545,200.0,0,0,99.1
2088,mean_dynamic_mobilenetv2,stable,features_16,1775840690934.432,1775840691035.430,100.998,29.190,70.365,25.329,32937,5545,200.0,0,0,100.0
2089,mean_dynamic_mobilenetv2,stable,features_16,1775840691039.543,1775840691129.983,90.440,18.479,71.961,25.131,32937,5545,200.0,0,0,96.9
2090,mean_dynamic_mobilenetv2,stable,features_16,1775840691134.059,1775840691222.714,88.655,19.329,68.327,23.927,32937,5545,200.0,0,0,97.0
2091,mean_dynamic_mobilenetv2,stable,features_16,1775840691226.941,1775840691319.331,92.389,23.473,66.729,23.030,32937,5545,200.0,0,0,97.0
2092,mean_dynamic_mobilenetv2,stable,features_16,1775840691323.850,1775840691417.203,93.353,22.034,70.321,24.339,32937,5545,200.0,0,0,94.8
2093,mean_dynamic_mobilenetv2,stable,features_16,1775840691421.715,1775840691515.024,93.309,21.381,71.928,25.010,32937,5545,200.0,0,0,94.9
2094,mean_dynamic_mobilenetv2,stable,features_16,1775840691519.025,1775840691610.239,91.214,23.767,65.436,20.172,32937,5545,200.0,0,0,95.8
2095,mean_dynamic_mobilenetv2,stable,features_16,1775840691615.236,1775840691695.798,80.562,19.518,61.044,19.228,32937,5545,200.0,0,0,94.9
2096,mean_dynamic_mobilenetv2,stable,features_16,1775840691699.806,1775840691791.351,91.545,20.015,69.174,24.711,32937,5545,200.0,0,0,93.8
2097,mean_dynamic_mobilenetv2,stable,features_16,1775840691795.054,1775840691902.172,107.118,31.198,73.588,25.768,32937,5545,200.0,0,0,100.0
2098,mean_dynamic_mobilenetv2,stable,features_16,1775840691907.178,1775840692018.602,111.424,28.514,82.909,22.619,32937,5545,200.0,0,0,100.0
2099,mean_dynamic_mobilenetv2,stable,features_16,1775840692022.625,1775840692126.993,104.368,22.456,80.910,24.207,32937,5545,200.0,0,0,99.1
2100,mean_dynamic_mobilenetv2,stable,features_16,1775840692131.531,1775840692230.820,99.288,26.618,72.670,24.127,32937,5545,200.0,0,0,100.0
2101,mean_dynamic_mobilenetv2,stable,features_16,1775840692236.525,1775840692328.659,92.134,25.811,65.189,20.370,32937,5545,200.0,0,0,100.0
2102,mean_dynamic_mobilenetv2,stable,features_16,1775840692333.079,1775840692425.158,92.079,22.544,68.440,24.975,32937,5545,200.0,0,0,96.9
2103,mean_dynamic_mobilenetv2,stable,features_16,1775840692428.902,1775840692507.557,78.655,16.032,61.615,18.693,32937,5545,200.0,0,0,99.0
2104,mean_dynamic_mobilenetv2,stable,features_16,1775840692519.666,1775840692634.104,114.438,44.476,67.477,25.626,32937,5545,200.0,0,0,94.1
2105,mean_dynamic_mobilenetv2,stable,features_16,1775840692638.251,1775840692732.685,94.434,27.840,66.594,22.729,32937,5545,200.0,0,0,92.7
2106,mean_dynamic_mobilenetv2,stable,features_16,1775840692737.104,1775840692838.894,101.790,19.088,80.270,28.147,32937,5545,200.0,0,0,91.1
2107,mean_dynamic_mobilenetv2,stable,features_16,1775840692843.165,1775840692931.916,88.752,15.443,71.308,27.740,32937,5545,200.0,0,0,91.7
2108,mean_dynamic_mobilenetv2,stable,features_16,1775840692935.916,1775840693017.966,82.050,16.911,63.140,16.643,32937,5545,200.0,0,0,97.5
2109,mean_dynamic_mobilenetv2,stable,features_16,1775840693021.585,1775840693111.178,89.593,21.459,66.136,23.638,32937,5545,200.0,0,0,95.9
2110,mean_dynamic_mobilenetv2,stable,features_16,1775840693114.591,1775840693203.518,88.927,16.344,72.583,26.549,32937,5545,200.0,0,0,91.8
2111,mean_dynamic_mobilenetv2,stable,features_16,1775840693207.877,1775840693297.164,89.287,15.814,72.966,25.820,32937,5545,200.0,0,0,92.7
2112,mean_dynamic_mobilenetv2,stable,features_16,1775840693301.668,1775840693393.840,92.172,22.216,69.956,23.661,32937,5545,200.0,0,0,87.8
2113,mean_dynamic_mobilenetv2,stable,features_16,1775840693398.438,1775840693504.472,106.034,17.004,88.030,21.209,32937,5545,200.0,0,0,89.5
2114,mean_dynamic_mobilenetv2,stable,features_16,1775840693508.742,1775840693607.427,98.685,17.244,80.442,34.667,32937,5545,200.0,0,0,89.3
2115,mean_dynamic_mobilenetv2,stable,features_16,1775840693611.428,1775840693710.964,99.536,19.706,77.830,21.850,32937,5545,200.0,0,0,87.6
2116,mean_dynamic_mobilenetv2,stable,features_16,1775840693714.186,1775840693822.554,108.368,16.455,91.913,37.158,32937,5545,200.0,0,0,91.5
2117,mean_dynamic_mobilenetv2,stable,features_16,1775840693827.021,1775840693914.505,87.484,23.375,63.108,20.926,32937,5545,200.0,0,0,91.2
2118,mean_dynamic_mobilenetv2,stable,features_16,1775840693918.505,1775840694002.875,84.370,15.515,67.854,22.711,32937,5545,200.0,0,0,93.8
2119,mean_dynamic_mobilenetv2,stable,features_16,1775840694006.963,1775840694105.763,98.801,22.154,74.645,26.197,32937,5545,200.0,0,0,93.8
2120,mean_dynamic_mobilenetv2,stable,features_16,1775840694109.053,1775840694200.328,91.275,18.531,72.744,26.552,32937,5545,200.0,0,0,94.8
2121,mean_dynamic_mobilenetv2,stable,features_16,1775840694205.337,1775840694299.116,93.779,18.593,74.187,23.624,32937,5545,200.0,0,0,100.0
2122,mean_dynamic_mobilenetv2,stable,features_16,1775840694304.305,1775840694419.693,115.388,18.098,94.788,36.011,32937,5545,200.0,0,0,98.5
2123,mean_dynamic_mobilenetv2,stable,features_16,1775840694424.208,1775840694565.711,141.503,26.928,112.367,19.674,32937,5545,200.0,0,0,98.7
2124,mean_dynamic_mobilenetv2,stable,features_16,1775840694569.299,1775840694669.776,100.477,25.841,73.637,25.163,32937,5545,200.0,0,0,92.0
2125,mean_dynamic_mobilenetv2,stable,features_16,1775840694673.135,1775840694809.779,136.644,21.003,115.641,29.142,32937,5545,200.0,0,0,97.3
2126,mean_dynamic_mobilenetv2,stable,features_16,1775840694813.781,1775840694902.166,88.385,23.005,64.379,20.855,32937,5545,200.0,0,0,99.0
2127,mean_dynamic_mobilenetv2,stable,features_16,1775840694906.166,1775840695023.107,116.941,30.518,84.918,23.052,32937,5545,200.0,0,0,99.1
2128,mean_dynamic_mobilenetv2,stable,features_16,1775840695027.119,1775840695124.827,97.708,27.885,68.824,22.271,32937,5545,200.0,0,0,93.9
2129,mean_dynamic_mobilenetv2,stable,features_16,1775840695129.826,1775840695241.268,111.442,18.467,91.976,25.442,32937,5545,200.0,0,0,93.9
2130,mean_dynamic_mobilenetv2,stable,features_16,1775840695245.594,1775840695333.406,87.812,21.740,64.569,20.378,32937,5545,200.0,0,0,96.0
2131,mean_dynamic_mobilenetv2,stable,features_16,1775840695337.616,1775840695425.678,88.062,23.579,63.483,19.207,32937,5545,200.0,0,0,100.0
2132,mean_dynamic_mobilenetv2,stable,features_16,1775840695430.179,1775840695523.446,93.267,25.217,66.048,20.681,32937,5545,200.0,0,0,99.0
2133,mean_dynamic_mobilenetv2,stable,features_16,1775840695527.735,1775840695624.771,97.036,24.375,72.661,23.601,32937,5545,200.0,0,0,93.9
2134,mean_dynamic_mobilenetv2,stable,features_16,1775840695628.769,1775840695722.558,93.789,17.002,75.787,27.903,32937,5545,200.0,0,0,92.8
2135,mean_dynamic_mobilenetv2,stable,features_16,1775840695726.935,1775840695821.682,94.747,26.861,66.887,23.400,32937,5545,200.0,0,0,99.1
2136,mean_dynamic_mobilenetv2,stable,features_16,1775840695825.199,1775840695906.803,81.604,18.374,60.186,19.353,32937,5545,200.0,0,0,100.0
2137,mean_dynamic_mobilenetv2,stable,features_16,1775840695911.821,1775840696016.307,104.487,36.490,65.833,22.939,32937,5545,200.0,0,0,98.3
2138,mean_dynamic_mobilenetv2,stable,features_16,1775840696020.309,1775840696125.144,104.835,21.526,82.308,25.479,32937,5545,200.0,0,0,96.6
2139,mean_dynamic_mobilenetv2,stable,features_16,1775840696129.154,1775840696229.936,100.782,20.045,80.738,23.984,32937,5545,200.0,0,0,95.0
2140,mean_dynamic_mobilenetv2,stable,features_16,1775840696234.958,1775840696320.704,85.746,19.521,66.225,23.674,32937,5545,200.0,0,0,97.1
2141,mean_dynamic_mobilenetv2,stable,features_16,1775840696325.943,1775840696408.726,82.783,20.073,61.556,18.744,32937,5545,200.0,0,0,97.6
2142,mean_dynamic_mobilenetv2,stable,features_16,1775840696412.735,1775840696507.176,94.441,21.004,71.438,26.842,32937,5545,200.0,0,0,98.0
2143,mean_dynamic_mobilenetv2,stable,features_16,1775840696510.949,1775840696642.569,131.620,19.469,109.149,40.233,32937,5545,200.0,0,0,95.3
2144,mean_dynamic_mobilenetv2,stable,features_16,1775840696646.567,1775840696737.299,90.732,21.003,69.729,24.238,32937,5545,200.0,0,0,98.0
2145,mean_dynamic_mobilenetv2,stable,features_16,1775840696741.915,1775840696826.530,84.616,12.058,70.551,25.106,32937,5545,200.0,0,0,91.8
2146,mean_dynamic_mobilenetv2,stable,features_16,1775840696829.605,1775840696917.438,87.833,19.000,67.832,22.032,32937,5545,200.0,0,0,91.7
2147,mean_dynamic_mobilenetv2,stable,features_16,1775840696921.438,1775840697003.483,82.045,14.522,67.523,21.494,32937,5545,200.0,0,0,90.0
2148,mean_dynamic_mobilenetv2,stable,features_16,1775840697008.372,1775840697087.892,79.520,12.010,66.506,21.890,32937,5545,200.0,0,0,86.5
2149,mean_dynamic_mobilenetv2,stable,features_16,1775840697090.888,1775840697188.824,97.936,17.780,79.154,19.847,32937,5545,200.0,0,0,82.3
2150,mean_dynamic_mobilenetv2,stable,features_16,1775840697192.822,1775840697292.506,99.684,17.001,80.679,23.801,32937,5545,200.0,0,0,85.1
2151,mean_dynamic_mobilenetv2,stable,features_16,1775840697296.502,1775840697381.264,84.761,16.007,66.753,22.164,32937,5545,200.0,0,0,82.5
2152,mean_dynamic_mobilenetv2,stable,features_16,1775840697384.267,1775840697474.162,89.896,15.999,71.898,24.761,32937,5545,200.0,0,0,87.5
2153,mean_dynamic_mobilenetv2,stable,features_16,1775840697477.642,1775840697568.270,90.628,17.998,71.403,26.014,32937,5545,200.0,0,0,86.5
2154,mean_dynamic_mobilenetv2,stable,features_16,1775840697571.281,1775840697650.012,78.731,13.997,64.734,23.560,32937,5545,200.0,0,0,85.6
2155,mean_dynamic_mobilenetv2,stable,features_16,1775840697654.238,1775840697734.290,80.052,16.394,62.657,20.559,32937,5545,200.0,0,0,83.8
2156,mean_dynamic_mobilenetv2,stable,features_16,1775840697738.321,1775840697824.188,85.868,16.019,68.476,25.063,32937,5545,200.0,0,0,92.8
2157,mean_dynamic_mobilenetv2,stable,features_16,1775840697828.511,1775840697926.875,98.364,26.115,69.574,22.779,32937,5545,200.0,0,0,99.0
2158,mean_dynamic_mobilenetv2,stable,features_16,1775840697931.882,1775840698028.083,96.201,27.165,66.547,24.650,32937,5545,200.0,0,0,96.6
2159,mean_dynamic_mobilenetv2,stable,features_16,1775840698031.699,1775840698134.499,102.799,36.111,64.498,20.407,32937,5545,200.0,0,0,97.4
2160,mean_dynamic_mobilenetv2,stable,features_16,1775840698138.988,1775840698306.003,167.015,94.356,70.658,23.774,32937,5545,200.0,0,0,100.0
2161,mean_dynamic_mobilenetv2,stable,features_16,1775840698314.010,1775840698454.512,140.501,69.760,69.299,21.513,32937,5545,200.0,0,0,96.7
2162,mean_dynamic_mobilenetv2,stable,features_16,1775840698463.008,1775840698649.665,186.657,116.004,69.431,20.134,32937,5545,200.0,0,0,97.7
2163,mean_dynamic_mobilenetv2,stable,features_16,1775840698655.675,1775840698846.719,191.043,115.333,73.712,27.713,32937,5545,200.0,0,0,100.0
2164,mean_dynamic_mobilenetv2,stable,features_16,1775840698856.863,1775840699047.912,191.048,116.250,70.803,22.157,32937,5545,200.0,0,0,99.1
2165,mean_dynamic_mobilenetv2,stable,features_16,1775840699058.944,1775840699204.016,145.072,72.147,70.925,22.361,32937,5545,200.0,0,0,97.0
2166,mean_dynamic_mobilenetv2,stable,features_16,1775840699212.594,1775840699363.876,151.281,65.589,84.564,40.092,32937,5545,200.0,0,0,98.2
2167,mean_dynamic_mobilenetv2,stable,features_16,1775840699372.544,1775840699488.635,116.090,44.043,71.044,25.971,32937,5545,200.0,0,0,91.6
2168,mean_dynamic_mobilenetv2,stable,features_16,1775840699492.635,1775840699696.804,204.169,130.862,70.254,23.402,32937,5545,200.0,1,0,99.6
2169,mean_dynamic_mobilenetv2,stable,features_16,1775840699705.275,1775840699859.636,154.361,82.783,70.575,25.112,32937,5545,200.0,0,0,97.0
2170,mean_dynamic_mobilenetv2,stable,features_16,1775840699866.758,1775840700098.601,231.843,157.906,72.788,22.580,32937,5545,200.0,1,0,100.0
2171,mean_dynamic_mobilenetv2,stable,features_16,1775840700109.724,1775840700335.860,226.136,109.924,108.837,25.765,32937,5545,200.0,1,0,99.2
2172,mean_dynamic_mobilenetv2,stable,features_16,1775840700346.862,1775840700529.511,182.649,105.696,75.940,27.670,32937,5545,200.0,0,0,97.7
2173,mean_dynamic_mobilenetv2,stable,features_16,1775840700538.510,1775840700668.036,129.526,59.000,69.527,24.611,32937,5545,200.0,0,0,95.3
2174,mean_dynamic_mobilenetv2,stable,features_16,1775840700677.034,1775840700823.698,146.664,69.388,75.119,27.269,32937,5545,200.0,0,0,100.0
2175,mean_dynamic_mobilenetv2,stable,features_16,1775840700829.621,1775840700969.744,140.123,61.121,76.999,29.454,32937,5545,200.0,0,0,100.0
2176,mean_dynamic_mobilenetv2,stable,features_16,1775840700974.742,1775840701128.192,153.450,78.207,73.244,25.989,32937,5545,200.0,0,0,99.4
2177,mean_dynamic_mobilenetv2,stable,features_16,1775840701136.713,1775840701316.811,180.098,105.922,72.178,24.400,32937,5545,200.0,0,0,99.5
2178,mean_dynamic_mobilenetv2,stable,features_16,1775840701326.311,1775840701491.061,164.750,88.498,69.404,22.524,32937,5545,200.0,0,0,100.0
2179,mean_dynamic_mobilenetv2,stable,features_16,1775840701499.071,1775840701660.880,161.810,81.896,78.914,23.397,32937,5545,200.0,0,0,98.4
2180,mean_dynamic_mobilenetv2,stable,features_16,1775840701674.339,1775840701811.551,137.212,63.880,71.336,23.730,32937,5545,200.0,0,0,99.4
2181,mean_dynamic_mobilenetv2,stable,features_16,1775840701820.844,1775840702033.553,212.709,143.244,66.196,22.162,32937,5545,200.0,1,0,100.0
2182,mean_dynamic_mobilenetv2,stable,features_16,1775840702045.738,1775840702226.639,180.901,108.536,72.365,25.210,32937,5545,200.0,0,0,98.6
2183,mean_dynamic_mobilenetv2,stable,features_16,1775840702235.872,1775840702409.984,174.113,87.360,86.753,27.137,32937,5545,200.0,0,0,97.8
2184,mean_dynamic_mobilenetv2,stable,features_16,1775840702416.998,1775840702579.387,162.389,84.968,76.418,22.349,32937,5545,200.0,0,0,94.5
2185,mean_dynamic_mobilenetv2,stable,features_16,1775840702588.385,1775840702736.169,147.783,68.001,76.780,22.115,32937,5545,200.0,0,0,97.6
2186,mean_dynamic_mobilenetv2,stable,features_16,1775840702745.885,1775840702895.513,149.629,80.099,68.531,21.206,32937,5545,200.0,0,0,98.2
2187,mean_dynamic_mobilenetv2,stable,features_16,1775840702907.782,1775840703088.719,180.937,90.104,89.839,28.395,32937,5545,200.0,0,0,98.6
2188,mean_dynamic_mobilenetv2,stable,features_16,1775840703093.719,1775840703234.904,141.185,61.433,78.749,28.100,32937,5545,200.0,0,0,95.4
2189,mean_dynamic_mobilenetv2,stable,features_16,1775840703241.381,1775840703379.069,137.689,61.000,74.689,23.029,32937,5545,200.0,0,0,99.3
2190,mean_dynamic_mobilenetv2,stable,features_16,1775840703387.375,1775840703504.981,117.606,44.222,71.874,24.263,32937,5545,200.0,0,0,95.4
2191,mean_dynamic_mobilenetv2,stable,features_16,1775840703514.985,1775840703650.347,135.362,62.841,69.473,26.274,32937,5545,200.0,0,0,99.4
2192,mean_dynamic_mobilenetv2,stable,features_16,1775840703660.358,1775840703836.867,176.509,85.531,87.981,32.606,32937,5545,200.0,0,0,100.0
2193,mean_dynamic_mobilenetv2,stable,features_16,1775840703844.867,1775840704092.692,247.825,172.188,74.817,27.362,32937,5545,200.0,1,0,99.3
2194,mean_dynamic_mobilenetv2,stable,features_16,1775840704103.055,1775840704274.854,171.800,95.059,76.026,29.533,32937,5545,200.0,0,0,100.0
2195,mean_dynamic_mobilenetv2,stable,features_16,1775840704286.853,1775840704510.519,223.667,149.183,70.482,22.467,32937,5545,200.0,1,0,99.6
2196,mean_dynamic_mobilenetv2,stable,features_16,1775840704522.378,1775840704701.649,179.271,100.751,76.521,24.009,32937,5545,200.0,0,0,97.0
2197,mean_dynamic_mobilenetv2,stable,features_16,1775840704712.647,1775840704894.156,181.509,104.044,75.454,25.585,32937,5545,200.0,0,0,98.5
2198,mean_dynamic_mobilenetv2,stable,features_16,1775840704911.263,1775840705092.453,181.190,111.363,68.825,24.359,32937,5545,200.0,0,0,100.0
2199,mean_dynamic_mobilenetv2,stable,features_16,1775840705101.477,1775840705272.863,171.386,91.859,76.521,31.144,32937,5545,200.0,0,0,97.8
2200,mean_dynamic_mobilenetv2,stable,features_16,1775840705277.864,1775840705466.955,189.091,114.567,73.153,28.188,32937,5545,200.0,0,0,98.2
2201,mean_dynamic_mobilenetv2,stable,features_16,1775840705475.624,1775840705663.144,187.520,116.345,66.175,24.028,32937,5545,200.0,0,0,98.0
2202,mean_dynamic_mobilenetv2,stable,features_16,1775840705673.439,1775840705851.510,178.071,97.580,76.490,28.262,32937,5545,200.0,0,0,95.8
2203,mean_dynamic_mobilenetv2,stable,features_16,1775840705860.510,1775840706083.615,223.105,112.176,108.919,22.248,32937,5545,200.0,1,0,97.4
2204,mean_dynamic_mobilenetv2,stable,features_16,1775840706093.616,1775840706253.625,160.009,91.479,67.528,21.874,32937,5545,200.0,0,0,96.7
2205,mean_dynamic_mobilenetv2,stable,features_16,1775840706262.624,1775840706445.508,182.884,107.056,74.824,24.613,32937,5545,200.0,0,0,96.0
2206,mean_dynamic_mobilenetv2,stable,features_16,1775840706457.423,1775840706627.872,170.449,87.912,78.264,27.707,32937,5545,200.0,0,0,94.5
2207,mean_dynamic_mobilenetv2,stable,features_16,1775840706633.887,1775840706749.031,115.144,37.059,76.082,30.708,32937,5545,200.0,0,0,93.9
2208,mean_dynamic_mobilenetv2,stable,features_16,1775840706754.030,1775840706869.860,115.830,45.004,69.827,24.287,32937,5545,200.0,0,0,95.5
2209,mean_dynamic_mobilenetv2,stable,features_16,1775840706872.861,1775840707007.106,134.245,58.513,74.722,27.830,32937,5545,200.0,0,0,97.8
2210,mean_dynamic_mobilenetv2,stable,features_16,1775840707011.320,1775840707142.478,131.159,52.949,76.206,26.386,32937,5545,200.0,0,0,93.8
2211,mean_dynamic_mobilenetv2,stable,features_16,1775840707149.475,1775840707257.840,108.364,27.942,80.423,25.508,32937,5545,200.0,0,0,100.0
2212,mean_dynamic_mobilenetv2,stable,features_16,1775840707264.838,1775840707431.656,166.818,51.208,114.607,39.295,32937,5545,200.0,0,0,96.2
2213,mean_dynamic_mobilenetv2,stable,features_16,1775840707438.593,1775840707549.123,110.530,35.001,73.529,27.293,32937,5545,200.0,0,0,93.4
2214,mean_dynamic_mobilenetv2,stable,features_16,1775840707554.122,1775840707687.926,133.804,50.593,81.215,28.445,32937,5545,200.0,0,0,95.3
2215,mean_dynamic_mobilenetv2,stable,features_16,1775840707693.342,1775840707839.112,145.771,68.972,74.797,28.606,32937,5545,200.0,0,0,95.1
2216,mean_dynamic_mobilenetv2,stable,features_16,1775840707847.111,1775840708018.579,171.468,77.471,92.990,27.736,32937,5545,200.0,0,0,97.2
2217,mean_dynamic_mobilenetv2,stable,features_16,1775840708025.829,1775840708150.183,124.354,43.565,78.783,30.047,32937,5545,200.0,0,0,98.0
2218,mean_dynamic_mobilenetv2,stable,features_16,1775840708156.178,1775840708357.984,201.806,84.596,115.213,37.096,32937,5545,200.0,1,0,98.1
2219,mean_dynamic_mobilenetv2,stable,features_16,1775840708365.988,1775840708515.215,149.227,74.044,73.184,22.525,32937,5545,200.0,0,0,99.4
2220,mean_dynamic_mobilenetv2,stable,features_16,1775840708520.215,1775840708680.725,160.510,80.603,73.910,25.831,32937,5545,200.0,0,0,100.0
2221,mean_dynamic_mobilenetv2,stable,features_16,1775840708685.725,1775840708889.404,203.679,91.823,111.856,36.977,32937,5545,200.0,1,0,100.0
2222,mean_dynamic_mobilenetv2,stable,features_16,1775840708907.021,1775840709111.905,204.884,101.756,99.630,31.323,32937,5545,200.0,1,0,99.6
2223,mean_dynamic_mobilenetv2,stable,features_16,1775840709121.027,1775840709284.107,163.080,80.944,81.135,25.828,32937,5545,200.0,0,0,99.4
2224,mean_dynamic_mobilenetv2,stable,features_16,1775840709291.602,1775840709487.364,195.762,82.830,107.500,33.499,32937,5545,200.0,0,0,93.1
2225,mean_dynamic_mobilenetv2,stable,features_16,1775840709496.797,1775840709693.892,197.095,77.668,115.277,39.536,32937,5545,200.0,0,0,98.1
2226,mean_dynamic_mobilenetv2,stable,features_16,1775840709706.471,1775840709861.159,154.688,84.912,67.779,24.920,32937,5545,200.0,0,0,99.4
2227,mean_dynamic_mobilenetv2,stable,features_16,1775840709870.162,1775840710095.512,225.350,113.708,108.644,35.532,32937,5545,200.0,1,0,98.8
2228,mean_dynamic_mobilenetv2,stable,features_16,1775840710105.848,1775840710307.473,201.625,95.194,106.431,34.557,32937,5545,200.0,1,0,97.9
2229,mean_dynamic_mobilenetv2,stable,features_16,1775840710320.475,1775840710479.137,158.662,74.783,78.886,27.748,32937,5545,200.0,0,0,97.8
2230,mean_dynamic_mobilenetv2,stable,features_16,1775840710486.135,1775840710629.594,143.459,74.531,66.928,21.659,32937,5545,200.0,0,0,95.3
2231,mean_dynamic_mobilenetv2,stable,features_16,1775840710642.543,1775840710834.710,192.167,77.497,110.657,37.006,32937,5545,200.0,0,0,94.5
2232,mean_dynamic_mobilenetv2,stable,features_16,1775840710843.229,1775840711055.692,212.463,98.994,108.462,35.975,32937,5545,200.0,1,0,100.0
2233,mean_dynamic_mobilenetv2,stable,features_16,1775840711060.691,1775840711267.908,207.216,93.488,112.729,36.652,32937,5545,200.0,1,0,98.2
2234,mean_dynamic_mobilenetv2,stable,features_16,1775840711276.274,1775840711429.854,153.580,71.822,78.760,27.848,32937,5545,200.0,0,0,98.8
2235,mean_dynamic_mobilenetv2,stable,features_16,1775840711434.855,1775840711578.621,143.766,66.892,74.875,27.003,32937,5545,200.0,0,0,95.7
2236,mean_dynamic_mobilenetv2,stable,features_16,1775840711584.623,1775840711852.742,268.120,110.012,156.609,39.450,32937,5545,200.0,1,0,99.7
2237,mean_dynamic_mobilenetv2,stable,features_16,1775840711861.752,1775840712117.248,255.496,141.204,109.291,37.929,32937,5545,200.0,1,0,97.0
2238,mean_dynamic_mobilenetv2,stable,features_16,1775840712127.790,1775840712305.106,177.316,101.991,74.325,27.363,32937,5545,200.0,0,0,99.0
2239,mean_dynamic_mobilenetv2,stable,features_16,1775840712313.107,1775840712526.827,213.720,102.642,110.079,34.830,32937,5545,200.0,1,0,99.1
2240,mean_dynamic_mobilenetv2,stable,features_16,1775840712537.331,1775840712749.980,212.650,95.552,114.101,40.679,32937,5545,200.0,1,0,98.7
2241,mean_dynamic_mobilenetv2,stable,features_16,1775840712762.914,1775840712969.608,206.694,94.321,109.372,33.957,32937,5545,200.0,1,0,97.0
2242,mean_dynamic_mobilenetv2,stable,features_16,1775840712989.545,1775840713155.290,165.744,58.738,107.007,36.508,32937,5545,200.0,0,0,91.9
2243,mean_dynamic_mobilenetv2,stable,features_16,1775840713161.474,1775840713273.868,112.394,35.407,74.982,25.605,32937,5545,200.0,0,0,94.6
2244,mean_dynamic_mobilenetv2,stable,features_16,1775840713278.865,1775840713410.873,132.008,33.426,97.581,32.934,32937,5545,200.0,0,0,97.8
2245,mean_dynamic_mobilenetv2,stable,features_16,1775840713416.875,1775840713516.540,99.665,28.912,69.756,24.039,32937,5545,200.0,0,0,95.6
2246,mean_dynamic_mobilenetv2,stable,features_16,1775840713522.694,1775840713639.908,117.214,43.689,71.514,23.251,32937,5545,200.0,0,0,100.0
2247,mean_dynamic_mobilenetv2,stable,features_16,1775840713646.362,1775840713827.072,180.710,65.839,113.871,43.128,32937,5545,200.0,0,0,97.9
2248,mean_dynamic_mobilenetv2,stable,features_16,1775840713835.074,1775840714018.345,183.271,99.314,80.947,27.916,32937,5545,200.0,0,0,99.0
2249,mean_dynamic_mobilenetv2,stable,features_16,1775840714028.578,1775840714205.570,176.992,62.974,113.018,40.307,32937,5545,200.0,0,0,94.5
2250,mean_dynamic_mobilenetv2,stable,features_16,1775840714212.569,1775840714370.566,157.997,77.010,78.987,28.718,32937,5545,200.0,0,0,100.0
2251,mean_dynamic_mobilenetv2,stable,features_16,1775840714380.568,1775840714556.656,176.088,75.335,99.752,33.605,32937,5545,200.0,0,0,98.5
2252,mean_dynamic_mobilenetv2,stable,features_16,1775840714563.997,1775840714741.015,177.018,65.488,110.018,38.693,32937,5545,200.0,0,0,96.2
2253,mean_dynamic_mobilenetv2,stable,features_16,1775840714746.210,1775840714891.891,145.681,64.746,80.936,28.677,32937,5545,200.0,0,0,99.4
2254,mean_dynamic_mobilenetv2,stable,features_16,1775840714908.135,1775840715087.543,179.408,98.170,79.240,29.992,32937,5545,200.0,0,0,98.6
2255,mean_dynamic_mobilenetv2,stable,features_16,1775840715093.875,1775840715257.264,163.389,56.466,103.989,35.249,32937,5545,200.0,0,0,96.2
2256,mean_dynamic_mobilenetv2,stable,features_16,1775840715268.664,1775840715461.365,192.701,81.171,106.521,38.592,32937,5545,200.0,0,0,97.2
2257,mean_dynamic_mobilenetv2,stable,features_16,1775840715467.357,1775840715657.005,189.648,73.011,115.630,42.638,32937,5545,200.0,0,0,92.8
2258,mean_dynamic_mobilenetv2,stable,features_16,1775840715663.998,1775840715809.016,145.017,62.472,78.527,28.611,32937,5545,200.0,0,0,96.4
2259,mean_dynamic_mobilenetv2,stable,features_16,1775840715815.027,1775840715992.397,177.369,76.867,98.506,32.494,32937,5545,200.0,0,0,97.9
2260,mean_dynamic_mobilenetv2,stable,features_16,1775840716002.947,1775840716207.065,204.119,92.268,105.852,35.926,32937,5545,200.0,1,0,98.3
2261,mean_dynamic_mobilenetv2,stable,features_16,1775840716213.069,1775840716398.479,185.410,72.035,111.373,37.059,32937,5545,200.0,0,0,95.8
2262,mean_dynamic_mobilenetv2,stable,features_16,1775840716405.478,1775840716584.115,178.637,73.110,103.524,35.040,32937,5545,200.0,0,0,97.8
2263,mean_dynamic_mobilenetv2,stable,features_16,1775840716589.112,1775840716775.395,186.283,78.261,107.024,37.180,32937,5545,200.0,0,0,97.2
2264,mean_dynamic_mobilenetv2,stable,features_16,1775840716783.393,1775840716922.069,138.676,68.937,67.741,19.629,32937,5545,200.0,0,0,95.9
2265,mean_dynamic_mobilenetv2,stable,features_16,1775840716932.361,1775840717112.582,180.221,70.292,107.978,39.861,32937,5545,200.0,0,0,97.5
2266,mean_dynamic_mobilenetv2,stable,features_16,1775840717122.579,1775840717294.594,172.015,93.992,76.027,28.213,32937,5545,200.0,0,0,95.1
2267,mean_dynamic_mobilenetv2,stable,features_16,1775840717303.780,1775840717459.711,155.931,72.670,82.261,28.177,32937,5545,200.0,0,0,96.4
2268,mean_dynamic_mobilenetv2,stable,features_16,1775840717467.710,1775840717651.095,183.385,38.410,143.963,37.941,32937,5545,200.0,0,0,97.7
2269,mean_dynamic_mobilenetv2,stable,features_16,1775840717657.133,1775840717832.426,175.293,67.273,103.022,34.631,32937,5545,200.0,0,0,100.0
2270,mean_dynamic_mobilenetv2,stable,features_16,1775840717842.430,1775840718018.376,175.947,94.455,79.493,25.756,32937,5545,200.0,0,0,98.5
2271,mean_dynamic_mobilenetv2,stable,features_16,1775840718028.377,1775840718189.785,161.408,53.569,106.839,34.934,32937,5545,200.0,0,0,99.5
2272,mean_dynamic_mobilenetv2,stable,features_16,1775840718200.528,1775840718408.916,208.388,96.058,112.330,34.823,32937,5545,200.0,1,0,94.8
2273,mean_dynamic_mobilenetv2,stable,features_16,1775840718415.092,1775840718597.867,182.776,73.543,108.230,40.998,32937,5545,200.0,0,0,93.3
2274,mean_dynamic_mobilenetv2,stable,features_16,1775840718604.979,1775840718807.715,202.737,83.202,118.532,42.267,32937,5545,200.0,1,0,98.7
2275,mean_dynamic_mobilenetv2,stable,features_16,1775840718812.717,1775840718946.821,134.104,59.588,73.517,21.988,32937,5545,200.0,0,0,96.6
2276,mean_dynamic_mobilenetv2,stable,features_16,1775840718958.222,1775840719132.759,174.537,96.938,73.642,20.828,32937,5545,200.0,0,0,98.9
2277,mean_dynamic_mobilenetv2,stable,features_16,1775840719138.759,1775840719317.346,178.588,77.058,100.528,33.629,32937,5545,200.0,0,0,100.0
2278,mean_dynamic_mobilenetv2,stable,features_16,1775840719326.845,1775840719489.482,162.637,79.170,83.467,27.030,32937,5545,200.0,0,0,97.8
2279,mean_dynamic_mobilenetv2,stable,features_16,1775840719495.479,1775840719695.586,200.107,85.670,114.437,39.082,32937,5545,200.0,1,0,95.7
2280,mean_dynamic_mobilenetv2,stable,features_16,1775840719707.586,1775840719909.440,201.854,86.641,110.213,35.516,32937,5545,200.0,1,0,99.1
2281,mean_dynamic_mobilenetv2,stable,features_16,1775840719919.567,1775840720129.360,209.793,128.150,79.640,28.576,32937,5545,200.0,1,0,100.0
2282,mean_dynamic_mobilenetv2,stable,features_16,1775840720137.418,1775840720295.139,157.721,48.819,107.903,37.457,32937,5545,200.0,0,0,96.7
2283,mean_dynamic_mobilenetv2,stable,features_16,1775840720307.990,1775840720505.066,197.076,77.957,116.113,37.013,32937,5545,200.0,0,0,98.6
2284,mean_dynamic_mobilenetv2,stable,features_16,1775840720516.079,1775840720679.988,163.909,81.525,80.385,27.791,32937,5545,200.0,0,0,100.0
2285,mean_dynamic_mobilenetv2,stable,features_16,1775840720690.987,1775840720874.739,183.752,73.119,108.629,38.620,32937,5545,200.0,0,0,97.1
2286,mean_dynamic_mobilenetv2,stable,features_16,1775840720885.737,1775840721093.010,207.272,107.070,100.202,32.222,32937,5545,200.0,1,0,96.1
2287,mean_dynamic_mobilenetv2,stable,features_16,1775840721101.870,1775840721258.229,156.359,41.968,108.875,37.264,32937,5545,200.0,0,0,96.7
2288,mean_dynamic_mobilenetv2,stable,features_16,1775840721267.589,1775840721420.283,152.694,72.015,76.686,28.371,32937,5545,200.0,0,0,96.3
2289,mean_dynamic_mobilenetv2,stable,features_16,1775840721427.283,1775840721601.888,174.605,63.680,108.527,38.339,32937,5545,200.0,0,0,91.4
2290,mean_dynamic_mobilenetv2,stable,features_16,1775840721606.889,1775840721793.748,186.859,76.056,105.808,32.544,32937,5545,200.0,0,0,96.6
2291,mean_dynamic_mobilenetv2,stable,features_16,1775840721803.982,1775840721958.139,154.157,77.053,76.107,27.993,32937,5545,200.0,0,0,96.4
2292,mean_dynamic_mobilenetv2,stable,features_16,1775840721964.467,1775840722121.013,156.547,78.028,75.522,27.223,32937,5545,200.0,0,0,98.4
2293,mean_dynamic_mobilenetv2,stable,features_16,1775840722128.015,1775840722340.728,212.713,101.073,110.638,39.491,32937,5545,200.0,1,0,98.2
2294,mean_dynamic_mobilenetv2,stable,features_16,1775840722346.728,1775840722505.116,158.389,48.014,106.366,35.599,32937,5545,200.0,0,0,96.3
2295,mean_dynamic_mobilenetv2,stable,features_16,1775840722517.117,1775840722690.012,172.896,92.058,80.838,27.179,32937,5545,200.0,0,0,95.5
2296,mean_dynamic_mobilenetv2,stable,features_16,1775840722703.022,1775840722882.102,179.080,68.080,110.000,39.277,32937,5545,200.0,0,0,98.5
2297,mean_dynamic_mobilenetv2,stable,features_16,1775840722894.465,1775840723092.175,197.710,78.852,112.344,33.029,32937,5545,200.0,0,0,99.1
2298,mean_dynamic_mobilenetv2,stable,features_16,1775840723101.181,1775840723327.035,225.854,82.013,142.333,80.626,32937,5545,200.0,1,0,95.9
2299,mean_dynamic_mobilenetv2,stable,features_16,1775840723332.050,1775840723492.756,160.706,47.137,111.568,39.383,32937,5545,200.0,0,0,97.8
2300,mean_dynamic_mobilenetv2,stable,features_16,1775840723496.748,1775840723640.192,143.443,66.437,76.008,26.537,32937,5545,200.0,0,0,98.7
2301,mean_dynamic_mobilenetv2,stable,features_16,1775840723649.191,1775840723824.689,175.499,96.439,76.061,27.544,32937,5545,200.0,0,0,97.6
2302,mean_dynamic_mobilenetv2,stable,features_16,1775840723834.698,1775840724063.658,228.960,111.446,112.988,36.659,32937,5545,200.0,1,0,98.0
2303,mean_dynamic_mobilenetv2,stable,features_16,1775840724070.660,1775840724180.883,110.223,38.121,70.595,23.759,32937,5545,200.0,0,0,94.7
2304,mean_dynamic_mobilenetv2,stable,features_16,1775840724191.654,1775840724353.657,162.003,55.483,104.520,35.319,32937,5545,200.0,0,0,97.8
2305,mean_dynamic_mobilenetv2,stable,features_16,1775840724360.657,1775840724530.116,169.459,95.431,74.028,27.107,32937,5545,200.0,0,0,98.9
2306,mean_dynamic_mobilenetv2,stable,features_16,1775840724535.409,1775840724738.255,202.846,113.193,87.231,25.028,32937,5545,200.0,1,0,99.1
2307,mean_dynamic_mobilenetv2,stable,features_16,1775840724750.145,1775840724966.939,216.794,128.096,87.700,22.851,32937,5545,200.0,1,0,99.6
2308,mean_dynamic_mobilenetv2,stable,features_16,1775840724981.020,1775840725171.568,190.549,76.448,113.098,37.551,32937,5545,200.0,0,0,97.7
2309,mean_dynamic_mobilenetv2,stable,features_16,1775840725176.564,1775840725374.424,197.859,85.339,107.520,37.790,32937,5545,200.0,0,0,96.3
2310,mean_dynamic_mobilenetv2,stable,features_16,1775840725383.422,1775840725540.194,156.771,76.533,77.238,24.051,32937,5545,200.0,0,0,98.9
2311,mean_dynamic_mobilenetv2,stable,features_16,1775840725547.202,1775840725699.338,152.136,74.080,76.056,27.073,32937,5545,200.0,0,0,96.4
2312,mean_dynamic_mobilenetv2,stable,features_16,1775840725705.337,1775840725862.480,157.143,50.851,104.297,36.926,32937,5545,200.0,0,0,97.0
2313,mean_dynamic_mobilenetv2,stable,features_16,1775840725871.814,1775840726073.622,201.807,100.404,100.402,32.130,32937,5545,200.0,1,0,98.7
2314,mean_dynamic_mobilenetv2,stable,features_16,1775840726079.625,1775840726268.178,188.553,72.955,110.584,37.672,32937,5545,200.0,0,0,99.5
2315,mean_dynamic_mobilenetv2,stable,features_16,1775840726277.176,1775840726471.643,194.467,84.029,108.430,40.779,32937,5545,200.0,0,0,95.8
2316,mean_dynamic_mobilenetv2,stable,features_16,1775840726478.116,1775840726648.262,170.146,66.220,101.929,32.218,32937,5545,200.0,0,0,97.0
2317,mean_dynamic_mobilenetv2,stable,features_16,1775840726654.792,1775840726852.911,198.120,80.623,115.987,38.263,32937,5545,200.0,0,0,99.1
2318,mean_dynamic_mobilenetv2,stable,features_16,1775840726866.333,1775840727118.272,251.939,137.941,111.000,39.239,32937,5545,200.0,1,0,97.5
2319,mean_dynamic_mobilenetv2,stable,features_16,1775840727127.278,1775840727306.700,179.422,100.534,77.885,26.732,32937,5545,200.0,0,0,99.0
2320,mean_dynamic_mobilenetv2,stable,features_16,1775840727317.204,1775840727440.507,123.304,48.911,74.393,25.459,32937,5545,200.0,0,0,88.5
2321,mean_dynamic_mobilenetv2,stable,features_16,1775840727447.506,1775840727580.975,133.469,26.406,105.052,37.700,32937,5545,200.0,0,0,95.2
2322,mean_dynamic_mobilenetv2,stable,features_16,1775840727585.982,1775840727737.998,152.016,78.727,72.289,23.757,32937,5545,200.0,0,0,97.6
2323,mean_dynamic_mobilenetv2,stable,features_16,1775840727747.357,1775840727935.704,188.347,79.600,106.744,36.643,32937,5545,200.0,0,0,94.9
2324,mean_dynamic_mobilenetv2,stable,features_16,1775840727942.716,1775840728136.730,194.013,84.276,107.737,37.621,32937,5545,200.0,0,0,98.1
2325,mean_dynamic_mobilenetv2,stable,features_16,1775840728145.746,1775840728304.941,159.195,53.513,102.679,35.922,32937,5545,200.0,0,0,100.0
2326,mean_dynamic_mobilenetv2,stable,features_16,1775840728312.252,1775840728529.292,217.041,92.948,121.094,40.247,32937,5545,200.0,1,0,97.4
2327,mean_dynamic_mobilenetv2,stable,features_16,1775840728535.291,1775840728711.695,176.404,61.746,111.657,37.832,32937,5545,200.0,0,0,98.5
2328,mean_dynamic_mobilenetv2,stable,features_16,1775840728721.140,1775840728908.480,187.340,71.955,112.389,38.876,32937,5545,200.0,0,0,100.0
2329,mean_dynamic_mobilenetv2,stable,features_16,1775840728919.482,1775840729150.849,231.367,106.297,123.071,36.009,32937,5545,200.0,1,0,97.8
2330,mean_dynamic_mobilenetv2,stable,features_16,1775840729156.361,1775840729352.773,196.412,68.400,124.013,47.835,32937,5545,200.0,0,0,96.7
2331,mean_dynamic_mobilenetv2,stable,features_16,1775840729359.579,1775840729531.217,171.638,58.999,111.235,38.047,32937,5545,200.0,0,0,100.0
2332,mean_dynamic_mobilenetv2,stable,features_16,1775840729536.227,1775840729740.567,204.340,88.383,112.958,39.397,32937,5545,200.0,1,0,97.7
2333,mean_dynamic_mobilenetv2,stable,features_16,1775840729749.028,1775840729917.994,168.967,56.796,112.171,39.789,32937,5545,200.0,0,0,98.0
2334,mean_dynamic_mobilenetv2,stable,features_16,1775840729924.994,1775840730075.829,150.834,46.360,103.478,33.514,32937,5545,200.0,0,0,95.8
2335,mean_dynamic_mobilenetv2,stable,features_16,1775840730095.201,1775840730291.598,196.397,91.396,104.099,34.336,32937,5545,200.0,0,0,98.7
2336,mean_dynamic_mobilenetv2,stable,features_16,1775840730301.903,1775840730524.633,222.730,93.179,125.555,37.511,32937,5545,200.0,1,0,99.2
2337,mean_dynamic_mobilenetv2,stable,features_16,1775840730533.015,1775840730730.538,197.522,88.371,107.151,34.298,32937,5545,200.0,0,0,97.7
2338,mean_dynamic_mobilenetv2,stable,features_16,1775840730735.728,1775840730911.755,176.027,100.671,71.358,20.926,32937,5545,200.0,0,0,97.3
2339,mean_dynamic_mobilenetv2,stable,features_16,1775840730920.765,1775840731012.285,91.521,19.002,69.177,25.903,32937,5545,200.0,0,0,86.0
2340,mean_dynamic_mobilenetv2,stable,features_16,1775840731015.284,1775840731102.591,87.306,13.487,71.848,27.383,32937,5545,200.0,0,0,78.4
2341,mean_dynamic_mobilenetv2,stable,features_16,1775840731105.625,1775840731220.474,114.849,10.994,102.848,33.719,32937,5545,200.0,0,0,81.4
2342,mean_dynamic_mobilenetv2,stable,features_16,1775840731224.474,1775840731344.945,120.471,19.007,99.462,34.746,32937,5545,200.0,0,0,89.1
2343,mean_dynamic_mobilenetv2,stable,features_16,1775840731347.945,1775840731460.219,112.274,13.664,96.612,32.993,32937,5545,200.0,0,0,75.9
2344,mean_dynamic_mobilenetv2,stable,features_16,1775840731463.224,1775840731577.346,114.122,12.001,102.121,35.071,32937,5545,200.0,0,0,79.1
2345,mean_dynamic_mobilenetv2,stable,features_16,1775840731580.346,1775840731688.924,108.578,11.002,97.576,31.078,32937,5545,200.0,0,0,78.6
2346,mean_dynamic_mobilenetv2,stable,features_16,1775840731692.963,1775840731809.592,116.629,12.006,102.584,33.900,32937,5545,200.0,0,0,76.6
2347,mean_dynamic_mobilenetv2,stable,features_16,1775840731812.591,1775840731906.179,93.588,11.964,80.626,26.135,32937,5545,200.0,0,0,79.6
2348,mean_dynamic_mobilenetv2,stable,features_16,1775840731910.178,1775840732027.764,117.586,15.999,100.578,33.667,32937,5545,200.0,0,0,81.2
2349,mean_dynamic_mobilenetv2,stable,features_16,1775840732030.765,1775840732148.390,117.625,12.000,104.628,37.417,32937,5545,200.0,0,0,94.4
2350,mean_dynamic_mobilenetv2,stable,features_16,1775840732152.435,1775840732276.853,124.418,17.475,105.943,38.298,32937,5545,200.0,0,0,84.1
2351,mean_dynamic_mobilenetv2,stable,features_16,1775840732280.900,1775840732393.863,112.964,13.186,98.779,32.681,32937,5545,200.0,0,0,85.7
2352,mean_dynamic_mobilenetv2,stable,features_16,1775840732397.864,1775840732526.324,128.461,22.048,106.413,34.137,32937,5545,200.0,0,0,96.7
2353,mean_dynamic_mobilenetv2,stable,features_16,1775840732531.599,1775840732624.433,92.834,20.818,69.015,23.079,32937,5545,200.0,0,0,95.8
2354,mean_dynamic_mobilenetv2,stable,features_16,1775840732629.434,1775840732755.386,125.953,24.006,100.946,32.525,32937,5545,200.0,0,0,85.9
2355,mean_dynamic_mobilenetv2,stable,features_16,1775840732758.936,1775840732878.119,119.183,17.007,102.177,38.910,32937,5545,200.0,0,0,87.0
2356,mean_dynamic_mobilenetv2,stable,features_16,1775840732882.120,1775840733003.009,120.889,20.278,98.615,32.686,32937,5545,200.0,0,0,90.6
2357,mean_dynamic_mobilenetv2,stable,features_16,1775840733007.091,1775840733127.134,120.043,16.034,103.007,35.427,32937,5545,200.0,0,0,92.3
2358,mean_dynamic_mobilenetv2,stable,features_16,1775840733131.136,1775840733259.125,127.989,21.003,104.479,35.813,32937,5545,200.0,0,0,95.2
2359,mean_dynamic_mobilenetv2,stable,features_16,1775840733264.134,1775840733394.316,130.182,24.854,103.900,32.756,32937,5545,200.0,0,0,94.5
2360,mean_dynamic_mobilenetv2,stable,features_16,1775840733398.313,1775840733493.708,95.394,21.409,70.985,27.631,32937,5545,200.0,0,0,92.9
2361,mean_dynamic_mobilenetv2,stable,features_16,1775840733498.708,1775840733624.223,125.515,23.999,101.516,34.894,32937,5545,200.0,0,0,92.3
2362,mean_dynamic_mobilenetv2,stable,features_16,1775840733628.222,1775840733723.417,95.195,12.006,82.192,23.412,32937,5545,200.0,0,0,81.2
2363,mean_dynamic_mobilenetv2,stable,features_16,1775840733727.399,1775840733844.786,117.386,12.039,104.384,36.482,32937,5545,200.0,0,0,76.6
2364,mean_dynamic_mobilenetv2,stable,features_16,1775840733848.753,1775840733966.814,118.061,15.584,102.477,34.162,32937,5545,200.0,0,0,80.5
2365,mean_dynamic_mobilenetv2,stable,features_16,1775840733970.816,1775840734049.821,79.005,10.999,68.006,23.935,32937,5545,200.0,0,0,81.5
2366,mean_dynamic_mobilenetv2,stable,features_16,1775840734053.820,1775840734174.063,120.243,10.515,108.724,39.857,32937,5545,200.0,0,0,79.8
2367,mean_dynamic_mobilenetv2,stable,features_16,1775840734178.136,1775840734289.728,111.591,11.385,98.188,33.577,32937,5545,200.0,0,0,85.2
2368,mean_dynamic_mobilenetv2,stable,features_16,1775840734293.693,1775840734414.802,121.109,17.118,102.991,34.745,32937,5545,200.0,0,0,90.0
2369,mean_dynamic_mobilenetv2,stable,features_16,1775840734417.799,1775840734557.626,139.826,19.000,118.828,36.972,32937,5545,200.0,0,0,91.0
2370,mean_dynamic_mobilenetv2,stable,features_16,1775840734562.148,1775840734686.934,124.786,17.033,107.753,37.734,32937,5545,200.0,0,0,89.9
2371,mean_dynamic_mobilenetv2,stable,features_16,1775840734691.367,1775840735386.878,695.510,19.002,674.505,49.036,32937,5545,200.0,1,0,54.4
2372,mean_dynamic_mobilenetv2,stable,features_16,1775840735393.952,1775840735526.152,132.200,29.183,102.016,36.608,32937,5545,200.0,0,0,78.7
2373,mean_dynamic_mobilenetv2,stable,features_16,1775840735530.917,1775840735662.944,132.027,24.266,106.763,38.426,32937,5545,200.0,0,0,100.0
2374,mean_dynamic_mobilenetv2,stable,features_16,1775840735667.131,1775840735801.787,134.656,27.851,104.806,33.446,32937,5545,200.0,0,0,96.6
2375,mean_dynamic_mobilenetv2,stable,features_16,1775840735806.787,1775840735939.046,132.260,31.612,98.217,31.774,32937,5545,200.0,0,0,96.7
2376,mean_dynamic_mobilenetv2,stable,features_16,1775840735944.653,1775840736047.674,103.021,27.034,73.981,26.459,32937,5545,200.0,0,0,99.2
2377,mean_dynamic_mobilenetv2,stable,features_16,1775840736051.303,1775840736178.826,127.523,25.744,100.322,34.952,32937,5545,200.0,0,0,94.7
2378,mean_dynamic_mobilenetv2,stable,features_16,1775840736182.481,1775840736312.418,129.938,29.672,99.133,32.592,32937,5545,200.0,0,0,91.9
2379,mean_dynamic_mobilenetv2,stable,features_16,1775840736316.507,1775840736404.090,87.583,18.561,66.507,24.761,32937,5545,200.0,0,0,91.7
2380,mean_dynamic_mobilenetv2,stable,features_16,1775840736407.602,1775840736551.291,143.689,19.111,123.577,33.735,32937,5545,200.0,0,0,95.9
2381,mean_dynamic_mobilenetv2,stable,features_16,1775840736555.329,1775840736688.131,132.802,27.531,102.819,31.282,32937,5545,200.0,0,0,91.2
2382,mean_dynamic_mobilenetv2,stable,features_16,1775840736692.130,1775840736791.599,99.469,23.412,74.048,27.574,32937,5545,200.0,0,0,95.6
2383,mean_dynamic_mobilenetv2,stable,features_16,1775840736796.070,1775840736888.755,92.685,25.180,66.507,24.361,32937,5545,200.0,0,0,90.7
2384,mean_dynamic_mobilenetv2,stable,features_16,1775840736892.758,1775840737011.406,118.647,18.046,100.601,33.790,32937,5545,200.0,0,0,93.0
2385,mean_dynamic_mobilenetv2,stable,features_16,1775840737015.406,1775840737147.608,132.202,21.742,108.802,39.326,32937,5545,200.0,0,0,85.3
2386,mean_dynamic_mobilenetv2,stable,features_16,1775840737151.615,1775840737243.664,92.049,15.516,76.533,29.895,32937,5545,200.0,0,0,89.5
2387,mean_dynamic_mobilenetv2,stable,features_16,1775840737248.791,1775840737375.295,126.504,24.336,101.169,32.821,32937,5545,200.0,0,0,90.7
2388,mean_dynamic_mobilenetv2,stable,features_16,1775840737378.297,1775840737498.628,120.331,19.413,99.602,34.057,32937,5545,200.0,0,0,90.2
2389,mean_dynamic_mobilenetv2,stable,features_16,1775840737502.734,1775840737624.193,121.458,18.884,101.575,34.580,32937,5545,200.0,0,0,79.1
2390,mean_dynamic_mobilenetv2,stable,features_16,1775840737628.195,1775840737745.031,116.837,14.000,102.231,36.368,32937,5545,200.0,0,0,82.3
2391,mean_dynamic_mobilenetv2,stable,features_16,1775840737748.028,1775840737820.752,72.724,11.052,60.662,19.623,32937,5545,200.0,0,0,87.8
2392,mean_dynamic_mobilenetv2,stable,features_16,1775840737825.168,1775840737953.211,128.043,17.057,108.985,32.365,32937,5545,200.0,0,0,88.5
2393,mean_dynamic_mobilenetv2,stable,features_16,1775840737956.210,1775840738075.288,119.077,20.331,96.746,30.763,32937,5545,200.0,0,0,85.5
2394,mean_dynamic_mobilenetv2,stable,features_16,1775840738078.286,1775840738198.560,120.274,12.999,105.274,35.986,32937,5545,200.0,0,0,78.1
2395,mean_dynamic_mobilenetv2,stable,features_16,1775840738201.562,1775840738348.062,146.500,15.390,129.110,33.993,32937,5545,200.0,0,0,86.2
2396,mean_dynamic_mobilenetv2,stable,features_16,1775840738352.072,1775840738484.880,132.809,24.822,106.985,40.510,32937,5545,200.0,0,0,86.6
2397,mean_dynamic_mobilenetv2,stable,features_16,1775840738489.878,1775840738580.191,90.313,20.003,69.312,27.665,32937,5545,200.0,0,0,90.6
2398,mean_dynamic_mobilenetv2,stable,features_16,1775840738584.193,1775840738698.605,114.412,16.000,98.413,32.974,32937,5545,200.0,0,0,85.2
2399,mean_dynamic_mobilenetv2,stable,features_16,1775840738702.607,1775840738825.122,122.515,20.001,101.512,32.178,32937,5545,200.0,0,0,89.8
2400,mean_dynamic_mobilenetv2,stable,features_16,1775840738829.120,1775840738929.173,100.053,18.000,81.052,24.514,32937,5545,200.0,0,0,89.8
2401,mean_dynamic_mobilenetv2,stable,features_16,1775840738933.173,1775840739058.059,124.886,22.958,100.930,34.816,32937,5545,200.0,0,0,89.8
2402,mean_dynamic_mobilenetv2,stable,features_16,1775840739062.062,1775840739186.927,124.865,19.336,102.520,36.753,32937,5545,200.0,0,0,91.6
2403,mean_dynamic_mobilenetv2,stable,features_16,1775840739190.928,1775840739311.449,120.521,20.001,99.520,34.629,32937,5545,200.0,0,0,85.2
2404,mean_dynamic_mobilenetv2,stable,features_16,1775840739314.450,1775840739416.115,101.665,13.998,86.667,24.720,32937,5545,200.0,0,0,85.8
2405,mean_dynamic_mobilenetv2,stable,features_16,1775840739420.115,1775840739507.926,87.811,15.005,72.805,24.590,32937,5545,200.0,0,0,86.5
2406,mean_dynamic_mobilenetv2,stable,features_16,1775840739511.925,1775840739641.592,129.668,18.784,107.883,43.776,32937,5545,200.0,0,0,91.7
2407,mean_dynamic_mobilenetv2,stable,features_16,1775840739645.594,1775840739780.970,135.376,25.371,107.782,36.314,32937,5545,200.0,0,0,93.2
2408,mean_dynamic_mobilenetv2,stable,features_16,1775840739785.803,1775840739923.940,138.137,26.562,109.572,38.460,32937,5545,200.0,0,0,95.3
2409,mean_dynamic_mobilenetv2,stable,features_16,1775840739928.937,1775840740060.819,131.881,23.009,105.526,37.490,32937,5545,200.0,0,0,98.0
2410,mean_dynamic_mobilenetv2,stable,features_16,1775840740064.926,1775840740190.666,125.740,23.102,102.638,32.473,32937,5545,200.0,0,0,96.3
2411,mean_dynamic_mobilenetv2,stable,features_16,1775840740194.670,1775840740327.356,132.686,22.996,107.682,34.642,32937,5545,200.0,0,0,88.3
2412,mean_dynamic_mobilenetv2,stable,features_16,1775840740331.355,1775840740456.371,125.015,17.001,107.014,37.222,32937,5545,200.0,0,0,82.9
2413,mean_dynamic_mobilenetv2,stable,features_16,1775840740459.372,1775840740602.412,143.040,14.519,128.521,82.515,32937,5545,200.0,0,0,86.3
2414,mean_dynamic_mobilenetv2,stable,features_16,1775840740606.415,1775840740692.418,86.003,13.001,73.002,24.637,32937,5545,200.0,0,0,82.9
2415,mean_dynamic_mobilenetv2,stable,features_16,1775840740696.417,1775840740771.437,75.020,9.999,63.524,20.700,32937,5545,200.0,0,0,83.1
2416,mean_dynamic_mobilenetv2,stable,features_16,1775840740774.505,1775840740855.801,81.296,16.422,62.874,19.938,32937,5545,200.0,0,0,84.7
2417,mean_dynamic_mobilenetv2,stable,features_16,1775840740859.798,1775840740976.283,116.485,14.515,101.969,33.023,32937,5545,200.0,0,0,88.5
2418,mean_dynamic_mobilenetv2,stable,features_16,1775840740979.285,1775840741102.117,122.832,16.001,104.831,37.037,32937,5545,200.0,0,0,86.6
2419,mean_dynamic_mobilenetv2,stable,features_16,1775840741105.116,1775840741221.126,116.009,15.000,100.010,34.115,32937,5545,200.0,0,0,79.7
2420,mean_dynamic_mobilenetv2,stable,features_16,1775840741225.126,1775840741354.916,129.790,14.095,114.695,45.626,32937,5545,200.0,0,0,83.3
2421,mean_dynamic_mobilenetv2,stable,features_16,1775840741358.915,1775840741495.163,136.249,12.515,121.734,36.534,32937,5545,200.0,0,0,94.0
2422,mean_dynamic_mobilenetv2,stable,features_16,1775840741498.166,1775840741627.560,129.393,17.999,111.395,37.087,32937,5545,200.0,0,0,93.1
2423,mean_dynamic_mobilenetv2,stable,features_16,1775840741631.560,1775840741732.103,100.543,18.997,78.544,22.699,32937,5545,200.0,0,0,91.3
2424,mean_dynamic_mobilenetv2,stable,features_16,1775840741736.103,1775840741860.305,124.203,18.501,104.699,34.642,32937,5545,200.0,0,0,93.9
2425,mean_dynamic_mobilenetv2,stable,features_16,1775840741869.966,1775840742003.002,133.036,40.416,90.621,41.928,32937,5545,200.0,0,0,92.0
2426,mean_dynamic_mobilenetv2,stable,features_16,1775840742006.002,1775840742129.990,123.988,18.996,103.991,35.786,32937,5545,200.0,0,0,86.9
2427,mean_dynamic_mobilenetv2,stable,features_16,1775840742133.991,1775840742243.456,109.465,15.998,92.467,29.956,32937,5545,200.0,0,0,91.5
2428,mean_dynamic_mobilenetv2,stable,features_16,1775840742247.459,1775840742372.345,124.885,22.525,101.357,34.266,32937,5545,200.0,0,0,93.1
2429,mean_dynamic_mobilenetv2,stable,features_16,1775840742376.343,1775840742469.885,93.543,24.197,69.346,24.387,32937,5545,200.0,0,0,97.0
2430,mean_dynamic_mobilenetv2,stable,features_16,1775840742474.277,1775840742603.029,128.751,24.000,101.697,35.612,32937,5545,200.0,0,0,95.3
2431,mean_dynamic_mobilenetv2,stable,features_16,1775840742607.211,1775840742737.203,129.991,28.947,99.044,32.777,32937,5545,200.0,0,0,97.0
2432,mean_dynamic_mobilenetv2,stable,features_16,1775840742741.202,1775840742875.786,134.584,28.841,103.743,34.473,32937,5545,200.0,0,0,95.9
2433,mean_dynamic_mobilenetv2,stable,features_16,1775840742881.791,1775840742984.636,102.846,33.260,68.586,24.094,32937,5545,200.0,0,0,98.3
2434,mean_dynamic_mobilenetv2,stable,features_16,1775840742988.640,1775840743075.695,87.055,14.406,72.649,21.282,32937,5545,200.0,0,0,84.4
2435,mean_dynamic_mobilenetv2,stable,features_16,1775840743079.694,1775840743201.742,122.048,18.072,103.976,34.973,32937,5545,200.0,0,0,80.6
2436,mean_dynamic_mobilenetv2,stable,features_16,1775840743205.739,1775840743327.449,121.710,15.084,106.626,31.997,32937,5545,200.0,0,0,86.9
2437,mean_dynamic_mobilenetv2,stable,features_16,1775840743331.450,1775840743460.633,129.183,14.002,114.180,31.426,32937,5545,200.0,0,0,88.9
2438,mean_dynamic_mobilenetv2,stable,features_16,1775840743465.209,1775840743571.898,106.689,20.536,84.701,26.230,32937,5545,200.0,0,0,91.1
2439,mean_dynamic_mobilenetv2,stable,features_16,1775840743574.907,1775840743715.455,140.548,17.997,122.551,36.284,32937,5545,200.0,0,0,89.7
2440,mean_dynamic_mobilenetv2,stable,features_16,1775840743719.456,1775840743855.398,135.942,16.041,119.901,43.016,32937,5545,200.0,0,0,89.7
2441,mean_dynamic_mobilenetv2,stable,features_16,1775840743859.399,1775840743987.645,128.246,19.995,108.250,36.163,32937,5545,200.0,0,0,95.4
2442,mean_dynamic_mobilenetv2,stable,features_16,1775840743992.642,1775840744115.926,123.284,18.439,103.842,37.002,32937,5545,200.0,0,0,93.0
2443,mean_dynamic_mobilenetv2,stable,features_16,1775840744120.925,1775840744217.744,96.820,23.072,72.546,23.510,32937,5545,200.0,0,0,93.1
2444,mean_dynamic_mobilenetv2,stable,features_16,1775840744222.744,1775840744371.378,148.634,22.181,122.941,37.427,32937,5545,200.0,0,0,97.6
2445,mean_dynamic_mobilenetv2,stable,features_16,1775840744376.378,1775840744516.408,140.030,34.617,104.412,33.294,32937,5545,200.0,0,0,98.0
2446,mean_dynamic_mobilenetv2,stable,features_16,1775840744521.410,1775840744672.526,151.116,31.610,117.495,30.121,32937,5545,200.0,0,0,92.9
2447,mean_dynamic_mobilenetv2,stable,features_16,1775840744676.527,1775840744766.881,90.354,22.005,67.349,23.662,32937,5545,200.0,0,0,90.6
2448,mean_dynamic_mobilenetv2,stable,features_16,1775840744770.391,1775840744900.687,130.296,20.008,108.290,35.241,32937,5545,200.0,0,0,90.5
2449,mean_dynamic_mobilenetv2,stable,features_16,1775840744904.916,1775840744990.802,85.885,15.999,67.887,24.041,32937,5545,200.0,0,0,85.0
2450,mean_dynamic_mobilenetv2,stable,features_16,1775840744993.803,1775840745110.490,116.687,16.000,100.687,35.530,32937,5545,200.0,0,0,86.3
2451,mean_dynamic_mobilenetv2,stable,features_16,1775840745114.487,1775840745197.561,83.074,13.000,68.071,22.883,32937,5545,200.0,0,0,88.9
2452,mean_dynamic_mobilenetv2,stable,features_16,1775840745201.566,1775840745321.279,119.713,14.994,103.718,36.573,32937,5545,200.0,0,0,84.0
2453,mean_dynamic_mobilenetv2,stable,features_16,1775840745325.278,1775840745423.765,98.487,22.002,75.485,26.973,32937,5545,200.0,0,0,89.0
2454,mean_dynamic_mobilenetv2,stable,features_16,1775840745426.762,1775840745509.575,82.812,14.052,67.770,21.901,32937,5545,200.0,0,0,80.8
2455,mean_dynamic_mobilenetv2,stable,features_16,1775840745513.573,1775840745635.625,122.053,13.032,106.990,33.090,32937,5545,200.0,0,0,79.2
2456,mean_dynamic_mobilenetv2,stable,features_16,1775840745638.630,1775840745761.300,122.670,14.996,106.673,35.055,32937,5545,200.0,0,0,80.5
2457,mean_dynamic_mobilenetv2,stable,features_16,1775840745764.301,1775840745845.872,81.572,11.512,70.060,22.621,32937,5545,200.0,0,0,77.5
2458,mean_dynamic_mobilenetv2,stable,features_16,1775840745848.809,1775840745964.443,115.635,10.039,102.584,35.677,32937,5545,200.0,0,0,89.2
2459,mean_dynamic_mobilenetv2,stable,features_16,1775840745968.444,1775840746090.858,122.414,20.524,100.891,34.711,32937,5545,200.0,0,0,81.2
2460,mean_dynamic_mobilenetv2,stable,features_16,1775840746094.860,1775840746174.704,79.844,17.000,60.463,19.368,32937,5545,200.0,0,0,87.7
2461,mean_dynamic_mobilenetv2,stable,features_16,1775840746179.318,1775840746360.702,181.384,20.792,159.593,96.603,32937,5545,200.0,0,0,96.0
2462,mean_dynamic_mobilenetv2,stable,features_16,1775840746364.704,1775840746492.710,128.006,22.606,104.396,35.058,32937,5545,200.0,0,0,93.1
2463,mean_dynamic_mobilenetv2,stable,features_16,1775840746496.708,1775840746594.230,97.521,19.998,76.520,25.419,32937,5545,200.0,0,0,89.6
2464,mean_dynamic_mobilenetv2,stable,features_16,1775840746599.227,1775840746685.233,86.006,20.000,65.006,21.249,32937,5545,200.0,0,0,90.9
2465,mean_dynamic_mobilenetv2,stable,features_16,1775840746689.235,1775840746810.852,121.618,19.998,100.279,33.458,32937,5545,200.0,0,0,92.2
2466,mean_dynamic_mobilenetv2,stable,features_16,1775840746814.947,1775840746940.284,125.338,22.066,102.264,33.412,32937,5545,200.0,0,0,97.8
2467,mean_dynamic_mobilenetv2,stable,features_16,1775840746944.375,1775840747082.037,137.662,27.607,106.998,36.916,32937,5545,200.0,0,0,92.5
2468,mean_dynamic_mobilenetv2,stable,features_16,1775840747087.038,1775840747172.561,85.523,17.998,65.008,23.762,32937,5545,200.0,0,0,85.4
2469,mean_dynamic_mobilenetv2,stable,features_16,1775840747176.567,1775840747257.750,81.183,15.000,66.183,21.134,32937,5545,200.0,0,0,92.9
2470,mean_dynamic_mobilenetv2,stable,features_16,1775840747261.379,1775840747397.597,136.217,20.212,113.997,44.308,32937,5545,200.0,0,0,87.3
2471,mean_dynamic_mobilenetv2,stable,features_16,1775840747401.790,1775840747533.929,132.139,23.487,107.645,40.962,32937,5545,200.0,0,0,90.5
2472,mean_dynamic_mobilenetv2,stable,features_16,1775840747536.923,1775840747619.604,82.680,16.320,63.234,21.191,32937,5545,200.0,0,0,90.8
2473,mean_dynamic_mobilenetv2,stable,features_16,1775840747623.604,1775840747750.124,126.520,23.000,102.521,34.182,32937,5545,200.0,0,0,84.4
2474,mean_dynamic_mobilenetv2,stable,features_16,1775840747753.122,1775840747872.216,119.094,18.008,101.085,35.825,32937,5545,200.0,0,0,85.3
2475,mean_dynamic_mobilenetv2,stable,features_16,1775840747876.592,1775840747999.154,122.562,19.000,102.438,35.025,32937,5545,200.0,0,0,92.2
2476,mean_dynamic_mobilenetv2,stable,features_16,1775840748004.155,1775840748126.985,122.830,16.002,104.821,38.291,32937,5545,200.0,0,0,83.6
2477,mean_dynamic_mobilenetv2,stable,features_16,1775840748131.983,1775840748223.464,91.480,19.345,71.136,25.862,32937,5545,200.0,0,0,90.7
2478,mean_dynamic_mobilenetv2,stable,features_16,1775840748227.465,1775840748353.352,125.887,19.048,104.876,36.479,32937,5545,200.0,0,0,79.2
2479,mean_dynamic_mobilenetv2,stable,features_16,1775840748357.350,1775840748454.462,97.113,15.105,80.010,22.458,32937,5545,200.0,0,0,79.2
2480,mean_dynamic_mobilenetv2,stable,features_16,1775840748458.470,1775840748547.125,88.655,14.647,74.007,26.452,32937,5545,200.0,0,0,80.2
2481,mean_dynamic_mobilenetv2,stable,features_16,1775840748552.126,1775840748697.210,145.085,14.345,128.347,37.683,32937,5545,200.0,0,0,88.6
2482,mean_dynamic_mobilenetv2,stable,features_16,1775840748701.218,1775840748795.323,94.105,18.424,72.678,24.403,32937,5545,200.0,0,0,94.1
2483,mean_dynamic_mobilenetv2,stable,features_16,1775840748799.320,1775840748914.740,115.419,18.831,96.588,29.721,32937,5545,200.0,0,0,92.4
2484,mean_dynamic_mobilenetv2,stable,features_16,1775840748919.202,1775840749010.024,90.822,17.268,72.368,26.830,32937,5545,200.0,0,0,89.6
2485,mean_dynamic_mobilenetv2,stable,features_16,1775840749014.026,1775840749163.062,149.037,17.445,118.657,40.128,32937,5545,200.0,0,0,90.3
2486,mean_dynamic_mobilenetv2,stable,features_16,1775840749167.188,1775840749305.730,138.542,21.561,110.979,48.461,32937,5545,200.0,0,0,91.9
2487,mean_dynamic_mobilenetv2,stable,features_16,1775840749312.730,1775840749411.810,99.080,31.774,65.767,22.480,32937,5545,200.0,0,0,91.7
2488,mean_dynamic_mobilenetv2,stable,features_16,1775840749416.810,1775840749521.096,104.286,31.096,72.188,25.151,32937,5545,200.0,0,0,93.1
2489,mean_dynamic_mobilenetv2,stable,features_16,1775840749526.105,1775840749650.420,124.315,17.810,105.505,38.915,32937,5545,200.0,0,0,98.0
2490,mean_dynamic_mobilenetv2,stable,features_16,1775840749655.421,1775840749781.748,126.327,21.970,102.990,39.406,32937,5545,200.0,0,0,95.3
2491,mean_dynamic_mobilenetv2,stable,features_16,1775840749786.089,1775840749909.125,123.036,21.010,99.543,34.150,32937,5545,200.0,0,0,98.5
2492,mean_dynamic_mobilenetv2,stable,features_16,1775840749913.215,1775840750017.136,103.921,36.791,66.132,24.092,32937,5545,200.0,0,0,100.0
2493,mean_dynamic_mobilenetv2,stable,features_16,1775840750023.146,1775840750169.647,146.501,31.113,113.386,49.624,32937,5545,200.0,0,0,95.8
2494,mean_dynamic_mobilenetv2,stable,features_16,1775840750174.160,1775840750306.433,132.272,24.077,107.194,37.635,32937,5545,200.0,0,0,93.8
2495,mean_dynamic_mobilenetv2,stable,features_16,1775840750310.431,1775840750439.794,129.362,20.000,108.262,35.164,32937,5545,200.0,0,0,96.9
2496,mean_dynamic_mobilenetv2,stable,features_16,1775840750444.125,1775840750572.372,128.248,27.723,99.523,34.310,32937,5545,200.0,0,0,92.4
2497,mean_dynamic_mobilenetv2,stable,features_16,1775840750576.894,1775840750691.660,114.766,18.999,94.767,31.510,32937,5545,200.0,0,0,94.7
2498,mean_dynamic_mobilenetv2,stable,features_16,1775840750696.661,1775840750790.695,94.034,19.999,73.025,24.729,32937,5545,200.0,0,0,92.2
2499,mean_dynamic_mobilenetv2,stable,features_16,1775840750794.691,1775840750923.483,128.792,24.003,104.789,36.485,32937,5545,200.0,0,0,93.1
2500,mean_dynamic_mobilenetv2,stable,features_16,1775840750928.485,1775840751014.990,86.505,20.052,64.455,20.153,32937,5545,200.0,0,0,90.1
2501,mean_dynamic_mobilenetv2,stable,features_16,1775840751021.312,1775840751113.792,92.480,15.889,75.591,23.701,32937,5545,200.0,0,0,85.4
2502,mean_dynamic_mobilenetv2,stable,features_16,1775840751116.792,1775840751248.038,131.247,12.002,118.246,36.455,32937,5545,200.0,0,0,85.6
2503,mean_dynamic_mobilenetv2,stable,features_16,1775840751252.040,1775840751371.595,119.555,14.004,103.550,34.213,32937,5545,200.0,0,0,85.9
2504,mean_dynamic_mobilenetv2,stable,features_16,1775840751375.101,1775840751455.110,80.009,17.008,62.000,20.336,32937,5545,200.0,0,0,88.8
2505,mean_dynamic_mobilenetv2,stable,features_16,1775840751459.109,1775840751577.669,118.560,18.042,99.515,34.718,32937,5545,200.0,0,0,86.0
2506,mean_dynamic_mobilenetv2,stable,features_16,1775840751581.665,1775840751696.231,114.566,13.002,100.566,33.276,32937,5545,200.0,0,0,89.1
2507,mean_dynamic_mobilenetv2,stable,features_16,1775840751700.234,1775840751825.259,125.025,17.000,105.024,38.161,32937,5545,200.0,0,0,87.6
2508,mean_dynamic_mobilenetv2,stable,features_16,1775840751829.259,1775840751956.115,126.856,19.441,106.416,36.985,32937,5545,200.0,0,0,94.7
2509,mean_dynamic_mobilenetv2,stable,features_16,1775840751960.115,1775840752106.423,146.308,18.142,126.168,79.428,32937,5545,200.0,0,0,93.8
2510,mean_dynamic_mobilenetv2,stable,features_16,1775840752111.423,1775840752204.942,93.519,22.003,70.517,25.782,32937,5545,200.0,0,0,88.7
2511,mean_dynamic_mobilenetv2,stable,features_16,1775840752207.942,1775840752327.459,119.517,17.999,101.518,34.113,32937,5545,200.0,0,0,90.2
2512,mean_dynamic_mobilenetv2,stable,features_16,1775840752331.459,1775840752421.806,90.347,18.000,70.347,24.152,32937,5545,200.0,0,0,95.9
2513,mean_dynamic_mobilenetv2,stable,features_16,1775840752425.803,1775840752544.556,118.753,15.000,102.752,36.449,32937,5545,200.0,0,0,92.4
2514,mean_dynamic_mobilenetv2,stable,features_16,1775840752547.557,1775840752667.124,119.568,17.552,98.087,35.968,32937,5545,200.0,0,0,86.8
2515,mean_dynamic_mobilenetv2,stable,features_16,1775840752671.640,1775840752758.893,87.253,17.862,68.387,25.335,32937,5545,200.0,0,0,87.8
2516,mean_dynamic_mobilenetv2,stable,features_16,1775840752761.898,1775840752879.296,117.398,13.002,102.398,35.845,32937,5545,200.0,0,0,86.7
2517,mean_dynamic_mobilenetv2,stable,features_16,1775840752883.297,1775840753007.195,123.898,20.611,103.288,32.562,32937,5545,200.0,0,0,87.6
2518,mean_dynamic_mobilenetv2,stable,features_16,1775840753011.194,1775840753098.235,87.041,18.000,69.041,24.186,32937,5545,200.0,0,0,89.6
2519,mean_dynamic_mobilenetv2,stable,features_16,1775840753102.234,1775840753218.951,116.717,18.392,96.323,33.322,32937,5545,200.0,0,0,86.7
2520,mean_dynamic_mobilenetv2,stable,features_16,1775840753222.950,1775840753343.555,120.605,10.999,108.606,39.719,32937,5545,200.0,0,0,78.1
2521,mean_dynamic_mobilenetv2,stable,features_16,1775840753347.554,1775840753465.074,117.520,11.031,104.489,36.146,32937,5545,200.0,0,0,78.1
2522,mean_dynamic_mobilenetv2,stable,features_16,1775840753468.074,1775840753550.786,82.712,15.518,67.194,25.499,32937,5545,200.0,0,0,78.8
2523,mean_dynamic_mobilenetv2,stable,features_16,1775840753555.790,1775840753672.386,116.595,17.000,98.596,34.423,32937,5545,200.0,0,0,77.3
2524,mean_dynamic_mobilenetv2,stable,features_16,1775840753675.790,1775840753790.060,114.271,12.548,101.723,34.589,32937,5545,200.0,0,0,89.1
2525,mean_dynamic_mobilenetv2,stable,features_16,1775840753794.059,1775840753886.393,92.334,11.177,80.156,23.013,32937,5545,200.0,0,0,82.3
2526,mean_dynamic_mobilenetv2,stable,features_16,1775840753890.391,1775840753980.250,89.859,18.998,69.860,25.538,32937,5545,200.0,0,0,88.5
2527,mean_dynamic_mobilenetv2,stable,features_16,1775840753985.253,1775840754107.500,122.247,13.997,107.250,36.097,32937,5545,200.0,0,0,83.6
2528,mean_dynamic_mobilenetv2,stable,features_16,1775840754110.470,1775840754222.673,112.203,10.996,99.224,32.920,32937,5545,200.0,0,0,79.5
2529,mean_dynamic_mobilenetv2,stable,features_16,1775840754227.642,1775840754316.157,88.516,20.034,66.510,23.952,32937,5545,200.0,0,0,85.4
2530,mean_dynamic_mobilenetv2,stable,features_16,1775840754321.155,1775840754441.675,120.521,12.999,105.517,37.145,32937,5545,200.0,0,0,89.1
2531,mean_dynamic_mobilenetv2,stable,features_16,1775840754444.708,1775840754569.814,125.106,15.006,108.100,39.821,32937,5545,200.0,0,0,86.3
2532,mean_dynamic_mobilenetv2,stable,features_16,1775840754573.811,1775840754655.402,81.591,12.993,67.599,25.292,32937,5545,200.0,0,0,90.8
2533,mean_dynamic_mobilenetv2,stable,features_16,1775840754659.405,1775840754776.065,116.660,17.010,99.650,33.215,32937,5545,200.0,0,0,84.5
2534,mean_dynamic_mobilenetv2,stable,features_16,1775840754779.589,1775840754868.059,88.469,14.087,73.377,27.648,32937,5545,200.0,0,0,84.4
2535,mean_dynamic_mobilenetv2,stable,features_16,1775840754872.055,1775840754965.757,93.701,19.759,70.944,24.909,32937,5545,200.0,0,0,89.7
2536,mean_dynamic_mobilenetv2,stable,features_16,1775840754969.759,1775840755120.438,150.679,20.259,128.415,46.432,32937,5545,200.0,0,0,91.4
2537,mean_dynamic_mobilenetv2,stable,features_16,1775840755123.434,1775840755207.281,83.846,12.000,69.841,21.241,32937,5545,200.0,0,0,87.5
2538,mean_dynamic_mobilenetv2,stable,features_16,1775840755211.279,1775840755331.669,120.391,11.006,109.384,35.369,32937,5545,200.0,0,0,87.6
2539,mean_dynamic_mobilenetv2,stable,features_16,1775840755335.672,1775840755419.510,83.838,10.998,72.840,26.674,32937,5545,200.0,0,0,90.6
2540,mean_dynamic_mobilenetv2,stable,features_16,1775840755424.504,1775840755529.501,104.998,19.002,84.997,22.846,32937,5545,200.0,0,0,91.1
2541,mean_dynamic_mobilenetv2,stable,features_16,1775840755534.502,1775840755621.822,87.320,18.433,67.883,24.666,32937,5545,200.0,0,0,92.7
2542,mean_dynamic_mobilenetv2,stable,features_16,1775840755626.252,1775840755782.348,156.096,18.001,136.084,40.842,32937,5545,200.0,0,0,86.9
2543,mean_dynamic_mobilenetv2,stable,features_16,1775840755786.347,1775840755911.708,125.362,18.398,104.964,34.761,32937,5545,200.0,0,0,89.1
2544,mean_dynamic_mobilenetv2,stable,features_16,1775840755914.707,1775840756012.033,97.326,17.000,80.327,21.808,32937,5545,200.0,0,0,89.3
2545,mean_dynamic_mobilenetv2,stable,features_16,1775840756017.215,1775840756099.288,82.073,15.007,65.828,23.907,32937,5545,200.0,0,0,83.8
2546,mean_dynamic_mobilenetv2,stable,features_16,1775840756104.295,1775840756230.056,125.761,20.167,105.594,36.367,32937,5545,200.0,0,0,89.5
2547,mean_dynamic_mobilenetv2,stable,features_16,1775840756235.063,1775840756353.623,118.559,14.002,103.560,33.768,32937,5545,200.0,0,0,89.1
2548,mean_dynamic_mobilenetv2,stable,features_16,1775840756356.622,1775840756475.264,118.641,14.007,103.636,35.002,32937,5545,200.0,0,0,90.5
2549,mean_dynamic_mobilenetv2,stable,features_16,1775840756479.800,1775840756621.546,141.746,17.006,122.737,34.425,32937,5545,200.0,0,0,86.2
2550,mean_dynamic_mobilenetv2,stable,features_16,1775840756624.547,1775840756748.227,123.679,22.288,101.392,34.976,32937,5545,200.0,0,0,87.0
2551,mean_dynamic_mobilenetv2,stable,features_16,1775840756752.230,1775840756877.210,124.980,17.284,105.697,36.927,32937,5545,200.0,0,0,83.8
2552,mean_dynamic_mobilenetv2,stable,features_16,1775840756881.744,1775840757047.185,165.440,19.443,144.645,41.807,32937,5545,200.0,0,0,90.5
2553,mean_dynamic_mobilenetv2,stable,features_16,1775840757050.336,1775840757139.466,89.130,12.003,76.130,20.686,32937,5545,200.0,0,0,85.4
2554,mean_dynamic_mobilenetv2,stable,features_16,1775840757143.875,1775840757249.731,105.856,19.031,84.815,35.884,32937,5545,200.0,0,0,85.3
2555,mean_dynamic_mobilenetv2,stable,features_16,1775840757253.951,1775840757387.416,133.465,13.618,119.847,41.035,32937,5545,200.0,0,0,81.4
2556,mean_dynamic_mobilenetv2,stable,features_16,1775840757391.423,1775840757507.188,115.766,19.003,95.721,42.580,32937,5545,200.0,0,0,79.5
2557,mean_dynamic_mobilenetv2,stable,features_16,1775840757511.149,1775840757650.184,139.036,13.002,124.041,37.541,32937,5545,200.0,0,0,83.1
2558,mean_dynamic_mobilenetv2,stable,features_16,1775840757654.185,1775840757828.171,173.985,23.947,149.035,31.930,32937,5545,200.0,0,0,90.1
2559,mean_dynamic_mobilenetv2,stable,features_16,1775840757832.152,1775840757979.641,147.489,25.600,119.417,40.268,32937,5545,200.0,0,0,98.3
2560,mean_dynamic_mobilenetv2,stable,features_16,1775840757983.160,1775840758100.066,116.906,14.282,101.622,33.981,32937,5545,200.0,0,0,88.9
2561,mean_dynamic_mobilenetv2,stable,features_16,1775840758103.068,1775840758243.684,140.616,10.996,128.617,50.070,32937,5545,200.0,0,0,84.3
2562,mean_dynamic_mobilenetv2,stable,features_16,1775840758247.683,1775840758365.204,117.521,19.000,97.559,34.620,32937,5545,200.0,0,0,83.9
2563,mean_dynamic_mobilenetv2,stable,features_16,1775840758368.243,1775840758516.988,148.745,11.966,134.779,48.323,32937,5545,200.0,0,0,87.7
2564,mean_dynamic_mobilenetv2,stable,features_16,1775840758519.987,1775840758641.337,121.350,13.003,107.349,40.085,32937,5545,200.0,0,0,86.0
2565,mean_dynamic_mobilenetv2,stable,features_16,1775840758645.292,1775840758783.237,137.945,14.998,121.940,52.989,32937,5545,200.0,0,0,89.7
2566,mean_dynamic_mobilenetv2,stable,features_16,1775840758787.264,1775840758924.759,137.495,16.457,120.038,43.560,32937,5545,200.0,0,0,90.4
2567,mean_dynamic_mobilenetv2,stable,features_16,1775840758928.758,1775840759051.982,123.224,19.039,102.183,34.632,32937,5545,200.0,0,0,87.6
2568,mean_dynamic_mobilenetv2,stable,features_16,1775840759054.981,1775840759173.691,118.710,12.008,104.704,33.665,32937,5545,200.0,0,0,86.0
2569,mean_dynamic_mobilenetv2,stable,features_16,1775840759176.692,1775840759303.268,126.576,18.514,105.886,36.082,32937,5545,200.0,0,0,87.5
2570,mean_dynamic_mobilenetv2,stable,features_16,1775840759307.275,1775840759470.269,162.994,19.002,141.605,49.271,32937,5545,200.0,0,0,88.7
2571,mean_dynamic_mobilenetv2,stable,features_16,1775840759474.268,1775840759602.026,127.759,28.916,97.842,32.415,32937,5545,200.0,0,0,93.3
2572,mean_dynamic_mobilenetv2,stable,features_16,1775840759605.028,1775840759702.784,97.756,26.003,68.519,25.968,32937,5545,200.0,0,0,91.8
2573,mean_dynamic_mobilenetv2,stable,features_16,1775840759706.792,1775840759794.750,87.959,22.368,64.591,20.598,32937,5545,200.0,0,0,98.0
2574,mean_dynamic_mobilenetv2,stable,features_16,1775840759798.749,1775840759896.260,97.511,22.400,75.112,25.581,32937,5545,200.0,0,0,94.8
2575,mean_dynamic_mobilenetv2,stable,features_16,1775840759901.261,1775840760037.398,136.137,20.998,113.140,35.891,32937,5545,200.0,0,0,98.7
2576,mean_dynamic_mobilenetv2,stable,features_16,1775840760042.469,1775840760196.537,154.068,31.406,121.661,49.551,32937,5545,200.0,0,0,96.7
2577,mean_dynamic_mobilenetv2,stable,features_16,1775840760200.537,1775840760349.289,148.752,17.997,128.752,55.935,32937,5545,200.0,0,0,95.3
2578,mean_dynamic_mobilenetv2,stable,features_16,1775840760355.290,1775840760500.779,145.489,23.010,122.479,43.252,32937,5545,200.0,0,0,94.0
2579,mean_dynamic_mobilenetv2,stable,features_16,1775840760504.790,1775840760641.660,136.870,22.997,113.873,42.593,32937,5545,200.0,0,0,95.2
2580,mean_dynamic_mobilenetv2,stable,features_16,1775840760645.659,1775840760753.365,107.705,21.000,85.704,36.568,32937,5545,200.0,0,0,96.5
2581,mean_dynamic_mobilenetv2,stable,features_16,1775840760757.364,1775840760908.341,150.978,21.006,128.971,50.007,32937,5545,200.0,0,0,95.8
2582,mean_dynamic_mobilenetv2,stable,features_16,1775840760913.341,1775840761037.630,124.290,21.999,101.289,33.456,32937,5545,200.0,0,0,91.5
2583,mean_dynamic_mobilenetv2,stable,features_16,1775840761040.628,1775840761138.148,97.520,12.999,84.521,26.739,32937,5545,200.0,0,0,79.5
2584,mean_dynamic_mobilenetv2,stable,features_16,1775840761142.147,1775840761264.026,121.879,17.302,102.617,36.820,32937,5545,200.0,0,0,83.6
2585,mean_dynamic_mobilenetv2,stable,features_16,1775840761269.037,1775840761389.894,120.856,14.686,105.164,42.197,32937,5545,200.0,0,0,85.2
2586,mean_dynamic_mobilenetv2,stable,features_16,1775840761393.895,1775840761510.476,116.581,12.030,102.561,35.146,32937,5545,200.0,0,0,77.3
2587,mean_dynamic_mobilenetv2,stable,features_16,1775840761513.473,1775840761640.485,127.011,11.037,114.973,37.339,32937,5545,200.0,0,0,77.3
2588,mean_dynamic_mobilenetv2,stable,features_16,1775840761643.486,1775840761778.494,135.008,12.997,122.011,39.952,32937,5545,200.0,0,0,81.6
2589,mean_dynamic_mobilenetv2,stable,features_16,1775840761782.500,1775840761864.272,81.772,11.521,70.252,25.172,32937,5545,200.0,0,0,77.5
2590,mean_dynamic_mobilenetv2,stable,features_16,1775840761867.273,1775840761993.883,126.610,16.511,109.096,36.926,32937,5545,200.0,0,0,86.9
2591,mean_dynamic_mobilenetv2,stable,features_16,1775840761997.880,1775840762119.888,122.008,12.004,109.002,40.258,32937,5545,200.0,0,0,81.1
2592,mean_dynamic_mobilenetv2,stable,features_16,1775840762124.310,1775840762257.816,133.506,13.148,119.395,48.255,32937,5545,200.0,0,0,78.3
2593,mean_dynamic_mobilenetv2,stable,features_16,1775840762261.814,1775840762387.056,125.242,15.522,107.688,36.593,32937,5545,200.0,0,0,89.0
2594,mean_dynamic_mobilenetv2,stable,features_16,1775840762391.058,1775840762522.953,131.895,18.161,112.734,36.780,32937,5545,200.0,0,0,84.5
2595,mean_dynamic_mobilenetv2,stable,features_16,1775840762526.953,1775840762664.441,137.489,16.514,117.973,36.493,32937,5545,200.0,0,0,88.8
2596,mean_dynamic_mobilenetv2,stable,features_16,1775840762668.053,1775840762766.833,98.780,28.732,69.039,20.444,32937,5545,200.0,0,0,92.0
2597,mean_dynamic_mobilenetv2,stable,features_16,1775840762770.844,1775840762930.437,159.594,19.078,139.647,40.188,32937,5545,200.0,0,0,95.0
2598,mean_dynamic_mobilenetv2,stable,features_16,1775840762934.437,1775840763021.525,87.088,20.797,63.387,20.302,32937,5545,200.0,0,0,96.3
2599,mean_dynamic_mobilenetv2,stable,features_16,1775840763025.524,1775840763165.976,140.452,21.428,118.024,35.091,32937,5545,200.0,0,0,93.3
2600,mean_dynamic_mobilenetv2,stable,features_16,1775840763170.668,1775840763300.188,129.520,19.570,108.950,36.686,32937,5545,200.0,0,0,92.3
2601,mean_dynamic_mobilenetv2,stable,features_16,1775840763305.187,1775840763412.519,107.332,28.687,76.540,29.848,32937,5545,200.0,0,0,94.7
2602,mean_dynamic_mobilenetv2,stable,features_16,1775840763416.517,1775840763592.000,175.483,22.445,152.041,36.350,32937,5545,200.0,0,0,92.7
2603,mean_dynamic_mobilenetv2,stable,features_16,1775840763596.491,1775840763730.551,134.060,25.008,109.052,36.350,32937,5545,200.0,0,0,98.6
2604,mean_dynamic_mobilenetv2,stable,features_16,1775840763736.036,1775840763868.107,132.071,28.557,103.514,36.975,32937,5545,200.0,0,0,100.0
2605,mean_dynamic_mobilenetv2,stable,features_16,1775840763872.496,1775840764004.698,132.203,28.471,101.474,34.307,32937,5545,200.0,0,0,98.5
2606,mean_dynamic_mobilenetv2,stable,features_16,1775840764008.699,1775840764153.686,144.987,25.180,118.805,40.987,32937,5545,200.0,0,0,88.3
2607,mean_dynamic_mobilenetv2,stable,features_16,1775840764157.684,1775840764293.482,135.798,16.005,118.793,46.282,32937,5545,200.0,0,0,96.5
2608,mean_dynamic_mobilenetv2,stable,features_16,1775840764297.395,1775840764425.593,128.198,18.001,109.197,35.110,32937,5545,200.0,0,0,91.7
2609,mean_dynamic_mobilenetv2,stable,features_16,1775840764429.596,1775840764564.981,135.385,18.997,114.386,36.952,32937,5545,200.0,0,0,92.4
2610,mean_dynamic_mobilenetv2,stable,features_16,1775840764568.980,1775840764686.601,117.621,15.005,101.109,35.906,32937,5545,200.0,0,0,92.4
2611,mean_dynamic_mobilenetv2,stable,features_16,1775840764690.611,1775840764805.585,114.974,11.998,101.975,36.800,32937,5545,200.0,0,0,94.0
2612,mean_dynamic_mobilenetv2,stable,features_16,1775840764809.584,1775840764927.417,117.833,13.999,100.831,36.196,32937,5545,200.0,0,0,89.4
2613,mean_dynamic_mobilenetv2,stable,features_16,1775840764931.417,1775840765025.451,94.034,21.000,73.034,30.328,32937,5545,200.0,0,0,90.3
2614,mean_dynamic_mobilenetv2,stable,features_16,1775840765029.452,1775840765157.486,128.033,13.001,113.029,42.089,32937,5545,200.0,0,0,95.6
2615,mean_dynamic_mobilenetv2,stable,features_16,1775840765166.924,1775840765346.518,179.594,67.766,108.831,39.441,32937,5545,200.0,0,0,99.5
2616,mean_dynamic_mobilenetv2,stable,features_16,1775840765355.517,1775840765551.316,195.799,75.691,118.109,40.299,32937,5545,200.0,0,0,97.7
2617,mean_dynamic_mobilenetv2,stable,features_16,1775840765558.315,1775840765760.549,202.234,100.522,100.715,34.530,32937,5545,200.0,1,0,99.1
2618,mean_dynamic_mobilenetv2,stable,features_16,1775840765772.021,1775840765965.927,193.906,81.118,110.705,37.769,32937,5545,200.0,0,0,98.6
2619,mean_dynamic_mobilenetv2,stable,features_16,1775840765976.949,1775840766185.955,209.006,97.935,106.060,34.956,32937,5545,200.0,1,0,96.6
2620,mean_dynamic_mobilenetv2,stable,features_16,1775840766194.489,1775840766393.676,199.188,79.017,118.165,38.355,32937,5545,200.0,0,0,96.7
2621,mean_dynamic_mobilenetv2,stable,features_16,1775840766398.671,1775840766554.538,155.866,77.296,78.571,27.306,32937,5545,200.0,0,0,97.9
2622,mean_dynamic_mobilenetv2,stable,features_16,1775840766565.752,1775840766753.588,187.836,80.860,105.972,39.556,32937,5545,200.0,0,0,97.0
2623,mean_dynamic_mobilenetv2,stable,features_16,1775840766760.062,1775840766946.599,186.538,55.163,130.375,34.425,32937,5545,200.0,0,0,100.0
2624,mean_dynamic_mobilenetv2,stable,features_16,1775840766956.996,1775840767193.209,236.214,118.996,115.208,38.624,32937,5545,200.0,1,0,98.4
2625,mean_dynamic_mobilenetv2,stable,features_16,1775840767200.268,1775840767415.979,215.711,95.537,115.174,35.734,32937,5545,200.0,1,0,99.2
2626,mean_dynamic_mobilenetv2,stable,features_16,1775840767426.037,1775840767638.178,212.141,105.738,103.407,38.215,32937,5545,200.0,1,0,98.3
2627,mean_dynamic_mobilenetv2,stable,features_16,1775840767648.271,1775840767869.584,221.312,115.782,105.530,35.162,32937,5545,200.0,1,0,99.2
2628,mean_dynamic_mobilenetv2,stable,features_16,1775840767878.592,1775840768122.547,243.955,120.986,117.217,39.922,32937,5545,200.0,1,0,99.3
2629,mean_dynamic_mobilenetv2,stable,features_16,1775840768131.992,1775840768341.439,209.447,98.944,109.491,40.336,32937,5545,200.0,1,0,100.0
2630,mean_dynamic_mobilenetv2,stable,features_16,1775840768349.694,1775840768559.677,209.982,105.575,103.408,34.735,32937,5545,200.0,1,0,100.0
2631,mean_dynamic_mobilenetv2,stable,features_16,1775840768569.677,1775840768759.139,189.462,75.737,109.725,37.357,32937,5545,200.0,0,0,97.7
2632,mean_dynamic_mobilenetv2,stable,features_16,1775840768765.137,1775840768976.841,211.704,89.578,119.125,36.565,32937,5545,200.0,1,0,97.8
2633,mean_dynamic_mobilenetv2,stable,features_16,1775840768985.963,1775840769159.948,173.985,61.715,108.092,37.555,32937,5545,200.0,0,0,97.8
2634,mean_dynamic_mobilenetv2,stable,features_16,1775840769164.952,1775840769390.477,225.525,56.409,168.010,95.209,32937,5545,200.0,1,0,95.1
2635,mean_dynamic_mobilenetv2,stable,features_16,1775840769396.997,1775840769561.882,164.885,51.004,110.885,39.160,32937,5545,200.0,0,0,95.1
2636,mean_dynamic_mobilenetv2,stable,features_16,1775840769569.881,1775840769732.303,162.422,50.392,110.030,37.562,32937,5545,200.0,0,0,98.4
2637,mean_dynamic_mobilenetv2,stable,features_16,1775840769737.659,1775840769896.805,159.146,52.219,104.920,36.930,32937,5545,200.0,0,0,98.1
2638,mean_dynamic_mobilenetv2,stable,features_16,1775840769908.041,1775840770088.681,180.640,67.112,111.392,39.112,32937,5545,200.0,0,0,98.1
2639,mean_dynamic_mobilenetv2,stable,features_16,1775840770094.200,1775840770267.017,172.817,47.720,120.088,48.523,32937,5545,200.0,0,0,96.2
2640,mean_dynamic_mobilenetv2,stable,features_16,1775840770273.018,1775840770466.311,193.292,79.565,109.720,38.951,32937,5545,200.0,0,0,95.7
2641,mean_dynamic_mobilenetv2,stable,features_16,1775840770477.304,1775840770696.680,219.376,113.769,103.104,32.216,32937,5545,200.0,1,0,98.0
2642,mean_dynamic_mobilenetv2,stable,features_16,1775840770706.682,1775840770922.099,215.417,110.599,103.822,37.507,32937,5545,200.0,1,0,100.0
2643,mean_dynamic_mobilenetv2,stable,features_16,1775840770927.098,1775840771107.359,180.261,51.672,126.591,40.927,32937,5545,200.0,0,0,98.5
2644,mean_dynamic_mobilenetv2,stable,features_16,1775840771111.361,1775840771257.828,146.467,43.958,101.508,35.023,32937,5545,200.0,0,0,93.1
2645,mean_dynamic_mobilenetv2,stable,features_16,1775840771267.786,1775840771546.355,278.569,163.023,115.019,40.946,32937,5545,200.0,1,0,99.4
2646,mean_dynamic_mobilenetv2,stable,features_16,1775840771559.647,1775840771814.078,254.431,132.395,117.523,39.294,32937,5545,200.0,1,0,95.8
2647,mean_dynamic_mobilenetv2,stable,features_16,1775840771822.078,1775840771974.946,152.869,42.001,106.726,34.362,32937,5545,200.0,0,0,98.1
2648,mean_dynamic_mobilenetv2,stable,features_16,1775840771980.956,1775840772138.852,157.895,58.523,97.373,31.610,32937,5545,200.0,0,0,98.3
2649,mean_dynamic_mobilenetv2,stable,features_16,1775840772142.853,1775840772337.977,195.124,85.002,108.125,33.750,32937,5545,200.0,0,0,95.3
2650,mean_dynamic_mobilenetv2,stable,features_16,1775840772344.976,1775840772538.550,193.574,82.794,108.784,37.485,32937,5545,200.0,0,0,99.0
2651,mean_dynamic_mobilenetv2,stable,features_16,1775840772547.765,1775840772736.200,188.435,83.899,103.707,33.400,32937,5545,200.0,0,0,96.8
2652,mean_dynamic_mobilenetv2,stable,features_16,1775840772742.201,1775840772952.274,210.073,93.362,112.706,37.693,32937,5545,200.0,1,0,99.6
2653,mean_dynamic_mobilenetv2,stable,features_16,1775840772963.272,1775840773177.902,214.630,103.557,109.077,36.446,32937,5545,200.0,1,0,100.0
2654,mean_dynamic_mobilenetv2,stable,features_16,1775840773192.913,1775840773422.415,229.502,117.059,107.439,35.144,32937,5545,200.0,1,0,98.9
2655,mean_dynamic_mobilenetv2,stable,features_16,1775840773432.416,1775840773645.381,212.965,107.201,103.766,37.706,32937,5545,200.0,1,0,98.7
2656,mean_dynamic_mobilenetv2,stable,features_16,1775840773652.380,1775840773855.711,203.331,94.627,107.697,34.671,32937,5545,200.0,1,0,99.2
2657,mean_dynamic_mobilenetv2,stable,features_16,1775840773867.706,1775840774127.366,259.661,136.577,122.085,38.590,32937,5545,200.0,1,0,97.5
2658,mean_dynamic_mobilenetv2,stable,features_16,1775840774132.002,1775840774274.760,142.758,37.999,103.758,35.411,32937,5545,200.0,0,0,95.7
2659,mean_dynamic_mobilenetv2,stable,features_16,1775840774279.763,1775840774440.231,160.468,43.603,112.712,36.962,32937,5545,200.0,0,0,93.3
2660,mean_dynamic_mobilenetv2,stable,features_16,1775840774446.749,1775840774620.662,173.913,50.513,122.405,39.316,32937,5545,200.0,0,0,95.0
2661,mean_dynamic_mobilenetv2,stable,features_16,1775840774627.214,1775840774771.713,144.498,36.009,105.220,38.408,32937,5545,200.0,0,0,94.0
2662,mean_dynamic_mobilenetv2,stable,features_16,1775840774777.712,1775840774948.145,170.433,57.681,112.752,40.075,32937,5545,200.0,0,0,93.0
2663,mean_dynamic_mobilenetv2,stable,features_16,1775840774958.147,1775840775162.622,204.475,62.779,140.694,31.449,32937,5545,200.0,1,0,95.4
2664,mean_dynamic_mobilenetv2,stable,features_16,1775840775167.794,1775840775398.105,230.311,108.093,120.221,40.880,32937,5545,200.0,1,0,100.0
2665,mean_dynamic_mobilenetv2,stable,features_16,1775840775410.708,1775840775609.048,198.340,87.291,109.538,35.389,32937,5545,200.0,0,0,99.1
2666,mean_dynamic_mobilenetv2,stable,features_16,1775840775616.555,1775840775838.372,221.817,110.514,110.070,36.466,32937,5545,200.0,1,0,98.4
2667,mean_dynamic_mobilenetv2,stable,features_16,1775840775850.313,1775840776070.094,219.781,114.073,103.708,35.918,32937,5545,200.0,1,0,98.3
2668,mean_dynamic_mobilenetv2,stable,features_16,1775840776079.094,1775840776263.012,183.918,82.525,99.391,31.750,32937,5545,200.0,0,0,99.1
2669,mean_dynamic_mobilenetv2,stable,features_16,1775840776270.012,1775840776459.937,189.925,78.533,109.396,36.381,32937,5545,200.0,0,0,96.5
2670,mean_dynamic_mobilenetv2,stable,features_16,1775840776469.939,1775840776671.158,201.219,93.526,104.694,33.003,32937,5545,200.0,1,0,92.1
2671,mean_dynamic_mobilenetv2,stable,features_16,1775840776677.161,1775840776847.819,170.657,58.743,109.911,39.946,32937,5545,200.0,0,0,98.9
2672,mean_dynamic_mobilenetv2,stable,features_16,1775840776859.819,1775840777030.956,171.137,52.937,118.200,33.239,32937,5545,200.0,0,0,96.0
2673,mean_dynamic_mobilenetv2,stable,features_16,1775840777039.345,1775840777193.904,154.560,47.681,105.875,37.425,32937,5545,200.0,0,0,97.5
2674,mean_dynamic_mobilenetv2,stable,features_16,1775840777202.767,1775840777396.205,193.438,78.131,114.305,34.790,32937,5545,200.0,0,0,95.3
2675,mean_dynamic_mobilenetv2,stable,features_16,1775840777404.045,1775840777617.994,213.949,100.037,110.909,38.543,32937,5545,200.0,1,0,100.0
2676,mean_dynamic_mobilenetv2,stable,features_16,1775840777634.692,1775840777912.786,278.094,169.581,106.499,36.498,32937,5545,200.0,1,0,98.4
2677,mean_dynamic_mobilenetv2,stable,features_16,1775840777929.385,1775840778155.071,225.686,116.115,107.570,36.129,32937,5545,200.0,1,0,100.0
2678,mean_dynamic_mobilenetv2,stable,features_16,1775840778163.480,1775840778384.199,220.719,112.861,105.651,37.137,32937,5545,200.0,1,0,100.0
2679,mean_dynamic_mobilenetv2,stable,features_16,1775840778398.863,1775840778618.825,219.962,100.224,114.700,38.205,32937,5545,200.0,1,0,98.0
2680,mean_dynamic_mobilenetv2,stable,features_16,1775840778630.431,1775840778826.697,196.265,86.678,104.594,37.692,32937,5545,200.0,0,0,98.2
2681,mean_dynamic_mobilenetv2,stable,features_16,1775840778832.698,1775840779052.836,220.138,108.164,107.976,36.206,32937,5545,200.0,1,0,96.1
2682,mean_dynamic_mobilenetv2,stable,features_16,1775840779060.941,1775840779287.619,226.678,99.527,124.150,54.975,32937,5545,200.0,1,0,96.7
2683,mean_dynamic_mobilenetv2,stable,features_16,1775840779296.618,1775840779456.657,160.039,46.517,112.524,38.985,32937,5545,200.0,0,0,90.7
2684,mean_dynamic_mobilenetv2,stable,features_16,1775840779462.657,1775840779617.430,154.772,42.881,109.892,40.135,32937,5545,200.0,0,0,91.0
2685,mean_dynamic_mobilenetv2,stable,features_16,1775840779622.685,1775840779767.001,144.316,32.459,111.858,37.857,32937,5545,200.0,0,0,93.5
2686,mean_dynamic_mobilenetv2,stable,features_16,1775840779773.003,1775840779930.361,157.358,51.526,101.833,34.681,32937,5545,200.0,0,0,93.0
2687,mean_dynamic_mobilenetv2,stable,features_16,1775840779939.000,1775840780160.376,221.376,106.164,111.210,39.840,32937,5545,200.0,1,0,100.0
2688,mean_dynamic_mobilenetv2,stable,features_16,1775840780169.374,1775840780365.125,195.751,91.343,103.406,33.788,32937,5545,200.0,0,0,95.4
2689,mean_dynamic_mobilenetv2,stable,features_16,1775840780374.148,1775840780579.012,204.864,81.925,117.937,40.432,32937,5545,200.0,1,0,96.6
2690,mean_dynamic_mobilenetv2,stable,features_16,1775840780588.020,1775840780848.604,260.584,95.169,159.941,37.520,32937,5545,200.0,1,0,100.0
2691,mean_dynamic_mobilenetv2,stable,features_16,1775840780857.603,1775840781119.537,261.934,152.229,108.701,37.221,32937,5545,200.0,1,0,99.3
2692,mean_dynamic_mobilenetv2,stable,features_16,1775840781124.536,1775840781285.995,161.458,50.620,110.839,36.980,32937,5545,200.0,0,0,98.2
2693,mean_dynamic_mobilenetv2,stable,features_16,1775840781294.003,1775840781448.035,154.031,44.966,107.598,36.362,32937,5545,200.0,0,0,100.0
2694,mean_dynamic_mobilenetv2,stable,features_16,1775840781460.047,1775840781649.552,189.505,77.308,107.183,35.967,32937,5545,200.0,0,0,96.3
2695,mean_dynamic_mobilenetv2,stable,features_16,1775840781653.929,1775840781864.689,210.760,99.004,111.756,38.011,32937,5545,200.0,1,0,100.0
2696,mean_dynamic_mobilenetv2,stable,features_16,1775840781877.688,1775840782100.940,223.253,106.170,114.082,38.584,32937,5545,200.0,1,0,99.6
2697,mean_dynamic_mobilenetv2,stable,features_16,1775840782114.470,1775840782329.740,215.270,102.885,110.956,34.660,32937,5545,200.0,1,0,98.0
2698,mean_dynamic_mobilenetv2,stable,features_16,1775840782335.172,1775840782528.282,193.110,89.735,101.369,35.872,32937,5545,200.0,0,0,95.9
2699,mean_dynamic_mobilenetv2,stable,features_16,1775840782535.284,1775840782727.370,192.086,70.121,113.445,40.160,32937,5545,200.0,0,0,98.2
2700,mean_dynamic_mobilenetv2,stable,features_16,1775840782736.722,1775840782948.611,211.889,94.926,111.960,41.896,32937,5545,200.0,1,0,99.1
2701,mean_dynamic_mobilenetv2,stable,features_16,1775840782962.612,1775840783172.863,210.251,103.191,105.051,34.171,32937,5545,200.0,1,0,97.9
2702,mean_dynamic_mobilenetv2,stable,features_16,1775840783177.863,1775840783412.122,234.259,117.518,112.740,39.648,32937,5545,200.0,1,0,100.0
2703,mean_dynamic_mobilenetv2,stable,features_16,1775840783422.121,1775840783637.988,215.867,98.660,112.212,39.774,32937,5545,200.0,1,0,99.6
2704,mean_dynamic_mobilenetv2,stable,features_16,1775840783647.080,1775840783970.176,323.096,201.858,116.987,38.911,32937,5545,200.0,1,0,98.6
2705,mean_dynamic_mobilenetv2,stable,features_16,1775840783978.177,1775840784152.236,174.059,58.434,115.625,38.948,32937,5545,200.0,0,0,93.0
2706,mean_dynamic_mobilenetv2,stable,features_16,1775840784160.474,1775840784298.180,137.706,36.240,99.454,33.590,32937,5545,200.0,0,0,100.0
2707,mean_dynamic_mobilenetv2,stable,features_16,1775840784303.191,1775840784460.178,156.988,48.388,107.597,41.663,32937,5545,200.0,0,0,97.7
2708,mean_dynamic_mobilenetv2,stable,features_16,1775840784470.821,1775840784665.574,194.753,86.565,105.188,37.004,32937,5545,200.0,0,0,99.2
2709,mean_dynamic_mobilenetv2,stable,features_16,1775840784670.793,1775840784846.649,175.856,68.221,106.637,38.386,32937,5545,200.0,0,0,97.3
2710,mean_dynamic_mobilenetv2,stable,features_16,1775840784852.676,1775840785059.301,206.625,102.451,102.176,35.233,32937,5545,200.0,1,0,100.0
2711,mean_dynamic_mobilenetv2,stable,features_16,1775840785069.301,1775840785265.531,196.230,92.094,102.134,36.392,32937,5545,200.0,0,0,99.1
2712,mean_dynamic_mobilenetv2,stable,features_16,1775840785282.104,1775840785604.474,322.370,210.620,110.744,40.303,32937,5545,200.0,1,0,99.7
2713,mean_dynamic_mobilenetv2,stable,features_16,1775840785616.898,1775840785815.153,198.255,87.560,109.695,37.040,32937,5545,200.0,0,0,98.6
2714,mean_dynamic_mobilenetv2,stable,features_16,1775840785821.156,1775840785990.203,169.047,56.100,110.947,40.749,32937,5545,200.0,0,0,97.4
2715,mean_dynamic_mobilenetv2,stable,features_16,1775840785997.535,1775840786175.685,178.149,74.857,102.279,37.221,32937,5545,200.0,0,0,95.4
2716,mean_dynamic_mobilenetv2,stable,features_16,1775840786184.185,1775840786405.213,221.028,109.888,106.129,34.255,32937,5545,200.0,1,0,97.1
2717,mean_dynamic_mobilenetv2,stable,features_16,1775840786414.789,1775840786703.087,288.298,116.372,169.913,37.557,32937,5545,200.0,1,0,100.0
2718,mean_dynamic_mobilenetv2,stable,features_16,1775840786714.182,1775840786935.236,221.054,106.165,113.890,40.927,32937,5545,200.0,1,0,98.9
2719,mean_dynamic_mobilenetv2,stable,features_16,1775840786944.288,1775840787126.496,182.209,73.324,106.823,36.859,32937,5545,200.0,0,0,98.5
2720,mean_dynamic_mobilenetv2,stable,features_16,1775840787134.061,1775840787299.718,165.657,57.080,106.495,40.498,32937,5545,200.0,0,0,100.0
2721,mean_dynamic_mobilenetv2,stable,features_16,1775840787315.048,1775840787566.981,251.933,143.237,107.566,37.245,32937,5545,200.0,1,0,98.9
2722,mean_dynamic_mobilenetv2,stable,features_16,1775840787574.315,1775840787782.212,207.897,102.933,103.732,33.176,32937,5545,200.0,1,0,99.6
2723,mean_dynamic_mobilenetv2,stable,features_16,1775840787791.577,1775840788172.280,380.703,259.419,117.281,38.519,32937,5545,200.0,1,0,98.1
2724,mean_dynamic_mobilenetv2,stable,features_16,1775840788178.643,1775840788358.147,179.504,56.894,111.606,38.169,32937,5545,200.0,0,0,100.0
2725,mean_dynamic_mobilenetv2,stable,features_16,1775840788366.396,1775840788556.192,189.796,67.007,120.789,38.421,32937,5545,200.0,0,0,97.7
2726,mean_dynamic_mobilenetv2,stable,features_16,1775840788564.693,1775840788781.157,216.464,118.751,97.713,32.072,32937,5545,200.0,1,0,100.0
2727,mean_dynamic_mobilenetv2,stable,features_16,1775840788791.908,1775840789025.248,233.339,117.024,114.806,34.574,32937,5545,200.0,1,0,99.6
2728,mean_dynamic_mobilenetv2,stable,features_16,1775840789035.543,1775840789238.982,203.439,91.378,106.062,36.406,32937,5545,200.0,1,0,99.1
2729,mean_dynamic_mobilenetv2,stable,features_16,1775840789247.981,1775840789438.433,190.451,84.992,105.459,34.140,32937,5545,200.0,0,0,100.0
2730,mean_dynamic_mobilenetv2,stable,features_16,1775840789447.128,1775840789626.190,179.062,56.619,118.427,37.345,32937,5545,200.0,0,0,99.0
2731,mean_dynamic_mobilenetv2,stable,features_16,1775840789631.354,1775840789827.136,195.782,82.836,109.942,37.541,32937,5545,200.0,0,0,100.0
2732,mean_dynamic_mobilenetv2,stable,features_16,1775840789836.010,1775840790033.611,197.601,85.945,110.653,36.603,32937,5545,200.0,0,0,100.0
2733,mean_dynamic_mobilenetv2,stable,features_16,1775840790045.948,1775840790262.181,216.233,103.457,111.778,38.596,32937,5545,200.0,1,0,99.2
2734,mean_dynamic_mobilenetv2,stable,features_16,1775840790273.808,1775840790483.133,209.325,96.949,107.374,38.158,32937,5545,200.0,1,0,99.6
2735,mean_dynamic_mobilenetv2,stable,features_16,1775840790492.052,1775840790722.476,230.424,120.215,108.208,34.961,32937,5545,200.0,1,0,98.8
2736,mean_dynamic_mobilenetv2,stable,features_16,1775840790735.094,1775840790926.773,191.679,89.097,100.570,30.498,32937,5545,200.0,0,0,99.5
2737,mean_dynamic_mobilenetv2,stable,features_16,1775840790932.039,1775840791170.686,238.646,115.577,119.787,40.602,32937,5545,200.0,1,0,99.2
2738,mean_dynamic_mobilenetv2,stable,features_16,1775840791177.686,1775840791394.213,216.527,97.534,110.995,38.869,32937,5545,200.0,1,0,98.3
2739,mean_dynamic_mobilenetv2,stable,features_16,1775840791399.224,1775840791599.577,200.354,84.440,112.915,40.464,32937,5545,200.0,1,0,94.5
2740,mean_dynamic_mobilenetv2,stable,features_16,1775840791604.580,1775840791779.558,174.978,62.523,111.256,38.960,32937,5545,200.0,0,0,91.8
2741,mean_dynamic_mobilenetv2,stable,features_16,1775840791786.636,1775840791959.736,173.099,61.366,110.734,39.609,32937,5545,200.0,0,0,98.4
2742,mean_dynamic_mobilenetv2,stable,features_16,1775840791966.736,1775840792170.303,203.567,94.463,108.091,38.064,32937,5545,200.0,1,0,97.8
2743,mean_dynamic_mobilenetv2,stable,features_16,1775840792185.109,1775840792467.812,282.703,119.452,162.252,40.899,32937,5545,200.0,1,0,98.7
2744,mean_dynamic_mobilenetv2,stable,features_16,1775840792475.810,1775840792620.916,145.106,41.538,103.568,37.207,32937,5545,200.0,0,0,98.2
2745,mean_dynamic_mobilenetv2,stable,features_16,1775840792627.131,1775840792830.619,203.488,85.523,112.953,37.415,32937,5545,200.0,1,0,99.1
2746,mean_dynamic_mobilenetv2,stable,features_16,1775840792842.802,1775840793081.035,238.232,126.415,109.807,37.302,32937,5545,200.0,1,0,98.5
2747,mean_dynamic_mobilenetv2,stable,features_16,1775840793089.038,1775840793291.051,202.012,95.807,105.204,38.181,32937,5545,200.0,1,0,99.2
2748,mean_dynamic_mobilenetv2,stable,features_16,1775840793300.327,1775840793497.403,197.076,84.125,111.938,37.963,32937,5545,200.0,0,0,98.2
2749,mean_dynamic_mobilenetv2,stable,features_16,1775840793507.617,1775840793723.334,215.717,105.378,109.060,36.651,32937,5545,200.0,1,0,97.9
2750,mean_dynamic_mobilenetv2,stable,features_16,1775840793733.172,1775840793890.894,157.722,46.730,109.993,38.607,32937,5545,200.0,0,0,97.2
2751,mean_dynamic_mobilenetv2,stable,features_16,1775840793901.903,1775840794086.237,184.334,81.273,101.978,35.578,32937,5545,200.0,0,0,99.6
2752,mean_dynamic_mobilenetv2,stable,features_16,1775840794092.880,1775840794278.672,185.792,72.325,109.306,37.053,32937,5545,200.0,0,0,99.5
2753,mean_dynamic_mobilenetv2,stable,features_16,1775840794289.669,1775840794477.856,188.187,86.228,99.962,32.497,32937,5545,200.0,0,0,97.7
2754,mean_dynamic_mobilenetv2,stable,features_16,1775840794487.014,1775840794676.213,189.199,77.594,109.609,39.726,32937,5545,200.0,0,0,96.0
2755,mean_dynamic_mobilenetv2,stable,features_16,1775840794687.212,1775840794871.526,184.314,73.805,108.515,40.100,32937,5545,200.0,0,0,96.8
2756,mean_dynamic_mobilenetv2,stable,features_16,1775840794875.526,1775840795088.628,213.102,100.106,110.996,37.855,32937,5545,200.0,1,0,97.9
2757,mean_dynamic_mobilenetv2,stable,features_16,1775840795097.627,1775840795284.127,186.500,82.759,100.740,33.046,32937,5545,200.0,0,0,98.0
2758,mean_dynamic_mobilenetv2,stable,features_16,1775840795290.156,1775840795461.071,170.916,64.526,105.390,34.879,32937,5545,200.0,0,0,93.0
2759,mean_dynamic_mobilenetv2,stable,features_16,1775840795470.394,1775840795663.260,192.867,80.617,105.249,34.905,32937,5545,200.0,0,0,97.8
2760,mean_dynamic_mobilenetv2,stable,features_16,1775840795676.618,1775840795872.257,195.639,74.998,118.377,41.377,32937,5545,200.0,0,0,92.3
2761,mean_dynamic_mobilenetv2,stable,features_16,1775840795880.721,1775840796081.529,200.808,98.041,101.768,34.268,32937,5545,200.0,1,0,98.6
2762,mean_dynamic_mobilenetv2,stable,features_16,1775840796085.700,1775840796282.343,196.643,92.820,101.813,31.125,32937,5545,200.0,0,0,98.6
2763,mean_dynamic_mobilenetv2,stable,features_16,1775840796288.342,1775840796489.050,200.708,89.742,108.967,37.924,32937,5545,200.0,1,0,95.8
2764,mean_dynamic_mobilenetv2,stable,features_16,1775840796498.331,1775840796707.133,208.803,95.411,111.017,37.317,32937,5545,200.0,1,0,94.0
2765,mean_dynamic_mobilenetv2,stable,features_16,1775840796712.479,1775840796903.304,190.825,76.447,112.371,33.208,32937,5545,200.0,0,0,92.6
2766,mean_dynamic_mobilenetv2,stable,features_16,1775840796907.305,1775840797021.916,114.611,11.515,102.099,36.437,32937,5545,200.0,0,0,81.6
2767,mean_dynamic_mobilenetv2,stable,features_16,1775840797024.917,1775840797139.684,114.767,16.247,98.520,32.883,32937,5545,200.0,0,0,80.8
2768,mean_dynamic_mobilenetv2,stable,features_16,1775840797143.684,1775840797261.718,118.034,13.001,104.024,38.379,32937,5545,200.0,0,0,82.9
2769,mean_dynamic_mobilenetv2,stable,features_16,1775840797264.718,1775840797386.713,121.995,14.000,105.993,36.975,32937,5545,200.0,0,0,85.4
2770,mean_dynamic_mobilenetv2,stable,features_16,1775840797390.712,1775840797536.059,145.346,35.857,105.486,34.729,32937,5545,200.0,0,0,98.0
2771,mean_dynamic_mobilenetv2,stable,features_16,1775840797539.059,1775840797658.072,119.013,20.000,99.013,35.013,32937,5545,200.0,0,0,93.3
2772,mean_dynamic_mobilenetv2,stable,features_16,1775840797662.076,1775840797777.128,115.053,17.998,96.054,32.690,32937,5545,200.0,0,0,96.2
2773,mean_dynamic_mobilenetv2,stable,features_16,1775840797782.129,1775840797900.039,117.910,11.373,105.535,37.838,32937,5545,200.0,0,0,83.7
2774,mean_dynamic_mobilenetv2,stable,features_16,1775840797904.045,1775840798038.018,133.973,21.510,110.461,40.718,32937,5545,200.0,0,0,86.0
2775,mean_dynamic_mobilenetv2,stable,features_16,1775840798041.073,1775840798194.094,153.021,12.001,140.011,35.380,32937,5545,200.0,0,0,80.6
2776,mean_dynamic_mobilenetv2,stable,features_16,1775840798198.091,1775840798308.366,110.275,14.007,95.267,31.235,32937,5545,200.0,0,0,84.5
2777,mean_dynamic_mobilenetv2,stable,features_16,1775840798312.366,1775840798431.950,119.584,16.712,99.872,33.853,32937,5545,200.0,0,0,79.1
2778,mean_dynamic_mobilenetv2,stable,features_16,1775840798434.950,1775840798551.177,116.227,11.999,103.229,35.980,32937,5545,200.0,0,0,81.7
2779,mean_dynamic_mobilenetv2,stable,features_16,1775840798554.176,1775840798664.976,110.801,12.002,97.799,35.767,32937,5545,200.0,0,0,78.6
2780,mean_dynamic_mobilenetv2,stable,features_16,1775840798667.976,1775840798779.158,111.182,11.005,97.179,32.670,32937,5545,200.0,0,0,78.1
2781,mean_dynamic_mobilenetv2,stable,features_16,1775840798783.158,1775840798895.816,112.658,13.001,98.661,34.993,32937,5545,200.0,0,0,77.7
2782,mean_dynamic_mobilenetv2,stable,features_16,1775840798899.818,1775840799021.370,121.552,10.034,111.519,33.319,32937,5545,200.0,0,0,95.5
2783,mean_dynamic_mobilenetv2,stable,features_16,1775840799026.369,1775840799156.737,130.368,23.000,105.367,36.668,32937,5545,200.0,0,0,96.6
2784,mean_dynamic_mobilenetv2,stable,features_16,1775840799162.199,1775840799288.052,125.853,24.000,100.851,33.556,32937,5545,200.0,0,0,96.9
2785,mean_dynamic_mobilenetv2,stable,features_16,1775840799293.051,1775840799418.163,125.112,22.007,102.106,35.042,32937,5545,200.0,0,0,95.9
2786,mean_dynamic_mobilenetv2,stable,features_16,1775840799421.677,1775840799547.199,125.523,24.000,100.521,33.223,32937,5545,200.0,0,0,95.4
2787,mean_dynamic_mobilenetv2,stable,features_16,1775840799550.199,1775840799682.328,132.129,24.001,105.130,36.600,32937,5545,200.0,0,0,98.0
2788,mean_dynamic_mobilenetv2,stable,features_16,1775840799686.330,1775840799828.852,142.522,33.110,107.906,37.886,32937,5545,200.0,0,0,100.0
2789,mean_dynamic_mobilenetv2,stable,features_16,1775840799833.232,1775840799970.628,137.397,17.999,117.399,51.154,32937,5545,200.0,0,0,90.5
2790,mean_dynamic_mobilenetv2,stable,features_16,1775840799973.627,1775840800111.409,137.782,19.257,118.525,49.930,32937,5545,200.0,0,0,85.4
2791,mean_dynamic_mobilenetv2,stable,features_16,1775840800115.406,1775840800233.512,118.106,14.515,102.626,36.410,32937,5545,200.0,0,0,82.0
2792,mean_dynamic_mobilenetv2,stable,features_16,1775840800237.510,1775840800370.722,133.212,10.000,122.213,36.093,32937,5545,200.0,0,0,77.6
2793,mean_dynamic_mobilenetv2,stable,features_16,1775840800374.686,1775840800485.273,110.588,11.038,98.578,33.382,32937,5545,200.0,0,0,77.0
2794,mean_dynamic_mobilenetv2,stable,features_16,1775840800488.271,1775840800606.933,118.663,11.002,105.594,38.440,32937,5545,200.0,0,0,77.3
2795,mean_dynamic_mobilenetv2,stable,features_16,1775840800611.904,1775840800739.258,127.354,23.528,102.825,37.285,32937,5545,200.0,0,0,77.3
2796,mean_dynamic_mobilenetv2,stable,features_16,1775840800743.258,1775840800868.409,125.151,17.001,106.186,38.025,32937,5545,200.0,0,0,83.3
2797,mean_dynamic_mobilenetv2,stable,features_16,1775840800871.406,1775840800991.045,119.639,10.002,107.640,35.718,32937,5545,200.0,0,0,86.7
2798,mean_dynamic_mobilenetv2,stable,features_16,1775840800994.049,1775840801122.989,128.940,11.002,116.932,50.048,32937,5545,200.0,0,0,82.6
2799,mean_dynamic_mobilenetv2,stable,features_16,1775840801126.990,1775840801232.774,105.784,10.039,95.745,32.683,32937,5545,200.0,0,0,83.0
2800,mean_dynamic_mobilenetv2,stable,features_16,1775840801236.773,1775840801371.311,134.538,19.308,115.230,34.286,32937,5545,200.0,0,0,90.5
2801,mean_dynamic_mobilenetv2,stable,features_16,1775840801375.313,1775840801522.885,147.572,18.000,127.575,38.903,32937,5545,200.0,0,0,84.0
2802,mean_dynamic_mobilenetv2,stable,features_16,1775840801526.885,1775840801648.466,121.581,14.000,106.610,37.168,32937,5545,200.0,0,0,86.7
2803,mean_dynamic_mobilenetv2,stable,features_16,1775840801651.462,1775840801790.488,139.026,12.044,126.981,48.565,32937,5545,200.0,0,0,83.8
2804,mean_dynamic_mobilenetv2,stable,features_16,1775840801795.487,1775840801925.490,130.003,15.150,114.853,39.338,32937,5545,200.0,0,0,87.7
2805,mean_dynamic_mobilenetv2,stable,features_16,1775840801929.489,1775840802050.456,120.967,19.941,99.022,33.015,32937,5545,200.0,0,0,94.6
2806,mean_dynamic_mobilenetv2,stable,features_16,1775840802054.454,1775840802175.976,121.522,13.001,107.521,37.998,32937,5545,200.0,0,0,84.5
2807,mean_dynamic_mobilenetv2,stable,features_16,1775840802179.977,1775840802300.770,120.793,20.997,98.796,37.373,32937,5545,200.0,0,0,98.5
2808,mean_dynamic_mobilenetv2,stable,features_16,1775840802304.772,1775840802441.580,136.808,21.542,113.265,49.280,32937,5545,200.0,0,0,93.1
2809,mean_dynamic_mobilenetv2,stable,features_16,1775840802445.580,1775840802579.729,134.148,26.174,105.343,37.873,32937,5545,200.0,0,0,96.6
2810,mean_dynamic_mobilenetv2,stable,features_16,1775840802584.106,1775840802715.948,131.842,23.513,107.329,36.259,32937,5545,200.0,0,0,97.3
2811,mean_dynamic_mobilenetv2,stable,features_16,1775840802720.421,1775840802858.118,137.697,30.519,106.178,32.245,32937,5545,200.0,0,0,100.0
2812,mean_dynamic_mobilenetv2,stable,features_16,1775840802864.469,1775840802989.845,125.376,28.409,96.354,31.955,32937,5545,200.0,0,0,100.0
2813,mean_dynamic_mobilenetv2,stable,features_16,1775840802996.279,1775840803120.565,124.287,23.861,98.136,30.897,32937,5545,200.0,0,0,92.0
2814,mean_dynamic_mobilenetv2,stable,features_16,1775840803123.647,1775840803246.172,122.526,14.999,105.520,35.091,32937,5545,200.0,0,0,86.3
2815,mean_dynamic_mobilenetv2,stable,features_16,1775840803249.172,1775840803375.934,126.762,15.001,109.763,37.709,32937,5545,200.0,0,0,90.6
2816,mean_dynamic_mobilenetv2,stable,features_16,1775840803380.934,1775840803508.463,127.530,19.001,107.529,41.197,32937,5545,200.0,0,0,87.7
2817,mean_dynamic_mobilenetv2,stable,features_16,1775840803512.460,1775840803621.357,108.897,14.512,94.385,29.862,32937,5545,200.0,0,0,87.7
2818,mean_dynamic_mobilenetv2,stable,features_16,1775840803625.873,1775840803747.370,121.498,14.520,105.977,36.302,32937,5545,200.0,0,0,92.2
2819,mean_dynamic_mobilenetv2,stable,features_16,1775840803751.370,1775840803922.605,171.235,13.999,157.236,88.755,32937,5545,200.0,0,0,85.2
2820,mean_dynamic_mobilenetv2,stable,features_16,1775840803927.615,1775840804046.386,118.771,16.000,101.773,37.033,32937,5545,200.0,0,0,81.2
2821,mean_dynamic_mobilenetv2,stable,features_16,1775840804050.629,1775840804165.231,114.601,10.999,102.601,37.632,32937,5545,200.0,0,0,76.9
2822,mean_dynamic_mobilenetv2,stable,features_16,1775840804168.230,1775840804301.682,133.452,14.371,116.084,34.397,32937,5545,200.0,0,0,86.0
2823,mean_dynamic_mobilenetv2,stable,features_16,1775840804304.683,1775840804428.725,124.042,15.009,108.032,32.281,32937,5545,200.0,0,0,87.5
2824,mean_dynamic_mobilenetv2,stable,features_16,1775840804432.723,1775840804578.288,145.565,12.003,133.562,35.866,32937,5545,200.0,0,0,83.8
2825,mean_dynamic_mobilenetv2,stable,features_16,1775840804582.287,1775840804704.402,122.115,17.459,103.656,37.162,32937,5545,200.0,0,0,84.4
2826,mean_dynamic_mobilenetv2,stable,features_16,1775840804707.401,1775840804843.541,136.140,12.005,123.137,37.720,32937,5545,200.0,0,0,82.8
2827,mean_dynamic_mobilenetv2,stable,features_16,1775840804847.539,1775840804982.384,134.845,15.003,119.842,37.485,32937,5545,200.0,0,0,86.2
2828,mean_dynamic_mobilenetv2,stable,features_16,1775840804986.384,1775840805108.422,122.038,17.998,102.037,36.547,32937,5545,200.0,0,0,85.4
2829,mean_dynamic_mobilenetv2,stable,features_16,1775840805111.428,1775840805228.584,117.156,12.512,102.643,35.711,32937,5545,200.0,0,0,84.3
2830,mean_dynamic_mobilenetv2,stable,features_16,1775840805232.588,1775840805357.583,124.995,12.996,112.000,35.489,32937,5545,200.0,0,0,83.7
2831,mean_dynamic_mobilenetv2,stable,features_16,1775840805361.595,1775840805481.139,119.544,11.999,106.546,35.897,32937,5545,200.0,0,0,83.6
2832,mean_dynamic_mobilenetv2,stable,features_16,1775840805485.141,1775840805606.659,121.518,14.001,105.518,37.696,32937,5545,200.0,0,0,88.3
2833,mean_dynamic_mobilenetv2,stable,features_16,1775840805610.667,1775840805740.128,129.461,20.512,107.950,38.634,32937,5545,200.0,0,0,92.5
2834,mean_dynamic_mobilenetv2,stable,features_16,1775840805744.129,1775840805866.329,122.200,19.001,102.198,37.891,32937,5545,200.0,0,0,93.8
2835,mean_dynamic_mobilenetv2,stable,features_16,1775840805870.327,1775840805995.697,125.370,21.000,102.367,37.045,32937,5545,200.0,0,0,95.3
2836,mean_dynamic_mobilenetv2,stable,features_16,1775840805998.698,1775840806127.391,128.692,21.007,104.678,37.049,32937,5545,200.0,0,0,94.6
2837,mean_dynamic_mobilenetv2,stable,features_16,1775840806132.056,1775840806261.925,129.869,22.009,105.859,38.359,32937,5545,200.0,0,0,84.1
2838,mean_dynamic_mobilenetv2,stable,features_16,1775840806264.923,1775840806382.445,117.522,17.001,100.521,36.285,32937,5545,200.0,0,0,86.7
2839,mean_dynamic_mobilenetv2,stable,features_16,1775840806386.446,1775840806513.545,127.099,16.996,109.100,38.770,32937,5545,200.0,0,0,86.1
2840,mean_dynamic_mobilenetv2,stable,features_16,1775840806517.542,1775840806637.984,120.441,19.286,101.155,34.725,32937,5545,200.0,0,0,93.8
2841,mean_dynamic_mobilenetv2,stable,features_16,1775840806642.984,1775840806780.156,137.171,29.965,106.207,36.626,32937,5545,200.0,0,0,89.2
2842,mean_dynamic_mobilenetv2,stable,features_16,1775840806784.155,1775840806899.677,115.522,11.998,101.528,36.140,32937,5545,200.0,0,0,90.7
2843,mean_dynamic_mobilenetv2,stable,features_16,1775840806903.070,1775840807032.243,129.173,22.649,105.525,37.260,32937,5545,200.0,0,0,90.0
2844,mean_dynamic_mobilenetv2,stable,features_16,1775840807037.243,1775840807156.428,119.185,18.001,100.184,36.628,32937,5545,200.0,0,0,85.9
2845,mean_dynamic_mobilenetv2,stable,features_16,1775840807160.427,1775840807280.698,120.271,19.003,101.268,34.374,32937,5545,200.0,0,0,86.8
2846,mean_dynamic_mobilenetv2,stable,features_16,1775840807283.699,1775840807407.367,123.668,14.999,108.669,39.363,32937,5545,200.0,0,0,76.7
2847,mean_dynamic_mobilenetv2,stable,features_16,1775840807411.377,1775840807535.425,124.048,16.511,107.537,37.337,32937,5545,200.0,0,0,78.1
2848,mean_dynamic_mobilenetv2,stable,features_16,1775840807539.430,1775840807646.944,107.513,9.016,98.498,33.191,32937,5545,200.0,0,0,77.7
2849,mean_dynamic_mobilenetv2,stable,features_16,1775840807649.941,1775840807761.672,111.732,11.998,98.733,34.585,32937,5545,200.0,0,0,79.7
2850,mean_dynamic_mobilenetv2,stable,features_16,1775840807764.791,1775840807880.613,115.822,12.041,102.781,37.536,32937,5545,200.0,0,0,78.6
2851,mean_dynamic_mobilenetv2,stable,features_16,1775840807884.612,1775840808004.790,120.178,16.283,102.896,35.266,32937,5545,200.0,0,0,85.4
2852,mean_dynamic_mobilenetv2,stable,features_16,1775840808007.789,1775840808120.421,112.632,13.046,98.586,32.699,32937,5545,200.0,0,0,77.3
2853,mean_dynamic_mobilenetv2,stable,features_16,1775840808123.393,1775840808249.930,126.537,9.546,115.989,37.948,32937,5545,200.0,0,0,79.1
2854,mean_dynamic_mobilenetv2,stable,features_16,1775840808253.961,1775840808371.268,117.307,12.999,104.309,37.931,32937,5545,200.0,0,0,82.2
2855,mean_dynamic_mobilenetv2,stable,features_16,1775840808375.266,1775840808495.936,120.670,12.054,108.616,37.734,32937,5545,200.0,0,0,83.6
2856,mean_dynamic_mobilenetv2,stable,features_16,1775840808499.427,1775840808612.407,112.980,14.010,96.933,33.921,32937,5545,200.0,0,0,84.8
2857,mean_dynamic_mobilenetv2,stable,features_16,1775840808616.377,1775840808735.594,119.217,14.078,104.173,32.977,32937,5545,200.0,0,0,89.1
2858,mean_dynamic_mobilenetv2,stable,features_16,1775840808739.591,1775840808871.160,131.568,18.003,111.581,38.325,32937,5545,200.0,0,0,89.9
2859,mean_dynamic_mobilenetv2,stable,features_16,1775840808875.125,1775840808994.115,118.990,13.000,104.990,36.396,32937,5545,200.0,0,0,86.9
2860,mean_dynamic_mobilenetv2,stable,features_16,1775840808998.365,1775840809134.418,136.053,33.534,102.519,34.637,32937,5545,200.0,0,0,92.6
2861,mean_dynamic_mobilenetv2,stable,features_16,1775840809138.416,1775840809258.190,119.775,11.001,107.773,34.460,32937,5545,200.0,0,0,84.3
2862,mean_dynamic_mobilenetv2,stable,features_16,1775840809262.188,1775840809381.247,119.058,17.469,100.590,34.479,32937,5545,200.0,0,0,85.0
2863,mean_dynamic_mobilenetv2,stable,features_16,1775840809385.244,1775840809510.484,125.239,12.001,112.239,37.509,32937,5545,200.0,0,0,86.9
2864,mean_dynamic_mobilenetv2,stable,features_16,1775840809514.494,1775840809682.042,167.548,17.625,147.921,79.087,32937,5545,200.0,0,0,88.1
2865,mean_dynamic_mobilenetv2,stable,features_16,1775840809687.042,1775840809820.667,133.625,23.489,109.134,38.025,32937,5545,200.0,0,0,88.7
2866,mean_dynamic_mobilenetv2,stable,features_16,1775840809824.664,1775840809951.882,127.218,19.514,106.710,37.919,32937,5545,200.0,0,0,94.3
2867,mean_dynamic_mobilenetv2,stable,features_16,1775840809956.401,1775840810078.878,122.477,24.000,97.476,32.520,32937,5545,200.0,0,0,97.0
2868,mean_dynamic_mobilenetv2,stable,features_16,1775840810081.881,1775840810205.430,123.549,14.997,105.554,32.852,32937,5545,200.0,0,0,94.6
2869,mean_dynamic_mobilenetv2,stable,features_16,1775840810209.429,1775840810332.555,123.127,24.006,99.121,32.842,32937,5545,200.0,0,0,97.7
2870,mean_dynamic_mobilenetv2,stable,features_16,1775840810336.927,1775840810463.219,126.292,21.010,104.275,33.939,32937,5545,200.0,0,0,98.0
2871,mean_dynamic_mobilenetv2,stable,features_16,1775840810468.222,1775840810594.041,125.819,27.253,96.567,33.530,32937,5545,200.0,0,0,92.3
2872,mean_dynamic_mobilenetv2,stable,features_16,1775840810598.045,1775840810719.924,121.879,14.004,106.877,41.445,32937,5545,200.0,0,0,78.1
2873,mean_dynamic_mobilenetv2,stable,features_16,1775840810723.402,1775840810863.527,140.125,12.563,126.565,55.015,32937,5545,200.0,0,0,80.1
2874,mean_dynamic_mobilenetv2,stable,features_16,1775840810867.526,1775840810985.105,117.579,16.489,99.859,34.806,32937,5545,200.0,0,0,87.8
2875,mean_dynamic_mobilenetv2,stable,features_16,1775840810989.314,1775840811112.171,122.857,19.611,102.244,36.119,32937,5545,200.0,0,0,84.7
2876,mean_dynamic_mobilenetv2,stable,features_16,1775840811115.518,1775840811235.927,120.409,16.515,101.897,34.015,32937,5545,200.0,0,0,82.0
2877,mean_dynamic_mobilenetv2,stable,features_16,1775840811239.928,1775840811365.859,125.930,20.382,104.550,36.335,32937,5545,200.0,0,0,89.3
2878,mean_dynamic_mobilenetv2,stable,features_16,1775840811370.048,1775840811498.894,128.846,19.160,106.673,40.421,32937,5545,200.0,0,0,89.7
2879,mean_dynamic_mobilenetv2,stable,features_16,1775840811502.891,1775840811644.532,141.641,23.215,118.427,36.284,32937,5545,200.0,0,0,88.3
2880,mean_dynamic_mobilenetv2,stable,features_16,1775840811648.531,1775840811764.049,115.518,12.003,102.514,36.177,32937,5545,200.0,0,0,83.6
2881,mean_dynamic_mobilenetv2,stable,features_16,1775840811767.050,1775840811886.876,119.826,10.998,106.827,37.042,32937,5545,200.0,0,0,84.4
2882,mean_dynamic_mobilenetv2,stable,features_16,1775840811890.875,1775840812012.703,121.828,17.486,103.341,36.105,32937,5545,200.0,0,0,94.0
2883,mean_dynamic_mobilenetv2,stable,features_16,1775840812015.942,1775840812137.694,121.752,22.482,99.271,34.970,32937,5545,200.0,0,0,87.5
2884,mean_dynamic_mobilenetv2,stable,features_16,1775840812141.999,1775840812259.672,117.673,12.500,104.173,37.173,32937,5545,200.0,0,0,88.7
2885,mean_dynamic_mobilenetv2,stable,features_16,1775840812264.681,1775840812402.744,138.063,23.442,113.121,36.107,32937,5545,200.0,0,0,98.0
2886,mean_dynamic_mobilenetv2,stable,features_16,1775840812407.208,1775840812550.531,143.324,32.417,110.907,32.936,32937,5545,200.0,0,0,98.7
2887,mean_dynamic_mobilenetv2,stable,features_16,1775840812555.380,1775840812684.215,128.834,22.912,104.921,39.114,32937,5545,200.0,0,0,96.7
2888,mean_dynamic_mobilenetv2,stable,features_16,1775840812688.645,1775840812834.694,146.049,31.176,114.873,43.191,32937,5545,200.0,0,0,99.3
2889,mean_dynamic_mobilenetv2,stable,features_16,1775840812839.866,1775840812978.961,139.095,29.406,107.679,38.696,32937,5545,200.0,0,0,98.8
2890,mean_dynamic_mobilenetv2,stable,features_16,1775840812983.962,1775840813122.209,138.248,31.992,106.256,34.939,32937,5545,200.0,0,0,90.4
2891,mean_dynamic_mobilenetv2,stable,features_16,1775840813126.208,1775840813238.541,112.333,12.058,99.274,35.534,32937,5545,200.0,0,0,83.2
2892,mean_dynamic_mobilenetv2,stable,features_16,1775840813242.620,1775840813371.832,129.212,19.004,108.206,37.818,32937,5545,200.0,0,0,91.7
2893,mean_dynamic_mobilenetv2,stable,features_16,1775840813375.831,1775840813498.968,123.136,19.528,102.605,34.126,32937,5545,200.0,0,0,95.7
2894,mean_dynamic_mobilenetv2,stable,features_16,1775840813503.537,1775840813641.686,138.149,37.073,99.652,32.470,32937,5545,200.0,0,0,97.4
2895,mean_dynamic_mobilenetv2,stable,features_16,1775840813646.272,1775840813784.065,137.792,33.041,103.752,37.316,32937,5545,200.0,0,0,98.7
2896,mean_dynamic_mobilenetv2,stable,features_16,1775840813793.421,1775840813923.258,129.837,24.932,102.243,37.988,32937,5545,200.0,0,0,96.1
2897,mean_dynamic_mobilenetv2,stable,features_16,1775840813927.909,1775840814141.113,213.204,116.957,95.228,31.879,32937,5545,200.0,1,0,100.0
2898,mean_dynamic_mobilenetv2,stable,features_16,1775840814149.175,1775840814501.725,352.550,246.737,105.813,34.767,32937,5545,200.0,1,0,100.0
2899,mean_dynamic_mobilenetv2,stable,features_16,1775840814511.864,1775840814901.113,389.249,283.646,103.594,37.225,32937,5545,200.0,1,0,99.3
2900,mean_dynamic_mobilenetv2,stable,features_16,1775840814905.116,1775840815020.262,115.146,19.668,94.478,28.897,32937,5545,200.0,0,0,97.5
2901,mean_dynamic_mobilenetv2,stable,features_16,1775840815025.164,1775840815146.327,121.163,24.213,94.638,31.271,32937,5545,200.0,0,0,95.6
2902,mean_dynamic_mobilenetv2,stable,features_16,1775840815151.373,1775840815274.227,122.854,17.851,103.737,33.673,32937,5545,200.0,0,0,94.0
2903,mean_dynamic_mobilenetv2,stable,features_16,1775840815278.236,1775840815461.747,183.510,22.248,160.255,33.533,32937,5545,200.0,0,0,94.9
2904,mean_dynamic_mobilenetv2,stable,features_16,1775840815466.286,1775840815587.094,120.807,18.082,101.726,37.198,32937,5545,200.0,0,0,94.6
2905,mean_dynamic_mobilenetv2,stable,features_16,1775840815591.330,1775840815712.800,121.470,19.855,100.606,34.693,32937,5545,200.0,0,0,93.0
2906,mean_dynamic_mobilenetv2,stable,features_16,1775840815717.216,1775840815834.610,117.394,15.066,100.328,33.700,32937,5545,200.0,0,0,94.0
2907,mean_dynamic_mobilenetv2,stable,features_16,1775840815840.083,1775840815968.411,128.327,22.008,105.319,34.349,32937,5545,200.0,0,0,95.3
2908,mean_dynamic_mobilenetv2,stable,features_16,1775840815972.412,1775840816100.985,128.573,22.897,104.447,39.037,32937,5545,200.0,0,0,90.1
2909,mean_dynamic_mobilenetv2,stable,features_16,1775840816103.994,1775840816222.873,118.879,19.085,98.796,34.215,32937,5545,200.0,0,0,86.8
2910,mean_dynamic_mobilenetv2,stable,features_16,1775840816226.521,1775840816343.652,117.131,14.963,102.168,35.744,32937,5545,200.0,0,0,87.0
2911,mean_dynamic_mobilenetv2,stable,features_16,1775840816346.654,1775840816479.428,132.774,12.406,119.366,33.709,32937,5545,200.0,0,0,85.6
2912,mean_dynamic_mobilenetv2,stable,features_16,1775840816483.431,1775840816611.702,128.271,17.999,109.271,32.651,32937,5545,200.0,0,0,94.6
2913,mean_dynamic_mobilenetv2,stable,features_16,1775840816615.703,1775840816753.540,137.837,15.008,121.808,44.314,32937,5545,200.0,0,0,93.8
2914,mean_dynamic_mobilenetv2,stable,features_16,1775840816757.730,1775840816896.011,138.281,20.001,115.280,35.514,32937,5545,200.0,0,0,91.0
2915,mean_dynamic_mobilenetv2,stable,features_16,1775840816899.013,1775840817044.616,145.603,14.307,129.290,44.812,32937,5545,200.0,0,0,98.8
2916,mean_dynamic_mobilenetv2,stable,features_16,1775840817055.618,1775840817196.720,141.102,34.682,104.420,35.844,32937,5545,200.0,0,0,92.1
2917,mean_dynamic_mobilenetv2,stable,features_16,1775840817202.720,1775840817327.341,124.622,14.421,109.201,38.532,32937,5545,200.0,0,0,88.6
2918,mean_dynamic_mobilenetv2,stable,features_16,1775840817333.928,1775840817464.552,130.624,26.651,102.965,36.259,32937,5545,200.0,0,0,94.6
2919,mean_dynamic_mobilenetv2,stable,features_16,1775840817469.663,1775840817589.110,119.447,19.031,100.416,35.950,32937,5545,200.0,0,0,96.9
2920,mean_dynamic_mobilenetv2,stable,features_16,1775840817594.785,1775840817730.316,135.530,25.882,107.345,35.343,32937,5545,200.0,0,0,98.6
2921,mean_dynamic_mobilenetv2,stable,features_16,1775840817735.360,1775840817874.721,139.362,32.451,105.745,36.069,32937,5545,200.0,0,0,100.0
2922,mean_dynamic_mobilenetv2,stable,features_16,1775840817880.118,1775840818012.352,132.233,29.395,101.726,34.105,32937,5545,200.0,0,0,99.3
2923,mean_dynamic_mobilenetv2,stable,features_16,1775840818017.445,1775840818158.472,141.027,34.460,105.263,35.962,32937,5545,200.0,0,0,99.4
2924,mean_dynamic_mobilenetv2,stable,features_16,1775840818162.900,1775840818310.562,147.663,27.277,118.888,36.981,32937,5545,200.0,0,0,98.9
2925,mean_dynamic_mobilenetv2,stable,features_16,1775840818314.637,1775840818452.849,138.212,33.259,103.942,35.769,32937,5545,200.0,0,0,96.0
2926,mean_dynamic_mobilenetv2,stable,features_16,1775840818457.915,1775840818593.250,135.334,35.542,99.792,33.792,32937,5545,200.0,0,0,96.2
2927,mean_dynamic_mobilenetv2,stable,features_16,1775840818597.512,1775840818735.473,137.961,29.435,104.635,39.409,32937,5545,200.0,0,0,98.0
2928,mean_dynamic_mobilenetv2,stable,features_16,1775840818739.622,1775840818907.077,167.455,68.089,98.028,31.318,32937,5545,200.0,0,0,97.8
2929,mean_dynamic_mobilenetv2,stable,features_16,1775840818911.415,1775840819050.202,138.788,29.552,107.099,40.192,32937,5545,200.0,0,0,99.3
2930,mean_dynamic_mobilenetv2,stable,features_16,1775840819055.179,1775840819197.450,142.271,27.151,113.062,41.065,32937,5545,200.0,0,0,97.6
2931,mean_dynamic_mobilenetv2,stable,features_16,1775840819201.961,1775840819330.255,128.294,20.133,105.967,37.027,32937,5545,200.0,0,0,97.7
2932,mean_dynamic_mobilenetv2,stable,features_16,1775840819335.842,1775840819469.507,133.664,32.418,100.245,32.898,32937,5545,200.0,0,0,94.6
2933,mean_dynamic_mobilenetv2,stable,features_16,1775840819474.511,1775840819601.560,127.049,23.489,102.559,34.810,32937,5545,200.0,0,0,97.3
2934,mean_dynamic_mobilenetv2,stable,features_16,1775840819605.967,1775840819738.378,132.411,23.304,106.095,34.181,32937,5545,200.0,0,0,96.1
2935,mean_dynamic_mobilenetv2,stable,features_16,1775840819742.966,1775840819871.155,128.188,22.573,105.615,37.995,32937,5545,200.0,0,0,96.6
2936,mean_dynamic_mobilenetv2,stable,features_16,1775840819875.157,1775840819994.757,119.600,19.000,100.601,36.686,32937,5545,200.0,0,0,97.7
2937,mean_dynamic_mobilenetv2,stable,features_16,1775840819999.399,1775840820131.378,131.979,31.551,99.426,35.000,32937,5545,200.0,0,0,95.5
2938,mean_dynamic_mobilenetv2,stable,features_16,1775840820134.377,1775840820250.736,116.358,18.229,98.129,32.893,32937,5545,200.0,0,0,88.7
2939,mean_dynamic_mobilenetv2,stable,features_16,1775840820254.737,1775840820375.786,121.049,16.001,105.048,37.459,32937,5545,200.0,0,0,85.9
2940,mean_dynamic_mobilenetv2,stable,features_16,1775840820380.785,1775840820489.621,108.835,12.999,94.835,31.536,32937,5545,200.0,0,0,84.1
2941,mean_dynamic_mobilenetv2,stable,features_16,1775840820494.620,1775840820612.035,117.416,15.999,100.418,34.140,32937,5545,200.0,0,0,86.7
2942,mean_dynamic_mobilenetv2,stable,features_16,1775840820617.037,1775840820753.536,136.499,19.007,115.491,38.027,32937,5545,200.0,0,0,93.1
2943,mean_dynamic_mobilenetv2,stable,features_16,1775840820757.535,1775840820895.599,138.064,27.636,109.429,37.723,32937,5545,200.0,0,0,95.9
2944,mean_dynamic_mobilenetv2,stable,features_16,1775840820900.098,1775840821027.204,127.106,18.000,108.106,37.288,32937,5545,200.0,0,0,94.5
2945,mean_dynamic_mobilenetv2,stable,features_16,1775840821031.205,1775840821207.204,175.999,15.664,160.335,88.541,32937,5545,200.0,0,0,90.6
2946,mean_dynamic_mobilenetv2,stable,features_16,1775840821212.202,1775840821331.256,119.054,13.062,105.992,37.806,32937,5545,200.0,0,0,82.0
2947,mean_dynamic_mobilenetv2,stable,features_16,1775840821335.275,1775840821454.109,118.834,12.508,105.281,32.809,32937,5545,200.0,0,0,81.2
2948,mean_dynamic_mobilenetv2,stable,features_16,1775840821458.112,1775840821576.626,118.515,11.998,105.552,37.185,32937,5545,200.0,0,0,79.7
2949,mean_dynamic_mobilenetv2,stable,features_16,1775840821580.628,1775840821733.046,152.418,28.366,122.539,39.105,32937,5545,200.0,0,0,88.5
2950,mean_dynamic_mobilenetv2,stable,features_16,1775840821736.559,1775840821846.777,110.218,11.522,97.698,33.456,32937,5545,200.0,0,0,79.5
2951,mean_dynamic_mobilenetv2,stable,features_16,1775840821850.775,1775840821967.774,116.999,11.042,104.954,36.650,32937,5545,200.0,0,0,83.2
2952,mean_dynamic_mobilenetv2,stable,features_16,1775840821972.143,1775840822097.301,125.158,21.062,103.127,36.082,32937,5545,200.0,0,0,82.2
2953,mean_dynamic_mobilenetv2,stable,features_16,1775840822100.300,1775840822217.332,117.032,13.001,104.032,35.729,32937,5545,200.0,0,0,78.1
2954,mean_dynamic_mobilenetv2,stable,features_16,1775840822221.329,1775840822355.877,134.548,12.006,121.541,34.205,32937,5545,200.0,0,0,90.5
2955,mean_dynamic_mobilenetv2,stable,features_16,1775840822359.877,1775840822481.611,121.734,19.441,101.283,35.923,32937,5545,200.0,0,0,95.5
2956,mean_dynamic_mobilenetv2,stable,features_16,1775840822487.036,1775840822631.564,144.529,19.998,123.531,38.658,32937,5545,200.0,0,0,98.0
2957,mean_dynamic_mobilenetv2,stable,features_16,1775840822636.916,1775840822757.902,120.986,23.099,96.888,31.413,32937,5545,200.0,0,0,93.5
2958,mean_dynamic_mobilenetv2,stable,features_16,1775840822761.903,1775840822887.342,125.439,21.000,103.439,35.646,32937,5545,200.0,0,0,96.4
2959,mean_dynamic_mobilenetv2,stable,features_16,1775840822892.343,1775840823017.682,125.339,24.000,100.339,32.223,32937,5545,200.0,0,0,96.1
2960,mean_dynamic_mobilenetv2,stable,features_16,1775840823023.685,1775840823143.432,119.748,21.254,98.494,35.294,32937,5545,200.0,0,0,95.4
2961,mean_dynamic_mobilenetv2,stable,features_16,1775840823147.431,1775840823261.672,114.241,16.002,96.780,31.651,32937,5545,200.0,0,0,93.9
2962,mean_dynamic_mobilenetv2,stable,features_16,1775840823264.938,1775840823391.422,126.484,17.432,106.055,38.597,32937,5545,200.0,0,0,87.7
2963,mean_dynamic_mobilenetv2,stable,features_16,1775840823395.722,1775840823521.607,125.885,18.001,106.886,37.768,32937,5545,200.0,0,0,87.9
2964,mean_dynamic_mobilenetv2,stable,features_16,1775840823525.609,1775840823641.988,116.378,14.355,101.021,36.628,32937,5545,200.0,0,0,90.1
2965,mean_dynamic_mobilenetv2,stable,features_16,1775840823646.040,1775840823769.155,123.116,25.002,97.112,33.944,32937,5545,200.0,0,0,89.9
2966,mean_dynamic_mobilenetv2,stable,features_16,1775840823772.380,1775840823894.838,122.458,18.115,103.222,34.456,32937,5545,200.0,0,0,90.1
2967,mean_dynamic_mobilenetv2,stable,features_16,1775840823899.280,1775840824031.188,131.908,22.869,108.037,36.160,32937,5545,200.0,0,0,95.9
2968,mean_dynamic_mobilenetv2,stable,features_16,1775840824037.490,1775840824158.581,121.091,25.858,95.233,31.939,32937,5545,200.0,0,0,91.5
2969,mean_dynamic_mobilenetv2,stable,features_16,1775840824163.580,1775840824286.588,123.007,23.271,97.735,32.144,32937,5545,200.0,0,0,94.6
2970,mean_dynamic_mobilenetv2,stable,features_16,1775840824291.858,1775840824435.664,143.805,25.260,117.535,48.548,32937,5545,200.0,0,0,94.6
2971,mean_dynamic_mobilenetv2,stable,features_16,1775840824440.460,1775840824572.253,131.793,26.221,102.573,36.513,32937,5545,200.0,0,0,93.9
2972,mean_dynamic_mobilenetv2,stable,features_16,1775840824576.431,1775840824699.764,123.333,22.894,99.439,33.143,32937,5545,200.0,0,0,93.0
2973,mean_dynamic_mobilenetv2,stable,features_16,1775840824703.088,1775840824832.799,129.710,23.005,104.292,37.066,32937,5545,200.0,0,0,98.5
2974,mean_dynamic_mobilenetv2,stable,features_16,1775840824836.802,1775840824975.615,138.813,19.261,119.552,38.497,32937,5545,200.0,0,0,94.7
2975,mean_dynamic_mobilenetv2,stable,features_16,1775840824980.423,1775840825114.576,134.153,27.962,105.178,35.604,32937,5545,200.0,0,0,98.7
2976,mean_dynamic_mobilenetv2,stable,features_16,1775840825119.073,1775840825255.072,135.999,27.352,107.649,36.784,32937,5545,200.0,0,0,93.3
2977,mean_dynamic_mobilenetv2,stable,features_16,1775840825260.442,1775840825388.340,127.897,24.694,103.203,34.187,32937,5545,200.0,0,0,86.1
2978,mean_dynamic_mobilenetv2,stable,features_16,1775840825391.717,1775840825510.765,119.049,17.968,99.850,34.999,32937,5545,200.0,0,0,90.3
2979,mean_dynamic_mobilenetv2,stable,features_16,1775840825513.451,1775840825638.579,125.128,20.728,103.392,36.040,32937,5545,200.0,0,0,90.9
2980,mean_dynamic_mobilenetv2,stable,features_16,1775840825642.758,1775840825768.793,126.035,17.246,107.788,35.508,32937,5545,200.0,0,0,93.1
2981,mean_dynamic_mobilenetv2,stable,features_16,1775840825772.767,1775840825905.717,132.950,30.027,102.923,36.485,32937,5545,200.0,0,0,96.0
2982,mean_dynamic_mobilenetv2,stable,features_16,1775840825909.909,1775840826031.517,121.608,18.566,102.042,36.653,32937,5545,200.0,0,0,90.1
2983,mean_dynamic_mobilenetv2,stable,features_16,1775840826034.517,1775840826152.061,117.544,18.365,96.178,30.399,32937,5545,200.0,0,0,94.7
2984,mean_dynamic_mobilenetv2,stable,features_16,1775840826156.061,1775840826289.205,133.144,19.823,113.321,34.109,32937,5545,200.0,0,0,94.5
2985,mean_dynamic_mobilenetv2,stable,features_16,1775840826293.546,1775840826412.592,119.045,18.325,98.715,33.458,32937,5545,200.0,0,0,93.8
2986,mean_dynamic_mobilenetv2,stable,features_16,1775840826416.697,1775840826544.379,127.682,15.275,110.902,42.809,32937,5545,200.0,0,0,94.5
2987,mean_dynamic_mobilenetv2,stable,features_16,1775840826547.484,1775840826673.678,126.194,19.408,106.786,35.882,32937,5545,200.0,0,0,93.8
2988,mean_dynamic_mobilenetv2,stable,features_16,1775840826678.064,1775840826800.566,122.502,15.393,106.098,30.053,32937,5545,200.0,0,0,91.4
2989,mean_dynamic_mobilenetv2,stable,features_16,1775840826804.581,1775840826975.197,170.616,31.785,137.830,33.431,32937,5545,200.0,0,0,95.6
2990,mean_dynamic_mobilenetv2,stable,features_16,1775840826978.813,1775840827108.111,129.298,27.511,98.764,33.223,32937,5545,200.0,0,0,96.6
2991,mean_dynamic_mobilenetv2,stable,features_16,1775840827113.579,1775840827234.729,121.150,17.809,103.341,37.460,32937,5545,200.0,0,0,93.1
2992,mean_dynamic_mobilenetv2,stable,features_16,1775840827239.677,1775840827359.379,119.703,22.822,96.881,31.288,32937,5545,200.0,0,0,99.3
2993,mean_dynamic_mobilenetv2,stable,features_16,1775840827363.390,1775840827490.789,127.398,27.296,100.103,36.367,32937,5545,200.0,0,0,100.0
2994,mean_dynamic_mobilenetv2,stable,features_16,1775840827495.646,1775840827629.588,133.941,28.823,104.120,37.250,32937,5545,200.0,0,0,100.0
2995,mean_dynamic_mobilenetv2,stable,features_16,1775840827634.088,1775840827764.779,130.692,24.828,104.861,36.970,32937,5545,200.0,0,0,100.0
2996,mean_dynamic_mobilenetv2,stable,features_16,1775840827769.158,1775840827903.604,134.447,25.181,108.264,38.566,32937,5545,200.0,0,0,100.0
2997,mean_dynamic_mobilenetv2,stable,features_16,1775840827909.327,1775840828041.597,132.270,29.118,99.935,32.618,32937,5545,200.0,0,0,99.3
2998,mean_dynamic_mobilenetv2,stable,features_16,1775840828045.596,1775840828187.871,142.275,37.375,103.706,35.006,32937,5545,200.0,0,0,100.0
2999,mean_dynamic_mobilenetv2,stable,features_16,1775840828192.870,1775840828323.546,130.676,29.000,100.675,32.525,32937,5545,200.0,0,0,98.0
3000,mean_dynamic_mobilenetv2,stable,features_16,1775840828327.499,1775840828485.170,157.671,21.039,134.368,42.245,32937,5545,200.0,0,0,97.5
3001,mean_dynamic_mobilenetv2,stable,features_16,1775840828488.497,1775840828610.706,122.208,17.499,103.383,36.066,32937,5545,200.0,0,0,95.4
3002,mean_dynamic_mobilenetv2,stable,features_16,1775840828614.295,1775840828734.683,120.388,20.163,98.835,34.467,32937,5545,200.0,0,0,95.5
3003,mean_dynamic_mobilenetv2,stable,features_16,1775840828739.260,1775840828859.641,120.381,21.734,97.647,34.171,32937,5545,200.0,0,0,87.6
3004,mean_dynamic_mobilenetv2,stable,features_16,1775840828862.641,1775840828985.349,122.708,13.000,107.708,38.932,32937,5545,200.0,0,0,87.6
3005,mean_dynamic_mobilenetv2,stable,features_16,1775840828989.348,1775840829120.810,131.461,24.644,104.306,36.959,32937,5545,200.0,0,0,88.4
3006,mean_dynamic_mobilenetv2,stable,features_16,1775840829123.821,1775840829243.348,119.527,12.003,105.523,35.279,32937,5545,200.0,0,0,92.6
3007,mean_dynamic_mobilenetv2,stable,features_16,1775840829246.853,1775840829361.376,114.523,13.007,100.513,35.395,32937,5545,200.0,0,0,92.2
3008,mean_dynamic_mobilenetv2,stable,features_16,1775840829365.630,1775840829490.263,124.633,20.358,103.271,37.746,32937,5545,200.0,0,0,89.1
3009,mean_dynamic_mobilenetv2,stable,features_16,1775840829494.261,1775840829629.776,135.515,16.999,117.515,35.904,32937,5545,200.0,0,0,86.5
3010,mean_dynamic_mobilenetv2,stable,features_16,1775840829633.787,1775840829760.901,127.114,19.507,106.607,37.762,32937,5545,200.0,0,0,87.0
3011,mean_dynamic_mobilenetv2,stable,features_16,1775840829764.848,1775840829890.060,125.211,20.349,102.861,34.994,32937,5545,200.0,0,0,95.4
3012,mean_dynamic_mobilenetv2,stable,features_16,1775840829895.463,1775840830021.800,126.337,23.115,102.198,36.190,32937,5545,200.0,0,0,99.2
3013,mean_dynamic_mobilenetv2,stable,features_16,1775840830025.798,1775840830139.336,113.538,13.010,100.528,33.173,32937,5545,200.0,0,0,89.8
3014,mean_dynamic_mobilenetv2,stable,features_16,1775840830144.056,1775840830265.811,121.755,18.601,101.152,33.007,32937,5545,200.0,0,0,93.0
3015,mean_dynamic_mobilenetv2,stable,features_16,1775840830270.644,1775840830390.377,119.733,15.043,102.689,36.690,32937,5545,200.0,0,0,90.6
3016,mean_dynamic_mobilenetv2,stable,features_16,1775840830393.378,1775840830516.602,123.223,16.027,107.197,35.181,32937,5545,200.0,0,0,82.8
3017,mean_dynamic_mobilenetv2,stable,features_16,1775840830520.506,1775840830638.453,117.948,19.247,98.700,34.625,32937,5545,200.0,0,0,86.8
3018,mean_dynamic_mobilenetv2,stable,features_16,1775840830642.452,1775840830765.504,123.052,18.512,101.540,34.765,32937,5545,200.0,0,0,92.2
3019,mean_dynamic_mobilenetv2,stable,features_16,1775840830769.501,1775840830900.892,131.392,29.432,100.959,33.266,32937,5545,200.0,0,0,97.4
3020,mean_dynamic_mobilenetv2,stable,features_16,1775840830905.617,1775840831020.458,114.841,15.495,99.346,32.215,32937,5545,200.0,0,0,98.3
3021,mean_dynamic_mobilenetv2,stable,features_16,1775840831025.545,1775840831149.598,124.054,20.006,103.036,33.443,32937,5545,200.0,0,0,93.2
3022,mean_dynamic_mobilenetv2,stable,features_16,1775840831153.594,1775840831283.429,129.835,25.001,104.835,34.269,32937,5545,200.0,0,0,93.8
3023,mean_dynamic_mobilenetv2,stable,features_16,1775840831289.430,1775840831416.542,127.112,22.998,104.114,33.668,32937,5545,200.0,0,0,94.5
3024,mean_dynamic_mobilenetv2,stable,features_16,1775840831421.483,1775840831559.811,138.328,19.290,119.039,37.476,32937,5545,200.0,0,0,95.2
3025,mean_dynamic_mobilenetv2,stable,features_16,1775840831563.812,1775840831696.572,132.760,21.998,106.764,39.729,32937,5545,200.0,0,0,98.0
3026,mean_dynamic_mobilenetv2,stable,features_16,1775840831701.572,1775840831839.808,138.237,31.502,106.735,40.148,32937,5545,200.0,0,0,98.6
3027,mean_dynamic_mobilenetv2,stable,features_16,1775840831844.806,1775840831985.955,141.149,31.779,107.368,38.874,32937,5545,200.0,0,0,98.6
3028,mean_dynamic_mobilenetv2,stable,features_16,1775840831990.954,1775840832129.641,138.687,34.165,102.520,34.334,32937,5545,200.0,0,0,98.0
3029,mean_dynamic_mobilenetv2,stable,features_16,1775840832134.644,1775840832264.816,130.172,26.515,101.660,35.684,32937,5545,200.0,0,0,98.0
3030,mean_dynamic_mobilenetv2,stable,features_16,1775840832270.818,1775840832397.336,126.518,21.999,102.520,32.337,32937,5545,200.0,0,0,97.7
3031,mean_dynamic_mobilenetv2,stable,features_16,1775840832402.335,1775840832535.283,132.948,32.001,99.092,31.989,32937,5545,200.0,0,0,96.6
3032,mean_dynamic_mobilenetv2,stable,features_16,1775840832539.764,1775840832712.209,172.445,25.585,144.860,72.717,32937,5545,200.0,0,0,95.4
3033,mean_dynamic_mobilenetv2,stable,features_16,1775840832716.209,1775840832851.634,135.425,24.558,109.867,38.364,32937,5545,200.0,0,0,98.7
3034,mean_dynamic_mobilenetv2,stable,features_16,1775840832871.205,1775840833014.596,143.391,34.913,107.477,38.346,32937,5545,200.0,0,0,98.1
3035,mean_dynamic_mobilenetv2,stable,features_16,1775840833019.599,1775840833154.119,134.520,26.723,105.803,32.963,32937,5545,200.0,0,0,89.0
3036,mean_dynamic_mobilenetv2,stable,features_16,1775840833159.120,1775840833290.230,131.110,17.996,112.112,35.948,32937,5545,200.0,0,0,99.3
3037,mean_dynamic_mobilenetv2,stable,features_16,1775840833295.518,1775840833425.106,129.588,24.148,103.436,34.173,32937,5545,200.0,0,0,98.5
3038,mean_dynamic_mobilenetv2,stable,features_16,1775840833430.163,1775840833557.409,127.246,23.335,101.911,34.642,32937,5545,200.0,0,0,94.0
3039,mean_dynamic_mobilenetv2,stable,features_16,1775840833560.407,1775840833671.932,111.525,12.000,97.557,34.041,32937,5545,200.0,0,0,78.6
3040,mean_dynamic_mobilenetv2,stable,features_16,1775840833675.923,1775840833802.672,126.749,12.000,113.749,37.209,32937,5545,200.0,0,0,91.6
3041,mean_dynamic_mobilenetv2,stable,features_16,1775840833806.669,1775840833922.450,115.781,12.004,103.778,33.579,32937,5545,200.0,0,0,77.5
3042,mean_dynamic_mobilenetv2,stable,features_16,1775840833926.421,1775840834078.820,152.399,20.006,130.393,42.627,32937,5545,200.0,0,0,85.7
3043,mean_dynamic_mobilenetv2,stable,features_16,1775840834081.820,1775840834203.338,121.518,10.999,110.029,39.597,32937,5545,200.0,0,0,75.8
3044,mean_dynamic_mobilenetv2,stable,features_16,1775840834206.337,1775840834337.873,131.536,12.999,117.537,35.553,32937,5545,200.0,0,0,84.0
3045,mean_dynamic_mobilenetv2,stable,features_16,1775840834342.271,1775840834458.608,116.338,13.519,101.822,35.379,32937,5545,200.0,0,0,82.1
3046,mean_dynamic_mobilenetv2,stable,features_16,1775840834461.576,1775840834582.346,120.771,17.149,101.588,35.211,32937,5545,200.0,0,0,86.8
3047,mean_dynamic_mobilenetv2,stable,features_16,1775840834586.309,1775840834711.028,124.719,19.202,104.516,36.586,32937,5545,200.0,0,0,86.0
3048,mean_dynamic_mobilenetv2,stable,features_16,1775840834715.028,1775840834845.075,130.047,14.002,115.043,46.483,32937,5545,200.0,0,0,87.6
3049,mean_dynamic_mobilenetv2,stable,features_16,1775840834848.071,1775840834979.735,131.665,12.738,117.924,49.354,32937,5545,200.0,0,0,87.6
3050,mean_dynamic_mobilenetv2,stable,features_16,1775840834983.248,1775840835105.034,121.786,20.279,100.509,36.793,32937,5545,200.0,0,0,92.2
3051,mean_dynamic_mobilenetv2,stable,features_16,1775840835109.037,1775840835234.169,125.133,15.000,110.133,41.387,32937,5545,200.0,0,0,84.4
3052,mean_dynamic_mobilenetv2,stable,features_16,1775840835238.178,1775840835376.216,138.037,18.517,118.520,51.618,32937,5545,200.0,0,0,90.3
3053,mean_dynamic_mobilenetv2,stable,features_16,1775840835381.378,1775840835503.127,121.750,20.294,99.455,34.656,32937,5545,200.0,0,0,90.6
3054,mean_dynamic_mobilenetv2,stable,features_16,1775840835508.127,1775840835636.488,128.361,23.000,104.361,32.626,32937,5545,200.0,0,0,93.2
3055,mean_dynamic_mobilenetv2,stable,features_16,1775840835640.495,1775840835765.557,125.062,22.006,102.033,34.314,32937,5545,200.0,0,0,93.1
3056,mean_dynamic_mobilenetv2,stable,features_16,1775840835768.683,1775840835892.179,123.495,16.551,105.944,36.494,32937,5545,200.0,0,0,93.8
3057,mean_dynamic_mobilenetv2,stable,features_16,1775840835896.178,1775840836012.464,116.286,14.003,100.287,33.450,32937,5545,200.0,0,0,97.1
3058,mean_dynamic_mobilenetv2,stable,features_16,1775840836016.712,1775840836142.203,125.491,20.419,104.073,36.817,32937,5545,200.0,0,0,90.1
3059,mean_dynamic_mobilenetv2,stable,features_16,1775840836146.202,1775840836294.586,148.384,23.278,124.107,47.199,32937,5545,200.0,0,0,90.5
3060,mean_dynamic_mobilenetv2,stable,features_16,1775840836297.586,1775840836445.450,147.864,15.000,130.021,43.866,32937,5545,200.0,0,0,81.4
3061,mean_dynamic_mobilenetv2,stable,features_16,1775840836449.449,1775840836592.480,143.031,14.514,128.517,38.229,32937,5545,200.0,0,0,81.2
3062,mean_dynamic_mobilenetv2,stable,features_16,1775840836596.477,1775840836717.991,121.514,17.002,104.512,34.872,32937,5545,200.0,0,0,76.0
3063,mean_dynamic_mobilenetv2,stable,features_16,1775840836721.992,1775840836843.654,121.662,8.998,111.664,46.691,32937,5545,200.0,0,0,78.5
3064,mean_dynamic_mobilenetv2,stable,features_16,1775840836846.652,1775840836966.917,120.265,12.589,107.677,40.694,32937,5545,200.0,0,0,83.7
3065,mean_dynamic_mobilenetv2,stable,features_16,1775840836970.916,1775840837095.055,124.140,11.531,111.538,40.636,32937,5545,200.0,0,0,81.4
3066,mean_dynamic_mobilenetv2,stable,features_16,1775840837098.036,1775840837214.523,116.487,11.978,103.488,37.532,32937,5545,200.0,0,0,76.6
3067,mean_dynamic_mobilenetv2,stable,features_16,1775840837219.212,1775840837346.112,126.900,18.328,106.573,43.374,32937,5545,200.0,0,0,90.0
3068,mean_dynamic_mobilenetv2,stable,features_16,1775840837350.178,1775840837475.596,125.418,22.333,102.088,35.250,32937,5545,200.0,0,0,93.1
3069,mean_dynamic_mobilenetv2,stable,features_16,1775840837480.596,1775840837604.977,124.380,17.999,105.083,36.347,32937,5545,200.0,0,0,94.6
3070,mean_dynamic_mobilenetv2,stable,features_16,1775840837608.231,1775840837731.831,123.601,18.228,101.920,34.531,32937,5545,200.0,0,0,90.8
3071,mean_dynamic_mobilenetv2,stable,features_16,1775840837735.832,1775840837852.448,116.616,17.012,98.603,36.005,32937,5545,200.0,0,0,88.4
3072,mean_dynamic_mobilenetv2,stable,features_16,1775840837855.962,1775840837975.745,119.783,15.999,101.783,34.050,32937,5545,200.0,0,0,87.5
3073,mean_dynamic_mobilenetv2,stable,features_16,1775840837979.747,1775840838101.481,121.735,15.640,106.095,34.719,32937,5545,200.0,0,0,87.6
3074,mean_dynamic_mobilenetv2,stable,features_16,1775840838104.483,1775840838228.289,123.806,15.000,106.807,38.721,32937,5545,200.0,0,0,83.7
3075,mean_dynamic_mobilenetv2,stable,features_16,1775840838231.290,1775840838351.710,120.420,20.359,100.061,35.081,32937,5545,200.0,0,0,87.6
3076,mean_dynamic_mobilenetv2,stable,features_16,1775840838355.709,1775840838517.382,161.673,14.266,147.407,35.928,32937,5545,200.0,0,0,87.5
3077,mean_dynamic_mobilenetv2,stable,features_16,1775840838522.382,1775840838636.903,114.522,14.999,99.522,33.290,32937,5545,200.0,0,0,92.3
3078,mean_dynamic_mobilenetv2,stable,features_16,1775840838640.905,1775840838784.449,143.544,23.333,119.212,50.333,32937,5545,200.0,0,0,92.5
3079,mean_dynamic_mobilenetv2,stable,features_16,1775840838788.449,1775840838918.162,129.713,21.000,107.712,36.463,32937,5545,200.0,0,0,94.5
3080,mean_dynamic_mobilenetv2,stable,features_16,1775840838922.160,1775840839057.513,135.353,27.662,105.461,36.115,32937,5545,200.0,0,0,84.8
3081,mean_dynamic_mobilenetv2,stable,features_16,1775840839061.783,1775840839185.650,123.866,17.749,104.118,37.031,32937,5545,200.0,0,0,82.0
3082,mean_dynamic_mobilenetv2,stable,features_16,1775840839188.651,1775840839301.651,113.000,14.998,98.002,33.298,32937,5545,200.0,0,0,81.2
3083,mean_dynamic_mobilenetv2,stable,features_16,1775840839305.650,1775840839419.240,113.590,14.003,99.587,32.205,32937,5545,200.0,0,0,86.7
3084,mean_dynamic_mobilenetv2,stable,features_16,1775840839423.237,1775840839555.081,131.844,18.002,110.835,40.293,32937,5545,200.0,0,0,87.5
3085,mean_dynamic_mobilenetv2,stable,features_16,1775840839559.594,1775840839703.689,144.096,19.999,122.090,38.056,32937,5545,200.0,0,0,84.7
3086,mean_dynamic_mobilenetv2,stable,features_16,1775840839707.646,1775840839839.908,132.263,13.059,118.004,34.868,32937,5545,200.0,0,0,91.8
3087,mean_dynamic_mobilenetv2,stable,features_16,1775840839843.370,1775840839968.113,124.744,19.973,103.770,37.024,32937,5545,200.0,0,0,89.2
3088,mean_dynamic_mobilenetv2,stable,features_16,1775840839973.113,1775840840106.845,133.732,19.493,112.237,37.919,32937,5545,200.0,0,0,93.8
3089,mean_dynamic_mobilenetv2,stable,features_16,1775840840111.843,1775840840230.280,118.437,19.149,99.287,33.430,32937,5545,200.0,0,0,89.2
3090,mean_dynamic_mobilenetv2,stable,features_16,1775840840235.279,1775840840355.287,120.009,18.999,100.009,33.307,32937,5545,200.0,0,0,93.1
3091,mean_dynamic_mobilenetv2,stable,features_16,1775840840360.156,1775840840481.677,121.522,15.999,103.522,33.323,32937,5545,200.0,0,0,96.2
3092,mean_dynamic_mobilenetv2,stable,features_16,1775840840485.678,1775840840618.328,132.650,23.630,108.018,34.217,32937,5545,200.0,0,0,98.0
3093,mean_dynamic_mobilenetv2,stable,features_16,1775840840622.326,1775840840745.866,123.540,19.640,102.900,32.381,32937,5545,200.0,0,0,93.9
3094,mean_dynamic_mobilenetv2,stable,features_16,1775840840749.866,1775840840879.884,130.017,24.019,103.999,34.631,32937,5545,200.0,0,0,97.8
3095,mean_dynamic_mobilenetv2,stable,features_16,1775840840884.027,1775840841016.977,132.950,32.610,98.321,32.675,32937,5545,200.0,0,0,94.6
3096,mean_dynamic_mobilenetv2,stable,features_16,1775840841020.974,1775840841171.053,150.079,17.001,132.077,51.831,32937,5545,200.0,0,0,78.1
3097,mean_dynamic_mobilenetv2,stable,features_16,1775840841175.050,1775840841306.504,131.454,16.031,114.425,32.597,32937,5545,200.0,0,0,76.4
3098,mean_dynamic_mobilenetv2,stable,features_16,1775840841311.502,1775840841447.810,136.308,9.998,126.310,38.183,32937,5545,200.0,0,0,75.9
3099,mean_dynamic_mobilenetv2,stable,features_16,1775840841451.807,1775840841566.227,114.420,9.542,103.866,37.471,32937,5545,200.0,0,0,85.0
3100,mean_dynamic_mobilenetv2,stable,features_16,1775840841569.219,1775840841702.602,133.383,14.036,118.347,43.090,32937,5545,200.0,0,0,82.1
3101,mean_dynamic_mobilenetv2,stable,features_16,1775840841706.601,1775840841811.403,104.802,11.036,92.797,29.231,32937,5545,200.0,0,0,89.6
3102,mean_dynamic_mobilenetv2,stable,features_16,1775840841814.405,1775840841950.570,136.165,17.996,109.164,32.634,32937,5545,200.0,0,0,91.4
3103,mean_dynamic_mobilenetv2,stable,features_16,1775840841954.569,1775840842074.650,120.081,17.453,101.627,33.238,32937,5545,200.0,0,0,85.9
3104,mean_dynamic_mobilenetv2,stable,features_16,1775840842079.651,1775840842215.964,136.313,24.350,109.965,37.736,32937,5545,200.0,0,0,95.4
3105,mean_dynamic_mobilenetv2,stable,features_16,1775840842225.403,1775840842378.652,153.249,27.419,124.490,38.912,32937,5545,200.0,0,0,92.0
3106,mean_dynamic_mobilenetv2,stable,features_16,1775840842389.854,1775840842598.265,208.411,85.546,117.866,40.831,32937,5545,200.0,1,0,99.1
3107,mean_dynamic_mobilenetv2,stable,features_16,1775840842612.398,1775840842810.633,198.235,89.506,107.727,33.638,32937,5545,200.0,0,0,100.0
3108,mean_dynamic_mobilenetv2,stable,features_16,1775840842822.925,1775840843030.634,207.708,91.401,116.307,38.461,32937,5545,200.0,1,0,100.0
3109,mean_dynamic_mobilenetv2,stable,features_16,1775840843037.204,1775840843237.868,200.664,85.198,111.446,37.847,32937,5545,200.0,1,0,99.5
3110,mean_dynamic_mobilenetv2,stable,features_16,1775840843248.573,1775840843429.101,180.529,71.073,108.452,36.741,32937,5545,200.0,0,0,98.5
3111,mean_dynamic_mobilenetv2,stable,features_16,1775840843439.835,1775840843624.412,184.577,76.491,106.093,39.215,32937,5545,200.0,0,0,98.2
3112,mean_dynamic_mobilenetv2,stable,features_16,1775840843637.521,1775840843823.839,186.318,72.907,107.415,35.884,32937,5545,200.0,0,0,98.6
3113,mean_dynamic_mobilenetv2,stable,features_16,1775840843832.838,1775840844002.171,169.333,59.516,108.819,34.881,32937,5545,200.0,0,0,95.7
3114,mean_dynamic_mobilenetv2,stable,features_16,1775840844012.101,1775840844250.069,237.968,76.233,160.736,39.033,32937,5545,200.0,1,0,100.0
3115,mean_dynamic_mobilenetv2,stable,features_16,1775840844259.579,1775840844447.788,188.209,84.691,103.518,34.010,32937,5545,200.0,0,0,100.0
3116,mean_dynamic_mobilenetv2,stable,features_16,1775840844457.790,1775840844709.290,251.500,140.010,105.594,35.892,32937,5545,200.0,1,0,99.6
3117,mean_dynamic_mobilenetv2,stable,features_16,1775840844722.899,1775840844986.334,263.436,155.021,107.413,34.874,32937,5545,200.0,1,0,100.0
3118,mean_dynamic_mobilenetv2,stable,features_16,1775840844997.774,1775840845250.007,252.233,140.315,109.918,39.287,32937,5545,200.0,1,0,99.7
3119,mean_dynamic_mobilenetv2,stable,features_16,1775840845259.205,1775840845413.922,154.717,50.954,103.087,36.934,32937,5545,200.0,0,0,99.4
3120,mean_dynamic_mobilenetv2,stable,features_16,1775840845418.921,1775840845573.373,154.452,46.405,107.043,39.106,32937,5545,200.0,0,0,96.6
3121,mean_dynamic_mobilenetv2,stable,features_16,1775840845579.371,1775840845732.727,153.356,49.391,103.965,35.558,32937,5545,200.0,0,0,95.7
3122,mean_dynamic_mobilenetv2,stable,features_16,1775840845746.829,1775840845913.163,166.334,65.401,98.840,31.682,32937,5545,200.0,0,0,99.5
3123,mean_dynamic_mobilenetv2,stable,features_16,1775840845923.206,1775840846194.762,271.556,157.554,109.731,37.148,32937,5545,200.0,1,0,97.4
3124,mean_dynamic_mobilenetv2,stable,features_16,1775840846205.114,1775840846457.786,252.672,144.914,106.758,37.808,32937,5545,200.0,1,0,94.7
3125,mean_dynamic_mobilenetv2,stable,features_16,1775840846464.302,1775840846635.725,171.422,70.249,100.173,32.624,32937,5545,200.0,0,0,99.5
3126,mean_dynamic_mobilenetv2,stable,features_16,1775840846648.735,1775840846824.958,176.222,71.837,102.395,33.590,32937,5545,200.0,0,0,97.5
3127,mean_dynamic_mobilenetv2,stable,features_16,1775840846833.129,1775840847018.112,184.982,74.804,109.175,33.764,32937,5545,200.0,0,0,98.5
3128,mean_dynamic_mobilenetv2,stable,features_16,1775840847035.304,1775840847248.720,213.417,102.887,108.527,36.468,32937,5545,200.0,1,0,96.0
3129,mean_dynamic_mobilenetv2,stable,features_16,1775840847254.721,1775840847442.727,188.006,78.820,108.185,34.166,32937,5545,200.0,0,0,99.0
3130,mean_dynamic_mobilenetv2,stable,features_16,1775840847449.739,1775840847645.827,196.089,87.502,104.592,35.859,32937,5545,200.0,0,0,95.9
3131,mean_dynamic_mobilenetv2,stable,features_16,1775840847654.842,1775840847824.287,169.446,65.509,102.940,33.248,32937,5545,200.0,0,0,95.5
3132,mean_dynamic_mobilenetv2,stable,features_16,1775840847833.572,1775840848024.988,191.416,77.993,109.410,37.439,32937,5545,200.0,0,0,100.0
3133,mean_dynamic_mobilenetv2,stable,features_16,1775840848034.826,1775840848223.250,188.425,77.078,110.346,39.840,32937,5545,200.0,0,0,100.0
3134,mean_dynamic_mobilenetv2,stable,features_16,1775840848228.504,1775840848420.958,192.454,78.573,111.873,37.455,32937,5545,200.0,0,0,98.2
3135,mean_dynamic_mobilenetv2,stable,features_16,1775840848430.230,1775840848621.169,190.938,79.181,110.760,39.956,32937,5545,200.0,0,0,99.6
3136,mean_dynamic_mobilenetv2,stable,features_16,1775840848628.291,1775840848809.104,180.813,70.547,109.266,37.584,32937,5545,200.0,0,0,94.4
3137,mean_dynamic_mobilenetv2,stable,features_16,1775840848820.108,1775840849023.472,203.365,84.951,112.404,37.864,32937,5545,200.0,1,0,99.5
3138,mean_dynamic_mobilenetv2,stable,features_16,1775840849034.783,1775840849228.581,193.798,74.055,114.742,39.255,32937,5545,200.0,0,0,99.1
3139,mean_dynamic_mobilenetv2,stable,features_16,1775840849234.582,1775840849427.236,192.654,77.428,113.105,39.212,32937,5545,200.0,0,0,99.0
3140,mean_dynamic_mobilenetv2,stable,features_16,1775840849435.552,1775840849624.855,189.302,73.767,110.531,35.872,32937,5545,200.0,0,0,97.7
3141,mean_dynamic_mobilenetv2,stable,features_16,1775840849630.943,1775840849826.228,195.285,80.571,112.713,39.841,32937,5545,200.0,0,0,99.1
3142,mean_dynamic_mobilenetv2,stable,features_16,1775840849830.231,1775840850033.434,203.203,72.906,129.298,34.865,32937,5545,200.0,1,0,98.6
3143,mean_dynamic_mobilenetv2,stable,features_16,1775840850047.239,1775840850213.618,166.379,64.311,100.070,31.651,32937,5545,200.0,0,0,97.4
3144,mean_dynamic_mobilenetv2,stable,features_16,1775840850218.619,1775840850398.770,180.151,67.042,108.919,36.924,32937,5545,200.0,0,0,100.0
3145,mean_dynamic_mobilenetv2,stable,features_16,1775840850408.927,1775840850606.119,197.192,87.850,107.347,34.770,32937,5545,200.0,0,0,98.2
3146,mean_dynamic_mobilenetv2,stable,features_16,1775840850615.825,1775840850816.226,200.401,78.757,116.643,37.830,32937,5545,200.0,1,0,99.1
3147,mean_dynamic_mobilenetv2,stable,features_16,1775840850827.529,1775840850996.360,168.831,65.519,101.310,37.499,32937,5545,200.0,0,0,98.5
3148,mean_dynamic_mobilenetv2,stable,features_16,1775840851013.972,1775840851203.286,189.314,83.355,101.960,35.877,32937,5545,200.0,0,0,97.2
3149,mean_dynamic_mobilenetv2,stable,features_16,1775840851211.437,1775840851406.068,194.631,78.458,115.174,41.141,32937,5545,200.0,0,0,98.6
3150,mean_dynamic_mobilenetv2,stable,features_16,1775840851417.068,1775840851618.188,201.120,74.370,125.750,42.056,32937,5545,200.0,1,0,98.7
3151,mean_dynamic_mobilenetv2,stable,features_16,1775840851626.190,1775840851817.524,191.334,72.706,115.616,41.894,32937,5545,200.0,0,0,98.5
3152,mean_dynamic_mobilenetv2,stable,features_16,1775840851826.526,1775840852005.220,178.695,70.520,103.178,37.040,32937,5545,200.0,0,0,99.0
3153,mean_dynamic_mobilenetv2,stable,features_16,1775840852018.621,1775840852217.365,198.744,94.416,103.328,36.499,32937,5545,200.0,0,0,99.6
3154,mean_dynamic_mobilenetv2,stable,features_16,1775840852224.368,1775840852411.409,187.041,83.953,101.090,34.312,32937,5545,200.0,0,0,99.5
3155,mean_dynamic_mobilenetv2,stable,features_16,1775840852419.896,1775840852613.453,193.556,91.519,101.037,31.700,32937,5545,200.0,0,0,97.2
3156,mean_dynamic_mobilenetv2,stable,features_16,1775840852621.467,1775840852805.692,184.225,80.510,99.313,31.588,32937,5545,200.0,0,0,95.4
3157,mean_dynamic_mobilenetv2,stable,features_16,1775840852813.693,1775840852986.181,172.488,71.483,100.004,31.807,32937,5545,200.0,0,0,98.9
3158,mean_dynamic_mobilenetv2,stable,features_16,1775840852992.179,1775840853209.121,216.942,106.649,107.296,35.664,32937,5545,200.0,1,0,99.6
3159,mean_dynamic_mobilenetv2,stable,features_16,1775840853215.121,1775840853422.981,207.860,97.092,106.768,36.180,32937,5545,200.0,1,0,100.0
3160,mean_dynamic_mobilenetv2,stable,features_16,1775840853435.983,1775840853665.048,229.065,72.678,154.386,40.267,32937,5545,200.0,1,0,98.9
3161,mean_dynamic_mobilenetv2,stable,features_16,1775840853670.096,1775840853848.791,178.695,69.313,105.382,32.990,32937,5545,200.0,0,0,100.0
3162,mean_dynamic_mobilenetv2,stable,features_16,1775840853858.800,1775840854063.360,204.560,93.944,109.587,39.844,32937,5545,200.0,1,0,100.0
3163,mean_dynamic_mobilenetv2,stable,features_16,1775840854080.857,1775840854280.962,200.105,85.498,112.566,35.821,32937,5545,200.0,1,0,100.0
3164,mean_dynamic_mobilenetv2,stable,features_16,1775840854289.175,1775840854485.089,195.914,82.212,111.704,39.235,32937,5545,200.0,0,0,99.1
3165,mean_dynamic_mobilenetv2,stable,features_16,1775840854494.088,1775840854672.197,178.109,72.734,102.161,33.912,32937,5545,200.0,0,0,99.0
3166,mean_dynamic_mobilenetv2,stable,features_16,1775840854681.356,1775840854857.374,176.017,72.173,101.833,31.249,32937,5545,200.0,0,0,99.0
3167,mean_dynamic_mobilenetv2,stable,features_16,1775840854863.372,1775840855082.704,219.332,104.822,112.514,37.691,32937,5545,200.0,1,0,99.1
3168,mean_dynamic_mobilenetv2,stable,features_16,1775840855094.976,1775840855316.659,221.683,109.435,110.225,38.695,32937,5545,200.0,1,0,99.2
3169,mean_dynamic_mobilenetv2,stable,features_16,1775840855323.025,1775840855581.865,258.840,147.544,109.282,34.277,32937,5545,200.0,1,0,97.9
3170,mean_dynamic_mobilenetv2,stable,features_16,1775840855591.221,1775840855779.283,188.062,65.030,123.032,31.587,32937,5545,200.0,0,0,98.2
3171,mean_dynamic_mobilenetv2,stable,features_16,1775840855783.292,1775840855898.616,115.323,13.000,101.321,36.690,32937,5545,200.0,0,0,90.8
3172,mean_dynamic_mobilenetv2,stable,features_16,1775840855909.833,1775840856211.320,301.488,189.456,110.031,36.007,32937,5545,200.0,1,0,100.0
3173,mean_dynamic_mobilenetv2,stable,features_16,1775840856223.319,1775840856463.956,240.637,136.584,103.050,32.778,32937,5545,200.0,1,0,100.0
3174,mean_dynamic_mobilenetv2,stable,features_16,1775840856472.858,1775840856671.259,198.401,92.646,104.758,37.264,32937,5545,200.0,0,0,99.1
3175,mean_dynamic_mobilenetv2,stable,features_16,1775840856686.225,1775840856872.899,186.674,80.451,103.715,37.475,32937,5545,200.0,0,0,97.2
3176,mean_dynamic_mobilenetv2,stable,features_16,1775840856884.910,1775840857175.183,290.273,176.747,111.517,41.642,32937,5545,200.0,1,0,99.4
3177,mean_dynamic_mobilenetv2,stable,features_16,1775840857186.626,1775840857416.815,230.189,111.847,117.344,37.294,32937,5545,200.0,1,0,98.1
3178,mean_dynamic_mobilenetv2,stable,features_16,1775840857430.153,1775840857652.659,222.506,116.510,105.996,35.246,32937,5545,200.0,1,0,100.0
3179,mean_dynamic_mobilenetv2,stable,features_16,1775840857662.669,1775840857819.863,157.194,53.516,101.680,33.781,32937,5545,200.0,0,0,95.7
3180,mean_dynamic_mobilenetv2,stable,features_16,1775840857825.863,1775840857986.789,160.925,59.656,100.269,35.375,32937,5545,200.0,0,0,100.0
3181,mean_dynamic_mobilenetv2,stable,features_16,1775840857992.793,1775840858166.285,173.492,66.339,107.154,34.722,32937,5545,200.0,0,0,97.1
3182,mean_dynamic_mobilenetv2,stable,features_16,1775840858171.285,1775840858312.743,141.458,35.522,104.937,33.926,32937,5545,200.0,0,0,97.3
3183,mean_dynamic_mobilenetv2,stable,features_16,1775840858317.747,1775840858465.739,147.993,40.057,107.935,38.118,32937,5545,200.0,0,0,97.6
3184,mean_dynamic_mobilenetv2,stable,features_16,1775840858471.937,1775840858639.731,167.795,55.386,108.397,35.442,32937,5545,200.0,0,0,97.3
3185,mean_dynamic_mobilenetv2,stable,features_16,1775840858648.731,1775840858869.313,220.582,107.869,110.702,37.617,32937,5545,200.0,1,0,100.0
3186,mean_dynamic_mobilenetv2,stable,features_16,1775840858878.165,1775840859143.140,264.975,149.832,111.145,31.705,32937,5545,200.0,1,0,100.0
3187,mean_dynamic_mobilenetv2,stable,features_16,1775840859153.708,1775840859414.977,261.269,148.122,111.142,38.422,32937,5545,200.0,1,0,99.7
3188,mean_dynamic_mobilenetv2,stable,features_16,1775840859432.431,1775840859670.895,238.464,125.826,109.135,40.445,32937,5545,200.0,1,0,99.6
3189,mean_dynamic_mobilenetv2,stable,features_16,1775840859681.445,1775840859990.286,308.842,200.333,106.557,36.886,32937,5545,200.0,1,0,98.8
3190,mean_dynamic_mobilenetv2,stable,features_16,1775840859997.421,1775840860252.554,255.133,141.594,109.362,39.089,32937,5545,200.0,1,0,98.2
3191,mean_dynamic_mobilenetv2,stable,features_16,1775840860262.654,1775840860493.887,231.233,118.373,111.862,37.062,32937,5545,200.0,1,0,99.6
3192,mean_dynamic_mobilenetv2,stable,features_16,1775840860500.886,1775840860669.812,168.926,61.397,106.525,36.506,32937,5545,200.0,0,0,98.4
3193,mean_dynamic_mobilenetv2,stable,features_16,1775840860676.320,1775840860831.881,155.561,47.674,105.886,39.245,32937,5545,200.0,0,0,98.8
3194,mean_dynamic_mobilenetv2,stable,features_16,1775840860838.883,1775840861007.418,168.535,53.855,113.422,36.653,32937,5545,200.0,0,0,93.4
3195,mean_dynamic_mobilenetv2,stable,features_16,1775840861015.081,1775840861183.652,168.571,58.180,105.882,37.306,32937,5545,200.0,0,0,99.5
3196,mean_dynamic_mobilenetv2,stable,features_16,1775840861187.653,1775840861323.896,136.244,26.001,109.243,40.375,32937,5545,200.0,0,0,97.3
3197,mean_dynamic_mobilenetv2,stable,features_16,1775840861330.897,1775840861551.231,220.334,64.535,152.692,36.709,32937,5545,200.0,1,0,99.2
3198,mean_dynamic_mobilenetv2,stable,features_16,1775840861560.600,1775840861753.801,193.201,86.551,104.655,37.865,32937,5545,200.0,0,0,99.5
3199,mean_dynamic_mobilenetv2,stable,features_16,1775840861760.801,1775840861964.151,203.350,90.080,112.270,39.304,32937,5545,200.0,1,0,99.6
3200,mean_dynamic_mobilenetv2,stable,features_16,1775840861973.154,1775840862194.271,221.116,101.610,117.508,42.868,32937,5545,200.0,1,0,100.0
3201,mean_dynamic_mobilenetv2,stable,features_16,1775840862205.712,1775840862401.200,195.488,91.126,102.348,36.667,32937,5545,200.0,0,0,98.3
3202,mean_dynamic_mobilenetv2,stable,features_16,1775840862414.635,1775840862656.213,241.577,128.278,109.299,39.074,32937,5545,200.0,1,0,100.0
3203,mean_dynamic_mobilenetv2,stable,features_16,1775840862666.464,1775840862888.920,222.456,115.169,106.285,37.402,32937,5545,200.0,1,0,98.0
3204,mean_dynamic_mobilenetv2,stable,features_16,1775840862897.919,1775840863181.482,283.563,164.989,117.575,38.862,32937,5545,200.0,1,0,99.4
3205,mean_dynamic_mobilenetv2,stable,features_16,1775840863190.516,1775840863424.842,234.326,116.518,116.808,39.690,32937,5545,200.0,1,0,100.0
3206,mean_dynamic_mobilenetv2,stable,features_16,1775840863434.325,1775840863663.142,228.817,112.471,113.543,38.209,32937,5545,200.0,1,0,100.0
3207,mean_dynamic_mobilenetv2,stable,features_16,1775840863675.933,1775840863909.454,233.521,130.053,100.470,31.664,32937,5545,200.0,1,0,100.0
3208,mean_dynamic_mobilenetv2,stable,features_16,1775840863920.735,1775840864151.788,231.053,98.431,131.619,43.669,32937,5545,200.0,1,0,95.9
3209,mean_dynamic_mobilenetv2,stable,features_16,1775840864163.104,1775840864312.511,149.407,37.524,110.880,42.933,32937,5545,200.0,0,0,97.6
3210,mean_dynamic_mobilenetv2,stable,features_16,1775840864315.687,1775840864471.180,155.493,26.263,128.229,42.094,32937,5545,200.0,0,0,98.2
3211,mean_dynamic_mobilenetv2,stable,features_16,1775840864474.313,1775840864647.634,173.322,36.034,136.288,40.939,32937,5545,200.0,0,0,93.8
3212,mean_dynamic_mobilenetv2,stable,features_16,1775840864651.633,1775840864783.227,131.594,23.009,107.577,39.649,32937,5545,200.0,0,0,96.6
3213,mean_dynamic_mobilenetv2,stable,features_16,1775840864788.525,1775840864918.538,130.013,21.626,106.378,39.472,32937,5545,200.0,0,0,90.3
3214,mean_dynamic_mobilenetv2,stable,features_16,1775840864922.534,1775840865044.445,121.911,15.004,103.588,33.914,32937,5545,200.0,0,0,93.1
3215,mean_dynamic_mobilenetv2,stable,features_16,1775840865052.446,1775840865176.595,124.149,22.009,101.139,36.098,32937,5545,200.0,0,0,95.7
3216,mean_dynamic_mobilenetv2,stable,features_16,1775840865181.105,1775840865298.847,117.742,20.006,97.736,32.982,32937,5545,200.0,0,0,92.3
3217,mean_dynamic_mobilenetv2,stable,features_16,1775840865303.848,1775840865433.050,129.202,20.339,106.865,35.477,32937,5545,200.0,0,0,99.3
3218,mean_dynamic_mobilenetv2,stable,features_16,1775840865442.052,1775840865639.371,197.319,88.533,108.786,36.436,32937,5545,200.0,0,0,99.1
3219,mean_dynamic_mobilenetv2,stable,features_16,1775840865654.512,1775840865927.829,273.316,166.272,106.045,38.085,32937,5545,200.0,1,0,100.0
3220,mean_dynamic_mobilenetv2,stable,features_16,1775840865943.826,1775840866220.355,276.529,159.260,112.267,38.424,32937,5545,200.0,1,0,99.4
3221,mean_dynamic_mobilenetv2,stable,features_16,1775840866231.356,1775840866498.525,267.169,149.281,110.366,34.514,32937,5545,200.0,1,0,99.7
3222,mean_dynamic_mobilenetv2,stable,features_16,1775840866507.606,1775840866754.446,246.840,128.019,112.818,32.617,32937,5545,200.0,1,0,99.3
3223,mean_dynamic_mobilenetv2,stable,features_16,1775840866771.445,1775840867016.386,244.941,130.205,113.735,36.538,32937,5545,200.0,1,0,100.0
3224,mean_dynamic_mobilenetv2,stable,features_16,1775840867023.383,1775840868424.607,1401.223,127.581,1272.639,67.665,32937,5545,200.0,1,0,77.4
3225,mean_dynamic_mobilenetv2,stable,features_16,1775840868439.608,1775840868671.328,231.720,119.064,111.657,39.079,32937,5545,200.0,1,0,97.0
3226,mean_dynamic_mobilenetv2,stable,features_16,1775840868679.913,1775840868935.717,255.804,146.693,106.955,36.526,32937,5545,200.0,1,0,99.3
3227,mean_dynamic_mobilenetv2,stable,features_16,1775840868944.717,1775840869186.113,241.396,128.696,111.687,40.557,32937,5545,200.0,1,0,99.6
3228,mean_dynamic_mobilenetv2,stable,features_16,1775840869196.111,1775840869404.754,208.643,105.106,101.537,37.192,32937,5545,200.0,1,0,99.6
3229,mean_dynamic_mobilenetv2,stable,features_16,1775840869416.640,1775840869620.893,204.253,96.496,105.579,35.784,32937,5545,200.0,1,0,100.0
3230,mean_dynamic_mobilenetv2,stable,features_16,1775840869631.247,1775840869843.269,212.022,106.010,105.013,34.657,32937,5545,200.0,1,0,99.6
3231,mean_dynamic_mobilenetv2,stable,features_16,1775840869850.422,1775840870079.772,229.351,125.045,102.985,34.629,32937,5545,200.0,1,0,100.0
3232,mean_dynamic_mobilenetv2,stable,features_16,1775840870089.114,1775840870317.607,228.492,119.408,108.078,36.811,32937,5545,200.0,1,0,98.4
3233,mean_dynamic_mobilenetv2,stable,features_16,1775840870322.603,1775840870516.808,194.205,90.576,102.628,33.989,32937,5545,200.0,0,0,98.6
3234,mean_dynamic_mobilenetv2,stable,features_16,1775840870525.995,1775840870740.135,214.140,102.905,109.234,42.246,32937,5545,200.0,1,0,100.0
3235,mean_dynamic_mobilenetv2,stable,features_16,1775840870745.136,1775840870970.445,225.309,109.628,112.375,35.436,32937,5545,200.0,1,0,99.6
3236,mean_dynamic_mobilenetv2,stable,features_16,1775840870994.787,1775840871245.293,250.506,140.597,108.912,37.885,32937,5545,200.0,1,0,99.7
3237,mean_dynamic_mobilenetv2,stable,features_16,1775840871255.374,1775840871459.806,204.433,96.693,106.738,37.116,32937,5545,200.0,1,0,97.7
3238,mean_dynamic_mobilenetv2,stable,features_16,1775840871470.809,1775840871663.253,192.444,85.685,102.753,33.249,32937,5545,200.0,0,0,99.5
3239,mean_dynamic_mobilenetv2,stable,features_16,1775840871675.265,1775840871884.561,209.296,101.183,107.115,38.508,32937,5545,200.0,1,0,97.6
3240,mean_dynamic_mobilenetv2,stable,features_16,1775840871890.177,1775840872124.953,234.775,115.415,118.361,42.637,32937,5545,200.0,1,0,100.0
3241,mean_dynamic_mobilenetv2,stable,features_16,1775840872136.964,1775840872366.711,229.748,114.146,115.018,35.744,32937,5545,200.0,1,0,99.2
3242,mean_dynamic_mobilenetv2,stable,features_16,1775840872379.102,1775840872593.892,214.790,109.149,102.124,35.581,32937,5545,200.0,1,0,97.2
3243,mean_dynamic_mobilenetv2,stable,features_16,1775840872598.892,1775840872761.653,162.761,55.880,104.877,40.138,32937,5545,200.0,0,0,97.3
3244,mean_dynamic_mobilenetv2,stable,features_16,1775840872766.656,1775840872958.860,192.204,50.793,140.411,39.037,32937,5545,200.0,0,0,98.0
3245,mean_dynamic_mobilenetv2,stable,features_16,1775840872962.945,1775840873086.716,123.771,13.309,109.460,37.833,32937,5545,200.0,0,0,92.5
3246,mean_dynamic_mobilenetv2,stable,features_16,1775840873090.234,1775840873233.986,143.752,22.236,120.516,32.494,32937,5545,200.0,0,0,85.6
3247,mean_dynamic_mobilenetv2,stable,features_16,1775840873236.988,1775840873351.230,114.242,13.997,97.970,33.812,32937,5545,200.0,0,0,84.2
3248,mean_dynamic_mobilenetv2,stable,features_16,1775840873355.003,1775840873476.061,121.058,14.198,106.861,38.019,32937,5545,200.0,0,0,86.7
3249,mean_dynamic_mobilenetv2,stable,features_16,1775840873481.063,1775840873603.767,122.703,17.424,104.281,37.687,32937,5545,200.0,0,0,91.0
3250,mean_dynamic_mobilenetv2,stable,features_16,1775840873608.768,1775840873730.143,121.375,18.998,100.377,35.115,32937,5545,200.0,0,0,83.6
3251,mean_dynamic_mobilenetv2,stable,features_16,1775840873733.145,1775840873852.395,119.251,21.172,97.070,32.822,32937,5545,200.0,0,0,88.4
3252,mean_dynamic_mobilenetv2,stable,features_16,1775840873856.310,1775840873976.031,119.721,15.354,103.365,34.025,32937,5545,200.0,0,0,88.6
3253,mean_dynamic_mobilenetv2,stable,features_16,1775840873979.029,1775840874103.011,123.982,20.932,102.039,35.153,32937,5545,200.0,0,0,92.4
3254,mean_dynamic_mobilenetv2,stable,features_16,1775840874107.009,1775840874233.390,126.382,19.634,104.746,37.421,32937,5545,200.0,0,0,96.3
3255,mean_dynamic_mobilenetv2,stable,features_16,1775840874237.136,1775840874365.163,128.027,23.371,102.184,37.402,32937,5545,200.0,0,0,85.1
3256,mean_dynamic_mobilenetv2,stable,features_16,1775840874368.303,1775840874479.831,111.527,11.010,98.514,34.704,32937,5545,200.0,0,0,75.4
3257,mean_dynamic_mobilenetv2,stable,features_16,1775840874483.832,1775840874600.438,116.606,14.318,100.285,36.051,32937,5545,200.0,0,0,80.7
3258,mean_dynamic_mobilenetv2,stable,features_16,1775840874604.437,1775840874724.472,120.035,12.003,106.033,34.612,32937,5545,200.0,0,0,78.1
3259,mean_dynamic_mobilenetv2,stable,features_16,1775840874727.472,1775840874846.204,118.731,10.999,106.734,38.482,32937,5545,200.0,0,0,76.0
3260,mean_dynamic_mobilenetv2,stable,features_16,1775840874848.710,1775840874965.509,116.799,13.010,103.790,33.707,32937,5545,200.0,0,0,75.8
3261,mean_dynamic_mobilenetv2,stable,features_16,1775840874969.651,1775840875087.291,117.641,18.125,98.515,31.617,32937,5545,200.0,0,0,85.2
3262,mean_dynamic_mobilenetv2,stable,features_16,1775840875091.060,1775840875228.577,137.517,16.011,121.506,35.128,32937,5545,200.0,0,0,79.5
3263,mean_dynamic_mobilenetv2,stable,features_16,1775840875232.578,1775840875350.681,118.102,14.196,101.904,35.955,32937,5545,200.0,0,0,95.6
3264,mean_dynamic_mobilenetv2,stable,features_16,1775840875355.759,1775840875473.358,117.599,17.292,98.298,35.554,32937,5545,200.0,0,0,88.5
3265,mean_dynamic_mobilenetv2,stable,features_16,1775840875476.358,1775840875599.012,122.654,15.173,107.481,36.417,32937,5545,200.0,0,0,92.5
3266,mean_dynamic_mobilenetv2,stable,features_16,1775840875605.553,1775840875736.026,130.473,17.451,112.020,42.220,32937,5545,200.0,0,0,88.6
3267,mean_dynamic_mobilenetv2,stable,features_16,1775840875740.027,1775840875862.151,122.124,19.467,102.657,37.533,32937,5545,200.0,0,0,90.8
3268,mean_dynamic_mobilenetv2,stable,features_16,1775840875866.645,1775840875985.853,119.208,17.095,100.100,34.533,32937,5545,200.0,0,0,86.7
3269,mean_dynamic_mobilenetv2,stable,features_16,1775840875990.855,1775840876108.941,118.085,18.355,97.729,35.068,32937,5545,200.0,0,0,94.0
3270,mean_dynamic_mobilenetv2,stable,features_16,1775840876113.468,1775840876233.739,120.271,16.010,103.262,37.550,32937,5545,200.0,0,0,84.5
3271,mean_dynamic_mobilenetv2,stable,features_16,1775840876240.018,1775840876365.627,125.609,22.000,101.606,34.839,32937,5545,200.0,0,0,92.2
3272,mean_dynamic_mobilenetv2,stable,features_16,1775840876369.626,1775840876502.187,132.561,17.669,111.889,37.800,32937,5545,200.0,0,0,89.7
3273,mean_dynamic_mobilenetv2,stable,features_16,1775840876507.186,1775840876635.336,128.150,19.000,109.150,38.100,32937,5545,200.0,0,0,86.2
3274,mean_dynamic_mobilenetv2,stable,features_16,1775840876639.340,1775840876755.175,115.835,12.996,102.839,37.524,32937,5545,200.0,0,0,78.6
3275,mean_dynamic_mobilenetv2,stable,features_16,1775840876759.177,1775840876872.661,113.484,13.063,100.421,36.743,32937,5545,200.0,0,0,79.2
3276,mean_dynamic_mobilenetv2,stable,features_16,1775840876875.666,1775840876993.146,117.480,11.237,105.246,38.535,32937,5545,200.0,0,0,77.5
3277,mean_dynamic_mobilenetv2,stable,features_16,1775840876996.223,1775840877118.807,122.583,13.999,105.851,37.334,32937,5545,200.0,0,0,87.8
3278,mean_dynamic_mobilenetv2,stable,features_16,1775840877121.814,1775840877250.851,129.037,14.000,114.038,42.443,32937,5545,200.0,0,0,82.0
3279,mean_dynamic_mobilenetv2,stable,features_16,1775840877254.170,1775840877377.809,123.639,17.008,105.153,34.421,32937,5545,200.0,0,0,89.3
3280,mean_dynamic_mobilenetv2,stable,features_16,1775840877383.216,1775840877503.170,119.954,15.514,104.440,36.201,32937,5545,200.0,0,0,87.7
3281,mean_dynamic_mobilenetv2,stable,features_16,1775840877508.172,1775840877631.712,123.540,11.998,110.543,38.112,32937,5545,200.0,0,0,85.2
3282,mean_dynamic_mobilenetv2,stable,features_16,1775840877635.713,1775840877760.347,124.634,17.999,104.630,36.516,32937,5545,200.0,0,0,91.2
3283,mean_dynamic_mobilenetv2,stable,features_16,1775840877763.348,1775840877904.119,140.771,25.709,114.554,35.909,32937,5545,200.0,0,0,98.0
3284,mean_dynamic_mobilenetv2,stable,features_16,1775840877909.401,1775840878041.710,132.310,24.723,104.233,38.615,32937,5545,200.0,0,0,98.0
3285,mean_dynamic_mobilenetv2,stable,features_16,1775840878048.032,1775840878174.550,126.517,25.492,100.024,35.784,32937,5545,200.0,0,0,88.6
3286,mean_dynamic_mobilenetv2,stable,features_16,1775840878177.917,1775840878296.269,118.352,14.613,103.740,37.622,32937,5545,200.0,0,0,87.6
3287,mean_dynamic_mobilenetv2,stable,features_16,1775840878300.613,1775840878432.777,132.164,23.125,107.017,38.448,32937,5545,200.0,0,0,92.5
3288,mean_dynamic_mobilenetv2,stable,features_16,1775840878438.773,1775840878565.608,126.835,23.447,103.388,34.358,32937,5545,200.0,0,0,93.1
3289,mean_dynamic_mobilenetv2,stable,features_16,1775840878570.889,1775840878715.119,144.230,23.464,119.662,30.749,32937,5545,200.0,0,0,95.7
3290,mean_dynamic_mobilenetv2,stable,features_16,1775840878719.664,1775840878850.428,130.764,23.618,106.139,38.272,32937,5545,200.0,0,0,91.4
3291,mean_dynamic_mobilenetv2,stable,features_16,1775840878855.429,1775840878983.440,128.010,17.957,108.044,37.718,32937,5545,200.0,0,0,92.4
3292,mean_dynamic_mobilenetv2,stable,features_16,1775840878988.441,1775840879113.760,125.319,28.417,95.901,32.897,32937,5545,200.0,0,0,84.4
3293,mean_dynamic_mobilenetv2,stable,features_16,1775840879118.764,1775840879238.477,119.712,12.092,105.620,35.037,32937,5545,200.0,0,0,85.3
3294,mean_dynamic_mobilenetv2,stable,features_16,1775840879242.482,1775840879370.774,128.292,15.997,111.367,36.698,32937,5545,200.0,0,0,87.8
3295,mean_dynamic_mobilenetv2,stable,features_16,1775840879374.777,1775840879500.032,125.255,15.007,109.217,38.836,32937,5545,200.0,0,0,77.3
3296,mean_dynamic_mobilenetv2,stable,features_16,1775840879505.034,1775840879619.893,114.858,10.999,103.860,31.161,32937,5545,200.0,0,0,79.7
3297,mean_dynamic_mobilenetv2,stable,features_16,1775840879624.935,1775840879740.485,115.550,16.010,98.540,35.046,32937,5545,200.0,0,0,77.9
3298,mean_dynamic_mobilenetv2,stable,features_16,1775840879746.485,1775840879873.114,126.628,15.001,110.623,40.205,32937,5545,200.0,0,0,79.9
3299,mean_dynamic_mobilenetv2,stable,features_16,1775840879877.437,1775840880000.458,123.022,14.004,107.015,37.020,32937,5545,200.0,0,0,81.5
3300,mean_dynamic_mobilenetv2,stable,features_16,1775840880004.423,1775840880166.766,162.343,29.846,131.810,39.808,32937,5545,200.0,0,0,88.5
3301,mean_dynamic_mobilenetv2,stable,features_16,1775840880169.720,1775840880295.512,125.792,18.449,107.343,37.719,32937,5545,200.0,0,0,83.7
3302,mean_dynamic_mobilenetv2,stable,features_16,1775840880299.521,1775840880437.061,137.540,17.998,118.542,36.580,32937,5545,200.0,0,0,84.2
3303,mean_dynamic_mobilenetv2,stable,features_16,1775840880441.508,1775840880577.047,135.539,17.000,117.539,36.930,32937,5545,200.0,0,0,83.4
3304,mean_dynamic_mobilenetv2,stable,features_16,1775840880581.558,1775840880701.687,120.129,14.503,105.626,36.248,32937,5545,200.0,0,0,88.3
3305,mean_dynamic_mobilenetv2,stable,features_16,1775840880706.933,1775840880830.342,123.409,14.193,107.216,36.696,32937,5545,200.0,0,0,86.7
3306,mean_dynamic_mobilenetv2,stable,features_16,1775840880834.340,1775840880953.185,118.844,17.427,100.418,33.567,32937,5545,200.0,0,0,87.5
3307,mean_dynamic_mobilenetv2,stable,features_16,1775840880957.188,1775840881070.750,113.562,12.244,100.320,37.652,32937,5545,200.0,0,0,91.6
3308,mean_dynamic_mobilenetv2,stable,features_16,1775840881074.701,1775840881200.840,126.139,17.003,107.136,38.334,32937,5545,200.0,0,0,88.5
3309,mean_dynamic_mobilenetv2,stable,features_16,1775840881203.840,1775840881341.032,137.193,18.999,116.909,36.241,32937,5545,200.0,0,0,90.3
3310,mean_dynamic_mobilenetv2,stable,features_16,1775840881345.371,1775840881478.398,133.027,26.266,104.754,37.296,32937,5545,200.0,0,0,94.6
3311,mean_dynamic_mobilenetv2,stable,features_16,1775840881482.408,1775840881602.348,119.940,15.525,103.416,36.685,32937,5545,200.0,0,0,91.4
3312,mean_dynamic_mobilenetv2,stable,features_16,1775840881605.348,1775840881728.383,123.035,19.549,101.486,36.336,32937,5545,200.0,0,0,90.7
3313,mean_dynamic_mobilenetv2,stable,features_16,1775840881733.383,1775840881867.949,134.566,22.000,112.566,39.135,32937,5545,200.0,0,0,91.7
3314,mean_dynamic_mobilenetv2,stable,features_16,1775840881871.952,1775840881995.407,123.456,17.130,105.327,34.782,32937,5545,200.0,0,0,90.9
3315,mean_dynamic_mobilenetv2,stable,features_16,1775840881999.917,1775840882126.226,126.309,21.002,104.309,40.442,32937,5545,200.0,0,0,83.6
3316,mean_dynamic_mobilenetv2,stable,features_16,1775840882129.227,1775840882244.791,115.564,12.308,101.252,34.267,32937,5545,200.0,0,0,80.6
3317,mean_dynamic_mobilenetv2,stable,features_16,1775840882247.793,1775840882369.310,121.517,19.998,99.519,35.615,32937,5545,200.0,0,0,82.9
3318,mean_dynamic_mobilenetv2,stable,features_16,1775840882372.313,1775840882493.307,120.994,14.003,106.991,37.233,32937,5545,200.0,0,0,82.9
3319,mean_dynamic_mobilenetv2,stable,features_16,1775840882497.307,1775840882619.392,122.085,18.119,101.637,36.247,32937,5545,200.0,0,0,84.5
3320,mean_dynamic_mobilenetv2,stable,features_16,1775840882623.392,1775840882746.081,122.689,19.003,102.686,34.366,32937,5545,200.0,0,0,81.2
3321,mean_dynamic_mobilenetv2,stable,features_16,1775840882750.081,1775840882868.071,117.990,16.124,100.871,34.908,32937,5545,200.0,0,0,88.4
3322,mean_dynamic_mobilenetv2,stable,features_16,1775840882872.306,1775840882993.135,120.829,15.247,105.582,34.990,32937,5545,200.0,0,0,84.1
3323,mean_dynamic_mobilenetv2,stable,features_16,1775840882997.137,1775840883126.538,129.401,20.511,106.889,37.529,32937,5545,200.0,0,0,89.1
3324,mean_dynamic_mobilenetv2,stable,features_16,1775840883129.538,1775840883255.056,125.519,19.003,105.517,37.791,32937,5545,200.0,0,0,88.4
3325,mean_dynamic_mobilenetv2,stable,features_16,1775840883258.059,1775840883371.833,113.773,13.000,98.773,32.455,32937,5545,200.0,0,0,78.1
3326,mean_dynamic_mobilenetv2,stable,features_16,1775840883374.833,1775840883491.690,116.857,10.007,104.851,38.477,32937,5545,200.0,0,0,83.0
3327,mean_dynamic_mobilenetv2,stable,features_16,1775840883496.112,1775840883618.692,122.580,15.366,107.214,38.103,32937,5545,200.0,0,0,81.5
3328,mean_dynamic_mobilenetv2,stable,features_16,1775840883622.826,1775840883738.422,115.596,13.114,102.482,35.453,32937,5545,200.0,0,0,86.7
3329,mean_dynamic_mobilenetv2,stable,features_16,1775840883742.426,1775840883853.671,111.245,9.999,100.246,35.905,32937,5545,200.0,0,0,81.5
3330,mean_dynamic_mobilenetv2,stable,features_16,1775840883856.756,1775840883976.746,119.990,17.010,100.972,34.864,32937,5545,200.0,0,0,77.9
3331,mean_dynamic_mobilenetv2,stable,features_16,1775840883979.856,1775840884101.874,122.018,16.782,103.268,35.390,32937,5545,200.0,0,0,85.3
3332,mean_dynamic_mobilenetv2,stable,features_16,1775840884104.917,1775840884226.800,121.883,10.995,108.888,37.869,32937,5545,200.0,0,0,79.1
3333,mean_dynamic_mobilenetv2,stable,features_16,1775840884230.801,1775840884354.430,123.629,15.000,106.631,36.447,32937,5545,200.0,0,0,79.7
3334,mean_dynamic_mobilenetv2,stable,features_16,1775840884357.395,1775840884512.744,155.349,15.198,139.152,72.833,32937,5545,200.0,0,0,78.4
3335,mean_dynamic_mobilenetv2,stable,features_16,1775840884516.146,1775840884633.747,117.601,14.356,101.235,35.873,32937,5545,200.0,0,0,84.6
3336,mean_dynamic_mobilenetv2,stable,features_16,1775840884636.746,1775840884762.229,125.483,11.004,113.450,36.614,32937,5545,200.0,0,0,80.8
3337,mean_dynamic_mobilenetv2,stable,features_16,1775840884767.237,1775840884883.263,116.026,12.041,102.023,36.095,32937,5545,200.0,0,0,81.2
3338,mean_dynamic_mobilenetv2,stable,features_16,1775840884887.267,1775840884998.854,111.587,10.040,101.547,35.220,32937,5545,200.0,0,0,82.6
3339,mean_dynamic_mobilenetv2,stable,features_16,1775840885001.928,1775840885120.022,118.094,14.035,103.096,35.323,32937,5545,200.0,0,0,83.7
3340,mean_dynamic_mobilenetv2,stable,features_16,1775840885123.025,1775840885252.332,129.307,17.996,109.313,40.468,32937,5545,200.0,0,0,85.9
3341,mean_dynamic_mobilenetv2,stable,features_16,1775840885257.300,1775840885386.466,129.166,20.044,107.115,35.656,32937,5545,200.0,0,0,86.4
3342,mean_dynamic_mobilenetv2,stable,features_16,1775840885389.467,1775840885527.836,138.370,18.553,118.816,38.517,32937,5545,200.0,0,0,91.0
3343,mean_dynamic_mobilenetv2,stable,features_16,1775840885531.835,1775840885653.829,121.993,16.933,103.063,34.810,32937,5545,200.0,0,0,87.5
3344,mean_dynamic_mobilenetv2,stable,features_16,1775840885656.833,1775840885778.766,121.933,16.388,104.544,37.225,32937,5545,200.0,0,0,90.7
3345,mean_dynamic_mobilenetv2,stable,features_16,1775840885782.285,1775840885917.032,134.747,27.343,107.404,38.253,32937,5545,200.0,0,0,95.3
3346,mean_dynamic_mobilenetv2,stable,features_16,1775840885923.999,1775840886064.419,140.419,30.454,107.460,40.480,32937,5545,200.0,0,0,97.4
3347,mean_dynamic_mobilenetv2,stable,features_16,1775840886068.837,1775840886220.414,151.577,21.312,129.264,47.803,32937,5545,200.0,0,0,92.0
3348,mean_dynamic_mobilenetv2,stable,features_16,1775840886225.705,1775840886357.542,131.838,30.330,99.487,32.740,32937,5545,200.0,0,0,97.3
3349,mean_dynamic_mobilenetv2,stable,features_16,1775840886362.406,1775840886505.400,142.994,38.285,103.191,36.424,32937,5545,200.0,0,0,98.7
3350,mean_dynamic_mobilenetv2,stable,features_16,1775840886510.401,1775840886649.800,139.400,32.705,104.097,36.638,32937,5545,200.0,0,0,97.0
3351,mean_dynamic_mobilenetv2,stable,features_16,1775840886653.885,1775840886799.523,145.638,33.475,111.161,40.456,32937,5545,200.0,0,0,99.4
3352,mean_dynamic_mobilenetv2,stable,features_16,1775840886804.700,1775840886939.999,135.299,27.724,105.578,38.212,32937,5545,200.0,0,0,97.4
3353,mean_dynamic_mobilenetv2,stable,features_16,1775840886945.274,1775840887082.220,136.946,31.785,102.764,36.883,32937,5545,200.0,0,0,98.0
3354,mean_dynamic_mobilenetv2,stable,features_16,1775840887086.761,1775840887216.803,130.042,20.577,107.463,38.084,32937,5545,200.0,0,0,93.2
3355,mean_dynamic_mobilenetv2,stable,features_16,1775840887220.803,1775840887352.938,132.135,25.002,106.128,38.908,32937,5545,200.0,0,0,92.4
3356,mean_dynamic_mobilenetv2,stable,features_16,1775840887357.343,1775840887495.624,138.281,26.683,109.586,36.083,32937,5545,200.0,0,0,97.3
3357,mean_dynamic_mobilenetv2,stable,features_16,1775840887502.200,1775840887657.022,154.823,48.052,104.760,38.646,32937,5545,200.0,0,0,96.4
3358,mean_dynamic_mobilenetv2,stable,features_16,1775840887661.024,1775840887785.691,124.667,24.000,99.055,34.421,32937,5545,200.0,0,0,93.8
3359,mean_dynamic_mobilenetv2,stable,features_16,1775840887789.696,1775840887923.282,133.586,24.240,109.347,37.366,32937,5545,200.0,0,0,92.4
3360,mean_dynamic_mobilenetv2,stable,features_16,1775840887928.284,1775840888054.378,126.094,17.997,106.087,38.368,32937,5545,200.0,0,0,94.5
3361,mean_dynamic_mobilenetv2,stable,features_16,1775840888059.354,1775840888179.348,119.993,22.270,96.722,33.263,32937,5545,200.0,0,0,94.8
3362,mean_dynamic_mobilenetv2,stable,features_16,1775840888184.345,1775840888308.806,124.461,19.145,103.304,38.437,32937,5545,200.0,0,0,91.7
3363,mean_dynamic_mobilenetv2,stable,features_16,1775840888312.804,1775840888438.017,125.214,17.358,105.853,35.964,32937,5545,200.0,0,0,89.8
3364,mean_dynamic_mobilenetv2,stable,features_16,1775840888443.015,1775840888567.927,124.912,21.746,102.166,35.281,32937,5545,200.0,0,0,94.7
3365,mean_dynamic_mobilenetv2,stable,features_16,1775840888571.930,1775840888696.481,124.551,18.459,106.092,37.802,32937,5545,200.0,0,0,95.2
3366,mean_dynamic_mobilenetv2,stable,features_16,1775840888701.482,1775840888832.825,131.343,23.650,106.694,36.501,32937,5545,200.0,0,0,92.5
3367,mean_dynamic_mobilenetv2,stable,features_16,1775840888837.825,1775840888953.900,116.075,16.274,99.800,34.255,32937,5545,200.0,0,0,88.4
3368,mean_dynamic_mobilenetv2,stable,features_16,1775840888958.897,1775840889081.985,123.087,19.191,101.896,35.298,32937,5545,200.0,0,0,94.7
3369,mean_dynamic_mobilenetv2,stable,features_16,1775840889085.985,1775840889215.924,129.939,22.742,106.201,36.877,32937,5545,200.0,0,0,93.1
3370,mean_dynamic_mobilenetv2,stable,features_16,1775840889219.922,1775840889336.428,116.506,16.996,98.509,32.396,32937,5545,200.0,0,0,85.9
3371,mean_dynamic_mobilenetv2,stable,features_16,1775840889340.428,1775840889459.387,118.959,18.002,99.471,34.024,32937,5545,200.0,0,0,85.0
3372,mean_dynamic_mobilenetv2,stable,features_16,1775840889463.386,1775840889580.136,116.750,16.000,99.749,34.499,32937,5545,200.0,0,0,91.0
3373,mean_dynamic_mobilenetv2,stable,features_16,1775840889583.138,1775840889705.129,121.992,20.008,101.983,35.135,32937,5545,200.0,0,0,84.4
3374,mean_dynamic_mobilenetv2,stable,features_16,1775840889709.165,1775840889830.442,121.277,20.000,100.277,35.008,32937,5545,200.0,0,0,91.6
3375,mean_dynamic_mobilenetv2,stable,features_16,1775840889835.248,1775840889966.711,131.463,27.970,101.497,34.668,32937,5545,200.0,0,0,92.0
3376,mean_dynamic_mobilenetv2,stable,features_16,1775840889970.712,1775840890094.861,124.149,26.629,97.520,30.924,32937,5545,200.0,0,0,93.1
3377,mean_dynamic_mobilenetv2,stable,features_16,1775840890098.864,1775840890267.847,168.983,23.938,144.044,72.673,32937,5545,200.0,0,0,82.2
3378,mean_dynamic_mobilenetv2,stable,features_16,1775840890270.846,1775840890382.361,111.515,13.002,97.512,32.872,32937,5545,200.0,0,0,75.9
3379,mean_dynamic_mobilenetv2,stable,features_16,1775840890385.362,1775840890496.317,110.955,11.006,98.950,31.653,32937,5545,200.0,0,0,79.5
3380,mean_dynamic_mobilenetv2,stable,features_16,1775840890500.320,1775840890618.041,117.721,10.513,106.209,39.095,32937,5545,200.0,0,0,77.2
3381,mean_dynamic_mobilenetv2,stable,features_16,1775840890621.043,1775840890731.562,110.519,13.000,96.518,31.085,32937,5545,200.0,0,0,77.2
3382,mean_dynamic_mobilenetv2,stable,features_16,1775840890734.562,1775840890856.506,121.945,17.001,103.945,33.408,32937,5545,200.0,0,0,81.2
3383,mean_dynamic_mobilenetv2,stable,features_16,1775840890861.508,1775840890986.958,125.450,20.003,104.448,36.206,32937,5545,200.0,0,0,84.6
3384,mean_dynamic_mobilenetv2,stable,features_16,1775840890989.957,1775840891108.398,118.441,16.518,99.925,35.858,32937,5545,200.0,0,0,87.7
3385,mean_dynamic_mobilenetv2,stable,features_16,1775840891111.397,1775840891221.916,110.519,11.001,97.517,33.691,32937,5545,200.0,0,0,75.9
3386,mean_dynamic_mobilenetv2,stable,features_16,1775840891225.916,1775840891346.259,120.343,18.326,102.017,35.251,32937,5545,200.0,0,0,89.4
3387,mean_dynamic_mobilenetv2,stable,features_16,1775840891350.259,1775840891477.883,127.625,17.066,108.562,36.391,32937,5545,200.0,0,0,85.2
3388,mean_dynamic_mobilenetv2,stable,features_16,1775840891481.882,1775840891597.451,115.569,13.005,102.563,36.160,32937,5545,200.0,0,0,91.4
3389,mean_dynamic_mobilenetv2,stable,features_16,1775840891601.451,1775840891710.721,109.270,11.518,94.753,31.600,32937,5545,200.0,0,0,87.6
3390,mean_dynamic_mobilenetv2,stable,features_16,1775840891713.725,1775840891836.955,123.230,17.478,104.750,35.177,32937,5545,200.0,0,0,88.9
3391,mean_dynamic_mobilenetv2,stable,features_16,1775840891839.955,1775840891962.079,122.125,13.999,107.126,36.026,32937,5545,200.0,0,0,83.8
3392,mean_dynamic_mobilenetv2,stable,features_16,1775840891966.079,1775840892085.181,119.102,18.359,99.743,35.465,32937,5545,200.0,0,0,90.3
3393,mean_dynamic_mobilenetv2,stable,features_16,1775840892089.182,1775840892200.417,111.236,15.009,95.228,31.039,32937,5545,200.0,0,0,83.7
3394,mean_dynamic_mobilenetv2,stable,features_16,1775840892204.419,1775840892337.441,133.022,22.517,109.504,42.754,32937,5545,200.0,0,0,89.7
3395,mean_dynamic_mobilenetv2,stable,features_16,1775840892341.446,1775840892472.157,130.711,15.994,112.714,36.033,32937,5545,200.0,0,0,93.0
3396,mean_dynamic_mobilenetv2,stable,features_16,1775840892475.156,1775840892600.734,125.578,15.685,106.890,35.809,32937,5545,200.0,0,0,96.9
3397,mean_dynamic_mobilenetv2,stable,features_16,1775840892604.874,1775840892741.079,136.205,26.028,109.177,39.458,32937,5545,200.0,0,0,97.9
3398,mean_dynamic_mobilenetv2,stable,features_16,1775840892746.235,1775840892869.111,122.875,24.579,97.299,32.449,32937,5545,200.0,0,0,96.7
3399,mean_dynamic_mobilenetv2,stable,features_16,1775840892874.110,1775840892991.138,117.028,17.263,99.764,35.234,32937,5545,200.0,0,0,95.6
3400,mean_dynamic_mobilenetv2,stable,features_16,1775840892995.143,1775840893123.474,128.332,20.516,106.817,36.312,32937,5545,200.0,0,0,89.1
3401,mean_dynamic_mobilenetv2,stable,features_16,1775840893128.889,1775840893247.601,118.712,14.999,102.709,36.085,32937,5545,200.0,0,0,84.4
3402,mean_dynamic_mobilenetv2,stable,features_16,1775840893251.601,1775840893374.621,123.020,21.998,100.023,35.585,32937,5545,200.0,0,0,93.9
3403,mean_dynamic_mobilenetv2,stable,features_16,1775840893378.820,1775840893498.709,119.889,15.007,102.710,33.976,32937,5545,200.0,0,0,81.2
3404,mean_dynamic_mobilenetv2,stable,features_16,1775840893503.140,1775840893629.914,126.773,22.668,103.106,35.810,32937,5545,200.0,0,0,81.2
3405,mean_dynamic_mobilenetv2,stable,features_16,1775840893638.914,1775840893763.533,124.619,15.002,108.620,40.464,32937,5545,200.0,0,0,82.9
3406,mean_dynamic_mobilenetv2,stable,features_16,1775840893767.534,1775840893882.081,114.548,12.999,101.548,34.240,32937,5545,200.0,0,0,82.3
3407,mean_dynamic_mobilenetv2,stable,features_16,1775840893886.081,1775840893997.704,111.623,11.049,99.574,35.079,32937,5545,200.0,0,0,82.9
3408,mean_dynamic_mobilenetv2,stable,features_16,1775840894000.703,1775840894133.331,132.628,20.514,111.115,43.915,32937,5545,200.0,0,0,86.2
3409,mean_dynamic_mobilenetv2,stable,features_16,1775840894148.333,1775840894260.846,112.513,10.999,100.512,34.206,32937,5545,200.0,0,0,82.2
3410,mean_dynamic_mobilenetv2,stable,features_16,1775840894270.848,1775840894391.364,120.515,17.231,101.243,36.350,32937,5545,200.0,0,0,86.8
3411,mean_dynamic_mobilenetv2,stable,features_16,1775840894395.371,1775840894516.290,120.919,18.518,101.446,34.695,32937,5545,200.0,0,0,79.7
3412,mean_dynamic_mobilenetv2,stable,features_16,1775840894519.915,1775840894631.586,111.671,12.034,97.635,34.607,32937,5545,200.0,0,0,76.8
3413,mean_dynamic_mobilenetv2,stable,features_16,1775840894634.588,1775840894749.210,114.622,11.040,101.591,34.747,32937,5545,200.0,0,0,75.8
3414,mean_dynamic_mobilenetv2,stable,features_16,1775840894752.212,1775840894862.396,110.184,10.954,97.188,31.678,32937,5545,200.0,0,0,80.4
3415,mean_dynamic_mobilenetv2,stable,features_16,1775840894866.352,1775840894984.735,118.383,12.455,104.924,36.802,32937,5545,200.0,0,0,86.9
3416,mean_dynamic_mobilenetv2,stable,features_16,1775840894989.073,1775840895111.603,122.531,17.375,104.123,31.178,32937,5545,200.0,0,0,83.7
3417,mean_dynamic_mobilenetv2,stable,features_16,1775840895115.569,1775840895224.226,108.656,11.041,95.647,32.938,32937,5545,200.0,0,0,83.2
3418,mean_dynamic_mobilenetv2,stable,features_16,1775840895228.225,1775840895347.951,119.726,17.999,100.727,34.557,32937,5545,200.0,0,0,91.5
3419,mean_dynamic_mobilenetv2,stable,features_16,1775840895357.390,1775840895489.979,132.589,27.341,105.248,36.269,32937,5545,200.0,0,0,94.5
3420,mean_dynamic_mobilenetv2,stable,features_16,1775840895493.981,1775840895605.972,111.991,15.730,96.261,33.443,32937,5545,200.0,0,0,88.3
3421,mean_dynamic_mobilenetv2,stable,features_16,1775840895609.972,1775840895729.340,119.368,18.317,101.051,35.016,32937,5545,200.0,0,0,84.4
3422,mean_dynamic_mobilenetv2,stable,features_16,1775840895733.341,1775840895853.864,120.522,18.000,102.522,35.114,32937,5545,200.0,0,0,86.7
3423,mean_dynamic_mobilenetv2,stable,features_16,1775840895858.862,1775840896023.827,164.965,14.000,148.963,78.284,32937,5545,200.0,0,0,86.1
3424,mean_dynamic_mobilenetv2,stable,features_16,1775840896027.827,1775840896145.277,117.450,18.081,97.370,34.473,32937,5545,200.0,0,0,80.5
3425,mean_dynamic_mobilenetv2,stable,features_16,1775840896149.280,1775840896268.082,118.802,17.999,99.803,37.110,32937,5545,200.0,0,0,80.5
3426,mean_dynamic_mobilenetv2,stable,features_16,1775840896272.082,1775840896415.498,143.417,21.076,121.339,43.856,32937,5545,200.0,0,0,88.8
3427,mean_dynamic_mobilenetv2,stable,features_16,1775840896419.505,1775840896535.041,115.536,10.993,104.543,37.412,32937,5545,200.0,0,0,85.0
3428,mean_dynamic_mobilenetv2,stable,features_16,1775840896539.042,1775840896668.279,129.237,13.998,114.236,41.022,32937,5545,200.0,0,0,89.0
3429,mean_dynamic_mobilenetv2,stable,features_16,1775840896672.280,1775840896798.802,126.521,18.093,106.428,36.196,32937,5545,200.0,0,0,88.3
3430,mean_dynamic_mobilenetv2,stable,features_16,1775840896803.113,1775840896932.071,128.958,14.515,113.313,45.256,32937,5545,200.0,0,0,90.5
3431,mean_dynamic_mobilenetv2,stable,features_16,1775840896935.078,1775840897059.649,124.571,18.003,103.570,33.414,32937,5545,200.0,0,0,91.5
3432,mean_dynamic_mobilenetv2,stable,features_16,1775840897063.650,1775840897184.550,120.899,19.317,99.584,33.236,32937,5545,200.0,0,0,82.2
3433,mean_dynamic_mobilenetv2,stable,features_16,1775840897188.550,1775840897329.477,140.927,19.461,120.462,38.373,32937,5545,200.0,0,0,93.2
3434,mean_dynamic_mobilenetv2,stable,features_16,1775840897333.478,1775840897464.623,131.145,30.349,98.794,33.875,32937,5545,200.0,0,0,93.9
3435,mean_dynamic_mobilenetv2,stable,features_16,1775840897468.620,1775840897588.255,119.636,19.001,99.634,33.733,32937,5545,200.0,0,0,89.8
3436,mean_dynamic_mobilenetv2,stable,features_16,1775840897592.258,1775840897717.528,125.270,21.521,102.746,34.100,32937,5545,200.0,0,0,93.1
3437,mean_dynamic_mobilenetv2,stable,features_16,1775840897722.528,1775840897851.586,129.058,23.203,103.835,34.184,32937,5545,200.0,0,0,98.4
3438,mean_dynamic_mobilenetv2,stable,features_16,1775840897855.203,1775840897982.136,126.933,26.134,98.800,31.575,32937,5545,200.0,0,0,97.3
3439,mean_dynamic_mobilenetv2,stable,features_16,1775840897986.832,1775840898118.282,131.450,27.062,104.388,38.608,32937,5545,200.0,0,0,91.7
3440,mean_dynamic_mobilenetv2,stable,features_16,1775840898122.280,1775840898250.245,127.965,17.213,108.753,36.470,32937,5545,200.0,0,0,83.6
3441,mean_dynamic_mobilenetv2,stable,features_16,1775840898255.432,1775840898385.678,130.246,21.003,108.243,36.414,32937,5545,200.0,0,0,91.7
3442,mean_dynamic_mobilenetv2,stable,features_16,1775840898391.677,1775840898512.094,120.417,15.013,102.899,36.519,32937,5545,200.0,0,0,89.1
3443,mean_dynamic_mobilenetv2,stable,features_16,1775840898518.522,1775840898645.986,127.464,20.999,106.465,36.137,32937,5545,200.0,0,0,96.2
3444,mean_dynamic_mobilenetv2,stable,features_16,1775840898650.985,1775840898797.303,146.318,44.003,101.319,32.670,32937,5545,200.0,0,0,96.9
3445,mean_dynamic_mobilenetv2,stable,features_16,1775840898802.310,1775840898927.993,125.683,26.908,96.767,33.489,32937,5545,200.0,0,0,97.7
3446,mean_dynamic_mobilenetv2,stable,features_16,1775840898933.803,1775840899054.186,120.383,19.469,98.906,31.286,32937,5545,200.0,0,0,96.2
3447,mean_dynamic_mobilenetv2,stable,features_16,1775840899058.185,1775840899182.638,124.453,19.747,103.706,32.655,32937,5545,200.0,0,0,84.1
3448,mean_dynamic_mobilenetv2,stable,features_16,1775840899186.942,1775840899308.566,121.625,18.215,101.229,34.614,32937,5545,200.0,0,0,86.7
3449,mean_dynamic_mobilenetv2,stable,features_16,1775840899311.769,1775840899423.863,112.094,18.045,93.051,30.642,32937,5545,200.0,0,0,89.4
3450,mean_dynamic_mobilenetv2,stable,features_16,1775840899427.328,1775840899546.589,119.261,12.000,105.260,32.026,32937,5545,200.0,0,0,77.3
3451,mean_dynamic_mobilenetv2,stable,features_16,1775840899549.561,1775840899674.226,124.665,12.036,111.625,45.732,32937,5545,200.0,0,0,76.6
3452,mean_dynamic_mobilenetv2,stable,features_16,1775840899677.194,1775840899794.866,117.672,13.039,102.634,35.257,32937,5545,200.0,0,0,75.8
3453,mean_dynamic_mobilenetv2,stable,features_16,1775840899798.876,1775840899925.295,126.418,18.512,107.907,36.548,32937,5545,200.0,0,0,79.2
3454,mean_dynamic_mobilenetv2,stable,features_16,1775840899929.295,1775840900075.451,146.155,15.041,131.115,40.667,32937,5545,200.0,0,0,88.3
3455,mean_dynamic_mobilenetv2,stable,features_16,1775840900079.453,1775840900187.563,108.110,12.372,95.738,32.026,32937,5545,200.0,0,0,85.8
3456,mean_dynamic_mobilenetv2,stable,features_16,1775840900191.562,1775840900312.106,120.543,18.649,99.894,34.371,32937,5545,200.0,0,0,90.6
3457,mean_dynamic_mobilenetv2,stable,features_16,1775840900315.755,1775840900442.258,126.503,21.506,103.083,35.717,32937,5545,200.0,0,0,93.0
3458,mean_dynamic_mobilenetv2,stable,features_16,1775840900445.645,1775840900565.641,119.997,13.514,105.481,37.002,32937,5545,200.0,0,0,87.5
3459,mean_dynamic_mobilenetv2,stable,features_16,1775840900569.640,1775840900687.431,117.792,12.997,103.797,33.879,32937,5545,200.0,0,0,82.8
3460,mean_dynamic_mobilenetv2,stable,features_16,1775840900691.731,1775840900819.311,127.580,18.427,107.147,36.863,32937,5545,200.0,0,0,85.2
3461,mean_dynamic_mobilenetv2,stable,features_16,1775840900823.411,1775840900937.142,113.732,16.000,96.306,33.674,32937,5545,200.0,0,0,86.2
3462,mean_dynamic_mobilenetv2,stable,features_16,1775840900940.686,1775840901070.506,129.820,18.981,110.840,34.659,32937,5545,200.0,0,0,92.4
3463,mean_dynamic_mobilenetv2,stable,features_16,1775840901074.506,1775840901209.026,134.520,15.000,119.520,31.850,32937,5545,200.0,0,0,86.8
3464,mean_dynamic_mobilenetv2,stable,features_16,1775840901214.971,1775840901360.234,145.263,19.359,125.904,34.618,32937,5545,200.0,0,0,91.9
3465,mean_dynamic_mobilenetv2,stable,features_16,1775840901364.234,1775840901504.710,140.477,22.106,117.313,33.879,32937,5545,200.0,0,0,92.4
3466,mean_dynamic_mobilenetv2,stable,features_16,1775840901508.712,1775840901620.955,112.242,12.510,97.666,32.854,32937,5545,200.0,0,0,95.5
3467,mean_dynamic_mobilenetv2,stable,features_16,1775840901624.965,1775840901823.799,198.834,20.644,177.183,34.751,32937,5545,200.0,0,0,92.9
3468,mean_dynamic_mobilenetv2,stable,features_16,1775840901827.939,1775840901958.879,130.940,17.001,111.928,36.519,32937,5545,200.0,0,0,93.8
3469,mean_dynamic_mobilenetv2,stable,features_16,1775840901962.171,1775840902075.801,113.629,19.096,94.533,31.811,32937,5545,200.0,0,0,92.2
3470,mean_dynamic_mobilenetv2,stable,features_16,1775840902079.799,1775840902201.072,121.273,12.156,109.116,35.047,32937,5545,200.0,0,0,78.1
3471,mean_dynamic_mobilenetv2,stable,features_16,1775840902205.073,1775840902320.315,115.242,10.505,102.731,35.160,32937,5545,200.0,0,0,85.0
3472,mean_dynamic_mobilenetv2,stable,features_16,1775840902324.361,1775840902446.835,122.474,17.954,103.521,35.041,32937,5545,200.0,0,0,85.4
3473,mean_dynamic_mobilenetv2,stable,features_16,1775840902450.836,1775840902571.663,120.827,14.999,103.830,35.108,32937,5545,200.0,0,0,84.6
3474,mean_dynamic_mobilenetv2,stable,features_16,1775840902576.104,1775840902703.971,127.867,13.997,112.866,33.877,32937,5545,200.0,0,0,85.9
3475,mean_dynamic_mobilenetv2,stable,features_16,1775840902707.327,1775840902831.832,124.504,18.588,103.917,37.437,32937,5545,200.0,0,0,87.5
3476,mean_dynamic_mobilenetv2,stable,features_16,1775840902835.834,1775840902962.560,126.726,14.997,110.257,49.017,32937,5545,200.0,0,0,86.2
3477,mean_dynamic_mobilenetv2,stable,features_16,1775840902966.617,1775840903090.906,124.289,16.998,105.292,37.331,32937,5545,200.0,0,0,83.8
3478,mean_dynamic_mobilenetv2,stable,features_16,1775840903093.906,1775840903214.338,120.432,12.005,107.428,38.690,32937,5545,200.0,0,0,89.9
3479,mean_dynamic_mobilenetv2,stable,features_16,1775840903218.852,1775840903330.144,111.292,15.999,94.172,29.857,32937,5545,200.0,0,0,89.7
3480,mean_dynamic_mobilenetv2,stable,features_16,1775840903335.396,1775840903473.411,138.015,23.316,112.698,36.751,32937,5545,200.0,0,0,95.9
3481,mean_dynamic_mobilenetv2,stable,features_16,1775840903478.410,1775840903630.127,151.717,30.006,120.711,42.102,32937,5545,200.0,0,0,94.5
3482,mean_dynamic_mobilenetv2,stable,features_16,1775840903636.823,1775840903765.120,128.297,23.866,103.417,35.349,32937,5545,200.0,0,0,95.4
3483,mean_dynamic_mobilenetv2,stable,features_16,1775840903773.858,1775840903922.607,148.749,45.079,102.657,35.440,32937,5545,200.0,0,0,94.2
3484,mean_dynamic_mobilenetv2,stable,features_16,1775840903935.268,1775840904066.888,131.620,30.518,98.102,31.713,32937,5545,200.0,0,0,98.7
3485,mean_dynamic_mobilenetv2,stable,features_16,1775840904069.890,1775840904282.275,212.385,88.074,123.311,35.233,32937,5545,200.0,1,0,90.8
3486,mean_dynamic_mobilenetv2,stable,features_16,1775840904289.112,1775840904421.029,131.917,28.263,102.654,34.471,32937,5545,200.0,0,0,94.7
3487,mean_dynamic_mobilenetv2,stable,features_16,1775840904427.425,1775840904580.525,153.100,50.589,99.511,31.710,32937,5545,200.0,0,0,79.5
3488,mean_dynamic_mobilenetv2,stable,features_16,1775840904584.525,1775840904735.549,151.024,46.514,103.510,34.035,32937,5545,200.0,0,0,98.2
3489,mean_dynamic_mobilenetv2,stable,features_16,1775840904742.549,1775840904893.058,150.509,38.000,110.508,33.478,32937,5545,200.0,0,0,90.5
3490,mean_dynamic_mobilenetv2,stable,features_16,1775840904917.565,1775840905083.079,165.514,57.005,106.510,32.186,32937,5545,200.0,0,0,96.2
3491,mean_dynamic_mobilenetv2,stable,features_16,1775840905106.084,1775840905233.100,127.015,20.506,105.509,36.730,32937,5545,200.0,0,0,95.2
3492,mean_dynamic_mobilenetv2,stable,features_16,1775840905237.101,1775840905354.609,117.509,17.002,99.507,34.579,32937,5545,200.0,0,0,82.2
3493,mean_dynamic_mobilenetv2,stable,features_16,1775840905363.611,1775840905492.125,128.514,27.999,98.515,33.791,32937,5545,200.0,0,0,96.4
3494,mean_dynamic_mobilenetv2,stable,features_16,1775840905496.126,1775840905628.147,132.021,26.511,102.510,37.100,32937,5545,200.0,0,0,94.6
3495,mean_dynamic_mobilenetv2,stable,features_16,1775840905633.147,1775840905765.657,132.510,26.001,106.510,36.846,32937,5545,200.0,0,0,98.7
3496,mean_dynamic_mobilenetv2,stable,features_16,1775840905769.657,1775840905900.612,130.955,23.439,105.516,33.371,32937,5545,200.0,0,0,98.0
3497,mean_dynamic_mobilenetv2,stable,features_16,1775840905904.617,1775840906029.646,125.029,27.511,96.517,33.259,32937,5545,200.0,0,0,99.3
3498,mean_dynamic_mobilenetv2,stable,features_16,1775840906034.646,1775840906170.166,135.520,35.001,98.675,34.365,32937,5545,200.0,0,0,100.0
3499,mean_dynamic_mobilenetv2,stable,features_16,1775840906175.166,1775840906308.679,133.513,31.007,101.507,34.213,32937,5545,200.0,0,0,97.4
3500,mean_dynamic_mobilenetv2,stable,features_16,1775840906312.679,1775840906445.699,133.020,24.511,107.510,37.813,32937,5545,200.0,0,0,96.3
3501,mean_dynamic_mobilenetv2,stable,features_16,1775840906449.699,1775840906562.208,112.509,14.002,96.506,31.663,32937,5545,200.0,0,0,95.5
3502,mean_dynamic_mobilenetv2,stable,features_16,1775840906566.208,1775840906685.719,119.510,21.000,98.510,33.320,32937,5545,200.0,0,0,85.9
3503,mean_dynamic_mobilenetv2,stable,features_16,1775840906688.718,1775840906814.231,125.513,22.004,103.509,32.723,32937,5545,200.0,0,0,87.5
3504,mean_dynamic_mobilenetv2,stable,features_16,1775840906819.738,1775840906945.246,125.509,16.000,108.509,37.690,32937,5545,200.0,0,0,87.6
3505,mean_dynamic_mobilenetv2,stable,features_16,1775840906948.247,1775840907079.759,131.512,19.000,110.512,32.972,32937,5545,200.0,0,0,93.2
3506,mean_dynamic_mobilenetv2,stable,features_16,1775840907084.760,1775840907207.281,122.520,22.005,100.515,31.809,32937,5545,200.0,0,0,90.2
3507,mean_dynamic_mobilenetv2,stable,features_16,1775840907211.285,1775840907324.302,113.017,12.508,99.509,33.493,32937,5545,200.0,0,0,79.2
3508,mean_dynamic_mobilenetv2,stable,features_16,1775840907328.302,1775840907489.815,161.513,12.001,147.512,34.591,32937,5545,200.0,0,0,77.5
3509,mean_dynamic_mobilenetv2,stable,features_16,1775840907492.815,1775840907613.332,120.517,14.008,106.509,36.845,32937,5545,200.0,0,0,78.9
3510,mean_dynamic_mobilenetv2,stable,features_16,1775840907617.333,1775840907740.350,123.018,12.512,110.506,36.048,32937,5545,200.0,0,0,82.0
3511,mean_dynamic_mobilenetv2,stable,features_16,1775840907743.351,1775840907857.859,114.508,15.000,97.508,31.658,32937,5545,200.0,0,0,79.8
3512,mean_dynamic_mobilenetv2,stable,features_16,1775840907860.861,1775840907978.368,117.508,16.000,101.508,33.006,32937,5545,200.0,0,0,80.2
3513,mean_dynamic_mobilenetv2,stable,features_16,1775840907982.369,1775840908113.882,131.514,25.006,104.508,35.226,32937,5545,200.0,0,0,95.6
3514,mean_dynamic_mobilenetv2,stable,features_16,1775840908118.390,1775840908243.901,125.511,21.000,103.511,31.171,32937,5545,200.0,0,0,91.0
3515,mean_dynamic_mobilenetv2,stable,features_16,1775840908247.901,1775840908397.409,149.508,22.999,123.508,41.563,32937,5545,200.0,0,0,94.6
3516,mean_dynamic_mobilenetv2,stable,features_16,1775840908401.409,1775840908525.429,124.020,20.511,102.509,38.480,32937,5545,200.0,0,0,95.2
3517,mean_dynamic_mobilenetv2,stable,features_16,1775840908530.429,1775840908654.939,124.510,17.000,107.510,38.049,32937,5545,200.0,0,0,93.1
3518,mean_dynamic_mobilenetv2,stable,features_16,1775840908658.939,1775840908778.448,119.509,18.002,101.506,35.560,32937,5545,200.0,0,0,90.7
3519,mean_dynamic_mobilenetv2,stable,features_16,1775840908782.448,1775840908893.000,110.552,15.002,94.552,31.711,32937,5545,200.0,0,0,90.5
3520,mean_dynamic_mobilenetv2,stable,features_16,1775840908898.001,1775840909032.024,134.023,22.514,109.510,35.610,32937,5545,200.0,0,0,95.3
3521,mean_dynamic_mobilenetv2,stable,features_16,1775840909036.025,1775840909161.534,125.509,22.000,101.510,36.307,32937,5545,200.0,0,0,96.9
3522,mean_dynamic_mobilenetv2,stable,features_16,1775840909165.535,1775840909299.045,133.510,28.999,101.510,34.711,32937,5545,200.0,0,0,98.1
3523,mean_dynamic_mobilenetv2,stable,features_16,1775840909304.050,1775840909438.073,134.023,25.509,107.513,38.504,32937,5545,200.0,0,0,96.6
3524,mean_dynamic_mobilenetv2,stable,features_16,1775840909443.074,1775840909565.584,122.510,25.999,95.511,32.415,32937,5545,200.0,0,0,92.3
3525,mean_dynamic_mobilenetv2,stable,features_16,1775840909569.585,1775840909698.094,128.510,18.000,110.509,42.023,32937,5545,200.0,0,0,88.3
3526,mean_dynamic_mobilenetv2,stable,features_16,1775840909702.094,1775840909832.124,130.030,20.517,108.512,40.465,32937,5545,200.0,0,0,97.0
3527,mean_dynamic_mobilenetv2,stable,features_16,1775840909835.124,1775840909955.636,120.513,12.000,107.513,38.250,32937,5545,200.0,0,0,85.2
3528,mean_dynamic_mobilenetv2,stable,features_16,1775840909959.636,1775840910075.149,115.513,16.001,97.513,34.514,32937,5545,200.0,0,0,91.7
3529,mean_dynamic_mobilenetv2,stable,features_16,1775840910079.150,1775840910199.662,120.512,19.002,99.510,29.037,32937,5545,200.0,0,0,89.1
3530,mean_dynamic_mobilenetv2,stable,features_16,1775840910203.666,1775840910343.692,140.027,21.512,116.515,37.559,32937,5545,200.0,0,0,89.6
3531,mean_dynamic_mobilenetv2,stable,features_16,1775840910347.692,1775840910472.202,124.509,18.002,104.507,36.919,32937,5545,200.0,0,0,87.7
3532,mean_dynamic_mobilenetv2,stable,features_16,1775840910477.202,1775840910605.715,128.513,18.000,107.513,37.331,32937,5545,200.0,0,0,90.3
3533,mean_dynamic_mobilenetv2,stable,features_16,1775840910610.715,1775840910736.736,126.021,22.510,102.510,38.642,32937,5545,200.0,0,0,97.8
3534,mean_dynamic_mobilenetv2,stable,features_16,1775840910740.737,1775840910871.251,130.515,24.999,105.516,35.679,32937,5545,200.0,0,0,92.0
3535,mean_dynamic_mobilenetv2,stable,features_16,1775840910876.250,1775840911006.762,130.512,18.000,110.511,40.987,32937,5545,200.0,0,0,82.8
3536,mean_dynamic_mobilenetv2,stable,features_16,1775840911010.762,1775840911138.779,128.016,17.509,107.508,36.477,32937,5545,200.0,0,0,89.7
3537,mean_dynamic_mobilenetv2,stable,features_16,1775840911142.779,1775840911280.289,137.510,19.001,117.509,33.260,32937,5545,200.0,0,0,82.6
3538,mean_dynamic_mobilenetv2,stable,features_16,1775840911284.289,1775840911410.806,126.517,16.002,109.516,32.146,32937,5545,200.0,0,0,83.6
3539,mean_dynamic_mobilenetv2,stable,features_16,1775840911414.806,1775840911531.826,117.020,16.511,99.510,31.552,32937,5545,200.0,0,0,82.8
3540,mean_dynamic_mobilenetv2,stable,features_16,1775840911536.827,1775840911657.339,120.511,18.998,100.513,32.293,32937,5545,200.0,0,0,89.3
3541,mean_dynamic_mobilenetv2,stable,features_16,1775840911661.339,1775840911810.858,149.520,19.001,130.519,41.102,32937,5545,200.0,0,0,95.7
3542,mean_dynamic_mobilenetv2,stable,features_16,1775840911814.857,1775840911938.881,124.024,16.513,106.511,38.029,32937,5545,200.0,0,0,94.8
3543,mean_dynamic_mobilenetv2,stable,features_16,1775840911942.881,1775840912069.393,126.512,20.001,104.512,36.536,32937,5545,200.0,0,0,96.2
3544,mean_dynamic_mobilenetv2,stable,features_16,1775840912074.394,1775840912203.911,129.517,24.001,103.513,34.734,32937,5545,200.0,0,0,95.3
3545,mean_dynamic_mobilenetv2,stable,features_16,1775840912207.912,1775840912336.932,129.020,23.508,103.512,34.732,32937,5545,200.0,0,0,94.6
3546,mean_dynamic_mobilenetv2,stable,features_16,1775840912340.933,1775840912455.447,114.513,11.999,101.512,34.539,32937,5545,200.0,0,0,87.7
3547,mean_dynamic_mobilenetv2,stable,features_16,1775840912459.447,1775840912586.969,127.522,17.000,110.522,36.788,32937,5545,200.0,0,0,88.6
3548,mean_dynamic_mobilenetv2,stable,features_16,1775840912591.969,1775840912720.990,129.020,14.006,114.015,42.417,32937,5545,200.0,0,0,82.0
3549,mean_dynamic_mobilenetv2,stable,features_16,1775840912723.990,1775840912847.504,123.514,15.001,106.513,35.354,32937,5545,200.0,0,0,85.4
3550,mean_dynamic_mobilenetv2,stable,features_16,1775840912850.503,1775840912965.010,114.507,14.000,98.507,32.025,32937,5545,200.0,0,0,83.6
3551,mean_dynamic_mobilenetv2,stable,features_16,1775840912969.010,1775840913082.522,113.512,13.000,98.511,33.427,32937,5545,200.0,0,0,88.6
3552,mean_dynamic_mobilenetv2,stable,features_16,1775840913085.522,1775840913244.543,159.021,11.000,147.021,35.297,32937,5545,200.0,0,0,79.5
3553,mean_dynamic_mobilenetv2,stable,features_16,1775840913247.543,1775840913367.054,119.511,21.000,96.511,32.622,32937,5545,200.0,0,0,87.5
3554,mean_dynamic_mobilenetv2,stable,features_16,1775840913370.054,1775840913490.567,120.513,16.001,103.512,33.012,32937,5545,200.0,0,0,87.8
3555,mean_dynamic_mobilenetv2,stable,features_16,1775840913494.567,1775840913613.083,118.515,14.005,103.510,35.600,32937,5545,200.0,0,0,92.2
3556,mean_dynamic_mobilenetv2,stable,features_16,1775840913618.082,1775840913740.099,122.016,19.508,102.509,33.059,32937,5545,200.0,0,0,93.8
3557,mean_dynamic_mobilenetv2,stable,features_16,1775840913745.099,1775840913871.609,126.510,22.002,102.508,31.452,32937,5545,200.0,0,0,95.9
3558,mean_dynamic_mobilenetv2,stable,features_16,1775840913875.609,1775840914012.126,136.517,25.004,110.513,37.100,32937,5545,200.0,0,0,94.6
3559,mean_dynamic_mobilenetv2,stable,features_16,1775840914017.126,1775840914152.145,135.019,29.510,104.509,35.958,32937,5545,200.0,0,0,99.3
3560,mean_dynamic_mobilenetv2,stable,features_16,1775840914157.146,1775840914293.655,136.509,26.002,109.507,38.234,32937,5545,200.0,0,0,95.9
3561,mean_dynamic_mobilenetv2,stable,features_16,1775840914297.655,1775840914409.172,111.518,15.009,95.510,32.464,32937,5545,200.0,0,0,87.6
3562,mean_dynamic_mobilenetv2,stable,features_16,1775840914413.172,1775840914542.192,129.020,20.512,106.508,38.098,32937,5545,200.0,0,0,84.1
3563,mean_dynamic_mobilenetv2,stable,features_16,1775840914546.193,1775840914674.705,128.512,16.000,112.511,34.247,32937,5545,200.0,0,0,87.6
3564,mean_dynamic_mobilenetv2,stable,features_16,1775840914679.705,1775840914795.213,115.508,14.002,99.506,35.498,32937,5545,200.0,0,0,82.3
3565,mean_dynamic_mobilenetv2,stable,features_16,1775840914799.214,1775840914915.728,116.514,16.006,99.508,34.135,32937,5545,200.0,0,0,82.0
3566,mean_dynamic_mobilenetv2,stable,features_16,1775840914918.231,1775840915041.750,123.519,16.007,105.512,38.345,32937,5545,200.0,0,0,89.8
3567,mean_dynamic_mobilenetv2,stable,features_16,1775840915045.750,1775840915174.261,128.511,28.001,98.510,31.866,32937,5545,200.0,0,0,93.9
3568,mean_dynamic_mobilenetv2,stable,features_16,1775840915178.261,1775840915296.775,118.513,14.002,104.511,37.479,32937,5545,200.0,0,0,81.4
3569,mean_dynamic_mobilenetv2,stable,features_16,1775840915300.775,1775840915427.796,127.021,16.005,110.016,39.848,32937,5545,200.0,0,0,86.7
3570,mean_dynamic_mobilenetv2,stable,features_16,1775840915430.797,1775840915545.306,114.509,17.999,94.509,31.101,32937,5545,200.0,0,0,92.4
3571,mean_dynamic_mobilenetv2,stable,features_16,1775840915549.306,1775840915671.818,122.512,20.003,99.507,36.634,32937,5545,200.0,0,0,93.1
3572,mean_dynamic_mobilenetv2,stable,features_16,1775840915675.818,1775840915804.333,128.516,23.000,104.516,36.821,32937,5545,200.0,0,0,91.5
3573,mean_dynamic_mobilenetv2,stable,features_16,1775840915809.333,1775840915936.350,127.016,20.508,104.509,36.724,32937,5545,200.0,0,0,88.9
3574,mean_dynamic_mobilenetv2,stable,features_16,1775840915940.350,1775840916061.860,121.510,17.000,102.510,37.290,32937,5545,200.0,0,0,89.3
3575,mean_dynamic_mobilenetv2,stable,features_16,1775840916065.860,1775840916184.370,118.510,22.001,95.509,31.565,32937,5545,200.0,0,0,86.0
3576,mean_dynamic_mobilenetv2,stable,features_16,1775840916188.370,1775840916316.885,128.514,19.004,108.511,38.016,32937,5545,200.0,0,0,87.9
3577,mean_dynamic_mobilenetv2,stable,features_16,1775840916320.392,1775840916438.903,118.511,14.001,104.510,37.446,32937,5545,200.0,0,0,78.9
3578,mean_dynamic_mobilenetv2,stable,features_16,1775840916441.903,1775840916560.410,118.508,15.001,101.507,36.196,32937,5545,200.0,0,0,77.5
3579,mean_dynamic_mobilenetv2,stable,features_16,1775840916564.411,1775840916710.926,146.515,15.002,131.513,51.111,32937,5545,200.0,0,0,82.4
3580,mean_dynamic_mobilenetv2,stable,features_16,1775840916715.925,1775840916829.952,114.027,13.511,100.516,34.558,32937,5545,200.0,0,0,89.7
3581,mean_dynamic_mobilenetv2,stable,features_16,1775840916834.951,1775840916953.464,118.513,14.000,103.512,38.251,32937,5545,200.0,0,0,85.3
3582,mean_dynamic_mobilenetv2,stable,features_16,1775840916956.464,1775840917079.978,123.514,14.002,109.512,41.182,32937,5545,200.0,0,0,88.4
3583,mean_dynamic_mobilenetv2,stable,features_16,1775840917083.977,1775840917208.492,124.515,19.000,104.511,41.117,32937,5545,200.0,0,0,89.3
3584,mean_dynamic_mobilenetv2,stable,features_16,1775840917213.492,1775840917346.513,133.021,21.512,110.509,33.160,32937,5545,200.0,0,0,97.3
3585,mean_dynamic_mobilenetv2,stable,features_16,1775840917357.513,1775840917476.025,118.512,19.000,97.511,32.984,32937,5545,200.0,0,0,96.2
3586,mean_dynamic_mobilenetv2,stable,features_16,1775840917481.025,1775840917631.057,150.032,36.011,114.021,36.745,32937,5545,200.0,0,0,90.1
3587,mean_dynamic_mobilenetv2,stable,features_16,1775840917635.057,1775840917762.566,127.509,18.001,108.508,42.834,32937,5545,200.0,0,0,84.7
3588,mean_dynamic_mobilenetv2,stable,features_16,1775840917766.567,1775840917906.605,140.038,13.001,126.038,38.011,32937,5545,200.0,0,0,86.1
3589,mean_dynamic_mobilenetv2,stable,features_16,1775840917910.606,1775840918041.626,131.020,17.510,113.510,37.222,32937,5545,200.0,0,0,86.9
3590,mean_dynamic_mobilenetv2,stable,features_16,1775840918045.625,1775840918163.135,117.509,12.001,103.508,34.868,32937,5545,200.0,0,0,86.0
3591,mean_dynamic_mobilenetv2,stable,features_16,1775840918167.135,1775840918329.158,162.023,18.000,144.023,58.972,32937,5545,200.0,0,0,86.4
3592,mean_dynamic_mobilenetv2,stable,features_16,1775840918333.158,1775840918455.672,122.513,19.000,99.513,34.088,32937,5545,200.0,0,0,93.0
3593,mean_dynamic_mobilenetv2,stable,features_16,1775840918459.672,1775840918583.180,123.508,24.002,99.506,34.281,32937,5545,200.0,0,0,89.8
3594,mean_dynamic_mobilenetv2,stable,features_16,1775840918587.181,1775840918722.201,135.021,17.004,117.017,35.860,32937,5545,200.0,0,0,95.2
3595,mean_dynamic_mobilenetv2,stable,features_16,1775840918726.202,1775840918854.718,128.517,22.999,104.518,37.441,32937,5545,200.0,0,0,94.4
3596,mean_dynamic_mobilenetv2,stable,features_16,1775840918859.718,1775840919016.240,156.522,23.001,131.521,34.846,32937,5545,200.0,0,0,93.2
3597,mean_dynamic_mobilenetv2,stable,features_16,1775840919020.748,1775840919150.260,129.511,24.000,104.511,35.676,32937,5545,200.0,0,0,96.6
3598,mean_dynamic_mobilenetv2,stable,features_16,1775840919155.260,1775840919296.773,141.513,24.000,115.513,34.248,32937,5545,200.0,0,0,96.6
3599,mean_dynamic_mobilenetv2,stable,features_16,1775840919300.774,1775840919437.801,137.027,21.513,112.514,38.995,32937,5545,200.0,0,0,97.2
3600,mean_dynamic_mobilenetv2,stable,features_16,1775840919442.801,1775840919574.313,131.512,23.000,106.513,37.828,32937,5545,200.0,0,0,93.9
3601,mean_dynamic_mobilenetv2,stable,features_16,1775840919578.313,1775840919714.828,136.514,24.000,111.514,35.560,32937,5545,200.0,0,0,95.9
3602,mean_dynamic_mobilenetv2,stable,features_16,1775840919717.828,1775840919854.853,137.025,35.516,101.510,35.873,32937,5545,200.0,0,0,95.2
3603,mean_dynamic_mobilenetv2,stable,features_16,1775840919859.854,1775840919975.362,115.508,15.001,99.507,34.256,32937,5545,200.0,0,0,86.0
3604,mean_dynamic_mobilenetv2,stable,features_16,1775840919978.362,1775840920100.871,122.509,17.001,104.508,36.366,32937,5545,200.0,0,0,92.2
3605,mean_dynamic_mobilenetv2,stable,features_16,1775840920104.875,1775840920228.892,124.018,17.509,105.509,37.516,32937,5545,200.0,0,0,89.0
3606,mean_dynamic_mobilenetv2,stable,features_16,1775840920232.893,1775840920354.402,121.510,19.000,100.510,34.317,32937,5545,200.0,0,0,95.4
3607,mean_dynamic_mobilenetv2,stable,features_16,1775840920358.402,1775840920478.911,120.509,20.003,98.509,35.651,32937,5545,200.0,0,0,88.3
3608,mean_dynamic_mobilenetv2,stable,features_16,1775840920481.911,1775840920608.428,126.517,20.004,105.512,36.231,32937,5545,200.0,0,0,89.1
3609,mean_dynamic_mobilenetv2,stable,features_16,1775840920611.428,1775840920738.448,127.020,18.510,107.510,37.398,32937,5545,200.0,0,0,90.1
3610,mean_dynamic_mobilenetv2,stable,features_16,1775840920743.448,1775840920859.958,116.510,13.000,101.509,35.902,32937,5545,200.0,0,0,85.5
3611,mean_dynamic_mobilenetv2,stable,features_16,1775840920864.957,1775840920991.466,126.509,18.001,106.509,37.628,32937,5545,200.0,0,0,86.2
3612,mean_dynamic_mobilenetv2,stable,features_16,1775840920995.466,1775840921125.490,130.024,17.006,111.017,40.709,32937,5545,200.0,0,0,93.1
3613,mean_dynamic_mobilenetv2,stable,features_16,1775840921129.488,1775840921262.001,132.512,13.000,118.512,49.757,32937,5545,200.0,0,0,91.2
3614,mean_dynamic_mobilenetv2,stable,features_16,1775840921266.001,1775840921391.510,125.510,18.001,107.509,30.934,32937,5545,200.0,0,0,78.1
3615,mean_dynamic_mobilenetv2,stable,features_16,1775840921395.510,1775840921514.024,118.514,15.007,101.509,36.688,32937,5545,200.0,0,0,80.0
3616,mean_dynamic_mobilenetv2,stable,features_16,1775840921517.024,1775840921659.046,142.022,13.511,127.511,37.120,32937,5545,200.0,0,0,82.5
3617,mean_dynamic_mobilenetv2,stable,features_16,1775840921662.046,1775840921770.554,108.508,11.000,96.508,33.110,32937,5545,200.0,0,0,76.3
3618,mean_dynamic_mobilenetv2,stable,features_16,1775840921773.555,1775840921889.062,115.507,10.000,104.507,35.993,32937,5545,200.0,0,0,78.0
3619,mean_dynamic_mobilenetv2,stable,features_16,1775840921892.063,1775840922013.578,121.515,12.001,108.509,37.833,32937,5545,200.0,0,0,79.4
3620,mean_dynamic_mobilenetv2,stable,features_16,1775840922017.578,1775840922130.596,113.019,14.511,96.508,34.769,32937,5545,200.0,0,0,83.9
3621,mean_dynamic_mobilenetv2,stable,features_16,1775840922135.597,1775840922264.104,128.508,16.000,111.508,36.535,32937,5545,200.0,0,0,81.2
3622,mean_dynamic_mobilenetv2,stable,features_16,1775840922268.105,1775840922410.622,142.517,19.000,121.517,54.766,32937,5545,200.0,0,0,88.3
3623,mean_dynamic_mobilenetv2,stable,features_16,1775840922414.622,1775840922525.647,111.025,12.511,98.514,32.353,32937,5545,200.0,0,0,89.1
3624,mean_dynamic_mobilenetv2,stable,features_16,1775840922529.648,1775840922651.179,121.531,19.507,101.025,35.747,32937,5545,200.0,0,0,90.6
3625,mean_dynamic_mobilenetv2,stable,features_16,1775840922655.179,1775840922786.691,131.511,14.001,116.510,34.041,32937,5545,200.0,0,0,86.9
3626,mean_dynamic_mobilenetv2,stable,features_16,1775840922790.691,1775840922921.719,131.027,18.005,112.022,32.513,32937,5545,200.0,0,0,88.4
3627,mean_dynamic_mobilenetv2,stable,features_16,1775840922927.719,1775840923062.228,134.509,16.000,117.508,48.367,32937,5545,200.0,0,0,93.2
3628,mean_dynamic_mobilenetv2,stable,features_16,1775840923067.228,1775840923191.739,124.511,22.000,102.510,38.026,32937,5545,200.0,0,0,91.5
3629,mean_dynamic_mobilenetv2,stable,features_16,1775840923195.740,1775840923318.257,122.517,21.005,99.512,35.916,32937,5545,200.0,0,0,91.7
3630,mean_dynamic_mobilenetv2,stable,features_16,1775840923321.763,1775840923450.273,128.510,22.000,105.510,38.166,32937,5545,200.0,0,0,91.0
3631,mean_dynamic_mobilenetv2,stable,features_16,1775840923454.273,1775840923576.783,122.510,19.000,103.509,34.361,32937,5545,200.0,0,0,92.2
3632,mean_dynamic_mobilenetv2,stable,features_16,1775840923580.783,1775840923699.292,118.510,19.000,97.509,33.868,32937,5545,200.0,0,0,95.5
3633,mean_dynamic_mobilenetv2,stable,features_16,1775840923703.292,1775840923822.630,119.338,14.010,104.328,36.415,32937,5545,200.0,0,0,88.5
3634,mean_dynamic_mobilenetv2,stable,features_16,1775840923826.630,1775840923984.139,157.509,35.001,119.508,38.267,32937,5545,200.0,0,0,89.7
3635,mean_dynamic_mobilenetv2,stable,features_16,1775840923989.140,1775840924115.655,126.515,21.004,105.510,38.372,32937,5545,200.0,0,0,93.1
3636,mean_dynamic_mobilenetv2,stable,features_16,1775840924119.654,1775840924240.670,121.016,16.507,102.508,36.370,32937,5545,200.0,0,0,88.5
3637,mean_dynamic_mobilenetv2,stable,features_16,1775840924243.670,1775840924365.733,122.063,23.002,97.062,31.403,32937,5545,200.0,0,0,89.2
3638,mean_dynamic_mobilenetv2,stable,features_16,1775840924368.734,1775840924492.251,123.518,17.000,106.517,37.352,32937,5545,200.0,0,0,86.8
3639,mean_dynamic_mobilenetv2,stable,features_16,1775840924496.251,1775840924614.765,118.514,17.006,101.508,33.023,32937,5545,200.0,0,0,86.8
3640,mean_dynamic_mobilenetv2,stable,features_16,1775840924618.766,1775840924761.782,143.016,17.508,125.508,34.270,32937,5545,200.0,0,0,85.7
3641,mean_dynamic_mobilenetv2,stable,features_16,1775840924765.783,1775840924887.352,121.570,17.000,102.569,35.392,32937,5545,200.0,0,0,85.3
3642,mean_dynamic_mobilenetv2,stable,features_16,1775840924892.353,1775840925015.871,123.519,21.005,101.513,33.341,32937,5545,200.0,0,0,85.3
3643,mean_dynamic_mobilenetv2,stable,features_16,1775840925019.871,1775840925144.886,125.015,23.507,99.507,33.429,32937,5545,200.0,0,0,93.9
3644,mean_dynamic_mobilenetv2,stable,features_16,1775840925148.886,1775840925288.397,139.511,17.001,122.510,36.826,32937,5545,200.0,0,0,81.9
3645,mean_dynamic_mobilenetv2,stable,features_16,1775840925291.397,1775840925410.917,119.520,17.006,102.514,35.986,32937,5545,200.0,0,0,80.6
3646,mean_dynamic_mobilenetv2,stable,features_16,1775840925413.917,1775840925524.941,111.024,12.510,98.513,31.492,32937,5545,200.0,0,0,81.1
3647,mean_dynamic_mobilenetv2,stable,features_16,1775840925528.945,1775840925643.449,114.505,10.999,102.506,32.068,32937,5545,200.0,0,0,77.9
3648,mean_dynamic_mobilenetv2,stable,features_16,1775840925646.449,1775840925774.962,128.513,11.001,116.511,36.794,32937,5545,200.0,0,0,82.2
3649,mean_dynamic_mobilenetv2,stable,features_16,1775840925777.963,1775840925894.475,116.512,10.000,105.511,36.402,32937,5545,200.0,0,0,82.1
3650,mean_dynamic_mobilenetv2,stable,features_16,1775840925898.474,1775840926009.990,111.516,10.004,101.511,36.953,32937,5545,200.0,0,0,79.1
3651,mean_dynamic_mobilenetv2,stable,features_16,1775840926013.990,1775840926133.010,119.019,14.509,102.510,35.678,32937,5545,200.0,0,0,85.0
3652,mean_dynamic_mobilenetv2,stable,features_16,1775840926136.009,1775840926260.518,124.509,15.001,107.507,37.634,32937,5545,200.0,0,0,79.2
3653,mean_dynamic_mobilenetv2,stable,features_16,1775840926264.518,1775840926382.033,117.514,16.001,100.513,34.983,32937,5545,200.0,0,0,86.0
3654,mean_dynamic_mobilenetv2,stable,features_16,1775840926385.033,1775840926509.544,124.511,18.000,105.512,36.064,32937,5545,200.0,0,0,87.1
3655,mean_dynamic_mobilenetv2,stable,features_16,1775840926513.544,1775840926649.565,136.021,16.511,118.510,41.067,32937,5545,200.0,0,0,85.3
3656,mean_dynamic_mobilenetv2,stable,features_16,1775840926653.565,1775840926786.079,132.514,21.000,109.514,36.284,32937,5545,200.0,0,0,85.3
3657,mean_dynamic_mobilenetv2,stable,features_16,1775840926790.081,1775840926904.595,114.515,13.001,100.513,32.170,32937,5545,200.0,0,0,85.9
3658,mean_dynamic_mobilenetv2,stable,features_16,1775840926907.600,1775840927032.619,125.019,14.512,109.508,35.110,32937,5545,200.0,0,0,87.7
3659,mean_dynamic_mobilenetv2,stable,features_16,1775840927036.619,1775840927165.131,128.512,21.001,106.511,36.449,32937,5545,200.0,0,0,94.5
3660,mean_dynamic_mobilenetv2,stable,features_16,1775840927169.132,1775840927326.150,157.019,25.003,132.016,48.885,32937,5545,200.0,0,0,96.9
3661,mean_dynamic_mobilenetv2,stable,features_16,1775840927331.151,1775840927460.515,129.365,20.000,108.365,38.785,32937,5545,200.0,0,0,96.2
3662,mean_dynamic_mobilenetv2,stable,features_16,1775840927464.516,1775840927590.026,125.510,22.000,100.511,35.735,32937,5545,200.0,0,0,97.4
3663,mean_dynamic_mobilenetv2,stable,features_16,1775840927594.030,1775840927802.065,208.035,90.512,115.519,39.536,32937,5545,200.0,1,0,98.1
3664,mean_dynamic_mobilenetv2,stable,features_16,1775840927812.064,1775840928021.610,209.545,90.509,117.032,43.697,32937,5545,200.0,1,0,96.9
3665,mean_dynamic_mobilenetv2,stable,features_16,1775840928037.610,1775840928218.138,180.528,69.005,109.513,37.616,32937,5545,200.0,0,0,98.6
3666,mean_dynamic_mobilenetv2,stable,features_16,1775840928225.771,1775840928392.283,166.512,60.998,104.515,33.211,32937,5545,200.0,0,0,98.9
3667,mean_dynamic_mobilenetv2,stable,features_16,1775840928401.283,1775840928578.313,177.030,68.519,107.517,36.160,32937,5545,200.0,0,0,96.9
3668,mean_dynamic_mobilenetv2,stable,features_16,1775840928583.313,1775840928753.339,170.026,55.516,113.508,42.318,32937,5545,200.0,0,0,96.6
3669,mean_dynamic_mobilenetv2,stable,features_16,1775840928763.340,1775840928936.375,173.035,59.515,110.515,35.712,32937,5545,200.0,0,0,97.0
3670,mean_dynamic_mobilenetv2,stable,features_16,1775840928945.371,1775840929173.404,228.033,116.516,109.515,36.134,32937,5545,200.0,1,0,99.6
3671,mean_dynamic_mobilenetv2,stable,features_16,1775840929179.404,1775840929382.450,203.047,86.533,110.518,41.587,32937,5545,200.0,1,0,97.6
3672,mean_dynamic_mobilenetv2,stable,features_16,1775840929390.450,1775840929599.490,209.040,101.521,105.519,35.778,32937,5545,200.0,1,0,97.4
3673,mean_dynamic_mobilenetv2,stable,features_16,1775840929604.490,1775840929836.045,231.555,118.035,108.519,36.803,32937,5545,200.0,1,0,98.1
3674,mean_dynamic_mobilenetv2,stable,features_16,1775840929845.043,1775840930070.081,225.039,112.524,110.514,40.682,32937,5545,200.0,1,0,99.6
3675,mean_dynamic_mobilenetv2,stable,features_16,1775840930083.083,1775840930274.118,191.035,76.515,113.518,39.736,32937,5545,200.0,0,0,98.6
3676,mean_dynamic_mobilenetv2,stable,features_16,1775840930282.116,1775840930456.163,174.047,60.518,110.837,39.663,32937,5545,200.0,0,0,97.3
3677,mean_dynamic_mobilenetv2,stable,features_16,1775840930466.160,1775840930635.192,169.032,55.518,112.510,40.266,32937,5545,200.0,0,0,100.0
3678,mean_dynamic_mobilenetv2,stable,features_16,1775840930642.195,1775840930846.231,204.036,93.528,106.510,35.587,32937,5545,200.0,1,0,98.2
3679,mean_dynamic_mobilenetv2,stable,features_16,1775840930850.232,1775840931062.257,212.025,104.518,106.506,36.612,32937,5545,200.0,1,0,99.6
3680,mean_dynamic_mobilenetv2,stable,features_16,1775840931073.257,1775840931294.428,221.171,109.513,109.656,39.968,32937,5545,200.0,1,0,98.8
3681,mean_dynamic_mobilenetv2,stable,features_16,1775840931304.429,1775840931513.460,209.031,95.517,112.514,38.508,32937,5545,200.0,1,0,99.6
3682,mean_dynamic_mobilenetv2,stable,features_16,1775840931519.460,1775840931696.484,177.024,66.513,108.508,35.528,32937,5545,200.0,0,0,98.5
3683,mean_dynamic_mobilenetv2,stable,features_16,1775840931706.486,1775840931886.510,180.024,73.509,104.510,38.905,32937,5545,200.0,0,0,97.5
3684,mean_dynamic_mobilenetv2,stable,features_16,1775840931896.509,1775840932133.051,236.543,134.029,99.516,32.343,32937,5545,200.0,1,0,98.9
3685,mean_dynamic_mobilenetv2,stable,features_16,1775840932142.053,1775840932373.082,231.029,124.513,105.518,32.474,32937,5545,200.0,1,0,98.0
3686,mean_dynamic_mobilenetv2,stable,features_16,1775840932379.082,1775840932590.033,210.951,100.525,106.427,37.841,32937,5545,200.0,1,0,96.9
3687,mean_dynamic_mobilenetv2,stable,features_16,1775840932600.030,1775840932817.083,217.053,110.528,103.523,34.406,32937,5545,200.0,1,0,99.1
3688,mean_dynamic_mobilenetv2,stable,features_16,1775840932824.592,1775840933007.117,182.526,74.997,103.529,31.298,32937,5545,200.0,0,0,97.9
3689,mean_dynamic_mobilenetv2,stable,features_16,1775840933011.119,1775840933173.145,162.026,52.513,107.513,36.321,32937,5545,200.0,0,0,95.6
3690,mean_dynamic_mobilenetv2,stable,features_16,1775840933183.143,1775840933401.180,218.037,101.516,112.519,36.170,32937,5545,200.0,1,0,98.4
3691,mean_dynamic_mobilenetv2,stable,features_16,1775840933424.699,1775840933642.729,218.031,116.521,99.508,33.532,32937,5545,200.0,1,0,100.0
3692,mean_dynamic_mobilenetv2,stable,features_16,1775840933646.730,1775840933773.239,126.510,32.000,94.510,30.531,32937,5545,200.0,0,0,98.0
3693,mean_dynamic_mobilenetv2,stable,features_16,1775840933778.240,1775840933898.749,120.509,22.001,98.508,33.499,32937,5545,200.0,0,0,90.8
3694,mean_dynamic_mobilenetv2,stable,features_16,1775840933902.750,1775840934017.277,114.527,19.523,94.002,30.488,32937,5545,200.0,0,0,91.1
3695,mean_dynamic_mobilenetv2,stable,features_16,1775840934030.793,1775840934200.300,169.507,61.996,105.510,34.391,32937,5545,200.0,0,0,94.4
3696,mean_dynamic_mobilenetv2,stable,features_16,1775840934205.301,1775840934355.324,150.023,23.514,125.509,38.777,32937,5545,200.0,0,0,85.6
3697,mean_dynamic_mobilenetv2,stable,features_16,1775840934358.325,1775840934477.839,119.514,10.001,105.511,38.516,32937,5545,200.0,0,0,91.9
3698,mean_dynamic_mobilenetv2,stable,features_16,1775840934487.839,1775840934691.876,204.037,88.522,114.514,41.636,32937,5545,200.0,1,0,100.0
3699,mean_dynamic_mobilenetv2,stable,features_16,1775840934698.878,1775840934881.904,183.026,67.511,113.512,40.471,32937,5545,200.0,0,0,93.9
3700,mean_dynamic_mobilenetv2,stable,features_16,1775840934890.901,1775840935094.316,203.415,89.526,111.890,38.754,32937,5545,200.0,1,0,98.7
3701,mean_dynamic_mobilenetv2,stable,features_16,1775840935101.318,1775840935296.344,195.026,87.515,101.512,36.063,32937,5545,200.0,0,0,99.1
3702,mean_dynamic_mobilenetv2,stable,features_16,1775840935310.351,1775840935501.394,191.043,84.519,101.525,36.939,32937,5545,200.0,0,0,100.0
3703,mean_dynamic_mobilenetv2,stable,features_16,1775840935512.399,1775840935772.063,259.664,142.154,115.513,35.825,32937,5545,200.0,1,0,100.0
3704,mean_dynamic_mobilenetv2,stable,features_16,1775840935784.063,1775840936050.698,266.636,117.521,146.104,68.181,32937,5545,200.0,1,0,100.0
3705,mean_dynamic_mobilenetv2,stable,features_16,1775840936067.689,1775840936320.170,252.482,103.523,147.958,76.414,32937,5545,200.0,1,0,99.3
3706,mean_dynamic_mobilenetv2,stable,features_16,1775840936329.682,1775840936535.715,206.032,100.517,101.516,34.580,32937,5545,200.0,1,0,98.1
3707,mean_dynamic_mobilenetv2,stable,features_16,1775840936544.716,1775840936765.744,221.028,97.513,121.516,51.083,32937,5545,200.0,1,0,99.6
3708,mean_dynamic_mobilenetv2,stable,features_16,1775840936774.745,1775840936966.772,192.027,83.514,107.511,38.119,32937,5545,200.0,0,0,98.6
3709,mean_dynamic_mobilenetv2,stable,features_16,1775840936974.771,1775840937207.813,233.043,109.523,120.514,43.236,32937,5545,200.0,1,0,100.0
3710,mean_dynamic_mobilenetv2,stable,features_16,1775840937213.813,1775840937394.842,181.029,61.512,115.518,36.481,32937,5545,200.0,0,0,96.6
3711,mean_dynamic_mobilenetv2,stable,features_16,1775840937403.844,1775840937611.433,207.590,96.058,107.526,33.502,32937,5545,200.0,1,0,99.6
3712,mean_dynamic_mobilenetv2,stable,features_16,1775840937620.432,1775840937833.984,213.552,102.028,109.522,39.196,32937,5545,200.0,1,0,99.6
3713,mean_dynamic_mobilenetv2,stable,features_16,1775840937839.984,1775840938067.021,227.036,112.515,110.526,38.881,32937,5545,200.0,1,0,100.0
3714,mean_dynamic_mobilenetv2,stable,features_16,1775840938075.022,1775840938294.053,219.031,107.514,108.513,35.973,32937,5545,200.0,1,0,99.2
3715,mean_dynamic_mobilenetv2,stable,features_16,1775840938307.053,1775840938524.965,217.913,109.520,106.387,36.487,32937,5545,200.0,1,0,99.2
3716,mean_dynamic_mobilenetv2,stable,features_16,1775840938535.962,1775840938739.008,203.046,98.512,104.534,32.548,32937,5545,200.0,1,0,100.0
3717,mean_dynamic_mobilenetv2,stable,features_16,1775840938747.009,1775840938958.050,211.041,97.523,112.518,39.165,32937,5545,200.0,1,0,99.6
3718,mean_dynamic_mobilenetv2,stable,features_16,1775840938964.050,1775840939188.077,224.027,111.515,109.512,40.691,32937,5545,200.0,1,0,99.6
3719,mean_dynamic_mobilenetv2,stable,features_16,1775840939201.076,1775840939408.122,207.045,95.520,110.528,39.698,32937,5545,200.0,1,0,100.0
3720,mean_dynamic_mobilenetv2,stable,features_16,1775840939416.123,1775840939593.144,177.021,69.511,106.510,35.562,32937,5545,200.0,0,0,99.0
3721,mean_dynamic_mobilenetv2,stable,features_16,1775840939603.148,1775840939806.176,203.028,90.513,107.509,35.820,32937,5545,200.0,1,0,98.7
3722,mean_dynamic_mobilenetv2,stable,features_16,1775840939813.178,1775840940012.519,199.340,90.513,106.826,35.228,32937,5545,200.0,0,0,98.6
3723,mean_dynamic_mobilenetv2,stable,features_16,1775840940038.031,1775840940348.585,310.554,195.040,114.514,43.379,32937,5545,200.0,1,0,100.0
3724,mean_dynamic_mobilenetv2,stable,features_16,1775840940354.585,1775840940539.625,185.039,79.521,103.519,33.466,32937,5545,200.0,0,0,100.0
3725,mean_dynamic_mobilenetv2,stable,features_16,1775840940549.625,1775840940717.157,167.532,61.014,103.515,33.374,32937,5545,200.0,0,0,98.9
3726,mean_dynamic_mobilenetv2,stable,features_16,1775840940726.672,1775840940939.714,213.042,100.527,111.516,41.974,32937,5545,200.0,1,0,99.6
3727,mean_dynamic_mobilenetv2,stable,features_16,1775840940952.714,1775840941172.748,220.034,113.521,105.513,34.589,32937,5545,200.0,1,0,98.8
3728,mean_dynamic_mobilenetv2,stable,features_16,1775840941185.749,1775840941399.785,214.036,99.517,109.517,38.224,32937,5545,200.0,1,0,97.6
3729,mean_dynamic_mobilenetv2,stable,features_16,1775840941409.797,1775840941609.837,200.039,88.515,109.523,32.865,32937,5545,200.0,1,0,99.1
3730,mean_dynamic_mobilenetv2,stable,features_16,1775840941618.837,1775840941819.876,201.039,95.520,105.519,36.740,32937,5545,200.0,1,0,98.7
3731,mean_dynamic_mobilenetv2,stable,features_16,1775840941831.386,1775840942077.417,246.031,97.524,148.507,74.529,32937,5545,200.0,1,0,99.3
3732,mean_dynamic_mobilenetv2,stable,features_16,1775840942089.418,1775840942328.374,238.956,119.538,115.419,40.701,32937,5545,200.0,1,0,97.7
3733,mean_dynamic_mobilenetv2,stable,features_16,1775840942335.372,1775840942525.413,190.042,83.011,106.030,37.170,32937,5545,200.0,0,0,98.6
3734,mean_dynamic_mobilenetv2,stable,features_16,1775840942534.414,1775840942724.197,189.783,87.757,100.014,34.697,32937,5545,200.0,0,0,100.0
3735,mean_dynamic_mobilenetv2,stable,features_16,1775840942733.203,1775840942917.728,184.525,73.999,108.528,34.848,32937,5545,200.0,0,0,100.0
3736,mean_dynamic_mobilenetv2,stable,features_16,1775840942927.237,1775840943129.263,202.026,93.005,109.021,40.429,32937,5545,200.0,1,0,97.2
3737,mean_dynamic_mobilenetv2,stable,features_16,1775840943138.262,1775840943338.295,200.032,90.517,108.517,36.830,32937,5545,200.0,1,0,97.4
3738,mean_dynamic_mobilenetv2,stable,features_16,1775840943344.294,1775840943550.331,206.037,95.524,108.514,37.791,32937,5545,200.0,1,0,98.2
3739,mean_dynamic_mobilenetv2,stable,features_16,1775840943557.329,1775840943761.360,204.031,94.520,104.512,37.406,32937,5545,200.0,1,0,99.1
3740,mean_dynamic_mobilenetv2,stable,features_16,1775840943770.360,1775840943972.386,202.025,96.512,104.513,35.462,32937,5545,200.0,1,0,97.2
3741,mean_dynamic_mobilenetv2,stable,features_16,1775840943977.386,1775840944181.420,204.034,92.519,109.516,38.271,32937,5545,200.0,1,0,99.1
3742,mean_dynamic_mobilenetv2,stable,features_16,1775840944190.422,1775840944404.461,214.039,95.524,116.517,40.261,32937,5545,200.0,1,0,97.9
3743,mean_dynamic_mobilenetv2,stable,features_16,1775840944412.467,1775840944632.023,219.557,104.527,113.033,35.159,32937,5545,200.0,1,0,98.7
3744,mean_dynamic_mobilenetv2,stable,features_16,1775840944640.025,1775840944845.054,205.030,91.515,111.512,41.357,32937,5545,200.0,1,0,96.9
3745,mean_dynamic_mobilenetv2,stable,features_16,1775840944852.053,1775840945047.085,195.032,83.516,108.517,36.340,32937,5545,200.0,0,0,99.5
3746,mean_dynamic_mobilenetv2,stable,features_16,1775840945053.085,1775840945290.122,237.037,117.519,113.521,37.561,32937,5545,200.0,1,0,99.3
3747,mean_dynamic_mobilenetv2,stable,features_16,1775840945299.122,1775840945501.165,202.043,90.520,109.526,41.349,32937,5545,200.0,1,0,97.7
3748,mean_dynamic_mobilenetv2,stable,features_16,1775840945510.172,1775840945696.199,186.027,79.509,104.517,33.733,32937,5545,200.0,0,0,100.0
3749,mean_dynamic_mobilenetv2,stable,features_16,1775840945705.200,1775840945910.240,205.041,85.517,116.524,39.609,32937,5545,200.0,1,0,99.1
3750,mean_dynamic_mobilenetv2,stable,features_16,1775840945917.238,1775840946107.271,190.032,76.518,111.515,41.355,32937,5545,200.0,0,0,98.6
3751,mean_dynamic_mobilenetv2,stable,features_16,1775840946116.275,1775840946303.311,187.035,78.519,106.522,37.690,32937,5545,200.0,0,0,97.4
3752,mean_dynamic_mobilenetv2,stable,features_16,1775840946309.310,1775840946500.352,191.042,80.520,108.524,36.477,32937,5545,200.0,0,0,99.5
3753,mean_dynamic_mobilenetv2,stable,features_16,1775840946506.353,1775840946696.410,190.057,78.534,109.521,39.199,32937,5545,200.0,0,0,99.5
3754,mean_dynamic_mobilenetv2,stable,features_16,1775840946701.407,1775840946898.452,197.045,85.530,109.516,35.024,32937,5545,200.0,0,0,99.5
3755,mean_dynamic_mobilenetv2,stable,features_16,1775840946906.454,1775840947086.496,180.042,73.522,105.519,37.260,32937,5545,200.0,0,0,98.6
3756,mean_dynamic_mobilenetv2,stable,features_16,1775840947091.496,1775840947289.528,198.032,92.512,103.520,34.157,32937,5545,200.0,0,0,98.6
3757,mean_dynamic_mobilenetv2,stable,features_16,1775840947298.528,1775840947490.563,192.035,89.519,102.516,33.335,32937,5545,200.0,0,0,99.0
3758,mean_dynamic_mobilenetv2,stable,features_16,1775840947500.566,1775840947716.602,216.036,103.513,110.520,37.772,32937,5545,200.0,1,0,98.0
3759,mean_dynamic_mobilenetv2,stable,features_16,1775840947731.124,1775840947929.159,198.035,90.006,107.030,34.821,32937,5545,200.0,0,0,100.0
3760,mean_dynamic_mobilenetv2,stable,features_16,1775840947936.159,1775840948151.195,215.036,96.526,112.513,39.470,32937,5545,200.0,1,0,100.0
3761,mean_dynamic_mobilenetv2,stable,features_16,1775840948165.195,1775840948424.750,259.555,155.530,100.519,33.714,32937,5545,200.0,1,0,100.0
3762,mean_dynamic_mobilenetv2,stable,features_16,1775840948435.758,1775840948816.038,380.280,148.238,226.041,34.649,32937,5545,200.0,1,0,98.1
3763,mean_dynamic_mobilenetv2,stable,features_16,1775840948822.034,1775840949106.578,284.543,117.027,165.516,92.749,32937,5545,200.0,1,0,97.1
3764,mean_dynamic_mobilenetv2,stable,features_16,1775840949116.584,1775840949420.143,303.559,101.517,200.034,35.107,32937,5545,200.0,1,0,99.7
3765,mean_dynamic_mobilenetv2,stable,features_16,1775840949429.658,1775840949657.695,228.036,81.009,145.028,33.019,32937,5545,200.0,1,0,95.9
3766,mean_dynamic_mobilenetv2,stable,features_16,1775840949665.692,1775840949979.242,313.550,126.528,185.025,37.011,32937,5545,200.0,1,0,99.1
3767,mean_dynamic_mobilenetv2,stable,features_16,1775840949990.242,1775840950299.788,309.546,117.514,189.032,107.657,32937,5545,200.0,1,0,98.2
3768,mean_dynamic_mobilenetv2,stable,features_16,1775840950306.788,1775840950597.339,290.551,92.516,197.031,107.525,32937,5545,200.0,1,0,100.0
3769,mean_dynamic_mobilenetv2,stable,features_16,1775840950606.339,1775840950907.885,301.546,75.518,224.032,150.498,32937,5545,200.0,1,0,98.2
3770,mean_dynamic_mobilenetv2,stable,features_16,1775840950916.946,1775840951291.258,374.312,105.522,262.275,33.234,32937,5545,200.0,1,0,90.5
3771,mean_dynamic_mobilenetv2,stable,features_16,1775840951300.251,1775840951640.308,340.056,73.527,264.530,145.377,32937,5545,200.0,1,0,89.7
3772,mean_dynamic_mobilenetv2,stable,features_16,1775840951647.307,1775840951933.858,286.551,82.517,199.034,125.025,32937,5545,200.0,1,0,99.1
3773,mean_dynamic_mobilenetv2,stable,features_16,1775840951940.860,1775840952255.422,314.562,84.007,229.555,91.725,32937,5545,200.0,1,0,96.9
3774,mean_dynamic_mobilenetv2,stable,features_16,1775840952264.418,1775840952521.660,257.242,58.006,196.037,98.110,32937,5545,200.0,1,0,95.3
3775,mean_dynamic_mobilenetv2,stable,features_16,1775840952528.974,1775840952872.002,343.027,97.552,245.476,117.440,32937,5545,200.0,1,0,94.7
3776,mean_dynamic_mobilenetv2,stable,features_16,1775840952877.999,1775840953123.047,245.048,92.521,151.527,35.603,32937,5545,200.0,1,0,97.7
3777,mean_dynamic_mobilenetv2,stable,features_16,1775840953132.556,1775840953407.595,275.039,73.000,198.037,38.864,32937,5545,200.0,1,0,99.3
3778,mean_dynamic_mobilenetv2,stable,features_16,1775840953412.605,1775840953644.157,231.551,96.517,133.038,36.701,32937,5545,200.0,1,0,99.2
3779,mean_dynamic_mobilenetv2,stable,features_16,1775840953654.156,1775840953785.669,131.513,32.002,99.511,34.310,32937,5545,200.0,0,0,95.4
3780,mean_dynamic_mobilenetv2,stable,features_16,1775840953789.666,1775840953912.186,122.520,14.000,106.515,35.387,32937,5545,200.0,0,0,84.8
3781,mean_dynamic_mobilenetv2,stable,features_16,1775840953915.185,1775840954035.201,120.016,15.509,103.507,36.488,32937,5545,200.0,0,0,79.7
3782,mean_dynamic_mobilenetv2,stable,features_16,1775840954039.201,1775840954162.709,123.508,20.000,102.507,34.045,32937,5545,200.0,0,0,86.8
3783,mean_dynamic_mobilenetv2,stable,features_16,1775840954167.710,1775840954284.218,116.508,16.000,98.509,34.317,32937,5545,200.0,0,0,85.3
3784,mean_dynamic_mobilenetv2,stable,features_16,1775840954288.219,1775840954416.745,128.526,17.004,110.524,37.392,32937,5545,200.0,0,0,89.0
3785,mean_dynamic_mobilenetv2,stable,features_16,1775840954420.744,1775840954538.764,118.020,12.513,105.507,38.834,32937,5545,200.0,0,0,82.3
3786,mean_dynamic_mobilenetv2,stable,features_16,1775840954542.765,1775840954655.279,112.514,12.003,99.512,34.681,32937,5545,200.0,0,0,82.7
3787,mean_dynamic_mobilenetv2,stable,features_16,1775840954658.280,1775840954776.792,118.512,17.999,99.513,35.354,32937,5545,200.0,0,0,78.3
3788,mean_dynamic_mobilenetv2,stable,features_16,1775840954779.792,1775840954899.307,119.515,12.000,105.514,32.057,32937,5545,200.0,0,0,83.6
3789,mean_dynamic_mobilenetv2,stable,features_16,1775840954903.306,1775840955017.824,114.517,13.006,100.511,33.489,32937,5545,200.0,0,0,85.0
3790,mean_dynamic_mobilenetv2,stable,features_16,1775840955021.824,1775840955149.848,128.024,18.511,109.513,40.112,32937,5545,200.0,0,0,86.9
3791,mean_dynamic_mobilenetv2,stable,features_16,1775840955153.847,1775840955265.357,111.510,12.001,98.510,33.673,32937,5545,200.0,0,0,90.4
3792,mean_dynamic_mobilenetv2,stable,features_16,1775840955269.359,1775840955393.873,124.514,18.000,105.514,42.616,32937,5545,200.0,0,0,90.0
3793,mean_dynamic_mobilenetv2,stable,features_16,1775840955397.873,1775840955520.390,122.517,16.005,105.511,42.861,32937,5545,200.0,0,0,85.9
3794,mean_dynamic_mobilenetv2,stable,features_16,1775840955524.390,1775840955654.411,130.021,17.511,111.510,40.916,32937,5545,200.0,0,0,82.8
3795,mean_dynamic_mobilenetv2,stable,features_16,1775840955658.410,1775840955778.920,120.510,12.003,107.506,37.040,32937,5545,200.0,0,0,84.4
3796,mean_dynamic_mobilenetv2,stable,features_16,1775840955784.919,1775840955920.432,135.512,16.001,117.512,37.695,32937,5545,200.0,0,0,85.4
3797,mean_dynamic_mobilenetv2,stable,features_16,1775840955924.432,1775840956046.452,122.021,16.511,103.510,35.761,32937,5545,200.0,0,0,86.8
3798,mean_dynamic_mobilenetv2,stable,features_16,1775840956051.452,1775840956177.963,126.511,19.003,107.508,39.744,32937,5545,200.0,0,0,93.4
3799,mean_dynamic_mobilenetv2,stable,features_16,1775840956182.963,1775840956310.473,127.511,19.001,106.511,38.627,32937,5545,200.0,0,0,92.6
3800,mean_dynamic_mobilenetv2,stable,features_16,1775840956315.478,1775840956438.501,123.023,18.513,102.508,36.747,32937,5545,200.0,0,0,93.0
3801,mean_dynamic_mobilenetv2,stable,features_16,1775840956442.500,1775840956580.011,137.511,22.000,114.511,38.411,32937,5545,200.0,0,0,91.8
3802,mean_dynamic_mobilenetv2,stable,features_16,1775840956584.015,1775840956714.527,130.512,21.119,106.512,35.872,32937,5545,200.0,0,0,93.2
3803,mean_dynamic_mobilenetv2,stable,features_16,1775840956719.529,1775840956849.549,130.020,23.510,104.510,34.358,32937,5545,200.0,0,0,93.1
3804,mean_dynamic_mobilenetv2,stable,features_16,1775840956853.549,1775840956988.059,134.510,17.003,117.507,36.420,32937,5545,200.0,0,0,93.2
3805,mean_dynamic_mobilenetv2,stable,features_16,1775840956993.061,1775840957115.019,121.958,14.999,104.959,36.863,32937,5545,200.0,0,0,88.4
3806,mean_dynamic_mobilenetv2,stable,features_16,1775840957118.020,1775840957229.037,111.017,10.509,99.508,33.940,32937,5545,200.0,0,0,74.8
3807,mean_dynamic_mobilenetv2,stable,features_16,1775840957232.037,1775840957348.547,116.509,17.000,98.510,34.555,32937,5545,200.0,0,0,79.8
3808,mean_dynamic_mobilenetv2,stable,features_16,1775840957351.546,1775840957467.054,115.509,14.001,101.508,35.223,32937,5545,200.0,0,0,78.7
3809,mean_dynamic_mobilenetv2,stable,features_16,1775840957471.054,1775840957590.574,119.520,12.001,106.517,37.779,32937,5545,200.0,0,0,77.3
3810,mean_dynamic_mobilenetv2,stable,features_16,1775840957594.573,1775840957728.590,134.017,13.000,120.017,34.467,32937,5545,200.0,0,0,76.9
3811,mean_dynamic_mobilenetv2,stable,features_16,1775840957732.591,1775840957853.100,120.509,17.000,102.509,35.893,32937,5545,200.0,0,0,76.2
3812,mean_dynamic_mobilenetv2,stable,features_16,1775840957857.100,1775840957983.613,126.514,16.000,109.513,36.977,32937,5545,200.0,0,0,80.5
3813,mean_dynamic_mobilenetv2,stable,features_16,1775840957986.612,1775840958109.122,122.510,12.003,108.508,39.993,32937,5545,200.0,0,0,84.5
3814,mean_dynamic_mobilenetv2,stable,features_16,1775840958113.125,1775840958223.636,110.511,12.001,98.509,34.739,32937,5545,200.0,0,0,81.4
3815,mean_dynamic_mobilenetv2,stable,features_16,1775840958228.145,1775840958361.652,133.507,11.998,119.509,43.995,32937,5545,200.0,0,0,87.5
3816,mean_dynamic_mobilenetv2,stable,features_16,1775840958366.653,1775840958494.162,127.510,18.000,107.510,31.544,32937,5545,200.0,0,0,85.7
3817,mean_dynamic_mobilenetv2,stable,features_16,1775840958498.163,1775840958616.679,118.516,14.003,102.508,36.860,32937,5545,200.0,0,0,83.0
3818,mean_dynamic_mobilenetv2,stable,features_16,1775840958619.680,1775840958738.696,119.016,16.507,100.508,32.546,32937,5545,200.0,0,0,84.4
3819,mean_dynamic_mobilenetv2,stable,features_16,1775840958741.697,1775840958862.205,120.508,12.003,108.505,36.287,32937,5545,200.0,0,0,85.4
3820,mean_dynamic_mobilenetv2,stable,features_16,1775840958866.205,1775840958980.714,114.509,13.005,100.504,36.432,32937,5545,200.0,0,0,83.5
3821,mean_dynamic_mobilenetv2,stable,features_16,1775840958983.714,1775840959097.224,113.510,14.001,98.509,35.094,32937,5545,200.0,0,0,87.7
3822,mean_dynamic_mobilenetv2,stable,features_16,1775840959100.227,1775840959223.738,123.511,19.002,104.509,38.178,32937,5545,200.0,0,0,84.5
3823,mean_dynamic_mobilenetv2,stable,features_16,1775840959228.245,1775840960396.957,1168.712,13.002,1154.334,73.041,32937,5545,200.0,1,0,34.5
3824,mean_dynamic_mobilenetv2,stable,features_16,1775840960400.581,1775840960560.838,160.257,51.248,107.004,36.242,32937,5545,200.0,0,0,73.7
3825,mean_dynamic_mobilenetv2,stable,features_16,1775840960572.838,1775840960702.350,129.511,29.003,100.509,34.752,32937,5545,200.0,0,0,83.8
3826,mean_dynamic_mobilenetv2,stable,features_16,1775840960705.350,1775840960821.865,116.515,11.002,105.513,36.088,32937,5545,200.0,0,0,78.1
3827,mean_dynamic_mobilenetv2,stable,features_16,1775840960824.864,1775840960947.885,123.021,18.508,104.512,37.810,32937,5545,200.0,0,0,80.5
3828,mean_dynamic_mobilenetv2,stable,features_16,1775840960950.887,1775840961062.958,112.070,10.999,100.072,34.240,32937,5545,200.0,0,0,75.9
3829,mean_dynamic_mobilenetv2,stable,features_16,1775840961065.959,1775840961181.128,115.168,16.005,99.164,33.347,32937,5545,200.0,0,0,81.1
3830,mean_dynamic_mobilenetv2,stable,features_16,1775840961185.129,1775840961304.644,119.514,11.000,106.514,37.279,32937,5545,200.0,0,0,79.8
3831,mean_dynamic_mobilenetv2,stable,features_16,1775840961308.643,1775840961434.673,126.031,19.008,104.802,36.165,32937,5545,200.0,0,0,81.4
3832,mean_dynamic_mobilenetv2,stable,features_16,1775840961437.673,1775840961554.186,116.513,14.002,101.509,34.338,32937,5545,200.0,0,0,82.3
3833,mean_dynamic_mobilenetv2,stable,features_16,1775840961558.187,1775840961673.698,115.511,12.000,102.512,37.277,32937,5545,200.0,0,0,86.9
3834,mean_dynamic_mobilenetv2,stable,features_16,1775840961676.698,1775840961801.213,124.515,13.002,110.514,37.734,32937,5545,200.0,0,0,90.4
3835,mean_dynamic_mobilenetv2,stable,features_16,1775840961805.213,1775840961924.535,119.321,13.002,105.731,36.420,32937,5545,200.0,0,0,86.7
3836,mean_dynamic_mobilenetv2,stable,features_16,1775840961927.538,1775840962040.567,113.030,13.515,99.514,33.147,32937,5545,200.0,0,0,85.2
3837,mean_dynamic_mobilenetv2,stable,features_16,1775840962043.568,1775840962167.078,123.511,11.001,108.512,36.703,32937,5545,200.0,0,0,89.1
3838,mean_dynamic_mobilenetv2,stable,features_16,1775840962170.080,1775840962283.603,113.522,15.001,96.522,31.279,32937,5545,200.0,0,0,85.1
3839,mean_dynamic_mobilenetv2,stable,features_16,1775840962286.607,1775840962411.114,124.506,22.994,100.513,35.944,32937,5545,200.0,0,0,93.0
3840,mean_dynamic_mobilenetv2,stable,features_16,1775840962416.116,1775840962540.649,124.533,18.512,105.020,38.140,32937,5545,200.0,0,0,93.8
3841,mean_dynamic_mobilenetv2,stable,features_16,1775840962544.648,1775840962672.338,127.690,21.513,105.177,35.980,32937,5545,200.0,0,0,89.1
3842,mean_dynamic_mobilenetv2,stable,features_16,1775840962676.340,1775840962796.851,120.510,19.997,99.594,33.148,32937,5545,200.0,0,0,93.1
3843,mean_dynamic_mobilenetv2,stable,features_16,1775840962800.851,1775840962925.372,124.521,19.005,104.516,37.824,32937,5545,200.0,0,0,93.9
3844,mean_dynamic_mobilenetv2,stable,features_16,1775840962931.669,1775840963063.184,131.515,20.003,108.510,38.041,32937,5545,200.0,0,0,90.4
3845,mean_dynamic_mobilenetv2,stable,features_16,1775840963067.183,1775840963202.695,135.511,29.001,105.511,33.986,32937,5545,200.0,0,0,93.9
3846,mean_dynamic_mobilenetv2,stable,features_16,1775840963206.698,1775840963337.183,130.485,21.454,108.031,37.936,32937,5545,200.0,0,0,93.8
3847,mean_dynamic_mobilenetv2,stable,features_16,1775840963341.183,1775840963456.699,115.517,18.000,97.517,32.259,32937,5545,200.0,0,0,83.9
3848,mean_dynamic_mobilenetv2,stable,features_16,1775840963461.699,1775840963586.208,124.510,20.060,104.450,34.892,32937,5545,200.0,0,0,90.3
3849,mean_dynamic_mobilenetv2,stable,features_16,1775840963591.209,1775840963715.175,123.966,16.000,107.966,38.619,32937,5545,200.0,0,0,87.7
3850,mean_dynamic_mobilenetv2,stable,features_16,1775840963720.176,1775840963849.734,129.558,20.512,107.113,39.334,32937,5545,200.0,0,0,90.8
3851,mean_dynamic_mobilenetv2,stable,features_16,1775840963852.733,1775840963995.857,143.124,26.002,115.121,37.554,32937,5545,200.0,0,0,93.8
3852,mean_dynamic_mobilenetv2,stable,features_16,1775840964000.857,1775840964130.478,129.620,29.557,98.004,32.318,32937,5545,200.0,0,0,95.5
3853,mean_dynamic_mobilenetv2,stable,features_16,1775840964134.382,1775840964262.584,128.202,30.687,96.514,31.636,32937,5545,200.0,0,0,98.1
3854,mean_dynamic_mobilenetv2,stable,features_16,1775840964267.584,1775840964433.515,165.931,55.005,110.926,38.946,32937,5545,200.0,0,0,97.3
3855,mean_dynamic_mobilenetv2,stable,features_16,1775840964438.516,1775840964575.429,136.913,34.999,99.913,33.724,32937,5545,200.0,0,0,99.3
3856,mean_dynamic_mobilenetv2,stable,features_16,1775840964581.429,1775840964741.466,160.037,58.517,99.896,31.289,32937,5545,200.0,0,0,100.0
3857,mean_dynamic_mobilenetv2,stable,features_16,1775840964748.465,1775840964910.526,162.061,60.002,100.058,36.132,32937,5545,200.0,0,0,99.5
3858,mean_dynamic_mobilenetv2,stable,features_16,1775840964915.523,1775840965106.363,190.840,21.323,167.516,97.036,32937,5545,200.0,0,0,91.5
3859,mean_dynamic_mobilenetv2,stable,features_16,1775840965110.364,1775840965249.993,139.629,27.516,110.114,44.081,32937,5545,200.0,0,0,94.0
3860,mean_dynamic_mobilenetv2,stable,features_16,1775840965253.993,1775840965382.628,128.635,19.001,108.634,34.424,32937,5545,200.0,0,0,91.5
3861,mean_dynamic_mobilenetv2,stable,features_16,1775840965386.630,1775840965507.141,120.511,16.001,104.510,37.822,32937,5545,200.0,0,0,92.6
3862,mean_dynamic_mobilenetv2,stable,features_16,1775840965513.140,1775840965635.697,122.558,20.038,100.510,34.061,32937,5545,200.0,0,0,93.8
3863,mean_dynamic_mobilenetv2,stable,features_16,1775840965639.692,1775840965765.461,125.769,19.999,104.770,35.528,32937,5545,200.0,0,0,91.7
3864,mean_dynamic_mobilenetv2,stable,features_16,1775840965769.460,1775840965889.971,120.511,21.000,97.511,33.764,32937,5545,200.0,0,0,93.9
3865,mean_dynamic_mobilenetv2,stable,features_16,1775840965893.971,1775840966021.493,127.522,23.005,102.518,34.480,32937,5545,200.0,0,0,95.6
3866,mean_dynamic_mobilenetv2,stable,features_16,1775840966025.494,1775840966147.515,122.021,17.510,103.509,37.232,32937,5545,200.0,0,0,93.2
3867,mean_dynamic_mobilenetv2,stable,features_16,1775840966151.515,1775840966273.025,121.510,19.001,102.510,34.565,32937,5545,200.0,0,0,88.3
3868,mean_dynamic_mobilenetv2,stable,features_16,1775840966278.023,1775840966399.543,121.519,12.003,107.512,38.099,32937,5545,200.0,0,0,86.2
3869,mean_dynamic_mobilenetv2,stable,features_16,1775840966402.541,1775840966522.058,119.517,13.002,104.515,35.152,32937,5545,200.0,0,0,83.0
3870,mean_dynamic_mobilenetv2,stable,features_16,1775840966527.059,1775840966658.947,131.888,14.519,115.368,34.303,32937,5545,200.0,0,0,83.3
3871,mean_dynamic_mobilenetv2,stable,features_16,1775840966662.947,1775840966783.466,120.519,16.999,102.520,35.524,32937,5545,200.0,0,0,85.2
3872,mean_dynamic_mobilenetv2,stable,features_16,1775840966787.466,1775840966927.986,140.520,17.001,120.519,41.513,32937,5545,200.0,0,0,86.1
3873,mean_dynamic_mobilenetv2,stable,features_16,1775840966931.986,1775840967054.547,122.561,19.510,100.017,35.453,32937,5545,200.0,0,0,86.3
3874,mean_dynamic_mobilenetv2,stable,features_16,1775840967058.514,1775840967180.580,122.066,17.001,102.988,34.671,32937,5545,200.0,0,0,95.2
3875,mean_dynamic_mobilenetv2,stable,features_16,1775840967185.503,1775840967314.028,128.525,26.001,101.597,35.564,32937,5545,200.0,0,0,100.0
3876,mean_dynamic_mobilenetv2,stable,features_16,1775840967319.034,1775840967449.291,130.257,24.074,106.183,35.980,32937,5545,200.0,0,0,94.0
3877,mean_dynamic_mobilenetv2,stable,features_16,1775840967454.292,1775840967591.986,137.694,26.999,110.695,37.817,32937,5545,200.0,0,0,95.9
3878,mean_dynamic_mobilenetv2,stable,features_16,1775840967596.988,1775840967729.501,132.513,25.000,107.513,40.347,32937,5545,200.0,0,0,91.9
3879,mean_dynamic_mobilenetv2,stable,features_16,1775840967734.529,1775840967866.822,132.292,24.999,106.292,36.946,32937,5545,200.0,0,0,98.0
3880,mean_dynamic_mobilenetv2,stable,features_16,1775840967871.821,1775840968006.303,134.482,27.000,105.676,35.438,32937,5545,200.0,0,0,97.7
3881,mean_dynamic_mobilenetv2,stable,features_16,1775840968011.302,1775840968141.189,129.887,25.750,104.136,35.148,32937,5545,200.0,0,0,96.7
3882,mean_dynamic_mobilenetv2,stable,features_16,1775840968145.188,1775840968266.712,121.524,17.002,102.513,34.385,32937,5545,200.0,0,0,90.4
3883,mean_dynamic_mobilenetv2,stable,features_16,1775840968270.706,1775840968385.219,114.513,20.000,94.513,30.466,32937,5545,200.0,0,0,85.4
3884,mean_dynamic_mobilenetv2,stable,features_16,1775840968389.218,1775840968509.643,120.425,14.001,105.530,34.368,32937,5545,200.0,0,0,82.0
3885,mean_dynamic_mobilenetv2,stable,features_16,1775840968513.644,1775840968645.091,131.447,19.005,110.288,36.835,32937,5545,200.0,0,0,94.7
3886,mean_dynamic_mobilenetv2,stable,features_16,1775840968649.091,1775840968774.081,124.990,19.001,103.989,37.192,32937,5545,200.0,0,0,87.8
3887,mean_dynamic_mobilenetv2,stable,features_16,1775840968780.081,1775840968927.602,147.522,31.000,115.521,37.338,32937,5545,200.0,0,0,93.4
3888,mean_dynamic_mobilenetv2,stable,features_16,1775840968931.696,1775840969058.739,127.042,22.526,103.583,37.455,32937,5545,200.0,0,0,88.4
3889,mean_dynamic_mobilenetv2,stable,features_16,1775840969062.738,1775840969184.253,121.515,16.000,104.513,35.556,32937,5545,200.0,0,0,93.3
3890,mean_dynamic_mobilenetv2,stable,features_16,1775840969188.253,1775840969311.542,123.289,17.999,104.283,36.442,32937,5545,200.0,0,0,94.0
3891,mean_dynamic_mobilenetv2,stable,features_16,1775840969314.536,1775840969434.558,120.022,15.007,103.508,34.659,32937,5545,200.0,0,0,82.0
3892,mean_dynamic_mobilenetv2,stable,features_16,1775840969437.568,1775840969554.078,116.510,12.996,103.515,33.408,32937,5545,200.0,0,0,79.6
3893,mean_dynamic_mobilenetv2,stable,features_16,1775840969558.079,1775840969674.597,116.518,13.001,101.518,35.553,32937,5545,200.0,0,0,86.7
3894,mean_dynamic_mobilenetv2,stable,features_16,1775840969678.601,1775840969811.819,133.218,16.995,114.220,38.464,32937,5545,200.0,0,0,84.7
3895,mean_dynamic_mobilenetv2,stable,features_16,1775840969814.821,1775840969936.860,122.039,14.012,108.027,38.318,32937,5545,200.0,0,0,82.0
3896,mean_dynamic_mobilenetv2,stable,features_16,1775840969940.860,1775840970060.186,119.325,14.998,103.323,37.076,32937,5545,200.0,0,0,75.6
3897,mean_dynamic_mobilenetv2,stable,features_16,1775840970064.187,1775840970175.698,111.510,13.002,97.507,35.219,32937,5545,200.0,0,0,88.0
3898,mean_dynamic_mobilenetv2,stable,features_16,1775840970178.701,1775840970299.210,120.509,16.997,102.510,34.633,32937,5545,200.0,0,0,85.3
3899,mean_dynamic_mobilenetv2,stable,features_16,1775840970302.210,1775840970421.042,118.832,12.001,105.160,35.469,32937,5545,200.0,0,0,83.6
3900,mean_dynamic_mobilenetv2,stable,features_16,1775840970425.041,1775840970559.072,134.031,20.516,111.515,39.684,32937,5545,200.0,0,0,89.0
3901,mean_dynamic_mobilenetv2,stable,features_16,1775840970564.070,1775840970686.584,122.514,19.001,103.038,36.663,32937,5545,200.0,0,0,82.9
3902,mean_dynamic_mobilenetv2,stable,features_16,1775840970690.585,1775840970864.607,174.022,17.998,156.024,90.125,32937,5545,200.0,0,0,83.1
3903,mean_dynamic_mobilenetv2,stable,features_16,1775840970868.607,1775840970980.026,111.419,13.002,98.417,33.011,32937,5545,200.0,0,0,88.4
3904,mean_dynamic_mobilenetv2,stable,features_16,1775840970984.030,1775840971111.895,127.865,18.998,107.869,38.735,32937,5545,200.0,0,0,83.1
3905,mean_dynamic_mobilenetv2,stable,features_16,1775840971114.895,1775840971238.923,124.028,16.007,107.382,37.792,32937,5545,200.0,0,0,89.1
3906,mean_dynamic_mobilenetv2,stable,features_16,1775840971242.921,1775840971360.433,117.512,20.001,96.512,32.208,32937,5545,200.0,0,0,93.1
3907,mean_dynamic_mobilenetv2,stable,features_16,1775840971364.434,1775840971492.952,128.518,22.000,103.516,34.206,32937,5545,200.0,0,0,95.9
3908,mean_dynamic_mobilenetv2,stable,features_16,1775840971495.952,1775840971630.427,134.475,26.010,106.468,35.992,32937,5545,200.0,0,0,90.6
3909,mean_dynamic_mobilenetv2,stable,features_16,1775840971633.425,1775840971763.445,130.020,22.508,106.512,34.837,32937,5545,200.0,0,0,93.2
3910,mean_dynamic_mobilenetv2,stable,features_16,1775840971767.446,1775840971888.964,121.518,20.000,100.519,35.169,32937,5545,200.0,0,0,88.3
3911,mean_dynamic_mobilenetv2,stable,features_16,1775840971893.964,1775840972023.468,129.505,24.000,103.506,36.248,32937,5545,200.0,0,0,88.5
3912,mean_dynamic_mobilenetv2,stable,features_16,1775840972026.468,1775840972151.499,125.030,17.515,105.513,38.553,32937,5545,200.0,0,0,89.8
3913,mean_dynamic_mobilenetv2,stable,features_16,1775840972156.498,1775840972287.009,130.511,25.001,105.510,36.765,32937,5545,200.0,0,0,90.5
3914,mean_dynamic_mobilenetv2,stable,features_16,1775840972291.012,1775840972406.267,115.255,14.996,98.042,32.375,32937,5545,200.0,0,0,84.6
3915,mean_dynamic_mobilenetv2,stable,features_16,1775840972410.046,1775840972540.965,130.919,24.010,106.207,34.992,32937,5545,200.0,0,0,81.2
3916,mean_dynamic_mobilenetv2,stable,features_16,1775840972543.969,1775840972662.986,119.017,13.997,101.021,35.344,32937,5545,200.0,0,0,83.0
3917,mean_dynamic_mobilenetv2,stable,features_16,1775840972666.988,1775840972783.502,116.514,17.998,97.516,31.606,32937,5545,200.0,0,0,87.6
3918,mean_dynamic_mobilenetv2,stable,features_16,1775840972787.500,1775840972915.576,128.076,19.003,109.073,36.674,32937,5545,200.0,0,0,84.6
3919,mean_dynamic_mobilenetv2,stable,features_16,1775840972919.579,1775840973037.400,117.822,13.269,103.550,36.348,32937,5545,200.0,0,0,84.1
3920,mean_dynamic_mobilenetv2,stable,features_16,1775840973040.401,1775840973157.916,117.514,15.004,101.510,33.607,32937,5545,200.0,0,0,86.0
3921,mean_dynamic_mobilenetv2,stable,features_16,1775840973160.917,1775840973271.437,110.520,15.000,94.521,31.790,32937,5545,200.0,0,0,92.2
3922,mean_dynamic_mobilenetv2,stable,features_16,1775840973277.439,1775840973397.951,120.512,15.999,103.510,34.060,32937,5545,200.0,0,0,83.6
3923,mean_dynamic_mobilenetv2,stable,features_16,1775840973400.950,1775840973521.473,120.523,11.997,106.522,37.530,32937,5545,200.0,0,0,81.4
3924,mean_dynamic_mobilenetv2,stable,features_16,1775840973525.475,1775840973641.233,115.758,14.506,100.251,32.221,32937,5545,200.0,0,0,81.2
3925,mean_dynamic_mobilenetv2,stable,features_16,1775840973646.237,1775840973764.743,118.507,13.997,104.510,37.473,32937,5545,200.0,0,0,79.8
3926,mean_dynamic_mobilenetv2,stable,features_16,1775840973768.745,1775840973881.256,112.511,11.000,100.513,35.315,32937,5545,200.0,0,0,75.9
3927,mean_dynamic_mobilenetv2,stable,features_16,1775840973885.261,1775840974011.768,126.507,11.994,113.508,45.892,32937,5545,200.0,0,0,78.6
3928,mean_dynamic_mobilenetv2,stable,features_16,1775840974015.768,1775840974135.286,119.518,17.008,100.515,34.081,32937,5545,200.0,0,0,87.3
3929,mean_dynamic_mobilenetv2,stable,features_16,1775840974138.792,1775840974262.309,123.518,17.000,104.971,36.381,32937,5545,200.0,0,0,93.1
3930,mean_dynamic_mobilenetv2,stable,features_16,1775840974266.310,1775840974393.827,127.517,17.000,109.515,39.557,32937,5545,200.0,0,0,87.5
3931,mean_dynamic_mobilenetv2,stable,features_16,1775840974397.826,1775840974519.345,121.519,15.001,105.517,34.090,32937,5545,200.0,0,0,89.1
3932,mean_dynamic_mobilenetv2,stable,features_16,1775840974522.351,1775840974654.372,132.021,20.507,109.805,39.430,32937,5545,200.0,0,0,84.9
3933,mean_dynamic_mobilenetv2,stable,features_16,1775840974658.371,1775840974773.890,115.519,17.000,98.519,33.979,32937,5545,200.0,0,0,84.4
3934,mean_dynamic_mobilenetv2,stable,features_16,1775840974777.892,1775840974893.399,115.507,16.997,97.510,34.708,32937,5545,200.0,0,0,83.6
3935,mean_dynamic_mobilenetv2,stable,features_16,1775840974898.399,1775840975025.276,126.877,17.000,107.876,41.178,32937,5545,200.0,0,0,89.9
3936,mean_dynamic_mobilenetv2,stable,features_16,1775840975030.276,1775840975155.301,125.025,21.073,102.511,36.535,32937,5545,200.0,0,0,93.8
3937,mean_dynamic_mobilenetv2,stable,features_16,1775840975159.301,1775840975282.812,123.511,19.999,102.511,32.349,32937,5545,200.0,0,0,87.0
3938,mean_dynamic_mobilenetv2,stable,features_16,1775840975286.809,1775840975401.327,114.519,13.001,101.517,35.646,32937,5545,200.0,0,0,79.1
3939,mean_dynamic_mobilenetv2,stable,features_16,1775840975405.327,1775840975522.841,117.514,11.998,104.516,36.083,32937,5545,200.0,0,0,81.4
3940,mean_dynamic_mobilenetv2,stable,features_16,1775840975526.842,1775840975645.865,119.023,13.508,104.515,36.318,32937,5545,200.0,0,0,80.8
3941,mean_dynamic_mobilenetv2,stable,features_16,1775840975649.867,1775840975769.387,119.521,10.999,106.523,40.365,32937,5545,200.0,0,0,94.1
3942,mean_dynamic_mobilenetv2,stable,features_16,1775840975773.387,1775840975896.899,123.512,21.000,100.510,33.716,32937,5545,200.0,0,0,83.7
3943,mean_dynamic_mobilenetv2,stable,features_16,1775840975900.899,1775840976025.526,124.627,17.999,105.626,36.078,32937,5545,200.0,0,0,94.0
3944,mean_dynamic_mobilenetv2,stable,features_16,1775840976029.525,1775840976153.548,124.023,20.510,102.976,33.138,32937,5545,200.0,0,0,85.3
3945,mean_dynamic_mobilenetv2,stable,features_16,1775840976157.551,1775840976279.430,121.879,21.997,98.098,34.862,32937,5545,200.0,0,0,95.5
3946,mean_dynamic_mobilenetv2,stable,features_16,1775840976284.428,1775840976408.344,123.916,24.000,98.915,33.450,32937,5545,200.0,0,0,93.9
3947,mean_dynamic_mobilenetv2,stable,features_16,1775840976413.303,1775840976589.344,176.041,21.470,154.571,33.652,32937,5545,200.0,0,0,96.5
3948,mean_dynamic_mobilenetv2,stable,features_16,1775840976593.344,1775840976713.855,120.511,18.999,99.511,32.420,32937,5545,200.0,0,0,95.4
3949,mean_dynamic_mobilenetv2,stable,features_16,1775840976717.856,1775840976869.894,152.038,25.526,126.511,36.031,32937,5545,200.0,0,0,91.3
3950,mean_dynamic_mobilenetv2,stable,features_16,1775840976874.896,1775840977003.406,128.511,20.000,107.109,35.226,32937,5545,200.0,0,0,89.2
3951,mean_dynamic_mobilenetv2,stable,features_16,1775840977008.407,1775840977135.534,127.127,20.008,106.120,33.789,32937,5545,200.0,0,0,94.6
3952,mean_dynamic_mobilenetv2,stable,features_16,1775840977140.589,1775840977280.381,139.792,30.999,107.792,38.190,32937,5545,200.0,0,0,98.7
3953,mean_dynamic_mobilenetv2,stable,features_16,1775840977285.382,1775840977434.904,149.522,35.000,114.521,34.384,32937,5545,200.0,0,0,97.6
3954,mean_dynamic_mobilenetv2,stable,features_16,1775840977439.415,1775840977564.720,125.305,21.001,103.302,36.146,32937,5545,200.0,0,0,100.0
3955,mean_dynamic_mobilenetv2,stable,features_16,1775840977569.721,1775840977738.334,168.613,70.095,97.518,31.179,32937,5545,200.0,0,0,97.3
3956,mean_dynamic_mobilenetv2,stable,features_16,1775840977750.333,1775840977887.848,137.514,20.000,114.515,38.537,32937,5545,200.0,0,0,86.2
3957,mean_dynamic_mobilenetv2,stable,features_16,1775840977892.848,1775840978028.370,135.522,24.000,109.495,39.775,32937,5545,200.0,0,0,98.7
3958,mean_dynamic_mobilenetv2,stable,features_16,1775840978033.368,1775840978165.398,132.031,29.510,102.520,32.379,32937,5545,200.0,0,0,95.3
3959,mean_dynamic_mobilenetv2,stable,features_16,1775840978170.397,1775840978296.914,126.517,26.000,99.517,30.397,32937,5545,200.0,0,0,99.2
3960,mean_dynamic_mobilenetv2,stable,features_16,1775840978301.915,1775840978449.944,148.030,33.003,114.027,42.137,32937,5545,200.0,0,0,97.0
3961,mean_dynamic_mobilenetv2,stable,features_16,1775840978453.946,1775840978589.987,136.041,24.999,110.042,39.369,32937,5545,200.0,0,0,96.7
3962,mean_dynamic_mobilenetv2,stable,features_16,1775840978594.988,1775840978720.902,125.915,16.000,108.914,39.574,32937,5545,200.0,0,0,91.4
3963,mean_dynamic_mobilenetv2,stable,features_16,1775840978725.907,1775840978857.111,131.204,23.083,106.119,36.242,32937,5545,200.0,0,0,98.6
3964,mean_dynamic_mobilenetv2,stable,features_16,1775840978862.113,1775840978983.231,121.118,25.999,95.119,30.908,32937,5545,200.0,0,0,100.0
3965,mean_dynamic_mobilenetv2,stable,features_16,1775840978988.231,1775840979121.747,133.517,31.000,101.516,29.621,32937,5545,200.0,0,0,98.7
3966,mean_dynamic_mobilenetv2,stable,features_16,1775840979127.751,1775840979267.630,139.878,34.682,103.370,35.723,32937,5545,200.0,0,0,98.7
3967,mean_dynamic_mobilenetv2,stable,features_16,1775840979272.631,1775840979401.144,128.514,20.998,106.515,37.217,32937,5545,200.0,0,0,97.4
3968,mean_dynamic_mobilenetv2,stable,features_16,1775840979406.143,1775840979524.386,118.243,19.007,98.237,33.951,32937,5545,200.0,0,0,97.8
3969,mean_dynamic_mobilenetv2,stable,features_16,1775840979528.387,1775840979657.950,129.563,26.051,101.581,35.792,32937,5545,200.0,0,0,94.6
3970,mean_dynamic_mobilenetv2,stable,features_16,1775840979662.951,1775840979799.871,136.920,25.000,108.585,36.968,32937,5545,200.0,0,0,97.5
3971,mean_dynamic_mobilenetv2,stable,features_16,1775840979804.508,1775840979945.095,140.587,31.004,108.078,41.238,32937,5545,200.0,0,0,98.9
3972,mean_dynamic_mobilenetv2,stable,features_16,1775840979951.096,1775840980081.127,130.032,27.000,103.031,36.793,32937,5545,200.0,0,0,95.4
3973,mean_dynamic_mobilenetv2,stable,features_16,1775840980086.548,1775840980203.639,117.091,22.579,93.560,29.943,32937,5545,200.0,0,0,94.6
3974,mean_dynamic_mobilenetv2,stable,features_16,1775840980209.639,1775840980339.031,129.392,24.005,104.382,34.499,32937,5545,200.0,0,0,94.0
3975,mean_dynamic_mobilenetv2,stable,features_16,1775840980343.031,1775840980484.545,141.514,23.002,118.512,35.305,32937,5545,200.0,0,0,95.3
3976,mean_dynamic_mobilenetv2,stable,features_16,1775840980489.545,1775840980617.055,127.510,23.001,103.510,36.290,32937,5545,200.0,0,0,91.5
3977,mean_dynamic_mobilenetv2,stable,features_16,1775840980621.055,1775840980750.634,129.579,20.518,105.061,42.016,32937,5545,200.0,0,0,91.7
3978,mean_dynamic_mobilenetv2,stable,features_16,1775840980754.633,1775840980877.146,122.513,18.001,104.512,37.006,32937,5545,200.0,0,0,87.6
3979,mean_dynamic_mobilenetv2,stable,features_16,1775840980881.148,1775840981005.662,124.514,17.999,105.515,39.567,32937,5545,200.0,0,0,83.3
3980,mean_dynamic_mobilenetv2,stable,features_16,1775840981009.660,1775840981134.181,124.520,16.008,107.512,36.878,32937,5545,200.0,0,0,90.3
3981,mean_dynamic_mobilenetv2,stable,features_16,1775840981138.690,1775840981262.943,124.253,20.001,104.252,37.251,32937,5545,200.0,0,0,92.4
3982,mean_dynamic_mobilenetv2,stable,features_16,1775840981267.942,1775840981389.115,121.173,16.002,104.172,36.865,32937,5545,200.0,0,0,90.7
3983,mean_dynamic_mobilenetv2,stable,features_16,1775840981393.114,1775840981515.627,122.513,21.002,100.512,34.590,32937,5545,200.0,0,0,92.4
3984,mean_dynamic_mobilenetv2,stable,features_16,1775840981519.627,1775840981651.435,131.808,20.586,109.221,37.457,32937,5545,200.0,0,0,85.6
3985,mean_dynamic_mobilenetv2,stable,features_16,1775840981656.436,1775840981783.770,127.333,20.000,107.334,33.611,32937,5545,200.0,0,0,86.2
3986,mean_dynamic_mobilenetv2,stable,features_16,1775840981787.771,1775840981902.279,114.509,15.000,98.508,35.268,32937,5545,200.0,0,0,83.7
3987,mean_dynamic_mobilenetv2,stable,features_16,1775840981907.280,1775840982030.801,123.521,19.007,103.513,34.159,32937,5545,200.0,0,0,91.5
3988,mean_dynamic_mobilenetv2,stable,features_16,1775840982035.799,1775840982158.823,123.023,21.509,99.512,32.809,32937,5545,200.0,0,0,91.5
3989,mean_dynamic_mobilenetv2,stable,features_16,1775840982162.824,1775840982337.342,174.518,21.999,151.516,33.992,32937,5545,200.0,0,0,88.1
3990,mean_dynamic_mobilenetv2,stable,features_16,1775840982340.855,1775840982452.364,111.509,10.996,99.511,34.318,32937,5545,200.0,0,0,82.2
3991,mean_dynamic_mobilenetv2,stable,features_16,1775840982455.365,1775840982578.890,123.525,11.000,111.526,33.416,32937,5545,200.0,0,0,80.0
3992,mean_dynamic_mobilenetv2,stable,features_16,1775840982581.889,1775840982710.402,128.513,20.998,106.512,35.775,32937,5545,200.0,0,0,86.7
3993,mean_dynamic_mobilenetv2,stable,features_16,1775840982713.400,1775840982848.378,134.977,13.105,120.871,36.536,32937,5545,200.0,0,0,80.0
3994,mean_dynamic_mobilenetv2,stable,features_16,1775840982851.378,1775840982964.681,113.303,11.001,101.302,35.111,32937,5545,200.0,0,0,77.2
3995,mean_dynamic_mobilenetv2,stable,features_16,1775840982967.687,1775840983082.197,114.510,12.996,101.514,36.608,32937,5545,200.0,0,0,81.4
3996,mean_dynamic_mobilenetv2,stable,features_16,1775840983086.197,1775840983201.028,114.831,15.998,96.828,33.498,32937,5545,200.0,0,0,86.3
3997,mean_dynamic_mobilenetv2,stable,features_16,1775840983205.024,1775840983315.536,110.512,13.000,95.512,32.953,32937,5545,200.0,0,0,89.4
3998,mean_dynamic_mobilenetv2,stable,features_16,1775840983319.537,1775840983444.567,125.030,18.010,106.020,37.636,32937,5545,200.0,0,0,87.8
3999,mean_dynamic_mobilenetv2,stable,features_16,1775840983448.567,1775840983577.075,128.507,22.000,104.509,36.708,32937,5545,200.0,0,0,92.5
4000,mean_dynamic_mobilenetv2,stable,features_16,1775840983581.075,1775840983698.588,117.512,16.001,100.511,35.042,32937,5545,200.0,0,0,89.1
4001,mean_dynamic_mobilenetv2,stable,features_16,1775840983702.590,1775840983817.103,114.513,19.998,94.515,31.131,32937,5545,200.0,0,0,83.9
4002,mean_dynamic_mobilenetv2,stable,features_16,1775840983821.102,1775840983943.206,122.104,18.591,103.513,35.482,32937,5545,200.0,0,0,86.7
4003,mean_dynamic_mobilenetv2,stable,features_16,1775840983947.208,1775840984062.717,115.510,17.998,96.512,31.574,32937,5545,200.0,0,0,88.4
4004,mean_dynamic_mobilenetv2,stable,features_16,1775840984065.721,1775840984191.232,125.511,19.997,104.512,39.916,32937,5545,200.0,0,0,89.9
4005,mean_dynamic_mobilenetv2,stable,features_16,1775840984195.230,1775840984315.742,120.512,14.002,104.511,35.861,32937,5545,200.0,0,0,85.9
4006,mean_dynamic_mobilenetv2,stable,features_16,1775840984319.742,1775840984441.654,121.912,16.010,104.901,33.838,32937,5545,200.0,0,0,89.8
4007,mean_dynamic_mobilenetv2,stable,features_16,1775840984445.653,1775840984572.170,126.516,17.000,107.840,38.364,32937,5545,200.0,0,0,93.1
4008,mean_dynamic_mobilenetv2,stable,features_16,1775840984578.171,1775840984701.689,123.518,22.000,100.519,34.219,32937,5545,200.0,0,0,92.2
4009,mean_dynamic_mobilenetv2,stable,features_16,1775840984706.688,1775840984832.275,125.587,23.008,101.579,35.752,32937,5545,200.0,0,0,95.4
4010,mean_dynamic_mobilenetv2,stable,features_16,1775840984837.214,1775840984964.236,127.022,24.511,102.511,36.045,32937,5545,200.0,0,0,90.4
4011,mean_dynamic_mobilenetv2,stable,features_16,1775840984968.237,1775840985087.756,119.519,24.000,94.512,31.051,32937,5545,200.0,0,0,94.6
4012,mean_dynamic_mobilenetv2,stable,features_16,1775840985091.749,1775840985219.758,128.009,18.000,107.010,36.882,32937,5545,200.0,0,0,90.0
4013,mean_dynamic_mobilenetv2,stable,features_16,1775840985223.758,1775840985355.066,131.308,27.155,104.153,35.263,32937,5545,200.0,0,0,93.8
4014,mean_dynamic_mobilenetv2,stable,features_16,1775840985359.067,1775840985473.362,114.295,20.000,93.297,30.029,32937,5545,200.0,0,0,93.8
4015,mean_dynamic_mobilenetv2,stable,features_16,1775840985477.366,1775840985600.872,123.506,23.997,98.509,33.797,32937,5545,200.0,0,0,96.2
4016,mean_dynamic_mobilenetv2,stable,features_16,1775840985604.874,1775840985727.394,122.520,20.007,100.443,34.343,32937,5545,200.0,0,0,83.3
4017,mean_dynamic_mobilenetv2,stable,features_16,1775840985730.393,1775840985847.412,117.019,13.509,103.510,35.442,32937,5545,200.0,0,0,79.6
4018,mean_dynamic_mobilenetv2,stable,features_16,1775840985851.417,1775840985968.926,117.509,12.996,104.513,38.174,32937,5545,200.0,0,0,90.9
4019,mean_dynamic_mobilenetv2,stable,features_16,1775840985972.924,1775840986085.967,113.042,16.005,95.034,31.938,32937,5545,200.0,0,0,92.1
4020,mean_dynamic_mobilenetv2,stable,features_16,1775840986089.964,1775840986211.034,121.070,18.004,102.066,35.541,32937,5545,200.0,0,0,85.7
4021,mean_dynamic_mobilenetv2,stable,features_16,1775840986215.038,1775840986342.082,127.044,21.869,103.532,34.002,32937,5545,200.0,0,0,92.6
4022,mean_dynamic_mobilenetv2,stable,features_16,1775840986347.084,1775840986535.015,187.931,81.002,105.510,36.003,32937,5545,200.0,0,0,92.9
4023,mean_dynamic_mobilenetv2,stable,features_16,1775840986540.136,1775840986659.653,119.517,16.004,103.513,35.026,32937,5545,200.0,0,0,89.3
4024,mean_dynamic_mobilenetv2,stable,features_16,1775840986663.653,1775840986782.425,118.772,15.000,102.773,37.677,32937,5545,200.0,0,0,90.1
4025,mean_dynamic_mobilenetv2,stable,features_16,1775840986786.426,1775840986903.934,117.508,16.999,99.509,32.660,32937,5545,200.0,0,0,87.4
4026,mean_dynamic_mobilenetv2,stable,features_16,1775840986906.934,1775840987031.449,124.515,14.001,109.515,38.032,32937,5545,200.0,0,0,86.8
4027,mean_dynamic_mobilenetv2,stable,features_16,1775840987035.450,1775840987156.484,121.034,13.524,105.508,35.533,32937,5545,200.0,0,0,84.4
4028,mean_dynamic_mobilenetv2,stable,features_16,1775840987162.541,1775840987287.342,124.802,22.942,99.857,35.220,32937,5545,200.0,0,0,89.1
4029,mean_dynamic_mobilenetv2,stable,features_16,1775840987290.342,1775840987413.853,123.511,15.000,106.510,38.789,32937,5545,200.0,0,0,84.4
4030,mean_dynamic_mobilenetv2,stable,features_16,1775840987416.853,1775840987530.367,113.514,16.003,97.510,31.949,32937,5545,200.0,0,0,86.2
4031,mean_dynamic_mobilenetv2,stable,features_16,1775840987533.371,1775840987654.224,120.854,12.347,108.507,35.573,32937,5545,200.0,0,0,83.5
4032,mean_dynamic_mobilenetv2,stable,features_16,1775840987658.224,1775840987775.734,117.510,11.003,105.508,39.003,32937,5545,200.0,0,0,86.2
4033,mean_dynamic_mobilenetv2,stable,features_16,1775840987778.735,1775840987900.243,121.508,12.999,107.511,42.769,32937,5545,200.0,0,0,78.9
4034,mean_dynamic_mobilenetv2,stable,features_16,1775840987903.247,1775840988079.268,176.021,13.997,161.021,39.908,32937,5545,200.0,0,0,80.3
4035,mean_dynamic_mobilenetv2,stable,features_16,1775840988082.270,1775840988196.505,114.235,10.000,104.235,35.202,32937,5545,200.0,0,0,82.2
4036,mean_dynamic_mobilenetv2,stable,features_16,1775840988200.503,1775840988312.897,112.394,13.000,98.394,33.730,32937,5545,200.0,0,0,90.2
4037,mean_dynamic_mobilenetv2,stable,features_16,1775840988316.896,1775840988437.432,120.536,19.021,99.515,35.318,32937,5545,200.0,0,0,90.0
4038,mean_dynamic_mobilenetv2,stable,features_16,1775840988440.935,1775840988574.456,133.521,17.006,116.515,41.609,32937,5545,200.0,0,0,92.8
4039,mean_dynamic_mobilenetv2,stable,features_16,1775840988578.455,1775840988695.969,117.514,16.000,101.514,36.125,32937,5545,200.0,0,0,89.1
4040,mean_dynamic_mobilenetv2,stable,features_16,1775840988699.968,1775840988821.477,121.509,19.003,100.507,33.056,32937,5545,200.0,0,0,86.9
4041,mean_dynamic_mobilenetv2,stable,features_16,1775840988825.479,1775840988946.513,121.034,22.516,97.518,33.265,32937,5545,200.0,0,0,87.6
4042,mean_dynamic_mobilenetv2,stable,features_16,1775840988950.513,1775840989070.582,120.069,17.999,101.071,35.100,32937,5545,200.0,0,0,89.0
4043,mean_dynamic_mobilenetv2,stable,features_16,1775840989075.583,1775840989215.095,139.512,20.999,118.513,38.321,32937,5545,200.0,0,0,94.3
4044,mean_dynamic_mobilenetv2,stable,features_16,1775840989220.096,1775840989352.486,132.391,26.879,103.511,34.521,32937,5545,200.0,0,0,88.1
4045,mean_dynamic_mobilenetv2,stable,features_16,1775840989355.906,1775840989478.001,122.094,12.580,109.514,39.260,32937,5545,200.0,0,0,75.0
4046,mean_dynamic_mobilenetv2,stable,features_16,1775840989481.999,1775840989603.181,121.182,17.000,104.182,35.554,32937,5545,200.0,0,0,77.3
4047,mean_dynamic_mobilenetv2,stable,features_16,1775840989607.177,1775840989734.693,127.517,14.000,111.616,38.005,32937,5545,200.0,0,0,86.8
4048,mean_dynamic_mobilenetv2,stable,features_16,1775840989738.693,1775840989863.720,125.027,20.517,103.513,36.414,32937,5545,200.0,0,0,84.5
4049,mean_dynamic_mobilenetv2,stable,features_16,1775840989867.720,1775840989993.449,125.729,12.001,113.728,41.252,32937,5545,200.0,0,0,83.6
4050,mean_dynamic_mobilenetv2,stable,features_16,1775840989997.231,1775840990122.331,125.100,12.002,112.098,39.381,32937,5545,200.0,0,0,80.5
4051,mean_dynamic_mobilenetv2,stable,features_16,1775840990126.311,1775840990266.342,140.031,17.521,121.514,41.028,32937,5545,200.0,0,0,82.6
4052,mean_dynamic_mobilenetv2,stable,features_16,1775840990270.340,1775840990386.854,116.514,17.006,97.508,33.076,32937,5545,200.0,0,0,79.8
4053,mean_dynamic_mobilenetv2,stable,features_16,1775840990391.855,1775840990515.368,123.512,13.000,110.512,38.791,32937,5545,200.0,0,0,76.7
4054,mean_dynamic_mobilenetv2,stable,features_16,1775840990519.366,1775840990641.411,122.044,13.012,107.528,37.960,32937,5545,200.0,0,0,78.1
4055,mean_dynamic_mobilenetv2,stable,features_16,1775840990645.417,1775840990791.933,146.516,14.001,130.516,51.968,32937,5545,200.0,0,0,87.1
4056,mean_dynamic_mobilenetv2,stable,features_16,1775840990795.931,1775840990923.450,127.519,19.002,108.517,38.024,32937,5545,200.0,0,0,90.6
4057,mean_dynamic_mobilenetv2,stable,features_16,1775840990927.452,1775840991069.018,141.565,18.049,122.515,40.114,32937,5545,200.0,0,0,88.4
4058,mean_dynamic_mobilenetv2,stable,features_16,1775840991073.016,1775840991218.534,145.518,19.001,116.517,36.724,32937,5545,200.0,0,0,90.8
4059,mean_dynamic_mobilenetv2,stable,features_16,1775840991223.534,1775840991350.563,127.029,24.511,101.518,34.974,32937,5545,200.0,0,0,97.0
4060,mean_dynamic_mobilenetv2,stable,features_16,1775840991356.562,1775840991478.841,122.279,19.002,103.277,39.402,32937,5545,200.0,0,0,98.6
4061,mean_dynamic_mobilenetv2,stable,features_16,1775840991483.841,1775840991614.354,130.513,25.000,103.512,37.407,32937,5545,200.0,0,0,97.7
4062,mean_dynamic_mobilenetv2,stable,features_16,1775840991619.353,1775840991744.513,125.160,25.514,97.507,31.141,32937,5545,200.0,0,0,98.0
4063,mean_dynamic_mobilenetv2,stable,features_16,1775840991748.381,1775840991880.891,132.511,27.998,103.512,38.035,32937,5545,200.0,0,0,89.9
4064,mean_dynamic_mobilenetv2,stable,features_16,1775840991884.892,1775840992018.683,133.791,28.001,104.141,37.120,32937,5545,200.0,0,0,98.0
4065,mean_dynamic_mobilenetv2,stable,features_16,1775840992022.682,1775840992162.267,139.585,36.516,102.068,36.033,32937,5545,200.0,0,0,97.2
4066,mean_dynamic_mobilenetv2,stable,features_16,1775840992167.263,1775840992308.778,141.514,36.999,102.514,34.285,32937,5545,200.0,0,0,98.1
4067,mean_dynamic_mobilenetv2,stable,features_16,1775840992312.779,1775840992435.292,122.513,16.003,105.914,34.167,32937,5545,200.0,0,0,93.8
4068,mean_dynamic_mobilenetv2,stable,features_16,1775840992440.292,1775840992566.070,125.778,21.515,101.263,37.151,32937,5545,200.0,0,0,98.4
4069,mean_dynamic_mobilenetv2,stable,features_16,1775840992570.070,1775840992706.583,136.512,32.000,103.512,38.425,32937,5545,200.0,0,0,100.0
4070,mean_dynamic_mobilenetv2,stable,features_16,1775840992710.582,1775840992844.528,133.946,25.006,107.941,38.099,32937,5545,200.0,0,0,95.9
4071,mean_dynamic_mobilenetv2,stable,features_16,1775840992849.528,1775840992993.047,143.519,22.000,120.518,35.045,32937,5545,200.0,0,0,93.3
4072,mean_dynamic_mobilenetv2,stable,features_16,1775840992997.046,1775840993132.566,135.520,14.000,120.520,34.919,32937,5545,200.0,0,0,83.6
4073,mean_dynamic_mobilenetv2,stable,features_16,1775840993136.566,1775840993272.590,136.024,16.509,118.515,38.857,32937,5545,200.0,0,0,90.6
4074,mean_dynamic_mobilenetv2,stable,features_16,1775840993276.591,1775840993412.106,135.514,18.999,115.516,36.516,32937,5545,200.0,0,0,85.0
4075,mean_dynamic_mobilenetv2,stable,features_16,1775840993416.107,1775840993555.135,139.027,17.004,121.022,36.769,32937,5545,200.0,0,0,86.2
4076,mean_dynamic_mobilenetv2,stable,features_16,1775840993559.135,1775840993688.651,129.517,20.000,108.516,38.398,32937,5545,200.0,0,0,78.5
4077,mean_dynamic_mobilenetv2,stable,features_16,1775840993691.650,1775840993864.001,172.351,14.002,158.348,35.832,32937,5545,200.0,0,0,82.8
4078,mean_dynamic_mobilenetv2,stable,features_16,1775840993868.002,1775840993998.517,130.515,16.000,112.515,34.587,32937,5545,200.0,0,0,79.3
4079,mean_dynamic_mobilenetv2,stable,features_16,1775840994001.518,1775840994129.381,127.863,18.998,107.964,36.079,32937,5545,200.0,0,0,84.0
4080,mean_dynamic_mobilenetv2,stable,features_16,1775840994132.381,1775840994251.845,119.465,10.509,107.949,39.502,32937,5545,200.0,0,0,86.0
4081,mean_dynamic_mobilenetv2,stable,features_16,1775840994255.847,1775840994370.357,114.510,15.999,98.512,34.303,32937,5545,200.0,0,0,83.7
4082,mean_dynamic_mobilenetv2,stable,features_16,1775840994374.361,1775840994498.872,124.512,14.998,106.512,35.724,32937,5545,200.0,0,0,94.7
4083,mean_dynamic_mobilenetv2,stable,features_16,1775840994502.871,1775840994631.387,128.516,25.001,102.515,34.647,32937,5545,200.0,0,0,92.2
4084,mean_dynamic_mobilenetv2,stable,features_16,1775840994635.387,1775840994756.407,121.021,13.509,106.511,38.915,32937,5545,200.0,0,0,87.7
4085,mean_dynamic_mobilenetv2,stable,features_16,1775840994760.413,1775840994876.921,116.508,11.997,104.511,35.630,32937,5545,200.0,0,0,91.5
4086,mean_dynamic_mobilenetv2,stable,features_16,1775840994880.921,1775840995022.570,141.649,17.001,123.649,55.847,32937,5545,200.0,0,0,86.1
4087,mean_dynamic_mobilenetv2,stable,features_16,1775840995026.569,1775840995161.605,135.036,17.520,116.515,45.943,32937,5545,200.0,0,0,89.7
4088,mean_dynamic_mobilenetv2,stable,features_16,1775840995165.604,1775840995304.123,138.520,23.001,113.518,41.464,32937,5545,200.0,0,0,94.4
4089,mean_dynamic_mobilenetv2,stable,features_16,1775840995308.124,1775840995446.682,138.559,21.003,114.823,41.048,32937,5545,200.0,0,0,88.1
4090,mean_dynamic_mobilenetv2,stable,features_16,1775840995450.685,1775840995583.199,132.514,21.998,109.844,35.679,32937,5545,200.0,0,0,93.8
4091,mean_dynamic_mobilenetv2,stable,features_16,1775840995587.198,1775840995700.787,113.589,18.001,94.587,32.349,32937,5545,200.0,0,0,93.8
4092,mean_dynamic_mobilenetv2,stable,features_16,1775840995704.787,1775840995836.307,131.520,26.006,103.514,38.094,32937,5545,200.0,0,0,94.2
4093,mean_dynamic_mobilenetv2,stable,features_16,1775840995840.306,1775840995970.635,130.328,27.511,102.817,34.468,32937,5545,200.0,0,0,92.7
4094,mean_dynamic_mobilenetv2,stable,features_16,1775840995974.634,1775840996096.678,122.043,19.999,102.045,31.882,32937,5545,200.0,0,0,94.6
4095,mean_dynamic_mobilenetv2,stable,features_16,1775840996100.679,1775840996223.192,122.513,19.997,100.514,36.116,32937,5545,200.0,0,0,92.3
4096,mean_dynamic_mobilenetv2,stable,features_16,1775840996228.190,1775840996347.769,119.579,19.517,96.913,33.987,32937,5545,200.0,0,0,91.5
4097,mean_dynamic_mobilenetv2,stable,features_16,1775840996352.770,1775840996484.813,132.044,22.000,108.471,36.642,32937,5545,200.0,0,0,84.8
4098,mean_dynamic_mobilenetv2,stable,features_16,1775840996489.814,1775840996622.559,132.745,18.999,112.747,36.209,32937,5545,200.0,0,0,86.1
4099,mean_dynamic_mobilenetv2,stable,features_16,1775840996628.560,1775840996750.592,122.032,13.006,107.025,43.052,32937,5545,200.0,0,0,91.4
4100,mean_dynamic_mobilenetv2,stable,features_16,1775840996754.591,1775840996890.112,135.520,20.000,112.518,39.590,32937,5545,200.0,0,0,96.6
4101,mean_dynamic_mobilenetv2,stable,features_16,1775840996895.111,1775840997031.214,136.103,25.001,111.101,39.128,32937,5545,200.0,0,0,92.5
4102,mean_dynamic_mobilenetv2,stable,features_16,1775840997035.213,1775840997162.231,127.018,20.507,105.509,36.941,32937,5545,200.0,0,0,87.5
4103,mean_dynamic_mobilenetv2,stable,features_16,1775840997165.229,1775840997290.640,125.412,20.001,103.411,38.568,32937,5545,200.0,0,0,85.7
4104,mean_dynamic_mobilenetv2,stable,features_16,1775840997294.639,1775840997445.663,151.024,17.000,133.520,41.502,32937,5545,200.0,0,0,85.3
4105,mean_dynamic_mobilenetv2,stable,features_16,1775840997449.669,1775840997585.185,135.516,16.000,118.516,36.768,32937,5545,200.0,0,0,84.0
4106,mean_dynamic_mobilenetv2,stable,features_16,1775840997589.184,1775840997725.872,136.687,16.002,117.686,32.069,32937,5545,200.0,0,0,85.5
4107,mean_dynamic_mobilenetv2,stable,features_16,1775840997728.869,1775840997847.895,119.026,13.005,103.344,36.609,32937,5545,200.0,0,0,91.9
4108,mean_dynamic_mobilenetv2,stable,features_16,1775840997852.895,1775840997976.407,123.512,23.998,98.514,30.362,32937,5545,200.0,0,0,91.4
4109,mean_dynamic_mobilenetv2,stable,features_16,1775840997980.407,1775840998112.317,131.910,26.003,105.906,39.231,32937,5545,200.0,0,0,94.6
4110,mean_dynamic_mobilenetv2,stable,features_16,1775840998117.317,1775840998237.833,120.516,20.004,98.512,33.583,32937,5545,200.0,0,0,91.9
4111,mean_dynamic_mobilenetv2,stable,features_16,1775840998241.834,1775840998402.868,161.034,59.519,100.515,30.420,32937,5545,200.0,0,0,96.2
4112,mean_dynamic_mobilenetv2,stable,features_16,1775840998406.868,1775840998564.133,157.266,24.002,131.262,32.594,32937,5545,200.0,0,0,95.1
4113,mean_dynamic_mobilenetv2,stable,features_16,1775840998568.133,1775840998688.645,120.512,21.000,98.513,33.683,32937,5545,200.0,0,0,92.3
4114,mean_dynamic_mobilenetv2,stable,features_16,1775840998693.648,1775840998828.161,134.513,15.000,118.513,36.837,32937,5545,200.0,0,0,93.2
4115,mean_dynamic_mobilenetv2,stable,features_16,1775840998832.165,1775840998953.200,121.035,13.511,105.515,36.796,32937,5545,200.0,0,0,91.7
4116,mean_dynamic_mobilenetv2,stable,features_16,1775840998957.198,1775840999087.712,130.514,19.000,111.514,37.205,32937,5545,200.0,0,0,89.0
4117,mean_dynamic_mobilenetv2,stable,features_16,1775840999091.711,1775840999207.225,115.514,17.000,96.514,34.267,32937,5545,200.0,0,0,86.6
4118,mean_dynamic_mobilenetv2,stable,features_16,1775840999211.225,1775840999355.340,144.114,20.004,124.110,38.356,32937,5545,200.0,0,0,95.7
4119,mean_dynamic_mobilenetv2,stable,features_16,1775840999361.340,1775840999481.851,120.511,17.002,102.508,36.697,32937,5545,200.0,0,0,89.1
4120,mean_dynamic_mobilenetv2,stable,features_16,1775840999484.849,1775840999675.695,190.846,21.488,167.846,37.807,32937,5545,200.0,0,0,92.2
4121,mean_dynamic_mobilenetv2,stable,features_16,1775840999680.698,1775840999812.844,132.146,23.997,106.557,32.876,32937,5545,200.0,0,0,93.8
4122,mean_dynamic_mobilenetv2,stable,features_16,1775840999816.844,1775840999947.878,131.034,16.013,113.019,37.963,32937,5545,200.0,0,0,92.5
4123,mean_dynamic_mobilenetv2,stable,features_16,1775840999951.877,1775841000081.396,129.519,21.001,107.518,38.475,32937,5545,200.0,0,0,94.0
4124,mean_dynamic_mobilenetv2,stable,features_16,1775841000086.396,1775841000244.913,158.516,33.001,123.517,45.010,32937,5545,200.0,0,0,94.5
4125,mean_dynamic_mobilenetv2,stable,features_16,1775841000249.422,1775841000381.936,132.514,22.000,108.515,22.908,32937,5545,200.0,0,0,91.8
4126,mean_dynamic_mobilenetv2,stable,features_16,1775841000385.937,1775841000520.450,134.513,20.001,113.513,32.570,32937,5545,200.0,0,0,90.3
4127,mean_dynamic_mobilenetv2,stable,features_16,1775841000524.449,1775841000670.267,145.818,20.004,124.813,51.915,32937,5545,200.0,0,0,94.5
4128,mean_dynamic_mobilenetv2,stable,features_16,1775841000675.268,1775841000820.310,145.042,21.000,123.043,39.473,32937,5545,200.0,0,0,97.3
4129,mean_dynamic_mobilenetv2,stable,features_16,1775841000825.311,1775841000961.347,136.036,21.004,113.521,38.188,32937,5545,200.0,0,0,97.6
4130,mean_dynamic_mobilenetv2,stable,features_16,1775841000966.347,1775841001093.214,126.867,27.000,98.866,30.265,32937,5545,200.0,0,0,92.6
4131,mean_dynamic_mobilenetv2,stable,features_16,1775841001097.215,1775841001219.769,122.554,22.999,97.510,35.001,32937,5545,200.0,0,0,100.0
4132,mean_dynamic_mobilenetv2,stable,features_16,1775841001225.725,1775841001361.161,135.436,29.518,105.046,36.004,32937,5545,200.0,0,0,100.0
4133,mean_dynamic_mobilenetv2,stable,features_16,1775841001365.161,1775841001504.298,139.137,30.000,108.136,36.688,32937,5545,200.0,0,0,99.3
4134,mean_dynamic_mobilenetv2,stable,features_16,1775841001509.298,1775841001643.334,134.037,28.006,105.031,34.719,32937,5545,200.0,0,0,100.0
4135,mean_dynamic_mobilenetv2,stable,features_16,1775841001648.850,1775841001768.361,119.511,19.001,98.511,35.286,32937,5545,200.0,0,0,97.0
4136,mean_dynamic_mobilenetv2,stable,features_16,1775841001772.364,1775841001897.453,125.088,21.999,102.090,35.300,32937,5545,200.0,0,0,94.0
4137,mean_dynamic_mobilenetv2,stable,features_16,1775841001902.453,1775841002021.963,119.510,20.000,98.511,31.916,32937,5545,200.0,0,0,84.3
4138,mean_dynamic_mobilenetv2,stable,features_16,1775841002024.963,1775841002154.806,129.844,22.052,104.787,34.527,32937,5545,200.0,0,0,97.3
4139,mean_dynamic_mobilenetv2,stable,features_16,1775841002158.807,1775841002295.324,136.517,31.000,105.517,36.590,32937,5545,200.0,0,0,100.0
4140,mean_dynamic_mobilenetv2,stable,features_16,1775841002300.327,1775841002418.724,118.397,20.999,96.400,33.579,32937,5545,200.0,0,0,86.7
4141,mean_dynamic_mobilenetv2,stable,features_16,1775841002422.725,1775841002545.757,123.032,14.009,107.023,36.657,32937,5545,200.0,0,0,86.0
4142,mean_dynamic_mobilenetv2,stable,features_16,1775841002548.266,1775841002662.294,114.028,13.083,98.517,32.897,32937,5545,200.0,0,0,94.0
4143,mean_dynamic_mobilenetv2,stable,features_16,1775841002666.292,1775841002789.014,122.722,17.000,104.723,33.544,32937,5545,200.0,0,0,85.7
4144,mean_dynamic_mobilenetv2,stable,features_16,1775841002792.014,1775841002914.532,122.518,20.001,101.092,34.049,32937,5545,200.0,0,0,89.7
4145,mean_dynamic_mobilenetv2,stable,features_16,1775841002918.533,1775841003062.556,144.022,21.003,121.392,39.914,32937,5545,200.0,0,0,91.1
4146,mean_dynamic_mobilenetv2,stable,features_16,1775841003065.561,1775841003183.070,117.509,16.996,99.513,33.714,32937,5545,200.0,0,0,87.5
4147,mean_dynamic_mobilenetv2,stable,features_16,1775841003186.073,1775841003293.581,107.508,13.001,93.506,29.982,32937,5545,200.0,0,0,96.6
4148,mean_dynamic_mobilenetv2,stable,features_16,1775841003297.581,1775841003430.841,133.260,26.001,105.260,32.720,32937,5545,200.0,0,0,98.7
4149,mean_dynamic_mobilenetv2,stable,features_16,1775841003434.844,1775841003555.866,121.022,14.510,106.512,39.444,32937,5545,200.0,0,0,97.7
4150,mean_dynamic_mobilenetv2,stable,features_16,1775841003560.867,1775841003695.381,134.515,25.000,108.515,38.019,32937,5545,200.0,0,0,96.6
4151,mean_dynamic_mobilenetv2,stable,features_16,1775841003699.380,1775841003849.584,150.204,20.001,129.196,45.574,32937,5545,200.0,0,0,86.2
4152,mean_dynamic_mobilenetv2,stable,features_16,1775841003852.583,1775841003985.093,132.510,18.001,111.509,31.674,32937,5545,200.0,0,0,95.2
4153,mean_dynamic_mobilenetv2,stable,features_16,1775841003989.094,1775841004114.603,125.509,25.999,97.510,31.444,32937,5545,200.0,0,0,98.5
4154,mean_dynamic_mobilenetv2,stable,features_16,1775841004118.604,1775841004243.124,124.520,24.005,98.515,32.117,32937,5545,200.0,0,0,97.4
4155,mean_dynamic_mobilenetv2,stable,features_16,1775841004247.124,1775841004382.146,135.022,29.509,105.513,35.041,32937,5545,200.0,0,0,99.2
4156,mean_dynamic_mobilenetv2,stable,features_16,1775841004388.146,1775841004523.658,135.512,31.002,99.512,35.442,32937,5545,200.0,0,0,97.6
4157,mean_dynamic_mobilenetv2,stable,features_16,1775841004531.658,1775841004653.682,122.024,20.512,100.511,34.554,32937,5545,200.0,0,0,88.9
4158,mean_dynamic_mobilenetv2,stable,features_16,1775841004659.683,1775841004784.618,124.936,21.000,102.935,37.086,32937,5545,200.0,0,0,97.0
4159,mean_dynamic_mobilenetv2,stable,features_16,1775841004788.617,1775841004918.131,129.514,24.001,103.512,34.445,32937,5545,200.0,0,0,100.0
4160,mean_dynamic_mobilenetv2,stable,features_16,1775841004922.130,1775841005052.885,130.755,30.122,99.634,31.656,32937,5545,200.0,0,0,99.3
4161,mean_dynamic_mobilenetv2,stable,features_16,1775841005056.885,1775841005193.652,136.767,31.001,103.767,35.579,32937,5545,200.0,0,0,100.0
4162,mean_dynamic_mobilenetv2,stable,features_16,1775841005198.652,1775841005400.685,202.033,38.005,162.028,92.338,32937,5545,200.0,1,0,96.9
4163,mean_dynamic_mobilenetv2,stable,features_16,1775841005404.685,1775841005529.738,125.052,21.002,103.052,35.233,32937,5545,200.0,0,0,96.2
4164,mean_dynamic_mobilenetv2,stable,features_16,1775841005534.743,1775841005663.700,128.957,19.448,107.511,36.541,32937,5545,200.0,0,0,93.0
4165,mean_dynamic_mobilenetv2,stable,features_16,1775841005667.699,1775841005798.391,130.692,23.000,105.692,37.907,32937,5545,200.0,0,0,91.8
4166,mean_dynamic_mobilenetv2,stable,features_16,1775841005804.390,1775841005933.904,129.514,22.000,105.512,36.110,32937,5545,200.0,0,0,91.0
4167,mean_dynamic_mobilenetv2,stable,features_16,1775841005937.908,1775841006058.157,120.249,19.513,98.456,34.630,32937,5545,200.0,0,0,97.7
4168,mean_dynamic_mobilenetv2,stable,features_16,1775841006061.156,1775841006183.218,122.062,21.336,99.062,34.533,32937,5545,200.0,0,0,92.4
4169,mean_dynamic_mobilenetv2,stable,features_16,1775841006187.219,1775841006319.735,132.515,16.999,114.516,32.015,32937,5545,200.0,0,0,90.8
4170,mean_dynamic_mobilenetv2,stable,features_16,1775841006323.734,1775841006478.761,155.027,18.006,136.024,65.565,32937,5545,200.0,0,0,86.7
4171,mean_dynamic_mobilenetv2,stable,features_16,1775841006481.761,1775841006617.275,135.514,17.001,116.514,50.470,32937,5545,200.0,0,0,88.0
4172,mean_dynamic_mobilenetv2,stable,features_16,1775841006620.277,1775841006751.302,131.026,14.000,117.025,34.966,32937,5545,200.0,0,0,80.1
4173,mean_dynamic_mobilenetv2,stable,features_16,1775841006755.303,1775841006876.811,121.509,12.001,107.508,39.029,32937,5545,200.0,0,0,79.7
4174,mean_dynamic_mobilenetv2,stable,features_16,1775841006880.815,1775841006995.473,114.657,11.000,103.657,33.232,32937,5545,200.0,0,0,78.1
4175,mean_dynamic_mobilenetv2,stable,features_16,1775841007000.474,1775841007120.983,120.510,12.999,107.511,33.874,32937,5545,200.0,0,0,80.6
4176,mean_dynamic_mobilenetv2,stable,features_16,1775841007125.985,1775841007241.501,115.516,14.009,99.510,33.862,32937,5545,200.0,0,0,85.8
4177,mean_dynamic_mobilenetv2,stable,features_16,1775841007245.501,1775841007375.530,130.029,19.515,109.763,37.560,32937,5545,200.0,0,0,89.7
4178,mean_dynamic_mobilenetv2,stable,features_16,1775841007378.528,1775841007518.037,139.509,30.000,107.509,37.565,32937,5545,200.0,0,0,88.9
4179,mean_dynamic_mobilenetv2,stable,features_16,1775841007522.037,1775841007635.643,113.606,17.011,95.591,30.599,32937,5545,200.0,0,0,96.2
4180,mean_dynamic_mobilenetv2,stable,features_16,1775841007638.643,1775841007756.664,118.021,19.508,97.511,33.064,32937,5545,200.0,0,0,100.0
4181,mean_dynamic_mobilenetv2,stable,features_16,1775841007761.662,1775841007890.966,129.304,28.000,100.303,34.110,32937,5545,200.0,0,0,96.5
4182,mean_dynamic_mobilenetv2,stable,features_16,1775841007894.967,1775841008014.474,119.508,21.999,97.509,33.249,32937,5545,200.0,0,0,100.0
4183,mean_dynamic_mobilenetv2,stable,features_16,1775841008018.475,1775841008147.989,129.515,28.004,100.510,32.304,32937,5545,200.0,0,0,100.0
4184,mean_dynamic_mobilenetv2,stable,features_16,1775841008151.498,1775841008278.008,126.510,21.001,104.509,32.543,32937,5545,200.0,0,0,100.0
4185,mean_dynamic_mobilenetv2,stable,features_16,1775841008283.009,1775841008413.519,130.510,27.999,102.510,35.417,32937,5545,200.0,0,0,100.0
4186,mean_dynamic_mobilenetv2,stable,features_16,1775841008418.519,1775841008533.034,114.515,21.008,91.506,29.171,32937,5545,200.0,0,0,99.2
4187,mean_dynamic_mobilenetv2,stable,features_16,1775841008537.059,1775841008700.542,163.483,53.973,107.510,36.442,32937,5545,200.0,0,0,100.0
4188,mean_dynamic_mobilenetv2,stable,features_16,1775841008704.541,1775841008842.064,137.523,35.008,101.513,35.071,32937,5545,200.0,0,0,100.0
4189,mean_dynamic_mobilenetv2,stable,features_16,1775841008846.065,1775841009045.292,199.227,85.698,112.529,35.032,32937,5545,200.0,0,0,100.0
4190,mean_dynamic_mobilenetv2,stable,features_16,1775841009049.292,1775841009193.369,144.077,30.513,113.564,33.861,32937,5545,200.0,0,0,100.0
4191,mean_dynamic_mobilenetv2,stable,features_16,1775841009203.368,1775841009632.922,429.554,316.319,111.513,39.479,32937,5545,200.0,1,0,100.0
4192,mean_dynamic_mobilenetv2,stable,features_16,1775841009640.371,1775841009905.500,265.129,155.292,104.833,33.964,32937,5545,200.0,1,0,100.0
4193,mean_dynamic_mobilenetv2,stable,features_16,1775841009916.498,1775841010101.753,185.255,71.737,112.522,37.606,32937,5545,200.0,0,0,100.0
4194,mean_dynamic_mobilenetv2,stable,features_16,1775841010110.755,1775841010411.462,300.707,177.063,114.518,38.836,32937,5545,200.0,1,0,100.0
4195,mean_dynamic_mobilenetv2,stable,features_16,1775841010426.334,1775841010751.448,325.114,201.051,122.564,40.882,32937,5545,200.0,1,0,100.0
4196,mean_dynamic_mobilenetv2,stable,features_16,1775841010761.455,1775841011042.023,280.569,166.525,111.251,37.950,32937,5545,200.0,1,0,100.0
4197,mean_dynamic_mobilenetv2,stable,features_16,1775841011069.533,1775841011738.932,669.399,143.848,523.692,36.388,32937,5545,200.0,1,0,93.2
4198,mean_dynamic_mobilenetv2,stable,features_16,1775841011746.930,1775841011969.672,222.742,114.929,106.813,40.718,32937,5545,200.0,1,0,100.0
4199,mean_dynamic_mobilenetv2,stable,features_16,1775841011979.671,1775841012274.586,294.915,176.398,117.516,40.338,32937,5545,200.0,1,0,100.0
4200,mean_dynamic_mobilenetv2,stable,features_16,1775841012291.585,1775841012529.143,237.558,125.524,110.035,37.371,32937,5545,200.0,1,0,99.2
4201,mean_dynamic_mobilenetv2,stable,features_16,1775841012539.670,1775841012813.833,274.163,164.647,106.522,37.540,32937,5545,200.0,1,0,100.0
4202,mean_dynamic_mobilenetv2,stable,features_16,1775841012829.834,1775841013142.002,312.168,186.635,123.533,38.161,32937,5545,200.0,1,0,100.0
4203,mean_dynamic_mobilenetv2,stable,features_16,1775841013151.002,1775841013404.139,253.137,151.623,100.515,33.974,32937,5545,200.0,1,0,98.2
4204,mean_dynamic_mobilenetv2,stable,features_16,1775841013410.141,1775841013550.666,140.525,20.998,117.521,37.268,32937,5545,200.0,0,0,98.0
4205,mean_dynamic_mobilenetv2,stable,features_16,1775841013559.182,1775841013737.706,178.523,70.008,107.512,37.771,32937,5545,200.0,0,0,100.0
4206,mean_dynamic_mobilenetv2,stable,features_16,1775841013749.711,1775841014031.281,281.570,160.038,116.531,40.415,32937,5545,200.0,1,0,100.0
4207,mean_dynamic_mobilenetv2,stable,features_16,1775841014038.282,1775841014418.843,380.561,269.561,108.520,35.129,32937,5545,200.0,1,0,100.0
4208,mean_dynamic_mobilenetv2,stable,features_16,1775841014431.369,1775841014697.314,265.945,155.345,108.487,37.584,32937,5545,200.0,1,0,100.0
4209,mean_dynamic_mobilenetv2,stable,features_16,1775841014730.201,1775841015074.835,344.634,236.114,107.524,33.279,32937,5545,200.0,1,0,100.0
4210,mean_dynamic_mobilenetv2,stable,features_16,1775841015089.834,1775841015464.936,375.102,266.574,106.740,35.380,32937,5545,200.0,1,0,100.0
4211,mean_dynamic_mobilenetv2,stable,features_16,1775841015480.936,1775841015897.365,416.429,288.910,121.519,36.364,32937,5545,200.0,1,0,100.0
4212,mean_dynamic_mobilenetv2,stable,features_16,1775841015915.364,1775841016321.045,405.681,282.580,120.101,32.556,32937,5545,200.0,1,0,100.0
4213,mean_dynamic_mobilenetv2,stable,features_16,1775841016332.043,1775841016608.611,276.568,166.042,108.524,38.573,32937,5545,200.0,1,0,99.0
4214,mean_dynamic_mobilenetv2,stable,features_16,1775841016614.610,1775841016797.988,183.377,70.521,112.278,41.045,32937,5545,200.0,0,0,100.0
4215,mean_dynamic_mobilenetv2,stable,features_16,1775841016803.985,1775841017008.418,204.433,88.918,113.514,40.606,32937,5545,200.0,1,0,99.1
4216,mean_dynamic_mobilenetv2,stable,features_16,1775841017013.415,1775841017171.851,158.436,40.906,115.522,45.174,32937,5545,200.0,0,0,97.5
4217,mean_dynamic_mobilenetv2,stable,features_16,1775841017178.849,1775841017329.730,150.882,46.001,102.880,35.624,32937,5545,200.0,0,0,98.8
4218,mean_dynamic_mobilenetv2,stable,features_16,1775841017335.732,1775841017486.771,151.038,42.524,108.514,36.343,32937,5545,200.0,0,0,98.8
4219,mean_dynamic_mobilenetv2,stable,features_16,1775841017493.776,1775841017652.313,158.537,44.993,112.539,38.631,32937,5545,200.0,0,0,100.0
4220,mean_dynamic_mobilenetv2,stable,features_16,1775841017658.823,1775841017867.878,209.054,105.530,102.598,34.960,32937,5545,200.0,1,0,98.7
4221,mean_dynamic_mobilenetv2,stable,features_16,1775841017876.873,1775841018065.265,188.392,78.662,107.858,35.243,32937,5545,200.0,0,0,100.0
4222,mean_dynamic_mobilenetv2,stable,features_16,1775841018078.268,1775841018293.852,215.584,98.064,113.516,38.004,32937,5545,200.0,1,0,99.6
4223,mean_dynamic_mobilenetv2,stable,features_16,1775841018305.849,1775841018521.888,216.039,98.520,116.521,44.694,32937,5545,200.0,1,0,100.0
4224,mean_dynamic_mobilenetv2,stable,features_16,1775841018528.887,1775841018730.856,201.969,94.522,104.440,37.162,32937,5545,200.0,1,0,97.8
4225,mean_dynamic_mobilenetv2,stable,features_16,1775841018741.858,1775841018952.403,210.545,97.514,112.025,38.456,32937,5545,200.0,1,0,100.0
4226,mean_dynamic_mobilenetv2,stable,features_16,1775841018961.919,1775841019172.165,210.245,91.015,118.036,38.732,32937,5545,200.0,1,0,98.3
4227,mean_dynamic_mobilenetv2,stable,features_16,1775841019181.968,1775841019406.232,224.265,118.736,104.527,33.984,32937,5545,200.0,1,0,100.0
4228,mean_dynamic_mobilenetv2,stable,features_16,1775841019412.229,1775841019621.280,209.051,101.527,105.523,38.444,32937,5545,200.0,1,0,99.6
4229,mean_dynamic_mobilenetv2,stable,features_16,1775841019633.280,1775841019847.865,214.586,102.522,108.087,36.416,32937,5545,200.0,1,0,98.7
4230,mean_dynamic_mobilenetv2,stable,features_16,1775841019861.379,1775841020090.424,229.045,123.525,99.968,34.353,32937,5545,200.0,1,0,99.3
4231,mean_dynamic_mobilenetv2,stable,features_16,1775841020102.424,1775841020337.457,235.033,129.513,104.518,36.571,32937,5545,200.0,1,0,100.0
4232,mean_dynamic_mobilenetv2,stable,features_16,1775841020349.536,1775841020542.140,192.604,84.513,107.090,35.248,32937,5545,200.0,0,0,100.0
4233,mean_dynamic_mobilenetv2,stable,features_16,1775841020551.140,1775841020716.719,165.579,57.063,107.516,36.520,32937,5545,200.0,0,0,100.0
4234,mean_dynamic_mobilenetv2,stable,features_16,1775841020723.719,1775841020909.764,186.045,81.524,102.519,36.242,32937,5545,200.0,0,0,100.0
4235,mean_dynamic_mobilenetv2,stable,features_16,1775841020929.245,1775841021173.340,244.095,132.568,110.523,38.601,32937,5545,200.0,1,0,99.7
4236,mean_dynamic_mobilenetv2,stable,features_16,1775841021190.336,1775841021464.926,274.589,160.525,111.063,37.676,32937,5545,200.0,1,0,99.7
4237,mean_dynamic_mobilenetv2,stable,features_16,1775841021478.927,1775841021728.732,249.805,123.072,120.732,42.931,32937,5545,200.0,1,0,99.3
4238,mean_dynamic_mobilenetv2,stable,features_16,1775841021737.732,1775841021907.777,170.045,64.524,104.523,34.796,32937,5545,200.0,0,0,99.4
4239,mean_dynamic_mobilenetv2,stable,features_16,1775841021917.776,1775841022087.137,169.362,58.838,108.524,34.140,32937,5545,200.0,0,0,99.5
4240,mean_dynamic_mobilenetv2,stable,features_16,1775841022105.138,1775841022548.900,443.761,327.760,114.652,37.857,32937,5545,200.0,1,0,100.0
4241,mean_dynamic_mobilenetv2,stable,features_16,1775841022565.936,1775841022952.718,386.782,266.049,118.733,38.964,32937,5545,200.0,1,0,100.0
4242,mean_dynamic_mobilenetv2,stable,features_16,1775841022971.237,1775841023286.150,314.913,202.287,110.531,33.760,32937,5545,200.0,1,0,100.0
4243,mean_dynamic_mobilenetv2,stable,features_16,1775841023304.052,1775841023635.202,331.150,223.623,105.526,37.188,32937,5545,200.0,1,0,99.2
4244,mean_dynamic_mobilenetv2,stable,features_16,1775841023648.215,1775841024056.971,408.756,300.724,107.030,36.297,32937,5545,200.0,1,0,99.8
4245,mean_dynamic_mobilenetv2,stable,features_16,1775841024066.482,1775841024329.530,263.048,150.525,109.522,38.850,32937,5545,200.0,1,0,100.0
4246,mean_dynamic_mobilenetv2,stable,features_16,1775841024347.536,1775841024649.800,302.265,198.740,102.522,35.156,32937,5545,200.0,1,0,99.7
4247,mean_dynamic_mobilenetv2,stable,features_16,1775841024657.798,1775841024835.829,178.031,73.509,99.521,34.858,32937,5545,200.0,0,0,100.0
4248,mean_dynamic_mobilenetv2,stable,features_16,1775841024841.829,1775841024997.195,155.366,38.517,115.849,38.692,32937,5545,200.0,0,0,98.3
4249,mean_dynamic_mobilenetv2,stable,features_16,1775841025000.208,1775841025140.716,140.509,28.991,110.520,39.695,32937,5545,200.0,0,0,92.5
4250,mean_dynamic_mobilenetv2,stable,features_16,1775841025146.723,1775841025282.845,136.122,28.516,105.609,38.314,32937,5545,200.0,0,0,98.6
4251,mean_dynamic_mobilenetv2,stable,features_16,1775841025291.848,1775841025505.279,213.432,100.917,108.516,36.415,32937,5545,200.0,1,0,99.6
4252,mean_dynamic_mobilenetv2,stable,features_16,1775841025513.277,1775841025744.788,231.511,117.976,109.532,38.751,32937,5545,200.0,1,0,99.6
4253,mean_dynamic_mobilenetv2,stable,features_16,1775841025758.788,1775841025982.550,223.762,110.607,110.514,38.449,32937,5545,200.0,1,0,99.6
4254,mean_dynamic_mobilenetv2,stable,features_16,1775841025995.551,1775841026243.011,247.461,124.931,118.532,41.661,32937,5545,200.0,1,0,99.3
4255,mean_dynamic_mobilenetv2,stable,features_16,1775841026256.019,1775841026596.095,340.076,230.555,108.521,34.395,32937,5545,200.0,1,0,100.0
4256,mean_dynamic_mobilenetv2,stable,features_16,1775841026608.091,1775841026896.164,288.073,165.102,120.975,40.081,32937,5545,200.0,1,0,98.7
4257,mean_dynamic_mobilenetv2,stable,features_16,1775841026904.165,1775841027117.475,213.310,100.789,107.528,36.434,32937,5545,200.0,1,0,97.9
4258,mean_dynamic_mobilenetv2,stable,features_16,1775841027126.477,1775841027350.833,224.357,112.517,108.842,40.365,32937,5545,200.0,1,0,99.6
4259,mean_dynamic_mobilenetv2,stable,features_16,1775841027364.648,1775841027604.959,240.311,130.528,107.784,33.440,32937,5545,200.0,1,0,100.0
4260,mean_dynamic_mobilenetv2,stable,features_16,1775841027660.968,1775841027933.127,272.159,162.376,106.522,34.674,32937,5545,200.0,1,0,99.7
4261,mean_dynamic_mobilenetv2,stable,features_16,1775841027943.867,1775841028193.249,249.382,132.605,115.774,36.888,32937,5545,200.0,1,0,99.6
4262,mean_dynamic_mobilenetv2,stable,features_16,1775841028199.245,1775841028457.280,258.035,90.514,166.683,35.359,32937,5545,200.0,1,0,100.0
4263,mean_dynamic_mobilenetv2,stable,features_16,1775841028462.281,1775841028630.309,168.028,55.512,110.515,39.263,32937,5545,200.0,0,0,98.9
4264,mean_dynamic_mobilenetv2,stable,features_16,1775841028636.312,1775841028812.711,176.400,69.876,103.634,36.093,32937,5545,200.0,0,0,99.5
4265,mean_dynamic_mobilenetv2,stable,features_16,1775841028824.712,1775841029028.745,204.033,98.522,104.510,35.698,32937,5545,200.0,1,0,99.2
4266,mean_dynamic_mobilenetv2,stable,features_16,1775841029037.747,1775841029254.335,216.589,104.537,111.050,39.639,32937,5545,200.0,1,0,99.6
4267,mean_dynamic_mobilenetv2,stable,features_16,1775841029276.855,1775841029523.900,247.045,135.523,108.519,33.663,32937,5545,200.0,1,0,100.0
4268,mean_dynamic_mobilenetv2,stable,features_16,1775841029532.901,1775841029743.578,210.677,91.968,112.709,38.797,32937,5545,200.0,1,0,99.6
4269,mean_dynamic_mobilenetv2,stable,features_16,1775841029752.588,1775841029971.624,219.036,116.034,101.134,32.185,32937,5545,200.0,1,0,99.6
4270,mean_dynamic_mobilenetv2,stable,features_16,1775841029983.622,1775841030255.207,271.585,159.532,111.052,36.640,32937,5545,200.0,1,0,100.0
4271,mean_dynamic_mobilenetv2,stable,features_16,1775841030281.958,1775841030595.160,313.202,191.301,113.917,35.691,32937,5545,200.0,1,0,98.6
4272,mean_dynamic_mobilenetv2,stable,features_16,1775841030606.156,1775841030840.740,234.584,124.601,105.979,35.074,32937,5545,200.0,1,0,98.9
4273,mean_dynamic_mobilenetv2,stable,features_16,1775841030851.743,1775841031069.896,218.153,109.102,108.050,33.762,32937,5545,200.0,1,0,98.3
4274,mean_dynamic_mobilenetv2,stable,features_16,1775841031076.890,1775841031305.988,229.099,111.591,115.510,37.740,32937,5545,200.0,1,0,98.5
4275,mean_dynamic_mobilenetv2,stable,features_16,1775841031339.987,1775841031562.034,222.047,122.529,97.519,34.259,32937,5545,200.0,1,0,98.9
4276,mean_dynamic_mobilenetv2,stable,features_16,1775841031574.686,1775841031775.027,200.341,93.521,104.696,34.256,32937,5545,200.0,1,0,98.7
4277,mean_dynamic_mobilenetv2,stable,features_16,1775841031785.766,1775841031976.816,191.051,77.010,112.042,37.645,32937,5545,200.0,0,0,99.5
4278,mean_dynamic_mobilenetv2,stable,features_16,1775841031987.812,1775841032191.317,203.505,94.521,105.985,36.328,32937,5545,200.0,1,0,98.6
4279,mean_dynamic_mobilenetv2,stable,features_16,1775841032200.316,1775841032457.367,257.051,147.521,106.530,38.914,32937,5545,200.0,1,0,100.0
4280,mean_dynamic_mobilenetv2,stable,features_16,1775841032464.368,1775841032618.767,154.399,39.510,113.079,38.332,32937,5545,200.0,0,0,96.2
4281,mean_dynamic_mobilenetv2,stable,features_16,1775841032623.768,1775841032767.792,144.024,28.002,115.520,44.160,32937,5545,200.0,0,0,98.7
4282,mean_dynamic_mobilenetv2,stable,features_16,1775841032772.797,1775841032905.309,132.511,28.000,102.510,31.899,32937,5545,200.0,0,0,93.2
4283,mean_dynamic_mobilenetv2,stable,features_16,1775841032910.310,1775841033037.920,127.611,28.002,99.608,35.141,32937,5545,200.0,0,0,97.8
4284,mean_dynamic_mobilenetv2,stable,features_16,1775841033045.921,1775841033194.333,148.412,36.522,110.887,35.559,32937,5545,200.0,0,0,98.2
4285,mean_dynamic_mobilenetv2,stable,features_16,1775841033199.330,1775841033352.689,153.359,37.000,113.352,37.343,32937,5545,200.0,0,0,98.4
4286,mean_dynamic_mobilenetv2,stable,features_16,1775841033359.692,1775841033529.723,170.031,67.512,100.519,33.322,32937,5545,200.0,0,0,99.5
4287,mean_dynamic_mobilenetv2,stable,features_16,1775841033537.725,1775841033727.758,190.033,88.516,99.522,30.155,32937,5545,200.0,0,0,99.5
4288,mean_dynamic_mobilenetv2,stable,features_16,1775841033738.759,1775841033934.881,196.123,77.612,113.512,40.967,32937,5545,200.0,0,0,95.3
4289,mean_dynamic_mobilenetv2,stable,features_16,1775841033939.880,1775841034196.750,256.871,70.711,183.423,108.545,32937,5545,200.0,1,0,96.8
4290,mean_dynamic_mobilenetv2,stable,features_16,1775841034210.633,1775841034472.684,262.051,143.529,117.043,36.354,32937,5545,200.0,1,0,100.0
4291,mean_dynamic_mobilenetv2,stable,features_16,1775841034481.204,1775841034716.253,235.049,115.524,114.521,40.133,32937,5545,200.0,1,0,99.6
4292,mean_dynamic_mobilenetv2,stable,features_16,1775841034722.255,1775841034920.290,198.035,67.513,128.523,38.792,32937,5545,200.0,0,0,97.7
4293,mean_dynamic_mobilenetv2,stable,features_16,1775841034927.290,1775841035089.901,162.611,54.524,107.085,38.587,32937,5545,200.0,0,0,96.6
4294,mean_dynamic_mobilenetv2,stable,features_16,1775841035097.900,1775841035272.933,175.032,56.004,117.034,38.957,32937,5545,200.0,0,0,97.8
4295,mean_dynamic_mobilenetv2,stable,features_16,1775841035277.934,1775841035532.996,255.062,135.541,115.519,40.535,32937,5545,200.0,1,0,97.8
4296,mean_dynamic_mobilenetv2,stable,features_16,1775841035539.996,1775841035746.038,206.042,98.522,107.520,35.897,32937,5545,200.0,1,0,96.1
4297,mean_dynamic_mobilenetv2,stable,features_16,1775841035755.046,1775841035969.676,214.630,106.000,107.065,36.223,32937,5545,200.0,1,0,98.7
4298,mean_dynamic_mobilenetv2,stable,features_16,1775841035975.117,1775841036187.598,212.481,105.066,105.703,35.223,32937,5545,200.0,1,0,97.9
4299,mean_dynamic_mobilenetv2,stable,features_16,1775841036199.601,1775841036420.532,220.932,105.525,112.410,40.422,32937,5545,200.0,1,0,98.4
4300,mean_dynamic_mobilenetv2,stable,features_16,1775841036430.533,1775841036626.781,196.247,93.540,100.721,35.676,32937,5545,200.0,0,0,98.6
4301,mean_dynamic_mobilenetv2,stable,features_16,1775841036636.780,1775841036835.829,199.048,89.523,106.523,32.498,32937,5545,200.0,0,0,98.7
4302,mean_dynamic_mobilenetv2,stable,features_16,1775841036846.831,1775841037052.191,205.360,94.524,109.193,38.735,32937,5545,200.0,1,0,96.3
4303,mean_dynamic_mobilenetv2,stable,features_16,1775841037060.491,1775841037268.380,207.890,100.873,106.016,35.300,32937,5545,200.0,1,0,98.7
4304,mean_dynamic_mobilenetv2,stable,features_16,1775841037277.143,1775841037526.195,249.053,136.690,110.545,36.735,32937,5545,200.0,1,0,99.7
4305,mean_dynamic_mobilenetv2,stable,features_16,1775841037542.196,1775841037737.365,195.170,84.651,108.519,38.617,32937,5545,200.0,0,0,98.6
4306,mean_dynamic_mobilenetv2,stable,features_16,1775841037742.365,1775841037914.402,172.036,60.518,104.625,35.166,32937,5545,200.0,0,0,94.9
4307,mean_dynamic_mobilenetv2,stable,features_16,1775841037919.403,1775841038046.468,127.065,24.004,102.059,34.928,32937,5545,200.0,0,0,96.2
4308,mean_dynamic_mobilenetv2,stable,features_16,1775841038051.470,1775841038195.502,144.031,30.512,112.522,41.159,32937,5545,200.0,0,0,95.2
4309,mean_dynamic_mobilenetv2,stable,features_16,1775841038200.503,1775841038340.027,139.524,23.003,114.524,41.977,32937,5545,200.0,0,0,94.0
4310,mean_dynamic_mobilenetv2,stable,features_16,1775841038345.026,1775841038504.070,159.044,54.520,103.524,38.227,32937,5545,200.0,0,0,100.0
4311,mean_dynamic_mobilenetv2,stable,features_16,1775841038510.069,1775841038657.987,147.918,37.002,109.635,38.513,32937,5545,200.0,0,0,98.8
4312,mean_dynamic_mobilenetv2,stable,features_16,1775841038666.710,1775841038877.387,210.677,92.516,117.158,38.703,32937,5545,200.0,1,0,99.2
4313,mean_dynamic_mobilenetv2,stable,features_16,1775841038886.387,1775841039066.912,180.524,67.002,107.516,38.131,32937,5545,200.0,0,0,98.0
4314,mean_dynamic_mobilenetv2,stable,features_16,1775841039073.431,1775841039251.951,178.521,74.999,102.521,34.417,32937,5545,200.0,0,0,96.9
4315,mean_dynamic_mobilenetv2,stable,features_16,1775841039264.294,1775841039487.849,223.554,121.042,101.515,34.327,32937,5545,200.0,1,0,97.6
4316,mean_dynamic_mobilenetv2,stable,features_16,1775841039495.848,1775841039705.048,209.201,93.529,111.569,37.625,32937,5545,200.0,1,0,97.9
4317,mean_dynamic_mobilenetv2,stable,features_16,1775841039725.895,1775841039995.289,269.394,138.575,128.448,34.962,32937,5545,200.0,1,0,97.8
4318,mean_dynamic_mobilenetv2,stable,features_16,1775841040000.914,1775841040198.717,197.803,90.077,106.532,36.287,32937,5545,200.0,0,0,99.1
4319,mean_dynamic_mobilenetv2,stable,features_16,1775841040205.523,1775841040456.560,251.037,152.526,98.510,35.275,32937,5545,200.0,1,0,98.5
4320,mean_dynamic_mobilenetv2,stable,features_16,1775841040465.568,1775841040650.604,185.036,70.522,109.503,37.571,32937,5545,200.0,0,0,96.8
4321,mean_dynamic_mobilenetv2,stable,features_16,1775841040662.607,1775841040885.167,222.560,108.530,111.526,35.958,32937,5545,200.0,1,0,99.6
4322,mean_dynamic_mobilenetv2,stable,features_16,1775841040894.168,1775841041101.696,207.528,95.008,110.521,37.047,32937,5545,200.0,1,0,97.2
4323,mean_dynamic_mobilenetv2,stable,features_16,1775841041107.693,1775841041311.102,203.409,87.889,113.520,36.517,32937,5545,200.0,1,0,98.7
4324,mean_dynamic_mobilenetv2,stable,features_16,1775841041325.101,1775841041548.137,223.035,109.523,112.514,36.570,32937,5545,200.0,1,0,98.8
4325,mean_dynamic_mobilenetv2,stable,features_16,1775841041560.141,1775841041798.816,238.675,128.038,105.528,37.777,32937,5545,200.0,1,0,100.0
4326,mean_dynamic_mobilenetv2,stable,features_16,1775841041809.710,1775841042029.749,220.039,115.526,100.809,35.294,32937,5545,200.0,1,0,100.0
4327,mean_dynamic_mobilenetv2,stable,features_16,1775841042039.750,1775841042264.796,225.046,112.533,109.513,41.042,32937,5545,200.0,1,0,98.8
4328,mean_dynamic_mobilenetv2,stable,features_16,1775841042273.310,1775841042454.390,181.079,68.000,112.076,34.152,32937,5545,200.0,0,0,94.8
4329,mean_dynamic_mobilenetv2,stable,features_16,1775841042458.396,1775841042568.934,110.538,12.000,96.537,33.655,32937,5545,200.0,0,0,71.7
4330,mean_dynamic_mobilenetv2,stable,features_16,1775841042572.442,1775841042681.961,109.519,12.011,96.121,31.500,32937,5545,200.0,0,0,77.2
4331,mean_dynamic_mobilenetv2,stable,features_16,1775841042684.964,1775841042803.471,118.507,11.999,106.509,37.004,32937,5545,200.0,0,0,70.8
4332,mean_dynamic_mobilenetv2,stable,features_16,1775841042806.473,1775841042926.988,120.515,12.998,106.514,38.067,32937,5545,200.0,0,0,74.2
4333,mean_dynamic_mobilenetv2,stable,features_16,1775841042930.991,1775841043044.504,113.514,12.996,99.518,34.171,32937,5545,200.0,0,0,74.4
4334,mean_dynamic_mobilenetv2,stable,features_16,1775841043047.502,1775841043164.545,117.043,13.013,103.031,36.185,32937,5545,200.0,0,0,81.1
4335,mean_dynamic_mobilenetv2,stable,features_16,1775841043167.547,1775841043283.008,115.461,18.202,95.262,32.103,32937,5545,200.0,0,0,86.1
4336,mean_dynamic_mobilenetv2,stable,features_16,1775841043287.009,1775841043410.524,123.516,20.106,103.410,35.677,32937,5545,200.0,0,0,94.1
4337,mean_dynamic_mobilenetv2,stable,features_16,1775841043414.525,1775841043551.041,136.516,15.999,120.517,34.301,32937,5545,200.0,0,0,84.5
4338,mean_dynamic_mobilenetv2,stable,features_16,1775841043555.039,1775841043674.320,119.281,18.759,99.517,32.780,32937,5545,200.0,0,0,81.7
4339,mean_dynamic_mobilenetv2,stable,features_16,1775841043678.321,1775841043798.345,120.025,15.996,103.025,35.707,32937,5545,200.0,0,0,85.6
4340,mean_dynamic_mobilenetv2,stable,features_16,1775841043802.343,1775841043913.863,111.519,15.000,95.515,30.757,32937,5545,200.0,0,0,84.1
4341,mean_dynamic_mobilenetv2,stable,features_16,1775841043916.860,1775841044036.377,119.517,12.998,104.513,36.145,32937,5545,200.0,0,0,83.3
4342,mean_dynamic_mobilenetv2,stable,features_16,1775841044040.371,1775841044164.894,124.523,19.010,104.510,37.570,32937,5545,200.0,0,0,81.9
4343,mean_dynamic_mobilenetv2,stable,features_16,1775841044167.895,1775841044292.919,125.023,13.515,111.509,38.341,32937,5545,200.0,0,0,81.2
4344,mean_dynamic_mobilenetv2,stable,features_16,1775841044296.919,1775841044418.429,121.510,14.997,104.512,38.421,32937,5545,200.0,0,0,88.3
4345,mean_dynamic_mobilenetv2,stable,features_16,1775841044421.430,1775841044540.939,119.509,12.002,106.509,36.647,32937,5545,200.0,0,0,87.6
4346,mean_dynamic_mobilenetv2,stable,features_16,1775841044544.938,1775841044668.458,123.520,16.007,105.511,34.611,32937,5545,200.0,0,0,86.8
4347,mean_dynamic_mobilenetv2,stable,features_16,1775841044672.457,1775841044791.479,119.023,18.508,99.513,34.159,32937,5545,200.0,0,0,88.5
4348,mean_dynamic_mobilenetv2,stable,features_16,1775841044794.478,1775841044913.544,119.066,16.006,101.063,35.976,32937,5545,200.0,0,0,87.3
4349,mean_dynamic_mobilenetv2,stable,features_16,1775841044918.543,1775841045042.474,123.931,18.002,105.929,38.167,32937,5545,200.0,0,0,87.1
4350,mean_dynamic_mobilenetv2,stable,features_16,1775841045047.057,1775841045171.580,124.522,20.010,104.513,36.013,32937,5545,200.0,0,0,83.5
4351,mean_dynamic_mobilenetv2,stable,features_16,1775841045175.787,1775841045298.301,122.514,15.003,107.511,38.771,32937,5545,200.0,0,0,86.9
4352,mean_dynamic_mobilenetv2,stable,features_16,1775841045301.299,1775841045429.814,128.515,19.999,107.517,39.934,32937,5545,200.0,0,0,87.6
4353,mean_dynamic_mobilenetv2,stable,features_16,1775841045433.812,1775841045550.792,116.980,14.999,100.511,33.356,32937,5545,200.0,0,0,80.7
4354,mean_dynamic_mobilenetv2,stable,features_16,1775841045555.319,1775841045722.355,167.036,16.009,150.025,33.238,32937,5545,200.0,0,0,80.3
4355,mean_dynamic_mobilenetv2,stable,features_16,1775841045725.355,1775841045878.397,153.042,14.000,138.039,37.612,32937,5545,200.0,0,0,81.9
4356,mean_dynamic_mobilenetv2,stable,features_16,1775841045882.397,1775841046010.915,128.518,21.001,105.514,31.773,32937,5545,200.0,0,0,86.1
4357,mean_dynamic_mobilenetv2,stable,features_16,1775841046014.909,1775841046151.433,136.524,36.004,100.520,33.657,32937,5545,200.0,0,0,95.2
4358,mean_dynamic_mobilenetv2,stable,features_16,1775841046155.436,1775841046267.685,112.249,14.009,97.241,32.986,32937,5545,200.0,0,0,92.0
4359,mean_dynamic_mobilenetv2,stable,features_16,1775841046271.685,1775841046403.026,131.342,18.823,110.517,42.788,32937,5545,200.0,0,0,93.1
4360,mean_dynamic_mobilenetv2,stable,features_16,1775841046407.028,1775841046529.537,122.509,12.996,108.512,38.725,32937,5545,200.0,0,0,89.8
4361,mean_dynamic_mobilenetv2,stable,features_16,1775841046532.540,1775841046641.572,109.032,14.000,95.032,30.873,32937,5545,200.0,0,0,89.7
4362,mean_dynamic_mobilenetv2,stable,features_16,1775841046646.572,1775841046765.095,118.524,14.005,102.521,35.465,32937,5545,200.0,0,0,87.0
4363,mean_dynamic_mobilenetv2,stable,features_16,1775841046769.099,1775841046901.128,132.029,18.513,111.513,32.475,32937,5545,200.0,0,0,85.5
4364,mean_dynamic_mobilenetv2,stable,features_16,1775841046905.126,1775841047028.643,123.516,15.002,107.512,36.238,32937,5545,200.0,0,0,83.7
4365,mean_dynamic_mobilenetv2,stable,features_16,1775841047031.644,1775841047147.157,115.513,12.000,102.514,36.215,32937,5545,200.0,0,0,86.6
4366,mean_dynamic_mobilenetv2,stable,features_16,1775841047151.156,1775841047284.201,133.045,12.007,120.033,35.942,32937,5545,200.0,0,0,87.1
4367,mean_dynamic_mobilenetv2,stable,features_16,1775841047288.197,1775841047412.716,124.518,21.000,103.519,36.068,32937,5545,200.0,0,0,97.7
4368,mean_dynamic_mobilenetv2,stable,features_16,1775841047416.714,1775841047537.773,121.059,19.001,101.059,33.622,32937,5545,200.0,0,0,96.9
4369,mean_dynamic_mobilenetv2,stable,features_16,1775841047540.775,1775841047671.542,130.767,20.001,109.078,38.092,32937,5545,200.0,0,0,93.8
4370,mean_dynamic_mobilenetv2,stable,features_16,1775841047677.052,1775841047801.567,124.516,20.000,103.516,36.002,32937,5545,200.0,0,0,94.5
4371,mean_dynamic_mobilenetv2,stable,features_16,1775841047807.568,1775841047940.080,132.511,21.999,109.923,37.081,32937,5545,200.0,0,0,93.8
4372,mean_dynamic_mobilenetv2,stable,features_16,1775841047944.080,1775841048068.273,124.193,16.000,106.190,37.901,32937,5545,200.0,0,0,92.2
4373,mean_dynamic_mobilenetv2,stable,features_16,1775841048071.274,1775841048200.249,128.975,20.516,105.350,39.753,32937,5545,200.0,0,0,93.8
4374,mean_dynamic_mobilenetv2,stable,features_16,1775841048204.247,1775841048330.760,126.513,20.000,105.512,36.090,32937,5545,200.0,0,0,91.7
4375,mean_dynamic_mobilenetv2,stable,features_16,1775841048335.104,1775841048459.806,124.702,19.656,104.046,37.452,32937,5545,200.0,0,0,95.4
4376,mean_dynamic_mobilenetv2,stable,features_16,1775841048464.818,1775841048589.845,125.027,18.513,104.512,38.595,32937,5545,200.0,0,0,93.9
4377,mean_dynamic_mobilenetv2,stable,features_16,1775841048594.844,1775841048723.458,128.614,22.002,105.614,37.549,32937,5545,200.0,0,0,93.8
4378,mean_dynamic_mobilenetv2,stable,features_16,1775841048728.589,1775841048846.969,118.379,14.869,103.510,37.874,32937,5545,200.0,0,0,85.3
4379,mean_dynamic_mobilenetv2,stable,features_16,1775841048850.967,1775841048974.496,123.529,14.017,109.511,38.466,32937,5545,200.0,0,0,76.6
4380,mean_dynamic_mobilenetv2,stable,features_16,1775841048979.010,1775841049096.525,117.515,14.001,102.509,35.281,32937,5545,200.0,0,0,78.1
4381,mean_dynamic_mobilenetv2,stable,features_16,1775841049099.523,1775841049220.038,120.515,11.999,107.510,35.961,32937,5545,200.0,0,0,84.0
4382,mean_dynamic_mobilenetv2,stable,features_16,1775841049223.034,1775841049346.547,123.513,18.000,105.513,36.001,32937,5545,200.0,0,0,89.1
4383,mean_dynamic_mobilenetv2,stable,features_16,1775841049349.545,1775841049476.566,127.021,16.007,108.011,38.951,32937,5545,200.0,0,0,90.5
4384,mean_dynamic_mobilenetv2,stable,features_16,1775841049481.568,1775841049604.080,122.512,14.999,107.513,35.291,32937,5545,200.0,0,0,86.6
4385,mean_dynamic_mobilenetv2,stable,features_16,1775841049608.080,1775841049718.597,110.517,11.003,98.514,33.766,32937,5545,200.0,0,0,75.9
4386,mean_dynamic_mobilenetv2,stable,features_16,1775841049721.596,1775841049830.105,108.509,14.005,93.504,31.588,32937,5545,200.0,0,0,80.5
4387,mean_dynamic_mobilenetv2,stable,features_16,1775841049834.104,1775841049961.624,127.519,11.000,113.514,45.329,32937,5545,200.0,0,0,84.2
4388,mean_dynamic_mobilenetv2,stable,features_16,1775841049964.623,1775841050083.790,119.167,15.516,103.651,36.407,32937,5545,200.0,0,0,78.8
4389,mean_dynamic_mobilenetv2,stable,features_16,1775841050087.791,1775841050204.309,116.518,12.003,103.516,33.754,32937,5545,200.0,0,0,80.9
4390,mean_dynamic_mobilenetv2,stable,features_16,1775841050207.314,1775841050331.822,124.508,18.997,102.513,35.812,32937,5545,200.0,0,0,93.9
4391,mean_dynamic_mobilenetv2,stable,features_16,1775841050335.826,1775841050455.342,119.516,19.001,100.515,31.685,32937,5545,200.0,0,0,87.5
4392,mean_dynamic_mobilenetv2,stable,features_16,1775841050459.342,1775841050574.141,114.799,14.010,99.784,33.754,32937,5545,200.0,0,0,84.7
4393,mean_dynamic_mobilenetv2,stable,features_16,1775841050577.645,1775841050696.452,118.807,18.002,98.804,34.374,32937,5545,200.0,0,0,79.8
4394,mean_dynamic_mobilenetv2,stable,features_16,1775841050699.854,1775841050829.965,130.111,12.604,117.507,33.666,32937,5545,200.0,0,0,82.8
4395,mean_dynamic_mobilenetv2,stable,features_16,1775841050833.965,1775841050954.477,120.512,12.000,107.512,32.946,32937,5545,200.0,0,0,81.2
4396,mean_dynamic_mobilenetv2,stable,features_16,1775841050958.476,1775841051079.521,121.045,13.007,106.034,34.829,32937,5545,200.0,0,0,83.6
4397,mean_dynamic_mobilenetv2,stable,features_16,1775841051083.521,1775841051205.032,121.511,14.998,104.516,34.242,32937,5545,200.0,0,0,81.2
4398,mean_dynamic_mobilenetv2,stable,features_16,1775841051209.034,1775841051334.545,125.511,15.995,109.516,34.338,32937,5545,200.0,0,0,86.2
4399,mean_dynamic_mobilenetv2,stable,features_16,1775841051337.545,1775841052496.307,1158.763,13.998,1144.765,73.476,32937,5545,200.0,1,0,34.4
4400,mean_dynamic_mobilenetv2,stable,features_16,1775841052500.399,1775841052622.839,122.440,19.910,100.533,35.679,32937,5545,200.0,0,0,89.1
4401,mean_dynamic_mobilenetv2,stable,features_16,1775841052626.838,1775841052750.348,123.510,18.001,103.512,37.184,32937,5545,200.0,0,0,93.1
4402,mean_dynamic_mobilenetv2,stable,features_16,1775841052754.349,1775841052891.058,136.709,29.199,106.875,36.520,32937,5545,200.0,0,0,92.6
4403,mean_dynamic_mobilenetv2,stable,features_16,1775841052895.060,1775841053011.570,116.510,14.001,100.642,31.528,32937,5545,200.0,0,0,84.3
4404,mean_dynamic_mobilenetv2,stable,features_16,1775841053014.571,1775841053143.087,128.516,20.999,106.518,37.587,32937,5545,200.0,0,0,84.4
4405,mean_dynamic_mobilenetv2,stable,features_16,1775841053147.087,1775841053266.880,119.793,15.001,102.510,33.545,32937,5545,200.0,0,0,85.4
4406,mean_dynamic_mobilenetv2,stable,features_16,1775841053270.604,1775841053385.626,115.021,12.513,102.508,35.331,32937,5545,200.0,0,0,82.3
4407,mean_dynamic_mobilenetv2,stable,features_16,1775841053389.628,1775841053502.689,113.061,16.998,95.063,32.695,32937,5545,200.0,0,0,86.0
4408,mean_dynamic_mobilenetv2,stable,features_16,1775841053506.690,1775841053628.609,121.919,13.122,107.918,38.486,32937,5545,200.0,0,0,80.6
4409,mean_dynamic_mobilenetv2,stable,features_16,1775841053631.613,1775841053749.795,118.181,17.000,100.184,34.441,32937,5545,200.0,0,0,83.6
4410,mean_dynamic_mobilenetv2,stable,features_16,1775841053753.795,1775841053873.313,119.518,12.004,106.727,36.656,32937,5545,200.0,0,0,82.7
4411,mean_dynamic_mobilenetv2,stable,features_16,1775841053876.312,1775841053994.337,118.024,12.511,103.935,35.552,32937,5545,200.0,0,0,78.1
4412,mean_dynamic_mobilenetv2,stable,features_16,1775841053997.336,1775841054117.843,120.507,14.998,105.509,35.404,32937,5545,200.0,0,0,77.3
4413,mean_dynamic_mobilenetv2,stable,features_16,1775841054122.170,1775841054238.354,116.184,11.674,102.508,35.618,32937,5545,200.0,0,0,78.8
4414,mean_dynamic_mobilenetv2,stable,features_16,1775841054243.353,1775841054367.865,124.513,16.002,108.511,36.896,32937,5545,200.0,0,0,95.4
4415,mean_dynamic_mobilenetv2,stable,features_16,1775841054371.865,1775841054503.884,132.018,19.511,111.747,43.555,32937,5545,200.0,0,0,83.6
4416,mean_dynamic_mobilenetv2,stable,features_16,1775841054508.885,1775841054630.396,121.512,16.999,104.513,38.705,32937,5545,200.0,0,0,82.9
4417,mean_dynamic_mobilenetv2,stable,features_16,1775841054633.399,1775841054759.912,126.513,16.000,108.514,38.675,32937,5545,200.0,0,0,84.0
4418,mean_dynamic_mobilenetv2,stable,features_16,1775841054764.912,1775841054889.619,124.707,14.826,106.882,36.385,32937,5545,200.0,0,0,96.1
4419,mean_dynamic_mobilenetv2,stable,features_16,1775841054892.621,1775841055016.132,123.511,20.998,101.514,34.676,32937,5545,200.0,0,0,91.7
4420,mean_dynamic_mobilenetv2,stable,features_16,1775841055021.132,1775841055143.645,122.512,22.999,98.514,32.878,32937,5545,200.0,0,0,94.7
4421,mean_dynamic_mobilenetv2,stable,features_16,1775841055147.646,1775841055266.167,118.521,17.001,100.516,34.740,32937,5545,200.0,0,0,81.2
4422,mean_dynamic_mobilenetv2,stable,features_16,1775841055269.167,1775841055394.973,125.806,17.293,107.514,37.112,32937,5545,200.0,0,0,91.6
4423,mean_dynamic_mobilenetv2,stable,features_16,1775841055399.976,1775841055523.485,123.509,13.997,108.553,36.525,32937,5545,200.0,0,0,89.5
4424,mean_dynamic_mobilenetv2,stable,features_16,1775841055528.484,1775841055645.839,117.355,16.000,100.354,33.538,32937,5545,200.0,0,0,86.3
4425,mean_dynamic_mobilenetv2,stable,features_16,1775841055649.841,1775841055771.363,121.522,17.009,103.511,37.503,32937,5545,200.0,0,0,87.6
4426,mean_dynamic_mobilenetv2,stable,features_16,1775841055776.363,1775841055899.536,123.173,20.119,103.054,37.018,32937,5545,200.0,0,0,86.1
4427,mean_dynamic_mobilenetv2,stable,features_16,1775841055903.537,1775841056020.060,116.523,15.001,98.512,35.052,32937,5545,200.0,0,0,87.6
4428,mean_dynamic_mobilenetv2,stable,features_16,1775841056023.051,1775841056145.565,122.514,20.000,101.514,34.407,32937,5545,200.0,0,0,89.3
4429,mean_dynamic_mobilenetv2,stable,features_16,1775841056149.566,1775841056274.085,124.520,19.006,104.515,36.181,32937,5545,200.0,0,0,89.0
4430,mean_dynamic_mobilenetv2,stable,features_16,1775841056277.089,1775841056401.113,124.024,18.006,104.511,33.759,32937,5545,200.0,0,0,85.2
4431,mean_dynamic_mobilenetv2,stable,features_16,1775841056405.112,1775841056515.620,110.509,11.003,99.506,31.684,32937,5545,200.0,0,0,80.2
4432,mean_dynamic_mobilenetv2,stable,features_16,1775841056518.621,1775841056632.187,113.566,15.002,96.565,30.661,32937,5545,200.0,0,0,82.6
4433,mean_dynamic_mobilenetv2,stable,features_16,1775841056636.188,1775841056749.703,113.515,17.001,96.514,30.918,32937,5545,200.0,0,0,86.3
4434,mean_dynamic_mobilenetv2,stable,features_16,1775841056752.705,1775841056868.215,115.510,12.188,102.508,35.338,32937,5545,200.0,0,0,75.4
4435,mean_dynamic_mobilenetv2,stable,features_16,1775841056872.217,1775841057001.238,129.021,10.512,118.508,34.032,32937,5545,200.0,0,0,76.0
4436,mean_dynamic_mobilenetv2,stable,features_16,1775841057005.240,1775841057162.748,157.509,12.999,143.509,36.453,32937,5545,200.0,0,0,79.4
4437,mean_dynamic_mobilenetv2,stable,features_16,1775841057165.753,1775841057297.316,131.563,11.000,119.021,33.270,32937,5545,200.0,0,0,82.6
4438,mean_dynamic_mobilenetv2,stable,features_16,1775841057300.773,1775841057425.314,124.541,23.001,101.539,36.174,32937,5545,200.0,0,0,96.2
4439,mean_dynamic_mobilenetv2,stable,features_16,1775841057445.314,1775841057606.349,161.035,53.520,105.516,36.005,32937,5545,200.0,0,0,96.4
4440,mean_dynamic_mobilenetv2,stable,features_16,1775841057611.348,1775841057750.862,139.514,19.001,118.514,34.597,32937,5545,200.0,0,0,93.1
4441,mean_dynamic_mobilenetv2,stable,features_16,1775841057754.863,1775841057874.755,119.892,17.004,102.888,34.575,32937,5545,200.0,0,0,97.0
4442,mean_dynamic_mobilenetv2,stable,features_16,1775841057880.269,1775841058014.780,134.511,18.000,114.512,50.053,32937,5545,200.0,0,0,92.9
4443,mean_dynamic_mobilenetv2,stable,features_16,1775841058018.780,1775841058145.290,126.509,23.000,102.510,35.712,32937,5545,200.0,0,0,93.2
4444,mean_dynamic_mobilenetv2,stable,features_16,1775841058149.290,1775841058270.807,121.517,16.006,105.511,35.856,32937,5545,200.0,0,0,82.2
4445,mean_dynamic_mobilenetv2,stable,features_16,1775841058274.807,1775841058395.836,121.029,18.516,102.513,34.140,32937,5545,200.0,0,0,91.5
4446,mean_dynamic_mobilenetv2,stable,features_16,1775841058399.834,1775841058529.351,129.517,19.004,108.512,36.031,32937,5545,200.0,0,0,84.8
4447,mean_dynamic_mobilenetv2,stable,features_16,1775841058533.352,1775841058652.866,119.514,17.002,100.514,34.619,32937,5545,200.0,0,0,84.7
4448,mean_dynamic_mobilenetv2,stable,features_16,1775841058656.866,1775841058777.386,120.521,19.005,100.516,33.620,32937,5545,200.0,0,0,85.2
4449,mean_dynamic_mobilenetv2,stable,features_16,1775841058781.898,1775841058896.410,114.512,13.999,99.514,33.703,32937,5545,200.0,0,0,89.4
4450,mean_dynamic_mobilenetv2,stable,features_16,1775841058900.410,1775841059024.919,124.509,19.000,105.058,33.599,32937,5545,200.0,0,0,87.2
4451,mean_dynamic_mobilenetv2,stable,features_16,1775841059027.921,1775841059147.785,119.864,15.007,103.504,35.367,32937,5545,200.0,0,0,89.7
4452,mean_dynamic_mobilenetv2,stable,features_16,1775841059151.433,1775841059290.586,139.154,21.004,117.294,36.285,32937,5545,200.0,0,0,85.2
4453,mean_dynamic_mobilenetv2,stable,features_16,1775841059293.584,1775841059425.607,132.023,22.998,107.026,33.684,32937,5545,200.0,0,0,93.1
4454,mean_dynamic_mobilenetv2,stable,features_16,1775841059429.610,1775841059555.735,126.125,21.000,104.124,39.505,32937,5545,200.0,0,0,88.2
4455,mean_dynamic_mobilenetv2,stable,features_16,1775841059560.735,1775841059673.184,112.449,13.007,98.444,32.691,32937,5545,200.0,0,0,90.5
4456,mean_dynamic_mobilenetv2,stable,features_16,1775841059676.188,1775841059799.561,123.373,14.512,108.860,39.230,32937,5545,200.0,0,0,83.6
4457,mean_dynamic_mobilenetv2,stable,features_16,1775841059803.561,1775841059923.428,119.867,14.001,105.866,37.546,32937,5545,200.0,0,0,91.5
4458,mean_dynamic_mobilenetv2,stable,features_16,1775841059927.428,1775841060048.949,121.521,20.002,101.519,34.277,32937,5545,200.0,0,0,96.2
4459,mean_dynamic_mobilenetv2,stable,features_16,1775841060053.948,1775841060190.247,136.299,26.786,109.513,38.565,32937,5545,200.0,0,0,98.0
4460,mean_dynamic_mobilenetv2,stable,features_16,1775841060194.247,1775841060320.755,126.508,22.002,102.506,34.824,32937,5545,200.0,0,0,90.2
4461,mean_dynamic_mobilenetv2,stable,features_16,1775841060324.756,1775841060459.274,134.518,16.000,118.518,44.307,32937,5545,200.0,0,0,86.8
4462,mean_dynamic_mobilenetv2,stable,features_16,1775841060463.273,1775841060574.798,111.525,14.006,97.520,34.264,32937,5545,200.0,0,0,84.5
4463,mean_dynamic_mobilenetv2,stable,features_16,1775841060578.799,1775841060696.466,117.667,13.516,103.151,34.984,32937,5545,200.0,0,0,83.6
4464,mean_dynamic_mobilenetv2,stable,features_16,1775841060701.467,1775841060823.973,122.506,14.999,106.506,37.366,32937,5545,200.0,0,0,82.2
4465,mean_dynamic_mobilenetv2,stable,features_16,1775841060827.975,1775841060943.487,115.512,15.999,97.509,31.269,32937,5545,200.0,0,0,84.3
4466,mean_dynamic_mobilenetv2,stable,features_16,1775841060946.485,1775841061061.991,115.506,11.002,103.503,36.356,32937,5545,200.0,0,0,79.1
4467,mean_dynamic_mobilenetv2,stable,features_16,1775841061066.003,1775841061182.060,116.058,10.997,102.017,35.342,32937,5545,200.0,0,0,78.3
4468,mean_dynamic_mobilenetv2,stable,features_16,1775841061186.023,1775841061301.609,115.586,15.003,100.583,34.206,32937,5545,200.0,0,0,82.1
4469,mean_dynamic_mobilenetv2,stable,features_16,1775841061305.531,1775841061442.044,136.513,19.001,115.514,36.721,32937,5545,200.0,0,0,91.0
4470,mean_dynamic_mobilenetv2,stable,features_16,1775841061446.043,1775841061575.555,129.512,18.001,111.511,36.708,32937,5545,200.0,0,0,89.7
4471,mean_dynamic_mobilenetv2,stable,features_16,1775841061580.059,1775841061697.580,117.521,14.009,102.512,37.258,32937,5545,200.0,0,0,85.2
4472,mean_dynamic_mobilenetv2,stable,features_16,1775841061700.580,1775841061816.093,115.513,14.004,101.509,33.547,32937,5545,200.0,0,0,86.7
4473,mean_dynamic_mobilenetv2,stable,features_16,1775841061820.093,1775841061942.614,122.520,13.003,108.517,37.317,32937,5545,200.0,0,0,82.0
4474,mean_dynamic_mobilenetv2,stable,features_16,1775841061946.616,1775841062058.126,111.510,13.998,96.512,31.022,32937,5545,200.0,0,0,82.0
4475,mean_dynamic_mobilenetv2,stable,features_16,1775841062062.128,1775841062173.644,111.517,15.006,94.510,31.856,32937,5545,200.0,0,0,81.2
4476,mean_dynamic_mobilenetv2,stable,features_16,1775841062177.643,1775841062295.671,118.027,17.514,97.514,32.040,32937,5545,200.0,0,0,91.6
4477,mean_dynamic_mobilenetv2,stable,features_16,1775841062300.671,1775841062432.187,131.516,28.000,101.517,32.914,32937,5545,200.0,0,0,97.9
4478,mean_dynamic_mobilenetv2,stable,features_16,1775841062436.188,1775841062562.727,126.539,21.000,103.859,34.765,32937,5545,200.0,0,0,92.2
4479,mean_dynamic_mobilenetv2,stable,features_16,1775841062567.734,1775841062686.757,119.024,21.510,95.512,30.456,32937,5545,200.0,0,0,94.7
4480,mean_dynamic_mobilenetv2,stable,features_16,1775841062690.757,1775841062808.273,117.515,15.999,99.516,33.668,32937,5545,200.0,0,0,93.1
4481,mean_dynamic_mobilenetv2,stable,features_16,1775841062812.272,1775841063005.297,193.025,20.000,170.027,36.186,32937,5545,200.0,0,0,93.9
4482,mean_dynamic_mobilenetv2,stable,features_16,1775841063009.298,1775841063128.434,119.136,16.001,102.134,33.169,32937,5545,200.0,0,0,92.4
4483,mean_dynamic_mobilenetv2,stable,features_16,1775841063132.435,1775841063248.952,116.518,17.002,98.516,34.305,32937,5545,200.0,0,0,92.4
4484,mean_dynamic_mobilenetv2,stable,features_16,1775841063252.952,1775841063370.779,117.826,18.008,98.828,32.483,32937,5545,200.0,0,0,90.0
4485,mean_dynamic_mobilenetv2,stable,features_16,1775841063374.778,1775841063498.805,124.026,23.514,99.510,34.136,32937,5545,200.0,0,0,83.7
4486,mean_dynamic_mobilenetv2,stable,features_16,1775841063501.807,1775841063621.315,119.508,15.998,102.511,34.074,32937,5545,200.0,0,0,88.4
4487,mean_dynamic_mobilenetv2,stable,features_16,1775841063626.317,1775841063746.828,120.511,17.999,102.511,33.366,32937,5545,200.0,0,0,88.3
4488,mean_dynamic_mobilenetv2,stable,features_16,1775841063750.831,1775841063878.740,127.909,25.003,100.002,32.922,32937,5545,200.0,0,0,90.0
4489,mean_dynamic_mobilenetv2,stable,features_16,1775841063882.251,1775841064001.764,119.513,20.000,97.511,32.346,32937,5545,200.0,0,0,92.5
4490,mean_dynamic_mobilenetv2,stable,features_16,1775841064005.763,1775841064131.278,125.515,20.001,104.514,33.241,32937,5545,200.0,0,0,93.1
4491,mean_dynamic_mobilenetv2,stable,features_16,1775841064135.278,1775841064257.790,122.512,21.001,101.511,36.132,32937,5545,200.0,0,0,82.4
4492,mean_dynamic_mobilenetv2,stable,features_16,1775841064261.794,1775841064384.821,123.027,18.004,105.023,35.236,32937,5545,200.0,0,0,80.3
4493,mean_dynamic_mobilenetv2,stable,features_16,1775841064388.820,1775841064509.339,120.519,17.002,103.517,37.986,32937,5545,200.0,0,0,86.6
4494,mean_dynamic_mobilenetv2,stable,features_16,1775841064513.340,1775841064623.853,110.513,13.003,97.509,31.595,32937,5545,200.0,0,0,82.9
4495,mean_dynamic_mobilenetv2,stable,features_16,1775841064627.853,1775841064751.366,123.513,19.003,103.510,37.301,32937,5545,200.0,0,0,80.2
4496,mean_dynamic_mobilenetv2,stable,features_16,1775841064755.370,1775841064876.888,121.519,15.005,105.513,33.573,32937,5545,200.0,0,0,78.9
4497,mean_dynamic_mobilenetv2,stable,features_16,1775841064880.889,1775841064993.913,113.024,13.510,99.514,36.327,32937,5545,200.0,0,0,79.7
4498,mean_dynamic_mobilenetv2,stable,features_16,1775841064997.912,1775841065109.422,111.511,15.002,94.511,32.514,32937,5545,200.0,0,0,79.5
4499,mean_dynamic_mobilenetv2,stable,features_16,1775841065112.424,1775841065232.943,120.520,13.001,105.520,35.542,32937,5545,200.0,0,0,78.9
4500,mean_dynamic_mobilenetv2,stable,features_16,1775841065236.941,1775841065357.451,120.511,17.000,101.510,34.828,32937,5545,200.0,0,0,87.8
4501,mean_dynamic_mobilenetv2,stable,features_16,1775841065360.449,1775841065478.052,117.602,17.021,98.580,31.157,32937,5545,200.0,0,0,85.2
4502,mean_dynamic_mobilenetv2,stable,features_16,1775841065482.563,1775841065596.071,113.508,11.252,100.256,33.016,32937,5545,200.0,0,0,81.4
4503,mean_dynamic_mobilenetv2,stable,features_16,1775841065599.072,1775841065733.588,134.517,19.000,115.516,45.747,32937,5545,200.0,0,0,83.3
4504,mean_dynamic_mobilenetv2,stable,features_16,1775841065738.586,1775841065856.099,117.513,17.002,98.509,34.372,32937,5545,200.0,0,0,85.2
4505,mean_dynamic_mobilenetv2,stable,features_16,1775841065860.099,1775841065977.615,117.517,18.005,98.512,33.345,32937,5545,200.0,0,0,82.8
4506,mean_dynamic_mobilenetv2,stable,features_16,1775841065981.152,1775841066099.674,118.521,17.007,100.514,33.091,32937,5545,200.0,0,0,83.0
4507,mean_dynamic_mobilenetv2,stable,features_16,1775841066102.672,1775841066221.183,118.511,18.002,100.509,34.714,32937,5545,200.0,0,0,84.5
4508,mean_dynamic_mobilenetv2,stable,features_16,1775841066225.183,1775841066340.695,115.512,13.118,101.512,35.479,32937,5545,200.0,0,0,87.0
4509,mean_dynamic_mobilenetv2,stable,features_16,1775841066344.695,1775841066465.208,120.513,18.000,100.511,35.568,32937,5545,200.0,0,0,87.4
4510,mean_dynamic_mobilenetv2,stable,features_16,1775841066469.216,1775841066589.372,120.156,20.164,99.992,35.412,32937,5545,200.0,0,0,93.0
4511,mean_dynamic_mobilenetv2,stable,features_16,1775841066594.378,1775841066719.891,125.513,14.000,110.512,40.889,32937,5545,200.0,0,0,92.3
4512,mean_dynamic_mobilenetv2,stable,features_16,1775841066724.890,1775841066860.406,135.516,23.000,112.516,37.895,32937,5545,200.0,0,0,95.9
4513,mean_dynamic_mobilenetv2,stable,features_16,1775841066866.406,1775841066998.436,132.031,22.515,107.990,38.309,32937,5545,200.0,0,0,95.9
4514,mean_dynamic_mobilenetv2,stable,features_16,1775841067002.438,1775841067135.949,133.511,20.999,109.512,39.340,32937,5545,200.0,0,0,95.3
4515,mean_dynamic_mobilenetv2,stable,features_16,1775841067140.949,1775841067276.472,135.523,29.007,105.513,37.887,32937,5545,200.0,0,0,90.5
4516,mean_dynamic_mobilenetv2,stable,features_16,1775841067279.469,1775841067400.496,121.027,18.510,99.515,35.434,32937,5545,200.0,0,0,93.9
4517,mean_dynamic_mobilenetv2,stable,features_16,1775841067405.494,1775841067524.008,118.514,18.000,99.511,32.058,32937,5545,200.0,0,0,82.4
4518,mean_dynamic_mobilenetv2,stable,features_16,1775841067527.005,1775841067650.520,123.514,14.003,108.507,38.358,32937,5545,200.0,0,0,80.0
4519,mean_dynamic_mobilenetv2,stable,features_16,1775841067678.521,1775841067795.542,117.020,14.511,100.505,36.254,32937,5545,200.0,0,0,82.6
4520,mean_dynamic_mobilenetv2,stable,features_16,1775841067800.541,1775841067918.052,117.510,18.001,99.509,36.752,32937,5545,200.0,0,0,80.6
4521,mean_dynamic_mobilenetv2,stable,features_16,1775841067922.053,1775841068046.563,124.510,15.001,108.509,42.414,32937,5545,200.0,0,0,78.1
4522,mean_dynamic_mobilenetv2,stable,features_16,1775841068049.563,1775841068174.077,124.515,14.001,110.513,35.895,32937,5545,200.0,0,0,83.2
4523,mean_dynamic_mobilenetv2,stable,features_16,1775841068178.076,1775841068297.103,119.026,15.521,100.504,35.547,32937,5545,200.0,0,0,80.8
4524,mean_dynamic_mobilenetv2,stable,features_16,1775841068301.104,1775841068424.751,123.647,22.999,98.648,33.831,32937,5545,200.0,0,0,89.8
4525,mean_dynamic_mobilenetv2,stable,features_16,1775841068428.750,1775841068558.268,129.518,18.001,110.670,42.823,32937,5545,200.0,0,0,89.9
4526,mean_dynamic_mobilenetv2,stable,features_16,1775841068563.269,1775841068781.812,218.542,62.523,153.517,38.741,32937,5545,200.0,1,0,94.8
4527,mean_dynamic_mobilenetv2,stable,features_16,1775841068785.817,1775841068905.326,119.508,12.998,105.510,34.364,32937,5545,200.0,0,0,92.4
4528,mean_dynamic_mobilenetv2,stable,features_16,1775841068909.326,1775841069025.838,116.512,12.001,103.510,39.973,32937,5545,200.0,0,0,93.3
4529,mean_dynamic_mobilenetv2,stable,features_16,1775841069029.837,1775841069157.352,127.516,20.000,105.515,38.522,32937,5545,200.0,0,0,91.0
4530,mean_dynamic_mobilenetv2,stable,features_16,1775841069161.351,1775841069284.387,123.036,18.005,103.380,35.653,32937,5545,200.0,0,0,85.4
4531,mean_dynamic_mobilenetv2,stable,features_16,1775841069288.387,1775841069407.898,119.511,16.998,101.941,34.648,32937,5545,200.0,0,0,93.0
4532,mean_dynamic_mobilenetv2,stable,features_16,1775841069412.898,1775841069533.417,120.519,18.000,102.519,33.998,32937,5545,200.0,0,0,89.2
4533,mean_dynamic_mobilenetv2,stable,features_16,1775841069538.417,1775841069687.450,149.032,15.001,133.032,37.711,32937,5545,200.0,0,0,86.9
4534,mean_dynamic_mobilenetv2,stable,features_16,1775841069691.451,1775841069813.961,122.510,18.999,103.511,35.188,32937,5545,200.0,0,0,91.5
4535,mean_dynamic_mobilenetv2,stable,features_16,1775841069819.961,1775841069944.483,124.521,18.000,105.521,38.040,32937,5545,200.0,0,0,95.3
4536,mean_dynamic_mobilenetv2,stable,features_16,1775841069948.481,1775841070069.002,120.521,19.012,99.509,33.583,32937,5545,200.0,0,0,91.5
4537,mean_dynamic_mobilenetv2,stable,features_16,1775841070072.002,1775841070203.033,131.031,20.519,108.511,39.918,32937,5545,200.0,0,0,89.7
4538,mean_dynamic_mobilenetv2,stable,features_16,1775841070207.032,1775841070330.203,123.171,16.000,107.171,38.889,32937,5545,200.0,0,0,93.9
4539,mean_dynamic_mobilenetv2,stable,features_16,1775841070334.184,1775841070465.490,131.305,26.001,104.304,37.938,32937,5545,200.0,0,0,97.3
4540,mean_dynamic_mobilenetv2,stable,features_16,1775841070469.497,1775841070607.524,138.027,16.510,120.516,45.233,32937,5545,200.0,0,0,87.9
4541,mean_dynamic_mobilenetv2,stable,features_16,1775841070611.522,1775841070737.036,125.514,18.001,106.515,38.667,32937,5545,200.0,0,0,93.1
4542,mean_dynamic_mobilenetv2,stable,features_16,1775841070741.036,1775841070879.675,138.639,29.001,108.638,38.320,32937,5545,200.0,0,0,96.1
4543,mean_dynamic_mobilenetv2,stable,features_16,1775841070884.059,1775841071018.570,134.511,23.034,109.508,38.777,32937,5545,200.0,0,0,87.5
4544,mean_dynamic_mobilenetv2,stable,features_16,1775841071021.569,1775841071151.639,130.071,18.999,107.071,39.610,32937,5545,200.0,0,0,89.7
4545,mean_dynamic_mobilenetv2,stable,features_16,1775841071154.642,1775841071280.157,125.515,18.004,106.619,37.519,32937,5545,200.0,0,0,91.6
4546,mean_dynamic_mobilenetv2,stable,features_16,1775841071283.666,1775841071416.179,132.513,25.000,106.512,38.009,32937,5545,200.0,0,0,100.0
4547,mean_dynamic_mobilenetv2,stable,features_16,1775841071421.179,1775841071551.693,130.513,21.001,108.554,40.695,32937,5545,200.0,0,0,91.5
4548,mean_dynamic_mobilenetv2,stable,features_16,1775841071555.693,1775841071681.916,126.223,21.007,104.215,36.405,32937,5545,200.0,0,0,93.2
4549,mean_dynamic_mobilenetv2,stable,features_16,1775841071685.421,1775841071824.936,139.514,23.000,113.514,34.931,32937,5545,200.0,0,0,95.2
4550,mean_dynamic_mobilenetv2,stable,features_16,1775841071828.935,1775841071964.451,135.516,30.000,104.516,36.724,32937,5545,200.0,0,0,95.9
4551,mean_dynamic_mobilenetv2,stable,features_16,1775841071969.453,1775841072097.046,127.592,15.510,110.423,39.265,32937,5545,200.0,0,0,86.9
4552,mean_dynamic_mobilenetv2,stable,features_16,1775841072100.045,1775841072221.559,121.514,19.001,100.514,35.054,32937,5545,200.0,0,0,85.4
4553,mean_dynamic_mobilenetv2,stable,features_16,1775841072225.561,1775841072344.072,118.511,15.998,101.926,35.052,32937,5545,200.0,0,0,93.9
4554,mean_dynamic_mobilenetv2,stable,features_16,1775841072348.073,1775841072467.146,119.073,18.000,100.070,33.161,32937,5545,200.0,0,0,92.5
4555,mean_dynamic_mobilenetv2,stable,features_16,1775841072471.149,1775841072589.189,118.040,14.513,103.527,37.221,32937,5545,200.0,0,0,89.3
4556,mean_dynamic_mobilenetv2,stable,features_16,1775841072593.190,1775841072719.645,126.456,18.000,107.676,38.763,32937,5545,200.0,0,0,86.8
4557,mean_dynamic_mobilenetv2,stable,features_16,1775841072722.646,1775841072839.315,116.669,16.000,98.669,32.509,32937,5545,200.0,0,0,93.1
4558,mean_dynamic_mobilenetv2,stable,features_16,1775841072844.314,1775841072976.072,131.758,24.243,105.510,36.148,32937,5545,200.0,0,0,94.7
4559,mean_dynamic_mobilenetv2,stable,features_16,1775841072981.076,1775841073104.098,123.021,21.506,100.514,32.630,32937,5545,200.0,0,0,91.0
4560,mean_dynamic_mobilenetv2,stable,features_16,1775841073108.097,1775841073229.605,121.508,21.999,97.509,31.558,32937,5545,200.0,0,0,90.7
4561,mean_dynamic_mobilenetv2,stable,features_16,1775841073233.605,1775841073359.656,126.051,28.000,98.051,31.519,32937,5545,200.0,0,0,90.0
4562,mean_dynamic_mobilenetv2,stable,features_16,1775841073363.657,1775841073486.689,123.031,23.514,99.517,32.293,32937,5545,200.0,0,0,94.0
4563,mean_dynamic_mobilenetv2,stable,features_16,1775841073491.687,1775841073619.907,128.220,23.124,103.577,36.592,32937,5545,200.0,0,0,93.8
4564,mean_dynamic_mobilenetv2,stable,features_16,1775841073623.904,1775841073743.416,119.512,21.001,98.511,30.059,32937,5545,200.0,0,0,94.7
4565,mean_dynamic_mobilenetv2,stable,features_16,1775841073747.416,1775841073872.055,124.639,19.000,102.635,34.926,32937,5545,200.0,0,0,96.9
4566,mean_dynamic_mobilenetv2,stable,features_16,1775841073876.056,1775841074016.088,140.032,29.517,109.516,38.176,32937,5545,200.0,0,0,98.0
4567,mean_dynamic_mobilenetv2,stable,features_16,1775841074021.091,1775841074162.609,141.517,34.000,106.708,37.756,32937,5545,200.0,0,0,97.3
4568,mean_dynamic_mobilenetv2,stable,features_16,1775841074167.608,1775841074304.668,137.060,28.533,107.525,31.377,32937,5545,200.0,0,0,98.6
4569,mean_dynamic_mobilenetv2,stable,features_16,1775841074307.668,1775841074487.701,180.032,24.998,153.038,85.807,32937,5545,200.0,0,0,94.4
4570,mean_dynamic_mobilenetv2,stable,features_16,1775841074490.702,1775841074619.217,128.515,21.999,105.681,34.491,32937,5545,200.0,0,0,95.2
4571,mean_dynamic_mobilenetv2,stable,features_16,1775841074623.216,1775841074767.732,144.516,22.000,122.516,36.423,32937,5545,200.0,0,0,91.9
4572,mean_dynamic_mobilenetv2,stable,features_16,1775841074772.113,1775841074922.010,149.898,25.515,120.380,46.071,32937,5545,200.0,0,0,94.5
4573,mean_dynamic_mobilenetv2,stable,features_16,1775841074926.009,1775841075049.068,123.059,24.000,98.492,33.143,32937,5545,200.0,0,0,93.9
4574,mean_dynamic_mobilenetv2,stable,features_16,1775841075054.065,1775841075185.129,131.063,27.006,102.125,35.266,32937,5545,200.0,0,0,95.9
4575,mean_dynamic_mobilenetv2,stable,features_16,1775841075189.643,1775841075314.158,124.515,26.000,97.517,31.139,32937,5545,200.0,0,0,94.8
4576,mean_dynamic_mobilenetv2,stable,features_16,1775841075320.159,1775841075464.433,144.274,38.000,104.273,31.642,32937,5545,200.0,0,0,99.4
4577,mean_dynamic_mobilenetv2,stable,features_16,1775841075469.432,1775841075595.385,125.953,21.199,104.754,37.268,32937,5545,200.0,0,0,96.9
4578,mean_dynamic_mobilenetv2,stable,features_16,1775841075599.705,1775841075718.901,119.196,20.681,96.514,33.274,32937,5545,200.0,0,0,91.5
4579,mean_dynamic_mobilenetv2,stable,features_16,1775841075722.901,1775841075848.415,125.514,21.001,102.840,34.709,32937,5545,200.0,0,0,96.9
4580,mean_dynamic_mobilenetv2,stable,features_16,1775841075853.416,1775841075980.940,127.524,24.005,102.738,34.751,32937,5545,200.0,0,0,94.5
4581,mean_dynamic_mobilenetv2,stable,features_16,1775841075984.941,1775841076102.961,118.020,15.507,101.515,33.846,32937,5545,200.0,0,0,86.8
4582,mean_dynamic_mobilenetv2,stable,features_16,1775841076106.961,1775841076220.468,113.507,15.000,97.507,31.937,32937,5545,200.0,0,0,92.2
4583,mean_dynamic_mobilenetv2,stable,features_16,1775841076224.468,1775841076337.985,113.517,12.002,99.918,32.658,32937,5545,200.0,0,0,75.0
4584,mean_dynamic_mobilenetv2,stable,features_16,1775841076341.987,1775841076459.494,117.508,16.999,100.072,32.891,32937,5545,200.0,0,0,79.8
4585,mean_dynamic_mobilenetv2,stable,features_16,1775841076464.495,1775841076578.014,113.519,12.009,100.509,34.137,32937,5545,200.0,0,0,73.6
4586,mean_dynamic_mobilenetv2,stable,features_16,1775841076581.017,1775841076700.053,119.036,15.515,102.519,36.684,32937,5545,200.0,0,0,76.2
4587,mean_dynamic_mobilenetv2,stable,features_16,1775841076704.232,1775841076822.569,118.338,14.822,102.513,36.338,32937,5545,200.0,0,0,73.6
4588,mean_dynamic_mobilenetv2,stable,features_16,1775841076825.570,1775841076949.082,123.511,13.998,107.513,35.912,32937,5545,200.0,0,0,80.5
4589,mean_dynamic_mobilenetv2,stable,features_16,1775841076953.082,1775841077074.468,121.386,11.002,109.383,35.768,32937,5545,200.0,0,0,81.1
4590,mean_dynamic_mobilenetv2,stable,features_16,1775841077078.463,1775841077200.503,122.040,13.523,106.510,39.706,32937,5545,200.0,0,0,80.3
4591,mean_dynamic_mobilenetv2,stable,features_16,1775841077203.497,1775841077326.015,122.518,16.002,104.509,35.951,32937,5545,200.0,0,0,84.5
4592,mean_dynamic_mobilenetv2,stable,features_16,1775841077329.008,1775841077444.517,115.509,17.000,96.509,30.433,32937,5545,200.0,0,0,93.8
4593,mean_dynamic_mobilenetv2,stable,features_16,1775841077447.517,1775841077560.027,112.510,13.001,98.509,32.977,32937,5545,200.0,0,0,85.8
4594,mean_dynamic_mobilenetv2,stable,features_16,1775841077565.029,1775841077683.546,118.516,16.005,101.510,35.616,32937,5545,200.0,0,0,90.8
4595,mean_dynamic_mobilenetv2,stable,features_16,1775841077688.139,1775841077817.649,129.511,22.001,106.510,37.191,32937,5545,200.0,0,0,86.2
4596,mean_dynamic_mobilenetv2,stable,features_16,1775841077822.649,1775841077941.160,118.512,14.004,104.508,37.523,32937,5545,200.0,0,0,89.1
4597,mean_dynamic_mobilenetv2,stable,features_16,1775841077945.165,1775841078060.672,115.507,14.997,98.509,34.424,32937,5545,200.0,0,0,82.7
4598,mean_dynamic_mobilenetv2,stable,features_16,1775841078065.671,1775841078190.698,125.027,15.008,110.019,37.512,32937,5545,200.0,0,0,86.0
4599,mean_dynamic_mobilenetv2,stable,features_16,1775841078195.700,1775841078321.208,125.507,17.998,105.508,36.707,32937,5545,200.0,0,0,91.2
4600,mean_dynamic_mobilenetv2,stable,features_16,1775841078324.207,1775841078460.723,136.516,29.001,105.532,35.478,32937,5545,200.0,0,0,95.4
4601,mean_dynamic_mobilenetv2,stable,features_16,1775841078464.721,1775841078589.239,124.517,21.006,102.511,35.460,32937,5545,200.0,0,0,92.5
4602,mean_dynamic_mobilenetv2,stable,features_16,1775841078593.237,1775841078725.366,132.129,20.001,111.128,41.074,32937,5545,200.0,0,0,93.9
4603,mean_dynamic_mobilenetv2,stable,features_16,1775841078729.366,1775841078854.865,125.499,19.001,105.497,38.013,32937,5545,200.0,0,0,93.9
4604,mean_dynamic_mobilenetv2,stable,features_16,1775841078859.061,1775841078981.388,122.327,19.812,101.514,36.765,32937,5545,200.0,0,0,82.3
4605,mean_dynamic_mobilenetv2,stable,features_16,1775841078985.458,1775841079102.408,116.949,18.439,97.510,35.061,32937,5545,200.0,0,0,85.9
4606,mean_dynamic_mobilenetv2,stable,features_16,1775841079106.407,1775841079227.433,121.025,17.003,103.021,36.498,32937,5545,200.0,0,0,90.8
4607,mean_dynamic_mobilenetv2,stable,features_16,1775841079231.431,1775841079349.941,118.510,14.001,101.509,35.383,32937,5545,200.0,0,0,88.5
4608,mean_dynamic_mobilenetv2,stable,features_16,1775841079353.943,1775841079480.504,126.561,23.004,103.557,34.858,32937,5545,200.0,0,0,95.3
4609,mean_dynamic_mobilenetv2,stable,features_16,1775841079484.503,1775841079617.530,133.027,23.517,108.510,36.288,32937,5545,200.0,0,0,91.8
4610,mean_dynamic_mobilenetv2,stable,features_16,1775841079621.530,1775841079740.042,118.512,16.001,101.511,35.809,32937,5545,200.0,0,0,89.5
4611,mean_dynamic_mobilenetv2,stable,features_16,1775841079745.043,1775841079878.558,133.515,16.999,116.516,34.199,32937,5545,200.0,0,0,82.4
4612,mean_dynamic_mobilenetv2,stable,features_16,1775841079882.557,1775841080006.589,124.032,18.520,103.694,34.779,32937,5545,200.0,0,0,94.8
4613,mean_dynamic_mobilenetv2,stable,features_16,1775841080010.588,1775841080194.294,183.707,18.000,164.707,35.389,32937,5545,200.0,0,0,97.5
4614,mean_dynamic_mobilenetv2,stable,features_16,1775841080199.296,1775841080309.811,110.515,14.000,95.514,32.674,32937,5545,200.0,0,0,80.5
4615,mean_dynamic_mobilenetv2,stable,features_16,1775841080313.810,1775841080432.321,118.511,19.999,97.508,34.551,32937,5545,200.0,0,0,85.0
4616,mean_dynamic_mobilenetv2,stable,features_16,1775841080435.321,1775841080553.832,118.511,13.004,105.508,37.951,32937,5545,200.0,0,0,81.6
4617,mean_dynamic_mobilenetv2,stable,features_16,1775841080557.833,1775841080670.341,112.508,11.997,100.511,35.232,32937,5545,200.0,0,0,79.8
4618,mean_dynamic_mobilenetv2,stable,features_16,1775841080674.792,1775841080781.858,107.065,11.000,95.287,30.464,32937,5545,200.0,0,0,82.0
4619,mean_dynamic_mobilenetv2,stable,features_16,1775841080784.854,1775841080900.887,116.032,13.515,102.518,33.761,32937,5545,200.0,0,0,77.3
4620,mean_dynamic_mobilenetv2,stable,features_16,1775841080903.889,1775841081024.398,120.509,17.001,102.508,34.106,32937,5545,200.0,0,0,83.7
4621,mean_dynamic_mobilenetv2,stable,features_16,1775841081027.397,1775841081144.910,117.513,17.003,98.510,34.085,32937,5545,200.0,0,0,79.8
4622,mean_dynamic_mobilenetv2,stable,features_16,1775841081148.909,1775841081268.420,119.511,16.002,102.509,34.905,32937,5545,200.0,0,0,86.9
4623,mean_dynamic_mobilenetv2,stable,features_16,1775841081273.424,1775841081399.447,126.023,21.509,104.514,32.930,32937,5545,200.0,0,0,97.4
4624,mean_dynamic_mobilenetv2,stable,features_16,1775841081403.447,1775841081524.955,121.508,23.001,97.508,34.545,32937,5545,200.0,0,0,94.7
4625,mean_dynamic_mobilenetv2,stable,features_16,1775841081527.955,1775841081653.468,125.512,21.000,104.512,35.238,32937,5545,200.0,0,0,93.8
4626,mean_dynamic_mobilenetv2,stable,features_16,1775841081657.467,1775841081789.494,132.027,26.005,105.151,35.787,32937,5545,200.0,0,0,90.5
4627,mean_dynamic_mobilenetv2,stable,features_16,1775841081803.494,1775841081935.011,131.518,21.000,106.517,35.650,32937,5545,200.0,0,0,90.3
4628,mean_dynamic_mobilenetv2,stable,features_16,1775841081940.011,1775841082062.524,122.513,24.001,96.512,31.086,32937,5545,200.0,0,0,96.9
4629,mean_dynamic_mobilenetv2,stable,features_16,1775841082067.524,1775841082191.895,124.371,20.978,102.393,35.630,32937,5545,200.0,0,0,93.1
4630,mean_dynamic_mobilenetv2,stable,features_16,1775841082194.894,1775841082337.405,142.511,27.002,114.508,36.851,32937,5545,200.0,0,0,98.2
4631,mean_dynamic_mobilenetv2,stable,features_16,1775841082341.405,1775841082476.926,135.521,30.000,104.819,35.889,32937,5545,200.0,0,0,100.0
4632,mean_dynamic_mobilenetv2,stable,features_16,1775841082481.924,1775841082600.867,118.943,21.515,96.427,32.247,32937,5545,200.0,0,0,91.3
4633,mean_dynamic_mobilenetv2,stable,features_16,1775841082604.866,1775841082729.505,124.639,22.001,101.639,34.612,32937,5545,200.0,0,0,95.2
4634,mean_dynamic_mobilenetv2,stable,features_16,1775841082732.505,1775841082871.020,138.515,18.000,118.514,31.114,32937,5545,200.0,0,0,93.8
4635,mean_dynamic_mobilenetv2,stable,features_16,1775841082876.024,1775841082999.715,123.691,18.705,103.179,35.072,32937,5545,200.0,0,0,91.4
4636,mean_dynamic_mobilenetv2,stable,features_16,1775841083004.715,1775841083133.967,129.252,23.488,104.249,37.318,32937,5545,200.0,0,0,94.5
4637,mean_dynamic_mobilenetv2,stable,features_16,1775841083138.967,1775841083259.048,120.082,22.304,97.080,31.489,32937,5545,200.0,0,0,92.2
4638,mean_dynamic_mobilenetv2,stable,features_16,1775841083263.049,1775841083388.081,125.032,21.162,103.870,35.002,32937,5545,200.0,0,0,96.3
4639,mean_dynamic_mobilenetv2,stable,features_16,1775841083393.089,1775841083530.608,137.520,27.001,108.517,36.716,32937,5545,200.0,0,0,97.4
4640,mean_dynamic_mobilenetv2,stable,features_16,1775841083534.607,1775841083663.120,128.513,24.000,103.513,34.106,32937,5545,200.0,0,0,99.3
4641,mean_dynamic_mobilenetv2,stable,features_16,1775841083668.120,1775841083792.089,123.969,23.048,99.920,35.903,32937,5545,200.0,0,0,93.2
4642,mean_dynamic_mobilenetv2,stable,features_16,1775841083797.088,1775841083928.598,131.510,24.812,102.510,33.790,32937,5545,200.0,0,0,91.5
4643,mean_dynamic_mobilenetv2,stable,features_16,1775841083933.597,1775841084055.118,121.521,16.001,104.520,36.364,32937,5545,200.0,0,0,88.4
4644,mean_dynamic_mobilenetv2,stable,features_16,1775841084060.118,1775841084186.642,126.524,21.005,104.828,32.424,32937,5545,200.0,0,0,90.9
4645,mean_dynamic_mobilenetv2,stable,features_16,1775841084191.835,1775841084312.343,120.508,17.999,101.509,35.424,32937,5545,200.0,0,0,88.5
4646,mean_dynamic_mobilenetv2,stable,features_16,1775841084316.344,1775841084436.855,120.511,19.001,99.512,34.396,32937,5545,200.0,0,0,93.1
4647,mean_dynamic_mobilenetv2,stable,features_16,1775841084440.857,1775841084565.172,124.315,20.000,103.373,35.729,32937,5545,200.0,0,0,96.1
4648,mean_dynamic_mobilenetv2,stable,features_16,1775841084569.172,1775841084696.526,127.354,23.825,101.647,35.697,32937,5545,200.0,0,0,92.5
4649,mean_dynamic_mobilenetv2,stable,features_16,1775841084701.523,1775841084827.040,125.517,22.001,99.512,34.544,32937,5545,200.0,0,0,89.9
4650,mean_dynamic_mobilenetv2,stable,features_16,1775841084832.039,1775841084950.554,118.515,18.001,99.546,33.121,32937,5545,200.0,0,0,85.9
4651,mean_dynamic_mobilenetv2,stable,features_16,1775841084953.553,1775841085077.070,123.517,19.001,104.517,36.103,32937,5545,200.0,0,0,92.2
4652,mean_dynamic_mobilenetv2,stable,features_16,1775841085081.070,1775841085198.139,117.069,15.512,100.557,34.736,32937,5545,200.0,0,0,90.8
4653,mean_dynamic_mobilenetv2,stable,features_16,1775841085202.096,1775841085326.607,124.511,20.002,104.509,37.356,32937,5545,200.0,0,0,85.5
4654,mean_dynamic_mobilenetv2,stable,features_16,1775841085330.606,1775841085459.122,128.516,21.002,105.514,40.278,32937,5545,200.0,0,0,90.0
4655,mean_dynamic_mobilenetv2,stable,features_16,1775841085464.119,1775841085585.066,120.947,22.008,98.939,35.170,32937,5545,200.0,0,0,87.7
4656,mean_dynamic_mobilenetv2,stable,features_16,1775841085589.188,1775841085709.208,120.020,15.007,101.510,36.097,32937,5545,200.0,0,0,90.1
4657,mean_dynamic_mobilenetv2,stable,features_16,1775841085713.212,1775841085842.725,129.512,20.000,107.514,38.894,32937,5545,200.0,0,0,86.3
4658,mean_dynamic_mobilenetv2,stable,features_16,1775841085846.724,1775841086020.755,174.030,17.000,157.030,34.497,32937,5545,200.0,0,0,91.6
4659,mean_dynamic_mobilenetv2,stable,features_16,1775841086024.752,1775841086157.268,132.516,25.002,106.516,35.800,32937,5545,200.0,0,0,87.0
4660,mean_dynamic_mobilenetv2,stable,features_16,1775841086161.345,1775841086279.785,118.440,16.930,100.510,34.397,32937,5545,200.0,0,0,86.6
4661,mean_dynamic_mobilenetv2,stable,features_16,1775841086282.955,1775841086402.811,119.856,16.345,103.511,34.409,32937,5545,200.0,0,0,86.6
4662,mean_dynamic_mobilenetv2,stable,features_16,1775841086405.812,1775841086528.324,122.513,19.000,102.510,34.039,32937,5545,200.0,0,0,87.3
4663,mean_dynamic_mobilenetv2,stable,features_16,1775841086532.322,1775841086645.438,113.116,13.005,99.110,32.670,32937,5545,200.0,0,0,80.5
4664,mean_dynamic_mobilenetv2,stable,features_16,1775841086649.437,1775841086766.950,117.513,14.000,100.515,34.588,32937,5545,200.0,0,0,81.5
4665,mean_dynamic_mobilenetv2,stable,features_16,1775841086770.949,1775841086889.976,119.027,14.007,104.513,35.259,32937,5545,200.0,0,0,78.9
4666,mean_dynamic_mobilenetv2,stable,features_16,1775841086892.982,1775841087005.497,112.514,12.000,99.515,34.319,32937,5545,200.0,0,0,75.4
4667,mean_dynamic_mobilenetv2,stable,features_16,1775841087009.495,1775841087122.228,112.733,13.000,97.950,33.401,32937,5545,200.0,0,0,80.0
4668,mean_dynamic_mobilenetv2,stable,features_16,1775841087125.229,1775841087242.742,117.514,13.999,101.513,34.577,32937,5545,200.0,0,0,83.3
4669,mean_dynamic_mobilenetv2,stable,features_16,1775841087246.740,1775841087369.878,123.138,18.000,105.138,33.605,32937,5545,200.0,0,0,91.2
4670,mean_dynamic_mobilenetv2,stable,features_16,1775841087373.878,1775841087495.189,121.312,19.515,99.798,33.170,32937,5545,200.0,0,0,94.6
4671,mean_dynamic_mobilenetv2,stable,features_16,1775841087499.191,1775841087633.705,134.514,18.000,116.514,40.672,32937,5545,200.0,0,0,86.7
4672,mean_dynamic_mobilenetv2,stable,features_16,1775841087637.708,1775841087754.217,116.509,15.003,99.922,32.826,32937,5545,200.0,0,0,84.6
4673,mean_dynamic_mobilenetv2,stable,features_16,1775841087759.218,1775841087875.736,116.519,19.006,96.514,32.743,32937,5545,200.0,0,0,86.0
4674,mean_dynamic_mobilenetv2,stable,features_16,1775841087879.737,1775841088001.785,122.048,21.508,100.540,34.625,32937,5545,200.0,0,0,89.4
4675,mean_dynamic_mobilenetv2,stable,features_16,1775841088005.786,1775841088127.818,122.032,18.000,104.032,35.324,32937,5545,200.0,0,0,86.8
4676,mean_dynamic_mobilenetv2,stable,features_16,1775841088131.823,1775841088258.341,126.518,18.996,106.522,35.300,32937,5545,200.0,0,0,91.9
4677,mean_dynamic_mobilenetv2,stable,features_16,1775841088263.342,1775841088391.371,128.029,24.006,101.024,33.992,32937,5545,200.0,0,0,95.3
4678,mean_dynamic_mobilenetv2,stable,features_16,1775841088396.378,1775841088524.895,128.517,31.000,95.517,29.577,32937,5545,200.0,0,0,93.2
4679,mean_dynamic_mobilenetv2,stable,features_16,1775841088528.895,1775841088653.411,124.517,19.000,105.517,35.885,32937,5545,200.0,0,0,97.7
4680,mean_dynamic_mobilenetv2,stable,features_16,1775841088657.411,1775841088780.938,123.526,18.001,105.525,37.346,32937,5545,200.0,0,0,91.5
4681,mean_dynamic_mobilenetv2,stable,features_16,1775841088786.458,1775841088917.477,131.019,22.505,107.514,38.201,32937,5545,200.0,0,0,89.0
4682,mean_dynamic_mobilenetv2,stable,features_16,1775841088921.479,1775841089047.552,126.073,21.000,104.258,34.893,32937,5545,200.0,0,0,92.4
4683,mean_dynamic_mobilenetv2,stable,features_16,1775841089050.550,1775841089170.070,119.520,19.999,98.516,30.132,32937,5545,200.0,0,0,85.4
4684,mean_dynamic_mobilenetv2,stable,features_16,1775841089173.068,1775841089292.630,119.562,17.005,100.514,34.734,32937,5545,200.0,0,0,90.0
4685,mean_dynamic_mobilenetv2,stable,features_16,1775841089296.635,1775841089429.149,132.514,24.000,106.513,37.700,32937,5545,200.0,0,0,99.2
4686,mean_dynamic_mobilenetv2,stable,features_16,1775841089433.149,1775841089557.982,124.832,21.027,102.806,33.067,32937,5545,200.0,0,0,94.5
4687,mean_dynamic_mobilenetv2,stable,features_16,1775841089563.983,1775841089689.506,125.523,21.562,103.519,35.157,32937,5545,200.0,0,0,96.1
4688,mean_dynamic_mobilenetv2,stable,features_16,1775841089694.567,1775841089812.798,118.231,24.001,93.228,30.478,32937,5545,200.0,0,0,88.5
4689,mean_dynamic_mobilenetv2,stable,features_16,1775841089816.797,1775841089949.475,132.678,25.999,106.679,35.734,32937,5545,200.0,0,0,93.2
4690,mean_dynamic_mobilenetv2,stable,features_16,1775841089955.475,1775841090090.228,134.753,30.005,103.748,34.917,32937,5545,200.0,0,0,96.6
4691,mean_dynamic_mobilenetv2,stable,features_16,1775841090094.098,1775841090221.609,127.511,18.998,106.885,36.157,32937,5545,200.0,0,0,99.3
4692,mean_dynamic_mobilenetv2,stable,features_16,1775841090226.611,1775841090362.127,135.516,29.998,103.941,36.285,32937,5545,200.0,0,0,100.0
4693,mean_dynamic_mobilenetv2,stable,features_16,1775841090366.125,1775841090542.597,176.472,48.516,126.956,46.201,32937,5545,200.0,0,0,99.0
4694,mean_dynamic_mobilenetv2,stable,features_16,1775841090546.598,1775841090675.112,128.514,22.003,103.514,35.669,32937,5545,200.0,0,0,98.5
4695,mean_dynamic_mobilenetv2,stable,features_16,1775841090680.118,1775841090810.607,130.489,23.857,105.633,36.724,32937,5545,200.0,0,0,97.4
4696,mean_dynamic_mobilenetv2,stable,features_16,1775841090816.490,1775841090944.002,127.513,27.999,98.929,33.278,32937,5545,200.0,0,0,93.8
4697,mean_dynamic_mobilenetv2,stable,features_16,1775841090958.005,1775841091133.039,175.034,69.520,104.514,33.122,32937,5545,200.0,0,0,98.5
4698,mean_dynamic_mobilenetv2,stable,features_16,1775841091138.042,1775841091282.989,144.948,22.000,118.950,51.090,32937,5545,200.0,0,0,97.0
4699,mean_dynamic_mobilenetv2,stable,features_16,1775841091287.992,1775841091420.493,132.501,28.981,101.518,35.523,32937,5545,200.0,0,0,99.4
4700,mean_dynamic_mobilenetv2,stable,features_16,1775841091424.490,1775841091553.005,128.515,22.004,104.511,36.182,32937,5545,200.0,0,0,98.5
4701,mean_dynamic_mobilenetv2,stable,features_16,1775841091560.009,1775841091744.038,184.029,20.004,163.026,90.272,32937,5545,200.0,0,0,91.8
4702,mean_dynamic_mobilenetv2,stable,features_16,1775841091749.038,1775841091883.132,134.094,25.001,106.094,35.573,32937,5545,200.0,0,0,95.4
4703,mean_dynamic_mobilenetv2,stable,features_16,1775841091888.130,1775841092010.155,122.025,22.511,98.515,33.974,32937,5545,200.0,0,0,94.8
4704,mean_dynamic_mobilenetv2,stable,features_16,1775841092014.155,1775841092139.667,125.512,21.002,101.508,37.611,32937,5545,200.0,0,0,79.5
4705,mean_dynamic_mobilenetv2,stable,features_16,1775841092142.665,1775841092260.178,117.513,14.001,101.510,32.334,32937,5545,200.0,0,0,79.1
4706,mean_dynamic_mobilenetv2,stable,features_16,1775841092263.177,1775841092385.334,122.158,17.008,104.295,34.748,32937,5545,200.0,0,0,79.1
4707,mean_dynamic_mobilenetv2,stable,features_16,1775841092389.333,1775841092504.365,115.031,16.517,97.516,31.708,32937,5545,200.0,0,0,81.9
4708,mean_dynamic_mobilenetv2,stable,features_16,1775841092508.367,1775841092624.213,115.846,11.999,103.847,37.096,32937,5545,200.0,0,0,85.3
4709,mean_dynamic_mobilenetv2,stable,features_16,1775841092628.214,1775841092753.724,125.510,20.997,103.512,34.606,32937,5545,200.0,0,0,83.7
4710,mean_dynamic_mobilenetv2,stable,features_16,1775841092762.723,1775841092883.241,120.519,13.001,106.516,35.589,32937,5545,200.0,0,0,84.8
4711,mean_dynamic_mobilenetv2,stable,features_16,1775841092887.241,1775841093003.809,116.568,16.061,100.507,36.092,32937,5545,200.0,0,0,81.0
4712,mean_dynamic_mobilenetv2,stable,features_16,1775841093007.810,1775841093124.873,117.063,15.000,100.065,34.725,32937,5545,200.0,0,0,82.0
4713,mean_dynamic_mobilenetv2,stable,features_16,1775841093128.875,1775841093249.960,121.085,14.000,105.055,32.156,32937,5545,200.0,0,0,83.1
4714,mean_dynamic_mobilenetv2,stable,features_16,1775841093255.959,1775841093397.415,141.456,19.000,121.456,35.459,32937,5545,200.0,0,0,92.4
4715,mean_dynamic_mobilenetv2,stable,features_16,1775841093400.414,1775841093523.927,123.512,14.000,108.511,35.275,32937,5545,200.0,0,0,82.4
4716,mean_dynamic_mobilenetv2,stable,features_16,1775841093527.927,1775841093645.448,117.521,14.004,102.519,36.286,32937,5545,200.0,0,0,79.1
4717,mean_dynamic_mobilenetv2,stable,features_16,1775841093648.450,1775841093757.963,109.513,11.998,97.516,32.992,32937,5545,200.0,0,0,78.9
4718,mean_dynamic_mobilenetv2,stable,features_16,1775841093761.965,1775841093876.926,114.960,11.999,101.959,32.320,32937,5545,200.0,0,0,82.5
4719,mean_dynamic_mobilenetv2,stable,features_16,1775841093879.929,1775841093999.949,120.020,12.001,106.020,35.496,32937,5545,200.0,0,0,80.5
4720,mean_dynamic_mobilenetv2,stable,features_16,1775841094003.950,1775841094122.467,118.517,13.001,104.517,35.089,32937,5545,200.0,0,0,77.5
4721,mean_dynamic_mobilenetv2,stable,features_16,1775841094126.468,1775841094242.976,116.508,13.002,102.504,35.159,32937,5545,200.0,0,0,75.2
4722,mean_dynamic_mobilenetv2,stable,features_16,1775841094245.975,1775841094359.484,113.509,14.003,98.507,30.250,32937,5545,200.0,0,0,83.9
4723,mean_dynamic_mobilenetv2,stable,features_16,1775841094364.733,1775841094487.255,122.522,17.759,104.763,34.680,32937,5545,200.0,0,0,93.0
4724,mean_dynamic_mobilenetv2,stable,features_16,1775841094491.257,1775841094623.281,132.023,17.513,112.512,34.510,32937,5545,200.0,0,0,92.7
4725,mean_dynamic_mobilenetv2,stable,features_16,1775841094626.282,1775841094746.792,120.509,14.997,104.512,36.417,32937,5545,200.0,0,0,86.4
4726,mean_dynamic_mobilenetv2,stable,features_16,1775841094750.791,1775841094869.303,118.511,20.001,97.509,32.352,32937,5545,200.0,0,0,82.1
4727,mean_dynamic_mobilenetv2,stable,features_16,1775841094873.304,1775841094990.195,116.891,18.376,98.516,32.576,32937,5545,200.0,0,0,84.5
4728,mean_dynamic_mobilenetv2,stable,features_16,1775841094993.195,1775841095108.060,114.865,15.353,97.510,33.815,32937,5545,200.0,0,0,84.0
4729,mean_dynamic_mobilenetv2,stable,features_16,1775841095111.060,1775841095230.570,119.510,17.999,99.510,34.704,32937,5545,200.0,0,0,93.1
4730,mean_dynamic_mobilenetv2,stable,features_16,1775841095233.570,1775841095345.084,111.515,13.002,97.544,33.581,32937,5545,200.0,0,0,84.1
4731,mean_dynamic_mobilenetv2,stable,features_16,1775841095348.084,1775841095466.600,118.517,14.001,103.511,36.929,32937,5545,200.0,0,0,86.8
4732,mean_dynamic_mobilenetv2,stable,features_16,1775841095470.597,1775841095601.999,131.402,23.890,106.511,36.309,32937,5545,200.0,0,0,92.4
4733,mean_dynamic_mobilenetv2,stable,features_16,1775841095606.999,1775841095731.511,124.513,17.001,105.511,37.116,32937,5545,200.0,0,0,93.1
4734,mean_dynamic_mobilenetv2,stable,features_16,1775841095736.510,1775841095866.024,129.514,25.001,103.513,35.314,32937,5545,200.0,0,0,93.8
4735,mean_dynamic_mobilenetv2,stable,features_16,1775841095870.026,1775841095995.053,125.027,20.004,103.019,35.874,32937,5545,200.0,0,0,93.8
4736,mean_dynamic_mobilenetv2,stable,features_16,1775841096000.053,1775841096130.567,130.513,28.999,100.514,34.270,32937,5545,200.0,0,0,93.1
4737,mean_dynamic_mobilenetv2,stable,features_16,1775841096135.568,1775841096252.078,116.510,14.000,101.510,35.437,32937,5545,200.0,0,0,95.5
4738,mean_dynamic_mobilenetv2,stable,features_16,1775841096257.078,1775841096376.592,119.514,20.001,97.512,33.337,32937,5545,200.0,0,0,97.8
4739,mean_dynamic_mobilenetv2,stable,features_16,1775841096381.596,1775841096507.621,126.025,22.510,101.513,33.328,32937,5545,200.0,0,0,95.5
4740,mean_dynamic_mobilenetv2,stable,features_16,1775841096511.621,1775841096649.657,138.036,18.999,117.036,47.328,32937,5545,200.0,0,0,97.0
4741,mean_dynamic_mobilenetv2,stable,features_16,1775841096653.656,1775841096778.171,124.516,24.001,99.515,31.799,32937,5545,200.0,0,0,90.8
4742,mean_dynamic_mobilenetv2,stable,features_16,1775841096783.177,1775841096913.675,130.499,26.546,103.952,31.533,32937,5545,200.0,0,0,97.7
4743,mean_dynamic_mobilenetv2,stable,features_16,1775841096917.672,1775841097032.184,114.512,12.001,102.510,36.779,32937,5545,200.0,0,0,79.5
4744,mean_dynamic_mobilenetv2,stable,features_16,1775841097035.184,1775841097152.694,117.510,14.002,102.509,35.819,32937,5545,200.0,0,0,77.5
4745,mean_dynamic_mobilenetv2,stable,features_16,1775841097155.694,1775841097270.210,114.517,12.999,99.510,34.554,32937,5545,200.0,0,0,79.3
4746,mean_dynamic_mobilenetv2,stable,features_16,1775841097274.208,1775841097455.238,181.030,14.015,165.018,33.983,32937,5545,200.0,0,0,80.8
4747,mean_dynamic_mobilenetv2,stable,features_16,1775841097458.236,1775841097580.751,122.515,15.000,105.512,40.324,32937,5545,200.0,0,0,82.7
4748,mean_dynamic_mobilenetv2,stable,features_16,1775841097584.748,1775841097701.776,117.028,14.520,102.509,35.389,32937,5545,200.0,0,0,82.2
4749,mean_dynamic_mobilenetv2,stable,features_16,1775841097704.776,1775841097822.286,117.510,12.000,104.511,35.902,32937,5545,200.0,0,0,80.2
4750,mean_dynamic_mobilenetv2,stable,features_16,1775841097827.288,1775841097941.797,114.509,17.002,97.507,32.216,32937,5545,200.0,0,0,82.5
4751,mean_dynamic_mobilenetv2,stable,features_16,1775841097945.798,1775841098069.873,124.075,23.000,100.075,33.284,32937,5545,200.0,0,0,82.4
4752,mean_dynamic_mobilenetv2,stable,features_16,1775841098073.874,1775841098185.393,111.519,13.007,97.510,32.464,32937,5545,200.0,0,0,85.8
4753,mean_dynamic_mobilenetv2,stable,features_16,1775841098188.391,1775841098314.416,126.025,23.513,100.781,33.031,32937,5545,200.0,0,0,90.1
4754,mean_dynamic_mobilenetv2,stable,features_16,1775841098317.417,1775841098441.930,124.512,18.999,103.513,35.764,32937,5545,200.0,0,0,93.9
4755,mean_dynamic_mobilenetv2,stable,features_16,1775841098445.928,1775841098558.441,112.513,18.001,94.512,29.773,32937,5545,200.0,0,0,87.2
4756,mean_dynamic_mobilenetv2,stable,features_16,1775841098562.442,1775841098681.962,119.521,17.011,100.512,32.397,32937,5545,200.0,0,0,81.5
4757,mean_dynamic_mobilenetv2,stable,features_16,1775841098684.962,1775841098802.982,118.020,14.510,102.509,33.246,32937,5545,200.0,0,0,85.6
4758,mean_dynamic_mobilenetv2,stable,features_16,1775841098805.982,1775841098921.497,115.515,15.000,99.514,32.676,32937,5545,200.0,0,0,86.2
4759,mean_dynamic_mobilenetv2,stable,features_16,1775841098925.496,1775841099046.011,120.515,17.000,103.515,36.101,32937,5545,200.0,0,0,86.0
4760,mean_dynamic_mobilenetv2,stable,features_16,1775841099050.108,1775841099163.097,112.989,15.903,97.086,32.794,32937,5545,200.0,0,0,86.6
4761,mean_dynamic_mobilenetv2,stable,features_16,1775841099167.101,1775841099280.615,113.514,14.003,97.505,30.866,32937,5545,200.0,0,0,91.6
4762,mean_dynamic_mobilenetv2,stable,features_16,1775841099284.615,1775841099402.641,118.026,17.514,98.511,33.689,32937,5545,200.0,0,0,88.3
4763,mean_dynamic_mobilenetv2,stable,features_16,1775841099405.641,1775841099521.155,115.513,12.002,102.511,34.883,32937,5545,200.0,0,0,90.4
4764,mean_dynamic_mobilenetv2,stable,features_16,1775841099525.155,1775841099647.670,122.515,14.002,107.513,36.360,32937,5545,200.0,0,0,91.5
4765,mean_dynamic_mobilenetv2,stable,features_16,1775841099651.669,1775841099772.185,120.516,18.000,100.515,30.842,32937,5545,200.0,0,0,94.7
4766,mean_dynamic_mobilenetv2,stable,features_16,1775841099776.187,1775841099896.588,120.401,17.009,102.925,34.199,32937,5545,200.0,0,0,90.4
4767,mean_dynamic_mobilenetv2,stable,features_16,1775841099901.588,1775841100023.100,121.512,16.999,103.512,36.251,32937,5545,200.0,0,0,93.8
4768,mean_dynamic_mobilenetv2,stable,features_16,1775841100027.099,1775841100156.612,129.513,23.002,104.511,35.342,32937,5545,200.0,0,0,97.3
4769,mean_dynamic_mobilenetv2,stable,features_16,1775841100161.615,1775841100281.134,119.520,23.005,95.515,31.199,32937,5545,200.0,0,0,89.9
4770,mean_dynamic_mobilenetv2,stable,features_16,1775841100285.134,1775841100404.476,119.343,16.514,102.132,33.385,32937,5545,200.0,0,0,88.4
4771,mean_dynamic_mobilenetv2,stable,features_16,1775841100408.475,1775841100527.990,119.515,19.000,99.514,32.387,32937,5545,200.0,0,0,86.7
4772,mean_dynamic_mobilenetv2,stable,features_16,1775841100531.989,1775841100656.247,124.258,20.004,103.253,36.158,32937,5545,200.0,0,0,84.7
4773,mean_dynamic_mobilenetv2,stable,features_16,1775841100660.245,1775841100771.760,111.515,13.002,96.513,34.201,32937,5545,200.0,0,0,88.5
4774,mean_dynamic_mobilenetv2,stable,features_16,1775841100775.760,1775841100893.511,117.750,15.012,101.948,34.994,32937,5545,200.0,0,0,90.1
4775,mean_dynamic_mobilenetv2,stable,features_16,1775841100897.026,1775841101020.534,123.508,18.998,101.509,32.359,32937,5545,200.0,0,0,88.5
4776,mean_dynamic_mobilenetv2,stable,features_16,1775841101024.985,1775841101151.046,126.061,17.550,107.510,38.391,32937,5545,200.0,0,0,89.8
4777,mean_dynamic_mobilenetv2,stable,features_16,1775841101154.048,1775841101283.124,129.076,18.999,107.810,38.543,32937,5545,200.0,0,0,86.8
4778,mean_dynamic_mobilenetv2,stable,features_16,1775841101286.865,1775841101409.602,122.736,21.229,100.508,32.603,32937,5545,200.0,0,0,92.3
4779,mean_dynamic_mobilenetv2,stable,features_16,1775841101412.603,1775841101529.115,116.512,16.001,98.513,35.384,32937,5545,200.0,0,0,85.3
4780,mean_dynamic_mobilenetv2,stable,features_16,1775841101533.113,1775841101644.627,111.514,14.004,97.510,34.813,32937,5545,200.0,0,0,85.7
4781,mean_dynamic_mobilenetv2,stable,features_16,1775841101648.626,1775841101772.141,123.515,14.002,107.514,37.125,32937,5545,200.0,0,0,88.5
4782,mean_dynamic_mobilenetv2,stable,features_16,1775841101776.143,1775841101902.152,126.010,18.005,105.480,36.547,32937,5545,200.0,0,0,89.1
4783,mean_dynamic_mobilenetv2,stable,features_16,1775841101907.158,1775841102018.676,111.519,15.994,94.515,31.251,32937,5545,200.0,0,0,86.1
4784,mean_dynamic_mobilenetv2,stable,features_16,1775841102021.670,1775841102148.184,126.514,13.999,112.079,43.769,32937,5545,200.0,0,0,91.4
4785,mean_dynamic_mobilenetv2,stable,features_16,1775841102155.186,1775841102304.831,149.645,41.009,107.509,35.030,32937,5545,200.0,0,0,89.0
4786,mean_dynamic_mobilenetv2,stable,features_16,1775841102307.831,1775841102423.340,115.509,12.999,102.510,35.086,32937,5545,200.0,0,0,81.0
4787,mean_dynamic_mobilenetv2,stable,features_16,1775841102428.340,1775841102548.178,119.838,18.001,100.839,35.231,32937,5545,200.0,0,0,77.7
4788,mean_dynamic_mobilenetv2,stable,features_16,1775841102551.177,1775841102668.201,117.023,14.512,100.513,33.246,32937,5545,200.0,0,0,77.3
4789,mean_dynamic_mobilenetv2,stable,features_16,1775841102672.200,1775841102788.718,116.517,12.007,103.511,37.313,32937,5545,200.0,0,0,75.7
4790,mean_dynamic_mobilenetv2,stable,features_16,1775841102791.718,1775841102915.739,124.021,16.512,106.508,36.309,32937,5545,200.0,0,0,79.6
4791,mean_dynamic_mobilenetv2,stable,features_16,1775841102919.976,1775841103039.258,119.282,12.765,105.518,37.637,32937,5545,200.0,0,0,77.3
4792,mean_dynamic_mobilenetv2,stable,features_16,1775841103043.258,1775841103207.280,164.022,13.002,151.020,33.950,32937,5545,200.0,0,0,75.5
4793,mean_dynamic_mobilenetv2,stable,features_16,1775841103211.280,1775841103815.507,604.227,20.000,584.227,39.960,32937,5545,200.0,1,0,45.7
4794,mean_dynamic_mobilenetv2,stable,features_16,1775841103818.491,1775841103945.999,127.508,24.999,102.509,36.767,32937,5545,200.0,0,0,80.8
4795,mean_dynamic_mobilenetv2,stable,features_16,1775841103949.999,1775841104069.514,119.516,15.000,104.515,35.656,32937,5545,200.0,0,0,84.1
4796,mean_dynamic_mobilenetv2,stable,features_16,1775841104073.515,1775841104192.031,118.517,12.010,104.507,36.023,32937,5545,200.0,0,0,85.5
4797,mean_dynamic_mobilenetv2,stable,features_16,1775841104195.032,1775841104323.050,128.018,20.508,105.510,37.674,32937,5545,200.0,0,0,89.6
4798,mean_dynamic_mobilenetv2,stable,features_16,1775841104327.051,1775841104471.568,144.517,19.001,124.516,60.504,32937,5545,200.0,0,0,94.6
4799,mean_dynamic_mobilenetv2,stable,features_16,1775841104476.568,1775841104610.591,134.023,25.514,106.509,40.241,32937,5545,200.0,0,0,98.7
4800,mean_dynamic_mobilenetv2,stable,features_16,1775841104615.591,1775841104751.103,135.512,24.001,110.509,38.086,32937,5545,200.0,0,0,99.3
4801,mean_dynamic_mobilenetv2,stable,features_16,1775841104755.101,1775841104893.620,138.519,26.002,112.517,44.995,32937,5545,200.0,0,0,97.4
4802,mean_dynamic_mobilenetv2,stable,features_16,1775841104899.126,1775841105028.636,129.510,27.002,101.509,34.955,32937,5545,200.0,0,0,96.6
4803,mean_dynamic_mobilenetv2,stable,features_16,1775841105033.636,1775841105174.146,140.510,20.000,118.509,36.021,32937,5545,200.0,0,0,93.8
4804,mean_dynamic_mobilenetv2,stable,features_16,1775841105178.146,1775841105314.171,136.024,22.515,112.510,38.839,32937,5545,200.0,0,0,99.3
4805,mean_dynamic_mobilenetv2,stable,features_16,1775841105319.170,1775841105453.684,134.513,28.002,104.514,38.236,32937,5545,200.0,0,0,96.6
4806,mean_dynamic_mobilenetv2,stable,features_16,1775841105464.684,1775841105595.198,130.513,18.004,107.510,37.063,32937,5545,200.0,0,0,87.0
4807,mean_dynamic_mobilenetv2,stable,features_16,1775841105600.703,1775841105725.214,124.510,20.000,102.510,34.211,32937,5545,200.0,0,0,90.6
4808,mean_dynamic_mobilenetv2,stable,features_16,1775841105730.214,1775841105873.725,143.512,25.002,116.927,45.832,32937,5545,200.0,0,0,98.2
4809,mean_dynamic_mobilenetv2,stable,features_16,1775841105879.726,1775841106028.748,149.022,26.513,121.509,36.584,32937,5545,200.0,0,0,95.0
4810,mean_dynamic_mobilenetv2,stable,features_16,1775841106034.748,1775841106172.259,137.511,20.000,114.511,37.513,32937,5545,200.0,0,0,98.0
4811,mean_dynamic_mobilenetv2,stable,features_16,1775841106177.259,1775841106304.281,127.022,25.513,100.509,32.758,32937,5545,200.0,0,0,97.7
4812,mean_dynamic_mobilenetv2,stable,features_16,1775841106309.284,1775841106440.791,131.507,22.997,106.510,35.140,32937,5545,200.0,0,0,94.0
4813,mean_dynamic_mobilenetv2,stable,features_16,1775841106445.791,1775841106570.301,124.510,22.003,101.508,33.194,32937,5545,200.0,0,0,89.1
4814,mean_dynamic_mobilenetv2,stable,features_16,1775841106575.302,1775841106700.324,125.022,16.006,108.017,36.067,32937,5545,200.0,0,0,87.0
4815,mean_dynamic_mobilenetv2,stable,features_16,1775841106704.325,1775841106820.833,116.508,15.002,99.505,32.398,32937,5545,200.0,0,0,92.1
4816,mean_dynamic_mobilenetv2,stable,features_16,1775841106823.833,1775841106940.343,116.510,16.004,100.506,34.419,32937,5545,200.0,0,0,90.7
4817,mean_dynamic_mobilenetv2,stable,features_16,1775841106977.343,1775841107093.857,116.514,13.005,101.510,35.808,32937,5545,200.0,0,0,81.2
4818,mean_dynamic_mobilenetv2,stable,features_16,1775841107098.364,1775841107219.882,121.518,18.001,102.517,34.065,32937,5545,200.0,0,0,91.6
4819,mean_dynamic_mobilenetv2,stable,features_16,1775841107223.884,1775841107345.391,121.507,18.001,102.505,37.467,32937,5545,200.0,0,0,86.0
4820,mean_dynamic_mobilenetv2,stable,features_16,1775841107349.391,1775841107478.900,129.509,21.000,107.509,37.271,32937,5545,200.0,0,0,87.6
4821,mean_dynamic_mobilenetv2,stable,features_16,1775841107482.905,1775841107607.921,125.017,17.508,106.508,38.581,32937,5545,200.0,0,0,89.1
4822,mean_dynamic_mobilenetv2,stable,features_16,1775841107611.921,1775841107733.430,121.510,16.001,105.508,37.953,32937,5545,200.0,0,0,90.9
4823,mean_dynamic_mobilenetv2,stable,features_16,1775841107736.430,1775841107864.940,128.510,16.001,111.509,42.225,32937,5545,200.0,0,0,89.8
4824,mean_dynamic_mobilenetv2,stable,features_16,1775841107867.941,1775841107986.457,118.515,15.002,99.508,37.179,32937,5545,200.0,0,0,85.9
4825,mean_dynamic_mobilenetv2,stable,features_16,1775841107990.453,1775841108120.476,130.023,23.511,105.512,37.349,32937,5545,200.0,0,0,88.3
4826,mean_dynamic_mobilenetv2,stable,features_16,1775841108124.476,1775841108245.986,121.510,15.003,105.507,39.088,32937,5545,200.0,0,0,89.1
4827,mean_dynamic_mobilenetv2,stable,features_16,1775841108249.986,1775841108378.498,128.512,16.001,111.509,41.245,32937,5545,200.0,0,0,88.4
4828,mean_dynamic_mobilenetv2,stable,features_16,1775841108382.498,1775841108511.516,129.018,23.508,102.509,35.852,32937,5545,200.0,0,0,95.9
4829,mean_dynamic_mobilenetv2,stable,features_16,1775841108516.516,1775841108646.026,129.510,24.002,104.507,35.360,32937,5545,200.0,0,0,94.5
4830,mean_dynamic_mobilenetv2,stable,features_16,1775841108650.024,1775841108774.534,124.510,22.000,102.510,35.093,32937,5545,200.0,0,0,94.5
4831,mean_dynamic_mobilenetv2,stable,features_16,1775841108779.534,1775841108967.555,188.021,26.513,158.509,35.208,32937,5545,200.0,0,0,93.0
4832,mean_dynamic_mobilenetv2,stable,features_16,1775841108971.555,1775841109099.575,128.020,23.005,104.015,35.109,32937,5545,200.0,0,0,90.2
4833,mean_dynamic_mobilenetv2,stable,features_16,1775841109103.575,1775841109222.086,118.511,20.001,96.511,29.649,32937,5545,200.0,0,0,83.8
4834,mean_dynamic_mobilenetv2,stable,features_16,1775841109225.086,1775841109360.593,135.507,11.002,122.508,33.659,32937,5545,200.0,0,0,77.9
4835,mean_dynamic_mobilenetv2,stable,features_16,1775841109363.595,1775841109485.104,121.510,13.999,106.511,35.548,32937,5545,200.0,0,0,84.0
4836,mean_dynamic_mobilenetv2,stable,features_16,1775841109488.106,1775841109607.123,119.016,13.508,103.509,31.873,32937,5545,200.0,0,0,76.7
4837,mean_dynamic_mobilenetv2,stable,features_16,1775841109610.123,1775841109724.632,114.509,14.000,98.508,32.855,32937,5545,200.0,0,0,75.9
4838,mean_dynamic_mobilenetv2,stable,features_16,1775841109727.632,1775841109851.140,123.509,17.000,104.509,35.949,32937,5545,200.0,0,0,79.1
4839,mean_dynamic_mobilenetv2,stable,features_16,1775841109855.141,1775841109975.649,120.508,12.000,107.508,36.355,32937,5545,200.0,0,0,92.2
4840,mean_dynamic_mobilenetv2,stable,features_16,1775841109978.649,1775841110093.162,114.513,15.005,99.508,34.306,32937,5545,200.0,0,0,84.5
4841,mean_dynamic_mobilenetv2,stable,features_16,1775841110097.163,1775841110219.180,122.017,10.510,110.508,38.193,32937,5545,200.0,0,0,80.5
4842,mean_dynamic_mobilenetv2,stable,features_16,1775841110224.179,1775841110346.277,122.098,16.000,105.097,37.387,32937,5545,200.0,0,0,85.9
4843,mean_dynamic_mobilenetv2,stable,features_16,1775841110350.277,1775841110470.787,120.510,14.001,104.508,37.261,32937,5545,200.0,0,0,90.7
4844,mean_dynamic_mobilenetv2,stable,features_16,1775841110473.787,1775841110598.809,125.022,21.004,102.014,34.939,32937,5545,200.0,0,0,91.5
4845,mean_dynamic_mobilenetv2,stable,features_16,1775841110601.810,1775841110727.323,125.513,17.001,106.512,36.908,32937,5545,200.0,0,0,87.1
4846,mean_dynamic_mobilenetv2,stable,features_16,1775841110731.323,1775841110851.834,120.512,16.000,104.511,37.191,32937,5545,200.0,0,0,86.0
4847,mean_dynamic_mobilenetv2,stable,features_16,1775841110855.835,1775841110980.342,124.507,18.999,105.508,35.685,32937,5545,200.0,0,0,86.8
4848,mean_dynamic_mobilenetv2,stable,features_16,1775841110984.345,1775841111110.368,126.024,14.517,109.506,38.672,32937,5545,200.0,0,0,96.2
4849,mean_dynamic_mobilenetv2,stable,features_16,1775841111114.368,1775841111240.877,126.509,20.001,105.508,37.598,32937,5545,200.0,0,0,92.5
4850,mean_dynamic_mobilenetv2,stable,features_16,1775841111244.878,1775841111362.394,117.516,15.001,100.514,37.443,32937,5545,200.0,0,0,92.4
4851,mean_dynamic_mobilenetv2,stable,features_16,1775841111365.394,1775841111482.911,117.517,14.001,102.511,36.612,32937,5545,200.0,0,0,94.0
4852,mean_dynamic_mobilenetv2,stable,features_16,1775841111485.911,1775841111614.929,129.019,18.511,108.508,40.665,32937,5545,200.0,0,0,92.2
4853,mean_dynamic_mobilenetv2,stable,features_16,1775841111618.930,1775841111742.440,123.510,22.000,101.510,34.950,32937,5545,200.0,0,0,89.0
4854,mean_dynamic_mobilenetv2,stable,features_16,1775841111747.440,1775841111870.948,123.508,18.002,104.508,38.960,32937,5545,200.0,0,0,93.1
4855,mean_dynamic_mobilenetv2,stable,features_16,1775841111874.948,1775841112006.973,132.024,22.518,107.508,35.561,32937,5545,200.0,0,0,97.7
4856,mean_dynamic_mobilenetv2,stable,features_16,1775841112026.972,1775841112149.482,122.509,19.001,101.510,36.425,32937,5545,200.0,0,0,95.7
4857,mean_dynamic_mobilenetv2,stable,features_16,1775841112153.482,1775841112284.996,131.514,24.002,105.513,36.330,32937,5545,200.0,0,0,96.2
4858,mean_dynamic_mobilenetv2,stable,features_16,1775841112289.996,1775841112421.020,131.024,29.508,101.516,35.779,32937,5545,200.0,0,0,93.3
4859,mean_dynamic_mobilenetv2,stable,features_16,1775841112426.020,1775841112583.555,157.534,39.998,114.533,32.057,32937,5545,200.0,0,0,98.8
4860,mean_dynamic_mobilenetv2,stable,features_16,1775841112587.555,1775841112736.574,149.020,33.508,114.510,36.720,32937,5545,200.0,0,0,95.8
4861,mean_dynamic_mobilenetv2,stable,features_16,1775841112741.573,1775841112889.087,147.515,16.000,129.514,38.340,32937,5545,200.0,0,0,92.7
4862,mean_dynamic_mobilenetv2,stable,features_16,1775841112894.087,1775841113082.114,188.026,78.511,107.517,37.679,32937,5545,200.0,0,0,100.0
4863,mean_dynamic_mobilenetv2,stable,features_16,1775841113093.119,1775841113308.660,215.541,103.512,110.029,39.323,32937,5545,200.0,1,0,98.0
4864,mean_dynamic_mobilenetv2,stable,features_16,1775841113319.662,1775841113504.701,185.039,73.004,110.031,36.777,32937,5545,200.0,0,0,98.5
4865,mean_dynamic_mobilenetv2,stable,features_16,1775841113513.700,1775841113709.739,196.039,84.512,109.529,38.205,32937,5545,200.0,0,0,98.6
4866,mean_dynamic_mobilenetv2,stable,features_16,1775841113718.739,1775841113915.801,197.062,75.005,120.058,36.842,32937,5545,200.0,0,0,97.8
4867,mean_dynamic_mobilenetv2,stable,features_16,1775841113922.804,1775841114102.839,180.035,71.004,108.031,34.765,32937,5545,200.0,0,0,100.0
4868,mean_dynamic_mobilenetv2,stable,features_16,1775841114110.840,1775841114281.365,170.525,64.001,104.521,36.852,32937,5545,200.0,0,0,96.1
4869,mean_dynamic_mobilenetv2,stable,features_16,1775841114290.374,1775841114457.419,167.045,58.523,105.517,34.423,32937,5545,200.0,0,0,98.3
4870,mean_dynamic_mobilenetv2,stable,features_16,1775841114469.416,1775841114726.975,257.559,82.516,174.043,37.638,32937,5545,200.0,1,0,99.3
4871,mean_dynamic_mobilenetv2,stable,features_16,1775841114741.972,1775841114932.018,190.045,74.513,112.527,41.973,32937,5545,200.0,0,0,98.7
4872,mean_dynamic_mobilenetv2,stable,features_16,1775841114938.014,1775841115128.056,190.043,82.526,106.517,35.058,32937,5545,200.0,0,0,99.0
4873,mean_dynamic_mobilenetv2,stable,features_16,1775841115139.060,1775841115343.098,204.038,86.522,112.522,36.884,32937,5545,200.0,1,0,100.0
4874,mean_dynamic_mobilenetv2,stable,features_16,1775841115355.100,1775841115553.157,198.057,84.528,109.531,38.016,32937,5545,200.0,0,0,98.1
4875,mean_dynamic_mobilenetv2,stable,features_16,1775841115561.160,1775841115752.197,191.037,77.518,111.520,38.546,32937,5545,200.0,0,0,97.2
4876,mean_dynamic_mobilenetv2,stable,features_16,1775841115765.197,1775841115944.408,179.211,68.521,108.691,37.149,32937,5545,200.0,0,0,94.1
4877,mean_dynamic_mobilenetv2,stable,features_16,1775841115953.409,1775841116140.466,187.057,80.539,104.524,36.250,32937,5545,200.0,0,0,100.0
4878,mean_dynamic_mobilenetv2,stable,features_16,1775841116146.461,1775841116349.803,203.342,93.806,107.538,33.966,32937,5545,200.0,1,0,100.0
4879,mean_dynamic_mobilenetv2,stable,features_16,1775841116358.804,1775841116566.846,208.043,98.517,107.522,38.882,32937,5545,200.0,1,0,99.1
4880,mean_dynamic_mobilenetv2,stable,features_16,1775841116574.843,1775841116768.881,194.038,86.521,104.517,36.420,32937,5545,200.0,0,0,99.5
4881,mean_dynamic_mobilenetv2,stable,features_16,1775841116776.881,1775841116960.921,184.040,77.523,104.528,32.798,32937,5545,200.0,0,0,98.6
4882,mean_dynamic_mobilenetv2,stable,features_16,1775841116969.919,1775841117188.969,219.050,105.528,109.524,35.994,32937,5545,200.0,1,0,99.2
4883,mean_dynamic_mobilenetv2,stable,features_16,1775841117197.971,1775841117398.019,200.047,100.523,98.523,31.873,32937,5545,200.0,1,0,99.1
4884,mean_dynamic_mobilenetv2,stable,features_16,1775841117411.531,1775841117625.573,214.042,92.517,116.525,38.294,32937,5545,200.0,1,0,97.8
4885,mean_dynamic_mobilenetv2,stable,features_16,1775841117633.569,1775841117812.600,179.031,64.011,114.020,38.738,32937,5545,200.0,0,0,97.4
4886,mean_dynamic_mobilenetv2,stable,features_16,1775841117820.598,1775841117984.110,163.511,56.002,107.510,37.227,32937,5545,200.0,0,0,95.0
4887,mean_dynamic_mobilenetv2,stable,features_16,1775841117991.116,1775841118149.145,158.028,41.520,109.507,39.586,32937,5545,200.0,0,0,97.8
4888,mean_dynamic_mobilenetv2,stable,features_16,1775841118158.144,1775841118387.555,229.411,117.879,109.531,35.505,32937,5545,200.0,1,0,98.4
4889,mean_dynamic_mobilenetv2,stable,features_16,1775841118413.061,1775841118655.101,242.041,143.521,96.519,32.233,32937,5545,200.0,1,0,100.0
4890,mean_dynamic_mobilenetv2,stable,features_16,1775841118662.099,1775841118864.126,202.026,80.517,118.513,39.833,32937,5545,200.0,1,0,99.1
4891,mean_dynamic_mobilenetv2,stable,features_16,1775841118873.127,1775841119085.177,212.051,100.525,109.518,35.559,32937,5545,200.0,1,0,99.2
4892,mean_dynamic_mobilenetv2,stable,features_16,1775841119092.175,1775841119293.209,201.034,92.516,107.518,37.513,32937,5545,200.0,1,0,97.9
4893,mean_dynamic_mobilenetv2,stable,features_16,1775841119300.723,1775841119580.761,280.038,166.520,111.517,38.436,32937,5545,200.0,1,0,100.0
4894,mean_dynamic_mobilenetv2,stable,features_16,1775841119589.765,1775841119814.316,224.551,104.516,116.035,40.833,32937,5545,200.0,1,0,99.2
4895,mean_dynamic_mobilenetv2,stable,features_16,1775841119825.317,1775841120062.355,237.039,121.519,114.521,41.396,32937,5545,200.0,1,0,99.6
4896,mean_dynamic_mobilenetv2,stable,features_16,1775841120077.356,1775841120401.430,324.074,181.046,140.023,64.812,32937,5545,200.0,1,0,99.2
4897,mean_dynamic_mobilenetv2,stable,features_16,1775841120428.431,1775841120681.748,253.316,106.801,141.517,71.930,32937,5545,200.0,1,0,98.7
4898,mean_dynamic_mobilenetv2,stable,features_16,1775841120693.751,1775841120884.796,191.044,78.523,110.518,39.190,32937,5545,200.0,0,0,98.6
4899,mean_dynamic_mobilenetv2,stable,features_16,1775841120890.801,1775841121111.341,220.541,112.028,103.838,33.840,32937,5545,200.0,1,0,99.6
4900,mean_dynamic_mobilenetv2,stable,features_16,1775841121120.342,1775841121312.503,192.161,86.638,103.526,32.852,32937,5545,200.0,0,0,99.1
4901,mean_dynamic_mobilenetv2,stable,features_16,1775841121324.505,1775841121487.018,162.513,53.995,106.510,37.673,32937,5545,200.0,0,0,95.1
4902,mean_dynamic_mobilenetv2,stable,features_16,1775841121498.016,1775841121712.564,214.548,104.026,108.521,37.247,32937,5545,200.0,1,0,98.8
4903,mean_dynamic_mobilenetv2,stable,features_16,1775841121719.564,1775841121885.076,165.512,55.000,110.512,37.926,32937,5545,200.0,0,0,95.6
4904,mean_dynamic_mobilenetv2,stable,features_16,1775841121891.080,1775841122065.129,174.049,69.526,102.522,32.813,32937,5545,200.0,0,0,97.2
4905,mean_dynamic_mobilenetv2,stable,features_16,1775841122074.127,1775841122293.175,219.047,108.521,107.526,37.859,32937,5545,200.0,1,0,98.8
4906,mean_dynamic_mobilenetv2,stable,features_16,1775841122303.688,1775841122494.207,190.519,77.999,111.520,36.592,32937,5545,200.0,0,0,100.0
4907,mean_dynamic_mobilenetv2,stable,features_16,1775841122505.726,1775841122767.802,262.076,149.560,107.522,34.728,32937,5545,200.0,1,0,99.6
4908,mean_dynamic_mobilenetv2,stable,features_16,1775841122773.801,1775841122998.834,225.034,109.516,112.519,38.898,32937,5545,200.0,1,0,100.0
4909,mean_dynamic_mobilenetv2,stable,features_16,1775841123010.346,1775841123265.383,255.037,143.521,109.524,36.106,32937,5545,200.0,1,0,99.3
4910,mean_dynamic_mobilenetv2,stable,features_16,1775841123276.385,1775841123559.109,282.725,166.194,110.761,35.977,32937,5545,200.0,1,0,100.0
4911,mean_dynamic_mobilenetv2,stable,features_16,1775841123575.109,1775841123799.159,224.050,113.530,108.520,37.128,32937,5545,200.0,1,0,100.0
4912,mean_dynamic_mobilenetv2,stable,features_16,1775841123808.670,1775841124041.720,233.050,112.519,115.532,38.599,32937,5545,200.0,1,0,100.0
4913,mean_dynamic_mobilenetv2,stable,features_16,1775841124050.716,1775841124261.771,211.055,103.523,106.531,34.049,32937,5545,200.0,1,0,97.5
4914,mean_dynamic_mobilenetv2,stable,features_16,1775841124272.766,1775841124503.326,230.560,126.527,99.518,32.016,32937,5545,200.0,1,0,99.6
4915,mean_dynamic_mobilenetv2,stable,features_16,1775841124516.321,1775841124750.353,234.032,127.513,103.523,37.441,32937,5545,200.0,1,0,98.9
4916,mean_dynamic_mobilenetv2,stable,features_16,1775841124763.355,1775841125009.904,246.549,136.521,109.028,35.582,32937,5545,200.0,1,0,100.0
4917,mean_dynamic_mobilenetv2,stable,features_16,1775841125019.907,1775841125235.939,216.031,95.515,119.517,41.752,32937,5545,200.0,1,0,100.0
4918,mean_dynamic_mobilenetv2,stable,features_16,1775841125243.942,1775841125450.983,207.042,107.523,98.519,34.511,32937,5545,200.0,1,0,97.9
4919,mean_dynamic_mobilenetv2,stable,features_16,1775841125464.985,1775841125664.011,199.026,96.513,101.513,33.249,32937,5545,200.0,0,0,96.7
4920,mean_dynamic_mobilenetv2,stable,features_16,1775841125669.015,1775841125890.050,221.035,112.510,106.661,38.153,32937,5545,200.0,1,0,100.0
4921,mean_dynamic_mobilenetv2,stable,features_16,1775841125900.053,1775841126103.505,203.452,99.524,102.924,35.088,32937,5545,200.0,1,0,98.7
4922,mean_dynamic_mobilenetv2,stable,features_16,1775841126110.508,1775841126319.534,209.027,44.000,161.024,35.788,32937,5545,200.0,1,0,98.1
4923,mean_dynamic_mobilenetv2,stable,features_16,1775841126324.535,1775841126468.047,143.512,31.999,110.512,37.616,32937,5545,200.0,0,0,98.8
4924,mean_dynamic_mobilenetv2,stable,features_16,1775841126473.050,1775841126608.136,135.087,27.001,106.087,36.583,32937,5545,200.0,0,0,97.4
4925,mean_dynamic_mobilenetv2,stable,features_16,1775841126614.137,1775841126755.648,141.510,25.000,115.511,48.090,32937,5545,200.0,0,0,96.0
4926,mean_dynamic_mobilenetv2,stable,features_16,1775841126761.647,1775841126899.169,137.522,34.006,102.518,34.149,32937,5545,200.0,0,0,95.9
4927,mean_dynamic_mobilenetv2,stable,features_16,1775841126905.684,1775841127061.205,155.521,45.000,109.525,38.005,32937,5545,200.0,0,0,95.1
4928,mean_dynamic_mobilenetv2,stable,features_16,1775841127074.503,1775841127247.536,173.033,58.512,110.520,37.576,32937,5545,200.0,0,0,97.6
4929,mean_dynamic_mobilenetv2,stable,features_16,1775841127257.535,1775841127430.572,173.037,72.516,96.522,30.843,32937,5545,200.0,0,0,100.0
4930,mean_dynamic_mobilenetv2,stable,features_16,1775841127439.576,1775841127668.605,229.029,107.529,116.517,37.936,32937,5545,200.0,1,0,99.2
4931,mean_dynamic_mobilenetv2,stable,features_16,1775841127678.609,1775841127892.197,213.588,96.057,115.533,41.275,32937,5545,200.0,1,0,97.8
4932,mean_dynamic_mobilenetv2,stable,features_16,1775841127902.198,1775841128133.754,231.556,124.036,104.518,35.039,32937,5545,200.0,1,0,98.9
4933,mean_dynamic_mobilenetv2,stable,features_16,1775841128140.753,1775841128408.416,267.663,158.997,106.668,39.797,32937,5545,200.0,1,0,97.9
4934,mean_dynamic_mobilenetv2,stable,features_16,1775841128427.414,1775841128743.057,315.643,207.773,106.869,34.444,32937,5545,200.0,1,0,100.0
4935,mean_dynamic_mobilenetv2,stable,features_16,1775841128756.313,1775841129010.388,254.076,145.038,108.040,35.715,32937,5545,200.0,1,0,99.6
4936,mean_dynamic_mobilenetv2,stable,features_16,1775841129026.386,1775841129348.946,322.560,199.036,118.520,44.954,32937,5545,200.0,1,0,100.0
4937,mean_dynamic_mobilenetv2,stable,features_16,1775841129360.943,1775841129661.516,300.573,183.055,116.520,44.535,32937,5545,200.0,1,0,99.1
4938,mean_dynamic_mobilenetv2,stable,features_16,1775841129670.517,1775841129883.571,213.053,99.533,107.525,38.379,32937,5545,200.0,1,0,100.0
4939,mean_dynamic_mobilenetv2,stable,features_16,1775841129895.581,1775841130085.601,190.020,75.502,113.520,40.985,32937,5545,200.0,0,0,99.5
4940,mean_dynamic_mobilenetv2,stable,features_16,1775841130091.610,1775841130248.633,157.023,51.514,104.508,36.094,32937,5545,200.0,0,0,94.0
4941,mean_dynamic_mobilenetv2,stable,features_16,1775841130253.634,1775841130392.151,138.518,28.000,108.517,39.870,32937,5545,200.0,0,0,96.0
4942,mean_dynamic_mobilenetv2,stable,features_16,1775841130397.151,1775841130530.174,133.023,31.514,100.510,32.138,32937,5545,200.0,0,0,97.3
4943,mean_dynamic_mobilenetv2,stable,features_16,1775841130535.175,1775841130668.694,133.519,24.001,106.519,38.243,32937,5545,200.0,0,0,96.0
4944,mean_dynamic_mobilenetv2,stable,features_16,1775841130673.697,1775841130819.737,146.040,39.521,105.522,36.729,32937,5545,200.0,0,0,100.0
4945,mean_dynamic_mobilenetv2,stable,features_16,1775841130828.739,1775841131000.268,171.529,62.011,107.518,37.923,32937,5545,200.0,0,0,98.5
4946,mean_dynamic_mobilenetv2,stable,features_16,1775841131008.779,1775841131186.290,177.511,62.000,113.513,39.524,32937,5545,200.0,0,0,99.0
4947,mean_dynamic_mobilenetv2,stable,features_16,1775841131194.305,1775841131407.866,213.561,86.508,125.051,40.773,32937,5545,200.0,1,0,97.8
4948,mean_dynamic_mobilenetv2,stable,features_16,1775841131422.867,1775841131648.919,226.052,114.519,108.533,34.401,32937,5545,200.0,1,0,99.6
4949,mean_dynamic_mobilenetv2,stable,features_16,1775841131659.916,1775841131870.956,211.040,93.516,113.523,38.540,32937,5545,200.0,1,0,96.2
4950,mean_dynamic_mobilenetv2,stable,features_16,1775841131878.957,1775841132101.023,222.066,96.531,121.539,35.157,32937,5545,200.0,1,0,99.1
4951,mean_dynamic_mobilenetv2,stable,features_16,1775841132109.543,1775841132331.597,222.055,113.521,107.539,36.887,32937,5545,200.0,1,0,100.0
4952,mean_dynamic_mobilenetv2,stable,features_16,1775841132340.598,1775841132577.667,237.069,130.525,105.542,35.668,32937,5545,200.0,1,0,98.5
4953,mean_dynamic_mobilenetv2,stable,features_16,1775841132588.663,1775841132818.220,229.557,108.526,118.030,41.562,32937,5545,200.0,1,0,97.6
4954,mean_dynamic_mobilenetv2,stable,features_16,1775841132831.224,1775841133068.263,237.039,116.515,118.522,39.075,32937,5545,200.0,1,0,98.1
4955,mean_dynamic_mobilenetv2,stable,features_16,1775841133077.266,1775841133284.292,207.026,93.517,112.511,39.722,32937,5545,200.0,1,0,98.3
4956,mean_dynamic_mobilenetv2,stable,features_16,1775841133314.813,1775841133592.873,278.059,156.523,115.832,36.632,32937,5545,200.0,1,0,99.7
4957,mean_dynamic_mobilenetv2,stable,features_16,1775841133598.872,1775841133821.429,222.557,110.042,110.519,37.998,32937,5545,200.0,1,0,99.2
4958,mean_dynamic_mobilenetv2,stable,features_16,1775841133834.432,1775841134041.481,207.050,100.528,105.523,35.866,32937,5545,200.0,1,0,98.7
4959,mean_dynamic_mobilenetv2,stable,features_16,1775841134051.479,1775841134264.528,213.048,95.530,112.516,35.166,32937,5545,200.0,1,0,98.7
4960,mean_dynamic_mobilenetv2,stable,features_16,1775841134270.528,1775841134469.553,199.025,88.515,107.508,38.882,32937,5545,200.0,0,0,98.6
4961,mean_dynamic_mobilenetv2,stable,features_16,1775841134475.553,1775841134636.579,161.026,52.514,106.512,37.752,32937,5545,200.0,0,0,98.3
4962,mean_dynamic_mobilenetv2,stable,features_16,1775841134642.579,1775841134813.606,171.027,55.014,115.014,38.196,32937,5545,200.0,0,0,93.8
4963,mean_dynamic_mobilenetv2,stable,features_16,1775841134818.609,1775841134964.778,146.170,33.999,111.172,40.038,32937,5545,200.0,0,0,95.8
4964,mean_dynamic_mobilenetv2,stable,features_16,1775841134974.781,1775841135146.815,172.034,70.521,97.514,33.025,32937,5545,200.0,0,0,98.9
4965,mean_dynamic_mobilenetv2,stable,features_16,1775841135153.819,1775841135315.863,162.045,54.518,104.525,35.880,32937,5545,200.0,0,0,100.0
4966,mean_dynamic_mobilenetv2,stable,features_16,1775841135320.860,1775841135495.556,174.696,62.003,111.128,38.249,32937,5545,200.0,0,0,99.5
4967,mean_dynamic_mobilenetv2,stable,features_16,1775841135502.553,1775841135664.582,162.030,49.512,110.518,39.361,32937,5545,200.0,0,0,98.2
4968,mean_dynamic_mobilenetv2,stable,features_16,1775841135669.583,1775841135820.628,151.045,39.527,109.518,40.248,32937,5545,200.0,0,0,98.4
4969,mean_dynamic_mobilenetv2,stable,features_16,1775841135827.632,1775841135982.150,154.518,47.993,104.524,37.454,32937,5545,200.0,0,0,94.5
4970,mean_dynamic_mobilenetv2,stable,features_16,1775841135991.154,1775841136197.551,206.397,86.513,114.882,38.510,32937,5545,200.0,1,0,99.1
4971,mean_dynamic_mobilenetv2,stable,features_16,1775841136215.068,1775841136597.646,382.578,258.052,114.528,37.196,32937,5545,200.0,1,0,100.0
4972,mean_dynamic_mobilenetv2,stable,features_16,1775841136611.164,1775841136837.203,226.040,118.522,106.517,34.604,32937,5545,200.0,1,0,99.2
4973,mean_dynamic_mobilenetv2,stable,features_16,1775841136847.205,1775841137049.243,202.039,95.518,102.670,36.164,32937,5545,200.0,1,0,98.6
4974,mean_dynamic_mobilenetv2,stable,features_16,1775841137056.241,1775841137266.296,210.055,100.524,107.540,35.033,32937,5545,200.0,1,0,100.0
4975,mean_dynamic_mobilenetv2,stable,features_16,1775841137274.295,1775841137469.332,195.037,88.523,105.513,36.570,32937,5545,200.0,0,0,99.5
4976,mean_dynamic_mobilenetv2,stable,features_16,1775841137473.330,1775841137608.354,135.023,23.008,112.015,37.339,32937,5545,200.0,0,0,98.7
4977,mean_dynamic_mobilenetv2,stable,features_16,1775841137614.354,1775841137817.378,203.023,39.003,163.020,92.433,32937,5545,200.0,1,0,95.3
4978,mean_dynamic_mobilenetv2,stable,features_16,1775841137825.377,1775841137999.899,174.521,66.005,104.511,36.406,32937,5545,200.0,0,0,99.5
4979,mean_dynamic_mobilenetv2,stable,features_16,1775841138008.401,1775841138185.183,176.781,63.000,109.511,42.786,32937,5545,200.0,0,0,90.3
4980,mean_dynamic_mobilenetv2,stable,features_16,1775841138193.916,1775841138380.950,187.034,75.513,110.521,38.100,32937,5545,200.0,0,0,96.4
4981,mean_dynamic_mobilenetv2,stable,features_16,1775841138389.950,1775841138563.978,174.028,64.517,108.515,36.049,32937,5545,200.0,0,0,92.8
4982,mean_dynamic_mobilenetv2,stable,features_16,1775841138571.978,1775841138748.002,176.025,72.513,103.512,32.644,32937,5545,200.0,0,0,94.1
4983,mean_dynamic_mobilenetv2,stable,features_16,1775841138754.003,1775841138913.041,159.038,53.522,104.516,35.776,32937,5545,200.0,0,0,98.8
4984,mean_dynamic_mobilenetv2,stable,features_16,1775841138921.042,1775841139098.562,177.521,71.012,104.509,37.009,32937,5545,200.0,0,0,97.5
4985,mean_dynamic_mobilenetv2,stable,features_16,1775841139105.562,1775841139283.579,178.017,69.508,105.511,36.720,32937,5545,200.0,0,0,95.9
4986,mean_dynamic_mobilenetv2,stable,features_16,1775841139292.583,1775841139525.130,232.547,124.030,107.521,39.224,32937,5545,200.0,1,0,100.0
4987,mean_dynamic_mobilenetv2,stable,features_16,1775841139537.126,1775841139724.159,187.033,80.521,105.512,35.589,32937,5545,200.0,0,0,95.9
4988,mean_dynamic_mobilenetv2,stable,features_16,1775841139730.159,1775841139937.206,207.046,89.521,116.523,42.212,32937,5545,200.0,1,0,97.4
4989,mean_dynamic_mobilenetv2,stable,features_16,1775841139945.203,1775841140174.251,229.048,112.521,114.529,38.800,32937,5545,200.0,1,0,99.6
4990,mean_dynamic_mobilenetv2,stable,features_16,1775841140184.252,1775841140453.806,269.554,156.038,108.516,31.693,32937,5545,200.0,1,0,100.0
4991,mean_dynamic_mobilenetv2,stable,features_16,1775841140465.806,1775841140687.847,222.041,112.523,107.523,36.268,32937,5545,200.0,1,0,97.2
4992,mean_dynamic_mobilenetv2,stable,features_16,1775841140697.854,1775841140927.393,229.538,112.028,114.517,38.529,32937,5545,200.0,1,0,97.6
4993,mean_dynamic_mobilenetv2,stable,features_16,1775841140940.393,1775841141163.443,223.050,111.534,111.516,40.913,32937,5545,200.0,1,0,98.0
4994,mean_dynamic_mobilenetv2,stable,features_16,1775841141169.443,1775841141330.470,161.027,55.516,102.512,32.382,32937,5545,200.0,0,0,92.7
4995,mean_dynamic_mobilenetv2,stable,features_16,1775841141336.470,1775841141486.982,150.512,47.002,102.956,37.140,32937,5545,200.0,0,0,95.8
4996,mean_dynamic_mobilenetv2,stable,features_16,1775841141491.984,1775841141619.017,127.033,18.517,107.518,34.801,32937,5545,200.0,0,0,96.7
4997,mean_dynamic_mobilenetv2,stable,features_16,1775841141624.018,1775841141766.531,142.513,28.000,111.510,38.603,32937,5545,200.0,0,0,98.6
4998,mean_dynamic_mobilenetv2,stable,features_16,1775841141773.528,1775841141929.577,156.049,45.534,108.521,37.728,32937,5545,200.0,0,0,94.3
4999,mean_dynamic_mobilenetv2,stable,features_16,1775841141937.577,1775841142165.628,228.051,115.524,102.521,33.709,32937,5545,200.0,1,0,98.9
