request_id,strategy,scenario,chosen_split,t_start_ms,t_end_ms,latency_ms,front_ms,http_ms,server_compute_ms,bytes_up,bytes_down,deadline_ms,missed_deadline,switched,cpu_percent
0,mean_dynamic_mobilenetv2,stable,features_16,1775834688063.317,1775834688168.840,105.523,27.514,76.009,22.949,32937,5545,200.0,0,0,19.4
1,mean_dynamic_mobilenetv2,stable,features_16,1775834688182.358,1775834688291.863,109.505,35.002,73.505,23.120,32937,5545,200.0,0,0,83.7
2,mean_dynamic_mobilenetv2,stable,features_16,1775834688294.863,1775834688403.370,108.507,12.001,96.506,24.476,32937,5545,200.0,0,0,77.0
3,mean_dynamic_mobilenetv2,stable,features_16,1775834688407.370,1775834688491.877,84.507,16.001,68.507,24.153,32937,5545,200.0,0,0,78.7
4,mean_dynamic_mobilenetv2,stable,features_16,1775834688495.878,1775834688605.386,109.509,18.001,90.508,26.144,32937,5545,200.0,0,0,86.6
5,mean_dynamic_mobilenetv2,stable,features_16,1775834688609.386,1775834688711.894,102.507,14.002,87.506,24.671,32937,5545,200.0,0,0,77.9
6,mean_dynamic_mobilenetv2,stable,features_16,1775834688715.894,1775834688798.402,82.508,12.000,70.508,24.838,32937,5545,200.0,0,0,82.9
7,mean_dynamic_mobilenetv2,stable,features_16,1775834688802.401,1775834688885.953,83.551,14.001,69.551,24.806,32937,5545,200.0,0,0,78.1
8,mean_dynamic_mobilenetv2,stable,features_16,1775834688888.910,1775834688987.415,98.505,10.999,87.506,24.532,32937,5545,200.0,0,0,71.9
9,mean_dynamic_mobilenetv2,stable,features_16,1775834688990.444,1775834689076.418,85.975,16.002,68.000,24.043,32937,5545,200.0,0,0,75.0
10,mean_dynamic_mobilenetv2,stable,features_16,1775834689078.921,1775834689154.925,76.004,9.005,66.999,25.238,32937,5545,200.0,0,0,75.6
11,mean_dynamic_mobilenetv2,stable,features_16,1775834689157.925,1775834689258.435,100.510,8.006,90.504,31.378,32937,5545,200.0,0,0,74.3
12,mean_dynamic_mobilenetv2,stable,features_16,1775834689261.435,1775834689364.948,103.513,9.008,93.505,27.212,32937,5545,200.0,0,0,67.7
13,mean_dynamic_mobilenetv2,stable,features_16,1775834689367.948,1775834689451.456,83.507,9.000,72.003,21.956,32937,5545,200.0,0,0,69.8
14,mean_dynamic_mobilenetv2,stable,features_16,1775834689454.456,1775834689533.969,79.513,9.003,69.510,27.101,32937,5545,200.0,0,0,72.3
15,mean_dynamic_mobilenetv2,stable,features_16,1775834689536.969,1775834689620.477,83.508,11.002,71.506,25.115,32937,5545,200.0,0,0,76.0
16,mean_dynamic_mobilenetv2,stable,features_16,1775834689623.476,1775834689717.982,94.506,11.001,82.506,26.480,32937,5545,200.0,0,0,75.3
17,mean_dynamic_mobilenetv2,stable,features_16,1775834689721.985,1775834689827.490,105.504,9.998,94.506,29.010,32937,5545,200.0,0,0,73.0
18,mean_dynamic_mobilenetv2,stable,features_16,1775834689830.490,1775834689931.997,101.507,12.001,88.506,23.185,32937,5545,200.0,0,0,74.1
19,mean_dynamic_mobilenetv2,stable,features_16,1775834689934.998,1775834690009.504,74.507,9.000,64.506,20.586,32937,5545,200.0,0,0,72.8
20,mean_dynamic_mobilenetv2,stable,features_16,1775834690012.505,1775834690107.011,94.506,9.003,83.505,25.737,32937,5545,200.0,0,0,68.4
21,mean_dynamic_mobilenetv2,stable,features_16,1775834690110.011,1775834690208.518,98.507,10.001,88.506,21.901,32937,5545,200.0,0,0,74.2
22,mean_dynamic_mobilenetv2,stable,features_16,1775834690212.518,1775834690301.024,88.506,8.001,78.505,21.257,32937,5545,200.0,0,0,69.8
23,mean_dynamic_mobilenetv2,stable,features_16,1775834690305.024,1775834690387.531,82.507,11.001,70.502,24.807,32937,5545,200.0,0,0,70.8
24,mean_dynamic_mobilenetv2,stable,features_16,1775834690391.531,1775834690496.038,104.507,9.000,94.506,25.879,32937,5545,200.0,0,0,70.3
25,mean_dynamic_mobilenetv2,stable,features_16,1775834690500.038,1775834690639.544,139.506,15.001,123.506,79.268,32937,5545,200.0,0,0,76.9
26,mean_dynamic_mobilenetv2,stable,features_16,1775834690642.545,1775834690741.052,98.506,13.000,85.506,23.736,32937,5545,200.0,0,0,69.8
27,mean_dynamic_mobilenetv2,stable,features_16,1775834690745.052,1775834690835.558,90.506,11.001,79.505,27.126,32937,5545,200.0,0,0,71.9
28,mean_dynamic_mobilenetv2,stable,features_16,1775834690839.558,1775834690940.066,100.507,14.001,86.506,24.125,32937,5545,200.0,0,0,72.3
29,mean_dynamic_mobilenetv2,stable,features_16,1775834690943.066,1775834691029.573,86.508,10.001,74.506,27.054,32937,5545,200.0,0,0,70.8
30,mean_dynamic_mobilenetv2,stable,features_16,1775834691032.573,1775834691121.081,88.509,14.001,74.507,25.487,32937,5545,200.0,0,0,72.9
31,mean_dynamic_mobilenetv2,stable,features_16,1775834691124.080,1775834691220.586,96.506,9.000,87.506,26.156,32937,5545,200.0,0,0,70.8
32,mean_dynamic_mobilenetv2,stable,features_16,1775834691223.587,1775834691327.093,103.506,11.002,91.504,25.193,32937,5545,200.0,0,0,75.0
33,mean_dynamic_mobilenetv2,stable,features_16,1775834691330.093,1775834691432.108,102.015,11.003,90.012,21.028,32937,5545,200.0,0,0,75.2
34,mean_dynamic_mobilenetv2,stable,features_16,1775834691436.108,1775834691518.615,82.507,10.002,71.505,24.740,32937,5545,200.0,0,0,74.1
35,mean_dynamic_mobilenetv2,stable,features_16,1775834691521.616,1775834691621.126,99.510,14.001,85.509,23.310,32937,5545,200.0,0,0,80.4
36,mean_dynamic_mobilenetv2,stable,features_16,1775834691625.125,1775834691713.630,88.506,9.003,77.504,22.168,32937,5545,200.0,0,0,73.4
37,mean_dynamic_mobilenetv2,stable,features_16,1775834691717.630,1775834691827.137,109.507,12.000,96.506,28.202,32937,5545,200.0,0,0,69.0
38,mean_dynamic_mobilenetv2,stable,features_16,1775834691829.137,1775834691933.644,104.507,11.004,93.503,24.132,32937,5545,200.0,0,0,71.4
39,mean_dynamic_mobilenetv2,stable,features_16,1775834691936.644,1775834692025.151,88.507,10.001,77.506,23.932,32937,5545,200.0,0,0,71.4
40,mean_dynamic_mobilenetv2,stable,features_16,1775834692028.152,1775834692118.658,90.506,11.000,78.506,24.280,32937,5545,200.0,0,0,74.2
41,mean_dynamic_mobilenetv2,stable,features_16,1775834692121.658,1775834692195.166,73.507,10.001,63.506,21.522,32937,5545,200.0,0,0,70.3
42,mean_dynamic_mobilenetv2,stable,features_16,1775834692199.166,1775834692277.168,78.001,10.000,68.002,21.175,32937,5545,200.0,0,0,70.5
43,mean_dynamic_mobilenetv2,stable,features_16,1775834692279.673,1775834692386.181,106.507,10.001,94.505,27.400,32937,5545,200.0,0,0,71.8
44,mean_dynamic_mobilenetv2,stable,features_16,1775834692389.179,1775834692466.181,77.002,12.001,63.001,20.399,32937,5545,200.0,0,0,68.3
45,mean_dynamic_mobilenetv2,stable,features_16,1775834692469.182,1775834692565.703,96.521,9.504,86.013,22.627,32937,5545,200.0,0,0,70.1
46,mean_dynamic_mobilenetv2,stable,features_16,1775834692569.703,1775834692652.210,82.506,13.508,67.999,24.031,32937,5545,200.0,0,0,79.2
47,mean_dynamic_mobilenetv2,stable,features_16,1775834692655.210,1775834692740.717,85.507,15.004,70.503,25.446,32937,5545,200.0,0,0,71.2
48,mean_dynamic_mobilenetv2,stable,features_16,1775834692744.717,1775834692820.225,75.508,10.001,65.507,21.441,32937,5545,200.0,0,0,70.0
49,mean_dynamic_mobilenetv2,stable,features_16,1775834692823.225,1775834692897.731,74.507,10.002,64.505,22.669,32937,5545,200.0,0,0,70.4
50,mean_dynamic_mobilenetv2,stable,features_16,1775834692901.731,1775834692984.238,82.507,14.001,66.507,21.808,32937,5545,200.0,0,0,75.0
51,mean_dynamic_mobilenetv2,stable,features_16,1775834692988.239,1775834693070.241,82.002,10.001,71.001,25.770,32937,5545,200.0,0,0,71.2
52,mean_dynamic_mobilenetv2,stable,features_16,1775834693073.241,1775834693151.749,78.508,9.508,67.001,24.830,32937,5545,200.0,0,0,72.7
53,mean_dynamic_mobilenetv2,stable,features_16,1775834693154.749,1775834693244.258,89.509,8.001,80.508,20.411,32937,5545,200.0,0,0,69.8
54,mean_dynamic_mobilenetv2,stable,features_16,1775834693247.258,1775834693340.765,93.507,9.001,84.506,24.217,32937,5545,200.0,0,0,72.3
55,mean_dynamic_mobilenetv2,stable,features_16,1775834693344.765,1775834693424.272,79.507,10.003,69.504,23.808,32937,5545,200.0,0,0,70.7
56,mean_dynamic_mobilenetv2,stable,features_16,1775834693427.273,1775834693528.779,101.506,11.001,89.504,26.307,32937,5545,200.0,0,0,69.6
57,mean_dynamic_mobilenetv2,stable,features_16,1775834693531.779,1775834693609.286,77.508,9.003,67.504,20.681,32937,5545,200.0,0,0,77.5
58,mean_dynamic_mobilenetv2,stable,features_16,1775834693612.287,1775834693714.794,102.508,15.001,87.506,27.133,32937,5545,200.0,0,0,72.3
59,mean_dynamic_mobilenetv2,stable,features_16,1775834693717.795,1775834693803.303,85.508,10.000,74.506,22.186,32937,5545,200.0,0,0,70.0
60,mean_dynamic_mobilenetv2,stable,features_16,1775834693806.303,1775834693884.809,78.506,14.000,64.507,20.637,32937,5545,200.0,0,0,76.0
61,mean_dynamic_mobilenetv2,stable,features_16,1775834693887.809,1775834693968.812,81.002,10.001,70.002,25.552,32937,5545,200.0,0,0,72.5
62,mean_dynamic_mobilenetv2,stable,features_16,1775834693971.812,1775834694070.320,98.508,10.508,87.000,23.592,32937,5545,200.0,0,0,70.1
63,mean_dynamic_mobilenetv2,stable,features_16,1775834694073.320,1775834694148.827,75.507,8.509,66.999,24.995,32937,5545,200.0,0,0,71.6
64,mean_dynamic_mobilenetv2,stable,features_16,1775834694151.828,1775834694234.340,82.512,10.002,71.510,24.711,32937,5545,200.0,0,0,70.4
65,mean_dynamic_mobilenetv2,stable,features_16,1775834694237.341,1775834694334.848,97.507,10.001,86.506,26.355,32937,5545,200.0,0,0,69.8
66,mean_dynamic_mobilenetv2,stable,features_16,1775834694337.848,1775834694425.354,87.506,10.001,77.505,22.753,32937,5545,200.0,0,0,77.1
67,mean_dynamic_mobilenetv2,stable,features_16,1775834694429.354,1775834694503.861,74.506,10.002,64.504,22.249,32937,5545,200.0,0,0,70.0
68,mean_dynamic_mobilenetv2,stable,features_16,1775834694506.862,1775834694598.370,91.508,10.002,81.506,24.095,32937,5545,200.0,0,0,74.5
69,mean_dynamic_mobilenetv2,stable,features_16,1775834694601.370,1775834694683.876,82.506,12.000,70.506,24.373,32937,5545,200.0,0,0,76.0
70,mean_dynamic_mobilenetv2,stable,features_16,1775834694687.877,1775834694756.876,69.000,8.000,59.999,19.414,32937,5545,200.0,0,0,71.9
71,mean_dynamic_mobilenetv2,stable,features_16,1775834694759.876,1775834694858.389,98.512,11.008,85.505,24.163,32937,5545,200.0,0,0,70.5
72,mean_dynamic_mobilenetv2,stable,features_16,1775834694862.390,1775834694939.897,77.507,13.003,64.504,21.896,32937,5545,200.0,0,0,70.0
73,mean_dynamic_mobilenetv2,stable,features_16,1775834694943.897,1775834695042.406,98.508,11.003,87.506,22.240,32937,5545,200.0,0,0,68.8
74,mean_dynamic_mobilenetv2,stable,features_16,1775834695046.406,1775834695136.917,90.511,8.001,80.506,21.639,32937,5545,200.0,0,0,71.9
75,mean_dynamic_mobilenetv2,stable,features_16,1775834695139.913,1775834695248.420,108.507,13.000,94.507,23.802,32937,5545,200.0,0,0,73.5
76,mean_dynamic_mobilenetv2,stable,features_16,1775834695251.420,1775834695356.928,105.507,10.001,95.507,25.774,32937,5545,200.0,0,0,70.3
77,mean_dynamic_mobilenetv2,stable,features_16,1775834695359.928,1775834695458.437,98.509,11.005,85.504,19.847,32937,5545,200.0,0,0,70.4
78,mean_dynamic_mobilenetv2,stable,features_16,1775834695461.437,1775834695559.947,98.510,10.007,87.503,24.972,32937,5545,200.0,0,0,70.5
79,mean_dynamic_mobilenetv2,stable,features_16,1775834695562.948,1775834695642.457,79.510,13.006,65.505,20.911,32937,5545,200.0,0,0,80.2
80,mean_dynamic_mobilenetv2,stable,features_16,1775834695645.458,1775834695760.964,115.506,10.002,104.503,41.574,32937,5545,200.0,0,0,82.2
81,mean_dynamic_mobilenetv2,stable,features_16,1775834695763.966,1775834695844.475,80.509,14.004,64.506,22.996,32937,5545,200.0,0,0,70.9
82,mean_dynamic_mobilenetv2,stable,features_16,1775834695846.475,1775834695940.982,94.507,10.003,84.505,20.709,32937,5545,200.0,0,0,69.4
83,mean_dynamic_mobilenetv2,stable,features_16,1775834695943.983,1775834696038.489,94.506,9.001,85.505,24.745,32937,5545,200.0,0,0,70.8
84,mean_dynamic_mobilenetv2,stable,features_16,1775834696041.489,1775834696116.999,75.510,10.003,64.508,23.838,32937,5545,200.0,0,0,70.4
85,mean_dynamic_mobilenetv2,stable,features_16,1775834696120.000,1775834696196.506,76.506,10.001,65.505,19.036,32937,5545,200.0,0,0,70.5
86,mean_dynamic_mobilenetv2,stable,features_16,1775834696200.506,1775834696356.013,155.507,14.001,140.505,25.055,32937,5545,200.0,0,0,69.8
87,mean_dynamic_mobilenetv2,stable,features_16,1775834696359.013,1775834696946.348,587.335,14.007,571.338,27.021,32937,5545,200.0,1,0,29.9
88,mean_dynamic_mobilenetv2,stable,features_16,1775834696953.346,1775834697075.901,122.555,43.545,74.021,24.318,32937,5545,200.0,0,0,69.4
89,mean_dynamic_mobilenetv2,stable,features_16,1775834697089.430,1775834697210.928,121.499,46.999,72.500,23.219,32937,5545,200.0,0,0,75.2
90,mean_dynamic_mobilenetv2,stable,features_16,1775834697213.928,1775834697291.436,77.507,11.001,65.506,24.153,32937,5545,200.0,0,0,69.5
91,mean_dynamic_mobilenetv2,stable,features_16,1775834697294.435,1775834697369.437,75.002,10.001,64.000,22.019,32937,5545,200.0,0,0,70.9
92,mean_dynamic_mobilenetv2,stable,features_16,1775834697372.438,1775834697473.953,101.516,10.508,90.008,24.418,32937,5545,200.0,0,0,71.3
93,mean_dynamic_mobilenetv2,stable,features_16,1775834697476.953,1775834697578.468,101.515,12.519,88.996,22.987,32937,5545,200.0,0,0,69.6
94,mean_dynamic_mobilenetv2,stable,features_16,1775834697581.468,1775834697660.977,79.509,13.509,64.999,23.109,32937,5545,200.0,0,0,75.0
95,mean_dynamic_mobilenetv2,stable,features_16,1775834697663.977,1775834697744.487,80.510,13.007,66.503,22.908,32937,5545,200.0,0,0,73.2
96,mean_dynamic_mobilenetv2,stable,features_16,1775834697747.487,1775834697831.996,84.508,16.002,67.506,23.577,32937,5545,200.0,0,0,75.0
97,mean_dynamic_mobilenetv2,stable,features_16,1775834697834.996,1775834697909.503,74.507,12.001,62.505,19.775,32937,5545,200.0,0,0,70.0
98,mean_dynamic_mobilenetv2,stable,features_16,1775834697912.503,1775834697998.011,85.509,10.003,74.505,22.110,32937,5545,200.0,0,0,70.8
99,mean_dynamic_mobilenetv2,stable,features_16,1775834698002.011,1775834698111.517,109.506,12.002,96.504,27.116,32937,5545,200.0,0,0,71.2
100,mean_dynamic_mobilenetv2,stable,features_16,1775834698115.517,1775834698200.026,84.510,14.001,69.509,25.031,32937,5545,200.0,0,0,76.5
101,mean_dynamic_mobilenetv2,stable,features_16,1775834698203.027,1775834698290.535,87.508,10.001,76.507,24.112,32937,5545,200.0,0,0,70.8
102,mean_dynamic_mobilenetv2,stable,features_16,1775834698294.535,1775834698381.536,87.001,10.001,76.000,23.658,32937,5545,200.0,0,0,71.2
103,mean_dynamic_mobilenetv2,stable,features_16,1775834698385.042,1775834698492.549,107.507,11.001,95.506,26.446,32937,5545,200.0,0,0,78.7
104,mean_dynamic_mobilenetv2,stable,features_16,1775834698495.550,1775834698573.552,78.002,10.002,66.001,24.569,32937,5545,200.0,0,0,70.4
105,mean_dynamic_mobilenetv2,stable,features_16,1775834698576.552,1775834698674.062,97.510,15.509,81.002,20.837,32937,5545,200.0,0,0,74.2
106,mean_dynamic_mobilenetv2,stable,features_16,1775834698677.062,1775834698769.572,92.509,13.508,78.001,23.772,32937,5545,200.0,0,0,70.8
107,mean_dynamic_mobilenetv2,stable,features_16,1775834698773.572,1775834698852.078,78.505,12.507,65.999,22.484,32937,5545,200.0,0,0,72.3
108,mean_dynamic_mobilenetv2,stable,features_16,1775834698856.079,1775834698953.586,97.507,10.000,86.507,22.321,32937,5545,200.0,0,0,70.5
109,mean_dynamic_mobilenetv2,stable,features_16,1775834698956.587,1775834699039.097,82.510,10.004,72.507,25.029,32937,5545,200.0,0,0,71.6
110,mean_dynamic_mobilenetv2,stable,features_16,1775834699043.097,1775834699122.604,79.507,11.003,68.504,21.489,32937,5545,200.0,0,0,69.3
111,mean_dynamic_mobilenetv2,stable,features_16,1775834699126.604,1775834699219.111,92.507,9.001,82.506,25.142,32937,5545,200.0,0,0,70.8
112,mean_dynamic_mobilenetv2,stable,features_16,1775834699222.111,1775834699308.618,86.507,11.002,75.505,20.060,32937,5545,200.0,0,0,69.8
113,mean_dynamic_mobilenetv2,stable,features_16,1775834699311.618,1775834699406.125,94.507,10.001,83.506,24.912,32937,5545,200.0,0,0,75.3
114,mean_dynamic_mobilenetv2,stable,features_16,1775834699410.125,1775834699492.632,82.507,11.003,69.504,25.616,32937,5545,200.0,0,0,70.4
115,mean_dynamic_mobilenetv2,stable,features_16,1775834699494.634,1775834699590.140,95.506,10.004,84.505,22.558,32937,5545,200.0,0,0,73.2
116,mean_dynamic_mobilenetv2,stable,features_16,1775834699593.140,1775834699695.647,102.507,14.000,87.507,22.314,32937,5545,200.0,0,0,79.8
117,mean_dynamic_mobilenetv2,stable,features_16,1775834699698.647,1775834699779.650,81.002,12.002,69.000,25.105,32937,5545,200.0,0,0,71.4
118,mean_dynamic_mobilenetv2,stable,features_16,1775834699783.154,1775834699865.157,82.003,10.005,70.998,25.108,32937,5545,200.0,0,0,71.2
119,mean_dynamic_mobilenetv2,stable,features_16,1775834699868.161,1775834699949.665,81.504,9.000,72.503,25.363,32937,5545,200.0,0,0,72.3
120,mean_dynamic_mobilenetv2,stable,features_16,1775834699952.665,1775834700060.173,107.508,10.001,95.507,24.738,32937,5545,200.0,0,0,74.6
121,mean_dynamic_mobilenetv2,stable,features_16,1775834700063.173,1775834700161.684,98.511,11.008,87.504,22.945,32937,5545,200.0,0,0,70.8
122,mean_dynamic_mobilenetv2,stable,features_16,1775834700164.685,1775834700253.194,88.510,10.005,78.504,21.379,32937,5545,200.0,0,0,71.9
123,mean_dynamic_mobilenetv2,stable,features_16,1775834700256.194,1775834700351.702,95.508,10.001,84.507,26.626,32937,5545,200.0,0,0,69.8
124,mean_dynamic_mobilenetv2,stable,features_16,1775834700353.702,1775834700500.719,147.017,13.000,131.012,66.880,32937,5545,200.0,0,0,70.6
125,mean_dynamic_mobilenetv2,stable,features_16,1775834700503.718,1775834700623.225,119.507,14.001,104.506,34.529,32937,5545,200.0,0,0,74.6
126,mean_dynamic_mobilenetv2,stable,features_16,1775834700626.225,1775834700706.731,80.506,11.002,67.504,21.263,32937,5545,200.0,0,0,72.5
127,mean_dynamic_mobilenetv2,stable,features_16,1775834700709.732,1775834700819.240,109.508,11.003,97.504,27.666,32937,5545,200.0,0,0,71.4
128,mean_dynamic_mobilenetv2,stable,features_16,1775834700823.239,1775834700924.746,101.507,12.001,88.506,26.141,32937,5545,200.0,0,0,72.3
129,mean_dynamic_mobilenetv2,stable,features_16,1775834700927.746,1775834701029.253,101.507,11.002,88.507,23.243,32937,5545,200.0,0,0,72.3
130,mean_dynamic_mobilenetv2,stable,features_16,1775834701032.253,1775834701122.760,90.507,9.001,80.506,23.890,32937,5545,200.0,0,0,70.8
131,mean_dynamic_mobilenetv2,stable,features_16,1775834701126.760,1775834701226.268,99.508,11.001,88.507,24.859,32937,5545,200.0,0,0,76.2
132,mean_dynamic_mobilenetv2,stable,features_16,1775834701229.268,1775834701323.775,94.507,9.001,84.506,26.322,32937,5545,200.0,0,0,69.6
133,mean_dynamic_mobilenetv2,stable,features_16,1775834701326.775,1775834701427.282,100.507,14.001,84.506,22.807,32937,5545,200.0,0,0,69.8
134,mean_dynamic_mobilenetv2,stable,features_16,1775834701430.283,1775834701503.789,73.506,9.002,62.504,19.866,32937,5545,200.0,0,0,72.5
135,mean_dynamic_mobilenetv2,stable,features_16,1775834701506.790,1775834701598.297,91.507,13.001,77.506,23.016,32937,5545,200.0,0,0,73.2
136,mean_dynamic_mobilenetv2,stable,features_16,1775834701601.297,1775834701693.803,92.506,9.001,82.505,25.185,32937,5545,200.0,0,0,77.3
137,mean_dynamic_mobilenetv2,stable,features_16,1775834701696.804,1775834701776.806,80.002,10.000,69.002,25.003,32937,5545,200.0,0,0,72.3
138,mean_dynamic_mobilenetv2,stable,features_16,1775834701779.806,1775834701877.320,97.514,10.511,87.003,22.836,32937,5545,200.0,0,0,69.4
139,mean_dynamic_mobilenetv2,stable,features_16,1775834701880.321,1775834701953.831,73.511,10.512,62.998,22.820,32937,5545,200.0,0,0,72.5
140,mean_dynamic_mobilenetv2,stable,features_16,1775834701956.836,1775834702035.339,78.503,9.997,68.507,22.898,32937,5545,200.0,0,0,71.2
141,mean_dynamic_mobilenetv2,stable,features_16,1775834702038.339,1775834702170.850,132.510,10.002,121.506,24.842,32937,5545,200.0,0,0,69.4
142,mean_dynamic_mobilenetv2,stable,features_16,1775834702173.850,1775834702249.356,75.507,10.508,63.999,20.761,32937,5545,200.0,0,0,71.2
143,mean_dynamic_mobilenetv2,stable,features_16,1775834702252.356,1775834702341.865,89.509,10.003,78.506,23.728,32937,5545,200.0,0,0,69.4
144,mean_dynamic_mobilenetv2,stable,features_16,1775834702345.865,1775834702419.371,73.506,8.002,65.504,22.848,32937,5545,200.0,0,0,70.0
145,mean_dynamic_mobilenetv2,stable,features_16,1775834702422.371,1775834702506.878,84.507,9.001,74.506,26.764,32937,5545,200.0,0,0,70.4
146,mean_dynamic_mobilenetv2,stable,features_16,1775834702509.879,1775834702611.397,101.518,9.000,90.518,26.191,32937,5545,200.0,0,0,71.4
147,mean_dynamic_mobilenetv2,stable,features_16,1775834702613.398,1775834702687.905,74.507,11.001,63.506,20.584,32937,5545,200.0,0,0,79.0
148,mean_dynamic_mobilenetv2,stable,features_16,1775834702690.905,1775834702795.413,104.508,10.002,91.504,23.165,32937,5545,200.0,0,0,84.3
149,mean_dynamic_mobilenetv2,stable,features_16,1775834702799.413,1775834702900.920,101.507,15.001,85.506,22.909,32937,5545,200.0,0,0,71.2
150,mean_dynamic_mobilenetv2,stable,features_16,1775834702903.920,1775834702988.427,84.506,12.001,71.506,24.023,32937,5545,200.0,0,0,70.4
151,mean_dynamic_mobilenetv2,stable,features_16,1775834702991.427,1775834703070.429,79.002,10.001,69.001,24.118,32937,5545,200.0,0,0,72.6
152,mean_dynamic_mobilenetv2,stable,features_16,1775834703073.430,1775834703150.937,77.507,9.509,66.999,21.417,32937,5545,200.0,0,0,72.5
153,mean_dynamic_mobilenetv2,stable,features_16,1775834703153.938,1775834703233.445,79.507,11.001,67.506,23.505,32937,5545,200.0,0,0,69.1
154,mean_dynamic_mobilenetv2,stable,features_16,1775834703237.445,1775834703313.952,76.506,12.000,63.506,22.286,32937,5545,200.0,0,0,73.8
155,mean_dynamic_mobilenetv2,stable,features_16,1775834703316.952,1775834703409.459,92.508,14.001,77.506,21.396,32937,5545,200.0,0,0,72.4
156,mean_dynamic_mobilenetv2,stable,features_16,1775834703413.460,1775834703508.968,95.508,10.001,84.508,25.217,32937,5545,200.0,0,0,70.5
157,mean_dynamic_mobilenetv2,stable,features_16,1775834703511.969,1775834703607.476,95.508,10.002,84.504,20.109,32937,5545,200.0,0,0,74.2
158,mean_dynamic_mobilenetv2,stable,features_16,1775834703610.476,1775834703687.983,77.507,9.002,67.505,24.605,32937,5545,200.0,0,0,74.1
159,mean_dynamic_mobilenetv2,stable,features_16,1775834703690.986,1775834703768.986,78.000,9.999,65.999,23.180,32937,5545,200.0,0,0,76.5
160,mean_dynamic_mobilenetv2,stable,features_16,1775834703771.986,1775834703858.501,86.515,10.002,76.513,21.363,32937,5545,200.0,0,0,69.8
161,mean_dynamic_mobilenetv2,stable,features_16,1775834703861.501,1775834703948.011,86.510,9.005,76.503,20.502,32937,5545,200.0,0,0,69.8
162,mean_dynamic_mobilenetv2,stable,features_16,1775834703952.011,1775834704040.518,88.507,10.000,77.506,20.202,32937,5545,200.0,0,0,74.5
163,mean_dynamic_mobilenetv2,stable,features_16,1775834704044.518,1775834704153.024,108.506,14.000,93.506,25.339,32937,5545,200.0,0,0,72.8
164,mean_dynamic_mobilenetv2,stable,features_16,1775834704156.024,1775834704263.535,107.511,11.005,95.507,27.126,32937,5545,200.0,0,0,70.8
165,mean_dynamic_mobilenetv2,stable,features_16,1775834704267.536,1775834704361.044,93.508,11.009,82.500,19.072,32937,5545,200.0,0,0,70.5
166,mean_dynamic_mobilenetv2,stable,features_16,1775834704365.047,1775834704437.558,72.511,9.006,63.505,22.400,32937,5545,200.0,0,0,70.9
167,mean_dynamic_mobilenetv2,stable,features_16,1775834704440.558,1775834704535.067,94.509,10.001,84.508,19.541,32937,5545,200.0,0,0,68.4
168,mean_dynamic_mobilenetv2,stable,features_16,1775834704538.065,1775834704630.573,92.508,9.002,82.506,23.104,32937,5545,200.0,0,0,74.0
169,mean_dynamic_mobilenetv2,stable,features_16,1775834704633.573,1775834704727.080,93.507,9.001,82.502,25.609,32937,5545,200.0,0,0,73.3
170,mean_dynamic_mobilenetv2,stable,features_16,1775834704730.080,1775834704834.588,104.508,13.003,91.505,25.156,32937,5545,200.0,0,0,69.2
171,mean_dynamic_mobilenetv2,stable,features_16,1775834704837.589,1775834704916.095,78.506,9.000,68.506,23.343,32937,5545,200.0,0,0,70.5
172,mean_dynamic_mobilenetv2,stable,features_16,1775834704920.095,1775834705017.603,97.508,11.001,86.507,23.070,32937,5545,200.0,0,0,71.1
173,mean_dynamic_mobilenetv2,stable,features_16,1775834705021.604,1775834705098.111,76.507,10.001,66.506,22.738,32937,5545,200.0,0,0,70.0
174,mean_dynamic_mobilenetv2,stable,features_16,1775834705101.111,1775834705184.629,83.518,11.001,72.517,19.838,32937,5545,200.0,0,0,80.4
175,mean_dynamic_mobilenetv2,stable,features_16,1775834705188.629,1775834705296.133,107.504,17.998,88.507,22.655,32937,5545,200.0,0,0,71.4
176,mean_dynamic_mobilenetv2,stable,features_16,1775834705299.134,1775834705392.641,93.507,9.001,82.506,24.486,32937,5545,200.0,0,0,69.8
177,mean_dynamic_mobilenetv2,stable,features_16,1775834705396.641,1775834705480.642,84.002,11.002,72.000,26.930,32937,5545,200.0,0,0,69.8
178,mean_dynamic_mobilenetv2,stable,features_16,1775834705483.145,1775834705579.151,96.006,9.004,85.002,25.611,32937,5545,200.0,0,0,70.8
179,mean_dynamic_mobilenetv2,stable,features_16,1775834705582.151,1775834705654.659,72.509,10.513,61.996,20.627,32937,5545,200.0,0,0,76.2
180,mean_dynamic_mobilenetv2,stable,features_16,1775834705658.660,1775834705763.167,104.508,14.004,89.505,22.114,32937,5545,200.0,0,0,77.5
181,mean_dynamic_mobilenetv2,stable,features_16,1775834705766.168,1775834705846.682,80.513,10.008,70.505,25.072,32937,5545,200.0,0,0,77.8
182,mean_dynamic_mobilenetv2,stable,features_16,1775834705849.680,1775834705947.187,97.507,10.000,86.507,22.352,32937,5545,200.0,0,0,70.3
183,mean_dynamic_mobilenetv2,stable,features_16,1775834705950.189,1775834706043.693,93.504,9.999,82.505,25.358,32937,5545,200.0,0,0,72.4
184,mean_dynamic_mobilenetv2,stable,features_16,1775834706047.693,1775834706153.200,105.507,14.001,90.506,24.563,32937,5545,200.0,0,0,69.6
185,mean_dynamic_mobilenetv2,stable,features_16,1775834706156.201,1775834706232.712,76.511,10.002,65.509,21.464,32937,5545,200.0,0,0,70.0
186,mean_dynamic_mobilenetv2,stable,features_16,1775834706235.712,1775834706337.219,101.507,10.001,89.505,24.695,32937,5545,200.0,0,0,74.3
187,mean_dynamic_mobilenetv2,stable,features_16,1775834706340.219,1775834706430.726,90.507,9.001,80.506,22.110,32937,5545,200.0,0,0,70.5
188,mean_dynamic_mobilenetv2,stable,features_16,1775834706433.727,1775834706510.233,76.506,10.001,66.505,21.037,32937,5545,200.0,0,0,70.9
189,mean_dynamic_mobilenetv2,stable,features_16,1775834706513.234,1775834706598.741,85.507,10.000,74.508,21.900,32937,5545,200.0,0,0,73.2
190,mean_dynamic_mobilenetv2,stable,features_16,1775834706602.742,1775834706679.744,77.002,11.000,65.001,22.769,32937,5545,200.0,0,0,77.2
191,mean_dynamic_mobilenetv2,stable,features_16,1775834706683.247,1775834706789.760,106.514,12.005,94.509,25.098,32937,5545,200.0,0,0,69.6
192,mean_dynamic_mobilenetv2,stable,features_16,1775834706792.760,1775834706870.761,78.001,10.001,68.000,23.868,32937,5545,200.0,0,0,72.5
193,mean_dynamic_mobilenetv2,stable,features_16,1775834706873.769,1775834706972.276,98.508,11.508,86.999,23.749,32937,5545,200.0,0,0,69.1
194,mean_dynamic_mobilenetv2,stable,features_16,1775834706975.283,1775834707050.789,75.506,10.508,64.998,24.062,32937,5545,200.0,0,0,73.8
195,mean_dynamic_mobilenetv2,stable,features_16,1775834707053.790,1775834707146.296,92.507,11.000,81.507,24.500,32937,5545,200.0,0,0,69.8
196,mean_dynamic_mobilenetv2,stable,features_16,1775834707149.296,1775834707238.803,89.507,10.001,78.506,24.520,32937,5545,200.0,0,0,69.8
197,mean_dynamic_mobilenetv2,stable,features_16,1775834707241.804,1775834707329.311,87.507,10.000,74.508,20.225,32937,5545,200.0,0,0,69.8
198,mean_dynamic_mobilenetv2,stable,features_16,1775834707332.311,1775834707422.818,90.507,12.004,77.504,23.051,32937,5545,200.0,0,0,69.8
199,mean_dynamic_mobilenetv2,stable,features_16,1775834707426.818,1775834707501.327,74.509,10.003,63.506,22.522,32937,5545,200.0,0,0,71.6
200,mean_dynamic_mobilenetv2,stable,features_16,1775834707504.328,1775834707580.837,76.509,10.508,65.001,24.349,32937,5545,200.0,0,0,80.7
201,mean_dynamic_mobilenetv2,stable,features_16,1775834707584.343,1775834707667.344,83.000,16.002,65.998,21.627,32937,5545,200.0,0,0,87.0
202,mean_dynamic_mobilenetv2,stable,features_16,1775834707670.346,1775834707764.850,94.504,9.001,84.504,24.654,32937,5545,200.0,0,0,72.0
203,mean_dynamic_mobilenetv2,stable,features_16,1775834707766.850,1775834707903.869,137.018,10.004,126.015,72.071,32937,5545,200.0,0,0,73.2
204,mean_dynamic_mobilenetv2,stable,features_16,1775834707906.868,1775834707997.378,90.510,12.001,77.509,24.291,32937,5545,200.0,0,0,71.6
205,mean_dynamic_mobilenetv2,stable,features_16,1775834708000.379,1775834708104.892,104.512,12.001,91.509,22.480,32937,5545,200.0,0,0,74.1
206,mean_dynamic_mobilenetv2,stable,features_16,1775834708107.890,1775834708188.397,80.507,10.001,70.506,24.765,32937,5545,200.0,0,0,70.4
207,mean_dynamic_mobilenetv2,stable,features_16,1775834708191.397,1775834708286.905,95.507,11.001,83.506,19.832,32937,5545,200.0,0,0,71.9
208,mean_dynamic_mobilenetv2,stable,features_16,1775834708289.904,1775834708381.907,92.003,9.001,83.002,22.594,32937,5545,200.0,0,0,69.8
209,mean_dynamic_mobilenetv2,stable,features_16,1775834708385.413,1775834708466.413,80.999,10.000,70.000,24.029,32937,5545,200.0,0,0,70.2
210,mean_dynamic_mobilenetv2,stable,features_16,1775834708469.416,1775834708567.922,98.505,10.000,88.505,24.666,32937,5545,200.0,0,0,72.4
211,mean_dynamic_mobilenetv2,stable,features_16,1775834708570.927,1775834708649.439,78.512,13.514,63.999,21.728,32937,5545,200.0,0,0,84.4
212,mean_dynamic_mobilenetv2,stable,features_16,1775834708652.440,1775834708748.947,96.507,17.003,78.505,21.518,32937,5545,200.0,0,0,69.1
213,mean_dynamic_mobilenetv2,stable,features_16,1775834708752.948,1775834708834.455,81.507,9.000,71.507,25.565,32937,5545,200.0,0,0,70.4
214,mean_dynamic_mobilenetv2,stable,features_16,1775834708837.456,1775834708941.962,104.507,10.001,94.506,26.586,32937,5545,200.0,0,0,69.6
215,mean_dynamic_mobilenetv2,stable,features_16,1775834708944.963,1775834709027.470,82.508,10.001,71.507,25.390,32937,5545,200.0,0,0,72.3
216,mean_dynamic_mobilenetv2,stable,features_16,1775834709030.470,1775834709110.978,80.508,8.002,71.506,24.757,32937,5545,200.0,0,0,69.5
217,mean_dynamic_mobilenetv2,stable,features_16,1775834709113.979,1775834709201.486,87.507,11.000,75.507,23.089,32937,5545,200.0,0,0,70.8
218,mean_dynamic_mobilenetv2,stable,features_16,1775834709204.486,1775834709282.489,78.003,10.000,66.002,23.967,32937,5545,200.0,0,0,71.2
219,mean_dynamic_mobilenetv2,stable,features_16,1775834709285.995,1775834709392.502,106.507,12.001,93.506,25.181,32937,5545,200.0,0,0,69.9
220,mean_dynamic_mobilenetv2,stable,features_16,1775834709395.503,1775834709474.505,79.002,11.002,68.000,23.406,32937,5545,200.0,0,0,70.0
221,mean_dynamic_mobilenetv2,stable,features_16,1775834709477.505,1775834709576.014,98.509,11.510,85.999,23.083,32937,5545,200.0,0,0,69.6
222,mean_dynamic_mobilenetv2,stable,features_16,1775834709579.014,1775834709659.522,80.508,9.510,70.998,25.582,32937,5545,200.0,0,0,80.0
223,mean_dynamic_mobilenetv2,stable,features_16,1775834709662.522,1775834709761.032,98.509,10.005,88.504,22.024,32937,5545,200.0,0,0,78.4
224,mean_dynamic_mobilenetv2,stable,features_16,1775834709765.032,1775834709859.542,94.510,13.006,79.504,25.089,32937,5545,200.0,0,0,72.4
225,mean_dynamic_mobilenetv2,stable,features_16,1775834709863.542,1775834709960.055,96.513,11.008,83.506,20.187,32937,5545,200.0,0,0,73.2
226,mean_dynamic_mobilenetv2,stable,features_16,1775834709964.055,1775834710073.569,109.513,16.005,92.508,26.220,32937,5545,200.0,0,0,72.7
227,mean_dynamic_mobilenetv2,stable,features_16,1775834710076.569,1775834710157.075,80.506,9.508,69.999,24.213,32937,5545,200.0,0,0,75.3
228,mean_dynamic_mobilenetv2,stable,features_16,1775834710160.076,1775834710255.584,95.508,14.004,81.503,21.564,32937,5545,200.0,0,0,67.7
229,mean_dynamic_mobilenetv2,stable,features_16,1775834710259.584,1775834710347.093,87.509,9.000,78.508,22.752,32937,5545,200.0,0,0,71.9
230,mean_dynamic_mobilenetv2,stable,features_16,1775834710350.094,1775834710427.600,77.506,10.000,67.506,24.588,32937,5545,200.0,0,0,71.2
231,mean_dynamic_mobilenetv2,stable,features_16,1775834710430.601,1775834710505.108,74.507,10.001,64.506,21.059,32937,5545,200.0,0,0,71.2
232,mean_dynamic_mobilenetv2,stable,features_16,1775834710509.108,1775834710583.613,74.505,9.002,62.998,18.433,32937,5545,200.0,0,0,70.0
233,mean_dynamic_mobilenetv2,stable,features_16,1775834710586.616,1775834710668.616,82.000,13.001,67.999,23.309,32937,5545,200.0,0,0,79.4
234,mean_dynamic_mobilenetv2,stable,features_16,1775834710671.619,1775834710773.127,101.507,9.000,91.507,24.923,32937,5545,200.0,0,0,69.8
235,mean_dynamic_mobilenetv2,stable,features_16,1775834710776.129,1775834710853.636,77.507,12.508,64.999,23.318,32937,5545,200.0,0,0,72.6
236,mean_dynamic_mobilenetv2,stable,features_16,1775834710856.636,1775834710953.145,96.508,10.000,86.508,20.763,32937,5545,200.0,0,0,69.1
237,mean_dynamic_mobilenetv2,stable,features_16,1775834710956.146,1775834711037.653,81.508,8.000,72.508,27.387,32937,5545,200.0,0,0,71.2
238,mean_dynamic_mobilenetv2,stable,features_16,1775834711040.653,1775834711147.160,106.507,10.002,95.505,24.979,32937,5545,200.0,0,0,70.5
239,mean_dynamic_mobilenetv2,stable,features_16,1775834711150.160,1775834711248.671,98.511,9.000,86.507,20.434,32937,5545,200.0,0,0,69.6
240,mean_dynamic_mobilenetv2,stable,features_16,1775834711251.673,1775834711326.178,74.505,10.999,63.506,20.911,32937,5545,200.0,0,0,70.0
241,mean_dynamic_mobilenetv2,stable,features_16,1775834711329.178,1775834711408.685,79.507,10.001,68.507,23.532,32937,5545,200.0,0,0,70.0
242,mean_dynamic_mobilenetv2,stable,features_16,1775834711411.685,1775834711500.193,88.508,10.001,77.507,24.038,32937,5545,200.0,0,0,69.8
243,mean_dynamic_mobilenetv2,stable,features_16,1775834711503.193,1775834711579.196,76.003,10.000,65.002,22.570,32937,5545,200.0,0,0,71.2
244,mean_dynamic_mobilenetv2,stable,features_16,1775834711582.196,1775834711654.704,72.509,10.510,60.999,19.408,32937,5545,200.0,0,0,76.2
245,mean_dynamic_mobilenetv2,stable,features_16,1775834711657.705,1775834711741.216,83.511,10.003,71.509,23.740,32937,5545,200.0,0,0,70.0
246,mean_dynamic_mobilenetv2,stable,features_16,1775834711744.217,1775834711825.723,81.506,9.000,70.506,24.503,32937,5545,200.0,0,0,70.8
247,mean_dynamic_mobilenetv2,stable,features_16,1775834711828.723,1775834711925.232,96.509,13.003,83.506,28.665,32937,5545,200.0,0,0,72.7
248,mean_dynamic_mobilenetv2,stable,features_16,1775834711928.233,1775834712030.739,102.507,11.001,91.506,24.737,32937,5545,200.0,0,0,70.5
249,mean_dynamic_mobilenetv2,stable,features_16,1775834712033.740,1775834712113.247,79.507,10.001,67.505,25.514,32937,5545,200.0,0,0,77.8
250,mean_dynamic_mobilenetv2,stable,features_16,1775834712116.248,1775834712192.760,76.512,11.000,65.512,23.814,32937,5545,200.0,0,0,77.5
251,mean_dynamic_mobilenetv2,stable,features_16,1775834712195.756,1775834712293.264,97.508,11.001,86.507,23.339,32937,5545,200.0,0,0,75.4
252,mean_dynamic_mobilenetv2,stable,features_16,1775834712296.263,1775834712376.266,80.002,10.001,69.001,25.530,32937,5545,200.0,0,0,72.2
253,mean_dynamic_mobilenetv2,stable,features_16,1775834712379.266,1775834712456.775,77.510,11.511,63.999,22.646,32937,5545,200.0,0,0,70.4
254,mean_dynamic_mobilenetv2,stable,features_16,1775834712459.776,1775834712554.298,94.523,12.005,81.517,20.734,32937,5545,200.0,0,0,70.1
255,mean_dynamic_mobilenetv2,stable,features_16,1775834712557.298,1775834712639.150,81.852,9.001,72.850,26.742,32937,5545,200.0,0,0,76.0
256,mean_dynamic_mobilenetv2,stable,features_16,1775834712642.150,1775834712744.657,102.507,14.001,88.506,24.965,32937,5545,200.0,0,0,72.1
257,mean_dynamic_mobilenetv2,stable,features_16,1775834712747.658,1775834712824.166,76.508,9.000,65.507,19.585,32937,5545,200.0,0,0,72.8
258,mean_dynamic_mobilenetv2,stable,features_16,1775834712827.165,1775834712904.673,77.508,11.001,66.506,22.756,32937,5545,200.0,0,0,73.1
259,mean_dynamic_mobilenetv2,stable,features_16,1775834712907.674,1775834713012.181,104.508,14.000,90.507,28.205,32937,5545,200.0,0,0,77.7
260,mean_dynamic_mobilenetv2,stable,features_16,1775834713015.181,1775834713119.688,104.507,10.001,91.506,25.398,32937,5545,200.0,0,0,71.4
261,mean_dynamic_mobilenetv2,stable,features_16,1775834713122.688,1775834713212.201,89.513,12.004,77.509,26.593,32937,5545,200.0,0,0,85.6
262,mean_dynamic_mobilenetv2,stable,features_16,1775834713215.201,1775834713291.712,76.511,11.003,63.509,22.753,32937,5545,200.0,0,0,70.9
263,mean_dynamic_mobilenetv2,stable,features_16,1775834713294.713,1775834713391.220,96.507,12.000,83.506,19.818,32937,5545,200.0,0,0,70.8
264,mean_dynamic_mobilenetv2,stable,features_16,1775834713395.220,1775834713488.728,93.507,10.002,82.505,24.180,32937,5545,200.0,0,0,69.4
265,mean_dynamic_mobilenetv2,stable,features_16,1775834713492.729,1775834713632.241,139.512,10.001,129.512,26.081,32937,5545,200.0,0,0,74.7
266,mean_dynamic_mobilenetv2,stable,features_16,1775834713636.241,1775834713728.749,92.507,19.000,71.507,24.971,32937,5545,200.0,0,0,85.7
267,mean_dynamic_mobilenetv2,stable,features_16,1775834713731.750,1775834713812.256,80.506,11.999,66.505,25.123,32937,5545,200.0,0,0,72.5
268,mean_dynamic_mobilenetv2,stable,features_16,1775834713815.257,1775834713901.768,86.511,12.001,74.510,21.473,32937,5545,200.0,0,0,69.8
269,mean_dynamic_mobilenetv2,stable,features_16,1775834713904.764,1775834713984.268,79.504,9.000,70.001,26.204,32937,5545,200.0,0,0,76.2
270,mean_dynamic_mobilenetv2,stable,features_16,1775834713987.271,1775834714079.273,92.002,10.003,82.000,23.261,32937,5545,200.0,0,0,73.5
271,mean_dynamic_mobilenetv2,stable,features_16,1775834714082.273,1775834714152.784,70.511,10.512,59.999,19.532,32937,5545,200.0,0,0,73.8
272,mean_dynamic_mobilenetv2,stable,features_16,1775834714155.786,1775834714233.293,77.508,10.000,65.508,22.089,32937,5545,200.0,0,0,86.0
273,mean_dynamic_mobilenetv2,stable,features_16,1775834714236.293,1775834714326.801,90.508,9.001,81.506,31.620,32937,5545,200.0,0,0,76.0
274,mean_dynamic_mobilenetv2,stable,features_16,1775834714329.801,1775834714426.308,96.507,10.001,84.507,33.671,32937,5545,200.0,0,0,71.9
275,mean_dynamic_mobilenetv2,stable,features_16,1775834714430.308,1775834714524.815,94.508,12.001,81.507,21.817,32937,5545,200.0,0,0,75.0
276,mean_dynamic_mobilenetv2,stable,features_16,1775834714527.815,1775834714619.327,91.512,11.001,80.511,25.212,32937,5545,200.0,0,0,75.5
277,mean_dynamic_mobilenetv2,stable,features_16,1775834714623.327,1775834714727.834,104.508,13.001,89.506,22.955,32937,5545,200.0,0,0,74.5
278,mean_dynamic_mobilenetv2,stable,features_16,1775834714730.835,1775834714822.342,91.507,9.000,81.507,24.624,32937,5545,200.0,0,0,67.3
279,mean_dynamic_mobilenetv2,stable,features_16,1775834714825.342,1775834714903.850,78.508,10.001,68.507,22.758,32937,5545,200.0,0,0,70.9
280,mean_dynamic_mobilenetv2,stable,features_16,1775834714906.850,1775834714985.357,78.507,9.001,67.503,21.317,32937,5545,200.0,0,0,73.4
281,mean_dynamic_mobilenetv2,stable,features_16,1775834714988.358,1775834715084.865,96.507,9.001,86.503,22.904,32937,5545,200.0,0,0,69.4
282,mean_dynamic_mobilenetv2,stable,features_16,1775834715088.865,1775834715200.371,111.506,14.001,95.506,26.648,32937,5545,200.0,0,0,71.3
283,mean_dynamic_mobilenetv2,stable,features_16,1775834715203.372,1775834715313.879,110.507,11.000,97.505,31.068,32937,5545,200.0,0,0,70.8
284,mean_dynamic_mobilenetv2,stable,features_16,1775834715316.879,1775834715408.386,91.507,14.001,76.507,21.588,32937,5545,200.0,0,0,72.9
285,mean_dynamic_mobilenetv2,stable,features_16,1775834715411.387,1775834715524.896,113.509,9.002,102.506,23.917,32937,5545,200.0,0,0,71.4
286,mean_dynamic_mobilenetv2,stable,features_16,1775834715527.897,1775834715627.403,99.507,10.000,87.507,22.591,32937,5545,200.0,0,0,71.4
287,mean_dynamic_mobilenetv2,stable,features_16,1775834715629.403,1775834715716.912,87.509,12.001,74.508,20.717,32937,5545,200.0,0,0,78.1
288,mean_dynamic_mobilenetv2,stable,features_16,1775834715719.914,1775834715802.419,82.505,8.000,72.506,27.358,32937,5545,200.0,0,0,70.4
289,mean_dynamic_mobilenetv2,stable,features_16,1775834715805.419,1775834715906.927,101.509,16.001,85.507,22.937,32937,5545,200.0,0,0,71.7
290,mean_dynamic_mobilenetv2,stable,features_16,1775834715909.928,1775834715999.436,89.508,10.000,79.507,24.785,32937,5545,200.0,0,0,71.6
291,mean_dynamic_mobilenetv2,stable,features_16,1775834716002.436,1775834716094.944,92.507,10.001,81.506,24.022,32937,5545,200.0,0,0,71.1
292,mean_dynamic_mobilenetv2,stable,features_16,1775834716097.944,1775834716178.946,81.001,10.000,70.001,24.887,32937,5545,200.0,0,0,78.8
293,mean_dynamic_mobilenetv2,stable,features_16,1775834716181.946,1775834716276.458,94.512,9.510,85.001,23.682,32937,5545,200.0,0,0,78.8
294,mean_dynamic_mobilenetv2,stable,features_16,1775834716280.462,1775834716357.971,77.509,9.510,67.999,23.930,32937,5545,200.0,0,0,70.0
295,mean_dynamic_mobilenetv2,stable,features_16,1775834716360.973,1775834716439.479,78.506,10.003,66.504,20.033,32937,5545,200.0,0,0,73.8
296,mean_dynamic_mobilenetv2,stable,features_16,1775834716442.479,1775834716542.986,100.507,12.002,87.505,22.684,32937,5545,200.0,0,0,72.8
297,mean_dynamic_mobilenetv2,stable,features_16,1775834716545.988,1775834716640.494,94.506,10.000,82.507,26.942,32937,5545,200.0,0,0,76.3
298,mean_dynamic_mobilenetv2,stable,features_16,1775834716643.494,1775834716728.001,84.507,14.001,69.506,24.577,32937,5545,200.0,0,0,75.0
299,mean_dynamic_mobilenetv2,stable,features_16,1775834716731.001,1775834716806.508,75.507,11.001,64.506,21.928,32937,5545,200.0,0,0,70.9
300,mean_dynamic_mobilenetv2,stable,features_16,1775834716809.509,1775834716885.016,75.507,10.002,65.505,22.950,32937,5545,200.0,0,0,73.4
301,mean_dynamic_mobilenetv2,stable,features_16,1775834716889.017,1775834716981.018,92.002,9.004,82.998,25.220,32937,5545,200.0,0,0,70.1
302,mean_dynamic_mobilenetv2,stable,features_16,1775834716984.522,1775834717069.528,85.006,12.005,71.999,26.184,32937,5545,200.0,0,0,72.8
303,mean_dynamic_mobilenetv2,stable,features_16,1775834717072.528,1775834717162.035,89.506,11.503,76.000,23.193,32937,5545,200.0,0,0,74.2
304,mean_dynamic_mobilenetv2,stable,features_16,1775834717165.035,1775834717243.545,78.510,11.005,67.505,22.960,32937,5545,200.0,0,0,70.5
305,mean_dynamic_mobilenetv2,stable,features_16,1775834717246.545,1775834717351.053,104.508,12.001,91.507,25.807,32937,5545,200.0,0,0,70.1
306,mean_dynamic_mobilenetv2,stable,features_16,1775834717354.053,1775834717431.562,77.509,10.003,65.504,21.734,32937,5545,200.0,0,0,71.6
307,mean_dynamic_mobilenetv2,stable,features_16,1775834717434.562,1775834717534.070,99.508,11.001,88.507,24.266,32937,5545,200.0,0,0,72.4
308,mean_dynamic_mobilenetv2,stable,features_16,1775834717537.070,1775834717614.579,77.509,10.002,66.507,22.415,32937,5545,200.0,0,0,76.5
309,mean_dynamic_mobilenetv2,stable,features_16,1775834717618.579,1775834717697.087,78.508,10.003,66.506,20.583,32937,5545,200.0,0,0,80.2
310,mean_dynamic_mobilenetv2,stable,features_16,1775834717700.087,1775834717804.595,104.508,15.001,89.507,27.187,32937,5545,200.0,0,0,72.1
311,mean_dynamic_mobilenetv2,stable,features_16,1775834717807.595,1775834717913.103,105.508,10.001,93.507,24.214,32937,5545,200.0,0,0,68.0
312,mean_dynamic_mobilenetv2,stable,features_16,1775834717916.104,1775834717995.611,79.508,9.001,68.508,24.187,32937,5545,200.0,0,0,70.5
313,mean_dynamic_mobilenetv2,stable,features_16,1775834717998.612,1775834718098.121,99.509,13.001,86.508,23.943,32937,5545,200.0,0,0,70.1
314,mean_dynamic_mobilenetv2,stable,features_16,1775834718102.121,1775834718180.124,78.003,11.001,66.002,23.670,32937,5545,200.0,0,0,73.9
315,mean_dynamic_mobilenetv2,stable,features_16,1775834718183.124,1775834718279.636,96.512,10.510,85.001,21.439,32937,5545,200.0,0,0,66.0
316,mean_dynamic_mobilenetv2,stable,features_16,1775834718282.636,1775834718361.143,78.507,8.509,68.999,24.266,32937,5545,200.0,0,0,71.2
317,mean_dynamic_mobilenetv2,stable,features_16,1775834718365.144,1775834718448.655,83.510,11.006,72.504,20.417,32937,5545,200.0,0,0,69.8
318,mean_dynamic_mobilenetv2,stable,features_16,1775834718451.655,1775834718541.164,89.509,9.002,78.508,20.141,32937,5545,200.0,0,0,80.6
319,mean_dynamic_mobilenetv2,stable,features_16,1775834718544.164,1775834718638.671,94.507,10.000,84.507,24.216,32937,5545,200.0,0,0,82.3
320,mean_dynamic_mobilenetv2,stable,features_16,1775834718642.671,1775834718750.179,107.508,16.001,90.508,24.619,32937,5545,200.0,0,0,74.1
321,mean_dynamic_mobilenetv2,stable,features_16,1775834718753.179,1775834718829.688,76.509,11.001,63.508,20.385,32937,5545,200.0,0,0,73.8
322,mean_dynamic_mobilenetv2,stable,features_16,1775834718832.688,1775834718907.196,74.508,10.003,63.505,22.416,32937,5545,200.0,0,0,75.3
323,mean_dynamic_mobilenetv2,stable,features_16,1775834718910.196,1775834718991.704,81.508,9.000,71.508,25.449,32937,5545,200.0,0,0,77.9
324,mean_dynamic_mobilenetv2,stable,features_16,1775834718995.705,1775834719077.707,82.002,11.001,70.001,25.406,32937,5545,200.0,0,0,80.4
325,mean_dynamic_mobilenetv2,stable,features_16,1775834719080.707,1775834719155.222,74.515,8.517,64.999,21.687,32937,5545,200.0,0,0,81.2
326,mean_dynamic_mobilenetv2,stable,features_16,1775834719158.222,1775834719245.730,87.508,10.000,77.508,24.501,32937,5545,200.0,0,0,72.4
327,mean_dynamic_mobilenetv2,stable,features_16,1775834719248.731,1775834719381.242,132.511,9.001,122.510,19.863,32937,5545,200.0,0,0,71.9
328,mean_dynamic_mobilenetv2,stable,features_16,1775834719384.743,1775834719475.749,91.005,8.004,81.002,20.217,32937,5545,200.0,0,0,72.9
329,mean_dynamic_mobilenetv2,stable,features_16,1775834719478.749,1775834719588.768,110.019,13.510,94.508,26.149,32937,5545,200.0,0,0,71.9
330,mean_dynamic_mobilenetv2,stable,features_16,1775834719592.768,1775834719679.770,87.002,16.001,70.001,23.936,32937,5545,200.0,0,0,76.5
331,mean_dynamic_mobilenetv2,stable,features_16,1775834719682.771,1775834719783.280,100.509,12.509,86.998,22.632,32937,5545,200.0,0,0,73.2
332,mean_dynamic_mobilenetv2,stable,features_16,1775834719786.787,1775834719864.787,78.000,9.003,67.996,24.367,32937,5545,200.0,0,0,70.0
333,mean_dynamic_mobilenetv2,stable,features_16,1775834719867.787,1775834719949.297,81.510,10.003,68.506,24.201,32937,5545,200.0,0,0,72.0
334,mean_dynamic_mobilenetv2,stable,features_16,1775834719952.297,1775834720030.805,78.508,9.001,69.507,24.074,32937,5545,200.0,0,0,69.9
335,mean_dynamic_mobilenetv2,stable,features_16,1775834720034.805,1775834720123.313,88.507,10.002,77.505,22.265,32937,5545,200.0,0,0,69.8
336,mean_dynamic_mobilenetv2,stable,features_16,1775834720126.313,1775834720218.821,92.508,10.001,80.507,25.339,32937,5545,200.0,0,0,70.5
337,mean_dynamic_mobilenetv2,stable,features_16,1775834720221.821,1775834720328.330,106.509,10.002,95.507,25.742,32937,5545,200.0,0,0,70.8
338,mean_dynamic_mobilenetv2,stable,features_16,1775834720331.330,1775834720436.838,105.509,13.003,91.506,25.929,32937,5545,200.0,0,0,81.0
339,mean_dynamic_mobilenetv2,stable,features_16,1775834720439.838,1775834720517.346,77.508,11.001,66.508,23.431,32937,5545,200.0,0,0,70.9
340,mean_dynamic_mobilenetv2,stable,features_16,1775834720520.347,1775834720594.860,74.513,10.002,63.511,22.653,32937,5545,200.0,0,0,75.3
341,mean_dynamic_mobilenetv2,stable,features_16,1775834720598.860,1775834720681.865,83.005,12.001,71.004,25.218,32937,5545,200.0,0,0,80.2
342,mean_dynamic_mobilenetv2,stable,features_16,1775834720685.371,1775834720777.372,92.001,13.000,79.001,25.189,32937,5545,200.0,0,0,71.9
343,mean_dynamic_mobilenetv2,stable,features_16,1775834720780.372,1775834720860.881,80.509,10.510,69.999,24.066,32937,5545,200.0,0,0,70.0
344,mean_dynamic_mobilenetv2,stable,features_16,1775834720864.882,1775834720944.393,79.511,10.006,68.615,24.295,32937,5545,200.0,0,0,69.1
345,mean_dynamic_mobilenetv2,stable,features_16,1775834720948.393,1775834721040.900,92.507,11.000,81.507,24.362,32937,5545,200.0,0,0,73.0
346,mean_dynamic_mobilenetv2,stable,features_16,1775834721043.900,1775834721146.409,102.509,11.001,90.508,24.190,32937,5545,200.0,0,0,72.2
347,mean_dynamic_mobilenetv2,stable,features_16,1775834721149.409,1775834721253.918,104.509,10.001,94.507,25.036,32937,5545,200.0,0,0,69.6
348,mean_dynamic_mobilenetv2,stable,features_16,1775834721256.918,1775834721348.426,91.507,10.001,80.506,25.557,32937,5545,200.0,0,0,69.8
349,mean_dynamic_mobilenetv2,stable,features_16,1775834721351.426,1775834721452.937,101.511,13.001,87.508,24.678,32937,5545,200.0,0,0,70.5
350,mean_dynamic_mobilenetv2,stable,features_16,1775834721455.935,1775834721527.610,71.676,11.000,59.678,19.836,32937,5545,200.0,0,0,70.0
351,mean_dynamic_mobilenetv2,stable,features_16,1775834721530.611,1775834721624.118,93.507,8.001,83.507,24.222,32937,5545,200.0,0,0,72.9
352,mean_dynamic_mobilenetv2,stable,features_16,1775834721627.118,1775834721712.628,85.510,15.002,69.509,23.204,32937,5545,200.0,0,0,74.0
353,mean_dynamic_mobilenetv2,stable,features_16,1775834721715.628,1775834721792.136,76.508,10.001,64.507,23.349,32937,5545,200.0,0,0,72.5
354,mean_dynamic_mobilenetv2,stable,features_16,1775834721795.136,1775834721881.146,86.010,10.001,75.009,22.797,32937,5545,200.0,0,0,85.2
355,mean_dynamic_mobilenetv2,stable,features_16,1775834721884.652,1775834721995.164,110.512,19.006,90.507,26.395,32937,5545,200.0,0,0,78.5
356,mean_dynamic_mobilenetv2,stable,features_16,1775834721998.164,1775834722098.672,100.508,11.004,88.505,20.812,32937,5545,200.0,0,0,77.1
357,mean_dynamic_mobilenetv2,stable,features_16,1775834722101.673,1775834722194.181,92.508,10.001,82.508,23.003,32937,5545,200.0,0,0,69.8
358,mean_dynamic_mobilenetv2,stable,features_16,1775834722197.181,1775834722270.183,73.002,10.001,60.999,20.371,32937,5545,200.0,0,0,72.8
359,mean_dynamic_mobilenetv2,stable,features_16,1775834722273.184,1775834722364.692,91.509,11.505,80.003,22.357,32937,5545,200.0,0,0,70.8
360,mean_dynamic_mobilenetv2,stable,features_16,1775834722367.692,1775834722441.208,73.516,10.007,62.505,19.544,32937,5545,200.0,0,0,71.6
361,mean_dynamic_mobilenetv2,stable,features_16,1775834722444.208,1775834722535.718,91.510,9.001,80.510,21.497,32937,5545,200.0,0,0,71.9
362,mean_dynamic_mobilenetv2,stable,features_16,1775834722538.226,1775834722633.240,95.013,11.000,82.014,24.426,32937,5545,200.0,0,0,74.2
363,mean_dynamic_mobilenetv2,stable,features_16,1775834722636.240,1775834722720.749,84.510,11.003,73.506,23.330,32937,5545,200.0,0,0,75.0
364,mean_dynamic_mobilenetv2,stable,features_16,1775834722724.754,1775834722815.256,90.502,8.999,80.504,22.049,32937,5545,200.0,0,0,69.8
365,mean_dynamic_mobilenetv2,stable,features_16,1775834722818.257,1775834722910.766,92.509,9.001,81.507,22.533,32937,5545,200.0,0,0,69.8
366,mean_dynamic_mobilenetv2,stable,features_16,1775834722913.766,1775834722998.273,84.507,12.000,71.507,24.882,32937,5545,200.0,0,0,69.8
367,mean_dynamic_mobilenetv2,stable,features_16,1775834723001.273,1775834723079.276,78.002,10.002,67.002,25.413,32937,5545,200.0,0,0,71.2
368,mean_dynamic_mobilenetv2,stable,features_16,1775834723082.276,1775834723158.785,76.509,11.510,62.998,22.585,32937,5545,200.0,0,0,76.2
369,mean_dynamic_mobilenetv2,stable,features_16,1775834723161.785,1775834723265.295,103.510,10.006,92.504,24.825,32937,5545,200.0,0,0,79.1
370,mean_dynamic_mobilenetv2,stable,features_16,1775834723268.295,1775834723347.806,79.511,11.007,67.504,21.816,32937,5545,200.0,0,0,72.8
371,mean_dynamic_mobilenetv2,stable,features_16,1775834723350.806,1775834723449.315,98.509,11.001,87.508,23.685,32937,5545,200.0,0,0,72.6
372,mean_dynamic_mobilenetv2,stable,features_16,1775834723452.315,1775834723539.823,87.508,11.002,75.507,21.888,32937,5545,200.0,0,0,73.7
373,mean_dynamic_mobilenetv2,stable,features_16,1775834723543.823,1775834723626.332,82.509,11.003,69.505,23.646,32937,5545,200.0,0,0,76.5
374,mean_dynamic_mobilenetv2,stable,features_16,1775834723630.333,1775834723714.346,84.014,16.000,68.013,22.772,32937,5545,200.0,0,0,75.5
375,mean_dynamic_mobilenetv2,stable,features_16,1775834723717.347,1775834723798.856,81.509,11.001,68.509,22.772,32937,5545,200.0,0,0,70.9
376,mean_dynamic_mobilenetv2,stable,features_16,1775834723801.855,1775834723881.857,80.002,11.001,69.001,22.143,32937,5545,200.0,0,0,69.1
377,mean_dynamic_mobilenetv2,stable,features_16,1775834723885.360,1775834723978.365,93.006,9.005,84.001,26.675,32937,5545,200.0,0,0,72.1
378,mean_dynamic_mobilenetv2,stable,features_16,1775834723981.366,1775834724059.875,78.509,10.509,67.000,23.708,32937,5545,200.0,0,0,74.1
379,mean_dynamic_mobilenetv2,stable,features_16,1775834724062.875,1775834724162.383,99.509,10.006,88.503,23.121,32937,5545,200.0,0,0,70.4
380,mean_dynamic_mobilenetv2,stable,features_16,1775834724167.383,1775834724247.895,80.512,14.005,64.506,23.532,32937,5545,200.0,0,0,80.2
381,mean_dynamic_mobilenetv2,stable,features_16,1775834724250.895,1775834724343.404,92.509,9.001,81.508,23.299,32937,5545,200.0,0,0,70.8
382,mean_dynamic_mobilenetv2,stable,features_16,1775834724346.403,1775834724424.911,78.508,9.001,68.507,23.881,32937,5545,200.0,0,0,71.2
383,mean_dynamic_mobilenetv2,stable,features_16,1775834724427.912,1775834724532.419,104.507,10.002,94.505,25.339,32937,5545,200.0,0,0,70.5
384,mean_dynamic_mobilenetv2,stable,features_16,1775834724535.419,1775834724607.927,72.508,10.002,62.507,18.821,32937,5545,200.0,0,0,72.5
385,mean_dynamic_mobilenetv2,stable,features_16,1775834724610.928,1775834724685.433,74.505,9.002,64.502,22.199,32937,5545,200.0,0,0,73.8
386,mean_dynamic_mobilenetv2,stable,features_16,1775834724688.437,1775834724781.439,93.002,10.001,81.001,24.907,32937,5545,200.0,0,0,71.9
387,mean_dynamic_mobilenetv2,stable,features_16,1775834724785.439,1775834724870.948,85.509,14.507,69.999,24.446,32937,5545,200.0,0,0,78.1
388,mean_dynamic_mobilenetv2,stable,features_16,1775834724873.948,1775834724961.464,87.516,10.004,76.512,22.877,32937,5545,200.0,0,0,71.9
389,mean_dynamic_mobilenetv2,stable,features_16,1775834724964.464,1775834725039.973,75.509,9.004,64.504,23.302,32937,5545,200.0,0,0,72.0
390,mean_dynamic_mobilenetv2,stable,features_16,1775834725042.974,1775834725177.484,134.510,9.003,125.507,83.966,32937,5545,200.0,0,0,71.3
391,mean_dynamic_mobilenetv2,stable,features_16,1775834725180.484,1775834725252.992,72.508,8.509,62.999,19.797,32937,5545,200.0,0,0,71.2
392,mean_dynamic_mobilenetv2,stable,features_16,1775834725256.992,1775834725332.501,75.509,8.001,66.508,20.853,32937,5545,200.0,0,0,72.5
393,mean_dynamic_mobilenetv2,stable,features_16,1775834725335.501,1775834725431.009,95.508,11.001,83.506,25.432,32937,5545,200.0,0,0,72.5
394,mean_dynamic_mobilenetv2,stable,features_16,1775834725434.010,1775834725512.517,78.508,12.000,65.507,21.374,32937,5545,200.0,0,0,71.6
395,mean_dynamic_mobilenetv2,stable,features_16,1775834725516.517,1775834725591.025,74.508,9.001,64.507,21.944,32937,5545,200.0,0,0,73.2
396,mean_dynamic_mobilenetv2,stable,features_16,1775834725594.026,1775834725681.027,87.001,16.000,71.001,24.996,32937,5545,200.0,0,0,76.0
397,mean_dynamic_mobilenetv2,stable,features_16,1775834725684.027,1775834725791.042,107.015,11.509,95.506,25.438,32937,5545,200.0,0,0,70.3
398,mean_dynamic_mobilenetv2,stable,features_16,1775834725794.042,1775834725891.550,97.508,10.001,87.506,20.847,32937,5545,200.0,0,0,70.1
399,mean_dynamic_mobilenetv2,stable,features_16,1775834725894.550,1775834725987.060,92.510,9.001,82.504,24.213,32937,5545,200.0,0,0,69.8
400,mean_dynamic_mobilenetv2,stable,features_16,1775834725990.058,1775834726072.063,82.005,9.001,69.999,25.436,32937,5545,200.0,0,0,73.4
401,mean_dynamic_mobilenetv2,stable,features_16,1775834726075.062,1775834726177.570,102.508,12.506,90.002,27.241,32937,5545,200.0,0,0,69.4
402,mean_dynamic_mobilenetv2,stable,features_16,1775834726180.570,1775834726263.080,82.510,10.511,71.998,19.887,32937,5545,200.0,0,0,70.5
403,mean_dynamic_mobilenetv2,stable,features_16,1775834726266.081,1775834726359.590,93.509,9.005,84.504,21.997,32937,5545,200.0,0,0,69.1
404,mean_dynamic_mobilenetv2,stable,features_16,1775834726362.590,1775834726441.099,78.509,9.006,67.502,23.900,32937,5545,200.0,0,0,71.2
405,mean_dynamic_mobilenetv2,stable,features_16,1775834726444.100,1775834726523.608,79.508,10.001,68.507,24.299,32937,5545,200.0,0,0,71.2
406,mean_dynamic_mobilenetv2,stable,features_16,1775834726526.607,1775834726628.115,101.508,10.001,90.507,25.976,32937,5545,200.0,0,0,72.3
407,mean_dynamic_mobilenetv2,stable,features_16,1775834726631.115,1775834726711.624,80.509,11.001,68.508,20.550,32937,5545,200.0,0,0,75.0
408,mean_dynamic_mobilenetv2,stable,features_16,1775834726715.625,1775834726811.132,95.507,11.000,82.507,22.499,32937,5545,200.0,0,0,72.3
409,mean_dynamic_mobilenetv2,stable,features_16,1775834726814.132,1775834726903.639,89.507,9.001,79.507,20.939,32937,5545,200.0,0,0,70.8
410,mean_dynamic_mobilenetv2,stable,features_16,1775834726906.640,1775834726984.642,78.003,9.001,69.001,23.842,32937,5545,200.0,0,0,76.8
411,mean_dynamic_mobilenetv2,stable,features_16,1775834726987.950,1775834727064.950,77.000,9.001,67.999,22.821,32937,5545,200.0,0,0,79.0
412,mean_dynamic_mobilenetv2,stable,features_16,1775834727067.950,1775834727165.461,97.511,11.006,85.505,21.184,32937,5545,200.0,0,0,75.0
413,mean_dynamic_mobilenetv2,stable,features_16,1775834727168.461,1775834727260.971,92.510,10.006,82.504,25.607,32937,5545,200.0,0,0,70.4
414,mean_dynamic_mobilenetv2,stable,features_16,1775834727263.972,1775834727342.481,78.509,10.004,65.505,21.498,32937,5545,200.0,0,0,70.0
415,mean_dynamic_mobilenetv2,stable,features_16,1775834727345.481,1775834727451.990,106.508,13.001,92.507,25.961,32937,5545,200.0,0,0,71.2
416,mean_dynamic_mobilenetv2,stable,features_16,1775834727454.990,1775834727552.498,97.508,9.000,88.507,23.821,32937,5545,200.0,0,0,70.1
417,mean_dynamic_mobilenetv2,stable,features_16,1775834727555.498,1775834727629.008,73.510,10.001,61.509,20.210,32937,5545,200.0,0,0,77.5
418,mean_dynamic_mobilenetv2,stable,features_16,1775834727632.008,1775834727724.516,92.508,14.003,78.505,24.203,32937,5545,200.0,0,0,75.3
419,mean_dynamic_mobilenetv2,stable,features_16,1775834727727.517,1775834727815.024,87.507,10.000,76.507,22.463,32937,5545,200.0,0,0,70.8
420,mean_dynamic_mobilenetv2,stable,features_16,1775834727819.024,1775834727895.532,76.509,9.001,67.508,24.155,32937,5545,200.0,0,0,75.0
421,mean_dynamic_mobilenetv2,stable,features_16,1775834727898.532,1775834727991.044,92.512,11.003,79.509,22.781,32937,5545,200.0,0,0,70.8
422,mean_dynamic_mobilenetv2,stable,features_16,1775834727994.044,1775834728096.552,102.508,13.000,88.508,21.991,32937,5545,200.0,0,0,71.4
423,mean_dynamic_mobilenetv2,stable,features_16,1775834728099.552,1775834728188.061,88.508,10.001,77.508,21.552,32937,5545,200.0,0,0,71.1
424,mean_dynamic_mobilenetv2,stable,features_16,1775834728191.061,1775834728284.063,93.002,9.002,84.000,25.282,32937,5545,200.0,0,0,69.8
425,mean_dynamic_mobilenetv2,stable,features_16,1775834728287.569,1775834728395.078,107.510,11.000,94.509,26.250,32937,5545,200.0,0,0,72.6
426,mean_dynamic_mobilenetv2,stable,features_16,1775834728398.079,1775834728476.083,78.005,12.001,65.003,22.919,32937,5545,200.0,0,0,70.0
427,mean_dynamic_mobilenetv2,stable,features_16,1775834728479.083,1775834728579.591,100.509,13.507,85.001,24.338,32937,5545,200.0,0,0,71.4
428,mean_dynamic_mobilenetv2,stable,features_16,1775834728582.592,1775834728671.106,88.514,13.519,73.996,27.963,32937,5545,200.0,0,0,80.2
429,mean_dynamic_mobilenetv2,stable,features_16,1775834728674.109,1775834728754.619,80.510,11.001,69.508,24.326,32937,5545,200.0,0,0,70.0
430,mean_dynamic_mobilenetv2,stable,features_16,1775834728757.615,1775834728835.167,77.552,10.002,65.548,22.862,32937,5545,200.0,0,0,81.2
431,mean_dynamic_mobilenetv2,stable,features_16,1775834728839.167,1775834728938.684,99.517,16.000,81.830,24.957,32937,5545,200.0,0,0,83.9
432,mean_dynamic_mobilenetv2,stable,features_16,1775834728942.684,1775834729031.194,88.510,18.001,69.508,23.560,32937,5545,200.0,0,0,78.1
433,mean_dynamic_mobilenetv2,stable,features_16,1775834729034.195,1775834729133.703,99.508,17.000,82.508,22.691,32937,5545,200.0,0,0,74.1
434,mean_dynamic_mobilenetv2,stable,features_16,1775834729137.703,1775834729228.214,90.510,9.001,81.510,21.844,32937,5545,200.0,0,0,79.6
435,mean_dynamic_mobilenetv2,stable,features_16,1775834729231.213,1775834729315.721,84.507,11.000,71.507,25.175,32937,5545,200.0,0,0,79.0
436,mean_dynamic_mobilenetv2,stable,features_16,1775834729318.721,1775834729419.229,100.508,13.001,87.507,23.536,32937,5545,200.0,0,0,77.3
437,mean_dynamic_mobilenetv2,stable,features_16,1775834729422.229,1775834729509.739,87.510,10.000,76.510,22.473,32937,5545,200.0,0,0,70.1
438,mean_dynamic_mobilenetv2,stable,features_16,1775834729512.745,1775834729602.246,89.501,10.993,78.509,23.168,32937,5545,200.0,0,0,76.3
439,mean_dynamic_mobilenetv2,stable,features_16,1775834729606.247,1775834729694.761,88.514,16.001,71.512,26.061,32937,5545,200.0,0,0,81.2
440,mean_dynamic_mobilenetv2,stable,features_16,1775834729697.764,1775834729791.267,93.503,10.996,82.507,24.341,32937,5545,200.0,0,0,69.6
441,mean_dynamic_mobilenetv2,stable,features_16,1775834729794.270,1775834729886.278,92.008,9.998,80.002,35.684,32937,5545,200.0,0,0,95.1
442,mean_dynamic_mobilenetv2,stable,features_16,1775834729889.792,1775834729992.302,102.510,12.001,87.509,24.354,32937,5545,200.0,0,0,69.8
443,mean_dynamic_mobilenetv2,stable,features_16,1775834729995.301,1775834730100.808,105.507,12.001,91.506,24.513,32937,5545,200.0,0,0,71.4
444,mean_dynamic_mobilenetv2,stable,features_16,1775834730103.808,1775834730184.810,81.002,10.001,71.001,22.819,32937,5545,200.0,0,0,72.9
445,mean_dynamic_mobilenetv2,stable,features_16,1775834730188.317,1775834730265.316,76.999,9.001,67.997,24.319,32937,5545,200.0,0,0,71.2
446,mean_dynamic_mobilenetv2,stable,features_16,1775834730268.317,1775834730340.827,72.510,8.006,61.504,20.444,32937,5545,200.0,0,0,70.0
447,mean_dynamic_mobilenetv2,stable,features_16,1775834730343.827,1775834730436.334,92.508,9.001,82.507,22.939,32937,5545,200.0,0,0,71.9
448,mean_dynamic_mobilenetv2,stable,features_16,1775834730439.334,1775834730515.846,76.511,9.002,67.509,24.423,32937,5545,200.0,0,0,70.4
449,mean_dynamic_mobilenetv2,stable,features_16,1775834730519.845,1775834730607.353,87.508,11.001,75.507,20.916,32937,5545,200.0,0,0,72.9
450,mean_dynamic_mobilenetv2,stable,features_16,1775834730611.354,1775834730698.862,87.507,13.001,72.508,23.770,32937,5545,200.0,0,0,77.1
451,mean_dynamic_mobilenetv2,stable,features_16,1775834730703.862,1775834730781.865,78.003,12.002,66.000,19.495,32937,5545,200.0,0,0,70.0
452,mean_dynamic_mobilenetv2,stable,features_16,1775834730784.865,1775834730954.881,170.016,11.507,157.505,25.668,32937,5545,200.0,0,0,69.9
453,mean_dynamic_mobilenetv2,stable,features_16,1775834730958.882,1775834731039.391,80.509,10.001,69.507,24.404,32937,5545,200.0,0,0,72.0
454,mean_dynamic_mobilenetv2,stable,features_16,1775834731042.391,1775834731124.906,82.514,9.001,72.514,26.099,32937,5545,200.0,0,0,80.2
455,mean_dynamic_mobilenetv2,stable,features_16,1775834731127.906,1775834731212.415,84.509,11.002,72.506,26.930,32937,5545,200.0,0,0,82.7
456,mean_dynamic_mobilenetv2,stable,features_16,1775834731215.416,1775834731307.927,92.511,11.001,79.510,23.544,32937,5545,200.0,0,0,74.2
457,mean_dynamic_mobilenetv2,stable,features_16,1775834731310.927,1775834731402.430,91.503,11.996,79.507,24.631,32937,5545,200.0,0,0,70.5
458,mean_dynamic_mobilenetv2,stable,features_16,1775834731405.431,1775834731488.937,83.506,10.000,72.506,25.501,32937,5545,200.0,0,0,70.4
459,mean_dynamic_mobilenetv2,stable,features_16,1775834731491.938,1775834731563.937,72.000,9.001,62.999,20.933,32937,5545,200.0,0,0,72.2
460,mean_dynamic_mobilenetv2,stable,features_16,1775834731567.938,1775834731645.448,77.511,14.006,63.505,22.601,32937,5545,200.0,0,0,75.6
461,mean_dynamic_mobilenetv2,stable,features_16,1775834731649.449,1775834731731.960,82.511,13.001,68.510,23.071,32937,5545,200.0,0,0,74.7
462,mean_dynamic_mobilenetv2,stable,features_16,1775834731733.961,1775834731836.470,102.510,16.001,85.509,24.485,32937,5545,200.0,0,0,70.5
463,mean_dynamic_mobilenetv2,stable,features_16,1775834731840.473,1775834731928.977,88.504,8.997,76.507,24.630,32937,5545,200.0,0,0,68.3
464,mean_dynamic_mobilenetv2,stable,features_16,1775834731931.977,1775834732039.485,107.508,13.001,94.507,26.981,32937,5545,200.0,0,0,73.4
465,mean_dynamic_mobilenetv2,stable,features_16,1775834732042.486,1775834732121.995,79.510,12.001,66.508,23.614,32937,5545,200.0,0,0,68.7
466,mean_dynamic_mobilenetv2,stable,features_16,1775834732123.995,1775834732202.503,78.508,10.000,67.507,23.951,32937,5545,200.0,0,0,72.5
467,mean_dynamic_mobilenetv2,stable,features_16,1775834732205.503,1775834732287.008,81.505,13.000,68.504,21.953,32937,5545,200.0,0,0,71.6
468,mean_dynamic_mobilenetv2,stable,features_16,1775834732291.011,1775834732368.011,77.000,9.004,67.996,22.389,32937,5545,200.0,0,0,72.6
469,mean_dynamic_mobilenetv2,stable,features_16,1775834732371.011,1775834732469.522,98.511,11.007,86.504,21.893,32937,5545,200.0,0,0,71.1
470,mean_dynamic_mobilenetv2,stable,features_16,1775834732472.524,1775834732564.045,91.520,9.001,81.518,22.395,32937,5545,200.0,0,0,69.8
471,mean_dynamic_mobilenetv2,stable,features_16,1775834732568.045,1775834732645.554,77.509,11.005,65.504,19.500,32937,5545,200.0,0,0,84.0
472,mean_dynamic_mobilenetv2,stable,features_16,1775834732648.554,1775834732732.063,83.509,10.001,73.508,27.766,32937,5545,200.0,0,0,73.7
473,mean_dynamic_mobilenetv2,stable,features_16,1775834732736.063,1775834732830.570,94.507,9.001,85.506,24.455,32937,5545,200.0,0,0,69.1
474,mean_dynamic_mobilenetv2,stable,features_16,1775834732833.570,1775834732903.078,69.509,9.001,59.508,19.402,32937,5545,200.0,0,0,70.9
475,mean_dynamic_mobilenetv2,stable,features_16,1775834732907.079,1775834733004.587,97.508,13.001,84.507,25.347,32937,5545,200.0,0,0,69.4
476,mean_dynamic_mobilenetv2,stable,features_16,1775834733007.587,1775834733088.095,80.509,10.001,70.508,25.768,32937,5545,200.0,0,0,71.6
477,mean_dynamic_mobilenetv2,stable,features_16,1775834733091.096,1775834733191.604,100.507,10.002,88.505,25.160,32937,5545,200.0,0,0,70.1
478,mean_dynamic_mobilenetv2,stable,features_16,1775834733194.604,1775834733272.608,78.005,12.001,66.004,23.176,32937,5545,200.0,0,0,70.0
479,mean_dynamic_mobilenetv2,stable,features_16,1775834733275.610,1775834733377.118,101.508,14.505,85.000,24.565,32937,5545,200.0,0,0,70.5
480,mean_dynamic_mobilenetv2,stable,features_16,1775834733380.120,1775834733453.625,73.504,10.506,62.998,20.911,32937,5545,200.0,0,0,71.2
481,mean_dynamic_mobilenetv2,stable,features_16,1775834733456.625,1775834733563.133,106.508,13.001,92.507,26.356,32937,5545,200.0,0,0,77.5
482,mean_dynamic_mobilenetv2,stable,features_16,1775834733566.133,1775834733671.641,105.509,10.004,94.505,26.465,32937,5545,200.0,0,0,76.1
483,mean_dynamic_mobilenetv2,stable,features_16,1775834733674.644,1775834733751.160,76.516,10.002,66.513,22.557,32937,5545,200.0,0,0,71.6
484,mean_dynamic_mobilenetv2,stable,features_16,1775834733754.160,1775834733839.668,85.508,10.001,73.507,29.618,32937,5545,200.0,0,0,70.8
485,mean_dynamic_mobilenetv2,stable,features_16,1775834733843.668,1775834733926.176,82.508,12.001,69.507,24.999,32937,5545,200.0,0,0,70.0
486,mean_dynamic_mobilenetv2,stable,features_16,1775834733929.176,1775834734005.684,76.508,8.001,66.509,22.371,32937,5545,200.0,0,0,71.6
487,mean_dynamic_mobilenetv2,stable,features_16,1775834734008.684,1775834734085.689,77.006,9.001,67.004,24.185,32937,5545,200.0,0,0,71.2
488,mean_dynamic_mobilenetv2,stable,features_16,1775834734088.203,1775834734174.203,86.000,9.004,76.000,19.984,32937,5545,200.0,0,0,77.6
489,mean_dynamic_mobilenetv2,stable,features_16,1775834734178.203,1775834734274.716,96.512,8.505,87.008,24.797,32937,5545,200.0,0,0,75.9
490,mean_dynamic_mobilenetv2,stable,features_16,1775834734277.716,1775834734356.229,78.513,10.516,67.997,22.696,32937,5545,200.0,0,0,70.0
491,mean_dynamic_mobilenetv2,stable,features_16,1775834734359.228,1775834734461.737,102.508,15.004,86.505,23.733,32937,5545,200.0,0,0,72.5
492,mean_dynamic_mobilenetv2,stable,features_16,1775834734465.736,1775834734567.247,101.510,12.005,88.505,23.764,32937,5545,200.0,0,0,67.7
493,mean_dynamic_mobilenetv2,stable,features_16,1775834734571.247,1775834734649.755,78.509,9.003,68.504,24.932,32937,5545,200.0,0,0,77.9
494,mean_dynamic_mobilenetv2,stable,features_16,1775834734652.755,1775834734735.264,82.508,11.001,70.508,25.633,32937,5545,200.0,0,0,73.2
495,mean_dynamic_mobilenetv2,stable,features_16,1775834734738.268,1775834734812.771,74.502,10.000,63.503,20.176,32937,5545,200.0,0,0,70.0
496,mean_dynamic_mobilenetv2,stable,features_16,1775834734815.771,1775834734895.279,79.508,8.001,70.506,24.420,32937,5545,200.0,0,0,70.0
497,mean_dynamic_mobilenetv2,stable,features_16,1775834734898.279,1775834735000.787,102.508,11.002,91.506,23.211,32937,5545,200.0,0,0,69.6
498,mean_dynamic_mobilenetv2,stable,features_16,1775834735003.787,1775834735082.789,79.002,12.000,65.002,23.887,32937,5545,200.0,0,0,71.2
499,mean_dynamic_mobilenetv2,stable,features_16,1775834735085.790,1775834735188.804,103.014,11.509,90.505,24.578,32937,5545,200.0,0,0,69.6
500,mean_dynamic_mobilenetv2,stable,features_16,1775834735191.804,1775834735270.804,79.000,10.002,68.998,20.763,32937,5545,200.0,0,0,70.4
501,mean_dynamic_mobilenetv2,stable,features_16,1775834735273.807,1775834735370.323,96.515,11.003,85.513,20.069,32937,5545,200.0,0,0,69.6
502,mean_dynamic_mobilenetv2,stable,features_16,1775834735373.326,1775834735447.835,74.509,10.000,64.509,23.010,32937,5545,200.0,0,0,74.1
503,mean_dynamic_mobilenetv2,stable,features_16,1775834735450.837,1775834735526.340,75.503,9.001,65.502,22.146,32937,5545,200.0,0,0,71.8
504,mean_dynamic_mobilenetv2,stable,features_16,1775834735528.341,1775834735622.850,94.509,10.000,84.508,25.152,32937,5545,200.0,0,0,73.5
505,mean_dynamic_mobilenetv2,stable,features_16,1775834735625.850,1775834735702.359,76.509,12.009,62.504,20.997,32937,5545,200.0,0,0,74.7
506,mean_dynamic_mobilenetv2,stable,features_16,1775834735706.359,1775834735807.867,101.508,16.000,85.508,25.187,32937,5545,200.0,0,0,70.8
507,mean_dynamic_mobilenetv2,stable,features_16,1775834735810.868,1775834735896.376,85.509,10.002,73.849,28.075,32937,5545,200.0,0,0,70.4
508,mean_dynamic_mobilenetv2,stable,features_16,1775834735899.376,1775834735985.378,86.001,14.000,70.001,25.465,32937,5545,200.0,0,0,75.3
509,mean_dynamic_mobilenetv2,stable,features_16,1775834735987.884,1775834736065.885,78.001,10.003,67.998,23.493,32937,5545,200.0,0,0,73.2
510,mean_dynamic_mobilenetv2,stable,features_16,1775834736068.884,1775834736162.399,93.516,9.007,83.505,21.619,32937,5545,200.0,0,0,69.8
511,mean_dynamic_mobilenetv2,stable,features_16,1775834736165.399,1775834736254.909,89.510,10.005,78.505,24.026,32937,5545,200.0,0,0,69.8
512,mean_dynamic_mobilenetv2,stable,features_16,1775834736257.909,1775834736339.417,81.507,11.001,67.506,23.889,32937,5545,200.0,0,0,69.8
513,mean_dynamic_mobilenetv2,stable,features_16,1775834736342.417,1775834736417.925,75.507,10.000,64.507,22.364,32937,5545,200.0,0,0,71.8
514,mean_dynamic_mobilenetv2,stable,features_16,1775834736420.925,1775834736500.435,79.510,10.001,69.509,22.768,32937,5545,200.0,0,0,69.5
515,mean_dynamic_mobilenetv2,stable,features_16,1775834736503.434,1775834736648.942,145.508,9.001,136.506,22.599,32937,5545,200.0,0,0,75.6
516,mean_dynamic_mobilenetv2,stable,features_16,1775834736652.942,1775834736752.450,99.508,16.000,83.507,25.085,32937,5545,200.0,0,0,74.0
517,mean_dynamic_mobilenetv2,stable,features_16,1775834736755.450,1775834736843.958,88.508,10.001,77.507,24.155,32937,5545,200.0,0,0,75.0
518,mean_dynamic_mobilenetv2,stable,features_16,1775834736846.959,1775834736948.467,101.508,15.001,85.508,20.408,32937,5545,200.0,0,0,73.5
519,mean_dynamic_mobilenetv2,stable,features_16,1775834736952.467,1775834737044.975,92.508,10.004,81.504,23.159,32937,5545,200.0,0,0,76.5
520,mean_dynamic_mobilenetv2,stable,features_16,1775834737048.975,1775834737131.484,82.509,11.001,71.508,24.630,32937,5545,200.0,0,0,74.1
521,mean_dynamic_mobilenetv2,stable,features_16,1775834737134.491,1775834737229.996,95.505,10.995,84.510,22.079,32937,5545,200.0,0,0,81.0
522,mean_dynamic_mobilenetv2,stable,features_16,1775834737232.998,1775834737325.505,92.507,9.001,81.507,25.491,32937,5545,200.0,0,0,73.2
523,mean_dynamic_mobilenetv2,stable,features_16,1775834737328.505,1775834737408.017,79.512,10.001,67.507,24.159,32937,5545,200.0,0,0,72.5
524,mean_dynamic_mobilenetv2,stable,features_16,1775834737411.016,1775834737507.521,96.505,9.996,85.508,22.232,32937,5545,200.0,0,0,72.0
525,mean_dynamic_mobilenetv2,stable,features_16,1775834737511.523,1775834737588.030,76.506,8.999,66.504,23.438,32937,5545,200.0,0,0,70.7
526,mean_dynamic_mobilenetv2,stable,features_16,1775834737592.030,1775834737695.539,103.509,16.000,86.508,23.436,32937,5545,200.0,0,0,74.7
527,mean_dynamic_mobilenetv2,stable,features_16,1775834737699.538,1775834737805.556,106.018,12.001,93.016,22.275,32937,5545,200.0,0,0,77.8
528,mean_dynamic_mobilenetv2,stable,features_16,1775834737812.562,1775834737938.064,125.502,32.997,91.504,19.868,32937,5545,200.0,0,0,82.7
529,mean_dynamic_mobilenetv2,stable,features_16,1775834737942.064,1775834738024.573,82.508,12.001,69.508,25.298,32937,5545,200.0,0,0,73.7
530,mean_dynamic_mobilenetv2,stable,features_16,1775834738027.573,1775834738120.081,92.508,10.003,81.505,24.928,32937,5545,200.0,0,0,72.2
531,mean_dynamic_mobilenetv2,stable,features_16,1775834738123.081,1775834738220.588,97.507,10.001,86.506,22.531,32937,5545,200.0,0,0,70.1
532,mean_dynamic_mobilenetv2,stable,features_16,1775834738223.590,1775834738298.096,74.507,9.000,64.507,21.990,32937,5545,200.0,0,0,73.5
533,mean_dynamic_mobilenetv2,stable,features_16,1775834738301.096,1775834738390.606,89.510,12.003,76.508,23.856,32937,5545,200.0,0,0,74.5
534,mean_dynamic_mobilenetv2,stable,features_16,1775834738393.605,1775834738475.610,82.005,14.002,67.002,21.960,32937,5545,200.0,0,0,72.8
535,mean_dynamic_mobilenetv2,stable,features_16,1775834738478.610,1775834738575.119,96.509,11.510,84.998,20.460,32937,5545,200.0,0,0,73.7
536,mean_dynamic_mobilenetv2,stable,features_16,1775834738578.120,1775834738666.631,88.511,15.512,72.000,22.308,32937,5545,200.0,0,0,86.7
537,mean_dynamic_mobilenetv2,stable,features_16,1775834738669.632,1775834738757.146,87.514,13.005,72.506,25.591,32937,5545,200.0,0,0,77.8
538,mean_dynamic_mobilenetv2,stable,features_16,1775834738760.148,1775834738841.655,81.506,11.998,68.508,24.286,32937,5545,200.0,0,0,74.0
539,mean_dynamic_mobilenetv2,stable,features_16,1775834738844.654,1775834738934.163,89.508,9.002,79.506,20.180,32937,5545,200.0,0,0,69.8
540,mean_dynamic_mobilenetv2,stable,features_16,1775834738937.163,1775834739014.673,77.510,10.002,66.508,24.057,32937,5545,200.0,0,0,76.2
541,mean_dynamic_mobilenetv2,stable,features_16,1775834739018.676,1775834739123.181,104.505,11.997,92.507,24.904,32937,5545,200.0,0,0,77.0
542,mean_dynamic_mobilenetv2,stable,features_16,1775834739126.181,1775834739204.694,78.513,11.001,66.512,21.030,32937,5545,200.0,0,0,71.8
543,mean_dynamic_mobilenetv2,stable,features_16,1775834739207.694,1775834739304.203,96.509,10.001,84.508,21.541,32937,5545,200.0,0,0,72.4
544,mean_dynamic_mobilenetv2,stable,features_16,1775834739307.204,1775834739402.712,95.508,13.000,82.508,23.270,32937,5545,200.0,0,0,72.3
545,mean_dynamic_mobilenetv2,stable,features_16,1775834739405.712,1775834739504.219,98.507,11.000,87.507,20.450,32937,5545,200.0,0,0,70.8
546,mean_dynamic_mobilenetv2,stable,features_16,1775834739507.220,1775834739598.728,91.508,10.000,80.507,24.501,32937,5545,200.0,0,0,75.5
547,mean_dynamic_mobilenetv2,stable,features_16,1775834739601.728,1775834739686.732,85.004,11.001,72.004,27.019,32937,5545,200.0,0,0,75.0
548,mean_dynamic_mobilenetv2,stable,features_16,1775834739690.236,1775834739770.237,80.000,10.001,68.999,24.439,32937,5545,200.0,0,0,72.5
549,mean_dynamic_mobilenetv2,stable,features_16,1775834739773.240,1775834739852.257,79.018,12.000,67.017,24.060,32937,5545,200.0,0,0,75.5
550,mean_dynamic_mobilenetv2,stable,features_16,1775834739855.258,1775834739950.766,95.508,12.001,83.508,20.390,32937,5545,200.0,0,0,70.4
551,mean_dynamic_mobilenetv2,stable,features_16,1775834739953.766,1775834740049.274,95.508,9.001,85.507,25.592,32937,5545,200.0,0,0,75.3
552,mean_dynamic_mobilenetv2,stable,features_16,1775834740052.274,1775834740127.782,75.508,11.003,63.505,20.841,32937,5545,200.0,0,0,71.2
553,mean_dynamic_mobilenetv2,stable,features_16,1775834740130.783,1775834740207.291,76.509,10.002,65.506,23.339,32937,5545,200.0,0,0,70.0
554,mean_dynamic_mobilenetv2,stable,features_16,1775834740211.292,1775834740309.799,98.507,10.001,86.509,22.849,32937,5545,200.0,0,0,71.7
555,mean_dynamic_mobilenetv2,stable,features_16,1775834740313.799,1775834740395.309,81.510,10.004,70.506,25.152,32937,5545,200.0,0,0,70.0
556,mean_dynamic_mobilenetv2,stable,features_16,1775834740398.309,1775834740499.818,101.509,10.002,91.507,24.734,32937,5545,200.0,0,0,70.0
557,mean_dynamic_mobilenetv2,stable,features_16,1775834740502.817,1775834740591.326,88.509,11.002,76.507,23.523,32937,5545,200.0,0,0,74.5
558,mean_dynamic_mobilenetv2,stable,features_16,1775834740595.326,1775834740673.329,78.002,12.002,66.001,23.132,32937,5545,200.0,0,0,76.2
559,mean_dynamic_mobilenetv2,stable,features_16,1775834740676.329,1775834740753.837,77.508,9.001,67.507,23.893,32937,5545,200.0,0,0,70.0
560,mean_dynamic_mobilenetv2,stable,features_16,1775834740756.841,1775834740831.351,74.510,9.997,64.513,22.410,32937,5545,200.0,0,0,77.8
561,mean_dynamic_mobilenetv2,stable,features_16,1775834740834.351,1775834740918.859,84.508,12.000,70.509,25.819,32937,5545,200.0,0,0,71.9
562,mean_dynamic_mobilenetv2,stable,features_16,1775834740921.858,1775834741025.368,103.510,13.000,89.510,24.986,32937,5545,200.0,0,0,71.4
563,mean_dynamic_mobilenetv2,stable,features_16,1775834741028.369,1775834741101.877,73.509,10.002,62.506,20.780,32937,5545,200.0,0,0,77.3
564,mean_dynamic_mobilenetv2,stable,features_16,1775834741104.883,1775834741208.393,103.510,11.997,90.510,22.206,32937,5545,200.0,0,0,68.3
565,mean_dynamic_mobilenetv2,stable,features_16,1775834741211.392,1775834741288.894,77.503,8.997,68.505,23.622,32937,5545,200.0,0,0,70.4
566,mean_dynamic_mobilenetv2,stable,features_16,1775834741291.895,1775834741370.900,79.005,10.000,67.000,22.629,32937,5545,200.0,0,0,72.2
567,mean_dynamic_mobilenetv2,stable,features_16,1775834741373.905,1775834741473.411,99.506,14.499,82.999,23.478,32937,5545,200.0,0,0,69.8
568,mean_dynamic_mobilenetv2,stable,features_16,1775834741476.411,1775834741556.923,80.512,10.001,68.511,24.486,32937,5545,200.0,0,0,70.5
569,mean_dynamic_mobilenetv2,stable,features_16,1775834741559.924,1775834741644.436,84.512,13.001,70.511,24.056,32937,5545,200.0,0,0,80.2
570,mean_dynamic_mobilenetv2,stable,features_16,1775834741647.437,1775834741725.944,78.508,9.001,68.507,23.235,32937,5545,200.0,0,0,71.2
571,mean_dynamic_mobilenetv2,stable,features_16,1775834741728.944,1775834741830.452,101.508,10.002,90.507,23.572,32937,5545,200.0,0,0,73.2
572,mean_dynamic_mobilenetv2,stable,features_16,1775834741834.452,1775834741910.961,76.508,10.003,66.505,23.993,32937,5545,200.0,0,0,71.2
573,mean_dynamic_mobilenetv2,stable,features_16,1775834741913.961,1775834741992.469,78.508,10.003,67.505,24.570,32937,5545,200.0,0,0,71.8
574,mean_dynamic_mobilenetv2,stable,features_16,1775834741995.469,1775834742076.471,81.002,10.005,69.997,25.541,32937,5545,200.0,0,0,69.6
575,mean_dynamic_mobilenetv2,stable,features_16,1775834742079.471,1775834742161.979,82.508,8.505,70.999,26.742,32937,5545,200.0,0,0,70.0
576,mean_dynamic_mobilenetv2,stable,features_16,1775834742164.979,1775834742243.492,78.513,13.009,64.504,20.666,32937,5545,200.0,0,0,72.0
577,mean_dynamic_mobilenetv2,stable,features_16,1775834742246.494,1775834742341.000,94.506,8.999,85.507,23.580,32937,5545,200.0,0,0,68.0
578,mean_dynamic_mobilenetv2,stable,features_16,1775834742344.001,1775834742485.514,141.513,10.003,131.510,23.059,32937,5545,200.0,0,0,69.4
579,mean_dynamic_mobilenetv2,stable,features_16,1775834742489.028,1775834742581.043,92.015,8.998,81.015,25.211,32937,5545,200.0,0,0,69.8
580,mean_dynamic_mobilenetv2,stable,features_16,1775834742584.039,1775834742661.546,77.507,9.509,67.999,22.031,32937,5545,200.0,0,0,78.8
581,mean_dynamic_mobilenetv2,stable,features_16,1775834742664.548,1775834742740.055,75.508,11.003,63.505,22.795,32937,5545,200.0,0,0,72.5
582,mean_dynamic_mobilenetv2,stable,features_16,1775834742743.055,1775834742845.564,102.509,10.003,90.506,26.953,32937,5545,200.0,0,0,69.6
583,mean_dynamic_mobilenetv2,stable,features_16,1775834742849.563,1775834742951.073,101.510,12.003,88.506,21.931,32937,5545,200.0,0,0,73.2
584,mean_dynamic_mobilenetv2,stable,features_16,1775834742954.073,1775834743034.580,80.507,9.001,70.506,25.288,32937,5545,200.0,0,0,76.8
585,mean_dynamic_mobilenetv2,stable,features_16,1775834743037.581,1775834743136.090,98.509,10.001,87.506,23.514,32937,5545,200.0,0,0,83.5
586,mean_dynamic_mobilenetv2,stable,features_16,1775834743140.090,1775834743229.599,89.510,11.000,78.509,23.534,32937,5545,200.0,0,0,69.0
587,mean_dynamic_mobilenetv2,stable,features_16,1775834743232.599,1775834743324.106,91.508,9.002,81.506,24.290,32937,5545,200.0,0,0,71.3
588,mean_dynamic_mobilenetv2,stable,features_16,1775834743327.112,1775834743419.615,92.502,8.995,82.507,25.568,32937,5545,200.0,0,0,69.7
589,mean_dynamic_mobilenetv2,stable,features_16,1775834743422.615,1775834743498.124,75.509,11.003,63.505,23.224,32937,5545,200.0,0,0,73.4
590,mean_dynamic_mobilenetv2,stable,features_16,1775834743502.124,1775834743597.634,95.510,11.002,82.508,20.383,32937,5545,200.0,0,0,72.2
591,mean_dynamic_mobilenetv2,stable,features_16,1775834743599.634,1775834743691.143,91.509,9.002,80.507,23.056,32937,5545,200.0,0,0,76.3
592,mean_dynamic_mobilenetv2,stable,features_16,1775834743694.143,1775834743771.143,77.000,10.001,65.000,23.133,32937,5545,200.0,0,0,70.4
593,mean_dynamic_mobilenetv2,stable,features_16,1775834743774.146,1775834743859.653,85.507,14.503,71.004,25.433,32937,5545,200.0,0,0,81.4
594,mean_dynamic_mobilenetv2,stable,features_16,1775834743863.654,1775834743948.170,84.516,12.008,71.509,26.587,32937,5545,200.0,0,0,82.5
595,mean_dynamic_mobilenetv2,stable,features_16,1775834743952.169,1775834744050.680,98.511,13.001,85.510,23.824,32937,5545,200.0,0,0,75.5
596,mean_dynamic_mobilenetv2,stable,features_16,1775834744053.680,1775834744138.194,84.515,14.002,69.513,21.730,32937,5545,200.0,0,0,71.1
597,mean_dynamic_mobilenetv2,stable,features_16,1775834744142.195,1775834744260.707,118.512,44.006,73.507,26.846,32937,5545,200.0,0,0,80.8
598,mean_dynamic_mobilenetv2,stable,features_16,1775834744264.707,1775834744351.216,86.509,10.004,75.506,28.288,32937,5545,200.0,0,0,71.2
599,mean_dynamic_mobilenetv2,stable,features_16,1775834744355.216,1775834744450.723,95.508,9.001,86.507,23.520,32937,5545,200.0,0,0,78.4
600,mean_dynamic_mobilenetv2,stable,features_16,1775834744453.724,1775834744530.232,76.509,9.002,66.507,23.974,32937,5545,200.0,0,0,73.8
601,mean_dynamic_mobilenetv2,stable,features_16,1775834744533.233,1775834744613.741,80.509,10.001,70.508,24.024,32937,5545,200.0,0,0,74.4
602,mean_dynamic_mobilenetv2,stable,features_16,1775834744616.741,1775834744716.249,99.508,10.001,89.507,23.014,32937,5545,200.0,0,0,75.2
603,mean_dynamic_mobilenetv2,stable,features_16,1775834744719.249,1775834744795.758,76.509,10.003,64.505,21.744,32937,5545,200.0,0,0,72.5
604,mean_dynamic_mobilenetv2,stable,features_16,1775834744799.758,1775834744902.266,102.508,13.001,89.507,25.572,32937,5545,200.0,0,0,73.5
605,mean_dynamic_mobilenetv2,stable,features_16,1775834744905.266,1775834745010.774,105.508,10.001,94.507,26.172,32937,5545,200.0,0,0,72.3
606,mean_dynamic_mobilenetv2,stable,features_16,1775834745013.774,1775834745095.281,81.507,10.001,70.507,24.673,32937,5545,200.0,0,0,69.1
607,mean_dynamic_mobilenetv2,stable,features_16,1775834745098.281,1775834745190.791,92.509,9.001,83.508,22.448,32937,5545,200.0,0,0,73.2
608,mean_dynamic_mobilenetv2,stable,features_16,1775834745194.791,1775834745288.295,93.505,9.001,82.002,24.823,32937,5545,200.0,0,0,69.8
609,mean_dynamic_mobilenetv2,stable,features_16,1775834745291.299,1775834745392.811,101.512,10.001,91.511,25.044,32937,5545,200.0,0,0,72.3
610,mean_dynamic_mobilenetv2,stable,features_16,1775834745395.812,1775834745473.813,78.001,10.000,66.998,24.676,32937,5545,200.0,0,0,70.0
611,mean_dynamic_mobilenetv2,stable,features_16,1775834745477.813,1775834745559.322,81.509,11.510,67.999,24.615,32937,5545,200.0,0,0,71.3
612,mean_dynamic_mobilenetv2,stable,features_16,1775834745562.322,1775834745661.831,99.509,9.001,89.508,24.983,32937,5545,200.0,0,0,76.5
613,mean_dynamic_mobilenetv2,stable,features_16,1775834745668.830,1775834745779.345,110.515,43.513,67.002,25.061,32937,5545,200.0,0,0,88.8
614,mean_dynamic_mobilenetv2,stable,features_16,1775834745782.346,1775834745877.859,95.513,9.513,85.000,24.069,32937,5545,200.0,0,0,71.9
615,mean_dynamic_mobilenetv2,stable,features_16,1775834745880.859,1775834745985.368,104.510,11.508,93.001,26.208,32937,5545,200.0,0,0,71.4
616,mean_dynamic_mobilenetv2,stable,features_16,1775834745988.871,1775834746070.875,82.004,11.004,68.996,25.410,32937,5545,200.0,0,0,74.5
617,mean_dynamic_mobilenetv2,stable,features_16,1775834746075.883,1775834746168.394,92.511,25.512,62.999,19.784,32937,5545,200.0,0,0,84.7
618,mean_dynamic_mobilenetv2,stable,features_16,1775834746172.394,1775834746252.902,80.508,15.004,65.504,23.108,32937,5545,200.0,0,0,72.5
619,mean_dynamic_mobilenetv2,stable,features_16,1775834746255.902,1775834746333.410,77.508,10.001,66.507,21.621,32937,5545,200.0,0,0,73.8
620,mean_dynamic_mobilenetv2,stable,features_16,1775834746337.411,1775834746436.918,99.507,10.000,88.507,25.367,32937,5545,200.0,0,0,75.7
621,mean_dynamic_mobilenetv2,stable,features_16,1775834746439.918,1775834746526.426,86.507,10.001,75.507,23.175,32937,5545,200.0,0,0,71.9
622,mean_dynamic_mobilenetv2,stable,features_16,1775834746529.426,1775834746603.938,74.513,10.001,63.512,18.976,32937,5545,200.0,0,0,75.6
623,mean_dynamic_mobilenetv2,stable,features_16,1775834746606.938,1775834746683.941,77.003,9.002,68.001,24.898,32937,5545,200.0,0,0,78.8
624,mean_dynamic_mobilenetv2,stable,features_16,1775834746686.941,1775834746760.448,73.507,9.508,62.999,22.322,32937,5545,200.0,0,0,80.0
625,mean_dynamic_mobilenetv2,stable,features_16,1775834746764.448,1775834746843.963,79.515,10.009,68.506,24.749,32937,5545,200.0,0,0,72.5
626,mean_dynamic_mobilenetv2,stable,features_16,1775834746846.963,1775834746949.472,102.508,10.003,90.505,24.528,32937,5545,200.0,0,0,71.7
627,mean_dynamic_mobilenetv2,stable,features_16,1775834746952.471,1775834747028.981,76.510,10.003,65.506,22.220,32937,5545,200.0,0,0,75.3
628,mean_dynamic_mobilenetv2,stable,features_16,1775834747031.982,1775834747108.489,76.507,10.000,65.506,23.200,32937,5545,200.0,0,0,73.1
629,mean_dynamic_mobilenetv2,stable,features_16,1775834747111.489,1775834747214.996,103.507,11.002,92.506,26.741,32937,5545,200.0,0,0,68.4
630,mean_dynamic_mobilenetv2,stable,features_16,1775834747218.996,1775834747297.504,78.508,10.001,67.508,22.969,32937,5545,200.0,0,0,70.4
631,mean_dynamic_mobilenetv2,stable,features_16,1775834747301.505,1775834747399.012,97.507,10.001,86.507,22.511,32937,5545,200.0,0,0,73.4
632,mean_dynamic_mobilenetv2,stable,features_16,1775834747402.014,1775834747482.015,80.001,14.002,65.000,21.404,32937,5545,200.0,0,0,69.0
633,mean_dynamic_mobilenetv2,stable,features_16,1775834747485.016,1775834747591.038,106.022,10.513,95.509,24.478,32937,5545,200.0,0,0,73.2
634,mean_dynamic_mobilenetv2,stable,features_16,1775834747594.038,1775834747678.039,84.001,12.000,70.001,23.952,32937,5545,200.0,0,0,79.0
635,mean_dynamic_mobilenetv2,stable,features_16,1775834747681.039,1775834747755.547,74.507,8.508,65.000,23.140,32937,5545,200.0,0,0,70.0
636,mean_dynamic_mobilenetv2,stable,features_16,1775834747758.547,1775834747831.054,72.507,10.000,62.507,18.681,32937,5545,200.0,0,0,71.6
637,mean_dynamic_mobilenetv2,stable,features_16,1775834747834.055,1775834747926.562,92.507,9.000,83.507,24.201,32937,5545,200.0,0,0,70.8
638,mean_dynamic_mobilenetv2,stable,features_16,1775834747929.562,1775834748019.070,89.507,10.001,76.507,22.793,32937,5545,200.0,0,0,70.8
639,mean_dynamic_mobilenetv2,stable,features_16,1775834748022.071,1775834748163.577,141.506,12.000,129.506,24.448,32937,5545,200.0,0,0,69.7
640,mean_dynamic_mobilenetv2,stable,features_16,1775834748166.578,1775834748245.087,78.509,10.004,68.505,23.679,32937,5545,200.0,0,0,73.4
641,mean_dynamic_mobilenetv2,stable,features_16,1775834748248.097,1775834748343.594,95.497,8.995,85.501,23.406,32937,5545,200.0,0,0,68.4
642,mean_dynamic_mobilenetv2,stable,features_16,1775834748347.594,1775834748436.102,88.508,9.000,78.507,22.353,32937,5545,200.0,0,0,70.1
643,mean_dynamic_mobilenetv2,stable,features_16,1775834748439.103,1775834748531.611,92.508,12.000,80.507,36.293,32937,5545,200.0,0,0,73.2
644,mean_dynamic_mobilenetv2,stable,features_16,1775834748534.612,1775834748616.121,81.509,11.001,70.507,23.875,32937,5545,200.0,0,0,72.5
645,mean_dynamic_mobilenetv2,stable,features_16,1775834748620.124,1775834748693.628,73.504,9.999,62.505,19.981,32937,5545,200.0,0,0,78.8
646,mean_dynamic_mobilenetv2,stable,features_16,1775834748696.629,1775834748773.628,77.000,12.001,64.999,22.535,32937,5545,200.0,0,0,71.3
647,mean_dynamic_mobilenetv2,stable,features_16,1775834748777.632,1775834748862.139,84.507,13.507,71.000,24.451,32937,5545,200.0,0,0,72.0
648,mean_dynamic_mobilenetv2,stable,features_16,1775834748866.143,1775834748966.648,100.505,11.002,89.503,24.266,32937,5545,200.0,0,0,70.5
649,mean_dynamic_mobilenetv2,stable,features_16,1775834748969.653,1775834749045.159,75.506,10.005,65.501,23.158,32937,5545,200.0,0,0,78.0
650,mean_dynamic_mobilenetv2,stable,features_16,1775834749048.159,1775834749136.667,88.508,11.001,77.507,24.294,32937,5545,200.0,0,0,82.7
651,mean_dynamic_mobilenetv2,stable,features_16,1775834749139.667,1775834749233.175,93.508,11.001,81.506,24.166,32937,5545,200.0,0,0,72.2
652,mean_dynamic_mobilenetv2,stable,features_16,1775834749235.175,1775834749318.683,83.508,10.001,71.507,24.748,32937,5545,200.0,0,0,75.6
653,mean_dynamic_mobilenetv2,stable,features_16,1775834749322.684,1775834749396.191,73.507,11.003,60.505,19.563,32937,5545,200.0,0,0,78.8
654,mean_dynamic_mobilenetv2,stable,features_16,1775834749399.192,1775834749496.698,97.507,9.000,87.506,27.196,32937,5545,200.0,0,0,74.6
655,mean_dynamic_mobilenetv2,stable,features_16,1775834749499.699,1775834749575.701,76.003,10.003,65.000,23.345,32937,5545,200.0,0,0,71.6
656,mean_dynamic_mobilenetv2,stable,features_16,1775834749578.702,1775834749655.210,76.509,10.002,65.003,22.878,32937,5545,200.0,0,0,77.8
657,mean_dynamic_mobilenetv2,stable,features_16,1775834749658.217,1775834749739.719,81.503,9.995,70.508,24.110,32937,5545,200.0,0,0,70.0
658,mean_dynamic_mobilenetv2,stable,features_16,1775834749742.720,1775834749825.227,82.508,9.001,73.506,24.729,32937,5545,200.0,0,0,71.3
659,mean_dynamic_mobilenetv2,stable,features_16,1775834749829.228,1775834749929.735,100.507,11.001,88.506,24.379,32937,5545,200.0,0,0,70.4
660,mean_dynamic_mobilenetv2,stable,features_16,1775834749932.735,1775834750033.243,100.508,12.001,86.508,22.832,32937,5545,200.0,0,0,75.2
661,mean_dynamic_mobilenetv2,stable,features_16,1775834750036.244,1775834750116.752,80.509,9.000,71.508,22.811,32937,5545,200.0,0,0,71.2
662,mean_dynamic_mobilenetv2,stable,features_16,1775834750119.752,1775834750219.264,99.512,10.003,87.509,20.774,32937,5545,200.0,0,0,70.5
663,mean_dynamic_mobilenetv2,stable,features_16,1775834750222.265,1775834750299.772,77.508,8.001,68.507,26.833,32937,5545,200.0,0,0,70.0
664,mean_dynamic_mobilenetv2,stable,features_16,1775834750302.772,1775834750391.280,88.507,10.001,78.506,24.812,32937,5545,200.0,0,0,69.8
665,mean_dynamic_mobilenetv2,stable,features_16,1775834750394.281,1775834750480.282,86.001,10.002,74.998,20.243,32937,5545,200.0,0,0,70.8
666,mean_dynamic_mobilenetv2,stable,features_16,1775834750484.283,1775834750564.791,80.508,8.509,70.999,26.037,32937,5545,200.0,0,0,70.0
667,mean_dynamic_mobilenetv2,stable,features_16,1775834750567.792,1775834750641.302,73.510,13.005,60.505,19.240,32937,5545,200.0,0,0,73.8
668,mean_dynamic_mobilenetv2,stable,features_16,1775834750644.302,1775834750728.809,84.507,10.002,72.505,20.431,32937,5545,200.0,0,0,72.9
669,mean_dynamic_mobilenetv2,stable,features_16,1775834750732.810,1775834750827.316,94.506,14.001,80.505,24.535,32937,5545,200.0,0,0,71.9
670,mean_dynamic_mobilenetv2,stable,features_16,1775834750830.316,1775834750919.825,89.509,10.001,77.507,23.704,32937,5545,200.0,0,0,83.0
671,mean_dynamic_mobilenetv2,stable,features_16,1775834750922.825,1775834750992.331,69.506,9.000,59.506,19.006,32937,5545,200.0,0,0,75.0
672,mean_dynamic_mobilenetv2,stable,features_16,1775834750995.332,1775834751075.333,80.001,9.000,70.001,25.395,32937,5545,200.0,0,0,75.0
673,mean_dynamic_mobilenetv2,stable,features_16,1775834751079.334,1775834751182.849,103.515,9.509,93.007,23.728,32937,5545,200.0,0,0,71.4
674,mean_dynamic_mobilenetv2,stable,features_16,1775834751186.851,1775834751291.872,105.021,11.512,92.508,23.574,32937,5545,200.0,0,0,69.9
675,mean_dynamic_mobilenetv2,stable,features_16,1775834751293.871,1775834751363.872,70.000,10.006,58.994,18.184,32937,5545,200.0,0,0,69.2
676,mean_dynamic_mobilenetv2,stable,features_16,1775834751366.872,1775834751446.381,79.509,9.005,69.504,26.171,32937,5545,200.0,0,0,72.3
677,mean_dynamic_mobilenetv2,stable,features_16,1775834751450.381,1775834751532.890,82.509,12.002,69.507,24.596,32937,5545,200.0,0,0,69.5
678,mean_dynamic_mobilenetv2,stable,features_16,1775834751535.890,1775834751606.398,70.508,9.001,61.507,20.904,32937,5545,200.0,0,0,73.8
679,mean_dynamic_mobilenetv2,stable,features_16,1775834751609.399,1775834751693.908,84.509,16.001,66.509,24.236,32937,5545,200.0,0,0,77.5
680,mean_dynamic_mobilenetv2,stable,features_16,1775834751696.908,1775834751791.416,94.508,10.003,82.502,27.191,32937,5545,200.0,0,0,70.5
681,mean_dynamic_mobilenetv2,stable,features_16,1775834751794.416,1775834751894.927,100.511,12.000,88.511,23.620,32937,5545,200.0,0,0,69.1
682,mean_dynamic_mobilenetv2,stable,features_16,1775834751897.927,1775834751975.930,78.002,11.001,67.002,22.922,32937,5545,200.0,0,0,73.8
683,mean_dynamic_mobilenetv2,stable,features_16,1775834751978.931,1775834752072.436,93.506,14.507,77.000,18.539,32937,5545,200.0,0,0,72.1
684,mean_dynamic_mobilenetv2,stable,features_16,1775834752075.445,1775834752169.947,94.502,9.996,84.507,24.158,32937,5545,200.0,0,0,71.1
685,mean_dynamic_mobilenetv2,stable,features_16,1775834752172.947,1775834752262.458,89.511,9.011,79.503,24.307,32937,5545,200.0,0,0,74.7
686,mean_dynamic_mobilenetv2,stable,features_16,1775834752266.458,1775834752357.967,91.509,8.005,81.504,24.779,32937,5545,200.0,0,0,78.1
687,mean_dynamic_mobilenetv2,stable,features_16,1775834752360.967,1775834752442.481,81.514,10.004,70.510,25.288,32937,5545,200.0,0,0,70.7
688,mean_dynamic_mobilenetv2,stable,features_16,1775834752446.481,1775834752545.498,99.016,11.000,87.016,25.882,32937,5545,200.0,0,0,74.3
689,mean_dynamic_mobilenetv2,stable,features_16,1775834752547.498,1775834752623.513,76.015,10.509,64.506,21.482,32937,5545,200.0,0,0,75.3
690,mean_dynamic_mobilenetv2,stable,features_16,1775834752626.513,1775834752710.022,83.509,15.001,68.508,22.836,32937,5545,200.0,0,0,79.0
691,mean_dynamic_mobilenetv2,stable,features_16,1775834752714.021,1775834752794.529,80.508,10.000,70.508,24.860,32937,5545,200.0,0,0,73.2
692,mean_dynamic_mobilenetv2,stable,features_16,1775834752797.529,1775834752886.531,89.001,10.002,78.000,23.769,32937,5545,200.0,0,0,71.6
693,mean_dynamic_mobilenetv2,stable,features_16,1775834752890.036,1775834752964.035,74.000,9.001,63.998,18.650,32937,5545,200.0,0,0,69.1
694,mean_dynamic_mobilenetv2,stable,features_16,1775834752967.037,1775834753048.546,81.509,10.005,69.505,25.957,32937,5545,200.0,0,0,72.5
695,mean_dynamic_mobilenetv2,stable,features_16,1775834753052.546,1775834753148.054,95.508,12.001,83.507,22.111,32937,5545,200.0,0,0,71.1
696,mean_dynamic_mobilenetv2,stable,features_16,1775834753151.054,1775834753256.562,105.507,14.000,91.507,23.423,32937,5545,200.0,0,0,73.2
697,mean_dynamic_mobilenetv2,stable,features_16,1775834753259.562,1775834753334.071,74.509,10.000,62.508,22.450,32937,5545,200.0,0,0,71.2
698,mean_dynamic_mobilenetv2,stable,features_16,1775834753337.071,1775834753427.578,90.507,10.001,79.506,24.829,32937,5545,200.0,0,0,69.8
699,mean_dynamic_mobilenetv2,stable,features_16,1775834753430.579,1775834753530.085,99.507,11.001,88.506,21.012,32937,5545,200.0,0,0,70.5
700,mean_dynamic_mobilenetv2,stable,features_16,1775834753534.086,1775834753625.219,91.134,9.003,82.131,25.114,32937,5545,200.0,0,0,72.9
701,mean_dynamic_mobilenetv2,stable,features_16,1775834753628.220,1775834753706.728,78.508,10.001,65.507,21.458,32937,5545,200.0,0,0,79.0
702,mean_dynamic_mobilenetv2,stable,features_16,1775834753709.729,1775834753804.236,94.507,13.000,80.507,19.893,32937,5545,200.0,0,0,74.2
703,mean_dynamic_mobilenetv2,stable,features_16,1775834753807.236,1775834753962.747,155.510,9.002,146.508,74.204,32937,5545,200.0,0,0,82.1
704,mean_dynamic_mobilenetv2,stable,features_16,1775834753966.747,1775834754061.264,94.517,23.517,71.000,25.761,32937,5545,200.0,0,0,81.4
705,mean_dynamic_mobilenetv2,stable,features_16,1775834754064.266,1775834754157.776,93.510,8.997,81.502,24.699,32937,5545,200.0,0,0,71.1
706,mean_dynamic_mobilenetv2,stable,features_16,1775834754160.776,1775834754261.284,100.508,10.001,89.507,23.060,32937,5545,200.0,0,0,79.8
707,mean_dynamic_mobilenetv2,stable,features_16,1775834754264.285,1775834754340.794,76.509,10.000,66.509,22.073,32937,5545,200.0,0,0,73.8
708,mean_dynamic_mobilenetv2,stable,features_16,1775834754343.794,1775834754434.301,90.507,10.001,78.506,24.332,32937,5545,200.0,0,0,73.2
709,mean_dynamic_mobilenetv2,stable,features_16,1775834754438.301,1775834754542.808,104.507,13.001,90.506,24.002,32937,5545,200.0,0,0,72.1
710,mean_dynamic_mobilenetv2,stable,features_16,1775834754545.810,1775834754620.319,74.510,9.002,63.508,22.973,32937,5545,200.0,0,0,76.5
711,mean_dynamic_mobilenetv2,stable,features_16,1775834754623.320,1775834754695.828,72.508,12.000,60.508,19.829,32937,5545,200.0,0,0,82.3
712,mean_dynamic_mobilenetv2,stable,features_16,1775834754699.828,1775834754779.831,80.002,10.001,69.001,24.009,32937,5545,200.0,0,0,72.8
713,mean_dynamic_mobilenetv2,stable,features_16,1775834754782.831,1775834754864.338,81.507,9.509,70.998,26.165,32937,5545,200.0,0,0,78.3
714,mean_dynamic_mobilenetv2,stable,features_16,1775834754867.338,1775834754967.850,100.512,9.005,90.504,23.052,32937,5545,200.0,0,0,69.9
715,mean_dynamic_mobilenetv2,stable,features_16,1775834754970.852,1775834755045.362,74.510,9.006,63.504,22.568,32937,5545,200.0,0,0,73.8
716,mean_dynamic_mobilenetv2,stable,features_16,1775834755049.362,1775834755133.871,84.509,12.001,71.507,19.879,32937,5545,200.0,0,0,76.0
717,mean_dynamic_mobilenetv2,stable,features_16,1775834755136.870,1775834755233.379,96.509,11.001,84.507,26.654,32937,5545,200.0,0,0,76.3
718,mean_dynamic_mobilenetv2,stable,features_16,1775834755236.379,1775834755352.892,116.513,10.001,104.512,38.157,32937,5545,200.0,0,0,70.3
719,mean_dynamic_mobilenetv2,stable,features_16,1775834755355.891,1775834755444.399,88.508,11.000,75.508,20.110,32937,5545,200.0,0,0,70.0
720,mean_dynamic_mobilenetv2,stable,features_16,1775834755447.399,1775834755523.913,76.514,8.000,66.513,21.630,32937,5545,200.0,0,0,75.8
721,mean_dynamic_mobilenetv2,stable,features_16,1775834755526.913,1775834755618.422,91.509,11.003,80.506,23.149,32937,5545,200.0,0,0,70.4
722,mean_dynamic_mobilenetv2,stable,features_16,1775834755621.422,1775834755700.931,79.509,10.003,68.505,24.449,32937,5545,200.0,0,0,73.8
723,mean_dynamic_mobilenetv2,stable,features_16,1775834755703.934,1775834755782.934,79.000,12.001,66.999,21.266,32937,5545,200.0,0,0,72.5
724,mean_dynamic_mobilenetv2,stable,features_16,1775834755785.935,1775834755881.449,95.514,9.512,86.002,22.938,32937,5545,200.0,0,0,71.9
725,mean_dynamic_mobilenetv2,stable,features_16,1775834755884.448,1775834755975.959,91.510,9.508,80.002,24.821,32937,5545,200.0,0,0,69.8
726,mean_dynamic_mobilenetv2,stable,features_16,1775834755978.958,1775834756064.466,85.508,8.001,76.506,30.803,32937,5545,200.0,0,0,72.9
727,mean_dynamic_mobilenetv2,stable,features_16,1775834756067.471,1775834756148.976,81.504,11.001,70.503,26.334,32937,5545,200.0,0,0,76.9
728,mean_dynamic_mobilenetv2,stable,features_16,1775834756151.976,1775834756240.484,88.508,10.001,78.507,23.690,32937,5545,200.0,0,0,67.1
729,mean_dynamic_mobilenetv2,stable,features_16,1775834756243.485,1775834756321.992,78.508,10.002,66.505,22.359,32937,5545,200.0,0,0,72.6
730,mean_dynamic_mobilenetv2,stable,features_16,1775834756324.992,1775834756406.503,81.511,13.001,66.509,21.904,32937,5545,200.0,0,0,69.5
731,mean_dynamic_mobilenetv2,stable,features_16,1775834756409.504,1775834756485.505,76.001,9.000,67.001,22.069,32937,5545,200.0,0,0,70.0
732,mean_dynamic_mobilenetv2,stable,features_16,1775834756488.505,1775834756568.012,79.507,9.509,68.998,22.479,32937,5545,200.0,0,0,71.2
733,mean_dynamic_mobilenetv2,stable,features_16,1775834756571.013,1775834756670.524,99.510,10.007,89.503,20.026,32937,5545,200.0,0,0,75.9
734,mean_dynamic_mobilenetv2,stable,features_16,1775834756674.524,1775834756766.031,91.508,10.005,81.503,24.409,32937,5545,200.0,0,0,69.8
735,mean_dynamic_mobilenetv2,stable,features_16,1775834756769.032,1775834756844.541,75.509,10.005,63.504,22.377,32937,5545,200.0,0,0,70.0
736,mean_dynamic_mobilenetv2,stable,features_16,1775834756847.541,1775834756942.048,94.508,9.001,84.507,27.776,32937,5545,200.0,0,0,69.8
737,mean_dynamic_mobilenetv2,stable,features_16,1775834756945.049,1775834757029.556,84.507,12.000,71.507,25.790,32937,5545,200.0,0,0,71.1
738,mean_dynamic_mobilenetv2,stable,features_16,1775834757032.556,1775834757125.065,92.509,8.002,83.507,25.747,32937,5545,200.0,0,0,69.8
739,mean_dynamic_mobilenetv2,stable,features_16,1775834757128.071,1775834757206.572,78.502,9.996,68.506,22.691,32937,5545,200.0,0,0,70.4
740,mean_dynamic_mobilenetv2,stable,features_16,1775834757209.574,1775834757311.080,101.506,10.999,90.508,25.546,32937,5545,200.0,0,0,78.9
741,mean_dynamic_mobilenetv2,stable,features_16,1775834757315.080,1775834757406.588,91.508,9.003,81.503,25.974,32937,5545,200.0,0,0,73.2
742,mean_dynamic_mobilenetv2,stable,features_16,1775834757409.592,1775834757511.102,101.510,10.999,89.507,24.986,32937,5545,200.0,0,0,73.2
743,mean_dynamic_mobilenetv2,stable,features_16,1775834757514.097,1775834757588.099,74.002,10.001,63.001,20.350,32937,5545,200.0,0,0,71.6
744,mean_dynamic_mobilenetv2,stable,features_16,1775834757592.605,1775834757673.605,81.000,12.002,67.999,23.015,32937,5545,200.0,0,0,77.5
745,mean_dynamic_mobilenetv2,stable,features_16,1775834757677.608,1775834757758.118,80.510,8.002,71.507,25.231,32937,5545,200.0,0,0,75.0
746,mean_dynamic_mobilenetv2,stable,features_16,1775834757761.118,1775834757837.628,76.510,14.004,60.505,20.130,32937,5545,200.0,0,0,73.8
747,mean_dynamic_mobilenetv2,stable,features_16,1775834757840.628,1775834757920.136,79.508,10.001,68.507,22.747,32937,5545,200.0,0,0,71.2
748,mean_dynamic_mobilenetv2,stable,features_16,1775834757923.135,1775834758002.644,79.509,12.001,67.507,23.221,32937,5545,200.0,0,0,70.0
749,mean_dynamic_mobilenetv2,stable,features_16,1775834758006.644,1775834758081.647,75.002,12.001,61.001,20.764,32937,5545,200.0,0,0,72.5
750,mean_dynamic_mobilenetv2,stable,features_16,1775834758084.646,1775834758164.153,79.507,8.508,68.999,24.111,32937,5545,200.0,0,0,72.5
751,mean_dynamic_mobilenetv2,stable,features_16,1775834758167.153,1775834758249.662,82.509,11.005,70.504,26.298,32937,5545,200.0,0,0,73.7
752,mean_dynamic_mobilenetv2,stable,features_16,1775834758252.663,1775834758330.171,77.508,11.001,66.507,23.974,32937,5545,200.0,0,0,70.4
753,mean_dynamic_mobilenetv2,stable,features_16,1775834758333.171,1775834758421.679,88.508,9.001,77.507,20.515,32937,5545,200.0,0,0,69.8
754,mean_dynamic_mobilenetv2,stable,features_16,1775834758425.679,1775834758505.189,79.510,8.001,70.510,24.227,32937,5545,200.0,0,0,75.0
755,mean_dynamic_mobilenetv2,stable,features_16,1775834758508.190,1775834758584.193,76.003,9.001,65.002,21.456,32937,5545,200.0,0,0,72.0
756,mean_dynamic_mobilenetv2,stable,features_16,1775834758587.193,1775834758667.704,80.510,14.511,65.999,25.195,32937,5545,200.0,0,0,80.0
757,mean_dynamic_mobilenetv2,stable,features_16,1775834758671.704,1775834758768.214,96.510,9.007,85.505,22.319,32937,5545,200.0,0,0,69.4
758,mean_dynamic_mobilenetv2,stable,features_16,1775834758771.215,1775834758878.730,107.515,12.007,94.507,27.066,32937,5545,200.0,0,0,73.2
759,mean_dynamic_mobilenetv2,stable,features_16,1775834758882.730,1775834758985.238,102.508,13.507,89.001,25.061,32937,5545,200.0,0,0,71.9
760,mean_dynamic_mobilenetv2,stable,features_16,1775834758988.238,1775834759075.750,87.512,10.511,77.001,21.637,32937,5545,200.0,0,0,71.9
761,mean_dynamic_mobilenetv2,stable,features_16,1775834759078.751,1775834759168.257,89.505,10.000,78.506,23.468,32937,5545,200.0,0,0,72.2
762,mean_dynamic_mobilenetv2,stable,features_16,1775834759171.257,1775834759263.774,92.517,9.012,83.505,24.274,32937,5545,200.0,0,0,73.2
763,mean_dynamic_mobilenetv2,stable,features_16,1775834759266.776,1775834759346.284,79.508,10.002,67.506,24.403,32937,5545,200.0,0,0,88.9
764,mean_dynamic_mobilenetv2,stable,features_16,1775834759348.284,1775834759427.792,79.508,10.003,67.505,22.258,32937,5545,200.0,0,0,77.8
765,mean_dynamic_mobilenetv2,stable,features_16,1775834759430.795,1775834759528.300,97.505,11.000,85.505,26.646,32937,5545,200.0,0,0,71.2
766,mean_dynamic_mobilenetv2,stable,features_16,1775834759531.300,1775834759677.812,146.511,12.001,134.511,19.681,32937,5545,200.0,0,0,75.9
767,mean_dynamic_mobilenetv2,stable,features_16,1775834759680.813,1775834759779.322,98.510,9.000,89.006,24.822,32937,5545,200.0,0,0,71.2
768,mean_dynamic_mobilenetv2,stable,features_16,1775834759782.322,1775834759868.830,86.508,10.509,75.999,27.431,32937,5545,200.0,0,0,73.2
769,mean_dynamic_mobilenetv2,stable,features_16,1775834759871.830,1775834759961.340,89.510,10.006,78.504,24.779,32937,5545,200.0,0,0,73.2
770,mean_dynamic_mobilenetv2,stable,features_16,1775834759964.341,1775834760054.854,90.514,9.003,81.511,24.488,32937,5545,200.0,0,0,78.7
771,mean_dynamic_mobilenetv2,stable,features_16,1775834760058.854,1775834760151.363,92.508,9.001,82.507,26.693,32937,5545,200.0,0,0,66.0
772,mean_dynamic_mobilenetv2,stable,features_16,1775834760154.363,1775834760257.870,103.507,11.001,92.506,24.979,32937,5545,200.0,0,0,75.7
773,mean_dynamic_mobilenetv2,stable,features_16,1775834760260.870,1775834760350.378,89.508,10.000,79.508,24.544,32937,5545,200.0,0,0,68.5
774,mean_dynamic_mobilenetv2,stable,features_16,1775834760353.378,1775834760443.887,90.509,10.002,79.506,24.985,32937,5545,200.0,0,0,71.1
775,mean_dynamic_mobilenetv2,stable,features_16,1775834760446.887,1775834760538.399,91.511,10.001,80.511,24.226,32937,5545,200.0,0,0,69.8
776,mean_dynamic_mobilenetv2,stable,features_16,1775834760541.405,1775834760642.908,101.503,13.995,87.508,22.400,32937,5545,200.0,0,0,78.1
777,mean_dynamic_mobilenetv2,stable,features_16,1775834760645.909,1775834760723.421,77.512,10.002,66.510,25.389,32937,5545,200.0,0,0,71.2
778,mean_dynamic_mobilenetv2,stable,features_16,1775834760726.421,1775834760828.931,102.510,12.003,88.505,23.280,32937,5545,200.0,0,0,72.3
779,mean_dynamic_mobilenetv2,stable,features_16,1775834760831.929,1775834760922.438,90.508,13.000,77.508,24.725,32937,5545,200.0,0,0,71.9
780,mean_dynamic_mobilenetv2,stable,features_16,1775834760926.438,1775834761016.945,90.508,9.002,80.504,26.277,32937,5545,200.0,0,0,70.8
781,mean_dynamic_mobilenetv2,stable,features_16,1775834761019.945,1775834761126.453,106.508,10.003,96.505,28.167,32937,5545,200.0,0,0,73.2
782,mean_dynamic_mobilenetv2,stable,features_16,1775834761129.453,1775834761205.961,76.508,11.001,64.507,23.765,32937,5545,200.0,0,0,75.6
783,mean_dynamic_mobilenetv2,stable,features_16,1775834761208.961,1775834761283.964,75.003,11.001,64.002,19.512,32937,5545,200.0,0,0,72.8
784,mean_dynamic_mobilenetv2,stable,features_16,1775834761286.964,1775834761368.475,81.511,15.511,66.000,21.271,32937,5545,200.0,0,0,79.4
785,mean_dynamic_mobilenetv2,stable,features_16,1775834761372.475,1775834761468.985,96.510,9.007,86.503,25.446,32937,5545,200.0,0,0,71.9
786,mean_dynamic_mobilenetv2,stable,features_16,1775834761472.985,1775834761571.494,98.509,13.005,84.504,23.825,32937,5545,200.0,0,0,73.2
787,mean_dynamic_mobilenetv2,stable,features_16,1775834761574.494,1775834761663.007,88.512,9.007,78.506,23.522,32937,5545,200.0,0,0,76.2
788,mean_dynamic_mobilenetv2,stable,features_16,1775834761667.007,1775834761775.516,108.509,13.004,94.505,26.578,32937,5545,200.0,0,0,71.7
789,mean_dynamic_mobilenetv2,stable,features_16,1775834761778.520,1775834761881.036,102.516,11.001,90.515,23.325,32937,5545,200.0,0,0,71.1
790,mean_dynamic_mobilenetv2,stable,features_16,1775834761884.039,1775834761975.546,91.508,9.509,80.999,36.837,32937,5545,200.0,0,0,81.8
791,mean_dynamic_mobilenetv2,stable,features_16,1775834761978.550,1775834762053.057,74.507,11.000,63.506,20.860,32937,5545,200.0,0,0,75.0
792,mean_dynamic_mobilenetv2,stable,features_16,1775834762056.057,1775834762140.565,84.508,11.002,71.507,24.736,32937,5545,200.0,0,0,71.9
793,mean_dynamic_mobilenetv2,stable,features_16,1775834762143.565,1775834762224.072,80.508,12.001,68.506,22.592,32937,5545,200.0,0,0,70.0
794,mean_dynamic_mobilenetv2,stable,features_16,1775834762227.073,1775834762311.581,84.508,10.001,73.508,28.497,32937,5545,200.0,0,0,69.8
795,mean_dynamic_mobilenetv2,stable,features_16,1775834762314.581,1775834762391.085,76.505,10.001,66.504,20.389,32937,5545,200.0,0,0,72.5
796,mean_dynamic_mobilenetv2,stable,features_16,1775834762394.089,1775834762468.090,74.000,9.000,65.000,23.170,32937,5545,200.0,0,0,70.4
797,mean_dynamic_mobilenetv2,stable,features_16,1775834762471.092,1775834762562.617,91.525,10.008,79.515,23.670,32937,5545,200.0,0,0,69.8
798,mean_dynamic_mobilenetv2,stable,features_16,1775834762565.617,1775834762640.126,74.509,9.001,65.508,21.272,32937,5545,200.0,0,0,77.5
799,mean_dynamic_mobilenetv2,stable,features_16,1775834762643.126,1775834762725.634,82.508,11.002,70.506,26.380,32937,5545,200.0,0,0,72.5
800,mean_dynamic_mobilenetv2,stable,features_16,1775834762728.634,1775834762810.143,81.509,15.001,65.507,24.678,32937,5545,200.0,0,0,71.9
801,mean_dynamic_mobilenetv2,stable,features_16,1775834762813.142,1775834762899.650,86.508,10.001,76.507,20.496,32937,5545,200.0,0,0,70.8
802,mean_dynamic_mobilenetv2,stable,features_16,1775834762902.650,1775834762985.653,83.003,9.002,73.000,27.188,32937,5545,200.0,0,0,77.1
803,mean_dynamic_mobilenetv2,stable,features_16,1775834762988.653,1775834763090.671,102.018,9.516,91.501,22.869,32937,5545,200.0,0,0,73.5
804,mean_dynamic_mobilenetv2,stable,features_16,1775834763094.674,1775834763198.182,103.508,14.001,88.507,21.899,32937,5545,200.0,0,0,75.7
805,mean_dynamic_mobilenetv2,stable,features_16,1775834763201.183,1775834763276.186,75.003,9.000,65.000,22.040,32937,5545,200.0,0,0,73.8
806,mean_dynamic_mobilenetv2,stable,features_16,1775834763279.186,1775834763387.695,108.509,12.507,94.001,24.329,32937,5545,200.0,0,0,71.1
807,mean_dynamic_mobilenetv2,stable,features_16,1775834763391.200,1775834763497.711,106.512,12.004,94.508,27.717,32937,5545,200.0,0,0,69.6
808,mean_dynamic_mobilenetv2,stable,features_16,1775834763500.711,1775834763576.714,76.003,10.001,64.999,23.028,32937,5545,200.0,0,0,71.2
809,mean_dynamic_mobilenetv2,stable,features_16,1775834763579.714,1775834763675.221,95.507,18.508,75.999,19.261,32937,5545,200.0,0,0,78.1
810,mean_dynamic_mobilenetv2,stable,features_16,1775834763679.224,1775834763752.739,73.515,9.003,63.512,23.236,32937,5545,200.0,0,0,71.2
811,mean_dynamic_mobilenetv2,stable,features_16,1775834763755.739,1775834763829.247,73.508,9.001,62.507,20.226,32937,5545,200.0,0,0,73.8
812,mean_dynamic_mobilenetv2,stable,features_16,1775834763832.247,1775834763908.756,76.509,9.000,66.508,21.651,32937,5545,200.0,0,0,72.5
813,mean_dynamic_mobilenetv2,stable,features_16,1775834763911.755,1775834764010.264,98.510,9.000,87.508,26.107,32937,5545,200.0,0,0,70.3
814,mean_dynamic_mobilenetv2,stable,features_16,1775834764014.264,1775834764105.771,91.507,12.000,79.507,17.929,32937,5545,200.0,0,0,69.1
815,mean_dynamic_mobilenetv2,stable,features_16,1775834764109.772,1775834764207.279,97.508,8.000,88.507,25.877,32937,5545,200.0,0,0,69.8
816,mean_dynamic_mobilenetv2,stable,features_16,1775834764210.279,1775834764313.788,103.509,11.002,91.507,23.409,32937,5545,200.0,0,0,70.8
817,mean_dynamic_mobilenetv2,stable,features_16,1775834764316.788,1775834764409.296,92.508,10.001,81.507,24.940,32937,5545,200.0,0,0,72.9
818,mean_dynamic_mobilenetv2,stable,features_16,1775834764412.297,1775834764508.806,96.509,18.000,76.509,19.798,32937,5545,200.0,0,0,77.0
819,mean_dynamic_mobilenetv2,stable,features_16,1775834764511.806,1775834764587.809,76.003,9.001,65.002,23.163,32937,5545,200.0,0,0,75.0
820,mean_dynamic_mobilenetv2,stable,features_16,1775834764591.312,1775834764682.320,91.008,13.006,76.000,23.261,32937,5545,200.0,0,0,77.1
821,mean_dynamic_mobilenetv2,stable,features_16,1775834764686.319,1775834764763.829,77.510,10.511,66.999,21.084,32937,5545,200.0,0,0,79.3
822,mean_dynamic_mobilenetv2,stable,features_16,1775834764766.835,1775834764846.338,79.504,10.000,69.504,21.410,32937,5545,200.0,0,0,75.9
823,mean_dynamic_mobilenetv2,stable,features_16,1775834764849.339,1775834764952.845,103.507,12.002,90.505,23.766,32937,5545,200.0,0,0,71.1
824,mean_dynamic_mobilenetv2,stable,features_16,1775834764955.850,1775834765047.353,91.503,8.997,82.506,24.374,32937,5545,200.0,0,0,70.8
825,mean_dynamic_mobilenetv2,stable,features_16,1775834765050.354,1775834765157.861,107.508,10.001,96.507,28.437,32937,5545,200.0,0,0,77.0
826,mean_dynamic_mobilenetv2,stable,features_16,1775834765161.862,1775834765261.369,99.508,10.003,87.506,20.781,32937,5545,200.0,0,0,74.3
827,mean_dynamic_mobilenetv2,stable,features_16,1775834765264.370,1775834765347.878,83.508,12.003,70.505,24.576,32937,5545,200.0,0,0,73.8
828,mean_dynamic_mobilenetv2,stable,features_16,1775834765350.878,1775834765487.389,136.511,11.001,124.510,23.260,32937,5545,200.0,0,0,75.7
829,mean_dynamic_mobilenetv2,stable,features_16,1775834765489.388,1775834765566.895,77.506,11.507,64.999,24.503,32937,5545,200.0,0,0,72.8
830,mean_dynamic_mobilenetv2,stable,features_16,1775834765569.896,1775834765648.406,78.510,11.005,67.505,22.346,32937,5545,200.0,0,0,76.2
831,mean_dynamic_mobilenetv2,stable,features_16,1775834765652.407,1775834765734.914,82.507,14.000,68.507,22.934,32937,5545,200.0,0,0,74.0
832,mean_dynamic_mobilenetv2,stable,features_16,1775834765737.914,1775834765824.423,86.509,9.000,75.508,20.594,32937,5545,200.0,0,0,69.8
833,mean_dynamic_mobilenetv2,stable,features_16,1775834765827.423,1775834765921.930,94.508,11.000,82.508,26.631,32937,5545,200.0,0,0,71.9
834,mean_dynamic_mobilenetv2,stable,features_16,1775834765924.931,1775834766005.439,80.508,10.000,69.507,25.166,32937,5545,200.0,0,0,70.0
835,mean_dynamic_mobilenetv2,stable,features_16,1775834766009.439,1775834766089.441,80.002,12.001,68.001,23.052,32937,5545,200.0,0,0,70.8
836,mean_dynamic_mobilenetv2,stable,features_16,1775834766092.946,1775834766185.949,93.002,9.001,84.001,25.855,32937,5545,200.0,0,0,70.8
837,mean_dynamic_mobilenetv2,stable,features_16,1775834766188.950,1775834766278.277,89.327,9.520,79.807,23.560,32937,5545,200.0,0,0,69.8
838,mean_dynamic_mobilenetv2,stable,features_16,1775834766281.278,1775834766361.298,80.020,11.021,67.999,22.997,32937,5545,200.0,0,0,81.7
839,mean_dynamic_mobilenetv2,stable,features_16,1775834766365.299,1775834766465.808,100.509,10.000,90.509,24.418,32937,5545,200.0,0,0,77.7
840,mean_dynamic_mobilenetv2,stable,features_16,1775834766468.808,1775834766556.316,87.508,11.005,76.503,22.843,32937,5545,200.0,0,0,74.0
841,mean_dynamic_mobilenetv2,stable,features_16,1775834766559.321,1775834766637.825,78.504,9.998,66.508,23.892,32937,5545,200.0,0,0,80.5
842,mean_dynamic_mobilenetv2,stable,features_16,1775834766641.826,1775834766738.335,96.509,15.001,80.509,20.652,32937,5545,200.0,0,0,74.0
843,mean_dynamic_mobilenetv2,stable,features_16,1775834766741.335,1775834766817.843,76.508,10.001,66.507,25.162,32937,5545,200.0,0,0,75.6
844,mean_dynamic_mobilenetv2,stable,features_16,1775834766820.844,1775834766903.359,82.515,10.000,71.515,25.225,32937,5545,200.0,0,0,75.0
845,mean_dynamic_mobilenetv2,stable,features_16,1775834766906.360,1775834766993.867,87.507,13.001,72.508,26.256,32937,5545,200.0,0,0,72.4
846,mean_dynamic_mobilenetv2,stable,features_16,1775834766996.868,1775834767077.869,81.002,11.001,69.002,26.829,32937,5545,200.0,0,0,72.5
847,mean_dynamic_mobilenetv2,stable,features_16,1775834767080.869,1775834767174.380,93.510,11.513,80.999,22.803,32937,5545,200.0,0,0,71.9
848,mean_dynamic_mobilenetv2,stable,features_16,1775834767177.391,1775834767258.906,81.515,12.001,68.513,24.801,32937,5545,200.0,0,0,73.2
849,mean_dynamic_mobilenetv2,stable,features_16,1775834767261.906,1775834767346.415,84.510,14.001,69.508,24.887,32937,5545,200.0,0,0,71.2
850,mean_dynamic_mobilenetv2,stable,features_16,1775834767349.416,1775834767427.932,78.516,10.001,66.515,24.302,32937,5545,200.0,0,0,72.0
851,mean_dynamic_mobilenetv2,stable,features_16,1775834767430.932,1775834767511.439,80.507,11.000,67.505,24.877,32937,5545,200.0,0,0,70.8
852,mean_dynamic_mobilenetv2,stable,features_16,1775834767514.442,1775834767610.951,96.509,11.000,84.508,23.621,32937,5545,200.0,0,0,74.2
853,mean_dynamic_mobilenetv2,stable,features_16,1775834767613.950,1775834767694.459,80.509,12.001,67.507,22.820,32937,5545,200.0,0,0,78.8
854,mean_dynamic_mobilenetv2,stable,features_16,1775834767697.460,1775834767800.969,103.509,13.001,90.508,24.329,32937,5545,200.0,0,0,75.0
855,mean_dynamic_mobilenetv2,stable,features_16,1775834767803.973,1775834767879.970,75.997,11.995,63.002,21.212,32937,5545,200.0,0,0,72.5
856,mean_dynamic_mobilenetv2,stable,features_16,1775834767883.973,1775834767963.486,79.513,11.518,67.995,22.377,32937,5545,200.0,0,0,80.0
857,mean_dynamic_mobilenetv2,stable,features_16,1775834767966.487,1775834768050.003,83.516,11.009,70.508,23.911,32937,5545,200.0,0,0,75.6
858,mean_dynamic_mobilenetv2,stable,features_16,1775834768054.000,1775834768133.514,79.514,10.001,67.512,22.943,32937,5545,200.0,0,0,75.3
859,mean_dynamic_mobilenetv2,stable,features_16,1775834768136.510,1775834768218.020,81.510,10.000,70.509,26.172,32937,5545,200.0,0,0,71.9
860,mean_dynamic_mobilenetv2,stable,features_16,1775834768221.020,1775834768301.529,80.510,14.006,65.505,24.162,32937,5545,200.0,0,0,71.2
861,mean_dynamic_mobilenetv2,stable,features_16,1775834768305.528,1775834768384.533,79.005,9.001,68.002,23.970,32937,5545,200.0,0,0,76.3
862,mean_dynamic_mobilenetv2,stable,features_16,1775834768387.531,1775834768466.042,78.510,10.513,66.998,22.110,32937,5545,200.0,0,0,79.3
863,mean_dynamic_mobilenetv2,stable,features_16,1775834768469.042,1775834768566.552,97.510,12.004,83.505,29.161,32937,5545,200.0,0,0,74.2
864,mean_dynamic_mobilenetv2,stable,features_16,1775834768569.551,1775834768659.065,89.514,14.026,74.488,27.423,32937,5545,200.0,0,0,90.7
865,mean_dynamic_mobilenetv2,stable,features_16,1775834768664.063,1775834768772.577,108.514,22.008,84.505,24.693,32937,5545,200.0,0,0,78.1
866,mean_dynamic_mobilenetv2,stable,features_16,1775834768775.577,1775834768881.088,105.511,12.006,93.505,24.733,32937,5545,200.0,0,0,77.7
867,mean_dynamic_mobilenetv2,stable,features_16,1775834768885.088,1775834768961.603,76.515,9.518,66.997,21.724,32937,5545,200.0,0,0,70.8
868,mean_dynamic_mobilenetv2,stable,features_16,1775834768964.603,1775834769065.112,100.509,11.001,89.508,25.374,32937,5545,200.0,0,0,71.1
869,mean_dynamic_mobilenetv2,stable,features_16,1775834769068.112,1775834769156.624,88.512,9.007,77.505,22.478,32937,5545,200.0,0,0,70.1
870,mean_dynamic_mobilenetv2,stable,features_16,1775834769160.624,1775834769260.132,99.508,10.001,87.507,27.457,32937,5545,200.0,0,0,70.5
871,mean_dynamic_mobilenetv2,stable,features_16,1775834769263.132,1775834769361.645,98.512,11.002,87.510,22.192,32937,5545,200.0,0,0,73.2
872,mean_dynamic_mobilenetv2,stable,features_16,1775834769365.646,1775834769443.163,77.517,10.006,66.511,23.974,32937,5545,200.0,0,0,74.1
873,mean_dynamic_mobilenetv2,stable,features_16,1775834769445.166,1775834769546.669,101.503,10.999,90.504,24.430,32937,5545,200.0,0,0,71.4
874,mean_dynamic_mobilenetv2,stable,features_16,1775834769550.670,1775834769627.179,76.509,10.003,65.505,22.521,32937,5545,200.0,0,0,73.8
875,mean_dynamic_mobilenetv2,stable,features_16,1775834769630.180,1775834769730.687,100.507,13.001,85.507,22.453,32937,5545,200.0,0,0,75.9
876,mean_dynamic_mobilenetv2,stable,features_16,1775834769734.687,1775834769845.195,110.509,15.000,92.508,23.052,32937,5545,200.0,0,0,69.6
877,mean_dynamic_mobilenetv2,stable,features_16,1775834769848.195,1775834769954.702,106.507,11.002,94.507,27.106,32937,5545,200.0,0,0,71.4
878,mean_dynamic_mobilenetv2,stable,features_16,1775834769957.702,1775834770034.215,76.513,11.002,65.511,22.665,32937,5545,200.0,0,0,78.8
879,mean_dynamic_mobilenetv2,stable,features_16,1775834770037.215,1775834770114.723,77.509,11.002,64.506,21.040,32937,5545,200.0,0,0,79.0
880,mean_dynamic_mobilenetv2,stable,features_16,1775834770117.724,1775834770198.231,80.507,10.001,70.506,24.899,32937,5545,200.0,0,0,70.8
881,mean_dynamic_mobilenetv2,stable,features_16,1775834770201.232,1775834770294.739,93.507,9.000,84.507,24.781,32937,5545,200.0,0,0,74.0
882,mean_dynamic_mobilenetv2,stable,features_16,1775834770297.739,1775834770384.742,87.002,11.003,74.999,24.002,32937,5545,200.0,0,0,74.5
883,mean_dynamic_mobilenetv2,stable,features_16,1775834770387.742,1775834770468.253,80.510,9.510,70.000,23.450,32937,5545,200.0,0,0,76.2
884,mean_dynamic_mobilenetv2,stable,features_16,1775834770472.251,1775834770572.761,100.510,14.007,86.503,22.192,32937,5545,200.0,0,0,74.1
885,mean_dynamic_mobilenetv2,stable,features_16,1775834770576.761,1775834770669.273,92.512,13.004,78.507,22.979,32937,5545,200.0,0,0,82.5
886,mean_dynamic_mobilenetv2,stable,features_16,1775834770672.273,1775834770747.784,75.511,13.009,62.502,19.286,32937,5545,200.0,0,0,76.8
887,mean_dynamic_mobilenetv2,stable,features_16,1775834770751.784,1775834770853.292,101.508,10.001,90.507,23.709,32937,5545,200.0,0,0,69.6
888,mean_dynamic_mobilenetv2,stable,features_16,1775834770856.292,1775834770960.800,104.508,13.001,89.506,23.824,32937,5545,200.0,0,0,71.9
889,mean_dynamic_mobilenetv2,stable,features_16,1775834770963.800,1775834771064.309,100.509,16.004,83.505,22.182,32937,5545,200.0,0,0,76.1
890,mean_dynamic_mobilenetv2,stable,features_16,1775834771067.309,1775834771189.822,122.513,10.005,110.508,24.073,32937,5545,200.0,0,0,70.3
891,mean_dynamic_mobilenetv2,stable,features_16,1775834771192.325,1775834771279.332,87.007,15.005,71.001,26.079,32937,5545,200.0,0,0,74.0
892,mean_dynamic_mobilenetv2,stable,features_16,1775834771282.331,1775834771363.840,81.509,8.001,71.004,25.512,32937,5545,200.0,0,0,70.0
893,mean_dynamic_mobilenetv2,stable,features_16,1775834771366.840,1775834771453.348,86.508,9.001,77.507,20.891,32937,5545,200.0,0,0,73.2
894,mean_dynamic_mobilenetv2,stable,features_16,1775834771456.349,1775834771551.856,95.507,11.000,82.507,24.822,32937,5545,200.0,0,0,69.8
895,mean_dynamic_mobilenetv2,stable,features_16,1775834771554.855,1775834771630.365,75.509,10.001,64.508,22.679,32937,5545,200.0,0,0,80.7
896,mean_dynamic_mobilenetv2,stable,features_16,1775834771633.365,1775834771718.872,85.508,15.001,69.507,24.429,32937,5545,200.0,0,0,72.9
897,mean_dynamic_mobilenetv2,stable,features_16,1775834771721.873,1775834771808.380,86.508,12.001,71.508,25.321,32937,5545,200.0,0,0,69.8
898,mean_dynamic_mobilenetv2,stable,features_16,1775834771811.380,1775834771900.890,89.510,12.002,77.507,20.827,32937,5545,200.0,0,0,69.8
899,mean_dynamic_mobilenetv2,stable,features_16,1775834771903.890,1775834771980.893,77.003,10.003,66.000,22.805,32937,5545,200.0,0,0,77.5
900,mean_dynamic_mobilenetv2,stable,features_16,1775834771983.893,1775834772066.400,82.507,11.509,69.998,25.415,32937,5545,200.0,0,0,72.5
901,mean_dynamic_mobilenetv2,stable,features_16,1775834772069.404,1775834772168.910,99.506,10.002,89.503,26.224,32937,5545,200.0,0,0,69.6
902,mean_dynamic_mobilenetv2,stable,features_16,1775834772172.910,1775834772253.420,80.511,14.006,66.505,24.282,32937,5545,200.0,0,0,75.0
903,mean_dynamic_mobilenetv2,stable,features_16,1775834772256.420,1775834772335.929,79.509,12.001,67.508,24.338,32937,5545,200.0,0,0,71.9
904,mean_dynamic_mobilenetv2,stable,features_16,1775834772338.929,1775834772417.443,78.514,11.001,65.513,20.810,32937,5545,200.0,0,0,80.0
905,mean_dynamic_mobilenetv2,stable,features_16,1775834772421.443,1775834772506.951,85.508,14.002,69.506,25.064,32937,5545,200.0,0,0,91.6
906,mean_dynamic_mobilenetv2,stable,features_16,1775834772509.952,1775834772583.970,74.018,11.001,63.017,20.645,32937,5545,200.0,0,0,76.2
907,mean_dynamic_mobilenetv2,stable,features_16,1775834772586.970,1775834772671.482,84.512,17.513,66.999,24.510,32937,5545,200.0,0,0,84.5
908,mean_dynamic_mobilenetv2,stable,features_16,1775834772674.483,1775834772752.998,78.515,12.011,64.504,22.870,32937,5545,200.0,0,0,84.0
909,mean_dynamic_mobilenetv2,stable,features_16,1775834772755.999,1775834772851.508,95.510,13.002,82.508,20.065,32937,5545,200.0,0,0,83.0
910,mean_dynamic_mobilenetv2,stable,features_16,1775834772854.509,1775834772935.016,80.508,12.002,68.506,23.491,32937,5545,200.0,0,0,74.2
911,mean_dynamic_mobilenetv2,stable,features_16,1775834772939.017,1775834773022.524,83.508,10.000,71.508,23.921,32937,5545,200.0,0,0,89.4
912,mean_dynamic_mobilenetv2,stable,features_16,1775834773025.526,1775834773109.034,83.509,13.000,69.508,28.397,32937,5545,200.0,0,0,76.3
913,mean_dynamic_mobilenetv2,stable,features_16,1775834773111.035,1775834773184.038,73.003,10.000,62.003,20.020,32937,5545,200.0,0,0,70.0
914,mean_dynamic_mobilenetv2,stable,features_16,1775834773187.037,1775834773293.052,106.015,11.508,94.507,23.879,32937,5545,200.0,0,0,73.5
915,mean_dynamic_mobilenetv2,stable,features_16,1775834773296.055,1775834773400.560,104.505,9.999,93.506,23.206,32937,5545,200.0,0,0,70.3
916,mean_dynamic_mobilenetv2,stable,features_16,1775834773403.560,1775834773483.562,80.002,11.002,68.000,23.629,32937,5545,200.0,0,0,74.4
917,mean_dynamic_mobilenetv2,stable,features_16,1775834773486.563,1775834773568.073,81.510,14.510,67.000,23.191,32937,5545,200.0,0,0,73.8
918,mean_dynamic_mobilenetv2,stable,features_16,1775834773572.072,1775834773653.583,81.510,9.007,70.504,25.417,32937,5545,200.0,0,0,77.6
919,mean_dynamic_mobilenetv2,stable,features_16,1775834773656.583,1775834773742.090,85.508,13.002,72.505,24.863,32937,5545,200.0,0,0,74.2
920,mean_dynamic_mobilenetv2,stable,features_16,1775834773746.090,1775834773825.598,79.507,10.001,69.507,26.231,32937,5545,200.0,0,0,66.3
921,mean_dynamic_mobilenetv2,stable,features_16,1775834773829.602,1775834773907.107,77.505,9.001,66.501,24.127,32937,5545,200.0,0,0,71.6
922,mean_dynamic_mobilenetv2,stable,features_16,1775834773910.107,1775834773990.109,80.002,9.000,71.002,24.787,32937,5545,200.0,0,0,73.8
923,mean_dynamic_mobilenetv2,stable,features_16,1775834773993.615,1775834774079.620,86.004,13.000,72.004,25.753,32937,5545,200.0,0,0,81.2
924,mean_dynamic_mobilenetv2,stable,features_16,1775834774083.620,1775834774173.129,89.509,17.510,71.999,25.111,32937,5545,200.0,0,0,76.0
925,mean_dynamic_mobilenetv2,stable,features_16,1775834774177.129,1775834774267.638,90.509,12.007,77.502,21.115,32937,5545,200.0,0,0,70.8
926,mean_dynamic_mobilenetv2,stable,features_16,1775834774270.639,1775834774355.148,84.509,16.004,68.505,23.973,32937,5545,200.0,0,0,76.3
927,mean_dynamic_mobilenetv2,stable,features_16,1775834774358.149,1775834774439.656,81.508,12.001,68.507,24.343,32937,5545,200.0,0,0,70.0
928,mean_dynamic_mobilenetv2,stable,features_16,1775834774442.656,1775834774534.166,91.510,9.002,82.508,24.821,32937,5545,200.0,0,0,70.8
929,mean_dynamic_mobilenetv2,stable,features_16,1775834774537.166,1775834774616.676,79.510,10.003,68.505,22.055,32937,5545,200.0,0,0,74.7
930,mean_dynamic_mobilenetv2,stable,features_16,1775834774620.677,1775834774708.185,87.508,16.000,70.508,28.731,32937,5545,200.0,0,0,76.8
931,mean_dynamic_mobilenetv2,stable,features_16,1775834774711.185,1775834774797.698,86.513,9.000,76.513,25.213,32937,5545,200.0,0,0,74.0
932,mean_dynamic_mobilenetv2,stable,features_16,1775834774800.698,1775834774896.205,95.507,10.001,84.506,26.582,32937,5545,200.0,0,0,69.8
933,mean_dynamic_mobilenetv2,stable,features_16,1775834774900.206,1775834774984.208,84.002,12.001,71.002,26.567,32937,5545,200.0,0,0,70.8
934,mean_dynamic_mobilenetv2,stable,features_16,1775834774988.208,1775834775073.720,85.512,10.515,73.996,21.325,32937,5545,200.0,0,0,76.3
935,mean_dynamic_mobilenetv2,stable,features_16,1775834775076.722,1775834775153.230,76.509,10.004,64.505,22.695,32937,5545,200.0,0,0,75.3
936,mean_dynamic_mobilenetv2,stable,features_16,1775834775155.230,1775834775239.740,84.509,13.002,71.508,22.183,32937,5545,200.0,0,0,79.0
937,mean_dynamic_mobilenetv2,stable,features_16,1775834775242.740,1775834775325.256,82.515,10.001,71.515,24.647,32937,5545,200.0,0,0,82.8
938,mean_dynamic_mobilenetv2,stable,features_16,1775834775329.253,1775834775450.759,121.506,28.002,91.507,23.902,32937,5545,200.0,0,0,81.8
939,mean_dynamic_mobilenetv2,stable,features_16,1775834775453.761,1775834775529.269,75.508,11.001,63.507,20.436,32937,5545,200.0,0,0,75.0
940,mean_dynamic_mobilenetv2,stable,features_16,1775834775533.269,1775834775616.779,83.510,15.002,68.508,23.648,32937,5545,200.0,0,0,75.6
941,mean_dynamic_mobilenetv2,stable,features_16,1775834775620.778,1775834775698.287,77.509,11.001,66.508,23.002,32937,5545,200.0,0,0,82.7
942,mean_dynamic_mobilenetv2,stable,features_16,1775834775702.287,1775834775779.289,77.002,10.000,67.001,21.961,32937,5545,200.0,0,0,72.8
943,mean_dynamic_mobilenetv2,stable,features_16,1775834775782.290,1775834775867.797,85.507,11.509,73.998,26.560,32937,5545,200.0,0,0,75.0
944,mean_dynamic_mobilenetv2,stable,features_16,1775834775870.797,1775834775946.307,75.509,10.005,65.504,22.870,32937,5545,200.0,0,0,70.0
945,mean_dynamic_mobilenetv2,stable,features_16,1775834775949.307,1775834776037.815,88.508,11.001,76.507,24.386,32937,5545,200.0,0,0,71.6
946,mean_dynamic_mobilenetv2,stable,features_16,1775834776041.815,1775834776127.325,85.510,11.001,72.509,28.041,32937,5545,200.0,0,0,77.1
947,mean_dynamic_mobilenetv2,stable,features_16,1775834776130.325,1775834776227.833,97.507,11.000,85.508,27.725,32937,5545,200.0,0,0,72.3
948,mean_dynamic_mobilenetv2,stable,features_16,1775834776230.835,1775834776332.340,101.506,9.999,91.507,22.930,32937,5545,200.0,0,0,68.0
949,mean_dynamic_mobilenetv2,stable,features_16,1775834776335.340,1775834776414.849,79.509,11.001,68.507,25.443,32937,5545,200.0,0,0,70.8
950,mean_dynamic_mobilenetv2,stable,features_16,1775834776418.849,1775834776496.358,77.509,10.001,66.508,23.284,32937,5545,200.0,0,0,76.5
951,mean_dynamic_mobilenetv2,stable,features_16,1775834776500.358,1775834776588.364,88.006,18.000,70.005,23.629,32937,5545,200.0,0,0,77.3
952,mean_dynamic_mobilenetv2,stable,features_16,1775834776591.364,1775834776692.380,101.016,18.512,80.002,24.935,32937,5545,200.0,0,0,79.2
953,mean_dynamic_mobilenetv2,stable,features_16,1775834776695.384,1775834776797.744,102.360,10.003,89.360,24.249,32937,5545,200.0,0,0,71.4
954,mean_dynamic_mobilenetv2,stable,features_16,1775834776800.743,1775834776878.745,78.002,13.001,64.002,21.303,32937,5545,200.0,0,0,70.4
955,mean_dynamic_mobilenetv2,stable,features_16,1775834776881.746,1775834777009.763,128.018,11.506,116.511,24.048,32937,5545,200.0,0,0,72.2
956,mean_dynamic_mobilenetv2,stable,features_16,1775834777012.764,1775834777092.766,80.003,10.000,69.002,21.880,32937,5545,200.0,0,0,76.2
957,mean_dynamic_mobilenetv2,stable,features_16,1775834777095.272,1775834777177.272,82.000,11.000,70.000,25.065,32937,5545,200.0,0,0,71.6
958,mean_dynamic_mobilenetv2,stable,features_16,1775834777180.275,1775834777262.790,82.514,12.510,69.005,23.609,32937,5545,200.0,0,0,69.8
959,mean_dynamic_mobilenetv2,stable,features_16,1775834777265.790,1775834777361.302,95.512,9.003,85.509,26.274,32937,5545,200.0,0,0,72.9
960,mean_dynamic_mobilenetv2,stable,features_16,1775834777365.302,1775834777442.816,77.514,9.003,66.510,23.979,32937,5545,200.0,0,0,70.0
961,mean_dynamic_mobilenetv2,stable,features_16,1775834777445.817,1775834777518.328,72.511,12.000,60.511,19.736,32937,5545,200.0,0,0,73.8
962,mean_dynamic_mobilenetv2,stable,features_16,1775834777521.328,1775834777623.837,102.509,15.001,87.508,24.331,32937,5545,200.0,0,0,80.2
963,mean_dynamic_mobilenetv2,stable,features_16,1775834777627.837,1775834777732.346,104.509,15.001,88.508,25.489,32937,5545,200.0,0,0,78.6
964,mean_dynamic_mobilenetv2,stable,features_16,1775834777735.346,1775834777810.854,75.508,11.001,64.507,20.566,32937,5545,200.0,0,0,72.5
965,mean_dynamic_mobilenetv2,stable,features_16,1775834777814.854,1775834777888.857,74.003,9.003,64.000,22.971,32937,5545,200.0,0,0,75.3
966,mean_dynamic_mobilenetv2,stable,features_16,1775834777891.857,1775834777974.366,82.509,9.509,72.001,26.530,32937,5545,200.0,0,0,72.8
967,mean_dynamic_mobilenetv2,stable,features_16,1775834777977.366,1775834778059.878,82.512,10.006,70.506,24.865,32937,5545,200.0,0,0,76.5
968,mean_dynamic_mobilenetv2,stable,features_16,1775834778062.879,1775834778140.386,77.507,11.000,65.507,23.320,32937,5545,200.0,0,0,71.2
969,mean_dynamic_mobilenetv2,stable,features_16,1775834778142.386,1775834778216.894,74.507,11.003,63.504,21.255,32937,5545,200.0,0,0,75.0
970,mean_dynamic_mobilenetv2,stable,features_16,1775834778219.894,1775834778320.405,100.511,11.003,88.508,21.925,32937,5545,200.0,0,0,69.1
971,mean_dynamic_mobilenetv2,stable,features_16,1775834778323.407,1775834778417.911,94.504,9.002,85.502,23.822,32937,5545,200.0,0,0,70.9
972,mean_dynamic_mobilenetv2,stable,features_16,1775834778420.911,1775834778496.418,75.507,10.002,65.505,24.241,32937,5545,200.0,0,0,70.7
973,mean_dynamic_mobilenetv2,stable,features_16,1775834778499.418,1775834778576.418,77.000,15.002,61.999,20.708,32937,5545,200.0,0,0,75.3
974,mean_dynamic_mobilenetv2,stable,features_16,1775834778579.422,1775834778678.932,99.510,11.000,87.507,25.112,32937,5545,200.0,0,0,79.2
975,mean_dynamic_mobilenetv2,stable,features_16,1775834778681.932,1775834778768.440,86.508,12.510,72.998,19.524,32937,5545,200.0,0,0,76.0
976,mean_dynamic_mobilenetv2,stable,features_16,1775834778771.440,1775834778848.949,77.509,9.004,67.504,24.799,32937,5545,200.0,0,0,71.2
977,mean_dynamic_mobilenetv2,stable,features_16,1775834778851.949,1775834778932.457,80.507,10.001,68.506,23.050,32937,5545,200.0,0,0,69.8
978,mean_dynamic_mobilenetv2,stable,features_16,1775834778935.457,1775834779018.964,83.507,15.001,68.506,21.989,32937,5545,200.0,0,0,71.2
979,mean_dynamic_mobilenetv2,stable,features_16,1775834779022.964,1775834779109.471,86.507,11.001,74.506,23.905,32937,5545,200.0,0,0,71.9
980,mean_dynamic_mobilenetv2,stable,features_16,1775834779112.471,1775834779188.474,76.003,8.000,66.002,21.795,32937,5545,200.0,0,0,70.0
981,mean_dynamic_mobilenetv2,stable,features_16,1775834779191.474,1775834779273.990,82.516,8.517,71.999,25.847,32937,5545,200.0,0,0,71.3
982,mean_dynamic_mobilenetv2,stable,features_16,1775834779276.991,1775834779355.499,78.508,13.003,64.505,22.168,32937,5545,200.0,0,0,72.0
983,mean_dynamic_mobilenetv2,stable,features_16,1775834779358.499,1775834779433.009,74.510,9.001,65.509,22.155,32937,5545,200.0,0,0,70.0
984,mean_dynamic_mobilenetv2,stable,features_16,1775834779437.009,1775834779528.519,91.510,10.001,81.509,23.598,32937,5545,200.0,0,0,71.6
985,mean_dynamic_mobilenetv2,stable,features_16,1775834779531.519,1775834779625.025,93.506,10.001,82.505,24.220,32937,5545,200.0,0,0,73.7
986,mean_dynamic_mobilenetv2,stable,features_16,1775834779628.026,1775834779708.534,80.508,13.000,66.508,23.580,32937,5545,200.0,0,0,87.7
987,mean_dynamic_mobilenetv2,stable,features_16,1775834779711.534,1775834779788.536,77.002,10.001,66.002,25.025,32937,5545,200.0,0,0,73.8
988,mean_dynamic_mobilenetv2,stable,features_16,1775834779791.537,1775834779891.046,99.510,9.508,89.001,26.365,32937,5545,200.0,0,0,73.2
989,mean_dynamic_mobilenetv2,stable,features_16,1775834779894.562,1775834779997.065,102.503,12.996,89.507,23.677,32937,5545,200.0,0,0,73.2
990,mean_dynamic_mobilenetv2,stable,features_16,1775834780000.070,1775834780083.067,82.997,11.996,70.002,22.936,32937,5545,200.0,0,0,81.2
991,mean_dynamic_mobilenetv2,stable,features_16,1775834780086.068,1775834780167.575,81.507,9.508,70.998,25.380,32937,5545,200.0,0,0,72.6
992,mean_dynamic_mobilenetv2,stable,features_16,1775834780170.575,1775834780256.084,85.509,9.005,75.504,20.175,32937,5545,200.0,0,0,69.1
993,mean_dynamic_mobilenetv2,stable,features_16,1775834780259.085,1775834780329.592,70.507,8.001,61.507,19.688,32937,5545,200.0,0,0,70.9
994,mean_dynamic_mobilenetv2,stable,features_16,1775834780332.594,1775834780429.103,96.509,9.000,86.510,22.140,32937,5545,200.0,0,0,69.1
995,mean_dynamic_mobilenetv2,stable,features_16,1775834780432.104,1775834780509.611,77.507,9.001,66.507,21.973,32937,5545,200.0,0,0,69.8
996,mean_dynamic_mobilenetv2,stable,features_16,1775834780512.611,1775834780614.118,101.507,12.000,88.507,22.857,32937,5545,200.0,0,0,72.9
997,mean_dynamic_mobilenetv2,stable,features_16,1775834780618.119,1775834780696.629,78.510,14.001,64.510,22.359,32937,5545,200.0,0,0,78.1
998,mean_dynamic_mobilenetv2,stable,features_16,1775834780699.630,1775834780780.632,81.002,12.004,68.997,23.756,32937,5545,200.0,0,0,71.6
999,mean_dynamic_mobilenetv2,stable,features_16,1775834780784.633,1775834780867.138,82.506,15.506,65.999,22.674,32937,5545,200.0,0,0,76.2
1000,mean_dynamic_mobilenetv2,stable,features_16,1775834780870.138,1775834780943.649,73.511,10.006,63.505,23.438,32937,5545,200.0,0,0,70.0
1001,mean_dynamic_mobilenetv2,stable,features_16,1775834780946.650,1775834781023.157,76.508,10.002,66.505,24.503,32937,5545,200.0,0,0,71.2
1002,mean_dynamic_mobilenetv2,stable,features_16,1775834781026.158,1775834781130.666,104.508,10.000,92.507,25.490,32937,5545,200.0,0,0,69.6
1003,mean_dynamic_mobilenetv2,stable,features_16,1775834781134.666,1775834781241.176,106.510,13.001,92.509,26.843,32937,5545,200.0,0,0,71.7
1004,mean_dynamic_mobilenetv2,stable,features_16,1775834781245.177,1775834781351.683,106.506,9.999,95.507,23.518,32937,5545,200.0,0,0,69.6
1005,mean_dynamic_mobilenetv2,stable,features_16,1775834781354.684,1775834781432.195,77.511,10.001,66.510,20.912,32937,5545,200.0,0,0,70.5
1006,mean_dynamic_mobilenetv2,stable,features_16,1775834781435.196,1775834781509.703,74.507,10.001,64.506,22.254,32937,5545,200.0,0,0,72.5
1007,mean_dynamic_mobilenetv2,stable,features_16,1775834781512.703,1775834781588.705,76.002,11.001,65.000,23.153,32937,5545,200.0,0,0,70.0
1008,mean_dynamic_mobilenetv2,stable,features_16,1775834781591.706,1775834781673.214,81.509,9.509,71.000,25.244,32937,5545,200.0,0,0,79.5
1009,mean_dynamic_mobilenetv2,stable,features_16,1775834781677.214,1775834781771.736,94.522,25.525,66.998,20.715,32937,5545,200.0,0,0,89.9
1010,mean_dynamic_mobilenetv2,stable,features_16,1775834781775.737,1775834781854.246,78.509,12.004,65.505,23.509,32937,5545,200.0,0,0,74.2
1011,mean_dynamic_mobilenetv2,stable,features_16,1775834781858.246,1775834781932.755,74.509,9.001,65.508,24.007,32937,5545,200.0,0,0,71.6
1012,mean_dynamic_mobilenetv2,stable,features_16,1775834781936.756,1775834782031.263,94.507,9.000,85.507,21.842,32937,5545,200.0,0,0,70.8
1013,mean_dynamic_mobilenetv2,stable,features_16,1775834782034.263,1775834782128.771,94.508,11.001,82.507,26.014,32937,5545,200.0,0,0,70.8
1014,mean_dynamic_mobilenetv2,stable,features_16,1775834782131.771,1775834782206.282,74.510,12.001,62.510,19.848,32937,5545,200.0,0,0,72.5
1015,mean_dynamic_mobilenetv2,stable,features_16,1775834782209.279,1775834782282.282,73.003,10.001,62.002,19.490,32937,5545,200.0,0,0,74.4
1016,mean_dynamic_mobilenetv2,stable,features_16,1775834782285.282,1775834782386.802,101.520,11.513,89.007,22.380,32937,5545,200.0,0,0,75.9
1017,mean_dynamic_mobilenetv2,stable,features_16,1775834782389.797,1775834782469.307,79.510,9.510,68.000,23.685,32937,5545,200.0,0,0,75.0
1018,mean_dynamic_mobilenetv2,stable,features_16,1775834782472.308,1775834782572.834,100.526,11.009,88.518,21.996,32937,5545,200.0,0,0,73.2
1019,mean_dynamic_mobilenetv2,stable,features_16,1775834782576.834,1775834782699.854,123.020,9.007,113.013,21.856,32937,5545,200.0,0,0,77.3
1020,mean_dynamic_mobilenetv2,stable,features_16,1775834782702.855,1775834782779.856,77.001,9.000,68.001,23.346,32937,5545,200.0,0,0,86.2
1021,mean_dynamic_mobilenetv2,stable,features_16,1775834782782.856,1775834782873.366,90.510,9.002,80.004,24.142,32937,5545,200.0,0,0,75.8
1022,mean_dynamic_mobilenetv2,stable,features_16,1775834782876.366,1775834782951.877,75.511,11.007,64.504,23.463,32937,5545,200.0,0,0,70.9
1023,mean_dynamic_mobilenetv2,stable,features_16,1775834782954.878,1775834783032.385,77.508,9.001,64.507,19.975,32937,5545,200.0,0,0,69.5
1024,mean_dynamic_mobilenetv2,stable,features_16,1775834783035.385,1775834783121.894,86.508,11.001,75.507,27.926,32937,5545,200.0,0,0,71.9
1025,mean_dynamic_mobilenetv2,stable,features_16,1775834783124.894,1775834783225.404,100.510,11.003,88.507,22.566,32937,5545,200.0,0,0,70.8
1026,mean_dynamic_mobilenetv2,stable,features_16,1775834783228.404,1775834783304.917,76.512,10.003,66.509,23.021,32937,5545,200.0,0,0,71.6
1027,mean_dynamic_mobilenetv2,stable,features_16,1775834783307.917,1775834783400.426,92.509,11.000,80.508,27.027,32937,5545,200.0,0,0,70.3
1028,mean_dynamic_mobilenetv2,stable,features_16,1775834783403.426,1775834783483.428,80.002,10.002,70.000,24.926,32937,5545,200.0,0,0,74.1
1029,mean_dynamic_mobilenetv2,stable,features_16,1775834783487.429,1775834783586.938,99.510,9.509,89.001,24.817,32937,5545,200.0,0,0,75.9
1030,mean_dynamic_mobilenetv2,stable,features_16,1775834783588.938,1775834783665.448,76.510,8.511,65.999,22.521,32937,5545,200.0,0,0,75.0
1031,mean_dynamic_mobilenetv2,stable,features_16,1775834783669.449,1775834783742.960,73.511,12.005,60.506,19.385,32937,5545,200.0,0,0,74.7
1032,mean_dynamic_mobilenetv2,stable,features_16,1775834783745.960,1775834783847.469,101.509,10.001,89.507,23.611,32937,5545,200.0,0,0,70.4
1033,mean_dynamic_mobilenetv2,stable,features_16,1775834783850.468,1775834783927.975,77.507,10.001,67.506,23.849,32937,5545,200.0,0,0,71.2
1034,mean_dynamic_mobilenetv2,stable,features_16,1775834783930.977,1775834784033.484,102.508,11.000,89.508,23.832,32937,5545,200.0,0,0,71.4
1035,mean_dynamic_mobilenetv2,stable,features_16,1775834784036.485,1775834784110.042,73.556,10.002,62.556,19.811,32937,5545,200.0,0,0,71.2
1036,mean_dynamic_mobilenetv2,stable,features_16,1775834784114.042,1775834784221.550,107.508,15.000,91.507,27.280,32937,5545,200.0,0,0,73.5
1037,mean_dynamic_mobilenetv2,stable,features_16,1775834784224.550,1775834784328.059,103.509,14.000,88.508,24.031,32937,5545,200.0,0,0,78.9
1038,mean_dynamic_mobilenetv2,stable,features_16,1775834784331.060,1775834784435.567,104.507,13.003,90.504,24.255,32937,5545,200.0,0,0,83.2
1039,mean_dynamic_mobilenetv2,stable,features_16,1775834784438.567,1775834784542.075,103.508,15.001,88.507,24.182,32937,5545,200.0,0,0,73.6
1040,mean_dynamic_mobilenetv2,stable,features_16,1775834784545.077,1775834784632.585,87.508,10.999,76.509,21.663,32937,5545,200.0,0,0,75.6
1041,mean_dynamic_mobilenetv2,stable,features_16,1775834784635.584,1775834784733.093,97.509,10.002,86.507,26.007,32937,5545,200.0,0,0,75.0
1042,mean_dynamic_mobilenetv2,stable,features_16,1775834784736.093,1775834784839.602,103.509,12.001,90.508,23.617,32937,5545,200.0,0,0,73.2
1043,mean_dynamic_mobilenetv2,stable,features_16,1775834784842.603,1775834784932.114,89.511,9.003,78.505,21.955,32937,5545,200.0,0,0,75.0
1044,mean_dynamic_mobilenetv2,stable,features_16,1775834784935.115,1775834785025.627,90.512,8.001,79.511,23.902,32937,5545,200.0,0,0,72.0
1045,mean_dynamic_mobilenetv2,stable,features_16,1775834785028.627,1775834785122.139,93.512,11.001,82.511,24.753,32937,5545,200.0,0,0,74.7
1046,mean_dynamic_mobilenetv2,stable,features_16,1775834785125.140,1775834785212.650,87.510,10.004,75.506,24.409,32937,5545,200.0,0,0,71.1
1047,mean_dynamic_mobilenetv2,stable,features_16,1775834785215.651,1775834785306.157,90.505,9.999,80.507,24.898,32937,5545,200.0,0,0,70.8
1048,mean_dynamic_mobilenetv2,stable,features_16,1775834785310.157,1775834785411.670,101.513,10.003,91.511,21.922,32937,5545,200.0,0,0,72.2
1049,mean_dynamic_mobilenetv2,stable,features_16,1775834785414.671,1775834785490.673,76.002,9.000,66.001,23.683,32937,5545,200.0,0,0,70.0
1050,mean_dynamic_mobilenetv2,stable,features_16,1775834785494.177,1775834785584.183,90.006,9.005,80.001,23.963,32937,5545,200.0,0,0,71.9
1051,mean_dynamic_mobilenetv2,stable,features_16,1775834785586.183,1775834785678.691,92.508,8.509,81.999,24.348,32937,5545,200.0,0,0,75.0
1052,mean_dynamic_mobilenetv2,stable,features_16,1775834785682.700,1775834785787.207,104.507,11.501,92.006,24.578,32937,5545,200.0,0,0,75.0
1053,mean_dynamic_mobilenetv2,stable,features_16,1775834785791.208,1775834785867.717,76.509,11.512,63.997,19.854,32937,5545,200.0,0,0,73.9
1054,mean_dynamic_mobilenetv2,stable,features_16,1775834785870.718,1775834785947.226,76.508,10.005,66.503,21.361,32937,5545,200.0,0,0,71.6
1055,mean_dynamic_mobilenetv2,stable,features_16,1775834785950.226,1775834786029.734,79.508,11.001,68.507,24.614,32937,5545,200.0,0,0,71.6
1056,mean_dynamic_mobilenetv2,stable,features_16,1775834786032.734,1775834786124.242,91.508,14.000,75.507,21.779,32937,5545,200.0,0,0,69.8
1057,mean_dynamic_mobilenetv2,stable,features_16,1775834786127.242,1775834786212.752,85.510,10.001,74.509,20.704,32937,5545,200.0,0,0,71.9
1058,mean_dynamic_mobilenetv2,stable,features_16,1775834786215.752,1775834786286.755,71.002,10.000,60.002,19.038,32937,5545,200.0,0,0,86.4
1059,mean_dynamic_mobilenetv2,stable,features_16,1775834786289.755,1775834786389.266,99.511,11.510,87.001,24.457,32937,5545,200.0,0,0,79.3
1060,mean_dynamic_mobilenetv2,stable,features_16,1775834786392.267,1775834786479.778,87.511,10.509,76.002,22.490,32937,5545,200.0,0,0,82.7
1061,mean_dynamic_mobilenetv2,stable,features_16,1775834786482.779,1775834786592.288,109.509,9.000,98.509,27.102,32937,5545,200.0,0,0,69.6
1062,mean_dynamic_mobilenetv2,stable,features_16,1775834786595.794,1775834786683.797,88.004,16.000,72.003,25.487,32937,5545,200.0,0,0,92.1
1063,mean_dynamic_mobilenetv2,stable,features_16,1775834786687.798,1775834786767.306,79.509,13.511,64.997,22.060,32937,5545,200.0,0,0,83.8
1064,mean_dynamic_mobilenetv2,stable,features_16,1775834786770.307,1775834786846.821,76.514,11.009,65.505,22.104,32937,5545,200.0,0,0,77.5
1065,mean_dynamic_mobilenetv2,stable,features_16,1775834786849.821,1775834786948.330,98.509,11.000,85.508,23.991,32937,5545,200.0,0,0,77.9
1066,mean_dynamic_mobilenetv2,stable,features_16,1775834786951.330,1775834787058.839,107.509,11.001,95.508,23.568,32937,5545,200.0,0,0,72.1
1067,mean_dynamic_mobilenetv2,stable,features_16,1775834787061.839,1775834787136.348,74.509,10.002,63.505,23.600,32937,5545,200.0,0,0,70.4
1068,mean_dynamic_mobilenetv2,stable,features_16,1775834787140.349,1775834787234.856,94.507,16.000,76.508,19.299,32937,5545,200.0,0,0,71.6
1069,mean_dynamic_mobilenetv2,stable,features_16,1775834787237.857,1775834787318.364,80.508,9.000,70.507,25.007,32937,5545,200.0,0,0,70.7
1070,mean_dynamic_mobilenetv2,stable,features_16,1775834787321.365,1775834787415.872,94.508,8.000,85.507,25.429,32937,5545,200.0,0,0,70.5
1071,mean_dynamic_mobilenetv2,stable,features_16,1775834787418.872,1775834787492.875,74.003,11.001,62.002,19.640,32937,5545,200.0,0,0,75.3
1072,mean_dynamic_mobilenetv2,stable,features_16,1775834787495.382,1775834787584.384,89.002,10.000,77.001,24.676,32937,5545,200.0,0,0,67.1
1073,mean_dynamic_mobilenetv2,stable,features_16,1775834787588.385,1775834787694.399,106.014,10.510,94.504,26.390,32937,5545,200.0,0,0,75.9
1074,mean_dynamic_mobilenetv2,stable,features_16,1775834787697.402,1775834787776.402,79.000,11.002,67.998,24.467,32937,5545,200.0,0,0,74.7
1075,mean_dynamic_mobilenetv2,stable,features_16,1775834787779.405,1775834787875.913,96.508,13.002,82.507,23.004,32937,5545,200.0,0,0,69.1
1076,mean_dynamic_mobilenetv2,stable,features_16,1775834787878.914,1775834787970.422,91.509,10.004,80.505,24.243,32937,5545,200.0,0,0,71.9
1077,mean_dynamic_mobilenetv2,stable,features_16,1775834787973.423,1775834788062.932,89.509,10.004,78.505,24.221,32937,5545,200.0,0,0,70.8
1078,mean_dynamic_mobilenetv2,stable,features_16,1775834788065.933,1775834788155.442,89.509,10.001,79.508,24.932,32937,5545,200.0,0,0,69.8
1079,mean_dynamic_mobilenetv2,stable,features_16,1775834788159.442,1775834788241.951,82.509,11.001,69.508,25.021,32937,5545,200.0,0,0,70.0
1080,mean_dynamic_mobilenetv2,stable,features_16,1775834788244.951,1775834788345.459,100.508,12.001,88.507,25.888,32937,5545,200.0,0,0,70.5
1081,mean_dynamic_mobilenetv2,stable,features_16,1775834788348.460,1775834788457.968,109.508,10.001,97.507,24.789,32937,5545,200.0,0,0,72.3
1082,mean_dynamic_mobilenetv2,stable,features_16,1775834788460.968,1775834788540.481,79.513,11.001,67.511,22.799,32937,5545,200.0,0,0,72.6
1083,mean_dynamic_mobilenetv2,stable,features_16,1775834788543.481,1775834788635.991,92.510,8.001,83.510,20.802,32937,5545,200.0,0,0,67.3
1084,mean_dynamic_mobilenetv2,stable,features_16,1775834788639.991,1775834788725.501,85.510,13.000,72.509,26.283,32937,5545,200.0,0,0,77.5
1085,mean_dynamic_mobilenetv2,stable,features_16,1775834788728.501,1775834788817.009,88.508,10.999,77.509,18.482,32937,5545,200.0,0,0,77.9
1086,mean_dynamic_mobilenetv2,stable,features_16,1775834788820.010,1775834788897.523,77.513,10.000,65.515,21.749,32937,5545,200.0,0,0,74.1
1087,mean_dynamic_mobilenetv2,stable,features_16,1775834788900.522,1775834788983.524,83.002,12.001,71.001,24.712,32937,5545,200.0,0,0,78.4
1088,mean_dynamic_mobilenetv2,stable,features_16,1775834788986.525,1775834789070.031,83.506,10.507,72.000,24.665,32937,5545,200.0,0,0,72.2
1089,mean_dynamic_mobilenetv2,stable,features_16,1775834789073.031,1775834789144.545,71.514,10.004,61.509,19.806,32937,5545,200.0,0,0,75.3
1090,mean_dynamic_mobilenetv2,stable,features_16,1775834789148.545,1775834789246.052,97.507,9.001,87.506,23.892,32937,5545,200.0,0,0,76.1
1091,mean_dynamic_mobilenetv2,stable,features_16,1775834789250.052,1775834789357.561,107.509,11.003,95.506,24.658,32937,5545,200.0,0,0,72.1
1092,mean_dynamic_mobilenetv2,stable,features_16,1775834789360.561,1775834789442.071,81.510,10.002,70.505,25.950,32937,5545,200.0,0,0,69.1
1093,mean_dynamic_mobilenetv2,stable,features_16,1775834789446.071,1775834789527.578,81.508,14.000,65.507,20.988,32937,5545,200.0,0,0,74.5
1094,mean_dynamic_mobilenetv2,stable,features_16,1775834789530.578,1775834789630.101,99.522,21.001,76.521,26.881,32937,5545,200.0,0,0,85.7
1095,mean_dynamic_mobilenetv2,stable,features_16,1775834789633.101,1775834789711.612,78.511,15.002,61.508,20.267,32937,5545,200.0,0,0,86.0
1096,mean_dynamic_mobilenetv2,stable,features_16,1775834789714.612,1775834789819.118,104.506,9.998,92.507,25.669,32937,5545,200.0,0,0,66.7
1097,mean_dynamic_mobilenetv2,stable,features_16,1775834789822.117,1775834789900.625,78.508,10.001,68.507,22.947,32937,5545,200.0,0,0,73.7
1098,mean_dynamic_mobilenetv2,stable,features_16,1775834789903.625,1775834789986.628,83.003,9.000,73.002,25.553,32937,5545,200.0,0,0,70.4
1099,mean_dynamic_mobilenetv2,stable,features_16,1775834789989.628,1775834790065.138,75.510,9.511,64.999,23.355,32937,5545,200.0,0,0,75.3
1100,mean_dynamic_mobilenetv2,stable,features_16,1775834790068.139,1775834790145.647,77.508,10.001,66.507,24.527,32937,5545,200.0,0,0,70.0
1101,mean_dynamic_mobilenetv2,stable,features_16,1775834790148.647,1775834790248.156,99.508,11.001,88.508,22.687,32937,5545,200.0,0,0,69.9
1102,mean_dynamic_mobilenetv2,stable,features_16,1775834790252.156,1775834790343.665,91.509,9.001,81.508,24.810,32937,5545,200.0,0,0,74.2
1103,mean_dynamic_mobilenetv2,stable,features_16,1775834790346.665,1775834790435.173,88.508,10.001,77.507,23.201,32937,5545,200.0,0,0,73.7
1104,mean_dynamic_mobilenetv2,stable,features_16,1775834790438.174,1775834790512.681,74.507,10.000,62.508,22.015,32937,5545,200.0,0,0,74.4
1105,mean_dynamic_mobilenetv2,stable,features_16,1775834790515.681,1775834790607.192,91.511,9.002,82.509,25.754,32937,5545,200.0,0,0,71.6
1106,mean_dynamic_mobilenetv2,stable,features_16,1775834790610.192,1775834790695.701,85.509,15.000,69.509,25.162,32937,5545,200.0,0,0,81.8
1107,mean_dynamic_mobilenetv2,stable,features_16,1775834790698.701,1775834790795.212,96.511,11.001,76.001,19.648,32937,5545,200.0,0,0,75.0
1108,mean_dynamic_mobilenetv2,stable,features_16,1775834790799.211,1775834790898.723,99.512,11.001,88.511,23.179,32937,5545,200.0,0,0,78.4
1109,mean_dynamic_mobilenetv2,stable,features_16,1775834790901.723,1775834790985.726,84.002,12.001,71.001,18.914,32937,5545,200.0,0,0,77.2
1110,mean_dynamic_mobilenetv2,stable,features_16,1775834790988.726,1775834791063.236,74.510,8.512,63.999,23.132,32937,5545,200.0,0,0,72.8
1111,mean_dynamic_mobilenetv2,stable,features_16,1775834791066.238,1775834791146.744,80.506,10.000,70.507,23.583,32937,5545,200.0,0,0,69.1
1112,mean_dynamic_mobilenetv2,stable,features_16,1775834791149.745,1775834791240.253,90.509,10.000,80.508,24.592,32937,5545,200.0,0,0,69.8
1113,mean_dynamic_mobilenetv2,stable,features_16,1775834791243.253,1775834791319.763,76.510,11.002,65.507,25.021,32937,5545,200.0,0,0,75.0
1114,mean_dynamic_mobilenetv2,stable,features_16,1775834791323.762,1775834791407.271,83.508,15.001,66.507,24.387,32937,5545,200.0,0,0,76.0
1115,mean_dynamic_mobilenetv2,stable,features_16,1775834791411.271,1775834791491.274,80.003,12.002,67.001,21.843,32937,5545,200.0,0,0,77.5
1116,mean_dynamic_mobilenetv2,stable,features_16,1775834791494.776,1775834791591.782,97.006,10.008,86.001,21.893,32937,5545,200.0,0,0,76.8
1117,mean_dynamic_mobilenetv2,stable,features_16,1775834791595.289,1775834791679.288,84.000,15.001,67.999,25.422,32937,5545,200.0,0,0,80.2
1118,mean_dynamic_mobilenetv2,stable,features_16,1775834791682.292,1775834791781.801,99.509,10.001,87.509,26.147,32937,5545,200.0,0,0,78.6
1119,mean_dynamic_mobilenetv2,stable,features_16,1775834791784.801,1775834791864.316,79.515,10.512,68.000,22.044,32937,5545,200.0,0,0,72.5
1120,mean_dynamic_mobilenetv2,stable,features_16,1775834791867.313,1775834791946.823,79.510,10.001,69.509,25.588,32937,5545,200.0,0,0,79.4
1121,mean_dynamic_mobilenetv2,stable,features_16,1775834791949.822,1775834792027.330,77.508,9.002,67.507,25.803,32937,5545,200.0,0,0,74.4
1122,mean_dynamic_mobilenetv2,stable,features_16,1775834792031.330,1775834792106.838,75.508,11.002,64.505,21.651,32937,5545,200.0,0,0,72.5
1123,mean_dynamic_mobilenetv2,stable,features_16,1775834792109.839,1775834792187.841,78.002,10.000,68.002,22.961,32937,5545,200.0,0,0,77.6
1124,mean_dynamic_mobilenetv2,stable,features_16,1775834792190.841,1775834792295.866,105.025,10.519,94.506,24.848,32937,5545,200.0,0,0,70.8
1125,mean_dynamic_mobilenetv2,stable,features_16,1775834792298.867,1775834792382.869,84.002,10.003,74.000,28.460,32937,5545,200.0,0,0,73.1
1126,mean_dynamic_mobilenetv2,stable,features_16,1775834792386.869,1775834792487.384,100.515,10.515,89.000,26.705,32937,5545,200.0,0,0,70.7
1127,mean_dynamic_mobilenetv2,stable,features_16,1775834792489.384,1775834792565.905,76.521,11.508,64.012,23.174,32937,5545,200.0,0,0,73.8
1128,mean_dynamic_mobilenetv2,stable,features_16,1775834792568.905,1775834792668.416,99.511,17.003,81.507,23.322,32937,5545,200.0,0,0,72.3
1129,mean_dynamic_mobilenetv2,stable,features_16,1775834792672.416,1775834792751.925,79.509,12.008,67.502,21.724,32937,5545,200.0,0,0,75.0
1130,mean_dynamic_mobilenetv2,stable,features_16,1775834792754.927,1775834792859.433,104.507,11.001,92.506,26.737,32937,5545,200.0,0,0,72.1
1131,mean_dynamic_mobilenetv2,stable,features_16,1775834792862.434,1775834792945.942,83.508,10.001,73.506,20.196,32937,5545,200.0,0,0,72.2
1132,mean_dynamic_mobilenetv2,stable,features_16,1775834792948.942,1775834793023.451,74.509,9.001,65.508,23.207,32937,5545,200.0,0,0,73.5
1133,mean_dynamic_mobilenetv2,stable,features_16,1775834793026.450,1775834793104.963,78.513,9.001,68.512,24.966,32937,5545,200.0,0,0,70.5
1134,mean_dynamic_mobilenetv2,stable,features_16,1775834793107.963,1775834793190.473,82.510,11.001,70.314,22.825,32937,5545,200.0,0,0,86.2
1135,mean_dynamic_mobilenetv2,stable,features_16,1775834793194.981,1775834793281.989,87.007,20.004,64.003,18.220,32937,5545,200.0,0,0,96.9
1136,mean_dynamic_mobilenetv2,stable,features_16,1775834793285.989,1775834793377.499,91.510,21.510,68.999,23.498,32937,5545,200.0,0,0,85.4
1137,mean_dynamic_mobilenetv2,stable,features_16,1775834793380.501,1775834793490.011,109.510,16.508,93.002,25.513,32937,5545,200.0,0,0,80.4
1138,mean_dynamic_mobilenetv2,stable,features_16,1775834793493.011,1775834793570.521,77.510,12.512,63.998,23.162,32937,5545,200.0,0,0,84.2
1139,mean_dynamic_mobilenetv2,stable,features_16,1775834793574.521,1775834793658.034,83.513,20.006,62.004,21.036,32937,5545,200.0,0,0,91.6
1140,mean_dynamic_mobilenetv2,stable,features_16,1775834793661.034,1775834793740.543,79.509,12.000,67.508,24.362,32937,5545,200.0,0,0,86.4
1141,mean_dynamic_mobilenetv2,stable,features_16,1775834793743.544,1775834793819.053,75.508,11.000,64.508,21.201,32937,5545,200.0,0,0,75.0
1142,mean_dynamic_mobilenetv2,stable,features_16,1775834793822.053,1775834793900.562,78.509,14.001,63.507,20.863,32937,5545,200.0,0,0,78.4
1143,mean_dynamic_mobilenetv2,stable,features_16,1775834793904.562,1775834793985.565,81.002,17.001,64.001,20.081,32937,5545,200.0,0,0,87.5
1144,mean_dynamic_mobilenetv2,stable,features_16,1775834793988.565,1775834794077.073,88.508,20.509,66.999,23.438,32937,5545,200.0,0,0,85.4
1145,mean_dynamic_mobilenetv2,stable,features_16,1775834794080.076,1775834794213.099,133.023,12.004,121.019,20.206,32937,5545,200.0,0,0,86.7
1146,mean_dynamic_mobilenetv2,stable,features_16,1775834794216.098,1775834794293.102,77.004,12.003,64.000,20.121,32937,5545,200.0,0,0,90.0
1147,mean_dynamic_mobilenetv2,stable,features_16,1775834794295.609,1775834794378.609,83.000,13.001,68.998,26.012,32937,5545,200.0,0,0,84.1
1148,mean_dynamic_mobilenetv2,stable,features_16,1775834794382.614,1775834794469.120,86.506,18.507,66.000,23.134,32937,5545,200.0,0,0,78.6
1149,mean_dynamic_mobilenetv2,stable,features_16,1775834794472.120,1775834794554.633,82.513,10.009,69.503,24.005,32937,5545,200.0,0,0,72.5
1150,mean_dynamic_mobilenetv2,stable,features_16,1775834794557.632,1775834794656.145,98.512,11.000,86.512,28.176,32937,5545,200.0,0,0,73.2
1151,mean_dynamic_mobilenetv2,stable,features_16,1775834794659.145,1775834794734.654,75.509,13.000,61.508,20.643,32937,5545,200.0,0,0,76.2
1152,mean_dynamic_mobilenetv2,stable,features_16,1775834794737.654,1775834794835.163,97.508,12.000,84.508,23.703,32937,5545,200.0,0,0,74.0
1153,mean_dynamic_mobilenetv2,stable,features_16,1775834794838.163,1775834794931.673,93.510,9.001,84.510,25.075,32937,5545,200.0,0,0,72.1
1154,mean_dynamic_mobilenetv2,stable,features_16,1775834794934.674,1775834795017.181,82.508,11.001,71.507,25.890,32937,5545,200.0,0,0,72.5
1155,mean_dynamic_mobilenetv2,stable,features_16,1775834795021.181,1775834795120.690,99.508,8.001,90.507,27.335,32937,5545,200.0,0,0,70.8
1156,mean_dynamic_mobilenetv2,stable,features_16,1775834795123.690,1775834795225.197,101.507,10.001,89.507,22.526,32937,5545,200.0,0,0,69.8
1157,mean_dynamic_mobilenetv2,stable,features_16,1775834795228.198,1775834795309.709,81.511,11.000,70.511,27.397,32937,5545,200.0,0,0,72.3
1158,mean_dynamic_mobilenetv2,stable,features_16,1775834795312.709,1775834795410.218,97.508,9.002,87.507,24.428,32937,5545,200.0,0,0,70.4
1159,mean_dynamic_mobilenetv2,stable,features_16,1775834795413.218,1775834795505.725,92.508,10.003,80.505,22.713,32937,5545,200.0,0,0,71.9
1160,mean_dynamic_mobilenetv2,stable,features_16,1775834795508.725,1775834795586.728,78.002,9.003,67.999,24.519,32937,5545,200.0,0,0,72.3
1161,mean_dynamic_mobilenetv2,stable,features_16,1775834795589.729,1775834795689.243,99.514,10.513,87.000,23.330,32937,5545,200.0,0,0,75.8
1162,mean_dynamic_mobilenetv2,stable,features_16,1775834795693.246,1775834795779.776,86.530,10.531,75.999,24.230,32937,5545,200.0,0,0,71.9
1163,mean_dynamic_mobilenetv2,stable,features_16,1775834795783.779,1775834795891.289,107.510,11.505,94.001,24.817,32937,5545,200.0,0,0,82.5
1164,mean_dynamic_mobilenetv2,stable,features_16,1775834795893.290,1775834795982.799,89.509,17.507,71.002,25.852,32937,5545,200.0,0,0,74.0
1165,mean_dynamic_mobilenetv2,stable,features_16,1775834795985.799,1775834796088.316,102.517,10.514,91.002,25.931,32937,5545,200.0,0,0,70.5
1166,mean_dynamic_mobilenetv2,stable,features_16,1775834796091.315,1775834796193.829,102.514,13.512,89.002,26.152,32937,5545,200.0,0,0,72.2
1167,mean_dynamic_mobilenetv2,stable,features_16,1775834796196.336,1775834796276.335,79.999,10.000,68.999,24.538,32937,5545,200.0,0,0,71.3
1168,mean_dynamic_mobilenetv2,stable,features_16,1775834796279.335,1775834796381.851,102.515,15.509,87.007,25.272,32937,5545,200.0,0,0,69.7
1169,mean_dynamic_mobilenetv2,stable,features_16,1775834796384.872,1775834796473.364,88.492,10.488,77.005,22.751,32937,5545,200.0,0,0,70.8
1170,mean_dynamic_mobilenetv2,stable,features_16,1775834796476.365,1775834796563.876,87.511,9.007,76.506,22.647,32937,5545,200.0,0,0,70.8
1171,mean_dynamic_mobilenetv2,stable,features_16,1775834796567.876,1775834796656.385,88.508,11.001,77.507,22.584,32937,5545,200.0,0,0,75.3
1172,mean_dynamic_mobilenetv2,stable,features_16,1775834796659.385,1775834796734.893,75.508,9.001,66.507,23.249,32937,5545,200.0,0,0,73.8
1173,mean_dynamic_mobilenetv2,stable,features_16,1775834796738.893,1775834796817.403,78.510,9.001,68.508,21.884,32937,5545,200.0,0,0,74.1
1174,mean_dynamic_mobilenetv2,stable,features_16,1775834796820.403,1775834796907.910,87.507,12.000,73.507,21.433,32937,5545,200.0,0,0,74.0
1175,mean_dynamic_mobilenetv2,stable,features_16,1775834796910.911,1775834797001.424,90.513,10.000,79.508,23.636,32937,5545,200.0,0,0,70.8
1176,mean_dynamic_mobilenetv2,stable,features_16,1775834797004.420,1775834797094.925,90.505,10.999,78.003,25.925,32937,5545,200.0,0,0,77.1
1177,mean_dynamic_mobilenetv2,stable,features_16,1775834797097.929,1775834797180.931,83.002,11.001,69.999,25.063,32937,5545,200.0,0,0,85.9
1178,mean_dynamic_mobilenetv2,stable,features_16,1775834797184.931,1775834797267.439,82.508,14.511,67.997,22.584,32937,5545,200.0,0,0,78.8
1179,mean_dynamic_mobilenetv2,stable,features_16,1775834797271.439,1775834797345.952,74.513,11.009,62.502,20.637,32937,5545,200.0,0,0,72.8
1180,mean_dynamic_mobilenetv2,stable,features_16,1775834797349.952,1775834797446.459,96.508,13.001,83.506,19.484,32937,5545,200.0,0,0,74.5
1181,mean_dynamic_mobilenetv2,stable,features_16,1775834797449.461,1775834797530.968,81.507,10.000,69.508,24.900,32937,5545,200.0,0,0,68.3
1182,mean_dynamic_mobilenetv2,stable,features_16,1775834797533.969,1775834797612.476,78.508,10.001,67.507,20.365,32937,5545,200.0,0,0,81.2
1183,mean_dynamic_mobilenetv2,stable,features_16,1775834797615.477,1775834797690.479,75.002,10.000,64.001,22.859,32937,5545,200.0,0,0,80.0
1184,mean_dynamic_mobilenetv2,stable,features_16,1775834797693.479,1775834797794.992,101.513,13.511,86.002,23.648,32937,5545,200.0,0,0,81.6
1185,mean_dynamic_mobilenetv2,stable,features_16,1775834797800.499,1775834797903.006,102.508,12.003,88.505,24.789,32937,5545,200.0,0,0,69.9
1186,mean_dynamic_mobilenetv2,stable,features_16,1775834797906.006,1775834797987.009,81.002,10.002,71.000,23.520,32937,5545,200.0,0,0,73.4
1187,mean_dynamic_mobilenetv2,stable,features_16,1775834797990.010,1775834798088.517,98.507,10.507,87.000,21.855,32937,5545,200.0,0,0,72.3
1188,mean_dynamic_mobilenetv2,stable,features_16,1775834798091.518,1775834798171.043,79.525,9.522,68.997,24.792,32937,5545,200.0,0,0,69.1
1189,mean_dynamic_mobilenetv2,stable,features_16,1775834798174.038,1775834798250.548,76.510,10.005,66.506,22.800,32937,5545,200.0,0,0,72.2
1190,mean_dynamic_mobilenetv2,stable,features_16,1775834798253.548,1775834798348.057,94.509,11.000,83.509,19.235,32937,5545,200.0,0,0,70.1
1191,mean_dynamic_mobilenetv2,stable,features_16,1775834798352.058,1775834798431.566,79.508,9.001,69.507,22.558,32937,5545,200.0,0,0,71.3
1192,mean_dynamic_mobilenetv2,stable,features_16,1775834798434.566,1775834798520.081,85.515,12.001,72.514,24.021,32937,5545,200.0,0,0,82.6
1193,mean_dynamic_mobilenetv2,stable,features_16,1775834798524.081,1775834798624.588,100.507,20.999,79.508,20.429,32937,5545,200.0,0,0,82.1
1194,mean_dynamic_mobilenetv2,stable,features_16,1775834798629.589,1775834798715.098,85.509,18.000,65.509,23.328,32937,5545,200.0,0,0,79.2
1195,mean_dynamic_mobilenetv2,stable,features_16,1775834798718.098,1775834798817.607,99.509,11.001,88.509,24.086,32937,5545,200.0,0,0,69.4
1196,mean_dynamic_mobilenetv2,stable,features_16,1775834798820.606,1775834798900.113,79.507,10.001,68.506,24.037,32937,5545,200.0,0,0,72.6
1197,mean_dynamic_mobilenetv2,stable,features_16,1775834798903.113,1775834798998.622,95.509,11.003,83.982,21.336,32937,5545,200.0,0,0,69.1
1198,mean_dynamic_mobilenetv2,stable,features_16,1775834799001.622,1775834799079.622,78.000,11.003,64.997,22.047,32937,5545,200.0,0,0,71.2
1199,mean_dynamic_mobilenetv2,stable,features_16,1775834799082.625,1775834799167.133,84.508,12.504,71.003,26.373,32937,5545,200.0,0,0,71.9
1200,mean_dynamic_mobilenetv2,stable,features_16,1775834799170.134,1775834799269.642,99.508,9.000,89.508,25.802,32937,5545,200.0,0,0,70.1
1201,mean_dynamic_mobilenetv2,stable,features_16,1775834799272.642,1775834799373.152,100.510,15.004,85.506,24.903,32937,5545,200.0,0,0,70.8
1202,mean_dynamic_mobilenetv2,stable,features_16,1775834799376.152,1775834799454.662,78.510,10.006,68.504,23.324,32937,5545,200.0,0,0,74.1
1203,mean_dynamic_mobilenetv2,stable,features_16,1775834799457.663,1775834799535.171,77.509,11.002,66.506,24.947,32937,5545,200.0,0,0,71.2
1204,mean_dynamic_mobilenetv2,stable,features_16,1775834799538.172,1775834799614.680,76.508,11.002,64.505,23.738,32937,5545,200.0,0,0,70.0
1205,mean_dynamic_mobilenetv2,stable,features_16,1775834799617.680,1775834799698.189,80.509,11.001,67.509,23.857,32937,5545,200.0,0,0,74.0
1206,mean_dynamic_mobilenetv2,stable,features_16,1775834799702.189,1775834799783.191,81.002,11.001,69.002,25.154,32937,5545,200.0,0,0,72.5
1207,mean_dynamic_mobilenetv2,stable,features_16,1775834799786.192,1775834799870.701,84.509,9.506,74.004,21.730,32937,5545,200.0,0,0,70.8
1208,mean_dynamic_mobilenetv2,stable,features_16,1775834799873.701,1775834800008.719,135.018,8.005,125.013,83.406,32937,5545,200.0,0,0,77.9
1209,mean_dynamic_mobilenetv2,stable,features_16,1775834800011.719,1775834800090.721,79.002,9.003,69.999,24.201,32937,5545,200.0,0,0,75.3
1210,mean_dynamic_mobilenetv2,stable,features_16,1775834800093.721,1775834800183.231,89.510,11.509,78.001,22.750,32937,5545,200.0,0,0,72.9
1211,mean_dynamic_mobilenetv2,stable,features_16,1775834800186.233,1775834800257.739,71.506,9.503,61.005,18.129,32937,5545,200.0,0,0,74.2
1212,mean_dynamic_mobilenetv2,stable,features_16,1775834800260.739,1775834800351.247,90.508,9.001,78.507,20.857,32937,5545,200.0,0,0,69.8
1213,mean_dynamic_mobilenetv2,stable,features_16,1775834800354.247,1775834800465.756,111.510,16.001,94.511,26.188,32937,5545,200.0,0,0,71.5
1214,mean_dynamic_mobilenetv2,stable,features_16,1775834800468.756,1775834800555.266,86.510,14.004,71.506,25.885,32937,5545,200.0,0,0,75.8
1215,mean_dynamic_mobilenetv2,stable,features_16,1775834800558.266,1775834800646.774,88.508,9.001,79.506,24.278,32937,5545,200.0,0,0,71.8
1216,mean_dynamic_mobilenetv2,stable,features_16,1775834800649.774,1775834800726.283,76.509,11.002,64.508,23.558,32937,5545,200.0,0,0,77.5
1217,mean_dynamic_mobilenetv2,stable,features_16,1775834800729.283,1775834800809.790,80.507,11.002,69.504,23.764,32937,5545,200.0,0,0,71.3
1218,mean_dynamic_mobilenetv2,stable,features_16,1775834800812.790,1775834800888.792,76.002,10.001,66.001,22.294,32937,5545,200.0,0,0,70.4
1219,mean_dynamic_mobilenetv2,stable,features_16,1775834800892.793,1775834800973.304,80.511,8.515,70.996,26.597,32937,5545,200.0,0,0,69.1
1220,mean_dynamic_mobilenetv2,stable,features_16,1775834800977.304,1775834801063.814,86.510,12.005,73.505,24.611,32937,5545,200.0,0,0,70.8
1221,mean_dynamic_mobilenetv2,stable,features_16,1775834801066.814,1775834801142.327,75.513,11.003,63.509,21.350,32937,5545,200.0,0,0,72.5
1222,mean_dynamic_mobilenetv2,stable,features_16,1775834801145.327,1775834801234.835,89.508,9.000,79.507,22.852,32937,5545,200.0,0,0,70.8
1223,mean_dynamic_mobilenetv2,stable,features_16,1775834801237.835,1775834801321.344,83.509,10.001,72.505,23.578,32937,5545,200.0,0,0,70.5
1224,mean_dynamic_mobilenetv2,stable,features_16,1775834801324.344,1775834801425.853,101.509,11.000,90.508,26.384,32937,5545,200.0,0,0,69.1
1225,mean_dynamic_mobilenetv2,stable,features_16,1775834801428.853,1775834801502.362,73.509,10.001,63.508,22.717,32937,5545,200.0,0,0,70.4
1226,mean_dynamic_mobilenetv2,stable,features_16,1775834801506.362,1775834801582.364,76.001,10.001,65.000,22.718,32937,5545,200.0,0,0,70.0
1227,mean_dynamic_mobilenetv2,stable,features_16,1775834801585.367,1775834801691.874,106.507,11.506,93.001,25.673,32937,5545,200.0,0,0,72.3
1228,mean_dynamic_mobilenetv2,stable,features_16,1775834801693.874,1775834801774.386,80.512,11.513,67.999,24.484,32937,5545,200.0,0,0,72.6
1229,mean_dynamic_mobilenetv2,stable,features_16,1775834801778.386,1775834801877.901,99.515,10.009,88.502,25.022,32937,5545,200.0,0,0,69.1
1230,mean_dynamic_mobilenetv2,stable,features_16,1775834801880.902,1775834801957.407,76.505,10.000,64.505,22.899,32937,5545,200.0,0,0,70.4
1231,mean_dynamic_mobilenetv2,stable,features_16,1775834801960.407,1775834802064.916,104.509,10.002,93.507,25.349,32937,5545,200.0,0,0,70.5
1232,mean_dynamic_mobilenetv2,stable,features_16,1775834802067.916,1775834802148.430,80.515,10.003,70.512,26.206,32937,5545,200.0,0,0,71.2
1233,mean_dynamic_mobilenetv2,stable,features_16,1775834802151.430,1775834802229.935,78.505,10.000,65.505,24.264,32937,5545,200.0,0,0,70.1
1234,mean_dynamic_mobilenetv2,stable,features_16,1775834802232.935,1775834802325.445,92.509,10.001,81.508,22.659,32937,5545,200.0,0,0,73.2
1235,mean_dynamic_mobilenetv2,stable,features_16,1775834802328.446,1775834802402.952,74.506,10.001,64.504,23.436,32937,5545,200.0,0,0,78.8
1236,mean_dynamic_mobilenetv2,stable,features_16,1775834802405.951,1775834802498.460,92.508,10.001,80.508,23.865,32937,5545,200.0,0,0,75.5
1237,mean_dynamic_mobilenetv2,stable,features_16,1775834802501.460,1775834802585.478,84.018,13.007,71.011,24.718,32937,5545,200.0,0,0,76.7
1238,mean_dynamic_mobilenetv2,stable,features_16,1775834802589.478,1775834802681.990,92.512,8.509,84.003,20.218,32937,5545,200.0,0,0,75.7
1239,mean_dynamic_mobilenetv2,stable,features_16,1775834802684.987,1775834802759.496,74.509,10.506,64.003,22.860,32937,5545,200.0,0,0,82.3
1240,mean_dynamic_mobilenetv2,stable,features_16,1775834802763.497,1775834802855.005,91.509,9.001,81.508,24.565,32937,5545,200.0,0,0,69.8
1241,mean_dynamic_mobilenetv2,stable,features_16,1775834802858.005,1775834802939.514,81.509,13.002,68.507,23.138,32937,5545,200.0,0,0,72.5
1242,mean_dynamic_mobilenetv2,stable,features_16,1775834802943.514,1775834803042.021,98.507,12.001,86.507,25.474,32937,5545,200.0,0,0,70.5
1243,mean_dynamic_mobilenetv2,stable,features_16,1775834803045.021,1775834803128.528,83.507,10.002,71.506,18.828,32937,5545,200.0,0,0,71.2
1244,mean_dynamic_mobilenetv2,stable,features_16,1775834803131.529,1775834803226.037,94.507,10.000,84.507,22.329,32937,5545,200.0,0,0,74.0
1245,mean_dynamic_mobilenetv2,stable,features_16,1775834803229.038,1775834803320.546,91.509,9.001,80.506,22.170,32937,5545,200.0,0,0,70.8
1246,mean_dynamic_mobilenetv2,stable,features_16,1775834803323.545,1775834803432.053,108.508,11.000,97.508,27.694,32937,5545,200.0,0,0,70.9
1247,mean_dynamic_mobilenetv2,stable,features_16,1775834803435.054,1775834803519.562,84.507,10.001,73.506,22.045,32937,5545,200.0,0,0,69.5
1248,mean_dynamic_mobilenetv2,stable,features_16,1775834803523.562,1775834803614.071,90.509,11.003,79.507,24.353,32937,5545,200.0,0,0,70.8
1249,mean_dynamic_mobilenetv2,stable,features_16,1775834803618.071,1775834803694.074,76.003,10.000,66.002,22.227,32937,5545,200.0,0,0,81.5
1250,mean_dynamic_mobilenetv2,stable,features_16,1775834803697.580,1775834803804.087,106.508,13.000,92.507,24.251,32937,5545,200.0,0,0,72.3
1251,mean_dynamic_mobilenetv2,stable,features_16,1775834803807.088,1775834803911.596,104.507,10.002,94.505,24.808,32937,5545,200.0,0,0,70.5
1252,mean_dynamic_mobilenetv2,stable,features_16,1775834803914.596,1775834803996.100,81.505,10.001,71.503,24.792,32937,5545,200.0,0,0,71.6
1253,mean_dynamic_mobilenetv2,stable,features_16,1775834803999.104,1775834804091.106,92.002,11.001,80.002,20.542,32937,5545,200.0,0,0,69.4
1254,mean_dynamic_mobilenetv2,stable,features_16,1775834804094.106,1775834804187.617,93.511,9.509,83.002,23.982,32937,5545,200.0,0,0,75.3
1255,mean_dynamic_mobilenetv2,stable,features_16,1775834804190.617,1775834804296.644,106.027,13.518,92.509,26.857,32937,5545,200.0,0,0,82.1
1256,mean_dynamic_mobilenetv2,stable,features_16,1775834804300.644,1775834804383.645,83.001,11.000,70.002,25.067,32937,5545,200.0,0,0,84.8
1257,mean_dynamic_mobilenetv2,stable,features_16,1775834804386.646,1775834804457.156,70.510,9.504,61.006,19.219,32937,5545,200.0,0,0,69.1
1258,mean_dynamic_mobilenetv2,stable,features_16,1775834804461.663,1775834804557.171,95.508,11.003,83.505,24.529,32937,5545,200.0,0,0,72.2
1259,mean_dynamic_mobilenetv2,stable,features_16,1775834804560.170,1775834804664.678,104.508,11.001,92.507,24.098,32937,5545,200.0,0,0,75.9
1260,mean_dynamic_mobilenetv2,stable,features_16,1775834804667.679,1775834804748.187,80.508,10.001,70.507,25.678,32937,5545,200.0,0,0,75.3
1261,mean_dynamic_mobilenetv2,stable,features_16,1775834804751.188,1775834804849.695,98.507,11.000,86.507,23.426,32937,5545,200.0,0,0,72.2
1262,mean_dynamic_mobilenetv2,stable,features_16,1775834804853.695,1775834804960.202,106.507,12.000,92.507,24.601,32937,5545,200.0,0,0,70.8
1263,mean_dynamic_mobilenetv2,stable,features_16,1775834804963.202,1775834805046.711,83.509,11.001,72.507,27.094,32937,5545,200.0,0,0,70.8
1264,mean_dynamic_mobilenetv2,stable,features_16,1775834805050.712,1775834805133.219,82.507,8.000,73.507,28.598,32937,5545,200.0,0,0,71.3
1265,mean_dynamic_mobilenetv2,stable,features_16,1775834805136.227,1775834805211.727,75.500,11.993,63.507,22.506,32937,5545,200.0,0,0,69.5
1266,mean_dynamic_mobilenetv2,stable,features_16,1775834805214.731,1775834805294.730,79.999,10.997,68.002,24.107,32937,5545,200.0,0,0,67.9
1267,mean_dynamic_mobilenetv2,stable,features_16,1775834805297.236,1775834805387.238,90.001,9.001,80.001,23.463,32937,5545,200.0,0,0,70.8
1268,mean_dynamic_mobilenetv2,stable,features_16,1775834805391.239,1775834805467.747,76.508,8.508,67.000,24.981,32937,5545,200.0,0,0,72.5
1269,mean_dynamic_mobilenetv2,stable,features_16,1775834805471.746,1775834805575.260,103.514,11.009,92.505,24.719,32937,5545,200.0,0,0,79.6
1270,mean_dynamic_mobilenetv2,stable,features_16,1775834805578.259,1775834805658.772,80.512,11.008,68.504,24.385,32937,5545,200.0,0,0,75.0
1271,mean_dynamic_mobilenetv2,stable,features_16,1775834805661.771,1775834805792.283,130.511,10.002,119.510,22.795,32937,5545,200.0,0,0,79.3
1272,mean_dynamic_mobilenetv2,stable,features_16,1775834805795.787,1775834805887.796,92.009,9.005,82.000,23.588,32937,5545,200.0,0,0,69.8
1273,mean_dynamic_mobilenetv2,stable,features_16,1775834805890.793,1775834805971.301,80.508,10.509,68.998,24.105,32937,5545,200.0,0,0,73.8
1274,mean_dynamic_mobilenetv2,stable,features_16,1775834805974.302,1775834806071.813,97.511,11.008,86.503,22.987,32937,5545,200.0,0,0,70.8
1275,mean_dynamic_mobilenetv2,stable,features_16,1775834806074.813,1775834806151.322,76.509,10.006,65.503,22.101,32937,5545,200.0,0,0,70.9
1276,mean_dynamic_mobilenetv2,stable,features_16,1775834806154.323,1775834806256.834,102.511,13.000,89.511,22.215,32937,5545,200.0,0,0,73.5
1277,mean_dynamic_mobilenetv2,stable,features_16,1775834806260.833,1775834806350.344,89.511,10.003,78.508,24.155,32937,5545,200.0,0,0,69.8
1278,mean_dynamic_mobilenetv2,stable,features_16,1775834806353.344,1775834806427.857,74.513,10.003,63.510,22.591,32937,5545,200.0,0,0,71.2
1279,mean_dynamic_mobilenetv2,stable,features_16,1775834806430.853,1775834806537.366,106.513,12.001,93.511,26.303,32937,5545,200.0,0,0,72.3
1280,mean_dynamic_mobilenetv2,stable,features_16,1775834806540.370,1775834806640.874,100.504,9.997,90.507,21.952,32937,5545,200.0,0,0,69.6
1281,mean_dynamic_mobilenetv2,stable,features_16,1775834806644.874,1775834806728.382,83.508,13.003,69.506,22.922,32937,5545,200.0,0,0,79.2
1282,mean_dynamic_mobilenetv2,stable,features_16,1775834806732.383,1775834806830.893,98.510,10.000,86.510,24.253,32937,5545,200.0,0,0,69.8
1283,mean_dynamic_mobilenetv2,stable,features_16,1775834806833.894,1775834806938.400,104.507,12.000,92.506,24.860,32937,5545,200.0,0,0,69.0
1284,mean_dynamic_mobilenetv2,stable,features_16,1775834806941.401,1775834807017.925,76.524,11.002,65.521,20.369,32937,5545,200.0,0,0,89.0
1285,mean_dynamic_mobilenetv2,stable,features_16,1775834807021.922,1775834807107.430,85.509,10.000,74.507,22.585,32937,5545,200.0,0,0,69.8
1286,mean_dynamic_mobilenetv2,stable,features_16,1775834807110.429,1775834807214.939,104.509,11.000,93.509,21.364,32937,5545,200.0,0,0,69.6
1287,mean_dynamic_mobilenetv2,stable,features_16,1775834807217.938,1775834807297.446,79.508,9.000,70.507,25.647,32937,5545,200.0,0,0,72.8
1288,mean_dynamic_mobilenetv2,stable,features_16,1775834807300.446,1775834807377.446,77.000,10.001,65.999,22.652,32937,5545,200.0,0,0,70.4
1289,mean_dynamic_mobilenetv2,stable,features_16,1775834807380.452,1775834807454.963,74.511,11.007,62.504,21.994,32937,5545,200.0,0,0,78.5
1290,mean_dynamic_mobilenetv2,stable,features_16,1775834807458.963,1775834807538.475,79.512,12.001,67.512,23.023,32937,5545,200.0,0,0,74.4
1291,mean_dynamic_mobilenetv2,stable,features_16,1775834807542.475,1775834807636.984,94.508,10.001,84.507,24.377,32937,5545,200.0,0,0,75.4
1292,mean_dynamic_mobilenetv2,stable,features_16,1775834807640.983,1775834807743.492,102.509,12.003,90.505,24.402,32937,5545,200.0,0,0,74.1
1293,mean_dynamic_mobilenetv2,stable,features_16,1775834807747.492,1775834807837.000,89.507,9.001,80.506,23.908,32937,5545,200.0,0,0,71.3
1294,mean_dynamic_mobilenetv2,stable,features_16,1775834807840.000,1775834807929.510,89.510,11.003,77.508,21.024,32937,5545,200.0,0,0,68.3
1295,mean_dynamic_mobilenetv2,stable,features_16,1775834807932.510,1775834808011.021,78.511,9.000,68.510,22.575,32937,5545,200.0,0,0,71.9
1296,mean_dynamic_mobilenetv2,stable,features_16,1775834808014.021,1775834808099.528,85.507,10.001,72.508,21.584,32937,5545,200.0,0,0,69.1
1297,mean_dynamic_mobilenetv2,stable,features_16,1775834808102.529,1775834808196.033,93.505,12.001,81.503,24.652,32937,5545,200.0,0,0,72.3
1298,mean_dynamic_mobilenetv2,stable,features_16,1775834808199.037,1775834808285.040,86.003,10.001,76.002,22.635,32937,5545,200.0,0,0,70.4
1299,mean_dynamic_mobilenetv2,stable,features_16,1775834808288.040,1775834808380.547,92.507,8.508,82.999,24.253,32937,5545,200.0,0,0,70.8
1300,mean_dynamic_mobilenetv2,stable,features_16,1775834808383.549,1775834808475.064,91.515,9.004,80.509,24.782,32937,5545,200.0,0,0,71.1
1301,mean_dynamic_mobilenetv2,stable,features_16,1775834808478.062,1775834808584.575,106.512,16.004,90.508,25.152,32937,5545,200.0,0,0,76.8
1302,mean_dynamic_mobilenetv2,stable,features_16,1775834808587.575,1775834808662.083,74.508,10.509,62.999,20.658,32937,5545,200.0,0,0,75.0
1303,mean_dynamic_mobilenetv2,stable,features_16,1775834808665.084,1775834808772.592,107.508,12.002,93.506,23.626,32937,5545,200.0,0,0,74.8
1304,mean_dynamic_mobilenetv2,stable,features_16,1775834808776.592,1775834808855.105,78.513,13.008,65.506,23.620,32937,5545,200.0,0,0,77.1
1305,mean_dynamic_mobilenetv2,stable,features_16,1775834808858.106,1775834808935.613,77.506,10.000,67.506,23.273,32937,5545,200.0,0,0,70.0
1306,mean_dynamic_mobilenetv2,stable,features_16,1775834808938.613,1775834809021.122,82.509,9.001,73.508,24.989,32937,5545,200.0,0,0,71.6
1307,mean_dynamic_mobilenetv2,stable,features_16,1775834809024.122,1775834809123.630,99.508,11.003,87.505,23.500,32937,5545,200.0,0,0,72.1
1308,mean_dynamic_mobilenetv2,stable,features_16,1775834809126.629,1775834809200.140,73.511,10.004,63.507,23.211,32937,5545,200.0,0,0,75.3
1309,mean_dynamic_mobilenetv2,stable,features_16,1775834809204.140,1775834809288.143,84.003,10.003,72.000,22.211,32937,5545,200.0,0,0,75.3
1310,mean_dynamic_mobilenetv2,stable,features_16,1775834809291.143,1775834809368.650,77.507,10.508,65.999,20.642,32937,5545,200.0,0,0,75.8
1311,mean_dynamic_mobilenetv2,stable,features_16,1775834809372.650,1775834809478.159,105.509,12.004,93.504,24.440,32937,5545,200.0,0,0,72.6
1312,mean_dynamic_mobilenetv2,stable,features_16,1775834809482.163,1775834809566.668,84.505,10.001,73.504,18.787,32937,5545,200.0,0,0,70.4
1313,mean_dynamic_mobilenetv2,stable,features_16,1775834809569.668,1775834809651.177,81.509,11.001,69.508,24.519,32937,5545,200.0,0,0,72.9
1314,mean_dynamic_mobilenetv2,stable,features_16,1775834809654.177,1775834809735.686,81.509,10.003,71.507,25.751,32937,5545,200.0,0,0,75.3
1315,mean_dynamic_mobilenetv2,stable,features_16,1775834809738.687,1775834809817.194,78.507,11.001,67.506,23.087,32937,5545,200.0,0,0,72.8
1316,mean_dynamic_mobilenetv2,stable,features_16,1775834809820.194,1775834809916.702,96.509,9.001,86.508,28.727,32937,5545,200.0,0,0,70.3
1317,mean_dynamic_mobilenetv2,stable,features_16,1775834809920.702,1775834810020.210,99.508,10.001,88.507,24.270,32937,5545,200.0,0,0,69.1
1318,mean_dynamic_mobilenetv2,stable,features_16,1775834810024.210,1775834810100.718,76.508,12.000,63.507,21.097,32937,5545,200.0,0,0,70.0
1319,mean_dynamic_mobilenetv2,stable,features_16,1775834810103.717,1775834810193.720,90.003,9.001,80.001,24.999,32937,5545,200.0,0,0,70.8
1320,mean_dynamic_mobilenetv2,stable,features_16,1775834810197.227,1775834810288.228,91.001,10.000,80.001,24.613,32937,5545,200.0,0,0,72.9
1321,mean_dynamic_mobilenetv2,stable,features_16,1775834810290.228,1775834810366.735,76.507,10.509,64.999,22.438,32937,5545,200.0,0,0,69.1
1322,mean_dynamic_mobilenetv2,stable,features_16,1775834810369.736,1775834810477.248,107.512,10.002,96.510,28.710,32937,5545,200.0,0,0,71.8
1323,mean_dynamic_mobilenetv2,stable,features_16,1775834810480.249,1775834810576.760,96.511,11.004,85.507,20.083,32937,5545,200.0,0,0,70.0
1324,mean_dynamic_mobilenetv2,stable,features_16,1775834810579.759,1775834810674.270,94.511,9.005,84.507,24.628,32937,5545,200.0,0,0,76.5
1325,mean_dynamic_mobilenetv2,stable,features_16,1775834810678.271,1775834810759.787,81.516,16.009,64.508,22.776,32937,5545,200.0,0,0,74.7
1326,mean_dynamic_mobilenetv2,stable,features_16,1775834810762.786,1775834810836.296,73.510,9.001,63.507,22.924,32937,5545,200.0,0,0,69.6
1327,mean_dynamic_mobilenetv2,stable,features_16,1775834810839.295,1775834810915.802,76.507,9.000,67.507,21.734,32937,5545,200.0,0,0,68.9
1328,mean_dynamic_mobilenetv2,stable,features_16,1775834810918.805,1775834810997.310,78.505,8.999,69.506,23.675,32937,5545,200.0,0,0,75.6
1329,mean_dynamic_mobilenetv2,stable,features_16,1775834811000.310,1775834811089.313,89.003,10.002,78.001,23.781,32937,5545,200.0,0,0,75.0
1330,mean_dynamic_mobilenetv2,stable,features_16,1775834811092.312,1775834811180.820,88.508,9.509,77.999,22.499,32937,5545,200.0,0,0,69.8
1331,mean_dynamic_mobilenetv2,stable,features_16,1775834811183.823,1775834811276.329,92.506,9.002,81.504,22.720,32937,5545,200.0,0,0,69.1
1332,mean_dynamic_mobilenetv2,stable,features_16,1775834811279.329,1775834811384.841,105.512,12.005,93.507,24.996,32937,5545,200.0,0,0,71.6
1333,mean_dynamic_mobilenetv2,stable,features_16,1775834811387.840,1775834811517.861,130.021,10.515,119.505,74.596,32937,5545,200.0,0,0,70.8
1334,mean_dynamic_mobilenetv2,stable,features_16,1775834811521.861,1775834811620.369,98.508,10.001,87.507,24.519,32937,5545,200.0,0,0,71.2
1335,mean_dynamic_mobilenetv2,stable,features_16,1775834811623.369,1775834811701.877,78.508,11.001,67.507,22.814,32937,5545,200.0,0,0,76.8
1336,mean_dynamic_mobilenetv2,stable,features_16,1775834811705.877,1775834811800.385,94.508,13.001,81.507,22.022,32937,5545,200.0,0,0,69.8
1337,mean_dynamic_mobilenetv2,stable,features_16,1775834811803.386,1775834811881.385,77.999,9.000,68.999,23.637,32937,5545,200.0,0,0,72.8
1338,mean_dynamic_mobilenetv2,stable,features_16,1775834811884.388,1775834811990.897,106.510,13.507,91.003,23.213,32937,5545,200.0,0,0,74.6
1339,mean_dynamic_mobilenetv2,stable,features_16,1775834811993.897,1775834812092.408,98.511,12.510,86.001,20.652,32937,5545,200.0,0,0,73.2
1340,mean_dynamic_mobilenetv2,stable,features_16,1775834812096.409,1775834812172.918,76.509,8.510,65.997,25.544,32937,5545,200.0,0,0,72.5
1341,mean_dynamic_mobilenetv2,stable,features_16,1775834812174.918,1775834812265.427,90.509,10.005,80.504,24.932,32937,5545,200.0,0,0,69.1
1342,mean_dynamic_mobilenetv2,stable,features_16,1775834812269.427,1775834812348.938,79.511,12.001,67.510,23.841,32937,5545,200.0,0,0,77.8
1343,mean_dynamic_mobilenetv2,stable,features_16,1775834812352.939,1775834812424.448,71.510,9.000,62.510,21.049,32937,5545,200.0,0,0,78.8
1344,mean_dynamic_mobilenetv2,stable,features_16,1775834812427.448,1775834812524.960,97.512,11.001,86.510,24.074,32937,5545,200.0,0,0,74.8
1345,mean_dynamic_mobilenetv2,stable,features_16,1775834812527.960,1775834812621.482,93.522,10.510,82.012,23.629,32937,5545,200.0,0,0,72.4
1346,mean_dynamic_mobilenetv2,stable,features_16,1775834812624.482,1775834812704.991,80.509,12.000,68.508,24.451,32937,5545,200.0,0,0,77.8
1347,mean_dynamic_mobilenetv2,stable,features_16,1775834812708.991,1775834812785.993,77.002,11.001,66.001,24.231,32937,5545,200.0,0,0,73.4
1348,mean_dynamic_mobilenetv2,stable,features_16,1775834812789.993,1775834812866.508,76.514,12.513,62.999,22.210,32937,5545,200.0,0,0,71.6
1349,mean_dynamic_mobilenetv2,stable,features_16,1775834812868.506,1775834812946.018,77.513,11.002,65.511,25.048,32937,5545,200.0,0,0,76.1
1350,mean_dynamic_mobilenetv2,stable,features_16,1775834812949.019,1775834813037.527,88.509,9.000,77.510,21.851,32937,5545,200.0,0,0,67.9
1351,mean_dynamic_mobilenetv2,stable,features_16,1775834813040.527,1775834813120.035,79.509,9.001,70.508,25.069,32937,5545,200.0,0,0,71.9
1352,mean_dynamic_mobilenetv2,stable,features_16,1775834813124.035,1775834813227.545,103.510,12.001,89.510,26.090,32937,5545,200.0,0,0,72.5
1353,mean_dynamic_mobilenetv2,stable,features_16,1775834813230.546,1775834813311.054,80.508,12.001,65.508,23.754,32937,5545,200.0,0,0,72.0
1354,mean_dynamic_mobilenetv2,stable,features_16,1775834813314.053,1775834813394.057,80.003,12.001,66.002,23.911,32937,5545,200.0,0,0,92.9
1355,mean_dynamic_mobilenetv2,stable,features_16,1775834813399.564,1775834813502.073,102.509,33.001,67.508,22.332,32937,5545,200.0,0,0,97.4
1356,mean_dynamic_mobilenetv2,stable,features_16,1775834813506.073,1775834813593.077,87.004,14.001,72.004,22.899,32937,5545,200.0,0,0,97.0
1357,mean_dynamic_mobilenetv2,stable,features_16,1775834813660.583,1775834813930.114,269.531,201.022,67.509,24.118,32937,5545,200.0,1,0,99.7
1358,mean_dynamic_mobilenetv2,stable,features_16,1775834813935.115,1775834814040.624,105.509,19.002,85.509,27.993,32937,5545,200.0,0,0,98.3
1359,mean_dynamic_mobilenetv2,stable,features_16,1775834814050.624,1775834814195.138,144.514,55.512,86.002,23.908,32937,5545,200.0,0,0,99.3
1360,mean_dynamic_mobilenetv2,stable,features_16,1775834814199.645,1775834814291.647,92.003,17.001,75.001,24.638,32937,5545,200.0,0,0,84.7
1361,mean_dynamic_mobilenetv2,stable,features_16,1775834814294.650,1775834814375.162,80.512,12.511,66.002,24.318,32937,5545,200.0,0,0,84.3
1362,mean_dynamic_mobilenetv2,stable,features_16,1775834814378.163,1775834814469.677,91.515,11.009,79.506,23.318,32937,5545,200.0,0,0,74.0
1363,mean_dynamic_mobilenetv2,stable,features_16,1775834814472.678,1775834814553.188,80.509,12.004,67.505,24.183,32937,5545,200.0,0,0,70.9
1364,mean_dynamic_mobilenetv2,stable,features_16,1775834814557.187,1775834814658.695,101.508,10.003,90.506,25.764,32937,5545,200.0,0,0,70.8
1365,mean_dynamic_mobilenetv2,stable,features_16,1775834814662.694,1775834814744.205,81.510,11.001,69.509,24.799,32937,5545,200.0,0,0,85.4
1366,mean_dynamic_mobilenetv2,stable,features_16,1775834814747.204,1775834814826.711,79.507,9.001,68.506,23.481,32937,5545,200.0,0,0,78.5
1367,mean_dynamic_mobilenetv2,stable,features_16,1775834814829.711,1775834814905.224,75.513,11.001,63.512,20.513,32937,5545,200.0,0,0,70.4
1368,mean_dynamic_mobilenetv2,stable,features_16,1775834814908.225,1775834814986.226,78.001,10.001,67.000,24.526,32937,5545,200.0,0,0,74.4
1369,mean_dynamic_mobilenetv2,stable,features_16,1775834814988.227,1775834815069.740,81.513,10.515,69.998,24.695,32937,5545,200.0,0,0,69.5
1370,mean_dynamic_mobilenetv2,stable,features_16,1775834815072.739,1775834815147.249,74.510,9.001,65.509,19.845,32937,5545,200.0,0,0,70.0
1371,mean_dynamic_mobilenetv2,stable,features_16,1775834815150.249,1775834815225.760,75.510,10.001,63.509,20.646,32937,5545,200.0,0,0,72.5
1372,mean_dynamic_mobilenetv2,stable,features_16,1775834815227.760,1775834815305.268,77.508,9.000,68.507,23.210,32937,5545,200.0,0,0,75.0
1373,mean_dynamic_mobilenetv2,stable,features_16,1775834815308.268,1775834815399.775,91.508,10.001,79.506,24.626,32937,5545,200.0,0,0,71.7
1374,mean_dynamic_mobilenetv2,stable,features_16,1775834815402.776,1775834815488.779,86.004,11.001,74.003,28.064,32937,5545,200.0,0,0,74.1
1375,mean_dynamic_mobilenetv2,stable,features_16,1775834815491.779,1775834815570.287,78.508,8.509,69.002,24.365,32937,5545,200.0,0,0,85.2
1376,mean_dynamic_mobilenetv2,stable,features_16,1775834815574.287,1775834815656.801,82.514,20.008,61.506,16.844,32937,5545,200.0,0,0,74.0
1377,mean_dynamic_mobilenetv2,stable,features_16,1775834815659.801,1775834815739.310,79.509,9.001,70.508,25.226,32937,5545,200.0,0,0,83.8
1378,mean_dynamic_mobilenetv2,stable,features_16,1775834815742.310,1775834815823.818,81.508,10.004,71.504,24.237,32937,5545,200.0,0,0,70.8
1379,mean_dynamic_mobilenetv2,stable,features_16,1775834815826.819,1775834815904.327,77.508,14.999,62.508,20.402,32937,5545,200.0,0,0,69.1
1380,mean_dynamic_mobilenetv2,stable,features_16,1775834815907.326,1775834816002.843,95.516,9.001,85.515,24.920,32937,5545,200.0,0,0,69.8
1381,mean_dynamic_mobilenetv2,stable,features_16,1775834816006.848,1775834816106.350,99.502,11.995,87.507,21.947,32937,5545,200.0,0,0,70.5
1382,mean_dynamic_mobilenetv2,stable,features_16,1775834816109.350,1775834816202.858,93.508,9.001,84.507,23.150,32937,5545,200.0,0,0,69.8
1383,mean_dynamic_mobilenetv2,stable,features_16,1775834816205.858,1775834816284.861,79.002,9.003,68.001,24.047,32937,5545,200.0,0,0,70.0
1384,mean_dynamic_mobilenetv2,stable,features_16,1775834816287.861,1775834816369.368,81.508,10.508,69.999,24.436,32937,5545,200.0,0,0,71.9
1385,mean_dynamic_mobilenetv2,stable,features_16,1775834816372.368,1775834816445.877,73.510,9.006,62.504,19.583,32937,5545,200.0,0,0,80.8
1386,mean_dynamic_mobilenetv2,stable,features_16,1775834816448.878,1775834816527.386,78.509,9.002,68.508,23.940,32937,5545,200.0,0,0,68.3
1387,mean_dynamic_mobilenetv2,stable,features_16,1775834816530.386,1775834816610.896,80.509,10.001,68.508,22.467,32937,5545,200.0,0,0,71.2
1388,mean_dynamic_mobilenetv2,stable,features_16,1775834816613.896,1775834816709.817,95.921,13.001,81.921,22.978,32937,5545,200.0,0,0,76.8
1389,mean_dynamic_mobilenetv2,stable,features_16,1775834816712.817,1775834816791.820,79.003,15.001,61.003,19.516,32937,5545,200.0,0,0,76.5
1390,mean_dynamic_mobilenetv2,stable,features_16,1775834816794.820,1775834816876.330,81.509,11.510,68.999,21.988,32937,5545,200.0,0,0,77.8
1391,mean_dynamic_mobilenetv2,stable,features_16,1775834816879.329,1775834816976.840,97.511,10.005,85.506,24.381,32937,5545,200.0,0,0,73.4
1392,mean_dynamic_mobilenetv2,stable,features_16,1775834816980.840,1775834817083.352,102.511,13.003,89.508,24.580,32937,5545,200.0,0,0,68.7
1393,mean_dynamic_mobilenetv2,stable,features_16,1775834817087.352,1775834817165.860,78.508,12.508,66.000,24.180,32937,5545,200.0,0,0,74.5
1394,mean_dynamic_mobilenetv2,stable,features_16,1775834817168.859,1775834817306.880,138.021,11.000,125.019,20.811,32937,5545,200.0,0,0,71.8
1395,mean_dynamic_mobilenetv2,stable,features_16,1775834817309.881,1775834817400.390,90.510,13.001,76.508,30.357,32937,5545,200.0,0,0,73.0
1396,mean_dynamic_mobilenetv2,stable,features_16,1775834817403.390,1775834817490.397,87.007,14.003,72.003,25.987,32937,5545,200.0,0,0,73.2
1397,mean_dynamic_mobilenetv2,stable,features_16,1775834817493.400,1775834817577.907,84.507,14.508,68.999,25.001,32937,5545,200.0,0,0,76.0
1398,mean_dynamic_mobilenetv2,stable,features_16,1775834817580.907,1775834817674.422,93.515,15.009,77.506,23.369,32937,5545,200.0,0,0,81.6
1399,mean_dynamic_mobilenetv2,stable,features_16,1775834817678.422,1775834817761.937,83.515,10.007,72.508,22.248,32937,5545,200.0,0,0,82.5
1400,mean_dynamic_mobilenetv2,stable,features_16,1775834817766.934,1775834817877.445,110.511,14.001,95.510,26.337,32937,5545,200.0,0,0,74.3
1401,mean_dynamic_mobilenetv2,stable,features_16,1775834817880.446,1775834817962.958,82.512,11.004,70.504,24.056,32937,5545,200.0,0,0,70.5
1402,mean_dynamic_mobilenetv2,stable,features_16,1775834817965.955,1775834818066.465,100.510,13.000,86.510,23.862,32937,5545,200.0,0,0,71.4
1403,mean_dynamic_mobilenetv2,stable,features_16,1775834818070.464,1775834818173.977,103.513,10.003,93.510,25.814,32937,5545,200.0,0,0,74.1
1404,mean_dynamic_mobilenetv2,stable,features_16,1775834818176.977,1775834818260.488,83.511,11.005,71.504,24.275,32937,5545,200.0,0,0,70.8
1405,mean_dynamic_mobilenetv2,stable,features_16,1775834818263.487,1775834818339.994,76.508,11.001,65.507,19.838,32937,5545,200.0,0,0,75.0
1406,mean_dynamic_mobilenetv2,stable,features_16,1775834818343.995,1775834818421.507,77.512,10.002,66.510,24.415,32937,5545,200.0,0,0,79.0
1407,mean_dynamic_mobilenetv2,stable,features_16,1775834818424.507,1775834818509.015,84.508,16.001,68.507,23.180,32937,5545,200.0,0,0,82.5
1408,mean_dynamic_mobilenetv2,stable,features_16,1775834818512.016,1775834818593.018,81.002,12.001,68.001,21.941,32937,5545,200.0,0,0,72.8
1409,mean_dynamic_mobilenetv2,stable,features_16,1775834818597.019,1775834818682.527,85.509,12.509,71.997,25.008,32937,5545,200.0,0,0,78.8
1410,mean_dynamic_mobilenetv2,stable,features_16,1775834818685.528,1775834818770.036,84.508,11.504,71.000,25.913,32937,5545,200.0,0,0,77.5
1411,mean_dynamic_mobilenetv2,stable,features_16,1775834818774.036,1775834818862.549,88.513,14.006,74.507,28.883,32937,5545,200.0,0,0,75.0
1412,mean_dynamic_mobilenetv2,stable,features_16,1775834818865.548,1775834818960.056,94.508,13.001,81.507,25.161,32937,5545,200.0,0,0,72.2
1413,mean_dynamic_mobilenetv2,stable,features_16,1775834818964.056,1775834819043.564,79.508,11.001,68.507,25.929,32937,5545,200.0,0,0,71.9
1414,mean_dynamic_mobilenetv2,stable,features_16,1775834819047.564,1775834819128.073,80.508,12.002,68.506,20.952,32937,5545,200.0,0,0,70.4
1415,mean_dynamic_mobilenetv2,stable,features_16,1775834819130.073,1775834819228.585,98.513,11.001,86.511,28.597,32937,5545,200.0,0,0,73.9
1416,mean_dynamic_mobilenetv2,stable,features_16,1775834819231.585,1775834819333.096,101.510,12.001,89.509,24.644,32937,5545,200.0,0,0,75.3
1417,mean_dynamic_mobilenetv2,stable,features_16,1775834819336.096,1775834819440.604,104.509,12.001,92.508,23.826,32937,5545,200.0,0,0,73.2
1418,mean_dynamic_mobilenetv2,stable,features_16,1775834819444.604,1775834819522.113,77.509,10.001,67.508,24.093,32937,5545,200.0,0,0,70.0
1419,mean_dynamic_mobilenetv2,stable,features_16,1775834819525.113,1775834819622.621,97.508,12.004,84.504,21.675,32937,5545,200.0,0,0,71.1
1420,mean_dynamic_mobilenetv2,stable,features_16,1775834819625.621,1775834819701.133,75.512,10.000,64.512,23.933,32937,5545,200.0,0,0,74.1
1421,mean_dynamic_mobilenetv2,stable,features_16,1775834819704.133,1775834819778.133,74.000,12.000,62.000,18.962,32937,5545,200.0,0,0,80.7
1422,mean_dynamic_mobilenetv2,stable,features_16,1775834819781.136,1775834819871.648,90.512,16.005,72.550,25.975,32937,5545,200.0,0,0,80.2
1423,mean_dynamic_mobilenetv2,stable,features_16,1775834819874.647,1775834819961.159,86.511,14.007,71.504,21.989,32937,5545,200.0,0,0,75.0
1424,mean_dynamic_mobilenetv2,stable,features_16,1775834819964.159,1775834820040.670,76.511,10.002,65.508,21.128,32937,5545,200.0,0,0,82.5
1425,mean_dynamic_mobilenetv2,stable,features_16,1775834820043.671,1775834820129.180,85.509,12.002,72.507,20.713,32937,5545,200.0,0,0,70.0
1426,mean_dynamic_mobilenetv2,stable,features_16,1775834820133.179,1775834820213.687,80.509,19.001,60.508,19.139,32937,5545,200.0,0,0,83.3
1427,mean_dynamic_mobilenetv2,stable,features_16,1775834820216.688,1775834820320.197,103.508,18.000,84.509,24.266,32937,5545,200.0,0,0,82.3
1428,mean_dynamic_mobilenetv2,stable,features_16,1775834820323.197,1775834820404.705,81.508,12.001,67.507,22.290,32937,5545,200.0,0,0,83.3
1429,mean_dynamic_mobilenetv2,stable,features_16,1775834820408.708,1775834820492.708,84.000,14.000,69.001,24.812,32937,5545,200.0,0,0,85.4
1430,mean_dynamic_mobilenetv2,stable,features_16,1775834820495.708,1775834820585.218,89.509,20.508,69.002,24.564,32937,5545,200.0,0,0,83.8
1431,mean_dynamic_mobilenetv2,stable,features_16,1775834820588.218,1775834820671.726,83.508,14.508,65.999,25.066,32937,5545,200.0,0,0,86.6
1432,mean_dynamic_mobilenetv2,stable,features_16,1775834820675.728,1775834820759.238,83.509,16.007,66.502,22.663,32937,5545,200.0,0,0,84.5
1433,mean_dynamic_mobilenetv2,stable,features_16,1775834820762.237,1775834820853.747,91.510,18.001,72.510,26.855,32937,5545,200.0,0,0,90.0
1434,mean_dynamic_mobilenetv2,stable,features_16,1775834820857.747,1775834820944.258,86.511,18.000,67.510,23.652,32937,5545,200.0,0,0,91.6
1435,mean_dynamic_mobilenetv2,stable,features_16,1775834820947.260,1775834821029.769,82.509,15.001,66.507,21.580,32937,5545,200.0,0,0,86.6
1436,mean_dynamic_mobilenetv2,stable,features_16,1775834821033.769,1775834821118.278,84.509,14.000,68.510,24.078,32937,5545,200.0,0,0,81.1
1437,mean_dynamic_mobilenetv2,stable,features_16,1775834821122.278,1775834821207.048,84.769,14.005,70.764,24.131,32937,5545,200.0,0,0,77.1
1438,mean_dynamic_mobilenetv2,stable,features_16,1775834821209.787,1775834821291.790,82.003,11.001,71.001,24.576,32937,5545,200.0,0,0,70.5
1439,mean_dynamic_mobilenetv2,stable,features_16,1775834821294.790,1775834821391.304,96.515,10.514,86.001,26.520,32937,5545,200.0,0,0,90.0
1440,mean_dynamic_mobilenetv2,stable,features_16,1775834821395.305,1775834821474.812,79.506,11.507,66.000,23.867,32937,5545,200.0,0,0,77.5
1441,mean_dynamic_mobilenetv2,stable,features_16,1775834821477.812,1775834821567.325,89.513,17.007,71.506,26.700,32937,5545,200.0,0,0,82.5
1442,mean_dynamic_mobilenetv2,stable,features_16,1775834821570.325,1775834821653.838,83.513,11.001,70.509,22.789,32937,5545,200.0,0,0,75.3
1443,mean_dynamic_mobilenetv2,stable,features_16,1775834821656.838,1775834821739.346,82.508,15.001,65.508,23.624,32937,5545,200.0,0,0,77.5
1444,mean_dynamic_mobilenetv2,stable,features_16,1775834821743.346,1775834821824.854,81.508,15.000,65.508,22.107,32937,5545,200.0,0,0,71.6
1445,mean_dynamic_mobilenetv2,stable,features_16,1775834821828.855,1775834821911.362,82.507,11.001,70.506,24.214,32937,5545,200.0,0,0,72.8
1446,mean_dynamic_mobilenetv2,stable,features_16,1775834821914.363,1775834821994.366,80.003,14.001,65.002,21.043,32937,5545,200.0,0,0,71.9
1447,mean_dynamic_mobilenetv2,stable,features_16,1775834821997.366,1775834822077.871,80.505,14.506,65.999,23.705,32937,5545,200.0,0,0,75.0
1448,mean_dynamic_mobilenetv2,stable,features_16,1775834822080.872,1775834822170.379,89.507,11.003,77.504,23.570,32937,5545,200.0,0,0,71.9
1449,mean_dynamic_mobilenetv2,stable,features_16,1775834822173.379,1775834822282.891,109.512,12.003,96.506,26.813,32937,5545,200.0,0,0,81.7
1450,mean_dynamic_mobilenetv2,stable,features_16,1775834822285.892,1775834822386.410,100.518,10.003,89.516,22.251,32937,5545,200.0,0,0,71.2
1451,mean_dynamic_mobilenetv2,stable,features_16,1775834822389.411,1775834822469.917,80.506,13.507,66.999,21.915,32937,5545,200.0,0,0,76.8
1452,mean_dynamic_mobilenetv2,stable,features_16,1775834822472.917,1775834822575.445,102.528,10.007,92.521,25.481,32937,5545,200.0,0,0,86.0
1453,mean_dynamic_mobilenetv2,stable,features_16,1775834822578.444,1775834822666.962,88.518,10.008,78.510,23.951,32937,5545,200.0,0,0,80.2
1454,mean_dynamic_mobilenetv2,stable,features_16,1775834822670.962,1775834822745.471,74.509,11.000,63.509,20.252,32937,5545,200.0,0,0,81.2
1455,mean_dynamic_mobilenetv2,stable,features_16,1775834822749.472,1775834822835.987,86.515,13.001,72.510,26.611,32937,5545,200.0,0,0,72.5
1456,mean_dynamic_mobilenetv2,stable,features_16,1775834822838.982,1775834822917.489,78.507,9.000,68.507,24.710,32937,5545,200.0,0,0,77.9
1457,mean_dynamic_mobilenetv2,stable,features_16,1775834822920.492,1775834823059.998,139.506,8.999,128.507,21.790,32937,5545,200.0,0,0,74.3
1458,mean_dynamic_mobilenetv2,stable,features_16,1775834823062.998,1775834823169.509,106.511,14.003,91.508,26.972,32937,5545,200.0,0,0,71.7
1459,mean_dynamic_mobilenetv2,stable,features_16,1775834823172.509,1775834823259.020,86.511,10.001,76.510,21.279,32937,5545,200.0,0,0,72.9
1460,mean_dynamic_mobilenetv2,stable,features_16,1775834823262.020,1775834823346.529,84.510,13.001,69.509,26.870,32937,5545,200.0,0,0,79.8
1461,mean_dynamic_mobilenetv2,stable,features_16,1775834823349.530,1775834823429.038,79.509,11.002,68.506,24.456,32937,5545,200.0,0,0,77.8
1462,mean_dynamic_mobilenetv2,stable,features_16,1775834823433.039,1775834823510.547,77.508,8.000,69.508,23.231,32937,5545,200.0,0,0,72.9
1463,mean_dynamic_mobilenetv2,stable,features_16,1775834823513.547,1775834823595.549,82.002,11.001,71.000,24.644,32937,5545,200.0,0,0,71.2
1464,mean_dynamic_mobilenetv2,stable,features_16,1775834823599.057,1775834823680.058,81.000,9.001,69.998,24.971,32937,5545,200.0,0,0,79.0
1465,mean_dynamic_mobilenetv2,stable,features_16,1775834823683.061,1775834823760.569,77.508,12.000,64.508,23.255,32937,5545,200.0,0,0,77.1
1466,mean_dynamic_mobilenetv2,stable,features_16,1775834823763.570,1775834823869.078,105.508,15.000,89.507,25.760,32937,5545,200.0,0,0,74.5
1467,mean_dynamic_mobilenetv2,stable,features_16,1775834823873.078,1775834823953.586,80.508,12.004,67.504,21.906,32937,5545,200.0,0,0,69.5
1468,mean_dynamic_mobilenetv2,stable,features_16,1775834823956.587,1775834824036.098,79.511,11.000,67.511,23.970,32937,5545,200.0,0,0,70.4
1469,mean_dynamic_mobilenetv2,stable,features_16,1775834824039.098,1775834824139.606,100.508,11.001,89.507,23.764,32937,5545,200.0,0,0,69.9
1470,mean_dynamic_mobilenetv2,stable,features_16,1775834824142.606,1775834824216.115,73.508,12.004,60.504,18.367,32937,5545,200.0,0,0,82.5
1471,mean_dynamic_mobilenetv2,stable,features_16,1775834824219.115,1775834824304.624,85.509,13.001,70.509,24.999,32937,5545,200.0,0,0,87.8
1472,mean_dynamic_mobilenetv2,stable,features_16,1775834824307.625,1775834824406.133,98.508,18.000,79.508,26.063,32937,5545,200.0,0,0,83.2
1473,mean_dynamic_mobilenetv2,stable,features_16,1775834824409.133,1775834824494.136,85.003,16.002,68.001,23.245,32937,5545,200.0,0,0,82.5
1474,mean_dynamic_mobilenetv2,stable,features_16,1775834824496.136,1775834824574.643,78.506,12.004,64.999,24.041,32937,5545,200.0,0,0,82.5
1475,mean_dynamic_mobilenetv2,stable,features_16,1775834824578.643,1775834824661.154,82.511,12.006,70.506,26.356,32937,5545,200.0,0,0,78.8
1476,mean_dynamic_mobilenetv2,stable,features_16,1775834824665.154,1775834824763.664,98.509,17.000,81.509,26.296,32937,5545,200.0,0,0,83.0
1477,mean_dynamic_mobilenetv2,stable,features_16,1775834824766.665,1775834824848.171,81.507,10.000,71.507,23.753,32937,5545,200.0,0,0,70.0
1478,mean_dynamic_mobilenetv2,stable,features_16,1775834824851.175,1775834824952.681,101.506,11.999,88.507,25.876,32937,5545,200.0,0,0,74.1
1479,mean_dynamic_mobilenetv2,stable,features_16,1775834824955.681,1775834825054.189,98.508,12.001,85.507,19.772,32937,5545,200.0,0,0,82.5
1480,mean_dynamic_mobilenetv2,stable,features_16,1775834825058.189,1775834825134.698,76.508,11.000,64.507,24.029,32937,5545,200.0,0,0,78.0
1481,mean_dynamic_mobilenetv2,stable,features_16,1775834825137.697,1775834825221.204,83.507,12.001,71.506,25.914,32937,5545,200.0,0,0,80.0
1482,mean_dynamic_mobilenetv2,stable,features_16,1775834825224.204,1775834825299.712,75.508,11.003,64.505,20.256,32937,5545,200.0,0,0,72.2
1483,mean_dynamic_mobilenetv2,stable,features_16,1775834825302.713,1775834825401.221,98.508,10.000,86.508,22.111,32937,5545,200.0,0,0,69.6
1484,mean_dynamic_mobilenetv2,stable,features_16,1775834825404.221,1775834825479.221,75.000,9.006,65.994,24.095,32937,5545,200.0,0,0,71.2
1485,mean_dynamic_mobilenetv2,stable,features_16,1775834825482.223,1775834825564.733,82.510,9.004,71.506,26.587,32937,5545,200.0,0,0,70.9
1486,mean_dynamic_mobilenetv2,stable,features_16,1775834825568.733,1775834825651.240,82.508,12.000,69.508,25.865,32937,5545,200.0,0,0,72.7
1487,mean_dynamic_mobilenetv2,stable,features_16,1775834825655.240,1775834825735.749,80.508,13.000,66.508,23.901,32937,5545,200.0,0,0,77.5
1488,mean_dynamic_mobilenetv2,stable,features_16,1775834825738.750,1775834825811.258,72.507,9.000,62.506,20.416,32937,5545,200.0,0,0,71.2
1489,mean_dynamic_mobilenetv2,stable,features_16,1775834825814.259,1775834825897.761,83.502,10.998,71.001,25.980,32937,5545,200.0,0,0,70.0
1490,mean_dynamic_mobilenetv2,stable,features_16,1775834825900.764,1775834825990.767,90.003,9.002,80.001,21.967,32937,5545,200.0,0,0,70.8
1491,mean_dynamic_mobilenetv2,stable,features_16,1775834825993.767,1775834826069.276,75.509,10.510,64.999,22.766,32937,5545,200.0,0,0,72.5
1492,mean_dynamic_mobilenetv2,stable,features_16,1775834826072.276,1775834826167.788,95.512,10.003,83.502,27.413,32937,5545,200.0,0,0,73.0
1493,mean_dynamic_mobilenetv2,stable,features_16,1775834826171.788,1775834826251.296,79.509,12.004,66.504,19.460,32937,5545,200.0,0,0,70.4
1494,mean_dynamic_mobilenetv2,stable,features_16,1775834826255.296,1775834826349.805,94.509,9.001,84.508,24.910,32937,5545,200.0,0,0,74.0
1495,mean_dynamic_mobilenetv2,stable,features_16,1775834826352.806,1775834826434.314,81.508,14.000,66.508,21.863,32937,5545,200.0,0,0,72.3
1496,mean_dynamic_mobilenetv2,stable,features_16,1775834826437.314,1775834826538.829,101.515,11.001,88.508,26.702,32937,5545,200.0,0,0,69.4
1497,mean_dynamic_mobilenetv2,stable,features_16,1775834826540.823,1775834826626.331,85.509,11.000,73.509,22.295,32937,5545,200.0,0,0,71.9
1498,mean_dynamic_mobilenetv2,stable,features_16,1775834826629.331,1775834826706.839,77.508,9.001,67.507,26.097,32937,5545,200.0,0,0,77.8
1499,mean_dynamic_mobilenetv2,stable,features_16,1775834826709.840,1775834826819.347,109.506,12.000,96.506,27.549,32937,5545,200.0,0,0,73.2
1500,mean_dynamic_mobilenetv2,stable,features_16,1775834826822.347,1775834826933.857,111.510,13.006,97.504,32.374,32937,5545,200.0,0,0,70.3
1501,mean_dynamic_mobilenetv2,stable,features_16,1775834826936.856,1775834827015.365,78.509,10.001,67.508,22.263,32937,5545,200.0,0,0,72.5
1502,mean_dynamic_mobilenetv2,stable,features_16,1775834827018.365,1775834827119.872,101.507,12.000,87.507,23.026,32937,5545,200.0,0,0,77.9
1503,mean_dynamic_mobilenetv2,stable,features_16,1775834827122.872,1775834827205.379,82.507,10.001,72.506,25.074,32937,5545,200.0,0,0,72.2
1504,mean_dynamic_mobilenetv2,stable,features_16,1775834827208.379,1775834827308.885,100.506,14.000,85.506,24.514,32937,5545,200.0,0,0,71.9
1505,mean_dynamic_mobilenetv2,stable,features_16,1775834827311.886,1775834827394.888,83.002,9.001,73.001,19.580,32937,5545,200.0,0,0,70.9
1506,mean_dynamic_mobilenetv2,stable,features_16,1775834827398.391,1775834827495.397,97.006,14.005,81.002,22.549,32937,5545,200.0,0,0,73.5
1507,mean_dynamic_mobilenetv2,stable,features_16,1775834827498.902,1775834827601.411,102.509,11.001,90.508,21.636,32937,5545,200.0,0,0,69.1
1508,mean_dynamic_mobilenetv2,stable,features_16,1775834827604.412,1775834827698.920,94.508,9.001,84.504,24.292,32937,5545,200.0,0,0,75.0
1509,mean_dynamic_mobilenetv2,stable,features_16,1775834827701.920,1775834827776.920,75.000,11.001,63.999,22.645,32937,5545,200.0,0,0,76.2
1510,mean_dynamic_mobilenetv2,stable,features_16,1775834827780.920,1775834827857.430,76.510,10.008,66.502,23.329,32937,5545,200.0,0,0,73.8
1511,mean_dynamic_mobilenetv2,stable,features_16,1775834827861.430,1775834827933.937,72.507,10.001,62.506,20.424,32937,5545,200.0,0,0,70.0
1512,mean_dynamic_mobilenetv2,stable,features_16,1775834827937.938,1775834828037.446,99.508,13.001,86.507,20.205,32937,5545,200.0,0,0,73.5
1513,mean_dynamic_mobilenetv2,stable,features_16,1775834828041.445,1775834828138.952,97.507,10.001,86.506,25.705,32937,5545,200.0,0,0,74.1
1514,mean_dynamic_mobilenetv2,stable,features_16,1775834828141.953,1775834828244.462,102.509,12.001,89.506,23.023,32937,5545,200.0,0,0,70.2
1515,mean_dynamic_mobilenetv2,stable,features_16,1775834828247.461,1775834828354.968,107.507,13.001,94.506,29.054,32937,5545,200.0,0,0,73.9
1516,mean_dynamic_mobilenetv2,stable,features_16,1775834828357.969,1775834828434.476,76.508,11.003,65.504,22.416,32937,5545,200.0,0,0,70.0
1517,mean_dynamic_mobilenetv2,stable,features_16,1775834828437.476,1775834828534.984,97.508,10.001,85.507,20.970,32937,5545,200.0,0,0,71.4
1518,mean_dynamic_mobilenetv2,stable,features_16,1775834828537.985,1775834828631.493,93.509,10.001,82.507,24.694,32937,5545,200.0,0,0,77.8
1519,mean_dynamic_mobilenetv2,stable,features_16,1775834828634.493,1775834828788.003,153.509,12.000,140.509,74.396,32937,5545,200.0,0,0,77.0
1520,mean_dynamic_mobilenetv2,stable,features_16,1775834828791.003,1775834828868.510,77.507,10.507,63.997,22.681,32937,5545,200.0,0,0,73.9
1521,mean_dynamic_mobilenetv2,stable,features_16,1775834828871.510,1775834828967.021,95.511,13.008,81.502,21.271,32937,5545,200.0,0,0,68.0
1522,mean_dynamic_mobilenetv2,stable,features_16,1775834828971.022,1775834829059.531,88.509,10.001,77.510,23.426,32937,5545,200.0,0,0,83.5
1523,mean_dynamic_mobilenetv2,stable,features_16,1775834829063.530,1775834829165.042,101.512,21.018,80.494,19.501,32937,5545,200.0,0,0,71.2
1524,mean_dynamic_mobilenetv2,stable,features_16,1775834829169.042,1775834829260.551,91.509,9.002,82.507,23.040,32937,5545,200.0,0,0,79.8
1525,mean_dynamic_mobilenetv2,stable,features_16,1775834829263.551,1775834829360.061,96.510,8.001,86.510,26.811,32937,5545,200.0,0,0,70.4
1526,mean_dynamic_mobilenetv2,stable,features_16,1775834829363.059,1775834829444.567,81.508,10.001,69.508,25.688,32937,5545,200.0,0,0,71.2
1527,mean_dynamic_mobilenetv2,stable,features_16,1775834829447.568,1775834829543.075,95.507,9.000,84.507,21.987,32937,5545,200.0,0,0,74.6
1528,mean_dynamic_mobilenetv2,stable,features_16,1775834829546.075,1775834829627.583,81.508,13.001,68.507,24.214,32937,5545,200.0,0,0,75.9
1529,mean_dynamic_mobilenetv2,stable,features_16,1775834829630.583,1775834829708.093,77.510,11.001,65.508,24.086,32937,5545,200.0,0,0,76.5
1530,mean_dynamic_mobilenetv2,stable,features_16,1775834829711.092,1775834829786.095,75.002,8.002,66.002,24.823,32937,5545,200.0,0,0,85.4
1531,mean_dynamic_mobilenetv2,stable,features_16,1775834829790.095,1775834829872.603,82.508,8.504,73.003,26.797,32937,5545,200.0,0,0,69.8
1532,mean_dynamic_mobilenetv2,stable,features_16,1775834829875.603,1775834829960.117,84.514,9.010,73.504,27.160,32937,5545,200.0,0,0,71.6
1533,mean_dynamic_mobilenetv2,stable,features_16,1775834829963.116,1775834830044.625,81.509,9.001,71.508,27.749,32937,5545,200.0,0,0,77.1
1534,mean_dynamic_mobilenetv2,stable,features_16,1775834830047.625,1775834830128.132,80.507,10.001,68.506,22.331,32937,5545,200.0,0,0,69.1
1535,mean_dynamic_mobilenetv2,stable,features_16,1775834830131.133,1775834830228.639,97.506,13.000,83.506,22.629,32937,5545,200.0,0,0,71.4
1536,mean_dynamic_mobilenetv2,stable,features_16,1775834830231.640,1775834830311.146,79.507,10.003,68.503,25.489,32937,5545,200.0,0,0,72.5
1537,mean_dynamic_mobilenetv2,stable,features_16,1775834830314.147,1775834830412.656,98.509,8.000,88.508,24.326,32937,5545,200.0,0,0,69.1
1538,mean_dynamic_mobilenetv2,stable,features_16,1775834830415.662,1775834830495.657,79.996,8.996,69.000,26.151,32937,5545,200.0,0,0,72.6
1539,mean_dynamic_mobilenetv2,stable,features_16,1775834830498.160,1775834830597.166,99.005,15.004,84.002,23.860,32937,5545,200.0,0,0,69.1
1540,mean_dynamic_mobilenetv2,stable,features_16,1775834830600.671,1775834830691.674,91.003,9.001,80.002,25.699,32937,5545,200.0,0,0,69.8
1541,mean_dynamic_mobilenetv2,stable,features_16,1775834830694.674,1775834830791.189,96.515,11.515,83.002,18.507,32937,5545,200.0,0,0,77.0
1542,mean_dynamic_mobilenetv2,stable,features_16,1775834830795.190,1775834830887.702,92.513,10.511,82.001,22.680,32937,5545,200.0,0,0,71.9
1543,mean_dynamic_mobilenetv2,stable,features_16,1775834830891.703,1775834830966.209,74.506,8.508,64.999,24.883,32937,5545,200.0,0,0,72.8
1544,mean_dynamic_mobilenetv2,stable,features_16,1775834830969.209,1775834831057.717,88.508,11.001,77.507,23.646,32937,5545,200.0,0,0,77.1
1545,mean_dynamic_mobilenetv2,stable,features_16,1775834831060.718,1775834831153.225,92.507,10.003,82.504,25.021,32937,5545,200.0,0,0,72.9
1546,mean_dynamic_mobilenetv2,stable,features_16,1775834831157.225,1775834831234.737,77.512,9.004,67.504,23.206,32937,5545,200.0,0,0,70.9
1547,mean_dynamic_mobilenetv2,stable,features_16,1775834831237.732,1775834831311.241,73.509,12.002,61.507,20.189,32937,5545,200.0,0,0,69.1
1548,mean_dynamic_mobilenetv2,stable,features_16,1775834831314.242,1775834831413.750,99.509,11.001,86.507,20.867,32937,5545,200.0,0,0,69.8
1549,mean_dynamic_mobilenetv2,stable,features_16,1775834831416.751,1775834831498.255,81.504,12.000,68.001,23.213,32937,5545,200.0,0,0,74.5
1550,mean_dynamic_mobilenetv2,stable,features_16,1775834831501.259,1775834831600.361,99.102,10.001,89.101,22.012,32937,5545,200.0,0,0,69.4
1551,mean_dynamic_mobilenetv2,stable,features_16,1775834831603.361,1775834831695.364,92.003,11.002,78.999,22.576,32937,5545,200.0,0,0,72.9
1552,mean_dynamic_mobilenetv2,stable,features_16,1775834831698.866,1775834831777.869,79.003,13.004,64.999,24.369,32937,5545,200.0,0,0,77.1
1553,mean_dynamic_mobilenetv2,stable,features_16,1775834831780.870,1775834831886.382,105.512,10.006,93.507,25.721,32937,5545,200.0,0,0,71.2
1554,mean_dynamic_mobilenetv2,stable,features_16,1775834831889.382,1775834831967.889,78.507,10.508,67.999,22.396,32937,5545,200.0,0,0,70.0
1555,mean_dynamic_mobilenetv2,stable,features_16,1775834831970.890,1775834832049.403,78.513,10.002,66.510,22.647,32937,5545,200.0,0,0,70.2
1556,mean_dynamic_mobilenetv2,stable,features_16,1775834832052.403,1775834832149.911,97.509,11.002,85.508,26.650,32937,5545,200.0,0,0,76.8
1557,mean_dynamic_mobilenetv2,stable,features_16,1775834832152.914,1775834832229.419,76.506,10.999,64.507,20.699,32937,5545,200.0,0,0,72.5
1558,mean_dynamic_mobilenetv2,stable,features_16,1775834832232.422,1775834832337.927,105.506,11.000,94.506,24.325,32937,5545,200.0,0,0,69.0
1559,mean_dynamic_mobilenetv2,stable,features_16,1775834832340.927,1775834832422.435,81.507,10.000,71.507,23.118,32937,5545,200.0,0,0,70.9
1560,mean_dynamic_mobilenetv2,stable,features_16,1775834832426.435,1775834832504.942,78.507,12.001,65.506,21.535,32937,5545,200.0,0,0,70.7
1561,mean_dynamic_mobilenetv2,stable,features_16,1775834832507.943,1775834832583.958,76.015,10.000,65.012,23.286,32937,5545,200.0,0,0,70.0
1562,mean_dynamic_mobilenetv2,stable,features_16,1775834832586.959,1775834832661.470,74.511,9.002,63.509,22.278,32937,5545,200.0,0,0,70.0
1563,mean_dynamic_mobilenetv2,stable,features_16,1775834832665.470,1775834832746.979,81.509,13.000,68.509,24.224,32937,5545,200.0,0,0,77.3
1564,mean_dynamic_mobilenetv2,stable,features_16,1775834832750.980,1775834832835.489,84.509,15.000,67.509,21.913,32937,5545,200.0,0,0,74.1
1565,mean_dynamic_mobilenetv2,stable,features_16,1775834832838.489,1775834832934.996,96.508,10.001,85.506,22.388,32937,5545,200.0,0,0,71.4
1566,mean_dynamic_mobilenetv2,stable,features_16,1775834832937.998,1775834833013.505,75.507,9.999,65.508,23.960,32937,5545,200.0,0,0,72.5
1567,mean_dynamic_mobilenetv2,stable,features_16,1775834833016.506,1775834833110.012,93.507,10.000,82.507,23.945,32937,5545,200.0,0,0,70.8
1568,mean_dynamic_mobilenetv2,stable,features_16,1775834833113.012,1775834833220.521,107.508,11.001,95.507,25.291,32937,5545,200.0,0,0,78.6
1569,mean_dynamic_mobilenetv2,stable,features_16,1775834833223.521,1775834833297.523,74.002,10.001,63.001,20.956,32937,5545,200.0,0,0,75.9
1570,mean_dynamic_mobilenetv2,stable,features_16,1775834833301.029,1775834833403.536,102.507,11.000,90.506,26.186,32937,5545,200.0,0,0,73.2
1571,mean_dynamic_mobilenetv2,stable,features_16,1775834833406.536,1775834833491.539,85.003,11.001,74.002,25.548,32937,5545,200.0,0,0,70.4
1572,mean_dynamic_mobilenetv2,stable,features_16,1775834833494.539,1775834833580.047,85.508,8.510,76.999,29.380,32937,5545,200.0,0,0,71.6
1573,mean_dynamic_mobilenetv2,stable,features_16,1775834833583.050,1775834833684.562,101.512,10.005,91.508,27.021,32937,5545,200.0,0,0,70.8
1574,mean_dynamic_mobilenetv2,stable,features_16,1775834833688.562,1775834833790.071,101.509,14.509,87.000,23.818,32937,5545,200.0,0,0,75.7
1575,mean_dynamic_mobilenetv2,stable,features_16,1775834833793.072,1775834833872.582,79.510,9.512,69.998,24.476,32937,5545,200.0,0,0,71.6
1576,mean_dynamic_mobilenetv2,stable,features_16,1775834833875.583,1775834833986.095,110.512,12.005,97.506,33.500,32937,5545,200.0,0,0,73.6
1577,mean_dynamic_mobilenetv2,stable,features_16,1775834833990.095,1775834834094.611,104.516,12.514,92.001,28.510,32937,5545,200.0,0,0,73.5
1578,mean_dynamic_mobilenetv2,stable,features_16,1775834834098.611,1775834834194.122,95.511,9.509,85.003,24.772,32937,5545,200.0,0,0,70.8
1579,mean_dynamic_mobilenetv2,stable,features_16,1775834834197.122,1775834834295.632,98.510,10.509,86.001,26.789,32937,5545,200.0,0,0,72.3
1580,mean_dynamic_mobilenetv2,stable,features_16,1775834834299.144,1775834834377.148,78.004,11.007,65.993,19.720,32937,5545,200.0,0,0,77.5
1581,mean_dynamic_mobilenetv2,stable,features_16,1775834834380.147,1775834834517.172,137.025,16.010,120.014,25.919,32937,5545,200.0,0,0,81.4
1582,mean_dynamic_mobilenetv2,stable,features_16,1775834834521.173,1775834834608.680,87.508,13.000,73.509,25.427,32937,5545,200.0,0,0,71.9
1583,mean_dynamic_mobilenetv2,stable,features_16,1775834834611.681,1775834834688.685,77.004,10.000,65.003,22.690,32937,5545,200.0,0,0,70.0
1584,mean_dynamic_mobilenetv2,stable,features_16,1775834834691.685,1775834834796.195,104.510,13.510,90.000,23.167,32937,5545,200.0,0,0,78.6
1585,mean_dynamic_mobilenetv2,stable,features_16,1775834834799.700,1775834834879.700,80.000,10.005,69.995,25.080,32937,5545,200.0,0,0,70.0
1586,mean_dynamic_mobilenetv2,stable,features_16,1775834834882.700,1775834834984.419,101.719,11.005,90.713,26.857,32937,5545,200.0,0,0,80.0
1587,mean_dynamic_mobilenetv2,stable,features_16,1775834834987.419,1775834835063.935,76.516,10.002,66.513,22.327,32937,5545,200.0,0,0,72.5
1588,mean_dynamic_mobilenetv2,stable,features_16,1775834835066.935,1775834835143.442,76.507,11.003,65.505,23.758,32937,5545,200.0,0,0,77.5
1589,mean_dynamic_mobilenetv2,stable,features_16,1775834835146.443,1775834835223.950,77.507,11.000,66.506,20.964,32937,5545,200.0,0,0,74.1
1590,mean_dynamic_mobilenetv2,stable,features_16,1775834835226.950,1775834835324.459,97.509,9.000,86.506,23.604,32937,5545,200.0,0,0,70.3
1591,mean_dynamic_mobilenetv2,stable,features_16,1775834835327.457,1775834835430.965,103.508,13.006,89.501,25.458,32937,5545,200.0,0,0,72.1
1592,mean_dynamic_mobilenetv2,stable,features_16,1775834835433.966,1775834835523.472,89.506,11.000,78.506,25.306,32937,5545,200.0,0,0,69.5
1593,mean_dynamic_mobilenetv2,stable,features_16,1775834835526.473,1775834835609.980,83.507,10.000,73.507,19.843,32937,5545,200.0,0,0,69.8
1594,mean_dynamic_mobilenetv2,stable,features_16,1775834835613.980,1775834835693.983,80.003,13.000,67.003,24.735,32937,5545,200.0,0,0,72.5
1595,mean_dynamic_mobilenetv2,stable,features_16,1775834835696.983,1775834835777.497,80.514,9.514,69.999,25.084,32937,5545,200.0,0,0,76.0
1596,mean_dynamic_mobilenetv2,stable,features_16,1775834835780.498,1775834835879.009,98.511,11.006,87.505,23.838,32937,5545,200.0,0,0,70.8
1597,mean_dynamic_mobilenetv2,stable,features_16,1775834835882.010,1775834835956.521,74.511,10.006,62.504,20.704,32937,5545,200.0,0,0,70.0
1598,mean_dynamic_mobilenetv2,stable,features_16,1775834835960.521,1775834836034.029,73.508,11.003,62.505,19.097,32937,5545,200.0,0,0,72.5
1599,mean_dynamic_mobilenetv2,stable,features_16,1775834836038.030,1775834836142.538,104.509,12.000,92.508,24.735,32937,5545,200.0,0,0,71.4
1600,mean_dynamic_mobilenetv2,stable,features_16,1775834836145.538,1775834836225.045,79.508,10.003,68.505,24.803,32937,5545,200.0,0,0,71.2
1601,mean_dynamic_mobilenetv2,stable,features_16,1775834836228.046,1775834836326.555,98.509,15.001,82.508,22.630,32937,5545,200.0,0,0,70.5
1602,mean_dynamic_mobilenetv2,stable,features_16,1775834836329.555,1775834836407.063,77.508,9.001,68.506,23.629,32937,5545,200.0,0,0,71.2
1603,mean_dynamic_mobilenetv2,stable,features_16,1775834836410.063,1775834836511.571,101.508,9.001,91.506,22.342,32937,5545,200.0,0,0,76.1
1604,mean_dynamic_mobilenetv2,stable,features_16,1775834836514.572,1775834836606.078,91.507,11.002,78.504,23.895,32937,5545,200.0,0,0,70.8
1605,mean_dynamic_mobilenetv2,stable,features_16,1775834836609.078,1775834836714.587,105.509,14.001,90.507,25.781,32937,5545,200.0,0,0,73.5
1606,mean_dynamic_mobilenetv2,stable,features_16,1775834836718.587,1775834836793.590,75.003,10.001,65.001,22.402,32937,5545,200.0,0,0,78.8
1607,mean_dynamic_mobilenetv2,stable,features_16,1775834836796.590,1775834836870.099,73.510,10.513,60.996,18.468,32937,5545,200.0,0,0,71.2
1608,mean_dynamic_mobilenetv2,stable,features_16,1775834836873.100,1775834836946.608,73.508,9.000,64.508,23.475,32937,5545,200.0,0,0,70.9
1609,mean_dynamic_mobilenetv2,stable,features_16,1775834836949.609,1775834837035.115,85.506,10.001,75.505,29.956,32937,5545,200.0,0,0,72.8
1610,mean_dynamic_mobilenetv2,stable,features_16,1775834837038.115,1775834837122.637,84.522,10.001,73.519,29.516,32937,5545,200.0,0,0,85.6
1611,mean_dynamic_mobilenetv2,stable,features_16,1775834837126.635,1775834837205.141,78.506,14.000,62.508,19.316,32937,5545,200.0,0,0,71.2
1612,mean_dynamic_mobilenetv2,stable,features_16,1775834837209.142,1775834837310.653,101.511,13.001,87.511,20.327,32937,5545,200.0,0,0,71.4
1613,mean_dynamic_mobilenetv2,stable,features_16,1775834837313.654,1775834837408.160,94.506,9.000,85.506,24.335,32937,5545,200.0,0,0,71.9
1614,mean_dynamic_mobilenetv2,stable,features_16,1775834837411.160,1775834837490.163,79.002,10.001,68.001,24.039,32937,5545,200.0,0,0,70.0
1615,mean_dynamic_mobilenetv2,stable,features_16,1775834837493.163,1775834837567.669,74.506,9.507,64.000,22.644,32937,5545,200.0,0,0,70.0
1616,mean_dynamic_mobilenetv2,stable,features_16,1775834837569.670,1775834837673.177,103.507,11.001,91.506,23.365,32937,5545,200.0,0,0,71.4
1617,mean_dynamic_mobilenetv2,stable,features_16,1775834837676.177,1775834837756.687,80.509,12.003,67.505,22.337,32937,5545,200.0,0,0,76.2
1618,mean_dynamic_mobilenetv2,stable,features_16,1775834837759.688,1775834837845.195,85.507,11.001,72.507,27.085,32937,5545,200.0,0,0,76.0
1619,mean_dynamic_mobilenetv2,stable,features_16,1775834837848.195,1775834837946.703,98.508,12.000,86.508,22.889,32937,5545,200.0,0,0,73.0
1620,mean_dynamic_mobilenetv2,stable,features_16,1775834837949.703,1775834838023.211,73.508,9.001,64.506,20.126,32937,5545,200.0,0,0,68.2
1621,mean_dynamic_mobilenetv2,stable,features_16,1775834838026.211,1775834838121.720,95.509,11.003,84.506,23.014,32937,5545,200.0,0,0,70.3
1622,mean_dynamic_mobilenetv2,stable,features_16,1775834838125.720,1775834838228.228,102.508,10.001,92.506,24.001,32937,5545,200.0,0,0,68.8
1623,mean_dynamic_mobilenetv2,stable,features_16,1775834838232.228,1775834838313.736,81.508,9.001,70.507,22.908,32937,5545,200.0,0,0,72.5
1624,mean_dynamic_mobilenetv2,stable,features_16,1775834838316.737,1775834838414.246,97.509,10.001,87.508,24.658,32937,5545,200.0,0,0,71.2
1625,mean_dynamic_mobilenetv2,stable,features_16,1775834838417.246,1775834838496.249,79.002,10.001,67.001,25.262,32937,5545,200.0,0,0,67.4
1626,mean_dynamic_mobilenetv2,stable,features_16,1775834838499.249,1775834838579.755,80.506,14.508,64.999,22.110,32937,5545,200.0,0,0,75.0
1627,mean_dynamic_mobilenetv2,stable,features_16,1775834838582.756,1775834838678.265,95.509,9.004,86.505,23.918,32937,5545,200.0,0,0,71.9
1628,mean_dynamic_mobilenetv2,stable,features_16,1775834838682.266,1775834838764.741,82.476,12.007,70.469,22.315,32937,5545,200.0,0,0,78.1
1629,mean_dynamic_mobilenetv2,stable,features_16,1775834838767.741,1775834838842.250,74.508,10.001,63.507,19.883,32937,5545,200.0,0,0,73.1
1630,mean_dynamic_mobilenetv2,stable,features_16,1775834838845.250,1775834838947.758,102.508,13.001,89.507,26.906,32937,5545,200.0,0,0,69.9
1631,mean_dynamic_mobilenetv2,stable,features_16,1775834838950.759,1775834839058.267,107.508,11.001,95.505,29.984,32937,5545,200.0,0,0,73.0
1632,mean_dynamic_mobilenetv2,stable,features_16,1775834839062.267,1775834839158.775,96.508,13.002,82.506,21.274,32937,5545,200.0,0,0,70.4
1633,mean_dynamic_mobilenetv2,stable,features_16,1775834839162.776,1775834839254.286,91.511,12.000,79.511,22.561,32937,5545,200.0,0,0,69.8
1634,mean_dynamic_mobilenetv2,stable,features_16,1775834839257.283,1775834839334.792,77.508,11.001,66.508,22.731,32937,5545,200.0,0,0,71.2
1635,mean_dynamic_mobilenetv2,stable,features_16,1775834839337.791,1775834839441.299,103.508,11.001,92.507,27.129,32937,5545,200.0,0,0,69.6
1636,mean_dynamic_mobilenetv2,stable,features_16,1775834839445.299,1775834839544.807,99.508,10.001,89.507,21.829,32937,5545,200.0,0,0,69.6
1637,mean_dynamic_mobilenetv2,stable,features_16,1775834839548.807,1775834839626.316,77.509,10.001,66.507,23.219,32937,5545,200.0,0,0,70.0
1638,mean_dynamic_mobilenetv2,stable,features_16,1775834839629.316,1775834839706.826,77.510,10.002,65.506,21.144,32937,5545,200.0,0,0,73.8
1639,mean_dynamic_mobilenetv2,stable,features_16,1775834839709.826,1775834839786.829,77.003,10.001,66.001,21.979,32937,5545,200.0,0,0,73.8
1640,mean_dynamic_mobilenetv2,stable,features_16,1775834839789.829,1775834839892.345,102.516,12.511,89.005,27.005,32937,5545,200.0,0,0,73.7
1641,mean_dynamic_mobilenetv2,stable,features_16,1775834839895.344,1775834839981.852,86.508,9.510,75.999,29.263,32937,5545,200.0,0,0,78.0
1642,mean_dynamic_mobilenetv2,stable,features_16,1775834839984.855,1775834840064.367,79.512,9.001,68.504,25.635,32937,5545,200.0,0,0,78.8
1643,mean_dynamic_mobilenetv2,stable,features_16,1775834840067.361,1775834840146.873,79.512,14.001,65.511,21.324,32937,5545,200.0,0,0,74.1
1644,mean_dynamic_mobilenetv2,stable,features_16,1775834840149.874,1775834840271.382,121.509,9.001,111.508,19.670,32937,5545,200.0,0,0,70.5
1645,mean_dynamic_mobilenetv2,stable,features_16,1775834840275.385,1775834840370.893,95.509,9.000,86.509,23.970,32937,5545,200.0,0,0,72.1
1646,mean_dynamic_mobilenetv2,stable,features_16,1775834840373.893,1775834840461.403,87.510,10.001,76.508,28.448,32937,5545,200.0,0,0,71.3
1647,mean_dynamic_mobilenetv2,stable,features_16,1775834840465.403,1775834840551.911,86.508,11.001,75.508,23.310,32937,5545,200.0,0,0,71.1
1648,mean_dynamic_mobilenetv2,stable,features_16,1775834840554.911,1775834840631.417,76.507,10.000,65.506,19.293,32937,5545,200.0,0,0,71.2
1649,mean_dynamic_mobilenetv2,stable,features_16,1775834840634.418,1775834840725.926,91.508,10.001,81.507,24.086,32937,5545,200.0,0,0,76.0
1650,mean_dynamic_mobilenetv2,stable,features_16,1775834840728.926,1775834840839.435,110.509,12.000,97.509,28.940,32937,5545,200.0,0,0,74.8
1651,mean_dynamic_mobilenetv2,stable,features_16,1775834840842.435,1775834840919.943,77.508,11.001,66.507,23.120,32937,5545,200.0,0,0,71.2
1652,mean_dynamic_mobilenetv2,stable,features_16,1775834840922.944,1775834841015.453,92.508,9.000,82.509,20.457,32937,5545,200.0,0,0,72.7
1653,mean_dynamic_mobilenetv2,stable,features_16,1775834841018.452,1775834841099.455,81.003,10.003,69.000,25.386,32937,5545,200.0,0,0,70.0
1654,mean_dynamic_mobilenetv2,stable,features_16,1775834841102.961,1775834841185.963,83.002,14.000,68.002,22.443,32937,5545,200.0,0,0,70.8
1655,mean_dynamic_mobilenetv2,stable,features_16,1775834841188.963,1775834841267.470,78.507,10.504,65.999,22.915,32937,5545,200.0,0,0,70.0
1656,mean_dynamic_mobilenetv2,stable,features_16,1775834841270.471,1775834841364.979,94.507,11.000,83.508,26.115,32937,5545,200.0,0,0,70.8
1657,mean_dynamic_mobilenetv2,stable,features_16,1775834841367.979,1775834841439.487,71.508,9.001,62.507,20.092,32937,5545,200.0,0,0,71.2
1658,mean_dynamic_mobilenetv2,stable,features_16,1775834841442.487,1775834841535.995,93.508,10.002,83.506,30.602,32937,5545,200.0,0,0,69.8
1659,mean_dynamic_mobilenetv2,stable,features_16,1775834841538.996,1775834841639.502,100.506,11.000,89.506,22.191,32937,5545,200.0,0,0,69.6
1660,mean_dynamic_mobilenetv2,stable,features_16,1775834841642.503,1775834841723.011,80.509,9.003,69.507,25.317,32937,5545,200.0,0,0,72.5
1661,mean_dynamic_mobilenetv2,stable,features_16,1775834841726.012,1775834841806.521,80.509,14.001,66.508,24.380,32937,5545,200.0,0,0,75.3
1662,mean_dynamic_mobilenetv2,stable,features_16,1775834841809.521,1775834841904.027,94.506,9.000,85.506,22.844,32937,5545,200.0,0,0,66.7
1663,mean_dynamic_mobilenetv2,stable,features_16,1775834841907.027,1775834842001.535,94.507,10.003,82.505,24.381,32937,5545,200.0,0,0,70.8
1664,mean_dynamic_mobilenetv2,stable,features_16,1775834842003.535,1775834842084.535,81.000,10.003,69.997,23.772,32937,5545,200.0,0,0,75.3
1665,mean_dynamic_mobilenetv2,stable,features_16,1775834842088.538,1775834842159.043,70.506,9.001,60.505,19.564,32937,5545,200.0,0,0,81.2
1666,mean_dynamic_mobilenetv2,stable,features_16,1775834842162.044,1775834842241.551,79.508,10.000,67.507,23.761,32937,5545,200.0,0,0,80.7
1667,mean_dynamic_mobilenetv2,stable,features_16,1775834842244.552,1775834842343.059,98.507,15.001,80.507,23.073,32937,5545,200.0,0,0,80.5
1668,mean_dynamic_mobilenetv2,stable,features_16,1775834842346.060,1775834842451.567,105.508,12.000,93.508,24.515,32937,5545,200.0,0,0,75.9
1669,mean_dynamic_mobilenetv2,stable,features_16,1775834842454.567,1775834842525.076,70.509,10.001,60.508,17.078,32937,5545,200.0,0,0,75.6
1670,mean_dynamic_mobilenetv2,stable,features_16,1775834842529.077,1775834842619.602,90.526,9.509,81.017,25.059,32937,5545,200.0,0,0,68.4
1671,mean_dynamic_mobilenetv2,stable,features_16,1775834842622.603,1775834842711.110,88.508,10.002,77.503,24.663,32937,5545,200.0,0,0,74.1
1672,mean_dynamic_mobilenetv2,stable,features_16,1775834842714.110,1775834842790.113,76.002,11.001,65.001,19.726,32937,5545,200.0,0,0,73.9
1673,mean_dynamic_mobilenetv2,stable,features_16,1775834842793.114,1775834842876.626,83.512,11.515,70.997,25.693,32937,5545,200.0,0,0,71.2
1674,mean_dynamic_mobilenetv2,stable,features_16,1775834842879.626,1775834842971.136,91.510,9.005,80.505,22.643,32937,5545,200.0,0,0,70.1
1675,mean_dynamic_mobilenetv2,stable,features_16,1775834842974.136,1775834843078.645,104.509,12.004,92.505,24.385,32937,5545,200.0,0,0,70.5
1676,mean_dynamic_mobilenetv2,stable,features_16,1775834843081.645,1775834843169.155,87.510,9.008,78.502,19.723,32937,5545,200.0,0,0,69.8
1677,mean_dynamic_mobilenetv2,stable,features_16,1775834843173.155,1775834843267.664,94.509,11.001,82.505,24.708,32937,5545,200.0,0,0,70.8
1678,mean_dynamic_mobilenetv2,stable,features_16,1775834843270.664,1775834843374.172,103.508,11.001,91.507,21.982,32937,5545,200.0,0,0,69.6
1679,mean_dynamic_mobilenetv2,stable,features_16,1775834843377.172,1775834843465.681,88.509,10.005,78.504,24.390,32937,5545,200.0,0,0,70.8
1680,mean_dynamic_mobilenetv2,stable,features_16,1775834843468.681,1775834843560.189,91.508,10.003,81.504,22.804,32937,5545,200.0,0,0,76.3
1681,mean_dynamic_mobilenetv2,stable,features_16,1775834843563.189,1775834843652.697,89.508,19.000,68.508,24.297,32937,5545,200.0,0,0,81.6
1682,mean_dynamic_mobilenetv2,stable,features_16,1775834843655.698,1775834843735.206,79.508,12.000,66.508,20.812,32937,5545,200.0,0,0,86.2
1683,mean_dynamic_mobilenetv2,stable,features_16,1775834843738.206,1775834843813.714,75.508,11.001,63.506,21.391,32937,5545,200.0,0,0,79.7
1684,mean_dynamic_mobilenetv2,stable,features_16,1775834843816.714,1775834843891.717,75.003,10.002,62.999,20.527,32937,5545,200.0,0,0,72.5
1685,mean_dynamic_mobilenetv2,stable,features_16,1775834843894.717,1775834843991.226,96.509,9.508,87.001,21.324,32937,5545,200.0,0,0,69.4
1686,mean_dynamic_mobilenetv2,stable,features_16,1775834843995.227,1775834844097.738,102.511,8.511,94.000,24.035,32937,5545,200.0,0,0,70.5
1687,mean_dynamic_mobilenetv2,stable,features_16,1775834844101.244,1775834844197.247,96.003,9.000,86.002,24.795,32937,5545,200.0,0,0,72.6
1688,mean_dynamic_mobilenetv2,stable,features_16,1775834844200.753,1775834844300.257,99.505,9.001,88.002,20.869,32937,5545,200.0,0,0,74.0
1689,mean_dynamic_mobilenetv2,stable,features_16,1775834844303.261,1775834844404.769,101.508,12.000,89.508,23.708,32937,5545,200.0,0,0,71.4
1690,mean_dynamic_mobilenetv2,stable,features_16,1775834844407.771,1775834844484.769,76.998,11.003,65.995,24.146,32937,5545,200.0,0,0,70.0
1691,mean_dynamic_mobilenetv2,stable,features_16,1775834844487.771,1775834844583.283,95.512,11.003,83.509,26.552,32937,5545,200.0,0,0,69.8
1692,mean_dynamic_mobilenetv2,stable,features_16,1775834844586.291,1775834844685.795,99.505,10.997,86.505,20.637,32937,5545,200.0,0,0,70.5
1693,mean_dynamic_mobilenetv2,stable,features_16,1775834844688.797,1775834844767.303,78.506,12.508,63.999,21.351,32937,5545,200.0,0,0,82.5
1694,mean_dynamic_mobilenetv2,stable,features_16,1775834844770.303,1775834844847.812,77.509,10.001,67.508,23.307,32937,5545,200.0,0,0,73.8
1695,mean_dynamic_mobilenetv2,stable,features_16,1775834844850.815,1775834844955.321,104.506,11.000,92.507,27.193,32937,5545,200.0,0,0,73.2
1696,mean_dynamic_mobilenetv2,stable,features_16,1775834844958.321,1775834845044.829,86.508,13.003,71.505,28.195,32937,5545,200.0,0,0,77.3
1697,mean_dynamic_mobilenetv2,stable,features_16,1775834845047.830,1775834845120.338,72.508,10.000,61.507,20.092,32937,5545,200.0,0,0,71.8
1698,mean_dynamic_mobilenetv2,stable,features_16,1775834845123.337,1775834845194.340,71.002,10.001,61.001,19.244,32937,5545,200.0,0,0,71.2
1699,mean_dynamic_mobilenetv2,stable,features_16,1775834845198.340,1775834845290.851,92.511,9.509,82.002,26.519,32937,5545,200.0,0,0,71.2
1700,mean_dynamic_mobilenetv2,stable,features_16,1775834845293.857,1775834845374.358,80.501,9.502,70.999,25.262,32937,5545,200.0,0,0,70.9
1701,mean_dynamic_mobilenetv2,stable,features_16,1775834845377.359,1775834845451.868,74.509,9.005,65.504,21.405,32937,5545,200.0,0,0,72.5
1702,mean_dynamic_mobilenetv2,stable,features_16,1775834845454.868,1775834845554.378,99.511,11.002,87.507,25.024,32937,5545,200.0,0,0,70.0
1703,mean_dynamic_mobilenetv2,stable,features_16,1775834845557.376,1775834845639.885,82.510,12.001,69.509,17.977,32937,5545,200.0,0,0,72.3
1704,mean_dynamic_mobilenetv2,stable,features_16,1775834845642.885,1775834845724.393,81.508,15.000,66.508,22.966,32937,5545,200.0,0,0,74.4
1705,mean_dynamic_mobilenetv2,stable,features_16,1775834845727.394,1775834845810.900,83.507,15.000,68.506,22.653,32937,5545,200.0,0,0,76.8
1706,mean_dynamic_mobilenetv2,stable,features_16,1775834845814.902,1775834845893.903,79.001,8.000,71.001,22.159,32937,5545,200.0,0,0,69.5
1707,mean_dynamic_mobilenetv2,stable,features_16,1775834845896.903,1775834846029.921,133.018,9.511,122.507,27.588,32937,5545,200.0,0,0,70.1
1708,mean_dynamic_mobilenetv2,stable,features_16,1775834846032.921,1775834846111.429,78.508,9.001,68.506,20.822,32937,5545,200.0,0,0,70.0
1709,mean_dynamic_mobilenetv2,stable,features_16,1775834846114.431,1775834846200.953,86.522,8.999,74.008,26.141,32937,5545,200.0,0,0,80.6
1710,mean_dynamic_mobilenetv2,stable,features_16,1775834846205.952,1775834846317.458,111.506,19.998,91.507,24.452,32937,5545,200.0,0,0,73.3
1711,mean_dynamic_mobilenetv2,stable,features_16,1775834846320.458,1775834846391.460,71.002,11.000,60.002,17.458,32937,5545,200.0,0,0,73.8
1712,mean_dynamic_mobilenetv2,stable,features_16,1775834846394.460,1775834846471.968,77.507,9.508,67.999,24.201,32937,5545,200.0,0,0,71.2
1713,mean_dynamic_mobilenetv2,stable,features_16,1775834846475.968,1775834846558.477,82.509,10.005,70.504,23.821,32937,5545,200.0,0,0,73.4
1714,mean_dynamic_mobilenetv2,stable,features_16,1775834846561.480,1775834846639.983,78.503,9.999,67.504,24.173,32937,5545,200.0,0,0,70.7
1715,mean_dynamic_mobilenetv2,stable,features_16,1775834846643.984,1775834846716.493,72.510,9.001,62.509,19.346,32937,5545,200.0,0,0,79.0
1716,mean_dynamic_mobilenetv2,stable,features_16,1775834846719.493,1775834846794.496,75.003,12.001,61.002,18.529,32937,5545,200.0,0,0,75.0
1717,mean_dynamic_mobilenetv2,stable,features_16,1775834846797.496,1775834846876.003,78.507,11.508,66.999,21.361,32937,5545,200.0,0,0,70.9
1718,mean_dynamic_mobilenetv2,stable,features_16,1775834846879.003,1775834846960.513,81.510,11.008,69.502,24.461,32937,5545,200.0,0,0,69.1
1719,mean_dynamic_mobilenetv2,stable,features_16,1775834846963.514,1775834847038.022,74.508,9.000,64.508,21.083,32937,5545,200.0,0,0,70.0
1720,mean_dynamic_mobilenetv2,stable,features_16,1775834847041.022,1775834847120.532,79.509,10.001,69.508,25.430,32937,5545,200.0,0,0,69.8
1721,mean_dynamic_mobilenetv2,stable,features_16,1775834847124.532,1775834847200.037,75.505,9.001,65.505,21.447,32937,5545,200.0,0,0,70.0
1722,mean_dynamic_mobilenetv2,stable,features_16,1775834847204.041,1775834847295.042,91.002,11.000,80.002,24.815,32937,5545,200.0,0,0,70.8
1723,mean_dynamic_mobilenetv2,stable,features_16,1775834847299.042,1775834847377.552,78.509,9.512,66.998,20.771,32937,5545,200.0,0,0,73.4
1724,mean_dynamic_mobilenetv2,stable,features_16,1775834847380.551,1775834847483.062,102.511,14.006,87.504,24.658,32937,5545,200.0,0,0,75.7
1725,mean_dynamic_mobilenetv2,stable,features_16,1775834847486.065,1775834847573.570,87.505,11.001,74.504,21.474,32937,5545,200.0,0,0,78.8
1726,mean_dynamic_mobilenetv2,stable,features_16,1775834847576.571,1775834847665.080,88.509,9.005,79.504,21.923,32937,5545,200.0,0,0,71.6
1727,mean_dynamic_mobilenetv2,stable,features_16,1775834847668.080,1775834847746.592,78.512,10.002,68.510,22.921,32937,5545,200.0,0,0,76.2
1728,mean_dynamic_mobilenetv2,stable,features_16,1775834847749.590,1775834847840.097,90.507,10.001,80.506,25.111,32937,5545,200.0,0,0,71.6
1729,mean_dynamic_mobilenetv2,stable,features_16,1775834847843.097,1775834847942.605,99.507,10.001,89.506,21.584,32937,5545,200.0,0,0,69.1
1730,mean_dynamic_mobilenetv2,stable,features_16,1775834847945.608,1775834848023.113,77.505,12.000,63.506,22.316,32937,5545,200.0,0,0,71.2
1731,mean_dynamic_mobilenetv2,stable,features_16,1775834848026.114,1775834848121.620,95.506,12.000,82.506,25.504,32937,5545,200.0,0,0,73.0
1732,mean_dynamic_mobilenetv2,stable,features_16,1775834848124.620,1775834848225.127,100.507,10.000,90.507,24.575,32937,5545,200.0,0,0,69.1
1733,mean_dynamic_mobilenetv2,stable,features_16,1775834848228.127,1775834848303.635,75.508,10.001,65.507,23.421,32937,5545,200.0,0,0,70.0
1734,mean_dynamic_mobilenetv2,stable,features_16,1775834848306.637,1775834848393.638,87.001,10.999,76.002,23.845,32937,5545,200.0,0,0,77.3
1735,mean_dynamic_mobilenetv2,stable,features_16,1775834848397.638,1775834848502.655,105.017,15.510,89.507,25.601,32937,5545,200.0,0,0,73.2
1736,mean_dynamic_mobilenetv2,stable,features_16,1775834848505.657,1775834848583.655,77.998,10.999,64.999,21.566,32937,5545,200.0,0,0,70.0
1737,mean_dynamic_mobilenetv2,stable,features_16,1775834848586.658,1775834848688.166,101.508,10.001,90.507,23.771,32937,5545,200.0,0,0,69.6
1738,mean_dynamic_mobilenetv2,stable,features_16,1775834848691.167,1775834848776.679,85.512,14.515,70.997,23.968,32937,5545,200.0,0,0,77.9
1739,mean_dynamic_mobilenetv2,stable,features_16,1775834848779.680,1775834848852.191,72.511,9.005,63.506,21.575,32937,5545,200.0,0,0,74.4
1740,mean_dynamic_mobilenetv2,stable,features_16,1775834848855.195,1775834848952.699,97.504,8.997,87.507,24.116,32937,5545,200.0,0,0,67.7
1741,mean_dynamic_mobilenetv2,stable,features_16,1775834848956.701,1775834849049.207,92.506,9.999,82.507,24.536,32937,5545,200.0,0,0,71.9
1742,mean_dynamic_mobilenetv2,stable,features_16,1775834849052.207,1775834849135.715,83.508,13.001,70.507,25.061,32937,5545,200.0,0,0,69.8
1743,mean_dynamic_mobilenetv2,stable,features_16,1775834849139.715,1775834849229.223,89.509,9.001,80.508,21.633,32937,5545,200.0,0,0,78.1
1744,mean_dynamic_mobilenetv2,stable,features_16,1775834849232.224,1775834849321.732,89.508,9.000,78.507,19.371,32937,5545,200.0,0,0,78.9
1745,mean_dynamic_mobilenetv2,stable,features_16,1775834849324.733,1775834849407.242,82.510,11.000,71.510,25.648,32937,5545,200.0,0,0,77.5
1746,mean_dynamic_mobilenetv2,stable,features_16,1775834849410.243,1775834849512.750,102.507,11.001,91.506,26.089,32937,5545,200.0,0,0,71.1
1747,mean_dynamic_mobilenetv2,stable,features_16,1775834849515.750,1775834849619.258,103.508,12.001,90.507,22.824,32937,5545,200.0,0,0,72.3
1748,mean_dynamic_mobilenetv2,stable,features_16,1775834849622.258,1775834849710.767,88.509,10.002,78.506,23.838,32937,5545,200.0,0,0,76.8
1749,mean_dynamic_mobilenetv2,stable,features_16,1775834849714.767,1775834849796.773,82.007,12.001,70.005,24.599,32937,5545,200.0,0,0,74.1
1750,mean_dynamic_mobilenetv2,stable,features_16,1775834849800.280,1775834849879.283,79.004,10.005,67.999,23.601,32937,5545,200.0,0,0,71.6
1751,mean_dynamic_mobilenetv2,stable,features_16,1775834849882.284,1775834849964.796,82.512,15.007,66.507,22.839,32937,5545,200.0,0,0,71.9
1752,mean_dynamic_mobilenetv2,stable,features_16,1775834849967.801,1775834850048.304,80.503,12.995,66.507,21.702,32937,5545,200.0,0,0,68.8
1753,mean_dynamic_mobilenetv2,stable,features_16,1775834850051.304,1775834850151.811,100.508,11.001,88.507,27.039,32937,5545,200.0,0,0,73.5
1754,mean_dynamic_mobilenetv2,stable,features_16,1775834850154.811,1775834850237.321,82.510,11.003,69.505,23.870,32937,5545,200.0,0,0,80.5
1755,mean_dynamic_mobilenetv2,stable,features_16,1775834850241.321,1775834850329.830,88.509,15.001,72.508,24.795,32937,5545,200.0,0,0,85.4
1756,mean_dynamic_mobilenetv2,stable,features_16,1775834850333.830,1775834850411.337,77.507,13.001,64.506,23.486,32937,5545,200.0,0,0,76.2
1757,mean_dynamic_mobilenetv2,stable,features_16,1775834850414.338,1775834850501.845,87.508,10.000,77.507,23.536,32937,5545,200.0,0,0,69.8
1758,mean_dynamic_mobilenetv2,stable,features_16,1775834850505.845,1775834850586.848,81.002,9.006,70.997,25.945,32937,5545,200.0,0,0,72.6
1759,mean_dynamic_mobilenetv2,stable,features_16,1775834850589.848,1775834850672.356,82.507,11.508,69.999,24.257,32937,5545,200.0,0,0,75.3
1760,mean_dynamic_mobilenetv2,stable,features_16,1775834850675.356,1775834850751.867,76.511,14.005,60.505,19.472,32937,5545,200.0,0,0,84.0
1761,mean_dynamic_mobilenetv2,stable,features_16,1775834850754.867,1775834850851.375,96.508,10.000,85.507,28.944,32937,5545,200.0,0,0,71.4
1762,mean_dynamic_mobilenetv2,stable,features_16,1775834850854.375,1775834850934.883,80.508,10.001,70.507,25.061,32937,5545,200.0,0,0,69.8
1763,mean_dynamic_mobilenetv2,stable,features_16,1775834850937.883,1775834851027.391,89.508,14.002,73.505,26.928,32937,5545,200.0,0,0,70.8
1764,mean_dynamic_mobilenetv2,stable,features_16,1775834851030.390,1775834851105.902,75.511,9.001,66.510,22.258,32937,5545,200.0,0,0,71.2
1765,mean_dynamic_mobilenetv2,stable,features_16,1775834851108.900,1775834851184.898,75.999,9.001,64.997,24.081,32937,5545,200.0,0,0,70.4
1766,mean_dynamic_mobilenetv2,stable,features_16,1775834851187.903,1775834851296.445,108.542,13.538,93.002,24.539,32937,5545,200.0,0,0,77.9
1767,mean_dynamic_mobilenetv2,stable,features_16,1775834851299.442,1775834851380.951,81.509,9.510,70.998,25.125,32937,5545,200.0,0,0,71.2
1768,mean_dynamic_mobilenetv2,stable,features_16,1775834851384.951,1775834851484.460,99.509,11.004,88.504,25.971,32937,5545,200.0,0,0,69.6
1769,mean_dynamic_mobilenetv2,stable,features_16,1775834851487.463,1775834851590.972,103.509,11.002,91.507,25.517,32937,5545,200.0,0,0,77.0
1770,mean_dynamic_mobilenetv2,stable,features_16,1775834851592.972,1775834851671.488,78.515,9.508,67.004,23.666,32937,5545,200.0,0,0,71.2
1771,mean_dynamic_mobilenetv2,stable,features_16,1775834851674.480,1775834851784.990,110.510,14.006,96.504,23.967,32937,5545,200.0,0,0,74.3
1772,mean_dynamic_mobilenetv2,stable,features_16,1775834851787.993,1775834851870.513,82.520,10.004,70.516,25.848,32937,5545,200.0,0,0,72.9
1773,mean_dynamic_mobilenetv2,stable,features_16,1775834851873.513,1775834851965.022,91.508,11.001,80.507,22.719,32937,5545,200.0,0,0,70.1
1774,mean_dynamic_mobilenetv2,stable,features_16,1775834851968.022,1775834852041.530,73.507,11.001,62.506,21.213,32937,5545,200.0,0,0,73.4
1775,mean_dynamic_mobilenetv2,stable,features_16,1775834852044.530,1775834852146.038,101.508,13.001,87.507,21.966,32937,5545,200.0,0,0,72.2
1776,mean_dynamic_mobilenetv2,stable,features_16,1775834852149.038,1775834852227.545,78.507,9.002,68.506,24.872,32937,5545,200.0,0,0,71.3
1777,mean_dynamic_mobilenetv2,stable,features_16,1775834852230.545,1775834852310.058,79.512,11.001,66.512,23.397,32937,5545,200.0,0,0,68.3
1778,mean_dynamic_mobilenetv2,stable,features_16,1775834852313.059,1775834852391.061,78.002,9.000,67.002,25.254,32937,5545,200.0,0,0,74.4
1779,mean_dynamic_mobilenetv2,stable,features_16,1775834852394.065,1775834852491.573,97.509,10.509,86.000,23.598,32937,5545,200.0,0,0,69.1
1780,mean_dynamic_mobilenetv2,stable,features_16,1775834852495.574,1775834852575.100,79.526,11.509,67.018,23.536,32937,5545,200.0,0,0,69.8
1781,mean_dynamic_mobilenetv2,stable,features_16,1775834852579.100,1775834852673.609,94.509,11.004,82.505,21.623,32937,5545,200.0,0,0,72.4
1782,mean_dynamic_mobilenetv2,stable,features_16,1775834852676.609,1775834852754.119,77.510,13.004,64.505,22.966,32937,5545,200.0,0,0,80.2
1783,mean_dynamic_mobilenetv2,stable,features_16,1775834852757.119,1775834852843.627,86.508,10.001,75.507,20.494,32937,5545,200.0,0,0,69.8
1784,mean_dynamic_mobilenetv2,stable,features_16,1775834852846.627,1775834852943.135,96.508,9.001,86.507,23.555,32937,5545,200.0,0,0,71.9
1785,mean_dynamic_mobilenetv2,stable,features_16,1775834852946.136,1775834853024.646,78.509,9.001,69.509,24.454,32937,5545,200.0,0,0,72.3
1786,mean_dynamic_mobilenetv2,stable,features_16,1775834853028.646,1775834853108.158,79.512,9.001,69.512,25.038,32937,5545,200.0,0,0,68.3
1787,mean_dynamic_mobilenetv2,stable,features_16,1775834853111.157,1775834853197.167,86.009,12.003,73.000,26.458,32937,5545,200.0,0,0,69.8
1788,mean_dynamic_mobilenetv2,stable,features_16,1775834853200.667,1775834853273.671,73.004,9.005,62.999,20.667,32937,5545,200.0,0,0,71.9
1789,mean_dynamic_mobilenetv2,stable,features_16,1775834853276.671,1775834853354.180,77.510,10.005,66.504,22.901,32937,5545,200.0,0,0,76.0
1790,mean_dynamic_mobilenetv2,stable,features_16,1775834853357.181,1775834853437.690,80.509,9.000,71.509,26.218,32937,5545,200.0,0,0,76.2
1791,mean_dynamic_mobilenetv2,stable,features_16,1775834853441.691,1775834853522.201,80.511,9.003,70.506,24.287,32937,5545,200.0,0,0,76.2
1792,mean_dynamic_mobilenetv2,stable,features_16,1775834853525.199,1775834853603.708,78.509,14.000,63.508,17.679,32937,5545,200.0,0,0,78.1
1793,mean_dynamic_mobilenetv2,stable,features_16,1775834853606.707,1775834853686.711,80.004,17.001,62.000,19.756,32937,5545,200.0,0,0,87.5
1794,mean_dynamic_mobilenetv2,stable,features_16,1775834853690.711,1775834853792.222,101.511,15.509,85.003,21.603,32937,5545,200.0,0,0,84.7
1795,mean_dynamic_mobilenetv2,stable,features_16,1775834853795.220,1775834853885.735,90.514,16.515,71.999,24.696,32937,5545,200.0,0,0,77.3
1796,mean_dynamic_mobilenetv2,stable,features_16,1775834853888.739,1775834853966.247,77.508,11.000,65.508,23.458,32937,5545,200.0,0,0,77.5
1797,mean_dynamic_mobilenetv2,stable,features_16,1775834853969.247,1775834854050.755,81.508,12.000,69.508,22.538,32937,5545,200.0,0,0,71.2
1798,mean_dynamic_mobilenetv2,stable,features_16,1775834854054.755,1775834854152.264,97.509,9.002,88.506,24.906,32937,5545,200.0,0,0,71.4
1799,mean_dynamic_mobilenetv2,stable,features_16,1775834854155.264,1775834854245.781,90.518,10.003,79.515,35.300,32937,5545,200.0,0,0,92.9
1800,mean_dynamic_mobilenetv2,stable,features_16,1775834854248.782,1775834854336.296,87.514,10.001,75.509,20.527,32937,5545,200.0,0,0,71.6
1801,mean_dynamic_mobilenetv2,stable,features_16,1775834854339.294,1775834854418.799,79.505,12.997,65.507,22.731,32937,5545,200.0,0,0,73.8
1802,mean_dynamic_mobilenetv2,stable,features_16,1775834854422.800,1775834854526.307,103.508,10.001,92.506,23.239,32937,5545,200.0,0,0,69.0
1803,mean_dynamic_mobilenetv2,stable,features_16,1775834854529.307,1775834854610.815,81.508,11.003,70.504,24.191,32937,5545,200.0,0,0,75.0
1804,mean_dynamic_mobilenetv2,stable,features_16,1775834854613.815,1775834854694.818,81.003,10.000,71.002,25.358,32937,5545,200.0,0,0,73.8
1805,mean_dynamic_mobilenetv2,stable,features_16,1775834854697.818,1775834854791.331,93.513,10.512,82.001,26.382,32937,5545,200.0,0,0,75.5
1806,mean_dynamic_mobilenetv2,stable,features_16,1775834854794.334,1775834854879.842,85.508,10.510,73.999,21.900,32937,5545,200.0,0,0,74.4
1807,mean_dynamic_mobilenetv2,stable,features_16,1775834854882.843,1775834854978.358,95.515,9.007,84.506,27.527,32937,5545,200.0,0,0,69.6
1808,mean_dynamic_mobilenetv2,stable,features_16,1775834854981.358,1775834855067.871,86.513,13.004,72.508,27.215,32937,5545,200.0,0,0,71.2
1809,mean_dynamic_mobilenetv2,stable,features_16,1775834855070.871,1775834855160.379,89.508,9.001,79.508,23.080,32937,5545,200.0,0,0,69.8
1810,mean_dynamic_mobilenetv2,stable,features_16,1775834855163.379,1775834855234.887,71.508,9.001,61.507,20.530,32937,5545,200.0,0,0,72.5
1811,mean_dynamic_mobilenetv2,stable,features_16,1775834855237.888,1775834855335.395,97.507,10.000,86.507,26.936,32937,5545,200.0,0,0,70.1
1812,mean_dynamic_mobilenetv2,stable,features_16,1775834855338.395,1775834855441.906,103.511,10.001,91.506,24.243,32937,5545,200.0,0,0,69.6
1813,mean_dynamic_mobilenetv2,stable,features_16,1775834855444.903,1775834855523.411,78.508,10.001,66.507,24.662,32937,5545,200.0,0,0,70.0
1814,mean_dynamic_mobilenetv2,stable,features_16,1775834855526.411,1775834855603.918,77.507,9.000,67.507,24.611,32937,5545,200.0,0,0,69.8
1815,mean_dynamic_mobilenetv2,stable,features_16,1775834855607.919,1775834855690.922,83.003,15.004,67.999,24.117,32937,5545,200.0,0,0,74.1
1816,mean_dynamic_mobilenetv2,stable,features_16,1775834855694.921,1775834855779.429,84.508,16.509,67.999,22.065,32937,5545,200.0,0,0,79.4
1817,mean_dynamic_mobilenetv2,stable,features_16,1775834855783.429,1775834855863.940,80.511,9.006,70.504,23.632,32937,5545,200.0,0,0,71.2
1818,mean_dynamic_mobilenetv2,stable,features_16,1775834855866.940,1775834855970.449,103.509,10.003,93.506,25.181,32937,5545,200.0,0,0,69.6
1819,mean_dynamic_mobilenetv2,stable,features_16,1775834855973.450,1775834856048.967,75.517,10.002,64.515,19.252,32937,5545,200.0,0,0,71.2
1820,mean_dynamic_mobilenetv2,stable,features_16,1775834856051.967,1775834856154.475,102.508,9.002,92.507,22.872,32937,5545,200.0,0,0,69.6
1821,mean_dynamic_mobilenetv2,stable,features_16,1775834856158.476,1775834856247.983,89.508,9.000,78.508,22.240,32937,5545,200.0,0,0,69.8
1822,mean_dynamic_mobilenetv2,stable,features_16,1775834856251.983,1775834856341.491,89.508,10.005,79.502,21.725,32937,5545,200.0,0,0,70.5
1823,mean_dynamic_mobilenetv2,stable,features_16,1775834856345.492,1775834856436.999,91.507,8.000,81.507,23.067,32937,5545,200.0,0,0,70.1
1824,mean_dynamic_mobilenetv2,stable,features_16,1775834856440.000,1775834856517.507,77.507,11.001,66.506,24.359,32937,5545,200.0,0,0,70.0
1825,mean_dynamic_mobilenetv2,stable,features_16,1775834856520.507,1775834856624.014,103.508,10.002,93.506,25.596,32937,5545,200.0,0,0,77.6
1826,mean_dynamic_mobilenetv2,stable,features_16,1775834856627.015,1775834856715.523,88.508,10.002,78.507,25.110,32937,5545,200.0,0,0,77.3
1827,mean_dynamic_mobilenetv2,stable,features_16,1775834856718.523,1775834856796.526,78.002,15.001,62.001,19.854,32937,5545,200.0,0,0,78.8
1828,mean_dynamic_mobilenetv2,stable,features_16,1775834856799.526,1775834856880.034,80.508,11.515,66.993,23.460,32937,5545,200.0,0,0,79.0
1829,mean_dynamic_mobilenetv2,stable,features_16,1775834856883.034,1775834856979.544,96.510,11.005,84.505,26.237,32937,5545,200.0,0,0,71.8
1830,mean_dynamic_mobilenetv2,stable,features_16,1775834856982.544,1775834857057.054,74.509,10.006,64.504,20.171,32937,5545,200.0,0,0,71.2
1831,mean_dynamic_mobilenetv2,stable,features_16,1775834857061.055,1775834857145.562,84.508,10.002,73.505,22.467,32937,5545,200.0,0,0,69.9
1832,mean_dynamic_mobilenetv2,stable,features_16,1775834857148.562,1775834857239.071,90.509,10.001,79.508,23.288,32937,5545,200.0,0,0,69.8
1833,mean_dynamic_mobilenetv2,stable,features_16,1775834857242.075,1775834857314.578,72.502,9.000,63.502,21.759,32937,5545,200.0,0,0,72.5
1834,mean_dynamic_mobilenetv2,stable,features_16,1775834857318.577,1775834857410.088,91.511,9.000,81.510,21.916,32937,5545,200.0,0,0,71.9
1835,mean_dynamic_mobilenetv2,stable,features_16,1775834857413.088,1775834857548.596,135.508,9.003,123.504,24.022,32937,5545,200.0,0,0,70.3
1836,mean_dynamic_mobilenetv2,stable,features_16,1775834857550.597,1775834857650.104,99.507,12.001,86.507,27.320,32937,5545,200.0,0,0,71.8
1837,mean_dynamic_mobilenetv2,stable,features_16,1775834857652.124,1775834857751.613,99.489,10.981,87.507,23.329,32937,5545,200.0,0,0,78.6
1838,mean_dynamic_mobilenetv2,stable,features_16,1775834857754.613,1775834857829.127,74.514,10.001,64.513,19.014,32937,5545,200.0,0,0,71.6
1839,mean_dynamic_mobilenetv2,stable,features_16,1775834857832.127,1775834857924.634,92.507,11.000,81.507,26.833,32937,5545,200.0,0,0,69.8
1840,mean_dynamic_mobilenetv2,stable,features_16,1775834857927.634,1775834858006.143,78.509,9.001,67.508,24.399,32937,5545,200.0,0,0,70.0
1841,mean_dynamic_mobilenetv2,stable,features_16,1775834858009.144,1775834858108.651,99.507,11.002,87.505,25.460,32937,5545,200.0,0,0,70.5
1842,mean_dynamic_mobilenetv2,stable,features_16,1775834858111.652,1775834858201.156,89.505,9.003,78.999,21.317,32937,5545,200.0,0,0,69.8
1843,mean_dynamic_mobilenetv2,stable,features_16,1775834858204.159,1775834858297.163,93.004,12.002,80.002,24.621,32937,5545,200.0,0,0,74.5
1844,mean_dynamic_mobilenetv2,stable,features_16,1775834858300.166,1775834858385.683,85.516,13.517,71.999,26.742,32937,5545,200.0,0,0,75.5
1845,mean_dynamic_mobilenetv2,stable,features_16,1775834858388.686,1775834858482.191,93.506,9.001,83.505,22.711,32937,5545,200.0,0,0,84.4
1846,mean_dynamic_mobilenetv2,stable,features_16,1775834858485.192,1775834858574.700,89.509,10.008,78.502,22.399,32937,5545,200.0,0,0,79.2
1847,mean_dynamic_mobilenetv2,stable,features_16,1775834858577.700,1775834858654.210,76.510,10.006,65.505,20.210,32937,5545,200.0,0,0,79.3
1848,mean_dynamic_mobilenetv2,stable,features_16,1775834858657.211,1775834858751.720,94.509,11.001,82.507,26.088,32937,5545,200.0,0,0,87.5
1849,mean_dynamic_mobilenetv2,stable,features_16,1775834858754.720,1775834858831.231,76.511,10.002,64.508,20.803,32937,5545,200.0,0,0,75.6
1850,mean_dynamic_mobilenetv2,stable,features_16,1775834858834.230,1775834858930.736,96.507,14.001,81.506,22.442,32937,5545,200.0,0,0,72.6
1851,mean_dynamic_mobilenetv2,stable,features_16,1775834858933.737,1775834859023.243,89.507,9.001,80.506,22.759,32937,5545,200.0,0,0,70.3
1852,mean_dynamic_mobilenetv2,stable,features_16,1775834859027.244,1775834859118.751,91.508,8.001,82.506,23.990,32937,5545,200.0,0,0,70.3
1853,mean_dynamic_mobilenetv2,stable,features_16,1775834859121.752,1775834859208.260,86.507,10.002,76.505,24.591,32937,5545,200.0,0,0,68.3
1854,mean_dynamic_mobilenetv2,stable,features_16,1775834859212.262,1775834859302.768,90.506,9.998,79.505,21.313,32937,5545,200.0,0,0,70.8
1855,mean_dynamic_mobilenetv2,stable,features_16,1775834859305.769,1775834859378.769,73.000,9.000,62.999,21.072,32937,5545,200.0,0,0,74.1
1856,mean_dynamic_mobilenetv2,stable,features_16,1775834859381.769,1775834859462.279,80.510,15.006,64.504,22.814,32937,5545,200.0,0,0,77.6
1857,mean_dynamic_mobilenetv2,stable,features_16,1775834859465.280,1775834859566.788,101.508,15.000,86.508,23.756,32937,5545,200.0,0,0,69.8
1858,mean_dynamic_mobilenetv2,stable,features_16,1775834859570.788,1775834859652.297,81.509,9.003,71.507,25.241,32937,5545,200.0,0,0,71.3
1859,mean_dynamic_mobilenetv2,stable,features_16,1775834859656.298,1775834859745.806,89.508,10.000,77.507,19.121,32937,5545,200.0,0,0,76.5
1860,mean_dynamic_mobilenetv2,stable,features_16,1775834859748.806,1775834859825.314,76.508,10.003,65.505,22.797,32937,5545,200.0,0,0,73.8
1861,mean_dynamic_mobilenetv2,stable,features_16,1775834859828.314,1775834859913.822,85.508,11.003,72.504,22.931,32937,5545,200.0,0,0,70.4
1862,mean_dynamic_mobilenetv2,stable,features_16,1775834859916.822,1775834859996.829,80.007,10.001,69.004,25.010,32937,5545,200.0,0,0,69.8
1863,mean_dynamic_mobilenetv2,stable,features_16,1775834859999.829,1775834860075.355,75.526,8.536,63.992,23.655,32937,5545,200.0,0,0,71.2
1864,mean_dynamic_mobilenetv2,stable,features_16,1775834860078.355,1775834860170.865,92.510,14.005,77.504,24.769,32937,5545,200.0,0,0,70.1
1865,mean_dynamic_mobilenetv2,stable,features_16,1775834860173.865,1775834860253.375,79.511,10.001,67.509,22.968,32937,5545,200.0,0,0,71.2
1866,mean_dynamic_mobilenetv2,stable,features_16,1775834860256.373,1775834860358.881,102.508,11.003,90.505,25.398,32937,5545,200.0,0,0,74.1
1867,mean_dynamic_mobilenetv2,stable,features_16,1775834860361.881,1775834860435.390,73.509,9.001,64.508,22.603,32937,5545,200.0,0,0,73.4
1868,mean_dynamic_mobilenetv2,stable,features_16,1775834860438.390,1775834860543.898,105.508,15.000,89.508,23.525,32937,5545,200.0,0,0,74.1
1869,mean_dynamic_mobilenetv2,stable,features_16,1775834860546.898,1775834860650.406,103.508,10.001,92.507,21.328,32937,5545,200.0,0,0,71.4
1870,mean_dynamic_mobilenetv2,stable,features_16,1775834860653.406,1775834860733.916,80.509,10.000,69.508,23.968,32937,5545,200.0,0,0,74.1
1871,mean_dynamic_mobilenetv2,stable,features_16,1775834860736.915,1775834860835.424,98.509,16.001,82.508,24.241,32937,5545,200.0,0,0,75.0
1872,mean_dynamic_mobilenetv2,stable,features_16,1775834860838.425,1775834860916.932,78.507,10.002,68.504,24.301,32937,5545,200.0,0,0,71.3
1873,mean_dynamic_mobilenetv2,stable,features_16,1775834860919.932,1775834861018.442,98.510,9.001,87.510,20.472,32937,5545,200.0,0,0,71.7
1874,mean_dynamic_mobilenetv2,stable,features_16,1775834861021.442,1775834861121.950,100.508,9.000,89.507,26.059,32937,5545,200.0,0,0,70.5
1875,mean_dynamic_mobilenetv2,stable,features_16,1775834861124.951,1775834861208.461,83.510,19.001,63.509,19.396,32937,5545,200.0,0,0,72.5
1876,mean_dynamic_mobilenetv2,stable,features_16,1775834861211.461,1775834861283.462,72.000,9.001,62.000,21.854,32937,5545,200.0,0,0,71.2
1877,mean_dynamic_mobilenetv2,stable,features_16,1775834861286.461,1775834861381.969,95.508,9.004,85.504,25.791,32937,5545,200.0,0,0,72.4
1878,mean_dynamic_mobilenetv2,stable,features_16,1775834861384.969,1775834861490.486,105.517,12.006,92.511,26.282,32937,5545,200.0,0,0,69.6
1879,mean_dynamic_mobilenetv2,stable,features_16,1775834861493.486,1775834861575.993,82.507,10.507,70.000,25.687,32937,5545,200.0,0,0,69.8
1880,mean_dynamic_mobilenetv2,stable,features_16,1775834861578.993,1775834861675.502,96.510,9.007,85.503,24.536,32937,5545,200.0,0,0,69.8
1881,mean_dynamic_mobilenetv2,stable,features_16,1775834861678.504,1775834861763.013,84.509,14.004,69.506,25.426,32937,5545,200.0,0,0,78.8
1882,mean_dynamic_mobilenetv2,stable,features_16,1775834861767.013,1775834861847.522,80.509,14.003,64.507,22.750,32937,5545,200.0,0,0,72.5
1883,mean_dynamic_mobilenetv2,stable,features_16,1775834861850.522,1775834861932.030,81.508,11.001,70.507,24.382,32937,5545,200.0,0,0,71.3
1884,mean_dynamic_mobilenetv2,stable,features_16,1775834861935.031,1775834862033.538,98.507,10.002,86.505,22.677,32937,5545,200.0,0,0,71.7
1885,mean_dynamic_mobilenetv2,stable,features_16,1775834862035.538,1775834862126.045,90.508,12.001,77.507,23.589,32937,5545,200.0,0,0,69.8
1886,mean_dynamic_mobilenetv2,stable,features_16,1775834862129.046,1775834862217.553,88.507,13.000,75.507,24.228,32937,5545,200.0,0,0,69.8
1887,mean_dynamic_mobilenetv2,stable,features_16,1775834862220.553,1775834862300.561,80.008,9.001,70.006,23.387,32937,5545,200.0,0,0,84.1
1888,mean_dynamic_mobilenetv2,stable,features_16,1775834862304.074,1775834862390.077,86.002,17.000,68.002,22.469,32937,5545,200.0,0,0,71.9
1889,mean_dynamic_mobilenetv2,stable,features_16,1775834862393.078,1775834862483.589,90.511,10.512,78.999,23.477,32937,5545,200.0,0,0,69.8
1890,mean_dynamic_mobilenetv2,stable,features_16,1775834862486.589,1775834862577.114,90.525,10.004,79.522,24.755,32937,5545,200.0,0,0,69.8
1891,mean_dynamic_mobilenetv2,stable,features_16,1775834862580.111,1775834862660.622,80.511,9.008,69.504,21.830,32937,5545,200.0,0,0,72.5
1892,mean_dynamic_mobilenetv2,stable,features_16,1775834862663.622,1775834862744.136,80.514,11.003,68.510,23.571,32937,5545,200.0,0,0,72.9
1893,mean_dynamic_mobilenetv2,stable,features_16,1775834862748.136,1775834862824.645,76.508,9.003,67.505,23.434,32937,5545,200.0,0,0,86.4
1894,mean_dynamic_mobilenetv2,stable,features_16,1775834862828.645,1775834862903.153,74.508,9.001,64.507,22.093,32937,5545,200.0,0,0,76.2
1895,mean_dynamic_mobilenetv2,stable,features_16,1775834862907.153,1775834862994.156,87.003,9.001,77.002,21.061,32937,5545,200.0,0,0,74.2
1896,mean_dynamic_mobilenetv2,stable,features_16,1775834862997.156,1775834863076.666,79.509,9.510,69.999,24.119,32937,5545,200.0,0,0,73.4
1897,mean_dynamic_mobilenetv2,stable,features_16,1775834863079.666,1775834863185.176,105.510,11.005,93.505,24.940,32937,5545,200.0,0,0,73.9
1898,mean_dynamic_mobilenetv2,stable,features_16,1775834863188.179,1775834863331.192,143.013,11.001,131.012,75.713,32937,5545,200.0,0,0,77.4
1899,mean_dynamic_mobilenetv2,stable,features_16,1775834863335.192,1775834863415.703,80.511,12.003,67.508,23.370,32937,5545,200.0,0,0,69.8
1900,mean_dynamic_mobilenetv2,stable,features_16,1775834863418.704,1775834863506.217,87.512,9.000,77.512,18.351,32937,5545,200.0,0,0,74.4
1901,mean_dynamic_mobilenetv2,stable,features_16,1775834863509.217,1775834863609.729,100.512,10.000,89.512,26.180,32937,5545,200.0,0,0,79.3
1902,mean_dynamic_mobilenetv2,stable,features_16,1775834863612.729,1775834863717.237,104.507,9.999,93.508,26.459,32937,5545,200.0,0,0,76.6
1903,mean_dynamic_mobilenetv2,stable,features_16,1775834863721.237,1775834863804.745,83.508,13.001,69.507,23.167,32937,5545,200.0,0,0,81.4
1904,mean_dynamic_mobilenetv2,stable,features_16,1775834863807.744,1775834863887.747,80.002,13.003,64.997,24.287,32937,5545,200.0,0,0,73.4
1905,mean_dynamic_mobilenetv2,stable,features_16,1775834863890.747,1775834863993.256,102.509,10.001,91.508,25.556,32937,5545,200.0,0,0,69.9
1906,mean_dynamic_mobilenetv2,stable,features_16,1775834863997.256,1775834864075.766,78.511,12.512,63.999,20.325,32937,5545,200.0,0,0,72.5
1907,mean_dynamic_mobilenetv2,stable,features_16,1775834864078.766,1775834864160.275,81.509,14.004,66.505,24.199,32937,5545,200.0,0,0,71.2
1908,mean_dynamic_mobilenetv2,stable,features_16,1775834864163.275,1775834864253.783,90.508,14.001,76.506,21.483,32937,5545,200.0,0,0,69.8
1909,mean_dynamic_mobilenetv2,stable,features_16,1775834864256.783,1775834864336.291,79.508,10.001,68.507,23.087,32937,5545,200.0,0,0,74.5
1910,mean_dynamic_mobilenetv2,stable,features_16,1775834864339.291,1775834864447.799,108.508,10.002,98.506,29.061,32937,5545,200.0,0,0,70.2
1911,mean_dynamic_mobilenetv2,stable,features_16,1775834864450.800,1775834864550.307,99.507,10.000,89.507,23.733,32937,5545,200.0,0,0,70.8
1912,mean_dynamic_mobilenetv2,stable,features_16,1775834864553.307,1775834864631.817,78.510,13.001,64.509,22.713,32937,5545,200.0,0,0,80.0
1913,mean_dynamic_mobilenetv2,stable,features_16,1775834864635.817,1775834864714.328,78.510,13.001,65.510,21.405,32937,5545,200.0,0,0,86.5
1914,mean_dynamic_mobilenetv2,stable,features_16,1775834864719.328,1775834864805.848,86.520,17.002,67.511,23.692,32937,5545,200.0,0,0,83.3
1915,mean_dynamic_mobilenetv2,stable,features_16,1775834864808.842,1775834864891.844,83.001,12.002,70.999,23.579,32937,5545,200.0,0,0,72.5
1916,mean_dynamic_mobilenetv2,stable,features_16,1775834864894.844,1775834864985.350,90.506,11.507,77.999,21.424,32937,5545,200.0,0,0,70.1
1917,mean_dynamic_mobilenetv2,stable,features_16,1775834864987.353,1775834865078.861,91.508,11.005,80.503,24.082,32937,5545,200.0,0,0,69.8
1918,mean_dynamic_mobilenetv2,stable,features_16,1775834865081.862,1775834865165.371,83.509,10.007,72.501,19.320,32937,5545,200.0,0,0,71.3
1919,mean_dynamic_mobilenetv2,stable,features_16,1775834865168.373,1775834865269.879,101.506,14.001,84.506,25.890,32937,5545,200.0,0,0,69.4
1920,mean_dynamic_mobilenetv2,stable,features_16,1775834865272.879,1775834865356.395,83.516,15.005,67.509,22.201,32937,5545,200.0,0,0,70.8
1921,mean_dynamic_mobilenetv2,stable,features_16,1775834865359.389,1775834865451.897,92.509,9.003,83.506,23.324,32937,5545,200.0,0,0,69.8
1922,mean_dynamic_mobilenetv2,stable,features_16,1775834865454.897,1775834865544.406,89.509,12.001,77.508,24.317,32937,5545,200.0,0,0,71.1
1923,mean_dynamic_mobilenetv2,stable,features_16,1775834865547.406,1775834865626.913,79.507,11.002,67.507,24.236,32937,5545,200.0,0,0,80.5
1924,mean_dynamic_mobilenetv2,stable,features_16,1775834865629.913,1775834865731.422,101.510,11.002,89.508,21.810,32937,5545,200.0,0,0,70.5
1925,mean_dynamic_mobilenetv2,stable,features_16,1775834865734.423,1775834865813.931,79.508,11.000,68.508,23.533,32937,5545,200.0,0,0,77.5
1926,mean_dynamic_mobilenetv2,stable,features_16,1775834865816.931,1775834865902.436,85.505,16.001,68.001,20.338,32937,5545,200.0,0,0,79.4
1927,mean_dynamic_mobilenetv2,stable,features_16,1775834865905.440,1775834866015.947,110.507,13.000,97.507,26.006,32937,5545,200.0,0,0,75.2
1928,mean_dynamic_mobilenetv2,stable,features_16,1775834866018.947,1775834866106.455,87.508,10.003,77.506,22.944,32937,5545,200.0,0,0,80.2
1929,mean_dynamic_mobilenetv2,stable,features_16,1775834866110.456,1775834866217.963,107.507,10.001,95.507,26.581,32937,5545,200.0,0,0,73.7
1930,mean_dynamic_mobilenetv2,stable,features_16,1775834866220.964,1775834866326.471,105.507,10.001,94.506,26.743,32937,5545,200.0,0,0,72.3
1931,mean_dynamic_mobilenetv2,stable,features_16,1775834866329.472,1775834866405.979,76.507,10.002,66.505,22.932,32937,5545,200.0,0,0,71.2
1932,mean_dynamic_mobilenetv2,stable,features_16,1775834866408.986,1775834866483.979,74.993,10.994,63.999,20.778,32937,5545,200.0,0,0,70.4
1933,mean_dynamic_mobilenetv2,stable,features_16,1775834866486.980,1775834866567.490,80.510,10.004,69.506,24.065,32937,5545,200.0,0,0,72.5
1934,mean_dynamic_mobilenetv2,stable,features_16,1775834866570.488,1775834866654.996,84.508,11.001,73.507,28.236,32937,5545,200.0,0,0,72.4
1935,mean_dynamic_mobilenetv2,stable,features_16,1775834866657.997,1775834866736.505,78.509,10.001,67.508,23.835,32937,5545,200.0,0,0,72.8
1936,mean_dynamic_mobilenetv2,stable,features_16,1775834866739.505,1775834866813.013,73.509,10.001,62.508,21.055,32937,5545,200.0,0,0,76.2
1937,mean_dynamic_mobilenetv2,stable,features_16,1775834866815.013,1775834866890.016,75.002,9.007,65.995,21.640,32937,5545,200.0,0,0,70.9
1938,mean_dynamic_mobilenetv2,stable,features_16,1775834866893.015,1775834866995.531,102.516,11.514,91.001,23.752,32937,5545,200.0,0,0,71.1
1939,mean_dynamic_mobilenetv2,stable,features_16,1775834866998.533,1775834867085.042,86.509,10.510,75.998,24.376,32937,5545,200.0,0,0,71.2
1940,mean_dynamic_mobilenetv2,stable,features_16,1775834867088.054,1775834867180.559,92.505,9.997,81.508,24.046,32937,5545,200.0,0,0,72.2
1941,mean_dynamic_mobilenetv2,stable,features_16,1775834867183.563,1775834867288.077,104.514,15.006,88.508,24.487,32937,5545,200.0,0,0,70.0
1942,mean_dynamic_mobilenetv2,stable,features_16,1775834867291.077,1775834867382.583,91.506,10.001,81.505,26.318,32937,5545,200.0,0,0,71.9
1943,mean_dynamic_mobilenetv2,stable,features_16,1775834867385.590,1775834867490.097,104.508,11.001,92.506,25.440,32937,5545,200.0,0,0,70.5
1944,mean_dynamic_mobilenetv2,stable,features_16,1775834867493.098,1775834867572.603,79.506,11.508,67.998,22.324,32937,5545,200.0,0,0,71.9
1945,mean_dynamic_mobilenetv2,stable,features_16,1775834867575.604,1775834867676.115,100.511,10.002,89.510,26.499,32937,5545,200.0,0,0,69.1
1946,mean_dynamic_mobilenetv2,stable,features_16,1775834867680.119,1775834867755.623,75.505,10.001,64.504,23.779,32937,5545,200.0,0,0,77.5
1947,mean_dynamic_mobilenetv2,stable,features_16,1775834867758.624,1775834867837.135,78.512,10.003,66.506,22.589,32937,5545,200.0,0,0,76.0
1948,mean_dynamic_mobilenetv2,stable,features_16,1775834867840.134,1775834867923.640,83.506,11.003,72.503,26.949,32937,5545,200.0,0,0,73.4
1949,mean_dynamic_mobilenetv2,stable,features_16,1775834867926.641,1775834868012.151,85.510,9.000,75.510,20.708,32937,5545,200.0,0,0,71.1
1950,mean_dynamic_mobilenetv2,stable,features_16,1775834868015.148,1775834868087.148,72.000,9.001,62.998,19.521,32937,5545,200.0,0,0,70.9
1951,mean_dynamic_mobilenetv2,stable,features_16,1775834868091.151,1775834868188.659,97.508,8.001,88.507,25.071,32937,5545,200.0,0,0,67.3
1952,mean_dynamic_mobilenetv2,stable,features_16,1775834868191.659,1775834868269.174,77.515,9.003,67.004,21.942,32937,5545,200.0,0,0,70.4
1953,mean_dynamic_mobilenetv2,stable,features_16,1775834868272.174,1775834868373.683,101.508,10.001,91.507,24.282,32937,5545,200.0,0,0,73.7
1954,mean_dynamic_mobilenetv2,stable,features_16,1775834868376.683,1775834868454.193,77.510,10.001,65.509,23.842,32937,5545,200.0,0,0,70.0
1955,mean_dynamic_mobilenetv2,stable,features_16,1775834868457.193,1775834868547.706,90.513,15.001,74.513,27.458,32937,5545,200.0,0,0,74.0
1956,mean_dynamic_mobilenetv2,stable,features_16,1775834868551.706,1775834868636.216,84.510,12.003,70.506,25.705,32937,5545,200.0,0,0,73.2
1957,mean_dynamic_mobilenetv2,stable,features_16,1775834868639.216,1775834868729.724,90.508,9.001,80.507,23.651,32937,5545,200.0,0,0,75.3
1958,mean_dynamic_mobilenetv2,stable,features_16,1775834868732.724,1775834868810.236,77.511,11.004,65.505,24.952,32937,5545,200.0,0,0,79.0
1959,mean_dynamic_mobilenetv2,stable,features_16,1775834868813.233,1775834868919.741,106.508,11.001,94.506,25.154,32937,5545,200.0,0,0,74.1
1960,mean_dynamic_mobilenetv2,stable,features_16,1775834868922.741,1775834869054.250,131.508,12.001,119.508,25.447,32937,5545,200.0,0,0,72.9
1961,mean_dynamic_mobilenetv2,stable,features_16,1775834869057.250,1775834869149.758,92.508,8.002,82.507,21.774,32937,5545,200.0,0,0,70.5
1962,mean_dynamic_mobilenetv2,stable,features_16,1775834869153.758,1775834869262.266,108.508,12.001,95.507,26.122,32937,5545,200.0,0,0,71.8
1963,mean_dynamic_mobilenetv2,stable,features_16,1775834869265.267,1775834869339.775,74.508,10.000,64.507,21.044,32937,5545,200.0,0,0,70.4
1964,mean_dynamic_mobilenetv2,stable,features_16,1775834869342.776,1775834869430.285,87.509,10.002,77.507,24.773,32937,5545,200.0,0,0,71.1
1965,mean_dynamic_mobilenetv2,stable,features_16,1775834869433.286,1775834869540.794,107.508,10.000,96.508,27.657,32937,5545,200.0,0,0,70.3
1966,mean_dynamic_mobilenetv2,stable,features_16,1775834869543.794,1775834869626.307,82.512,11.001,70.512,24.623,32937,5545,200.0,0,0,69.1
1967,mean_dynamic_mobilenetv2,stable,features_16,1775834869629.306,1775834869722.816,93.510,15.001,77.510,25.773,32937,5545,200.0,0,0,74.2
1968,mean_dynamic_mobilenetv2,stable,features_16,1775834869725.816,1775834869804.507,78.691,11.001,65.691,23.648,32937,5545,200.0,0,0,77.5
1969,mean_dynamic_mobilenetv2,stable,features_16,1775834869807.508,1775834869888.510,81.002,11.005,69.998,24.792,32937,5545,200.0,0,0,71.9
1970,mean_dynamic_mobilenetv2,stable,features_16,1775834869891.511,1775834869985.026,93.514,9.004,84.510,23.663,32937,5545,200.0,0,0,69.8
1971,mean_dynamic_mobilenetv2,stable,features_16,1775834869988.029,1775834870059.536,71.508,10.003,60.504,18.707,32937,5545,200.0,0,0,71.2
1972,mean_dynamic_mobilenetv2,stable,features_16,1775834870062.537,1775834870141.045,78.509,8.000,68.507,25.902,32937,5545,200.0,0,0,71.2
1973,mean_dynamic_mobilenetv2,stable,features_16,1775834870144.045,1775834870225.554,81.509,10.001,71.507,23.501,32937,5545,200.0,0,0,77.2
1974,mean_dynamic_mobilenetv2,stable,features_16,1775834870229.554,1775834870321.062,91.508,8.001,82.507,20.887,32937,5545,200.0,0,0,73.5
1975,mean_dynamic_mobilenetv2,stable,features_16,1775834870324.063,1775834870399.065,75.002,10.000,64.002,21.069,32937,5545,200.0,0,0,72.7
1976,mean_dynamic_mobilenetv2,stable,features_16,1775834870402.567,1775834870478.571,76.003,11.007,63.998,22.274,32937,5545,200.0,0,0,69.9
1977,mean_dynamic_mobilenetv2,stable,features_16,1775834870481.571,1775834870565.080,83.510,10.004,72.505,18.540,32937,5545,200.0,0,0,71.2
1978,mean_dynamic_mobilenetv2,stable,features_16,1775834870568.082,1775834870664.592,96.510,9.000,87.510,24.826,32937,5545,200.0,0,0,83.0
1979,mean_dynamic_mobilenetv2,stable,features_16,1775834870668.592,1775834870757.104,88.512,9.002,77.509,24.738,32937,5545,200.0,0,0,72.0
1980,mean_dynamic_mobilenetv2,stable,features_16,1775834870760.101,1775834870849.609,89.507,12.000,75.508,31.291,32937,5545,200.0,0,0,75.0
1981,mean_dynamic_mobilenetv2,stable,features_16,1775834870852.608,1775834870939.117,86.509,10.001,75.507,21.081,32937,5545,200.0,0,0,74.0
1982,mean_dynamic_mobilenetv2,stable,features_16,1775834870943.118,1775834871021.626,78.508,10.001,67.507,24.574,32937,5545,200.0,0,0,71.2
1983,mean_dynamic_mobilenetv2,stable,features_16,1775834871024.626,1775834871112.135,87.509,13.001,74.507,27.840,32937,5545,200.0,0,0,73.2
1984,mean_dynamic_mobilenetv2,stable,features_16,1775834871115.135,1775834871193.137,78.002,9.001,68.001,22.449,32937,5545,200.0,0,0,71.2
1985,mean_dynamic_mobilenetv2,stable,features_16,1775834871196.138,1775834871277.646,81.508,9.508,69.999,22.249,32937,5545,200.0,0,0,72.6
1986,mean_dynamic_mobilenetv2,stable,features_16,1775834871280.645,1775834871376.155,95.509,11.005,84.504,22.754,32937,5545,200.0,0,0,69.1
1987,mean_dynamic_mobilenetv2,stable,features_16,1775834871380.155,1775834871471.665,91.510,9.004,80.506,22.572,32937,5545,200.0,0,0,69.8
1988,mean_dynamic_mobilenetv2,stable,features_16,1775834871474.665,1775834871557.173,82.508,10.999,71.509,25.615,32937,5545,200.0,0,0,72.3
1989,mean_dynamic_mobilenetv2,stable,features_16,1775834871560.173,1775834871659.681,99.508,13.001,85.507,24.476,32937,5545,200.0,0,0,68.4
1990,mean_dynamic_mobilenetv2,stable,features_16,1775834871662.682,1775834871766.190,103.508,12.003,89.506,22.630,32937,5545,200.0,0,0,75.0
1991,mean_dynamic_mobilenetv2,stable,features_16,1775834871769.190,1775834871850.707,81.517,11.003,69.509,24.570,32937,5545,200.0,0,0,73.8
1992,mean_dynamic_mobilenetv2,stable,features_16,1775834871853.703,1775834871954.209,100.506,10.000,88.507,25.975,32937,5545,200.0,0,0,70.8
1993,mean_dynamic_mobilenetv2,stable,features_16,1775834871957.209,1775834872034.717,77.508,9.001,67.507,19.853,32937,5545,200.0,0,0,73.8
1994,mean_dynamic_mobilenetv2,stable,features_16,1775834872037.718,1775834872125.517,87.799,17.001,68.799,24.433,32937,5545,200.0,0,0,72.9
1995,mean_dynamic_mobilenetv2,stable,features_16,1775834872128.517,1775834872219.031,90.513,9.003,79.507,25.447,32937,5545,200.0,0,0,79.6
1996,mean_dynamic_mobilenetv2,stable,features_16,1775834872222.029,1775834872301.032,79.004,9.999,68.000,24.623,32937,5545,200.0,0,0,72.2
1997,mean_dynamic_mobilenetv2,stable,features_16,1775834872304.584,1775834872401.582,96.998,10.996,86.002,22.396,32937,5545,200.0,0,0,75.2
1998,mean_dynamic_mobilenetv2,stable,features_16,1775834872405.088,1775834872499.090,94.002,9.001,84.002,24.504,32937,5545,200.0,0,0,76.6
1999,mean_dynamic_mobilenetv2,stable,features_16,1775834872502.095,1775834872590.627,88.532,9.518,79.014,23.739,32937,5545,200.0,0,0,72.2
2000,mean_dynamic_mobilenetv2,stable,features_16,1775834872593.632,1775834872683.145,89.513,9.509,80.004,25.008,32937,5545,200.0,0,0,71.9
2001,mean_dynamic_mobilenetv2,stable,features_16,1775834872686.145,1775834872768.662,82.516,10.007,70.510,26.314,32937,5545,200.0,0,0,76.8
2002,mean_dynamic_mobilenetv2,stable,features_16,1775834872772.662,1775834872870.174,97.512,12.002,85.510,25.412,32937,5545,200.0,0,0,73.0
2003,mean_dynamic_mobilenetv2,stable,features_16,1775834872873.176,1775834872963.685,90.509,10.003,78.506,25.748,32937,5545,200.0,0,0,73.2
2004,mean_dynamic_mobilenetv2,stable,features_16,1775834872965.685,1775834873072.275,106.591,12.001,93.590,25.446,32937,5545,200.0,0,0,73.0
2005,mean_dynamic_mobilenetv2,stable,features_16,1775834873075.275,1775834873154.786,79.510,11.002,67.510,22.221,32937,5545,200.0,0,0,74.4
2006,mean_dynamic_mobilenetv2,stable,features_16,1775834873158.786,1775834873242.298,83.511,11.002,70.507,23.999,32937,5545,200.0,0,0,72.0
2007,mean_dynamic_mobilenetv2,stable,features_16,1775834873245.296,1775834873322.801,77.505,8.998,67.507,23.398,32937,5545,200.0,0,0,69.8
2008,mean_dynamic_mobilenetv2,stable,features_16,1775834873325.802,1775834873403.306,77.504,10.002,66.502,23.508,32937,5545,200.0,0,0,70.4
2009,mean_dynamic_mobilenetv2,stable,features_16,1775834873407.312,1775834873483.309,75.997,13.000,62.997,20.273,32937,5545,200.0,0,0,74.1
2010,mean_dynamic_mobilenetv2,stable,features_16,1775834873486.309,1775834873569.826,83.517,10.006,71.507,25.181,32937,5545,200.0,0,0,70.0
2011,mean_dynamic_mobilenetv2,stable,features_16,1775834873572.824,1775834873654.336,81.511,12.999,68.512,22.103,32937,5545,200.0,0,0,72.9
2012,mean_dynamic_mobilenetv2,stable,features_16,1775834873657.336,1775834873748.844,91.508,10.001,79.507,23.908,32937,5545,200.0,0,0,74.0
2013,mean_dynamic_mobilenetv2,stable,features_16,1775834873751.844,1775834873828.352,76.508,11.000,65.508,22.995,32937,5545,200.0,0,0,78.8
2014,mean_dynamic_mobilenetv2,stable,features_16,1775834873831.352,1775834873910.862,79.509,12.004,67.505,24.272,32937,5545,200.0,0,0,79.0
2015,mean_dynamic_mobilenetv2,stable,features_16,1775834873914.863,1775834873996.864,82.001,11.999,70.002,24.173,32937,5545,200.0,0,0,70.8
2016,mean_dynamic_mobilenetv2,stable,features_16,1775834874000.864,1775834874084.376,83.512,9.515,71.997,24.831,32937,5545,200.0,0,0,72.5
2017,mean_dynamic_mobilenetv2,stable,features_16,1775834874087.377,1775834874167.886,80.509,14.004,64.504,22.742,32937,5545,200.0,0,0,80.4
2018,mean_dynamic_mobilenetv2,stable,features_16,1775834874171.885,1775834874253.395,81.510,15.000,66.510,20.286,32937,5545,200.0,0,0,76.5
2019,mean_dynamic_mobilenetv2,stable,features_16,1775834874257.396,1775834874342.905,85.509,14.004,70.504,26.087,32937,5545,200.0,0,0,71.9
2020,mean_dynamic_mobilenetv2,stable,features_16,1775834874346.904,1775834874427.413,80.509,11.005,68.504,24.953,32937,5545,200.0,0,0,81.2
2021,mean_dynamic_mobilenetv2,stable,features_16,1775834874430.416,1775834874526.922,96.506,15.998,80.508,26.674,32937,5545,200.0,0,0,75.7
2022,mean_dynamic_mobilenetv2,stable,features_16,1775834874529.922,1775834874616.435,86.513,12.001,73.512,23.411,32937,5545,200.0,0,0,73.2
2023,mean_dynamic_mobilenetv2,stable,features_16,1775834874620.435,1775834874696.438,76.002,10.001,66.001,21.068,32937,5545,200.0,0,0,73.7
2024,mean_dynamic_mobilenetv2,stable,features_16,1775834874700.438,1775834874817.458,117.020,9.510,105.510,22.593,32937,5545,200.0,0,0,76.5
2025,mean_dynamic_mobilenetv2,stable,features_16,1775834874821.458,1775834874906.967,85.509,15.005,70.504,24.719,32937,5545,200.0,0,0,78.1
2026,mean_dynamic_mobilenetv2,stable,features_16,1775834874909.967,1775834875009.483,99.516,13.001,86.515,25.096,32937,5545,200.0,0,0,74.8
2027,mean_dynamic_mobilenetv2,stable,features_16,1775834875012.478,1775834875093.481,81.004,12.002,66.999,24.580,32937,5545,200.0,0,0,72.8
2028,mean_dynamic_mobilenetv2,stable,features_16,1775834875096.480,1775834875171.989,75.509,10.510,63.999,22.373,32937,5545,200.0,0,0,75.0
2029,mean_dynamic_mobilenetv2,stable,features_16,1775834875175.989,1775834875258.499,82.510,11.000,69.509,25.301,32937,5545,200.0,0,0,74.5
2030,mean_dynamic_mobilenetv2,stable,features_16,1775834875261.499,1775834875345.015,83.516,12.002,70.513,23.632,32937,5545,200.0,0,0,72.8
2031,mean_dynamic_mobilenetv2,stable,features_16,1775834875349.015,1775834875429.526,80.511,11.000,67.512,23.634,32937,5545,200.0,0,0,76.8
2032,mean_dynamic_mobilenetv2,stable,features_16,1775834875433.528,1775834875513.035,79.508,13.002,66.506,23.594,32937,5545,200.0,0,0,70.8
2033,mean_dynamic_mobilenetv2,stable,features_16,1775834875516.035,1775834875597.038,81.002,11.001,69.001,22.634,32937,5545,200.0,0,0,72.5
2034,mean_dynamic_mobilenetv2,stable,features_16,1775834875600.038,1775834875679.551,79.512,9.514,68.998,25.575,32937,5545,200.0,0,0,75.0
2035,mean_dynamic_mobilenetv2,stable,features_16,1775834875682.551,1775834875760.064,77.514,10.009,65.504,24.643,32937,5545,200.0,0,0,80.0
2036,mean_dynamic_mobilenetv2,stable,features_16,1775834875763.064,1775834875851.575,88.511,17.001,70.510,26.253,32937,5545,200.0,0,0,97.8
2037,mean_dynamic_mobilenetv2,stable,features_16,1775834875855.575,1775834875951.085,95.509,15.001,79.509,28.001,32937,5545,200.0,0,0,75.9
2038,mean_dynamic_mobilenetv2,stable,features_16,1775834875954.085,1775834876039.594,85.509,9.000,74.508,29.302,32937,5545,200.0,0,0,71.6
2039,mean_dynamic_mobilenetv2,stable,features_16,1775834876043.596,1775834876142.102,98.506,13.002,85.504,23.768,32937,5545,200.0,0,0,72.2
2040,mean_dynamic_mobilenetv2,stable,features_16,1775834876145.102,1775834876223.610,78.507,15.000,62.507,21.020,32937,5545,200.0,0,0,73.8
2041,mean_dynamic_mobilenetv2,stable,features_16,1775834876226.610,1775834876306.118,79.509,10.001,69.508,24.163,32937,5545,200.0,0,0,70.1
2042,mean_dynamic_mobilenetv2,stable,features_16,1775834876309.118,1775834876402.121,93.002,10.002,81.999,22.226,32937,5545,200.0,0,0,71.9
2043,mean_dynamic_mobilenetv2,stable,features_16,1775834876405.638,1775834876484.631,78.993,9.994,67.996,22.550,32937,5545,200.0,0,0,82.7
2044,mean_dynamic_mobilenetv2,stable,features_16,1775834876487.631,1775834876593.143,105.512,13.005,92.507,26.029,32937,5545,200.0,0,0,71.2
2045,mean_dynamic_mobilenetv2,stable,features_16,1775834876596.143,1775834876675.661,79.518,11.522,66.995,24.023,32937,5545,200.0,0,0,70.4
2046,mean_dynamic_mobilenetv2,stable,features_16,1775834876679.661,1775834876759.183,79.522,13.011,66.510,19.919,32937,5545,200.0,0,0,85.6
2047,mean_dynamic_mobilenetv2,stable,features_16,1775834876764.183,1775834876877.703,113.520,38.006,75.514,27.980,32937,5545,200.0,0,0,85.0
2048,mean_dynamic_mobilenetv2,stable,features_16,1775834876881.704,1775834876977.214,95.510,10.004,83.506,25.902,32937,5545,200.0,0,0,75.7
2049,mean_dynamic_mobilenetv2,stable,features_16,1775834876980.219,1775834877060.727,80.508,10.004,69.504,25.671,32937,5545,200.0,0,0,71.6
2050,mean_dynamic_mobilenetv2,stable,features_16,1775834877063.728,1775834877143.236,79.508,11.001,68.507,23.308,32937,5545,200.0,0,0,71.2
2051,mean_dynamic_mobilenetv2,stable,features_16,1775834877147.236,1775834877226.745,79.508,12.001,67.508,21.057,32937,5545,200.0,0,0,78.7
2052,mean_dynamic_mobilenetv2,stable,features_16,1775834877229.745,1775834877331.258,101.513,11.003,89.510,21.485,32937,5545,200.0,0,0,69.4
2053,mean_dynamic_mobilenetv2,stable,features_16,1775834877335.258,1775834877414.766,79.508,12.004,65.507,23.656,32937,5545,200.0,0,0,75.3
2054,mean_dynamic_mobilenetv2,stable,features_16,1775834877417.766,1775834877492.769,75.003,9.001,66.001,23.195,32937,5545,200.0,0,0,75.6
2055,mean_dynamic_mobilenetv2,stable,features_16,1775834877495.769,1775834877575.276,79.508,9.509,68.999,23.012,32937,5545,200.0,0,0,67.9
2056,mean_dynamic_mobilenetv2,stable,features_16,1775834877578.276,1775834877660.785,82.509,12.005,69.504,25.889,32937,5545,200.0,0,0,73.8
2057,mean_dynamic_mobilenetv2,stable,features_16,1775834877663.785,1775834877746.301,82.515,11.001,70.514,23.648,32937,5545,200.0,0,0,77.1
2058,mean_dynamic_mobilenetv2,stable,features_16,1775834877749.302,1775834877826.810,77.509,10.000,67.509,22.426,32937,5545,200.0,0,0,80.0
2059,mean_dynamic_mobilenetv2,stable,features_16,1775834877830.811,1775834877915.319,84.508,13.000,69.509,26.411,32937,5545,200.0,0,0,72.2
2060,mean_dynamic_mobilenetv2,stable,features_16,1775834877918.321,1775834878009.828,91.507,13.000,78.508,18.866,32937,5545,200.0,0,0,76.0
2061,mean_dynamic_mobilenetv2,stable,features_16,1775834878012.828,1775834878096.832,84.003,12.001,72.002,26.610,32937,5545,200.0,0,0,73.8
2062,mean_dynamic_mobilenetv2,stable,features_16,1775834878100.831,1775834878201.343,100.512,16.510,84.002,23.455,32937,5545,200.0,0,0,77.7
2063,mean_dynamic_mobilenetv2,stable,features_16,1775834878204.849,1775834878284.850,80.001,13.000,66.000,21.923,32937,5545,200.0,0,0,81.7
2064,mean_dynamic_mobilenetv2,stable,features_16,1775834878288.852,1775834878368.362,79.509,12.005,67.505,25.053,32937,5545,200.0,0,0,71.9
2065,mean_dynamic_mobilenetv2,stable,features_16,1775834878372.362,1775834878457.871,85.509,9.000,75.509,20.025,32937,5545,200.0,0,0,71.2
2066,mean_dynamic_mobilenetv2,stable,features_16,1775834878462.871,1775834878538.380,75.508,11.001,62.508,19.441,32937,5545,200.0,0,0,80.2
2067,mean_dynamic_mobilenetv2,stable,features_16,1775834878541.380,1775834878624.888,83.508,14.003,69.505,25.711,32937,5545,200.0,0,0,72.2
2068,mean_dynamic_mobilenetv2,stable,features_16,1775834878628.891,1775834878712.397,83.506,13.000,68.510,21.643,32937,5545,200.0,0,0,80.2
2069,mean_dynamic_mobilenetv2,stable,features_16,1775834878716.398,1775834878813.906,97.509,19.000,77.509,28.257,32937,5545,200.0,0,0,81.4
2070,mean_dynamic_mobilenetv2,stable,features_16,1775834878816.906,1775834878897.911,81.004,12.003,68.000,24.805,32937,5545,200.0,0,0,71.2
2071,mean_dynamic_mobilenetv2,stable,features_16,1775834878900.914,1775834878983.430,82.515,11.516,70.000,22.820,32937,5545,200.0,0,0,79.6
2072,mean_dynamic_mobilenetv2,stable,features_16,1775834878987.430,1775834879066.944,79.514,10.007,69.507,25.304,32937,5545,200.0,0,0,71.2
2073,mean_dynamic_mobilenetv2,stable,features_16,1775834879070.945,1775834879158.453,87.508,9.002,77.506,24.379,32937,5545,200.0,0,0,70.8
2074,mean_dynamic_mobilenetv2,stable,features_16,1775834879162.453,1775834879240.963,78.510,14.003,64.507,21.376,32937,5545,200.0,0,0,85.2
2075,mean_dynamic_mobilenetv2,stable,features_16,1775834879244.963,1775834879330.479,85.516,15.001,70.514,25.723,32937,5545,200.0,0,0,81.4
2076,mean_dynamic_mobilenetv2,stable,features_16,1775834879334.479,1775834879412.987,78.509,9.003,68.505,20.429,32937,5545,200.0,0,0,70.4
2077,mean_dynamic_mobilenetv2,stable,features_16,1775834879415.987,1775834879498.992,83.005,12.000,70.005,24.874,32937,5545,200.0,0,0,72.9
2078,mean_dynamic_mobilenetv2,stable,features_16,1775834879501.991,1775834879578.508,76.516,10.519,64.998,23.214,32937,5545,200.0,0,0,73.2
2079,mean_dynamic_mobilenetv2,stable,features_16,1775834879582.508,1775834879664.018,81.510,11.004,70.505,24.811,32937,5545,200.0,0,0,70.0
2080,mean_dynamic_mobilenetv2,stable,features_16,1775834879667.018,1775834879746.526,79.509,11.002,66.507,19.993,32937,5545,200.0,0,0,72.9
2081,mean_dynamic_mobilenetv2,stable,features_16,1775834879749.527,1775834879844.039,94.512,14.000,78.508,33.175,32937,5545,200.0,0,0,79.6
2082,mean_dynamic_mobilenetv2,stable,features_16,1775834879847.037,1775834879950.544,103.507,11.003,91.503,25.445,32937,5545,200.0,0,0,72.3
2083,mean_dynamic_mobilenetv2,stable,features_16,1775834879953.544,1775834880036.053,82.509,11.002,71.507,26.120,32937,5545,200.0,0,0,87.8
2084,mean_dynamic_mobilenetv2,stable,features_16,1775834880041.053,1775834880116.562,75.509,10.001,64.509,22.264,32937,5545,200.0,0,0,89.3
2085,mean_dynamic_mobilenetv2,stable,features_16,1775834880119.562,1775834880214.069,94.508,10.001,84.507,22.368,32937,5545,200.0,0,0,74.6
2086,mean_dynamic_mobilenetv2,stable,features_16,1775834880217.070,1775834880319.584,102.515,14.000,87.510,21.036,32937,5545,200.0,0,0,72.2
2087,mean_dynamic_mobilenetv2,stable,features_16,1775834880322.582,1775834880404.085,81.503,10.998,68.003,26.551,32937,5545,200.0,0,0,77.8
2088,mean_dynamic_mobilenetv2,stable,features_16,1775834880407.090,1775834880494.091,87.001,14.999,72.002,29.914,32937,5545,200.0,0,0,78.4
2089,mean_dynamic_mobilenetv2,stable,features_16,1775834880497.091,1775834881621.115,1124.023,11.507,1111.690,39.022,32937,5545,200.0,1,0,20.1
2090,mean_dynamic_mobilenetv2,stable,features_16,1775834881628.110,1775834881715.624,87.514,15.998,69.516,24.019,32937,5545,200.0,0,0,54.3
2091,mean_dynamic_mobilenetv2,stable,features_16,1775834881723.627,1775834881835.160,111.533,29.004,81.530,22.111,32937,5545,200.0,0,0,81.4
2092,mean_dynamic_mobilenetv2,stable,features_16,1775834881843.156,1775834881944.661,101.505,17.995,82.508,25.348,32937,5545,200.0,0,0,74.5
2093,mean_dynamic_mobilenetv2,stable,features_16,1775834881947.660,1775834882036.072,88.411,10.004,78.407,22.348,32937,5545,200.0,0,0,74.0
2094,mean_dynamic_mobilenetv2,stable,features_16,1775834882040.072,1775834882122.588,82.516,10.001,70.515,26.029,32937,5545,200.0,0,0,69.8
2095,mean_dynamic_mobilenetv2,stable,features_16,1775834882126.588,1775834882204.588,78.000,12.002,65.998,22.380,32937,5545,200.0,0,0,70.0
2096,mean_dynamic_mobilenetv2,stable,features_16,1775834882207.590,1775834882282.101,74.511,10.513,62.997,18.846,32937,5545,200.0,0,0,70.0
2097,mean_dynamic_mobilenetv2,stable,features_16,1775834882284.103,1775834882359.804,75.702,10.008,64.693,22.285,32937,5545,200.0,0,0,71.2
2098,mean_dynamic_mobilenetv2,stable,features_16,1775834882362.801,1775834882452.310,89.509,12.000,76.508,22.875,32937,5545,200.0,0,0,72.9
2099,mean_dynamic_mobilenetv2,stable,features_16,1775834882456.312,1775834882538.329,82.018,9.000,72.019,26.718,32937,5545,200.0,0,0,70.0
2100,mean_dynamic_mobilenetv2,stable,features_16,1775834882541.330,1775834882641.343,100.013,9.998,90.015,23.948,32937,5545,200.0,0,0,71.4
2101,mean_dynamic_mobilenetv2,stable,features_16,1775834882645.342,1775834882732.851,87.510,10.000,75.510,22.794,32937,5545,200.0,0,0,71.9
2102,mean_dynamic_mobilenetv2,stable,features_16,1775834882736.851,1775834882822.365,85.514,17.001,66.513,22.697,32937,5545,200.0,0,0,72.9
2103,mean_dynamic_mobilenetv2,stable,features_16,1775834882825.367,1775834882906.368,81.001,10.016,69.984,26.269,32937,5545,200.0,0,0,71.2
2104,mean_dynamic_mobilenetv2,stable,features_16,1775834882908.871,1775834882983.875,75.005,9.007,63.996,19.859,32937,5545,200.0,0,0,70.0
2105,mean_dynamic_mobilenetv2,stable,features_16,1775834882986.878,1775834883058.388,71.510,10.003,60.505,19.262,32937,5545,200.0,0,0,80.0
2106,mean_dynamic_mobilenetv2,stable,features_16,1775834883061.390,1775834883150.903,89.513,9.999,78.512,22.877,32937,5545,200.0,0,0,71.9
2107,mean_dynamic_mobilenetv2,stable,features_16,1775834883153.900,1775834883234.413,80.513,9.005,71.509,26.430,32937,5545,200.0,0,0,73.8
2108,mean_dynamic_mobilenetv2,stable,features_16,1775834883237.413,1775834883314.185,76.772,10.002,65.767,22.233,32937,5545,200.0,0,0,73.8
2109,mean_dynamic_mobilenetv2,stable,features_16,1775834883317.180,1775834883397.184,80.004,12.004,66.001,24.513,32937,5545,200.0,0,0,73.8
2110,mean_dynamic_mobilenetv2,stable,features_16,1775834883400.188,1775834883491.704,91.516,9.512,81.005,22.380,32937,5545,200.0,0,0,71.9
2111,mean_dynamic_mobilenetv2,stable,features_16,1775834883494.714,1775834883568.216,73.502,9.001,64.501,20.658,32937,5545,200.0,0,0,70.0
2112,mean_dynamic_mobilenetv2,stable,features_16,1775834883572.217,1775834883652.728,80.511,10.003,70.509,25.441,32937,5545,200.0,0,0,69.8
2113,mean_dynamic_mobilenetv2,stable,features_16,1775834883656.731,1775834883742.242,85.511,9.002,75.507,27.005,32937,5545,200.0,0,0,73.8
2114,mean_dynamic_mobilenetv2,stable,features_16,1775834883744.240,1775834883818.475,74.235,9.997,63.238,20.051,32937,5545,200.0,0,0,76.2
2115,mean_dynamic_mobilenetv2,stable,features_16,1775834883823.476,1775834883917.923,94.447,12.004,79.437,24.733,32937,5545,200.0,0,0,75.9
2116,mean_dynamic_mobilenetv2,stable,features_16,1775834883920.921,1775834884018.428,97.507,15.002,81.505,19.163,32937,5545,200.0,0,0,74.2
2117,mean_dynamic_mobilenetv2,stable,features_16,1775834884021.431,1775834884105.436,84.005,12.999,70.001,25.257,32937,5545,200.0,0,0,74.0
2118,mean_dynamic_mobilenetv2,stable,features_16,1775834884108.435,1775834884212.899,104.465,10.530,93.934,24.968,32937,5545,200.0,0,0,71.2
2119,mean_dynamic_mobilenetv2,stable,features_16,1775834884216.902,1775834884291.899,74.997,9.000,64.998,21.799,32937,5545,200.0,0,0,70.4
2120,mean_dynamic_mobilenetv2,stable,features_16,1775834884294.905,1775834884380.413,85.508,9.999,74.507,24.002,32937,5545,200.0,0,0,71.2
2121,mean_dynamic_mobilenetv2,stable,features_16,1775834884383.412,1775834884490.973,107.560,9.000,97.558,40.514,32937,5545,200.0,0,0,80.9
2122,mean_dynamic_mobilenetv2,stable,features_16,1775834884493.973,1775834884573.487,79.515,11.006,67.507,23.617,32937,5545,200.0,0,0,74.0
2123,mean_dynamic_mobilenetv2,stable,features_16,1775834884577.490,1775834884672.167,94.677,9.998,84.030,22.455,32937,5545,200.0,0,0,69.1
2124,mean_dynamic_mobilenetv2,stable,features_16,1775834884674.998,1775834884758.504,83.506,10.998,72.508,27.377,32937,5545,200.0,0,0,76.3
2125,mean_dynamic_mobilenetv2,stable,features_16,1775834884762.506,1775834884850.020,87.514,14.004,72.506,23.831,32937,5545,200.0,0,0,73.8
2126,mean_dynamic_mobilenetv2,stable,features_16,1775834884853.017,1775834884957.525,104.508,9.999,93.509,27.418,32937,5545,200.0,0,0,69.6
2127,mean_dynamic_mobilenetv2,stable,features_16,1775834884960.531,1775834885062.039,101.508,8.997,90.504,23.132,32937,5545,200.0,0,0,70.5
2128,mean_dynamic_mobilenetv2,stable,features_16,1775834885064.036,1775834885140.758,76.721,11.000,64.510,22.983,32937,5545,200.0,0,0,70.0
2129,mean_dynamic_mobilenetv2,stable,features_16,1775834885143.427,1775834885230.939,87.512,9.001,75.511,22.882,32937,5545,200.0,0,0,80.8
2130,mean_dynamic_mobilenetv2,stable,features_16,1775834885234.938,1775834885340.446,105.508,13.001,91.849,25.063,32937,5545,200.0,0,0,75.2
2131,mean_dynamic_mobilenetv2,stable,features_16,1775834885344.446,1775834885427.954,83.508,10.001,72.507,25.106,32937,5545,200.0,0,0,72.8
2132,mean_dynamic_mobilenetv2,stable,features_16,1775834885430.953,1775834885506.958,76.005,9.001,67.004,21.941,32937,5545,200.0,0,0,70.0
2133,mean_dynamic_mobilenetv2,stable,features_16,1775834885510.462,1775834885586.465,76.003,8.006,66.999,25.237,32937,5545,200.0,0,0,72.6
2134,mean_dynamic_mobilenetv2,stable,features_16,1775834885589.470,1775834885663.979,74.508,10.006,63.501,20.478,32937,5545,200.0,0,0,68.2
2135,mean_dynamic_mobilenetv2,stable,features_16,1775834885666.980,1775834885774.494,107.514,9.998,96.513,26.412,32937,5545,200.0,0,0,75.0
2136,mean_dynamic_mobilenetv2,stable,features_16,1775834885777.496,1775834885859.006,81.511,10.000,68.512,21.471,32937,5545,200.0,0,0,72.5
2137,mean_dynamic_mobilenetv2,stable,features_16,1775834885863.005,1775834885937.515,74.510,11.002,62.510,21.722,32937,5545,200.0,0,0,70.0
2138,mean_dynamic_mobilenetv2,stable,features_16,1775834885940.517,1775834886030.027,89.510,10.001,78.510,21.487,32937,5545,200.0,0,0,71.1
2139,mean_dynamic_mobilenetv2,stable,features_16,1775834886033.029,1775834886111.545,78.516,9.001,68.507,24.411,32937,5545,200.0,0,0,70.0
2140,mean_dynamic_mobilenetv2,stable,features_16,1775834886114.541,1775834886192.827,78.286,9.002,68.284,21.873,32937,5545,200.0,0,0,70.0
2141,mean_dynamic_mobilenetv2,stable,features_16,1775834886195.836,1775834886319.850,124.014,9.998,114.017,24.537,32937,5545,200.0,0,0,70.1
2142,mean_dynamic_mobilenetv2,stable,features_16,1775834886323.848,1775834886407.850,84.002,11.003,71.999,25.438,32937,5545,200.0,0,0,76.5
2143,mean_dynamic_mobilenetv2,stable,features_16,1775834886411.357,1775834886510.865,99.508,13.006,83.998,20.704,32937,5545,200.0,0,0,77.7
2144,mean_dynamic_mobilenetv2,stable,features_16,1775834886513.869,1775834886605.870,92.001,11.001,81.000,24.656,32937,5545,200.0,0,0,73.7
2145,mean_dynamic_mobilenetv2,stable,features_16,1775834886608.874,1775834886717.898,109.023,9.518,97.504,26.310,32937,5545,200.0,0,0,71.3
2146,mean_dynamic_mobilenetv2,stable,features_16,1775834886721.899,1775834886804.901,83.002,16.002,67.000,23.056,32937,5545,200.0,0,0,78.7
2147,mean_dynamic_mobilenetv2,stable,features_16,1775834886808.904,1775834886888.417,79.514,8.514,70.000,27.192,32937,5545,200.0,0,0,72.0
2148,mean_dynamic_mobilenetv2,stable,features_16,1775834886891.423,1775834886989.932,98.509,10.004,87.504,20.695,32937,5545,200.0,0,0,69.1
2149,mean_dynamic_mobilenetv2,stable,features_16,1775834886991.929,1775834887083.449,91.519,8.626,80.506,20.596,32937,5545,200.0,0,0,71.9
2150,mean_dynamic_mobilenetv2,stable,features_16,1775834887086.451,1775834887171.854,85.403,10.180,73.220,26.500,32937,5545,200.0,0,0,70.8
2151,mean_dynamic_mobilenetv2,stable,features_16,1775834887174.857,1775834887276.360,101.504,10.000,90.253,29.072,32937,5545,200.0,0,0,71.2
2152,mean_dynamic_mobilenetv2,stable,features_16,1775834887279.363,1775834887351.869,72.506,9.999,62.508,22.171,32937,5545,200.0,0,0,75.3
2153,mean_dynamic_mobilenetv2,stable,features_16,1775834887354.875,1775834887459.379,104.504,9.998,92.508,24.315,32937,5545,200.0,0,0,69.0
2154,mean_dynamic_mobilenetv2,stable,features_16,1775834887462.378,1775834887552.889,90.511,9.006,80.506,25.425,32937,5545,200.0,0,0,69.8
2155,mean_dynamic_mobilenetv2,stable,features_16,1775834887555.890,1775834887634.058,78.168,10.002,67.166,22.265,32937,5545,200.0,0,0,72.9
2156,mean_dynamic_mobilenetv2,stable,features_16,1775834887637.062,1775834887709.061,71.999,9.000,61.995,20.226,32937,5545,200.0,0,0,68.8
2157,mean_dynamic_mobilenetv2,stable,features_16,1775834887712.568,1775834887804.574,92.006,18.001,71.001,22.919,32937,5545,200.0,0,0,79.2
2158,mean_dynamic_mobilenetv2,stable,features_16,1775834887807.571,1775834887888.092,80.520,12.522,67.998,24.080,32937,5545,200.0,0,0,73.2
2159,mean_dynamic_mobilenetv2,stable,features_16,1775834887891.092,1775834887988.605,97.513,9.007,87.506,29.578,32937,5545,200.0,0,0,69.8
2160,mean_dynamic_mobilenetv2,stable,features_16,1775834887991.609,1775834888072.121,80.512,12.081,67.431,23.111,32937,5545,200.0,0,0,71.6
2161,mean_dynamic_mobilenetv2,stable,features_16,1775834888075.122,1775834888165.633,90.511,9.000,80.510,19.599,32937,5545,200.0,0,0,70.5
2162,mean_dynamic_mobilenetv2,stable,features_16,1775834888168.637,1775834888242.145,73.508,9.001,64.507,22.571,32937,5545,200.0,0,0,66.7
2163,mean_dynamic_mobilenetv2,stable,features_16,1775834888245.146,1775834888341.659,96.512,9.001,86.512,22.661,32937,5545,200.0,0,0,69.6
2164,mean_dynamic_mobilenetv2,stable,features_16,1775834888344.661,1775834888437.166,92.505,11.000,79.498,24.665,32937,5545,200.0,0,0,69.8
2165,mean_dynamic_mobilenetv2,stable,features_16,1775834888441.167,1775834888520.074,78.907,12.002,64.907,23.473,32937,5545,200.0,0,0,80.0
2166,mean_dynamic_mobilenetv2,stable,features_16,1775834888523.074,1775834888617.586,94.512,15.001,78.512,35.678,32937,5545,200.0,0,0,87.6
2167,mean_dynamic_mobilenetv2,stable,features_16,1775834888620.585,1775834888706.593,86.008,14.005,70.999,25.755,32937,5545,200.0,0,0,73.5
2168,mean_dynamic_mobilenetv2,stable,features_16,1775834888709.594,1775834888792.114,82.521,11.519,69.999,23.319,32937,5545,200.0,0,0,78.4
2169,mean_dynamic_mobilenetv2,stable,features_16,1775834888795.115,1775834888869.627,74.512,9.010,64.501,23.993,32937,5545,200.0,0,0,73.8
2170,mean_dynamic_mobilenetv2,stable,features_16,1775834888873.627,1775834888951.136,77.510,14.001,63.509,20.397,32937,5545,200.0,0,0,73.4
2171,mean_dynamic_mobilenetv2,stable,features_16,1775834888954.140,1775834889055.604,101.465,10.000,89.464,21.199,32937,5545,200.0,0,0,73.2
2172,mean_dynamic_mobilenetv2,stable,features_16,1775834889058.603,1775834889144.114,85.511,12.001,71.512,26.115,32937,5545,200.0,0,0,75.0
2173,mean_dynamic_mobilenetv2,stable,features_16,1775834889147.120,1775834889223.622,76.502,8.998,66.505,24.364,32937,5545,200.0,0,0,70.7
2174,mean_dynamic_mobilenetv2,stable,features_16,1775834889226.623,1775834889303.624,77.001,9.001,67.001,23.337,32937,5545,200.0,0,0,70.0
2175,mean_dynamic_mobilenetv2,stable,features_16,1775834889306.624,1775834889399.138,92.514,9.512,82.000,24.791,32937,5545,200.0,0,0,73.1
2176,mean_dynamic_mobilenetv2,stable,features_16,1775834889402.138,1775834889484.648,82.510,10.511,70.999,27.257,32937,5545,200.0,0,0,71.4
2177,mean_dynamic_mobilenetv2,stable,features_16,1775834889487.650,1775834889582.164,94.514,9.011,84.499,24.417,32937,5545,200.0,0,0,69.8
2178,mean_dynamic_mobilenetv2,stable,features_16,1775834889585.161,1775834889664.629,79.468,8.999,68.465,24.340,32937,5545,200.0,0,0,70.5
2179,mean_dynamic_mobilenetv2,stable,features_16,1775834889668.626,1775834889745.135,76.509,15.004,61.504,19.235,32937,5545,200.0,0,0,78.3
2180,mean_dynamic_mobilenetv2,stable,features_16,1775834889748.141,1775834889825.649,77.507,9.995,67.512,24.541,32937,5545,200.0,0,0,72.5
2181,mean_dynamic_mobilenetv2,stable,features_16,1775834889828.653,1775834889911.158,82.506,9.000,71.999,24.535,32937,5545,200.0,0,0,71.2
2182,mean_dynamic_mobilenetv2,stable,features_16,1775834889914.168,1775834889998.167,84.000,11.996,72.003,26.757,32937,5545,200.0,0,0,69.8
2183,mean_dynamic_mobilenetv2,stable,features_16,1775834890001.169,1775834890072.683,71.514,10.509,61.005,19.134,32937,5545,200.0,0,0,71.2
2184,mean_dynamic_mobilenetv2,stable,features_16,1775834890075.681,1775834890167.192,91.511,10.001,81.510,22.997,32937,5545,200.0,0,0,80.2
2185,mean_dynamic_mobilenetv2,stable,features_16,1775834890170.194,1775834890266.433,96.239,9.000,86.237,25.082,32937,5545,200.0,0,0,74.0
2186,mean_dynamic_mobilenetv2,stable,features_16,1775834890269.924,1775834890371.941,102.017,11.958,89.055,25.426,32937,5545,200.0,0,0,70.5
2187,mean_dynamic_mobilenetv2,stable,features_16,1775834890373.940,1775834890449.447,75.507,11.002,63.505,19.702,32937,5545,200.0,0,0,70.0
2188,mean_dynamic_mobilenetv2,stable,features_16,1775834890452.446,1775834890537.961,85.514,9.002,76.513,24.273,32937,5545,200.0,0,0,71.2
2189,mean_dynamic_mobilenetv2,stable,features_16,1775834890541.968,1775834890622.471,80.504,8.994,70.507,25.934,32937,5545,200.0,0,0,70.8
2190,mean_dynamic_mobilenetv2,stable,features_16,1775834890625.472,1775834890707.472,82.000,9.997,71.003,26.009,32937,5545,200.0,0,0,70.4
2191,mean_dynamic_mobilenetv2,stable,features_16,1775834890710.470,1775834890789.979,79.508,16.510,61.999,20.607,32937,5545,200.0,0,0,78.9
2192,mean_dynamic_mobilenetv2,stable,features_16,1775834890793.982,1775834890869.499,75.516,9.005,64.505,23.655,32937,5545,200.0,0,0,75.6
2193,mean_dynamic_mobilenetv2,stable,features_16,1775834890873.497,1775834890973.010,99.513,12.000,86.511,23.003,32937,5545,200.0,0,0,75.0
2194,mean_dynamic_mobilenetv2,stable,features_16,1775834890976.008,1775834891062.522,86.514,9.002,75.512,20.706,32937,5545,200.0,0,0,70.8
2195,mean_dynamic_mobilenetv2,stable,features_16,1775834891065.522,1775834891158.034,92.512,9.000,82.512,22.437,32937,5545,200.0,0,0,69.8
2196,mean_dynamic_mobilenetv2,stable,features_16,1775834891161.035,1775834891238.548,77.513,8.999,67.508,23.452,32937,5545,200.0,0,0,70.0
2197,mean_dynamic_mobilenetv2,stable,features_16,1775834891241.543,1775834891318.016,76.473,12.001,64.472,22.531,32937,5545,200.0,0,0,70.0
2198,mean_dynamic_mobilenetv2,stable,features_16,1775834891321.019,1775834891410.025,89.006,9.997,78.003,18.919,32937,5545,200.0,0,0,69.8
2199,mean_dynamic_mobilenetv2,stable,features_16,1775834891412.533,1775834891519.525,106.991,10.002,95.988,26.610,32937,5545,200.0,0,0,70.8
2200,mean_dynamic_mobilenetv2,stable,features_16,1775834891522.526,1775834891626.038,103.512,14.000,89.511,26.177,32937,5545,200.0,0,0,70.5
2201,mean_dynamic_mobilenetv2,stable,features_16,1775834891629.043,1775834891718.548,89.505,10.993,78.512,23.497,32937,5545,200.0,0,0,74.0
2202,mean_dynamic_mobilenetv2,stable,features_16,1775834891722.548,1775834891824.055,101.507,13.002,88.505,22.209,32937,5545,200.0,0,0,80.4
2203,mean_dynamic_mobilenetv2,stable,features_16,1775834891828.060,1775834891905.061,77.000,9.001,66.998,22.627,32937,5545,200.0,0,0,81.5
2204,mean_dynamic_mobilenetv2,stable,features_16,1775834891908.062,1775834891985.575,77.513,8.511,66.999,20.229,32937,5545,200.0,0,0,75.9
2205,mean_dynamic_mobilenetv2,stable,features_16,1775834891988.575,1775834892110.088,121.513,10.006,110.508,69.402,32937,5545,200.0,0,0,77.5
2206,mean_dynamic_mobilenetv2,stable,features_16,1775834892113.595,1775834892214.112,100.517,10.005,88.507,21.228,32937,5545,200.0,0,0,75.9
2207,mean_dynamic_mobilenetv2,stable,features_16,1775834892217.108,1775834892312.618,95.510,9.999,84.512,24.779,32937,5545,200.0,0,0,71.9
2208,mean_dynamic_mobilenetv2,stable,features_16,1775834892315.617,1775834892400.623,85.005,10.000,75.005,24.261,32937,5545,200.0,0,0,83.0
2209,mean_dynamic_mobilenetv2,stable,features_16,1775834892403.625,1775834892496.129,92.505,10.506,81.999,26.063,32937,5545,200.0,0,0,70.5
2210,mean_dynamic_mobilenetv2,stable,features_16,1775834892499.133,1775834892578.880,79.747,10.002,69.745,24.537,32937,5545,200.0,0,0,71.6
2211,mean_dynamic_mobilenetv2,stable,features_16,1775834892582.882,1775834892657.391,74.509,9.999,64.510,23.693,32937,5545,200.0,0,0,70.0
2212,mean_dynamic_mobilenetv2,stable,features_16,1775834892660.393,1775834892737.903,77.510,9.999,65.486,23.164,32937,5545,200.0,0,0,73.8
2213,mean_dynamic_mobilenetv2,stable,features_16,1775834892740.906,1775834892827.414,86.508,11.005,74.500,25.167,32937,5545,200.0,0,0,76.3
2214,mean_dynamic_mobilenetv2,stable,features_16,1775834892831.413,1775834892912.925,81.512,11.000,70.512,22.849,32937,5545,200.0,0,0,71.2
2215,mean_dynamic_mobilenetv2,stable,features_16,1775834892915.931,1775834893004.928,88.997,9.996,79.001,24.424,32937,5545,200.0,0,0,73.2
2216,mean_dynamic_mobilenetv2,stable,features_16,1775834893007.929,1775834893083.448,75.519,9.521,65.997,22.942,32937,5545,200.0,0,0,72.5
2217,mean_dynamic_mobilenetv2,stable,features_16,1775834893086.449,1775834893177.963,91.514,9.001,80.510,23.784,32937,5545,200.0,0,0,71.9
2218,mean_dynamic_mobilenetv2,stable,features_16,1775834893180.962,1775834893264.470,83.508,9.996,73.512,27.404,32937,5545,200.0,0,0,72.0
2219,mean_dynamic_mobilenetv2,stable,features_16,1775834893267.471,1775834893345.979,78.508,10.001,66.506,23.546,32937,5545,200.0,0,0,68.7
2220,mean_dynamic_mobilenetv2,stable,features_16,1775834893349.979,1775834893425.486,75.508,8.002,66.506,22.857,32937,5545,200.0,0,0,72.5
2221,mean_dynamic_mobilenetv2,stable,features_16,1775834893428.489,1775834893507.489,78.999,11.000,66.997,22.123,32937,5545,200.0,0,0,70.0
2222,mean_dynamic_mobilenetv2,stable,features_16,1775834893510.489,1775834893591.013,80.525,10.522,68.999,24.141,32937,5545,200.0,0,0,70.8
2223,mean_dynamic_mobilenetv2,stable,features_16,1775834893594.011,1775834893668.521,74.510,9.005,64.506,23.520,32937,5545,200.0,0,0,70.0
2224,mean_dynamic_mobilenetv2,stable,features_16,1775834893671.526,1775834893764.029,92.503,12.000,80.504,19.655,32937,5545,200.0,0,0,76.0
2225,mean_dynamic_mobilenetv2,stable,features_16,1775834893768.029,1775834893863.046,95.017,11.005,84.012,24.969,32937,5545,200.0,0,0,70.8
2226,mean_dynamic_mobilenetv2,stable,features_16,1775834893866.049,1775834893936.555,70.506,9.998,60.508,19.555,32937,5545,200.0,0,0,70.0
2227,mean_dynamic_mobilenetv2,stable,features_16,1775834893939.555,1775834894021.066,81.511,9.004,70.505,26.054,32937,5545,200.0,0,0,71.2
2228,mean_dynamic_mobilenetv2,stable,features_16,1775834894024.065,1775834894108.067,84.001,13.002,70.001,23.921,32937,5545,200.0,0,0,71.1
2229,mean_dynamic_mobilenetv2,stable,features_16,1775834894112.070,1775834894184.581,72.511,8.512,63.999,22.794,32937,5545,200.0,0,0,72.5
2230,mean_dynamic_mobilenetv2,stable,features_16,1775834894187.582,1775834894261.091,73.509,9.001,64.508,21.020,32937,5545,200.0,0,0,70.0
2231,mean_dynamic_mobilenetv2,stable,features_16,1775834894264.092,1775834894347.601,83.508,11.004,72.504,26.375,32937,5545,200.0,0,0,70.0
2232,mean_dynamic_mobilenetv2,stable,features_16,1775834894350.602,1775834894459.108,108.506,10.000,96.504,25.877,32937,5545,200.0,0,0,69.6
2233,mean_dynamic_mobilenetv2,stable,features_16,1775834894463.107,1775834894541.619,78.512,12.002,65.509,22.304,32937,5545,200.0,0,0,71.9
2234,mean_dynamic_mobilenetv2,stable,features_16,1775834894544.622,1775834894619.127,74.505,8.000,64.505,22.970,32937,5545,200.0,0,0,72.8
2235,mean_dynamic_mobilenetv2,stable,features_16,1775834894622.127,1775834894704.129,82.002,11.002,70.000,23.171,32937,5545,200.0,0,0,70.0
2236,mean_dynamic_mobilenetv2,stable,features_16,1775834894707.129,1775834894786.637,79.508,10.511,68.996,25.152,32937,5545,200.0,0,0,78.8
2237,mean_dynamic_mobilenetv2,stable,features_16,1775834894790.637,1775834894873.150,82.513,16.011,65.501,23.882,32937,5545,200.0,0,0,81.4
2238,mean_dynamic_mobilenetv2,stable,features_16,1775834894876.152,1775834894959.422,83.271,19.003,63.262,20.844,32937,5545,200.0,0,0,82.5
2239,mean_dynamic_mobilenetv2,stable,features_16,1775834894962.417,1775834895049.429,87.013,14.003,73.009,27.516,32937,5545,200.0,0,0,80.2
2240,mean_dynamic_mobilenetv2,stable,features_16,1775834895053.430,1775834895150.841,97.411,11.999,84.410,21.753,32937,5545,200.0,0,0,81.2
2241,mean_dynamic_mobilenetv2,stable,features_16,1775834895154.838,1775834895240.353,85.515,14.000,69.510,23.974,32937,5545,200.0,0,0,77.8
2242,mean_dynamic_mobilenetv2,stable,features_16,1775834895244.350,1775834895339.857,95.507,15.003,80.504,21.707,32937,5545,200.0,0,0,77.6
2243,mean_dynamic_mobilenetv2,stable,features_16,1775834895343.858,1775834895419.369,75.511,9.001,66.510,23.123,32937,5545,200.0,0,0,77.5
2244,mean_dynamic_mobilenetv2,stable,features_16,1775834895422.368,1775834895499.373,77.005,10.007,66.998,22.374,32937,5545,200.0,0,0,76.5
2245,mean_dynamic_mobilenetv2,stable,features_16,1775834895502.374,1775834895608.468,106.094,11.092,95.002,24.805,32937,5545,200.0,0,0,72.3
2246,mean_dynamic_mobilenetv2,stable,features_16,1775834895611.467,1775834895691.981,80.514,10.515,69.999,25.077,32937,5545,200.0,0,0,73.8
2247,mean_dynamic_mobilenetv2,stable,features_16,1775834895695.981,1775834895771.656,75.675,9.168,65.507,23.858,32937,5545,200.0,0,0,85.2
2248,mean_dynamic_mobilenetv2,stable,features_16,1775834895775.656,1775834895861.687,86.031,15.007,69.023,26.029,32937,5545,200.0,0,0,79.2
2249,mean_dynamic_mobilenetv2,stable,features_16,1775834895864.686,1775834895965.939,101.254,11.002,90.252,25.818,32937,5545,200.0,0,0,69.3
2250,mean_dynamic_mobilenetv2,stable,features_16,1775834895968.939,1775834896077.448,108.509,10.001,96.509,27.737,32937,5545,200.0,0,0,73.0
2251,mean_dynamic_mobilenetv2,stable,features_16,1775834896080.449,1775834896179.958,99.509,10.000,87.509,24.119,32937,5545,200.0,0,0,69.1
2252,mean_dynamic_mobilenetv2,stable,features_16,1775834896182.958,1775834896269.466,86.508,9.999,75.508,22.731,32937,5545,200.0,0,0,69.8
2253,mean_dynamic_mobilenetv2,stable,features_16,1775834896272.464,1775834896365.980,93.515,9.001,84.514,24.045,32937,5545,200.0,0,0,70.8
2254,mean_dynamic_mobilenetv2,stable,features_16,1775834896367.979,1775834896475.323,107.343,10.999,95.344,26.618,32937,5545,200.0,0,0,70.5
2255,mean_dynamic_mobilenetv2,stable,features_16,1775834896478.322,1775834896552.833,74.510,10.000,62.511,21.281,32937,5545,200.0,0,0,70.0
2256,mean_dynamic_mobilenetv2,stable,features_16,1775834896555.836,1775834896635.347,79.511,11.999,66.511,22.366,32937,5545,200.0,0,0,69.8
2257,mean_dynamic_mobilenetv2,stable,features_16,1775834896639.347,1775834896717.967,78.619,12.002,66.617,23.357,32937,5545,200.0,0,0,71.2
2258,mean_dynamic_mobilenetv2,stable,features_16,1775834896721.857,1775834896799.858,78.001,15.003,62.998,21.540,32937,5545,200.0,0,0,80.2
2259,mean_dynamic_mobilenetv2,stable,features_16,1775834896803.860,1775834896886.368,82.508,10.510,71.998,26.395,32937,5545,200.0,0,0,71.6
2260,mean_dynamic_mobilenetv2,stable,features_16,1775834896889.367,1775834896969.884,80.517,9.007,70.507,25.483,32937,5545,200.0,0,0,73.2
2261,mean_dynamic_mobilenetv2,stable,features_16,1775834896972.882,1775834897051.395,78.513,14.002,62.509,21.406,32937,5545,200.0,0,0,81.5
2262,mean_dynamic_mobilenetv2,stable,features_16,1775834897054.398,1775834897134.906,80.508,10.996,68.512,23.379,32937,5545,200.0,0,0,76.8
2263,mean_dynamic_mobilenetv2,stable,features_16,1775834897138.907,1775834897232.420,93.512,12.001,80.507,26.402,32937,5545,200.0,0,0,70.4
2264,mean_dynamic_mobilenetv2,stable,features_16,1775834897235.418,1775834897317.927,82.509,10.004,70.508,26.094,32937,5545,200.0,0,0,70.0
2265,mean_dynamic_mobilenetv2,stable,features_16,1775834897321.925,1775834897401.389,79.464,8.000,70.463,23.995,32937,5545,200.0,0,0,73.7
2266,mean_dynamic_mobilenetv2,stable,features_16,1775834897404.389,1775834897491.897,87.508,10.507,77.001,24.023,32937,5545,200.0,0,0,71.6
2267,mean_dynamic_mobilenetv2,stable,features_16,1775834897494.998,1775834897603.414,108.416,13.909,94.507,24.076,32937,5545,200.0,0,0,71.9
2268,mean_dynamic_mobilenetv2,stable,features_16,1775834897606.412,1775834897705.939,99.527,9.522,89.002,21.391,32937,5545,200.0,0,0,72.2
2269,mean_dynamic_mobilenetv2,stable,features_16,1775834897709.934,1775834897835.954,126.020,13.509,111.510,24.090,32937,5545,200.0,0,0,77.5
2270,mean_dynamic_mobilenetv2,stable,features_16,1775834897839.951,1775834897942.459,102.508,12.001,90.507,23.240,32937,5545,200.0,0,0,71.4
2271,mean_dynamic_mobilenetv2,stable,features_16,1775834897945.459,1775834898024.969,79.510,11.000,68.510,24.314,32937,5545,200.0,0,0,71.6
2272,mean_dynamic_mobilenetv2,stable,features_16,1775834898027.969,1775834898103.974,76.004,10.003,66.001,19.093,32937,5545,200.0,0,0,71.6
2273,mean_dynamic_mobilenetv2,stable,features_16,1775834898106.973,1775834898206.575,99.602,10.509,88.089,23.281,32937,5545,200.0,0,0,71.1
2274,mean_dynamic_mobilenetv2,stable,features_16,1775834898209.577,1775834898279.092,69.516,8.520,60.996,19.468,32937,5545,200.0,0,0,70.0
2275,mean_dynamic_mobilenetv2,stable,features_16,1775834898282.092,1775834898360.605,78.512,9.002,69.510,23.017,32937,5545,200.0,0,0,70.0
2276,mean_dynamic_mobilenetv2,stable,features_16,1775834898363.605,1775834898455.116,91.510,10.000,80.510,25.909,32937,5545,200.0,0,0,71.4
2277,mean_dynamic_mobilenetv2,stable,features_16,1775834898458.120,1775834898538.629,80.509,10.999,67.506,24.345,32937,5545,200.0,0,0,86.6
2278,mean_dynamic_mobilenetv2,stable,features_16,1775834898541.632,1775834898620.138,78.506,11.997,64.509,21.198,32937,5545,200.0,0,0,80.2
2279,mean_dynamic_mobilenetv2,stable,features_16,1775834898623.142,1775834898704.143,81.001,9.999,69.002,25.782,32937,5545,200.0,0,0,78.5
2280,mean_dynamic_mobilenetv2,stable,features_16,1775834898707.145,1775834898788.286,81.140,10.143,70.998,26.564,32937,5545,200.0,0,0,81.5
2281,mean_dynamic_mobilenetv2,stable,features_16,1775834898791.286,1775834898883.800,92.514,10.003,80.508,24.102,32937,5545,200.0,0,0,74.1
2282,mean_dynamic_mobilenetv2,stable,features_16,1775834898886.800,1775834898963.312,76.513,10.001,66.511,25.441,32937,5545,200.0,0,0,66.7
2283,mean_dynamic_mobilenetv2,stable,features_16,1775834898966.313,1775834899072.828,106.514,11.000,93.515,23.100,32937,5545,200.0,0,0,73.2
2284,mean_dynamic_mobilenetv2,stable,features_16,1775834899074.826,1775834899182.341,107.515,11.556,93.507,26.331,32937,5545,200.0,0,0,71.2
2285,mean_dynamic_mobilenetv2,stable,features_16,1775834899185.341,1775834899259.694,74.353,9.999,62.137,22.140,32937,5545,200.0,0,0,74.7
2286,mean_dynamic_mobilenetv2,stable,features_16,1775834899262.697,1775834899351.976,89.279,8.996,78.275,26.640,32937,5545,200.0,0,0,69.5
2287,mean_dynamic_mobilenetv2,stable,features_16,1775834899354.969,1775834899442.041,87.072,13.001,72.550,26.339,32937,5545,200.0,0,0,77.1
2288,mean_dynamic_mobilenetv2,stable,features_16,1775834899445.043,1775834899523.475,78.432,8.001,69.430,24.003,32937,5545,200.0,0,0,72.8
2289,mean_dynamic_mobilenetv2,stable,features_16,1775834899526.477,1775834899608.477,82.000,9.000,70.998,26.455,32937,5545,200.0,0,0,71.3
2290,mean_dynamic_mobilenetv2,stable,features_16,1775834899611.479,1775834899709.994,98.515,8.512,87.002,22.163,32937,5545,200.0,0,0,69.4
2291,mean_dynamic_mobilenetv2,stable,features_16,1775834899713.994,1775834899800.505,86.512,21.509,65.003,20.188,32937,5545,200.0,0,0,83.3
2292,mean_dynamic_mobilenetv2,stable,features_16,1775834899803.506,1775834899894.012,90.506,9.000,81.507,23.888,32937,5545,200.0,0,0,69.8
2293,mean_dynamic_mobilenetv2,stable,features_16,1775834899897.012,1775834899990.527,93.515,10.006,83.509,25.327,32937,5545,200.0,0,0,70.1
2294,mean_dynamic_mobilenetv2,stable,features_16,1775834899993.529,1775834900100.046,106.517,10.005,94.506,25.999,32937,5545,200.0,0,0,73.2
2295,mean_dynamic_mobilenetv2,stable,features_16,1775834900103.046,1775834900202.719,99.673,11.583,87.088,20.547,32937,5545,200.0,0,0,69.6
2296,mean_dynamic_mobilenetv2,stable,features_16,1775834900205.720,1775834900284.237,78.517,9.000,68.003,26.255,32937,5545,200.0,0,0,70.0
2297,mean_dynamic_mobilenetv2,stable,features_16,1775834900287.238,1775834900367.748,80.509,8.999,70.510,24.293,32937,5545,200.0,0,0,71.1
2298,mean_dynamic_mobilenetv2,stable,features_16,1775834900371.747,1775834900474.258,102.511,11.001,91.510,26.044,32937,5545,200.0,0,0,69.8
2299,mean_dynamic_mobilenetv2,stable,features_16,1775834900477.259,1775834900557.773,80.514,11.002,68.509,23.940,32937,5545,200.0,0,0,69.8
2300,mean_dynamic_mobilenetv2,stable,features_16,1775834900560.770,1775834900640.283,79.513,14.003,65.510,21.921,32937,5545,200.0,0,0,70.0
2301,mean_dynamic_mobilenetv2,stable,features_16,1775834900643.283,1775834900738.802,95.518,9.000,85.517,24.981,32937,5545,200.0,0,0,80.4
2302,mean_dynamic_mobilenetv2,stable,features_16,1775834900743.235,1775834900830.312,87.076,16.567,70.509,23.608,32937,5545,200.0,0,0,81.2
2303,mean_dynamic_mobilenetv2,stable,features_16,1775834900834.314,1775834900917.822,83.507,9.999,72.509,21.916,32937,5545,200.0,0,0,73.3
2304,mean_dynamic_mobilenetv2,stable,features_16,1775834900920.821,1775834901013.825,93.004,9.002,82.000,22.774,32937,5545,200.0,0,0,75.3
2305,mean_dynamic_mobilenetv2,stable,features_16,1775834901017.329,1775834901106.334,89.005,12.005,76.000,25.321,32937,5545,200.0,0,0,77.3
2306,mean_dynamic_mobilenetv2,stable,features_16,1775834901110.339,1775834901185.857,75.518,10.514,63.999,22.565,32937,5545,200.0,0,0,71.2
2307,mean_dynamic_mobilenetv2,stable,features_16,1775834901188.854,1775834901274.361,85.506,9.998,75.508,21.443,32937,5545,200.0,0,0,71.9
2308,mean_dynamic_mobilenetv2,stable,features_16,1775834901278.360,1775834901357.869,79.510,12.005,67.505,22.055,32937,5545,200.0,0,0,72.2
2309,mean_dynamic_mobilenetv2,stable,features_16,1775834901360.870,1775834901437.377,76.507,10.002,66.504,23.026,32937,5545,200.0,0,0,71.6
2310,mean_dynamic_mobilenetv2,stable,features_16,1775834901440.377,1775834901519.889,79.512,16.001,63.510,20.530,32937,5545,200.0,0,0,70.0
2311,mean_dynamic_mobilenetv2,stable,features_16,1775834901522.888,1775834901600.896,78.007,9.000,68.000,23.448,32937,5545,200.0,0,0,71.2
2312,mean_dynamic_mobilenetv2,stable,features_16,1775834901604.897,1775834901684.402,79.505,11.507,67.998,21.343,32937,5545,200.0,0,0,69.5
2313,mean_dynamic_mobilenetv2,stable,features_16,1775834901687.406,1775834901761.911,74.506,9.998,63.508,23.340,32937,5545,200.0,0,0,74.4
2314,mean_dynamic_mobilenetv2,stable,features_16,1775834901764.913,1775834901842.423,77.510,11.000,65.510,22.994,32937,5545,200.0,0,0,75.3
2315,mean_dynamic_mobilenetv2,stable,features_16,1775834901845.781,1775834901944.938,99.157,9.645,88.507,24.350,32937,5545,200.0,0,0,67.7
2316,mean_dynamic_mobilenetv2,stable,features_16,1775834901947.936,1775834902031.443,83.507,10.997,71.510,25.157,32937,5545,200.0,0,0,76.0
2317,mean_dynamic_mobilenetv2,stable,features_16,1775834902034.445,1775834902107.449,73.004,10.001,63.002,19.831,32937,5545,200.0,0,0,73.2
2318,mean_dynamic_mobilenetv2,stable,features_16,1775834902110.452,1775834902211.963,101.511,11.512,88.998,23.283,32937,5545,200.0,0,0,71.4
2319,mean_dynamic_mobilenetv2,stable,features_16,1775834902215.472,1775834902322.991,107.519,13.009,93.510,25.286,32937,5545,200.0,0,0,70.3
2320,mean_dynamic_mobilenetv2,stable,features_16,1775834902325.991,1775834902405.992,80.001,10.001,69.999,23.379,32937,5545,200.0,0,0,70.9
2321,mean_dynamic_mobilenetv2,stable,features_16,1775834902408.992,1775834902485.499,76.507,10.507,66.000,22.100,32937,5545,200.0,0,0,70.7
2322,mean_dynamic_mobilenetv2,stable,features_16,1775834902489.501,1775834902589.037,99.536,9.003,89.530,25.996,32937,5545,200.0,0,0,69.6
2323,mean_dynamic_mobilenetv2,stable,features_16,1775834902591.036,1775834902666.386,75.350,10.006,64.343,22.952,32937,5545,200.0,0,0,70.9
2324,mean_dynamic_mobilenetv2,stable,features_16,1775834902669.387,1775834902745.903,76.516,10.002,64.510,22.365,32937,5545,200.0,0,0,76.5
2325,mean_dynamic_mobilenetv2,stable,features_16,1775834902748.899,1775834902833.991,85.093,12.004,71.082,24.693,32937,5545,200.0,0,0,73.8
2326,mean_dynamic_mobilenetv2,stable,features_16,1775834902837.989,1775834902920.495,82.506,11.998,70.508,24.882,32937,5545,200.0,0,0,73.4
2327,mean_dynamic_mobilenetv2,stable,features_16,1775834902923.498,1775834902997.495,73.998,11.000,62.997,21.044,32937,5545,200.0,0,0,69.1
2328,mean_dynamic_mobilenetv2,stable,features_16,1775834903000.501,1775834903106.010,105.509,12.000,92.508,32.201,32937,5545,200.0,0,0,72.1
2329,mean_dynamic_mobilenetv2,stable,features_16,1775834903109.010,1775834903190.157,81.148,10.506,69.642,24.761,32937,5545,200.0,0,0,69.5
2330,mean_dynamic_mobilenetv2,stable,features_16,1775834903193.157,1775834903286.670,93.513,9.006,84.507,25.381,32937,5545,200.0,0,0,69.8
2331,mean_dynamic_mobilenetv2,stable,features_16,1775834903289.671,1775834903381.182,91.511,11.005,80.506,27.728,32937,5545,200.0,0,0,72.9
2332,mean_dynamic_mobilenetv2,stable,features_16,1775834903384.183,1775834903461.695,77.512,9.999,66.513,24.067,32937,5545,200.0,0,0,74.0
2333,mean_dynamic_mobilenetv2,stable,features_16,1775834903464.694,1775834903607.213,142.519,11.004,130.513,24.858,32937,5545,200.0,0,0,69.0
2334,mean_dynamic_mobilenetv2,stable,features_16,1775834903610.212,1775834903690.724,80.511,9.514,70.998,25.849,32937,5545,200.0,0,0,70.0
2335,mean_dynamic_mobilenetv2,stable,features_16,1775834903693.724,1775834903765.235,71.511,9.009,61.502,19.712,32937,5545,200.0,0,0,77.8
2336,mean_dynamic_mobilenetv2,stable,features_16,1775834903769.236,1775834903861.751,92.514,11.000,80.511,25.081,32937,5545,200.0,0,0,75.3
2337,mean_dynamic_mobilenetv2,stable,features_16,1775834903864.749,1775834903950.260,85.511,9.004,75.505,20.618,32937,5545,200.0,0,0,71.1
2338,mean_dynamic_mobilenetv2,stable,features_16,1775834903953.259,1775834904046.772,93.513,11.000,81.514,27.481,32937,5545,200.0,0,0,75.0
2339,mean_dynamic_mobilenetv2,stable,features_16,1775834904049.774,1775834904155.280,105.506,11.354,93.153,24.693,32937,5545,200.0,0,0,78.1
2340,mean_dynamic_mobilenetv2,stable,features_16,1775834904158.281,1775834904264.409,106.128,11.997,93.130,25.301,32937,5545,200.0,0,0,75.9
2341,mean_dynamic_mobilenetv2,stable,features_16,1775834904267.410,1775834904357.921,90.511,9.000,79.507,24.448,32937,5545,200.0,0,0,75.5
2342,mean_dynamic_mobilenetv2,stable,features_16,1775834904360.922,1775834904436.426,75.504,10.996,64.508,23.089,32937,5545,200.0,0,0,72.2
2343,mean_dynamic_mobilenetv2,stable,features_16,1775834904439.425,1775834904537.940,98.515,10.001,88.514,23.573,32937,5545,200.0,0,0,71.1
2344,mean_dynamic_mobilenetv2,stable,features_16,1775834904540.939,1775834904631.451,90.511,10.062,79.448,24.195,32937,5545,200.0,0,0,74.7
2345,mean_dynamic_mobilenetv2,stable,features_16,1775834904634.449,1775834904705.455,71.006,9.002,61.003,19.475,32937,5545,200.0,0,0,71.2
2346,mean_dynamic_mobilenetv2,stable,features_16,1775834904708.454,1775834904788.965,80.511,14.510,65.327,22.529,32937,5545,200.0,0,0,80.2
2347,mean_dynamic_mobilenetv2,stable,features_16,1775834904792.965,1775834904883.474,90.509,15.015,74.505,27.716,32937,5545,200.0,0,0,77.9
2348,mean_dynamic_mobilenetv2,stable,features_16,1775834904886.477,1775834904970.989,84.512,15.006,68.507,22.482,32937,5545,200.0,0,0,68.7
2349,mean_dynamic_mobilenetv2,stable,features_16,1775834904973.993,1775834905045.501,71.508,9.997,61.511,20.086,32937,5545,200.0,0,0,72.8
2350,mean_dynamic_mobilenetv2,stable,features_16,1775834905048.500,1775834905127.009,78.509,10.002,68.507,23.748,32937,5545,200.0,0,0,68.8
2351,mean_dynamic_mobilenetv2,stable,features_16,1775834905130.008,1775834905236.816,106.808,12.300,93.507,26.160,32937,5545,200.0,0,0,75.0
2352,mean_dynamic_mobilenetv2,stable,features_16,1775834905239.819,1775834905321.325,81.506,10.001,71.505,25.562,32937,5545,200.0,0,0,73.2
2353,mean_dynamic_mobilenetv2,stable,features_16,1775834905324.327,1775834905417.834,93.507,9.000,83.507,23.286,32937,5545,200.0,0,0,73.7
2354,mean_dynamic_mobilenetv2,stable,features_16,1775834905421.834,1775834905504.838,83.004,11.001,71.005,25.628,32937,5545,200.0,0,0,71.6
2355,mean_dynamic_mobilenetv2,stable,features_16,1775834905507.838,1775834905583.349,75.511,9.513,65.998,24.239,32937,5545,200.0,0,0,71.2
2356,mean_dynamic_mobilenetv2,stable,features_16,1775834905586.352,1775834905675.858,89.506,10.998,78.509,21.780,32937,5545,200.0,0,0,71.9
2357,mean_dynamic_mobilenetv2,stable,features_16,1775834905678.862,1775834905759.368,80.507,8.998,70.507,25.744,32937,5545,200.0,0,0,78.1
2358,mean_dynamic_mobilenetv2,stable,features_16,1775834905762.367,1775834905851.887,89.520,17.001,70.515,25.673,32937,5545,200.0,0,0,78.0
2359,mean_dynamic_mobilenetv2,stable,features_16,1775834905854.883,1775834905932.398,77.515,10.001,65.506,23.275,32937,5545,200.0,0,0,78.1
2360,mean_dynamic_mobilenetv2,stable,features_16,1775834905935.395,1775834906037.906,102.510,10.999,89.511,24.260,32937,5545,200.0,0,0,77.1
2361,mean_dynamic_mobilenetv2,stable,features_16,1775834906041.907,1775834906143.420,101.513,13.002,87.508,21.204,32937,5545,200.0,0,0,73.5
2362,mean_dynamic_mobilenetv2,stable,features_16,1775834906146.417,1775834906225.929,79.512,8.000,70.511,24.139,32937,5545,200.0,0,0,71.2
2363,mean_dynamic_mobilenetv2,stable,features_16,1775834906229.931,1775834906307.934,78.003,9.999,68.004,24.086,32937,5545,200.0,0,0,70.8
2364,mean_dynamic_mobilenetv2,stable,features_16,1775834906310.932,1775834906414.898,103.966,10.510,92.001,26.301,32937,5545,200.0,0,0,71.4
2365,mean_dynamic_mobilenetv2,stable,features_16,1775834906417.951,1775834906497.950,80.000,10.000,70.000,21.554,32937,5545,200.0,0,0,69.1
2366,mean_dynamic_mobilenetv2,stable,features_16,1775834906500.956,1775834906588.176,87.219,9.009,78.210,27.665,32937,5545,200.0,0,0,69.8
2367,mean_dynamic_mobilenetv2,stable,features_16,1775834906591.322,1775834906690.694,99.372,9.857,88.514,23.065,32937,5545,200.0,0,0,71.9
2368,mean_dynamic_mobilenetv2,stable,features_16,1775834906693.694,1775834906775.205,81.511,12.005,68.542,24.379,32937,5545,200.0,0,0,82.5
2369,mean_dynamic_mobilenetv2,stable,features_16,1775834906779.207,1775834906874.725,95.518,18.998,75.517,26.992,32937,5545,200.0,0,0,74.0
2370,mean_dynamic_mobilenetv2,stable,features_16,1775834906878.723,1775834906983.235,104.512,14.000,90.512,25.656,32937,5545,200.0,0,0,72.3
2371,mean_dynamic_mobilenetv2,stable,features_16,1775834906986.234,1775834907066.744,80.510,15.000,65.510,20.799,32937,5545,200.0,0,0,86.6
2372,mean_dynamic_mobilenetv2,stable,features_16,1775834907069.744,1775834907150.685,80.941,11.000,69.940,24.669,32937,5545,200.0,0,0,78.4
2373,mean_dynamic_mobilenetv2,stable,features_16,1775834907153.684,1775834907233.193,79.510,9.002,68.508,23.212,32937,5545,200.0,0,0,81.7
2374,mean_dynamic_mobilenetv2,stable,features_16,1775834907236.200,1775834907322.707,86.507,8.995,76.512,21.090,32937,5545,200.0,0,0,84.3
2375,mean_dynamic_mobilenetv2,stable,features_16,1775834907325.707,1775834907420.219,94.512,11.005,82.508,26.992,32937,5545,200.0,0,0,75.0
2376,mean_dynamic_mobilenetv2,stable,features_16,1775834907423.220,1775834907500.220,77.000,8.999,66.001,21.987,32937,5545,200.0,0,0,75.0
2377,mean_dynamic_mobilenetv2,stable,features_16,1775834907503.228,1775834907608.739,105.510,8.996,94.514,26.956,32937,5545,200.0,0,0,72.7
2378,mean_dynamic_mobilenetv2,stable,features_16,1775834907611.738,1775834907696.250,84.512,9.509,73.001,20.355,32937,5545,200.0,0,0,78.4
2379,mean_dynamic_mobilenetv2,stable,features_16,1775834907699.248,1775834907777.760,78.511,9.006,68.505,26.489,32937,5545,200.0,0,0,85.9
2380,mean_dynamic_mobilenetv2,stable,features_16,1775834907780.758,1775834907876.266,95.508,10.001,85.507,29.723,32937,5545,200.0,0,0,75.0
2381,mean_dynamic_mobilenetv2,stable,features_16,1775834907879.270,1775834907982.775,103.506,10.998,91.508,26.284,32937,5545,200.0,0,0,70.2
2382,mean_dynamic_mobilenetv2,stable,features_16,1775834907985.776,1775834908069.283,83.507,11.998,70.509,26.153,32937,5545,200.0,0,0,71.2
2383,mean_dynamic_mobilenetv2,stable,features_16,1775834908072.281,1775834908170.797,98.516,9.002,89.514,28.877,32937,5545,200.0,0,0,72.8
2384,mean_dynamic_mobilenetv2,stable,features_16,1775834908174.800,1775834908271.309,96.510,9.999,86.510,22.837,32937,5545,200.0,0,0,70.1
2385,mean_dynamic_mobilenetv2,stable,features_16,1775834908274.309,1775834908347.359,73.050,9.000,63.049,20.764,32937,5545,200.0,0,0,73.8
2386,mean_dynamic_mobilenetv2,stable,features_16,1775834908351.362,1775834908440.390,89.028,14.997,72.028,27.430,32937,5545,200.0,0,0,75.3
2387,mean_dynamic_mobilenetv2,stable,features_16,1775834908443.387,1775834908521.897,78.510,9.001,68.507,21.890,32937,5545,200.0,0,0,73.8
2388,mean_dynamic_mobilenetv2,stable,features_16,1775834908524.896,1775834908599.895,74.999,10.000,62.999,21.492,32937,5545,200.0,0,0,71.2
2389,mean_dynamic_mobilenetv2,stable,features_16,1775834908602.900,1775834908690.407,87.507,10.999,75.508,25.256,32937,5545,200.0,0,0,71.9
2390,mean_dynamic_mobilenetv2,stable,features_16,1775834908693.407,1775834908788.324,94.917,10.414,84.504,26.042,32937,5545,200.0,0,0,79.2
2391,mean_dynamic_mobilenetv2,stable,features_16,1775834908791.324,1775834908878.840,87.516,11.009,75.503,31.255,32937,5545,200.0,0,0,70.8
2392,mean_dynamic_mobilenetv2,stable,features_16,1775834908881.835,1775834908981.343,99.508,10.006,88.502,33.010,32937,5545,200.0,0,0,72.7
2393,mean_dynamic_mobilenetv2,stable,features_16,1775834908984.345,1775834909061.855,77.511,9.000,68.511,22.236,32937,5545,200.0,0,0,70.7
2394,mean_dynamic_mobilenetv2,stable,features_16,1775834909064.856,1775834909164.363,99.507,10.001,87.503,30.529,32937,5545,200.0,0,0,69.4
2395,mean_dynamic_mobilenetv2,stable,features_16,1775834909167.365,1775834909270.875,103.510,9.998,92.511,26.389,32937,5545,200.0,0,0,72.8
2396,mean_dynamic_mobilenetv2,stable,features_16,1775834909273.874,1775834909403.384,129.510,13.000,116.510,23.924,32937,5545,200.0,0,0,69.9
2397,mean_dynamic_mobilenetv2,stable,features_16,1775834909406.654,1775834909477.785,71.131,8.731,62.400,19.931,32937,5545,200.0,0,0,70.9
2398,mean_dynamic_mobilenetv2,stable,features_16,1775834909480.785,1775834909575.297,94.512,15.004,78.508,20.427,32937,5545,200.0,0,0,69.4
2399,mean_dynamic_mobilenetv2,stable,features_16,1775834909579.300,1775834909652.540,73.240,9.000,64.240,23.276,32937,5545,200.0,0,0,71.6
2400,mean_dynamic_mobilenetv2,stable,features_16,1775834909655.540,1775834909734.047,78.507,9.002,69.505,24.286,32937,5545,200.0,0,0,72.5
2401,mean_dynamic_mobilenetv2,stable,features_16,1775834909738.048,1775834909822.568,84.520,13.004,70.517,24.080,32937,5545,200.0,0,0,90.1
2402,mean_dynamic_mobilenetv2,stable,features_16,1775834909827.650,1775834909930.075,102.425,19.918,80.505,20.095,32937,5545,200.0,0,0,80.4
2403,mean_dynamic_mobilenetv2,stable,features_16,1775834909934.074,1775834910024.767,90.693,11.000,78.693,23.811,32937,5545,200.0,0,0,74.7
2404,mean_dynamic_mobilenetv2,stable,features_16,1775834910027.771,1775834910119.276,91.504,10.000,81.505,24.263,32937,5545,200.0,0,0,69.1
2405,mean_dynamic_mobilenetv2,stable,features_16,1775834910122.279,1775834910197.277,74.998,10.997,64.001,20.856,32937,5545,200.0,0,0,72.8
2406,mean_dynamic_mobilenetv2,stable,features_16,1775834910200.276,1775834910276.787,76.511,12.010,64.502,23.686,32937,5545,200.0,0,0,73.4
2407,mean_dynamic_mobilenetv2,stable,features_16,1775834910279.792,1775834910353.947,74.156,11.374,62.781,20.181,32937,5545,200.0,0,0,70.0
2408,mean_dynamic_mobilenetv2,stable,features_16,1775834910356.953,1775834910437.454,80.501,9.995,68.505,24.616,32937,5545,200.0,0,0,71.2
2409,mean_dynamic_mobilenetv2,stable,features_16,1775834910440.458,1775834910538.967,98.509,9.997,87.514,25.808,32937,5545,200.0,0,0,71.4
2410,mean_dynamic_mobilenetv2,stable,features_16,1775834910542.968,1775834910620.473,77.505,11.999,65.506,23.003,32937,5545,200.0,0,0,72.1
2411,mean_dynamic_mobilenetv2,stable,features_16,1775834910623.476,1775834910721.983,98.506,11.000,87.507,23.973,32937,5545,200.0,0,0,73.5
2412,mean_dynamic_mobilenetv2,stable,features_16,1775834910725.984,1775834910805.984,80.000,12.001,67.999,24.115,32937,5545,200.0,0,0,81.2
2413,mean_dynamic_mobilenetv2,stable,features_16,1775834910808.985,1775834910887.392,78.407,11.406,67.000,22.458,32937,5545,200.0,0,0,69.0
2414,mean_dynamic_mobilenetv2,stable,features_16,1775834910891.392,1775834910970.901,79.509,9.000,69.509,24.153,32937,5545,200.0,0,0,72.5
2415,mean_dynamic_mobilenetv2,stable,features_16,1775834910973.901,1775834911078.409,104.507,11.003,92.504,24.523,32937,5545,200.0,0,0,72.1
2416,mean_dynamic_mobilenetv2,stable,features_16,1775834911081.411,1775834911156.920,75.510,9.999,64.507,22.388,32937,5545,200.0,0,0,69.1
2417,mean_dynamic_mobilenetv2,stable,features_16,1775834911160.918,1775834911232.424,71.506,11.001,60.505,18.584,32937,5545,200.0,0,0,71.2
2418,mean_dynamic_mobilenetv2,stable,features_16,1775834911235.427,1775834911326.938,91.512,9.998,80.510,24.403,32937,5545,200.0,0,0,79.8
2419,mean_dynamic_mobilenetv2,stable,features_16,1775834911329.936,1775834911429.444,99.507,9.999,88.507,24.480,32937,5545,200.0,0,0,71.8
2420,mean_dynamic_mobilenetv2,stable,features_16,1775834911433.444,1775834911526.951,93.507,9.004,84.503,22.799,32937,5545,200.0,0,0,75.5
2421,mean_dynamic_mobilenetv2,stable,features_16,1775834911529.953,1775834911617.456,87.503,10.001,77.501,23.885,32937,5545,200.0,0,0,74.7
2422,mean_dynamic_mobilenetv2,stable,features_16,1775834911621.460,1775834911699.458,77.998,9.000,68.999,22.257,32937,5545,200.0,0,0,67.9
2423,mean_dynamic_mobilenetv2,stable,features_16,1775834911702.461,1775834911803.975,101.514,11.004,89.509,22.073,32937,5545,200.0,0,0,75.3
2424,mean_dynamic_mobilenetv2,stable,features_16,1775834911806.978,1775834911884.480,77.502,11.507,64.997,24.090,32937,5545,200.0,0,0,80.0
2425,mean_dynamic_mobilenetv2,stable,features_16,1775834911887.480,1775834911963.990,76.510,10.002,64.506,24.044,32937,5545,200.0,0,0,70.4
2426,mean_dynamic_mobilenetv2,stable,features_16,1775834911966.989,1775834912070.496,103.507,11.000,91.502,27.724,32937,5545,200.0,0,0,73.6
2427,mean_dynamic_mobilenetv2,stable,features_16,1775834912073.496,1775834912177.002,103.507,11.001,92.506,24.661,32937,5545,200.0,0,0,68.4
2428,mean_dynamic_mobilenetv2,stable,features_16,1775834912181.005,1775834912258.513,77.508,9.999,66.506,25.403,32937,5545,200.0,0,0,70.9
2429,mean_dynamic_mobilenetv2,stable,features_16,1775834912260.512,1775834912346.018,85.506,10.004,75.502,22.168,32937,5545,200.0,0,0,70.3
2430,mean_dynamic_mobilenetv2,stable,features_16,1775834912349.018,1775834912441.526,92.507,8.999,82.507,24.135,32937,5545,200.0,0,0,69.8
2431,mean_dynamic_mobilenetv2,stable,features_16,1775834912445.525,1775834912534.039,88.513,11.003,76.505,24.163,32937,5545,200.0,0,0,72.2
2432,mean_dynamic_mobilenetv2,stable,features_16,1775834912536.538,1775834912630.554,94.016,10.004,84.012,26.491,32937,5545,200.0,0,0,69.8
2433,mean_dynamic_mobilenetv2,stable,features_16,1775834912634.556,1775834912718.067,83.512,12.626,70.513,24.426,32937,5545,200.0,0,0,82.0
2434,mean_dynamic_mobilenetv2,stable,features_16,1775834912721.065,1775834912811.268,90.203,9.001,79.392,20.368,32937,5545,200.0,0,0,75.0
2435,mean_dynamic_mobilenetv2,stable,features_16,1775834912814.269,1775834912889.778,75.509,8.512,64.656,22.829,32937,5545,200.0,0,0,70.0
2436,mean_dynamic_mobilenetv2,stable,features_16,1775834912892.779,1775834912985.285,92.507,10.003,81.503,24.505,32937,5545,200.0,0,0,70.1
2437,mean_dynamic_mobilenetv2,stable,features_16,1775834912988.288,1775834913066.422,78.134,11.000,66.132,20.285,32937,5545,200.0,0,0,71.2
2438,mean_dynamic_mobilenetv2,stable,features_16,1775834913070.423,1775834913170.927,100.505,13.002,86.501,23.616,32937,5545,200.0,0,0,70.5
2439,mean_dynamic_mobilenetv2,stable,features_16,1775834913174.928,1775834913247.434,72.507,12.000,60.507,19.316,32937,5545,200.0,0,0,72.5
2440,mean_dynamic_mobilenetv2,stable,features_16,1775834913250.437,1775834913333.941,83.504,9.001,72.505,27.954,32937,5545,200.0,0,0,77.2
2441,mean_dynamic_mobilenetv2,stable,features_16,1775834913336.941,1775834913438.456,101.514,10.001,89.510,24.913,32937,5545,200.0,0,0,69.6
2442,mean_dynamic_mobilenetv2,stable,features_16,1775834913440.835,1775834913516.456,75.622,10.618,64.001,21.170,32937,5545,200.0,0,0,73.8
2443,mean_dynamic_mobilenetv2,stable,features_16,1775834913519.625,1775834913616.631,97.005,9.001,88.005,23.623,32937,5545,200.0,0,0,70.1
2444,mean_dynamic_mobilenetv2,stable,features_16,1775834913620.137,1775834913699.136,78.999,9.002,68.999,20.835,32937,5545,200.0,0,0,71.6
2445,mean_dynamic_mobilenetv2,stable,features_16,1775834913702.138,1775834913788.650,86.513,14.004,71.004,25.852,32937,5545,200.0,0,0,76.5
2446,mean_dynamic_mobilenetv2,stable,features_16,1775834913791.651,1775834913881.160,89.509,10.000,78.508,23.239,32937,5545,200.0,0,0,69.8
2447,mean_dynamic_mobilenetv2,stable,features_16,1775834913884.164,1775834913978.667,94.503,9.000,84.503,28.979,32937,5545,200.0,0,0,70.3
2448,mean_dynamic_mobilenetv2,stable,features_16,1775834913981.669,1775834914063.179,81.511,10.999,69.512,24.213,32937,5545,200.0,0,0,70.4
2449,mean_dynamic_mobilenetv2,stable,features_16,1775834914066.184,1775834914142.685,76.501,8.999,67.502,25.272,32937,5545,200.0,0,0,71.2
2450,mean_dynamic_mobilenetv2,stable,features_16,1775834914145.685,1775834914219.945,74.260,9.002,64.260,20.993,32937,5545,200.0,0,0,72.5
2451,mean_dynamic_mobilenetv2,stable,features_16,1775834914223.949,1775834914304.951,81.002,8.999,69.002,23.973,32937,5545,200.0,0,0,70.0
2452,mean_dynamic_mobilenetv2,stable,features_16,1775834914307.948,1775834914409.457,101.508,11.506,90.002,26.267,32937,5545,200.0,0,0,71.7
2453,mean_dynamic_mobilenetv2,stable,features_16,1775834914412.459,1775834914486.971,74.512,9.512,63.000,23.373,32937,5545,200.0,0,0,71.2
2454,mean_dynamic_mobilenetv2,stable,features_16,1775834914489.970,1775834914581.072,91.102,11.093,79.099,25.598,32937,5545,200.0,0,0,71.1
2455,mean_dynamic_mobilenetv2,stable,features_16,1775834914584.073,1775834914660.580,76.506,9.004,66.502,20.241,32937,5545,200.0,0,0,70.0
2456,mean_dynamic_mobilenetv2,stable,features_16,1775834914663.579,1775834914740.092,76.512,11.003,65.509,23.777,32937,5545,200.0,0,0,72.5
2457,mean_dynamic_mobilenetv2,stable,features_16,1775834914744.090,1775834914823.603,79.513,11.003,67.509,25.404,32937,5545,200.0,0,0,74.0
2458,mean_dynamic_mobilenetv2,stable,features_16,1775834914826.604,1775834914906.604,80.000,9.000,70.000,24.462,32937,5545,200.0,0,0,70.4
2459,mean_dynamic_mobilenetv2,stable,features_16,1775834914909.606,1775834915013.117,103.510,11.506,91.004,23.774,32937,5545,200.0,0,0,74.3
2460,mean_dynamic_mobilenetv2,stable,features_16,1775834915016.118,1775834915145.135,129.016,9.512,119.504,74.193,32937,5545,200.0,0,0,77.5
2461,mean_dynamic_mobilenetv2,stable,features_16,1775834915148.135,1775834915246.645,98.510,10.999,85.507,22.896,32937,5545,200.0,0,0,72.6
2462,mean_dynamic_mobilenetv2,stable,features_16,1775834915249.641,1775834915339.151,89.510,10.001,78.505,22.953,32937,5545,200.0,0,0,78.9
2463,mean_dynamic_mobilenetv2,stable,features_16,1775834915342.147,1775834915420.658,78.511,10.001,68.510,25.542,32937,5545,200.0,0,0,75.6
2464,mean_dynamic_mobilenetv2,stable,features_16,1775834915423.660,1775834915514.660,91.000,9.999,80.001,26.501,32937,5545,200.0,0,0,72.6
2465,mean_dynamic_mobilenetv2,stable,features_16,1775834915516.660,1775834915617.176,100.516,10.512,87.002,21.447,32937,5545,200.0,0,0,71.1
2466,mean_dynamic_mobilenetv2,stable,features_16,1775834915619.685,1775834915699.681,79.995,11.997,67.998,26.529,32937,5545,200.0,0,0,72.3
2467,mean_dynamic_mobilenetv2,stable,features_16,1775834915702.683,1775834915790.195,87.511,18.511,69.000,25.961,32937,5545,200.0,0,0,77.3
2468,mean_dynamic_mobilenetv2,stable,features_16,1775834915794.197,1775834915870.706,76.509,10.007,65.501,20.432,32937,5545,200.0,0,0,70.0
2469,mean_dynamic_mobilenetv2,stable,features_16,1775834915873.707,1775834915952.214,78.507,10.000,66.506,22.418,32937,5545,200.0,0,0,70.0
2470,mean_dynamic_mobilenetv2,stable,features_16,1775834915955.213,1775834916047.721,92.508,10.000,82.507,21.933,32937,5545,200.0,0,0,69.1
2471,mean_dynamic_mobilenetv2,stable,features_16,1775834916050.722,1775834916129.228,78.506,9.002,68.504,23.617,32937,5545,200.0,0,0,71.2
2472,mean_dynamic_mobilenetv2,stable,features_16,1775834916132.252,1775834916225.744,93.493,9.977,82.512,24.977,32937,5545,200.0,0,0,71.1
2473,mean_dynamic_mobilenetv2,stable,features_16,1775834916229.741,1775834916310.743,81.002,14.001,67.001,21.390,32937,5545,200.0,0,0,70.8
2474,mean_dynamic_mobilenetv2,stable,features_16,1775834916314.742,1775834916409.252,94.510,9.508,83.001,25.355,32937,5545,200.0,0,0,72.9
2475,mean_dynamic_mobilenetv2,stable,features_16,1775834916412.255,1775834916514.762,102.507,9.506,92.000,24.150,32937,5545,200.0,0,0,70.5
2476,mean_dynamic_mobilenetv2,stable,features_16,1775834916518.267,1775834916599.270,81.003,9.005,70.999,24.797,32937,5545,200.0,0,0,70.0
2477,mean_dynamic_mobilenetv2,stable,features_16,1775834916602.271,1775834916702.781,100.511,11.006,89.505,25.892,32937,5545,200.0,0,0,69.6
2478,mean_dynamic_mobilenetv2,stable,features_16,1775834916705.786,1775834916786.297,80.510,11.000,68.509,24.411,32937,5545,200.0,0,0,80.7
2479,mean_dynamic_mobilenetv2,stable,features_16,1775834916789.298,1775834916871.411,82.113,11.997,68.116,23.795,32937,5545,200.0,0,0,77.1
2480,mean_dynamic_mobilenetv2,stable,features_16,1775834916875.409,1775834916952.867,77.457,15.002,61.453,20.963,32937,5545,200.0,0,0,70.0
2481,mean_dynamic_mobilenetv2,stable,features_16,1775834916955.863,1775834917034.372,78.509,9.001,69.508,26.335,32937,5545,200.0,0,0,71.2
2482,mean_dynamic_mobilenetv2,stable,features_16,1775834917037.372,1775834917137.882,100.510,10.001,89.507,21.910,32937,5545,200.0,0,0,69.6
2483,mean_dynamic_mobilenetv2,stable,features_16,1775834917141.882,1775834917224.389,82.507,11.000,70.508,25.762,32937,5545,200.0,0,0,75.0
2484,mean_dynamic_mobilenetv2,stable,features_16,1775834917228.390,1775834917320.897,92.508,9.000,83.508,20.722,32937,5545,200.0,0,0,75.5
2485,mean_dynamic_mobilenetv2,stable,features_16,1775834917324.896,1775834917397.897,73.001,10.435,62.000,19.181,32937,5545,200.0,0,0,67.2
2486,mean_dynamic_mobilenetv2,stable,features_16,1775834917401.898,1775834917499.408,97.511,11.006,83.506,26.321,32937,5545,200.0,0,0,73.0
2487,mean_dynamic_mobilenetv2,stable,features_16,1775834917502.410,1775834917583.921,81.511,12.178,68.330,23.283,32937,5545,200.0,0,0,72.5
2488,mean_dynamic_mobilenetv2,stable,features_16,1775834917586.921,1775834917678.938,92.017,11.006,81.011,22.382,32937,5545,200.0,0,0,71.1
2489,mean_dynamic_mobilenetv2,stable,features_16,1775834917682.938,1775834917771.449,88.511,8.003,80.509,22.861,32937,5545,200.0,0,0,77.3
2490,mean_dynamic_mobilenetv2,stable,features_16,1775834917774.448,1775834917869.960,95.512,9.000,84.509,26.144,32937,5545,200.0,0,0,71.8
2491,mean_dynamic_mobilenetv2,stable,features_16,1775834917872.959,1775834917974.464,101.504,8.998,90.506,21.433,32937,5545,200.0,0,0,68.4
2492,mean_dynamic_mobilenetv2,stable,features_16,1775834917977.466,1775834918057.984,80.518,9.001,70.516,28.394,32937,5545,200.0,0,0,83.7
2493,mean_dynamic_mobilenetv2,stable,features_16,1775834918060.986,1775834918160.490,99.504,11.999,86.504,23.963,32937,5545,200.0,0,0,69.8
2494,mean_dynamic_mobilenetv2,stable,features_16,1775834918163.491,1775834918253.870,90.378,12.001,77.377,22.406,32937,5545,200.0,0,0,69.1
2495,mean_dynamic_mobilenetv2,stable,features_16,1775834918256.870,1775834918345.378,88.508,10.000,77.507,22.743,32937,5545,200.0,0,0,69.8
2496,mean_dynamic_mobilenetv2,stable,features_16,1775834918348.379,1775834918440.891,92.512,9.000,82.512,26.602,32937,5545,200.0,0,0,69.8
2497,mean_dynamic_mobilenetv2,stable,features_16,1775834918443.894,1775834918545.396,101.503,9.001,91.502,23.792,32937,5545,200.0,0,0,69.6
2498,mean_dynamic_mobilenetv2,stable,features_16,1775834918549.399,1775834918626.911,77.512,9.998,66.513,21.737,32937,5545,200.0,0,0,75.0
2499,mean_dynamic_mobilenetv2,stable,features_16,1775834918629.912,1775834918714.913,85.001,10.997,73.001,22.483,32937,5545,200.0,0,0,70.8
2500,mean_dynamic_mobilenetv2,stable,features_16,1775834918718.415,1775834918805.423,87.008,14.004,71.003,25.745,32937,5545,200.0,0,0,77.1
2501,mean_dynamic_mobilenetv2,stable,features_16,1775834918809.423,1775834918908.930,99.507,11.504,87.003,28.274,32937,5545,200.0,0,0,70.1
2502,mean_dynamic_mobilenetv2,stable,features_16,1775834918911.930,1775834918988.437,76.506,9.507,66.999,22.352,32937,5545,200.0,0,0,70.4
2503,mean_dynamic_mobilenetv2,stable,features_16,1775834918991.440,1775834919087.097,95.656,15.152,78.509,19.575,32937,5545,200.0,0,0,78.8
2504,mean_dynamic_mobilenetv2,stable,features_16,1775834919090.097,1775834919182.607,92.510,10.001,82.509,23.599,32937,5545,200.0,0,0,70.1
2505,mean_dynamic_mobilenetv2,stable,features_16,1775834919185.608,1775834919270.240,84.632,11.001,73.631,25.517,32937,5545,200.0,0,0,71.2
2506,mean_dynamic_mobilenetv2,stable,features_16,1775834919274.119,1775834919348.627,74.507,9.001,65.506,22.902,32937,5545,200.0,0,0,71.2
2507,mean_dynamic_mobilenetv2,stable,features_16,1775834919352.627,1775834919443.133,90.506,9.002,78.504,23.613,32937,5545,200.0,0,0,69.8
2508,mean_dynamic_mobilenetv2,stable,features_16,1775834919446.137,1775834919538.643,92.506,11.002,81.504,24.831,32937,5545,200.0,0,0,71.9
2509,mean_dynamic_mobilenetv2,stable,features_16,1775834919541.644,1775834919646.153,104.508,11.577,92.299,23.441,32937,5545,200.0,0,0,72.3
2510,mean_dynamic_mobilenetv2,stable,features_16,1775834919649.153,1775834919729.660,80.507,10.999,69.509,24.596,32937,5545,200.0,0,0,76.0
2511,mean_dynamic_mobilenetv2,stable,features_16,1775834919732.663,1775834919814.663,82.000,12.531,69.012,23.359,32937,5545,200.0,0,0,75.0
2512,mean_dynamic_mobilenetv2,stable,features_16,1775834919817.665,1775834919907.178,89.513,9.515,79.998,23.609,32937,5545,200.0,0,0,69.8
2513,mean_dynamic_mobilenetv2,stable,features_16,1775834919910.179,1775834919983.688,73.509,10.510,61.996,20.567,32937,5545,200.0,0,0,70.0
2514,mean_dynamic_mobilenetv2,stable,features_16,1775834919986.687,1775834920067.198,80.511,9.000,70.505,25.679,32937,5545,200.0,0,0,71.2
2515,mean_dynamic_mobilenetv2,stable,features_16,1775834920071.195,1775834920176.699,105.505,11.998,93.507,25.834,32937,5545,200.0,0,0,69.6
2516,mean_dynamic_mobilenetv2,stable,features_16,1775834920179.701,1775834920258.318,78.617,10.000,68.617,24.648,32937,5545,200.0,0,0,75.3
2517,mean_dynamic_mobilenetv2,stable,features_16,1775834920261.317,1775834920344.825,83.509,10.003,72.505,22.645,32937,5545,200.0,0,0,65.5
2518,mean_dynamic_mobilenetv2,stable,features_16,1775834920347.278,1775834920425.338,78.060,8.549,68.509,24.099,32937,5545,200.0,0,0,71.2
2519,mean_dynamic_mobilenetv2,stable,features_16,1775834920428.335,1775834920535.847,107.512,10.000,96.507,26.048,32937,5545,200.0,0,0,69.6
2520,mean_dynamic_mobilenetv2,stable,features_16,1775834920538.844,1775834920616.849,78.005,9.999,67.002,23.252,32937,5545,200.0,0,0,70.0
2521,mean_dynamic_mobilenetv2,stable,features_16,1775834920619.350,1775834920720.865,101.515,11.004,89.512,25.441,32937,5545,200.0,0,0,74.1
2522,mean_dynamic_mobilenetv2,stable,features_16,1775834920723.865,1775834920870.371,146.506,18.000,128.506,20.673,32937,5545,200.0,0,0,75.9
2523,mean_dynamic_mobilenetv2,stable,features_16,1775834920874.371,1775834920950.878,76.508,8.001,67.507,22.021,32937,5545,200.0,0,0,70.0
2524,mean_dynamic_mobilenetv2,stable,features_16,1775834920953.881,1775834921044.386,90.505,9.000,80.505,26.197,32937,5545,200.0,0,0,77.6
2525,mean_dynamic_mobilenetv2,stable,features_16,1775834921047.443,1775834921121.896,74.453,8.945,63.508,22.500,32937,5545,200.0,0,0,74.7
2526,mean_dynamic_mobilenetv2,stable,features_16,1775834921124.894,1775834921215.897,91.003,9.001,82.002,23.738,32937,5545,200.0,0,0,76.3
2527,mean_dynamic_mobilenetv2,stable,features_16,1775834921219.400,1775834921317.408,98.008,12.513,85.004,19.176,32937,5545,200.0,0,0,71.9
2528,mean_dynamic_mobilenetv2,stable,features_16,1775834921320.917,1775834921402.919,82.002,9.001,71.997,25.183,32937,5545,200.0,0,0,70.5
2529,mean_dynamic_mobilenetv2,stable,features_16,1775834921406.924,1775834921505.809,98.885,10.000,86.882,20.985,32937,5545,200.0,0,0,70.1
2530,mean_dynamic_mobilenetv2,stable,features_16,1775834921508.807,1775834921596.314,87.507,10.000,77.004,20.383,32937,5545,200.0,0,0,70.8
2531,mean_dynamic_mobilenetv2,stable,features_16,1775834921600.316,1775834921692.824,92.508,9.007,83.501,22.277,32937,5545,200.0,0,0,70.8
2532,mean_dynamic_mobilenetv2,stable,features_16,1775834921695.826,1775834921777.333,81.507,12.001,69.506,24.998,32937,5545,200.0,0,0,80.4
2533,mean_dynamic_mobilenetv2,stable,features_16,1775834921781.332,1775834921876.839,95.507,14.007,81.500,21.867,32937,5545,200.0,0,0,69.8
2534,mean_dynamic_mobilenetv2,stable,features_16,1775834921879.840,1775834921957.352,77.512,10.003,67.510,21.993,32937,5545,200.0,0,0,70.0
2535,mean_dynamic_mobilenetv2,stable,features_16,1775834921960.353,1775834922046.858,86.505,10.001,75.504,22.948,32937,5545,200.0,0,0,70.8
2536,mean_dynamic_mobilenetv2,stable,features_16,1775834922049.859,1775834922157.367,107.508,12.002,95.506,23.805,32937,5545,200.0,0,0,70.5
2537,mean_dynamic_mobilenetv2,stable,features_16,1775834922160.366,1775834922241.875,81.509,11.001,70.508,24.168,32937,5545,200.0,0,0,70.0
2538,mean_dynamic_mobilenetv2,stable,features_16,1775834922245.878,1775834922341.386,95.508,9.002,85.502,23.293,32937,5545,200.0,0,0,70.5
2539,mean_dynamic_mobilenetv2,stable,features_16,1775834922343.384,1775834922418.888,75.504,8.001,66.501,23.780,32937,5545,200.0,0,0,70.0
2540,mean_dynamic_mobilenetv2,stable,features_16,1775834922421.894,1775834922515.895,94.001,10.999,82.002,24.946,32937,5545,200.0,0,0,69.8
2541,mean_dynamic_mobilenetv2,stable,features_16,1775834922518.894,1775834922606.417,87.523,9.511,78.012,20.935,32937,5545,200.0,0,0,71.9
2542,mean_dynamic_mobilenetv2,stable,features_16,1775834922609.421,1775834922699.936,90.515,8.000,79.005,22.598,32937,5545,200.0,0,0,72.9
2543,mean_dynamic_mobilenetv2,stable,features_16,1775834922702.932,1775834922785.445,82.512,13.006,68.505,22.880,32937,5545,200.0,0,0,80.0
2544,mean_dynamic_mobilenetv2,stable,features_16,1775834922788.443,1775834922868.958,80.515,14.003,64.510,22.325,32937,5545,200.0,0,0,71.6
2545,mean_dynamic_mobilenetv2,stable,features_16,1775834922871.956,1775834922945.465,73.509,9.003,63.506,22.780,32937,5545,200.0,0,0,67.7
2546,mean_dynamic_mobilenetv2,stable,features_16,1775834922948.466,1775834923027.972,79.506,8.001,70.505,20.761,32937,5545,200.0,0,0,72.3
2547,mean_dynamic_mobilenetv2,stable,features_16,1775834923030.973,1775834923136.487,105.514,13.003,91.508,24.226,32937,5545,200.0,0,0,72.1
2548,mean_dynamic_mobilenetv2,stable,features_16,1775834923139.485,1775834923219.993,80.508,12.999,67.508,25.800,32937,5545,200.0,0,0,69.5
2549,mean_dynamic_mobilenetv2,stable,features_16,1775834923222.995,1775834923320.399,97.405,9.000,87.000,23.553,32937,5545,200.0,0,0,70.4
2550,mean_dynamic_mobilenetv2,stable,features_16,1775834923323.398,1775834923400.398,77.000,10.001,64.999,20.681,32937,5545,200.0,0,0,73.9
2551,mean_dynamic_mobilenetv2,stable,features_16,1775834923403.397,1775834923479.907,76.510,10.004,65.504,21.367,32937,5545,200.0,0,0,74.7
2552,mean_dynamic_mobilenetv2,stable,features_16,1775834923482.909,1775834923578.453,95.544,10.998,83.547,20.076,32937,5545,200.0,0,0,70.7
2553,mean_dynamic_mobilenetv2,stable,features_16,1775834923587.454,1775834923676.965,89.511,10.002,79.509,23.751,32937,5545,200.0,0,0,69.8
2554,mean_dynamic_mobilenetv2,stable,features_16,1775834923679.964,1775834923762.473,82.509,11.000,71.509,24.819,32937,5545,200.0,0,0,77.6
2555,mean_dynamic_mobilenetv2,stable,features_16,1775834923765.473,1775834923862.981,97.508,10.999,85.508,23.077,32937,5545,200.0,0,0,75.0
2556,mean_dynamic_mobilenetv2,stable,features_16,1775834923865.985,1775834923957.494,91.509,9.001,80.510,24.185,32937,5545,200.0,0,0,70.1
2557,mean_dynamic_mobilenetv2,stable,features_16,1775834923960.495,1775834924046.002,85.508,12.006,71.499,18.994,32937,5545,200.0,0,0,70.8
2558,mean_dynamic_mobilenetv2,stable,features_16,1775834924050.000,1775834924140.508,90.507,14.001,76.506,23.073,32937,5545,200.0,0,0,69.8
2559,mean_dynamic_mobilenetv2,stable,features_16,1775834924143.507,1775834924217.512,74.005,9.002,64.000,20.613,32937,5545,200.0,0,0,71.2
2560,mean_dynamic_mobilenetv2,stable,features_16,1775834924221.018,1775834924303.019,82.001,9.001,71.999,27.128,32937,5545,200.0,0,0,70.0
2561,mean_dynamic_mobilenetv2,stable,features_16,1775834924306.022,1775834924408.459,102.437,13.002,88.433,23.364,32937,5545,200.0,0,0,75.0
2562,mean_dynamic_mobilenetv2,stable,features_16,1775834924411.458,1775834924499.968,88.510,9.509,77.999,23.463,32937,5545,200.0,0,0,70.8
2563,mean_dynamic_mobilenetv2,stable,features_16,1775834924502.968,1775834924593.481,90.513,9.008,79.506,22.549,32937,5545,200.0,0,0,69.8
2564,mean_dynamic_mobilenetv2,stable,features_16,1775834924596.483,1775834924688.993,92.510,11.006,80.504,23.773,32937,5545,200.0,0,0,73.5
2565,mean_dynamic_mobilenetv2,stable,features_16,1775834924691.994,1775834924774.286,82.292,10.000,71.288,26.799,32937,5545,200.0,0,0,74.7
2566,mean_dynamic_mobilenetv2,stable,features_16,1775834924778.283,1775834924867.790,89.507,9.999,79.508,20.205,32937,5545,200.0,0,0,75.3
2567,mean_dynamic_mobilenetv2,stable,features_16,1775834924870.790,1775834924956.297,85.507,16.000,69.507,27.714,32937,5545,200.0,0,0,79.0
2568,mean_dynamic_mobilenetv2,stable,features_16,1775834924959.298,1775834925059.697,100.399,18.888,80.510,22.145,32937,5545,200.0,0,0,83.0
2569,mean_dynamic_mobilenetv2,stable,features_16,1775834925062.697,1775834925152.210,89.513,17.000,71.512,24.371,32937,5545,200.0,0,0,85.6
2570,mean_dynamic_mobilenetv2,stable,features_16,1775834925155.214,1775834925264.718,109.504,10.996,95.507,26.439,32937,5545,200.0,0,0,69.6
2571,mean_dynamic_mobilenetv2,stable,features_16,1775834925267.716,1775834925352.265,84.550,13.002,70.545,25.450,32937,5545,200.0,0,0,78.0
2572,mean_dynamic_mobilenetv2,stable,features_16,1775834925355.264,1775834925434.771,79.507,9.998,68.507,21.507,32937,5545,200.0,0,0,75.3
2573,mean_dynamic_mobilenetv2,stable,features_16,1775834925437.771,1775834925517.771,80.000,11.000,68.000,21.802,32937,5545,200.0,0,0,71.2
2574,mean_dynamic_mobilenetv2,stable,features_16,1775834925521.283,1775834925601.283,80.001,9.997,70.004,25.129,32937,5545,200.0,0,0,70.4
2575,mean_dynamic_mobilenetv2,stable,features_16,1775834925604.281,1775834925679.789,75.508,9.006,66.502,21.995,32937,5545,200.0,0,0,73.5
2576,mean_dynamic_mobilenetv2,stable,features_16,1775834925682.792,1775834925761.301,78.509,10.999,67.510,22.185,32937,5545,200.0,0,0,78.9
2577,mean_dynamic_mobilenetv2,stable,features_16,1775834925764.300,1775834925848.810,84.509,12.000,71.509,26.268,32937,5545,200.0,0,0,71.2
2578,mean_dynamic_mobilenetv2,stable,features_16,1775834925851.810,1775834925954.320,102.510,12.548,89.510,24.933,32937,5545,200.0,0,0,69.6
2579,mean_dynamic_mobilenetv2,stable,features_16,1775834925957.323,1775834926058.831,101.507,10.999,89.850,19.697,32937,5545,200.0,0,0,71.2
2580,mean_dynamic_mobilenetv2,stable,features_16,1775834926061.829,1775834926143.336,81.508,9.001,72.506,24.740,32937,5545,200.0,0,0,74.4
2581,mean_dynamic_mobilenetv2,stable,features_16,1775834926146.338,1775834926243.759,97.420,24.002,72.723,24.404,32937,5545,200.0,0,0,86.8
2582,mean_dynamic_mobilenetv2,stable,features_16,1775834926246.760,1775834926323.266,76.505,8.999,66.505,22.594,32937,5545,200.0,0,0,68.8
2583,mean_dynamic_mobilenetv2,stable,features_16,1775834926326.268,1775834926400.771,74.503,9.000,65.503,24.354,32937,5545,200.0,0,0,76.2
2584,mean_dynamic_mobilenetv2,stable,features_16,1775834926403.774,1775834926483.287,79.513,10.007,68.504,24.353,32937,5545,200.0,0,0,71.2
2585,mean_dynamic_mobilenetv2,stable,features_16,1775834926486.284,1775834926628.083,141.800,13.002,126.795,22.168,32937,5545,200.0,0,0,73.8
2586,mean_dynamic_mobilenetv2,stable,features_16,1775834926631.080,1775834926723.591,92.512,13.001,78.511,21.611,32937,5545,200.0,0,0,74.2
2587,mean_dynamic_mobilenetv2,stable,features_16,1775834926727.593,1775834926808.598,81.006,14.998,66.008,23.073,32937,5545,200.0,0,0,82.3
2588,mean_dynamic_mobilenetv2,stable,features_16,1775834926812.597,1775834926889.108,76.510,11.515,63.992,20.460,32937,5545,200.0,0,0,80.5
2589,mean_dynamic_mobilenetv2,stable,features_16,1775834926893.108,1775834926986.617,93.509,9.001,82.508,24.174,32937,5545,200.0,0,0,69.8
2590,mean_dynamic_mobilenetv2,stable,features_16,1775834926989.619,1775834927085.124,95.505,8.999,86.506,28.111,32937,5545,200.0,0,0,70.8
2591,mean_dynamic_mobilenetv2,stable,features_16,1775834927088.124,1775834927166.633,78.508,11.000,66.507,22.111,32937,5545,200.0,0,0,72.4
2592,mean_dynamic_mobilenetv2,stable,features_16,1775834927169.635,1775834927262.145,92.510,13.002,79.508,23.833,32937,5545,200.0,0,0,69.8
2593,mean_dynamic_mobilenetv2,stable,features_16,1775834927265.144,1775834927360.656,95.511,12.001,82.510,26.821,32937,5545,200.0,0,0,77.3
2594,mean_dynamic_mobilenetv2,stable,features_16,1775834927363.656,1775834927446.166,82.510,11.999,69.509,26.379,32937,5545,200.0,0,0,85.0
2595,mean_dynamic_mobilenetv2,stable,features_16,1775834927449.166,1775834927528.035,78.870,11.000,66.870,23.102,32937,5545,200.0,0,0,79.7
2596,mean_dynamic_mobilenetv2,stable,features_16,1775834927532.035,1775834927633.050,101.014,14.031,85.013,21.168,32937,5545,200.0,0,0,79.5
2597,mean_dynamic_mobilenetv2,stable,features_16,1775834927637.048,1775834927715.051,78.003,14.004,62.999,21.353,32937,5545,200.0,0,0,74.1
2598,mean_dynamic_mobilenetv2,stable,features_16,1775834927718.052,1775834927822.068,104.016,14.509,88.506,24.362,32937,5545,200.0,0,0,83.9
2599,mean_dynamic_mobilenetv2,stable,features_16,1775834927826.068,1775834927907.072,81.004,13.004,66.998,22.090,32937,5545,200.0,0,0,78.8
2600,mean_dynamic_mobilenetv2,stable,features_16,1775834927910.073,1775834927986.585,76.512,10.508,64.997,23.131,32937,5545,200.0,0,0,70.4
2601,mean_dynamic_mobilenetv2,stable,features_16,1775834927989.585,1775834928066.139,76.554,12.001,64.553,22.686,32937,5545,200.0,0,0,75.0
2602,mean_dynamic_mobilenetv2,stable,features_16,1775834928069.141,1775834928150.649,81.508,10.000,71.508,22.816,32937,5545,200.0,0,0,72.6
2603,mean_dynamic_mobilenetv2,stable,features_16,1775834928153.649,1775834928231.158,77.509,11.001,66.507,20.611,32937,5545,200.0,0,0,72.5
2604,mean_dynamic_mobilenetv2,stable,features_16,1775834928234.668,1775834928317.160,82.492,10.490,71.002,26.007,32937,5545,200.0,0,0,69.1
2605,mean_dynamic_mobilenetv2,stable,features_16,1775834928320.666,1775834928413.677,93.011,10.004,82.003,26.316,32937,5545,200.0,0,0,71.1
2606,mean_dynamic_mobilenetv2,stable,features_16,1775834928416.673,1775834928518.184,101.511,13.508,87.006,23.194,32937,5545,200.0,0,0,75.0
2607,mean_dynamic_mobilenetv2,stable,features_16,1775834928522.757,1775834928603.756,80.999,13.328,66.998,22.228,32937,5545,200.0,0,0,73.4
2608,mean_dynamic_mobilenetv2,stable,features_16,1775834928607.760,1775834928692.270,84.510,13.001,71.509,23.987,32937,5545,200.0,0,0,69.9
2609,mean_dynamic_mobilenetv2,stable,features_16,1775834928695.272,1775834928798.780,103.507,11.003,90.505,24.329,32937,5545,200.0,0,0,75.9
2610,mean_dynamic_mobilenetv2,stable,features_16,1775834928801.785,1775834928876.298,74.513,12.006,62.507,20.222,32937,5545,200.0,0,0,76.2
2611,mean_dynamic_mobilenetv2,stable,features_16,1775834928879.300,1775834928954.807,75.507,11.000,64.507,22.767,32937,5545,200.0,0,0,77.5
2612,mean_dynamic_mobilenetv2,stable,features_16,1775834928958.808,1775834929041.321,82.513,12.001,69.513,24.538,32937,5545,200.0,0,0,75.0
2613,mean_dynamic_mobilenetv2,stable,features_16,1775834929044.323,1775834929128.830,84.507,13.999,70.508,24.171,32937,5545,200.0,0,0,71.6
2614,mean_dynamic_mobilenetv2,stable,features_16,1775834929131.834,1775834929210.833,78.999,11.000,67.000,25.131,32937,5545,200.0,0,0,80.2
2615,mean_dynamic_mobilenetv2,stable,features_16,1775834929213.833,1775834929291.340,77.507,11.507,65.000,23.854,32937,5545,200.0,0,0,79.4
2616,mean_dynamic_mobilenetv2,stable,features_16,1775834929294.341,1775834929384.853,90.512,11.000,78.929,21.449,32937,5545,200.0,0,0,72.2
2617,mean_dynamic_mobilenetv2,stable,features_16,1775834929387.852,1775834929468.357,80.505,9.002,70.503,25.169,32937,5545,200.0,0,0,73.8
2618,mean_dynamic_mobilenetv2,stable,features_16,1775834929471.359,1775834929548.865,77.505,12.999,63.507,22.410,32937,5545,200.0,0,0,77.5
2619,mean_dynamic_mobilenetv2,stable,features_16,1775834929551.866,1775834929652.371,100.506,11.504,88.002,23.369,32937,5545,200.0,0,0,72.3
2620,mean_dynamic_mobilenetv2,stable,features_16,1775834929655.374,1775834929756.881,101.507,10.999,89.509,21.716,32937,5545,200.0,0,0,80.4
2621,mean_dynamic_mobilenetv2,stable,features_16,1775834929760.879,1775834929845.389,84.510,16.001,66.509,23.792,32937,5545,200.0,0,0,82.5
2622,mean_dynamic_mobilenetv2,stable,features_16,1775834929848.970,1775834929933.297,84.326,11.419,71.907,25.516,32937,5545,200.0,0,0,72.9
2623,mean_dynamic_mobilenetv2,stable,features_16,1775834929936.299,1775834930036.809,100.510,11.000,88.506,23.586,32937,5545,200.0,0,0,71.4
2624,mean_dynamic_mobilenetv2,stable,features_16,1775834930039.805,1775834930114.809,75.004,10.001,65.003,23.235,32937,5545,200.0,0,0,70.0
2625,mean_dynamic_mobilenetv2,stable,features_16,1775834930117.811,1775834930198.321,80.510,11.511,67.999,21.656,32937,5545,200.0,0,0,69.8
2626,mean_dynamic_mobilenetv2,stable,features_16,1775834930201.323,1775834930284.832,83.509,10.002,72.507,25.392,32937,5545,200.0,0,0,72.5
2627,mean_dynamic_mobilenetv2,stable,features_16,1775834930287.832,1775834930368.340,80.508,13.001,66.505,23.985,32937,5545,200.0,0,0,71.6
2628,mean_dynamic_mobilenetv2,stable,features_16,1775834930371.339,1775834930446.846,75.507,13.002,62.506,21.342,32937,5545,200.0,0,0,69.6
2629,mean_dynamic_mobilenetv2,stable,features_16,1775834930450.848,1775834930550.354,99.505,14.001,85.505,26.248,32937,5545,200.0,0,0,70.4
2630,mean_dynamic_mobilenetv2,stable,features_16,1775834930554.357,1775834930633.860,79.502,10.998,68.505,24.156,32937,5545,200.0,0,0,72.6
2631,mean_dynamic_mobilenetv2,stable,features_16,1775834930637.862,1775834930714.866,77.003,11.999,64.004,22.186,32937,5545,200.0,0,0,76.5
2632,mean_dynamic_mobilenetv2,stable,features_16,1775834930717.864,1775834930791.377,73.512,10.514,60.999,19.472,32937,5545,200.0,0,0,76.2
2633,mean_dynamic_mobilenetv2,stable,features_16,1775834930794.376,1775834930874.888,80.512,13.007,65.505,22.986,32937,5545,200.0,0,0,90.0
2634,mean_dynamic_mobilenetv2,stable,features_16,1775834930878.915,1775834930956.308,77.393,10.977,65.415,24.074,32937,5545,200.0,0,0,82.5
2635,mean_dynamic_mobilenetv2,stable,features_16,1775834930959.313,1775834931046.857,87.544,13.999,72.545,24.498,32937,5545,200.0,0,0,72.9
2636,mean_dynamic_mobilenetv2,stable,features_16,1775834931049.817,1775834931133.325,83.508,12.000,71.507,24.629,32937,5545,200.0,0,0,74.0
2637,mean_dynamic_mobilenetv2,stable,features_16,1775834931137.327,1775834931223.832,86.505,8.999,76.506,19.310,32937,5545,200.0,0,0,71.6
2638,mean_dynamic_mobilenetv2,stable,features_16,1775834931226.832,1775834931304.833,78.001,12.000,64.997,23.059,32937,5545,200.0,0,0,70.0
2639,mean_dynamic_mobilenetv2,stable,features_16,1775834931307.835,1775834931415.344,107.508,11.999,94.507,27.875,32937,5545,200.0,0,0,72.0
2640,mean_dynamic_mobilenetv2,stable,features_16,1775834931418.342,1775834931521.362,103.020,11.514,90.000,24.326,32937,5545,200.0,0,0,70.7
2641,mean_dynamic_mobilenetv2,stable,features_16,1775834931525.367,1775834931605.365,79.999,15.998,62.000,19.703,32937,5545,200.0,0,0,72.9
2642,mean_dynamic_mobilenetv2,stable,features_16,1775834931608.369,1775834931688.878,80.509,12.000,67.505,25.218,32937,5545,200.0,0,0,72.8
2643,mean_dynamic_mobilenetv2,stable,features_16,1775834931691.875,1775834931774.911,83.036,12.000,71.036,25.864,32937,5545,200.0,0,0,82.0
2644,mean_dynamic_mobilenetv2,stable,features_16,1775834931777.915,1775834931859.423,81.508,11.998,68.508,24.740,32937,5545,200.0,0,0,75.9
2645,mean_dynamic_mobilenetv2,stable,features_16,1775834931862.422,1775834931959.052,96.630,14.001,81.625,24.290,32937,5545,200.0,0,0,74.7
2646,mean_dynamic_mobilenetv2,stable,features_16,1775834931961.369,1775834932040.560,79.191,11.680,67.511,22.987,32937,5545,200.0,0,0,73.7
2647,mean_dynamic_mobilenetv2,stable,features_16,1775834932043.560,1775834932133.072,89.512,11.000,77.506,25.040,32937,5545,200.0,0,0,71.6
2648,mean_dynamic_mobilenetv2,stable,features_16,1775834932136.068,1775834932225.574,89.507,16.000,71.504,24.405,32937,5545,200.0,0,0,78.8
2649,mean_dynamic_mobilenetv2,stable,features_16,1775834932228.576,1775834932309.579,81.003,10.001,68.998,20.236,32937,5545,200.0,0,0,75.0
2650,mean_dynamic_mobilenetv2,stable,features_16,1775834932312.581,1775834932444.230,131.650,9.511,121.137,22.752,32937,5545,200.0,0,0,68.5
2651,mean_dynamic_mobilenetv2,stable,features_16,1775834932447.230,1775834932521.233,74.003,10.000,64.002,22.822,32937,5545,200.0,0,0,75.0
2652,mean_dynamic_mobilenetv2,stable,features_16,1775834932524.352,1775834932611.925,87.573,14.050,71.520,23.360,32937,5545,200.0,0,0,83.7
2653,mean_dynamic_mobilenetv2,stable,features_16,1775834932615.921,1775834932699.438,83.517,10.518,71.000,26.922,32937,5545,200.0,0,0,72.6
2654,mean_dynamic_mobilenetv2,stable,features_16,1775834932702.438,1775834932786.953,84.515,15.007,67.507,22.429,32937,5545,200.0,0,0,79.0
2655,mean_dynamic_mobilenetv2,stable,features_16,1775834932789.956,1775834932892.463,102.508,12.334,89.170,25.213,32937,5545,200.0,0,0,70.8
2656,mean_dynamic_mobilenetv2,stable,features_16,1775834932895.461,1775834932972.527,77.066,9.003,67.062,23.660,32937,5545,200.0,0,0,70.4
2657,mean_dynamic_mobilenetv2,stable,features_16,1775834932975.529,1775834933054.830,79.300,11.998,67.302,21.936,32937,5545,200.0,0,0,73.7
2658,mean_dynamic_mobilenetv2,stable,features_16,1775834933058.833,1775834933138.344,79.511,11.998,67.513,22.197,32937,5545,200.0,0,0,71.1
2659,mean_dynamic_mobilenetv2,stable,features_16,1775834933142.346,1775834933221.850,79.504,13.000,66.504,24.763,32937,5545,200.0,0,0,81.9
2660,mean_dynamic_mobilenetv2,stable,features_16,1775834933225.854,1775834933304.853,78.999,12.001,65.998,22.631,32937,5545,200.0,0,0,77.7
2661,mean_dynamic_mobilenetv2,stable,features_16,1775834933307.857,1775834933389.362,81.505,9.001,69.504,21.931,32937,5545,200.0,0,0,83.1
2662,mean_dynamic_mobilenetv2,stable,features_16,1775834933391.365,1775834933473.876,82.511,12.000,69.509,26.652,32937,5545,200.0,0,0,75.0
2663,mean_dynamic_mobilenetv2,stable,features_16,1775834933476.874,1775834933571.382,94.508,10.000,83.507,21.664,32937,5545,200.0,0,0,76.1
2664,mean_dynamic_mobilenetv2,stable,features_16,1775834933574.381,1775834933665.888,91.507,9.002,80.768,24.927,32937,5545,200.0,0,0,70.8
2665,mean_dynamic_mobilenetv2,stable,features_16,1775834933668.889,1775834933758.591,89.702,11.000,77.702,23.980,32937,5545,200.0,0,0,81.9
2666,mean_dynamic_mobilenetv2,stable,features_16,1775834933761.593,1775834933840.102,78.510,11.003,67.506,24.722,32937,5545,200.0,0,0,69.9
2667,mean_dynamic_mobilenetv2,stable,features_16,1775834933843.102,1775834933948.610,105.508,16.001,89.126,26.932,32937,5545,200.0,0,0,71.8
2668,mean_dynamic_mobilenetv2,stable,features_16,1775834933951.611,1775834934053.117,101.506,10.000,89.507,22.764,32937,5545,200.0,0,0,72.4
2669,mean_dynamic_mobilenetv2,stable,features_16,1775834934056.118,1775834934156.624,100.506,14.002,86.504,20.084,32937,5545,200.0,0,0,71.4
2670,mean_dynamic_mobilenetv2,stable,features_16,1775834934159.624,1775834934235.133,75.509,10.000,63.508,21.889,32937,5545,200.0,0,0,73.8
2671,mean_dynamic_mobilenetv2,stable,features_16,1775834934238.138,1775834934333.641,95.503,13.000,82.503,24.119,32937,5545,200.0,0,0,75.5
2672,mean_dynamic_mobilenetv2,stable,features_16,1775834934336.639,1775834934439.147,102.508,10.000,91.507,22.411,32937,5545,200.0,0,0,69.6
2673,mean_dynamic_mobilenetv2,stable,features_16,1775834934442.150,1775834934515.150,73.000,9.998,62.002,21.534,32937,5545,200.0,0,0,75.0
2674,mean_dynamic_mobilenetv2,stable,features_16,1775834934518.149,1775834934606.661,88.512,10.510,76.999,19.598,32937,5545,200.0,0,0,71.9
2675,mean_dynamic_mobilenetv2,stable,features_16,1775834934609.667,1775834934688.176,78.509,8.998,68.504,24.658,32937,5545,200.0,0,0,70.9
2676,mean_dynamic_mobilenetv2,stable,features_16,1775834934692.169,1775834934772.231,80.062,12.000,68.062,23.924,32937,5545,200.0,0,0,75.3
2677,mean_dynamic_mobilenetv2,stable,features_16,1775834934776.234,1775834934851.746,75.511,9.997,63.504,19.376,32937,5545,200.0,0,0,81.2
2678,mean_dynamic_mobilenetv2,stable,features_16,1775834934854.746,1775834934934.253,79.507,11.346,67.163,25.778,32937,5545,200.0,0,0,69.8
2679,mean_dynamic_mobilenetv2,stable,features_16,1775834934937.255,1775834935017.260,80.006,9.003,68.997,24.575,32937,5545,200.0,0,0,71.2
2680,mean_dynamic_mobilenetv2,stable,features_16,1775834935020.258,1775834935101.771,81.512,9.512,69.995,24.073,32937,5545,200.0,0,0,70.0
2681,mean_dynamic_mobilenetv2,stable,features_16,1775834935104.771,1775834935182.281,77.510,10.004,67.507,22.416,32937,5545,200.0,0,0,73.7
2682,mean_dynamic_mobilenetv2,stable,features_16,1775834935185.284,1775834935273.646,88.362,12.998,74.364,27.764,32937,5545,200.0,0,0,80.4
2683,mean_dynamic_mobilenetv2,stable,features_16,1775834935277.648,1775834935357.156,79.509,12.000,66.505,21.389,32937,5545,200.0,0,0,68.6
2684,mean_dynamic_mobilenetv2,stable,features_16,1775834935360.155,1775834935465.661,105.506,10.000,94.505,28.017,32937,5545,200.0,0,0,73.9
2685,mean_dynamic_mobilenetv2,stable,features_16,1775834935468.661,1775834935575.845,107.184,16.000,90.183,27.898,32937,5545,200.0,0,0,82.3
2686,mean_dynamic_mobilenetv2,stable,features_16,1775834935578.847,1775834935664.353,85.506,12.997,72.509,25.889,32937,5545,200.0,0,0,77.1
2687,mean_dynamic_mobilenetv2,stable,features_16,1775834935667.352,1775834935748.859,81.508,14.001,66.506,24.204,32937,5545,200.0,0,0,73.8
2688,mean_dynamic_mobilenetv2,stable,features_16,1775834935751.860,1775834935827.368,75.508,11.552,63.955,21.620,32937,5545,200.0,0,0,77.8
2689,mean_dynamic_mobilenetv2,stable,features_16,1775834935829.371,1775834935913.370,83.999,9.997,73.001,28.358,32937,5545,200.0,0,0,70.0
2690,mean_dynamic_mobilenetv2,stable,features_16,1775834935916.371,1775834936004.878,88.507,16.509,70.996,27.817,32937,5545,200.0,0,0,80.2
2691,mean_dynamic_mobilenetv2,stable,features_16,1775834936008.886,1775834936096.421,87.535,16.534,70.293,26.263,32937,5545,200.0,0,0,84.8
2692,mean_dynamic_mobilenetv2,stable,features_16,1775834936099.427,1775834936180.942,81.515,14.004,65.511,21.534,32937,5545,200.0,0,0,78.9
2693,mean_dynamic_mobilenetv2,stable,features_16,1775834936183.938,1775834936278.457,94.519,15.001,79.115,30.078,32937,5545,200.0,0,0,76.3
2694,mean_dynamic_mobilenetv2,stable,features_16,1775834936281.455,1775834936367.961,86.506,13.177,72.507,27.176,32937,5545,200.0,0,0,76.6
2695,mean_dynamic_mobilenetv2,stable,features_16,1775834936370.960,1775834936457.469,86.509,11.001,74.506,21.332,32937,5545,200.0,0,0,68.3
2696,mean_dynamic_mobilenetv2,stable,features_16,1775834936460.467,1775834936553.621,93.153,10.002,82.150,24.570,32937,5545,200.0,0,0,70.8
2697,mean_dynamic_mobilenetv2,stable,features_16,1775834936557.623,1775834936661.135,103.512,12.001,90.510,24.383,32937,5545,200.0,0,0,73.7
2698,mean_dynamic_mobilenetv2,stable,features_16,1775834936664.134,1775834936742.646,78.512,13.001,64.683,22.144,32937,5545,200.0,0,0,81.4
2699,mean_dynamic_mobilenetv2,stable,features_16,1775834936745.969,1775834936830.158,84.188,11.677,71.513,25.771,32937,5545,200.0,0,0,86.2
2700,mean_dynamic_mobilenetv2,stable,features_16,1775834936834.158,1775834936911.159,77.001,10.000,67.001,22.255,32937,5545,200.0,0,0,70.0
2701,mean_dynamic_mobilenetv2,stable,features_16,1775834936914.161,1775834937012.671,98.510,11.506,87.005,23.808,32937,5545,200.0,0,0,73.5
2702,mean_dynamic_mobilenetv2,stable,features_16,1775834937015.670,1775834937106.176,90.506,9.982,79.999,23.371,32937,5545,200.0,0,0,75.3
2703,mean_dynamic_mobilenetv2,stable,features_16,1775834937109.635,1775834937200.144,90.509,12.999,76.510,31.005,32937,5545,200.0,0,0,85.4
2704,mean_dynamic_mobilenetv2,stable,features_16,1775834937204.145,1775834937296.657,92.512,21.520,69.998,22.539,32937,5545,200.0,0,0,87.9
2705,mean_dynamic_mobilenetv2,stable,features_16,1775834937300.658,1775834937391.539,90.881,18.005,72.876,28.423,32937,5545,200.0,0,0,87.0
2706,mean_dynamic_mobilenetv2,stable,features_16,1775834937394.542,1775834937480.058,85.517,13.003,70.509,28.192,32937,5545,200.0,0,0,83.3
2707,mean_dynamic_mobilenetv2,stable,features_16,1775834937483.058,1775834937586.568,103.510,10.000,93.510,23.840,32937,5545,200.0,0,0,72.3
2708,mean_dynamic_mobilenetv2,stable,features_16,1775834937590.571,1775834937678.503,87.932,12.999,73.931,26.228,32937,5545,200.0,0,0,70.7
2709,mean_dynamic_mobilenetv2,stable,features_16,1775834937681.503,1775834937771.019,89.515,12.000,77.516,23.302,32937,5545,200.0,0,0,75.0
2710,mean_dynamic_mobilenetv2,stable,features_16,1775834937776.019,1775834937868.530,92.511,20.000,71.510,28.037,32937,5545,200.0,0,0,84.1
2711,mean_dynamic_mobilenetv2,stable,features_16,1775834937872.530,1775834937975.703,103.173,13.999,89.174,24.344,32937,5545,200.0,0,0,68.7
2712,mean_dynamic_mobilenetv2,stable,features_16,1775834937978.703,1775834938062.215,83.512,12.000,70.511,25.994,32937,5545,200.0,0,0,76.3
2713,mean_dynamic_mobilenetv2,stable,features_16,1775834938065.216,1775834938200.722,135.507,9.000,125.506,29.236,32937,5545,200.0,0,0,70.3
2714,mean_dynamic_mobilenetv2,stable,features_16,1775834938203.722,1775834938283.240,79.518,10.007,68.095,23.044,32937,5545,200.0,0,0,72.8
2715,mean_dynamic_mobilenetv2,stable,features_16,1775834938286.243,1775834938392.750,106.507,9.998,95.013,35.243,32937,5545,200.0,0,0,69.6
2716,mean_dynamic_mobilenetv2,stable,features_16,1775834938395.751,1775834938499.260,103.508,8.999,93.529,30.613,32937,5545,200.0,0,0,74.8
2717,mean_dynamic_mobilenetv2,stable,features_16,1775834938502.261,1775834938600.772,98.510,10.003,85.809,26.053,32937,5545,200.0,0,0,77.3
2718,mean_dynamic_mobilenetv2,stable,features_16,1775834938603.771,1775834938684.919,81.148,15.006,65.658,21.994,32937,5545,200.0,0,0,81.2
2719,mean_dynamic_mobilenetv2,stable,features_16,1775834938688.915,1775834938791.435,102.519,17.000,85.519,28.640,32937,5545,200.0,0,0,87.6
2720,mean_dynamic_mobilenetv2,stable,features_16,1775834938795.435,1775834938888.948,93.513,18.010,75.503,29.693,32937,5545,200.0,0,0,82.3
2721,mean_dynamic_mobilenetv2,stable,features_16,1775834938893.954,1775834938977.295,83.340,12.994,69.344,25.043,32937,5545,200.0,0,0,81.7
2722,mean_dynamic_mobilenetv2,stable,features_16,1775834938979.298,1775834939078.807,99.509,15.997,83.512,24.949,32937,5545,200.0,0,0,67.7
2723,mean_dynamic_mobilenetv2,stable,features_16,1775834939081.807,1775834939166.074,84.268,12.000,71.269,25.001,32937,5545,200.0,0,0,71.6
2724,mean_dynamic_mobilenetv2,stable,features_16,1775834939169.076,1775834939268.583,99.507,9.001,89.503,27.193,32937,5545,200.0,0,0,69.4
2725,mean_dynamic_mobilenetv2,stable,features_16,1775834939272.583,1775834939374.167,101.584,11.998,89.586,25.557,32937,5545,200.0,0,0,69.6
2726,mean_dynamic_mobilenetv2,stable,features_16,1775834939377.168,1775834939456.676,79.508,11.000,68.507,24.823,32937,5545,200.0,0,0,81.9
2727,mean_dynamic_mobilenetv2,stable,features_16,1775834939459.680,1775834939557.188,97.508,10.998,85.510,23.667,32937,5545,200.0,0,0,73.9
2728,mean_dynamic_mobilenetv2,stable,features_16,1775834939560.191,1775834939631.699,71.508,9.999,60.866,19.297,32937,5545,200.0,0,0,74.2
2729,mean_dynamic_mobilenetv2,stable,features_16,1775834939634.701,1775834939715.115,80.413,9.001,70.430,26.500,32937,5545,200.0,0,0,72.9
2730,mean_dynamic_mobilenetv2,stable,features_16,1775834939717.116,1775834939801.625,84.509,12.513,69.000,24.821,32937,5545,200.0,0,0,77.5
2731,mean_dynamic_mobilenetv2,stable,features_16,1775834939804.625,1775834939896.142,91.518,11.006,79.510,23.382,32937,5545,200.0,0,0,71.1
2732,mean_dynamic_mobilenetv2,stable,features_16,1775834939900.140,1775834939991.648,91.509,12.004,79.504,25.258,32937,5545,200.0,0,0,69.8
2733,mean_dynamic_mobilenetv2,stable,features_16,1775834939994.651,1775834940079.391,84.740,11.000,73.740,26.843,32937,5545,200.0,0,0,79.2
2734,mean_dynamic_mobilenetv2,stable,features_16,1775834940082.390,1775834940177.717,95.327,10.000,84.326,25.662,32937,5545,200.0,0,0,70.1
2735,mean_dynamic_mobilenetv2,stable,features_16,1775834940180.717,1775834940267.228,86.511,10.003,74.505,23.377,32937,5545,200.0,0,0,69.8
2736,mean_dynamic_mobilenetv2,stable,features_16,1775834940270.226,1775834940367.745,97.519,13.001,83.518,30.751,32937,5545,200.0,0,0,82.1
2737,mean_dynamic_mobilenetv2,stable,features_16,1775834940371.751,1775834940452.255,80.504,8.998,69.550,25.112,32937,5545,200.0,0,0,68.3
2738,mean_dynamic_mobilenetv2,stable,features_16,1775834940455.252,1775834940566.759,111.508,13.003,96.504,24.578,32937,5545,200.0,0,0,69.6
2739,mean_dynamic_mobilenetv2,stable,features_16,1775834940570.761,1775834940667.267,96.506,12.000,83.506,20.710,32937,5545,200.0,0,0,69.6
2740,mean_dynamic_mobilenetv2,stable,features_16,1775834940670.266,1775834940746.774,76.508,9.002,67.507,24.116,32937,5545,200.0,0,0,81.5
2741,mean_dynamic_mobilenetv2,stable,features_16,1775834940749.776,1775834940825.285,75.509,10.000,65.509,23.476,32937,5545,200.0,0,0,82.5
2742,mean_dynamic_mobilenetv2,stable,features_16,1775834940829.285,1775834940908.286,79.001,12.001,66.000,22.929,32937,5545,200.0,0,0,80.0
2743,mean_dynamic_mobilenetv2,stable,features_16,1775834940911.289,1775834941016.813,105.524,13.526,89.997,24.690,32937,5545,200.0,0,0,77.9
2744,mean_dynamic_mobilenetv2,stable,features_16,1775834941019.812,1775834941102.006,82.194,10.194,72.000,24.911,32937,5545,200.0,0,0,76.1
2745,mean_dynamic_mobilenetv2,stable,features_16,1775834941105.005,1775834941179.056,74.051,9.005,63.045,21.657,32937,5545,200.0,0,0,67.6
2746,mean_dynamic_mobilenetv2,stable,features_16,1775834941182.057,1775834941275.085,93.028,11.000,81.029,23.750,32937,5545,200.0,0,0,69.6
2747,mean_dynamic_mobilenetv2,stable,features_16,1775834941278.085,1775834941382.592,104.506,12.005,92.501,23.528,32937,5545,200.0,0,0,71.1
2748,mean_dynamic_mobilenetv2,stable,features_16,1775834941385.593,1775834941476.100,90.507,10.999,78.506,23.868,32937,5545,200.0,0,0,70.8
2749,mean_dynamic_mobilenetv2,stable,features_16,1775834941479.101,1775834941552.609,73.508,8.999,63.509,21.071,32937,5545,200.0,0,0,74.1
2750,mean_dynamic_mobilenetv2,stable,features_16,1775834941555.609,1775834941641.114,85.505,9.002,74.505,19.441,32937,5545,200.0,0,0,69.8
2751,mean_dynamic_mobilenetv2,stable,features_16,1775834941644.116,1775834941725.102,80.986,9.999,70.987,24.248,32937,5545,200.0,0,0,71.6
2752,mean_dynamic_mobilenetv2,stable,features_16,1775834941729.101,1775834941813.104,84.004,15.005,67.996,23.961,32937,5545,200.0,0,0,80.2
2753,mean_dynamic_mobilenetv2,stable,features_16,1775834941817.106,1775834941913.614,96.508,11.506,85.002,23.311,32937,5545,200.0,0,0,72.2
2754,mean_dynamic_mobilenetv2,stable,features_16,1775834941916.616,1775834942000.128,83.512,9.513,73.999,22.832,32937,5545,200.0,0,0,69.8
2755,mean_dynamic_mobilenetv2,stable,features_16,1775834942004.126,1775834942097.637,93.510,14.005,78.506,25.137,32937,5545,200.0,0,0,70.8
2756,mean_dynamic_mobilenetv2,stable,features_16,1775834942100.636,1775834942182.153,81.517,11.007,69.505,23.854,32937,5545,200.0,0,0,70.8
2757,mean_dynamic_mobilenetv2,stable,features_16,1775834942184.150,1775834942272.656,88.506,16.002,70.506,22.017,32937,5545,200.0,0,0,71.2
2758,mean_dynamic_mobilenetv2,stable,features_16,1775834942275.658,1775834942380.162,104.504,9.997,94.507,23.723,32937,5545,200.0,0,0,69.6
2759,mean_dynamic_mobilenetv2,stable,features_16,1775834942383.272,1775834942458.214,74.941,10.892,63.049,19.559,32937,5545,200.0,0,0,70.0
2760,mean_dynamic_mobilenetv2,stable,features_16,1775834942461.214,1775834942561.734,100.520,11.002,88.518,21.815,32937,5545,200.0,0,0,69.6
2761,mean_dynamic_mobilenetv2,stable,features_16,1775834942564.734,1775834942651.599,86.865,10.001,75.860,19.344,32937,5545,200.0,0,0,72.0
2762,mean_dynamic_mobilenetv2,stable,features_16,1775834942654.596,1775834942733.110,78.514,8.000,68.509,25.574,32937,5545,200.0,0,0,80.2
2763,mean_dynamic_mobilenetv2,stable,features_16,1775834942737.106,1775834942812.108,75.002,12.000,62.002,21.528,32937,5545,200.0,0,0,91.6
2764,mean_dynamic_mobilenetv2,stable,features_16,1775834942815.110,1775834942893.616,78.507,9.508,67.998,24.956,32937,5545,200.0,0,0,76.2
2765,mean_dynamic_mobilenetv2,stable,features_16,1775834942897.616,1775834943004.124,106.508,15.004,90.503,24.382,32937,5545,200.0,0,0,79.6
2766,mean_dynamic_mobilenetv2,stable,features_16,1775834943007.126,1775834943086.633,79.507,11.004,66.503,22.309,32937,5545,200.0,0,0,75.3
2767,mean_dynamic_mobilenetv2,stable,features_16,1775834943089.637,1775834943180.142,90.505,11.307,79.198,24.402,32937,5545,200.0,0,0,72.9
2768,mean_dynamic_mobilenetv2,stable,features_16,1775834943183.142,1775834943256.241,73.098,10.000,63.098,20.936,32937,5545,200.0,0,0,70.1
2769,mean_dynamic_mobilenetv2,stable,features_16,1775834943259.323,1775834943339.749,80.426,10.918,68.507,24.240,32937,5545,200.0,0,0,70.5
2770,mean_dynamic_mobilenetv2,stable,features_16,1775834943342.750,1775834943446.260,103.510,10.000,91.508,24.542,32937,5545,200.0,0,0,75.2
2771,mean_dynamic_mobilenetv2,stable,features_16,1775834943449.260,1775834943546.605,97.345,10.000,86.344,22.726,32937,5545,200.0,0,0,66.0
2772,mean_dynamic_mobilenetv2,stable,features_16,1775834943549.609,1775834943641.113,91.504,13.002,77.500,22.903,32937,5545,200.0,0,0,69.8
2773,mean_dynamic_mobilenetv2,stable,features_16,1775834943644.241,1775834943730.621,86.379,9.875,74.837,19.675,32937,5545,200.0,0,0,69.8
2774,mean_dynamic_mobilenetv2,stable,features_16,1775834943734.622,1775834943812.624,78.002,12.998,65.003,20.552,32937,5545,200.0,0,0,82.7
2775,mean_dynamic_mobilenetv2,stable,features_16,1775834943815.629,1775834943957.410,141.781,11.274,128.506,25.219,32937,5545,200.0,0,0,74.8
2776,mean_dynamic_mobilenetv2,stable,features_16,1775834943960.412,1775834944039.918,79.507,10.000,68.506,23.745,32937,5545,200.0,0,0,75.0
2777,mean_dynamic_mobilenetv2,stable,features_16,1775834944042.918,1775834944119.920,77.001,10.000,67.002,24.164,32937,5545,200.0,0,0,67.9
2778,mean_dynamic_mobilenetv2,stable,features_16,1775834944122.921,1775834944211.430,88.510,9.508,77.002,22.848,32937,5545,200.0,0,0,79.3
2779,mean_dynamic_mobilenetv2,stable,features_16,1775834944214.431,1775834944302.943,88.512,10.508,78.004,20.478,32937,5545,200.0,0,0,68.1
2780,mean_dynamic_mobilenetv2,stable,features_16,1775834944306.944,1775834944401.454,94.510,8.006,85.504,24.833,32937,5545,200.0,0,0,72.1
2781,mean_dynamic_mobilenetv2,stable,features_16,1775834944405.458,1775834944487.966,82.508,11.004,70.504,27.014,32937,5545,200.0,0,0,71.2
2782,mean_dynamic_mobilenetv2,stable,features_16,1775834944490.967,1775834944567.477,76.510,10.003,64.508,23.954,32937,5545,200.0,0,0,71.1
2783,mean_dynamic_mobilenetv2,stable,features_16,1775834944570.476,1775834944651.983,81.506,9.000,70.508,22.875,32937,5545,200.0,0,0,69.8
2784,mean_dynamic_mobilenetv2,stable,features_16,1775834944654.985,1775834944756.496,101.511,10.000,89.505,24.896,32937,5545,200.0,0,0,75.0
2785,mean_dynamic_mobilenetv2,stable,features_16,1775834944759.494,1775834944836.005,76.511,10.000,64.511,23.510,32937,5545,200.0,0,0,80.0
2786,mean_dynamic_mobilenetv2,stable,features_16,1775834944839.006,1775834944938.512,99.507,15.000,84.506,23.406,32937,5545,200.0,0,0,71.7
2787,mean_dynamic_mobilenetv2,stable,features_16,1775834944942.518,1775834945023.515,80.997,9.995,70.002,25.123,32937,5545,200.0,0,0,73.4
2788,mean_dynamic_mobilenetv2,stable,features_16,1775834945027.022,1775834945127.528,100.505,13.001,87.504,24.781,32937,5545,200.0,0,0,71.4
2789,mean_dynamic_mobilenetv2,stable,features_16,1775834945130.528,1775834945238.036,107.508,12.001,94.507,26.760,32937,5545,200.0,0,0,69.6
2790,mean_dynamic_mobilenetv2,stable,features_16,1775834945241.042,1775834945345.544,104.502,9.995,92.505,25.734,32937,5545,200.0,0,0,73.2
2791,mean_dynamic_mobilenetv2,stable,features_16,1775834945348.543,1775834945427.049,78.506,10.003,68.503,23.410,32937,5545,200.0,0,0,77.8
2792,mean_dynamic_mobilenetv2,stable,features_16,1775834945430.052,1775834945508.050,77.998,8.999,68.999,25.669,32937,5545,200.0,0,0,74.4
2793,mean_dynamic_mobilenetv2,stable,features_16,1775834945511.054,1775834945586.562,75.508,9.001,65.506,22.032,32937,5545,200.0,0,0,72.9
2794,mean_dynamic_mobilenetv2,stable,features_16,1775834945589.562,1775834945673.072,83.509,10.002,71.507,26.136,32937,5545,200.0,0,0,68.8
2795,mean_dynamic_mobilenetv2,stable,features_16,1775834945676.072,1775834945752.579,76.507,12.213,63.506,21.856,32937,5545,200.0,0,0,81.2
2796,mean_dynamic_mobilenetv2,stable,features_16,1775834945755.579,1775834945832.091,76.512,10.381,64.129,22.243,32937,5545,200.0,0,0,75.0
2797,mean_dynamic_mobilenetv2,stable,features_16,1775834945835.090,1775834945916.092,81.002,9.999,70.003,24.549,32937,5545,200.0,0,0,72.6
2798,mean_dynamic_mobilenetv2,stable,features_16,1775834945919.092,1775834945997.597,78.505,8.506,68.999,24.913,32937,5545,200.0,0,0,75.3
2799,mean_dynamic_mobilenetv2,stable,features_16,1775834946001.597,1775834946076.107,74.510,10.005,64.505,22.367,32937,5545,200.0,0,0,73.4
2800,mean_dynamic_mobilenetv2,stable,features_16,1775834946079.109,1775834946161.621,82.512,10.000,72.511,19.548,32937,5545,200.0,0,0,74.1
2801,mean_dynamic_mobilenetv2,stable,features_16,1775834946164.624,1775834946267.129,102.506,8.999,91.503,28.631,32937,5545,200.0,0,0,72.1
2802,mean_dynamic_mobilenetv2,stable,features_16,1775834946270.127,1775834946373.637,103.510,12.088,90.509,28.157,32937,5545,200.0,0,0,72.2
2803,mean_dynamic_mobilenetv2,stable,features_16,1775834946376.638,1775834946455.146,78.508,12.000,65.507,24.235,32937,5545,200.0,0,0,72.2
2804,mean_dynamic_mobilenetv2,stable,features_16,1775834946458.148,1775834946532.653,74.506,8.998,64.192,22.121,32937,5545,200.0,0,0,70.0
2805,mean_dynamic_mobilenetv2,stable,features_16,1775834946535.657,1775834946635.161,99.504,9.998,89.506,24.667,32937,5545,200.0,0,0,69.6
2806,mean_dynamic_mobilenetv2,stable,features_16,1775834946638.161,1775834946716.164,78.003,10.001,68.001,24.078,32937,5545,200.0,0,0,72.5
2807,mean_dynamic_mobilenetv2,stable,features_16,1775834946719.166,1775834946809.671,90.505,17.507,72.998,27.259,32937,5545,200.0,0,0,76.8
2808,mean_dynamic_mobilenetv2,stable,features_16,1775834946812.676,1775834946898.181,85.506,10.000,72.508,26.951,32937,5545,200.0,0,0,70.7
2809,mean_dynamic_mobilenetv2,stable,features_16,1775834946902.181,1775834946978.692,76.511,13.004,62.503,19.880,32937,5545,200.0,0,0,72.9
2810,mean_dynamic_mobilenetv2,stable,features_16,1775834946981.692,1775834947058.198,76.507,9.999,65.505,24.273,32937,5545,200.0,0,0,73.1
2811,mean_dynamic_mobilenetv2,stable,features_16,1775834947060.201,1775834947165.706,105.505,9.996,93.507,26.152,32937,5545,200.0,0,0,69.9
2812,mean_dynamic_mobilenetv2,stable,features_16,1775834947168.707,1775834947245.212,76.506,10.000,65.505,23.164,32937,5545,200.0,0,0,70.9
2813,mean_dynamic_mobilenetv2,stable,features_16,1775834947248.239,1775834947351.265,103.025,10.974,91.049,21.972,32937,5545,200.0,0,0,68.4
2814,mean_dynamic_mobilenetv2,stable,features_16,1775834947354.263,1775834947460.286,106.022,11.000,95.022,39.561,32937,5545,200.0,0,0,71.7
2815,mean_dynamic_mobilenetv2,stable,features_16,1775834947463.285,1775834947550.793,87.508,10.001,75.506,26.131,32937,5545,200.0,0,0,71.9
2816,mean_dynamic_mobilenetv2,stable,features_16,1775834947554.794,1775834947639.301,84.506,12.000,71.506,26.487,32937,5545,200.0,0,0,70.8
2817,mean_dynamic_mobilenetv2,stable,features_16,1775834947642.303,1775834947732.810,90.507,10.002,80.504,20.735,32937,5545,200.0,0,0,70.8
2818,mean_dynamic_mobilenetv2,stable,features_16,1775834947736.807,1775834947821.816,85.008,15.004,68.999,23.308,32937,5545,200.0,0,0,77.6
2819,mean_dynamic_mobilenetv2,stable,features_16,1775834947823.814,1775834947925.330,101.516,9.515,89.998,24.474,32937,5545,200.0,0,0,70.4
2820,mean_dynamic_mobilenetv2,stable,features_16,1775834947927.709,1775834948033.221,105.511,12.000,93.511,24.452,32937,5545,200.0,0,0,73.2
2821,mean_dynamic_mobilenetv2,stable,features_16,1775834948036.218,1775834948125.220,89.002,11.001,78.001,24.836,32937,5545,200.0,0,0,69.8
2822,mean_dynamic_mobilenetv2,stable,features_16,1775834948128.596,1775834948234.106,105.510,10.003,93.506,25.387,32937,5545,200.0,0,0,75.0
2823,mean_dynamic_mobilenetv2,stable,features_16,1775834948238.108,1775834948340.611,102.503,11.998,89.505,24.995,32937,5545,200.0,0,0,75.2
2824,mean_dynamic_mobilenetv2,stable,features_16,1775834948343.612,1775834948434.120,90.508,9.001,80.508,26.249,32937,5545,200.0,0,0,70.5
2825,mean_dynamic_mobilenetv2,stable,features_16,1775834948437.124,1775834948543.627,106.503,9.999,96.505,25.393,32937,5545,200.0,0,0,68.4
2826,mean_dynamic_mobilenetv2,stable,features_16,1775834948546.632,1775834948623.631,76.999,9.997,66.002,18.073,32937,5545,200.0,0,0,76.2
2827,mean_dynamic_mobilenetv2,stable,features_16,1775834948627.239,1775834948725.240,98.001,9.002,87.529,24.681,32937,5545,200.0,0,0,71.9
2828,mean_dynamic_mobilenetv2,stable,features_16,1775834948729.558,1775834948835.580,106.022,13.003,91.017,23.293,32937,5545,200.0,0,0,77.0
2829,mean_dynamic_mobilenetv2,stable,features_16,1775834948838.582,1775834948928.086,89.504,8.996,78.508,23.387,32937,5545,200.0,0,0,72.9
2830,mean_dynamic_mobilenetv2,stable,features_16,1775834948931.085,1775834949014.088,83.002,13.001,70.001,24.602,32937,5545,200.0,0,0,74.0
2831,mean_dynamic_mobilenetv2,stable,features_16,1775834949017.088,1775834949112.596,95.509,9.507,86.001,26.557,32937,5545,200.0,0,0,70.1
2832,mean_dynamic_mobilenetv2,stable,features_16,1775834949116.597,1775834949220.113,103.516,11.508,91.007,22.346,32937,5545,200.0,0,0,78.8
2833,mean_dynamic_mobilenetv2,stable,features_16,1775834949223.581,1775834949311.636,88.055,18.052,70.003,25.303,32937,5545,200.0,0,0,71.9
2834,mean_dynamic_mobilenetv2,stable,features_16,1775834949314.838,1775834949392.147,77.309,9.798,66.506,21.996,32937,5545,200.0,0,0,70.0
2835,mean_dynamic_mobilenetv2,stable,features_16,1775834949395.142,1775834949468.649,73.507,10.000,63.508,20.369,32937,5545,200.0,0,0,70.0
2836,mean_dynamic_mobilenetv2,stable,features_16,1775834949471.649,1775834949551.157,79.508,10.000,67.389,23.609,32937,5545,200.0,0,0,70.0
2837,mean_dynamic_mobilenetv2,stable,features_16,1775834949554.158,1775834949695.665,141.508,13.002,128.506,26.029,32937,5545,200.0,0,0,77.8
2838,mean_dynamic_mobilenetv2,stable,features_16,1775834949698.664,1775834949769.174,70.509,9.001,61.509,19.576,32937,5545,200.0,0,0,83.3
2839,mean_dynamic_mobilenetv2,stable,features_16,1775834949772.176,1775834949857.681,85.506,13.997,71.509,26.033,32937,5545,200.0,0,0,81.9
2840,mean_dynamic_mobilenetv2,stable,features_16,1775834949860.685,1775834949963.189,102.503,10.999,91.504,23.575,32937,5545,200.0,0,0,69.9
2841,mean_dynamic_mobilenetv2,stable,features_16,1775834949967.190,1775834950053.701,86.511,10.002,76.509,23.319,32937,5545,200.0,0,0,70.4
2842,mean_dynamic_mobilenetv2,stable,features_16,1775834950057.700,1775834950130.214,72.514,8.000,62.510,22.770,32937,5545,200.0,0,0,70.0
2843,mean_dynamic_mobilenetv2,stable,features_16,1775834950133.211,1775834950228.787,95.576,11.001,83.573,24.381,32937,5545,200.0,0,0,70.5
2844,mean_dynamic_mobilenetv2,stable,features_16,1775834950231.786,1775834950313.788,82.002,12.002,70.000,24.432,32937,5545,200.0,0,0,71.2
2845,mean_dynamic_mobilenetv2,stable,features_16,1775834950316.788,1775834950411.298,94.510,10.509,84.001,20.686,32937,5545,200.0,0,0,69.8
2846,mean_dynamic_mobilenetv2,stable,features_16,1775834950414.299,1775834950490.806,76.507,9.001,66.506,21.791,32937,5545,200.0,0,0,73.1
2847,mean_dynamic_mobilenetv2,stable,features_16,1775834950493.807,1775834950582.313,88.505,9.001,77.502,21.106,32937,5545,200.0,0,0,68.4
2848,mean_dynamic_mobilenetv2,stable,features_16,1775834950585.313,1775834950664.820,79.507,9.001,70.506,25.307,32937,5545,200.0,0,0,72.3
2849,mean_dynamic_mobilenetv2,stable,features_16,1775834950667.823,1775834950741.328,73.505,9.997,62.508,22.596,32937,5545,200.0,0,0,71.6
2850,mean_dynamic_mobilenetv2,stable,features_16,1775834950744.329,1775834950821.332,77.003,10.000,65.004,24.652,32937,5545,200.0,0,0,76.0
2851,mean_dynamic_mobilenetv2,stable,features_16,1775834950824.331,1775834950904.842,80.510,13.511,67.000,21.866,32937,5545,200.0,0,0,70.0
2852,mean_dynamic_mobilenetv2,stable,features_16,1775834950908.844,1775834951005.352,96.508,9.006,87.502,24.781,32937,5545,200.0,0,0,71.9
2853,mean_dynamic_mobilenetv2,stable,features_16,1775834951008.352,1775834951108.866,100.514,11.010,88.505,21.297,32937,5545,200.0,0,0,70.5
2854,mean_dynamic_mobilenetv2,stable,features_16,1775834951111.876,1775834951193.376,81.500,8.999,71.501,24.834,32937,5545,200.0,0,0,71.2
2855,mean_dynamic_mobilenetv2,stable,features_16,1775834951196.376,1775834951273.886,77.510,12.500,64.007,22.376,32937,5545,200.0,0,0,71.6
2856,mean_dynamic_mobilenetv2,stable,features_16,1775834951276.885,1775834951353.852,76.968,10.000,65.965,23.355,32937,5545,200.0,0,0,70.2
2857,mean_dynamic_mobilenetv2,stable,features_16,1775834951356.855,1775834951467.359,110.504,10.997,98.508,26.498,32937,5545,200.0,0,0,68.4
2858,mean_dynamic_mobilenetv2,stable,features_16,1775834951470.361,1775834951572.868,102.506,10.999,89.507,29.945,32937,5545,200.0,0,0,71.8
2859,mean_dynamic_mobilenetv2,stable,features_16,1775834951575.868,1775834951673.379,97.511,11.001,86.510,23.288,32937,5545,200.0,0,0,68.4
2860,mean_dynamic_mobilenetv2,stable,features_16,1775834951676.381,1775834951764.888,88.507,8.999,78.507,22.404,32937,5545,200.0,0,0,74.0
2861,mean_dynamic_mobilenetv2,stable,features_16,1775834951767.888,1775834951851.334,83.447,14.005,68.440,23.494,32937,5545,200.0,0,0,73.8
2862,mean_dynamic_mobilenetv2,stable,features_16,1775834951854.334,1775834951958.841,104.506,10.000,93.507,29.472,32937,5545,200.0,0,0,69.6
2863,mean_dynamic_mobilenetv2,stable,features_16,1775834951961.844,1775834952061.106,99.262,10.997,88.265,24.056,32937,5545,200.0,0,0,72.3
2864,mean_dynamic_mobilenetv2,stable,features_16,1775834952065.106,1775834952153.375,88.269,8.999,78.269,24.070,32937,5545,200.0,0,0,71.1
2865,mean_dynamic_mobilenetv2,stable,features_16,1775834952156.377,1775834952265.432,109.055,11.998,97.057,26.595,32937,5545,200.0,0,0,73.6
2866,mean_dynamic_mobilenetv2,stable,features_16,1775834952269.439,1775834952348.939,79.500,9.994,68.506,23.793,32937,5545,200.0,0,0,78.3
2867,mean_dynamic_mobilenetv2,stable,features_16,1775834952351.944,1775834952451.450,99.507,9.996,87.507,26.939,32937,5545,200.0,0,0,75.4
2868,mean_dynamic_mobilenetv2,stable,features_16,1775834952454.447,1775834952540.460,86.013,10.002,76.010,23.696,32937,5545,200.0,0,0,70.1
2869,mean_dynamic_mobilenetv2,stable,features_16,1775834952543.460,1775834952634.483,91.023,10.513,80.510,24.925,32937,5545,200.0,0,0,69.5
2870,mean_dynamic_mobilenetv2,stable,features_16,1775834952637.487,1775834952712.489,75.002,8.998,63.999,22.340,32937,5545,200.0,0,0,70.0
2871,mean_dynamic_mobilenetv2,stable,features_16,1775834952715.488,1775834952797.995,82.507,10.999,70.003,24.099,32937,5545,200.0,0,0,77.8
2872,mean_dynamic_mobilenetv2,stable,features_16,1775834952801.997,1775834952902.508,100.511,13.006,86.504,26.001,32937,5545,200.0,0,0,74.1
2873,mean_dynamic_mobilenetv2,stable,features_16,1775834952905.507,1775834952981.018,75.511,11.011,64.500,23.665,32937,5545,200.0,0,0,70.9
2874,mean_dynamic_mobilenetv2,stable,features_16,1775834952985.021,1775834953058.527,73.506,10.001,62.507,20.416,32937,5545,200.0,0,0,73.2
2875,mean_dynamic_mobilenetv2,stable,features_16,1775834953061.527,1775834953166.035,104.509,9.000,93.508,25.055,32937,5545,200.0,0,0,71.4
2876,mean_dynamic_mobilenetv2,stable,features_16,1775834953169.035,1775834953246.545,77.510,10.000,67.510,23.897,32937,5545,200.0,0,0,69.5
2877,mean_dynamic_mobilenetv2,stable,features_16,1775834953249.546,1775834953322.546,73.000,10.998,61.001,18.489,32937,5545,200.0,0,0,74.7
2878,mean_dynamic_mobilenetv2,stable,features_16,1775834953325.546,1775834953400.055,74.508,10.508,62.999,19.782,32937,5545,200.0,0,0,72.0
2879,mean_dynamic_mobilenetv2,stable,features_16,1775834953403.056,1775834953504.567,101.510,12.006,88.505,25.205,32937,5545,200.0,0,0,69.1
2880,mean_dynamic_mobilenetv2,stable,features_16,1775834953507.572,1775834953584.080,76.509,10.005,66.504,21.809,32937,5545,200.0,0,0,71.2
2881,mean_dynamic_mobilenetv2,stable,features_16,1775834953587.080,1775834953667.591,80.510,10.000,69.510,27.600,32937,5545,200.0,0,0,70.5
2882,mean_dynamic_mobilenetv2,stable,features_16,1775834953670.596,1775834953765.124,94.528,9.000,85.528,20.895,32937,5545,200.0,0,0,75.3
2883,mean_dynamic_mobilenetv2,stable,features_16,1775834953769.105,1775834953847.616,78.511,9.995,66.510,23.937,32937,5545,200.0,0,0,72.8
2884,mean_dynamic_mobilenetv2,stable,features_16,1775834953850.612,1775834953933.118,82.505,9.999,72.506,24.780,32937,5545,200.0,0,0,72.6
2885,mean_dynamic_mobilenetv2,stable,features_16,1775834953936.121,1775834954038.629,102.508,9.000,92.508,28.802,32937,5545,200.0,0,0,68.4
2886,mean_dynamic_mobilenetv2,stable,features_16,1775834954042.629,1775834954126.633,84.004,11.007,72.997,28.188,32937,5545,200.0,0,0,72.9
2887,mean_dynamic_mobilenetv2,stable,features_16,1775834954130.112,1775834954205.603,75.491,10.002,64.490,23.842,32937,5545,200.0,0,0,70.0
2888,mean_dynamic_mobilenetv2,stable,features_16,1775834954208.947,1775834954298.115,89.168,9.664,78.504,26.734,32937,5545,200.0,0,0,72.9
2889,mean_dynamic_mobilenetv2,stable,features_16,1775834954301.115,1775834954403.625,102.510,11.005,90.502,21.406,32937,5545,200.0,0,0,69.6
2890,mean_dynamic_mobilenetv2,stable,features_16,1775834954406.625,1775834954502.133,95.507,10.004,85.503,23.874,32937,5545,200.0,0,0,70.8
2891,mean_dynamic_mobilenetv2,stable,features_16,1775834954506.136,1775834954585.652,79.516,9.005,68.484,27.050,32937,5545,200.0,0,0,72.5
2892,mean_dynamic_mobilenetv2,stable,features_16,1775834954587.804,1775834954692.160,104.355,10.844,90.935,26.810,32937,5545,200.0,0,0,70.5
2893,mean_dynamic_mobilenetv2,stable,features_16,1775834954695.159,1775834954784.667,89.508,15.001,73.506,26.764,32937,5545,200.0,0,0,75.0
2894,mean_dynamic_mobilenetv2,stable,features_16,1775834954787.666,1775834954875.177,87.511,15.001,71.510,25.737,32937,5545,200.0,0,0,84.8
2895,mean_dynamic_mobilenetv2,stable,features_16,1775834954878.178,1775834954961.688,83.511,10.000,72.510,29.498,32937,5545,200.0,0,0,78.7
2896,mean_dynamic_mobilenetv2,stable,features_16,1775834954964.688,1775834955038.197,73.509,9.001,62.508,21.387,32937,5545,200.0,0,0,71.6
2897,mean_dynamic_mobilenetv2,stable,features_16,1775834955041.222,1775834955124.198,82.976,10.977,71.999,28.506,32937,5545,200.0,0,0,74.5
2898,mean_dynamic_mobilenetv2,stable,features_16,1775834955127.705,1775834955210.708,83.003,10.002,72.000,27.825,32937,5545,200.0,0,0,73.2
2899,mean_dynamic_mobilenetv2,stable,features_16,1775834955213.710,1775834955305.219,91.510,9.001,81.507,23.921,32937,5545,200.0,0,0,72.1
2900,mean_dynamic_mobilenetv2,stable,features_16,1775834955309.217,1775834955459.239,150.022,11.005,138.017,23.911,32937,5545,200.0,0,0,78.1
2901,mean_dynamic_mobilenetv2,stable,features_16,1775834955462.239,1775834955540.752,78.513,13.002,64.510,21.107,32937,5545,200.0,0,0,84.7
2902,mean_dynamic_mobilenetv2,stable,features_16,1775834955543.752,1775834955645.258,101.506,18.000,83.506,25.932,32937,5545,200.0,0,0,71.9
2903,mean_dynamic_mobilenetv2,stable,features_16,1775834955649.264,1775834955733.768,84.505,8.995,74.509,24.557,32937,5545,200.0,0,0,72.9
2904,mean_dynamic_mobilenetv2,stable,features_16,1775834955736.767,1775834955820.776,84.009,10.000,73.009,25.548,32937,5545,200.0,0,0,78.1
2905,mean_dynamic_mobilenetv2,stable,features_16,1775834955824.773,1775834955904.394,79.621,12.626,66.994,23.995,32937,5545,200.0,0,0,71.2
2906,mean_dynamic_mobilenetv2,stable,features_16,1775834955907.397,1775834955984.912,77.515,10.009,65.503,23.229,32937,5545,200.0,0,0,70.0
2907,mean_dynamic_mobilenetv2,stable,features_16,1775834955987.911,1775834956094.418,106.507,11.999,94.509,23.800,32937,5545,200.0,0,0,73.7
2908,mean_dynamic_mobilenetv2,stable,features_16,1775834956097.418,1775834956177.927,80.508,10.002,70.506,24.264,32937,5545,200.0,0,0,75.9
2909,mean_dynamic_mobilenetv2,stable,features_16,1775834956180.928,1775834956254.145,73.217,11.000,62.217,19.433,32937,5545,200.0,0,0,80.2
2910,mean_dynamic_mobilenetv2,stable,features_16,1775834956258.145,1775834956337.653,79.508,15.001,64.507,23.075,32937,5545,200.0,0,0,73.4
2911,mean_dynamic_mobilenetv2,stable,features_16,1775834956341.657,1775834956423.656,81.999,9.000,72.999,27.342,32937,5545,200.0,0,0,71.6
2912,mean_dynamic_mobilenetv2,stable,features_16,1775834956425.660,1775834956531.678,106.018,11.510,93.509,27.621,32937,5545,200.0,0,0,74.8
2913,mean_dynamic_mobilenetv2,stable,features_16,1775834956534.680,1775834956612.682,78.002,10.000,67.000,24.628,32937,5545,200.0,0,0,78.0
2914,mean_dynamic_mobilenetv2,stable,features_16,1775834956616.684,1775834956695.197,78.512,12.510,64.998,20.837,32937,5545,200.0,0,0,81.2
2915,mean_dynamic_mobilenetv2,stable,features_16,1775834956697.191,1775834956777.277,80.085,12.001,67.083,23.391,32937,5545,200.0,0,0,78.1
2916,mean_dynamic_mobilenetv2,stable,features_16,1775834956780.277,1775834956884.785,104.509,12.256,92.253,24.909,32937,5545,200.0,0,0,74.3
2917,mean_dynamic_mobilenetv2,stable,features_16,1775834956887.786,1775834956964.335,76.549,9.000,67.549,21.884,32937,5545,200.0,0,0,67.5
2918,mean_dynamic_mobilenetv2,stable,features_16,1775834956967.297,1775834957061.801,94.504,9.999,84.505,25.406,32937,5545,200.0,0,0,73.7
2919,mean_dynamic_mobilenetv2,stable,features_16,1775834957064.801,1775834957170.309,105.508,10.003,93.635,23.830,32937,5545,200.0,0,0,82.8
2920,mean_dynamic_mobilenetv2,stable,features_16,1775834957174.312,1775834957269.821,95.509,19.002,74.511,19.613,32937,5545,200.0,0,0,77.1
2921,mean_dynamic_mobilenetv2,stable,features_16,1775834957273.821,1775834957369.329,95.508,15.002,78.505,24.216,32937,5545,200.0,0,0,73.4
2922,mean_dynamic_mobilenetv2,stable,features_16,1775834957372.330,1775834957480.449,108.120,10.003,98.117,27.681,32937,5545,200.0,0,0,70.8
2923,mean_dynamic_mobilenetv2,stable,features_16,1775834957483.449,1775834957566.635,83.186,10.006,71.178,28.529,32937,5545,200.0,0,0,70.7
2924,mean_dynamic_mobilenetv2,stable,features_16,1775834957569.633,1775834957665.144,95.510,9.001,86.510,23.269,32937,5545,200.0,0,0,73.9
2925,mean_dynamic_mobilenetv2,stable,features_16,1775834957668.145,1775834957764.653,96.509,10.000,84.509,31.450,32937,5545,200.0,0,0,74.2
2926,mean_dynamic_mobilenetv2,stable,features_16,1775834957767.656,1775834957859.163,91.508,10.998,79.510,32.455,32937,5545,200.0,0,0,75.3
2927,mean_dynamic_mobilenetv2,stable,features_16,1775834957862.164,1775834957944.671,82.507,9.003,71.502,24.496,32937,5545,200.0,0,0,70.4
2928,mean_dynamic_mobilenetv2,stable,features_16,1775834957947.674,1775834958043.179,95.505,13.999,79.505,20.264,32937,5545,200.0,0,0,71.4
2929,mean_dynamic_mobilenetv2,stable,features_16,1775834958046.178,1775834958141.686,95.508,9.001,86.507,28.344,32937,5545,200.0,0,0,72.9
2930,mean_dynamic_mobilenetv2,stable,features_16,1775834958145.024,1775834958244.536,99.512,10.002,87.508,21.045,32937,5545,200.0,0,0,85.0
2931,mean_dynamic_mobilenetv2,stable,features_16,1775834958246.533,1775834958339.039,92.506,8.782,81.501,24.297,32937,5545,200.0,0,0,73.7
2932,mean_dynamic_mobilenetv2,stable,features_16,1775834958342.046,1775834958452.551,110.505,9.996,98.509,25.755,32937,5545,200.0,0,0,71.3
2933,mean_dynamic_mobilenetv2,stable,features_16,1775834958455.553,1775834958532.669,77.116,9.002,68.114,22.103,32937,5545,200.0,0,0,71.6
2934,mean_dynamic_mobilenetv2,stable,features_16,1775834958536.671,1775834958635.226,98.555,14.508,82.046,24.134,32937,5545,200.0,0,0,77.5
2935,mean_dynamic_mobilenetv2,stable,features_16,1775834958640.224,1775834958724.233,84.008,16.006,65.996,22.395,32937,5545,200.0,0,0,75.3
2936,mean_dynamic_mobilenetv2,stable,features_16,1775834958727.234,1775834958815.753,88.519,17.510,70.004,23.441,32937,5545,200.0,0,0,87.8
2937,mean_dynamic_mobilenetv2,stable,features_16,1775834958818.751,1775834958903.263,84.512,12.511,69.999,25.775,32937,5545,200.0,0,0,77.3
2938,mean_dynamic_mobilenetv2,stable,features_16,1775834958906.262,1775834958983.806,77.544,10.011,66.531,24.428,32937,5545,200.0,0,0,71.6
2939,mean_dynamic_mobilenetv2,stable,features_16,1775834958986.807,1775834959066.157,79.350,10.999,66.349,21.817,32937,5545,200.0,0,0,82.7
2940,mean_dynamic_mobilenetv2,stable,features_16,1775834959069.160,1775834959153.666,84.505,11.999,71.975,26.942,32937,5545,200.0,0,0,75.3
2941,mean_dynamic_mobilenetv2,stable,features_16,1775834959156.673,1775834959236.172,79.499,11.990,65.507,21.266,32937,5545,200.0,0,0,71.2
2942,mean_dynamic_mobilenetv2,stable,features_16,1775834959239.171,1775834959335.678,96.506,12.002,83.503,19.160,32937,5545,200.0,0,0,69.8
2943,mean_dynamic_mobilenetv2,stable,features_16,1775834959338.677,1775834959421.680,83.003,16.006,65.997,22.564,32937,5545,200.0,0,0,79.6
2944,mean_dynamic_mobilenetv2,stable,features_16,1775834959424.680,1775834959528.193,103.513,9.512,94.001,23.255,32937,5545,200.0,0,0,75.7
2945,mean_dynamic_mobilenetv2,stable,features_16,1775834959531.700,1775834959611.698,79.998,8.999,69.999,24.836,32937,5545,200.0,0,0,73.2
2946,mean_dynamic_mobilenetv2,stable,features_16,1775834959614.706,1775834959695.207,80.501,9.997,69.504,25.523,32937,5545,200.0,0,0,72.4
2947,mean_dynamic_mobilenetv2,stable,features_16,1775834959699.208,1775834959781.309,82.101,10.000,71.101,25.827,32937,5545,200.0,0,0,81.5
2948,mean_dynamic_mobilenetv2,stable,features_16,1775834959784.311,1775834959888.823,104.512,10.000,93.508,26.017,32937,5545,200.0,0,0,78.8
2949,mean_dynamic_mobilenetv2,stable,features_16,1775834959891.823,1775834959969.328,77.505,11.998,65.507,19.495,32937,5545,200.0,0,0,71.2
2950,mean_dynamic_mobilenetv2,stable,features_16,1775834959972.329,1775834960057.841,85.512,15.000,70.511,25.482,32937,5545,200.0,0,0,79.2
2951,mean_dynamic_mobilenetv2,stable,features_16,1775834960060.839,1775834960170.345,109.506,15.003,94.503,27.956,32937,5545,200.0,0,0,71.4
2952,mean_dynamic_mobilenetv2,stable,features_16,1775834960173.359,1775834960274.858,101.499,9.992,90.507,25.595,32937,5545,200.0,0,0,71.7
2953,mean_dynamic_mobilenetv2,stable,features_16,1775834960277.857,1775834960358.364,80.506,10.001,69.505,25.716,32937,5545,200.0,0,0,72.5
2954,mean_dynamic_mobilenetv2,stable,features_16,1775834960361.363,1775834960464.836,103.473,11.003,92.469,23.472,32937,5545,200.0,0,0,70.5
2955,mean_dynamic_mobilenetv2,stable,features_16,1775834960467.835,1775834960555.343,87.508,11.003,74.505,25.247,32937,5545,200.0,0,0,70.2
2956,mean_dynamic_mobilenetv2,stable,features_16,1775834960558.344,1775834960635.857,77.512,10.000,66.513,23.541,32937,5545,200.0,0,0,67.7
2957,mean_dynamic_mobilenetv2,stable,features_16,1775834960638.855,1775834960742.362,103.506,11.002,90.506,23.884,32937,5545,200.0,0,0,71.1
2958,mean_dynamic_mobilenetv2,stable,features_16,1775834960745.361,1775834960832.870,87.510,11.002,74.503,28.793,32937,5545,200.0,0,0,76.8
2959,mean_dynamic_mobilenetv2,stable,features_16,1775834960835.873,1775834960934.377,98.503,8.999,87.504,28.695,32937,5545,200.0,0,0,71.2
2960,mean_dynamic_mobilenetv2,stable,features_16,1775834960937.377,1775834961021.378,84.001,8.999,73.002,31.264,32937,5545,200.0,0,0,72.0
2961,mean_dynamic_mobilenetv2,stable,features_16,1775834961024.377,1775834961190.912,166.535,10.443,156.092,87.955,32937,5545,200.0,0,0,68.8
2962,mean_dynamic_mobilenetv2,stable,features_16,1775834961193.913,1775834961280.418,86.505,9.999,73.507,21.463,32937,5545,200.0,0,0,70.8
2963,mean_dynamic_mobilenetv2,stable,features_16,1775834961283.421,1775834961375.930,92.509,13.001,78.504,27.254,32937,5545,200.0,0,0,73.5
2964,mean_dynamic_mobilenetv2,stable,features_16,1775834961378.926,1775834961479.435,100.509,15.002,84.504,22.172,32937,5545,200.0,0,0,75.0
2965,mean_dynamic_mobilenetv2,stable,features_16,1775834961482.432,1775834961565.506,83.073,8.000,73.071,27.827,32937,5545,200.0,0,0,71.2
2966,mean_dynamic_mobilenetv2,stable,features_16,1775834961568.504,1775834961651.012,82.508,10.002,71.507,29.541,32937,5545,200.0,0,0,79.2
2967,mean_dynamic_mobilenetv2,stable,features_16,1775834961654.016,1775834961729.519,75.503,9.999,63.003,20.062,32937,5545,200.0,0,0,77.5
2968,mean_dynamic_mobilenetv2,stable,features_16,1775834961732.525,1775834961816.525,83.999,16.002,67.998,22.256,32937,5545,200.0,0,0,76.2
2969,mean_dynamic_mobilenetv2,stable,features_16,1775834961819.528,1775834961917.034,97.506,10.500,86.005,21.202,32937,5545,200.0,0,0,76.8
2970,mean_dynamic_mobilenetv2,stable,features_16,1775834961921.033,1775834961992.541,71.507,10.508,60.000,18.957,32937,5545,200.0,0,0,74.6
2971,mean_dynamic_mobilenetv2,stable,features_16,1775834961995.541,1775834962086.048,90.507,11.002,77.506,22.715,32937,5545,200.0,0,0,70.5
2972,mean_dynamic_mobilenetv2,stable,features_16,1775834962089.048,1775834962171.559,82.510,11.000,69.507,24.075,32937,5545,200.0,0,0,72.6
2973,mean_dynamic_mobilenetv2,stable,features_16,1775834962174.558,1775834962275.066,100.508,11.000,89.508,24.679,32937,5545,200.0,0,0,69.9
2974,mean_dynamic_mobilenetv2,stable,features_16,1775834962278.065,1775834962354.573,76.507,10.004,66.503,23.688,32937,5545,200.0,0,0,70.0
2975,mean_dynamic_mobilenetv2,stable,features_16,1775834962357.573,1775834962431.078,73.505,10.001,61.501,20.003,32937,5545,200.0,0,0,71.2
2976,mean_dynamic_mobilenetv2,stable,features_16,1775834962434.081,1775834962517.082,83.001,11.010,70.989,25.996,32937,5545,200.0,0,0,70.4
2977,mean_dynamic_mobilenetv2,stable,features_16,1775834962521.083,1775834962614.980,93.897,10.514,83.383,25.346,32937,5545,200.0,0,0,69.8
2978,mean_dynamic_mobilenetv2,stable,features_16,1775834962617.981,1775834962723.492,105.511,10.000,95.511,26.402,32937,5545,200.0,0,0,69.9
2979,mean_dynamic_mobilenetv2,stable,features_16,1775834962726.492,1775834962811.002,84.510,14.514,68.996,24.228,32937,5545,200.0,0,0,76.3
2980,mean_dynamic_mobilenetv2,stable,features_16,1775834962814.002,1775834962890.512,76.510,10.006,65.503,23.502,32937,5545,200.0,0,0,71.2
2981,mean_dynamic_mobilenetv2,stable,features_16,1775834962893.574,1775834962984.035,90.460,9.941,80.519,22.712,32937,5545,200.0,0,0,69.8
2982,mean_dynamic_mobilenetv2,stable,features_16,1775834962987.022,1775834963062.530,75.508,9.002,66.506,21.455,32937,5545,200.0,0,0,71.2
2983,mean_dynamic_mobilenetv2,stable,features_16,1775834963065.531,1775834963163.038,97.507,11.002,83.506,28.891,32937,5545,200.0,0,0,70.8
2984,mean_dynamic_mobilenetv2,stable,features_16,1775834963166.038,1775834963258.550,92.511,11.999,80.512,20.549,32937,5545,200.0,0,0,73.8
2985,mean_dynamic_mobilenetv2,stable,features_16,1775834963261.552,1775834963358.059,96.507,8.999,86.507,23.967,32937,5545,200.0,0,0,71.6
2986,mean_dynamic_mobilenetv2,stable,features_16,1775834963362.059,1775834963466.566,104.507,10.002,93.505,24.830,32937,5545,200.0,0,0,78.1
2987,mean_dynamic_mobilenetv2,stable,features_16,1775834963470.568,1775834963551.080,80.512,9.999,68.512,24.218,32937,5545,200.0,0,0,78.8
2988,mean_dynamic_mobilenetv2,stable,features_16,1775834963554.080,1775834963636.590,82.510,16.000,65.507,23.143,32937,5545,200.0,0,0,79.4
2989,mean_dynamic_mobilenetv2,stable,features_16,1775834963639.588,1775834963733.097,93.509,10.000,83.509,24.595,32937,5545,200.0,0,0,74.0
2990,mean_dynamic_mobilenetv2,stable,features_16,1775834963736.097,1775834963817.104,81.006,10.002,69.001,21.529,32937,5545,200.0,0,0,79.0
2991,mean_dynamic_mobilenetv2,stable,features_16,1775834963821.102,1775834963918.622,97.520,11.516,86.004,22.824,32937,5545,200.0,0,0,73.2
2992,mean_dynamic_mobilenetv2,stable,features_16,1775834963921.623,1775834963997.128,75.506,9.505,65.000,24.076,32937,5545,200.0,0,0,70.0
2993,mean_dynamic_mobilenetv2,stable,features_16,1775834964000.131,1775834964082.636,82.505,15.000,67.505,24.264,32937,5545,200.0,0,0,72.2
2994,mean_dynamic_mobilenetv2,stable,features_16,1775834964085.639,1775834964159.146,73.507,10.000,63.507,21.664,32937,5545,200.0,0,0,74.1
2995,mean_dynamic_mobilenetv2,stable,features_16,1775834964163.146,1775834964258.656,95.510,13.001,81.510,23.493,32937,5545,200.0,0,0,71.4
2996,mean_dynamic_mobilenetv2,stable,features_16,1775834964261.656,1775834964345.163,83.507,10.000,72.507,23.839,32937,5545,200.0,0,0,72.8
2997,mean_dynamic_mobilenetv2,stable,features_16,1775834964348.163,1775834964447.674,99.510,10.000,87.509,24.437,32937,5545,200.0,0,0,70.9
2998,mean_dynamic_mobilenetv2,stable,features_16,1775834964450.677,1775834964528.685,78.008,11.999,65.004,22.456,32937,5545,200.0,0,0,73.5
2999,mean_dynamic_mobilenetv2,stable,features_16,1775834964530.839,1775834964603.838,72.999,10.002,62.997,19.150,32937,5545,200.0,0,0,74.4
3000,mean_dynamic_mobilenetv2,stable,features_16,1775834964606.840,1775834964713.349,106.509,10.003,96.506,26.745,32937,5545,200.0,0,0,70.4
3001,mean_dynamic_mobilenetv2,stable,features_16,1775834964716.351,1775834964793.863,77.512,11.002,66.510,21.714,32937,5545,200.0,0,0,76.5
3002,mean_dynamic_mobilenetv2,stable,features_16,1775834964796.861,1775834964880.022,83.161,14.005,68.155,24.116,32937,5545,200.0,0,0,76.2
3003,mean_dynamic_mobilenetv2,stable,features_16,1775834964884.023,1775834964973.534,89.510,10.000,78.507,24.746,32937,5545,200.0,0,0,69.8
3004,mean_dynamic_mobilenetv2,stable,features_16,1775834964976.531,1775834965087.052,110.521,16.001,92.518,24.784,32937,5545,200.0,0,0,79.4
3005,mean_dynamic_mobilenetv2,stable,features_16,1775834965090.053,1775834965193.531,103.478,15.998,86.476,25.533,32937,5545,200.0,0,0,70.4
3006,mean_dynamic_mobilenetv2,stable,features_16,1775834965196.528,1775834965274.037,77.509,10.000,66.506,24.726,32937,5545,200.0,0,0,71.3
3007,mean_dynamic_mobilenetv2,stable,features_16,1775834965277.039,1775834965354.341,77.302,9.995,65.305,23.069,32937,5545,200.0,0,0,68.5
3008,mean_dynamic_mobilenetv2,stable,features_16,1775834965357.341,1775834965459.538,102.197,10.000,91.195,25.989,32937,5545,200.0,0,0,72.2
3009,mean_dynamic_mobilenetv2,stable,features_16,1775834965462.537,1775834965566.046,103.509,10.005,92.503,26.520,32937,5545,200.0,0,0,69.6
3010,mean_dynamic_mobilenetv2,stable,features_16,1775834965569.046,1775834965652.554,83.507,12.002,71.505,27.098,32937,5545,200.0,0,0,69.8
3011,mean_dynamic_mobilenetv2,stable,features_16,1775834965655.555,1775834965740.066,84.511,10.000,71.508,28.682,32937,5545,200.0,0,0,71.2
3012,mean_dynamic_mobilenetv2,stable,features_16,1775834965743.064,1775834965817.068,74.004,11.316,62.688,20.687,32937,5545,200.0,0,0,74.1
3013,mean_dynamic_mobilenetv2,stable,features_16,1775834965820.066,1775834965903.764,83.698,14.699,69.000,25.572,32937,5545,200.0,0,0,84.4
3014,mean_dynamic_mobilenetv2,stable,features_16,1775834965906.766,1775834966011.273,104.507,11.004,92.502,24.586,32937,5545,200.0,0,0,73.5
3015,mean_dynamic_mobilenetv2,stable,features_16,1775834966014.275,1775834966095.292,81.017,10.008,71.009,26.680,32937,5545,200.0,0,0,69.5
3016,mean_dynamic_mobilenetv2,stable,features_16,1775834966099.294,1775834966194.811,95.517,9.999,84.518,22.654,32937,5545,200.0,0,0,69.1
3017,mean_dynamic_mobilenetv2,stable,features_16,1775834966197.812,1775834966270.321,72.510,8.000,63.508,21.293,32937,5545,200.0,0,0,73.8
3018,mean_dynamic_mobilenetv2,stable,features_16,1775834966274.320,1775834966372.830,98.510,9.001,87.509,27.627,32937,5545,200.0,0,0,71.2
3019,mean_dynamic_mobilenetv2,stable,features_16,1775834966375.833,1775834966482.343,106.510,11.000,94.289,28.399,32937,5545,200.0,0,0,70.8
3020,mean_dynamic_mobilenetv2,stable,features_16,1775834966485.398,1775834966586.858,101.460,10.945,89.511,24.148,32937,5545,200.0,0,0,73.0
3021,mean_dynamic_mobilenetv2,stable,features_16,1775834966589.854,1775834966676.037,86.182,10.001,76.181,24.885,32937,5545,200.0,0,0,67.9
3022,mean_dynamic_mobilenetv2,stable,features_16,1775834966679.037,1775834966762.544,83.507,10.001,72.505,26.020,32937,5545,200.0,0,0,76.5
3023,mean_dynamic_mobilenetv2,stable,features_16,1775834966765.544,1775834966845.054,79.510,9.004,70.505,25.659,32937,5545,200.0,0,0,76.2
3024,mean_dynamic_mobilenetv2,stable,features_16,1775834966848.053,1775834967008.417,160.364,9.001,150.362,25.213,32937,5545,200.0,0,0,71.1
3025,mean_dynamic_mobilenetv2,stable,features_16,1775834967011.416,1775834967088.926,77.510,10.006,66.503,24.275,32937,5545,200.0,0,0,69.9
3026,mean_dynamic_mobilenetv2,stable,features_16,1775834967092.927,1775834967170.436,77.509,11.999,64.506,21.825,32937,5545,200.0,0,0,69.0
3027,mean_dynamic_mobilenetv2,stable,features_16,1775834967173.433,1775834967263.942,90.509,10.000,80.509,22.048,32937,5545,200.0,0,0,69.8
3028,mean_dynamic_mobilenetv2,stable,features_16,1775834967267.942,1775834967360.449,92.507,9.001,83.506,21.963,32937,5545,200.0,0,0,70.8
3029,mean_dynamic_mobilenetv2,stable,features_16,1775834967363.450,1775834967460.957,97.506,10.000,87.506,29.999,32937,5545,200.0,0,0,73.6
3030,mean_dynamic_mobilenetv2,stable,features_16,1775834967464.961,1775834967548.987,84.026,10.000,74.027,31.624,32937,5545,200.0,0,0,73.5
3031,mean_dynamic_mobilenetv2,stable,features_16,1775834967552.992,1775834967628.990,75.997,8.998,66.000,22.224,32937,5545,200.0,0,0,70.0
3032,mean_dynamic_mobilenetv2,stable,features_16,1775834967632.496,1775834967738.008,105.512,10.001,94.510,26.710,32937,5545,200.0,0,0,69.6
3033,mean_dynamic_mobilenetv2,stable,features_16,1775834967741.006,1775834967826.014,85.008,12.005,72.001,27.154,32937,5545,200.0,0,0,76.0
3034,mean_dynamic_mobilenetv2,stable,features_16,1775834967829.013,1775834967903.521,74.508,10.511,62.995,22.686,32937,5545,200.0,0,0,71.2
3035,mean_dynamic_mobilenetv2,stable,features_16,1775834967907.519,1775834967997.028,89.510,14.007,75.502,22.316,32937,5545,200.0,0,0,69.8
3036,mean_dynamic_mobilenetv2,stable,features_16,1775834968000.027,1775834968079.540,79.513,9.002,70.511,23.999,32937,5545,200.0,0,0,74.7
3037,mean_dynamic_mobilenetv2,stable,features_16,1775834968082.544,1775834968188.055,105.510,9.999,93.508,26.725,32937,5545,200.0,0,0,79.8
3038,mean_dynamic_mobilenetv2,stable,features_16,1775834968191.051,1775834968264.100,73.049,10.003,62.042,20.813,32937,5545,200.0,0,0,79.7
3039,mean_dynamic_mobilenetv2,stable,features_16,1775834968267.099,1775834968352.605,85.507,8.999,75.508,20.842,32937,5545,200.0,0,0,76.8
3040,mean_dynamic_mobilenetv2,stable,features_16,1775834968356.605,1775834968454.113,97.508,14.999,82.510,23.752,32937,5545,200.0,0,0,80.2
3041,mean_dynamic_mobilenetv2,stable,features_16,1775834968457.112,1775834968545.621,88.508,12.004,75.505,24.518,32937,5545,200.0,0,0,71.9
3042,mean_dynamic_mobilenetv2,stable,features_16,1775834968548.621,1775834968629.623,81.002,10.000,70.002,25.486,32937,5545,200.0,0,0,72.2
3043,mean_dynamic_mobilenetv2,stable,features_16,1775834968634.132,1775834968729.140,95.008,14.000,80.002,22.966,32937,5545,200.0,0,0,71.7
3044,mean_dynamic_mobilenetv2,stable,features_16,1775834968731.639,1775834968811.644,80.004,10.005,69.999,26.274,32937,5545,200.0,0,0,76.2
3045,mean_dynamic_mobilenetv2,stable,features_16,1775834968814.643,1775834968916.155,101.512,11.006,87.503,24.427,32937,5545,200.0,0,0,72.7
3046,mean_dynamic_mobilenetv2,stable,features_16,1775834968919.161,1775834968996.472,77.311,9.001,67.310,22.641,32937,5545,200.0,0,0,69.1
3047,mean_dynamic_mobilenetv2,stable,features_16,1775834968999.472,1775834969103.989,104.517,15.007,89.510,24.667,32937,5545,200.0,0,0,69.9
3048,mean_dynamic_mobilenetv2,stable,features_16,1775834969106.988,1775834969179.509,72.520,11.011,61.510,19.635,32937,5545,200.0,0,0,73.1
3049,mean_dynamic_mobilenetv2,stable,features_16,1775834969182.508,1775834969258.015,75.507,9.000,65.507,23.947,32937,5545,200.0,0,0,72.0
3050,mean_dynamic_mobilenetv2,stable,features_16,1775834969262.016,1775834969367.528,105.512,11.000,94.511,24.391,32937,5545,200.0,0,0,72.7
3051,mean_dynamic_mobilenetv2,stable,features_16,1775834969370.529,1775834969453.044,82.515,10.001,71.514,26.894,32937,5545,200.0,0,0,69.9
3052,mean_dynamic_mobilenetv2,stable,features_16,1775834969456.045,1775834969533.552,77.507,10.000,67.507,23.539,32937,5545,200.0,0,0,73.8
3053,mean_dynamic_mobilenetv2,stable,features_16,1775834969536.550,1775834969612.556,76.006,10.000,63.933,21.715,32937,5545,200.0,0,0,77.5
3054,mean_dynamic_mobilenetv2,stable,features_16,1775834969616.556,1775834969711.066,94.510,11.000,81.526,24.950,32937,5545,200.0,0,0,69.8
3055,mean_dynamic_mobilenetv2,stable,features_16,1775834969714.065,1775834969817.585,103.520,10.006,93.515,23.355,32937,5545,200.0,0,0,78.1
3056,mean_dynamic_mobilenetv2,stable,features_16,1775834969820.586,1775834969896.104,75.518,9.003,65.006,21.614,32937,5545,200.0,0,0,71.2
3057,mean_dynamic_mobilenetv2,stable,features_16,1775834969899.105,1775834969970.611,71.506,10.205,61.301,19.756,32937,5545,200.0,0,0,70.0
3058,mean_dynamic_mobilenetv2,stable,features_16,1775834969973.614,1775834970051.124,77.510,10.997,65.509,24.321,32937,5545,200.0,0,0,72.5
3059,mean_dynamic_mobilenetv2,stable,features_16,1775834970054.118,1775834970143.630,89.512,9.002,79.510,25.540,32937,5545,200.0,0,0,69.8
3060,mean_dynamic_mobilenetv2,stable,features_16,1775834970146.635,1775834970254.137,107.502,9.994,96.507,26.165,32937,5545,200.0,0,0,72.6
3061,mean_dynamic_mobilenetv2,stable,features_16,1775834970258.138,1775834970362.651,104.513,11.999,92.514,26.465,32937,5545,200.0,0,0,69.6
3062,mean_dynamic_mobilenetv2,stable,features_16,1775834970365.656,1775834970442.158,76.502,9.994,65.505,24.084,32937,5545,200.0,0,0,70.0
3063,mean_dynamic_mobilenetv2,stable,features_16,1775834970444.159,1775834970523.159,79.000,10.000,68.000,23.200,32937,5545,200.0,0,0,71.6
3064,mean_dynamic_mobilenetv2,stable,features_16,1775834970526.160,1775834970622.672,96.512,10.509,85.001,22.363,32937,5545,200.0,0,0,68.8
3065,mean_dynamic_mobilenetv2,stable,features_16,1775834970625.206,1775834970714.183,88.978,9.979,78.998,21.250,32937,5545,200.0,0,0,74.2
3066,mean_dynamic_mobilenetv2,stable,features_16,1775834970718.189,1775834970807.699,89.510,10.001,78.507,24.160,32937,5545,200.0,0,0,79.6
3067,mean_dynamic_mobilenetv2,stable,features_16,1775834970810.696,1775834970891.208,80.512,12.006,66.507,23.868,32937,5545,200.0,0,0,74.4
3068,mean_dynamic_mobilenetv2,stable,features_16,1775834970894.208,1775834970977.479,83.270,12.000,70.270,26.450,32937,5545,200.0,0,0,72.2
3069,mean_dynamic_mobilenetv2,stable,features_16,1775834970980.479,1775834971062.992,82.512,10.001,71.507,26.912,32937,5545,200.0,0,0,78.3
3070,mean_dynamic_mobilenetv2,stable,features_16,1775834971066.997,1775834971144.991,77.994,9.997,67.997,24.753,32937,5545,200.0,0,0,71.2
3071,mean_dynamic_mobilenetv2,stable,features_16,1775834971147.995,1775834971221.993,73.998,8.997,63.001,23.059,32937,5545,200.0,0,0,72.5
3072,mean_dynamic_mobilenetv2,stable,features_16,1775834971224.993,1775834971305.504,80.510,9.512,69.999,25.084,32937,5545,200.0,0,0,78.1
3073,mean_dynamic_mobilenetv2,stable,features_16,1775834971308.504,1775834971390.018,81.514,10.009,71.505,24.594,32937,5545,200.0,0,0,70.4
3074,mean_dynamic_mobilenetv2,stable,features_16,1775834971394.019,1775834971499.530,105.510,12.004,92.507,27.518,32937,5545,200.0,0,0,73.5
3075,mean_dynamic_mobilenetv2,stable,features_16,1775834971503.529,1775834971586.043,82.514,12.001,70.513,25.237,32937,5545,200.0,0,0,75.6
3076,mean_dynamic_mobilenetv2,stable,features_16,1775834971589.042,1775834971682.552,93.510,11.001,81.506,24.715,32937,5545,200.0,0,0,70.1
3077,mean_dynamic_mobilenetv2,stable,features_16,1775834971685.558,1775834971776.064,90.506,11.247,78.508,24.275,32937,5545,200.0,0,0,74.2
3078,mean_dynamic_mobilenetv2,stable,features_16,1775834971779.064,1775834971883.574,104.511,10.001,94.510,26.647,32937,5545,200.0,0,0,76.9
3079,mean_dynamic_mobilenetv2,stable,features_16,1775834971887.574,1775834971974.088,86.514,14.001,71.512,26.336,32937,5545,200.0,0,0,70.0
3080,mean_dynamic_mobilenetv2,stable,features_16,1775834971978.090,1775834972056.605,78.515,11.001,67.514,23.835,32937,5545,200.0,0,0,75.3
3081,mean_dynamic_mobilenetv2,stable,features_16,1775834972060.605,1775834972138.110,77.506,11.000,64.507,22.410,32937,5545,200.0,0,0,71.2
3082,mean_dynamic_mobilenetv2,stable,features_16,1775834972142.113,1775834972250.619,108.507,13.037,94.468,26.485,32937,5545,200.0,0,0,74.1
3083,mean_dynamic_mobilenetv2,stable,features_16,1775834972253.618,1775834972335.127,81.509,10.000,69.507,26.194,32937,5545,200.0,0,0,75.3
3084,mean_dynamic_mobilenetv2,stable,features_16,1775834972338.126,1775834972415.128,77.002,11.001,65.002,22.187,32937,5545,200.0,0,0,74.7
3085,mean_dynamic_mobilenetv2,stable,features_16,1775834972418.134,1775834972512.649,94.515,13.000,80.509,27.385,32937,5545,200.0,0,0,72.2
3086,mean_dynamic_mobilenetv2,stable,features_16,1775834972514.647,1775834972597.181,82.534,13.012,68.518,23.380,32937,5545,200.0,0,0,74.1
3087,mean_dynamic_mobilenetv2,stable,features_16,1775834972600.177,1775834973713.381,1113.203,8.999,1102.080,46.550,32937,5545,200.0,1,0,21.7
3088,mean_dynamic_mobilenetv2,stable,features_16,1775834973719.272,1775834973822.774,103.502,17.000,84.503,24.618,32937,5545,200.0,0,0,61.0
3089,mean_dynamic_mobilenetv2,stable,features_16,1775834973825.778,1775834973926.288,100.510,14.000,85.007,20.610,32937,5545,200.0,0,0,71.9
3090,mean_dynamic_mobilenetv2,stable,features_16,1775834973930.288,1775834974025.797,95.509,9.504,85.003,24.471,32937,5545,200.0,0,0,73.0
3091,mean_dynamic_mobilenetv2,stable,features_16,1775834974028.798,1775834974117.304,88.506,9.001,79.505,25.560,32937,5545,200.0,0,0,74.0
3092,mean_dynamic_mobilenetv2,stable,features_16,1775834974120.305,1775834974206.816,86.511,11.009,75.502,30.880,32937,5545,200.0,0,0,81.2
3093,mean_dynamic_mobilenetv2,stable,features_16,1775834974209.817,1775834974293.351,83.534,11.002,71.531,27.324,32937,5545,200.0,0,0,71.3
3094,mean_dynamic_mobilenetv2,stable,features_16,1775834974296.351,1775834974374.860,78.508,12.000,64.508,23.055,32937,5545,200.0,0,0,72.0
3095,mean_dynamic_mobilenetv2,stable,features_16,1775834974377.859,1775834974462.388,84.529,13.000,68.528,26.245,32937,5545,200.0,0,0,72.2
3096,mean_dynamic_mobilenetv2,stable,features_16,1775834974464.388,1775834974564.895,100.507,17.001,83.506,24.280,32937,5545,200.0,0,0,72.9
3097,mean_dynamic_mobilenetv2,stable,features_16,1775834974567.896,1775834974659.402,91.507,11.000,79.506,25.144,32937,5545,200.0,0,0,72.9
3098,mean_dynamic_mobilenetv2,stable,features_16,1775834974662.403,1775834974742.910,80.507,10.003,70.504,25.563,32937,5545,200.0,0,0,71.3
3099,mean_dynamic_mobilenetv2,stable,features_16,1775834974745.911,1775834974827.913,82.002,14.000,67.002,23.150,32937,5545,200.0,0,0,73.2
3100,mean_dynamic_mobilenetv2,stable,features_16,1775834974830.913,1775834974912.422,81.509,11.511,69.998,25.839,32937,5545,200.0,0,0,74.4
3101,mean_dynamic_mobilenetv2,stable,features_16,1775834974916.423,1775834974997.930,81.508,11.004,69.504,26.412,32937,5545,200.0,0,0,72.9
3102,mean_dynamic_mobilenetv2,stable,features_16,1775834975000.930,1775834975076.464,75.534,11.001,63.533,21.932,32937,5545,200.0,0,0,78.8
3103,mean_dynamic_mobilenetv2,stable,features_16,1775834975079.465,1775834975181.999,102.534,12.001,90.533,23.856,32937,5545,200.0,0,0,70.8
3104,mean_dynamic_mobilenetv2,stable,features_16,1775834975184.999,1775834975281.506,96.507,11.001,84.506,26.961,32937,5545,200.0,0,0,75.0
3105,mean_dynamic_mobilenetv2,stable,features_16,1775834975284.506,1775834975367.013,82.508,11.003,70.504,26.097,32937,5545,200.0,0,0,73.2
3106,mean_dynamic_mobilenetv2,stable,features_16,1775834975370.014,1775834975465.520,95.506,10.001,85.505,26.341,32937,5545,200.0,0,0,70.9
3107,mean_dynamic_mobilenetv2,stable,features_16,1775834975468.521,1775834975570.026,101.506,11.001,90.504,21.315,32937,5545,200.0,0,0,72.4
3108,mean_dynamic_mobilenetv2,stable,features_16,1775834975574.027,1775834975645.534,71.507,11.002,59.507,19.432,32937,5545,200.0,0,0,78.9
3109,mean_dynamic_mobilenetv2,stable,features_16,1775834975648.534,1775834975742.042,93.507,9.001,83.506,24.527,32937,5545,200.0,0,0,71.8
3110,mean_dynamic_mobilenetv2,stable,features_16,1775834975746.042,1775834975829.043,83.002,13.001,70.000,22.534,32937,5545,200.0,0,0,80.7
3111,mean_dynamic_mobilenetv2,stable,features_16,1775834975832.045,1775834975933.553,101.508,9.507,90.001,25.928,32937,5545,200.0,0,0,69.9
3112,mean_dynamic_mobilenetv2,stable,features_16,1775834975936.554,1775834976036.064,99.510,10.510,87.001,22.775,32937,5545,200.0,0,0,70.8
3113,mean_dynamic_mobilenetv2,stable,features_16,1775834976039.064,1775834976112.579,73.515,8.516,63.999,23.145,32937,5545,200.0,0,0,72.5
3114,mean_dynamic_mobilenetv2,stable,features_16,1775834976115.579,1775834976209.092,93.513,10.010,83.503,24.131,32937,5545,200.0,0,0,69.8
3115,mean_dynamic_mobilenetv2,stable,features_16,1775834976212.092,1775834976306.600,94.509,10.001,83.507,24.477,32937,5545,200.0,0,0,70.9
3116,mean_dynamic_mobilenetv2,stable,features_16,1775834976308.601,1775834976384.108,75.507,10.002,64.505,22.710,32937,5545,200.0,0,0,70.4
3117,mean_dynamic_mobilenetv2,stable,features_16,1775834976388.108,1775834976486.615,98.507,11.002,86.504,24.307,32937,5545,200.0,0,0,69.4
3118,mean_dynamic_mobilenetv2,stable,features_16,1775834976489.616,1775834976584.122,94.506,9.000,85.505,22.920,32937,5545,200.0,0,0,71.9
3119,mean_dynamic_mobilenetv2,stable,features_16,1775834976587.122,1775834976693.630,106.508,11.002,95.506,25.641,32937,5545,200.0,0,0,71.4
3120,mean_dynamic_mobilenetv2,stable,features_16,1775834976696.630,1775834976798.136,101.507,10.001,89.506,23.324,32937,5545,200.0,0,0,75.0
3121,mean_dynamic_mobilenetv2,stable,features_16,1775834976801.137,1775834976877.643,76.507,9.001,67.505,22.801,32937,5545,200.0,0,0,82.5
3122,mean_dynamic_mobilenetv2,stable,features_16,1775834976880.645,1775834976956.151,75.506,9.001,64.506,21.894,32937,5545,200.0,0,0,72.8
3123,mean_dynamic_mobilenetv2,stable,features_16,1775834976958.151,1775834977043.660,85.510,10.001,74.506,20.428,32937,5545,200.0,0,0,69.8
3124,mean_dynamic_mobilenetv2,stable,features_16,1775834977046.658,1775834977140.162,93.504,11.004,79.998,25.080,32937,5545,200.0,0,0,69.8
3125,mean_dynamic_mobilenetv2,stable,features_16,1775834977143.165,1775834977221.166,78.000,10.003,66.999,24.244,32937,5545,200.0,0,0,72.5
3126,mean_dynamic_mobilenetv2,stable,features_16,1775834977224.165,1775834977323.674,99.509,10.007,89.502,23.764,32937,5545,200.0,0,0,74.1
3127,mean_dynamic_mobilenetv2,stable,features_16,1775834977326.676,1775834977400.182,73.506,9.001,64.505,20.359,32937,5545,200.0,0,0,78.3
3128,mean_dynamic_mobilenetv2,stable,features_16,1775834977404.182,1775834977498.688,94.506,9.001,85.505,26.740,32937,5545,200.0,0,0,70.8
3129,mean_dynamic_mobilenetv2,stable,features_16,1775834977501.689,1775834977581.198,79.508,10.002,69.506,23.983,32937,5545,200.0,0,0,77.5
3130,mean_dynamic_mobilenetv2,stable,features_16,1775834977584.198,1775834977681.706,97.508,10.001,85.506,23.114,32937,5545,200.0,0,0,71.4
3131,mean_dynamic_mobilenetv2,stable,features_16,1775834977684.706,1775834977759.214,74.508,11.000,62.508,20.704,32937,5545,200.0,0,0,72.2
3132,mean_dynamic_mobilenetv2,stable,features_16,1775834977762.215,1775834977843.722,81.507,10.000,70.507,24.901,32937,5545,200.0,0,0,77.8
3133,mean_dynamic_mobilenetv2,stable,features_16,1775834977846.724,1775834977946.230,99.506,11.999,87.507,26.709,32937,5545,200.0,0,0,72.1
3134,mean_dynamic_mobilenetv2,stable,features_16,1775834977949.231,1775834978024.230,74.999,10.002,63.999,22.577,32937,5545,200.0,0,0,71.2
3135,mean_dynamic_mobilenetv2,stable,features_16,1775834978028.233,1775834978124.741,96.508,10.003,86.505,21.530,32937,5545,200.0,0,0,68.4
3136,mean_dynamic_mobilenetv2,stable,features_16,1775834978127.744,1775834978205.250,77.507,10.001,67.506,23.712,32937,5545,200.0,0,0,72.5
3137,mean_dynamic_mobilenetv2,stable,features_16,1775834978209.251,1775834978290.759,81.508,10.000,70.507,25.749,32937,5545,200.0,0,0,72.3
3138,mean_dynamic_mobilenetv2,stable,features_16,1775834978293.759,1775834978424.267,130.508,11.000,119.508,26.527,32937,5545,200.0,0,0,69.2
3139,mean_dynamic_mobilenetv2,stable,features_16,1775834978427.270,1775834978529.776,102.507,11.000,91.507,24.761,32937,5545,200.0,0,0,69.6
3140,mean_dynamic_mobilenetv2,stable,features_16,1775834978532.777,1775834978608.283,75.506,10.508,64.999,23.004,32937,5545,200.0,0,0,70.0
3141,mean_dynamic_mobilenetv2,stable,features_16,1775834978611.283,1775834978698.791,87.508,10.000,77.507,20.541,32937,5545,200.0,0,0,70.8
3142,mean_dynamic_mobilenetv2,stable,features_16,1775834978701.792,1775834978788.299,86.506,13.999,71.507,24.860,32937,5545,200.0,0,0,73.8
3143,mean_dynamic_mobilenetv2,stable,features_16,1775834978791.299,1775834978871.807,80.508,9.001,70.507,24.621,32937,5545,200.0,0,0,82.3
3144,mean_dynamic_mobilenetv2,stable,features_16,1775834978874.807,1775834978962.314,87.507,9.000,75.505,20.118,32937,5545,200.0,0,0,81.6
3145,mean_dynamic_mobilenetv2,stable,features_16,1775834978965.314,1775834979062.821,97.508,13.001,83.507,22.661,32937,5545,200.0,0,0,72.9
3146,mean_dynamic_mobilenetv2,stable,features_16,1775834979065.822,1775834979169.330,103.508,10.001,92.507,23.417,32937,5545,200.0,0,0,72.3
3147,mean_dynamic_mobilenetv2,stable,features_16,1775834979172.330,1775834979252.838,80.508,11.001,68.507,24.871,32937,5545,200.0,0,0,75.9
3148,mean_dynamic_mobilenetv2,stable,features_16,1775834979255.838,1775834979348.345,92.507,9.001,81.506,19.153,32937,5545,200.0,0,0,72.2
3149,mean_dynamic_mobilenetv2,stable,features_16,1775834979351.345,1775834979446.854,95.509,9.001,86.508,26.054,32937,5545,200.0,0,0,70.9
3150,mean_dynamic_mobilenetv2,stable,features_16,1775834979449.854,1775834979527.856,78.002,10.001,67.001,22.018,32937,5545,200.0,0,0,67.9
3151,mean_dynamic_mobilenetv2,stable,features_16,1775834979530.856,1775834979607.368,76.512,10.515,64.998,21.680,32937,5545,200.0,0,0,72.5
3152,mean_dynamic_mobilenetv2,stable,features_16,1775834979610.368,1775834979689.879,79.510,13.003,65.508,24.204,32937,5545,200.0,0,0,72.0
3153,mean_dynamic_mobilenetv2,stable,features_16,1775834979692.879,1775834979769.387,76.508,9.001,66.507,24.107,32937,5545,200.0,0,0,73.8
3154,mean_dynamic_mobilenetv2,stable,features_16,1775834979772.386,1775834979849.895,77.508,10.001,66.506,25.354,32937,5545,200.0,0,0,76.2
3155,mean_dynamic_mobilenetv2,stable,features_16,1775834979852.895,1775834979956.402,103.507,15.000,87.506,25.065,32937,5545,200.0,0,0,75.0
3156,mean_dynamic_mobilenetv2,stable,features_16,1775834979960.402,1775834980040.906,80.504,10.001,70.503,26.221,32937,5545,200.0,0,0,71.6
3157,mean_dynamic_mobilenetv2,stable,features_16,1775834980044.910,1775834980144.417,99.507,9.000,88.507,24.146,32937,5545,200.0,0,0,69.1
3158,mean_dynamic_mobilenetv2,stable,features_16,1775834980147.418,1775834980230.420,83.002,10.001,71.001,20.056,32937,5545,200.0,0,0,69.8
3159,mean_dynamic_mobilenetv2,stable,features_16,1775834980233.421,1775834980326.929,93.508,11.507,81.002,22.676,32937,5545,200.0,0,0,71.1
3160,mean_dynamic_mobilenetv2,stable,features_16,1775834980329.929,1775834980432.444,102.515,11.515,91.000,22.850,32937,5545,200.0,0,0,70.9
3161,mean_dynamic_mobilenetv2,stable,features_16,1775834980435.446,1775834980515.951,80.506,9.510,69.996,22.218,32937,5545,200.0,0,0,70.7
3162,mean_dynamic_mobilenetv2,stable,features_16,1775834980518.952,1775834980617.465,98.512,10.009,86.501,22.739,32937,5545,200.0,0,0,69.4
3163,mean_dynamic_mobilenetv2,stable,features_16,1775834980620.467,1775834980703.979,83.512,9.009,73.504,19.552,32937,5545,200.0,0,0,69.5
3164,mean_dynamic_mobilenetv2,stable,features_16,1775834980706.979,1775834980788.488,81.509,10.001,71.508,25.877,32937,5545,200.0,0,0,70.4
3165,mean_dynamic_mobilenetv2,stable,features_16,1775834980792.488,1775834980873.996,81.508,10.001,69.507,23.309,32937,5545,200.0,0,0,78.1
3166,mean_dynamic_mobilenetv2,stable,features_16,1775834980876.997,1775834980974.504,97.507,11.002,86.505,25.135,32937,5545,200.0,0,0,74.0
3167,mean_dynamic_mobilenetv2,stable,features_16,1775834980977.504,1775834981057.011,79.507,11.001,67.506,25.617,32937,5545,200.0,0,0,71.6
3168,mean_dynamic_mobilenetv2,stable,features_16,1775834981060.012,1775834981142.521,82.509,10.000,70.507,24.237,32937,5545,200.0,0,0,70.4
3169,mean_dynamic_mobilenetv2,stable,features_16,1775834981145.519,1775834981239.521,94.002,9.001,85.001,24.448,32937,5545,200.0,0,0,70.8
3170,mean_dynamic_mobilenetv2,stable,features_16,1775834981243.027,1775834981325.027,82.000,10.001,70.999,25.973,32937,5545,200.0,0,0,69.8
3171,mean_dynamic_mobilenetv2,stable,features_16,1775834981328.029,1775834981408.538,80.509,11.001,68.004,23.926,32937,5545,200.0,0,0,71.2
3172,mean_dynamic_mobilenetv2,stable,features_16,1775834981411.538,1775834981496.046,84.508,10.002,72.506,23.057,32937,5545,200.0,0,0,71.6
3173,mean_dynamic_mobilenetv2,stable,features_16,1775834981499.047,1775834981575.553,76.506,12.000,62.506,21.065,32937,5545,200.0,0,0,70.4
3174,mean_dynamic_mobilenetv2,stable,features_16,1775834981577.554,1775834981662.062,84.508,11.000,72.508,27.839,32937,5545,200.0,0,0,70.7
3175,mean_dynamic_mobilenetv2,stable,features_16,1775834981665.062,1775834981747.570,82.508,9.001,71.507,26.274,32937,5545,200.0,0,0,69.8
3176,mean_dynamic_mobilenetv2,stable,features_16,1775834981751.570,1775834981845.078,93.508,8.000,83.507,24.904,32937,5545,200.0,0,0,77.3
3177,mean_dynamic_mobilenetv2,stable,features_16,1775834981849.078,1775834981925.078,76.000,13.002,62.998,18.846,32937,5545,200.0,0,0,75.0
3178,mean_dynamic_mobilenetv2,stable,features_16,1775834981928.081,1775834982009.587,81.506,10.000,71.505,26.125,32937,5545,200.0,0,0,70.8
3179,mean_dynamic_mobilenetv2,stable,features_16,1775834982013.586,1775834982113.094,99.508,9.001,87.507,27.563,32937,5545,200.0,0,0,70.1
3180,mean_dynamic_mobilenetv2,stable,features_16,1775834982116.095,1775834982218.603,102.508,12.004,90.504,25.580,32937,5545,200.0,0,0,70.5
3181,mean_dynamic_mobilenetv2,stable,features_16,1775834982221.603,1775834982297.112,75.509,11.007,64.502,21.898,32937,5545,200.0,0,0,75.0
3182,mean_dynamic_mobilenetv2,stable,features_16,1775834982301.113,1775834982380.619,79.507,10.001,67.503,22.242,32937,5545,200.0,0,0,70.0
3183,mean_dynamic_mobilenetv2,stable,features_16,1775834982383.619,1775834982483.127,99.508,10.003,88.504,23.205,32937,5545,200.0,0,0,70.5
3184,mean_dynamic_mobilenetv2,stable,features_16,1775834982486.127,1775834982577.656,91.530,9.001,81.529,24.841,32937,5545,200.0,0,0,91.8
3185,mean_dynamic_mobilenetv2,stable,features_16,1775834982580.657,1775834982657.165,76.508,11.001,64.506,23.752,32937,5545,200.0,0,0,76.8
3186,mean_dynamic_mobilenetv2,stable,features_16,1775834982660.165,1775834982766.671,106.507,11.000,94.506,26.516,32937,5545,200.0,0,0,77.2
3187,mean_dynamic_mobilenetv2,stable,features_16,1775834982769.672,1775834982857.182,87.510,16.003,70.507,24.838,32937,5545,200.0,0,0,78.1
3188,mean_dynamic_mobilenetv2,stable,features_16,1775834982860.182,1775834982957.688,97.506,11.003,84.502,19.771,32937,5545,200.0,0,0,70.8
3189,mean_dynamic_mobilenetv2,stable,features_16,1775834982960.688,1775834983051.196,90.508,10.003,80.505,22.548,32937,5545,200.0,0,0,70.8
3190,mean_dynamic_mobilenetv2,stable,features_16,1775834983054.197,1775834983149.703,95.507,9.001,85.506,26.169,32937,5545,200.0,0,0,72.5
3191,mean_dynamic_mobilenetv2,stable,features_16,1775834983152.705,1775834983254.211,101.505,9.999,90.506,23.029,32937,5545,200.0,0,0,71.7
3192,mean_dynamic_mobilenetv2,stable,features_16,1775834983256.214,1775834983347.718,91.504,9.997,79.506,25.645,32937,5545,200.0,0,0,69.8
3193,mean_dynamic_mobilenetv2,stable,features_16,1775834983350.719,1775834983436.720,86.002,9.001,75.001,21.648,32937,5545,200.0,0,0,69.8
3194,mean_dynamic_mobilenetv2,stable,features_16,1775834983440.720,1775834983533.229,92.509,10.510,80.999,24.359,32937,5545,200.0,0,0,69.8
3195,mean_dynamic_mobilenetv2,stable,features_16,1775834983536.229,1775834983626.741,90.512,9.511,81.001,24.703,32937,5545,200.0,0,0,69.8
3196,mean_dynamic_mobilenetv2,stable,features_16,1775834983629.742,1775834983718.248,88.506,12.508,75.998,25.437,32937,5545,200.0,0,0,69.8
3197,mean_dynamic_mobilenetv2,stable,features_16,1775834983721.249,1775834983799.757,78.508,10.006,66.503,22.657,32937,5545,200.0,0,0,70.0
3198,mean_dynamic_mobilenetv2,stable,features_16,1775834983803.758,1775834983886.266,82.508,14.001,68.507,24.004,32937,5545,200.0,0,0,76.0
3199,mean_dynamic_mobilenetv2,stable,features_16,1775834983890.266,1775834983985.773,95.507,9.001,85.506,26.415,32937,5545,200.0,0,0,70.1
3200,mean_dynamic_mobilenetv2,stable,features_16,1775834983988.774,1775834984066.281,77.508,10.000,65.507,23.501,32937,5545,200.0,0,0,82.9
3201,mean_dynamic_mobilenetv2,stable,features_16,1775834984069.281,1775834984194.789,125.507,13.003,112.504,20.248,32937,5545,200.0,0,0,72.1
3202,mean_dynamic_mobilenetv2,stable,features_16,1775834984198.789,1775834984269.298,70.509,9.001,61.509,20.267,32937,5545,200.0,0,0,70.9
3203,mean_dynamic_mobilenetv2,stable,features_16,1775834984272.300,1775834984342.805,70.505,10.000,59.505,17.830,32937,5545,200.0,0,0,70.0
3204,mean_dynamic_mobilenetv2,stable,features_16,1775834984345.805,1775834984424.805,79.000,9.000,69.000,24.314,32937,5545,200.0,0,0,70.4
3205,mean_dynamic_mobilenetv2,stable,features_16,1775834984427.808,1775834984522.313,94.505,9.001,85.505,24.851,32937,5545,200.0,0,0,72.9
3206,mean_dynamic_mobilenetv2,stable,features_16,1775834984525.313,1775834984613.822,88.508,10.004,78.505,23.971,32937,5545,200.0,0,0,74.0
3207,mean_dynamic_mobilenetv2,stable,features_16,1775834984616.822,1775834984690.333,73.511,9.001,62.506,21.110,32937,5545,200.0,0,0,71.2
3208,mean_dynamic_mobilenetv2,stable,features_16,1775834984693.335,1775834984796.840,103.505,12.004,91.501,21.765,32937,5545,200.0,0,0,70.8
3209,mean_dynamic_mobilenetv2,stable,features_16,1775834984799.840,1775834984882.350,82.510,9.001,72.510,26.223,32937,5545,200.0,0,0,82.5
3210,mean_dynamic_mobilenetv2,stable,features_16,1775834984885.352,1775834984980.858,95.505,11.000,84.505,21.994,32937,5545,200.0,0,0,69.6
3211,mean_dynamic_mobilenetv2,stable,features_16,1775834984983.858,1775834985076.366,92.508,10.001,80.507,22.448,32937,5545,200.0,0,0,72.9
3212,mean_dynamic_mobilenetv2,stable,features_16,1775834985079.366,1775834985188.874,109.507,18.000,91.507,24.944,32937,5545,200.0,0,0,70.8
3213,mean_dynamic_mobilenetv2,stable,features_16,1775834985192.877,1775834985293.381,100.504,10.999,89.505,20.425,32937,5545,200.0,0,0,71.4
3214,mean_dynamic_mobilenetv2,stable,features_16,1775834985296.382,1775834985387.889,91.507,9.001,80.504,23.011,32937,5545,200.0,0,0,80.0
3215,mean_dynamic_mobilenetv2,stable,features_16,1775834985390.889,1775834985466.397,75.508,12.001,63.507,21.639,32937,5545,200.0,0,0,76.5
3216,mean_dynamic_mobilenetv2,stable,features_16,1775834985469.397,1775834985574.906,105.509,11.001,93.508,25.659,32937,5545,200.0,0,0,71.4
3217,mean_dynamic_mobilenetv2,stable,features_16,1775834985578.906,1775834985658.416,79.510,10.000,68.509,23.849,32937,5545,200.0,0,0,80.2
3218,mean_dynamic_mobilenetv2,stable,features_16,1775834985661.416,1775834985744.927,83.511,12.000,68.511,23.328,32937,5545,200.0,0,0,82.5
3219,mean_dynamic_mobilenetv2,stable,features_16,1775834985747.928,1775834985833.930,86.002,13.001,72.001,25.366,32937,5545,200.0,0,0,77.5
3220,mean_dynamic_mobilenetv2,stable,features_16,1775834985836.931,1775834985911.440,74.509,11.513,61.997,20.815,32937,5545,200.0,0,0,80.0
3221,mean_dynamic_mobilenetv2,stable,features_16,1775834985914.440,1775834985991.949,77.508,9.001,66.507,25.126,32937,5545,200.0,0,0,70.0
3222,mean_dynamic_mobilenetv2,stable,features_16,1775834985995.949,1775834986101.457,105.508,12.003,93.505,22.822,32937,5545,200.0,0,0,74.4
3223,mean_dynamic_mobilenetv2,stable,features_16,1775834986104.458,1775834986207.965,103.508,11.000,91.507,24.382,32937,5545,200.0,0,0,68.7
3224,mean_dynamic_mobilenetv2,stable,features_16,1775834986211.966,1775834986289.473,77.507,10.000,66.507,24.495,32937,5545,200.0,0,0,74.2
3225,mean_dynamic_mobilenetv2,stable,features_16,1775834986292.474,1775834986392.981,100.508,12.000,88.507,23.946,32937,5545,200.0,0,0,71.4
3226,mean_dynamic_mobilenetv2,stable,features_16,1775834986396.982,1775834986491.490,94.508,10.001,83.507,26.131,32937,5545,200.0,0,0,70.8
3227,mean_dynamic_mobilenetv2,stable,features_16,1775834986494.490,1775834986598.998,104.507,10.002,93.505,24.664,32937,5545,200.0,0,0,72.3
3228,mean_dynamic_mobilenetv2,stable,features_16,1775834986601.999,1775834986706.506,104.507,12.000,90.507,24.161,32937,5545,200.0,0,0,71.4
3229,mean_dynamic_mobilenetv2,stable,features_16,1775834986709.510,1775834986785.014,75.504,10.998,64.507,22.299,32937,5545,200.0,0,0,72.5
3230,mean_dynamic_mobilenetv2,stable,features_16,1775834986788.014,1775834986869.523,81.509,11.001,70.507,24.407,32937,5545,200.0,0,0,79.4
3231,mean_dynamic_mobilenetv2,stable,features_16,1775834986872.523,1775834986949.033,76.510,12.001,63.506,18.170,32937,5545,200.0,0,0,71.6
3232,mean_dynamic_mobilenetv2,stable,features_16,1775834986952.033,1775834987048.538,96.504,11.000,85.504,23.960,32937,5545,200.0,0,0,70.8
3233,mean_dynamic_mobilenetv2,stable,features_16,1775834987051.538,1775834987127.541,76.002,10.001,66.002,22.864,32937,5545,200.0,0,0,70.0
3234,mean_dynamic_mobilenetv2,stable,features_16,1775834987131.540,1775834987217.051,85.510,9.506,76.004,19.433,32937,5545,200.0,0,0,70.5
3235,mean_dynamic_mobilenetv2,stable,features_16,1775834987220.052,1775834987314.561,94.509,9.004,83.504,23.263,32937,5545,200.0,0,0,70.1
3236,mean_dynamic_mobilenetv2,stable,features_16,1775834987317.562,1775834987408.071,90.510,11.006,77.502,22.822,32937,5545,200.0,0,0,69.8
3237,mean_dynamic_mobilenetv2,stable,features_16,1775834987411.072,1775834987492.579,81.507,10.000,69.506,25.809,32937,5545,200.0,0,0,72.4
3238,mean_dynamic_mobilenetv2,stable,features_16,1775834987495.579,1775834987591.086,95.508,11.001,84.507,22.069,32937,5545,200.0,0,0,69.8
3239,mean_dynamic_mobilenetv2,stable,features_16,1775834987594.086,1775834987685.594,91.508,9.001,81.507,21.531,32937,5545,200.0,0,0,69.8
3240,mean_dynamic_mobilenetv2,stable,features_16,1775834987688.594,1775834987764.102,75.508,9.001,66.507,21.797,32937,5545,200.0,0,0,71.2
3241,mean_dynamic_mobilenetv2,stable,features_16,1775834987767.102,1775834987861.611,94.509,11.001,83.508,25.844,32937,5545,200.0,0,0,75.8
3242,mean_dynamic_mobilenetv2,stable,features_16,1775834987865.612,1775834987963.120,97.508,10.001,85.505,20.401,32937,5545,200.0,0,0,81.4
3243,mean_dynamic_mobilenetv2,stable,features_16,1775834987966.120,1775834988046.628,80.508,11.000,68.507,25.011,32937,5545,200.0,0,0,80.0
3244,mean_dynamic_mobilenetv2,stable,features_16,1775834988049.629,1775834988128.631,79.002,11.003,67.999,23.070,32937,5545,200.0,0,0,77.4
3245,mean_dynamic_mobilenetv2,stable,features_16,1775834988131.632,1775834988216.144,84.512,12.514,71.000,25.598,32937,5545,200.0,0,0,80.4
3246,mean_dynamic_mobilenetv2,stable,features_16,1775834988220.144,1775834988302.656,82.512,16.007,64.504,20.049,32937,5545,200.0,0,0,77.5
3247,mean_dynamic_mobilenetv2,stable,features_16,1775834988306.656,1775834988389.166,82.510,15.003,66.507,22.717,32937,5545,200.0,0,0,74.7
3248,mean_dynamic_mobilenetv2,stable,features_16,1775834988392.167,1775834988470.675,78.508,12.001,65.507,21.538,32937,5545,200.0,0,0,70.0
3249,mean_dynamic_mobilenetv2,stable,features_16,1775834988473.675,1775834988561.184,87.509,11.001,74.508,28.252,32937,5545,200.0,0,0,77.8
3250,mean_dynamic_mobilenetv2,stable,features_16,1775834988564.185,1775834988666.692,102.506,13.002,89.505,23.433,32937,5545,200.0,0,0,70.3
3251,mean_dynamic_mobilenetv2,stable,features_16,1775834988669.692,1775834988745.200,75.509,10.002,64.507,21.428,32937,5545,200.0,0,0,72.5
3252,mean_dynamic_mobilenetv2,stable,features_16,1775834988748.200,1775834988828.203,80.003,11.001,68.002,25.194,32937,5545,200.0,0,0,81.5
3253,mean_dynamic_mobilenetv2,stable,features_16,1775834988831.205,1775834988912.710,81.506,16.507,64.999,20.073,32937,5545,200.0,0,0,77.5
3254,mean_dynamic_mobilenetv2,stable,features_16,1775834988915.710,1775834989012.222,96.512,11.010,85.502,25.517,32937,5545,200.0,0,0,75.7
3255,mean_dynamic_mobilenetv2,stable,features_16,1775834989015.222,1775834989090.268,75.046,11.002,64.043,23.460,32937,5545,200.0,0,0,70.0
3256,mean_dynamic_mobilenetv2,stable,features_16,1775834989093.268,1775834989171.776,78.508,12.000,65.508,22.388,32937,5545,200.0,0,0,72.5
3257,mean_dynamic_mobilenetv2,stable,features_16,1775834989174.776,1775834989257.284,82.507,12.001,69.506,24.400,32937,5545,200.0,0,0,70.4
3258,mean_dynamic_mobilenetv2,stable,features_16,1775834989260.284,1775834989340.286,80.003,8.001,70.002,24.379,32937,5545,200.0,0,0,71.6
3259,mean_dynamic_mobilenetv2,stable,features_16,1775834989342.793,1775834989416.792,74.000,10.000,63.999,22.528,32937,5545,200.0,0,0,72.2
3260,mean_dynamic_mobilenetv2,stable,features_16,1775834989419.794,1775834989522.302,102.508,10.005,91.503,27.359,32937,5545,200.0,0,0,69.4
3261,mean_dynamic_mobilenetv2,stable,features_16,1775834989525.304,1775834989635.629,110.325,10.008,99.318,31.460,32937,5545,200.0,0,0,70.3
3262,mean_dynamic_mobilenetv2,stable,features_16,1775834989638.630,1775834989740.145,101.515,10.515,89.000,24.504,32937,5545,200.0,0,0,69.8
3263,mean_dynamic_mobilenetv2,stable,features_16,1775834989743.651,1775834989817.651,74.000,10.001,61.999,20.727,32937,5545,200.0,0,0,72.5
3264,mean_dynamic_mobilenetv2,stable,features_16,1775834989820.652,1775834989950.671,130.019,14.005,116.015,24.375,32937,5545,200.0,0,0,77.1
3265,mean_dynamic_mobilenetv2,stable,features_16,1775834989954.672,1775834990048.180,93.508,9.000,83.508,23.687,32937,5545,200.0,0,0,72.9
3266,mean_dynamic_mobilenetv2,stable,features_16,1775834990051.180,1775834990133.182,82.002,11.001,70.002,19.020,32937,5545,200.0,0,0,73.6
3267,mean_dynamic_mobilenetv2,stable,features_16,1775834990136.183,1775834990233.693,97.510,9.508,86.001,24.872,32937,5545,200.0,0,0,70.3
3268,mean_dynamic_mobilenetv2,stable,features_16,1775834990236.694,1775834990328.202,91.509,8.507,81.001,25.679,32937,5545,200.0,0,0,75.0
3269,mean_dynamic_mobilenetv2,stable,features_16,1775834990331.202,1775834990434.713,103.511,12.509,91.002,23.031,32937,5545,200.0,0,0,73.2
3270,mean_dynamic_mobilenetv2,stable,features_16,1775834990437.713,1775834990525.223,87.510,9.510,75.999,31.326,32937,5545,200.0,0,0,87.1
3271,mean_dynamic_mobilenetv2,stable,features_16,1775834990528.230,1775834990623.738,95.508,12.000,82.508,24.814,32937,5545,200.0,0,0,77.6
3272,mean_dynamic_mobilenetv2,stable,features_16,1775834990626.738,1775834990733.250,106.513,11.004,93.509,24.422,32937,5545,200.0,0,0,74.3
3273,mean_dynamic_mobilenetv2,stable,features_16,1775834990736.250,1775834990814.759,78.509,11.511,65.996,23.475,32937,5545,200.0,0,0,79.0
3274,mean_dynamic_mobilenetv2,stable,features_16,1775834990817.760,1775834990896.272,78.512,12.004,65.505,19.641,32937,5545,200.0,0,0,81.5
3275,mean_dynamic_mobilenetv2,stable,features_16,1775834990899.269,1775834991000.780,101.511,10.001,90.510,25.854,32937,5545,200.0,0,0,73.0
3276,mean_dynamic_mobilenetv2,stable,features_16,1775834991003.780,1775834991108.288,104.508,11.001,92.508,25.524,32937,5545,200.0,0,0,77.2
3277,mean_dynamic_mobilenetv2,stable,features_16,1775834991112.288,1775834991193.797,81.509,14.000,65.505,23.091,32937,5545,200.0,0,0,68.8
3278,mean_dynamic_mobilenetv2,stable,features_16,1775834991196.798,1775834991292.306,95.509,12.001,82.507,22.788,32937,5545,200.0,0,0,71.2
3279,mean_dynamic_mobilenetv2,stable,features_16,1775834991295.307,1775834991375.814,80.507,10.000,69.483,24.183,32937,5545,200.0,0,0,74.7
3280,mean_dynamic_mobilenetv2,stable,features_16,1775834991378.814,1775834991458.321,79.507,11.001,68.506,22.692,32937,5545,200.0,0,0,74.1
3281,mean_dynamic_mobilenetv2,stable,features_16,1775834991462.322,1775834991562.830,100.508,15.001,85.507,23.932,32937,5545,200.0,0,0,70.5
3282,mean_dynamic_mobilenetv2,stable,features_16,1775834991566.830,1775834991675.337,108.508,10.003,98.505,29.083,32937,5545,200.0,0,0,75.9
3283,mean_dynamic_mobilenetv2,stable,features_16,1775834991678.337,1775834991787.845,109.507,10.001,99.506,25.758,32937,5545,200.0,0,0,70.5
3284,mean_dynamic_mobilenetv2,stable,features_16,1775834991790.845,1775834991867.354,76.510,9.002,66.507,21.373,32937,5545,200.0,0,0,78.8
3285,mean_dynamic_mobilenetv2,stable,features_16,1775834991871.354,1775834991965.863,94.509,17.001,75.508,26.455,32937,5545,200.0,0,0,78.1
3286,mean_dynamic_mobilenetv2,stable,features_16,1775834991968.863,1775834992062.371,93.508,11.000,82.508,24.505,32937,5545,200.0,0,0,87.0
3287,mean_dynamic_mobilenetv2,stable,features_16,1775834992066.374,1775834992165.880,99.506,15.000,82.506,22.186,32937,5545,200.0,0,0,76.1
3288,mean_dynamic_mobilenetv2,stable,features_16,1775834992168.880,1775834992245.388,76.508,9.001,65.507,24.143,32937,5545,200.0,0,0,71.2
3289,mean_dynamic_mobilenetv2,stable,features_16,1775834992248.388,1775834992351.896,103.507,11.001,92.507,23.501,32937,5545,200.0,0,0,69.4
3290,mean_dynamic_mobilenetv2,stable,features_16,1775834992354.896,1775834992431.899,77.003,9.002,67.002,21.147,32937,5545,200.0,0,0,72.6
3291,mean_dynamic_mobilenetv2,stable,features_16,1775834992435.899,1775834992524.410,88.511,9.510,78.001,26.072,32937,5545,200.0,0,0,72.6
3292,mean_dynamic_mobilenetv2,stable,features_16,1775834992528.411,1775834992606.928,78.517,11.508,66.010,22.758,32937,5545,200.0,0,0,68.3
3293,mean_dynamic_mobilenetv2,stable,features_16,1775834992609.929,1775834992711.436,101.507,15.000,85.507,24.566,32937,5545,200.0,0,0,70.3
3294,mean_dynamic_mobilenetv2,stable,features_16,1775834992714.436,1775834992799.945,85.509,11.000,72.504,25.259,32937,5545,200.0,0,0,74.4
3295,mean_dynamic_mobilenetv2,stable,features_16,1775834992803.945,1775834992879.453,75.508,9.000,64.508,20.248,32937,5545,200.0,0,0,80.0
3296,mean_dynamic_mobilenetv2,stable,features_16,1775834992882.453,1775834992979.962,97.509,11.002,85.507,24.081,32937,5545,200.0,0,0,73.2
3297,mean_dynamic_mobilenetv2,stable,features_16,1775834992982.966,1775834993081.470,98.504,10.997,86.507,20.332,32937,5545,200.0,0,0,75.3
3298,mean_dynamic_mobilenetv2,stable,features_16,1775834993085.470,1775834993163.977,78.508,9.001,68.506,23.973,32937,5545,200.0,0,0,70.0
3299,mean_dynamic_mobilenetv2,stable,features_16,1775834993166.978,1775834993271.485,104.508,12.002,90.505,27.264,32937,5545,200.0,0,0,71.4
3300,mean_dynamic_mobilenetv2,stable,features_16,1775834993275.486,1775834993355.995,80.510,11.002,67.506,23.990,32937,5545,200.0,0,0,70.8
3301,mean_dynamic_mobilenetv2,stable,features_16,1775834993358.995,1775834993432.998,74.003,9.002,64.001,21.945,32937,5545,200.0,0,0,70.0
3302,mean_dynamic_mobilenetv2,stable,features_16,1775834993435.998,1775834993511.509,75.511,10.514,63.999,21.812,32937,5545,200.0,0,0,73.4
3303,mean_dynamic_mobilenetv2,stable,features_16,1775834993514.511,1775834993610.150,95.639,9.000,84.637,26.945,32937,5545,200.0,0,0,75.0
3304,mean_dynamic_mobilenetv2,stable,features_16,1775834993613.148,1775834993692.657,79.510,11.003,68.507,21.035,32937,5545,200.0,0,0,69.1
3305,mean_dynamic_mobilenetv2,stable,features_16,1775834993696.658,1775834993793.167,96.509,8.000,85.508,23.848,32937,5545,200.0,0,0,69.6
3306,mean_dynamic_mobilenetv2,stable,features_16,1775834993796.167,1775834993873.676,77.509,12.000,64.509,23.997,32937,5545,200.0,0,0,77.5
3307,mean_dynamic_mobilenetv2,stable,features_16,1775834993876.676,1775834993961.183,84.508,11.003,72.505,24.591,32937,5545,200.0,0,0,72.5
3308,mean_dynamic_mobilenetv2,stable,features_16,1775834993964.184,1775834994042.688,78.505,9.001,68.504,24.331,32937,5545,200.0,0,0,72.6
3309,mean_dynamic_mobilenetv2,stable,features_16,1775834994046.692,1775834994127.694,81.002,10.000,70.000,28.530,32937,5545,200.0,0,0,72.5
3310,mean_dynamic_mobilenetv2,stable,features_16,1775834994130.694,1775834994229.204,98.510,10.001,87.509,25.761,32937,5545,200.0,0,0,69.9
3311,mean_dynamic_mobilenetv2,stable,features_16,1775834994233.204,1775834994330.714,97.510,13.509,83.002,21.199,32937,5545,200.0,0,0,71.9
3312,mean_dynamic_mobilenetv2,stable,features_16,1775834994333.715,1775834994412.222,78.507,9.509,67.998,21.797,32937,5545,200.0,0,0,71.2
3313,mean_dynamic_mobilenetv2,stable,features_16,1775834994415.222,1775834994519.731,104.509,11.001,92.508,24.993,32937,5545,200.0,0,0,69.6
3314,mean_dynamic_mobilenetv2,stable,features_16,1775834994523.731,1775834994617.240,93.509,10.005,81.505,28.081,32937,5545,200.0,0,0,69.8
3315,mean_dynamic_mobilenetv2,stable,features_16,1775834994620.241,1775834994724.749,104.508,14.004,90.504,27.994,32937,5545,200.0,0,0,72.3
3316,mean_dynamic_mobilenetv2,stable,features_16,1775834994727.753,1775834994807.259,79.506,15.508,63.998,19.874,32937,5545,200.0,0,0,71.6
3317,mean_dynamic_mobilenetv2,stable,features_16,1775834994810.259,1775834994894.769,84.510,14.001,69.508,24.798,32937,5545,200.0,0,0,76.5
3318,mean_dynamic_mobilenetv2,stable,features_16,1775834994897.769,1775834994976.276,78.507,12.000,66.506,21.024,32937,5545,200.0,0,0,72.5
3319,mean_dynamic_mobilenetv2,stable,features_16,1775834994979.278,1775834995060.785,81.507,13.000,67.508,22.725,32937,5545,200.0,0,0,74.2
3320,mean_dynamic_mobilenetv2,stable,features_16,1775834995063.785,1775834995144.294,80.509,11.002,66.506,22.379,32937,5545,200.0,0,0,75.6
3321,mean_dynamic_mobilenetv2,stable,features_16,1775834995146.295,1775834995222.294,75.999,10.000,64.999,20.963,32937,5545,200.0,0,0,74.1
3322,mean_dynamic_mobilenetv2,stable,features_16,1775834995225.294,1775834995327.807,102.513,11.007,91.506,24.173,32937,5545,200.0,0,0,75.0
3323,mean_dynamic_mobilenetv2,stable,features_16,1775834995331.807,1775834995431.323,99.516,10.509,88.007,19.948,32937,5545,200.0,0,0,83.6
3324,mean_dynamic_mobilenetv2,stable,features_16,1775834995434.324,1775834995526.830,92.506,10.507,80.999,24.152,32937,5545,200.0,0,0,77.1
3325,mean_dynamic_mobilenetv2,stable,features_16,1775834995530.833,1775834995621.340,90.507,10.001,80.506,29.860,32937,5545,200.0,0,0,74.0
3326,mean_dynamic_mobilenetv2,stable,features_16,1775834995624.340,1775834995790.358,166.018,9.005,155.012,24.238,32937,5545,200.0,0,0,77.8
3327,mean_dynamic_mobilenetv2,stable,features_16,1775834995793.358,1775834995881.866,88.508,12.001,76.507,30.112,32937,5545,200.0,0,0,81.2
3328,mean_dynamic_mobilenetv2,stable,features_16,1775834995884.867,1775834995965.375,80.508,11.002,68.506,25.067,32937,5545,200.0,0,0,75.8
3329,mean_dynamic_mobilenetv2,stable,features_16,1775834995968.377,1775834996043.883,75.507,10.001,64.506,22.670,32937,5545,200.0,0,0,79.0
3330,mean_dynamic_mobilenetv2,stable,features_16,1775834996046.883,1775834996135.886,89.002,10.003,79.000,22.199,32937,5545,200.0,0,0,79.2
3331,mean_dynamic_mobilenetv2,stable,features_16,1775834996138.886,1775834996225.396,86.510,9.511,76.999,28.238,32937,5545,200.0,0,0,76.2
3332,mean_dynamic_mobilenetv2,stable,features_16,1775834996229.399,1775834996315.905,86.506,9.001,76.505,26.335,32937,5545,200.0,0,0,74.2
3333,mean_dynamic_mobilenetv2,stable,features_16,1775834996318.906,1775834996420.415,101.510,11.005,89.505,22.734,32937,5545,200.0,0,0,70.5
3334,mean_dynamic_mobilenetv2,stable,features_16,1775834996424.416,1775834996499.925,75.509,11.007,63.502,21.713,32937,5545,200.0,0,0,70.0
3335,mean_dynamic_mobilenetv2,stable,features_16,1775834996502.925,1775834996579.438,76.513,9.001,66.508,21.603,32937,5545,200.0,0,0,70.0
3336,mean_dynamic_mobilenetv2,stable,features_16,1775834996582.433,1775834996676.942,94.509,9.002,83.505,26.497,32937,5545,200.0,0,0,70.8
3337,mean_dynamic_mobilenetv2,stable,features_16,1775834996679.942,1775834996756.449,76.507,10.001,65.506,22.997,32937,5545,200.0,0,0,70.0
3338,mean_dynamic_mobilenetv2,stable,features_16,1775834996760.449,1775834996857.958,97.509,10.001,86.507,23.770,32937,5545,200.0,0,0,75.0
3339,mean_dynamic_mobilenetv2,stable,features_16,1775834996860.958,1775834996942.463,81.505,11.001,69.001,24.839,32937,5545,200.0,0,0,82.5
3340,mean_dynamic_mobilenetv2,stable,features_16,1775834996945.466,1775834997049.975,104.509,9.000,93.508,25.748,32937,5545,200.0,0,0,71.4
3341,mean_dynamic_mobilenetv2,stable,features_16,1775834997052.975,1775834997132.978,80.003,13.002,66.000,24.006,32937,5545,200.0,0,0,77.8
3342,mean_dynamic_mobilenetv2,stable,features_16,1775834997135.978,1775834997229.487,93.510,13.508,78.001,24.175,32937,5545,200.0,0,0,71.4
3343,mean_dynamic_mobilenetv2,stable,features_16,1775834997232.488,1775834997321.995,89.507,10.504,79.003,22.456,32937,5545,200.0,0,0,70.5
3344,mean_dynamic_mobilenetv2,stable,features_16,1775834997324.995,1775834997401.507,76.512,10.008,66.504,21.189,32937,5545,200.0,0,0,70.0
3345,mean_dynamic_mobilenetv2,stable,features_16,1775834997404.507,1775834997510.015,105.509,11.001,92.507,24.862,32937,5545,200.0,0,0,69.0
3346,mean_dynamic_mobilenetv2,stable,features_16,1775834997513.016,1775834997594.527,81.512,10.003,71.509,25.407,32937,5545,200.0,0,0,73.1
3347,mean_dynamic_mobilenetv2,stable,features_16,1775834997597.528,1775834997680.035,82.507,16.000,66.507,24.399,32937,5545,200.0,0,0,74.2
3348,mean_dynamic_mobilenetv2,stable,features_16,1775834997684.035,1775834997772.542,88.507,10.001,78.506,21.936,32937,5545,200.0,0,0,67.1
3349,mean_dynamic_mobilenetv2,stable,features_16,1775834997776.542,1775834997883.051,106.509,12.000,93.508,24.150,32937,5545,200.0,0,0,79.1
3350,mean_dynamic_mobilenetv2,stable,features_16,1775834997886.051,1775834997969.560,83.509,13.003,69.506,24.471,32937,5545,200.0,0,0,73.7
3351,mean_dynamic_mobilenetv2,stable,features_16,1775834997972.563,1775834998049.068,76.505,10.998,64.507,22.403,32937,5545,200.0,0,0,72.5
3352,mean_dynamic_mobilenetv2,stable,features_16,1775834998052.069,1775834998134.071,82.002,13.001,68.001,26.023,32937,5545,200.0,0,0,69.8
3353,mean_dynamic_mobilenetv2,stable,features_16,1775834998137.071,1775834998239.583,102.513,9.510,91.001,25.478,32937,5545,200.0,0,0,69.8
3354,mean_dynamic_mobilenetv2,stable,features_16,1775834998242.584,1775834998352.598,110.014,10.507,97.507,30.361,32937,5545,200.0,0,0,70.9
3355,mean_dynamic_mobilenetv2,stable,features_16,1775834998356.598,1775834998435.108,78.510,14.001,63.509,23.003,32937,5545,200.0,0,0,69.1
3356,mean_dynamic_mobilenetv2,stable,features_16,1775834998438.108,1775834998533.620,95.512,8.510,87.002,25.131,32937,5545,200.0,0,0,76.5
3357,mean_dynamic_mobilenetv2,stable,features_16,1775834998536.620,1775834998645.635,109.015,13.509,93.506,27.296,32937,5545,200.0,0,0,74.3
3358,mean_dynamic_mobilenetv2,stable,features_16,1775834998648.636,1775834998739.639,91.003,10.002,80.001,23.368,32937,5545,200.0,0,0,75.0
3359,mean_dynamic_mobilenetv2,stable,features_16,1775834998743.142,1775834998844.655,101.514,9.005,90.509,24.410,32937,5545,200.0,0,0,80.9
3360,mean_dynamic_mobilenetv2,stable,features_16,1775834998847.656,1775834998927.656,80.000,12.001,67.999,21.641,32937,5545,200.0,0,0,80.0
3361,mean_dynamic_mobilenetv2,stable,features_16,1775834998930.659,1775834999039.167,108.509,10.000,96.507,35.883,32937,5545,200.0,0,0,73.5
3362,mean_dynamic_mobilenetv2,stable,features_16,1775834999042.669,1775834999121.672,79.003,11.004,67.000,23.840,32937,5545,200.0,0,0,72.9
3363,mean_dynamic_mobilenetv2,stable,features_16,1775834999124.673,1775834999209.184,84.511,10.005,73.506,24.136,32937,5545,200.0,0,0,75.0
3364,mean_dynamic_mobilenetv2,stable,features_16,1775834999213.185,1775834999292.692,79.508,10.001,68.507,24.388,32937,5545,200.0,0,0,70.8
3365,mean_dynamic_mobilenetv2,stable,features_16,1775834999295.692,1775834999376.200,80.508,9.002,71.506,28.764,32937,5545,200.0,0,0,70.0
3366,mean_dynamic_mobilenetv2,stable,features_16,1775834999379.200,1775834999466.708,87.508,9.001,76.507,22.542,32937,5545,200.0,0,0,77.3
3367,mean_dynamic_mobilenetv2,stable,features_16,1775834999469.708,1775834999564.220,94.512,9.000,85.511,27.997,32937,5545,200.0,0,0,87.0
3368,mean_dynamic_mobilenetv2,stable,features_16,1775834999567.223,1775834999673.729,106.505,12.000,93.505,25.594,32937,5545,200.0,0,0,79.5
3369,mean_dynamic_mobilenetv2,stable,features_16,1775834999677.729,1775834999757.237,79.508,12.002,66.506,22.601,32937,5545,200.0,0,0,71.2
3370,mean_dynamic_mobilenetv2,stable,features_16,1775834999760.237,1775834999851.745,91.508,10.001,81.507,25.052,32937,5545,200.0,0,0,73.5
3371,mean_dynamic_mobilenetv2,stable,features_16,1775834999854.745,1775834999937.749,83.004,10.002,72.000,27.490,32937,5545,200.0,0,0,74.4
3372,mean_dynamic_mobilenetv2,stable,features_16,1775834999941.749,1775835000080.770,139.021,9.514,129.507,27.257,32937,5545,200.0,0,0,73.6
3373,mean_dynamic_mobilenetv2,stable,features_16,1775835000083.770,1775835000186.278,102.509,9.004,93.505,31.428,32937,5545,200.0,0,0,71.2
3374,mean_dynamic_mobilenetv2,stable,features_16,1775835000189.279,1775835000314.786,125.507,9.000,114.507,41.766,32937,5545,200.0,0,0,69.8
3375,mean_dynamic_mobilenetv2,stable,features_16,1775835000317.786,1775835000423.294,105.508,9.001,94.507,32.486,32937,5545,200.0,0,0,69.6
3376,mean_dynamic_mobilenetv2,stable,features_16,1775835000426.294,1775835000525.804,99.509,12.006,87.503,38.031,32937,5545,200.0,0,0,69.6
3377,mean_dynamic_mobilenetv2,stable,features_16,1775835000528.807,1775835000633.315,104.508,10.001,93.507,44.426,32937,5545,200.0,0,0,72.5
3378,mean_dynamic_mobilenetv2,stable,features_16,1775835000636.315,1775835000787.336,151.021,11.514,139.507,48.666,32937,5545,200.0,0,0,68.2
3379,mean_dynamic_mobilenetv2,stable,features_16,1775835000790.335,1775835000888.844,98.509,12.003,85.506,40.579,32937,5545,200.0,0,0,77.9
3380,mean_dynamic_mobilenetv2,stable,features_16,1775835000891.844,1775835000990.352,98.508,11.001,87.507,41.540,32937,5545,200.0,0,0,71.9
3381,mean_dynamic_mobilenetv2,stable,features_16,1775835000993.352,1775835001107.861,114.509,11.001,102.507,27.437,32937,5545,200.0,0,0,70.3
3382,mean_dynamic_mobilenetv2,stable,features_16,1775835001110.861,1775835001247.876,137.015,9.001,126.011,51.946,32937,5545,200.0,0,0,70.1
3383,mean_dynamic_mobilenetv2,stable,features_16,1775835001251.877,1775835001372.386,120.509,10.002,109.507,55.635,32937,5545,200.0,0,0,71.1
3384,mean_dynamic_mobilenetv2,stable,features_16,1775835001376.387,1775835001514.892,138.505,10.000,127.505,22.389,32937,5545,200.0,0,0,80.7
3385,mean_dynamic_mobilenetv2,stable,features_16,1775835001517.893,1775835001607.401,89.509,10.001,78.508,23.666,32937,5545,200.0,0,0,84.4
3386,mean_dynamic_mobilenetv2,stable,features_16,1775835001611.402,1775835001717.911,106.509,14.002,92.507,25.308,32937,5545,200.0,0,0,71.7
3387,mean_dynamic_mobilenetv2,stable,features_16,1775835001721.911,1775835001804.420,82.509,14.006,68.504,24.944,32937,5545,200.0,0,0,75.9
3388,mean_dynamic_mobilenetv2,stable,features_16,1775835001808.421,1775835001897.931,89.510,9.000,80.510,22.716,32937,5545,200.0,0,0,74.2
3389,mean_dynamic_mobilenetv2,stable,features_16,1775835001900.931,1775835001994.439,93.509,9.000,82.508,21.398,32937,5545,200.0,0,0,72.3
3390,mean_dynamic_mobilenetv2,stable,features_16,1775835001998.439,1775835002103.947,105.508,12.002,92.506,22.527,32937,5545,200.0,0,0,72.1
3391,mean_dynamic_mobilenetv2,stable,features_16,1775835002106.947,1775835002182.455,75.508,9.002,64.507,23.464,32937,5545,200.0,0,0,72.0
3392,mean_dynamic_mobilenetv2,stable,features_16,1775835002185.457,1775835002259.963,74.507,12.000,62.507,19.502,32937,5545,200.0,0,0,75.9
3393,mean_dynamic_mobilenetv2,stable,features_16,1775835002262.964,1775835002340.966,78.002,11.000,67.002,22.943,32937,5545,200.0,0,0,75.3
3394,mean_dynamic_mobilenetv2,stable,features_16,1775835002344.472,1775835002439.474,95.001,11.002,82.999,22.110,32937,5545,200.0,0,0,69.8
3395,mean_dynamic_mobilenetv2,stable,features_16,1775835002442.976,1775835002523.984,81.008,9.005,72.003,25.094,32937,5545,200.0,0,0,74.2
3396,mean_dynamic_mobilenetv2,stable,features_16,1775835002526.988,1775835002627.503,100.515,10.504,88.010,22.164,32937,5545,200.0,0,0,68.7
3397,mean_dynamic_mobilenetv2,stable,features_16,1775835002631.506,1775835002706.013,74.507,10.000,62.003,21.174,32937,5545,200.0,0,0,70.0
3398,mean_dynamic_mobilenetv2,stable,features_16,1775835002709.013,1775835002786.521,77.507,9.002,67.505,22.428,32937,5545,200.0,0,0,70.0
3399,mean_dynamic_mobilenetv2,stable,features_16,1775835002789.521,1775835002871.030,81.509,10.001,70.507,24.515,32937,5545,200.0,0,0,77.3
3400,mean_dynamic_mobilenetv2,stable,features_16,1775835002874.030,1775835002953.538,79.509,10.001,68.507,25.375,32937,5545,200.0,0,0,72.5
3401,mean_dynamic_mobilenetv2,stable,features_16,1775835002956.538,1775835003049.046,92.508,9.002,82.506,24.688,32937,5545,200.0,0,0,71.4
3402,mean_dynamic_mobilenetv2,stable,features_16,1775835003052.046,1775835003137.049,85.003,10.003,73.999,18.219,32937,5545,200.0,0,0,70.8
3403,mean_dynamic_mobilenetv2,stable,features_16,1775835003140.049,1775835003223.558,83.509,10.510,71.999,26.880,32937,5545,200.0,0,0,71.2
3404,mean_dynamic_mobilenetv2,stable,features_16,1775835003227.558,1775835003329.069,101.510,13.004,88.507,25.486,32937,5545,200.0,0,0,69.6
3405,mean_dynamic_mobilenetv2,stable,features_16,1775835003333.069,1775835003408.581,75.511,9.003,64.509,23.040,32937,5545,200.0,0,0,70.7
3406,mean_dynamic_mobilenetv2,stable,features_16,1775835003411.581,1775835003509.089,97.508,12.000,85.507,22.086,32937,5545,200.0,0,0,76.8
3407,mean_dynamic_mobilenetv2,stable,features_16,1775835003513.089,1775835003608.597,95.508,12.000,82.508,27.725,32937,5545,200.0,0,0,68.7
3408,mean_dynamic_mobilenetv2,stable,features_16,1775835003612.598,1775835003694.108,81.511,10.002,70.508,23.845,32937,5545,200.0,0,0,70.0
3409,mean_dynamic_mobilenetv2,stable,features_16,1775835003698.108,1775835003782.616,84.508,8.001,74.507,24.634,32937,5545,200.0,0,0,69.8
3410,mean_dynamic_mobilenetv2,stable,features_16,1775835003785.617,1775835003868.125,82.508,10.001,71.507,27.703,32937,5545,200.0,0,0,75.0
3411,mean_dynamic_mobilenetv2,stable,features_16,1775835003872.125,1775835003952.633,80.508,11.002,69.506,25.110,32937,5545,200.0,0,0,75.6
3412,mean_dynamic_mobilenetv2,stable,features_16,1775835003955.635,1775835004032.636,77.001,11.001,65.000,22.078,32937,5545,200.0,0,0,70.4
3413,mean_dynamic_mobilenetv2,stable,features_16,1775835004036.636,1775835004133.149,96.512,9.511,85.001,24.493,32937,5545,200.0,0,0,71.3
3414,mean_dynamic_mobilenetv2,stable,features_16,1775835004136.149,1775835004216.656,80.507,10.508,69.999,23.469,32937,5545,200.0,0,0,71.0
3415,mean_dynamic_mobilenetv2,stable,features_16,1775835004219.656,1775835004318.164,98.508,10.004,87.503,23.754,32937,5545,200.0,0,0,72.9
3416,mean_dynamic_mobilenetv2,stable,features_16,1775835004321.166,1775835004410.674,89.509,13.004,75.504,22.226,32937,5545,200.0,0,0,70.8
3417,mean_dynamic_mobilenetv2,stable,features_16,1775835004413.674,1775835004507.187,93.512,9.004,82.509,25.990,32937,5545,200.0,0,0,69.8
3418,mean_dynamic_mobilenetv2,stable,features_16,1775835004510.187,1775835004588.694,78.507,11.000,66.507,22.638,32937,5545,200.0,0,0,69.8
3419,mean_dynamic_mobilenetv2,stable,features_16,1775835004591.695,1775835004697.210,105.515,11.001,93.515,29.318,32937,5545,200.0,0,0,72.1
3420,mean_dynamic_mobilenetv2,stable,features_16,1775835004700.210,1775835004804.718,104.508,9.000,93.507,29.708,32937,5545,200.0,0,0,69.1
3421,mean_dynamic_mobilenetv2,stable,features_16,1775835004807.718,1775835004892.228,84.510,11.003,72.507,26.061,32937,5545,200.0,0,0,77.1
3422,mean_dynamic_mobilenetv2,stable,features_16,1775835004895.227,1775835004991.742,96.515,12.001,84.514,27.734,32937,5545,200.0,0,0,70.8
3423,mean_dynamic_mobilenetv2,stable,features_16,1775835004994.742,1775835005075.250,80.508,11.002,69.507,26.285,32937,5545,200.0,0,0,71.1
3424,mean_dynamic_mobilenetv2,stable,features_16,1775835005078.250,1775835005171.758,93.508,9.001,82.507,21.370,32937,5545,200.0,0,0,69.8
3425,mean_dynamic_mobilenetv2,stable,features_16,1775835005174.759,1775835005267.266,92.507,11.000,79.507,23.306,32937,5545,200.0,0,0,70.8
3426,mean_dynamic_mobilenetv2,stable,features_16,1775835005270.266,1775835005359.774,89.508,10.003,79.505,23.207,32937,5545,200.0,0,0,69.8
3427,mean_dynamic_mobilenetv2,stable,features_16,1775835005362.774,1775835005469.281,106.507,12.002,94.505,24.154,32937,5545,200.0,0,0,70.8
3428,mean_dynamic_mobilenetv2,stable,features_16,1775835005472.282,1775835005574.792,102.510,11.000,90.509,21.198,32937,5545,200.0,0,0,72.1
3429,mean_dynamic_mobilenetv2,stable,features_16,1775835005577.791,1775835005667.298,89.507,9.001,80.506,23.590,32937,5545,200.0,0,0,73.2
3430,mean_dynamic_mobilenetv2,stable,features_16,1775835005670.298,1775835005746.806,76.509,10.002,65.506,23.040,32937,5545,200.0,0,0,74.7
3431,mean_dynamic_mobilenetv2,stable,features_16,1775835005749.806,1775835005830.809,81.003,9.001,71.001,26.027,32937,5545,200.0,0,0,78.6
3432,mean_dynamic_mobilenetv2,stable,features_16,1775835005833.809,1775835005919.318,85.509,13.510,70.999,26.467,32937,5545,200.0,0,0,80.8
3433,mean_dynamic_mobilenetv2,stable,features_16,1775835005922.318,1775835006011.827,89.509,10.005,79.504,24.674,32937,5545,200.0,0,0,74.0
3434,mean_dynamic_mobilenetv2,stable,features_16,1775835006014.827,1775835006108.338,93.510,10.002,82.508,27.638,32937,5545,200.0,0,0,79.2
3435,mean_dynamic_mobilenetv2,stable,features_16,1775835006111.337,1775835006192.846,81.509,11.002,69.507,24.582,32937,5545,200.0,0,0,71.2
3436,mean_dynamic_mobilenetv2,stable,features_16,1775835006195.847,1775835006293.354,97.508,9.002,87.505,23.892,32937,5545,200.0,0,0,70.5
3437,mean_dynamic_mobilenetv2,stable,features_16,1775835006296.354,1775835006386.864,90.509,9.004,79.505,26.736,32937,5545,200.0,0,0,75.0
3438,mean_dynamic_mobilenetv2,stable,features_16,1775835006389.864,1775835006479.372,89.509,9.001,78.508,23.288,32937,5545,200.0,0,0,70.8
3439,mean_dynamic_mobilenetv2,stable,features_16,1775835006482.373,1775835006575.883,93.510,12.000,81.510,27.187,32937,5545,200.0,0,0,73.7
3440,mean_dynamic_mobilenetv2,stable,features_16,1775835006579.885,1775835006683.388,103.503,9.996,92.507,25.319,32937,5545,200.0,0,0,69.0
3441,mean_dynamic_mobilenetv2,stable,features_16,1775835006686.388,1775835006765.896,79.508,10.003,68.505,22.673,32937,5545,200.0,0,0,70.0
3442,mean_dynamic_mobilenetv2,stable,features_16,1775835006768.896,1775835006850.406,81.510,11.001,69.508,23.671,32937,5545,200.0,0,0,72.5
3443,mean_dynamic_mobilenetv2,stable,features_16,1775835006853.406,1775835006924.407,71.001,10.003,60.001,19.991,32937,5545,200.0,0,0,80.0
3444,mean_dynamic_mobilenetv2,stable,features_16,1775835006927.406,1775835007021.915,94.509,10.005,83.504,25.138,32937,5545,200.0,0,0,71.9
3445,mean_dynamic_mobilenetv2,stable,features_16,1775835007024.915,1775835007119.426,94.511,10.006,82.505,24.347,32937,5545,200.0,0,0,73.2
3446,mean_dynamic_mobilenetv2,stable,features_16,1775835007122.426,1775835007279.443,157.017,14.005,142.012,23.986,32937,5545,200.0,0,0,70.8
3447,mean_dynamic_mobilenetv2,stable,features_16,1775835007282.444,1775835007384.951,102.507,11.001,91.506,26.002,32937,5545,200.0,0,0,70.3
3448,mean_dynamic_mobilenetv2,stable,features_16,1775835007387.951,1775835007459.459,71.508,11.001,60.507,18.579,32937,5545,200.0,0,0,72.3
3449,mean_dynamic_mobilenetv2,stable,features_16,1775835007462.459,1775835007542.462,80.003,10.003,68.999,25.473,32937,5545,200.0,0,0,71.1
3450,mean_dynamic_mobilenetv2,stable,features_16,1775835007544.917,1775835007626.275,81.357,10.001,71.357,23.611,32937,5545,200.0,0,0,71.2
3451,mean_dynamic_mobilenetv2,stable,features_16,1775835007629.920,1775835007719.427,89.506,11.000,77.506,21.609,32937,5545,200.0,0,0,71.9
3452,mean_dynamic_mobilenetv2,stable,features_16,1775835007721.427,1775835007817.935,96.508,9.004,84.504,25.061,32937,5545,200.0,0,0,69.8
3453,mean_dynamic_mobilenetv2,stable,features_16,1775835007820.936,1775835007903.445,82.509,14.003,68.506,20.919,32937,5545,200.0,0,0,79.4
3454,mean_dynamic_mobilenetv2,stable,features_16,1775835007907.445,1775835008016.958,109.513,15.000,94.513,24.291,32937,5545,200.0,0,0,70.5
3455,mean_dynamic_mobilenetv2,stable,features_16,1775835008019.958,1775835008095.468,75.510,10.005,64.504,21.992,32937,5545,200.0,0,0,71.2
3456,mean_dynamic_mobilenetv2,stable,features_16,1775835008098.468,1775835008172.977,74.510,10.000,62.510,18.014,32937,5545,200.0,0,0,76.5
3457,mean_dynamic_mobilenetv2,stable,features_16,1775835008175.977,1775835008268.485,92.508,24.003,68.505,24.583,32937,5545,200.0,0,0,82.5
3458,mean_dynamic_mobilenetv2,stable,features_16,1775835008271.485,1775835008347.993,76.508,11.001,63.507,22.645,32937,5545,200.0,0,0,71.2
3459,mean_dynamic_mobilenetv2,stable,features_16,1775835008350.994,1775835008457.501,106.507,11.001,93.506,24.999,32937,5545,200.0,0,0,72.3
3460,mean_dynamic_mobilenetv2,stable,features_16,1775835008460.501,1775835008564.010,103.509,12.003,88.506,25.090,32937,5545,200.0,0,0,79.6
3461,mean_dynamic_mobilenetv2,stable,features_16,1775835008567.010,1775835008655.518,88.507,14.004,74.503,25.601,32937,5545,200.0,0,0,79.2
3462,mean_dynamic_mobilenetv2,stable,features_16,1775835008659.519,1775835008760.027,100.508,10.000,89.509,26.007,32937,5545,200.0,0,0,71.4
3463,mean_dynamic_mobilenetv2,stable,features_16,1775835008763.027,1775835008845.536,82.508,10.001,71.507,25.567,32937,5545,200.0,0,0,76.2
3464,mean_dynamic_mobilenetv2,stable,features_16,1775835008848.535,1775835008933.538,85.002,14.001,69.002,24.804,32937,5545,200.0,0,0,75.0
3465,mean_dynamic_mobilenetv2,stable,features_16,1775835008936.543,1775835009038.050,101.507,9.505,91.001,23.101,32937,5545,200.0,0,0,70.8
3466,mean_dynamic_mobilenetv2,stable,features_16,1775835009041.055,1775835009114.570,73.515,9.517,61.998,22.265,32937,5545,200.0,0,0,75.0
3467,mean_dynamic_mobilenetv2,stable,features_16,1775835009117.570,1775835009199.080,81.510,12.004,69.506,22.998,32937,5545,200.0,0,0,73.7
3468,mean_dynamic_mobilenetv2,stable,features_16,1775835009202.080,1775835009304.588,102.508,12.003,90.505,25.002,32937,5545,200.0,0,0,69.1
3469,mean_dynamic_mobilenetv2,stable,features_16,1775835009307.589,1775835009393.097,85.508,10.001,74.508,24.748,32937,5545,200.0,0,0,70.8
3470,mean_dynamic_mobilenetv2,stable,features_16,1775835009396.097,1775835009487.605,91.508,9.000,81.508,22.896,32937,5545,200.0,0,0,70.8
3471,mean_dynamic_mobilenetv2,stable,features_16,1775835009490.605,1775835009571.113,80.508,10.001,70.506,25.199,32937,5545,200.0,0,0,70.8
3472,mean_dynamic_mobilenetv2,stable,features_16,1775835009574.113,1775835009675.623,101.509,11.003,90.506,25.784,32937,5545,200.0,0,0,71.9
3473,mean_dynamic_mobilenetv2,stable,features_16,1775835009679.623,1775835009759.131,79.508,9.000,69.508,25.150,32937,5545,200.0,0,0,70.8
3474,mean_dynamic_mobilenetv2,stable,features_16,1775835009763.131,1775835009848.640,85.510,13.001,71.509,26.200,32937,5545,200.0,0,0,72.5
3475,mean_dynamic_mobilenetv2,stable,features_16,1775835009851.640,1775835009932.643,81.003,12.003,68.000,23.734,32937,5545,200.0,0,0,80.0
3476,mean_dynamic_mobilenetv2,stable,features_16,1775835009935.644,1775835010023.152,87.509,9.510,77.999,26.003,32937,5545,200.0,0,0,69.5
3477,mean_dynamic_mobilenetv2,stable,features_16,1775835010026.152,1775835010129.667,103.514,11.008,92.506,24.654,32937,5545,200.0,0,0,72.3
3478,mean_dynamic_mobilenetv2,stable,features_16,1775835010133.667,1775835010212.174,78.508,10.001,68.003,24.554,32937,5545,200.0,0,0,70.5
3479,mean_dynamic_mobilenetv2,stable,features_16,1775835010215.174,1775835010294.687,79.512,13.001,66.512,23.589,32937,5545,200.0,0,0,70.4
3480,mean_dynamic_mobilenetv2,stable,features_16,1775835010297.687,1775835010372.195,74.509,11.001,61.508,17.955,32937,5545,200.0,0,0,73.8
3481,mean_dynamic_mobilenetv2,stable,features_16,1775835010375.195,1775835010473.703,98.508,11.002,85.505,26.417,32937,5545,200.0,0,0,70.8
3482,mean_dynamic_mobilenetv2,stable,features_16,1775835010476.703,1775835010577.211,100.508,10.001,88.507,25.136,32937,5545,200.0,0,0,73.0
3483,mean_dynamic_mobilenetv2,stable,features_16,1775835010580.211,1775835010655.720,75.508,10.003,65.505,22.928,32937,5545,200.0,0,0,70.0
3484,mean_dynamic_mobilenetv2,stable,features_16,1775835010658.722,1775835010759.228,100.506,11.001,89.506,22.809,32937,5545,200.0,0,0,69.0
3485,mean_dynamic_mobilenetv2,stable,features_16,1775835010762.228,1775835010839.231,77.002,10.000,67.002,22.042,32937,5545,200.0,0,0,74.1
3486,mean_dynamic_mobilenetv2,stable,features_16,1775835010843.734,1775835010927.737,84.003,12.004,70.999,24.847,32937,5545,200.0,0,0,75.0
3487,mean_dynamic_mobilenetv2,stable,features_16,1775835010930.740,1775835011018.251,87.511,9.001,77.510,19.821,32937,5545,200.0,0,0,70.8
3488,mean_dynamic_mobilenetv2,stable,features_16,1775835011021.252,1775835011097.760,76.508,11.004,64.504,21.801,32937,5545,200.0,0,0,71.2
3489,mean_dynamic_mobilenetv2,stable,features_16,1775835011100.760,1775835011179.269,78.509,9.001,68.508,25.119,32937,5545,200.0,0,0,71.2
3490,mean_dynamic_mobilenetv2,stable,features_16,1775835011182.268,1775835011254.781,72.513,10.002,62.510,19.896,32937,5545,200.0,0,0,71.2
3491,mean_dynamic_mobilenetv2,stable,features_16,1775835011257.780,1775835011334.781,77.001,11.000,65.001,21.367,32937,5545,200.0,0,0,74.1
3492,mean_dynamic_mobilenetv2,stable,features_16,1775835011337.781,1775835011418.294,80.512,10.513,68.999,23.661,32937,5545,200.0,0,0,71.6
3493,mean_dynamic_mobilenetv2,stable,features_16,1775835011421.294,1775835011498.802,77.508,9.004,68.504,23.360,32937,5545,200.0,0,0,70.0
3494,mean_dynamic_mobilenetv2,stable,features_16,1775835011501.802,1775835011583.310,81.508,11.001,69.507,19.295,32937,5545,200.0,0,0,70.4
3495,mean_dynamic_mobilenetv2,stable,features_16,1775835011586.310,1775835011692.817,106.507,12.000,93.507,27.101,32937,5545,200.0,0,0,71.7
3496,mean_dynamic_mobilenetv2,stable,features_16,1775835011695.818,1775835011801.329,105.512,10.001,94.510,24.619,32937,5545,200.0,0,0,69.6
3497,mean_dynamic_mobilenetv2,stable,features_16,1775835011804.332,1775835011882.835,78.504,9.998,68.506,23.317,32937,5545,200.0,0,0,79.5
3498,mean_dynamic_mobilenetv2,stable,features_16,1775835011886.835,1775835011960.344,73.508,10.001,60.508,19.846,32937,5545,200.0,0,0,73.4
3499,mean_dynamic_mobilenetv2,stable,features_16,1775835011963.344,1775835012045.852,82.508,12.001,70.507,23.105,32937,5545,200.0,0,0,70.8
3500,mean_dynamic_mobilenetv2,stable,features_16,1775835012048.852,1775835012144.357,95.505,9.004,83.999,25.327,32937,5545,200.0,0,0,70.8
3501,mean_dynamic_mobilenetv2,stable,features_16,1775835012147.360,1775835012237.362,90.002,10.001,78.001,25.303,32937,5545,200.0,0,0,70.1
3502,mean_dynamic_mobilenetv2,stable,features_16,1775835012240.362,1775835012342.873,102.511,16.509,86.002,22.751,32937,5545,200.0,0,0,69.6
3503,mean_dynamic_mobilenetv2,stable,features_16,1775835012346.380,1775835012454.888,108.508,12.002,95.506,26.418,32937,5545,200.0,0,0,70.9
3504,mean_dynamic_mobilenetv2,stable,features_16,1775835012457.888,1775835012541.398,83.510,13.001,70.509,24.805,32937,5545,200.0,0,0,70.4
3505,mean_dynamic_mobilenetv2,stable,features_16,1775835012544.905,1775835012637.417,92.513,9.512,83.001,25.211,32937,5545,200.0,0,0,70.8
3506,mean_dynamic_mobilenetv2,stable,features_16,1775835012640.417,1775835012720.930,80.512,10.514,68.999,22.536,32937,5545,200.0,0,0,70.0
3507,mean_dynamic_mobilenetv2,stable,features_16,1775835012723.930,1775835012797.445,73.515,11.006,61.505,19.278,32937,5545,200.0,0,0,72.0
3508,mean_dynamic_mobilenetv2,stable,features_16,1775835012800.443,1775835012880.950,80.507,9.999,68.509,26.278,32937,5545,200.0,0,0,80.0
3509,mean_dynamic_mobilenetv2,stable,features_16,1775835012884.950,1775835013022.336,137.386,14.001,122.385,25.106,32937,5545,200.0,0,0,74.0
3510,mean_dynamic_mobilenetv2,stable,features_16,1775835013025.337,1775835013103.846,78.510,10.005,68.504,23.591,32937,5545,200.0,0,0,72.9
3511,mean_dynamic_mobilenetv2,stable,features_16,1775835013106.847,1775835013207.355,100.509,12.001,86.509,23.251,32937,5545,200.0,0,0,71.9
3512,mean_dynamic_mobilenetv2,stable,features_16,1775835013211.356,1775835013297.863,86.507,9.000,75.507,20.616,32937,5545,200.0,0,0,70.8
3513,mean_dynamic_mobilenetv2,stable,features_16,1775835013300.864,1775835013383.372,82.508,10.001,72.507,26.389,32937,5545,200.0,0,0,73.4
3514,mean_dynamic_mobilenetv2,stable,features_16,1775835013386.372,1775835013488.878,102.506,10.001,91.505,23.980,32937,5545,200.0,0,0,67.3
3515,mean_dynamic_mobilenetv2,stable,features_16,1775835013491.879,1775835013584.387,92.508,9.003,80.506,25.459,32937,5545,200.0,0,0,72.2
3516,mean_dynamic_mobilenetv2,stable,features_16,1775835013587.388,1775835013687.896,100.508,12.003,87.505,21.934,32937,5545,200.0,0,0,70.5
3517,mean_dynamic_mobilenetv2,stable,features_16,1775835013690.897,1775835013770.404,79.507,9.000,68.507,24.868,32937,5545,200.0,0,0,70.0
3518,mean_dynamic_mobilenetv2,stable,features_16,1775835013773.404,1775835013875.913,102.509,10.001,92.508,23.312,32937,5545,200.0,0,0,74.1
3519,mean_dynamic_mobilenetv2,stable,features_16,1775835013878.914,1775835013953.343,74.429,10.001,63.426,23.154,32937,5545,200.0,0,0,73.8
3520,mean_dynamic_mobilenetv2,stable,features_16,1775835013956.344,1775835014030.346,74.002,9.002,64.001,23.805,32937,5545,200.0,0,0,71.2
3521,mean_dynamic_mobilenetv2,stable,features_16,1775835014033.346,1775835014122.853,89.508,9.001,79.507,22.986,32937,5545,200.0,0,0,70.8
3522,mean_dynamic_mobilenetv2,stable,features_16,1775835014125.853,1775835014199.365,73.511,9.007,62.505,20.752,32937,5545,200.0,0,0,70.0
3523,mean_dynamic_mobilenetv2,stable,features_16,1775835014203.365,1775835014286.874,83.510,11.005,72.504,24.369,32937,5545,200.0,0,0,70.0
3524,mean_dynamic_mobilenetv2,stable,features_16,1775835014290.875,1775835014394.382,103.507,9.000,93.506,25.237,32937,5545,200.0,0,0,72.6
3525,mean_dynamic_mobilenetv2,stable,features_16,1775835014397.385,1775835014482.890,85.505,10.000,75.506,22.738,32937,5545,200.0,0,0,69.8
3526,mean_dynamic_mobilenetv2,stable,features_16,1775835014485.890,1775835014574.399,88.508,10.003,78.505,19.233,32937,5545,200.0,0,0,69.8
3527,mean_dynamic_mobilenetv2,stable,features_16,1775835014577.399,1775835014654.910,77.511,10.002,66.511,22.029,32937,5545,200.0,0,0,76.5
3528,mean_dynamic_mobilenetv2,stable,features_16,1775835014658.910,1775835014736.913,78.003,10.003,68.000,24.392,32937,5545,200.0,0,0,77.5
3529,mean_dynamic_mobilenetv2,stable,features_16,1775835014739.914,1775835014816.422,76.509,11.510,63.999,20.556,32937,5545,200.0,0,0,76.2
3530,mean_dynamic_mobilenetv2,stable,features_16,1775835014820.422,1775835014898.935,78.513,12.008,65.505,22.637,32937,5545,200.0,0,0,81.4
3531,mean_dynamic_mobilenetv2,stable,features_16,1775835014902.935,1775835015010.443,107.508,16.001,89.508,20.985,32937,5545,200.0,0,0,79.6
3532,mean_dynamic_mobilenetv2,stable,features_16,1775835015013.444,1775835015109.951,96.507,9.001,85.507,24.391,32937,5545,200.0,0,0,73.7
3533,mean_dynamic_mobilenetv2,stable,features_16,1775835015112.951,1775835015185.459,72.509,10.003,62.505,21.526,32937,5545,200.0,0,0,70.7
3534,mean_dynamic_mobilenetv2,stable,features_16,1775835015188.460,1775835015276.968,88.508,10.000,78.508,22.840,32937,5545,200.0,0,0,69.8
3535,mean_dynamic_mobilenetv2,stable,features_16,1775835015280.968,1775835015360.477,79.509,9.003,70.506,25.873,32937,5545,200.0,0,0,74.1
3536,mean_dynamic_mobilenetv2,stable,features_16,1775835015363.477,1775835015441.479,78.002,11.001,66.001,21.399,32937,5545,200.0,0,0,81.9
3537,mean_dynamic_mobilenetv2,stable,features_16,1775835015444.986,1775835015525.985,81.000,11.000,68.999,24.965,32937,5545,200.0,0,0,75.5
3538,mean_dynamic_mobilenetv2,stable,features_16,1775835015528.985,1775835015611.494,82.509,11.004,71.505,24.543,32937,5545,200.0,0,0,73.8
3539,mean_dynamic_mobilenetv2,stable,features_16,1775835015614.495,1775835015711.010,96.515,11.002,84.512,22.441,32937,5545,200.0,0,0,72.9
3540,mean_dynamic_mobilenetv2,stable,features_16,1775835015714.010,1775835015792.518,78.508,10.002,67.507,23.544,32937,5545,200.0,0,0,69.8
3541,mean_dynamic_mobilenetv2,stable,features_16,1775835015796.518,1775835015883.028,86.510,12.001,72.509,25.400,32937,5545,200.0,0,0,86.5
3542,mean_dynamic_mobilenetv2,stable,features_16,1775835015887.028,1775835015975.551,88.522,16.013,71.509,25.124,32937,5545,200.0,0,0,85.2
3543,mean_dynamic_mobilenetv2,stable,features_16,1775835015978.551,1775835016060.060,81.509,13.000,65.508,24.076,32937,5545,200.0,0,0,78.1
3544,mean_dynamic_mobilenetv2,stable,features_16,1775835016064.060,1775835016149.568,85.508,14.001,70.507,24.669,32937,5545,200.0,0,0,70.8
3545,mean_dynamic_mobilenetv2,stable,features_16,1775835016152.568,1775835016258.076,105.507,11.000,93.507,24.760,32937,5545,200.0,0,0,71.9
3546,mean_dynamic_mobilenetv2,stable,features_16,1775835016261.076,1775835016345.585,84.509,10.003,73.503,22.489,32937,5545,200.0,0,0,74.0
3547,mean_dynamic_mobilenetv2,stable,features_16,1775835016348.585,1775835016427.587,79.002,9.001,69.001,22.980,32937,5545,200.0,0,0,82.7
3548,mean_dynamic_mobilenetv2,stable,features_16,1775835016431.590,1775835016542.104,110.514,20.513,89.001,29.528,32937,5545,200.0,0,0,73.8
3549,mean_dynamic_mobilenetv2,stable,features_16,1775835016544.606,1775835016645.118,100.512,11.001,88.508,22.893,32937,5545,200.0,0,0,70.8
3550,mean_dynamic_mobilenetv2,stable,features_16,1775835016648.118,1775835016740.120,92.002,10.003,80.999,24.297,32937,5545,200.0,0,0,70.8
3551,mean_dynamic_mobilenetv2,stable,features_16,1775835016743.120,1775835016821.627,78.506,11.510,65.996,23.962,32937,5545,200.0,0,0,72.6
3552,mean_dynamic_mobilenetv2,stable,features_16,1775835016824.627,1775835016924.138,99.512,12.007,85.506,22.973,32937,5545,200.0,0,0,76.8
3553,mean_dynamic_mobilenetv2,stable,features_16,1775835016927.139,1775835017006.661,79.522,10.009,69.514,24.054,32937,5545,200.0,0,0,70.0
3554,mean_dynamic_mobilenetv2,stable,features_16,1775835017009.660,1775835017110.168,100.508,11.001,87.508,23.656,32937,5545,200.0,0,0,70.5
3555,mean_dynamic_mobilenetv2,stable,features_16,1775835017113.168,1775835017204.676,91.508,9.002,81.506,23.377,32937,5545,200.0,0,0,69.8
3556,mean_dynamic_mobilenetv2,stable,features_16,1775835017207.677,1775835017293.185,85.508,10.001,75.507,21.945,32937,5545,200.0,0,0,69.8
3557,mean_dynamic_mobilenetv2,stable,features_16,1775835017297.185,1775835017408.693,111.508,14.002,95.505,24.535,32937,5545,200.0,0,0,71.4
3558,mean_dynamic_mobilenetv2,stable,features_16,1775835017411.693,1775835017517.201,105.508,12.000,92.507,25.322,32937,5545,200.0,0,0,77.0
3559,mean_dynamic_mobilenetv2,stable,features_16,1775835017520.201,1775835017600.711,80.510,11.005,69.505,25.528,32937,5545,200.0,0,0,71.2
3560,mean_dynamic_mobilenetv2,stable,features_16,1775835017605.712,1775835017679.220,73.508,9.002,64.505,22.818,32937,5545,200.0,0,0,76.2
3561,mean_dynamic_mobilenetv2,stable,features_16,1775835017682.220,1775835017773.729,91.509,15.001,75.508,23.131,32937,5545,200.0,0,0,76.4
3562,mean_dynamic_mobilenetv2,stable,features_16,1775835017776.729,1775835017867.237,90.508,9.001,80.507,21.839,32937,5545,200.0,0,0,73.5
3563,mean_dynamic_mobilenetv2,stable,features_16,1775835017870.239,1775835017952.746,82.507,9.000,72.508,24.917,32937,5545,200.0,0,0,75.8
3564,mean_dynamic_mobilenetv2,stable,features_16,1775835017955.746,1775835018034.749,79.003,10.001,68.001,24.019,32937,5545,200.0,0,0,71.6
3565,mean_dynamic_mobilenetv2,stable,features_16,1775835018038.749,1775835018115.259,76.510,11.511,63.995,22.945,32937,5545,200.0,0,0,70.0
3566,mean_dynamic_mobilenetv2,stable,features_16,1775835018119.259,1775835018193.769,74.510,9.001,64.509,20.064,32937,5545,200.0,0,0,70.0
3567,mean_dynamic_mobilenetv2,stable,features_16,1775835018197.771,1775835018285.277,87.506,10.002,76.504,22.208,32937,5545,200.0,0,0,72.9
3568,mean_dynamic_mobilenetv2,stable,features_16,1775835018288.277,1775835018362.786,74.509,10.000,64.508,19.981,32937,5545,200.0,0,0,71.2
3569,mean_dynamic_mobilenetv2,stable,features_16,1775835018366.786,1775835018458.294,91.508,12.001,79.507,25.302,32937,5545,200.0,0,0,69.8
3570,mean_dynamic_mobilenetv2,stable,features_16,1775835018461.295,1775835018546.806,85.511,11.001,74.510,22.601,32937,5545,200.0,0,0,70.8
3571,mean_dynamic_mobilenetv2,stable,features_16,1775835018549.806,1775835018624.805,75.000,9.000,64.000,21.916,32937,5545,200.0,0,0,70.0
3572,mean_dynamic_mobilenetv2,stable,features_16,1775835018627.806,1775835018772.828,145.022,12.004,132.014,24.890,32937,5545,200.0,0,0,72.2
3573,mean_dynamic_mobilenetv2,stable,features_16,1775835018775.825,1775835018875.333,99.508,15.999,81.509,24.558,32937,5545,200.0,0,0,77.9
3574,mean_dynamic_mobilenetv2,stable,features_16,1775835018879.333,1775835018966.842,87.509,14.001,71.508,25.361,32937,5545,200.0,0,0,75.0
3575,mean_dynamic_mobilenetv2,stable,features_16,1775835018969.846,1775835019051.351,81.505,8.001,71.503,25.137,32937,5545,200.0,0,0,71.2
3576,mean_dynamic_mobilenetv2,stable,features_16,1775835019054.351,1775835019128.351,74.000,10.003,62.996,20.569,32937,5545,200.0,0,0,70.4
3577,mean_dynamic_mobilenetv2,stable,features_16,1775835019132.354,1775835019208.860,76.506,10.001,66.505,21.834,32937,5545,200.0,0,0,70.0
3578,mean_dynamic_mobilenetv2,stable,features_16,1775835019211.860,1775835019315.368,103.508,9.001,92.507,25.279,32937,5545,200.0,0,0,69.6
3579,mean_dynamic_mobilenetv2,stable,features_16,1775835019318.368,1775835019423.878,105.510,13.004,91.506,24.549,32937,5545,200.0,0,0,70.5
3580,mean_dynamic_mobilenetv2,stable,features_16,1775835019426.879,1775835019500.388,73.510,11.004,62.505,19.226,32937,5545,200.0,0,0,76.2
3581,mean_dynamic_mobilenetv2,stable,features_16,1775835019503.388,1775835019607.898,104.509,13.001,90.509,22.174,32937,5545,200.0,0,0,75.0
3582,mean_dynamic_mobilenetv2,stable,features_16,1775835019610.898,1775835019700.407,89.509,9.000,79.509,20.560,32937,5545,200.0,0,0,71.9
3583,mean_dynamic_mobilenetv2,stable,features_16,1775835019704.409,1775835019784.916,80.506,9.999,70.508,25.519,32937,5545,200.0,0,0,71.2
3584,mean_dynamic_mobilenetv2,stable,features_16,1775835019787.916,1775835019864.425,76.510,10.002,65.508,23.948,32937,5545,200.0,0,0,71.2
3585,mean_dynamic_mobilenetv2,stable,features_16,1775835019868.426,1775835019944.937,76.511,13.000,62.002,20.376,32937,5545,200.0,0,0,75.0
3586,mean_dynamic_mobilenetv2,stable,features_16,1775835019947.946,1775835020047.456,99.510,14.995,83.510,25.489,32937,5545,200.0,0,0,73.2
3587,mean_dynamic_mobilenetv2,stable,features_16,1775835020050.453,1775835020150.957,100.504,8.998,89.505,20.406,32937,5545,200.0,0,0,74.6
3588,mean_dynamic_mobilenetv2,stable,features_16,1775835020153.957,1775835020235.959,82.002,8.001,72.001,26.492,32937,5545,200.0,0,0,72.2
3589,mean_dynamic_mobilenetv2,stable,features_16,1775835020238.959,1775835020338.476,99.516,10.515,89.001,21.683,32937,5545,200.0,0,0,74.6
3590,mean_dynamic_mobilenetv2,stable,features_16,1775835020341.476,1775835020431.990,90.513,10.512,79.001,22.845,32937,5545,200.0,0,0,72.9
3591,mean_dynamic_mobilenetv2,stable,features_16,1775835020434.990,1775835020523.498,88.508,8.000,79.004,20.924,32937,5545,200.0,0,0,76.1
3592,mean_dynamic_mobilenetv2,stable,features_16,1775835020526.498,1775835020608.010,81.512,10.007,69.505,24.935,32937,5545,200.0,0,0,66.3
3593,mean_dynamic_mobilenetv2,stable,features_16,1775835020611.010,1775835020711.523,100.513,12.002,87.511,23.410,32937,5545,200.0,0,0,72.8
3594,mean_dynamic_mobilenetv2,stable,features_16,1775835020714.523,1775835020785.032,70.509,9.002,61.506,20.160,32937,5545,200.0,0,0,68.5
3595,mean_dynamic_mobilenetv2,stable,features_16,1775835020789.032,1775835020867.543,78.511,9.001,69.510,25.361,32937,5545,200.0,0,0,75.5
3596,mean_dynamic_mobilenetv2,stable,features_16,1775835020871.543,1775835020951.052,79.509,11.002,68.506,23.874,32937,5545,200.0,0,0,73.5
3597,mean_dynamic_mobilenetv2,stable,features_16,1775835020955.052,1775835021031.054,76.002,10.001,64.999,21.053,32937,5545,200.0,0,0,73.8
3598,mean_dynamic_mobilenetv2,stable,features_16,1775835021034.055,1775835021106.563,72.508,10.504,59.999,19.001,32937,5545,200.0,0,0,73.1
3599,mean_dynamic_mobilenetv2,stable,features_16,1775835021109.563,1775835021193.072,83.508,16.000,66.508,23.612,32937,5545,200.0,0,0,68.3
3600,mean_dynamic_mobilenetv2,stable,features_16,1775835021196.072,1775835021287.580,91.508,11.001,77.507,22.591,32937,5545,200.0,0,0,72.9
3601,mean_dynamic_mobilenetv2,stable,features_16,1775835021290.580,1775835021384.089,93.509,9.001,83.508,23.974,32937,5545,200.0,0,0,70.5
3602,mean_dynamic_mobilenetv2,stable,features_16,1775835021387.089,1775835021473.598,86.509,11.003,75.506,22.025,32937,5545,200.0,0,0,70.4
3603,mean_dynamic_mobilenetv2,stable,features_16,1775835021476.599,1775835021550.107,73.508,9.001,63.506,21.153,32937,5545,200.0,0,0,72.5
3604,mean_dynamic_mobilenetv2,stable,features_16,1775835021553.107,1775835021659.615,106.508,16.001,89.507,22.736,32937,5545,200.0,0,0,70.5
3605,mean_dynamic_mobilenetv2,stable,features_16,1775835021662.616,1775835021753.124,90.508,10.004,80.504,22.936,32937,5545,200.0,0,0,69.8
3606,mean_dynamic_mobilenetv2,stable,features_16,1775835021757.125,1775835021840.127,83.002,10.005,70.997,25.920,32937,5545,200.0,0,0,73.2
3607,mean_dynamic_mobilenetv2,stable,features_16,1775835021844.630,1775835021927.634,83.004,11.005,70.999,26.109,32937,5545,200.0,0,0,75.0
3608,mean_dynamic_mobilenetv2,stable,features_16,1775835021930.637,1775835022006.144,75.507,10.001,63.505,22.291,32937,5545,200.0,0,0,71.2
3609,mean_dynamic_mobilenetv2,stable,features_16,1775835022009.143,1775835022086.652,77.509,12.001,65.508,20.496,32937,5545,200.0,0,0,75.3
3610,mean_dynamic_mobilenetv2,stable,features_16,1775835022089.652,1775835022188.160,98.508,11.000,86.508,22.551,32937,5545,200.0,0,0,67.7
3611,mean_dynamic_mobilenetv2,stable,features_16,1775835022191.160,1775835022285.668,94.508,11.001,82.507,26.615,32937,5545,200.0,0,0,70.8
3612,mean_dynamic_mobilenetv2,stable,features_16,1775835022288.668,1775835022388.177,99.508,13.002,84.505,24.572,32937,5545,200.0,0,0,69.6
3613,mean_dynamic_mobilenetv2,stable,features_16,1775835022391.177,1775835022484.684,93.508,10.002,81.505,24.714,32937,5545,200.0,0,0,70.8
3614,mean_dynamic_mobilenetv2,stable,features_16,1775835022487.684,1775835022567.206,79.522,12.003,66.520,22.856,32937,5545,200.0,0,0,70.0
3615,mean_dynamic_mobilenetv2,stable,features_16,1775835022570.207,1775835022673.718,103.511,12.001,91.510,24.892,32937,5545,200.0,0,0,69.6
3616,mean_dynamic_mobilenetv2,stable,features_16,1775835022676.718,1775835022752.226,75.508,10.001,65.507,22.440,32937,5545,200.0,0,0,70.4
3617,mean_dynamic_mobilenetv2,stable,features_16,1775835022755.226,1775835022829.226,74.000,11.001,60.999,19.487,32937,5545,200.0,0,0,71.2
3618,mean_dynamic_mobilenetv2,stable,features_16,1775835022832.229,1775835022916.737,84.508,11.000,73.508,25.511,32937,5545,200.0,0,0,75.3
3619,mean_dynamic_mobilenetv2,stable,features_16,1775835022920.737,1775835022997.252,76.515,9.001,67.514,23.701,32937,5545,200.0,0,0,70.0
3620,mean_dynamic_mobilenetv2,stable,features_16,1775835023000.252,1775835023077.760,77.508,10.001,66.507,22.288,32937,5545,200.0,0,0,71.2
3621,mean_dynamic_mobilenetv2,stable,features_16,1775835023080.760,1775835023188.269,107.508,12.001,94.507,24.137,32937,5545,200.0,0,0,70.8
3622,mean_dynamic_mobilenetv2,stable,features_16,1775835023191.269,1775835023276.779,85.510,10.002,73.506,20.265,32937,5545,200.0,0,0,70.8
3623,mean_dynamic_mobilenetv2,stable,features_16,1775835023279.778,1775835023355.285,75.507,9.001,66.506,22.867,32937,5545,200.0,0,0,77.8
3624,mean_dynamic_mobilenetv2,stable,features_16,1775835023359.286,1775835023443.289,84.002,12.003,72.000,25.029,32937,5545,200.0,0,0,78.5
3625,mean_dynamic_mobilenetv2,stable,features_16,1775835023446.795,1775835023545.300,98.505,9.000,88.001,24.900,32937,5545,200.0,0,0,70.3
3626,mean_dynamic_mobilenetv2,stable,features_16,1775835023548.303,1775835023647.811,99.508,14.000,84.508,22.987,32937,5545,200.0,0,0,73.5
3627,mean_dynamic_mobilenetv2,stable,features_16,1775835023650.811,1775835023728.811,78.000,9.002,65.996,23.997,32937,5545,200.0,0,0,70.8
3628,mean_dynamic_mobilenetv2,stable,features_16,1775835023732.814,1775835023832.323,99.509,14.508,85.001,21.022,32937,5545,200.0,0,0,70.8
3629,mean_dynamic_mobilenetv2,stable,features_16,1775835023836.331,1775835023919.833,83.502,12.503,69.999,25.522,32937,5545,200.0,0,0,79.2
3630,mean_dynamic_mobilenetv2,stable,features_16,1775835023923.833,1775835024017.343,93.510,11.009,82.501,22.136,32937,5545,200.0,0,0,71.9
3631,mean_dynamic_mobilenetv2,stable,features_16,1775835024021.343,1775835024092.854,71.511,9.005,61.506,19.827,32937,5545,200.0,0,0,70.0
3632,mean_dynamic_mobilenetv2,stable,features_16,1775835024095.853,1775835024191.362,95.509,9.001,85.507,26.224,32937,5545,200.0,0,0,71.1
3633,mean_dynamic_mobilenetv2,stable,features_16,1775835024194.362,1775835024297.869,103.507,11.000,92.507,24.759,32937,5545,200.0,0,0,70.8
3634,mean_dynamic_mobilenetv2,stable,features_16,1775835024300.869,1775835024391.379,90.510,11.001,77.507,25.060,32937,5545,200.0,0,0,70.8
3635,mean_dynamic_mobilenetv2,stable,features_16,1775835024394.383,1775835025025.798,631.416,10.997,619.423,22.558,32937,5545,200.0,1,0,32.3
3636,mean_dynamic_mobilenetv2,stable,features_16,1775835025030.793,1775835025116.313,85.521,15.511,68.009,20.968,32937,5545,200.0,0,0,58.9
3637,mean_dynamic_mobilenetv2,stable,features_16,1775835025134.348,1775835025281.384,147.036,78.528,67.508,24.366,32937,5545,200.0,0,0,92.1
3638,mean_dynamic_mobilenetv2,stable,features_16,1775835025284.383,1775835025361.891,77.508,10.003,66.505,23.153,32937,5545,200.0,0,0,71.6
3639,mean_dynamic_mobilenetv2,stable,features_16,1775835025364.891,1775835025468.398,103.507,11.000,91.507,27.577,32937,5545,200.0,0,0,70.5
3640,mean_dynamic_mobilenetv2,stable,features_16,1775835025472.398,1775835025571.905,99.507,14.002,85.505,26.013,32937,5545,200.0,0,0,70.5
3641,mean_dynamic_mobilenetv2,stable,features_16,1775835025574.905,1775835025655.412,80.507,11.001,67.505,23.757,32937,5545,200.0,0,0,73.4
3642,mean_dynamic_mobilenetv2,stable,features_16,1775835025659.412,1775835025760.919,101.507,11.001,89.506,26.122,32937,5545,200.0,0,0,70.5
3643,mean_dynamic_mobilenetv2,stable,features_16,1775835025763.919,1775835025865.426,101.507,10.001,91.506,25.693,32937,5545,200.0,0,0,74.5
3644,mean_dynamic_mobilenetv2,stable,features_16,1775835025868.427,1775835025940.429,72.002,12.002,58.996,16.258,32937,5545,200.0,0,0,75.0
3645,mean_dynamic_mobilenetv2,stable,features_16,1775835025943.429,1775835026033.954,90.525,11.519,79.006,23.574,32937,5545,200.0,0,0,71.9
3646,mean_dynamic_mobilenetv2,stable,features_16,1775835026036.954,1775835026130.461,93.507,9.503,83.003,24.323,32937,5545,200.0,0,0,69.8
3647,mean_dynamic_mobilenetv2,stable,features_16,1775835026133.465,1775835026216.972,83.507,10.000,72.506,26.421,32937,5545,200.0,0,0,69.8
3648,mean_dynamic_mobilenetv2,stable,features_16,1775835026219.972,1775835026296.479,76.507,9.001,67.506,25.812,32937,5545,200.0,0,0,72.0
3649,mean_dynamic_mobilenetv2,stable,features_16,1775835026299.480,1775835026372.986,73.505,9.001,63.504,20.591,32937,5545,200.0,0,0,70.0
3650,mean_dynamic_mobilenetv2,stable,features_16,1775835026376.986,1775835026457.493,80.507,13.008,66.499,21.385,32937,5545,200.0,0,0,70.0
3651,mean_dynamic_mobilenetv2,stable,features_16,1775835026460.493,1775835026541.495,81.002,10.001,69.001,24.847,32937,5545,200.0,0,0,70.8
3652,mean_dynamic_mobilenetv2,stable,features_16,1775835026544.495,1775835026623.005,78.510,8.511,69.999,24.831,32937,5545,200.0,0,0,71.2
3653,mean_dynamic_mobilenetv2,stable,features_16,1775835026626.004,1775835026702.514,76.510,10.008,66.502,19.899,32937,5545,200.0,0,0,79.0
3654,mean_dynamic_mobilenetv2,stable,features_16,1775835026705.514,1775835026791.021,85.507,9.003,75.504,21.481,32937,5545,200.0,0,0,77.3
3655,mean_dynamic_mobilenetv2,stable,features_16,1775835026794.022,1775835026870.529,76.507,8.000,65.506,26.361,32937,5545,200.0,0,0,73.8
3656,mean_dynamic_mobilenetv2,stable,features_16,1775835026873.529,1775835026955.037,81.507,14.001,67.507,21.291,32937,5545,200.0,0,0,76.2
3657,mean_dynamic_mobilenetv2,stable,features_16,1775835026958.038,1775835027058.543,100.506,10.000,89.506,24.430,32937,5545,200.0,0,0,70.8
3658,mean_dynamic_mobilenetv2,stable,features_16,1775835027061.544,1775835027137.546,76.002,10.001,66.001,23.226,32937,5545,200.0,0,0,70.9
3659,mean_dynamic_mobilenetv2,stable,features_16,1775835027140.546,1775835027250.561,110.015,15.509,94.506,26.778,32937,5545,200.0,0,0,70.5
3660,mean_dynamic_mobilenetv2,stable,features_16,1775835027253.561,1775835027336.564,83.003,10.001,73.001,27.019,32937,5545,200.0,0,0,74.2
3661,mean_dynamic_mobilenetv2,stable,features_16,1775835027339.564,1775835027448.579,109.015,14.509,94.506,25.017,32937,5545,200.0,0,0,72.1
3662,mean_dynamic_mobilenetv2,stable,features_16,1775835027451.581,1775835027528.579,76.998,9.999,65.999,22.493,32937,5545,200.0,0,0,73.8
3663,mean_dynamic_mobilenetv2,stable,features_16,1775835027531.581,1775835027632.091,100.510,12.001,87.505,24.837,32937,5545,200.0,0,0,72.2
3664,mean_dynamic_mobilenetv2,stable,features_16,1775835027635.091,1775835027713.603,78.512,11.002,67.510,21.866,32937,5545,200.0,0,0,73.7
3665,mean_dynamic_mobilenetv2,stable,features_16,1775835027716.606,1775835027821.111,104.505,9.998,93.507,25.084,32937,5545,200.0,0,0,69.0
3666,mean_dynamic_mobilenetv2,stable,features_16,1775835027824.114,1775835027900.620,76.506,12.001,64.505,21.361,32937,5545,200.0,0,0,80.5
3667,mean_dynamic_mobilenetv2,stable,features_16,1775835027903.621,1775835027980.128,76.508,11.001,65.506,22.107,32937,5545,200.0,0,0,73.1
3668,mean_dynamic_mobilenetv2,stable,features_16,1775835027984.128,1775835028057.636,73.508,11.003,62.505,21.283,32937,5545,200.0,0,0,71.2
3669,mean_dynamic_mobilenetv2,stable,features_16,1775835028061.637,1775835028137.638,76.002,9.001,66.001,23.449,32937,5545,200.0,0,0,68.3
3670,mean_dynamic_mobilenetv2,stable,features_16,1775835028141.639,1775835028236.151,94.512,11.512,82.000,24.745,32937,5545,200.0,0,0,80.2
3671,mean_dynamic_mobilenetv2,stable,features_16,1775835028239.151,1775835028344.660,105.510,10.507,94.001,25.702,32937,5545,200.0,0,0,75.0
3672,mean_dynamic_mobilenetv2,stable,features_16,1775835028348.167,1775835028445.170,97.002,10.001,86.002,23.573,32937,5545,200.0,0,0,72.1
3673,mean_dynamic_mobilenetv2,stable,features_16,1775835028448.676,1775835028542.678,94.003,12.001,81.003,35.739,32937,5545,200.0,0,0,76.8
3674,mean_dynamic_mobilenetv2,stable,features_16,1775835028546.182,1775835028648.694,102.512,11.005,91.507,24.592,32937,5545,200.0,0,0,73.0
3675,mean_dynamic_mobilenetv2,stable,features_16,1775835028651.694,1775835028731.696,80.002,11.001,69.001,24.395,32937,5545,200.0,0,0,73.4
3676,mean_dynamic_mobilenetv2,stable,features_16,1775835028734.696,1775835028836.204,101.508,13.507,86.001,25.826,32937,5545,200.0,0,0,70.6
3677,mean_dynamic_mobilenetv2,stable,features_16,1775835028839.205,1775835028934.714,95.509,16.507,78.001,19.613,32937,5545,200.0,0,0,74.8
3678,mean_dynamic_mobilenetv2,stable,features_16,1775835028937.715,1775835029037.223,99.508,9.507,88.001,41.117,32937,5545,200.0,0,0,71.9
3679,mean_dynamic_mobilenetv2,stable,features_16,1775835029039.224,1775835029142.737,103.513,12.514,89.999,25.469,32937,5545,200.0,0,0,70.5
3680,mean_dynamic_mobilenetv2,stable,features_16,1775835029146.240,1775835029246.748,100.508,12.006,88.000,22.296,32937,5545,200.0,0,0,79.6
3681,mean_dynamic_mobilenetv2,stable,features_16,1775835029249.752,1775835029327.750,77.998,9.001,67.998,24.801,32937,5545,200.0,0,0,85.2
3682,mean_dynamic_mobilenetv2,stable,features_16,1775835029330.751,1775835029427.260,96.509,13.004,82.505,33.423,32937,5545,200.0,0,0,72.9
3683,mean_dynamic_mobilenetv2,stable,features_16,1775835029430.260,1775835029532.771,102.511,9.004,90.504,27.135,32937,5545,200.0,0,0,70.5
3684,mean_dynamic_mobilenetv2,stable,features_16,1775835029535.772,1775835029633.283,97.511,12.507,85.004,21.721,32937,5545,200.0,0,0,74.3
3685,mean_dynamic_mobilenetv2,stable,features_16,1775835029637.283,1775835029733.793,96.510,10.509,85.001,25.575,32937,5545,200.0,0,0,73.7
3686,mean_dynamic_mobilenetv2,stable,features_16,1775835029736.793,1775835029819.300,82.506,14.507,66.000,21.935,32937,5545,200.0,0,0,69.1
3687,mean_dynamic_mobilenetv2,stable,features_16,1775835029823.300,1775835029901.807,78.507,12.006,66.501,24.445,32937,5545,200.0,0,0,76.3
3688,mean_dynamic_mobilenetv2,stable,features_16,1775835029904.808,1775835030007.315,102.508,12.001,89.507,24.547,32937,5545,200.0,0,0,72.9
3689,mean_dynamic_mobilenetv2,stable,features_16,1775835030010.315,1775835030083.823,73.508,10.002,63.505,20.409,32937,5545,200.0,0,0,73.4
3690,mean_dynamic_mobilenetv2,stable,features_16,1775835030086.823,1775835030162.330,75.507,10.001,64.506,23.526,32937,5545,200.0,0,0,70.4
3691,mean_dynamic_mobilenetv2,stable,features_16,1775835030165.331,1775835030304.838,139.507,11.002,127.504,23.058,32937,5545,200.0,0,0,71.6
3692,mean_dynamic_mobilenetv2,stable,features_16,1775835030307.838,1775835030410.346,102.508,11.001,90.507,21.933,32937,5545,200.0,0,0,68.8
3693,mean_dynamic_mobilenetv2,stable,features_16,1775835030413.347,1775835030494.857,81.510,11.000,69.510,25.990,32937,5545,200.0,0,0,71.6
3694,mean_dynamic_mobilenetv2,stable,features_16,1775835030497.858,1775835030593.364,95.507,11.001,83.506,20.166,32937,5545,200.0,0,0,70.4
3695,mean_dynamic_mobilenetv2,stable,features_16,1775835030596.365,1775835030671.872,75.507,10.002,65.505,23.131,32937,5545,200.0,0,0,69.1
3696,mean_dynamic_mobilenetv2,stable,features_16,1775835030674.872,1775835030756.380,81.507,9.001,71.508,24.500,32937,5545,200.0,0,0,70.0
3697,mean_dynamic_mobilenetv2,stable,features_16,1775835030759.380,1775835030838.382,79.002,11.001,67.001,23.721,32937,5545,200.0,0,0,74.7
3698,mean_dynamic_mobilenetv2,stable,features_16,1775835030842.383,1775835030920.892,78.509,15.510,61.999,22.098,32937,5545,200.0,0,0,79.3
3699,mean_dynamic_mobilenetv2,stable,features_16,1775835030923.893,1775835031014.401,90.508,9.003,79.505,22.554,32937,5545,200.0,0,0,71.9
3700,mean_dynamic_mobilenetv2,stable,features_16,1775835031017.401,1775835031111.909,94.508,14.000,79.507,27.424,32937,5545,200.0,0,0,73.2
3701,mean_dynamic_mobilenetv2,stable,features_16,1775835031114.909,1775835031193.417,78.508,10.001,67.506,22.015,32937,5545,200.0,0,0,70.9
3702,mean_dynamic_mobilenetv2,stable,features_16,1775835031196.417,1775835031291.926,95.509,10.001,84.506,20.551,32937,5545,200.0,0,0,69.9
3703,mean_dynamic_mobilenetv2,stable,features_16,1775835031294.925,1775835031387.431,92.507,9.003,82.504,22.736,32937,5545,200.0,0,0,74.0
3704,mean_dynamic_mobilenetv2,stable,features_16,1775835031389.431,1775835031480.939,91.508,10.001,79.507,25.017,32937,5545,200.0,0,0,68.0
3705,mean_dynamic_mobilenetv2,stable,features_16,1775835031484.939,1775835031592.446,107.507,11.000,96.506,24.232,32937,5545,200.0,0,0,72.1
3706,mean_dynamic_mobilenetv2,stable,features_16,1775835031595.446,1775835031698.957,103.511,12.000,91.510,26.373,32937,5545,200.0,0,0,70.8
3707,mean_dynamic_mobilenetv2,stable,features_16,1775835031701.957,1775835031783.465,81.507,11.002,69.505,24.352,32937,5545,200.0,0,0,71.2
3708,mean_dynamic_mobilenetv2,stable,features_16,1775835031786.465,1775835031878.973,92.508,8.001,82.507,23.555,32937,5545,200.0,0,0,72.4
3709,mean_dynamic_mobilenetv2,stable,features_16,1775835031881.973,1775835031961.482,79.509,11.002,67.506,24.917,32937,5545,200.0,0,0,75.3
3710,mean_dynamic_mobilenetv2,stable,features_16,1775835031964.482,1775835032065.990,101.507,11.003,90.504,25.000,32937,5545,200.0,0,0,71.9
3711,mean_dynamic_mobilenetv2,stable,features_16,1775835032069.990,1775835032175.498,105.508,10.001,93.507,24.875,32937,5545,200.0,0,0,70.5
3712,mean_dynamic_mobilenetv2,stable,features_16,1775835032178.498,1775835032279.007,100.509,11.001,87.508,23.011,32937,5545,200.0,0,0,69.6
3713,mean_dynamic_mobilenetv2,stable,features_16,1775835032282.010,1775835032371.515,89.505,11.000,76.501,20.959,32937,5545,200.0,0,0,69.8
3714,mean_dynamic_mobilenetv2,stable,features_16,1775835032376.515,1775835032460.021,83.507,10.000,71.506,24.381,32937,5545,200.0,0,0,70.0
3715,mean_dynamic_mobilenetv2,stable,features_16,1775835032463.022,1775835032542.530,79.508,9.000,69.506,24.709,32937,5545,200.0,0,0,72.6
3716,mean_dynamic_mobilenetv2,stable,features_16,1775835032545.529,1775835032640.549,95.020,9.019,85.001,27.071,32937,5545,200.0,0,0,72.4
3717,mean_dynamic_mobilenetv2,stable,features_16,1775835032643.549,1775835032718.059,74.510,10.515,62.997,19.607,32937,5545,200.0,0,0,74.7
3718,mean_dynamic_mobilenetv2,stable,features_16,1775835032721.059,1775835032820.568,99.509,11.004,87.504,20.371,32937,5545,200.0,0,0,70.1
3719,mean_dynamic_mobilenetv2,stable,features_16,1775835032824.568,1775835032914.077,89.509,11.005,77.504,22.778,32937,5545,200.0,0,0,75.3
3720,mean_dynamic_mobilenetv2,stable,features_16,1775835032917.083,1775835032993.586,76.503,8.996,67.507,22.372,32937,5545,200.0,0,0,72.9
3721,mean_dynamic_mobilenetv2,stable,features_16,1775835032996.586,1775835033079.096,82.510,11.001,70.510,24.751,32937,5545,200.0,0,0,75.9
3722,mean_dynamic_mobilenetv2,stable,features_16,1775835033082.097,1775835033155.606,73.509,11.000,61.508,20.711,32937,5545,200.0,0,0,72.2
3723,mean_dynamic_mobilenetv2,stable,features_16,1775835033158.605,1775835033255.113,96.508,9.001,87.506,23.412,32937,5545,200.0,0,0,70.4
3724,mean_dynamic_mobilenetv2,stable,features_16,1775835033259.113,1775835033340.117,81.004,10.002,71.002,25.512,32937,5545,200.0,0,0,78.6
3725,mean_dynamic_mobilenetv2,stable,features_16,1775835033344.117,1775835033428.625,84.508,14.509,68.001,22.970,32937,5545,200.0,0,0,92.6
3726,mean_dynamic_mobilenetv2,stable,features_16,1775835033432.629,1775835033520.137,87.508,20.509,65.000,22.493,32937,5545,200.0,0,0,92.7
3727,mean_dynamic_mobilenetv2,stable,features_16,1775835033524.137,1775835033617.653,93.516,21.007,70.004,26.226,32937,5545,200.0,0,0,92.0
3728,mean_dynamic_mobilenetv2,stable,features_16,1775835033621.655,1775835033715.165,93.510,21.004,70.507,22.885,32937,5545,200.0,0,0,98.0
3729,mean_dynamic_mobilenetv2,stable,features_16,1775835033719.166,1775835033817.448,98.282,24.006,73.276,27.132,32937,5545,200.0,0,0,96.0
3730,mean_dynamic_mobilenetv2,stable,features_16,1775835033820.453,1775835033916.960,96.507,14.001,81.508,30.475,32937,5545,200.0,0,0,94.8
3731,mean_dynamic_mobilenetv2,stable,features_16,1775835033920.959,1775835034016.838,95.879,21.373,72.506,28.932,32937,5545,200.0,0,0,89.7
3732,mean_dynamic_mobilenetv2,stable,features_16,1775835034019.838,1775835034113.347,93.510,19.004,72.505,26.126,32937,5545,200.0,0,0,86.9
3733,mean_dynamic_mobilenetv2,stable,features_16,1775835034116.348,1775835034207.856,91.508,18.004,73.504,26.255,32937,5545,200.0,0,0,87.6
3734,mean_dynamic_mobilenetv2,stable,features_16,1775835034210.857,1775835034293.365,82.508,11.003,71.505,26.829,32937,5545,200.0,0,0,80.2
3735,mean_dynamic_mobilenetv2,stable,features_16,1775835034297.365,1775835034385.876,88.511,12.000,76.511,23.943,32937,5545,200.0,0,0,81.4
3736,mean_dynamic_mobilenetv2,stable,features_16,1775835034389.874,1775835034480.688,90.814,19.001,70.814,25.374,32937,5545,200.0,0,0,82.5
3737,mean_dynamic_mobilenetv2,stable,features_16,1775835034484.690,1775835034559.197,74.507,11.999,62.508,20.552,32937,5545,200.0,0,0,75.3
3738,mean_dynamic_mobilenetv2,stable,features_16,1775835034562.197,1775835034639.827,77.631,11.001,66.630,20.085,32937,5545,200.0,0,0,81.7
3739,mean_dynamic_mobilenetv2,stable,features_16,1775835034651.337,1775835034775.847,124.510,41.001,80.510,23.907,32937,5545,200.0,0,0,98.0
3740,mean_dynamic_mobilenetv2,stable,features_16,1775835034780.928,1775835034867.902,86.974,18.001,67.974,22.902,32937,5545,200.0,0,0,82.5
3741,mean_dynamic_mobilenetv2,stable,features_16,1775835034870.903,1775835034951.911,81.008,19.500,61.508,19.297,32937,5545,200.0,0,0,94.0
3742,mean_dynamic_mobilenetv2,stable,features_16,1775835034955.913,1775835035038.914,83.001,17.000,66.001,23.170,32937,5545,200.0,0,0,81.1
3743,mean_dynamic_mobilenetv2,stable,features_16,1775835035042.913,1775835035122.424,79.510,10.514,68.997,24.343,32937,5545,200.0,0,0,75.3
3744,mean_dynamic_mobilenetv2,stable,features_16,1775835035126.424,1775835035226.933,100.509,10.004,88.505,23.825,32937,5545,200.0,0,0,70.7
3745,mean_dynamic_mobilenetv2,stable,features_16,1775835035228.933,1775835035318.443,89.510,10.006,79.504,23.447,32937,5545,200.0,0,0,70.1
3746,mean_dynamic_mobilenetv2,stable,features_16,1775835035321.443,1775835035401.952,80.509,10.001,69.508,24.244,32937,5545,200.0,0,0,77.1
3747,mean_dynamic_mobilenetv2,stable,features_16,1775835035405.953,1775835035502.460,96.508,13.001,82.508,22.148,32937,5545,200.0,0,0,78.4
3748,mean_dynamic_mobilenetv2,stable,features_16,1775835035506.461,1775835035581.969,75.508,10.001,64.507,22.568,32937,5545,200.0,0,0,70.4
3749,mean_dynamic_mobilenetv2,stable,features_16,1775835035584.969,1775835035690.478,105.509,11.001,94.508,25.079,32937,5545,200.0,0,0,69.6
3750,mean_dynamic_mobilenetv2,stable,features_16,1775835035693.478,1775835035800.987,107.509,12.001,94.509,26.490,32937,5545,200.0,0,0,69.6
3751,mean_dynamic_mobilenetv2,stable,features_16,1775835035803.987,1775835035886.495,82.508,13.000,69.507,24.429,32937,5545,200.0,0,0,70.5
3752,mean_dynamic_mobilenetv2,stable,features_16,1775835035890.496,1775835036029.004,138.508,12.000,125.508,84.308,32937,5545,200.0,0,0,76.0
3753,mean_dynamic_mobilenetv2,stable,features_16,1775835036032.004,1775835036113.513,81.509,9.004,70.506,25.452,32937,5545,200.0,0,0,78.8
3754,mean_dynamic_mobilenetv2,stable,features_16,1775835036116.514,1775835036203.029,86.515,13.002,72.509,26.215,32937,5545,200.0,0,0,79.4
3755,mean_dynamic_mobilenetv2,stable,features_16,1775835036206.026,1775835036281.535,75.509,15.000,59.509,17.914,32937,5545,200.0,0,0,76.2
3756,mean_dynamic_mobilenetv2,stable,features_16,1775835036284.535,1775835036356.934,72.399,10.000,61.398,20.653,32937,5545,200.0,0,0,70.9
3757,mean_dynamic_mobilenetv2,stable,features_16,1775835036359.938,1775835036454.442,94.505,9.998,83.508,25.487,32937,5545,200.0,0,0,78.2
3758,mean_dynamic_mobilenetv2,stable,features_16,1775835036457.443,1775835036540.445,83.002,11.001,71.001,25.761,32937,5545,200.0,0,0,73.5
3759,mean_dynamic_mobilenetv2,stable,features_16,1775835036543.445,1775835036636.961,93.516,9.517,81.999,22.685,32937,5545,200.0,0,0,74.5
3760,mean_dynamic_mobilenetv2,stable,features_16,1775835036638.962,1775835036729.468,90.506,12.506,76.000,23.062,32937,5545,200.0,0,0,73.2
3761,mean_dynamic_mobilenetv2,stable,features_16,1775835036732.468,1775835036824.978,92.510,12.005,77.502,22.751,32937,5545,200.0,0,0,79.4
3762,mean_dynamic_mobilenetv2,stable,features_16,1775835036827.978,1775835036930.490,102.512,12.008,89.504,20.836,32937,5545,200.0,0,0,79.6
3763,mean_dynamic_mobilenetv2,stable,features_16,1775835036933.493,1775835037021.999,88.507,14.507,71.000,24.406,32937,5545,200.0,0,0,80.0
3764,mean_dynamic_mobilenetv2,stable,features_16,1775835037025.001,1775835037105.508,80.507,10.003,69.504,24.457,32937,5545,200.0,0,0,79.2
3765,mean_dynamic_mobilenetv2,stable,features_16,1775835037108.508,1775835037209.017,100.509,12.002,87.507,21.176,32937,5545,200.0,0,0,75.3
3766,mean_dynamic_mobilenetv2,stable,features_16,1775835037213.017,1775835037305.524,92.507,13.001,77.507,22.800,32937,5545,200.0,0,0,73.1
3767,mean_dynamic_mobilenetv2,stable,features_16,1775835037308.525,1775835037389.033,80.509,10.000,69.508,25.099,32937,5545,200.0,0,0,66.3
3768,mean_dynamic_mobilenetv2,stable,features_16,1775835037392.034,1775835037492.541,100.507,13.002,86.505,24.123,32937,5545,200.0,0,0,69.1
3769,mean_dynamic_mobilenetv2,stable,features_16,1775835037495.541,1775835037588.052,92.510,10.000,81.510,25.298,32937,5545,200.0,0,0,70.3
3770,mean_dynamic_mobilenetv2,stable,features_16,1775835037590.052,1775835037664.560,74.507,10.001,64.506,23.078,32937,5545,200.0,0,0,74.7
3771,mean_dynamic_mobilenetv2,stable,features_16,1775835037667.560,1775835037770.068,102.508,10.001,91.507,22.224,32937,5545,200.0,0,0,69.7
3772,mean_dynamic_mobilenetv2,stable,features_16,1775835037773.068,1775835037868.576,95.508,8.002,86.507,26.076,32937,5545,200.0,0,0,73.0
3773,mean_dynamic_mobilenetv2,stable,features_16,1775835037871.576,1775835037953.085,81.510,14.000,66.509,22.936,32937,5545,200.0,0,0,85.6
3774,mean_dynamic_mobilenetv2,stable,features_16,1775835037956.085,1775835038046.088,90.003,9.001,79.002,19.546,32937,5545,200.0,0,0,82.3
3775,mean_dynamic_mobilenetv2,stable,features_16,1775835038050.594,1775835038134.597,84.002,16.002,67.000,22.115,32937,5545,200.0,0,0,85.4
3776,mean_dynamic_mobilenetv2,stable,features_16,1775835038137.596,1775835038226.103,88.506,16.507,71.000,25.790,32937,5545,200.0,0,0,80.2
3777,mean_dynamic_mobilenetv2,stable,features_16,1775835038229.103,1775835038329.614,100.511,12.006,87.504,21.021,32937,5545,200.0,0,0,75.2
3778,mean_dynamic_mobilenetv2,stable,features_16,1775835038332.615,1775835038418.125,85.511,15.507,70.004,25.682,32937,5545,200.0,0,0,76.8
3779,mean_dynamic_mobilenetv2,stable,features_16,1775835038421.125,1775835038520.635,99.510,12.005,86.505,25.461,32937,5545,200.0,0,0,72.2
3780,mean_dynamic_mobilenetv2,stable,features_16,1775835038523.636,1775835038631.144,107.509,11.005,96.504,28.442,32937,5545,200.0,0,0,69.6
3781,mean_dynamic_mobilenetv2,stable,features_16,1775835038634.147,1775835038734.657,100.510,10.000,86.506,20.966,32937,5545,200.0,0,0,76.8
3782,mean_dynamic_mobilenetv2,stable,features_16,1775835038738.658,1775835038821.165,82.507,17.508,63.999,20.212,32937,5545,200.0,0,0,78.1
3783,mean_dynamic_mobilenetv2,stable,features_16,1775835038825.165,1775835038940.679,115.514,20.006,95.508,24.700,32937,5545,200.0,0,0,87.0
3784,mean_dynamic_mobilenetv2,stable,features_16,1775835038944.686,1775835039028.190,83.504,14.505,67.000,24.052,32937,5545,200.0,0,0,80.2
3785,mean_dynamic_mobilenetv2,stable,features_16,1775835039031.190,1775835039124.702,93.512,9.006,83.505,24.833,32937,5545,200.0,0,0,69.8
3786,mean_dynamic_mobilenetv2,stable,features_16,1775835039127.702,1775835039204.211,76.509,9.005,66.504,20.924,32937,5545,200.0,0,0,79.1
3787,mean_dynamic_mobilenetv2,stable,features_16,1775835039207.211,1775835039309.719,102.508,10.003,90.506,22.727,32937,5545,200.0,0,0,75.0
3788,mean_dynamic_mobilenetv2,stable,features_16,1775835039312.719,1775835039401.227,88.507,9.002,76.505,27.419,32937,5545,200.0,0,0,84.5
3789,mean_dynamic_mobilenetv2,stable,features_16,1775835039404.227,1775835039495.735,91.508,12.001,79.507,24.033,32937,5545,200.0,0,0,74.0
3790,mean_dynamic_mobilenetv2,stable,features_16,1775835039498.734,1775835039588.242,89.508,10.002,79.506,22.759,32937,5545,200.0,0,0,69.8
3791,mean_dynamic_mobilenetv2,stable,features_16,1775835039591.242,1775835039697.750,106.507,11.001,95.506,24.569,32937,5545,200.0,0,0,72.3
3792,mean_dynamic_mobilenetv2,stable,features_16,1775835039700.750,1775835039805.258,104.508,11.001,93.507,26.067,32937,5545,200.0,0,0,80.6
3793,mean_dynamic_mobilenetv2,stable,features_16,1775835039808.258,1775835039906.767,98.509,11.006,86.503,20.632,32937,5545,200.0,0,0,72.3
3794,mean_dynamic_mobilenetv2,stable,features_16,1775835039909.767,1775835040003.276,93.509,9.001,82.507,24.930,32937,5545,200.0,0,0,78.4
3795,mean_dynamic_mobilenetv2,stable,features_16,1775835040006.276,1775835040097.784,91.508,13.001,77.508,23.343,32937,5545,200.0,0,0,73.2
3796,mean_dynamic_mobilenetv2,stable,features_16,1775835040100.785,1775835040182.292,81.508,13.000,68.507,22.074,32937,5545,200.0,0,0,70.1
3797,mean_dynamic_mobilenetv2,stable,features_16,1775835040185.293,1775835040292.799,107.506,11.001,95.506,31.131,32937,5545,200.0,0,0,71.2
3798,mean_dynamic_mobilenetv2,stable,features_16,1775835040295.800,1775835040373.308,77.508,9.001,66.507,19.735,32937,5545,200.0,0,0,69.1
3799,mean_dynamic_mobilenetv2,stable,features_16,1775835040376.308,1775835040454.815,78.507,9.000,68.507,25.894,32937,5545,200.0,0,0,70.0
3800,mean_dynamic_mobilenetv2,stable,features_16,1775835040457.815,1775835040566.323,108.507,13.002,95.505,23.994,32937,5545,200.0,0,0,69.6
3801,mean_dynamic_mobilenetv2,stable,features_16,1775835040569.323,1775835040673.830,104.507,10.002,92.503,24.330,32937,5545,200.0,0,0,69.6
3802,mean_dynamic_mobilenetv2,stable,features_16,1775835040676.832,1775835040762.338,85.506,10.000,73.506,24.406,32937,5545,200.0,0,0,71.1
3803,mean_dynamic_mobilenetv2,stable,features_16,1775835040765.338,1775835040846.340,81.002,12.002,69.000,21.329,32937,5545,200.0,0,0,76.2
3804,mean_dynamic_mobilenetv2,stable,features_16,1775835040848.846,1775835040928.846,80.000,11.002,66.996,24.746,32937,5545,200.0,0,0,75.0
3805,mean_dynamic_mobilenetv2,stable,features_16,1775835040931.846,1775835041025.356,93.510,9.004,82.505,23.135,32937,5545,200.0,0,0,77.9
3806,mean_dynamic_mobilenetv2,stable,features_16,1775835041028.355,1775835041106.866,78.510,9.007,69.504,22.482,32937,5545,200.0,0,0,73.1
3807,mean_dynamic_mobilenetv2,stable,features_16,1775835041109.866,1775835041201.373,91.507,10.001,81.506,24.761,32937,5545,200.0,0,0,69.4
3808,mean_dynamic_mobilenetv2,stable,features_16,1775835041204.374,1775835041289.881,85.507,11.002,74.505,23.226,32937,5545,200.0,0,0,74.0
3809,mean_dynamic_mobilenetv2,stable,features_16,1775835041292.885,1775835041364.389,71.504,9.998,59.506,18.089,32937,5545,200.0,0,0,68.8
3810,mean_dynamic_mobilenetv2,stable,features_16,1775835041368.389,1775835041446.392,78.002,13.003,63.999,20.886,32937,5545,200.0,0,0,72.6
3811,mean_dynamic_mobilenetv2,stable,features_16,1775835041448.897,1775835041533.899,85.002,10.002,75.000,27.829,32937,5545,200.0,0,0,74.7
3812,mean_dynamic_mobilenetv2,stable,features_16,1775835041537.899,1775835041630.406,92.507,10.504,81.003,33.257,32937,5545,200.0,0,0,69.1
3813,mean_dynamic_mobilenetv2,stable,features_16,1775835041633.410,1775835041814.424,181.014,11.000,169.014,120.578,32937,5545,200.0,0,0,69.4
3814,mean_dynamic_mobilenetv2,stable,features_16,1775835041817.424,1775835041921.932,104.508,11.001,92.507,23.110,32937,5545,200.0,0,0,76.1
3815,mean_dynamic_mobilenetv2,stable,features_16,1775835041924.932,1775835042003.444,78.512,10.005,66.506,21.486,32937,5545,200.0,0,0,75.0
3816,mean_dynamic_mobilenetv2,stable,features_16,1775835042006.444,1775835042107.951,101.508,11.002,89.506,27.644,32937,5545,200.0,0,0,73.2
3817,mean_dynamic_mobilenetv2,stable,features_16,1775835042110.951,1775835042192.459,81.508,12.002,68.505,23.038,32937,5545,200.0,0,0,69.1
3818,mean_dynamic_mobilenetv2,stable,features_16,1775835042195.460,1775835042294.967,99.507,9.001,88.507,23.768,32937,5545,200.0,0,0,73.9
3819,mean_dynamic_mobilenetv2,stable,features_16,1775835042297.967,1775835042377.481,79.514,9.001,70.513,25.933,32937,5545,200.0,0,0,84.3
3820,mean_dynamic_mobilenetv2,stable,features_16,1775835042381.485,1775835042468.993,87.509,16.000,71.509,25.208,32937,5545,200.0,0,0,76.0
3821,mean_dynamic_mobilenetv2,stable,features_16,1775835042471.994,1775835042554.511,82.518,11.001,71.517,25.679,32937,5545,200.0,0,0,76.5
3822,mean_dynamic_mobilenetv2,stable,features_16,1775835042557.511,1775835042652.019,94.507,9.001,83.506,23.043,32937,5545,200.0,0,0,74.8
3823,mean_dynamic_mobilenetv2,stable,features_16,1775835042655.019,1775835042748.523,93.504,10.001,82.001,23.918,32937,5545,200.0,0,0,72.9
3824,mean_dynamic_mobilenetv2,stable,features_16,1775835042751.526,1775835042858.036,106.510,12.001,93.507,25.261,32937,5545,200.0,0,0,72.3
3825,mean_dynamic_mobilenetv2,stable,features_16,1775835042861.036,1775835042940.037,79.000,9.999,69.002,23.834,32937,5545,200.0,0,0,79.0
3826,mean_dynamic_mobilenetv2,stable,features_16,1775835042943.038,1775835043035.547,92.509,10.508,82.001,19.144,32937,5545,200.0,0,0,72.9
3827,mean_dynamic_mobilenetv2,stable,features_16,1775835043038.549,1775835043134.062,95.514,8.001,85.004,23.784,32937,5545,200.0,0,0,71.2
3828,mean_dynamic_mobilenetv2,stable,features_16,1775835043137.062,1775835043220.569,83.506,10.001,73.506,25.038,32937,5545,200.0,0,0,68.8
3829,mean_dynamic_mobilenetv2,stable,features_16,1775835043223.569,1775835043299.079,75.510,9.001,65.505,22.162,32937,5545,200.0,0,0,71.2
3830,mean_dynamic_mobilenetv2,stable,features_16,1775835043303.080,1775835043385.588,82.508,15.001,66.507,22.955,32937,5545,200.0,0,0,79.4
3831,mean_dynamic_mobilenetv2,stable,features_16,1775835043388.587,1775835043470.096,81.509,13.003,67.506,22.949,32937,5545,200.0,0,0,75.0
3832,mean_dynamic_mobilenetv2,stable,features_16,1775835043473.096,1775835043551.604,78.508,11.000,65.509,21.487,32937,5545,200.0,0,0,70.7
3833,mean_dynamic_mobilenetv2,stable,features_16,1775835043554.604,1775835043632.604,78.000,10.002,67.998,24.151,32937,5545,200.0,0,0,70.7
3834,mean_dynamic_mobilenetv2,stable,features_16,1775835043635.606,1775835043714.112,78.506,10.001,66.505,23.573,32937,5545,200.0,0,0,70.5
3835,mean_dynamic_mobilenetv2,stable,features_16,1775835043717.112,1775835043795.621,78.509,9.001,68.508,23.611,32937,5545,200.0,0,0,71.2
3836,mean_dynamic_mobilenetv2,stable,features_16,1775835043798.622,1775835043898.129,99.507,11.002,87.506,24.059,32937,5545,200.0,0,0,71.1
3837,mean_dynamic_mobilenetv2,stable,features_16,1775835043901.129,1775835043975.637,74.508,11.001,62.507,21.704,32937,5545,200.0,0,0,80.0
3838,mean_dynamic_mobilenetv2,stable,features_16,1775835043979.637,1775835044058.145,78.508,12.001,66.506,22.042,32937,5545,200.0,0,0,72.6
3839,mean_dynamic_mobilenetv2,stable,features_16,1775835044061.145,1775835044160.652,99.507,12.001,87.506,23.933,32937,5545,200.0,0,0,69.1
3840,mean_dynamic_mobilenetv2,stable,features_16,1775835044164.652,1775835044249.161,84.508,9.002,75.507,20.756,32937,5545,200.0,0,0,74.0
3841,mean_dynamic_mobilenetv2,stable,features_16,1775835044253.160,1775835044343.163,90.003,12.001,77.002,22.059,32937,5545,200.0,0,0,82.3
3842,mean_dynamic_mobilenetv2,stable,features_16,1775835044346.163,1775835044440.676,94.513,11.510,82.002,25.156,32937,5545,200.0,0,0,76.3
3843,mean_dynamic_mobilenetv2,stable,features_16,1775835044443.677,1775835044522.186,78.509,10.510,66.999,21.727,32937,5545,200.0,0,0,70.0
3844,mean_dynamic_mobilenetv2,stable,features_16,1775835044526.187,1775835044620.695,94.508,10.003,82.505,20.130,32937,5545,200.0,0,0,72.3
3845,mean_dynamic_mobilenetv2,stable,features_16,1775835044623.695,1775835044716.202,92.507,13.006,78.501,24.648,32937,5545,200.0,0,0,77.8
3846,mean_dynamic_mobilenetv2,stable,features_16,1775835044719.203,1775835044797.711,78.508,11.001,67.508,22.178,32937,5545,200.0,0,0,82.3
3847,mean_dynamic_mobilenetv2,stable,features_16,1775835044800.717,1775835044906.218,105.501,10.996,93.505,26.466,32937,5545,200.0,0,0,71.7
3848,mean_dynamic_mobilenetv2,stable,features_16,1775835044909.218,1775835044985.727,76.509,10.001,65.508,23.630,32937,5545,200.0,0,0,78.5
3849,mean_dynamic_mobilenetv2,stable,features_16,1775835044988.727,1775835045080.235,91.507,10.002,80.506,20.474,32937,5545,200.0,0,0,71.1
3850,mean_dynamic_mobilenetv2,stable,features_16,1775835045084.236,1775835045180.742,96.506,11.001,84.505,26.768,32937,5545,200.0,0,0,80.4
3851,mean_dynamic_mobilenetv2,stable,features_16,1775835045183.743,1775835045272.250,88.507,16.000,71.507,24.638,32937,5545,200.0,0,0,70.0
3852,mean_dynamic_mobilenetv2,stable,features_16,1775835045276.250,1775835045363.757,87.507,11.001,76.505,22.062,32937,5545,200.0,0,0,73.2
3853,mean_dynamic_mobilenetv2,stable,features_16,1775835045366.758,1775835045457.264,90.507,10.001,79.506,21.522,32937,5545,200.0,0,0,70.8
3854,mean_dynamic_mobilenetv2,stable,features_16,1775835045460.266,1775835045550.774,90.508,9.000,79.508,21.578,32937,5545,200.0,0,0,69.8
3855,mean_dynamic_mobilenetv2,stable,features_16,1775835045553.774,1775835045626.774,73.000,10.000,61.999,21.095,32937,5545,200.0,0,0,72.5
3856,mean_dynamic_mobilenetv2,stable,features_16,1775835045630.774,1775835045722.284,91.510,9.006,81.505,23.941,32937,5545,200.0,0,0,70.8
3857,mean_dynamic_mobilenetv2,stable,features_16,1775835045726.284,1775835045827.794,101.510,11.004,90.506,22.560,32937,5545,200.0,0,0,71.4
3858,mean_dynamic_mobilenetv2,stable,features_16,1775835045831.795,1775835045910.305,78.510,9.006,67.504,24.137,32937,5545,200.0,0,0,75.0
3859,mean_dynamic_mobilenetv2,stable,features_16,1775835045914.305,1775835045990.814,76.510,14.001,62.508,21.015,32937,5545,200.0,0,0,76.5
3860,mean_dynamic_mobilenetv2,stable,features_16,1775835045993.815,1775835046075.323,81.509,13.002,67.507,22.086,32937,5545,200.0,0,0,88.5
3861,mean_dynamic_mobilenetv2,stable,features_16,1775835046078.324,1775835046161.834,83.510,13.001,69.509,22.897,32937,5545,200.0,0,0,95.2
3862,mean_dynamic_mobilenetv2,stable,features_16,1775835046164.833,1775835046262.343,97.509,17.001,79.508,21.692,32937,5545,200.0,0,0,88.7
3863,mean_dynamic_mobilenetv2,stable,features_16,1775835046266.343,1775835046356.853,90.510,15.000,74.507,28.577,32937,5545,200.0,0,0,71.1
3864,mean_dynamic_mobilenetv2,stable,features_16,1775835046359.856,1775835046454.359,94.503,10.996,81.507,18.534,32937,5545,200.0,0,0,72.9
3865,mean_dynamic_mobilenetv2,stable,features_16,1775835046457.360,1775835046553.867,96.507,11.000,84.507,23.355,32937,5545,200.0,0,0,70.8
3866,mean_dynamic_mobilenetv2,stable,features_16,1775835046557.866,1775835046659.374,101.507,13.001,87.507,22.400,32937,5545,200.0,0,0,75.0
3867,mean_dynamic_mobilenetv2,stable,features_16,1775835046663.374,1775835046741.376,78.003,9.002,68.000,24.147,32937,5545,200.0,0,0,71.2
3868,mean_dynamic_mobilenetv2,stable,features_16,1775835046744.381,1775835046831.884,87.503,11.506,74.997,20.864,32937,5545,200.0,0,0,70.8
3869,mean_dynamic_mobilenetv2,stable,features_16,1775835046834.886,1775835046912.398,77.512,9.002,66.508,24.856,32937,5545,200.0,0,0,75.0
3870,mean_dynamic_mobilenetv2,stable,features_16,1775835046915.398,1775835047000.413,85.015,18.510,64.505,22.957,32937,5545,200.0,0,0,85.6
3871,mean_dynamic_mobilenetv2,stable,features_16,1775835047004.413,1775835047091.922,87.510,18.001,68.509,23.594,32937,5545,200.0,0,0,86.3
3872,mean_dynamic_mobilenetv2,stable,features_16,1775835047095.922,1775835047173.430,77.508,9.001,66.508,23.696,32937,5545,200.0,0,0,75.3
3873,mean_dynamic_mobilenetv2,stable,features_16,1775835047176.431,1775835047255.939,79.508,12.008,67.500,23.276,32937,5545,200.0,0,0,70.0
3874,mean_dynamic_mobilenetv2,stable,features_16,1775835047259.939,1775835047362.447,102.508,14.001,85.507,25.603,32937,5545,200.0,0,0,71.7
3875,mean_dynamic_mobilenetv2,stable,features_16,1775835047365.446,1775835047500.708,135.261,14.001,120.260,25.836,32937,5545,200.0,0,0,70.3
3876,mean_dynamic_mobilenetv2,stable,features_16,1775835047503.708,1775835047585.216,81.508,12.003,68.504,24.838,32937,5545,200.0,0,0,70.0
3877,mean_dynamic_mobilenetv2,stable,features_16,1775835047588.216,1775835047661.723,73.507,9.001,63.505,21.574,32937,5545,200.0,0,0,73.8
3878,mean_dynamic_mobilenetv2,stable,features_16,1775835047664.723,1775835047763.231,98.508,11.001,87.507,24.751,32937,5545,200.0,0,0,71.4
3879,mean_dynamic_mobilenetv2,stable,features_16,1775835047767.231,1775835047876.739,109.508,11.004,97.503,25.489,32937,5545,200.0,0,0,78.8
3880,mean_dynamic_mobilenetv2,stable,features_16,1775835047880.739,1775835047971.248,90.509,21.000,68.509,24.517,32937,5545,200.0,0,0,91.7
3881,mean_dynamic_mobilenetv2,stable,features_16,1775835047974.248,1775835048054.756,80.508,14.001,66.507,21.342,32937,5545,200.0,0,0,80.6
3882,mean_dynamic_mobilenetv2,stable,features_16,1775835048057.756,1775835048149.260,91.505,11.001,80.001,22.318,32937,5545,200.0,0,0,73.7
3883,mean_dynamic_mobilenetv2,stable,features_16,1775835048152.264,1775835048242.266,90.003,10.001,79.002,24.369,32937,5545,200.0,0,0,71.1
3884,mean_dynamic_mobilenetv2,stable,features_16,1775835048246.267,1775835048335.779,89.512,8.511,80.002,24.237,32937,5545,200.0,0,0,69.1
3885,mean_dynamic_mobilenetv2,stable,features_16,1775835048339.779,1775835048415.287,75.508,9.001,66.003,20.342,32937,5545,200.0,0,0,69.8
3886,mean_dynamic_mobilenetv2,stable,features_16,1775835048418.287,1775835048513.794,95.507,10.000,82.509,25.101,32937,5545,200.0,0,0,75.3
3887,mean_dynamic_mobilenetv2,stable,features_16,1775835048517.794,1775835048597.304,79.509,17.004,62.505,20.065,32937,5545,200.0,0,0,77.8
3888,mean_dynamic_mobilenetv2,stable,features_16,1775835048601.307,1775835048676.812,75.505,10.999,64.506,21.504,32937,5545,200.0,0,0,71.2
3889,mean_dynamic_mobilenetv2,stable,features_16,1775835048680.813,1775835048775.320,94.507,10.000,83.507,24.679,32937,5545,200.0,0,0,76.6
3890,mean_dynamic_mobilenetv2,stable,features_16,1775835048778.320,1775835048878.828,100.509,14.001,86.508,23.384,32937,5545,200.0,0,0,84.5
3891,mean_dynamic_mobilenetv2,stable,features_16,1775835048882.828,1775835048966.337,83.509,18.000,65.508,22.844,32937,5545,200.0,0,0,89.7
3892,mean_dynamic_mobilenetv2,stable,features_16,1775835048970.337,1775835049063.845,93.508,13.003,79.505,24.907,32937,5545,200.0,0,0,84.4
3893,mean_dynamic_mobilenetv2,stable,features_16,1775835049066.845,1775835049177.353,110.508,15.001,94.507,27.598,32937,5545,200.0,0,0,76.1
3894,mean_dynamic_mobilenetv2,stable,features_16,1775835049180.353,1775835049283.861,103.508,19.001,83.507,26.515,32937,5545,200.0,0,0,75.9
3895,mean_dynamic_mobilenetv2,stable,features_16,1775835049286.861,1775835049389.367,102.507,10.000,90.506,24.695,32937,5545,200.0,0,0,69.6
3896,mean_dynamic_mobilenetv2,stable,features_16,1775835049392.368,1775835049483.881,91.513,9.002,81.510,24.720,32937,5545,200.0,0,0,70.8
3897,mean_dynamic_mobilenetv2,stable,features_16,1775835049486.880,1775835049578.395,91.514,9.000,80.507,24.761,32937,5545,200.0,0,0,76.3
3898,mean_dynamic_mobilenetv2,stable,features_16,1775835049581.388,1775835049656.897,75.509,13.001,61.509,19.844,32937,5545,200.0,0,0,85.2
3899,mean_dynamic_mobilenetv2,stable,features_16,1775835049659.897,1775835049758.405,98.508,15.001,80.508,20.195,32937,5545,200.0,0,0,77.7
3900,mean_dynamic_mobilenetv2,stable,features_16,1775835049761.406,1775835049852.912,91.506,11.001,79.505,21.453,32937,5545,200.0,0,0,72.6
3901,mean_dynamic_mobilenetv2,stable,features_16,1775835049856.913,1775835049930.913,74.000,11.000,60.997,19.845,32937,5545,200.0,0,0,80.2
3902,mean_dynamic_mobilenetv2,stable,features_16,1775835049933.913,1775835050039.424,105.511,12.004,92.507,25.324,32937,5545,200.0,0,0,75.5
3903,mean_dynamic_mobilenetv2,stable,features_16,1775835050042.424,1775835050149.437,107.013,10.510,95.002,26.347,32937,5545,200.0,0,0,72.1
3904,mean_dynamic_mobilenetv2,stable,features_16,1775835050152.440,1775835050253.948,101.507,10.002,90.504,21.277,32937,5545,200.0,0,0,68.7
3905,mean_dynamic_mobilenetv2,stable,features_16,1775835050256.948,1775835050336.950,80.002,12.000,67.001,21.540,32937,5545,200.0,0,0,72.0
3906,mean_dynamic_mobilenetv2,stable,features_16,1775835050339.950,1775835050441.465,101.515,9.508,91.000,26.620,32937,5545,200.0,0,0,68.7
3907,mean_dynamic_mobilenetv2,stable,features_16,1775835050444.465,1775835050536.976,92.511,11.509,80.002,32.194,32937,5545,200.0,0,0,75.0
3908,mean_dynamic_mobilenetv2,stable,features_16,1775835050540.976,1775835050621.482,80.506,15.507,63.999,20.410,32937,5545,200.0,0,0,74.2
3909,mean_dynamic_mobilenetv2,stable,features_16,1775835050624.483,1775835050720.991,96.509,10.006,85.502,22.895,32937,5545,200.0,0,0,67.7
3910,mean_dynamic_mobilenetv2,stable,features_16,1775835050723.991,1775835050808.501,84.510,11.005,71.505,20.086,32937,5545,200.0,0,0,70.8
3911,mean_dynamic_mobilenetv2,stable,features_16,1775835050811.500,1775835050895.009,83.509,11.003,71.505,26.326,32937,5545,200.0,0,0,77.5
3912,mean_dynamic_mobilenetv2,stable,features_16,1775835050898.009,1775835050972.518,74.509,12.002,61.506,20.845,32937,5545,200.0,0,0,85.2
3913,mean_dynamic_mobilenetv2,stable,features_16,1775835050976.518,1775835051079.033,102.515,11.000,89.515,24.542,32937,5545,200.0,0,0,84.8
3914,mean_dynamic_mobilenetv2,stable,features_16,1775835051083.034,1775835051170.539,87.506,15.998,69.508,23.419,32937,5545,200.0,0,0,78.4
3915,mean_dynamic_mobilenetv2,stable,features_16,1775835051173.540,1775835051279.047,105.508,15.001,90.507,28.274,32937,5545,200.0,0,0,70.3
3916,mean_dynamic_mobilenetv2,stable,features_16,1775835051282.049,1775835051358.555,76.507,11.000,64.507,23.283,32937,5545,200.0,0,0,71.2
3917,mean_dynamic_mobilenetv2,stable,features_16,1775835051361.555,1775835051438.561,77.006,10.001,66.005,23.338,32937,5545,200.0,0,0,77.1
3918,mean_dynamic_mobilenetv2,stable,features_16,1775835051441.561,1775835051519.068,77.508,10.510,65.997,20.696,32937,5545,200.0,0,0,85.0
3919,mean_dynamic_mobilenetv2,stable,features_16,1775835051523.069,1775835051606.577,83.508,10.000,72.508,25.153,32937,5545,200.0,0,0,77.3
3920,mean_dynamic_mobilenetv2,stable,features_16,1775835051609.577,1775835051708.085,98.508,14.001,83.508,24.035,32937,5545,200.0,0,0,71.9
3921,mean_dynamic_mobilenetv2,stable,features_16,1775835051711.085,1775835051788.594,77.509,10.000,65.509,19.401,32937,5545,200.0,0,0,70.0
3922,mean_dynamic_mobilenetv2,stable,features_16,1775835051791.595,1775835051891.103,99.508,12.001,86.507,21.749,32937,5545,200.0,0,0,74.1
3923,mean_dynamic_mobilenetv2,stable,features_16,1775835051894.103,1775835051973.611,79.508,11.001,68.508,24.999,32937,5545,200.0,0,0,76.2
3924,mean_dynamic_mobilenetv2,stable,features_16,1775835051977.612,1775835052066.120,88.508,10.001,77.507,25.337,32937,5545,200.0,0,0,72.2
3925,mean_dynamic_mobilenetv2,stable,features_16,1775835052069.119,1775835052149.122,80.003,10.003,68.999,23.732,32937,5545,200.0,0,0,73.7
3926,mean_dynamic_mobilenetv2,stable,features_16,1775835052152.628,1775835052222.628,70.000,8.001,59.999,19.506,32937,5545,200.0,0,0,67.7
3927,mean_dynamic_mobilenetv2,stable,features_16,1775835052225.628,1775835052325.137,99.509,11.004,87.504,23.285,32937,5545,200.0,0,0,75.2
3928,mean_dynamic_mobilenetv2,stable,features_16,1775835052328.138,1775835052407.646,79.508,11.004,67.504,23.368,32937,5545,200.0,0,0,87.5
3929,mean_dynamic_mobilenetv2,stable,features_16,1775835052411.646,1775835052497.156,85.509,13.003,71.506,26.277,32937,5545,200.0,0,0,83.5
3930,mean_dynamic_mobilenetv2,stable,features_16,1775835052500.156,1775835052583.171,83.016,14.003,69.013,24.093,32937,5545,200.0,0,0,75.9
3931,mean_dynamic_mobilenetv2,stable,features_16,1775835052586.172,1775835052682.680,96.508,9.000,86.507,24.569,32937,5545,200.0,0,0,71.4
3932,mean_dynamic_mobilenetv2,stable,features_16,1775835052686.680,1775835052768.188,81.508,9.000,71.508,24.310,32937,5545,200.0,0,0,73.2
3933,mean_dynamic_mobilenetv2,stable,features_16,1775835052770.188,1775835052847.191,77.003,11.003,66.000,20.871,32937,5545,200.0,0,0,72.2
3934,mean_dynamic_mobilenetv2,stable,features_16,1775835052850.699,1775835052945.700,95.001,9.000,86.001,24.005,32937,5545,200.0,0,0,75.7
3935,mean_dynamic_mobilenetv2,stable,features_16,1775835052949.203,1775835053040.209,91.006,10.006,80.000,23.173,32937,5545,200.0,0,0,70.4
3936,mean_dynamic_mobilenetv2,stable,features_16,1775835053043.211,1775835053151.230,108.019,12.514,94.506,26.454,32937,5545,200.0,0,0,73.2
3937,mean_dynamic_mobilenetv2,stable,features_16,1775835053154.231,1775835053294.739,140.508,10.002,130.506,84.357,32937,5545,200.0,0,0,77.2
3938,mean_dynamic_mobilenetv2,stable,features_16,1775835053298.739,1775835053377.247,78.508,10.001,67.508,23.499,32937,5545,200.0,0,0,73.8
3939,mean_dynamic_mobilenetv2,stable,features_16,1775835053380.247,1775835053455.764,75.517,9.000,64.511,23.309,32937,5545,200.0,0,0,71.6
3940,mean_dynamic_mobilenetv2,stable,features_16,1775835053458.759,1775835053539.760,81.002,10.001,71.000,26.114,32937,5545,200.0,0,0,73.7
3941,mean_dynamic_mobilenetv2,stable,features_16,1775835053542.760,1775835053637.273,94.512,10.511,83.001,24.339,32937,5545,200.0,0,0,71.9
3942,mean_dynamic_mobilenetv2,stable,features_16,1775835053641.273,1775835053747.781,106.508,9.506,95.001,26.112,32937,5545,200.0,0,0,70.8
3943,mean_dynamic_mobilenetv2,stable,features_16,1775835053751.287,1775835053852.795,101.508,13.001,87.506,26.088,32937,5545,200.0,0,0,71.2
3944,mean_dynamic_mobilenetv2,stable,features_16,1775835053855.796,1775835053930.795,74.999,10.000,63.999,22.271,32937,5545,200.0,0,0,74.4
3945,mean_dynamic_mobilenetv2,stable,features_16,1775835053934.798,1775835054025.304,90.506,10.001,79.505,24.780,32937,5545,200.0,0,0,74.5
3946,mean_dynamic_mobilenetv2,stable,features_16,1775835054029.304,1775835054130.812,101.508,13.004,88.504,24.668,32937,5545,200.0,0,0,73.5
3947,mean_dynamic_mobilenetv2,stable,features_16,1775835054133.814,1775835054213.323,79.509,11.004,67.505,22.499,32937,5545,200.0,0,0,81.2
3948,mean_dynamic_mobilenetv2,stable,features_16,1775835054217.323,1775835054298.832,81.509,16.000,64.509,22.134,32937,5545,200.0,0,0,77.5
3949,mean_dynamic_mobilenetv2,stable,features_16,1775835054301.833,1775835054395.340,93.508,11.001,81.507,25.629,32937,5545,200.0,0,0,71.9
3950,mean_dynamic_mobilenetv2,stable,features_16,1775835054398.341,1775835054488.848,90.507,10.000,80.507,24.022,32937,5545,200.0,0,0,70.8
3951,mean_dynamic_mobilenetv2,stable,features_16,1775835054492.848,1775835054590.356,97.508,14.001,83.507,20.052,32937,5545,200.0,0,0,71.4
3952,mean_dynamic_mobilenetv2,stable,features_16,1775835054593.357,1775835054685.863,92.506,10.000,81.507,24.517,32937,5545,200.0,0,0,69.8
3953,mean_dynamic_mobilenetv2,stable,features_16,1775835054688.864,1775835054767.371,78.508,10.001,67.506,21.417,32937,5545,200.0,0,0,70.9
3954,mean_dynamic_mobilenetv2,stable,features_16,1775835054770.373,1775835054875.880,105.507,11.000,93.507,28.944,32937,5545,200.0,0,0,75.7
3955,mean_dynamic_mobilenetv2,stable,features_16,1775835054878.880,1775835054959.388,80.508,16.000,63.508,22.842,32937,5545,200.0,0,0,77.8
3956,mean_dynamic_mobilenetv2,stable,features_16,1775835054962.389,1775835055066.896,104.507,9.000,92.507,30.795,32937,5545,200.0,0,0,79.5
3957,mean_dynamic_mobilenetv2,stable,features_16,1775835055069.896,1775835055162.406,92.510,17.002,74.507,28.341,32937,5545,200.0,0,0,86.5
3958,mean_dynamic_mobilenetv2,stable,features_16,1775835055166.406,1775835055258.914,92.509,16.000,76.508,27.141,32937,5545,200.0,0,0,83.2
3959,mean_dynamic_mobilenetv2,stable,features_16,1775835055261.914,1775835055349.418,87.504,11.000,74.001,24.530,32937,5545,200.0,0,0,71.2
3960,mean_dynamic_mobilenetv2,stable,features_16,1775835055352.422,1775835055428.422,76.000,9.001,66.999,20.790,32937,5545,200.0,0,0,69.1
3961,mean_dynamic_mobilenetv2,stable,features_16,1775835055432.422,1775835055529.932,97.510,9.007,87.504,29.449,32937,5545,200.0,0,0,72.3
3962,mean_dynamic_mobilenetv2,stable,features_16,1775835055532.933,1775835055637.450,104.516,11.010,93.506,25.764,32937,5545,200.0,0,0,71.4
3963,mean_dynamic_mobilenetv2,stable,features_16,1775835055640.450,1775835055721.959,81.509,10.511,68.998,22.113,32937,5545,200.0,0,0,71.2
3964,mean_dynamic_mobilenetv2,stable,features_16,1775835055725.960,1775835055827.469,101.509,17.005,83.504,28.216,32937,5545,200.0,0,0,73.2
3965,mean_dynamic_mobilenetv2,stable,features_16,1775835055830.475,1775835055912.982,82.508,10.005,71.503,20.368,32937,5545,200.0,0,0,74.1
3966,mean_dynamic_mobilenetv2,stable,features_16,1775835055916.982,1775835056006.490,89.508,11.001,77.507,25.135,32937,5545,200.0,0,0,75.3
3967,mean_dynamic_mobilenetv2,stable,features_16,1775835056009.491,1775835056088.998,79.507,9.000,70.506,24.436,32937,5545,200.0,0,0,76.0
3968,mean_dynamic_mobilenetv2,stable,features_16,1775835056092.998,1775835056175.506,82.508,10.001,72.507,20.468,32937,5545,200.0,0,0,71.6
3969,mean_dynamic_mobilenetv2,stable,features_16,1775835056179.506,1775835056254.014,74.508,9.001,65.507,22.587,32937,5545,200.0,0,0,70.0
3970,mean_dynamic_mobilenetv2,stable,features_16,1775835056257.014,1775835056352.521,95.508,15.001,79.507,25.444,32937,5545,200.0,0,0,72.3
3971,mean_dynamic_mobilenetv2,stable,features_16,1775835056355.521,1775835056460.029,104.507,12.003,91.503,24.897,32937,5545,200.0,0,0,71.6
3972,mean_dynamic_mobilenetv2,stable,features_16,1775835056464.032,1775835056549.534,85.501,9.997,75.504,22.523,32937,5545,200.0,0,0,71.1
3973,mean_dynamic_mobilenetv2,stable,features_16,1775835056552.538,1775835056630.537,77.999,9.000,67.999,26.981,32937,5545,200.0,0,0,70.0
3974,mean_dynamic_mobilenetv2,stable,features_16,1775835056633.537,1775835056721.044,87.507,10.005,76.502,24.195,32937,5545,200.0,0,0,74.2
3975,mean_dynamic_mobilenetv2,stable,features_16,1775835056724.045,1775835056802.557,78.512,10.004,67.509,25.927,32937,5545,200.0,0,0,70.0
3976,mean_dynamic_mobilenetv2,stable,features_16,1775835056805.557,1775835056887.067,81.509,10.001,69.508,25.926,32937,5545,200.0,0,0,78.9
3977,mean_dynamic_mobilenetv2,stable,features_16,1775835056891.068,1775835056980.575,89.508,16.000,72.507,24.814,32937,5545,200.0,0,0,84.7
3978,mean_dynamic_mobilenetv2,stable,features_16,1775835056984.576,1775835057065.083,80.507,12.000,67.507,24.886,32937,5545,200.0,0,0,77.5
3979,mean_dynamic_mobilenetv2,stable,features_16,1775835057068.084,1775835057158.593,90.509,11.001,78.508,25.438,32937,5545,200.0,0,0,71.9
3980,mean_dynamic_mobilenetv2,stable,features_16,1775835057161.593,1775835057250.097,88.504,17.000,71.504,26.996,32937,5545,200.0,0,0,72.2
3981,mean_dynamic_mobilenetv2,stable,features_16,1775835057253.100,1775835057348.102,95.002,9.002,85.000,25.177,32937,5545,200.0,0,0,69.8
3982,mean_dynamic_mobilenetv2,stable,features_16,1775835057350.608,1775835057439.610,89.002,10.001,78.001,25.007,32937,5545,200.0,0,0,72.2
3983,mean_dynamic_mobilenetv2,stable,features_16,1775835057442.610,1775835057547.127,104.517,10.517,93.000,28.930,32937,5545,200.0,0,0,72.1
3984,mean_dynamic_mobilenetv2,stable,features_16,1775835057550.633,1775835057633.633,83.000,10.002,71.998,25.952,32937,5545,200.0,0,0,80.9
3985,mean_dynamic_mobilenetv2,stable,features_16,1775835057636.637,1775835057724.142,87.506,12.000,75.506,30.055,32937,5545,200.0,0,0,72.8
3986,mean_dynamic_mobilenetv2,stable,features_16,1775835057728.142,1775835057806.651,78.510,10.005,67.505,26.604,32937,5545,200.0,0,0,83.0
3987,mean_dynamic_mobilenetv2,stable,features_16,1775835057810.652,1775835057896.162,85.510,14.001,68.509,26.316,32937,5545,200.0,0,0,87.5
3988,mean_dynamic_mobilenetv2,stable,features_16,1775835057901.161,1775835057992.670,91.508,19.001,72.507,26.019,32937,5545,200.0,0,0,90.0
3989,mean_dynamic_mobilenetv2,stable,features_16,1775835057996.670,1775835058085.178,88.509,19.001,69.508,23.597,32937,5545,200.0,0,0,78.6
3990,mean_dynamic_mobilenetv2,stable,features_16,1775835058088.178,1775835058173.686,85.508,13.002,71.506,26.265,32937,5545,200.0,0,0,77.1
3991,mean_dynamic_mobilenetv2,stable,features_16,1775835058176.687,1775835058259.195,82.508,11.003,69.505,24.090,32937,5545,200.0,0,0,78.9
3992,mean_dynamic_mobilenetv2,stable,features_16,1775835058263.195,1775835058346.198,83.003,14.001,68.002,25.767,32937,5545,200.0,0,0,69.5
3993,mean_dynamic_mobilenetv2,stable,features_16,1775835058349.700,1775835058425.704,76.003,8.004,66.999,24.487,32937,5545,200.0,0,0,70.0
3994,mean_dynamic_mobilenetv2,stable,features_16,1775835058428.704,1775835058533.499,104.795,10.004,94.791,22.207,32937,5545,200.0,0,0,72.3
3995,mean_dynamic_mobilenetv2,stable,features_16,1775835058537.504,1775835058645.019,107.515,14.516,91.999,26.643,32937,5545,200.0,0,0,70.5
3996,mean_dynamic_mobilenetv2,stable,features_16,1775835058648.020,1775835058731.532,83.512,15.513,66.999,23.960,32937,5545,200.0,0,0,84.5
3997,mean_dynamic_mobilenetv2,stable,features_16,1775835058734.533,1775835058815.044,80.511,13.006,66.506,22.893,32937,5545,200.0,0,0,82.5
3998,mean_dynamic_mobilenetv2,stable,features_16,1775835058819.045,1775835058905.556,86.511,14.002,70.509,25.395,32937,5545,200.0,0,0,80.8
3999,mean_dynamic_mobilenetv2,stable,features_16,1775835058909.556,1775835059053.573,144.017,19.002,125.015,80.974,32937,5545,200.0,0,0,87.2
4000,mean_dynamic_mobilenetv2,stable,features_16,1775835059057.573,1775835059134.573,77.000,10.000,66.999,23.950,32937,5545,200.0,0,0,70.8
4001,mean_dynamic_mobilenetv2,stable,features_16,1775835059137.576,1775835059217.083,79.507,10.001,68.506,24.868,32937,5545,200.0,0,0,73.8
4002,mean_dynamic_mobilenetv2,stable,features_16,1775835059221.083,1775835059302.592,81.509,11.002,69.507,24.150,32937,5545,200.0,0,0,70.0
4003,mean_dynamic_mobilenetv2,stable,features_16,1775835059304.592,1775835059400.101,95.508,11.001,83.507,24.736,32937,5545,200.0,0,0,69.6
4004,mean_dynamic_mobilenetv2,stable,features_16,1775835059403.100,1775835059485.609,82.509,10.001,71.509,20.291,32937,5545,200.0,0,0,80.0
4005,mean_dynamic_mobilenetv2,stable,features_16,1775835059488.609,1775835059571.117,82.508,11.005,68.505,26.622,32937,5545,200.0,0,0,79.2
4006,mean_dynamic_mobilenetv2,stable,features_16,1775835059574.119,1775835059676.625,102.506,12.999,88.507,25.016,32937,5545,200.0,0,0,72.9
4007,mean_dynamic_mobilenetv2,stable,features_16,1775835059679.625,1775835059751.133,71.508,10.003,61.504,20.286,32937,5545,200.0,0,0,72.5
4008,mean_dynamic_mobilenetv2,stable,features_16,1775835059754.133,1775835059864.641,110.508,12.001,98.506,26.706,32937,5545,200.0,0,0,71.4
4009,mean_dynamic_mobilenetv2,stable,features_16,1775835059868.641,1775835059972.152,103.510,11.001,91.510,26.168,32937,5545,200.0,0,0,79.6
4010,mean_dynamic_mobilenetv2,stable,features_16,1775835059975.152,1775835060053.660,78.509,10.001,68.508,24.985,32937,5545,200.0,0,0,78.8
4011,mean_dynamic_mobilenetv2,stable,features_16,1775835060057.660,1775835060155.168,97.508,9.001,88.507,26.289,32937,5545,200.0,0,0,71.7
4012,mean_dynamic_mobilenetv2,stable,features_16,1775835060159.169,1775835060250.673,91.505,10.003,80.000,27.196,32937,5545,200.0,0,0,82.0
4013,mean_dynamic_mobilenetv2,stable,features_16,1775835060254.677,1775835060359.185,104.509,12.001,92.507,27.206,32937,5545,200.0,0,0,69.3
4014,mean_dynamic_mobilenetv2,stable,features_16,1775835060362.185,1775835060444.188,82.003,12.001,70.002,24.581,32937,5545,200.0,0,0,77.8
4015,mean_dynamic_mobilenetv2,stable,features_16,1775835060447.188,1775835060547.698,100.510,13.510,86.000,23.622,32937,5545,200.0,0,0,74.1
4016,mean_dynamic_mobilenetv2,stable,features_16,1775835060551.204,1775835060632.205,81.000,10.002,70.999,25.030,32937,5545,200.0,0,0,70.0
4017,mean_dynamic_mobilenetv2,stable,features_16,1775835060635.204,1775835060731.712,96.509,9.004,87.504,27.295,32937,5545,200.0,0,0,71.2
4018,mean_dynamic_mobilenetv2,stable,features_16,1775835060734.712,1775835060816.221,81.509,12.001,66.505,20.365,32937,5545,200.0,0,0,72.8
4019,mean_dynamic_mobilenetv2,stable,features_16,1775835060819.221,1775835060901.730,82.509,11.001,68.508,22.395,32937,5545,200.0,0,0,75.5
4020,mean_dynamic_mobilenetv2,stable,features_16,1775835060905.730,1775835061013.237,107.508,14.001,92.504,27.395,32937,5545,200.0,0,0,75.0
4021,mean_dynamic_mobilenetv2,stable,features_16,1775835061016.238,1775835061117.745,101.507,17.000,84.507,26.175,32937,5545,200.0,0,0,73.6
4022,mean_dynamic_mobilenetv2,stable,features_16,1775835061120.747,1775835061204.254,83.507,10.002,73.505,26.630,32937,5545,200.0,0,0,67.1
4023,mean_dynamic_mobilenetv2,stable,features_16,1775835061208.255,1775835061284.764,76.509,8.001,67.509,24.891,32937,5545,200.0,0,0,77.5
4024,mean_dynamic_mobilenetv2,stable,features_16,1775835061287.763,1775835061369.272,81.508,16.001,65.507,23.493,32937,5545,200.0,0,0,79.2
4025,mean_dynamic_mobilenetv2,stable,features_16,1775835061373.272,1775835061450.275,77.002,11.001,65.001,22.128,32937,5545,200.0,0,0,78.8
4026,mean_dynamic_mobilenetv2,stable,features_16,1775835061453.781,1775835061573.288,119.507,17.000,101.507,25.801,32937,5545,200.0,0,0,72.7
4027,mean_dynamic_mobilenetv2,stable,features_16,1775835061577.288,1775835061664.796,87.508,11.001,76.507,19.457,32937,5545,200.0,0,0,70.1
4028,mean_dynamic_mobilenetv2,stable,features_16,1775835061668.796,1775835061763.304,94.508,9.000,85.507,25.358,32937,5545,200.0,0,0,75.0
4029,mean_dynamic_mobilenetv2,stable,features_16,1775835061767.304,1775835061876.812,109.508,12.000,96.507,28.992,32937,5545,200.0,0,0,77.4
4030,mean_dynamic_mobilenetv2,stable,features_16,1775835061880.812,1775835061964.319,83.507,11.002,71.505,26.917,32937,5545,200.0,0,0,76.5
4031,mean_dynamic_mobilenetv2,stable,features_16,1775835061967.319,1775835062041.322,74.003,11.001,63.002,21.343,32937,5545,200.0,0,0,86.7
4032,mean_dynamic_mobilenetv2,stable,features_16,1775835062045.322,1775835062120.828,75.506,8.507,64.998,24.086,32937,5545,200.0,0,0,71.8
4033,mean_dynamic_mobilenetv2,stable,features_16,1775835062124.829,1775835062219.337,94.508,9.001,84.508,27.462,32937,5545,200.0,0,0,73.5
4034,mean_dynamic_mobilenetv2,stable,features_16,1775835062223.337,1775835062306.845,83.508,11.001,71.508,27.897,32937,5545,200.0,0,0,82.3
4035,mean_dynamic_mobilenetv2,stable,features_16,1775835062309.845,1775835062417.353,107.508,11.001,94.507,27.744,32937,5545,200.0,0,0,70.5
4036,mean_dynamic_mobilenetv2,stable,features_16,1775835062420.353,1775835062508.862,88.509,10.002,77.507,25.350,32937,5545,200.0,0,0,71.3
4037,mean_dynamic_mobilenetv2,stable,features_16,1775835062511.862,1775835062591.384,79.523,9.003,69.515,25.824,32937,5545,200.0,0,0,69.1
4038,mean_dynamic_mobilenetv2,stable,features_16,1775835062594.384,1775835062696.891,102.507,11.001,91.506,25.044,32937,5545,200.0,0,0,70.3
4039,mean_dynamic_mobilenetv2,stable,features_16,1775835062699.892,1775835062810.399,110.507,10.001,100.506,29.528,32937,5545,200.0,0,0,69.6
4040,mean_dynamic_mobilenetv2,stable,features_16,1775835062814.400,1775835062915.906,101.507,10.000,89.507,26.789,32937,5545,200.0,0,0,72.6
4041,mean_dynamic_mobilenetv2,stable,features_16,1775835062918.907,1775835063004.415,85.508,13.000,71.508,29.110,32937,5545,200.0,0,0,74.1
4042,mean_dynamic_mobilenetv2,stable,features_16,1775835063007.416,1775835063100.923,93.507,11.000,82.507,26.997,32937,5545,200.0,0,0,76.0
4043,mean_dynamic_mobilenetv2,stable,features_16,1775835063103.923,1775835063208.432,104.509,12.000,91.508,26.401,32937,5545,200.0,0,0,76.1
4044,mean_dynamic_mobilenetv2,stable,features_16,1775835063211.432,1775835063291.939,80.508,12.000,67.507,22.343,32937,5545,200.0,0,0,75.3
4045,mean_dynamic_mobilenetv2,stable,features_16,1775835063294.940,1775835063390.447,95.507,9.001,85.507,23.179,32937,5545,200.0,0,0,70.1
4046,mean_dynamic_mobilenetv2,stable,features_16,1775835063393.447,1775835063469.954,76.507,9.001,66.507,24.569,32937,5545,200.0,0,0,70.0
4047,mean_dynamic_mobilenetv2,stable,features_16,1775835063473.954,1775835063557.462,83.508,13.001,68.506,24.101,32937,5545,200.0,0,0,71.9
4048,mean_dynamic_mobilenetv2,stable,features_16,1775835063561.461,1775835063655.969,94.508,11.002,83.506,25.446,32937,5545,200.0,0,0,73.7
4049,mean_dynamic_mobilenetv2,stable,features_16,1775835063658.970,1775835063746.972,88.002,11.000,77.002,25.012,32937,5545,200.0,0,0,78.2
4050,mean_dynamic_mobilenetv2,stable,features_16,1775835063750.474,1775835063843.480,93.006,9.004,82.001,27.151,32937,5545,200.0,0,0,79.4
4051,mean_dynamic_mobilenetv2,stable,features_16,1775835063846.480,1775835063952.495,106.016,9.510,95.506,26.795,32937,5545,200.0,0,0,79.6
4052,mean_dynamic_mobilenetv2,stable,features_16,1775835063955.496,1775835064039.498,84.002,13.000,69.002,24.115,32937,5545,200.0,0,0,83.3
4053,mean_dynamic_mobilenetv2,stable,features_16,1775835064042.499,1775835064155.512,113.014,15.507,95.507,26.154,32937,5545,200.0,0,0,79.3
4054,mean_dynamic_mobilenetv2,stable,features_16,1775835064158.513,1775835064241.515,83.002,10.001,72.001,24.868,32937,5545,200.0,0,0,72.5
4055,mean_dynamic_mobilenetv2,stable,features_16,1775835064244.515,1775835064337.024,92.509,13.507,79.002,24.386,32937,5545,200.0,0,0,75.7
4056,mean_dynamic_mobilenetv2,stable,features_16,1775835064340.024,1775835064444.534,104.510,10.504,93.006,25.881,32937,5545,200.0,0,0,69.1
4057,mean_dynamic_mobilenetv2,stable,features_16,1775835064447.534,1775835064529.042,81.508,10.509,69.999,24.844,32937,5545,200.0,0,0,71.6
4058,mean_dynamic_mobilenetv2,stable,features_16,1775835064533.042,1775835064627.552,94.510,9.006,84.504,23.047,32937,5545,200.0,0,0,69.1
4059,mean_dynamic_mobilenetv2,stable,features_16,1775835064630.552,1775835064769.568,139.016,9.006,129.010,25.089,32937,5545,200.0,0,0,70.3
4060,mean_dynamic_mobilenetv2,stable,features_16,1775835064772.568,1775835065339.896,567.328,10.003,556.327,25.769,32937,5545,200.0,1,0,34.4
4061,mean_dynamic_mobilenetv2,stable,features_16,1775835065344.902,1775835065451.947,107.045,25.516,76.018,27.682,32937,5545,200.0,0,0,63.4
4062,mean_dynamic_mobilenetv2,stable,features_16,1775835065463.961,1775835065618.463,154.501,55.001,97.501,26.300,32937,5545,200.0,0,0,74.6
4063,mean_dynamic_mobilenetv2,stable,features_16,1775835065621.463,1775835065697.969,76.506,12.000,64.506,20.987,32937,5545,200.0,0,0,66.7
4064,mean_dynamic_mobilenetv2,stable,features_16,1775835065700.970,1775835065801.478,100.508,11.003,88.507,24.594,32937,5545,200.0,0,0,72.9
4065,mean_dynamic_mobilenetv2,stable,features_16,1775835065804.477,1775835065889.985,85.508,15.002,70.505,24.370,32937,5545,200.0,0,0,82.3
4066,mean_dynamic_mobilenetv2,stable,features_16,1775835065893.985,1775835065977.493,83.508,13.002,69.505,26.122,32937,5545,200.0,0,0,77.7
4067,mean_dynamic_mobilenetv2,stable,features_16,1775835065980.493,1775835066059.000,78.506,10.000,68.506,25.647,32937,5545,200.0,0,0,71.2
4068,mean_dynamic_mobilenetv2,stable,features_16,1775835066062.000,1775835066163.507,101.507,10.003,89.504,25.584,32937,5545,200.0,0,0,68.4
4069,mean_dynamic_mobilenetv2,stable,features_16,1775835066165.507,1775835066268.016,102.509,13.004,89.505,25.144,32937,5545,200.0,0,0,71.7
4070,mean_dynamic_mobilenetv2,stable,features_16,1775835066271.014,1775835066351.520,80.506,10.001,69.002,23.922,32937,5545,200.0,0,0,70.4
4071,mean_dynamic_mobilenetv2,stable,features_16,1775835066354.523,1775835066437.525,83.002,12.000,71.001,25.334,32937,5545,200.0,0,0,76.0
4072,mean_dynamic_mobilenetv2,stable,features_16,1775835066440.526,1775835066536.031,95.505,10.000,85.505,27.586,32937,5545,200.0,0,0,69.8
4073,mean_dynamic_mobilenetv2,stable,features_16,1775835066539.034,1775835066640.542,101.507,10.000,91.507,24.835,32937,5545,200.0,0,0,68.8
4074,mean_dynamic_mobilenetv2,stable,features_16,1775835066644.542,1775835066737.052,92.510,9.508,80.999,24.471,32937,5545,200.0,0,0,74.0
4075,mean_dynamic_mobilenetv2,stable,features_16,1775835066740.052,1775835066830.558,90.506,14.510,73.997,25.979,32937,5545,200.0,0,0,80.2
4076,mean_dynamic_mobilenetv2,stable,features_16,1775835066833.559,1775835066918.068,84.510,11.006,72.504,28.993,32937,5545,200.0,0,0,83.3
4077,mean_dynamic_mobilenetv2,stable,features_16,1775835066921.068,1775835066998.576,77.508,13.001,63.506,22.913,32937,5545,200.0,0,0,75.9
4078,mean_dynamic_mobilenetv2,stable,features_16,1775835067001.576,1775835067079.679,78.102,10.003,67.099,23.702,32937,5545,200.0,0,0,72.2
4079,mean_dynamic_mobilenetv2,stable,features_16,1775835067082.680,1775835067165.187,82.507,11.001,71.505,24.925,32937,5545,200.0,0,0,71.1
4080,mean_dynamic_mobilenetv2,stable,features_16,1775835067168.188,1775835067252.694,84.507,10.003,74.504,28.329,32937,5545,200.0,0,0,70.4
4081,mean_dynamic_mobilenetv2,stable,features_16,1775835067255.694,1775835067335.695,80.000,9.001,69.999,25.439,32937,5545,200.0,0,0,70.4
4082,mean_dynamic_mobilenetv2,stable,features_16,1775835067338.697,1775835067411.205,72.508,10.002,61.506,19.976,32937,5545,200.0,0,0,75.0
4083,mean_dynamic_mobilenetv2,stable,features_16,1775835067414.204,1775835067525.711,111.507,14.000,96.507,26.181,32937,5545,200.0,0,0,70.6
4084,mean_dynamic_mobilenetv2,stable,features_16,1775835067528.715,1775835067636.220,107.505,9.001,96.504,28.181,32937,5545,200.0,0,0,73.5
4085,mean_dynamic_mobilenetv2,stable,features_16,1775835067639.223,1775835067722.732,83.508,15.509,66.999,22.012,32937,5545,200.0,0,0,79.0
4086,mean_dynamic_mobilenetv2,stable,features_16,1775835067726.734,1775835067806.243,79.509,10.000,68.502,22.707,32937,5545,200.0,0,0,76.6
4087,mean_dynamic_mobilenetv2,stable,features_16,1775835067809.243,1775835067910.751,101.508,11.001,89.507,24.922,32937,5545,200.0,0,0,70.7
4088,mean_dynamic_mobilenetv2,stable,features_16,1775835067913.751,1775835067994.259,80.507,15.000,65.507,22.799,32937,5545,200.0,0,0,78.1
4089,mean_dynamic_mobilenetv2,stable,features_16,1775835067997.260,1775835068095.766,98.506,13.001,84.505,24.355,32937,5545,200.0,0,0,71.1
4090,mean_dynamic_mobilenetv2,stable,features_16,1775835068099.767,1775835068206.274,106.507,13.002,92.505,26.665,32937,5545,200.0,0,0,70.8
4091,mean_dynamic_mobilenetv2,stable,features_16,1775835068209.275,1775835068291.782,82.507,11.002,71.504,20.502,32937,5545,200.0,0,0,69.8
4092,mean_dynamic_mobilenetv2,stable,features_16,1775835068295.783,1775835068375.291,79.508,11.003,68.504,25.653,32937,5545,200.0,0,0,71.2
4093,mean_dynamic_mobilenetv2,stable,features_16,1775835068378.290,1775835068481.798,103.508,11.004,91.505,23.073,32937,5545,200.0,0,0,80.4
4094,mean_dynamic_mobilenetv2,stable,features_16,1775835068485.798,1775835068564.307,78.509,9.001,68.508,23.553,32937,5545,200.0,0,0,77.5
4095,mean_dynamic_mobilenetv2,stable,features_16,1775835068568.308,1775835068653.122,84.814,17.000,65.806,22.355,32937,5545,200.0,0,0,93.9
4096,mean_dynamic_mobilenetv2,stable,features_16,1775835068657.119,1775835068758.628,101.510,18.000,81.509,24.335,32937,5545,200.0,0,0,83.6
4097,mean_dynamic_mobilenetv2,stable,features_16,1775835068761.628,1775835068871.135,109.507,13.001,96.506,29.375,32937,5545,200.0,0,0,73.5
4098,mean_dynamic_mobilenetv2,stable,features_16,1775835068874.136,1775835068956.643,82.507,10.999,71.508,27.541,32937,5545,200.0,0,0,80.2
4099,mean_dynamic_mobilenetv2,stable,features_16,1775835068960.643,1775835069038.645,78.002,12.000,66.002,24.570,32937,5545,200.0,0,0,73.8
4100,mean_dynamic_mobilenetv2,stable,features_16,1775835069041.648,1775835069123.154,81.506,13.506,66.999,21.902,32937,5545,200.0,0,0,71.9
4101,mean_dynamic_mobilenetv2,stable,features_16,1775835069127.153,1775835069223.664,96.511,11.005,83.502,28.038,32937,5545,200.0,0,0,70.8
4102,mean_dynamic_mobilenetv2,stable,features_16,1775835069226.663,1775835069324.173,97.510,10.002,86.502,20.200,32937,5545,200.0,0,0,69.6
4103,mean_dynamic_mobilenetv2,stable,features_16,1775835069327.174,1775835069408.682,81.508,9.000,71.508,25.799,32937,5545,200.0,0,0,70.4
4104,mean_dynamic_mobilenetv2,stable,features_16,1775835069412.682,1775835069516.190,103.508,13.002,90.506,26.277,32937,5545,200.0,0,0,76.8
4105,mean_dynamic_mobilenetv2,stable,features_16,1775835069519.190,1775835069624.699,105.509,11.001,93.508,25.932,32937,5545,200.0,0,0,77.4
4106,mean_dynamic_mobilenetv2,stable,features_16,1775835069627.699,1775835069733.207,105.509,13.004,92.505,26.385,32937,5545,200.0,0,0,76.1
4107,mean_dynamic_mobilenetv2,stable,features_16,1775835069737.208,1775835069826.716,89.508,10.005,79.503,25.630,32937,5545,200.0,0,0,80.4
4108,mean_dynamic_mobilenetv2,stable,features_16,1775835069829.716,1775835069924.223,94.508,10.006,83.502,28.467,32937,5545,200.0,0,0,79.6
4109,mean_dynamic_mobilenetv2,stable,features_16,1775835069928.225,1775835070008.733,80.509,12.004,67.505,23.875,32937,5545,200.0,0,0,83.0
4110,mean_dynamic_mobilenetv2,stable,features_16,1775835070011.734,1775835070087.241,75.507,9.002,64.506,22.524,32937,5545,200.0,0,0,73.4
4111,mean_dynamic_mobilenetv2,stable,features_16,1775835070090.242,1775835070170.749,80.507,11.000,68.506,24.759,32937,5545,200.0,0,0,74.4
4112,mean_dynamic_mobilenetv2,stable,features_16,1775835070173.749,1775835070277.256,103.508,11.001,91.507,21.844,32937,5545,200.0,0,0,75.9
4113,mean_dynamic_mobilenetv2,stable,features_16,1775835070280.257,1775835070363.764,83.507,14.000,68.507,24.577,32937,5545,200.0,0,0,77.5
4114,mean_dynamic_mobilenetv2,stable,features_16,1775835070367.764,1775835070467.272,99.508,11.001,88.506,25.970,32937,5545,200.0,0,0,77.9
4115,mean_dynamic_mobilenetv2,stable,features_16,1775835070471.272,1775835070605.779,134.507,10.001,122.803,28.515,32937,5545,200.0,0,0,71.1
4116,mean_dynamic_mobilenetv2,stable,features_16,1775835070608.779,1775835070693.286,84.507,10.002,73.505,30.267,32937,5545,200.0,0,0,71.2
4117,mean_dynamic_mobilenetv2,stable,features_16,1775835070696.289,1775835070777.794,81.505,10.003,70.503,25.367,32937,5545,200.0,0,0,81.8
4118,mean_dynamic_mobilenetv2,stable,features_16,1775835070780.795,1775835070864.302,83.508,11.001,69.506,26.199,32937,5545,200.0,0,0,68.3
4119,mean_dynamic_mobilenetv2,stable,features_16,1775835070867.302,1775835070961.810,94.508,9.001,84.506,23.529,32937,5545,200.0,0,0,75.5
4120,mean_dynamic_mobilenetv2,stable,features_16,1775835070964.810,1775835071044.812,80.002,14.001,66.001,22.121,32937,5545,200.0,0,0,74.4
4121,mean_dynamic_mobilenetv2,stable,features_16,1775835071048.812,1775835071150.325,101.513,10.512,90.001,26.639,32937,5545,200.0,0,0,70.3
4122,mean_dynamic_mobilenetv2,stable,features_16,1775835071152.827,1775835071241.833,89.006,10.004,78.001,25.281,32937,5545,200.0,0,0,74.4
4123,mean_dynamic_mobilenetv2,stable,features_16,1775835071244.834,1775835071348.346,103.511,17.509,85.003,23.460,32937,5545,200.0,0,0,79.5
4124,mean_dynamic_mobilenetv2,stable,features_16,1775835071351.346,1775835071425.854,74.508,9.510,63.000,21.403,32937,5545,200.0,0,0,76.2
4125,mean_dynamic_mobilenetv2,stable,features_16,1775835071429.855,1775835071537.365,107.511,13.006,92.504,27.608,32937,5545,200.0,0,0,69.9
4126,mean_dynamic_mobilenetv2,stable,features_16,1775835071540.368,1775835071648.881,108.513,10.003,97.509,29.385,32937,5545,200.0,0,0,69.9
4127,mean_dynamic_mobilenetv2,stable,features_16,1775835071650.880,1775835071748.388,97.508,10.507,87.001,22.032,32937,5545,200.0,0,0,69.0
4128,mean_dynamic_mobilenetv2,stable,features_16,1775835071751.388,1775835071846.900,95.511,8.510,86.001,27.122,32937,5545,200.0,0,0,69.8
4129,mean_dynamic_mobilenetv2,stable,features_16,1775835071849.900,1775835071951.415,101.515,10.513,89.002,23.804,32937,5545,200.0,0,0,72.3
4130,mean_dynamic_mobilenetv2,stable,features_16,1775835071953.921,1775835072034.920,81.000,9.001,70.000,25.807,32937,5545,200.0,0,0,77.8
4131,mean_dynamic_mobilenetv2,stable,features_16,1775835072037.924,1775835072136.429,98.505,10.001,87.504,21.214,32937,5545,200.0,0,0,75.2
4132,mean_dynamic_mobilenetv2,stable,features_16,1775835072140.432,1775835072220.938,80.506,13.507,66.999,24.689,32937,5545,200.0,0,0,82.7
4133,mean_dynamic_mobilenetv2,stable,features_16,1775835072223.938,1775835072322.447,98.508,11.001,86.508,22.626,32937,5545,200.0,0,0,80.9
4134,mean_dynamic_mobilenetv2,stable,features_16,1775835072325.447,1775835072398.956,73.509,9.001,63.508,21.542,32937,5545,200.0,0,0,73.9
4135,mean_dynamic_mobilenetv2,stable,features_16,1775835072401.955,1775835072480.463,78.508,9.001,68.506,23.479,32937,5545,200.0,0,0,73.6
4136,mean_dynamic_mobilenetv2,stable,features_16,1775835072483.463,1775835072565.981,82.518,10.002,71.514,22.081,32937,5545,200.0,0,0,71.6
4137,mean_dynamic_mobilenetv2,stable,features_16,1775835072568.981,1775835072664.488,95.507,9.001,86.506,26.768,32937,5545,200.0,0,0,71.6
4138,mean_dynamic_mobilenetv2,stable,features_16,1775835072667.489,1775835072744.491,77.002,10.000,66.002,23.004,32937,5545,200.0,0,0,67.9
4139,mean_dynamic_mobilenetv2,stable,features_16,1775835072747.491,1775835072855.508,108.017,12.510,93.507,28.233,32937,5545,200.0,0,0,73.9
4140,mean_dynamic_mobilenetv2,stable,features_16,1775835072857.509,1775835072957.017,99.508,11.002,86.506,21.995,32937,5545,200.0,0,0,74.5
4141,mean_dynamic_mobilenetv2,stable,features_16,1775835072960.017,1775835073037.017,77.000,13.001,62.999,20.973,32937,5545,200.0,0,0,80.0
4142,mean_dynamic_mobilenetv2,stable,features_16,1775835073040.020,1775835073125.527,85.507,14.509,70.998,26.255,32937,5545,200.0,0,0,83.3
4143,mean_dynamic_mobilenetv2,stable,features_16,1775835073128.528,1775835073217.036,88.509,12.004,76.505,22.279,32937,5545,200.0,0,0,72.4
4144,mean_dynamic_mobilenetv2,stable,features_16,1775835073221.036,1775835073299.546,78.510,9.001,68.509,25.273,32937,5545,200.0,0,0,71.2
4145,mean_dynamic_mobilenetv2,stable,features_16,1775835073302.546,1775835073403.053,100.508,11.000,87.509,21.937,32937,5545,200.0,0,0,70.5
4146,mean_dynamic_mobilenetv2,stable,features_16,1775835073406.052,1775835073499.561,93.509,12.000,79.508,25.033,32937,5545,200.0,0,0,70.8
4147,mean_dynamic_mobilenetv2,stable,features_16,1775835073502.561,1775835073593.069,90.508,9.003,80.506,25.371,32937,5545,200.0,0,0,71.6
4148,mean_dynamic_mobilenetv2,stable,features_16,1775835073596.069,1775835073679.577,83.508,10.001,72.507,27.637,32937,5545,200.0,0,0,78.9
4149,mean_dynamic_mobilenetv2,stable,features_16,1775835073683.577,1775835073765.084,81.507,9.001,71.506,25.207,32937,5545,200.0,0,0,72.8
4150,mean_dynamic_mobilenetv2,stable,features_16,1775835073768.084,1775835073869.592,101.507,15.001,85.507,24.173,32937,5545,200.0,0,0,68.4
4151,mean_dynamic_mobilenetv2,stable,features_16,1775835073872.592,1775835073949.595,77.003,9.000,67.002,24.169,32937,5545,200.0,0,0,86.6
4152,mean_dynamic_mobilenetv2,stable,features_16,1775835073953.098,1775835074036.101,83.003,14.004,67.999,24.998,32937,5545,200.0,0,0,81.2
4153,mean_dynamic_mobilenetv2,stable,features_16,1775835074040.104,1775835074129.610,89.506,16.507,72.999,27.545,32937,5545,200.0,0,0,82.3
4154,mean_dynamic_mobilenetv2,stable,features_16,1775835074133.610,1775835074237.120,103.510,16.005,85.506,23.163,32937,5545,200.0,0,0,75.0
4155,mean_dynamic_mobilenetv2,stable,features_16,1775835074240.123,1775835074318.629,78.506,9.001,68.505,23.894,32937,5545,200.0,0,0,70.0
4156,mean_dynamic_mobilenetv2,stable,features_16,1775835074321.629,1775835074429.136,107.507,10.001,96.507,26.140,32937,5545,200.0,0,0,70.5
4157,mean_dynamic_mobilenetv2,stable,features_16,1775835074432.136,1775835074536.648,104.511,10.009,93.504,27.940,32937,5545,200.0,0,0,72.3
4158,mean_dynamic_mobilenetv2,stable,features_16,1775835074539.650,1775835074644.160,104.510,13.504,91.006,27.160,32937,5545,200.0,0,0,69.6
4159,mean_dynamic_mobilenetv2,stable,features_16,1775835074648.160,1775835074748.671,100.511,12.510,86.002,23.722,32937,5545,200.0,0,0,71.7
4160,mean_dynamic_mobilenetv2,stable,features_16,1775835074751.673,1775835074831.785,80.111,12.115,67.996,22.896,32937,5545,200.0,0,0,75.3
4161,mean_dynamic_mobilenetv2,stable,features_16,1775835074835.785,1775835074939.299,103.514,13.007,90.507,26.025,32937,5545,200.0,0,0,77.7
4162,mean_dynamic_mobilenetv2,stable,features_16,1775835074942.299,1775835075023.806,81.507,15.507,65.000,21.737,32937,5545,200.0,0,0,90.4
4163,mean_dynamic_mobilenetv2,stable,features_16,1775835075026.806,1775835075122.316,95.510,12.008,83.502,26.168,32937,5545,200.0,0,0,72.4
4164,mean_dynamic_mobilenetv2,stable,features_16,1775835075125.317,1775835075213.824,88.507,10.000,77.507,25.145,32937,5545,200.0,0,0,71.6
4165,mean_dynamic_mobilenetv2,stable,features_16,1775835075217.824,1775835075295.332,77.507,10.000,66.506,23.886,32937,5545,200.0,0,0,70.9
4166,mean_dynamic_mobilenetv2,stable,features_16,1775835075298.332,1775835075405.840,107.507,12.000,93.507,26.682,32937,5545,200.0,0,0,69.3
4167,mean_dynamic_mobilenetv2,stable,features_16,1775835075408.840,1775835075493.347,84.508,15.001,69.507,22.378,32937,5545,200.0,0,0,74.5
4168,mean_dynamic_mobilenetv2,stable,features_16,1775835075497.353,1775835075585.055,87.702,9.001,78.701,20.008,32937,5545,200.0,0,0,70.7
4169,mean_dynamic_mobilenetv2,stable,features_16,1775835075588.859,1775835075679.367,90.508,9.000,80.508,24.126,32937,5545,200.0,0,0,69.8
4170,mean_dynamic_mobilenetv2,stable,features_16,1775835075682.366,1775835075763.875,81.509,9.001,71.508,25.786,32937,5545,200.0,0,0,74.7
4171,mean_dynamic_mobilenetv2,stable,features_16,1775835075767.875,1775835075849.879,82.004,11.003,70.000,25.578,32937,5545,200.0,0,0,79.0
4172,mean_dynamic_mobilenetv2,stable,features_16,1775835075852.879,1775835075946.387,93.509,9.507,84.001,27.696,32937,5545,200.0,0,0,75.0
4173,mean_dynamic_mobilenetv2,stable,features_16,1775835075950.388,1775835076027.898,77.510,10.512,65.000,20.646,32937,5545,200.0,0,0,75.0
4174,mean_dynamic_mobilenetv2,stable,features_16,1775835076031.898,1775835076120.408,88.510,12.007,75.504,31.089,32937,5545,200.0,0,0,71.6
4175,mean_dynamic_mobilenetv2,stable,features_16,1775835076124.408,1775835076209.921,85.513,11.003,73.510,26.580,32937,5545,200.0,0,0,70.4
4176,mean_dynamic_mobilenetv2,stable,features_16,1775835076213.922,1775835076346.434,132.513,11.002,121.510,25.109,32937,5545,200.0,0,0,77.8
4177,mean_dynamic_mobilenetv2,stable,features_16,1775835076350.441,1775835076434.955,84.513,14.514,69.000,26.614,32937,5545,200.0,0,0,77.1
4178,mean_dynamic_mobilenetv2,stable,features_16,1775835076437.955,1775835076534.465,96.510,12.005,84.505,24.638,32937,5545,200.0,0,0,70.8
4179,mean_dynamic_mobilenetv2,stable,features_16,1775835076537.465,1775835076646.978,109.513,13.004,96.508,26.004,32937,5545,200.0,0,0,73.2
4180,mean_dynamic_mobilenetv2,stable,features_16,1775835076650.978,1775835076757.997,107.019,13.512,91.506,27.571,32937,5545,200.0,0,0,83.6
4181,mean_dynamic_mobilenetv2,stable,features_16,1775835076761.997,1775835076849.999,88.002,13.001,74.002,29.546,32937,5545,200.0,0,0,71.6
4182,mean_dynamic_mobilenetv2,stable,features_16,1775835076853.502,1775835076928.505,75.003,10.004,62.999,21.214,32937,5545,200.0,0,0,76.5
4183,mean_dynamic_mobilenetv2,stable,features_16,1775835076931.505,1775835077011.016,79.510,10.004,68.507,26.454,32937,5545,200.0,0,0,75.0
4184,mean_dynamic_mobilenetv2,stable,features_16,1775835077015.016,1775835077117.523,102.507,14.001,86.507,29.707,32937,5545,200.0,0,0,70.1
4185,mean_dynamic_mobilenetv2,stable,features_16,1775835077120.524,1775835077209.032,88.509,13.000,74.508,28.021,32937,5545,200.0,0,0,72.2
4186,mean_dynamic_mobilenetv2,stable,features_16,1775835077212.032,1775835077316.540,104.507,12.001,91.506,25.096,32937,5545,200.0,0,0,71.4
4187,mean_dynamic_mobilenetv2,stable,features_16,1775835077319.540,1775835077400.047,80.507,9.000,69.507,24.897,32937,5545,200.0,0,0,71.3
4188,mean_dynamic_mobilenetv2,stable,features_16,1775835077403.049,1775835077515.564,112.515,31.002,81.513,25.813,32937,5545,200.0,0,0,80.9
4189,mean_dynamic_mobilenetv2,stable,features_16,1775835077519.564,1775835077603.072,83.508,9.001,74.507,28.391,32937,5545,200.0,0,0,79.2
4190,mean_dynamic_mobilenetv2,stable,features_16,1775835077607.073,1775835077684.581,77.508,11.002,66.506,24.664,32937,5545,200.0,0,0,82.9
4191,mean_dynamic_mobilenetv2,stable,features_16,1775835077688.581,1775835077771.089,82.508,15.001,66.507,24.613,32937,5545,200.0,0,0,70.4
4192,mean_dynamic_mobilenetv2,stable,features_16,1775835077774.090,1775835077861.597,87.507,13.000,74.507,25.579,32937,5545,200.0,0,0,71.9
4193,mean_dynamic_mobilenetv2,stable,features_16,1775835077864.600,1775835077946.599,81.999,10.997,69.002,24.958,32937,5545,200.0,0,0,71.9
4194,mean_dynamic_mobilenetv2,stable,features_16,1775835077949.600,1775835078028.109,78.510,9.511,67.999,25.338,32937,5545,200.0,0,0,76.2
4195,mean_dynamic_mobilenetv2,stable,features_16,1775835078033.109,1775835078114.622,81.513,12.009,69.504,26.636,32937,5545,200.0,0,0,70.0
4196,mean_dynamic_mobilenetv2,stable,features_16,1775835078117.623,1775835078219.130,101.508,16.000,85.507,25.662,32937,5545,200.0,0,0,72.7
4197,mean_dynamic_mobilenetv2,stable,features_16,1775835078223.131,1775835078300.639,77.508,10.001,67.508,23.120,32937,5545,200.0,0,0,73.2
4198,mean_dynamic_mobilenetv2,stable,features_16,1775835078303.638,1775835078410.147,106.509,11.001,94.508,28.207,32937,5545,200.0,0,0,75.2
4199,mean_dynamic_mobilenetv2,stable,features_16,1775835078413.147,1775835078517.655,104.508,10.003,93.505,28.883,32937,5545,200.0,0,0,79.6
4200,mean_dynamic_mobilenetv2,stable,features_16,1775835078521.655,1775835078624.164,102.509,13.002,88.506,26.081,32937,5545,200.0,0,0,86.8
4201,mean_dynamic_mobilenetv2,stable,features_16,1775835078627.165,1775835078727.675,100.510,12.004,87.507,21.491,32937,5545,200.0,0,0,78.6
4202,mean_dynamic_mobilenetv2,stable,features_16,1775835078731.675,1775835078811.186,79.511,13.008,66.503,22.133,32937,5545,200.0,0,0,74.4
4203,mean_dynamic_mobilenetv2,stable,features_16,1775835078814.187,1775835078919.694,105.507,10.999,94.508,28.211,32937,5545,200.0,0,0,68.7
4204,mean_dynamic_mobilenetv2,stable,features_16,1775835078922.694,1775835078996.203,73.509,12.001,60.508,18.466,32937,5545,200.0,0,0,77.5
4205,mean_dynamic_mobilenetv2,stable,features_16,1775835078999.210,1775835079102.711,103.501,11.995,91.506,24.898,32937,5545,200.0,0,0,75.7
4206,mean_dynamic_mobilenetv2,stable,features_16,1775835079105.712,1775835079195.219,89.508,11.001,77.506,25.060,32937,5545,200.0,0,0,68.3
4207,mean_dynamic_mobilenetv2,stable,features_16,1775835079198.219,1775835079281.731,83.511,12.002,70.508,25.218,32937,5545,200.0,0,0,70.8
4208,mean_dynamic_mobilenetv2,stable,features_16,1775835079284.731,1775835079379.237,94.506,10.000,82.506,26.029,32937,5545,200.0,0,0,69.8
4209,mean_dynamic_mobilenetv2,stable,features_16,1775835079382.239,1775835079461.746,79.508,13.001,66.507,22.028,32937,5545,200.0,0,0,78.7
4210,mean_dynamic_mobilenetv2,stable,features_16,1775835079464.746,1775835079565.254,100.508,10.000,89.508,23.647,32937,5545,200.0,0,0,67.3
4211,mean_dynamic_mobilenetv2,stable,features_16,1775835079568.254,1775835079648.257,80.003,10.000,69.002,25.110,32937,5545,200.0,0,0,70.4
4212,mean_dynamic_mobilenetv2,stable,features_16,1775835079651.257,1775835079749.771,98.514,10.511,87.002,21.184,32937,5545,200.0,0,0,70.5
4213,mean_dynamic_mobilenetv2,stable,features_16,1775835079753.275,1775835079833.279,80.003,11.005,67.999,24.054,32937,5545,200.0,0,0,71.6
4214,mean_dynamic_mobilenetv2,stable,features_16,1775835079836.279,1775835079913.790,77.510,12.005,64.506,21.405,32937,5545,200.0,0,0,70.0
4215,mean_dynamic_mobilenetv2,stable,features_16,1775835079916.790,1775835079997.298,80.509,11.001,67.507,22.524,32937,5545,200.0,0,0,77.3
4216,mean_dynamic_mobilenetv2,stable,features_16,1775835080000.299,1775835080111.806,111.507,17.000,93.507,25.698,32937,5545,200.0,0,0,75.2
4217,mean_dynamic_mobilenetv2,stable,features_16,1775835080114.806,1775835080194.314,79.508,9.001,69.507,24.070,32937,5545,200.0,0,0,70.0
4218,mean_dynamic_mobilenetv2,stable,features_16,1775835080198.318,1775835080274.822,76.504,14.997,61.507,19.514,32937,5545,200.0,0,0,81.2
4219,mean_dynamic_mobilenetv2,stable,features_16,1775835080277.823,1775835080374.330,96.507,11.001,83.507,22.735,32937,5545,200.0,0,0,78.1
4220,mean_dynamic_mobilenetv2,stable,features_16,1775835080377.330,1775835080468.838,91.508,9.001,80.507,21.433,32937,5545,200.0,0,0,71.9
4221,mean_dynamic_mobilenetv2,stable,features_16,1775835080471.838,1775835080578.346,106.508,10.003,95.504,24.239,32937,5545,200.0,0,0,69.6
4222,mean_dynamic_mobilenetv2,stable,features_16,1775835080581.345,1775835080661.854,80.509,11.002,67.507,26.171,32937,5545,200.0,0,0,70.0
4223,mean_dynamic_mobilenetv2,stable,features_16,1775835080664.854,1775835080763.722,98.867,18.360,80.507,25.163,32937,5545,200.0,0,0,74.3
4224,mean_dynamic_mobilenetv2,stable,features_16,1775835080766.722,1775835080849.725,83.004,12.001,70.001,24.975,32937,5545,200.0,0,0,78.8
4225,mean_dynamic_mobilenetv2,stable,features_16,1775835080853.228,1775835080936.233,83.004,11.005,71.999,25.834,32937,5545,200.0,0,0,84.8
4226,mean_dynamic_mobilenetv2,stable,features_16,1775835080941.235,1775835081016.747,75.512,13.514,60.998,19.883,32937,5545,200.0,0,0,90.1
4227,mean_dynamic_mobilenetv2,stable,features_16,1775835081020.747,1775835081121.258,100.511,12.003,86.507,23.174,32937,5545,200.0,0,0,91.5
4228,mean_dynamic_mobilenetv2,stable,features_16,1775835081125.258,1775835081205.769,80.511,14.006,65.506,23.798,32937,5545,200.0,0,0,95.2
4229,mean_dynamic_mobilenetv2,stable,features_16,1775835081209.769,1775835081294.278,84.509,14.002,67.505,22.612,32937,5545,200.0,0,0,96.0
4230,mean_dynamic_mobilenetv2,stable,features_16,1775835081297.278,1775835081384.787,87.509,14.000,73.509,23.494,32937,5545,200.0,0,0,80.8
4231,mean_dynamic_mobilenetv2,stable,features_16,1775835081388.787,1775835081481.294,92.507,9.000,82.507,23.986,32937,5545,200.0,0,0,83.3
4232,mean_dynamic_mobilenetv2,stable,features_16,1775835081484.295,1775835081575.803,91.508,13.001,78.507,24.848,32937,5545,200.0,0,0,71.9
4233,mean_dynamic_mobilenetv2,stable,features_16,1775835081579.803,1775835081660.312,80.509,10.003,69.506,24.243,32937,5545,200.0,0,0,75.3
4234,mean_dynamic_mobilenetv2,stable,features_16,1775835081663.312,1775835081748.361,85.048,13.000,71.046,24.361,32937,5545,200.0,0,0,92.1
4235,mean_dynamic_mobilenetv2,stable,features_16,1775835081752.364,1775835081839.830,87.466,22.167,65.300,21.311,32937,5545,200.0,0,0,97.1
4236,mean_dynamic_mobilenetv2,stable,features_16,1775835081844.831,1775835081936.340,91.509,22.510,67.005,23.020,32937,5545,200.0,0,0,90.7
4237,mean_dynamic_mobilenetv2,stable,features_16,1775835081941.343,1775835082076.990,135.647,17.512,117.135,73.300,32937,5545,200.0,0,0,86.2
4238,mean_dynamic_mobilenetv2,stable,features_16,1775835082079.990,1775835082161.500,81.509,12.000,69.509,24.146,32937,5545,200.0,0,0,71.2
4239,mean_dynamic_mobilenetv2,stable,features_16,1775835082165.500,1775835082255.008,89.508,12.000,75.504,23.280,32937,5545,200.0,0,0,69.8
4240,mean_dynamic_mobilenetv2,stable,features_16,1775835082258.009,1775835082335.009,77.000,9.000,65.999,23.995,32937,5545,200.0,0,0,71.2
4241,mean_dynamic_mobilenetv2,stable,features_16,1775835082338.009,1775835082425.517,87.509,10.004,77.504,23.025,32937,5545,200.0,0,0,71.9
4242,mean_dynamic_mobilenetv2,stable,features_16,1775835082429.517,1775835082526.120,96.602,9.003,87.599,28.541,32937,5545,200.0,0,0,71.6
4243,mean_dynamic_mobilenetv2,stable,features_16,1775835082529.121,1775835082628.643,99.522,11.512,86.011,21.906,32937,5545,200.0,0,0,79.2
4244,mean_dynamic_mobilenetv2,stable,features_16,1775835082632.643,1775835082721.154,88.511,14.004,73.506,25.462,32937,5545,200.0,0,0,78.4
4245,mean_dynamic_mobilenetv2,stable,features_16,1775835082724.155,1775835082813.662,89.507,11.000,77.507,23.931,32937,5545,200.0,0,0,70.1
4246,mean_dynamic_mobilenetv2,stable,features_16,1775835082817.662,1775835082902.171,84.509,9.004,75.504,19.341,32937,5545,200.0,0,0,71.9
4247,mean_dynamic_mobilenetv2,stable,features_16,1775835082905.175,1775835082988.680,83.505,11.999,71.507,25.206,32937,5545,200.0,0,0,77.8
4248,mean_dynamic_mobilenetv2,stable,features_16,1775835082992.681,1775835083081.192,88.511,14.000,73.510,26.620,32937,5545,200.0,0,0,86.9
4249,mean_dynamic_mobilenetv2,stable,features_16,1775835083085.192,1775835083164.708,79.516,13.002,66.514,21.426,32937,5545,200.0,0,0,76.5
4250,mean_dynamic_mobilenetv2,stable,features_16,1775835083168.714,1775835083244.712,75.998,10.997,65.002,22.409,32937,5545,200.0,0,0,74.1
4251,mean_dynamic_mobilenetv2,stable,features_16,1775835083248.712,1775835083329.224,80.512,13.512,67.000,22.108,32937,5545,200.0,0,0,73.8
4252,mean_dynamic_mobilenetv2,stable,features_16,1775835083332.223,1775835083418.732,86.509,12.004,73.505,23.168,32937,5545,200.0,0,0,74.0
4253,mean_dynamic_mobilenetv2,stable,features_16,1775835083421.739,1775835083505.242,83.503,9.995,73.509,26.590,32937,5545,200.0,0,0,78.8
4254,mean_dynamic_mobilenetv2,stable,features_16,1775835083509.242,1775835083611.751,102.509,16.001,86.508,25.560,32937,5545,200.0,0,0,88.6
4255,mean_dynamic_mobilenetv2,stable,features_16,1775835083615.751,1775835083719.260,103.509,12.000,91.509,28.047,32937,5545,200.0,0,0,82.8
4256,mean_dynamic_mobilenetv2,stable,features_16,1775835083723.260,1775835083822.769,99.509,13.000,85.509,24.190,32937,5545,200.0,0,0,77.5
4257,mean_dynamic_mobilenetv2,stable,features_16,1775835083826.769,1775835083916.025,89.255,9.003,78.253,25.001,32937,5545,200.0,0,0,70.8
4258,mean_dynamic_mobilenetv2,stable,features_16,1775835083920.026,1775835084027.533,107.508,13.001,93.506,26.483,32937,5545,200.0,0,0,77.2
4259,mean_dynamic_mobilenetv2,stable,features_16,1775835084030.533,1775835084116.046,85.513,13.010,72.503,27.524,32937,5545,200.0,0,0,70.0
4260,mean_dynamic_mobilenetv2,stable,features_16,1775835084120.046,1775835084211.555,91.508,10.001,81.508,23.407,32937,5545,200.0,0,0,70.3
4261,mean_dynamic_mobilenetv2,stable,features_16,1775835084214.555,1775835084292.063,77.508,11.001,64.507,23.129,32937,5545,200.0,0,0,70.0
4262,mean_dynamic_mobilenetv2,stable,features_16,1775835084295.063,1775835084371.573,76.509,10.005,65.504,23.006,32937,5545,200.0,0,0,74.4
4263,mean_dynamic_mobilenetv2,stable,features_16,1775835084374.572,1775835084463.084,88.512,14.003,73.510,26.290,32937,5545,200.0,0,0,80.2
4264,mean_dynamic_mobilenetv2,stable,features_16,1775835084467.084,1775835084545.088,78.004,12.003,64.000,21.008,32937,5545,200.0,0,0,84.1
4265,mean_dynamic_mobilenetv2,stable,features_16,1775835084548.088,1775835084629.598,81.510,13.512,66.998,23.793,32937,5545,200.0,0,0,71.2
4266,mean_dynamic_mobilenetv2,stable,features_16,1775835084632.598,1775835084737.116,104.518,21.512,82.007,27.257,32937,5545,200.0,0,0,86.7
4267,mean_dynamic_mobilenetv2,stable,features_16,1775835084740.120,1775835084824.627,84.508,12.001,71.505,25.480,32937,5545,200.0,0,0,75.0
4268,mean_dynamic_mobilenetv2,stable,features_16,1775835084828.627,1775835084922.136,93.509,12.004,79.506,21.523,32937,5545,200.0,0,0,70.8
4269,mean_dynamic_mobilenetv2,stable,features_16,1775835084925.136,1775835085006.646,81.510,12.001,67.509,23.898,32937,5545,200.0,0,0,79.0
4270,mean_dynamic_mobilenetv2,stable,features_16,1775835085009.646,1775835085107.153,97.507,13.000,84.507,21.996,32937,5545,200.0,0,0,75.0
4271,mean_dynamic_mobilenetv2,stable,features_16,1775835085111.153,1775835085204.662,93.509,9.002,83.506,25.119,32937,5545,200.0,0,0,69.8
4272,mean_dynamic_mobilenetv2,stable,features_16,1775835085207.661,1775835085288.172,80.511,11.001,67.508,24.411,32937,5545,200.0,0,0,75.0
4273,mean_dynamic_mobilenetv2,stable,features_16,1775835085291.171,1775835085366.680,75.509,10.001,64.509,20.439,32937,5545,200.0,0,0,84.3
4274,mean_dynamic_mobilenetv2,stable,features_16,1775835085369.681,1775835085468.187,98.506,10.000,87.506,26.212,32937,5545,200.0,0,0,74.6
4275,mean_dynamic_mobilenetv2,stable,features_16,1775835085471.187,1775835085573.695,102.508,14.002,88.507,26.137,32937,5545,200.0,0,0,71.2
4276,mean_dynamic_mobilenetv2,stable,features_16,1775835085576.695,1775835085676.204,99.509,12.001,86.508,22.692,32937,5545,200.0,0,0,70.4
4277,mean_dynamic_mobilenetv2,stable,features_16,1775835085679.204,1775835085764.713,85.509,9.000,76.508,19.736,32937,5545,200.0,0,0,72.6
4278,mean_dynamic_mobilenetv2,stable,features_16,1775835085768.713,1775835085862.221,93.508,11.000,81.508,22.461,32937,5545,200.0,0,0,72.0
4279,mean_dynamic_mobilenetv2,stable,features_16,1775835085866.221,1775835085972.729,106.508,12.002,94.506,23.937,32937,5545,200.0,0,0,74.1
4280,mean_dynamic_mobilenetv2,stable,features_16,1775835085975.730,1775835086054.235,78.505,13.000,63.002,22.362,32937,5545,200.0,0,0,76.5
4281,mean_dynamic_mobilenetv2,stable,features_16,1775835086057.238,1775835086137.238,80.000,11.002,67.997,24.806,32937,5545,200.0,0,0,70.5
4282,mean_dynamic_mobilenetv2,stable,features_16,1775835086140.241,1775835086220.747,80.506,9.000,69.505,26.161,32937,5545,200.0,0,0,77.8
4283,mean_dynamic_mobilenetv2,stable,features_16,1775835086224.747,1775835086299.256,74.508,10.000,64.508,22.054,32937,5545,200.0,0,0,76.2
4284,mean_dynamic_mobilenetv2,stable,features_16,1775835086303.256,1775835086407.764,104.508,14.001,90.507,24.377,32937,5545,200.0,0,0,73.2
4285,mean_dynamic_mobilenetv2,stable,features_16,1775835086411.764,1775835086498.273,86.509,10.001,75.508,22.807,32937,5545,200.0,0,0,69.8
4286,mean_dynamic_mobilenetv2,stable,features_16,1775835086502.273,1775835086576.781,74.507,11.000,61.506,19.910,32937,5545,200.0,0,0,70.0
4287,mean_dynamic_mobilenetv2,stable,features_16,1775835086579.781,1775835086672.288,92.508,9.001,83.507,23.873,32937,5545,200.0,0,0,69.8
4288,mean_dynamic_mobilenetv2,stable,features_16,1775835086675.288,1775835086782.796,107.508,11.004,95.504,28.120,32937,5545,200.0,0,0,75.9
4289,mean_dynamic_mobilenetv2,stable,features_16,1775835086785.796,1775835086869.304,83.508,13.001,69.507,22.384,32937,5545,200.0,0,0,71.3
4290,mean_dynamic_mobilenetv2,stable,features_16,1775835086872.304,1775835086960.813,88.509,10.003,77.506,20.358,32937,5545,200.0,0,0,74.4
4291,mean_dynamic_mobilenetv2,stable,features_16,1775835086962.813,1775835087047.817,85.003,17.000,66.004,23.289,32937,5545,200.0,0,0,83.3
4292,mean_dynamic_mobilenetv2,stable,features_16,1775835087050.817,1775835087132.329,81.512,11.513,67.999,20.412,32937,5545,200.0,0,0,82.5
4293,mean_dynamic_mobilenetv2,stable,features_16,1775835087135.331,1775835087215.846,80.515,14.008,65.507,21.587,32937,5545,200.0,0,0,83.2
4294,mean_dynamic_mobilenetv2,stable,features_16,1775835087218.846,1775835087314.356,95.509,10.000,85.509,22.679,32937,5545,200.0,0,0,73.2
4295,mean_dynamic_mobilenetv2,stable,features_16,1775835087317.359,1775835087409.863,92.504,10.000,81.507,24.933,32937,5545,200.0,0,0,69.8
4296,mean_dynamic_mobilenetv2,stable,features_16,1775835087412.863,1775835087522.371,109.508,13.003,96.505,25.082,32937,5545,200.0,0,0,70.5
4297,mean_dynamic_mobilenetv2,stable,features_16,1775835087525.373,1775835087605.880,80.507,11.000,69.508,25.412,32937,5545,200.0,0,0,72.9
4298,mean_dynamic_mobilenetv2,stable,features_16,1775835087608.883,1775835087691.390,82.507,11.000,71.507,25.981,32937,5545,200.0,0,0,71.2
4299,mean_dynamic_mobilenetv2,stable,features_16,1775835087695.390,1775835087848.900,153.510,11.001,141.510,25.259,32937,5545,200.0,0,0,70.0
4300,mean_dynamic_mobilenetv2,stable,features_16,1775835087852.900,1775835087934.407,81.507,12.508,68.000,25.657,32937,5545,200.0,0,0,69.8
4301,mean_dynamic_mobilenetv2,stable,features_16,1775835087937.406,1775835088012.917,75.511,9.005,65.506,23.332,32937,5545,200.0,0,0,86.4
4302,mean_dynamic_mobilenetv2,stable,features_16,1775835088016.918,1775835088098.425,81.507,12.000,68.508,23.457,32937,5545,200.0,0,0,78.8
4303,mean_dynamic_mobilenetv2,stable,features_16,1775835088101.425,1775835088202.934,101.509,13.001,86.508,25.321,32937,5545,200.0,0,0,70.5
4304,mean_dynamic_mobilenetv2,stable,features_16,1775835088205.934,1775835088277.442,71.508,10.001,60.507,19.658,32937,5545,200.0,0,0,82.1
4305,mean_dynamic_mobilenetv2,stable,features_16,1775835088280.442,1775835088352.444,72.002,9.001,63.001,22.199,32937,5545,200.0,0,0,73.4
4306,mean_dynamic_mobilenetv2,stable,features_16,1775835088355.951,1775835088436.950,80.999,8.000,70.999,23.863,32937,5545,200.0,0,0,70.4
4307,mean_dynamic_mobilenetv2,stable,features_16,1775835088440.953,1775835088541.470,100.517,12.003,88.513,21.355,32937,5545,200.0,0,0,80.7
4308,mean_dynamic_mobilenetv2,stable,features_16,1775835088545.470,1775835088634.989,89.519,9.516,78.992,24.347,32937,5545,200.0,0,0,70.8
4309,mean_dynamic_mobilenetv2,stable,features_16,1775835088637.991,1775835088724.499,86.508,10.003,75.505,22.998,32937,5545,200.0,0,0,72.8
4310,mean_dynamic_mobilenetv2,stable,features_16,1775835088728.499,1775835088822.007,93.508,11.000,82.508,26.249,32937,5545,200.0,0,0,71.4
4311,mean_dynamic_mobilenetv2,stable,features_16,1775835088825.007,1775835088929.516,104.509,12.000,91.508,25.806,32937,5545,200.0,0,0,78.4
4312,mean_dynamic_mobilenetv2,stable,features_16,1775835088933.516,1775835089021.027,87.511,20.004,67.508,23.835,32937,5545,200.0,0,0,86.5
4313,mean_dynamic_mobilenetv2,stable,features_16,1775835089025.028,1775835089098.538,73.511,11.002,60.508,19.625,32937,5545,200.0,0,0,75.0
4314,mean_dynamic_mobilenetv2,stable,features_16,1775835089101.539,1775835089180.047,78.507,13.003,65.504,21.773,32937,5545,200.0,0,0,72.8
4315,mean_dynamic_mobilenetv2,stable,features_16,1775835089183.048,1775835089261.556,78.508,10.999,66.509,24.832,32937,5545,200.0,0,0,68.3
4316,mean_dynamic_mobilenetv2,stable,features_16,1775835089264.556,1775835089363.064,98.508,10.002,87.505,24.235,32937,5545,200.0,0,0,68.4
4317,mean_dynamic_mobilenetv2,stable,features_16,1775835089366.064,1775835089468.572,102.508,10.000,91.508,22.842,32937,5545,200.0,0,0,70.5
4318,mean_dynamic_mobilenetv2,stable,features_16,1775835089471.573,1775835089561.081,89.508,10.001,79.507,22.432,32937,5545,200.0,0,0,69.8
4319,mean_dynamic_mobilenetv2,stable,features_16,1775835089564.081,1775835089648.084,84.003,10.001,74.002,19.611,32937,5545,200.0,0,0,78.2
4320,mean_dynamic_mobilenetv2,stable,features_16,1775835089652.084,1775835089745.597,93.513,9.511,82.002,23.138,32937,5545,200.0,0,0,83.3
4321,mean_dynamic_mobilenetv2,stable,features_16,1775835089748.598,1775835089832.106,83.508,13.509,68.999,24.665,32937,5545,200.0,0,0,77.5
4322,mean_dynamic_mobilenetv2,stable,features_16,1775835089836.107,1775835089933.619,97.512,12.011,84.503,23.869,32937,5545,200.0,0,0,74.1
4323,mean_dynamic_mobilenetv2,stable,features_16,1775835089936.619,1775835090015.129,78.510,14.005,64.505,20.346,32937,5545,200.0,0,0,80.2
4324,mean_dynamic_mobilenetv2,stable,features_16,1775835090018.131,1775835090120.640,102.509,14.999,86.510,26.593,32937,5545,200.0,0,0,70.3
4325,mean_dynamic_mobilenetv2,stable,features_16,1775835090124.640,1775835090204.148,79.508,10.001,69.507,24.132,32937,5545,200.0,0,0,70.0
4326,mean_dynamic_mobilenetv2,stable,features_16,1775835090207.148,1775835090310.655,103.507,10.001,91.505,24.417,32937,5545,200.0,0,0,70.8
4327,mean_dynamic_mobilenetv2,stable,features_16,1775835090313.655,1775835090418.163,104.509,12.004,90.505,25.480,32937,5545,200.0,0,0,70.3
4328,mean_dynamic_mobilenetv2,stable,features_16,1775835090422.164,1775835090502.670,80.507,13.002,67.505,22.488,32937,5545,200.0,0,0,72.8
4329,mean_dynamic_mobilenetv2,stable,features_16,1775835090505.670,1775835090596.179,90.508,9.003,81.506,20.668,32937,5545,200.0,0,0,69.8
4330,mean_dynamic_mobilenetv2,stable,features_16,1775835090600.179,1775835090695.688,95.510,10.001,84.508,26.207,32937,5545,200.0,0,0,80.9
4331,mean_dynamic_mobilenetv2,stable,features_16,1775835090698.691,1775835090778.197,79.506,13.998,65.508,24.512,32937,5545,200.0,0,0,83.1
4332,mean_dynamic_mobilenetv2,stable,features_16,1775835090781.197,1775835090880.705,99.508,16.001,82.507,25.114,32937,5545,200.0,0,0,71.9
4333,mean_dynamic_mobilenetv2,stable,features_16,1775835090883.705,1775835090964.214,80.509,10.002,70.506,25.543,32937,5545,200.0,0,0,74.0
4334,mean_dynamic_mobilenetv2,stable,features_16,1775835090968.214,1775835091052.216,84.002,11.001,71.001,26.139,32937,5545,200.0,0,0,76.2
4335,mean_dynamic_mobilenetv2,stable,features_16,1775835091054.719,1775835091161.230,106.511,13.004,93.507,24.805,32937,5545,200.0,0,0,69.6
4336,mean_dynamic_mobilenetv2,stable,features_16,1775835091164.231,1775835091239.231,75.000,9.000,63.999,19.637,32937,5545,200.0,0,0,71.2
4337,mean_dynamic_mobilenetv2,stable,features_16,1775835091242.233,1775835091317.740,75.507,10.001,65.506,22.988,32937,5545,200.0,0,0,70.0
4338,mean_dynamic_mobilenetv2,stable,features_16,1775835091321.740,1775835091424.248,102.508,10.001,92.507,23.958,32937,5545,200.0,0,0,69.6
4339,mean_dynamic_mobilenetv2,stable,features_16,1775835091427.248,1775835091507.760,80.511,12.003,67.502,23.898,32937,5545,200.0,0,0,70.0
4340,mean_dynamic_mobilenetv2,stable,features_16,1775835091510.760,1775835091608.269,97.509,10.001,87.508,22.722,32937,5545,200.0,0,0,77.7
4341,mean_dynamic_mobilenetv2,stable,features_16,1775835091612.268,1775835091689.778,77.509,11.001,64.508,22.022,32937,5545,200.0,0,0,82.7
4342,mean_dynamic_mobilenetv2,stable,features_16,1775835091693.778,1775835091773.286,79.508,15.001,64.506,23.486,32937,5545,200.0,0,0,70.5
4343,mean_dynamic_mobilenetv2,stable,features_16,1775835091777.286,1775835091871.795,94.508,10.000,84.508,21.800,32937,5545,200.0,0,0,74.3
4344,mean_dynamic_mobilenetv2,stable,features_16,1775835091874.795,1775835091971.303,96.509,11.003,85.506,28.478,32937,5545,200.0,0,0,83.3
4345,mean_dynamic_mobilenetv2,stable,features_16,1775835091975.304,1775835092054.810,79.506,10.001,68.506,26.614,32937,5545,200.0,0,0,84.9
4346,mean_dynamic_mobilenetv2,stable,features_16,1775835092058.814,1775835092132.813,73.999,9.000,63.000,22.300,32937,5545,200.0,0,0,70.1
4347,mean_dynamic_mobilenetv2,stable,features_16,1775835092135.814,1775835092230.323,94.509,10.004,84.505,24.802,32937,5545,200.0,0,0,69.6
4348,mean_dynamic_mobilenetv2,stable,features_16,1775835092234.323,1775835092342.836,108.512,11.006,95.506,27.236,32937,5545,200.0,0,0,71.2
4349,mean_dynamic_mobilenetv2,stable,features_16,1775835092345.838,1775835092425.347,79.509,12.511,65.998,23.951,32937,5545,200.0,0,0,76.5
4350,mean_dynamic_mobilenetv2,stable,features_16,1775835092428.347,1775835092503.856,75.509,11.001,64.509,22.371,32937,5545,200.0,0,0,75.3
4351,mean_dynamic_mobilenetv2,stable,features_16,1775835092506.857,1775835092590.380,83.523,10.000,73.523,28.427,32937,5545,200.0,0,0,72.9
4352,mean_dynamic_mobilenetv2,stable,features_16,1775835092593.381,1775835092684.888,91.507,10.001,80.506,26.223,32937,5545,200.0,0,0,70.8
4353,mean_dynamic_mobilenetv2,stable,features_16,1775835092687.889,1775835092775.398,87.509,10.002,77.507,25.527,32937,5545,200.0,0,0,72.2
4354,mean_dynamic_mobilenetv2,stable,features_16,1775835092779.400,1775835092857.905,78.505,11.998,66.507,24.038,32937,5545,200.0,0,0,70.9
4355,mean_dynamic_mobilenetv2,stable,features_16,1775835092861.905,1775835092964.414,102.508,14.000,87.508,24.298,32937,5545,200.0,0,0,71.9
4356,mean_dynamic_mobilenetv2,stable,features_16,1775835092968.414,1775835093070.922,102.508,13.002,88.505,26.425,32937,5545,200.0,0,0,78.0
4357,mean_dynamic_mobilenetv2,stable,features_16,1775835093073.925,1775835093160.439,86.514,10.998,74.516,21.336,32937,5545,200.0,0,0,84.9
4358,mean_dynamic_mobilenetv2,stable,features_16,1775835093163.439,1775835093254.943,91.504,10.001,81.502,24.223,32937,5545,200.0,0,0,71.9
4359,mean_dynamic_mobilenetv2,stable,features_16,1775835093258.947,1775835093355.452,96.505,10.000,86.505,27.369,32937,5545,200.0,0,0,75.7
4360,mean_dynamic_mobilenetv2,stable,features_16,1775835093358.455,1775835093437.455,79.000,11.003,66.997,23.899,32937,5545,200.0,0,0,76.5
4361,mean_dynamic_mobilenetv2,stable,features_16,1775835093441.459,1775835093551.968,110.509,15.508,95.001,22.873,32937,5545,200.0,0,0,71.4
4362,mean_dynamic_mobilenetv2,stable,features_16,1775835093555.472,1775835093631.476,76.003,10.004,64.999,21.818,32937,5545,200.0,0,0,71.2
4363,mean_dynamic_mobilenetv2,stable,features_16,1775835093634.476,1775835093717.988,83.512,12.006,69.506,22.301,32937,5545,200.0,0,0,71.6
4364,mean_dynamic_mobilenetv2,stable,features_16,1775835093721.990,1775835093803.496,81.506,11.000,69.505,22.944,32937,5545,200.0,0,0,70.4
4365,mean_dynamic_mobilenetv2,stable,features_16,1775835093806.496,1775835093885.003,78.507,10.003,68.504,23.018,32937,5545,200.0,0,0,70.5
4366,mean_dynamic_mobilenetv2,stable,features_16,1775835093888.003,1775835093965.512,77.508,9.000,66.508,21.490,32937,5545,200.0,0,0,76.5
4367,mean_dynamic_mobilenetv2,stable,features_16,1775835093969.512,1775835094045.515,76.002,9.002,66.001,22.120,32937,5545,200.0,0,0,78.8
4368,mean_dynamic_mobilenetv2,stable,features_16,1775835094049.515,1775835094140.024,90.510,12.512,77.997,19.703,32937,5545,200.0,0,0,69.8
4369,mean_dynamic_mobilenetv2,stable,features_16,1775835094144.028,1775835094234.533,90.505,9.002,80.504,21.358,32937,5545,200.0,0,0,76.0
4370,mean_dynamic_mobilenetv2,stable,features_16,1775835094237.534,1775835094324.044,86.510,15.003,70.507,25.437,32937,5545,200.0,0,0,81.2
4371,mean_dynamic_mobilenetv2,stable,features_16,1775835094328.045,1775835094420.556,92.511,14.005,76.505,20.096,32937,5545,200.0,0,0,70.8
4372,mean_dynamic_mobilenetv2,stable,features_16,1775835094423.556,1775835094498.063,74.507,14.000,60.507,19.306,32937,5545,200.0,0,0,70.0
4373,mean_dynamic_mobilenetv2,stable,features_16,1775835094501.063,1775835094581.571,80.508,8.001,71.506,24.576,32937,5545,200.0,0,0,72.5
4374,mean_dynamic_mobilenetv2,stable,features_16,1775835094584.572,1775835094662.080,77.508,10.004,65.506,21.449,32937,5545,200.0,0,0,71.2
4375,mean_dynamic_mobilenetv2,stable,features_16,1775835094665.080,1775835094740.080,75.000,14.002,60.998,19.685,32937,5545,200.0,0,0,71.2
4376,mean_dynamic_mobilenetv2,stable,features_16,1775835094743.083,1775835094815.588,72.506,10.001,60.504,19.982,32937,5545,200.0,0,0,75.0
4377,mean_dynamic_mobilenetv2,stable,features_16,1775835094818.589,1775835094898.098,79.509,14.002,65.507,23.039,32937,5545,200.0,0,0,80.5
4378,mean_dynamic_mobilenetv2,stable,features_16,1775835094901.101,1775835094978.606,77.505,9.998,65.508,23.749,32937,5545,200.0,0,0,82.3
4379,mean_dynamic_mobilenetv2,stable,features_16,1775835094981.606,1775835095058.115,76.509,9.000,67.508,20.982,32937,5545,200.0,0,0,77.8
4380,mean_dynamic_mobilenetv2,stable,features_16,1775835095062.116,1775835095145.120,83.004,10.002,71.999,25.245,32937,5545,200.0,0,0,81.0
4381,mean_dynamic_mobilenetv2,stable,features_16,1775835095148.118,1775835095227.625,79.507,10.509,67.999,23.327,32937,5545,200.0,0,0,82.5
4382,mean_dynamic_mobilenetv2,stable,features_16,1775835095231.626,1775835095314.133,82.507,10.004,70.504,26.629,32937,5545,200.0,0,0,73.4
4383,mean_dynamic_mobilenetv2,stable,features_16,1775835095317.134,1775835095415.641,98.508,10.001,87.507,23.692,32937,5545,200.0,0,0,70.8
4384,mean_dynamic_mobilenetv2,stable,features_16,1775835095419.643,1775835095511.150,91.507,11.999,79.508,24.364,32937,5545,200.0,0,0,73.7
4385,mean_dynamic_mobilenetv2,stable,features_16,1775835095514.150,1775835095619.658,105.508,10.001,95.507,24.409,32937,5545,200.0,0,0,69.3
4386,mean_dynamic_mobilenetv2,stable,features_16,1775835095622.658,1775835095710.167,87.508,15.001,71.508,26.063,32937,5545,200.0,0,0,70.0
4387,mean_dynamic_mobilenetv2,stable,features_16,1775835095713.167,1775835095787.675,74.508,11.002,63.506,19.319,32937,5545,200.0,0,0,70.0
4388,mean_dynamic_mobilenetv2,stable,features_16,1775835095790.675,1775835095865.182,74.508,10.001,64.507,22.719,32937,5545,200.0,0,0,71.2
4389,mean_dynamic_mobilenetv2,stable,features_16,1775835095868.184,1775835095963.691,95.508,9.999,83.508,27.784,32937,5545,200.0,0,0,71.4
4390,mean_dynamic_mobilenetv2,stable,features_16,1775835095967.691,1775835096061.201,93.510,17.001,73.508,23.996,32937,5545,200.0,0,0,85.4
4391,mean_dynamic_mobilenetv2,stable,features_16,1775835096065.202,1775835096150.204,85.002,14.000,70.002,24.626,32937,5545,200.0,0,0,82.3
4392,mean_dynamic_mobilenetv2,stable,features_16,1775835096153.204,1775835096251.716,98.512,11.511,87.001,21.150,32937,5545,200.0,0,0,74.0
4393,mean_dynamic_mobilenetv2,stable,features_16,1775835096255.219,1775835096336.222,81.003,10.004,70.999,23.174,32937,5545,200.0,0,0,75.0
4394,mean_dynamic_mobilenetv2,stable,features_16,1775835096339.222,1775835096440.733,101.510,10.007,90.501,21.500,32937,5545,200.0,0,0,68.0
4395,mean_dynamic_mobilenetv2,stable,features_16,1775835096443.734,1775835096536.240,92.506,9.000,82.505,26.415,32937,5545,200.0,0,0,71.1
4396,mean_dynamic_mobilenetv2,stable,features_16,1775835096539.240,1775835096614.751,75.511,9.010,66.501,24.235,32937,5545,200.0,0,0,70.0
4397,mean_dynamic_mobilenetv2,stable,features_16,1775835096617.751,1775835096696.260,78.509,11.000,66.508,24.017,32937,5545,200.0,0,0,73.7
4398,mean_dynamic_mobilenetv2,stable,features_16,1775835096699.260,1775835096775.769,76.508,13.001,63.507,19.629,32937,5545,200.0,0,0,69.1
4399,mean_dynamic_mobilenetv2,stable,features_16,1775835096779.770,1775835096863.279,83.509,13.001,70.508,24.666,32937,5545,200.0,0,0,72.8
4400,mean_dynamic_mobilenetv2,stable,features_16,1775835096867.278,1775835096956.790,89.511,17.001,70.506,24.190,32937,5545,200.0,0,0,82.3
4401,mean_dynamic_mobilenetv2,stable,features_16,1775835096959.790,1775835097041.792,82.002,17.001,62.999,20.039,32937,5545,200.0,0,0,90.6
4402,mean_dynamic_mobilenetv2,stable,features_16,1775835097045.794,1775835097129.299,83.505,12.507,70.998,27.498,32937,5545,200.0,0,0,72.8
4403,mean_dynamic_mobilenetv2,stable,features_16,1775835097133.299,1775835097209.816,76.517,11.007,65.510,18.598,32937,5545,200.0,0,0,71.2
4404,mean_dynamic_mobilenetv2,stable,features_16,1775835097213.817,1775835097316.324,102.507,10.001,91.506,24.209,32937,5545,200.0,0,0,70.8
4405,mean_dynamic_mobilenetv2,stable,features_16,1775835097319.325,1775835097420.832,101.507,14.000,86.507,23.633,32937,5545,200.0,0,0,70.5
4406,mean_dynamic_mobilenetv2,stable,features_16,1775835097423.833,1775835097499.340,75.507,9.002,66.505,23.260,32937,5545,200.0,0,0,70.0
4407,mean_dynamic_mobilenetv2,stable,features_16,1775835097502.341,1775835097594.848,92.508,10.001,81.507,25.081,32937,5545,200.0,0,0,74.0
4408,mean_dynamic_mobilenetv2,stable,features_16,1775835097597.849,1775835097704.357,106.508,11.001,95.507,24.843,32937,5545,200.0,0,0,74.6
4409,mean_dynamic_mobilenetv2,stable,features_16,1775835097707.357,1775835097785.867,78.510,10.001,68.509,24.362,32937,5545,200.0,0,0,80.2
4410,mean_dynamic_mobilenetv2,stable,features_16,1775835097789.865,1775835097878.374,88.509,16.001,72.507,29.010,32937,5545,200.0,0,0,82.5
4411,mean_dynamic_mobilenetv2,stable,features_16,1775835097882.375,1775835097969.884,87.509,11.001,75.508,22.112,32937,5545,200.0,0,0,82.7
4412,mean_dynamic_mobilenetv2,stable,features_16,1775835097974.884,1775835098064.395,89.511,14.002,73.511,27.361,32937,5545,200.0,0,0,89.8
4413,mean_dynamic_mobilenetv2,stable,features_16,1775835098067.399,1775835098152.399,85.000,9.999,74.001,23.391,32937,5545,200.0,0,0,78.4
4414,mean_dynamic_mobilenetv2,stable,features_16,1775835098155.401,1775835098232.910,77.509,10.004,66.999,21.275,32937,5545,200.0,0,0,84.1
4415,mean_dynamic_mobilenetv2,stable,features_16,1775835098235.912,1775835098313.420,77.508,11.004,65.505,22.940,32937,5545,200.0,0,0,69.5
4416,mean_dynamic_mobilenetv2,stable,features_16,1775835098316.421,1775835098392.929,76.508,10.002,66.507,23.174,32937,5545,200.0,0,0,71.2
4417,mean_dynamic_mobilenetv2,stable,features_16,1775835098395.929,1775835098502.437,106.508,11.003,94.505,26.510,32937,5545,200.0,0,0,75.9
4418,mean_dynamic_mobilenetv2,stable,features_16,1775835098505.437,1775835098590.946,85.509,12.005,71.506,24.629,32937,5545,200.0,0,0,79.6
4419,mean_dynamic_mobilenetv2,stable,features_16,1775835098593.946,1775835098671.454,77.507,12.000,65.507,22.954,32937,5545,200.0,0,0,80.2
4420,mean_dynamic_mobilenetv2,stable,features_16,1775835098675.454,1775835098752.457,77.003,10.004,66.002,21.536,32937,5545,200.0,0,0,86.4
4421,mean_dynamic_mobilenetv2,stable,features_16,1775835098755.960,1775835098842.967,87.007,11.005,76.001,29.007,32937,5545,200.0,0,0,83.3
4422,mean_dynamic_mobilenetv2,stable,features_16,1775835098846.967,1775835098944.478,97.511,15.509,82.002,22.032,32937,5545,200.0,0,0,71.9
4423,mean_dynamic_mobilenetv2,stable,features_16,1775835098947.483,1775835099024.994,77.511,10.512,66.000,24.302,32937,5545,200.0,0,0,76.3
4424,mean_dynamic_mobilenetv2,stable,features_16,1775835099028.994,1775835099128.503,99.509,14.004,84.505,21.561,32937,5545,200.0,0,0,74.0
4425,mean_dynamic_mobilenetv2,stable,features_16,1775835099132.503,1775835099215.012,82.509,9.005,72.504,25.422,32937,5545,200.0,0,0,72.6
4426,mean_dynamic_mobilenetv2,stable,features_16,1775835099218.012,1775835099343.523,125.510,13.000,111.510,66.478,32937,5545,200.0,0,0,70.1
4427,mean_dynamic_mobilenetv2,stable,features_16,1775835099346.525,1775835099419.034,72.509,9.506,63.003,19.931,32937,5545,200.0,0,0,70.9
4428,mean_dynamic_mobilenetv2,stable,features_16,1775835099422.035,1775835099518.543,96.508,10.001,86.508,19.021,32937,5545,200.0,0,0,69.7
4429,mean_dynamic_mobilenetv2,stable,features_16,1775835099521.543,1775835099596.051,74.508,9.000,64.508,22.865,32937,5545,200.0,0,0,73.8
4430,mean_dynamic_mobilenetv2,stable,features_16,1775835099599.052,1775835099673.560,74.508,9.002,65.506,24.290,32937,5545,200.0,0,0,76.2
4431,mean_dynamic_mobilenetv2,stable,features_16,1775835099676.560,1775835099769.069,92.509,9.000,82.509,23.489,32937,5545,200.0,0,0,72.9
4432,mean_dynamic_mobilenetv2,stable,features_16,1775835099773.068,1775835099880.575,107.508,10.001,96.507,24.980,32937,5545,200.0,0,0,71.4
4433,mean_dynamic_mobilenetv2,stable,features_16,1775835099883.576,1775835099968.085,84.509,18.001,64.508,23.510,32937,5545,200.0,0,0,70.8
4434,mean_dynamic_mobilenetv2,stable,features_16,1775835099971.084,1775835100052.087,81.003,12.002,67.999,22.767,32937,5545,200.0,0,0,84.0
4435,mean_dynamic_mobilenetv2,stable,features_16,1775835100055.590,1775835100136.593,81.003,12.006,67.998,23.819,32937,5545,200.0,0,0,73.8
4436,mean_dynamic_mobilenetv2,stable,features_16,1775835100139.595,1775835100219.106,79.511,11.008,67.503,23.548,32937,5545,200.0,0,0,70.0
4437,mean_dynamic_mobilenetv2,stable,features_16,1775835100222.107,1775835100298.614,76.507,10.001,66.506,23.332,32937,5545,200.0,0,0,70.4
4438,mean_dynamic_mobilenetv2,stable,features_16,1775835100301.615,1775835100385.122,83.508,10.000,72.508,20.360,32937,5545,200.0,0,0,70.8
4439,mean_dynamic_mobilenetv2,stable,features_16,1775835100388.123,1775835100470.631,82.509,9.001,70.507,25.366,32937,5545,200.0,0,0,75.0
4440,mean_dynamic_mobilenetv2,stable,features_16,1775835100473.631,1775835100578.139,104.508,13.001,91.507,24.670,32937,5545,200.0,0,0,71.8
4441,mean_dynamic_mobilenetv2,stable,features_16,1775835100581.139,1775835100662.647,81.508,11.002,69.506,18.949,32937,5545,200.0,0,0,73.2
4442,mean_dynamic_mobilenetv2,stable,features_16,1775835100665.647,1775835100747.650,82.003,13.002,68.001,23.492,32937,5545,200.0,0,0,77.3
4443,mean_dynamic_mobilenetv2,stable,features_16,1775835100750.650,1775835100841.162,90.511,9.510,81.001,23.761,32937,5545,200.0,0,0,76.3
4444,mean_dynamic_mobilenetv2,stable,features_16,1775835100844.162,1775835100930.671,86.509,9.001,75.507,21.036,32937,5545,200.0,0,0,77.2
4445,mean_dynamic_mobilenetv2,stable,features_16,1775835100933.673,1775835101009.179,75.506,10.001,63.505,18.417,32937,5545,200.0,0,0,73.8
4446,mean_dynamic_mobilenetv2,stable,features_16,1775835101012.180,1775835101093.687,81.507,13.000,66.507,21.444,32937,5545,200.0,0,0,77.5
4447,mean_dynamic_mobilenetv2,stable,features_16,1775835101096.688,1775835101194.195,97.508,13.001,84.507,23.970,32937,5545,200.0,0,0,69.8
4448,mean_dynamic_mobilenetv2,stable,features_16,1775835101197.195,1775835101275.704,78.508,9.001,67.507,23.365,32937,5545,200.0,0,0,71.6
4449,mean_dynamic_mobilenetv2,stable,features_16,1775835101278.704,1775835101360.212,81.507,11.000,69.507,24.719,32937,5545,200.0,0,0,78.0
4450,mean_dynamic_mobilenetv2,stable,features_16,1775835101363.212,1775835101444.215,81.003,10.003,71.000,24.459,32937,5545,200.0,0,0,81.2
4451,mean_dynamic_mobilenetv2,stable,features_16,1775835101448.215,1775835101527.722,79.507,13.508,65.999,23.561,32937,5545,200.0,0,0,74.0
4452,mean_dynamic_mobilenetv2,stable,features_16,1775835101531.723,1775835101609.232,77.509,10.004,67.505,22.482,32937,5545,200.0,0,0,70.0
4453,mean_dynamic_mobilenetv2,stable,features_16,1775835101612.231,1775835101714.740,102.509,10.001,90.507,24.889,32937,5545,200.0,0,0,69.3
4454,mean_dynamic_mobilenetv2,stable,features_16,1775835101718.740,1775835101827.255,108.516,13.003,94.513,30.828,32937,5545,200.0,0,0,88.7
4455,mean_dynamic_mobilenetv2,stable,features_16,1775835101830.255,1775835101904.767,74.511,10.001,64.510,22.986,32937,5545,200.0,0,0,72.5
4456,mean_dynamic_mobilenetv2,stable,features_16,1775835101907.766,1775835102003.275,95.508,13.001,81.507,19.873,32937,5545,200.0,0,0,74.5
4457,mean_dynamic_mobilenetv2,stable,features_16,1775835102006.275,1775835102085.782,79.507,9.000,70.507,26.496,32937,5545,200.0,0,0,76.5
4458,mean_dynamic_mobilenetv2,stable,features_16,1775835102088.784,1775835102192.291,103.507,11.999,90.508,23.665,32937,5545,200.0,0,0,74.1
4459,mean_dynamic_mobilenetv2,stable,features_16,1775835102196.292,1775835102271.800,75.508,13.000,61.508,19.689,32937,5545,200.0,0,0,78.8
4460,mean_dynamic_mobilenetv2,stable,features_16,1775835102274.800,1775835102351.802,77.002,10.000,66.002,24.726,32937,5545,200.0,0,0,80.2
4461,mean_dynamic_mobilenetv2,stable,features_16,1775835102355.803,1775835102454.313,98.510,15.509,83.001,24.146,32937,5545,200.0,0,0,71.8
4462,mean_dynamic_mobilenetv2,stable,features_16,1775835102457.819,1775835102547.328,89.509,10.000,78.509,23.130,32937,5545,200.0,0,0,69.8
4463,mean_dynamic_mobilenetv2,stable,features_16,1775835102550.329,1775835102628.346,78.017,9.019,68.999,22.429,32937,5545,200.0,0,0,70.0
4464,mean_dynamic_mobilenetv2,stable,features_16,1775835102631.346,1775835102738.855,107.509,10.004,96.504,25.259,32937,5545,200.0,0,0,69.6
4465,mean_dynamic_mobilenetv2,stable,features_16,1775835102741.858,1775835102815.364,73.506,10.001,63.505,21.925,32937,5545,200.0,0,0,74.1
4466,mean_dynamic_mobilenetv2,stable,features_16,1775835102818.365,1775835102908.871,90.507,10.000,79.507,23.673,32937,5545,200.0,0,0,69.8
4467,mean_dynamic_mobilenetv2,stable,features_16,1775835102911.878,1775835103006.381,94.502,10.994,81.509,24.240,32937,5545,200.0,0,0,76.0
4468,mean_dynamic_mobilenetv2,stable,features_16,1775835103009.381,1775835103111.889,102.508,13.001,87.507,24.677,32937,5545,200.0,0,0,76.8
4469,mean_dynamic_mobilenetv2,stable,features_16,1775835103114.889,1775835103193.416,78.528,14.001,63.527,22.441,32937,5545,200.0,0,0,76.5
4470,mean_dynamic_mobilenetv2,stable,features_16,1775835103196.417,1775835103270.925,74.509,11.002,63.506,22.422,32937,5545,200.0,0,0,77.5
4471,mean_dynamic_mobilenetv2,stable,features_16,1775835103274.925,1775835103378.435,103.510,15.001,87.508,25.101,32937,5545,200.0,0,0,71.4
4472,mean_dynamic_mobilenetv2,stable,features_16,1775835103381.436,1775835103457.942,76.506,9.999,66.507,22.545,32937,5545,200.0,0,0,70.0
4473,mean_dynamic_mobilenetv2,stable,features_16,1775835103461.942,1775835103560.451,98.508,10.001,87.508,24.094,32937,5545,200.0,0,0,69.9
4474,mean_dynamic_mobilenetv2,stable,features_16,1775835103563.451,1775835103655.956,92.505,11.000,80.002,24.148,32937,5545,200.0,0,0,72.2
4475,mean_dynamic_mobilenetv2,stable,features_16,1775835103658.959,1775835103765.467,106.508,12.001,93.507,25.148,32937,5545,200.0,0,0,71.7
4476,mean_dynamic_mobilenetv2,stable,features_16,1775835103768.468,1775835103846.470,78.002,11.000,66.002,19.222,32937,5545,200.0,0,0,82.9
4477,mean_dynamic_mobilenetv2,stable,features_16,1775835103849.471,1775835103951.982,102.510,11.509,91.001,24.997,32937,5545,200.0,0,0,72.3
4478,mean_dynamic_mobilenetv2,stable,features_16,1775835103954.982,1775835104033.488,78.506,11.508,65.999,20.571,32937,5545,200.0,0,0,86.4
4479,mean_dynamic_mobilenetv2,stable,features_16,1775835104037.489,1775835104120.000,82.511,15.006,67.505,23.517,32937,5545,200.0,0,0,78.1
4480,mean_dynamic_mobilenetv2,stable,features_16,1775835104123.005,1775835104204.509,81.504,12.996,68.508,23.080,32937,5545,200.0,0,0,74.1
4481,mean_dynamic_mobilenetv2,stable,features_16,1775835104207.509,1775835104313.019,105.510,12.003,91.506,25.573,32937,5545,200.0,0,0,70.9
4482,mean_dynamic_mobilenetv2,stable,features_16,1775835104316.019,1775835104397.528,81.508,11.000,68.506,24.486,32937,5545,200.0,0,0,69.5
4483,mean_dynamic_mobilenetv2,stable,features_16,1775835104400.527,1775835104494.033,93.507,9.000,84.507,25.156,32937,5545,200.0,0,0,71.4
4484,mean_dynamic_mobilenetv2,stable,features_16,1775835104497.033,1775835104600.542,103.508,12.001,89.507,23.600,32937,5545,200.0,0,0,69.8
4485,mean_dynamic_mobilenetv2,stable,features_16,1775835104603.542,1775835104699.050,95.508,10.004,84.503,26.348,32937,5545,200.0,0,0,73.0
4486,mean_dynamic_mobilenetv2,stable,features_16,1775835104702.050,1775835104781.558,79.508,11.003,67.505,23.993,32937,5545,200.0,0,0,69.5
4487,mean_dynamic_mobilenetv2,stable,features_16,1775835104785.558,1775835104882.451,96.893,9.001,86.893,22.698,32937,5545,200.0,0,0,76.0
4488,mean_dynamic_mobilenetv2,stable,features_16,1775835104885.452,1775835104975.959,90.508,10.000,78.509,22.843,32937,5545,200.0,0,0,76.0
4489,mean_dynamic_mobilenetv2,stable,features_16,1775835104979.961,1775835105117.468,137.507,13.999,123.508,21.680,32937,5545,200.0,0,0,82.8
4490,mean_dynamic_mobilenetv2,stable,features_16,1775835105120.468,1775835105200.977,80.509,10.001,69.508,24.602,32937,5545,200.0,0,0,80.2
4491,mean_dynamic_mobilenetv2,stable,features_16,1775835105204.978,1775835105283.485,78.507,12.001,66.506,23.986,32937,5545,200.0,0,0,70.0
4492,mean_dynamic_mobilenetv2,stable,features_16,1775835105286.485,1775835105377.993,91.508,11.000,79.508,22.306,32937,5545,200.0,0,0,71.9
4493,mean_dynamic_mobilenetv2,stable,features_16,1775835105380.994,1775835105455.997,75.003,10.001,64.001,22.732,32937,5545,200.0,0,0,73.8
4494,mean_dynamic_mobilenetv2,stable,features_16,1775835105458.262,1775835105547.265,89.003,9.001,78.002,23.226,32937,5545,200.0,0,0,69.8
4495,mean_dynamic_mobilenetv2,stable,features_16,1775835105550.266,1775835105626.774,76.508,8.508,65.999,21.527,32937,5545,200.0,0,0,73.8
4496,mean_dynamic_mobilenetv2,stable,features_16,1775835105630.773,1775835105715.283,84.509,12.005,72.504,25.684,32937,5545,200.0,0,0,70.8
4497,mean_dynamic_mobilenetv2,stable,features_16,1775835105718.283,1775835105811.791,93.508,9.002,84.506,22.446,32937,5545,200.0,0,0,70.8
4498,mean_dynamic_mobilenetv2,stable,features_16,1775835105814.791,1775835105889.299,74.508,11.002,61.506,19.298,32937,5545,200.0,0,0,74.1
4499,mean_dynamic_mobilenetv2,stable,features_16,1775835105892.299,1775835105978.809,86.510,13.001,71.509,24.668,32937,5545,200.0,0,0,82.3
4500,mean_dynamic_mobilenetv2,stable,features_16,1775835105982.809,1775835106067.317,84.508,16.000,68.508,23.058,32937,5545,200.0,0,0,84.1
4501,mean_dynamic_mobilenetv2,stable,features_16,1775835106071.317,1775835106166.825,95.509,12.006,82.503,24.294,32937,5545,200.0,0,0,71.8
4502,mean_dynamic_mobilenetv2,stable,features_16,1775835106169.825,1775835106257.334,87.508,9.003,77.502,22.606,32937,5545,200.0,0,0,69.9
4503,mean_dynamic_mobilenetv2,stable,features_16,1775835106260.334,1775835106354.336,94.002,11.003,82.999,25.429,32937,5545,200.0,0,0,71.2
4504,mean_dynamic_mobilenetv2,stable,features_16,1775835106357.466,1775835106437.466,80.000,10.001,67.999,24.158,32937,5545,200.0,0,0,81.5
4505,mean_dynamic_mobilenetv2,stable,features_16,1775835106440.466,1775835106514.979,74.512,11.007,62.505,21.585,32937,5545,200.0,0,0,82.9
4506,mean_dynamic_mobilenetv2,stable,features_16,1775835106517.979,1775835106597.488,79.509,13.001,65.507,24.994,32937,5545,200.0,0,0,84.0
4507,mean_dynamic_mobilenetv2,stable,features_16,1775835106601.488,1775835106695.996,94.508,11.000,82.507,25.993,32937,5545,200.0,0,0,71.8
4508,mean_dynamic_mobilenetv2,stable,features_16,1775835106698.997,1775835106805.504,106.507,10.000,95.507,25.171,32937,5545,200.0,0,0,76.4
4509,mean_dynamic_mobilenetv2,stable,features_16,1775835106808.505,1775835106910.014,101.509,15.000,84.509,21.501,32937,5545,200.0,0,0,83.0
4510,mean_dynamic_mobilenetv2,stable,features_16,1775835106913.013,1775835106996.523,83.510,14.004,69.506,23.762,32937,5545,200.0,0,0,78.4
4511,mean_dynamic_mobilenetv2,stable,features_16,1775835107000.524,1775835107079.031,78.508,12.000,65.508,22.452,32937,5545,200.0,0,0,77.8
4512,mean_dynamic_mobilenetv2,stable,features_16,1775835107082.033,1775835107174.540,92.506,12.999,78.507,25.182,32937,5545,200.0,0,0,70.8
4513,mean_dynamic_mobilenetv2,stable,features_16,1775835107177.539,1775835107268.048,90.508,10.002,79.506,25.146,32937,5545,200.0,0,0,69.8
4514,mean_dynamic_mobilenetv2,stable,features_16,1775835107271.048,1775835107375.556,104.508,10.003,93.505,24.537,32937,5545,200.0,0,0,69.6
4515,mean_dynamic_mobilenetv2,stable,features_16,1775835107378.557,1775835107456.559,78.001,12.002,65.000,21.786,32937,5545,200.0,0,0,73.8
4516,mean_dynamic_mobilenetv2,stable,features_16,1775835107459.065,1775835107562.573,103.507,11.000,91.507,23.638,32937,5545,200.0,0,0,71.4
4517,mean_dynamic_mobilenetv2,stable,features_16,1775835107566.573,1775835107648.575,82.002,11.001,71.002,26.133,32937,5545,200.0,0,0,73.9
4518,mean_dynamic_mobilenetv2,stable,features_16,1775835107652.576,1775835107732.087,79.511,9.514,68.997,21.564,32937,5545,200.0,0,0,75.3
4519,mean_dynamic_mobilenetv2,stable,features_16,1775835107735.089,1775835107825.601,90.512,10.005,79.506,23.614,32937,5545,200.0,0,0,73.5
4520,mean_dynamic_mobilenetv2,stable,features_16,1775835107828.602,1775835107903.110,74.509,10.000,63.508,21.423,32937,5545,200.0,0,0,78.8
4521,mean_dynamic_mobilenetv2,stable,features_16,1775835107906.110,1775835107986.618,80.508,9.000,69.507,24.586,32937,5545,200.0,0,0,77.2
4522,mean_dynamic_mobilenetv2,stable,features_16,1775835107989.619,1775835108070.127,80.508,10.000,69.508,25.360,32937,5545,200.0,0,0,79.0
4523,mean_dynamic_mobilenetv2,stable,features_16,1775835108073.127,1775835108165.635,92.508,10.001,81.507,22.708,32937,5545,200.0,0,0,70.3
4524,mean_dynamic_mobilenetv2,stable,features_16,1775835108168.635,1775835108243.639,75.004,12.003,62.001,19.829,32937,5545,200.0,0,0,73.5
4525,mean_dynamic_mobilenetv2,stable,features_16,1775835108246.639,1775835108338.146,91.507,10.001,81.003,26.383,32937,5545,200.0,0,0,69.8
4526,mean_dynamic_mobilenetv2,stable,features_16,1775835108342.149,1775835108443.659,101.510,13.001,88.509,25.059,32937,5545,200.0,0,0,72.9
4527,mean_dynamic_mobilenetv2,stable,features_16,1775835108446.659,1775835108550.174,103.515,10.508,93.007,24.484,32937,5545,200.0,0,0,73.5
4528,mean_dynamic_mobilenetv2,stable,features_16,1775835108553.176,1775835108639.684,86.508,15.510,70.998,24.206,32937,5545,200.0,0,0,76.0
4529,mean_dynamic_mobilenetv2,stable,features_16,1775835108642.690,1775835108722.194,79.503,10.998,68.505,21.710,32937,5545,200.0,0,0,76.2
4530,mean_dynamic_mobilenetv2,stable,features_16,1775835108725.194,1775835108806.703,81.509,12.003,67.505,24.923,32937,5545,200.0,0,0,72.9
4531,mean_dynamic_mobilenetv2,stable,features_16,1775835108809.702,1775835108896.210,86.508,14.000,72.508,24.871,32937,5545,200.0,0,0,72.5
4532,mean_dynamic_mobilenetv2,stable,features_16,1775835108899.212,1775835108981.719,82.506,12.001,70.505,23.448,32937,5545,200.0,0,0,71.9
4533,mean_dynamic_mobilenetv2,stable,features_16,1775835108985.719,1775835109058.228,72.509,10.002,62.508,19.965,32937,5545,200.0,0,0,75.0
4534,mean_dynamic_mobilenetv2,stable,features_16,1775835109061.229,1775835109153.230,92.002,9.000,82.002,24.569,32937,5545,200.0,0,0,77.9
4535,mean_dynamic_mobilenetv2,stable,features_16,1775835109156.734,1775835109236.737,80.003,9.006,69.997,26.413,32937,5545,200.0,0,0,76.5
4536,mean_dynamic_mobilenetv2,stable,features_16,1775835109239.737,1775835109319.247,79.510,10.005,68.504,24.686,32937,5545,200.0,0,0,70.0
4537,mean_dynamic_mobilenetv2,stable,features_16,1775835109322.248,1775835109398.756,76.508,10.001,64.507,24.065,32937,5545,200.0,0,0,72.5
4538,mean_dynamic_mobilenetv2,stable,features_16,1775835109401.756,1775835109483.958,82.202,13.001,69.201,23.145,32937,5545,200.0,0,0,79.4
4539,mean_dynamic_mobilenetv2,stable,features_16,1775835109487.958,1775835109568.470,80.512,11.000,68.508,23.253,32937,5545,200.0,0,0,70.7
4540,mean_dynamic_mobilenetv2,stable,features_16,1775835109571.469,1775835109653.468,81.999,10.001,71.998,26.910,32937,5545,200.0,0,0,72.3
4541,mean_dynamic_mobilenetv2,stable,features_16,1775835109656.972,1775835109754.979,98.006,11.006,87.000,24.243,32937,5545,200.0,0,0,70.0
4542,mean_dynamic_mobilenetv2,stable,features_16,1775835109758.484,1775835109838.484,80.000,10.001,69.999,25.613,32937,5545,200.0,0,0,71.6
4543,mean_dynamic_mobilenetv2,stable,features_16,1775835109842.487,1775835109938.992,96.506,10.002,85.504,22.521,32937,5545,200.0,0,0,69.1
4544,mean_dynamic_mobilenetv2,stable,features_16,1775835109941.992,1775835110023.503,81.510,9.004,70.508,20.103,32937,5545,200.0,0,0,91.4
4545,mean_dynamic_mobilenetv2,stable,features_16,1775835110027.502,1775835110119.018,91.516,20.011,69.506,24.801,32937,5545,200.0,0,0,73.9
4546,mean_dynamic_mobilenetv2,stable,features_16,1775835110122.019,1775835110221.527,99.508,11.002,87.506,25.481,32937,5545,200.0,0,0,70.1
4547,mean_dynamic_mobilenetv2,stable,features_16,1775835110225.527,1775835110302.035,76.508,12.001,64.507,21.251,32937,5545,200.0,0,0,75.0
4548,mean_dynamic_mobilenetv2,stable,features_16,1775835110306.043,1775835110403.545,97.502,9.995,86.507,22.824,32937,5545,200.0,0,0,76.8
4549,mean_dynamic_mobilenetv2,stable,features_16,1775835110406.545,1775835110488.052,81.507,11.000,68.506,23.156,32937,5545,200.0,0,0,71.2
4550,mean_dynamic_mobilenetv2,stable,features_16,1775835110491.054,1775835110588.560,97.506,10.001,87.505,20.798,32937,5545,200.0,0,0,76.1
4551,mean_dynamic_mobilenetv2,stable,features_16,1775835110591.561,1775835110682.068,90.507,9.000,81.507,24.471,32937,5545,200.0,0,0,73.7
4552,mean_dynamic_mobilenetv2,stable,features_16,1775835110685.068,1775835110761.577,76.509,10.001,65.509,23.887,32937,5545,200.0,0,0,72.0
4553,mean_dynamic_mobilenetv2,stable,features_16,1775835110765.578,1775835110901.085,135.507,9.000,126.507,24.377,32937,5545,200.0,0,0,70.3
4554,mean_dynamic_mobilenetv2,stable,features_16,1775835110904.085,1775835110982.593,78.508,10.002,68.507,23.424,32937,5545,200.0,0,0,75.9
4555,mean_dynamic_mobilenetv2,stable,features_16,1775835110986.594,1775835111065.102,78.509,12.003,66.506,22.394,32937,5545,200.0,0,0,81.7
4556,mean_dynamic_mobilenetv2,stable,features_16,1775835111069.102,1775835111165.610,96.508,9.001,86.507,23.785,32937,5545,200.0,0,0,73.5
4557,mean_dynamic_mobilenetv2,stable,features_16,1775835111169.611,1775835111274.118,104.507,16.000,86.507,23.923,32937,5545,200.0,0,0,79.8
4558,mean_dynamic_mobilenetv2,stable,features_16,1775835111277.119,1775835111354.121,77.002,12.000,62.002,20.448,32937,5545,200.0,0,0,78.3
4559,mean_dynamic_mobilenetv2,stable,features_16,1775835111357.624,1775835111461.135,103.511,12.004,89.506,25.487,32937,5545,200.0,0,0,77.1
4560,mean_dynamic_mobilenetv2,stable,features_16,1775835111464.136,1775835111545.138,81.002,11.002,70.000,24.698,32937,5545,200.0,0,0,73.7
4561,mean_dynamic_mobilenetv2,stable,features_16,1775835111548.138,1775835111653.648,105.510,8.504,95.001,33.306,32937,5545,200.0,0,0,70.3
4562,mean_dynamic_mobilenetv2,stable,features_16,1775835111657.150,1775835111732.153,75.003,11.004,62.999,21.755,32937,5545,200.0,0,0,69.1
4563,mean_dynamic_mobilenetv2,stable,features_16,1775835111735.154,1775835111818.665,83.511,11.009,72.503,26.706,32937,5545,200.0,0,0,69.1
4564,mean_dynamic_mobilenetv2,stable,features_16,1775835111821.666,1775835111902.173,80.507,9.000,70.506,24.487,32937,5545,200.0,0,0,69.8
4565,mean_dynamic_mobilenetv2,stable,features_16,1775835111905.173,1775835112002.680,97.507,12.001,83.506,20.350,32937,5545,200.0,0,0,75.0
4566,mean_dynamic_mobilenetv2,stable,features_16,1775835112005.682,1775835112086.190,80.508,13.999,66.509,23.291,32937,5545,200.0,0,0,77.3
4567,mean_dynamic_mobilenetv2,stable,features_16,1775835112089.190,1775835112196.697,107.507,11.000,95.504,27.664,32937,5545,200.0,0,0,70.9
4568,mean_dynamic_mobilenetv2,stable,features_16,1775835112199.698,1775835112301.205,101.508,11.001,90.507,26.119,32937,5545,200.0,0,0,68.7
4569,mean_dynamic_mobilenetv2,stable,features_16,1775835112305.205,1775835112387.714,82.509,9.003,71.506,20.182,32937,5545,200.0,0,0,69.8
4570,mean_dynamic_mobilenetv2,stable,features_16,1775835112390.715,1775835112486.222,95.507,15.000,80.506,24.949,32937,5545,200.0,0,0,72.2
4571,mean_dynamic_mobilenetv2,stable,features_16,1775835112489.222,1775835112579.745,90.523,11.001,77.521,24.566,32937,5545,200.0,0,0,70.8
4572,mean_dynamic_mobilenetv2,stable,features_16,1775835112582.745,1775835112662.252,79.507,10.001,68.506,24.906,32937,5545,200.0,0,0,70.4
4573,mean_dynamic_mobilenetv2,stable,features_16,1775835112666.252,1775835112747.255,81.002,12.000,67.002,24.074,32937,5545,200.0,0,0,79.2
4574,mean_dynamic_mobilenetv2,stable,features_16,1775835112750.258,1775835112838.767,88.509,9.512,77.999,21.008,32937,5545,200.0,0,0,77.3
4575,mean_dynamic_mobilenetv2,stable,features_16,1775835112842.770,1775835112932.274,89.505,9.002,80.503,24.527,32937,5545,200.0,0,0,72.6
4576,mean_dynamic_mobilenetv2,stable,features_16,1775835112935.275,1775835113009.784,74.509,10.004,63.505,22.539,32937,5545,200.0,0,0,85.4
4577,mean_dynamic_mobilenetv2,stable,features_16,1775835113012.785,1775835113093.293,80.508,13.003,65.506,21.178,32937,5545,200.0,0,0,81.5
4578,mean_dynamic_mobilenetv2,stable,features_16,1775835113096.293,1775835113182.803,86.509,15.000,70.509,23.674,32937,5545,200.0,0,0,76.0
4579,mean_dynamic_mobilenetv2,stable,features_16,1775835113185.802,1775835113284.311,98.508,11.003,84.506,20.978,32937,5545,200.0,0,0,71.9
4580,mean_dynamic_mobilenetv2,stable,features_16,1775835113287.311,1775835113365.820,78.509,11.000,66.509,22.377,32937,5545,200.0,0,0,73.1
4581,mean_dynamic_mobilenetv2,stable,features_16,1775835113368.820,1775835113450.822,82.002,10.002,71.000,23.870,32937,5545,200.0,0,0,68.4
4582,mean_dynamic_mobilenetv2,stable,features_16,1775835113453.822,1775835113551.335,97.513,8.510,87.002,23.727,32937,5545,200.0,0,0,69.8
4583,mean_dynamic_mobilenetv2,stable,features_16,1775835113554.335,1775835113658.353,104.017,14.511,89.506,22.926,32937,5545,200.0,0,0,70.5
4584,mean_dynamic_mobilenetv2,stable,features_16,1775835113661.352,1775835113753.355,92.003,10.001,81.002,22.362,32937,5545,200.0,0,0,69.8
4585,mean_dynamic_mobilenetv2,stable,features_16,1775835113755.355,1775835113840.862,85.507,11.510,72.999,24.582,32937,5545,200.0,0,0,70.8
4586,mean_dynamic_mobilenetv2,stable,features_16,1775835113844.865,1775835113926.371,81.506,9.001,71.505,27.062,32937,5545,200.0,0,0,72.5
4587,mean_dynamic_mobilenetv2,stable,features_16,1775835113929.371,1775835114012.880,83.509,16.004,65.505,23.713,32937,5545,200.0,0,0,85.7
4588,mean_dynamic_mobilenetv2,stable,features_16,1775835114015.880,1775835114094.391,78.510,13.002,64.509,23.050,32937,5545,200.0,0,0,80.5
4589,mean_dynamic_mobilenetv2,stable,features_16,1775835114097.391,1775835114170.902,73.511,9.001,63.508,22.098,32937,5545,200.0,0,0,70.0
4590,mean_dynamic_mobilenetv2,stable,features_16,1775835114174.901,1775835114264.408,89.507,11.000,77.507,24.412,32937,5545,200.0,0,0,69.8
4591,mean_dynamic_mobilenetv2,stable,features_16,1775835114267.408,1775835114364.915,97.508,9.001,88.506,30.984,32937,5545,200.0,0,0,73.2
4592,mean_dynamic_mobilenetv2,stable,features_16,1775835114367.916,1775835114453.918,86.002,16.001,70.001,24.219,32937,5545,200.0,0,0,71.6
4593,mean_dynamic_mobilenetv2,stable,features_16,1775835114455.918,1775835114557.930,102.012,13.507,87.002,21.322,32937,5545,200.0,0,0,71.7
4594,mean_dynamic_mobilenetv2,stable,features_16,1775835114561.933,1775835114650.935,89.002,12.000,77.001,23.714,32937,5545,200.0,0,0,70.5
4595,mean_dynamic_mobilenetv2,stable,features_16,1775835114653.938,1775835114746.453,92.515,10.513,81.002,24.679,32937,5545,200.0,0,0,70.1
4596,mean_dynamic_mobilenetv2,stable,features_16,1775835114749.453,1775835114828.961,79.508,11.508,67.000,21.718,32937,5545,200.0,0,0,82.7
4597,mean_dynamic_mobilenetv2,stable,features_16,1775835114831.962,1775835114915.471,83.510,17.004,65.506,22.395,32937,5545,200.0,0,0,72.9
4598,mean_dynamic_mobilenetv2,stable,features_16,1775835114918.472,1775835114998.536,80.064,11.001,68.064,23.217,32937,5545,200.0,0,0,76.2
4599,mean_dynamic_mobilenetv2,stable,features_16,1775835115001.536,1775835115082.043,80.507,13.001,65.506,22.009,32937,5545,200.0,0,0,76.2
4600,mean_dynamic_mobilenetv2,stable,features_16,1775835115085.044,1775835115164.553,79.509,9.000,69.509,22.925,32937,5545,200.0,0,0,73.7
4601,mean_dynamic_mobilenetv2,stable,features_16,1775835115168.553,1775835115264.062,95.508,12.003,82.505,18.884,32937,5545,200.0,0,0,70.1
4602,mean_dynamic_mobilenetv2,stable,features_16,1775835115268.062,1775835115358.570,90.509,13.001,75.504,22.239,32937,5545,200.0,0,0,74.0
4603,mean_dynamic_mobilenetv2,stable,features_16,1775835115361.570,1775835115450.572,89.002,9.001,80.001,21.019,32937,5545,200.0,0,0,69.8
4604,mean_dynamic_mobilenetv2,stable,features_16,1775835115454.572,1775835115548.085,93.513,8.512,84.002,25.356,32937,5545,200.0,0,0,70.8
4605,mean_dynamic_mobilenetv2,stable,features_16,1775835115551.085,1775835115653.596,102.510,10.510,92.001,23.564,32937,5545,200.0,0,0,71.8
4606,mean_dynamic_mobilenetv2,stable,features_16,1775835115657.596,1775835115737.105,79.509,9.510,69.998,24.413,32937,5545,200.0,0,0,78.3
4607,mean_dynamic_mobilenetv2,stable,features_16,1775835115740.106,1775835115825.616,85.510,16.003,67.507,23.261,32937,5545,200.0,0,0,82.7
4608,mean_dynamic_mobilenetv2,stable,features_16,1775835115828.616,1775835115931.125,102.509,18.004,83.505,24.076,32937,5545,200.0,0,0,71.4
4609,mean_dynamic_mobilenetv2,stable,features_16,1775835115935.126,1775835116015.638,80.512,9.004,71.509,23.830,32937,5545,200.0,0,0,80.0
4610,mean_dynamic_mobilenetv2,stable,features_16,1775835116019.638,1775835116104.146,84.508,13.000,71.508,25.937,32937,5545,200.0,0,0,71.6
4611,mean_dynamic_mobilenetv2,stable,features_16,1775835116107.146,1775835116193.655,86.508,10.000,76.508,24.856,32937,5545,200.0,0,0,72.8
4612,mean_dynamic_mobilenetv2,stable,features_16,1775835116196.654,1775835116282.163,85.508,10.001,74.507,19.907,32937,5545,200.0,0,0,71.6
4613,mean_dynamic_mobilenetv2,stable,features_16,1775835116285.164,1775835116383.671,98.507,9.000,88.507,25.250,32937,5545,200.0,0,0,72.3
4614,mean_dynamic_mobilenetv2,stable,features_16,1775835116386.671,1775835116493.179,106.508,14.000,91.508,26.018,32937,5545,200.0,0,0,72.4
4615,mean_dynamic_mobilenetv2,stable,features_16,1775835116496.179,1775835117135.686,639.507,12.001,627.506,24.061,32937,5545,200.0,1,0,34.4
4616,mean_dynamic_mobilenetv2,stable,features_16,1775835117141.684,1775835117223.215,81.531,15.009,65.530,20.602,32937,5545,200.0,0,0,55.8
4617,mean_dynamic_mobilenetv2,stable,features_16,1775835117234.219,1775835117352.794,118.575,43.563,73.013,24.652,32937,5545,200.0,0,0,76.6
4618,mean_dynamic_mobilenetv2,stable,features_16,1775835117359.292,1775835117461.802,102.510,14.004,87.506,28.014,32937,5545,200.0,0,0,71.8
4619,mean_dynamic_mobilenetv2,stable,features_16,1775835117464.804,1775835117543.802,78.998,9.999,67.999,24.354,32937,5545,200.0,0,0,67.1
4620,mean_dynamic_mobilenetv2,stable,features_16,1775835117546.807,1775835117624.588,77.781,9.998,66.782,23.903,32937,5545,200.0,0,0,80.2
4621,mean_dynamic_mobilenetv2,stable,features_16,1775835117627.589,1775835117718.096,90.507,13.001,74.508,21.931,32937,5545,200.0,0,0,71.1
4622,mean_dynamic_mobilenetv2,stable,features_16,1775835117722.096,1775835117812.604,90.508,12.001,77.507,23.228,32937,5545,200.0,0,0,72.9
4623,mean_dynamic_mobilenetv2,stable,features_16,1775835117815.604,1775835117921.117,105.513,15.003,88.505,24.076,32937,5545,200.0,0,0,71.4
4624,mean_dynamic_mobilenetv2,stable,features_16,1775835117924.116,1775835117996.625,72.509,8.998,63.511,22.909,32937,5545,200.0,0,0,73.8
4625,mean_dynamic_mobilenetv2,stable,features_16,1775835117999.625,1775835118084.133,84.507,11.000,72.507,24.738,32937,5545,200.0,0,0,76.2
4626,mean_dynamic_mobilenetv2,stable,features_16,1775835118087.133,1775835118184.640,97.507,13.007,84.501,24.405,32937,5545,200.0,0,0,76.1
4627,mean_dynamic_mobilenetv2,stable,features_16,1775835118187.640,1775835118269.149,81.509,10.002,70.508,24.726,32937,5545,200.0,0,0,75.0
4628,mean_dynamic_mobilenetv2,stable,features_16,1775835118272.150,1775835118369.657,97.507,12.001,83.506,23.239,32937,5545,200.0,0,0,73.2
4629,mean_dynamic_mobilenetv2,stable,features_16,1775835118372.658,1775835118463.165,90.507,12.001,78.507,25.923,32937,5545,200.0,0,0,71.6
4630,mean_dynamic_mobilenetv2,stable,features_16,1775835118466.166,1775835118573.673,107.507,9.999,96.508,26.353,32937,5545,200.0,0,0,77.9
4631,mean_dynamic_mobilenetv2,stable,features_16,1775835118576.673,1775835118675.187,98.514,15.001,82.514,32.758,32937,5545,200.0,0,0,97.0
4632,mean_dynamic_mobilenetv2,stable,features_16,1775835118678.187,1775835118769.694,91.507,14.000,76.507,22.958,32937,5545,200.0,0,0,74.0
4633,mean_dynamic_mobilenetv2,stable,features_16,1775835118773.694,1775835118862.203,88.508,10.003,78.505,25.137,32937,5545,200.0,0,0,71.9
4634,mean_dynamic_mobilenetv2,stable,features_16,1775835118865.202,1775835118946.205,81.003,10.003,71.000,22.857,32937,5545,200.0,0,0,69.8
4635,mean_dynamic_mobilenetv2,stable,features_16,1775835118949.205,1775835119031.717,82.512,10.508,71.004,25.615,32937,5545,200.0,0,0,83.1
4636,mean_dynamic_mobilenetv2,stable,features_16,1775835119034.719,1775835119114.228,79.510,13.005,65.504,24.223,32937,5545,200.0,0,0,74.1
4637,mean_dynamic_mobilenetv2,stable,features_16,1775835119117.228,1775835119220.739,103.510,11.003,92.507,24.285,32937,5545,200.0,0,0,70.5
4638,mean_dynamic_mobilenetv2,stable,features_16,1775835119224.740,1775835119304.246,79.506,10.997,68.509,24.239,32937,5545,200.0,0,0,70.0
4639,mean_dynamic_mobilenetv2,stable,features_16,1775835119307.247,1775835119388.755,81.508,11.000,69.508,22.733,32937,5545,200.0,0,0,74.2
4640,mean_dynamic_mobilenetv2,stable,features_16,1775835119391.755,1775835119475.264,83.509,10.001,71.504,26.095,32937,5545,200.0,0,0,76.2
4641,mean_dynamic_mobilenetv2,stable,features_16,1775835119478.263,1775835119573.772,95.509,12.001,81.509,19.860,32937,5545,200.0,0,0,74.1
4642,mean_dynamic_mobilenetv2,stable,features_16,1775835119576.771,1775835119669.281,92.510,11.003,78.481,24.721,32937,5545,200.0,0,0,74.5
4643,mean_dynamic_mobilenetv2,stable,features_16,1775835119673.282,1775835119777.789,104.507,12.001,92.507,25.271,32937,5545,200.0,0,0,70.5
4644,mean_dynamic_mobilenetv2,stable,features_16,1775835119780.790,1775835119885.298,104.508,11.001,93.508,25.254,32937,5545,200.0,0,0,70.5
4645,mean_dynamic_mobilenetv2,stable,features_16,1775835119888.299,1775835119992.807,104.508,10.000,93.508,25.696,32937,5545,200.0,0,0,74.1
4646,mean_dynamic_mobilenetv2,stable,features_16,1775835119995.807,1775835120076.315,80.509,15.001,65.507,23.050,32937,5545,200.0,0,0,80.0
4647,mean_dynamic_mobilenetv2,stable,features_16,1775835120080.316,1775835120179.824,99.508,11.001,86.508,24.994,32937,5545,200.0,0,0,70.1
4648,mean_dynamic_mobilenetv2,stable,features_16,1775835120182.824,1775835120263.333,80.509,9.002,69.508,24.879,32937,5545,200.0,0,0,79.6
4649,mean_dynamic_mobilenetv2,stable,features_16,1775835120266.333,1775835120346.335,80.002,12.001,63.996,21.037,32937,5545,200.0,0,0,77.5
4650,mean_dynamic_mobilenetv2,stable,features_16,1775835120350.336,1775835120453.809,103.473,17.464,86.009,21.301,32937,5545,200.0,0,0,75.0
4651,mean_dynamic_mobilenetv2,stable,features_16,1775835120456.806,1775835120533.319,76.513,9.513,67.000,26.020,32937,5545,200.0,0,0,71.2
4652,mean_dynamic_mobilenetv2,stable,features_16,1775835120536.319,1775835120617.833,81.513,9.005,71.507,25.391,32937,5545,200.0,0,0,72.3
4653,mean_dynamic_mobilenetv2,stable,features_16,1775835120620.834,1775835120722.339,101.505,9.998,91.507,26.779,32937,5545,200.0,0,0,67.3
4654,mean_dynamic_mobilenetv2,stable,features_16,1775835120725.339,1775835120826.848,101.509,12.000,89.509,24.625,32937,5545,200.0,0,0,71.4
4655,mean_dynamic_mobilenetv2,stable,features_16,1775835120830.848,1775835120906.357,75.509,10.003,65.506,22.390,32937,5545,200.0,0,0,73.8
4656,mean_dynamic_mobilenetv2,stable,features_16,1775835120910.357,1775835120987.869,77.512,9.000,66.512,21.594,32937,5545,200.0,0,0,72.5
4657,mean_dynamic_mobilenetv2,stable,features_16,1775835120991.870,1775835121075.381,83.511,13.004,70.507,23.247,32937,5545,200.0,0,0,77.3
4658,mean_dynamic_mobilenetv2,stable,features_16,1775835121079.380,1775835121163.890,84.510,10.003,74.507,23.418,32937,5545,200.0,0,0,77.2
4659,mean_dynamic_mobilenetv2,stable,features_16,1775835121167.888,1775835121245.890,78.002,11.001,66.000,23.141,32937,5545,200.0,0,0,81.2
4660,mean_dynamic_mobilenetv2,stable,features_16,1775835121248.890,1775835121336.398,87.508,16.508,71.000,25.557,32937,5545,200.0,0,0,82.6
4661,mean_dynamic_mobilenetv2,stable,features_16,1775835121340.400,1775835121422.909,82.509,10.005,71.504,27.420,32937,5545,200.0,0,0,67.1
4662,mean_dynamic_mobilenetv2,stable,features_16,1775835121425.913,1775835121521.417,95.505,9.999,84.506,25.889,32937,5545,200.0,0,0,71.9
4663,mean_dynamic_mobilenetv2,stable,features_16,1775835121524.418,1775835121602.927,78.509,9.002,66.505,24.777,32937,5545,200.0,0,0,71.9
4664,mean_dynamic_mobilenetv2,stable,features_16,1775835121605.927,1775835121696.438,90.511,15.002,72.508,26.418,32937,5545,200.0,0,0,71.9
4665,mean_dynamic_mobilenetv2,stable,features_16,1775835121699.438,1775835121800.946,101.507,13.000,88.507,23.615,32937,5545,200.0,0,0,69.8
4666,mean_dynamic_mobilenetv2,stable,features_16,1775835121803.946,1775835121888.453,84.507,11.001,73.507,20.983,32937,5545,200.0,0,0,69.8
4667,mean_dynamic_mobilenetv2,stable,features_16,1775835121891.457,1775835121982.968,91.511,8.998,81.510,22.460,32937,5545,200.0,0,0,70.8
4668,mean_dynamic_mobilenetv2,stable,features_16,1775835121986.969,1775835122068.478,81.509,9.001,71.508,26.411,32937,5545,200.0,0,0,77.5
4669,mean_dynamic_mobilenetv2,stable,features_16,1775835122071.478,1775835122151.481,80.003,11.003,69.000,23.100,32937,5545,200.0,0,0,81.2
4670,mean_dynamic_mobilenetv2,stable,features_16,1775835122155.481,1775835122241.989,86.508,14.509,70.999,25.923,32937,5545,200.0,0,0,79.0
4671,mean_dynamic_mobilenetv2,stable,features_16,1775835122245.992,1775835122371.008,125.015,12.001,113.015,69.003,32937,5545,200.0,0,0,75.5
4672,mean_dynamic_mobilenetv2,stable,features_16,1775835122375.007,1775835122464.514,89.508,10.000,78.505,23.810,32937,5545,200.0,0,0,75.3
4673,mean_dynamic_mobilenetv2,stable,features_16,1775835122468.513,1775835122575.039,106.525,12.001,93.525,25.329,32937,5545,200.0,0,0,72.1
4674,mean_dynamic_mobilenetv2,stable,features_16,1775835122578.039,1775835122657.041,79.002,9.001,69.001,22.675,32937,5545,200.0,0,0,70.4
4675,mean_dynamic_mobilenetv2,stable,features_16,1775835122660.548,1775835122764.060,103.512,10.000,93.513,24.797,32937,5545,200.0,0,0,69.6
4676,mean_dynamic_mobilenetv2,stable,features_16,1775835122767.060,1775835122867.566,100.506,12.005,87.503,23.259,32937,5545,200.0,0,0,72.2
4677,mean_dynamic_mobilenetv2,stable,features_16,1775835122870.566,1775835122948.569,78.003,10.003,66.000,24.472,32937,5545,200.0,0,0,70.2
4678,mean_dynamic_mobilenetv2,stable,features_16,1775835122952.571,1775835123040.079,87.508,16.509,69.999,24.959,32937,5545,200.0,0,0,87.4
4679,mean_dynamic_mobilenetv2,stable,features_16,1775835123043.083,1775835123128.588,85.505,12.001,71.507,28.260,32937,5545,200.0,0,0,83.1
4680,mean_dynamic_mobilenetv2,stable,features_16,1775835123131.589,1775835123222.098,90.509,12.001,78.508,22.454,32937,5545,200.0,0,0,75.0
4681,mean_dynamic_mobilenetv2,stable,features_16,1775835123226.098,1775835123297.608,71.510,10.004,61.507,17.253,32937,5545,200.0,0,0,72.5
4682,mean_dynamic_mobilenetv2,stable,features_16,1775835123301.607,1775835123387.119,85.512,11.003,72.508,26.368,32937,5545,200.0,0,0,72.6
4683,mean_dynamic_mobilenetv2,stable,features_16,1775835123390.120,1775835123472.630,82.509,10.001,70.507,25.122,32937,5545,200.0,0,0,70.4
4684,mean_dynamic_mobilenetv2,stable,features_16,1775835123474.628,1775835123550.632,76.004,11.001,63.003,20.860,32937,5545,200.0,0,0,72.5
4685,mean_dynamic_mobilenetv2,stable,features_16,1775835123553.632,1775835123643.144,89.512,10.508,77.003,23.208,32937,5545,200.0,0,0,69.8
4686,mean_dynamic_mobilenetv2,stable,features_16,1775835123646.150,1775835123739.650,93.500,10.997,82.503,25.086,32937,5545,200.0,0,0,70.8
4687,mean_dynamic_mobilenetv2,stable,features_16,1775835123742.650,1775835123835.162,92.511,10.007,82.504,27.322,32937,5545,200.0,0,0,69.8
4688,mean_dynamic_mobilenetv2,stable,features_16,1775835123838.162,1775835123915.673,77.511,11.005,65.504,22.505,32937,5545,200.0,0,0,74.0
4689,mean_dynamic_mobilenetv2,stable,features_16,1775835123918.671,1775835123998.179,79.508,12.000,66.507,23.348,32937,5545,200.0,0,0,81.2
4690,mean_dynamic_mobilenetv2,stable,features_16,1775835124002.179,1775835124076.689,74.510,9.001,64.506,22.355,32937,5545,200.0,0,0,73.8
4691,mean_dynamic_mobilenetv2,stable,features_16,1775835124079.689,1775835124153.690,74.000,9.000,64.000,21.955,32937,5545,200.0,0,0,71.2
4692,mean_dynamic_mobilenetv2,stable,features_16,1775835124157.690,1775835124254.203,96.513,11.510,85.004,26.395,32937,5545,200.0,0,0,71.9
4693,mean_dynamic_mobilenetv2,stable,features_16,1775835124257.202,1775835124362.219,105.017,11.511,92.507,24.909,32937,5545,200.0,0,0,71.4
4694,mean_dynamic_mobilenetv2,stable,features_16,1775835124365.219,1775835124438.220,73.001,11.005,61.996,20.364,32937,5545,200.0,0,0,71.2
4695,mean_dynamic_mobilenetv2,stable,features_16,1775835124441.225,1775835124518.736,77.511,9.008,68.503,25.593,32937,5545,200.0,0,0,70.0
4696,mean_dynamic_mobilenetv2,stable,features_16,1775835124521.740,1775835124606.245,84.505,14.001,69.502,25.329,32937,5545,200.0,0,0,69.8
4697,mean_dynamic_mobilenetv2,stable,features_16,1775835124609.244,1775835124686.759,77.515,9.001,67.510,24.214,32937,5545,200.0,0,0,70.0
4698,mean_dynamic_mobilenetv2,stable,features_16,1775835124689.756,1775835124766.831,77.075,9.002,65.074,24.256,32937,5545,200.0,0,0,70.0
4699,mean_dynamic_mobilenetv2,stable,features_16,1775835124769.832,1775835124850.834,81.002,13.000,67.001,25.325,32937,5545,200.0,0,0,81.2
4700,mean_dynamic_mobilenetv2,stable,features_16,1775835124854.834,1775835124938.341,83.507,11.508,69.999,24.143,32937,5545,200.0,0,0,81.4
4701,mean_dynamic_mobilenetv2,stable,features_16,1775835124941.342,1775835125028.858,87.517,21.518,64.998,20.737,32937,5545,200.0,0,0,81.2
4702,mean_dynamic_mobilenetv2,stable,features_16,1775835125031.859,1775835125136.370,104.511,13.000,89.506,23.232,32937,5545,200.0,0,0,78.6
4703,mean_dynamic_mobilenetv2,stable,features_16,1775835125140.369,1775835125230.879,90.510,11.005,79.505,25.036,32937,5545,200.0,0,0,72.2
4704,mean_dynamic_mobilenetv2,stable,features_16,1775835125234.881,1775835125318.388,83.507,9.999,73.508,25.678,32937,5545,200.0,0,0,70.4
4705,mean_dynamic_mobilenetv2,stable,features_16,1775835125322.388,1775835125401.896,79.507,9.000,68.507,23.649,32937,5545,200.0,0,0,74.0
4706,mean_dynamic_mobilenetv2,stable,features_16,1775835125404.896,1775835125512.405,107.509,12.004,93.502,25.238,32937,5545,200.0,0,0,71.4
4707,mean_dynamic_mobilenetv2,stable,features_16,1775835125515.405,1775835125620.914,105.509,12.001,93.508,25.659,32937,5545,200.0,0,0,71.4
4708,mean_dynamic_mobilenetv2,stable,features_16,1775835125623.917,1775835125701.423,77.506,10.000,67.507,24.584,32937,5545,200.0,0,0,72.5
4709,mean_dynamic_mobilenetv2,stable,features_16,1775835125704.423,1775835125784.931,80.509,13.001,67.508,24.754,32937,5545,200.0,0,0,77.5
4710,mean_dynamic_mobilenetv2,stable,features_16,1775835125788.931,1775835125866.439,77.508,9.001,68.507,21.714,32937,5545,200.0,0,0,75.0
4711,mean_dynamic_mobilenetv2,stable,features_16,1775835125870.440,1775835125963.949,93.509,9.002,83.506,26.035,32937,5545,200.0,0,0,71.4
4712,mean_dynamic_mobilenetv2,stable,features_16,1775835125967.949,1775835126043.948,75.999,14.000,60.999,18.633,32937,5545,200.0,0,0,80.2
4713,mean_dynamic_mobilenetv2,stable,features_16,1775835126047.952,1775835126144.458,96.506,11.002,85.504,24.578,32937,5545,200.0,0,0,70.8
4714,mean_dynamic_mobilenetv2,stable,features_16,1775835126147.461,1775835126235.967,88.506,9.002,79.504,21.581,32937,5545,200.0,0,0,69.8
4715,mean_dynamic_mobilenetv2,stable,features_16,1775835126238.967,1775835126319.481,80.514,9.006,70.509,25.863,32937,5545,200.0,0,0,70.0
4716,mean_dynamic_mobilenetv2,stable,features_16,1775835126322.481,1775835126410.991,88.510,10.000,78.509,36.215,32937,5545,200.0,0,0,77.3
4717,mean_dynamic_mobilenetv2,stable,features_16,1775835126413.992,1775835126489.501,75.509,10.001,65.508,22.797,32937,5545,200.0,0,0,71.6
4718,mean_dynamic_mobilenetv2,stable,features_16,1775835126492.501,1775835126598.010,105.509,11.002,93.510,25.083,32937,5545,200.0,0,0,69.9
4719,mean_dynamic_mobilenetv2,stable,features_16,1775835126601.010,1775835126723.519,122.509,13.004,106.505,38.836,32937,5545,200.0,0,0,79.7
4720,mean_dynamic_mobilenetv2,stable,features_16,1775835126726.519,1775835126842.028,115.509,13.002,102.507,36.479,32937,5545,200.0,0,0,72.7
4721,mean_dynamic_mobilenetv2,stable,features_16,1775835126846.032,1775835126977.448,131.417,9.001,121.415,36.226,32937,5545,200.0,0,0,74.5
4722,mean_dynamic_mobilenetv2,stable,features_16,1775835126980.449,1775835127090.956,110.507,11.000,98.507,32.749,32937,5545,200.0,0,0,75.4
4723,mean_dynamic_mobilenetv2,stable,features_16,1775835127093.962,1775835127222.464,128.502,8.999,118.503,33.948,32937,5545,200.0,0,0,69.5
4724,mean_dynamic_mobilenetv2,stable,features_16,1775835127225.464,1775835127309.971,84.507,9.000,74.506,21.107,32937,5545,200.0,0,0,69.8
4725,mean_dynamic_mobilenetv2,stable,features_16,1775835127312.971,1775835127408.486,95.514,9.002,86.512,26.603,32937,5545,200.0,0,0,69.8
4726,mean_dynamic_mobilenetv2,stable,features_16,1775835127411.486,1775835127484.995,73.509,10.001,61.508,18.471,32937,5545,200.0,0,0,75.0
4727,mean_dynamic_mobilenetv2,stable,features_16,1775835127487.995,1775835127599.503,111.508,13.001,98.507,33.918,32937,5545,200.0,0,0,75.9
4728,mean_dynamic_mobilenetv2,stable,features_16,1775835127602.503,1775835127744.013,141.510,12.001,129.509,36.057,32937,5545,200.0,0,0,70.2
4729,mean_dynamic_mobilenetv2,stable,features_16,1775835127748.016,1775835127884.031,136.016,8.001,126.013,36.952,32937,5545,200.0,0,0,69.4
4730,mean_dynamic_mobilenetv2,stable,features_16,1775835127889.032,1775835128015.548,126.516,25.999,99.513,33.977,32937,5545,200.0,0,0,84.7
4731,mean_dynamic_mobilenetv2,stable,features_16,1775835128018.545,1775835128154.057,135.512,11.001,124.511,24.120,32937,5545,200.0,0,0,71.5
4732,mean_dynamic_mobilenetv2,stable,features_16,1775835128157.059,1775835128267.086,110.027,9.523,100.504,33.967,32937,5545,200.0,0,0,69.6
4733,mean_dynamic_mobilenetv2,stable,features_16,1775835128270.086,1775835128396.592,126.506,10.000,114.507,33.399,32937,5545,200.0,0,0,71.1
4734,mean_dynamic_mobilenetv2,stable,features_16,1775835128400.593,1775835128515.101,114.508,17.002,97.506,33.641,32937,5545,200.0,0,0,80.6
4735,mean_dynamic_mobilenetv2,stable,features_16,1775835128519.101,1775835128647.619,128.518,10.001,118.517,36.380,32937,5545,200.0,0,0,72.1
4736,mean_dynamic_mobilenetv2,stable,features_16,1775835128650.617,1775835128784.631,134.014,11.506,121.509,33.889,32937,5545,200.0,0,0,75.0
4737,mean_dynamic_mobilenetv2,stable,features_16,1775835128787.631,1775835128901.144,113.513,11.000,102.512,34.930,32937,5545,200.0,0,0,75.8
4738,mean_dynamic_mobilenetv2,stable,features_16,1775835128904.150,1775835129019.653,115.503,8.998,105.504,37.609,32937,5545,200.0,0,0,83.2
4739,mean_dynamic_mobilenetv2,stable,features_16,1775835129023.655,1775835129142.167,118.511,8.998,108.513,38.352,32937,5545,200.0,0,0,71.1
4740,mean_dynamic_mobilenetv2,stable,features_16,1775835129146.553,1775835129261.569,115.016,10.001,104.012,37.246,32937,5545,200.0,0,0,71.1
4741,mean_dynamic_mobilenetv2,stable,features_16,1775835129265.569,1775835129373.077,107.508,11.002,95.505,33.357,32937,5545,200.0,0,0,75.9
4742,mean_dynamic_mobilenetv2,stable,features_16,1775835129376.078,1775835129497.594,121.515,17.000,104.515,36.419,32937,5545,200.0,0,0,81.2
4743,mean_dynamic_mobilenetv2,stable,features_16,1775835129500.594,1775835129617.104,116.510,12.001,102.509,37.264,32937,5545,200.0,0,0,75.9
4744,mean_dynamic_mobilenetv2,stable,features_16,1775835129620.105,1775835129728.620,108.515,11.001,96.514,33.125,32937,5545,200.0,0,0,71.4
4745,mean_dynamic_mobilenetv2,stable,features_16,1775835129731.621,1775835129839.133,107.513,10.001,96.511,34.503,32937,5545,200.0,0,0,71.7
4746,mean_dynamic_mobilenetv2,stable,features_16,1775835129842.135,1775835129958.660,116.525,10.008,105.513,36.765,32937,5545,200.0,0,0,69.0
4747,mean_dynamic_mobilenetv2,stable,features_16,1775835129962.167,1775835130080.679,118.512,11.001,104.508,36.493,32937,5545,200.0,0,0,78.1
4748,mean_dynamic_mobilenetv2,stable,features_16,1775835130083.677,1775835130197.183,113.506,12.000,100.506,35.146,32937,5545,200.0,0,0,75.8
4749,mean_dynamic_mobilenetv2,stable,features_16,1775835130200.184,1775835130307.693,107.508,10.001,97.507,32.531,32937,5545,200.0,0,0,78.6
4750,mean_dynamic_mobilenetv2,stable,features_16,1775835130310.693,1775835130417.202,106.509,13.001,93.508,24.440,32937,5545,200.0,0,0,74.1
4751,mean_dynamic_mobilenetv2,stable,features_16,1775835130421.204,1775835130533.712,112.509,9.999,100.509,34.883,32937,5545,200.0,0,0,71.4
4752,mean_dynamic_mobilenetv2,stable,features_16,1775835130536.713,1775835130653.225,116.512,9.002,107.509,34.052,32937,5545,200.0,0,0,71.3
4753,mean_dynamic_mobilenetv2,stable,features_16,1775835130657.224,1775835130794.248,137.024,12.511,123.508,33.544,32937,5545,200.0,0,0,70.6
4754,mean_dynamic_mobilenetv2,stable,features_16,1775835130797.242,1775835130909.751,112.509,9.002,101.506,35.273,32937,5545,200.0,0,0,69.0
4755,mean_dynamic_mobilenetv2,stable,features_16,1775835130913.752,1775835131002.551,88.799,12.001,75.799,24.197,32937,5545,200.0,0,0,77.1
4756,mean_dynamic_mobilenetv2,stable,features_16,1775835131006.552,1775835131125.060,118.508,15.000,102.508,35.740,32937,5545,200.0,0,0,78.1
4757,mean_dynamic_mobilenetv2,stable,features_16,1775835131128.061,1775835131212.569,84.508,10.000,73.508,25.894,32937,5545,200.0,0,0,77.1
4758,mean_dynamic_mobilenetv2,stable,features_16,1775835131215.571,1775835131340.078,124.507,8.999,112.508,35.813,32937,5545,200.0,0,0,71.4
4759,mean_dynamic_mobilenetv2,stable,features_16,1775835131343.077,1775835131466.110,123.033,11.014,111.015,35.753,32937,5545,200.0,0,0,70.8
4760,mean_dynamic_mobilenetv2,stable,features_16,1775835131469.110,1775835131591.618,122.508,9.998,112.511,36.912,32937,5545,200.0,0,0,70.3
4761,mean_dynamic_mobilenetv2,stable,features_16,1775835131595.621,1775835131678.127,82.506,9.998,69.506,25.489,32937,5545,200.0,0,0,75.3
4762,mean_dynamic_mobilenetv2,stable,features_16,1775835131681.125,1775835131771.634,90.509,12.001,78.508,25.730,32937,5545,200.0,0,0,69.8
4763,mean_dynamic_mobilenetv2,stable,features_16,1775835131774.634,1775835131888.146,113.512,10.006,102.506,36.987,32937,5545,200.0,0,0,70.6
4764,mean_dynamic_mobilenetv2,stable,features_16,1775835131891.146,1775835132025.652,134.507,8.998,124.508,34.929,32937,5545,200.0,0,0,78.8
4765,mean_dynamic_mobilenetv2,stable,features_16,1775835132028.652,1775835132164.668,136.016,12.002,124.014,33.261,32937,5545,200.0,0,0,71.1
4766,mean_dynamic_mobilenetv2,stable,features_16,1775835132168.669,1775835132288.307,119.638,11.127,108.510,33.800,32937,5545,200.0,0,0,68.4
4767,mean_dynamic_mobilenetv2,stable,features_16,1775835132292.307,1775835132402.815,110.508,12.003,97.504,32.844,32937,5545,200.0,0,0,71.4
4768,mean_dynamic_mobilenetv2,stable,features_16,1775835132405.815,1775835132525.331,119.516,11.001,106.512,37.889,32937,5545,200.0,0,0,72.5
4769,mean_dynamic_mobilenetv2,stable,features_16,1775835132528.327,1775835132669.355,141.028,16.506,123.522,36.906,32937,5545,200.0,0,0,70.6
4770,mean_dynamic_mobilenetv2,stable,features_16,1775835132672.358,1775835132808.862,136.504,10.997,124.507,38.125,32937,5545,200.0,0,0,71.2
4771,mean_dynamic_mobilenetv2,stable,features_16,1775835132811.862,1775835132930.371,118.509,9.002,108.508,38.772,32937,5545,200.0,0,0,73.0
4772,mean_dynamic_mobilenetv2,stable,features_16,1775835132934.373,1775835133041.887,107.514,13.009,94.505,31.736,32937,5545,200.0,0,0,86.8
4773,mean_dynamic_mobilenetv2,stable,features_16,1775835133044.887,1775835133177.907,133.021,11.004,121.016,37.571,32937,5545,200.0,0,0,76.6
4774,mean_dynamic_mobilenetv2,stable,features_16,1775835133181.908,1775835133293.416,111.508,11.001,100.507,34.492,32937,5545,200.0,0,0,70.5
4775,mean_dynamic_mobilenetv2,stable,features_16,1775835133297.415,1775835133430.923,133.509,9.001,122.507,37.488,32937,5545,200.0,0,0,75.0
4776,mean_dynamic_mobilenetv2,stable,features_16,1775835133434.922,1775835133513.436,78.514,10.003,67.510,24.561,32937,5545,200.0,0,0,79.0
4777,mean_dynamic_mobilenetv2,stable,features_16,1775835133516.436,1775835133646.945,130.510,10.003,118.504,37.422,32937,5545,200.0,0,0,76.4
4778,mean_dynamic_mobilenetv2,stable,features_16,1775835133649.948,1775835133767.965,118.016,11.505,106.511,37.210,32937,5545,200.0,0,0,70.5
4779,mean_dynamic_mobilenetv2,stable,features_16,1775835133770.965,1775835133925.474,154.508,11.002,142.507,37.817,32937,5545,200.0,0,0,72.5
4780,mean_dynamic_mobilenetv2,stable,features_16,1775835133928.480,1775835134039.983,111.503,10.998,100.506,34.570,32937,5545,200.0,0,0,86.7
4781,mean_dynamic_mobilenetv2,stable,features_16,1775835134043.984,1775835134157.504,113.521,11.013,101.507,35.817,32937,5545,200.0,0,0,74.1
4782,mean_dynamic_mobilenetv2,stable,features_16,1775835134161.007,1775835134283.517,122.511,16.004,105.507,38.171,32937,5545,200.0,0,0,70.3
4783,mean_dynamic_mobilenetv2,stable,features_16,1775835134286.518,1775835134422.027,135.509,12.002,122.507,36.334,32937,5545,200.0,0,0,71.3
4784,mean_dynamic_mobilenetv2,stable,features_16,1775835134425.028,1775835134506.537,81.509,11.000,69.510,24.585,32937,5545,200.0,0,0,70.7
4785,mean_dynamic_mobilenetv2,stable,features_16,1775835134510.537,1775835134614.047,103.510,9.001,94.509,31.267,32937,5545,200.0,0,0,72.6
4786,mean_dynamic_mobilenetv2,stable,features_16,1775835134617.046,1775835134709.558,92.511,9.000,82.509,24.163,32937,5545,200.0,0,0,69.8
4787,mean_dynamic_mobilenetv2,stable,features_16,1775835134712.555,1775835134841.063,128.508,11.005,116.502,35.891,32937,5545,200.0,0,0,75.7
4788,mean_dynamic_mobilenetv2,stable,features_16,1775835134844.063,1775835134964.085,120.022,16.005,103.017,36.353,32937,5545,200.0,0,0,81.2
4789,mean_dynamic_mobilenetv2,stable,features_16,1775835134968.086,1775835135090.595,122.509,14.000,106.511,36.308,32937,5545,200.0,0,0,83.3
4790,mean_dynamic_mobilenetv2,stable,features_16,1775835135093.596,1775835135177.102,83.506,14.999,66.507,24.894,32937,5545,200.0,0,0,70.7
4791,mean_dynamic_mobilenetv2,stable,features_16,1775835135180.102,1775835135289.610,109.508,9.001,98.507,35.274,32937,5545,200.0,0,0,70.4
4792,mean_dynamic_mobilenetv2,stable,features_16,1775835135292.610,1775835135403.120,110.510,9.001,99.510,34.883,32937,5545,200.0,0,0,69.4
4793,mean_dynamic_mobilenetv2,stable,features_16,1775835135406.123,1775835135506.628,100.505,9.998,89.507,20.817,32937,5545,200.0,0,0,71.1
4794,mean_dynamic_mobilenetv2,stable,features_16,1775835135509.635,1775835135624.138,114.503,9.995,103.507,38.375,32937,5545,200.0,0,0,72.9
4795,mean_dynamic_mobilenetv2,stable,features_16,1775835135627.136,1775835135726.646,99.509,8.001,89.508,27.483,32937,5545,200.0,0,0,73.9
4796,mean_dynamic_mobilenetv2,stable,features_16,1775835135730.646,1775835135852.171,121.525,13.003,105.518,37.018,32937,5545,200.0,0,0,71.3
4797,mean_dynamic_mobilenetv2,stable,features_16,1775835135855.167,1775835135983.728,128.560,11.052,115.507,37.923,32937,5545,200.0,0,0,71.7
4798,mean_dynamic_mobilenetv2,stable,features_16,1775835135987.730,1775835136095.239,107.508,9.003,97.506,35.501,32937,5545,200.0,0,0,73.2
4799,mean_dynamic_mobilenetv2,stable,features_16,1775835136098.239,1775835136231.746,133.508,9.001,123.506,38.182,32937,5545,200.0,0,0,69.9
4800,mean_dynamic_mobilenetv2,stable,features_16,1775835136234.747,1775835136373.764,139.018,15.003,124.014,37.688,32937,5545,200.0,0,0,70.6
4801,mean_dynamic_mobilenetv2,stable,features_16,1775835136377.763,1775835136519.273,141.510,9.001,131.507,38.682,32937,5545,200.0,0,0,68.5
4802,mean_dynamic_mobilenetv2,stable,features_16,1775835136522.271,1775835136651.783,129.511,8.000,119.510,35.090,32937,5545,200.0,0,0,74.3
4803,mean_dynamic_mobilenetv2,stable,features_16,1775835136654.783,1775835136791.812,137.029,13.520,121.509,31.936,32937,5545,200.0,0,0,89.3
4804,mean_dynamic_mobilenetv2,stable,features_16,1775835136795.812,1775835136912.321,116.509,16.001,99.508,34.739,32937,5545,200.0,0,0,83.0
4805,mean_dynamic_mobilenetv2,stable,features_16,1775835136916.321,1775835137029.831,113.510,11.000,100.508,34.398,32937,5545,200.0,0,0,79.8
4806,mean_dynamic_mobilenetv2,stable,features_16,1775835137032.830,1775835137144.341,111.511,10.001,100.510,33.536,32937,5545,200.0,0,0,70.5
4807,mean_dynamic_mobilenetv2,stable,features_16,1775835137147.346,1775835137263.363,116.017,10.002,106.015,36.269,32937,5545,200.0,0,0,69.5
4808,mean_dynamic_mobilenetv2,stable,features_16,1775835137266.364,1775835137390.867,124.503,9.997,113.506,30.289,32937,5545,200.0,0,0,69.5
4809,mean_dynamic_mobilenetv2,stable,features_16,1775835137393.867,1775835137523.375,129.508,10.001,118.505,36.026,32937,5545,200.0,0,0,70.3
4810,mean_dynamic_mobilenetv2,stable,features_16,1775835137527.376,1775835137668.393,141.017,12.000,128.020,38.947,32937,5545,200.0,0,0,75.0
4811,mean_dynamic_mobilenetv2,stable,features_16,1775835137672.394,1775835137752.398,80.004,11.002,69.002,23.839,32937,5545,200.0,0,0,71.2
4812,mean_dynamic_mobilenetv2,stable,features_16,1775835137756.398,1775835137866.415,110.017,10.506,99.510,33.039,32937,5545,200.0,0,0,69.6
4813,mean_dynamic_mobilenetv2,stable,features_16,1775835137870.416,1775835137986.921,116.506,9.998,104.508,29.777,32937,5545,200.0,0,0,83.1
4814,mean_dynamic_mobilenetv2,stable,features_16,1775835137989.924,1775835138108.430,118.507,11.998,105.509,37.230,32937,5545,200.0,0,0,74.4
4815,mean_dynamic_mobilenetv2,stable,features_16,1775835138111.431,1775835138207.938,96.507,10.004,84.505,25.020,32937,5545,200.0,0,0,69.8
4816,mean_dynamic_mobilenetv2,stable,features_16,1775835138210.938,1775835138320.448,109.510,12.001,95.509,32.813,32937,5545,200.0,0,0,69.9
4817,mean_dynamic_mobilenetv2,stable,features_16,1775835138323.450,1775835138435.961,112.510,8.999,100.512,32.639,32937,5545,200.0,0,0,71.1
4818,mean_dynamic_mobilenetv2,stable,features_16,1775835138439.965,1775835138561.978,122.013,12.004,110.009,31.278,32937,5545,200.0,0,0,75.8
4819,mean_dynamic_mobilenetv2,stable,features_16,1775835138565.983,1775835138684.492,118.509,17.001,99.510,36.248,32937,5545,200.0,0,0,80.5
4820,mean_dynamic_mobilenetv2,stable,features_16,1775835138688.492,1775835138799.003,110.511,9.001,100.506,33.926,32937,5545,200.0,0,0,76.3
4821,mean_dynamic_mobilenetv2,stable,features_16,1775835138802.007,1775835138919.508,117.501,11.997,105.505,37.709,32937,5545,200.0,0,0,70.3
4822,mean_dynamic_mobilenetv2,stable,features_16,1775835138922.508,1775835138995.017,72.509,10.005,62.504,20.122,32937,5545,200.0,0,0,76.2
4823,mean_dynamic_mobilenetv2,stable,features_16,1775835138998.016,1775835139108.768,110.752,9.000,100.751,34.919,32937,5545,200.0,0,0,73.2
4824,mean_dynamic_mobilenetv2,stable,features_16,1775835139111.768,1775835139243.276,131.508,10.001,119.507,37.248,32937,5545,200.0,0,0,71.5
4825,mean_dynamic_mobilenetv2,stable,features_16,1775835139246.277,1775835139344.785,98.509,12.004,86.504,28.029,32937,5545,200.0,0,0,76.5
4826,mean_dynamic_mobilenetv2,stable,features_16,1775835139347.789,1775835139447.297,99.508,11.001,88.507,23.450,32937,5545,200.0,0,0,78.1
4827,mean_dynamic_mobilenetv2,stable,features_16,1775835139451.299,1775835139616.318,165.019,12.509,150.509,33.060,32937,5545,200.0,0,0,87.7
4828,mean_dynamic_mobilenetv2,stable,features_16,1775835139619.316,1775835139702.825,83.508,12.000,69.508,26.206,32937,5545,200.0,0,0,82.7
4829,mean_dynamic_mobilenetv2,stable,features_16,1775835139705.825,1775835139822.334,116.508,11.001,105.508,36.303,32937,5545,200.0,0,0,79.8
4830,mean_dynamic_mobilenetv2,stable,features_16,1775835139826.334,1775835139936.844,110.510,9.001,101.509,35.419,32937,5545,200.0,0,0,81.6
4831,mean_dynamic_mobilenetv2,stable,features_16,1775835139940.844,1775835140051.358,110.514,10.004,99.510,36.560,32937,5545,200.0,0,0,87.6
4832,mean_dynamic_mobilenetv2,stable,features_16,1775835140054.364,1775835140171.386,117.022,11.519,103.506,37.063,32937,5545,200.0,0,0,75.8
4833,mean_dynamic_mobilenetv2,stable,features_16,1775835140174.389,1775835140289.896,115.507,13.999,101.508,35.732,32937,5545,200.0,0,0,82.2
4834,mean_dynamic_mobilenetv2,stable,features_16,1775835140292.896,1775835140416.405,123.509,14.001,106.509,38.624,32937,5545,200.0,0,0,85.5
4835,mean_dynamic_mobilenetv2,stable,features_16,1775835140420.404,1775835140538.915,118.511,16.002,101.507,32.737,32937,5545,200.0,0,0,79.8
4836,mean_dynamic_mobilenetv2,stable,features_16,1775835140541.915,1775835140651.426,109.511,9.004,97.508,33.861,32937,5545,200.0,0,0,72.7
4837,mean_dynamic_mobilenetv2,stable,features_16,1775835140655.428,1775835140729.942,74.513,9.517,63.996,22.659,32937,5545,200.0,0,0,72.5
4838,mean_dynamic_mobilenetv2,stable,features_16,1775835140732.942,1775835140848.453,115.510,10.001,104.509,35.286,32937,5545,200.0,0,0,75.7
4839,mean_dynamic_mobilenetv2,stable,features_16,1775835140852.453,1775835140934.961,82.508,10.509,71.999,24.770,32937,5545,200.0,0,0,70.8
4840,mean_dynamic_mobilenetv2,stable,features_16,1775835140937.962,1775835141052.485,114.523,10.009,103.515,38.257,32937,5545,200.0,0,0,77.9
4841,mean_dynamic_mobilenetv2,stable,features_16,1775835141055.490,1775835141163.511,108.021,9.517,98.503,32.915,32937,5545,200.0,0,0,71.4
4842,mean_dynamic_mobilenetv2,stable,features_16,1775835141166.511,1775835141279.018,112.507,14.001,98.506,32.253,32937,5545,200.0,0,0,78.3
4843,mean_dynamic_mobilenetv2,stable,features_16,1775835141283.019,1775835141398.526,115.508,10.002,104.506,35.765,32937,5545,200.0,0,0,81.4
4844,mean_dynamic_mobilenetv2,stable,features_16,1775835141401.527,1775835141477.035,75.507,9.000,66.507,24.183,32937,5545,200.0,0,0,77.1
4845,mean_dynamic_mobilenetv2,stable,features_16,1775835141481.035,1775835141589.544,108.509,10.001,96.508,32.867,32937,5545,200.0,0,0,71.4
4846,mean_dynamic_mobilenetv2,stable,features_16,1775835141593.544,1775835141707.058,113.514,12.002,100.507,31.686,32937,5545,200.0,0,0,69.9
4847,mean_dynamic_mobilenetv2,stable,features_16,1775835141710.053,1775835141842.562,132.509,9.000,123.508,35.369,32937,5545,200.0,0,0,71.5
4848,mean_dynamic_mobilenetv2,stable,features_16,1775835141846.566,1775835141986.598,140.031,11.006,129.025,37.313,32937,5545,200.0,0,0,71.7
4849,mean_dynamic_mobilenetv2,stable,features_16,1775835141990.592,1775835142110.100,119.508,15.001,103.507,35.291,32937,5545,200.0,0,0,78.9
4850,mean_dynamic_mobilenetv2,stable,features_16,1775835142113.101,1775835142228.609,115.508,18.000,97.508,33.866,32937,5545,200.0,0,0,78.6
4851,mean_dynamic_mobilenetv2,stable,features_16,1775835142231.609,1775835142341.118,109.508,9.001,97.508,32.385,32937,5545,200.0,0,0,74.6
4852,mean_dynamic_mobilenetv2,stable,features_16,1775835142344.117,1775835142462.136,118.019,11.008,107.011,37.822,32937,5545,200.0,0,0,70.3
4853,mean_dynamic_mobilenetv2,stable,features_16,1775835142465.140,1775835142578.665,113.525,11.001,102.524,36.073,32937,5545,200.0,0,0,69.6
4854,mean_dynamic_mobilenetv2,stable,features_16,1775835142581.665,1775835142720.177,138.512,14.998,122.509,39.176,32937,5545,200.0,0,0,70.1
4855,mean_dynamic_mobilenetv2,stable,features_16,1775835142723.171,1775835142830.680,107.510,13.003,93.507,31.172,32937,5545,200.0,0,0,70.5
4856,mean_dynamic_mobilenetv2,stable,features_16,1775835142833.680,1775835142952.195,118.515,11.000,106.515,39.160,32937,5545,200.0,0,0,73.0
4857,mean_dynamic_mobilenetv2,stable,features_16,1775835142955.195,1775835143074.211,119.017,12.511,104.507,35.320,32937,5545,200.0,0,0,84.0
4858,mean_dynamic_mobilenetv2,stable,features_16,1775835143076.212,1775835143193.720,117.508,11.000,106.017,34.747,32937,5545,200.0,0,0,79.5
4859,mean_dynamic_mobilenetv2,stable,features_16,1775835143196.723,1775835143332.230,135.508,11.000,123.510,40.744,32937,5545,200.0,0,0,75.7
4860,mean_dynamic_mobilenetv2,stable,features_16,1775835143336.229,1775835143464.249,128.020,11.002,117.017,33.067,32937,5545,200.0,0,0,70.1
4861,mean_dynamic_mobilenetv2,stable,features_16,1775835143467.250,1775835143583.760,116.510,10.001,105.510,36.058,32937,5545,200.0,0,0,70.5
4862,mean_dynamic_mobilenetv2,stable,features_16,1775835143586.758,1775835143714.266,127.508,8.001,117.507,32.244,32937,5545,200.0,0,0,73.8
4863,mean_dynamic_mobilenetv2,stable,features_16,1775835143717.266,1775835143804.776,87.510,11.002,75.505,24.464,32937,5545,200.0,0,0,70.0
4864,mean_dynamic_mobilenetv2,stable,features_16,1775835143807.779,1775835143915.327,107.548,10.000,96.550,33.295,32937,5545,200.0,0,0,74.0
4865,mean_dynamic_mobilenetv2,stable,features_16,1775835143919.286,1775835144038.796,119.510,18.000,101.510,37.430,32937,5545,200.0,0,0,83.5
4866,mean_dynamic_mobilenetv2,stable,features_16,1775835144041.797,1775835144157.308,115.512,11.005,102.508,33.464,32937,5545,200.0,0,0,79.5
4867,mean_dynamic_mobilenetv2,stable,features_16,1775835144160.308,1775835144280.329,120.021,13.514,105.506,35.138,32937,5545,200.0,0,0,75.8
4868,mean_dynamic_mobilenetv2,stable,features_16,1775835144283.329,1775835144357.332,74.002,10.000,62.002,21.252,32937,5545,200.0,0,0,70.0
4869,mean_dynamic_mobilenetv2,stable,features_16,1775835144359.334,1775835144472.361,113.027,10.522,102.504,39.644,32937,5545,200.0,0,0,70.5
4870,mean_dynamic_mobilenetv2,stable,features_16,1775835144475.364,1775835144571.870,96.507,9.000,86.506,22.590,32937,5545,200.0,0,0,70.8
4871,mean_dynamic_mobilenetv2,stable,features_16,1775835144575.871,1775835144690.379,114.509,9.001,105.508,37.829,32937,5545,200.0,0,0,70.8
4872,mean_dynamic_mobilenetv2,stable,features_16,1775835144693.385,1775835144809.533,116.148,10.996,105.152,35.162,32937,5545,200.0,0,0,74.2
4873,mean_dynamic_mobilenetv2,stable,features_16,1775835144813.529,1775835144930.048,116.519,14.001,101.513,35.451,32937,5545,200.0,0,0,80.8
4874,mean_dynamic_mobilenetv2,stable,features_16,1775835144934.042,1775835145017.552,83.511,14.005,68.506,24.101,32937,5545,200.0,0,0,90.1
4875,mean_dynamic_mobilenetv2,stable,features_16,1775835145020.553,1775835145106.061,85.508,14.001,69.508,24.893,32937,5545,200.0,0,0,75.3
4876,mean_dynamic_mobilenetv2,stable,features_16,1775835145109.062,1775835145225.570,116.508,11.001,105.507,37.071,32937,5545,200.0,0,0,70.5
4877,mean_dynamic_mobilenetv2,stable,features_16,1775835145229.570,1775835145361.087,131.517,9.004,122.513,30.723,32937,5545,200.0,0,0,69.4
4878,mean_dynamic_mobilenetv2,stable,features_16,1775835145364.592,1775835145482.100,117.508,8.002,108.507,38.750,32937,5545,200.0,0,0,71.4
4879,mean_dynamic_mobilenetv2,stable,features_16,1775835145486.103,1775835145620.609,134.506,9.000,125.506,34.146,32937,5545,200.0,0,0,70.8
4880,mean_dynamic_mobilenetv2,stable,features_16,1775835145624.609,1775835145768.626,144.017,12.001,131.197,37.624,32937,5545,200.0,0,0,70.9
4881,mean_dynamic_mobilenetv2,stable,features_16,1775835145772.627,1775835145889.135,116.508,14.001,102.507,35.678,32937,5545,200.0,0,0,77.2
4882,mean_dynamic_mobilenetv2,stable,features_16,1775835145892.135,1775835146001.645,109.509,11.000,98.510,33.840,32937,5545,200.0,0,0,82.3
4883,mean_dynamic_mobilenetv2,stable,features_16,1775835146005.644,1775835146123.155,117.510,13.001,102.509,36.809,32937,5545,200.0,0,0,74.0
4884,mean_dynamic_mobilenetv2,stable,features_16,1775835146126.160,1775835146241.667,115.507,9.000,105.507,36.001,32937,5545,200.0,0,0,69.3
4885,mean_dynamic_mobilenetv2,stable,features_16,1775835146245.667,1775835146373.692,128.025,10.006,117.018,34.869,32937,5545,200.0,0,0,71.1
4886,mean_dynamic_mobilenetv2,stable,features_16,1775835146376.692,1775835146513.200,136.508,14.000,121.508,34.248,32937,5545,200.0,0,0,69.7
4887,mean_dynamic_mobilenetv2,stable,features_16,1775835146516.200,1775835146624.711,108.511,10.003,97.508,35.066,32937,5545,200.0,0,0,70.5
4888,mean_dynamic_mobilenetv2,stable,features_16,1775835146628.711,1775835146740.223,111.512,10.001,100.510,36.106,32937,5545,200.0,0,0,73.5
4889,mean_dynamic_mobilenetv2,stable,features_16,1775835146743.224,1775835146824.733,81.510,9.005,72.504,26.600,32937,5545,200.0,0,0,74.0
4890,mean_dynamic_mobilenetv2,stable,features_16,1775835146827.736,1775835146949.245,121.509,10.000,109.507,34.982,32937,5545,200.0,0,0,70.9
4891,mean_dynamic_mobilenetv2,stable,features_16,1775835146953.245,1775835147076.267,123.022,20.510,101.511,36.474,32937,5545,200.0,0,0,75.8
4892,mean_dynamic_mobilenetv2,stable,features_16,1775835147083.268,1775835147195.775,112.508,10.999,101.509,33.807,32937,5545,200.0,0,0,73.4
4893,mean_dynamic_mobilenetv2,stable,features_16,1775835147199.779,1775835147317.283,117.504,8.997,107.504,38.704,32937,5545,200.0,0,0,68.4
4894,mean_dynamic_mobilenetv2,stable,features_16,1775835147320.283,1775835147433.793,113.510,12.003,100.506,33.662,32937,5545,200.0,0,0,70.3
4895,mean_dynamic_mobilenetv2,stable,features_16,1775835147437.793,1775835147552.315,114.522,10.002,102.514,30.535,32937,5545,200.0,0,0,81.4
4896,mean_dynamic_mobilenetv2,stable,features_16,1775835147555.315,1775835147664.337,109.022,10.516,97.506,34.619,32937,5545,200.0,0,0,71.8
4897,mean_dynamic_mobilenetv2,stable,features_16,1775835147667.336,1775835147753.338,86.002,15.001,70.001,27.329,32937,5545,200.0,0,0,69.0
4898,mean_dynamic_mobilenetv2,stable,features_16,1775835147757.338,1775835147878.359,121.021,9.509,110.512,40.187,32937,5545,200.0,0,0,69.5
4899,mean_dynamic_mobilenetv2,stable,features_16,1775835147881.360,1775835147973.867,92.508,11.000,81.508,25.109,32937,5545,200.0,0,0,75.3
4900,mean_dynamic_mobilenetv2,stable,features_16,1775835147977.868,1775835148096.377,118.509,12.001,104.507,38.523,32937,5545,200.0,0,0,76.6
4901,mean_dynamic_mobilenetv2,stable,features_16,1775835148099.376,1775835148227.884,128.507,10.002,117.506,36.443,32937,5545,200.0,0,0,72.0
4902,mean_dynamic_mobilenetv2,stable,features_16,1775835148231.888,1775835148365.903,134.015,10.997,123.018,33.552,32937,5545,200.0,0,0,69.2
4903,mean_dynamic_mobilenetv2,stable,features_16,1775835148368.903,1775835148454.905,86.002,13.001,73.001,26.029,32937,5545,200.0,0,0,72.9
4904,mean_dynamic_mobilenetv2,stable,features_16,1775835148457.907,1775835148561.417,103.510,10.508,92.003,29.826,32937,5545,200.0,0,0,73.5
4905,mean_dynamic_mobilenetv2,stable,features_16,1775835148564.925,1775835148680.433,115.508,10.002,104.506,36.062,32937,5545,200.0,0,0,72.0
4906,mean_dynamic_mobilenetv2,stable,features_16,1775835148683.435,1775835148781.943,98.508,10.998,87.510,23.408,32937,5545,200.0,0,0,68.7
4907,mean_dynamic_mobilenetv2,stable,features_16,1775835148785.943,1775835148914.455,128.511,11.000,117.511,36.711,32937,5545,200.0,0,0,70.6
4908,mean_dynamic_mobilenetv2,stable,features_16,1775835148917.458,1775835149012.965,95.507,10.999,83.508,23.895,32937,5545,200.0,0,0,81.0
4909,mean_dynamic_mobilenetv2,stable,features_16,1775835149016.965,1775835149128.472,111.507,13.001,97.506,31.674,32937,5545,200.0,0,0,79.1
4910,mean_dynamic_mobilenetv2,stable,features_16,1775835149132.475,1775835149271.489,139.013,11.000,127.013,37.176,32937,5545,200.0,0,0,70.1
4911,mean_dynamic_mobilenetv2,stable,features_16,1775835149274.490,1775835149387.996,113.506,9.001,104.505,35.401,32937,5545,200.0,0,0,70.5
4912,mean_dynamic_mobilenetv2,stable,features_16,1775835149390.997,1775835149522.510,131.513,9.999,119.511,36.375,32937,5545,200.0,0,0,69.0
4913,mean_dynamic_mobilenetv2,stable,features_16,1775835149525.513,1775835149638.018,112.506,9.000,102.505,34.299,32937,5545,200.0,0,0,70.9
4914,mean_dynamic_mobilenetv2,stable,features_16,1775835149641.019,1775835149767.034,126.015,10.002,114.008,36.810,32937,5545,200.0,0,0,72.1
4915,mean_dynamic_mobilenetv2,stable,features_16,1775835149770.046,1775835149887.544,117.498,14.989,100.510,32.857,32937,5545,200.0,0,0,72.5
4916,mean_dynamic_mobilenetv2,stable,features_16,1775835149890.545,1775835150017.054,126.510,13.001,113.509,36.793,32937,5545,200.0,0,0,75.8
4917,mean_dynamic_mobilenetv2,stable,features_16,1775835150021.055,1775835150159.566,138.511,11.002,125.509,36.793,32937,5545,200.0,0,0,73.6
4918,mean_dynamic_mobilenetv2,stable,features_16,1775835150163.069,1775835150276.586,113.517,9.004,104.512,32.280,32937,5545,200.0,0,0,70.6
4919,mean_dynamic_mobilenetv2,stable,features_16,1775835150279.586,1775835150383.095,103.509,10.001,92.508,29.818,32937,5545,200.0,0,0,72.4
4920,mean_dynamic_mobilenetv2,stable,features_16,1775835150385.096,1775835150501.603,116.507,9.001,106.505,34.554,32937,5545,200.0,0,0,70.1
4921,mean_dynamic_mobilenetv2,stable,features_16,1775835150504.603,1775835150620.623,116.020,11.512,104.507,35.187,32937,5545,200.0,0,0,70.8
4922,mean_dynamic_mobilenetv2,stable,features_16,1775835150623.626,1775835150748.133,124.507,11.999,111.506,36.301,32937,5545,200.0,0,0,71.1
4923,mean_dynamic_mobilenetv2,stable,features_16,1775835150752.137,1775835150890.158,138.021,12.515,123.506,38.836,32937,5545,200.0,0,0,71.5
4924,mean_dynamic_mobilenetv2,stable,features_16,1775835150893.158,1775835150976.666,83.508,11.002,72.506,27.017,32937,5545,200.0,0,0,76.8
4925,mean_dynamic_mobilenetv2,stable,features_16,1775835150979.667,1775835151125.181,145.513,12.003,133.510,34.850,32937,5545,200.0,0,0,76.7
4926,mean_dynamic_mobilenetv2,stable,features_16,1775835151130.179,1775835151248.695,118.516,13.002,104.513,36.380,32937,5545,200.0,0,0,71.1
4927,mean_dynamic_mobilenetv2,stable,features_16,1775835151251.696,1775835151365.280,113.583,11.503,100.069,34.413,32937,5545,200.0,0,0,74.6
4928,mean_dynamic_mobilenetv2,stable,features_16,1775835151368.279,1775835151454.283,86.005,15.001,68.003,24.662,32937,5545,200.0,0,0,71.9
4929,mean_dynamic_mobilenetv2,stable,features_16,1775835151457.282,1775835151584.301,127.018,11.510,112.508,31.201,32937,5545,200.0,0,0,72.1
4930,mean_dynamic_mobilenetv2,stable,features_16,1775835151587.304,1775835151705.809,118.504,12.999,104.505,37.192,32937,5545,200.0,0,0,70.3
4931,mean_dynamic_mobilenetv2,stable,features_16,1775835151708.808,1775835151842.324,133.516,9.001,123.508,35.659,32937,5545,200.0,0,0,72.0
4932,mean_dynamic_mobilenetv2,stable,features_16,1775835151845.318,1775835151954.832,109.514,9.004,99.510,33.942,32937,5545,200.0,0,0,72.6
4933,mean_dynamic_mobilenetv2,stable,features_16,1775835151958.830,1775835152076.851,118.021,16.515,99.505,34.207,32937,5545,200.0,0,0,80.9
4934,mean_dynamic_mobilenetv2,stable,features_16,1775835152079.854,1775835152199.358,119.504,11.000,107.504,36.818,32937,5545,200.0,0,0,72.1
4935,mean_dynamic_mobilenetv2,stable,features_16,1775835152202.358,1775835152281.874,79.516,11.001,67.514,22.186,32937,5545,200.0,0,0,69.5
4936,mean_dynamic_mobilenetv2,stable,features_16,1775835152285.874,1775835152405.388,119.514,13.002,104.510,35.274,32937,5545,200.0,0,0,75.8
4937,mean_dynamic_mobilenetv2,stable,features_16,1775835152409.389,1775835152524.901,115.512,13.000,102.512,35.249,32937,5545,200.0,0,0,70.0
4938,mean_dynamic_mobilenetv2,stable,features_16,1775835152527.904,1775835152608.433,80.529,12.518,68.011,22.356,32937,5545,200.0,0,0,76.2
4939,mean_dynamic_mobilenetv2,stable,features_16,1775835152611.433,1775835152694.950,83.517,10.000,72.512,25.298,32937,5545,200.0,0,0,70.4
4940,mean_dynamic_mobilenetv2,stable,features_16,1775835152697.945,1775835152802.455,104.510,11.000,93.510,30.308,32937,5545,200.0,0,0,70.5
4941,mean_dynamic_mobilenetv2,stable,features_16,1775835152805.456,1775835152882.969,77.514,11.000,65.510,23.974,32937,5545,200.0,0,0,72.5
4942,mean_dynamic_mobilenetv2,stable,features_16,1775835152885.967,1775835153001.476,115.510,16.000,97.509,31.784,32937,5545,200.0,0,0,73.4
4943,mean_dynamic_mobilenetv2,stable,features_16,1775835153004.476,1775835153129.985,125.510,17.001,107.509,35.258,32937,5545,200.0,0,0,77.5
4944,mean_dynamic_mobilenetv2,stable,features_16,1775835153133.985,1775835153220.493,86.509,18.004,67.504,22.294,32937,5545,200.0,0,0,71.9
4945,mean_dynamic_mobilenetv2,stable,features_16,1775835153223.493,1775835153339.002,115.509,13.001,102.507,35.171,32937,5545,200.0,0,0,75.2
4946,mean_dynamic_mobilenetv2,stable,features_16,1775835153343.004,1775835153471.026,128.021,9.006,118.010,33.967,32937,5545,200.0,0,0,75.0
4947,mean_dynamic_mobilenetv2,stable,features_16,1775835153473.025,1775835153548.021,74.996,9.998,63.999,23.517,32937,5545,200.0,0,0,72.5
4948,mean_dynamic_mobilenetv2,stable,features_16,1775835153551.027,1775835153666.048,115.021,10.000,103.021,36.967,32937,5545,200.0,0,0,71.1
4949,mean_dynamic_mobilenetv2,stable,features_16,1775835153669.048,1775835153750.051,81.002,11.001,70.001,23.780,32937,5545,200.0,0,0,68.3
4950,mean_dynamic_mobilenetv2,stable,features_16,1775835153753.055,1775835153867.075,114.020,10.501,101.760,35.743,32937,5545,200.0,0,0,73.2
4951,mean_dynamic_mobilenetv2,stable,features_16,1775835153870.075,1775835153996.584,126.509,15.001,111.508,32.245,32937,5545,200.0,0,0,75.9
4952,mean_dynamic_mobilenetv2,stable,features_16,1775835153999.586,1775835154086.094,86.509,12.999,71.508,25.774,32937,5545,200.0,0,0,79.3
4953,mean_dynamic_mobilenetv2,stable,features_16,1775835154089.096,1775835154204.602,115.506,12.000,103.506,33.517,32937,5545,200.0,0,0,76.7
4954,mean_dynamic_mobilenetv2,stable,features_16,1775835154208.606,1775835154286.112,77.506,11.997,65.509,21.818,32937,5545,200.0,0,0,79.0
4955,mean_dynamic_mobilenetv2,stable,features_16,1775835154289.119,1775835154418.622,129.503,15.996,112.506,33.587,32937,5545,200.0,0,0,79.3
4956,mean_dynamic_mobilenetv2,stable,features_16,1775835154421.621,1775835154542.130,120.509,13.002,106.507,36.465,32937,5545,200.0,0,0,76.4
4957,mean_dynamic_mobilenetv2,stable,features_16,1775835154545.130,1775835154649.649,104.519,13.007,89.505,23.982,32937,5545,200.0,0,0,79.6
4958,mean_dynamic_mobilenetv2,stable,features_16,1775835154653.648,1775835154767.666,114.017,16.507,96.510,30.464,32937,5545,200.0,0,0,81.4
4959,mean_dynamic_mobilenetv2,stable,features_16,1775835154770.667,1775835154895.174,124.507,13.001,110.506,30.720,32937,5545,200.0,0,0,80.5
4960,mean_dynamic_mobilenetv2,stable,features_16,1775835154898.174,1775835155012.685,114.510,10.002,102.509,34.146,32937,5545,200.0,0,0,82.2
4961,mean_dynamic_mobilenetv2,stable,features_16,1775835155016.685,1775835155117.208,100.522,16.000,83.522,36.055,32937,5545,200.0,0,0,93.0
4962,mean_dynamic_mobilenetv2,stable,features_16,1775835155120.206,1775835155236.714,116.508,11.000,104.507,36.729,32937,5545,200.0,0,0,70.3
4963,mean_dynamic_mobilenetv2,stable,features_16,1775835155240.715,1775835155349.237,108.522,10.004,96.514,30.905,32937,5545,200.0,0,0,71.7
4964,mean_dynamic_mobilenetv2,stable,features_16,1775835155352.240,1775835155458.748,106.508,9.997,95.511,30.375,32937,5545,200.0,0,0,70.5
4965,mean_dynamic_mobilenetv2,stable,features_16,1775835155462.748,1775835155575.763,113.015,12.509,98.508,33.669,32937,5545,200.0,0,0,69.5
4966,mean_dynamic_mobilenetv2,stable,features_16,1775835155578.763,1775835155696.271,117.509,13.001,103.508,34.018,32937,5545,200.0,0,0,74.4
4967,mean_dynamic_mobilenetv2,stable,features_16,1775835155700.271,1775835155810.778,110.507,11.001,99.505,30.157,32937,5545,200.0,0,0,67.8
4968,mean_dynamic_mobilenetv2,stable,features_16,1775835155813.778,1775835155925.285,111.508,11.001,99.507,32.513,32937,5545,200.0,0,0,76.8
4969,mean_dynamic_mobilenetv2,stable,features_16,1775835155928.285,1775835156008.795,80.510,12.002,66.507,23.496,32937,5545,200.0,0,0,84.4
4970,mean_dynamic_mobilenetv2,stable,features_16,1775835156012.795,1775835156099.306,86.510,11.001,74.509,26.601,32937,5545,200.0,0,0,82.5
4971,mean_dynamic_mobilenetv2,stable,features_16,1775835156103.306,1775835156219.815,116.509,13.001,101.509,35.260,32937,5545,200.0,0,0,80.5
4972,mean_dynamic_mobilenetv2,stable,features_16,1775835156223.816,1775835156308.324,84.508,18.000,66.509,24.782,32937,5545,200.0,0,0,76.0
4973,mean_dynamic_mobilenetv2,stable,features_16,1775835156312.331,1775835156399.833,87.502,9.996,75.503,19.906,32937,5545,200.0,0,0,78.4
4974,mean_dynamic_mobilenetv2,stable,features_16,1775835156402.833,1775835156532.345,129.512,12.001,116.507,34.921,32937,5545,200.0,0,0,71.1
4975,mean_dynamic_mobilenetv2,stable,features_16,1775835156534.341,1775835156650.852,116.510,11.000,103.510,36.049,32937,5545,200.0,0,0,72.7
4976,mean_dynamic_mobilenetv2,stable,features_16,1775835156653.852,1775835156784.874,131.022,9.002,121.019,37.164,32937,5545,200.0,0,0,71.1
4977,mean_dynamic_mobilenetv2,stable,features_16,1775835156787.875,1775835157430.167,642.293,11.000,630.284,25.706,32937,5545,200.0,1,0,34.6
4978,mean_dynamic_mobilenetv2,stable,features_16,1775835157438.151,1775835157565.202,127.051,19.003,104.537,36.076,32937,5545,200.0,0,0,60.1
4979,mean_dynamic_mobilenetv2,stable,features_16,1775835157577.217,1775835157708.717,131.500,65.000,64.507,23.129,32937,5545,200.0,0,0,84.8
4980,mean_dynamic_mobilenetv2,stable,features_16,1775835157711.717,1775835157828.224,116.507,13.001,102.506,33.807,32937,5545,200.0,0,0,76.0
4981,mean_dynamic_mobilenetv2,stable,features_16,1775835157831.225,1775835157922.732,91.508,13.001,77.506,24.708,32937,5545,200.0,0,0,83.2
4982,mean_dynamic_mobilenetv2,stable,features_16,1775835157925.732,1775835158036.241,110.508,13.002,96.507,31.886,32937,5545,200.0,0,0,76.3
4983,mean_dynamic_mobilenetv2,stable,features_16,1775835158039.242,1775835158147.754,108.511,10.001,98.510,33.612,32937,5545,200.0,0,0,70.5
4984,mean_dynamic_mobilenetv2,stable,features_16,1775835158151.759,1775835158262.267,110.508,10.002,100.506,32.892,32937,5545,200.0,0,0,71.1
4985,mean_dynamic_mobilenetv2,stable,features_16,1775835158265.780,1775835158381.286,115.506,15.000,99.506,31.826,32937,5545,200.0,0,0,69.6
4986,mean_dynamic_mobilenetv2,stable,features_16,1775835158386.287,1775835158497.794,111.507,11.003,98.503,36.043,32937,5545,200.0,0,0,74.8
4987,mean_dynamic_mobilenetv2,stable,features_16,1775835158500.810,1775835158576.302,75.492,9.985,64.507,23.409,32937,5545,200.0,0,0,70.0
4988,mean_dynamic_mobilenetv2,stable,features_16,1775835158579.302,1775835158715.811,136.509,10.003,125.504,35.214,32937,5545,200.0,0,0,73.8
4989,mean_dynamic_mobilenetv2,stable,features_16,1775835158719.812,1775835158839.321,119.510,16.001,102.510,36.157,32937,5545,200.0,0,0,84.5
4990,mean_dynamic_mobilenetv2,stable,features_16,1775835158843.323,1775835158957.833,114.511,13.004,100.507,34.044,32937,5545,200.0,0,0,85.0
4991,mean_dynamic_mobilenetv2,stable,features_16,1775835158960.834,1775835159066.853,106.019,13.514,92.505,30.131,32937,5545,200.0,0,0,78.6
4992,mean_dynamic_mobilenetv2,stable,features_16,1775835159069.854,1775835159178.362,108.508,11.003,96.505,32.788,32937,5545,200.0,0,0,69.9
4993,mean_dynamic_mobilenetv2,stable,features_16,1775835159181.362,1775835159296.870,115.509,12.001,103.507,36.941,32937,5545,200.0,0,0,70.8
4994,mean_dynamic_mobilenetv2,stable,features_16,1775835159299.871,1775835159412.380,112.509,9.001,101.509,35.937,32937,5545,200.0,0,0,69.6
4995,mean_dynamic_mobilenetv2,stable,features_16,1775835159415.381,1775835159542.889,127.509,9.001,118.508,38.909,32937,5545,200.0,0,0,70.8
4996,mean_dynamic_mobilenetv2,stable,features_16,1775835159545.890,1775835159655.403,109.512,11.004,98.508,35.298,32937,5545,200.0,0,0,75.0
4997,mean_dynamic_mobilenetv2,stable,features_16,1775835159658.405,1775835159761.918,103.513,10.511,93.002,30.714,32937,5545,200.0,0,0,79.6
4998,mean_dynamic_mobilenetv2,stable,features_16,1775835159765.423,1775835159882.938,117.515,10.006,106.510,35.618,32937,5545,200.0,0,0,81.6
4999,mean_dynamic_mobilenetv2,stable,features_16,1775835159885.938,1775835159982.447,96.508,9.000,84.508,25.476,32937,5545,200.0,0,0,78.6
