request_id,strategy,scenario,chosen_split,t_start_ms,t_end_ms,latency_ms,front_ms,http_ms,server_compute_ms,bytes_up,bytes_down,deadline_ms,missed_deadline,switched,cpu_percent
0,reliability_dynamic_mobilenetv2,stable,features_16,1775837884512.257,1775837884690.274,178.016,92.506,82.508,25.519,32937,5545,200.0,0,0,33.4
1,reliability_dynamic_mobilenetv2,stable,features_16,1775837884700.274,1775837884799.791,99.517,18.008,79.509,23.141,32937,5545,200.0,0,0,95.8
2,reliability_dynamic_mobilenetv2,stable,features_16,1775837884804.792,1775837884900.308,95.517,23.517,70.999,22.530,32937,5545,200.0,0,0,93.8
3,reliability_dynamic_mobilenetv2,stable,features_16,1775837884904.308,1775837884988.821,84.513,18.511,65.000,22.366,32937,5545,200.0,0,0,83.8
4,reliability_dynamic_mobilenetv2,stable,features_16,1775837884992.821,1775837885093.330,100.509,21.003,78.507,20.774,32937,5545,200.0,0,0,86.0
5,reliability_dynamic_mobilenetv2,stable,features_16,1775837885097.331,1775837885184.840,87.509,19.003,67.506,19.837,32937,5545,200.0,0,0,89.6
6,reliability_dynamic_mobilenetv2,stable,features_16,1775837885188.840,1775837885272.351,83.510,19.004,63.504,19.480,32937,5545,200.0,0,0,85.2
7,reliability_dynamic_mobilenetv2,stable,features_16,1775837885276.351,1775837885393.861,117.510,20.000,96.510,18.777,32937,5545,200.0,0,0,88.5
8,reliability_dynamic_mobilenetv2,stable,features_16,1775837885397.860,1775837885479.372,81.512,19.006,61.506,18.999,32937,5545,200.0,0,0,92.9
9,reliability_dynamic_mobilenetv2,stable,features_16,1775837885483.372,1775837885572.882,89.510,18.002,69.509,25.630,32937,5545,200.0,0,0,86.7
10,reliability_dynamic_mobilenetv2,stable,features_16,1775837885576.882,1775837885664.393,87.511,19.000,66.510,20.749,32937,5545,200.0,0,0,82.7
11,reliability_dynamic_mobilenetv2,stable,features_16,1775837885668.393,1775837885756.904,88.510,21.000,66.510,19.716,32937,5545,200.0,0,0,91.7
12,reliability_dynamic_mobilenetv2,stable,features_16,1775837885763.905,1775837885854.415,90.510,25.999,63.509,20.344,32937,5545,200.0,0,0,96.5
13,reliability_dynamic_mobilenetv2,stable,features_16,1775837885859.415,1775837885947.924,88.509,23.000,65.508,20.605,32937,5545,200.0,0,0,87.0
14,reliability_dynamic_mobilenetv2,stable,features_16,1775837885951.924,1775837886040.434,88.509,19.001,68.509,22.114,32937,5545,200.0,0,0,89.9
15,reliability_dynamic_mobilenetv2,stable,features_16,1775837886044.434,1775837886127.945,83.511,19.004,62.508,19.804,32937,5545,200.0,0,0,85.2
16,reliability_dynamic_mobilenetv2,stable,features_16,1775837886131.945,1775837886216.235,84.290,20.001,62.291,19.261,32937,5545,200.0,0,0,88.7
17,reliability_dynamic_mobilenetv2,stable,features_16,1775837886219.237,1775837886308.749,89.512,24.509,63.003,19.359,32937,5545,200.0,0,0,94.0
18,reliability_dynamic_mobilenetv2,stable,features_16,1775837886313.749,1775837886407.260,93.512,23.510,70.002,22.896,32937,5545,200.0,0,0,93.8
19,reliability_dynamic_mobilenetv2,stable,features_16,1775837886411.260,1775837886494.769,83.509,16.513,65.996,20.838,32937,5545,200.0,0,0,87.5
20,reliability_dynamic_mobilenetv2,stable,features_16,1775837886499.770,1775837886584.281,84.510,18.007,65.506,20.817,32937,5545,200.0,0,0,87.7
21,reliability_dynamic_mobilenetv2,stable,features_16,1775837886588.280,1775837886664.790,76.510,16.002,59.509,18.164,32937,5545,200.0,0,0,86.6
22,reliability_dynamic_mobilenetv2,stable,features_16,1775837886668.791,1775837886748.299,79.508,18.000,60.509,18.546,32937,5545,200.0,0,0,83.8
23,reliability_dynamic_mobilenetv2,stable,features_16,1775837886752.300,1775837886845.809,93.509,23.999,67.508,22.589,32937,5545,200.0,0,0,92.8
24,reliability_dynamic_mobilenetv2,stable,features_16,1775837886848.810,1775837886934.990,86.180,19.132,65.049,20.945,32937,5545,200.0,0,0,90.6
25,reliability_dynamic_mobilenetv2,stable,features_16,1775837886938.990,1775837887041.299,102.310,28.001,73.308,18.614,32937,5545,200.0,0,0,91.3
26,reliability_dynamic_mobilenetv2,stable,features_16,1775837887045.300,1775837887129.810,84.510,21.001,61.510,18.973,32937,5545,200.0,0,0,91.5
27,reliability_dynamic_mobilenetv2,stable,features_16,1775837887133.810,1775837887225.324,91.514,20.000,70.514,22.982,32937,5545,200.0,0,0,85.4
28,reliability_dynamic_mobilenetv2,stable,features_16,1775837887230.326,1775837887316.783,86.457,18.999,67.458,20.539,32937,5545,200.0,0,0,96.9
29,reliability_dynamic_mobilenetv2,stable,features_16,1775837887335.294,1775837887422.255,86.961,22.452,63.505,20.812,32937,5545,200.0,0,0,92.3
30,reliability_dynamic_mobilenetv2,stable,features_16,1775837887426.256,1775837887505.255,79.000,17.001,60.998,19.932,32937,5545,200.0,0,0,90.0
31,reliability_dynamic_mobilenetv2,stable,features_16,1775837887509.260,1775837887595.768,86.508,19.508,65.999,21.265,32937,5545,200.0,0,0,90.7
32,reliability_dynamic_mobilenetv2,stable,features_16,1775837887599.770,1775837887686.282,86.512,19.004,65.508,20.253,32937,5545,200.0,0,0,87.6
33,reliability_dynamic_mobilenetv2,stable,features_16,1775837887690.282,1775837887770.792,80.510,18.004,60.505,19.245,32937,5545,200.0,0,0,89.0
34,reliability_dynamic_mobilenetv2,stable,features_16,1775837887774.792,1775837887856.423,81.631,20.000,61.630,18.331,32937,5545,200.0,0,0,94.8
35,reliability_dynamic_mobilenetv2,stable,features_16,1775837887860.423,1775837887944.937,84.514,23.001,60.514,18.541,32937,5545,200.0,0,0,90.1
36,reliability_dynamic_mobilenetv2,stable,features_16,1775837887948.936,1775837888038.449,89.513,22.000,65.516,19.378,32937,5545,200.0,0,0,90.6
37,reliability_dynamic_mobilenetv2,stable,features_16,1775837888042.451,1775837888128.963,86.513,20.000,65.513,20.208,32937,5545,200.0,0,0,90.6
38,reliability_dynamic_mobilenetv2,stable,features_16,1775837888132.964,1775837888233.499,100.535,20.000,78.535,21.090,32937,5545,200.0,0,0,85.7
39,reliability_dynamic_mobilenetv2,stable,features_16,1775837888236.499,1775837888314.659,78.161,16.000,62.161,19.151,32937,5545,200.0,0,0,78.8
40,reliability_dynamic_mobilenetv2,stable,features_16,1775837888318.659,1775837888401.165,82.506,19.522,61.983,19.093,32937,5545,200.0,0,0,79.2
41,reliability_dynamic_mobilenetv2,stable,features_16,1775837888405.166,1775837888490.679,85.513,18.512,66.000,20.543,32937,5545,200.0,0,0,78.2
42,reliability_dynamic_mobilenetv2,stable,features_16,1775837888494.678,1775837888577.210,82.532,17.007,64.523,19.763,32937,5545,200.0,0,0,79.4
43,reliability_dynamic_mobilenetv2,stable,features_16,1775837888580.192,1775837888660.703,80.511,18.016,60.496,19.251,32937,5545,200.0,0,0,80.2
44,reliability_dynamic_mobilenetv2,stable,features_16,1775837888663.703,1775837888747.231,83.528,18.000,64.526,21.529,32937,5545,200.0,0,0,83.3
45,reliability_dynamic_mobilenetv2,stable,features_16,1775837888750.229,1775837888844.724,94.495,20.985,73.510,20.674,32937,5545,200.0,0,0,86.9
46,reliability_dynamic_mobilenetv2,stable,features_16,1775837888847.724,1775837888933.290,85.566,18.000,65.564,20.299,32937,5545,200.0,0,0,80.0
47,reliability_dynamic_mobilenetv2,stable,features_16,1775837888937.290,1775837889021.908,84.619,18.001,65.113,22.646,32937,5545,200.0,0,0,76.5
48,reliability_dynamic_mobilenetv2,stable,features_16,1775837889024.915,1775837889122.421,97.506,17.001,80.002,19.423,32937,5545,200.0,0,0,82.7
49,reliability_dynamic_mobilenetv2,stable,features_16,1775837889125.424,1775837889220.433,95.009,18.111,76.898,26.952,32937,5545,200.0,0,0,85.0
50,reliability_dynamic_mobilenetv2,stable,features_16,1775837889224.940,1775837889319.943,95.003,22.001,72.003,20.559,32937,5545,200.0,0,0,92.7
51,reliability_dynamic_mobilenetv2,stable,features_16,1775837889322.445,1775837889434.962,112.517,19.005,93.512,24.893,32937,5545,200.0,0,0,96.2
52,reliability_dynamic_mobilenetv2,stable,features_16,1775837889439.961,1775837889523.472,83.510,19.015,63.492,19.338,32937,5545,200.0,0,0,86.2
53,reliability_dynamic_mobilenetv2,stable,features_16,1775837889527.473,1775837889606.472,78.999,18.000,61.000,17.953,32937,5545,200.0,0,0,89.6
54,reliability_dynamic_mobilenetv2,stable,features_16,1775837889610.475,1775837889698.981,88.506,16.508,70.998,19.050,32937,5545,200.0,0,0,83.3
55,reliability_dynamic_mobilenetv2,stable,features_16,1775837889701.981,1775837889803.497,101.515,18.006,81.509,20.429,32937,5545,200.0,0,0,87.6
56,reliability_dynamic_mobilenetv2,stable,features_16,1775837889807.500,1775837889898.009,90.509,24.510,64.000,19.623,32937,5545,200.0,0,0,91.3
57,reliability_dynamic_mobilenetv2,stable,features_16,1775837889902.009,1775837889991.523,89.514,25.515,63.000,20.689,32937,5545,200.0,0,0,100.0
58,reliability_dynamic_mobilenetv2,stable,features_16,1775837889995.522,1775837890083.035,87.513,23.007,64.506,19.773,32937,5545,200.0,0,0,93.8
59,reliability_dynamic_mobilenetv2,stable,features_16,1775837890087.036,1775837890171.547,84.511,18.999,63.512,19.485,32937,5545,200.0,0,0,88.1
60,reliability_dynamic_mobilenetv2,stable,features_16,1775837890175.548,1775837890264.061,88.513,22.000,66.513,20.855,32937,5545,200.0,0,0,96.9
61,reliability_dynamic_mobilenetv2,stable,features_16,1775837890269.061,1775837890354.593,85.532,20.000,63.511,21.187,32937,5545,200.0,0,0,94.8
62,reliability_dynamic_mobilenetv2,stable,features_16,1775837890358.574,1775837890439.104,80.531,18.000,61.904,19.549,32937,5545,200.0,0,0,81.2
63,reliability_dynamic_mobilenetv2,stable,features_16,1775837890442.120,1775837890523.612,81.492,14.987,65.507,20.314,32937,5545,200.0,0,0,76.0
64,reliability_dynamic_mobilenetv2,stable,features_16,1775837890527.613,1775837890608.615,81.002,16.002,64.002,19.805,32937,5545,200.0,0,0,79.5
65,reliability_dynamic_mobilenetv2,stable,features_16,1775837890612.633,1775837890690.171,77.539,16.540,58.999,18.452,32937,5545,200.0,0,0,78.0
66,reliability_dynamic_mobilenetv2,stable,features_16,1775837890693.172,1775837890775.768,82.596,17.042,64.554,18.743,32937,5545,200.0,0,0,79.6
67,reliability_dynamic_mobilenetv2,stable,features_16,1775837890778.770,1775837890859.279,80.509,18.014,61.495,19.065,32937,5545,200.0,0,0,83.8
68,reliability_dynamic_mobilenetv2,stable,features_16,1775837890863.279,1775837890940.004,76.725,14.002,62.724,19.250,32937,5545,200.0,0,0,81.2
69,reliability_dynamic_mobilenetv2,stable,features_16,1775837890944.007,1775837891027.621,83.613,17.102,66.511,21.855,32937,5545,200.0,0,0,85.4
70,reliability_dynamic_mobilenetv2,stable,features_16,1775837891031.729,1775837891149.132,117.402,16.891,100.511,21.667,32937,5545,200.0,0,0,85.0
71,reliability_dynamic_mobilenetv2,stable,features_16,1775837891153.132,1775837891256.643,103.511,17.005,85.510,19.084,32937,5545,200.0,0,0,88.7
72,reliability_dynamic_mobilenetv2,stable,features_16,1775837891260.643,1775837891339.356,78.713,14.002,63.710,21.200,32937,5545,200.0,0,0,87.5
73,reliability_dynamic_mobilenetv2,stable,features_16,1775837891343.358,1775837891429.866,86.508,17.999,66.509,20.880,32937,5545,200.0,0,0,84.0
74,reliability_dynamic_mobilenetv2,stable,features_16,1775837891432.866,1775837891517.868,85.003,17.001,67.004,21.370,32937,5545,200.0,0,0,86.5
75,reliability_dynamic_mobilenetv2,stable,features_16,1775837891522.869,1775837891603.377,80.509,18.509,59.999,18.625,32937,5545,200.0,0,0,89.7
76,reliability_dynamic_mobilenetv2,stable,features_16,1775837891607.377,1775837891699.890,92.513,14.505,77.004,17.895,32937,5545,200.0,0,0,87.9
77,reliability_dynamic_mobilenetv2,stable,features_16,1775837891703.890,1775837891784.403,80.513,19.005,61.005,17.823,32937,5545,200.0,0,0,87.5
78,reliability_dynamic_mobilenetv2,stable,features_16,1775837891788.404,1775837891879.917,91.512,20.005,71.507,20.243,32937,5545,200.0,0,0,91.7
79,reliability_dynamic_mobilenetv2,stable,features_16,1775837891883.916,1775837891980.479,96.563,12.003,82.561,19.144,32937,5545,200.0,0,0,84.7
80,reliability_dynamic_mobilenetv2,stable,features_16,1775837891984.479,1775837892086.994,102.515,16.001,85.514,20.049,32937,5545,200.0,0,0,89.6
81,reliability_dynamic_mobilenetv2,stable,features_16,1775837892090.994,1775837892180.506,89.512,20.004,68.511,20.110,32937,5545,200.0,0,0,90.7
82,reliability_dynamic_mobilenetv2,stable,features_16,1775837892183.508,1775837892276.017,92.509,21.999,68.511,20.769,32937,5545,200.0,0,0,98.0
83,reliability_dynamic_mobilenetv2,stable,features_16,1775837892280.017,1775837892364.533,84.516,23.000,60.515,19.315,32937,5545,200.0,0,0,92.5
84,reliability_dynamic_mobilenetv2,stable,features_16,1775837892368.533,1775837892452.042,83.509,20.001,61.509,19.205,32937,5545,200.0,0,0,93.9
85,reliability_dynamic_mobilenetv2,stable,features_16,1775837892456.042,1775837892538.063,82.021,18.001,63.021,19.397,32937,5545,200.0,0,0,91.5
86,reliability_dynamic_mobilenetv2,stable,features_16,1775837892542.062,1775837892630.083,88.020,22.512,65.509,22.006,32937,5545,200.0,0,0,98.0
87,reliability_dynamic_mobilenetv2,stable,features_16,1775837892635.082,1775837892730.107,95.026,26.516,67.510,20.362,32937,5545,200.0,0,0,93.9
88,reliability_dynamic_mobilenetv2,stable,features_16,1775837892734.108,1775837892848.618,114.510,29.000,83.511,21.408,32937,5545,200.0,0,0,99.2
89,reliability_dynamic_mobilenetv2,stable,features_16,1775837892853.619,1775837892955.133,101.513,26.000,74.513,19.661,32937,5545,200.0,0,0,92.0
90,reliability_dynamic_mobilenetv2,stable,features_16,1775837892959.132,1775837893061.372,102.240,21.000,79.238,20.421,32937,5545,200.0,0,0,89.3
91,reliability_dynamic_mobilenetv2,stable,features_16,1775837893065.371,1775837893152.886,87.515,20.000,66.514,21.219,32937,5545,200.0,0,0,93.8
92,reliability_dynamic_mobilenetv2,stable,features_16,1775837893157.887,1775837893252.397,94.510,22.999,70.511,20.042,32937,5545,200.0,0,0,95.8
93,reliability_dynamic_mobilenetv2,stable,features_16,1775837893256.397,1775837893343.907,87.510,24.003,62.508,18.272,32937,5545,200.0,0,0,94.8
94,reliability_dynamic_mobilenetv2,stable,features_16,1775837893347.907,1775837893435.422,87.515,19.001,67.514,25.221,32937,5545,200.0,0,0,92.9
95,reliability_dynamic_mobilenetv2,stable,features_16,1775837893442.420,1775837893527.931,85.511,20.001,64.511,20.437,32937,5545,200.0,0,0,87.5
96,reliability_dynamic_mobilenetv2,stable,features_16,1775837893531.932,1775837893618.935,87.003,19.002,68.001,20.169,32937,5545,200.0,0,0,90.8
97,reliability_dynamic_mobilenetv2,stable,features_16,1775837893623.438,1775837893707.444,84.005,21.006,61.999,19.366,32937,5545,200.0,0,0,89.0
98,reliability_dynamic_mobilenetv2,stable,features_16,1775837893712.448,1775837893807.955,95.508,19.509,73.999,18.439,32937,5545,200.0,0,0,97.4
99,reliability_dynamic_mobilenetv2,stable,features_16,1775837893811.959,1775837893908.468,96.508,23.509,71.000,21.632,32937,5545,200.0,0,0,92.3
100,reliability_dynamic_mobilenetv2,stable,features_16,1775837893911.474,1775837894008.982,97.509,17.503,80.005,20.165,32937,5545,200.0,0,0,88.5
101,reliability_dynamic_mobilenetv2,stable,features_16,1775837894012.983,1775837894096.490,83.506,17.508,65.999,20.484,32937,5545,200.0,0,0,79.0
102,reliability_dynamic_mobilenetv2,stable,features_16,1775837894099.490,1775837894182.000,82.510,16.003,66.507,20.294,32937,5545,200.0,0,0,83.3
103,reliability_dynamic_mobilenetv2,stable,features_16,1775837894186.000,1775837894265.509,79.509,17.001,62.508,20.649,32937,5545,200.0,0,0,83.5
104,reliability_dynamic_mobilenetv2,stable,features_16,1775837894268.510,1775837894355.020,86.510,17.029,68.481,19.088,32937,5545,200.0,0,0,83.9
105,reliability_dynamic_mobilenetv2,stable,features_16,1775837894358.020,1775837894441.528,83.508,17.999,65.509,20.580,32937,5545,200.0,0,0,73.8
106,reliability_dynamic_mobilenetv2,stable,features_16,1775837894445.528,1775837894532.039,86.512,18.001,67.511,21.005,32937,5545,200.0,0,0,86.7
107,reliability_dynamic_mobilenetv2,stable,features_16,1775837894536.037,1775837894626.549,90.511,18.002,70.512,28.899,32937,5545,200.0,0,0,90.9
108,reliability_dynamic_mobilenetv2,stable,features_16,1775837894629.551,1775837894713.553,84.002,17.000,66.002,22.390,32937,5545,200.0,0,0,82.7
109,reliability_dynamic_mobilenetv2,stable,features_16,1775837894718.554,1775837894829.580,111.026,22.511,86.515,38.573,32937,5545,200.0,0,0,99.2
110,reliability_dynamic_mobilenetv2,stable,features_16,1775837894833.579,1775837894929.091,95.512,21.000,73.511,25.285,32937,5545,200.0,0,0,85.0
111,reliability_dynamic_mobilenetv2,stable,features_16,1775837894941.090,1775837895092.613,151.523,83.525,64.999,20.014,32937,5545,200.0,0,0,98.3
112,reliability_dynamic_mobilenetv2,stable,features_16,1775837895097.612,1775837895220.220,122.608,50.514,69.090,22.373,32937,5545,200.0,0,0,98.5
113,reliability_dynamic_mobilenetv2,stable,features_16,1775837895230.729,1775837895408.242,177.512,89.005,83.509,22.837,32937,5545,200.0,0,0,100.0
114,reliability_dynamic_mobilenetv2,stable,features_16,1775837895420.249,1775837895625.802,205.554,128.036,76.517,23.789,32937,5545,200.0,1,0,99.6
115,reliability_dynamic_mobilenetv2,stable,features_16,1775837895636.802,1775837895826.841,190.039,108.516,76.524,29.631,32937,5545,200.0,0,0,98.6
116,reliability_dynamic_mobilenetv2,stable,features_16,1775837895834.841,1775837895961.352,126.511,59.001,65.510,24.264,32937,5545,200.0,0,0,98.6
117,reliability_dynamic_mobilenetv2,stable,features_16,1775837895967.355,1775837896089.875,122.520,58.523,61.996,18.703,32937,5545,200.0,0,0,96.2
118,reliability_dynamic_mobilenetv2,stable,features_16,1775837896098.875,1775837896188.393,89.518,26.518,61.000,19.408,32937,5545,200.0,0,0,92.7
119,reliability_dynamic_mobilenetv2,stable,features_16,1775837896192.413,1775837896276.906,84.492,16.985,66.508,21.052,32937,5545,200.0,0,0,82.3
120,reliability_dynamic_mobilenetv2,stable,features_16,1775837896279.906,1775837896367.930,88.024,16.000,71.023,20.497,32937,5545,200.0,0,0,88.8
121,reliability_dynamic_mobilenetv2,stable,features_16,1775837896371.930,1775837896452.272,80.342,17.001,61.356,19.145,32937,5545,200.0,0,0,78.5
122,reliability_dynamic_mobilenetv2,stable,features_16,1775837896456.291,1775837896537.803,81.513,17.982,62.531,19.674,32937,5545,200.0,0,0,78.0
123,reliability_dynamic_mobilenetv2,stable,features_16,1775837896540.805,1775837896621.915,81.110,15.104,65.021,20.369,32937,5545,200.0,0,0,80.4
124,reliability_dynamic_mobilenetv2,stable,features_16,1775837896625.420,1775837896706.421,81.001,17.011,63.990,19.946,32937,5545,200.0,0,0,73.3
125,reliability_dynamic_mobilenetv2,stable,features_16,1775837896710.427,1775837896793.931,83.504,17.506,64.000,21.450,32937,5545,200.0,0,0,82.5
126,reliability_dynamic_mobilenetv2,stable,features_16,1775837896796.931,1775837896906.451,109.520,14.008,93.530,18.050,32937,5545,200.0,0,0,78.2
127,reliability_dynamic_mobilenetv2,stable,features_16,1775837896909.453,1775837896995.963,86.510,18.510,66.106,21.029,32937,5545,200.0,0,0,73.7
128,reliability_dynamic_mobilenetv2,stable,features_16,1775837896998.960,1775837897087.068,88.108,14.007,72.100,21.195,32937,5545,200.0,0,0,82.7
129,reliability_dynamic_mobilenetv2,stable,features_16,1775837897093.068,1775837897212.590,119.522,50.512,68.011,22.324,32937,5545,200.0,0,0,96.2
130,reliability_dynamic_mobilenetv2,stable,features_16,1775837897217.589,1775837897372.623,155.034,88.520,65.513,18.842,32937,5545,200.0,0,0,100.0
131,reliability_dynamic_mobilenetv2,stable,features_16,1775837897383.622,1775837897577.652,194.030,125.513,67.516,20.812,32937,5545,200.0,0,0,99.1
132,reliability_dynamic_mobilenetv2,stable,features_16,1775837897588.653,1775837897771.690,183.038,103.526,75.514,24.853,32937,5545,200.0,0,0,98.0
133,reliability_dynamic_mobilenetv2,stable,features_16,1775837897778.690,1775837897962.716,184.026,97.514,83.511,24.355,32937,5545,200.0,0,0,99.5
134,reliability_dynamic_mobilenetv2,stable,features_16,1775837897968.716,1775837898142.739,174.023,99.513,73.510,22.176,32937,5545,200.0,0,0,98.9
135,reliability_dynamic_mobilenetv2,stable,features_16,1775837898149.739,1775837898329.769,180.030,111.516,66.510,23.003,32937,5545,200.0,0,0,100.0
136,reliability_dynamic_mobilenetv2,stable,features_16,1775837898338.765,1775837898505.276,166.511,87.511,76.999,22.690,32937,5545,200.0,0,0,97.8
137,reliability_dynamic_mobilenetv2,stable,features_16,1775837898511.280,1775837898674.302,163.021,84.509,73.513,20.907,32937,5545,200.0,0,0,98.3
138,reliability_dynamic_mobilenetv2,stable,features_16,1775837898679.302,1775837898832.325,153.024,76.512,72.512,22.542,32937,5545,200.0,0,0,98.2
139,reliability_dynamic_mobilenetv2,stable,features_16,1775837898846.327,1775837898989.852,143.524,76.002,66.522,19.077,32937,5545,200.0,0,0,98.8
140,reliability_dynamic_mobilenetv2,stable,features_16,1775837898995.851,1775837899144.872,149.021,84.515,62.508,20.021,32937,5545,200.0,0,0,97.0
141,reliability_dynamic_mobilenetv2,stable,features_16,1775837899152.872,1775837899323.400,170.528,85.514,83.017,20.207,32937,5545,200.0,0,0,99.5
142,reliability_dynamic_mobilenetv2,stable,features_16,1775837899336.914,1775837899507.422,170.508,98.508,71.000,20.355,32937,5545,200.0,0,0,98.9
143,reliability_dynamic_mobilenetv2,stable,features_16,1775837899512.426,1775837899660.445,148.019,80.511,66.509,20.321,32937,5545,200.0,0,0,98.8
144,reliability_dynamic_mobilenetv2,stable,features_16,1775837899672.445,1775837899820.963,148.518,81.512,66.005,20.758,32937,5545,200.0,0,0,100.0
145,reliability_dynamic_mobilenetv2,stable,features_16,1775837899825.474,1775837899986.986,161.512,88.005,70.507,20.314,32937,5545,200.0,0,0,97.5
146,reliability_dynamic_mobilenetv2,stable,features_16,1775837899994.986,1775837900164.010,169.023,96.512,71.510,20.416,32937,5545,200.0,0,0,99.5
147,reliability_dynamic_mobilenetv2,stable,features_16,1775837900170.009,1775837900308.530,138.522,67.520,67.001,22.099,32937,5545,200.0,0,0,97.0
148,reliability_dynamic_mobilenetv2,stable,features_16,1775837900315.532,1775837900439.560,124.028,60.520,62.512,19.200,32937,5545,200.0,0,0,100.0
149,reliability_dynamic_mobilenetv2,stable,features_16,1775837900445.561,1775837900585.669,140.108,72.007,65.099,20.032,32937,5545,200.0,0,0,94.7
150,reliability_dynamic_mobilenetv2,stable,features_16,1775837900595.668,1775837900791.701,196.033,114.522,75.510,25.379,32937,5545,200.0,0,0,98.7
151,reliability_dynamic_mobilenetv2,stable,features_16,1775837900800.701,1775837900989.723,189.022,112.514,75.508,20.795,32937,5545,200.0,0,0,98.5
152,reliability_dynamic_mobilenetv2,stable,features_16,1775837900994.722,1775837901161.746,167.024,93.511,71.513,19.763,32937,5545,200.0,0,0,98.9
153,reliability_dynamic_mobilenetv2,stable,features_16,1775837901169.746,1775837901406.769,237.023,161.023,75.000,22.342,32937,5545,200.0,1,0,100.0
154,reliability_dynamic_mobilenetv2,stable,features_16,1775837901415.772,1775837901584.792,169.020,98.512,63.508,21.477,32937,5545,200.0,0,0,98.9
155,reliability_dynamic_mobilenetv2,stable,features_16,1775837901593.794,1775837901773.814,180.020,107.511,70.509,21.473,32937,5545,200.0,0,0,100.0
156,reliability_dynamic_mobilenetv2,stable,features_16,1775837901787.815,1775837901976.844,189.029,114.518,73.512,21.039,32937,5545,200.0,0,0,98.2
157,reliability_dynamic_mobilenetv2,stable,features_16,1775837901992.844,1775837902164.872,172.029,102.517,67.511,20.292,32937,5545,200.0,0,0,99.5
158,reliability_dynamic_mobilenetv2,stable,features_16,1775837902172.873,1775837902348.901,176.028,107.514,66.514,19.953,32937,5545,200.0,0,0,98.4
159,reliability_dynamic_mobilenetv2,stable,features_16,1775837902354.902,1775837902528.933,174.031,102.510,70.518,20.899,32937,5545,200.0,0,0,99.0
160,reliability_dynamic_mobilenetv2,stable,features_16,1775837902538.435,1775837902718.469,180.034,50.515,127.517,22.125,32937,5545,200.0,0,0,97.5
161,reliability_dynamic_mobilenetv2,stable,features_16,1775837902722.465,1775837902874.488,152.022,82.508,68.514,19.322,32937,5545,200.0,0,0,98.8
162,reliability_dynamic_mobilenetv2,stable,features_16,1775837902881.487,1775837902987.999,106.513,42.004,63.005,19.247,32937,5545,200.0,0,0,100.0
163,reliability_dynamic_mobilenetv2,stable,features_16,1775837902991.999,1775837903094.830,102.831,34.830,67.000,21.130,32937,5545,200.0,0,0,96.5
164,reliability_dynamic_mobilenetv2,stable,features_16,1775837903100.831,1775837903217.355,116.524,44.516,70.004,21.306,32937,5545,200.0,0,0,98.5
165,reliability_dynamic_mobilenetv2,stable,features_16,1775837903223.358,1775837903458.192,234.834,158.312,73.521,21.810,32937,5545,200.0,1,0,100.0
166,reliability_dynamic_mobilenetv2,stable,features_16,1775837903468.189,1775837903650.240,182.051,101.521,77.528,22.433,32937,5545,200.0,0,0,97.8
167,reliability_dynamic_mobilenetv2,stable,features_16,1775837903661.237,1775837903861.278,200.041,126.518,71.521,22.089,32937,5545,200.0,1,0,99.5
168,reliability_dynamic_mobilenetv2,stable,features_16,1775837903873.276,1775837904111.634,238.358,161.346,71.001,19.755,32937,5545,200.0,1,0,99.2
169,reliability_dynamic_mobilenetv2,stable,features_16,1775837904149.153,1775837904465.663,316.510,239.990,71.517,20.646,32937,5545,200.0,1,0,100.0
170,reliability_dynamic_mobilenetv2,stable,features_16,1775837904480.662,1775837904717.958,237.296,158.048,74.249,23.394,32937,5545,200.0,1,0,100.0
171,reliability_dynamic_mobilenetv2,stable,features_16,1775837904722.958,1775837904979.525,256.567,185.050,70.520,20.396,32937,5545,200.0,1,0,100.0
172,reliability_dynamic_mobilenetv2,stable,features_16,1775837904996.529,1775837905230.095,233.566,161.049,71.517,20.062,32937,5545,200.0,1,0,99.2
173,reliability_dynamic_mobilenetv2,stable,features_16,1775837905235.097,1775837905420.629,185.532,114.522,70.014,20.524,32937,5545,200.0,0,0,100.0
174,reliability_dynamic_mobilenetv2,stable,features_16,1775837905434.141,1775837905682.192,248.051,169.531,74.522,19.186,32937,5545,200.0,1,0,99.6
175,reliability_dynamic_mobilenetv2,stable,features_16,1775837905688.184,1775837905966.749,278.565,195.039,77.523,20.220,32937,5545,200.0,1,0,99.3
176,reliability_dynamic_mobilenetv2,stable,features_16,1775837905977.757,1775837906130.797,153.040,82.523,66.514,22.211,32937,5545,200.0,0,0,98.2
177,reliability_dynamic_mobilenetv2,stable,features_16,1775837906139.797,1775837906302.308,162.511,74.005,88.506,22.416,32937,5545,200.0,0,0,99.5
178,reliability_dynamic_mobilenetv2,stable,features_16,1775837906310.308,1775837906484.336,174.028,89.511,79.511,20.822,32937,5545,200.0,0,0,98.0
179,reliability_dynamic_mobilenetv2,stable,features_16,1775837906489.335,1775837906593.846,104.511,40.510,63.000,18.991,32937,5545,200.0,0,0,98.4
180,reliability_dynamic_mobilenetv2,stable,features_16,1775837906597.846,1775837906687.358,89.512,28.003,60.507,18.449,32937,5545,200.0,0,0,94.9
181,reliability_dynamic_mobilenetv2,stable,features_16,1775837906691.358,1775837906778.869,87.511,24.003,61.506,18.275,32937,5545,200.0,0,0,94.1
182,reliability_dynamic_mobilenetv2,stable,features_16,1775837906782.868,1775837906884.379,101.511,38.003,62.509,20.457,32937,5545,200.0,0,0,96.6
183,reliability_dynamic_mobilenetv2,stable,features_16,1775837906889.381,1775837906974.895,85.514,20.000,64.513,19.936,32937,5545,200.0,0,0,86.2
184,reliability_dynamic_mobilenetv2,stable,features_16,1775837906977.894,1775837907061.406,83.511,18.004,65.507,19.753,32937,5545,200.0,0,0,88.8
185,reliability_dynamic_mobilenetv2,stable,features_16,1775837907065.406,1775837907147.428,82.022,20.000,61.021,18.243,32937,5545,200.0,0,0,91.2
186,reliability_dynamic_mobilenetv2,stable,features_16,1775837907150.429,1775837907230.939,80.510,18.000,61.510,20.118,32937,5545,200.0,0,0,94.8
187,reliability_dynamic_mobilenetv2,stable,features_16,1775837907234.939,1775837907316.941,82.002,16.003,63.999,20.340,32937,5545,200.0,0,0,92.5
188,reliability_dynamic_mobilenetv2,stable,features_16,1775837907320.941,1775837907409.457,88.516,21.518,65.000,19.732,32937,5545,200.0,0,0,96.2
189,reliability_dynamic_mobilenetv2,stable,features_16,1775837907414.460,1775837907503.971,89.511,25.512,62.000,18.717,32937,5545,200.0,0,0,87.0
190,reliability_dynamic_mobilenetv2,stable,features_16,1775837907506.972,1775837907589.486,82.514,19.006,62.508,19.866,32937,5545,200.0,0,0,92.8
191,reliability_dynamic_mobilenetv2,stable,features_16,1775837907592.487,1775837907676.996,84.510,18.001,64.509,19.756,32937,5545,200.0,0,0,86.7
192,reliability_dynamic_mobilenetv2,stable,features_16,1775837907680.996,1775837907762.506,81.510,16.003,64.507,19.954,32937,5545,200.0,0,0,88.9
193,reliability_dynamic_mobilenetv2,stable,features_16,1775837907766.506,1775837907850.016,83.510,20.000,61.510,19.140,32937,5545,200.0,0,0,97.5
194,reliability_dynamic_mobilenetv2,stable,features_16,1775837907854.016,1775837907938.527,84.511,22.000,60.511,19.144,32937,5545,200.0,0,0,89.8
195,reliability_dynamic_mobilenetv2,stable,features_16,1775837907942.527,1775837908031.036,88.509,21.001,65.509,20.434,32937,5545,200.0,0,0,86.9
196,reliability_dynamic_mobilenetv2,stable,features_16,1775837908035.037,1775837908142.545,107.508,20.000,86.508,19.569,32937,5545,200.0,0,0,85.3
197,reliability_dynamic_mobilenetv2,stable,features_16,1775837908146.546,1775837908229.053,82.508,15.000,65.505,20.629,32937,5545,200.0,0,0,81.1
198,reliability_dynamic_mobilenetv2,stable,features_16,1775837908232.053,1775837908315.057,83.003,17.000,65.003,20.175,32937,5545,200.0,0,0,85.7
199,reliability_dynamic_mobilenetv2,stable,features_16,1775837908319.056,1775837908447.073,128.017,17.509,110.508,66.515,32937,5545,200.0,0,0,82.5
200,reliability_dynamic_mobilenetv2,stable,features_16,1775837908451.073,1775837908540.583,89.510,18.001,70.509,18.308,32937,5545,200.0,0,0,82.5
201,reliability_dynamic_mobilenetv2,stable,features_16,1775837908543.583,1775837908631.091,87.508,18.000,69.508,23.218,32937,5545,200.0,0,0,79.3
202,reliability_dynamic_mobilenetv2,stable,features_16,1775837908635.090,1775837908719.094,84.003,18.001,65.003,19.680,32937,5545,200.0,0,0,80.4
203,reliability_dynamic_mobilenetv2,stable,features_16,1775837908722.094,1775837908804.111,82.017,16.508,63.508,18.947,32937,5545,200.0,0,0,84.1
204,reliability_dynamic_mobilenetv2,stable,features_16,1775837908808.112,1775837908889.624,81.512,18.005,62.507,18.606,32937,5545,200.0,0,0,84.4
205,reliability_dynamic_mobilenetv2,stable,features_16,1775837908892.624,1775837908979.133,86.509,18.000,66.833,19.950,32937,5545,200.0,0,0,81.4
206,reliability_dynamic_mobilenetv2,stable,features_16,1775837908983.134,1775837909073.643,90.510,22.999,65.510,20.481,32937,5545,200.0,0,0,87.6
207,reliability_dynamic_mobilenetv2,stable,features_16,1775837909077.643,1775837909172.013,94.370,19.000,74.370,28.426,32937,5545,200.0,0,0,95.9
208,reliability_dynamic_mobilenetv2,stable,features_16,1775837909175.013,1775837909275.523,100.509,15.001,84.508,34.739,32937,5545,200.0,0,0,92.0
209,reliability_dynamic_mobilenetv2,stable,features_16,1775837909278.523,1775837909364.033,85.510,20.000,65.509,20.429,32937,5545,200.0,0,0,92.6
210,reliability_dynamic_mobilenetv2,stable,features_16,1775837909369.032,1775837909451.544,82.511,13.002,68.510,21.178,32937,5545,200.0,0,0,86.5
211,reliability_dynamic_mobilenetv2,stable,features_16,1775837909455.543,1775837909534.061,78.518,16.998,59.502,18.253,32937,5545,200.0,0,0,92.8
212,reliability_dynamic_mobilenetv2,stable,features_16,1775837909538.059,1775837909619.062,81.003,18.000,61.005,19.204,32937,5545,200.0,0,0,87.8
213,reliability_dynamic_mobilenetv2,stable,features_16,1775837909623.062,1775837909705.574,82.512,21.513,60.001,18.164,32937,5545,200.0,0,0,90.0
214,reliability_dynamic_mobilenetv2,stable,features_16,1775837909709.574,1775837909803.094,93.521,19.522,72.000,20.746,32937,5545,200.0,0,0,93.9
215,reliability_dynamic_mobilenetv2,stable,features_16,1775837909807.095,1775837909894.615,87.520,22.521,64.999,20.357,32937,5545,200.0,0,0,90.9
216,reliability_dynamic_mobilenetv2,stable,features_16,1775837909898.615,1775837909981.125,82.509,17.004,63.506,19.606,32937,5545,200.0,0,0,85.4
217,reliability_dynamic_mobilenetv2,stable,features_16,1775837909985.125,1775837910068.634,83.510,21.001,62.509,19.904,32937,5545,200.0,0,0,95.0
218,reliability_dynamic_mobilenetv2,stable,features_16,1775837910072.634,1775837910149.146,76.511,15.001,59.511,18.490,32937,5545,200.0,0,0,88.8
219,reliability_dynamic_mobilenetv2,stable,features_16,1775837910153.146,1775837910239.654,86.508,21.000,65.508,20.110,32937,5545,200.0,0,0,86.4
220,reliability_dynamic_mobilenetv2,stable,features_16,1775837910243.655,1775837910325.657,82.002,17.000,64.002,19.459,32937,5545,200.0,0,0,85.3
221,reliability_dynamic_mobilenetv2,stable,features_16,1775837910329.164,1775837910413.166,84.002,19.001,63.998,20.185,32937,5545,200.0,0,0,79.0
222,reliability_dynamic_mobilenetv2,stable,features_16,1775837910416.166,1775837910492.673,76.506,14.508,59.999,19.173,32937,5545,200.0,0,0,83.2
223,reliability_dynamic_mobilenetv2,stable,features_16,1775837910495.672,1775837910578.182,82.509,15.001,67.508,21.303,32937,5545,200.0,0,0,80.2
224,reliability_dynamic_mobilenetv2,stable,features_16,1775837910582.182,1775837910667.689,85.507,17.001,65.507,21.766,32937,5545,200.0,0,0,78.4
225,reliability_dynamic_mobilenetv2,stable,features_16,1775837910671.689,1775837910751.199,79.510,17.001,61.508,18.432,32937,5545,200.0,0,0,76.5
226,reliability_dynamic_mobilenetv2,stable,features_16,1775837910754.199,1775837910836.713,82.514,20.001,60.513,18.139,32937,5545,200.0,0,0,97.0
227,reliability_dynamic_mobilenetv2,stable,features_16,1775837910840.713,1775837910922.716,82.003,15.003,67.000,21.703,32937,5545,200.0,0,0,85.0
228,reliability_dynamic_mobilenetv2,stable,features_16,1775837910926.718,1775837911011.223,84.505,16.505,67.000,20.856,32937,5545,200.0,0,0,85.4
229,reliability_dynamic_mobilenetv2,stable,features_16,1775837911015.226,1775837911112.732,97.507,17.508,79.999,20.881,32937,5545,200.0,0,0,81.2
230,reliability_dynamic_mobilenetv2,stable,features_16,1775837911116.735,1775837911206.243,89.508,17.508,71.000,19.498,32937,5545,200.0,0,0,85.6
231,reliability_dynamic_mobilenetv2,stable,features_16,1775837911210.242,1775837911294.262,84.020,19.514,62.506,19.948,32937,5545,200.0,0,0,91.2
232,reliability_dynamic_mobilenetv2,stable,features_16,1775837911298.263,1775837911390.775,92.512,19.003,72.509,24.460,32937,5545,200.0,0,0,95.0
233,reliability_dynamic_mobilenetv2,stable,features_16,1775837911395.774,1775837911494.288,98.514,32.007,66.004,20.402,32937,5545,200.0,0,0,96.5
234,reliability_dynamic_mobilenetv2,stable,features_16,1775837911498.289,1775837911586.800,88.511,21.005,67.506,21.206,32937,5545,200.0,0,0,82.3
235,reliability_dynamic_mobilenetv2,stable,features_16,1775837911590.817,1775837911673.085,82.268,19.984,61.285,18.827,32937,5545,200.0,0,0,74.1
236,reliability_dynamic_mobilenetv2,stable,features_16,1775837911677.086,1775837911755.595,78.509,18.000,59.509,18.199,32937,5545,200.0,0,0,78.8
237,reliability_dynamic_mobilenetv2,stable,features_16,1775837911759.594,1775837911854.775,95.180,20.000,75.180,19.772,32937,5545,200.0,0,0,88.9
238,reliability_dynamic_mobilenetv2,stable,features_16,1775837911857.776,1775837911945.351,87.575,13.999,72.576,28.458,32937,5545,200.0,0,0,83.1
239,reliability_dynamic_mobilenetv2,stable,features_16,1775837911949.353,1775837912024.356,75.003,13.001,61.002,18.431,32937,5545,200.0,0,0,84.5
240,reliability_dynamic_mobilenetv2,stable,features_16,1775837912027.356,1775837912103.868,76.512,13.514,61.099,19.097,32937,5545,200.0,0,0,79.5
241,reliability_dynamic_mobilenetv2,stable,features_16,1775837912106.866,1775837912189.687,82.821,16.214,66.607,20.081,32937,5545,200.0,0,0,83.8
242,reliability_dynamic_mobilenetv2,stable,features_16,1775837912193.687,1775837912278.199,84.513,18.000,65.512,19.914,32937,5545,200.0,0,0,85.7
243,reliability_dynamic_mobilenetv2,stable,features_16,1775837912282.199,1775837912364.712,82.512,17.000,64.512,22.853,32937,5545,200.0,0,0,85.0
244,reliability_dynamic_mobilenetv2,stable,features_16,1775837912368.712,1775837912447.223,78.511,17.000,60.511,18.814,32937,5545,200.0,0,0,87.5
245,reliability_dynamic_mobilenetv2,stable,features_16,1775837912451.224,1775837912539.246,88.021,22.999,64.021,19.653,32937,5545,200.0,0,0,90.7
246,reliability_dynamic_mobilenetv2,stable,features_16,1775837912543.247,1775837912627.768,84.521,20.514,63.008,18.144,32937,5545,200.0,0,0,87.5
247,reliability_dynamic_mobilenetv2,stable,features_16,1775837912631.797,1775837912715.802,84.005,19.000,65.005,20.226,32937,5545,200.0,0,0,86.2
248,reliability_dynamic_mobilenetv2,stable,features_16,1775837912719.804,1775837912803.881,84.077,17.078,65.999,20.878,32937,5545,200.0,0,0,87.1
249,reliability_dynamic_mobilenetv2,stable,features_16,1775837912808.881,1775837912886.398,77.517,17.009,59.508,18.633,32937,5545,200.0,0,0,94.0
250,reliability_dynamic_mobilenetv2,stable,features_16,1775837912890.398,1775837912999.908,109.510,27.005,80.506,19.097,32937,5545,200.0,0,0,94.9
251,reliability_dynamic_mobilenetv2,stable,features_16,1775837913005.908,1775837913122.425,116.517,46.513,69.243,21.565,32937,5545,200.0,0,0,98.6
252,reliability_dynamic_mobilenetv2,stable,features_16,1775837913126.426,1775837913212.954,86.528,20.526,63.999,20.812,32937,5545,200.0,0,0,92.9
253,reliability_dynamic_mobilenetv2,stable,features_16,1775837913216.959,1775837913300.463,83.504,17.505,63.999,20.332,32937,5545,200.0,0,0,86.2
254,reliability_dynamic_mobilenetv2,stable,features_16,1775837913304.463,1775837913380.979,76.516,15.009,60.508,18.420,32937,5545,200.0,0,0,91.6
255,reliability_dynamic_mobilenetv2,stable,features_16,1775837913384.979,1775837913471.927,86.947,20.000,64.942,19.398,32937,5545,200.0,0,0,97.0
256,reliability_dynamic_mobilenetv2,stable,features_16,1775837913479.926,1775837913594.443,114.517,24.001,89.515,20.441,32937,5545,200.0,0,0,94.0
257,reliability_dynamic_mobilenetv2,stable,features_16,1775837913599.442,1775837913701.958,102.516,38.517,62.000,19.242,32937,5545,200.0,0,0,93.9
258,reliability_dynamic_mobilenetv2,stable,features_16,1775837913706.959,1775837913806.473,99.514,33.514,64.000,19.619,32937,5545,200.0,0,0,100.0
259,reliability_dynamic_mobilenetv2,stable,features_16,1775837913811.474,1775837913930.502,119.028,45.518,72.504,24.127,32937,5545,200.0,0,0,100.0
260,reliability_dynamic_mobilenetv2,stable,features_16,1775837913935.502,1775837914042.015,106.513,37.999,65.514,21.169,32937,5545,200.0,0,0,99.2
261,reliability_dynamic_mobilenetv2,stable,features_16,1775837914050.015,1775837914207.525,157.510,44.000,112.510,65.801,32937,5545,200.0,0,0,98.9
262,reliability_dynamic_mobilenetv2,stable,features_16,1775837914212.525,1775837914313.038,100.513,25.514,71.999,21.157,32937,5545,200.0,0,0,94.7
263,reliability_dynamic_mobilenetv2,stable,features_16,1775837914317.042,1775837914405.549,88.507,25.508,61.999,19.581,32937,5545,200.0,0,0,97.9
264,reliability_dynamic_mobilenetv2,stable,features_16,1775837914410.548,1775837914504.067,93.518,27.518,64.000,19.721,32937,5545,200.0,0,0,100.0
265,reliability_dynamic_mobilenetv2,stable,features_16,1775837914509.066,1775837914616.588,107.521,37.518,68.003,20.303,32937,5545,200.0,0,0,99.2
266,reliability_dynamic_mobilenetv2,stable,features_16,1775837914621.588,1775837914752.615,131.027,63.513,67.514,20.368,32937,5545,200.0,0,0,100.0
267,reliability_dynamic_mobilenetv2,stable,features_16,1775837914763.616,1775837915074.166,310.550,242.034,66.518,21.814,32937,5545,200.0,1,0,100.0
268,reliability_dynamic_mobilenetv2,stable,features_16,1775837915090.167,1775837915458.238,368.071,297.554,68.517,18.266,32937,5545,200.0,1,0,100.0
269,reliability_dynamic_mobilenetv2,stable,features_16,1775837915475.237,1775837915661.346,186.109,115.990,68.120,21.172,32937,5545,200.0,0,0,99.1
270,reliability_dynamic_mobilenetv2,stable,features_16,1775837915667.346,1775837915784.857,117.511,39.001,77.510,19.757,32937,5545,200.0,0,0,100.0
271,reliability_dynamic_mobilenetv2,stable,features_16,1775837915796.858,1775837915916.689,119.831,52.519,66.312,20.515,32937,5545,200.0,0,0,100.0
272,reliability_dynamic_mobilenetv2,stable,features_16,1775837915922.701,1775837916030.804,108.103,36.657,69.435,22.062,32937,5545,200.0,0,0,100.0
273,reliability_dynamic_mobilenetv2,stable,features_16,1775837916036.947,1775837916147.173,110.226,42.078,68.148,20.696,32937,5545,200.0,0,0,100.0
274,reliability_dynamic_mobilenetv2,stable,features_16,1775837916153.172,1775837916262.197,109.024,44.003,63.022,19.164,32937,5545,200.0,0,0,100.0
275,reliability_dynamic_mobilenetv2,stable,features_16,1775837916267.349,1775837916376.223,108.874,42.000,65.874,19.598,32937,5545,200.0,0,0,99.1
276,reliability_dynamic_mobilenetv2,stable,features_16,1775837916381.223,1775837916470.745,89.522,22.000,65.521,20.147,32937,5545,200.0,0,0,96.9
277,reliability_dynamic_mobilenetv2,stable,features_16,1775837916474.745,1775837916566.262,91.517,23.000,66.517,20.425,32937,5545,200.0,0,0,100.0
278,reliability_dynamic_mobilenetv2,stable,features_16,1775837916570.262,1775837916661.773,91.511,25.999,63.512,19.615,32937,5545,200.0,0,0,99.0
279,reliability_dynamic_mobilenetv2,stable,features_16,1775837916665.773,1775837916768.285,102.512,24.000,77.512,21.341,32937,5545,200.0,0,0,100.0
280,reliability_dynamic_mobilenetv2,stable,features_16,1775837916772.287,1775837916881.801,109.514,34.000,74.511,20.720,32937,5545,200.0,0,0,100.0
281,reliability_dynamic_mobilenetv2,stable,features_16,1775837916885.797,1775837916980.309,94.513,23.000,70.511,20.977,32937,5545,200.0,0,0,96.6
282,reliability_dynamic_mobilenetv2,stable,features_16,1775837916984.309,1775837917062.819,78.510,14.001,62.508,19.342,32937,5545,200.0,0,0,93.8
283,reliability_dynamic_mobilenetv2,stable,features_16,1775837917066.819,1775837917151.329,84.510,21.001,61.510,19.544,32937,5545,200.0,0,0,91.8
284,reliability_dynamic_mobilenetv2,stable,features_16,1775837917155.329,1775837917237.332,82.002,21.000,61.002,18.716,32937,5545,200.0,0,0,92.6
285,reliability_dynamic_mobilenetv2,stable,features_16,1775837917240.840,1775837917338.344,97.504,20.000,76.504,19.062,32937,5545,200.0,0,0,92.2
286,reliability_dynamic_mobilenetv2,stable,features_16,1775837917343.348,1775837917435.351,92.003,25.000,67.003,20.092,32937,5545,200.0,0,0,87.5
287,reliability_dynamic_mobilenetv2,stable,features_16,1775837917439.863,1775837917527.867,88.004,19.000,67.004,21.135,32937,5545,200.0,0,0,95.9
288,reliability_dynamic_mobilenetv2,stable,features_16,1775837917531.867,1775837917612.382,80.515,14.516,64.999,19.854,32937,5545,200.0,0,0,92.6
289,reliability_dynamic_mobilenetv2,stable,features_16,1775837917615.382,1775837917690.893,75.511,15.005,59.507,18.499,32937,5545,200.0,0,0,82.9
290,reliability_dynamic_mobilenetv2,stable,features_16,1775837917693.894,1775837917775.402,81.509,14.001,65.508,20.137,32937,5545,200.0,0,0,89.3
291,reliability_dynamic_mobilenetv2,stable,features_16,1775837917780.402,1775837917868.912,88.510,20.001,66.509,20.683,32937,5545,200.0,0,0,90.8
292,reliability_dynamic_mobilenetv2,stable,features_16,1775837917871.913,1775837917951.421,79.509,16.002,61.509,19.188,32937,5545,200.0,0,0,86.4
293,reliability_dynamic_mobilenetv2,stable,features_16,1775837917954.421,1775837918034.424,80.003,16.001,62.002,19.116,32937,5545,200.0,0,0,83.8
294,reliability_dynamic_mobilenetv2,stable,features_16,1775837918038.927,1775837918121.931,83.004,18.006,64.998,19.552,32937,5545,200.0,0,0,86.5
295,reliability_dynamic_mobilenetv2,stable,features_16,1775837918125.935,1775837918210.447,84.512,16.513,67.000,20.586,32937,5545,200.0,0,0,88.1
296,reliability_dynamic_mobilenetv2,stable,features_16,1775837918214.447,1775837918292.957,78.510,18.005,58.505,18.674,32937,5545,200.0,0,0,89.5
297,reliability_dynamic_mobilenetv2,stable,features_16,1775837918296.957,1775837918373.466,76.509,14.001,60.509,18.479,32937,5545,200.0,0,0,90.0
298,reliability_dynamic_mobilenetv2,stable,features_16,1775837918376.467,1775837918476.977,100.510,20.000,78.511,20.289,32937,5545,200.0,0,0,87.9
299,reliability_dynamic_mobilenetv2,stable,features_16,1775837918480.978,1775837918585.487,104.510,19.002,85.508,20.426,32937,5545,200.0,0,0,94.0
300,reliability_dynamic_mobilenetv2,stable,features_16,1775837918589.488,1775837918665.850,76.362,13.001,61.361,19.169,32937,5545,200.0,0,0,93.8
301,reliability_dynamic_mobilenetv2,stable,features_16,1775837918668.850,1775837918751.359,82.510,19.001,63.509,19.466,32937,5545,200.0,0,0,85.0
302,reliability_dynamic_mobilenetv2,stable,features_16,1775837918755.360,1775837918838.363,83.003,15.000,67.003,21.480,32937,5545,200.0,0,0,94.8
303,reliability_dynamic_mobilenetv2,stable,features_16,1775837918842.869,1775837918942.410,99.541,19.003,78.538,20.717,32937,5545,200.0,0,0,84.7
304,reliability_dynamic_mobilenetv2,stable,features_16,1775837918946.412,1775837919028.414,82.002,18.998,62.003,18.852,32937,5545,200.0,0,0,83.5
305,reliability_dynamic_mobilenetv2,stable,features_16,1775837919032.414,1775837919113.926,81.512,15.515,63.997,21.061,32937,5545,200.0,0,0,87.7
306,reliability_dynamic_mobilenetv2,stable,features_16,1775837919117.926,1775837919214.441,96.515,19.006,76.005,30.339,32937,5545,200.0,0,0,88.4
307,reliability_dynamic_mobilenetv2,stable,features_16,1775837919218.441,1775837919301.954,83.513,15.007,67.505,20.479,32937,5545,200.0,0,0,91.4
308,reliability_dynamic_mobilenetv2,stable,features_16,1775837919306.955,1775837919401.471,94.516,30.006,63.004,19.342,32937,5545,200.0,0,0,96.6
309,reliability_dynamic_mobilenetv2,stable,features_16,1775837919405.471,1775837919487.981,82.510,21.004,60.505,19.850,32937,5545,200.0,0,0,92.6
310,reliability_dynamic_mobilenetv2,stable,features_16,1775837919491.981,1775837919575.491,83.510,16.000,66.509,20.065,32937,5545,200.0,0,0,85.4
311,reliability_dynamic_mobilenetv2,stable,features_16,1775837919579.491,1775837919661.002,81.510,16.001,64.509,19.853,32937,5545,200.0,0,0,84.0
312,reliability_dynamic_mobilenetv2,stable,features_16,1775837919664.002,1775837919742.510,78.508,15.000,62.508,19.670,32937,5545,200.0,0,0,94.8
313,reliability_dynamic_mobilenetv2,stable,features_16,1775837919746.510,1775837919827.513,81.003,16.001,63.001,20.337,32937,5545,200.0,0,0,90.1
314,reliability_dynamic_mobilenetv2,stable,features_16,1775837919831.513,1775837920480.012,648.499,22.508,624.993,20.266,32937,5545,200.0,1,0,37.8
315,reliability_dynamic_mobilenetv2,stable,features_16,1775837920484.011,1775837920570.521,86.510,18.000,68.509,20.028,32937,5545,200.0,0,0,70.8
316,reliability_dynamic_mobilenetv2,stable,features_16,1775837920577.519,1775837920697.037,119.518,32.000,86.518,21.203,32937,5545,200.0,0,0,82.2
317,reliability_dynamic_mobilenetv2,stable,features_16,1775837920701.035,1775837920777.542,76.507,11.001,63.507,20.536,32937,5545,200.0,0,0,77.5
318,reliability_dynamic_mobilenetv2,stable,features_16,1775837920780.542,1775837920854.051,73.508,14.002,59.506,17.670,32937,5545,200.0,0,0,88.0
319,reliability_dynamic_mobilenetv2,stable,features_16,1775837920857.051,1775837920930.053,73.003,12.001,60.001,18.215,32937,5545,200.0,0,0,82.1
320,reliability_dynamic_mobilenetv2,stable,features_16,1775837920934.058,1775837921009.573,75.516,9.514,65.000,20.128,32937,5545,200.0,0,0,79.0
321,reliability_dynamic_mobilenetv2,stable,features_16,1775837921012.571,1775837921090.083,77.512,11.003,65.509,20.470,32937,5545,200.0,0,0,76.2
322,reliability_dynamic_mobilenetv2,stable,features_16,1775837921093.084,1775837921188.594,95.510,13.000,81.510,17.969,32937,5545,200.0,0,0,77.1
323,reliability_dynamic_mobilenetv2,stable,features_16,1775837921192.595,1775837921272.103,79.508,15.001,62.508,20.563,32937,5545,200.0,0,0,81.5
324,reliability_dynamic_mobilenetv2,stable,features_16,1775837921275.103,1775837921352.624,77.521,10.003,66.516,19.358,32937,5545,200.0,0,0,90.8
325,reliability_dynamic_mobilenetv2,stable,features_16,1775837921356.623,1775837921454.128,97.505,29.001,65.505,20.458,32937,5545,200.0,0,0,87.6
326,reliability_dynamic_mobilenetv2,stable,features_16,1775837921458.128,1775837921534.133,76.004,12.001,63.003,20.208,32937,5545,200.0,0,0,83.8
327,reliability_dynamic_mobilenetv2,stable,features_16,1775837921537.131,1775837921612.644,75.513,11.513,62.998,18.328,32937,5545,200.0,0,0,85.0
328,reliability_dynamic_mobilenetv2,stable,features_16,1775837921616.644,1775837921718.159,101.515,11.009,90.506,34.366,32937,5545,200.0,0,0,85.7
329,reliability_dynamic_mobilenetv2,stable,features_16,1775837921722.160,1775837921807.674,85.514,15.007,68.508,19.787,32937,5545,200.0,0,0,89.7
330,reliability_dynamic_mobilenetv2,stable,features_16,1775837921810.672,1775837921887.182,76.510,15.005,61.504,18.978,32937,5545,200.0,0,0,95.1
331,reliability_dynamic_mobilenetv2,stable,features_16,1775837921891.182,1775837921964.691,73.509,12.004,61.505,18.451,32937,5545,200.0,0,0,86.2
332,reliability_dynamic_mobilenetv2,stable,features_16,1775837921968.691,1775837922051.203,82.512,14.000,67.511,19.089,32937,5545,200.0,0,0,88.8
333,reliability_dynamic_mobilenetv2,stable,features_16,1775837922056.204,1775837922133.206,77.001,15.000,61.001,18.589,32937,5545,200.0,0,0,85.7
334,reliability_dynamic_mobilenetv2,stable,features_16,1775837922137.206,1775837922221.719,84.513,17.512,67.000,20.195,32937,5545,200.0,0,0,91.9
335,reliability_dynamic_mobilenetv2,stable,features_16,1775837922226.723,1775837922312.237,85.514,17.512,67.001,21.481,32937,5545,200.0,0,0,98.0
336,reliability_dynamic_mobilenetv2,stable,features_16,1775837922316.236,1775837922417.748,101.512,16.005,83.506,39.092,32937,5545,200.0,0,0,90.2
337,reliability_dynamic_mobilenetv2,stable,features_16,1775837922421.747,1775837922511.260,89.513,17.510,68.000,20.418,32937,5545,200.0,0,0,92.9
338,reliability_dynamic_mobilenetv2,stable,features_16,1775837922516.260,1775837922607.794,91.534,23.018,67.513,21.286,32937,5545,200.0,0,0,94.9
339,reliability_dynamic_mobilenetv2,stable,features_16,1775837922611.792,1775837922708.302,96.510,18.007,77.503,19.955,32937,5545,200.0,0,0,92.8
340,reliability_dynamic_mobilenetv2,stable,features_16,1775837922713.302,1775837922799.401,86.099,20.004,65.094,20.774,32937,5545,200.0,0,0,93.9
341,reliability_dynamic_mobilenetv2,stable,features_16,1775837922803.401,1775837922890.911,87.510,26.004,60.506,18.572,32937,5545,200.0,0,0,98.0
342,reliability_dynamic_mobilenetv2,stable,features_16,1775837922894.912,1775837922981.420,86.508,18.002,65.508,20.635,32937,5545,200.0,0,0,89.6
343,reliability_dynamic_mobilenetv2,stable,features_16,1775837922985.428,1775837923069.929,84.501,18.992,65.509,20.499,32937,5545,200.0,0,0,90.2
344,reliability_dynamic_mobilenetv2,stable,features_16,1775837923073.929,1775837923150.439,76.510,14.002,60.506,18.935,32937,5545,200.0,0,0,89.7
345,reliability_dynamic_mobilenetv2,stable,features_16,1775837923153.442,1775837923233.444,80.002,14.998,64.004,18.731,32937,5545,200.0,0,0,95.2
346,reliability_dynamic_mobilenetv2,stable,features_16,1775837923237.444,1775837923325.957,88.512,22.508,66.005,19.778,32937,5545,200.0,0,0,85.4
347,reliability_dynamic_mobilenetv2,stable,features_16,1775837923330.958,1775837923420.466,89.508,12.510,75.998,19.706,32937,5545,200.0,0,0,78.1
348,reliability_dynamic_mobilenetv2,stable,features_16,1775837923423.466,1775837923501.977,78.511,13.006,65.506,20.166,32937,5545,200.0,0,0,84.0
349,reliability_dynamic_mobilenetv2,stable,features_16,1775837923505.978,1775837923632.489,126.511,11.001,115.510,38.676,32937,5545,200.0,0,0,82.6
350,reliability_dynamic_mobilenetv2,stable,features_16,1775837923636.489,1775837923727.001,90.512,14.510,74.002,29.187,32937,5545,200.0,0,0,79.4
351,reliability_dynamic_mobilenetv2,stable,features_16,1775837923730.001,1775837923808.510,78.509,9.504,68.005,25.014,32937,5545,200.0,0,0,83.5
352,reliability_dynamic_mobilenetv2,stable,features_16,1775837923811.510,1775837923897.021,85.511,21.005,63.507,19.564,32937,5545,200.0,0,0,91.4
353,reliability_dynamic_mobilenetv2,stable,features_16,1775837923900.020,1775837923976.537,76.517,11.001,64.513,20.425,32937,5545,200.0,0,0,84.4
354,reliability_dynamic_mobilenetv2,stable,features_16,1775837923980.537,1775837924062.046,81.510,18.001,63.508,19.022,32937,5545,200.0,0,0,91.8
355,reliability_dynamic_mobilenetv2,stable,features_16,1775837924066.046,1775837924138.050,72.004,12.002,60.002,18.197,32937,5545,200.0,0,0,78.5
356,reliability_dynamic_mobilenetv2,stable,features_16,1775837924141.557,1775837924232.560,91.004,12.001,77.002,19.825,32937,5545,200.0,0,0,80.4
357,reliability_dynamic_mobilenetv2,stable,features_16,1775837924236.567,1775837924328.076,91.509,14.507,76.003,21.679,32937,5545,200.0,0,0,89.7
358,reliability_dynamic_mobilenetv2,stable,features_16,1775837924332.076,1775837924415.584,83.508,18.508,62.999,18.354,32937,5545,200.0,0,0,91.7
359,reliability_dynamic_mobilenetv2,stable,features_16,1775837924418.584,1775837924501.095,82.511,17.005,62.507,19.151,32937,5545,200.0,0,0,90.1
360,reliability_dynamic_mobilenetv2,stable,features_16,1775837924505.096,1775837924594.607,89.511,20.004,68.507,22.497,32937,5545,200.0,0,0,87.5
361,reliability_dynamic_mobilenetv2,stable,features_16,1775837924597.607,1775837924678.117,80.510,13.002,66.509,19.963,32937,5545,200.0,0,0,82.9
362,reliability_dynamic_mobilenetv2,stable,features_16,1775837924682.117,1775837924764.629,82.512,13.000,67.511,26.176,32937,5545,200.0,0,0,85.4
363,reliability_dynamic_mobilenetv2,stable,features_16,1775837924767.628,1775837924854.140,86.512,12.004,73.509,18.010,32937,5545,200.0,0,0,87.6
364,reliability_dynamic_mobilenetv2,stable,features_16,1775837924858.139,1775837924948.654,90.515,19.000,70.515,19.266,32937,5545,200.0,0,0,87.9
365,reliability_dynamic_mobilenetv2,stable,features_16,1775837924952.654,1775837925036.169,83.515,19.511,64.003,21.243,32937,5545,200.0,0,0,87.5
366,reliability_dynamic_mobilenetv2,stable,features_16,1775837925039.672,1775837925123.676,84.004,15.005,68.998,20.596,32937,5545,200.0,0,0,81.2
367,reliability_dynamic_mobilenetv2,stable,features_16,1775837925127.680,1775837925204.195,76.515,10.003,64.511,19.679,32937,5545,200.0,0,0,82.5
368,reliability_dynamic_mobilenetv2,stable,features_16,1775837925208.194,1775837925293.703,85.509,23.004,61.505,18.413,32937,5545,200.0,0,0,90.6
369,reliability_dynamic_mobilenetv2,stable,features_16,1775837925297.703,1775837925390.214,92.511,16.000,74.512,19.846,32937,5545,200.0,0,0,94.9
370,reliability_dynamic_mobilenetv2,stable,features_16,1775837925395.214,1775837925484.731,89.517,23.002,64.516,19.717,32937,5545,200.0,0,0,93.8
371,reliability_dynamic_mobilenetv2,stable,features_16,1775837925488.731,1775837925574.243,85.512,18.000,66.511,20.340,32937,5545,200.0,0,0,96.9
372,reliability_dynamic_mobilenetv2,stable,features_16,1775837925580.243,1775837925717.755,137.512,20.001,115.511,72.387,32937,5545,200.0,0,0,96.0
373,reliability_dynamic_mobilenetv2,stable,features_16,1775837925721.754,1775837925806.266,84.511,22.512,60.000,18.372,32937,5545,200.0,0,0,98.0
374,reliability_dynamic_mobilenetv2,stable,features_16,1775837925810.266,1775837925906.782,96.516,30.517,64.999,19.645,32937,5545,200.0,0,0,99.0
375,reliability_dynamic_mobilenetv2,stable,features_16,1775837925910.782,1775837926011.296,100.514,25.007,72.507,28.476,32937,5545,200.0,0,0,94.8
376,reliability_dynamic_mobilenetv2,stable,features_16,1775837926016.296,1775837926128.812,112.516,41.512,67.004,21.086,32937,5545,200.0,0,0,92.9
377,reliability_dynamic_mobilenetv2,stable,features_16,1775837926133.813,1775837926243.835,110.022,44.509,61.514,18.885,32937,5545,200.0,0,0,95.5
378,reliability_dynamic_mobilenetv2,stable,features_16,1775837926263.835,1775837926383.344,119.509,40.000,78.509,20.384,32937,5545,200.0,0,0,92.4
379,reliability_dynamic_mobilenetv2,stable,features_16,1775837926415.346,1775837926510.853,95.508,17.003,77.505,19.385,32937,5545,200.0,0,0,87.8
380,reliability_dynamic_mobilenetv2,stable,features_16,1775837926514.854,1775837926602.364,87.510,18.004,68.508,20.450,32937,5545,200.0,0,0,87.8
381,reliability_dynamic_mobilenetv2,stable,features_16,1775837926613.365,1775837926719.878,106.514,34.513,70.000,21.267,32937,5545,200.0,0,0,92.9
382,reliability_dynamic_mobilenetv2,stable,features_16,1775837926727.880,1775837926816.393,88.513,22.513,64.001,19.301,32937,5545,200.0,0,0,99.0
383,reliability_dynamic_mobilenetv2,stable,features_16,1775837926820.394,1775837926914.910,94.516,27.520,62.995,20.202,32937,5545,200.0,0,0,99.2
384,reliability_dynamic_mobilenetv2,stable,features_16,1775837926918.910,1775837927005.424,86.513,20.005,64.509,20.665,32937,5545,200.0,0,0,90.5
385,reliability_dynamic_mobilenetv2,stable,features_16,1775837927009.424,1775837927095.938,86.515,17.006,67.510,21.769,32937,5545,200.0,0,0,91.9
386,reliability_dynamic_mobilenetv2,stable,features_16,1775837927099.939,1775837927178.448,78.509,18.001,59.509,18.531,32937,5545,200.0,0,0,90.0
387,reliability_dynamic_mobilenetv2,stable,features_16,1775837927181.448,1775837927263.957,82.509,21.000,60.508,18.623,32937,5545,200.0,0,0,91.5
388,reliability_dynamic_mobilenetv2,stable,features_16,1775837927267.959,1775837927355.467,87.508,20.998,65.510,20.869,32937,5545,200.0,0,0,85.7
389,reliability_dynamic_mobilenetv2,stable,features_16,1775837927376.467,1775837927453.984,77.517,11.001,65.515,20.852,32937,5545,200.0,0,0,80.4
390,reliability_dynamic_mobilenetv2,stable,features_16,1775837927457.982,1775837927532.986,75.003,14.001,59.004,18.286,32937,5545,200.0,0,0,86.4
391,reliability_dynamic_mobilenetv2,stable,features_16,1775837927536.985,1775837927618.498,81.512,19.514,60.998,18.286,32937,5545,200.0,0,0,97.0
392,reliability_dynamic_mobilenetv2,stable,features_16,1775837927622.498,1775837927710.012,87.514,20.515,65.999,20.813,32937,5545,200.0,0,0,97.6
393,reliability_dynamic_mobilenetv2,stable,features_16,1775837927714.012,1775837927809.524,95.512,21.004,73.508,20.280,32937,5545,200.0,0,0,96.5
394,reliability_dynamic_mobilenetv2,stable,features_16,1775837927814.526,1775837927895.037,80.511,18.004,61.507,19.087,32937,5545,200.0,0,0,95.1
395,reliability_dynamic_mobilenetv2,stable,features_16,1775837927899.037,1775837927979.935,80.898,19.002,60.896,19.790,32937,5545,200.0,0,0,90.7
396,reliability_dynamic_mobilenetv2,stable,features_16,1775837927983.936,1775837928066.329,82.393,20.001,61.392,19.962,32937,5545,200.0,0,0,90.7
397,reliability_dynamic_mobilenetv2,stable,features_16,1775837928070.330,1775837928154.619,84.290,18.001,64.290,22.254,32937,5545,200.0,0,0,85.4
398,reliability_dynamic_mobilenetv2,stable,features_16,1775837928158.619,1775837928237.622,79.003,11.001,67.002,20.275,32937,5545,200.0,0,0,78.8
399,reliability_dynamic_mobilenetv2,stable,features_16,1775837928241.125,1775837928325.130,84.006,17.005,66.001,21.190,32937,5545,200.0,0,0,80.2
400,reliability_dynamic_mobilenetv2,stable,features_16,1775837928329.134,1775837928415.646,86.512,12.513,73.000,18.314,32937,5545,200.0,0,0,85.4
401,reliability_dynamic_mobilenetv2,stable,features_16,1775837928419.647,1775837928495.884,76.237,13.011,62.226,19.434,32937,5545,200.0,0,0,80.0
402,reliability_dynamic_mobilenetv2,stable,features_16,1775837928499.884,1775837928578.395,78.511,13.001,64.510,20.260,32937,5545,200.0,0,0,86.9
403,reliability_dynamic_mobilenetv2,stable,features_16,1775837928582.395,1775837928667.905,85.510,19.001,66.509,20.507,32937,5545,200.0,0,0,89.3
404,reliability_dynamic_mobilenetv2,stable,features_16,1775837928672.905,1775837928763.416,90.510,13.001,76.509,18.666,32937,5545,200.0,0,0,89.9
405,reliability_dynamic_mobilenetv2,stable,features_16,1775837928766.418,1775837928849.925,83.507,18.997,62.511,18.636,32937,5545,200.0,0,0,96.6
406,reliability_dynamic_mobilenetv2,stable,features_16,1775837928852.930,1775837928943.435,90.505,23.001,65.509,20.185,32937,5545,200.0,0,0,94.3
407,reliability_dynamic_mobilenetv2,stable,features_16,1775837928947.435,1775837929029.438,82.003,15.001,67.002,20.604,32937,5545,200.0,0,0,88.8
408,reliability_dynamic_mobilenetv2,stable,features_16,1775837929032.440,1775837929113.947,81.506,18.506,62.000,20.182,32937,5545,200.0,0,0,85.4
409,reliability_dynamic_mobilenetv2,stable,features_16,1775837929117.946,1775837929198.458,80.512,17.006,62.506,18.623,32937,5545,200.0,0,0,82.3
410,reliability_dynamic_mobilenetv2,stable,features_16,1775837929201.458,1775837929278.976,77.518,12.000,63.518,20.282,32937,5545,200.0,0,0,80.2
411,reliability_dynamic_mobilenetv2,stable,features_16,1775837929281.977,1775837929369.490,87.512,22.000,64.512,19.723,32937,5545,200.0,0,0,90.9
412,reliability_dynamic_mobilenetv2,stable,features_16,1775837929373.489,1775837929458.998,85.509,18.001,67.508,20.427,32937,5545,200.0,0,0,79.3
413,reliability_dynamic_mobilenetv2,stable,features_16,1775837929465.002,1775837929564.511,99.509,28.998,69.511,24.785,32937,5545,200.0,0,0,88.6
414,reliability_dynamic_mobilenetv2,stable,features_16,1775837929568.511,1775837929650.020,81.509,19.002,62.506,20.019,32937,5545,200.0,0,0,78.9
415,reliability_dynamic_mobilenetv2,stable,features_16,1775837929655.020,1775837929729.027,74.007,12.001,61.001,18.745,32937,5545,200.0,0,0,76.8
416,reliability_dynamic_mobilenetv2,stable,features_16,1775837929733.026,1775837929811.531,78.505,12.506,63.999,19.992,32937,5545,200.0,0,0,77.5
417,reliability_dynamic_mobilenetv2,stable,features_16,1775837929815.531,1775837929901.041,85.510,20.005,64.506,20.235,32937,5545,200.0,0,0,86.5
418,reliability_dynamic_mobilenetv2,stable,features_16,1775837929905.041,1775837929974.550,69.509,10.001,58.507,18.168,32937,5545,200.0,0,0,78.1
419,reliability_dynamic_mobilenetv2,stable,features_16,1775837929977.552,1775837930050.061,72.509,12.000,59.510,18.314,32937,5545,200.0,0,0,78.8
420,reliability_dynamic_mobilenetv2,stable,features_16,1775837930054.058,1775837930132.062,78.004,12.005,65.999,19.932,32937,5545,200.0,0,0,81.2
421,reliability_dynamic_mobilenetv2,stable,features_16,1775837930136.062,1775837930235.572,99.510,10.508,88.002,39.159,32937,5545,200.0,0,0,85.7
422,reliability_dynamic_mobilenetv2,stable,features_16,1775837930239.572,1775837930313.081,73.509,12.510,59.000,18.401,32937,5545,200.0,0,0,89.0
423,reliability_dynamic_mobilenetv2,stable,features_16,1775837930318.082,1775837930402.592,84.510,18.003,66.507,19.938,32937,5545,200.0,0,0,85.4
424,reliability_dynamic_mobilenetv2,stable,features_16,1775837930406.592,1775837930487.102,80.510,13.003,66.507,20.249,32937,5545,200.0,0,0,84.1
425,reliability_dynamic_mobilenetv2,stable,features_16,1775837930490.102,1775837930599.620,109.518,18.000,89.980,20.229,32937,5545,200.0,0,0,83.9
426,reliability_dynamic_mobilenetv2,stable,features_16,1775837930603.620,1775837930682.128,78.509,13.000,64.508,18.730,32937,5545,200.0,0,0,85.6
427,reliability_dynamic_mobilenetv2,stable,features_16,1775837930686.129,1775837930762.637,76.508,16.002,60.506,18.352,32937,5545,200.0,0,0,83.5
428,reliability_dynamic_mobilenetv2,stable,features_16,1775837930766.637,1775837930843.147,76.510,14.001,60.505,18.663,32937,5545,200.0,0,0,88.0
429,reliability_dynamic_mobilenetv2,stable,features_16,1775837930847.147,1775837930928.149,81.002,19.000,62.002,18.957,32937,5545,200.0,0,0,90.2
430,reliability_dynamic_mobilenetv2,stable,features_16,1775837930931.155,1775837931013.665,82.511,13.513,67.998,21.404,32937,5545,200.0,0,0,83.2
431,reliability_dynamic_mobilenetv2,stable,features_16,1775837931016.667,1775837931099.177,82.510,16.003,66.507,20.674,32937,5545,200.0,0,0,80.5
432,reliability_dynamic_mobilenetv2,stable,features_16,1775837931103.177,1775837931193.686,90.509,17.000,72.509,30.412,32937,5545,200.0,0,0,84.4
433,reliability_dynamic_mobilenetv2,stable,features_16,1775837931197.686,1775837931298.195,100.509,14.002,86.507,21.856,32937,5545,200.0,0,0,87.5
434,reliability_dynamic_mobilenetv2,stable,features_16,1775837931302.195,1775837931376.705,74.510,10.002,64.508,19.704,32937,5545,200.0,0,0,82.5
435,reliability_dynamic_mobilenetv2,stable,features_16,1775837931380.707,1775837931516.223,135.516,14.000,120.516,20.112,32937,5545,200.0,0,0,93.9
436,reliability_dynamic_mobilenetv2,stable,features_16,1775837931520.221,1775837931598.735,78.514,12.007,63.506,20.541,32937,5545,200.0,0,0,88.9
437,reliability_dynamic_mobilenetv2,stable,features_16,1775837931602.735,1775837931685.246,82.511,18.000,63.510,19.861,32937,5545,200.0,0,0,87.6
438,reliability_dynamic_mobilenetv2,stable,features_16,1775837931691.246,1775837931778.759,87.513,20.001,66.513,20.648,32937,5545,200.0,0,0,87.5
439,reliability_dynamic_mobilenetv2,stable,features_16,1775837931782.760,1775837931868.906,86.146,20.007,64.140,19.520,32937,5545,200.0,0,0,95.9
440,reliability_dynamic_mobilenetv2,stable,features_16,1775837931872.906,1775837931954.417,81.511,20.000,60.512,19.019,32937,5545,200.0,0,0,91.4
441,reliability_dynamic_mobilenetv2,stable,features_16,1775837931958.417,1775837932051.928,93.510,28.000,62.511,18.934,32937,5545,200.0,0,0,93.8
442,reliability_dynamic_mobilenetv2,stable,features_16,1775837932055.928,1775837932147.440,91.512,23.000,67.512,20.278,32937,5545,200.0,0,0,97.1
443,reliability_dynamic_mobilenetv2,stable,features_16,1775837932151.440,1775837932240.445,89.005,22.002,67.003,20.576,32937,5545,200.0,0,0,95.9
444,reliability_dynamic_mobilenetv2,stable,features_16,1775837932244.954,1775837932328.957,84.003,17.001,65.003,20.352,32937,5545,200.0,0,0,90.7
445,reliability_dynamic_mobilenetv2,stable,features_16,1775837932332.961,1775837932423.465,90.504,22.510,66.999,21.176,32937,5545,200.0,0,0,94.8
446,reliability_dynamic_mobilenetv2,stable,features_16,1775837932427.468,1775837932508.979,81.510,17.513,62.998,18.832,32937,5545,200.0,0,0,94.9
447,reliability_dynamic_mobilenetv2,stable,features_16,1775837932513.979,1775837932616.506,102.527,23.512,78.013,18.853,32937,5545,200.0,0,0,96.2
448,reliability_dynamic_mobilenetv2,stable,features_16,1775837932620.505,1775837932709.020,88.515,21.510,64.999,19.717,32937,5545,200.0,0,0,92.7
449,reliability_dynamic_mobilenetv2,stable,features_16,1775837932714.019,1775837932813.532,99.513,24.005,74.508,28.963,32937,5545,200.0,0,0,94.8
450,reliability_dynamic_mobilenetv2,stable,features_16,1775837932818.533,1775837932908.045,89.512,25.512,62.999,19.507,32937,5545,200.0,0,0,97.0
451,reliability_dynamic_mobilenetv2,stable,features_16,1775837932914.045,1775837933006.559,92.514,25.006,65.508,18.206,32937,5545,200.0,0,0,96.9
452,reliability_dynamic_mobilenetv2,stable,features_16,1775837933012.558,1775837933110.073,97.515,31.517,65.999,19.674,32937,5545,200.0,0,0,99.1
453,reliability_dynamic_mobilenetv2,stable,features_16,1775837933115.074,1775837933214.589,99.515,30.516,66.999,20.044,32937,5545,200.0,0,0,98.4
454,reliability_dynamic_mobilenetv2,stable,features_16,1775837933219.590,1775837933315.104,95.514,31.514,63.000,19.187,32937,5545,200.0,0,0,97.2
455,reliability_dynamic_mobilenetv2,stable,features_16,1775837933319.103,1775837933416.619,97.516,34.517,61.999,18.894,32937,5545,200.0,0,0,98.3
456,reliability_dynamic_mobilenetv2,stable,features_16,1775837933421.619,1775837933516.051,94.432,27.907,65.526,20.014,32937,5545,200.0,0,0,100.0
457,reliability_dynamic_mobilenetv2,stable,features_16,1775837933522.052,1775837933623.577,101.525,30.527,67.997,21.045,32937,5545,200.0,0,0,99.2
458,reliability_dynamic_mobilenetv2,stable,features_16,1775837933628.581,1775837933724.091,95.510,31.511,62.999,20.759,32937,5545,200.0,0,0,99.0
459,reliability_dynamic_mobilenetv2,stable,features_16,1775837933729.097,1775837933820.607,91.510,29.511,60.998,18.155,32937,5545,200.0,0,0,99.0
460,reliability_dynamic_mobilenetv2,stable,features_16,1775837933824.607,1775837933918.123,93.516,26.516,66.000,20.047,32937,5545,200.0,0,0,96.4
461,reliability_dynamic_mobilenetv2,stable,features_16,1775837933922.123,1775837934008.637,86.514,24.515,60.999,19.023,32937,5545,200.0,0,0,96.9
462,reliability_dynamic_mobilenetv2,stable,features_16,1775837934013.637,1775837934098.150,84.512,18.005,66.507,20.378,32937,5545,200.0,0,0,88.9
463,reliability_dynamic_mobilenetv2,stable,features_16,1775837934102.151,1775837934198.662,96.511,18.000,77.511,20.031,32937,5545,200.0,0,0,86.8
464,reliability_dynamic_mobilenetv2,stable,features_16,1775837934202.662,1775837934304.172,101.510,19.001,81.509,22.093,32937,5545,200.0,0,0,90.0
465,reliability_dynamic_mobilenetv2,stable,features_16,1775837934308.172,1775837934389.684,81.512,17.000,63.511,19.785,32937,5545,200.0,0,0,94.8
466,reliability_dynamic_mobilenetv2,stable,features_16,1775837934394.683,1775837934483.193,88.510,21.000,66.510,19.514,32937,5545,200.0,0,0,91.8
467,reliability_dynamic_mobilenetv2,stable,features_16,1775837934487.192,1775837934573.702,86.510,19.001,65.509,20.385,32937,5545,200.0,0,0,89.6
468,reliability_dynamic_mobilenetv2,stable,features_16,1775837934577.702,1775837934655.211,77.509,16.002,60.508,18.516,32937,5545,200.0,0,0,86.6
469,reliability_dynamic_mobilenetv2,stable,features_16,1775837934659.212,1775837934759.721,100.509,17.002,83.507,18.692,32937,5545,200.0,0,0,88.4
470,reliability_dynamic_mobilenetv2,stable,features_16,1775837934764.721,1775837934852.237,87.516,20.000,66.516,22.024,32937,5545,200.0,0,0,90.8
471,reliability_dynamic_mobilenetv2,stable,features_16,1775837934857.237,1775837934940.240,83.003,15.001,67.002,21.117,32937,5545,200.0,0,0,88.8
472,reliability_dynamic_mobilenetv2,stable,features_16,1775837934943.747,1775837935016.746,73.000,13.000,58.999,17.717,32937,5545,200.0,0,0,73.8
473,reliability_dynamic_mobilenetv2,stable,features_16,1775837935019.749,1775837935092.260,72.511,13.008,58.503,18.102,32937,5545,200.0,0,0,76.5
474,reliability_dynamic_mobilenetv2,stable,features_16,1775837935095.260,1775837935182.650,87.390,13.001,73.388,19.799,32937,5545,200.0,0,0,86.5
475,reliability_dynamic_mobilenetv2,stable,features_16,1775837935186.650,1775837935266.159,79.510,13.001,65.510,19.742,32937,5545,200.0,0,0,85.0
476,reliability_dynamic_mobilenetv2,stable,features_16,1775837935270.159,1775837935352.668,82.509,16.001,66.508,21.077,32937,5545,200.0,0,0,75.8
477,reliability_dynamic_mobilenetv2,stable,features_16,1775837935355.668,1775837935435.671,80.003,14.000,65.003,19.873,32937,5545,200.0,0,0,79.0
478,reliability_dynamic_mobilenetv2,stable,features_16,1775837935439.672,1775837935514.188,74.516,12.515,61.002,18.330,32937,5545,200.0,0,0,72.8
479,reliability_dynamic_mobilenetv2,stable,features_16,1775837935517.187,1775837935593.695,76.508,16.006,59.502,18.893,32937,5545,200.0,0,0,77.5
480,reliability_dynamic_mobilenetv2,stable,features_16,1775837935599.695,1775837935675.203,75.508,12.002,62.506,19.314,32937,5545,200.0,0,0,81.2
481,reliability_dynamic_mobilenetv2,stable,features_16,1775837935677.203,1775837935752.712,75.509,11.000,62.508,19.384,32937,5545,200.0,0,0,79.0
482,reliability_dynamic_mobilenetv2,stable,features_16,1775837935756.712,1775837935831.716,75.004,11.003,62.001,18.462,32937,5545,200.0,0,0,77.5
483,reliability_dynamic_mobilenetv2,stable,features_16,1775837935834.716,1775837935909.231,74.515,11.518,60.998,18.116,32937,5545,200.0,0,0,83.8
484,reliability_dynamic_mobilenetv2,stable,features_16,1775837935913.231,1775837935993.741,80.510,14.000,65.506,20.079,32937,5545,200.0,0,0,77.1
485,reliability_dynamic_mobilenetv2,stable,features_16,1775837935997.741,1775837936077.249,79.509,15.000,63.508,19.796,32937,5545,200.0,0,0,77.8
486,reliability_dynamic_mobilenetv2,stable,features_16,1775837936081.249,1775837936196.759,115.509,11.001,102.508,20.784,32937,5545,200.0,0,0,83.8
487,reliability_dynamic_mobilenetv2,stable,features_16,1775837936200.758,1775837936289.267,88.509,16.001,72.508,25.446,32937,5545,200.0,0,0,85.4
488,reliability_dynamic_mobilenetv2,stable,features_16,1775837936293.268,1775837936376.778,83.510,15.000,66.510,21.654,32937,5545,200.0,0,0,83.1
489,reliability_dynamic_mobilenetv2,stable,features_16,1775837936380.778,1775837936463.292,82.514,14.001,66.510,20.206,32937,5545,200.0,0,0,85.6
490,reliability_dynamic_mobilenetv2,stable,features_16,1775837936466.290,1775837936539.292,73.002,12.000,61.002,18.595,32937,5545,200.0,0,0,86.2
491,reliability_dynamic_mobilenetv2,stable,features_16,1775837936543.800,1775837936623.800,79.999,14.001,64.998,18.603,32937,5545,200.0,0,0,85.2
492,reliability_dynamic_mobilenetv2,stable,features_16,1775837936626.800,1775837936705.312,78.511,16.512,60.999,19.000,32937,5545,200.0,0,0,82.3
493,reliability_dynamic_mobilenetv2,stable,features_16,1775837936708.312,1775837936781.821,73.509,12.000,61.508,18.855,32937,5545,200.0,0,0,81.7
494,reliability_dynamic_mobilenetv2,stable,features_16,1775837936785.822,1775837936871.331,85.509,13.001,71.508,26.373,32937,5545,200.0,0,0,87.5
495,reliability_dynamic_mobilenetv2,stable,features_16,1775837936875.331,1775837936959.734,84.403,18.000,64.403,19.584,32937,5545,200.0,0,0,84.0
496,reliability_dynamic_mobilenetv2,stable,features_16,1775837936963.733,1775837937038.739,75.006,14.002,60.005,18.399,32937,5545,200.0,0,0,86.9
497,reliability_dynamic_mobilenetv2,stable,features_16,1775837937042.245,1775837937118.251,76.006,15.006,60.999,19.196,32937,5545,200.0,0,0,84.9
498,reliability_dynamic_mobilenetv2,stable,features_16,1775837937122.250,1775837937249.272,127.022,14.006,112.016,19.898,32937,5545,200.0,0,0,89.8
499,reliability_dynamic_mobilenetv2,stable,features_16,1775837937253.272,1775837937335.275,82.003,14.001,66.003,20.184,32937,5545,200.0,0,0,87.5
500,reliability_dynamic_mobilenetv2,stable,features_16,1775837937339.277,1775837937417.786,78.510,16.512,60.997,19.431,32937,5545,200.0,0,0,90.7
501,reliability_dynamic_mobilenetv2,stable,features_16,1775837937421.786,1775837937503.299,81.513,19.005,61.508,19.113,32937,5545,200.0,0,0,88.8
502,reliability_dynamic_mobilenetv2,stable,features_16,1775837937507.300,1775837937592.810,85.510,19.000,64.510,20.091,32937,5545,200.0,0,0,89.7
503,reliability_dynamic_mobilenetv2,stable,features_16,1775837937596.810,1775837937682.327,85.518,20.001,65.517,20.808,32937,5545,200.0,0,0,84.4
504,reliability_dynamic_mobilenetv2,stable,features_16,1775837937686.331,1775837937765.845,79.515,14.999,62.516,18.451,32937,5545,200.0,0,0,88.9
505,reliability_dynamic_mobilenetv2,stable,features_16,1775837937772.844,1775837937876.354,103.510,37.999,63.512,19.013,32937,5545,200.0,0,0,100.0
506,reliability_dynamic_mobilenetv2,stable,features_16,1775837937882.354,1775837937975.865,93.511,27.005,65.508,20.146,32937,5545,200.0,0,0,94.3
507,reliability_dynamic_mobilenetv2,stable,features_16,1775837937980.866,1775837938077.376,96.510,27.002,68.510,20.498,32937,5545,200.0,0,0,98.4
508,reliability_dynamic_mobilenetv2,stable,features_16,1775837938081.376,1775837938178.887,97.511,25.002,71.510,20.546,32937,5545,200.0,0,0,98.1
509,reliability_dynamic_mobilenetv2,stable,features_16,1775837938182.887,1775837938275.398,92.511,27.000,63.510,19.727,32937,5545,200.0,0,0,93.9
510,reliability_dynamic_mobilenetv2,stable,features_16,1775837938279.399,1775837938364.911,85.512,21.999,62.512,18.121,32937,5545,200.0,0,0,90.2
511,reliability_dynamic_mobilenetv2,stable,features_16,1775837938368.911,1775837938458.423,89.512,24.000,63.511,19.922,32937,5545,200.0,0,0,87.5
512,reliability_dynamic_mobilenetv2,stable,features_16,1775837938463.426,1775837938553.934,90.508,21.000,68.508,21.854,32937,5545,200.0,0,0,88.8
513,reliability_dynamic_mobilenetv2,stable,features_16,1775837938556.934,1775837938647.444,90.510,21.003,67.507,21.105,32937,5545,200.0,0,0,87.6
514,reliability_dynamic_mobilenetv2,stable,features_16,1775837938652.446,1775837938737.447,85.001,19.000,65.001,21.334,32937,5545,200.0,0,0,92.9
515,reliability_dynamic_mobilenetv2,stable,features_16,1775837938741.447,1775837938823.960,82.513,17.513,63.999,18.495,32937,5545,200.0,0,0,95.9
516,reliability_dynamic_mobilenetv2,stable,features_16,1775837938828.964,1775837938917.474,88.510,18.510,69.000,20.855,32937,5545,200.0,0,0,94.9
517,reliability_dynamic_mobilenetv2,stable,features_16,1775837938922.473,1775837939012.988,90.515,22.516,66.999,21.121,32937,5545,200.0,0,0,93.8
518,reliability_dynamic_mobilenetv2,stable,features_16,1775837939016.989,1775837939097.500,80.511,18.005,62.506,19.348,32937,5545,200.0,0,0,90.0
519,reliability_dynamic_mobilenetv2,stable,features_16,1775837939101.500,1775837939185.011,83.510,21.000,62.510,18.925,32937,5545,200.0,0,0,91.8
520,reliability_dynamic_mobilenetv2,stable,features_16,1775837939188.010,1775837939268.520,80.510,14.000,65.509,20.073,32937,5545,200.0,0,0,79.3
521,reliability_dynamic_mobilenetv2,stable,features_16,1775837939271.521,1775837939373.029,101.508,12.000,88.508,20.314,32937,5545,200.0,0,0,74.6
522,reliability_dynamic_mobilenetv2,stable,features_16,1775837939377.029,1775837939449.215,72.186,10.000,61.186,18.961,32937,5545,200.0,0,0,76.2
523,reliability_dynamic_mobilenetv2,stable,features_16,1775837939453.218,1775837939526.215,72.996,12.000,59.996,18.236,32937,5545,200.0,0,0,81.5
524,reliability_dynamic_mobilenetv2,stable,features_16,1775837939530.218,1775837939608.726,78.508,15.508,60.999,18.687,32937,5545,200.0,0,0,76.2
525,reliability_dynamic_mobilenetv2,stable,features_16,1775837939611.726,1775837939690.235,78.509,17.004,59.505,18.409,32937,5545,200.0,0,0,86.4
526,reliability_dynamic_mobilenetv2,stable,features_16,1775837939693.236,1775837939770.745,77.509,12.000,64.509,20.609,32937,5545,200.0,0,0,82.7
527,reliability_dynamic_mobilenetv2,stable,features_16,1775837939774.745,1775837939851.091,76.346,12.000,63.346,20.119,32937,5545,200.0,0,0,83.8
528,reliability_dynamic_mobilenetv2,stable,features_16,1775837939855.092,1775837939930.094,75.002,14.000,60.002,18.683,32937,5545,200.0,0,0,79.1
529,reliability_dynamic_mobilenetv2,stable,features_16,1775837939933.094,1775837940006.604,73.510,12.511,60.999,18.848,32937,5545,200.0,0,0,80.8
530,reliability_dynamic_mobilenetv2,stable,features_16,1775837940011.604,1775837940105.115,93.512,28.005,64.507,20.224,32937,5545,200.0,0,0,87.7
531,reliability_dynamic_mobilenetv2,stable,features_16,1775837940109.115,1775837940204.634,95.518,15.006,79.515,20.080,32937,5545,200.0,0,0,84.5
532,reliability_dynamic_mobilenetv2,stable,features_16,1775837940208.634,1775837940314.150,105.516,21.005,83.510,25.391,32937,5545,200.0,0,0,90.2
533,reliability_dynamic_mobilenetv2,stable,features_16,1775837940318.150,1775837940403.667,85.517,20.006,64.511,19.011,32937,5545,200.0,0,0,88.5
534,reliability_dynamic_mobilenetv2,stable,features_16,1775837940408.667,1775837940497.183,88.516,20.005,66.511,22.089,32937,5545,200.0,0,0,97.9
535,reliability_dynamic_mobilenetv2,stable,features_16,1775837940502.183,1775837940590.711,88.528,20.000,66.529,21.605,32937,5545,200.0,0,0,97.9
536,reliability_dynamic_mobilenetv2,stable,features_16,1775837940595.710,1775837940683.225,87.514,21.000,64.511,21.758,32937,5545,200.0,0,0,94.8
537,reliability_dynamic_mobilenetv2,stable,features_16,1775837940687.224,1775837940766.738,79.514,18.000,60.515,15.553,32937,5545,200.0,0,0,89.2
538,reliability_dynamic_mobilenetv2,stable,features_16,1775837940770.739,1775837940858.250,87.512,19.000,66.511,21.002,32937,5545,200.0,0,0,100.0
539,reliability_dynamic_mobilenetv2,stable,features_16,1775837940863.252,1775837940957.762,94.510,25.999,66.512,20.514,32937,5545,200.0,0,0,92.8
540,reliability_dynamic_mobilenetv2,stable,features_16,1775837940961.762,1775837941059.194,97.432,21.001,74.432,23.402,32937,5545,200.0,0,0,90.4
541,reliability_dynamic_mobilenetv2,stable,features_16,1775837941062.195,1775837941142.699,80.504,13.998,65.003,19.863,32937,5545,200.0,0,0,80.0
542,reliability_dynamic_mobilenetv2,stable,features_16,1775837941145.704,1775837941235.707,90.003,16.999,71.004,18.887,32937,5545,200.0,0,0,90.7
543,reliability_dynamic_mobilenetv2,stable,features_16,1775837941239.707,1775837941330.276,90.569,26.566,63.004,19.680,32937,5545,200.0,0,0,95.9
544,reliability_dynamic_mobilenetv2,stable,features_16,1775837941334.277,1775837941425.982,91.705,25.706,63.999,19.773,32937,5545,200.0,0,0,95.9
545,reliability_dynamic_mobilenetv2,stable,features_16,1775837941430.986,1775837941520.596,89.610,19.510,67.097,20.743,32937,5545,200.0,0,0,95.9
546,reliability_dynamic_mobilenetv2,stable,features_16,1775837941524.594,1775837941607.108,82.514,20.515,61.999,19.030,32937,5545,200.0,0,0,96.1
547,reliability_dynamic_mobilenetv2,stable,features_16,1775837941611.111,1775837941703.622,92.510,25.004,65.509,20.501,32937,5545,200.0,0,0,100.0
548,reliability_dynamic_mobilenetv2,stable,features_16,1775837941708.620,1775837941803.133,94.512,21.005,72.506,22.303,32937,5545,200.0,0,0,100.0
549,reliability_dynamic_mobilenetv2,stable,features_16,1775837941808.133,1775837941901.643,93.510,26.004,67.506,21.112,32937,5545,200.0,0,0,96.6
550,reliability_dynamic_mobilenetv2,stable,features_16,1775837941906.643,1775837941986.154,79.511,17.003,61.508,18.464,32937,5545,200.0,0,0,92.9
551,reliability_dynamic_mobilenetv2,stable,features_16,1775837941990.154,1775837942088.667,98.513,25.000,72.513,19.189,32937,5545,200.0,0,0,98.3
552,reliability_dynamic_mobilenetv2,stable,features_16,1775837942093.667,1775837942181.177,87.509,13.000,73.509,28.307,32937,5545,200.0,0,0,80.2
553,reliability_dynamic_mobilenetv2,stable,features_16,1775837942184.177,1775837942258.686,74.509,11.001,62.509,19.075,32937,5545,200.0,0,0,81.5
554,reliability_dynamic_mobilenetv2,stable,features_16,1775837942263.686,1775837942333.690,70.004,11.003,58.001,17.433,32937,5545,200.0,0,0,78.5
555,reliability_dynamic_mobilenetv2,stable,features_16,1775837942390.195,1775837942463.704,73.509,11.001,62.509,20.830,32937,5545,200.0,0,0,75.7
556,reliability_dynamic_mobilenetv2,stable,features_16,1775837942466.705,1775837942544.727,78.022,17.000,61.022,18.255,32937,5545,200.0,0,0,80.2
557,reliability_dynamic_mobilenetv2,stable,features_16,1775837942548.727,1775837942622.235,73.508,12.507,59.998,18.777,32937,5545,200.0,0,0,81.2
558,reliability_dynamic_mobilenetv2,stable,features_16,1775837942625.233,1775837942702.743,77.510,13.006,64.503,20.139,32937,5545,200.0,0,0,79.0
559,reliability_dynamic_mobilenetv2,stable,features_16,1775837942706.744,1775837942787.251,80.507,13.001,67.506,22.009,32937,5545,200.0,0,0,78.8
560,reliability_dynamic_mobilenetv2,stable,features_16,1775837942790.251,1775837942869.762,79.511,14.000,65.510,23.480,32937,5545,200.0,0,0,86.5
561,reliability_dynamic_mobilenetv2,stable,features_16,1775837942873.762,1775837943000.270,126.508,17.000,109.508,18.947,32937,5545,200.0,0,0,80.6
562,reliability_dynamic_mobilenetv2,stable,features_16,1775837943004.271,1775837943101.780,97.509,15.001,82.000,20.022,32937,5545,200.0,0,0,77.1
563,reliability_dynamic_mobilenetv2,stable,features_16,1775837943104.779,1775837943184.290,79.511,12.001,64.512,20.374,32937,5545,200.0,0,0,77.1
564,reliability_dynamic_mobilenetv2,stable,features_16,1775837943188.290,1775837943268.802,80.512,17.000,62.514,19.274,32937,5545,200.0,0,0,83.8
565,reliability_dynamic_mobilenetv2,stable,features_16,1775837943272.803,1775837943356.313,83.510,17.000,64.510,21.167,32937,5545,200.0,0,0,86.3
566,reliability_dynamic_mobilenetv2,stable,features_16,1775837943360.312,1775837943449.821,89.509,18.000,70.512,26.038,32937,5545,200.0,0,0,82.5
567,reliability_dynamic_mobilenetv2,stable,features_16,1775837943453.821,1775837943569.330,115.509,17.000,98.509,31.760,32937,5545,200.0,0,0,86.7
568,reliability_dynamic_mobilenetv2,stable,features_16,1775837943574.330,1775837943646.838,72.509,11.002,61.507,18.185,32937,5545,200.0,0,0,93.9
569,reliability_dynamic_mobilenetv2,stable,features_16,1775837943650.839,1775837943727.915,77.076,16.001,60.076,18.394,32937,5545,200.0,0,0,87.5
570,reliability_dynamic_mobilenetv2,stable,features_16,1775837943731.918,1775837943808.429,76.510,10.002,65.508,20.140,32937,5545,200.0,0,0,79.0
571,reliability_dynamic_mobilenetv2,stable,features_16,1775837943812.429,1775837943911.940,99.511,16.001,83.510,20.637,32937,5545,200.0,0,0,83.3
572,reliability_dynamic_mobilenetv2,stable,features_16,1775837943915.940,1775837943996.449,80.509,15.004,63.505,19.917,32937,5545,200.0,0,0,86.7
573,reliability_dynamic_mobilenetv2,stable,features_16,1775837944000.449,1775837944080.967,80.518,16.001,64.517,19.608,32937,5545,200.0,0,0,97.6
574,reliability_dynamic_mobilenetv2,stable,features_16,1775837944084.964,1775837944164.472,79.509,17.001,61.508,18.847,32937,5545,200.0,0,0,81.7
575,reliability_dynamic_mobilenetv2,stable,features_16,1775837944167.472,1775837944250.984,83.512,19.001,62.513,21.106,32937,5545,200.0,0,0,83.3
576,reliability_dynamic_mobilenetv2,stable,features_16,1775837944253.986,1775837944328.990,75.003,10.999,63.004,19.336,32937,5545,200.0,0,0,83.8
577,reliability_dynamic_mobilenetv2,stable,features_16,1775837944333.990,1775837944414.505,80.515,13.516,65.999,20.554,32937,5545,200.0,0,0,85.0
578,reliability_dynamic_mobilenetv2,stable,features_16,1775837944417.505,1775837944515.015,97.510,18.005,77.506,35.688,32937,5545,200.0,0,0,88.4
579,reliability_dynamic_mobilenetv2,stable,features_16,1775837944518.015,1775837944597.525,79.510,17.004,60.506,18.768,32937,5545,200.0,0,0,90.0
580,reliability_dynamic_mobilenetv2,stable,features_16,1775837944602.527,1775837944696.037,93.510,16.999,75.512,30.391,32937,5545,200.0,0,0,93.0
581,reliability_dynamic_mobilenetv2,stable,features_16,1775837944700.036,1775837944781.552,81.515,14.000,66.515,20.671,32937,5545,200.0,0,0,85.0
582,reliability_dynamic_mobilenetv2,stable,features_16,1775837944785.552,1775837944868.065,82.513,19.000,62.514,20.003,32937,5545,200.0,0,0,94.9
583,reliability_dynamic_mobilenetv2,stable,features_16,1775837944872.065,1775837944949.574,77.509,14.001,63.508,19.940,32937,5545,200.0,0,0,84.8
584,reliability_dynamic_mobilenetv2,stable,features_16,1775837944952.574,1775837945031.577,79.003,13.001,66.002,21.053,32937,5545,200.0,0,0,84.0
585,reliability_dynamic_mobilenetv2,stable,features_16,1775837945035.578,1775837945116.085,80.507,12.508,67.000,20.563,32937,5545,200.0,0,0,86.4
586,reliability_dynamic_mobilenetv2,stable,features_16,1775837945119.085,1775837945203.600,84.515,14.004,69.510,19.675,32937,5545,200.0,0,0,93.1
587,reliability_dynamic_mobilenetv2,stable,features_16,1775837945208.600,1775837945300.112,91.511,27.004,63.508,19.048,32937,5545,200.0,0,0,96.0
588,reliability_dynamic_mobilenetv2,stable,features_16,1775837945305.112,1775837945389.622,84.510,21.001,61.510,19.386,32937,5545,200.0,0,0,95.0
589,reliability_dynamic_mobilenetv2,stable,features_16,1775837945393.624,1775837945476.132,82.509,20.999,60.510,18.422,32937,5545,200.0,0,0,92.9
590,reliability_dynamic_mobilenetv2,stable,features_16,1775837945479.133,1775837945565.644,86.511,19.001,67.511,20.903,32937,5545,200.0,0,0,92.9
591,reliability_dynamic_mobilenetv2,stable,features_16,1775837945570.645,1775837945663.158,92.513,23.999,66.512,21.099,32937,5545,200.0,0,0,97.0
592,reliability_dynamic_mobilenetv2,stable,features_16,1775837945667.159,1775837945754.668,87.509,23.000,63.510,19.026,32937,5545,200.0,0,0,98.0
593,reliability_dynamic_mobilenetv2,stable,features_16,1775837945759.669,1775837945842.673,83.004,19.005,62.000,20.065,32937,5545,200.0,0,0,99.0
594,reliability_dynamic_mobilenetv2,stable,features_16,1775837945847.182,1775837945936.186,89.004,22.001,65.002,20.024,32937,5545,200.0,0,0,100.0
595,reliability_dynamic_mobilenetv2,stable,features_16,1775837945940.185,1775837946023.891,83.706,19.513,63.195,19.610,32937,5545,200.0,0,0,89.5
596,reliability_dynamic_mobilenetv2,stable,features_16,1775837946027.892,1775837946110.414,82.522,13.007,67.516,19.442,32937,5545,200.0,0,0,85.9
597,reliability_dynamic_mobilenetv2,stable,features_16,1775837946115.413,1775837946217.923,102.510,24.007,77.505,19.454,32937,5545,200.0,0,0,84.5
598,reliability_dynamic_mobilenetv2,stable,features_16,1775837946222.923,1775837946307.440,84.517,13.010,71.507,26.012,32937,5545,200.0,0,0,86.7
599,reliability_dynamic_mobilenetv2,stable,features_16,1775837946311.440,1775837946416.954,105.514,18.004,86.509,21.823,32937,5545,200.0,0,0,94.0
600,reliability_dynamic_mobilenetv2,stable,features_16,1775837946420.954,1775837946499.277,78.322,16.006,62.316,18.839,32937,5545,200.0,0,0,88.8
601,reliability_dynamic_mobilenetv2,stable,features_16,1775837946504.277,1775837946581.787,77.510,14.003,60.507,18.948,32937,5545,200.0,0,0,85.0
602,reliability_dynamic_mobilenetv2,stable,features_16,1775837946585.787,1775837946667.296,81.509,16.001,63.508,19.622,32937,5545,200.0,0,0,88.5
603,reliability_dynamic_mobilenetv2,stable,features_16,1775837946670.296,1775837946752.805,82.509,18.000,63.508,19.705,32937,5545,200.0,0,0,82.5
604,reliability_dynamic_mobilenetv2,stable,features_16,1775837946756.805,1775837946831.809,75.003,12.002,63.002,19.973,32937,5545,200.0,0,0,86.4
605,reliability_dynamic_mobilenetv2,stable,features_16,1775837946835.809,1775837946927.317,91.508,19.509,71.999,21.973,32937,5545,200.0,0,0,91.9
606,reliability_dynamic_mobilenetv2,stable,features_16,1775837946931.320,1775837947021.829,90.509,20.510,68.000,25.541,32937,5545,200.0,0,0,93.8
607,reliability_dynamic_mobilenetv2,stable,features_16,1775837947025.829,1775837947103.350,77.521,16.010,61.510,18.525,32937,5545,200.0,0,0,96.9
608,reliability_dynamic_mobilenetv2,stable,features_16,1775837947108.349,1775837947194.861,86.511,20.002,66.509,20.270,32937,5545,200.0,0,0,89.7
609,reliability_dynamic_mobilenetv2,stable,features_16,1775837947200.862,1775837947293.371,92.510,24.001,67.508,21.075,32937,5545,200.0,0,0,92.7
610,reliability_dynamic_mobilenetv2,stable,features_16,1775837947297.372,1775837947385.158,87.786,24.000,61.786,18.405,32937,5545,200.0,0,0,92.9
611,reliability_dynamic_mobilenetv2,stable,features_16,1775837947389.159,1775837947477.668,88.509,25.000,61.509,18.692,32937,5545,200.0,0,0,91.9
612,reliability_dynamic_mobilenetv2,stable,features_16,1775837947481.669,1775837947567.127,85.458,20.000,64.458,19.724,32937,5545,200.0,0,0,90.0
613,reliability_dynamic_mobilenetv2,stable,features_16,1775837947571.128,1775837947670.638,99.510,18.999,78.512,20.078,32937,5545,200.0,0,0,96.5
614,reliability_dynamic_mobilenetv2,stable,features_16,1775837947674.639,1775837947764.148,89.510,23.000,62.510,20.272,32937,5545,200.0,0,0,95.9
615,reliability_dynamic_mobilenetv2,stable,features_16,1775837947768.148,1775837947853.659,85.511,22.001,61.510,18.839,32937,5545,200.0,0,0,98.0
616,reliability_dynamic_mobilenetv2,stable,features_16,1775837947858.659,1775837947947.169,88.510,20.002,68.508,21.554,32937,5545,200.0,0,0,89.5
617,reliability_dynamic_mobilenetv2,stable,features_16,1775837947952.170,1775837948034.172,82.002,16.000,65.001,20.858,32937,5545,200.0,0,0,83.1
618,reliability_dynamic_mobilenetv2,stable,features_16,1775837948037.173,1775837948131.684,94.512,15.510,77.001,19.101,32937,5545,200.0,0,0,85.6
619,reliability_dynamic_mobilenetv2,stable,features_16,1775837948135.685,1775837948212.200,76.516,11.511,62.999,18.547,32937,5545,200.0,0,0,82.3
620,reliability_dynamic_mobilenetv2,stable,features_16,1775837948215.198,1775837948288.704,73.506,11.997,61.509,18.742,32937,5545,200.0,0,0,74.2
621,reliability_dynamic_mobilenetv2,stable,features_16,1775837948294.707,1775837948367.212,72.505,11.999,60.506,18.980,32937,5545,200.0,0,0,76.0
622,reliability_dynamic_mobilenetv2,stable,features_16,1775837948376.213,1775837948457.721,81.508,15.002,65.506,20.321,32937,5545,200.0,0,0,81.9
623,reliability_dynamic_mobilenetv2,stable,features_16,1775837948459.722,1775837948549.235,89.513,13.000,74.514,20.102,32937,5545,200.0,0,0,72.2
624,reliability_dynamic_mobilenetv2,stable,features_16,1775837948552.236,1775837948624.235,71.999,11.000,59.000,18.404,32937,5545,200.0,0,0,77.2
625,reliability_dynamic_mobilenetv2,stable,features_16,1775837948627.235,1775837948756.255,129.020,12.007,117.013,18.160,32937,5545,200.0,0,0,77.1
626,reliability_dynamic_mobilenetv2,stable,features_16,1775837948759.255,1775837948839.258,80.003,13.003,66.000,19.657,32937,5545,200.0,0,0,82.3
627,reliability_dynamic_mobilenetv2,stable,features_16,1775837948842.259,1775837948925.769,83.510,16.515,64.996,20.523,32937,5545,200.0,0,0,78.8
628,reliability_dynamic_mobilenetv2,stable,features_16,1775837948928.769,1775837949003.278,74.509,13.004,61.505,18.383,32937,5545,200.0,0,0,80.2
629,reliability_dynamic_mobilenetv2,stable,features_16,1775837949008.278,1775837949085.787,77.508,15.000,60.508,18.476,32937,5545,200.0,0,0,82.5
630,reliability_dynamic_mobilenetv2,stable,features_16,1775837949091.788,1775837949177.296,85.508,17.000,67.012,21.403,32937,5545,200.0,0,0,72.9
631,reliability_dynamic_mobilenetv2,stable,features_16,1775837949224.296,1775837949307.806,83.510,16.005,66.505,20.114,32937,5545,200.0,0,0,83.1
632,reliability_dynamic_mobilenetv2,stable,features_16,1775837949311.807,1775837949391.318,79.511,17.000,61.511,18.728,32937,5545,200.0,0,0,79.3
633,reliability_dynamic_mobilenetv2,stable,features_16,1775837949395.316,1775837949471.826,76.510,15.001,61.508,19.013,32937,5545,200.0,0,0,76.2
634,reliability_dynamic_mobilenetv2,stable,features_16,1775837949474.827,1775837949552.334,77.508,12.000,64.508,19.913,32937,5545,200.0,0,0,81.2
635,reliability_dynamic_mobilenetv2,stable,features_16,1775837949555.334,1775837949634.341,79.006,12.004,66.002,20.354,32937,5545,200.0,0,0,77.7
636,reliability_dynamic_mobilenetv2,stable,features_16,1775837949637.340,1775837949715.855,78.516,12.517,65.999,20.980,32937,5545,200.0,0,0,75.6
637,reliability_dynamic_mobilenetv2,stable,features_16,1775837949720.855,1775837949797.368,76.513,12.008,64.505,19.609,32937,5545,200.0,0,0,75.0
638,reliability_dynamic_mobilenetv2,stable,features_16,1775837949801.367,1775837949886.877,85.509,19.001,66.508,20.570,32937,5545,200.0,0,0,86.7
639,reliability_dynamic_mobilenetv2,stable,features_16,1775837949890.878,1775837949963.389,72.511,11.002,61.509,19.685,32937,5545,200.0,0,0,82.5
640,reliability_dynamic_mobilenetv2,stable,features_16,1775837949967.388,1775837950056.899,89.511,12.000,76.509,19.858,32937,5545,200.0,0,0,78.4
641,reliability_dynamic_mobilenetv2,stable,features_16,1775837950060.898,1775837950136.901,76.003,11.001,63.002,19.373,32937,5545,200.0,0,0,80.2
642,reliability_dynamic_mobilenetv2,stable,features_16,1775837950140.901,1775837950229.410,88.510,11.510,77.000,33.864,32937,5545,200.0,0,0,81.2
643,reliability_dynamic_mobilenetv2,stable,features_16,1775837950233.413,1775837950310.925,77.512,13.513,62.999,18.909,32937,5545,200.0,0,0,80.0
644,reliability_dynamic_mobilenetv2,stable,features_16,1775837950313.927,1775837950391.438,77.511,14.000,63.512,19.777,32937,5545,200.0,0,0,79.7
645,reliability_dynamic_mobilenetv2,stable,features_16,1775837950395.438,1775837950477.943,82.505,12.999,69.506,23.041,32937,5545,200.0,0,0,77.1
646,reliability_dynamic_mobilenetv2,stable,features_16,1775837950481.944,1775837950556.457,74.513,12.000,62.513,19.977,32937,5545,200.0,0,0,79.8
647,reliability_dynamic_mobilenetv2,stable,features_16,1775837950560.461,1775837950633.458,72.998,11.997,60.001,18.118,32937,5545,200.0,0,0,77.8
648,reliability_dynamic_mobilenetv2,stable,features_16,1775837950636.459,1775837950715.967,79.508,11.509,67.999,20.260,32937,5545,200.0,0,0,76.7
649,reliability_dynamic_mobilenetv2,stable,features_16,1775837950719.967,1775837950803.478,83.511,18.004,64.507,19.742,32937,5545,200.0,0,0,79.5
650,reliability_dynamic_mobilenetv2,stable,features_16,1775837950808.477,1775837950887.986,79.509,19.000,58.509,17.939,32937,5545,200.0,0,0,88.7
651,reliability_dynamic_mobilenetv2,stable,features_16,1775837950891.987,1775837950978.496,86.509,10.001,75.508,19.150,32937,5545,200.0,0,0,78.9
652,reliability_dynamic_mobilenetv2,stable,features_16,1775837950983.495,1775837951062.007,78.511,16.001,61.511,18.975,32937,5545,200.0,0,0,79.0
653,reliability_dynamic_mobilenetv2,stable,features_16,1775837951065.007,1775837951137.009,72.002,12.000,59.002,18.472,32937,5545,200.0,0,0,77.2
654,reliability_dynamic_mobilenetv2,stable,features_16,1775837951141.009,1775837951217.519,76.510,11.510,64.000,19.944,32937,5545,200.0,0,0,79.0
655,reliability_dynamic_mobilenetv2,stable,features_16,1775837951221.520,1775837951303.034,81.515,16.005,65.510,20.334,32937,5545,200.0,0,0,84.0
656,reliability_dynamic_mobilenetv2,stable,features_16,1775837951307.035,1775837951387.545,80.510,17.998,60.511,18.775,32937,5545,200.0,0,0,85.4
657,reliability_dynamic_mobilenetv2,stable,features_16,1775837951391.545,1775837951470.896,79.351,18.000,60.351,18.504,32937,5545,200.0,0,0,92.5
658,reliability_dynamic_mobilenetv2,stable,features_16,1775837951475.896,1775837951563.870,87.974,19.000,67.974,21.394,32937,5545,200.0,0,0,89.7
659,reliability_dynamic_mobilenetv2,stable,features_16,1775837951567.870,1775837951651.381,83.511,17.000,66.511,20.003,32937,5545,200.0,0,0,90.8
660,reliability_dynamic_mobilenetv2,stable,features_16,1775837951654.381,1775837951739.386,85.005,21.000,63.005,19.225,32937,5545,200.0,0,0,91.4
661,reliability_dynamic_mobilenetv2,stable,features_16,1775837951743.387,1775837951821.896,78.510,15.511,61.997,19.291,32937,5545,200.0,0,0,90.7
662,reliability_dynamic_mobilenetv2,stable,features_16,1775837951825.896,1775837951907.409,81.513,16.005,63.508,19.590,32937,5545,200.0,0,0,87.7
663,reliability_dynamic_mobilenetv2,stable,features_16,1775837951910.410,1775837952010.922,100.512,13.001,85.509,20.417,32937,5545,200.0,0,0,90.1
664,reliability_dynamic_mobilenetv2,stable,features_16,1775837952014.922,1775837952114.441,99.520,16.004,81.514,19.580,32937,5545,200.0,0,0,79.4
665,reliability_dynamic_mobilenetv2,stable,features_16,1775837952117.442,1775837952189.951,72.509,12.001,60.508,18.480,32937,5545,200.0,0,0,82.5
666,reliability_dynamic_mobilenetv2,stable,features_16,1775837952194.953,1775837952281.464,86.511,14.002,72.509,20.276,32937,5545,200.0,0,0,87.9
667,reliability_dynamic_mobilenetv2,stable,features_16,1775837952285.464,1775837952365.975,80.512,13.001,65.511,20.253,32937,5545,200.0,0,0,82.5
668,reliability_dynamic_mobilenetv2,stable,features_16,1775837952369.975,1775837952451.484,81.509,15.000,66.509,20.384,32937,5545,200.0,0,0,84.7
669,reliability_dynamic_mobilenetv2,stable,features_16,1775837952455.485,1775837952539.892,84.407,16.003,66.406,21.077,32937,5545,200.0,0,0,86.5
670,reliability_dynamic_mobilenetv2,stable,features_16,1775837952543.892,1775837952619.912,76.020,13.021,62.998,19.948,32937,5545,200.0,0,0,87.8
671,reliability_dynamic_mobilenetv2,stable,features_16,1775837952622.916,1775837952698.429,75.513,15.003,60.510,18.792,32937,5545,200.0,0,0,90.0
672,reliability_dynamic_mobilenetv2,stable,features_16,1775837952704.427,1775837952792.938,88.511,19.000,68.511,21.327,32937,5545,200.0,0,0,93.8
673,reliability_dynamic_mobilenetv2,stable,features_16,1775837952796.940,1775837952903.451,106.511,40.005,64.506,20.310,32937,5545,200.0,0,0,97.4
674,reliability_dynamic_mobilenetv2,stable,features_16,1775837952906.451,1775837952980.962,74.510,15.001,59.509,18.036,32937,5545,200.0,0,0,93.9
675,reliability_dynamic_mobilenetv2,stable,features_16,1775837952984.962,1775837953063.471,78.509,15.001,61.509,19.125,32937,5545,200.0,0,0,89.2
676,reliability_dynamic_mobilenetv2,stable,features_16,1775837953067.472,1775837953152.688,85.216,17.000,66.215,20.190,32937,5545,200.0,0,0,87.6
677,reliability_dynamic_mobilenetv2,stable,features_16,1775837953156.687,1775837953253.199,96.512,19.000,76.511,20.191,32937,5545,200.0,0,0,81.8
678,reliability_dynamic_mobilenetv2,stable,features_16,1775837953258.198,1775837953333.202,75.004,12.001,63.003,20.279,32937,5545,200.0,0,0,75.0
679,reliability_dynamic_mobilenetv2,stable,features_16,1775837953337.203,1775837953412.710,75.506,12.507,60.999,18.903,32937,5545,200.0,0,0,73.8
680,reliability_dynamic_mobilenetv2,stable,features_16,1775837953415.710,1775837953493.223,77.513,11.001,65.511,19.707,32937,5545,200.0,0,0,81.8
681,reliability_dynamic_mobilenetv2,stable,features_16,1775837953497.223,1775837953576.732,79.509,14.002,64.506,20.227,32937,5545,200.0,0,0,76.2
682,reliability_dynamic_mobilenetv2,stable,features_16,1775837953580.733,1775837953653.242,72.509,10.001,61.511,19.761,32937,5545,200.0,0,0,77.5
683,reliability_dynamic_mobilenetv2,stable,features_16,1775837953656.242,1775837953732.250,76.008,13.001,63.007,19.853,32937,5545,200.0,0,0,82.7
684,reliability_dynamic_mobilenetv2,stable,features_16,1775837953738.250,1775837953838.762,100.513,13.511,85.002,22.876,32937,5545,200.0,0,0,88.4
685,reliability_dynamic_mobilenetv2,stable,features_16,1775837953842.762,1775837953928.277,85.515,12.515,73.000,30.754,32937,5545,200.0,0,0,91.5
686,reliability_dynamic_mobilenetv2,stable,features_16,1775837953932.282,1775837954007.791,75.508,10.001,64.509,20.083,32937,5545,200.0,0,0,84.1
687,reliability_dynamic_mobilenetv2,stable,features_16,1775837954010.792,1775837954089.300,78.508,11.000,65.508,20.555,32937,5545,200.0,0,0,82.1
688,reliability_dynamic_mobilenetv2,stable,features_16,1775837954093.300,1775837954166.810,73.509,13.001,60.508,18.188,32937,5545,200.0,0,0,79.0
689,reliability_dynamic_mobilenetv2,stable,features_16,1775837954169.810,1775837954242.813,73.003,12.000,61.002,19.412,32937,5545,200.0,0,0,85.0
690,reliability_dynamic_mobilenetv2,stable,features_16,1775837954246.319,1775837954353.340,107.021,16.004,90.017,25.552,32937,5545,200.0,0,0,93.9
691,reliability_dynamic_mobilenetv2,stable,features_16,1775837954357.340,1775837954498.850,141.510,20.000,119.510,63.053,32937,5545,200.0,0,0,97.9
692,reliability_dynamic_mobilenetv2,stable,features_16,1775837954503.851,1775837954596.365,92.514,26.999,63.509,18.836,32937,5545,200.0,0,0,99.0
693,reliability_dynamic_mobilenetv2,stable,features_16,1775837954616.365,1775837954746.402,130.037,66.525,61.006,18.543,32937,5545,200.0,0,0,98.8
694,reliability_dynamic_mobilenetv2,stable,features_16,1775837954750.409,1775837954838.412,88.003,20.000,67.004,22.144,32937,5545,200.0,0,0,98.0
695,reliability_dynamic_mobilenetv2,stable,features_16,1775837954842.412,1775837954936.929,94.517,25.513,67.005,21.729,32937,5545,200.0,0,0,96.0
696,reliability_dynamic_mobilenetv2,stable,features_16,1775837954940.931,1775837955031.445,90.514,18.512,69.999,19.390,32937,5545,200.0,0,0,94.9
697,reliability_dynamic_mobilenetv2,stable,features_16,1775837955037.445,1775837955134.960,97.515,30.512,65.003,21.601,32937,5545,200.0,0,0,99.1
698,reliability_dynamic_mobilenetv2,stable,features_16,1775837955138.961,1775837955233.478,94.516,23.512,70.005,23.135,32937,5545,200.0,0,0,99.0
699,reliability_dynamic_mobilenetv2,stable,features_16,1775837955238.477,1775837955338.993,100.515,27.514,71.002,19.798,32937,5545,200.0,0,0,99.2
700,reliability_dynamic_mobilenetv2,stable,features_16,1775837955343.993,1775837955449.019,105.026,31.513,71.511,22.750,32937,5545,200.0,0,0,99.1
701,reliability_dynamic_mobilenetv2,stable,features_16,1775837955453.020,1775837955549.531,96.511,31.000,64.511,19.832,32937,5545,200.0,0,0,100.0
702,reliability_dynamic_mobilenetv2,stable,features_16,1775837955553.531,1775837955644.535,91.004,23.000,66.003,20.393,32937,5545,200.0,0,0,93.9
703,reliability_dynamic_mobilenetv2,stable,features_16,1775837955648.043,1775837955730.043,82.000,18.003,62.997,19.637,32937,5545,200.0,0,0,90.8
704,reliability_dynamic_mobilenetv2,stable,features_16,1775837955734.046,1775837955826.555,92.509,23.508,68.001,20.875,32937,5545,200.0,0,0,95.9
705,reliability_dynamic_mobilenetv2,stable,features_16,1775837955832.559,1775837955932.073,99.513,31.511,66.999,21.711,32937,5545,200.0,0,0,99.2
706,reliability_dynamic_mobilenetv2,stable,features_16,1775837955936.075,1775837956024.582,88.507,24.509,63.998,19.466,32937,5545,200.0,0,0,99.0
707,reliability_dynamic_mobilenetv2,stable,features_16,1775837956029.584,1775837956122.102,92.518,29.518,61.000,18.403,32937,5545,200.0,0,0,98.0
708,reliability_dynamic_mobilenetv2,stable,features_16,1775837956127.102,1775837956221.618,94.516,24.516,69.000,20.256,32937,5545,200.0,0,0,95.1
709,reliability_dynamic_mobilenetv2,stable,features_16,1775837956225.618,1775837956320.137,94.519,26.519,67.000,21.512,32937,5545,200.0,0,0,93.9
710,reliability_dynamic_mobilenetv2,stable,features_16,1775837956324.136,1775837956409.652,85.516,22.006,62.005,19.071,32937,5545,200.0,0,0,95.0
711,reliability_dynamic_mobilenetv2,stable,features_16,1775837956413.652,1775837956500.166,86.513,23.006,61.508,19.239,32937,5545,200.0,0,0,94.9
712,reliability_dynamic_mobilenetv2,stable,features_16,1775837956504.166,1775837956592.676,88.510,23.000,64.510,19.749,32937,5545,200.0,0,0,91.8
713,reliability_dynamic_mobilenetv2,stable,features_16,1775837956596.676,1775837956690.186,93.510,20.001,72.510,19.650,32937,5545,200.0,0,0,94.8
714,reliability_dynamic_mobilenetv2,stable,features_16,1775837956694.187,1775837956781.697,87.510,22.999,63.511,19.631,32937,5545,200.0,0,0,88.7
715,reliability_dynamic_mobilenetv2,stable,features_16,1775837956786.697,1775837956872.210,85.513,21.003,62.512,19.673,32937,5545,200.0,0,0,95.9
716,reliability_dynamic_mobilenetv2,stable,features_16,1775837956877.211,1775837956966.721,89.510,26.000,61.510,18.385,32937,5545,200.0,0,0,91.9
717,reliability_dynamic_mobilenetv2,stable,features_16,1775837956970.721,1775837957059.236,88.514,25.001,62.514,19.927,32937,5545,200.0,0,0,87.8
718,reliability_dynamic_mobilenetv2,stable,features_16,1775837957063.238,1775837957160.748,97.510,17.000,79.510,22.062,32937,5545,200.0,0,0,84.4
719,reliability_dynamic_mobilenetv2,stable,features_16,1775837957163.748,1775837957244.752,81.004,15.000,65.004,20.135,32937,5545,200.0,0,0,89.7
720,reliability_dynamic_mobilenetv2,stable,features_16,1775837957248.261,1775837957327.261,79.000,15.000,63.001,19.596,32937,5545,200.0,0,0,86.4
721,reliability_dynamic_mobilenetv2,stable,features_16,1775837957331.261,1775837957410.772,79.511,16.512,61.999,18.931,32937,5545,200.0,0,0,85.0
722,reliability_dynamic_mobilenetv2,stable,features_16,1775837957414.772,1775837957500.283,85.511,19.004,66.508,20.240,32937,5545,200.0,0,0,94.8
723,reliability_dynamic_mobilenetv2,stable,features_16,1775837957504.284,1775837957591.793,87.509,21.000,65.509,20.008,32937,5545,200.0,0,0,91.8
724,reliability_dynamic_mobilenetv2,stable,features_16,1775837957596.794,1775837957684.303,87.509,23.000,63.510,20.186,32937,5545,200.0,0,0,94.9
725,reliability_dynamic_mobilenetv2,stable,features_16,1775837957689.304,1775837957775.814,86.510,19.000,67.510,17.980,32937,5545,200.0,0,0,94.1
726,reliability_dynamic_mobilenetv2,stable,features_16,1775837957780.814,1775837957875.325,94.510,18.001,75.510,29.157,32937,5545,200.0,0,0,99.0
727,reliability_dynamic_mobilenetv2,stable,features_16,1775837957879.325,1775837957971.835,92.510,24.001,67.509,21.128,32937,5545,200.0,0,0,95.9
728,reliability_dynamic_mobilenetv2,stable,features_16,1775837957975.836,1775837958059.346,83.510,16.000,67.510,20.008,32937,5545,200.0,0,0,94.9
729,reliability_dynamic_mobilenetv2,stable,features_16,1775837958063.346,1775837958144.349,81.003,19.000,61.002,18.425,32937,5545,200.0,0,0,96.5
730,reliability_dynamic_mobilenetv2,stable,features_16,1775837958149.857,1775837958232.859,83.002,18.001,64.001,20.166,32937,5545,200.0,0,0,88.7
731,reliability_dynamic_mobilenetv2,stable,features_16,1775837958236.860,1775837958315.374,78.514,12.516,64.997,20.201,32937,5545,200.0,0,0,88.8
732,reliability_dynamic_mobilenetv2,stable,features_16,1775837958319.374,1775837958398.889,79.515,14.009,64.507,19.561,32937,5545,200.0,0,0,80.2
733,reliability_dynamic_mobilenetv2,stable,features_16,1775837958403.887,1775837958489.400,85.513,18.002,67.511,20.132,32937,5545,200.0,0,0,85.4
734,reliability_dynamic_mobilenetv2,stable,features_16,1775837958493.397,1775837958570.907,77.510,14.002,62.509,18.947,32937,5545,200.0,0,0,88.8
735,reliability_dynamic_mobilenetv2,stable,features_16,1775837958574.907,1775837958657.417,82.510,20.001,60.510,18.261,32937,5545,200.0,0,0,81.7
736,reliability_dynamic_mobilenetv2,stable,features_16,1775837958661.417,1775837958741.420,80.003,14.000,65.003,20.241,32937,5545,200.0,0,0,76.2
737,reliability_dynamic_mobilenetv2,stable,features_16,1775837958745.419,1775837958821.927,76.508,11.509,64.999,20.196,32937,5545,200.0,0,0,89.0
738,reliability_dynamic_mobilenetv2,stable,features_16,1775837958825.928,1775837958911.442,85.514,20.510,64.000,19.354,32937,5545,200.0,0,0,100.0
739,reliability_dynamic_mobilenetv2,stable,features_16,1775837958917.442,1775837959019.610,102.167,39.167,62.000,18.483,32937,5545,200.0,0,0,100.0
740,reliability_dynamic_mobilenetv2,stable,features_16,1775837959024.611,1775837959128.126,103.515,36.515,65.000,20.807,32937,5545,200.0,0,0,96.5
741,reliability_dynamic_mobilenetv2,stable,features_16,1775837959132.129,1775837959212.639,80.510,14.506,66.004,19.655,32937,5545,200.0,0,0,89.8
742,reliability_dynamic_mobilenetv2,stable,features_16,1775837959216.640,1775837959292.151,75.511,13.001,61.511,19.299,32937,5545,200.0,0,0,86.4
743,reliability_dynamic_mobilenetv2,stable,features_16,1775837959296.150,1775837959387.661,91.511,12.001,78.510,29.051,32937,5545,200.0,0,0,93.8
744,reliability_dynamic_mobilenetv2,stable,features_16,1775837959392.663,1775837959479.172,86.509,17.000,67.511,20.237,32937,5545,200.0,0,0,90.7
745,reliability_dynamic_mobilenetv2,stable,features_16,1775837959482.173,1775837959574.683,92.511,21.000,71.510,21.106,32937,5545,200.0,0,0,87.9
746,reliability_dynamic_mobilenetv2,stable,features_16,1775837959578.685,1775837959658.194,79.508,18.998,59.510,18.093,32937,5545,200.0,0,0,83.8
747,reliability_dynamic_mobilenetv2,stable,features_16,1775837959662.193,1775837959745.197,83.003,22.001,60.003,18.029,32937,5545,200.0,0,0,88.7
748,reliability_dynamic_mobilenetv2,stable,features_16,1775837959749.706,1775837959831.703,81.998,19.000,61.999,19.183,32937,5545,200.0,0,0,92.5
749,reliability_dynamic_mobilenetv2,stable,features_16,1775837959835.707,1775837959923.219,87.511,23.521,61.994,20.116,32937,5545,200.0,0,0,95.9
750,reliability_dynamic_mobilenetv2,stable,features_16,1775837959927.217,1775837960012.731,85.514,18.005,66.510,20.053,32937,5545,200.0,0,0,89.7
751,reliability_dynamic_mobilenetv2,stable,features_16,1775837960016.730,1775837960102.245,85.515,17.006,67.509,22.220,32937,5545,200.0,0,0,93.7
752,reliability_dynamic_mobilenetv2,stable,features_16,1775837960106.245,1775837960242.764,136.519,19.001,115.519,18.659,32937,5545,200.0,0,0,84.6
753,reliability_dynamic_mobilenetv2,stable,features_16,1775837960245.764,1775837960325.273,79.509,16.510,61.002,18.954,32937,5545,200.0,0,0,84.7
754,reliability_dynamic_mobilenetv2,stable,features_16,1775837960328.273,1775837960405.785,77.512,13.006,63.505,19.603,32937,5545,200.0,0,0,82.5
755,reliability_dynamic_mobilenetv2,stable,features_16,1775837960409.785,1775837960497.298,87.513,19.002,68.511,20.812,32937,5545,200.0,0,0,96.2
756,reliability_dynamic_mobilenetv2,stable,features_16,1775837960501.298,1775837960583.808,82.510,18.001,63.509,19.578,32937,5545,200.0,0,0,95.2
757,reliability_dynamic_mobilenetv2,stable,features_16,1775837960586.808,1775837960670.318,83.510,21.001,61.508,18.526,32937,5545,200.0,0,0,91.8
758,reliability_dynamic_mobilenetv2,stable,features_16,1775837960674.318,1775837960761.829,87.511,21.000,65.510,19.600,32937,5545,200.0,0,0,91.7
759,reliability_dynamic_mobilenetv2,stable,features_16,1775837960765.829,1775837960862.345,96.517,24.000,70.516,21.159,32937,5545,200.0,0,0,100.0
760,reliability_dynamic_mobilenetv2,stable,features_16,1775837960868.344,1775837960963.854,95.510,33.000,60.512,19.344,32937,5545,200.0,0,0,94.9
761,reliability_dynamic_mobilenetv2,stable,features_16,1775837960967.854,1775837961055.367,87.513,21.000,64.513,19.185,32937,5545,200.0,0,0,100.0
762,reliability_dynamic_mobilenetv2,stable,features_16,1775837961060.368,1775837961148.878,88.510,21.999,65.512,20.350,32937,5545,200.0,0,0,90.8
763,reliability_dynamic_mobilenetv2,stable,features_16,1775837961152.878,1775837961240.882,88.004,19.001,68.004,22.219,32937,5545,200.0,0,0,82.7
764,reliability_dynamic_mobilenetv2,stable,features_16,1775837961244.882,1775837961328.391,83.509,16.510,65.999,21.121,32937,5545,200.0,0,0,95.9
765,reliability_dynamic_mobilenetv2,stable,features_16,1775837961332.394,1775837961421.901,89.508,20.508,67.000,21.037,32937,5545,200.0,0,0,87.6
766,reliability_dynamic_mobilenetv2,stable,features_16,1775837961426.902,1775837961511.414,84.513,21.512,62.001,19.181,32937,5545,200.0,0,0,83.3
767,reliability_dynamic_mobilenetv2,stable,features_16,1775837961515.414,1775837961593.924,78.510,17.005,61.505,18.328,32937,5545,200.0,0,0,93.8
768,reliability_dynamic_mobilenetv2,stable,features_16,1775837961598.924,1775837961685.436,86.511,20.001,66.510,20.328,32937,5545,200.0,0,0,94.9
769,reliability_dynamic_mobilenetv2,stable,features_16,1775837961691.436,1775837961776.948,85.512,20.001,63.512,19.559,32937,5545,200.0,0,0,95.1
770,reliability_dynamic_mobilenetv2,stable,features_16,1775837961780.948,1775837961888.460,107.512,43.000,62.511,18.838,32937,5545,200.0,0,0,96.5
771,reliability_dynamic_mobilenetv2,stable,features_16,1775837961892.460,1775837961988.972,96.512,31.003,64.509,19.428,32937,5545,200.0,0,0,93.9
772,reliability_dynamic_mobilenetv2,stable,features_16,1775837961996.973,1775837962087.483,90.510,23.002,67.507,20.607,32937,5545,200.0,0,0,93.1
773,reliability_dynamic_mobilenetv2,stable,features_16,1775837962093.482,1775837962187.993,94.511,25.001,67.510,20.493,32937,5545,200.0,0,0,90.7
774,reliability_dynamic_mobilenetv2,stable,features_16,1775837962190.993,1775837962269.504,78.511,13.002,63.511,19.351,32937,5545,200.0,0,0,85.2
775,reliability_dynamic_mobilenetv2,stable,features_16,1775837962273.505,1775837962353.018,79.513,18.000,61.512,19.104,32937,5545,200.0,0,0,86.1
776,reliability_dynamic_mobilenetv2,stable,features_16,1775837962357.016,1775837962441.019,84.003,13.001,69.004,22.099,32937,5545,200.0,0,0,81.2
777,reliability_dynamic_mobilenetv2,stable,features_16,1775837962444.020,1775837962525.532,81.513,15.511,66.002,21.154,32937,5545,200.0,0,0,80.4
778,reliability_dynamic_mobilenetv2,stable,features_16,1775837962529.532,1775837962606.054,76.521,14.510,61.012,18.504,32937,5545,200.0,0,0,76.5
779,reliability_dynamic_mobilenetv2,stable,features_16,1775837962610.054,1775837962679.573,69.519,10.001,59.518,18.054,32937,5545,200.0,0,0,75.0
780,reliability_dynamic_mobilenetv2,stable,features_16,1775837962682.571,1775837962779.079,96.508,13.001,82.507,21.535,32937,5545,200.0,0,0,77.5
781,reliability_dynamic_mobilenetv2,stable,features_16,1775837962784.080,1775837962884.588,100.509,21.000,79.508,18.945,32937,5545,200.0,0,0,87.3
782,reliability_dynamic_mobilenetv2,stable,features_16,1775837962888.589,1775837962972.097,83.508,17.001,66.507,20.478,32937,5545,200.0,0,0,76.2
783,reliability_dynamic_mobilenetv2,stable,features_16,1775837962976.097,1775837963057.612,81.515,17.002,63.510,20.473,32937,5545,200.0,0,0,81.4
784,reliability_dynamic_mobilenetv2,stable,features_16,1775837963062.611,1775837963136.614,74.003,14.000,59.002,18.127,32937,5545,200.0,0,0,91.5
785,reliability_dynamic_mobilenetv2,stable,features_16,1775837963140.613,1775837963228.124,87.511,15.511,69.999,18.970,32937,5545,200.0,0,0,86.7
786,reliability_dynamic_mobilenetv2,stable,features_16,1775837963233.130,1775837963317.643,84.513,18.513,64.999,19.812,32937,5545,200.0,0,0,95.1
787,reliability_dynamic_mobilenetv2,stable,features_16,1775837963322.644,1775837963409.157,86.513,18.004,67.509,21.174,32937,5545,200.0,0,0,96.0
788,reliability_dynamic_mobilenetv2,stable,features_16,1775837963413.158,1775837963499.670,86.512,23.004,63.508,18.989,32937,5545,200.0,0,0,96.0
789,reliability_dynamic_mobilenetv2,stable,features_16,1775837963503.670,1775837963592.182,88.512,21.000,65.512,22.572,32937,5545,200.0,0,0,94.8
790,reliability_dynamic_mobilenetv2,stable,features_16,1775837963596.184,1775837963682.693,86.510,19.001,67.509,21.260,32937,5545,200.0,0,0,88.5
791,reliability_dynamic_mobilenetv2,stable,features_16,1775837963686.694,1775837963772.204,85.510,19.001,64.510,20.066,32937,5545,200.0,0,0,92.7
792,reliability_dynamic_mobilenetv2,stable,features_16,1775837963777.204,1775837963892.715,115.510,49.000,65.510,20.035,32937,5545,200.0,0,0,98.5
793,reliability_dynamic_mobilenetv2,stable,features_16,1775837963896.715,1775837963984.230,87.515,21.001,65.514,22.531,32937,5545,200.0,0,0,87.5
794,reliability_dynamic_mobilenetv2,stable,features_16,1775837963988.230,1775837964075.744,87.514,20.001,65.514,20.747,32937,5545,200.0,0,0,94.9
795,reliability_dynamic_mobilenetv2,stable,features_16,1775837964079.744,1775837964185.258,105.513,36.000,68.513,21.080,32937,5545,200.0,0,0,98.3
796,reliability_dynamic_mobilenetv2,stable,features_16,1775837964190.257,1775837964291.769,101.512,25.001,75.511,29.936,32937,5545,200.0,0,0,93.1
797,reliability_dynamic_mobilenetv2,stable,features_16,1775837964295.770,1775837964385.475,89.706,20.002,68.705,20.376,32937,5545,200.0,0,0,94.0
798,reliability_dynamic_mobilenetv2,stable,features_16,1775837964389.475,1775837964476.986,87.511,21.001,66.510,19.896,32937,5545,200.0,0,0,91.8
799,reliability_dynamic_mobilenetv2,stable,features_16,1775837964481.986,1775837964571.502,89.516,16.001,72.514,20.255,32937,5545,200.0,0,0,92.9
800,reliability_dynamic_mobilenetv2,stable,features_16,1775837964575.504,1775837964665.014,89.510,22.999,66.511,20.496,32937,5545,200.0,0,0,97.0
801,reliability_dynamic_mobilenetv2,stable,features_16,1775837964670.014,1775837964761.526,91.512,23.000,67.512,21.109,32937,5545,200.0,0,0,96.0
802,reliability_dynamic_mobilenetv2,stable,features_16,1775837964767.527,1775837964861.039,93.512,31.000,60.512,19.077,32937,5545,200.0,0,0,100.0
803,reliability_dynamic_mobilenetv2,stable,features_16,1775837964866.038,1775837964958.554,92.516,27.002,63.516,19.811,32937,5545,200.0,0,0,96.0
804,reliability_dynamic_mobilenetv2,stable,features_16,1775837964963.555,1775837965060.067,96.512,31.004,64.508,19.870,32937,5545,200.0,0,0,91.1
805,reliability_dynamic_mobilenetv2,stable,features_16,1775837965065.067,1775837965154.578,89.510,20.000,68.510,22.706,32937,5545,200.0,0,0,94.1
806,reliability_dynamic_mobilenetv2,stable,features_16,1775837965158.578,1775837965250.636,92.058,27.000,63.057,19.215,32937,5545,200.0,0,0,97.1
807,reliability_dynamic_mobilenetv2,stable,features_16,1775837965255.636,1775837965345.921,90.285,26.123,63.162,19.731,32937,5545,200.0,0,0,99.0
808,reliability_dynamic_mobilenetv2,stable,features_16,1775837965351.430,1775837965447.439,96.009,25.001,69.007,21.222,32937,5545,200.0,0,0,100.0
809,reliability_dynamic_mobilenetv2,stable,features_16,1775837965451.949,1775837965542.952,91.003,23.000,67.004,21.170,32937,5545,200.0,0,0,93.4
810,reliability_dynamic_mobilenetv2,stable,features_16,1775837965547.457,1775837965638.466,91.009,26.005,65.004,19.196,32937,5545,200.0,0,0,96.0
811,reliability_dynamic_mobilenetv2,stable,features_16,1775837965642.466,1775837965725.976,83.510,20.516,62.994,19.257,32937,5545,200.0,0,0,96.5
812,reliability_dynamic_mobilenetv2,stable,features_16,1775837965730.976,1775837965820.490,89.514,23.514,64.000,20.045,32937,5545,200.0,0,0,97.5
813,reliability_dynamic_mobilenetv2,stable,features_16,1775837965827.490,1775837965981.514,154.025,40.514,111.511,19.950,32937,5545,200.0,0,0,96.4
814,reliability_dynamic_mobilenetv2,stable,features_16,1775837965986.514,1775837966085.025,98.511,31.000,65.510,21.040,32937,5545,200.0,0,0,89.8
815,reliability_dynamic_mobilenetv2,stable,features_16,1775837966089.025,1775837966180.539,91.514,17.003,72.512,27.719,32937,5545,200.0,0,0,92.0
816,reliability_dynamic_mobilenetv2,stable,features_16,1775837966185.539,1775837966266.052,80.513,18.003,61.510,18.898,32937,5545,200.0,0,0,90.1
817,reliability_dynamic_mobilenetv2,stable,features_16,1775837966271.055,1775837966371.564,100.510,23.999,75.511,19.105,32937,5545,200.0,0,0,95.6
818,reliability_dynamic_mobilenetv2,stable,features_16,1775837966376.562,1775837966467.074,90.512,22.001,67.511,20.926,32937,5545,200.0,0,0,93.9
819,reliability_dynamic_mobilenetv2,stable,features_16,1775837966473.073,1775837966560.583,87.510,21.001,64.511,19.516,32937,5545,200.0,0,0,97.0
820,reliability_dynamic_mobilenetv2,stable,features_16,1775837966566.583,1775837966665.468,98.884,30.368,67.655,20.622,32937,5545,200.0,0,0,99.2
821,reliability_dynamic_mobilenetv2,stable,features_16,1775837966669.469,1775837966763.983,94.514,30.000,63.516,19.012,32937,5545,200.0,0,0,94.9
822,reliability_dynamic_mobilenetv2,stable,features_16,1775837966767.983,1775837966852.491,84.508,20.001,63.507,19.855,32937,5545,200.0,0,0,87.5
823,reliability_dynamic_mobilenetv2,stable,features_16,1775837966856.491,1775837966949.002,92.511,24.002,66.505,20.707,32937,5545,200.0,0,0,86.5
824,reliability_dynamic_mobilenetv2,stable,features_16,1775837966953.002,1775837967028.002,75.000,12.000,60.999,18.993,32937,5545,200.0,0,0,78.8
825,reliability_dynamic_mobilenetv2,stable,features_16,1775837967031.002,1775837967109.513,78.511,19.514,58.998,18.112,32937,5545,200.0,0,0,85.0
826,reliability_dynamic_mobilenetv2,stable,features_16,1775837967113.513,1775837967193.023,79.510,15.000,63.509,19.787,32937,5545,200.0,0,0,87.7
827,reliability_dynamic_mobilenetv2,stable,features_16,1775837967197.025,1775837967285.534,88.509,20.000,67.509,19.868,32937,5545,200.0,0,0,87.9
828,reliability_dynamic_mobilenetv2,stable,features_16,1775837967290.534,1775837967382.043,91.509,25.001,63.509,19.459,32937,5545,200.0,0,0,85.7
829,reliability_dynamic_mobilenetv2,stable,features_16,1775837967386.044,1775837967482.559,96.515,17.001,79.514,34.340,32937,5545,200.0,0,0,93.0
830,reliability_dynamic_mobilenetv2,stable,features_16,1775837967487.559,1775837967567.069,79.510,19.001,60.509,18.745,32937,5545,200.0,0,0,91.2
831,reliability_dynamic_mobilenetv2,stable,features_16,1775837967571.070,1775837967677.580,106.510,19.000,86.510,18.587,32937,5545,200.0,0,0,94.7
832,reliability_dynamic_mobilenetv2,stable,features_16,1775837967681.580,1775837967780.089,98.510,15.001,82.509,25.720,32937,5545,200.0,0,0,95.5
833,reliability_dynamic_mobilenetv2,stable,features_16,1775837967784.090,1775837967873.603,89.513,21.999,66.513,20.540,32937,5545,200.0,0,0,100.0
834,reliability_dynamic_mobilenetv2,stable,features_16,1775837967878.602,1775837967966.115,87.512,25.002,61.510,18.490,32937,5545,200.0,0,0,96.0
835,reliability_dynamic_mobilenetv2,stable,features_16,1775837967970.116,1775837968059.627,89.511,23.000,65.512,19.152,32937,5545,200.0,0,0,96.9
836,reliability_dynamic_mobilenetv2,stable,features_16,1775837968063.628,1775837968172.138,108.510,25.000,81.511,22.183,32937,5545,200.0,0,0,93.8
837,reliability_dynamic_mobilenetv2,stable,features_16,1775837968175.139,1775837968298.650,123.511,22.000,99.512,37.323,32937,5545,200.0,0,0,99.2
838,reliability_dynamic_mobilenetv2,stable,features_16,1775837968302.650,1775837968386.161,83.511,21.000,60.511,18.488,32937,5545,200.0,0,0,97.0
839,reliability_dynamic_mobilenetv2,stable,features_16,1775837968395.161,1775837968487.672,92.511,28.000,63.510,20.583,32937,5545,200.0,0,0,100.0
840,reliability_dynamic_mobilenetv2,stable,features_16,1775837968492.672,1775837968595.183,102.511,33.001,65.509,20.094,32937,5545,200.0,0,0,89.4
841,reliability_dynamic_mobilenetv2,stable,features_16,1775837968641.188,1775837968755.212,114.025,47.511,66.513,20.929,32937,5545,200.0,0,0,80.9
842,reliability_dynamic_mobilenetv2,stable,features_16,1775837968764.210,1775837968858.719,94.509,29.000,61.509,18.983,32937,5545,200.0,0,0,82.8
843,reliability_dynamic_mobilenetv2,stable,features_16,1775837968866.719,1775837969005.239,138.521,74.009,62.512,18.693,32937,5545,200.0,0,0,97.3
844,reliability_dynamic_mobilenetv2,stable,features_16,1775837969010.240,1775837969098.752,88.512,25.007,62.506,19.180,32937,5545,200.0,0,0,97.0
845,reliability_dynamic_mobilenetv2,stable,features_16,1775837969102.753,1775837969196.264,93.511,29.000,62.512,19.135,32937,5545,200.0,0,0,99.2
846,reliability_dynamic_mobilenetv2,stable,features_16,1775837969202.265,1775837969296.787,94.522,26.999,67.523,21.946,32937,5545,200.0,0,0,98.0
847,reliability_dynamic_mobilenetv2,stable,features_16,1775837969301.787,1775837969390.304,88.517,21.000,65.517,20.709,32937,5545,200.0,0,0,98.0
848,reliability_dynamic_mobilenetv2,stable,features_16,1775837969395.304,1775837969491.817,96.514,22.000,73.514,26.615,32937,5545,200.0,0,0,92.9
849,reliability_dynamic_mobilenetv2,stable,features_16,1775837969496.819,1775837969580.330,83.511,19.000,62.512,19.566,32937,5545,200.0,0,0,90.6
850,reliability_dynamic_mobilenetv2,stable,features_16,1775837969585.328,1775837969702.839,117.510,23.001,93.510,36.108,32937,5545,200.0,0,0,92.4
851,reliability_dynamic_mobilenetv2,stable,features_16,1775837969707.838,1775837969794.349,86.511,19.000,67.510,20.645,32937,5545,200.0,0,0,82.3
852,reliability_dynamic_mobilenetv2,stable,features_16,1775837969799.349,1775837969876.861,77.512,13.000,64.512,18.809,32937,5545,200.0,0,0,93.9
853,reliability_dynamic_mobilenetv2,stable,features_16,1775837969880.862,1775837969964.371,83.510,20.000,62.918,19.529,32937,5545,200.0,0,0,90.7
854,reliability_dynamic_mobilenetv2,stable,features_16,1775837969968.371,1775837970071.881,103.510,21.001,81.509,20.325,32937,5545,200.0,0,0,91.5
855,reliability_dynamic_mobilenetv2,stable,features_16,1775837970074.882,1775837970157.391,82.510,16.004,65.506,19.580,32937,5545,200.0,0,0,84.0
856,reliability_dynamic_mobilenetv2,stable,features_16,1775837970161.392,1775837970241.625,80.234,17.000,62.234,19.922,32937,5545,200.0,0,0,97.6
857,reliability_dynamic_mobilenetv2,stable,features_16,1775837970245.630,1775837970326.142,80.512,17.512,61.001,18.730,32937,5545,200.0,0,0,90.6
858,reliability_dynamic_mobilenetv2,stable,features_16,1775837970330.143,1775837970418.657,88.514,19.515,68.000,22.075,32937,5545,200.0,0,0,97.9
859,reliability_dynamic_mobilenetv2,stable,features_16,1775837970422.657,1775837970517.169,94.513,24.004,69.509,20.597,32937,5545,200.0,0,0,86.6
860,reliability_dynamic_mobilenetv2,stable,features_16,1775837970522.172,1775837970606.681,84.509,15.003,67.507,20.296,32937,5545,200.0,0,0,87.6
861,reliability_dynamic_mobilenetv2,stable,features_16,1775837970610.681,1775837970693.191,82.510,14.001,68.509,21.044,32937,5545,200.0,0,0,84.0
862,reliability_dynamic_mobilenetv2,stable,features_16,1775837970698.191,1775837970778.701,80.510,17.003,61.506,19.542,32937,5545,200.0,0,0,87.8
863,reliability_dynamic_mobilenetv2,stable,features_16,1775837970782.702,1775837970864.213,81.512,18.003,62.509,19.096,32937,5545,200.0,0,0,91.4
864,reliability_dynamic_mobilenetv2,stable,features_16,1775837970868.214,1775837970958.723,90.509,22.000,65.510,20.449,32937,5545,200.0,0,0,89.7
865,reliability_dynamic_mobilenetv2,stable,features_16,1775837970962.723,1775837971050.233,87.510,19.000,67.509,21.642,32937,5545,200.0,0,0,93.8
866,reliability_dynamic_mobilenetv2,stable,features_16,1775837971054.233,1775837971136.236,82.003,20.000,61.004,18.497,32937,5545,200.0,0,0,87.9
867,reliability_dynamic_mobilenetv2,stable,features_16,1775837971140.237,1775837971223.746,83.509,20.510,61.999,18.802,32937,5545,200.0,0,0,90.2
868,reliability_dynamic_mobilenetv2,stable,features_16,1775837971227.747,1775837971314.259,86.513,18.004,67.509,21.090,32937,5545,200.0,0,0,86.5
869,reliability_dynamic_mobilenetv2,stable,features_16,1775837971318.259,1775837971401.770,83.511,17.004,66.507,19.982,32937,5545,200.0,0,0,93.8
870,reliability_dynamic_mobilenetv2,stable,features_16,1775837971405.770,1775837971491.285,85.515,21.003,63.512,19.707,32937,5545,200.0,0,0,91.2
871,reliability_dynamic_mobilenetv2,stable,features_16,1775837971494.285,1775837971575.794,81.509,20.000,60.509,18.432,32937,5545,200.0,0,0,89.7
872,reliability_dynamic_mobilenetv2,stable,features_16,1775837971580.795,1775837971666.307,85.512,18.000,66.514,21.006,32937,5545,200.0,0,0,87.6
873,reliability_dynamic_mobilenetv2,stable,features_16,1775837971669.306,1775837972781.235,1111.929,14.001,1097.927,37.722,32937,5545,200.0,1,0,50.1
874,reliability_dynamic_mobilenetv2,stable,features_16,1775837972785.235,1775837972884.745,99.510,22.000,76.511,20.392,32937,5545,200.0,0,0,91.6
875,reliability_dynamic_mobilenetv2,stable,features_16,1775837972887.745,1775837972974.254,86.509,21.999,63.510,19.120,32937,5545,200.0,0,0,91.4
876,reliability_dynamic_mobilenetv2,stable,features_16,1775837972978.255,1775837973054.763,76.509,16.000,60.509,18.721,32937,5545,200.0,0,0,89.2
877,reliability_dynamic_mobilenetv2,stable,features_16,1775837973058.764,1775837973135.767,77.003,14.000,63.003,20.530,32937,5545,200.0,0,0,87.5
878,reliability_dynamic_mobilenetv2,stable,features_16,1775837973139.767,1775837973226.274,86.508,17.508,67.999,20.989,32937,5545,200.0,0,0,83.5
879,reliability_dynamic_mobilenetv2,stable,features_16,1775837973230.275,1775837973306.787,76.512,13.008,62.504,19.973,32937,5545,200.0,0,0,93.5
880,reliability_dynamic_mobilenetv2,stable,features_16,1775837973309.788,1775837973385.296,75.508,13.000,61.508,18.317,32937,5545,200.0,0,0,86.4
881,reliability_dynamic_mobilenetv2,stable,features_16,1775837973388.297,1775837973470.807,82.510,20.001,62.509,19.300,32937,5545,200.0,0,0,93.9
882,reliability_dynamic_mobilenetv2,stable,features_16,1775837973474.807,1775837973563.318,88.511,22.002,65.509,19.792,32937,5545,200.0,0,0,92.9
883,reliability_dynamic_mobilenetv2,stable,features_16,1775837973567.318,1775837973646.322,79.004,15.003,64.001,20.449,32937,5545,200.0,0,0,87.5
884,reliability_dynamic_mobilenetv2,stable,features_16,1775837973650.828,1775837973729.828,79.000,15.003,61.996,18.842,32937,5545,200.0,0,0,83.5
885,reliability_dynamic_mobilenetv2,stable,features_16,1775837973732.829,1775837973815.343,82.513,18.514,61.000,18.950,32937,5545,200.0,0,0,86.2
886,reliability_dynamic_mobilenetv2,stable,features_16,1775837973820.342,1775837973923.859,103.516,26.005,76.511,22.383,32937,5545,200.0,0,0,95.6
887,reliability_dynamic_mobilenetv2,stable,features_16,1775837973927.858,1775837974010.370,82.512,14.006,67.506,22.212,32937,5545,200.0,0,0,92.8
888,reliability_dynamic_mobilenetv2,stable,features_16,1775837974014.369,1775837974094.879,80.510,18.002,62.508,18.985,32937,5545,200.0,0,0,87.7
889,reliability_dynamic_mobilenetv2,stable,features_16,1775837974098.880,1775837974175.390,76.510,13.001,61.510,19.251,32937,5545,200.0,0,0,91.4
890,reliability_dynamic_mobilenetv2,stable,features_16,1775837974179.390,1775837974257.904,78.514,14.003,63.511,19.451,32937,5545,200.0,0,0,92.6
891,reliability_dynamic_mobilenetv2,stable,features_16,1775837974261.904,1775837974354.413,92.509,22.001,69.508,19.437,32937,5545,200.0,0,0,87.8
892,reliability_dynamic_mobilenetv2,stable,features_16,1775837974357.413,1775837974445.417,88.004,16.002,71.002,26.236,32937,5545,200.0,0,0,96.3
893,reliability_dynamic_mobilenetv2,stable,features_16,1775837974449.925,1775837974533.924,83.999,19.001,63.998,20.310,32937,5545,200.0,0,0,91.8
894,reliability_dynamic_mobilenetv2,stable,features_16,1775837974537.928,1775837974616.435,78.508,18.510,59.998,17.994,32937,5545,200.0,0,0,90.0
895,reliability_dynamic_mobilenetv2,stable,features_16,1775837974620.435,1775837974694.947,74.511,14.006,59.505,18.481,32937,5545,200.0,0,0,90.6
896,reliability_dynamic_mobilenetv2,stable,features_16,1775837974697.947,1775837974782.462,84.516,17.001,65.513,20.602,32937,5545,200.0,0,0,90.6
897,reliability_dynamic_mobilenetv2,stable,features_16,1775837974785.459,1775837974865.198,79.739,12.001,65.738,20.582,32937,5545,200.0,0,0,93.8
898,reliability_dynamic_mobilenetv2,stable,features_16,1775837974869.199,1775837974953.711,84.512,21.000,61.513,19.582,32937,5545,200.0,0,0,87.6
899,reliability_dynamic_mobilenetv2,stable,features_16,1775837974957.712,1775837975039.715,82.003,19.000,62.003,19.223,32937,5545,200.0,0,0,90.9
900,reliability_dynamic_mobilenetv2,stable,features_16,1775837975043.717,1775837975129.228,85.511,18.515,64.997,20.530,32937,5545,200.0,0,0,86.2
901,reliability_dynamic_mobilenetv2,stable,features_16,1775837975132.228,1775837975216.740,84.512,16.006,67.506,21.076,32937,5545,200.0,0,0,89.8
902,reliability_dynamic_mobilenetv2,stable,features_16,1775837975219.746,1775837975293.257,73.511,11.998,59.514,17.630,32937,5545,200.0,0,0,82.5
903,reliability_dynamic_mobilenetv2,stable,features_16,1775837975297.257,1775837975397.765,100.508,17.001,83.507,19.690,32937,5545,200.0,0,0,80.2
904,reliability_dynamic_mobilenetv2,stable,features_16,1775837975401.766,1775837975483.281,81.515,14.000,66.511,20.947,32937,5545,200.0,0,0,76.3
905,reliability_dynamic_mobilenetv2,stable,features_16,1775837975486.277,1775837975584.793,98.516,11.001,86.515,21.069,32937,5545,200.0,0,0,81.2
906,reliability_dynamic_mobilenetv2,stable,features_16,1775837975587.792,1775837975660.302,72.510,12.000,59.511,18.937,32937,5545,200.0,0,0,77.5
907,reliability_dynamic_mobilenetv2,stable,features_16,1775837975663.304,1775837975738.305,75.000,11.000,62.999,19.877,32937,5545,200.0,0,0,82.5
908,reliability_dynamic_mobilenetv2,stable,features_16,1775837975741.302,1775837975842.813,101.510,17.507,83.003,19.074,32937,5545,200.0,0,0,81.7
909,reliability_dynamic_mobilenetv2,stable,features_16,1775837975846.813,1775837975952.831,106.017,31.509,73.509,20.032,32937,5545,200.0,0,0,88.5
910,reliability_dynamic_mobilenetv2,stable,features_16,1775837975956.830,1775837976035.833,79.003,12.002,65.001,20.696,32937,5545,200.0,0,0,82.5
911,reliability_dynamic_mobilenetv2,stable,features_16,1775837976038.833,1775837976124.343,85.510,10.506,75.004,21.570,32937,5545,200.0,0,0,79.2
912,reliability_dynamic_mobilenetv2,stable,features_16,1775837976128.344,1775837976210.856,82.512,11.006,71.506,18.502,32937,5545,200.0,0,0,82.7
913,reliability_dynamic_mobilenetv2,stable,features_16,1775837976214.857,1775837976301.373,86.517,16.001,69.516,25.824,32937,5545,200.0,0,0,90.5
914,reliability_dynamic_mobilenetv2,stable,features_16,1775837976305.375,1775837976397.883,92.508,19.000,71.509,21.888,32937,5545,200.0,0,0,90.8
915,reliability_dynamic_mobilenetv2,stable,features_16,1775837976401.883,1775837976483.395,81.512,12.001,69.511,24.276,32937,5545,200.0,0,0,92.8
916,reliability_dynamic_mobilenetv2,stable,features_16,1775837976487.397,1775837976568.904,81.506,17.999,63.507,19.701,32937,5545,200.0,0,0,88.9
917,reliability_dynamic_mobilenetv2,stable,features_16,1775837976572.904,1775837976646.909,74.005,15.002,59.002,18.097,32937,5545,200.0,0,0,86.2
918,reliability_dynamic_mobilenetv2,stable,features_16,1775837976651.418,1775837976732.418,81.000,14.000,66.001,20.531,32937,5545,200.0,0,0,90.7
919,reliability_dynamic_mobilenetv2,stable,features_16,1775837976736.424,1775837976819.928,83.505,17.506,65.000,20.889,32937,5545,200.0,0,0,86.2
920,reliability_dynamic_mobilenetv2,stable,features_16,1775837976824.929,1775837976939.442,114.512,21.004,92.874,19.327,32937,5545,200.0,0,0,92.7
921,reliability_dynamic_mobilenetv2,stable,features_16,1775837976943.441,1775837977025.950,82.509,17.510,63.000,19.374,32937,5545,200.0,0,0,85.4
922,reliability_dynamic_mobilenetv2,stable,features_16,1775837977028.950,1775837977127.464,98.514,17.006,80.509,20.264,32937,5545,200.0,0,0,84.5
923,reliability_dynamic_mobilenetv2,stable,features_16,1775837977130.464,1775837977212.981,82.517,17.006,63.511,19.531,32937,5545,200.0,0,0,85.4
924,reliability_dynamic_mobilenetv2,stable,features_16,1775837977215.981,1775837977300.495,84.513,18.000,65.512,20.249,32937,5545,200.0,0,0,90.1
925,reliability_dynamic_mobilenetv2,stable,features_16,1775837977304.494,1775837977409.006,104.512,23.000,79.510,24.292,32937,5545,200.0,0,0,91.2
926,reliability_dynamic_mobilenetv2,stable,features_16,1775837977420.005,1775837977555.034,135.029,14.001,121.028,21.413,32937,5545,200.0,0,0,91.9
927,reliability_dynamic_mobilenetv2,stable,features_16,1775837977559.034,1775837977640.038,81.004,17.000,63.004,19.496,32937,5545,200.0,0,0,92.6
928,reliability_dynamic_mobilenetv2,stable,features_16,1775837977645.038,1775837977736.555,91.518,23.513,67.006,21.083,32937,5545,200.0,0,0,99.0
929,reliability_dynamic_mobilenetv2,stable,features_16,1775837977740.555,1775837977837.069,96.514,27.509,66.002,20.186,32937,5545,200.0,0,0,96.5
930,reliability_dynamic_mobilenetv2,stable,features_16,1775837977841.068,1775837977931.582,90.513,26.514,62.001,20.516,32937,5545,200.0,0,0,100.0
931,reliability_dynamic_mobilenetv2,stable,features_16,1775837977935.586,1775837978022.094,86.507,24.508,61.999,19.600,32937,5545,200.0,0,0,96.3
932,reliability_dynamic_mobilenetv2,stable,features_16,1775837978029.094,1775837978124.607,95.513,27.513,67.999,21.248,32937,5545,200.0,0,0,95.7
933,reliability_dynamic_mobilenetv2,stable,features_16,1775837978129.607,1775837978252.634,123.026,20.511,101.515,38.755,32937,5545,200.0,0,0,92.2
934,reliability_dynamic_mobilenetv2,stable,features_16,1775837978258.634,1775837978374.793,116.160,50.004,64.157,19.483,32937,5545,200.0,0,0,97.7
935,reliability_dynamic_mobilenetv2,stable,features_16,1775837978378.794,1775837978470.275,91.481,25.000,64.482,18.605,32937,5545,200.0,0,0,98.0
936,reliability_dynamic_mobilenetv2,stable,features_16,1775837978475.276,1775837978566.789,91.513,24.000,66.513,20.983,32937,5545,200.0,0,0,92.7
937,reliability_dynamic_mobilenetv2,stable,features_16,1775837978570.789,1775837978662.301,91.512,23.001,66.512,20.159,32937,5545,200.0,0,0,94.0
938,reliability_dynamic_mobilenetv2,stable,features_16,1775837978668.301,1775837978754.815,86.514,22.000,63.513,20.838,32937,5545,200.0,0,0,94.0
939,reliability_dynamic_mobilenetv2,stable,features_16,1775837978758.817,1775837978844.820,86.003,21.000,64.004,21.368,32937,5545,200.0,0,0,91.7
940,reliability_dynamic_mobilenetv2,stable,features_16,1775837978852.329,1775837978947.333,95.004,29.002,64.002,19.489,32937,5545,200.0,0,0,100.0
941,reliability_dynamic_mobilenetv2,stable,features_16,1775837978952.846,1775837979043.849,91.003,27.000,63.002,20.027,32937,5545,200.0,0,0,89.8
942,reliability_dynamic_mobilenetv2,stable,features_16,1775837979047.849,1775837979138.363,90.513,22.510,66.003,19.754,32937,5545,200.0,0,0,95.9
943,reliability_dynamic_mobilenetv2,stable,features_16,1775837979142.363,1775837979229.876,87.512,17.512,68.001,23.239,32937,5545,200.0,0,0,89.8
944,reliability_dynamic_mobilenetv2,stable,features_16,1775837979234.877,1775837979337.395,102.518,17.514,84.005,18.756,32937,5545,200.0,0,0,94.8
945,reliability_dynamic_mobilenetv2,stable,features_16,1775837979342.393,1775837979446.909,104.516,24.510,79.005,20.956,32937,5545,200.0,0,0,95.8
946,reliability_dynamic_mobilenetv2,stable,features_16,1775837979451.212,1775837979534.212,83.000,18.000,65.000,19.763,32937,5545,200.0,0,0,94.0
947,reliability_dynamic_mobilenetv2,stable,features_16,1775837979537.215,1775837979623.723,86.508,19.508,64.000,20.504,32937,5545,200.0,0,0,92.8
948,reliability_dynamic_mobilenetv2,stable,features_16,1775837979627.723,1775837979711.236,83.513,19.005,62.508,18.307,32937,5545,200.0,0,0,95.8
949,reliability_dynamic_mobilenetv2,stable,features_16,1775837979714.236,1775837979791.747,77.511,15.004,61.508,19.747,32937,5545,200.0,0,0,88.1
950,reliability_dynamic_mobilenetv2,stable,features_16,1775837979798.748,1775837979884.259,85.512,18.000,66.512,21.324,32937,5545,200.0,0,0,92.7
951,reliability_dynamic_mobilenetv2,stable,features_16,1775837979888.260,1775837979975.780,87.521,21.001,65.519,20.195,32937,5545,200.0,0,0,86.7
952,reliability_dynamic_mobilenetv2,stable,features_16,1775837979979.779,1775837980058.294,78.515,14.001,63.515,20.025,32937,5545,200.0,0,0,90.0
953,reliability_dynamic_mobilenetv2,stable,features_16,1775837980063.296,1775837980145.299,82.002,20.000,62.002,18.835,32937,5545,200.0,0,0,92.9
954,reliability_dynamic_mobilenetv2,stable,features_16,1775837980149.302,1775837980237.904,88.602,16.512,72.090,25.757,32937,5545,200.0,0,0,88.8
955,reliability_dynamic_mobilenetv2,stable,features_16,1775837980241.903,1775837980329.412,87.509,16.508,71.000,26.976,32937,5545,200.0,0,0,81.2
956,reliability_dynamic_mobilenetv2,stable,features_16,1775837980333.411,1775837980412.921,79.510,15.005,63.506,19.759,32937,5545,200.0,0,0,83.8
957,reliability_dynamic_mobilenetv2,stable,features_16,1775837980416.922,1775837980498.431,81.509,13.000,66.510,21.237,32937,5545,200.0,0,0,81.2
958,reliability_dynamic_mobilenetv2,stable,features_16,1775837980502.431,1775837980600.939,98.508,17.000,80.508,18.259,32937,5545,200.0,0,0,83.5
959,reliability_dynamic_mobilenetv2,stable,features_16,1775837980604.939,1775837980686.451,81.512,18.000,62.510,18.936,32937,5545,200.0,0,0,87.5
960,reliability_dynamic_mobilenetv2,stable,features_16,1775837980690.454,1775837980775.750,85.296,10.998,74.299,19.810,32937,5545,200.0,0,0,82.3
961,reliability_dynamic_mobilenetv2,stable,features_16,1775837980779.750,1775837980862.258,82.509,14.000,66.509,20.476,32937,5545,200.0,0,0,93.9
962,reliability_dynamic_mobilenetv2,stable,features_16,1775837980865.259,1775837980945.261,80.002,18.003,59.999,18.485,32937,5545,200.0,0,0,91.2
963,reliability_dynamic_mobilenetv2,stable,features_16,1775837980948.261,1775837981021.771,73.510,11.512,61.997,19.009,32937,5545,200.0,0,0,80.2
964,reliability_dynamic_mobilenetv2,stable,features_16,1775837981025.771,1775837981103.285,77.514,11.007,65.508,20.349,32937,5545,200.0,0,0,77.6
965,reliability_dynamic_mobilenetv2,stable,features_16,1775837981106.284,1775837981184.793,78.508,13.000,64.508,19.658,32937,5545,200.0,0,0,76.5
966,reliability_dynamic_mobilenetv2,stable,features_16,1775837981187.793,1775837981261.945,74.152,12.001,61.151,18.865,32937,5545,200.0,0,0,86.4
967,reliability_dynamic_mobilenetv2,stable,features_16,1775837981265.946,1775837981353.458,87.512,21.000,65.511,19.337,32937,5545,200.0,0,0,90.6
968,reliability_dynamic_mobilenetv2,stable,features_16,1775837981357.458,1775837981444.462,87.005,19.001,66.004,20.679,32937,5545,200.0,0,0,86.9
969,reliability_dynamic_mobilenetv2,stable,features_16,1775837981448.473,1775837981528.974,80.501,15.503,64.998,20.020,32937,5545,200.0,0,0,88.5
970,reliability_dynamic_mobilenetv2,stable,features_16,1775837981532.974,1775837981606.488,73.514,12.005,60.506,18.504,32937,5545,200.0,0,0,87.5
971,reliability_dynamic_mobilenetv2,stable,features_16,1775837981610.486,1775837981689.994,79.509,18.000,61.509,19.526,32937,5545,200.0,0,0,90.0
972,reliability_dynamic_mobilenetv2,stable,features_16,1775837981693.994,1775837981775.503,81.509,18.001,63.509,19.804,32937,5545,200.0,0,0,84.4
973,reliability_dynamic_mobilenetv2,stable,features_16,1775837981779.504,1775837981871.012,91.509,18.000,72.508,18.411,32937,5545,200.0,0,0,87.8
974,reliability_dynamic_mobilenetv2,stable,features_16,1775837981875.013,1775837981966.523,91.511,19.000,72.510,20.984,32937,5545,200.0,0,0,91.8
975,reliability_dynamic_mobilenetv2,stable,features_16,1775837981970.523,1775837982058.031,87.508,19.001,67.508,21.351,32937,5545,200.0,0,0,89.6
976,reliability_dynamic_mobilenetv2,stable,features_16,1775837982061.033,1775837982142.035,81.002,15.000,65.002,19.344,32937,5545,200.0,0,0,91.4
977,reliability_dynamic_mobilenetv2,stable,features_16,1775837982145.036,1775837982222.547,77.512,14.514,61.997,19.793,32937,5545,200.0,0,0,90.0
978,reliability_dynamic_mobilenetv2,stable,features_16,1775837982227.547,1775837982329.060,101.512,16.006,83.506,20.257,32937,5545,200.0,0,0,86.6
979,reliability_dynamic_mobilenetv2,stable,features_16,1775837982333.060,1775837982412.572,79.512,14.007,63.506,19.945,32937,5545,200.0,0,0,89.4
980,reliability_dynamic_mobilenetv2,stable,features_16,1775837982417.572,1775837982500.084,82.512,20.006,62.507,19.321,32937,5545,200.0,0,0,88.7
981,reliability_dynamic_mobilenetv2,stable,features_16,1775837982505.083,1775837982594.111,89.028,17.000,71.023,19.910,32937,5545,200.0,0,0,82.7
982,reliability_dynamic_mobilenetv2,stable,features_16,1775837982598.111,1775837982678.620,80.509,13.000,66.508,20.383,32937,5545,200.0,0,0,83.8
983,reliability_dynamic_mobilenetv2,stable,features_16,1775837982681.621,1775837982766.138,84.517,15.006,68.518,21.374,32937,5545,200.0,0,0,90.6
984,reliability_dynamic_mobilenetv2,stable,features_16,1775837982770.138,1775837982851.143,81.005,19.000,60.005,19.830,32937,5545,200.0,0,0,93.9
985,reliability_dynamic_mobilenetv2,stable,features_16,1775837982854.652,1775837982941.655,87.003,24.999,61.004,20.067,32937,5545,200.0,0,0,95.9
986,reliability_dynamic_mobilenetv2,stable,features_16,1775837982945.655,1775837983032.169,86.514,17.512,69.002,20.895,32937,5545,200.0,0,0,94.9
987,reliability_dynamic_mobilenetv2,stable,features_16,1775837983036.166,1775837983122.684,86.518,17.518,67.499,21.074,32937,5545,200.0,0,0,94.9
988,reliability_dynamic_mobilenetv2,stable,features_16,1775837983127.683,1775837983251.703,124.020,22.005,102.015,20.268,32937,5545,200.0,0,0,93.0
989,reliability_dynamic_mobilenetv2,stable,features_16,1775837983256.707,1775837983347.712,91.005,24.000,65.004,21.097,32937,5545,200.0,0,0,99.0
990,reliability_dynamic_mobilenetv2,stable,features_16,1775837983352.221,1775837983432.220,79.998,17.000,60.999,18.360,32937,5545,200.0,0,0,89.9
991,reliability_dynamic_mobilenetv2,stable,features_16,1775837983436.220,1775837983523.734,87.514,20.509,65.000,19.957,32937,5545,200.0,0,0,95.1
992,reliability_dynamic_mobilenetv2,stable,features_16,1775837983527.732,1775837983610.248,82.515,16.005,65.509,20.825,32937,5545,200.0,0,0,88.7
993,reliability_dynamic_mobilenetv2,stable,features_16,1775837983613.246,1775837983697.753,84.507,14.998,68.509,22.921,32937,5545,200.0,0,0,88.9
994,reliability_dynamic_mobilenetv2,stable,features_16,1775837983701.755,1775837983777.263,75.508,13.000,60.508,18.539,32937,5545,200.0,0,0,96.3
995,reliability_dynamic_mobilenetv2,stable,features_16,1775837983781.263,1775837983862.775,81.511,20.000,60.511,18.378,32937,5545,200.0,0,0,94.0
996,reliability_dynamic_mobilenetv2,stable,features_16,1775837983866.775,1775837983952.288,85.513,18.001,66.513,20.467,32937,5545,200.0,0,0,93.8
997,reliability_dynamic_mobilenetv2,stable,features_16,1775837983957.286,1775837984039.290,82.005,16.001,66.004,20.654,32937,5545,200.0,0,0,87.6
998,reliability_dynamic_mobilenetv2,stable,features_16,1775837984044.293,1775837984122.800,78.507,15.508,61.000,18.681,32937,5545,200.0,0,0,81.9
999,reliability_dynamic_mobilenetv2,stable,features_16,1775837984126.800,1775837984212.312,85.513,20.005,65.508,19.071,32937,5545,200.0,0,0,91.0
1000,reliability_dynamic_mobilenetv2,stable,features_16,1775837984216.311,1775837984300.822,84.511,17.001,65.510,20.520,32937,5545,200.0,0,0,81.5
1001,reliability_dynamic_mobilenetv2,stable,features_16,1775837984304.822,1775837984385.333,80.512,13.003,67.509,21.260,32937,5545,200.0,0,0,83.5
1002,reliability_dynamic_mobilenetv2,stable,features_16,1775837984389.334,1775837984469.844,80.509,17.000,62.510,19.614,32937,5545,200.0,0,0,82.7
1003,reliability_dynamic_mobilenetv2,stable,features_16,1775837984473.844,1775837984553.353,79.509,17.000,60.508,18.915,32937,5545,200.0,0,0,83.8
1004,reliability_dynamic_mobilenetv2,stable,features_16,1775837984556.354,1775837984632.353,75.999,13.002,60.996,18.692,32937,5545,200.0,0,0,81.5
1005,reliability_dynamic_mobilenetv2,stable,features_16,1775837984636.353,1775837984714.863,78.510,12.004,65.505,23.527,32937,5545,200.0,0,0,84.5
1006,reliability_dynamic_mobilenetv2,stable,features_16,1775837984718.863,1775837984798.378,79.515,12.002,67.514,20.926,32937,5545,200.0,0,0,82.7
1007,reliability_dynamic_mobilenetv2,stable,features_16,1775837984802.377,1775837984904.889,102.512,17.001,84.512,19.601,32937,5545,200.0,0,0,87.7
1008,reliability_dynamic_mobilenetv2,stable,features_16,1775837984908.889,1775837984986.396,77.507,15.998,60.509,19.199,32937,5545,200.0,0,0,85.2
1009,reliability_dynamic_mobilenetv2,stable,features_16,1775837984989.396,1775837985063.906,74.510,13.002,61.507,19.264,32937,5545,200.0,0,0,81.2
1010,reliability_dynamic_mobilenetv2,stable,features_16,1775837985067.907,1775837985145.910,78.004,12.002,66.002,21.222,32937,5545,200.0,0,0,90.1
1011,reliability_dynamic_mobilenetv2,stable,features_16,1775837985149.910,1775837985250.427,100.517,27.511,71.005,21.471,32937,5545,200.0,0,0,93.2
1012,reliability_dynamic_mobilenetv2,stable,features_16,1775837985255.935,1775837985336.939,81.005,17.001,64.004,19.892,32937,5545,200.0,0,0,97.0
1013,reliability_dynamic_mobilenetv2,stable,features_16,1775837985341.938,1775837985432.448,90.510,23.509,66.001,22.263,32937,5545,200.0,0,0,99.0
1014,reliability_dynamic_mobilenetv2,stable,features_16,1775837985436.448,1775837985538.964,102.517,26.512,75.003,29.526,32937,5545,200.0,0,0,99.1
1015,reliability_dynamic_mobilenetv2,stable,features_16,1775837985543.963,1775837985635.473,91.509,23.509,66.000,20.077,32937,5545,200.0,0,0,90.9
1016,reliability_dynamic_mobilenetv2,stable,features_16,1775837985639.477,1775837985727.984,88.508,20.510,64.996,20.881,32937,5545,200.0,0,0,88.7
1017,reliability_dynamic_mobilenetv2,stable,features_16,1775837985732.985,1775837985812.503,79.518,18.512,61.006,18.808,32937,5545,200.0,0,0,83.8
1018,reliability_dynamic_mobilenetv2,stable,features_16,1775837985816.504,1775837985908.012,91.508,18.999,71.509,27.596,32937,5545,200.0,0,0,98.0
1019,reliability_dynamic_mobilenetv2,stable,features_16,1775837985912.012,1775837986000.524,88.511,22.000,65.510,19.645,32937,5545,200.0,0,0,92.7
1020,reliability_dynamic_mobilenetv2,stable,features_16,1775837986004.524,1775837986092.035,87.511,18.998,67.510,21.937,32937,5545,200.0,0,0,88.7
1021,reliability_dynamic_mobilenetv2,stable,features_16,1775837986096.034,1775837986178.547,82.513,15.001,66.512,21.616,32937,5545,200.0,0,0,95.1
1022,reliability_dynamic_mobilenetv2,stable,features_16,1775837986183.547,1775837986263.057,79.510,18.001,60.511,19.863,32937,5545,200.0,0,0,86.6
1023,reliability_dynamic_mobilenetv2,stable,features_16,1775837986267.057,1775837986349.061,82.004,17.001,65.003,20.610,32937,5545,200.0,0,0,87.5
1024,reliability_dynamic_mobilenetv2,stable,features_16,1775837986353.568,1775837986441.573,88.006,19.002,69.004,22.008,32937,5545,200.0,0,0,93.9
1025,reliability_dynamic_mobilenetv2,stable,features_16,1775837986445.573,1775837986529.083,83.510,13.511,69.000,22.135,32937,5545,200.0,0,0,88.7
1026,reliability_dynamic_mobilenetv2,stable,features_16,1775837986533.083,1775837986612.600,79.517,17.008,61.509,19.963,32937,5545,200.0,0,0,91.6
1027,reliability_dynamic_mobilenetv2,stable,features_16,1775837986616.598,1775837986693.112,76.513,14.002,62.511,20.091,32937,5545,200.0,0,0,90.1
1028,reliability_dynamic_mobilenetv2,stable,features_16,1775837986697.110,1775837986782.623,85.512,17.001,67.512,21.278,32937,5545,200.0,0,0,88.8
1029,reliability_dynamic_mobilenetv2,stable,features_16,1775837986786.623,1775837986897.141,110.518,45.001,63.518,19.660,32937,5545,200.0,0,0,98.3
1030,reliability_dynamic_mobilenetv2,stable,features_16,1775837986901.141,1775837986986.652,85.510,22.001,63.509,20.197,32937,5545,200.0,0,0,87.6
1031,reliability_dynamic_mobilenetv2,stable,features_16,1775837986990.652,1775837987067.166,76.514,15.001,61.513,18.923,32937,5545,200.0,0,0,91.2
1032,reliability_dynamic_mobilenetv2,stable,features_16,1775837987070.166,1775837987153.836,83.670,18.001,63.670,19.383,32937,5545,200.0,0,0,85.4
1033,reliability_dynamic_mobilenetv2,stable,features_16,1775837987156.835,1775837987246.839,90.004,19.000,71.003,20.478,32937,5545,200.0,0,0,79.2
1034,reliability_dynamic_mobilenetv2,stable,features_16,1775837987250.839,1775837987324.348,73.509,11.510,60.999,19.460,32937,5545,200.0,0,0,83.8
1035,reliability_dynamic_mobilenetv2,stable,features_16,1775837987328.348,1775837987403.859,75.511,13.007,61.503,19.491,32937,5545,200.0,0,0,81.0
1036,reliability_dynamic_mobilenetv2,stable,features_16,1775837987407.860,1775837987491.372,83.512,15.000,68.512,19.275,32937,5545,200.0,0,0,84.0
1037,reliability_dynamic_mobilenetv2,stable,features_16,1775837987495.372,1775837987596.881,101.509,16.001,83.508,18.523,32937,5545,200.0,0,0,84.8
1038,reliability_dynamic_mobilenetv2,stable,features_16,1775837987599.887,1775837987679.390,79.502,11.995,66.508,20.907,32937,5545,200.0,0,0,80.0
1039,reliability_dynamic_mobilenetv2,stable,features_16,1775837987683.389,1775837987759.901,76.511,13.002,61.509,21.126,32937,5545,200.0,0,0,80.2
1040,reliability_dynamic_mobilenetv2,stable,features_16,1775837987762.901,1775837987837.908,75.007,13.003,60.999,18.118,32937,5545,200.0,0,0,78.2
1041,reliability_dynamic_mobilenetv2,stable,features_16,1775837987840.908,1775837987918.421,77.513,12.512,64.001,19.481,32937,5545,200.0,0,0,85.5
1042,reliability_dynamic_mobilenetv2,stable,features_16,1775837987931.420,1775837988008.935,77.515,13.010,63.504,20.269,32937,5545,200.0,0,0,89.9
1043,reliability_dynamic_mobilenetv2,stable,features_16,1775837988012.934,1775837988097.448,84.513,18.001,66.512,22.540,32937,5545,200.0,0,0,90.1
1044,reliability_dynamic_mobilenetv2,stable,features_16,1775837988101.446,1775837988221.967,120.520,52.521,68.000,20.914,32937,5545,200.0,0,0,91.5
1045,reliability_dynamic_mobilenetv2,stable,features_16,1775837988229.967,1775837988355.000,125.033,53.514,69.523,21.880,32937,5545,200.0,0,0,96.8
1046,reliability_dynamic_mobilenetv2,stable,features_16,1775837988362.004,1775837988482.523,120.518,51.997,67.523,20.068,32937,5545,200.0,0,0,97.0
1047,reliability_dynamic_mobilenetv2,stable,features_16,1775837988486.522,1775837988621.053,134.531,63.016,68.006,18.518,32937,5545,200.0,0,0,93.1
1048,reliability_dynamic_mobilenetv2,stable,features_16,1775837988625.052,1775837988743.574,118.521,48.516,69.004,19.255,32937,5545,200.0,0,0,96.3
1049,reliability_dynamic_mobilenetv2,stable,features_16,1775837988753.081,1775837988875.594,122.513,52.001,69.512,20.777,32937,5545,200.0,0,0,100.0
1050,reliability_dynamic_mobilenetv2,stable,features_16,1775837988882.598,1775837989056.630,174.032,58.004,115.033,20.274,32937,5545,200.0,0,0,97.4
1051,reliability_dynamic_mobilenetv2,stable,features_16,1775837989063.631,1775837989214.150,150.520,78.011,72.509,22.813,32937,5545,200.0,0,0,98.2
1052,reliability_dynamic_mobilenetv2,stable,features_16,1775837989219.151,1775837989382.194,163.042,80.523,79.520,21.508,32937,5545,200.0,0,0,100.0
1053,reliability_dynamic_mobilenetv2,stable,features_16,1775837989389.193,1775837989572.224,183.031,113.519,67.518,21.672,32937,5545,200.0,0,0,98.6
1054,reliability_dynamic_mobilenetv2,stable,features_16,1775837989579.225,1775837989736.746,157.521,82.520,73.001,25.468,32937,5545,200.0,0,0,97.5
1055,reliability_dynamic_mobilenetv2,stable,features_16,1775837989742.752,1775837989888.789,146.037,74.515,69.523,22.103,32937,5545,200.0,0,0,96.9
1056,reliability_dynamic_mobilenetv2,stable,features_16,1775837989898.787,1775837990094.112,195.325,116.808,75.518,23.723,32937,5545,200.0,0,0,100.0
1057,reliability_dynamic_mobilenetv2,stable,features_16,1775837990100.113,1775837990257.149,157.036,90.512,65.523,19.701,32937,5545,200.0,0,0,98.8
1058,reliability_dynamic_mobilenetv2,stable,features_16,1775837990265.143,1775837990421.670,156.527,84.007,72.521,20.384,32937,5545,200.0,0,0,97.7
1059,reliability_dynamic_mobilenetv2,stable,features_16,1775837990428.672,1775837990587.711,159.039,87.513,71.526,21.859,32937,5545,200.0,0,0,97.2
1060,reliability_dynamic_mobilenetv2,stable,features_16,1775837990594.711,1775837990758.758,164.047,91.524,68.521,21.724,32937,5545,200.0,0,0,100.0
1061,reliability_dynamic_mobilenetv2,stable,features_16,1775837990764.757,1775837990946.287,181.531,110.523,69.004,21.615,32937,5545,200.0,0,0,100.0
1062,reliability_dynamic_mobilenetv2,stable,features_16,1775837990955.803,1775837991141.328,185.525,113.517,68.006,24.103,32937,5545,200.0,0,0,99.0
1063,reliability_dynamic_mobilenetv2,stable,features_16,1775837991150.325,1775837991349.361,199.036,127.030,70.007,20.642,32937,5545,200.0,0,0,100.0
1064,reliability_dynamic_mobilenetv2,stable,features_16,1775837991357.870,1775837991519.389,161.519,89.009,71.509,21.188,32937,5545,200.0,0,0,97.3
1065,reliability_dynamic_mobilenetv2,stable,features_16,1775837991524.390,1775837991661.433,137.043,72.529,63.515,19.101,32937,5545,200.0,0,0,95.9
1066,reliability_dynamic_mobilenetv2,stable,features_16,1775837991666.431,1775837991816.952,150.520,86.513,63.011,20.281,32937,5545,200.0,0,0,97.5
1067,reliability_dynamic_mobilenetv2,stable,features_16,1775837991824.950,1775837991986.979,162.030,93.516,67.510,19.268,32937,5545,200.0,0,0,100.0
1068,reliability_dynamic_mobilenetv2,stable,features_16,1775837991996.982,1775837992189.024,192.042,116.522,73.521,20.870,32937,5545,200.0,0,0,99.5
1069,reliability_dynamic_mobilenetv2,stable,features_16,1775837992196.022,1775837992325.541,129.519,47.007,81.514,24.523,32937,5545,200.0,0,0,94.6
1070,reliability_dynamic_mobilenetv2,stable,features_16,1775837992332.536,1775837992526.585,194.049,122.041,72.008,21.493,32937,5545,200.0,0,0,99.5
1071,reliability_dynamic_mobilenetv2,stable,features_16,1775837992531.585,1775837992682.654,151.069,81.552,66.518,22.298,32937,5545,200.0,0,0,100.0
1072,reliability_dynamic_mobilenetv2,stable,features_16,1775837992691.655,1775837992823.173,131.518,66.519,63.999,20.815,32937,5545,200.0,0,0,96.6
1073,reliability_dynamic_mobilenetv2,stable,features_16,1775837992829.172,1775837993002.214,173.042,101.522,70.520,21.010,32937,5545,200.0,0,0,98.9
1074,reliability_dynamic_mobilenetv2,stable,features_16,1775837993008.213,1775837993160.268,152.055,79.531,71.526,20.650,32937,5545,200.0,0,0,100.0
1075,reliability_dynamic_mobilenetv2,stable,features_16,1775837993166.270,1775837993326.796,160.527,89.525,70.003,22.740,32937,5545,200.0,0,0,99.4
1076,reliability_dynamic_mobilenetv2,stable,features_16,1775837993349.798,1775837993498.821,149.023,73.513,70.512,19.785,32937,5545,200.0,0,0,98.3
1077,reliability_dynamic_mobilenetv2,stable,features_16,1775837993505.821,1775837993658.867,153.046,76.526,75.521,27.857,32937,5545,200.0,0,0,98.8
1078,reliability_dynamic_mobilenetv2,stable,features_16,1775837993663.868,1775837993813.400,149.531,71.003,76.530,27.333,32937,5545,200.0,0,0,98.8
1079,reliability_dynamic_mobilenetv2,stable,features_16,1775837993818.398,1775837994028.762,210.364,141.037,67.327,22.606,32937,5545,200.0,1,0,100.0
1080,reliability_dynamic_mobilenetv2,stable,features_16,1775837994040.766,1775837994219.808,179.042,108.522,67.517,19.779,32937,5545,200.0,0,0,98.0
1081,reliability_dynamic_mobilenetv2,stable,features_16,1775837994228.808,1775837994386.840,158.032,87.517,69.513,22.565,32937,5545,200.0,0,0,94.1
1082,reliability_dynamic_mobilenetv2,stable,features_16,1775837994390.838,1775837994534.355,143.518,72.519,69.999,21.310,32937,5545,200.0,0,0,98.6
1083,reliability_dynamic_mobilenetv2,stable,features_16,1775837994543.360,1775837994701.400,158.040,84.512,68.522,22.483,32937,5545,200.0,0,0,100.0
1084,reliability_dynamic_mobilenetv2,stable,features_16,1775837994713.394,1775837994880.443,167.049,90.527,71.517,21.191,32937,5545,200.0,0,0,99.5
1085,reliability_dynamic_mobilenetv2,stable,features_16,1775837994895.446,1775837995054.480,159.034,90.511,66.515,21.301,32937,5545,200.0,0,0,100.0
1086,reliability_dynamic_mobilenetv2,stable,features_16,1775837995062.478,1775837995230.015,167.537,97.538,67.998,19.984,32937,5545,200.0,0,0,100.0
1087,reliability_dynamic_mobilenetv2,stable,features_16,1775837995238.015,1775837995440.065,202.050,121.042,77.011,23.391,32937,5545,200.0,1,0,98.2
1088,reliability_dynamic_mobilenetv2,stable,features_16,1775837995451.064,1775837995614.096,163.031,83.515,77.518,23.355,32937,5545,200.0,0,0,98.3
1089,reliability_dynamic_mobilenetv2,stable,features_16,1775837995627.096,1775837995774.142,147.046,76.530,69.517,24.267,32937,5545,200.0,0,0,97.2
1090,reliability_dynamic_mobilenetv2,stable,features_16,1775837995781.139,1775837995981.179,200.041,129.525,66.518,20.732,32937,5545,200.0,1,0,99.5
1091,reliability_dynamic_mobilenetv2,stable,features_16,1775837995992.181,1775837996184.230,192.049,115.527,70.525,22.931,32937,5545,200.0,0,0,98.6
1092,reliability_dynamic_mobilenetv2,stable,features_16,1775837996197.230,1775837996370.277,173.047,76.529,93.518,23.032,32937,5545,200.0,0,0,99.5
1093,reliability_dynamic_mobilenetv2,stable,features_16,1775837996379.277,1775837996538.806,159.528,92.530,65.999,19.648,32937,5545,200.0,0,0,99.4
1094,reliability_dynamic_mobilenetv2,stable,features_16,1775837996547.811,1775837996707.857,160.046,86.513,72.534,21.628,32937,5545,200.0,0,0,100.0
1095,reliability_dynamic_mobilenetv2,stable,features_16,1775837996716.866,1775837996883.897,167.031,96.515,69.517,21.428,32937,5545,200.0,0,0,99.5
1096,reliability_dynamic_mobilenetv2,stable,features_16,1775837996892.903,1775837997048.426,155.523,85.518,69.005,21.718,32937,5545,200.0,0,0,98.8
1097,reliability_dynamic_mobilenetv2,stable,features_16,1775837997062.946,1775837997223.471,160.525,84.007,75.517,23.014,32937,5545,200.0,0,0,98.4
1098,reliability_dynamic_mobilenetv2,stable,features_16,1775837997230.471,1775837997366.514,136.043,62.524,72.518,22.416,32937,5545,200.0,0,0,100.0
1099,reliability_dynamic_mobilenetv2,stable,features_16,1775837997371.514,1775837997530.036,158.522,91.525,65.999,23.722,32937,5545,200.0,0,0,95.8
1100,reliability_dynamic_mobilenetv2,stable,features_16,1775837997535.038,1775837997681.077,146.040,78.520,65.524,19.471,32937,5545,200.0,0,0,98.8
1101,reliability_dynamic_mobilenetv2,stable,features_16,1775837997689.077,1775837997828.591,139.514,59.005,79.509,26.063,32937,5545,200.0,0,0,99.3
1102,reliability_dynamic_mobilenetv2,stable,features_16,1775837997834.591,1775837998020.634,186.043,112.529,72.512,23.682,32937,5545,200.0,0,0,100.0
1103,reliability_dynamic_mobilenetv2,stable,features_16,1775837998028.632,1775837998208.688,180.056,113.536,64.519,18.800,32937,5545,200.0,0,0,100.0
1104,reliability_dynamic_mobilenetv2,stable,features_16,1775837998216.688,1775837998395.716,179.029,104.517,73.511,24.794,32937,5545,200.0,0,0,99.5
1105,reliability_dynamic_mobilenetv2,stable,features_16,1775837998404.717,1775837998600.757,196.040,118.517,71.519,21.308,32937,5545,200.0,0,0,98.7
1106,reliability_dynamic_mobilenetv2,stable,features_16,1775837998613.761,1775837998732.277,118.516,51.513,67.003,21.066,32937,5545,200.0,0,0,99.3
1107,reliability_dynamic_mobilenetv2,stable,features_16,1775837998739.274,1775837998847.805,108.531,37.521,68.012,21.066,32937,5545,200.0,0,0,98.3
1108,reliability_dynamic_mobilenetv2,stable,features_16,1775837998856.318,1775837999063.363,207.046,126.519,78.527,22.014,32937,5545,200.0,1,0,97.8
1109,reliability_dynamic_mobilenetv2,stable,features_16,1775837999070.360,1775837999238.884,168.524,77.009,88.514,23.996,32937,5545,200.0,0,0,96.7
1110,reliability_dynamic_mobilenetv2,stable,features_16,1775837999251.892,1775837999395.923,144.031,68.514,74.521,24.632,32937,5545,200.0,0,0,98.8
1111,reliability_dynamic_mobilenetv2,stable,features_16,1775837999402.922,1775837999570.972,168.050,91.528,74.526,20.438,32937,5545,200.0,0,0,100.0
1112,reliability_dynamic_mobilenetv2,stable,features_16,1775837999576.974,1775837999736.489,159.515,85.516,72.002,20.235,32937,5545,200.0,0,0,100.0
1113,reliability_dynamic_mobilenetv2,stable,features_16,1775837999745.501,1775837999908.558,163.057,79.538,78.519,24.623,32937,5545,200.0,0,0,97.2
1114,reliability_dynamic_mobilenetv2,stable,features_16,1775837999920.560,1775838000078.604,158.044,79.519,77.693,24.945,32937,5545,200.0,0,0,98.9
1115,reliability_dynamic_mobilenetv2,stable,features_16,1775838000090.601,1775838000253.139,162.537,79.525,83.012,30.493,32937,5545,200.0,0,0,100.0
1116,reliability_dynamic_mobilenetv2,stable,features_16,1775838000262.652,1775838000453.170,190.518,107.519,82.004,25.876,32937,5545,200.0,0,0,94.4
1117,reliability_dynamic_mobilenetv2,stable,features_16,1775838000461.682,1775838000640.220,178.539,94.541,82.995,24.001,32937,5545,200.0,0,0,98.0
1118,reliability_dynamic_mobilenetv2,stable,features_16,1775838000652.228,1775838000843.275,191.047,85.512,103.533,26.547,32937,5545,200.0,0,0,97.2
1119,reliability_dynamic_mobilenetv2,stable,features_16,1775838000850.274,1775838001010.300,160.026,84.512,74.514,23.183,32937,5545,200.0,0,0,100.0
1120,reliability_dynamic_mobilenetv2,stable,features_16,1775838001015.302,1775838001115.826,100.524,28.008,71.516,23.023,32937,5545,200.0,0,0,100.0
1121,reliability_dynamic_mobilenetv2,stable,features_16,1775838001123.826,1775838001272.869,149.043,77.521,70.523,23.766,32937,5545,200.0,0,0,100.0
1122,reliability_dynamic_mobilenetv2,stable,features_16,1775838001285.872,1775838001417.383,131.511,67.005,63.508,21.108,32937,5545,200.0,0,0,98.8
1123,reliability_dynamic_mobilenetv2,stable,features_16,1775838001422.382,1775838001551.911,129.529,56.520,71.006,21.764,32937,5545,200.0,0,0,100.0
1124,reliability_dynamic_mobilenetv2,stable,features_16,1775838001561.428,1775838001752.958,191.530,115.520,75.010,22.137,32937,5545,200.0,0,0,97.2
1125,reliability_dynamic_mobilenetv2,stable,features_16,1775838001765.467,1775838001957.513,192.045,122.523,67.521,19.882,32937,5545,200.0,0,0,100.0
1126,reliability_dynamic_mobilenetv2,stable,features_16,1775838001971.510,1775838002158.557,187.048,120.517,64.530,18.743,32937,5545,200.0,0,0,99.1
1127,reliability_dynamic_mobilenetv2,stable,features_16,1775838002164.552,1775838002356.579,192.027,116.519,70.004,21.483,32937,5545,200.0,0,0,99.1
1128,reliability_dynamic_mobilenetv2,stable,features_16,1775838002367.586,1775838002545.639,178.053,99.527,72.947,22.010,32937,5545,200.0,0,0,99.5
1129,reliability_dynamic_mobilenetv2,stable,features_16,1775838002554.644,1775838002741.201,186.557,111.561,70.999,20.840,32937,5545,200.0,0,0,100.0
1130,reliability_dynamic_mobilenetv2,stable,features_16,1775838002755.208,1775838002942.253,187.046,106.036,79.001,20.792,32937,5545,200.0,0,0,99.5
1131,reliability_dynamic_mobilenetv2,stable,features_16,1775838002952.251,1775838003150.297,198.046,126.036,68.006,21.292,32937,5545,200.0,0,0,100.0
1132,reliability_dynamic_mobilenetv2,stable,features_16,1775838003156.794,1775838003333.331,176.537,102.532,70.000,20.285,32937,5545,200.0,0,0,99.5
1133,reliability_dynamic_mobilenetv2,stable,features_16,1775838003342.333,1775838003521.378,179.044,103.528,73.515,24.470,32937,5545,200.0,0,0,98.5
1134,reliability_dynamic_mobilenetv2,stable,features_16,1775838003528.378,1775838003709.426,181.048,98.526,76.517,26.896,32937,5545,200.0,0,0,97.5
1135,reliability_dynamic_mobilenetv2,stable,features_16,1775838003717.422,1775838003907.465,190.042,123.524,65.510,21.517,32937,5545,200.0,0,0,100.0
1136,reliability_dynamic_mobilenetv2,stable,features_16,1775838003917.464,1775838004110.499,193.035,121.518,71.517,22.673,32937,5545,200.0,0,0,98.6
1137,reliability_dynamic_mobilenetv2,stable,features_16,1775838004117.500,1775838004218.010,100.510,29.004,69.505,23.584,32937,5545,200.0,0,0,98.3
1138,reliability_dynamic_mobilenetv2,stable,features_16,1775838004225.010,1775838004323.527,98.516,28.010,69.506,20.215,32937,5545,200.0,0,0,96.6
1139,reliability_dynamic_mobilenetv2,stable,features_16,1775838004329.527,1775838004424.041,94.514,26.005,67.509,19.318,32937,5545,200.0,0,0,98.0
1140,reliability_dynamic_mobilenetv2,stable,features_16,1775838004429.041,1775838004524.555,95.514,30.514,64.000,21.679,32937,5545,200.0,0,0,97.4
1141,reliability_dynamic_mobilenetv2,stable,features_16,1775838004530.553,1775838004645.073,114.520,39.513,74.008,23.906,32937,5545,200.0,0,0,100.0
1142,reliability_dynamic_mobilenetv2,stable,features_16,1775838004655.073,1775838004785.104,130.032,52.510,75.518,22.395,32937,5545,200.0,0,0,97.3
1143,reliability_dynamic_mobilenetv2,stable,features_16,1775838004791.104,1775838004921.620,130.517,55.004,70.513,23.849,32937,5545,200.0,0,0,100.0
1144,reliability_dynamic_mobilenetv2,stable,features_16,1775838004928.621,1775838005110.659,182.038,95.516,81.522,27.034,32937,5545,200.0,0,0,97.0
1145,reliability_dynamic_mobilenetv2,stable,features_16,1775838005115.659,1775838005275.707,160.047,81.521,77.525,20.360,32937,5545,200.0,0,0,97.9
1146,reliability_dynamic_mobilenetv2,stable,features_16,1775838005285.706,1775838005415.228,129.523,46.999,79.519,24.903,32937,5545,200.0,0,0,95.3
1147,reliability_dynamic_mobilenetv2,stable,features_16,1775838005423.225,1775838005574.278,151.053,75.525,75.528,21.492,32937,5545,200.0,0,0,100.0
1148,reliability_dynamic_mobilenetv2,stable,features_16,1775838005583.276,1775838005742.804,159.528,87.524,69.996,21.324,32937,5545,200.0,0,0,99.4
1149,reliability_dynamic_mobilenetv2,stable,features_16,1775838005747.803,1775838005902.361,154.558,85.034,67.526,20.142,32937,5545,200.0,0,0,98.8
1150,reliability_dynamic_mobilenetv2,stable,features_16,1775838005912.363,1775838006049.884,137.521,73.519,64.003,19.771,32937,5545,200.0,0,0,98.7
1151,reliability_dynamic_mobilenetv2,stable,features_16,1775838006057.388,1775838006187.913,130.524,60.008,69.517,21.259,32937,5545,200.0,0,0,98.7
1152,reliability_dynamic_mobilenetv2,stable,features_16,1775838006199.911,1775838006346.448,146.537,72.529,74.008,20.789,32937,5545,200.0,0,0,95.7
1153,reliability_dynamic_mobilenetv2,stable,features_16,1775838006354.448,1775838006494.491,140.044,67.519,70.523,23.095,32937,5545,200.0,0,0,99.4
1154,reliability_dynamic_mobilenetv2,stable,features_16,1775838006500.497,1775838006620.025,119.528,53.010,65.515,19.915,32937,5545,200.0,0,0,96.9
1155,reliability_dynamic_mobilenetv2,stable,features_16,1775838006628.030,1775838006768.072,140.042,67.519,70.525,21.058,32937,5545,200.0,0,0,100.0
1156,reliability_dynamic_mobilenetv2,stable,features_16,1775838006775.073,1775838006930.592,155.519,84.519,71.001,21.364,32937,5545,200.0,0,0,100.0
1157,reliability_dynamic_mobilenetv2,stable,features_16,1775838006939.592,1775838007113.637,174.045,98.528,72.520,20.189,32937,5545,200.0,0,0,99.4
1158,reliability_dynamic_mobilenetv2,stable,features_16,1775838007121.636,1775838007271.685,150.049,78.529,68.522,20.848,32937,5545,200.0,0,0,98.8
1159,reliability_dynamic_mobilenetv2,stable,features_16,1775838007279.685,1775838007407.214,127.529,53.002,72.526,21.993,32937,5545,200.0,0,0,95.9
1160,reliability_dynamic_mobilenetv2,stable,features_16,1775838007415.212,1775838007560.255,145.043,72.521,71.524,24.717,32937,5545,200.0,0,0,97.5
1161,reliability_dynamic_mobilenetv2,stable,features_16,1775838007567.751,1775838007700.279,132.528,59.003,68.533,19.423,32937,5545,200.0,0,0,99.3
1162,reliability_dynamic_mobilenetv2,stable,features_16,1775838007705.281,1775838007833.802,128.521,60.520,67.000,20.344,32937,5545,200.0,0,0,100.0
1163,reliability_dynamic_mobilenetv2,stable,features_16,1775838007840.799,1775838008002.845,162.046,93.523,67.524,20.177,32937,5545,200.0,0,0,99.5
1164,reliability_dynamic_mobilenetv2,stable,features_16,1775838008013.852,1775838008161.885,148.033,66.516,79.518,23.173,32937,5545,200.0,0,0,100.0
1165,reliability_dynamic_mobilenetv2,stable,features_16,1775838008169.887,1775838008328.397,158.510,83.000,73.509,23.285,32937,5545,200.0,0,0,97.9
1166,reliability_dynamic_mobilenetv2,stable,features_16,1775838008334.398,1775838008462.429,128.031,58.520,69.512,20.698,32937,5545,200.0,0,0,100.0
1167,reliability_dynamic_mobilenetv2,stable,features_16,1775838008470.431,1775838008604.948,134.517,65.000,69.518,22.755,32937,5545,200.0,0,0,100.0
1168,reliability_dynamic_mobilenetv2,stable,features_16,1775838008612.951,1775838008735.464,122.513,54.514,66.996,19.462,32937,5545,200.0,0,0,100.0
1169,reliability_dynamic_mobilenetv2,stable,features_16,1775838008743.477,1775838008873.760,130.282,57.750,69.532,21.395,32937,5545,200.0,0,0,95.9
1170,reliability_dynamic_mobilenetv2,stable,features_16,1775838008885.758,1775838009084.817,199.059,121.532,76.530,22.022,32937,5545,200.0,0,0,99.6
1171,reliability_dynamic_mobilenetv2,stable,features_16,1775838009096.815,1775838009257.850,161.034,87.518,71.009,22.449,32937,5545,200.0,0,0,100.0
1172,reliability_dynamic_mobilenetv2,stable,features_16,1775838009266.860,1775838009404.380,137.520,63.998,69.522,20.680,32937,5545,200.0,0,0,98.8
1173,reliability_dynamic_mobilenetv2,stable,features_16,1775838009413.380,1775838009552.907,139.527,64.525,71.005,21.271,32937,5545,200.0,0,0,98.7
1174,reliability_dynamic_mobilenetv2,stable,features_16,1775838009556.910,1775838009703.930,147.020,73.510,72.510,23.934,32937,5545,200.0,0,0,96.9
1175,reliability_dynamic_mobilenetv2,stable,features_16,1775838009708.930,1775838009802.447,93.517,26.999,64.519,19.530,32937,5545,200.0,0,0,98.0
1176,reliability_dynamic_mobilenetv2,stable,features_16,1775838009808.446,1775838009968.486,160.039,86.523,72.519,24.543,32937,5545,200.0,0,0,100.0
1177,reliability_dynamic_mobilenetv2,stable,features_16,1775838009979.486,1775838010132.014,152.528,83.527,67.001,20.555,32937,5545,200.0,0,0,100.0
1178,reliability_dynamic_mobilenetv2,stable,features_16,1775838010138.012,1775838010280.052,142.040,68.519,71.518,20.586,32937,5545,200.0,0,0,98.2
1179,reliability_dynamic_mobilenetv2,stable,features_16,1775838010286.053,1775838010432.586,146.533,73.535,71.000,20.968,32937,5545,200.0,0,0,98.2
1180,reliability_dynamic_mobilenetv2,stable,features_16,1775838010438.585,1775838010595.632,157.047,81.529,73.521,21.976,32937,5545,200.0,0,0,100.0
1181,reliability_dynamic_mobilenetv2,stable,features_16,1775838010602.635,1775838010726.156,123.521,57.519,63.997,19.206,32937,5545,200.0,0,0,96.0
1182,reliability_dynamic_mobilenetv2,stable,features_16,1775838010734.154,1775838010878.200,144.046,73.519,69.527,19.937,32937,5545,200.0,0,0,96.7
1183,reliability_dynamic_mobilenetv2,stable,features_16,1775838010914.201,1775838011122.719,208.518,133.537,73.976,23.096,32937,5545,200.0,1,0,100.0
1184,reliability_dynamic_mobilenetv2,stable,features_16,1775838011131.718,1775838011288.170,156.453,82.527,71.928,21.688,32937,5545,200.0,0,0,98.8
1185,reliability_dynamic_mobilenetv2,stable,features_16,1775838011296.561,1775838011437.093,140.531,68.529,69.997,23.705,32937,5545,200.0,0,0,99.4
1186,reliability_dynamic_mobilenetv2,stable,features_16,1775838011445.098,1775838011584.130,139.032,67.513,69.518,23.086,32937,5545,200.0,0,0,99.3
1187,reliability_dynamic_mobilenetv2,stable,features_16,1775838011589.128,1775838011723.649,134.521,58.006,73.516,22.722,32937,5545,200.0,0,0,98.6
1188,reliability_dynamic_mobilenetv2,stable,features_16,1775838011730.648,1775838011875.690,145.042,64.521,74.522,20.276,32937,5545,200.0,0,0,98.8
1189,reliability_dynamic_mobilenetv2,stable,features_16,1775838011884.691,1775838013081.979,1197.288,106.520,1088.769,34.830,32937,5545,200.0,1,0,82.2
1190,reliability_dynamic_mobilenetv2,stable,features_16,1775838013090.974,1775838013205.493,114.519,45.001,67.517,22.378,32937,5545,200.0,0,0,97.8
1191,reliability_dynamic_mobilenetv2,stable,features_16,1775838013210.493,1775838013318.860,108.367,37.007,71.360,23.011,32937,5545,200.0,0,0,97.5
1192,reliability_dynamic_mobilenetv2,stable,features_16,1775838013324.861,1775838013467.926,143.065,65.537,72.531,22.051,32937,5545,200.0,0,0,97.0
1193,reliability_dynamic_mobilenetv2,stable,features_16,1775838013476.925,1775838013594.458,117.534,50.003,65.534,20.527,32937,5545,200.0,0,0,99.3
1194,reliability_dynamic_mobilenetv2,stable,features_16,1775838013602.460,1775838013735.970,133.510,65.519,65.999,23.395,32937,5545,200.0,0,0,100.0
1195,reliability_dynamic_mobilenetv2,stable,features_16,1775838013741.978,1775838013884.030,142.052,75.539,64.512,19.759,32937,5545,200.0,0,0,98.8
1196,reliability_dynamic_mobilenetv2,stable,features_16,1775838013894.026,1775838014019.549,125.523,58.010,66.511,20.815,32937,5545,200.0,0,0,93.3
1197,reliability_dynamic_mobilenetv2,stable,features_16,1775838014028.549,1775838014189.967,161.418,80.518,75.896,23.756,32937,5545,200.0,0,0,98.9
1198,reliability_dynamic_mobilenetv2,stable,features_16,1775838014200.964,1775838014401.007,200.043,119.520,73.521,20.927,32937,5545,200.0,1,0,99.1
1199,reliability_dynamic_mobilenetv2,stable,features_16,1775838014412.005,1775838014593.258,181.253,103.525,72.734,23.396,32937,5545,200.0,0,0,100.0
1200,reliability_dynamic_mobilenetv2,stable,features_16,1775838014604.257,1775838014771.302,167.045,95.530,66.521,18.997,32937,5545,200.0,0,0,99.5
1201,reliability_dynamic_mobilenetv2,stable,features_16,1775838014780.305,1775838014965.364,185.059,100.529,82.534,21.264,32937,5545,200.0,0,0,100.0
1202,reliability_dynamic_mobilenetv2,stable,features_16,1775838014970.364,1775838015154.906,184.542,104.533,79.013,22.119,32937,5545,200.0,0,0,100.0
1203,reliability_dynamic_mobilenetv2,stable,features_16,1775838015163.417,1775838015330.942,167.525,98.526,66.000,20.108,32937,5545,200.0,0,0,100.0
1204,reliability_dynamic_mobilenetv2,stable,features_16,1775838015340.944,1775838015520.989,180.045,109.526,66.519,19.725,32937,5545,200.0,0,0,100.0
1205,reliability_dynamic_mobilenetv2,stable,features_16,1775838015528.990,1775838015708.048,179.059,105.520,68.531,20.412,32937,5545,200.0,0,0,100.0
1206,reliability_dynamic_mobilenetv2,stable,features_16,1775838015715.051,1775838015867.087,152.036,75.512,74.527,23.680,32937,5545,200.0,0,0,100.0
1207,reliability_dynamic_mobilenetv2,stable,features_16,1775838015882.086,1775838016084.130,202.044,135.522,66.522,21.207,32937,5545,200.0,1,0,97.5
1208,reliability_dynamic_mobilenetv2,stable,features_16,1775838016099.134,1775838016257.666,158.532,88.527,69.006,23.468,32937,5545,200.0,0,0,100.0
1209,reliability_dynamic_mobilenetv2,stable,features_16,1775838016267.186,1775838016444.708,177.522,99.514,74.004,21.811,32937,5545,200.0,0,0,98.0
1210,reliability_dynamic_mobilenetv2,stable,features_16,1775838016454.706,1775838016629.753,175.047,101.530,70.521,21.483,32937,5545,200.0,0,0,96.7
1211,reliability_dynamic_mobilenetv2,stable,features_16,1775838016641.753,1775838016751.281,109.528,39.525,68.007,21.285,32937,5545,200.0,0,0,98.5
1212,reliability_dynamic_mobilenetv2,stable,features_16,1775838016758.281,1775838016872.310,114.029,44.513,69.516,21.767,32937,5545,200.0,0,0,96.2
1213,reliability_dynamic_mobilenetv2,stable,features_16,1775838016879.309,1775838016984.821,105.512,31.002,72.510,25.636,32937,5545,200.0,0,0,94.8
1214,reliability_dynamic_mobilenetv2,stable,features_16,1775838016988.821,1775838017078.339,89.519,23.001,64.519,20.963,32937,5545,200.0,0,0,99.0
1215,reliability_dynamic_mobilenetv2,stable,features_16,1775838017082.338,1775838017173.854,91.516,17.000,73.515,21.795,32937,5545,200.0,0,0,96.0
1216,reliability_dynamic_mobilenetv2,stable,features_16,1775838017177.854,1775838017265.372,87.518,19.000,67.519,21.248,32937,5545,200.0,0,0,86.6
1217,reliability_dynamic_mobilenetv2,stable,features_16,1775838017270.372,1775838017376.891,106.519,35.003,69.521,23.000,32937,5545,200.0,0,0,100.0
1218,reliability_dynamic_mobilenetv2,stable,features_16,1775838017383.890,1775838017490.407,106.517,38.001,66.516,21.469,32937,5545,200.0,0,0,97.5
1219,reliability_dynamic_mobilenetv2,stable,features_16,1775838017495.407,1775838017598.921,103.514,36.000,66.514,20.476,32937,5545,200.0,0,0,100.0
1220,reliability_dynamic_mobilenetv2,stable,features_16,1775838017607.925,1775838017822.977,215.052,81.525,131.529,80.506,32937,5545,200.0,1,0,98.0
1221,reliability_dynamic_mobilenetv2,stable,features_16,1775838017831.977,1775838018047.037,215.061,140.053,70.003,18.675,32937,5545,200.0,1,0,100.0
1222,reliability_dynamic_mobilenetv2,stable,features_16,1775838018060.555,1775838018227.079,166.524,99.516,64.991,19.425,32937,5545,200.0,0,0,97.9
1223,reliability_dynamic_mobilenetv2,stable,features_16,1775838018238.085,1775838018395.133,157.048,84.522,72.526,22.209,32937,5545,200.0,0,0,100.0
1224,reliability_dynamic_mobilenetv2,stable,features_16,1775838018404.127,1775838018565.175,161.048,87.529,70.520,21.911,32937,5545,200.0,0,0,96.1
1225,reliability_dynamic_mobilenetv2,stable,features_16,1775838018575.174,1775838018773.226,198.052,130.533,66.520,19.588,32937,5545,200.0,0,0,97.9
1226,reliability_dynamic_mobilenetv2,stable,features_16,1775838018779.224,1775838018957.763,178.539,105.530,72.008,20.023,32937,5545,200.0,0,0,100.0
1227,reliability_dynamic_mobilenetv2,stable,features_16,1775838018970.277,1775838019150.813,180.536,110.534,68.001,20.274,32937,5545,200.0,0,0,99.5
1228,reliability_dynamic_mobilenetv2,stable,features_16,1775838019156.812,1775838019277.833,121.021,52.510,67.512,18.983,32937,5545,200.0,0,0,95.4
1229,reliability_dynamic_mobilenetv2,stable,features_16,1775838019285.838,1775838019416.356,130.518,55.998,74.520,24.390,32937,5545,200.0,0,0,99.3
1230,reliability_dynamic_mobilenetv2,stable,features_16,1775838019421.356,1775838019511.863,90.508,19.996,69.512,20.248,32937,5545,200.0,0,0,95.9
1231,reliability_dynamic_mobilenetv2,stable,features_16,1775838019515.864,1775838019602.379,86.516,19.001,66.515,22.420,32937,5545,200.0,0,0,92.8
1232,reliability_dynamic_mobilenetv2,stable,features_16,1775838019607.379,1775838019716.898,109.519,37.000,70.507,23.741,32937,5545,200.0,0,0,98.3
1233,reliability_dynamic_mobilenetv2,stable,features_16,1775838019722.898,1775838019832.538,109.640,35.008,72.635,23.615,32937,5545,200.0,0,0,95.7
1234,reliability_dynamic_mobilenetv2,stable,features_16,1775838019840.543,1775838020036.583,196.039,118.528,72.356,21.358,32937,5545,200.0,0,0,99.5
1235,reliability_dynamic_mobilenetv2,stable,features_16,1775838020044.585,1775838020211.675,167.090,97.543,68.519,20.963,32937,5545,200.0,0,0,99.5
1236,reliability_dynamic_mobilenetv2,stable,features_16,1775838020226.653,1775838020393.693,167.041,93.522,71.518,23.046,32937,5545,200.0,0,0,98.9
1237,reliability_dynamic_mobilenetv2,stable,features_16,1775838020402.693,1775838020565.745,163.052,85.522,75.528,23.271,32937,5545,200.0,0,0,99.5
1238,reliability_dynamic_mobilenetv2,stable,features_16,1775838020574.746,1775838020751.269,176.523,98.517,74.007,21.980,32937,5545,200.0,0,0,97.5
1239,reliability_dynamic_mobilenetv2,stable,features_16,1775838020762.780,1775838020921.304,158.524,93.013,64.511,19.133,32937,5545,200.0,0,0,98.9
1240,reliability_dynamic_mobilenetv2,stable,features_16,1775838020943.303,1775838021163.857,220.554,143.040,73.515,22.702,32937,5545,200.0,1,0,98.8
1241,reliability_dynamic_mobilenetv2,stable,features_16,1775838021170.858,1775838021297.382,126.524,54.000,67.524,21.732,32937,5545,200.0,0,0,91.9
1242,reliability_dynamic_mobilenetv2,stable,features_16,1775838021304.383,1775838021446.907,142.524,71.517,70.008,21.294,32937,5545,200.0,0,0,90.4
1243,reliability_dynamic_mobilenetv2,stable,features_16,1775838021452.910,1775838021551.429,98.519,28.511,68.008,22.497,32937,5545,200.0,0,0,100.0
1244,reliability_dynamic_mobilenetv2,stable,features_16,1775838021555.427,1775838021650.956,95.528,28.526,66.005,19.905,32937,5545,200.0,0,0,90.3
1245,reliability_dynamic_mobilenetv2,stable,features_16,1775838021655.956,1775838021763.984,108.028,38.514,67.516,24.062,32937,5545,200.0,0,0,97.5
1246,reliability_dynamic_mobilenetv2,stable,features_16,1775838021767.982,1775838021910.499,142.517,76.004,65.512,20.395,32937,5545,200.0,0,0,97.9
1247,reliability_dynamic_mobilenetv2,stable,features_16,1775838021920.499,1775838022072.541,152.042,73.523,73.513,23.424,32937,5545,200.0,0,0,100.0
1248,reliability_dynamic_mobilenetv2,stable,features_16,1775838022082.543,1775838022213.057,130.513,56.993,71.520,22.009,32937,5545,200.0,0,0,97.5
1249,reliability_dynamic_mobilenetv2,stable,features_16,1775838022228.058,1775838022358.579,130.521,59.521,70.002,20.483,32937,5545,200.0,0,0,99.3
1250,reliability_dynamic_mobilenetv2,stable,features_16,1775838022367.102,1775838022500.620,133.518,65.995,66.524,19.437,32937,5545,200.0,0,0,96.6
1251,reliability_dynamic_mobilenetv2,stable,features_16,1775838022508.623,1775838022649.196,140.573,64.569,69.002,22.340,32937,5545,200.0,0,0,98.8
1252,reliability_dynamic_mobilenetv2,stable,features_16,1775838022657.196,1775838022876.759,219.563,147.043,70.516,21.238,32937,5545,200.0,1,0,99.2
1253,reliability_dynamic_mobilenetv2,stable,features_16,1775838022885.760,1775838023032.281,146.521,76.523,67.999,21.820,32937,5545,200.0,0,0,99.4
1254,reliability_dynamic_mobilenetv2,stable,features_16,1775838023040.279,1775838023176.327,136.048,67.534,67.514,21.457,32937,5545,200.0,0,0,98.7
1255,reliability_dynamic_mobilenetv2,stable,features_16,1775838023187.325,1775838023348.858,161.532,84.527,76.007,23.165,32937,5545,200.0,0,0,100.0
1256,reliability_dynamic_mobilenetv2,stable,features_16,1775838023354.856,1775838023575.411,220.555,89.520,129.035,79.843,32937,5545,200.0,1,0,95.6
1257,reliability_dynamic_mobilenetv2,stable,features_16,1775838023584.409,1775838023738.940,154.531,81.532,71.004,21.689,32937,5545,200.0,0,0,99.4
1258,reliability_dynamic_mobilenetv2,stable,features_16,1775838023745.938,1775838023888.992,143.054,73.529,66.530,18.417,32937,5545,200.0,0,0,92.6
1259,reliability_dynamic_mobilenetv2,stable,features_16,1775838023900.990,1775838024066.019,165.029,91.513,71.518,18.625,32937,5545,200.0,0,0,98.9
1260,reliability_dynamic_mobilenetv2,stable,features_16,1775838024072.019,1775838024249.558,177.539,107.535,70.004,20.553,32937,5545,200.0,0,0,99.0
1261,reliability_dynamic_mobilenetv2,stable,features_16,1775838024258.559,1775838024404.612,146.053,69.527,74.528,20.379,32937,5545,200.0,0,0,100.0
1262,reliability_dynamic_mobilenetv2,stable,features_16,1775838024411.615,1775838024559.614,148.000,78.514,69.485,22.799,32937,5545,200.0,0,0,93.9
1263,reliability_dynamic_mobilenetv2,stable,features_16,1775838024564.124,1775838024647.133,83.009,20.000,63.010,19.092,32937,5545,200.0,0,0,85.2
1264,reliability_dynamic_mobilenetv2,stable,features_16,1775838024651.129,1775838024729.648,78.518,15.512,60.999,19.236,32937,5545,200.0,0,0,88.5
1265,reliability_dynamic_mobilenetv2,stable,features_16,1775838024734.646,1775838024822.155,87.509,17.004,69.505,24.504,32937,5545,200.0,0,0,85.4
1266,reliability_dynamic_mobilenetv2,stable,features_16,1775838024825.160,1775838024914.667,89.507,19.996,68.512,22.027,32937,5545,200.0,0,0,87.4
1267,reliability_dynamic_mobilenetv2,stable,features_16,1775838024918.667,1775838024998.177,79.510,15.004,63.742,19.292,32937,5545,200.0,0,0,89.4
1268,reliability_dynamic_mobilenetv2,stable,features_16,1775838025001.176,1775838025075.688,74.512,13.002,59.512,18.075,32937,5545,200.0,0,0,80.0
1269,reliability_dynamic_mobilenetv2,stable,features_16,1775838025078.688,1775838025189.200,110.512,14.001,95.511,20.208,32937,5545,200.0,0,0,82.9
1270,reliability_dynamic_mobilenetv2,stable,features_16,1775838025195.200,1775838025312.720,117.521,30.000,87.521,20.505,32937,5545,200.0,0,0,96.3
1271,reliability_dynamic_mobilenetv2,stable,features_16,1775838025317.721,1775838025404.238,86.518,21.002,64.516,21.205,32937,5545,200.0,0,0,100.0
1272,reliability_dynamic_mobilenetv2,stable,features_16,1775838025409.238,1775838025530.439,121.202,38.685,80.510,24.248,32937,5545,200.0,0,0,100.0
1273,reliability_dynamic_mobilenetv2,stable,features_16,1775838025534.439,1775838025620.957,86.518,22.007,64.510,20.081,32937,5545,200.0,0,0,95.8
1274,reliability_dynamic_mobilenetv2,stable,features_16,1775838025624.958,1775838025712.660,87.701,18.999,68.703,21.445,32937,5545,200.0,0,0,98.0
1275,reliability_dynamic_mobilenetv2,stable,features_16,1775838025716.658,1775838025805.174,88.516,21.001,66.515,20.817,32937,5545,200.0,0,0,93.0
1276,reliability_dynamic_mobilenetv2,stable,features_16,1775838025812.174,1775838025911.689,99.515,17.000,81.515,35.755,32937,5545,200.0,0,0,91.7
1277,reliability_dynamic_mobilenetv2,stable,features_16,1775838025917.689,1775838026014.207,96.518,29.000,65.514,19.963,32937,5545,200.0,0,0,100.0
1278,reliability_dynamic_mobilenetv2,stable,features_16,1775838026019.209,1775838026127.734,108.525,26.999,80.524,21.385,32937,5545,200.0,0,0,96.6
1279,reliability_dynamic_mobilenetv2,stable,features_16,1775838026131.735,1775838026282.768,151.033,29.008,121.025,31.158,32937,5545,200.0,0,0,97.6
1280,reliability_dynamic_mobilenetv2,stable,features_16,1775838026287.768,1775838026383.286,95.518,27.002,67.517,21.102,32937,5545,200.0,0,0,97.5
1281,reliability_dynamic_mobilenetv2,stable,features_16,1775838026388.286,1775838026485.555,97.269,30.001,65.266,21.161,32937,5545,200.0,0,0,98.0
1282,reliability_dynamic_mobilenetv2,stable,features_16,1775838026490.555,1775838026586.073,95.519,33.999,61.520,18.903,32937,5545,200.0,0,0,100.0
1283,reliability_dynamic_mobilenetv2,stable,features_16,1775838026591.073,1775838026689.588,98.516,32.001,64.516,20.616,32937,5545,200.0,0,0,100.0
1284,reliability_dynamic_mobilenetv2,stable,features_16,1775838026693.589,1775838026792.674,99.085,30.000,67.085,21.203,32937,5545,200.0,0,0,99.2
1285,reliability_dynamic_mobilenetv2,stable,features_16,1775838026796.674,1775838026889.864,93.190,29.000,62.190,19.816,32937,5545,200.0,0,0,98.0
1286,reliability_dynamic_mobilenetv2,stable,features_16,1775838026894.864,1775838026992.934,98.070,33.000,63.071,19.287,32937,5545,200.0,0,0,97.5
1287,reliability_dynamic_mobilenetv2,stable,features_16,1775838026997.934,1775838027092.444,94.510,26.002,66.508,21.799,32937,5545,200.0,0,0,91.8
1288,reliability_dynamic_mobilenetv2,stable,features_16,1775838027096.444,1775838027191.957,95.513,19.003,76.510,26.823,32937,5545,200.0,0,0,87.5
1289,reliability_dynamic_mobilenetv2,stable,features_16,1775838027195.958,1775838027276.474,80.516,19.001,61.515,18.962,32937,5545,200.0,0,0,95.8
1290,reliability_dynamic_mobilenetv2,stable,features_16,1775838027280.473,1775838027365.985,85.512,22.001,62.511,19.864,32937,5545,200.0,0,0,94.0
1291,reliability_dynamic_mobilenetv2,stable,features_16,1775838027369.985,1775838027466.498,96.513,26.000,68.514,22.128,32937,5545,200.0,0,0,93.0
1292,reliability_dynamic_mobilenetv2,stable,features_16,1775838027470.498,1775838027556.503,86.005,17.001,67.005,21.557,32937,5545,200.0,0,0,98.0
1293,reliability_dynamic_mobilenetv2,stable,features_16,1775838027560.505,1775838027686.525,126.020,60.511,64.510,20.833,32937,5545,200.0,0,0,96.9
1294,reliability_dynamic_mobilenetv2,stable,features_16,1775838027690.525,1775838027774.156,83.631,20.000,62.630,19.722,32937,5545,200.0,0,0,96.0
1295,reliability_dynamic_mobilenetv2,stable,features_16,1775838027778.156,1775838027856.160,78.004,14.000,63.005,20.036,32937,5545,200.0,0,0,86.2
1296,reliability_dynamic_mobilenetv2,stable,features_16,1775838027860.162,1775838027955.676,95.514,16.511,78.002,19.339,32937,5545,200.0,0,0,89.7
1297,reliability_dynamic_mobilenetv2,stable,features_16,1775838027958.676,1775838028045.192,86.516,17.516,68.000,20.804,32937,5545,200.0,0,0,92.9
1298,reliability_dynamic_mobilenetv2,stable,features_16,1775838028049.196,1775838028129.704,80.507,11.999,67.508,21.873,32937,5545,200.0,0,0,87.5
1299,reliability_dynamic_mobilenetv2,stable,features_16,1775838028133.704,1775838028217.223,83.519,13.001,69.518,27.804,32937,5545,200.0,0,0,83.3
1300,reliability_dynamic_mobilenetv2,stable,features_16,1775838028220.223,1775838028300.741,80.518,16.000,63.517,19.551,32937,5545,200.0,0,0,91.5
1301,reliability_dynamic_mobilenetv2,stable,features_16,1775838028304.743,1775838028387.255,82.511,15.997,64.513,20.752,32937,5545,200.0,0,0,85.4
1302,reliability_dynamic_mobilenetv2,stable,features_16,1775838028391.255,1775838028476.768,85.513,16.000,68.513,22.119,32937,5545,200.0,0,0,84.5
1303,reliability_dynamic_mobilenetv2,stable,features_16,1775838028480.768,1775838028560.772,80.004,15.001,64.004,19.275,32937,5545,200.0,0,0,88.9
1304,reliability_dynamic_mobilenetv2,stable,features_16,1775838028564.284,1775838028648.283,83.998,19.999,62.000,19.552,32937,5545,200.0,0,0,86.2
1305,reliability_dynamic_mobilenetv2,stable,features_16,1775838028651.287,1775838028734.799,83.511,16.512,66.000,22.445,32937,5545,200.0,0,0,87.6
1306,reliability_dynamic_mobilenetv2,stable,features_16,1775838028737.799,1775838028829.316,91.517,21.010,69.507,24.654,32937,5545,200.0,0,0,87.6
1307,reliability_dynamic_mobilenetv2,stable,features_16,1775838028833.317,1775838028913.622,80.305,15.000,63.301,23.080,32937,5545,200.0,0,0,85.2
1308,reliability_dynamic_mobilenetv2,stable,features_16,1775838028917.623,1775838028999.137,81.514,18.999,61.514,19.318,32937,5545,200.0,0,0,90.6
1309,reliability_dynamic_mobilenetv2,stable,features_16,1775838029003.137,1775838029088.651,85.514,18.000,67.514,20.855,32937,5545,200.0,0,0,90.6
1310,reliability_dynamic_mobilenetv2,stable,features_16,1775838029092.651,1775838029186.167,93.516,17.000,75.518,27.396,32937,5545,200.0,0,0,87.6
1311,reliability_dynamic_mobilenetv2,stable,features_16,1775838029189.165,1775838029332.685,143.520,23.002,117.519,71.405,32937,5545,200.0,0,0,92.4
1312,reliability_dynamic_mobilenetv2,stable,features_16,1775838029337.686,1775838029426.923,89.237,21.007,67.229,21.355,32937,5545,200.0,0,0,96.9
1313,reliability_dynamic_mobilenetv2,stable,features_16,1775838029430.925,1775838029516.294,85.369,22.005,62.364,20.444,32937,5545,200.0,0,0,96.0
1314,reliability_dynamic_mobilenetv2,stable,features_16,1775838029519.295,1775838029607.809,88.514,22.001,63.511,20.272,32937,5545,200.0,0,0,96.9
1315,reliability_dynamic_mobilenetv2,stable,features_16,1775838029611.807,1775838029699.323,87.516,20.000,65.513,20.872,32937,5545,200.0,0,0,93.8
1316,reliability_dynamic_mobilenetv2,stable,features_16,1775838029704.323,1775838029804.838,100.515,29.998,68.518,21.394,32937,5545,200.0,0,0,98.3
1317,reliability_dynamic_mobilenetv2,stable,features_16,1775838029810.842,1775838029902.353,91.511,26.997,63.514,20.754,32937,5545,200.0,0,0,98.0
1318,reliability_dynamic_mobilenetv2,stable,features_16,1775838029907.355,1775838029999.871,92.516,27.999,63.516,20.883,32937,5545,200.0,0,0,99.0
1319,reliability_dynamic_mobilenetv2,stable,features_16,1775838030006.869,1775838030112.479,105.610,37.005,68.605,22.074,32937,5545,200.0,0,0,90.6
1320,reliability_dynamic_mobilenetv2,stable,features_16,1775838030116.484,1775838030203.990,87.507,15.996,70.510,21.001,32937,5545,200.0,0,0,90.1
1321,reliability_dynamic_mobilenetv2,stable,features_16,1775838030206.991,1775838030295.503,88.512,17.000,71.512,24.697,32937,5545,200.0,0,0,88.5
1322,reliability_dynamic_mobilenetv2,stable,features_16,1775838030299.504,1775838030398.015,98.512,17.000,81.512,21.430,32937,5545,200.0,0,0,85.6
1323,reliability_dynamic_mobilenetv2,stable,features_16,1775838030402.015,1775838030477.527,75.512,14.001,60.511,19.344,32937,5545,200.0,0,0,85.4
1324,reliability_dynamic_mobilenetv2,stable,features_16,1775838030481.527,1775838030562.532,81.005,16.001,65.004,20.252,32937,5545,200.0,0,0,83.8
1325,reliability_dynamic_mobilenetv2,stable,features_16,1775838030567.042,1775838030645.042,78.000,12.001,64.999,19.615,32937,5545,200.0,0,0,82.7
1326,reliability_dynamic_mobilenetv2,stable,features_16,1775838030648.042,1775838030727.557,79.514,16.510,63.005,19.111,32937,5545,200.0,0,0,86.5
1327,reliability_dynamic_mobilenetv2,stable,features_16,1775838030731.557,1775838030814.077,82.520,19.008,61.510,21.183,32937,5545,200.0,0,0,92.6
1328,reliability_dynamic_mobilenetv2,stable,features_16,1775838030818.076,1775838030895.588,77.512,17.002,60.510,18.843,32937,5545,200.0,0,0,84.0
1329,reliability_dynamic_mobilenetv2,stable,features_16,1775838030899.590,1775838030979.102,79.512,17.002,62.510,19.498,32937,5545,200.0,0,0,90.7
1330,reliability_dynamic_mobilenetv2,stable,features_16,1775838030984.103,1775838031078.624,94.521,20.999,72.520,23.689,32937,5545,200.0,0,0,90.7
1331,reliability_dynamic_mobilenetv2,stable,features_16,1775838031081.624,1775838031159.626,78.002,14.000,63.004,19.101,32937,5545,200.0,0,0,88.0
1332,reliability_dynamic_mobilenetv2,stable,features_16,1775838031162.626,1775838031250.140,87.514,21.511,65.001,20.055,32937,5545,200.0,0,0,96.9
1333,reliability_dynamic_mobilenetv2,stable,features_16,1775838031256.140,1775838031341.053,84.913,21.516,62.396,19.257,32937,5545,200.0,0,0,93.8
1334,reliability_dynamic_mobilenetv2,stable,features_16,1775838031345.056,1775838031426.570,81.514,13.004,66.510,20.542,32937,5545,200.0,0,0,90.4
1335,reliability_dynamic_mobilenetv2,stable,features_16,1775838031430.571,1775838031516.084,85.513,17.001,67.513,21.623,32937,5545,200.0,0,0,89.6
1336,reliability_dynamic_mobilenetv2,stable,features_16,1775838031520.084,1775838031597.451,77.367,14.999,61.367,19.000,32937,5545,200.0,0,0,83.8
1337,reliability_dynamic_mobilenetv2,stable,features_16,1775838031600.450,1775838031680.965,80.515,15.001,64.515,20.700,32937,5545,200.0,0,0,86.5
1338,reliability_dynamic_mobilenetv2,stable,features_16,1775838031684.965,1775838031769.476,84.511,18.000,65.510,20.741,32937,5545,200.0,0,0,81.2
1339,reliability_dynamic_mobilenetv2,stable,features_16,1775838031772.476,1775838031852.481,80.005,15.000,65.005,21.884,32937,5545,200.0,0,0,92.1
1340,reliability_dynamic_mobilenetv2,stable,features_16,1775838031856.481,1775838031939.995,83.514,19.514,62.999,19.928,32937,5545,200.0,0,0,97.5
1341,reliability_dynamic_mobilenetv2,stable,features_16,1775838031943.994,1775838032027.506,83.513,20.509,62.004,20.197,32937,5545,200.0,0,0,88.7
1342,reliability_dynamic_mobilenetv2,stable,features_16,1775838032030.509,1775838032116.023,85.513,16.999,66.516,21.419,32937,5545,200.0,0,0,88.8
1343,reliability_dynamic_mobilenetv2,stable,features_16,1775838032119.022,1775838032204.303,85.281,18.999,66.283,21.642,32937,5545,200.0,0,0,87.9
1344,reliability_dynamic_mobilenetv2,stable,features_16,1775838032208.303,1775838032295.034,86.731,17.003,67.729,21.345,32937,5545,200.0,0,0,86.4
1345,reliability_dynamic_mobilenetv2,stable,features_16,1775838032299.033,1775838032400.551,101.518,13.002,86.512,21.133,32937,5545,200.0,0,0,89.5
1346,reliability_dynamic_mobilenetv2,stable,features_16,1775838032403.547,1775838032481.060,77.513,14.003,62.510,19.388,32937,5545,200.0,0,0,82.7
1347,reliability_dynamic_mobilenetv2,stable,features_16,1775838032484.061,1775838032583.587,99.526,16.001,83.525,19.101,32937,5545,200.0,0,0,79.2
1348,reliability_dynamic_mobilenetv2,stable,features_16,1775838032587.586,1775838032668.099,80.512,11.005,68.510,23.702,32937,5545,200.0,0,0,82.5
1349,reliability_dynamic_mobilenetv2,stable,features_16,1775838032672.101,1775838032753.100,80.999,12.997,67.001,23.181,32937,5545,200.0,0,0,78.8
1350,reliability_dynamic_mobilenetv2,stable,features_16,1775838032757.101,1775838032831.613,74.511,10.511,62.998,21.592,32937,5545,200.0,0,0,75.0
1351,reliability_dynamic_mobilenetv2,stable,features_16,1775838032835.611,1775838032916.120,80.510,17.004,62.505,18.822,32937,5545,200.0,0,0,81.6
1352,reliability_dynamic_mobilenetv2,stable,features_16,1775838032919.122,1775838032999.630,80.508,12.003,68.505,21.221,32937,5545,200.0,0,0,81.2
1353,reliability_dynamic_mobilenetv2,stable,features_16,1775838033003.629,1775838033082.142,78.513,12.001,64.505,20.133,32937,5545,200.0,0,0,82.5
1354,reliability_dynamic_mobilenetv2,stable,features_16,1775838033085.144,1775838033166.655,81.511,16.995,62.510,19.532,32937,5545,200.0,0,0,76.0
1355,reliability_dynamic_mobilenetv2,stable,features_16,1775838033171.655,1775838033250.659,79.004,14.001,65.002,18.967,32937,5545,200.0,0,0,85.2
1356,reliability_dynamic_mobilenetv2,stable,features_16,1775838033254.660,1775838033336.170,81.510,13.510,68.000,21.250,32937,5545,200.0,0,0,84.5
1357,reliability_dynamic_mobilenetv2,stable,features_16,1775838033340.169,1775838033419.683,79.514,11.006,67.507,20.518,32937,5545,200.0,0,0,82.5
1358,reliability_dynamic_mobilenetv2,stable,features_16,1775838033422.684,1775838033523.195,100.510,12.999,85.512,20.565,32937,5545,200.0,0,0,83.8
1359,reliability_dynamic_mobilenetv2,stable,features_16,1775838033526.194,1775838033618.710,92.516,14.000,76.516,21.651,32937,5545,200.0,0,0,88.5
1360,reliability_dynamic_mobilenetv2,stable,features_16,1775838033622.710,1775838033706.221,83.511,20.001,62.510,20.142,32937,5545,200.0,0,0,96.2
1361,reliability_dynamic_mobilenetv2,stable,features_16,1775838033710.224,1775838033789.730,79.507,17.000,62.507,20.109,32937,5545,200.0,0,0,91.7
1362,reliability_dynamic_mobilenetv2,stable,features_16,1775838033793.730,1775838033887.242,93.512,17.001,74.510,29.791,32937,5545,200.0,0,0,89.6
1363,reliability_dynamic_mobilenetv2,stable,features_16,1775838033890.243,1775838033983.753,93.510,21.001,72.510,25.448,32937,5545,200.0,0,0,90.6
1364,reliability_dynamic_mobilenetv2,stable,features_16,1775838033987.754,1775838034060.759,73.005,10.000,61.005,19.346,32937,5545,200.0,0,0,82.5
1365,reliability_dynamic_mobilenetv2,stable,features_16,1775838034063.759,1775838034139.268,75.509,12.509,61.000,18.583,32937,5545,200.0,0,0,86.2
1366,reliability_dynamic_mobilenetv2,stable,features_16,1775838034142.270,1775838034235.785,93.515,13.005,79.510,20.659,32937,5545,200.0,0,0,88.5
1367,reliability_dynamic_mobilenetv2,stable,features_16,1775838034239.784,1775838034335.297,95.513,21.005,73.509,28.036,32937,5545,200.0,0,0,90.8
1368,reliability_dynamic_mobilenetv2,stable,features_16,1775838034339.299,1775838034418.810,79.511,14.002,64.508,18.627,32937,5545,200.0,0,0,88.0
1369,reliability_dynamic_mobilenetv2,stable,features_16,1775838034422.809,1775838034520.323,97.514,16.001,80.512,18.567,32937,5545,200.0,0,0,80.2
1370,reliability_dynamic_mobilenetv2,stable,features_16,1775838034524.323,1775838034600.832,76.510,10.003,65.505,19.315,32937,5545,200.0,0,0,81.2
1371,reliability_dynamic_mobilenetv2,stable,features_16,1775838034604.838,1775838034683.343,78.505,12.996,64.509,20.077,32937,5545,200.0,0,0,82.3
1372,reliability_dynamic_mobilenetv2,stable,features_16,1775838034686.348,1775838034784.854,98.506,11.998,84.510,19.629,32937,5545,200.0,0,0,76.0
1373,reliability_dynamic_mobilenetv2,stable,features_16,1775838034788.853,1775838034862.855,74.002,11.000,61.002,20.418,32937,5545,200.0,0,0,75.0
1374,reliability_dynamic_mobilenetv2,stable,features_16,1775838034865.365,1775838034944.370,79.005,14.004,65.001,19.976,32937,5545,200.0,0,0,83.8
1375,reliability_dynamic_mobilenetv2,stable,features_16,1775838034948.369,1775838035102.391,154.021,19.513,132.507,86.654,32937,5545,200.0,0,0,77.8
1376,reliability_dynamic_mobilenetv2,stable,features_16,1775838035106.391,1775838035201.904,95.513,12.000,82.514,20.276,32937,5545,200.0,0,0,82.5
1377,reliability_dynamic_mobilenetv2,stable,features_16,1775838035206.903,1775838035289.413,82.510,11.001,69.509,20.686,32937,5545,200.0,0,0,84.3
1378,reliability_dynamic_mobilenetv2,stable,features_16,1775838035292.414,1775838035367.925,75.511,14.000,59.511,18.437,32937,5545,200.0,0,0,89.9
1379,reliability_dynamic_mobilenetv2,stable,features_16,1775838035370.926,1775838035450.929,80.003,17.000,62.003,19.298,32937,5545,200.0,0,0,93.8
1380,reliability_dynamic_mobilenetv2,stable,features_16,1775838035455.929,1775838035539.438,83.509,17.508,66.001,20.604,32937,5545,200.0,0,0,90.6
1381,reliability_dynamic_mobilenetv2,stable,features_16,1775838035544.437,1775838035622.950,78.513,13.006,63.508,20.166,32937,5545,200.0,0,0,97.6
1382,reliability_dynamic_mobilenetv2,stable,features_16,1775838035625.951,1775838035705.466,79.515,15.001,64.514,21.941,32937,5545,200.0,0,0,93.8
1383,reliability_dynamic_mobilenetv2,stable,features_16,1775838035709.467,1775838035784.978,75.511,12.003,62.508,20.584,32937,5545,200.0,0,0,95.2
1384,reliability_dynamic_mobilenetv2,stable,features_16,1775838035788.978,1775838035870.489,81.511,15.001,65.510,20.298,32937,5545,200.0,0,0,93.8
1385,reliability_dynamic_mobilenetv2,stable,features_16,1775838035873.496,1775838035952.494,78.998,10.995,66.003,20.487,32937,5545,200.0,0,0,90.1
1386,reliability_dynamic_mobilenetv2,stable,features_16,1775838035956.493,1775838036041.006,84.513,19.514,64.998,19.670,32937,5545,200.0,0,0,92.8
1387,reliability_dynamic_mobilenetv2,stable,features_16,1775838036046.005,1775838036127.042,81.036,19.007,60.999,18.647,32937,5545,200.0,0,0,81.2
1388,reliability_dynamic_mobilenetv2,stable,features_16,1775838036131.042,1775838036219.553,88.511,18.999,67.506,20.785,32937,5545,200.0,0,0,85.4
1389,reliability_dynamic_mobilenetv2,stable,features_16,1775838036222.555,1775838036305.067,82.512,17.000,64.513,20.245,32937,5545,200.0,0,0,89.6
1390,reliability_dynamic_mobilenetv2,stable,features_16,1775838036309.070,1775838036399.586,90.516,29.000,60.517,18.659,32937,5545,200.0,0,0,93.2
1391,reliability_dynamic_mobilenetv2,stable,features_16,1775838036403.585,1775838036491.100,87.515,16.000,71.515,20.463,32937,5545,200.0,0,0,91.2
1392,reliability_dynamic_mobilenetv2,stable,features_16,1775838036495.100,1775838036576.615,81.515,20.000,59.514,18.326,32937,5545,200.0,0,0,90.8
1393,reliability_dynamic_mobilenetv2,stable,features_16,1775838036581.617,1775838036691.131,109.514,21.998,85.516,19.162,32937,5545,200.0,0,0,87.7
1394,reliability_dynamic_mobilenetv2,stable,features_16,1775838036695.131,1775838036781.387,86.256,20.000,65.257,19.982,32937,5545,200.0,0,0,92.8
1395,reliability_dynamic_mobilenetv2,stable,features_16,1775838036785.387,1775838036876.906,91.518,24.000,65.520,21.412,32937,5545,200.0,0,0,95.9
1396,reliability_dynamic_mobilenetv2,stable,features_16,1775838036880.905,1775838036960.911,80.006,15.000,64.006,21.130,32937,5545,200.0,0,0,87.8
1397,reliability_dynamic_mobilenetv2,stable,features_16,1775838036965.417,1775838037050.422,85.005,20.006,64.999,19.147,32937,5545,200.0,0,0,90.1
1398,reliability_dynamic_mobilenetv2,stable,features_16,1775838037054.426,1775838037141.934,87.508,18.511,68.996,22.657,32937,5545,200.0,0,0,88.8
1399,reliability_dynamic_mobilenetv2,stable,features_16,1775838037146.935,1775838037238.452,91.517,19.515,72.001,20.900,32937,5545,200.0,0,0,96.0
1400,reliability_dynamic_mobilenetv2,stable,features_16,1775838037243.452,1775838037344.974,101.522,27.521,72.999,30.651,32937,5545,200.0,0,0,88.5
1401,reliability_dynamic_mobilenetv2,stable,features_16,1775838037347.974,1775838037423.487,75.512,13.006,61.507,19.110,32937,5545,200.0,0,0,80.2
1402,reliability_dynamic_mobilenetv2,stable,features_16,1775838037427.486,1775838037508.997,81.511,12.001,69.510,21.733,32937,5545,200.0,0,0,76.5
1403,reliability_dynamic_mobilenetv2,stable,features_16,1775838037512.997,1775838037597.507,84.510,17.001,66.509,20.144,32937,5545,200.0,0,0,79.0
1404,reliability_dynamic_mobilenetv2,stable,features_16,1775838037600.508,1775838037677.016,76.508,15.002,61.505,18.291,32937,5545,200.0,0,0,78.8
1405,reliability_dynamic_mobilenetv2,stable,features_16,1775838037680.016,1775838037758.022,78.006,12.001,63.002,20.498,32937,5545,200.0,0,0,76.2
1406,reliability_dynamic_mobilenetv2,stable,features_16,1775838037761.020,1775838037841.531,80.511,11.511,67.000,23.001,32937,5545,200.0,0,0,78.6
1407,reliability_dynamic_mobilenetv2,stable,features_16,1775838037845.531,1775838037923.052,77.521,11.011,64.511,20.052,32937,5545,200.0,0,0,82.5
1408,reliability_dynamic_mobilenetv2,stable,features_16,1775838037926.052,1775838038005.563,79.512,17.001,62.511,19.251,32937,5545,200.0,0,0,85.2
1409,reliability_dynamic_mobilenetv2,stable,features_16,1775838038010.563,1775838038091.078,80.515,12.001,67.514,24.896,32937,5545,200.0,0,0,77.1
1410,reliability_dynamic_mobilenetv2,stable,features_16,1775838038095.077,1775838038184.590,89.513,13.000,75.513,20.442,32937,5545,200.0,0,0,79.2
1411,reliability_dynamic_mobilenetv2,stable,features_16,1775838038188.099,1775838038276.611,88.512,13.002,75.509,29.829,32937,5545,200.0,0,0,86.5
1412,reliability_dynamic_mobilenetv2,stable,features_16,1775838038280.611,1775838038360.616,80.005,15.000,63.005,19.966,32937,5545,200.0,0,0,88.9
1413,reliability_dynamic_mobilenetv2,stable,features_16,1775838038364.616,1775838038446.127,81.511,18.514,62.997,19.901,32937,5545,200.0,0,0,96.0
1414,reliability_dynamic_mobilenetv2,stable,features_16,1775838038450.126,1775838038533.642,83.515,18.517,64.000,20.314,32937,5545,200.0,0,0,91.2
1415,reliability_dynamic_mobilenetv2,stable,features_16,1775838038537.641,1775838038618.851,81.210,13.004,68.206,21.443,32937,5545,200.0,0,0,83.3
1416,reliability_dynamic_mobilenetv2,stable,features_16,1775838038622.851,1775838038701.364,78.513,15.001,62.509,19.920,32937,5545,200.0,0,0,82.5
1417,reliability_dynamic_mobilenetv2,stable,features_16,1775838038704.361,1775838038784.870,80.509,18.000,62.509,19.435,32937,5545,200.0,0,0,86.2
1418,reliability_dynamic_mobilenetv2,stable,features_16,1775838038788.870,1775838038868.380,79.510,13.004,66.506,20.937,32937,5545,200.0,0,0,86.5
1419,reliability_dynamic_mobilenetv2,stable,features_16,1775838038872.382,1775838038951.385,79.003,15.004,62.995,20.186,32937,5545,200.0,0,0,93.8
1420,reliability_dynamic_mobilenetv2,stable,features_16,1775838038956.385,1775838039040.894,84.509,20.510,61.994,19.500,32937,5545,200.0,0,0,91.0
1421,reliability_dynamic_mobilenetv2,stable,features_16,1775838039043.896,1775838039126.409,82.513,17.005,64.507,21.981,32937,5545,200.0,0,0,81.5
1422,reliability_dynamic_mobilenetv2,stable,features_16,1775838039129.409,1775838039209.918,80.509,12.000,68.508,21.710,32937,5545,200.0,0,0,77.5
1423,reliability_dynamic_mobilenetv2,stable,features_16,1775838039212.917,1775838039292.431,79.514,12.001,65.512,21.113,32937,5545,200.0,0,0,78.9
1424,reliability_dynamic_mobilenetv2,stable,features_16,1775838039295.432,1775838039382.943,87.511,15.002,71.509,23.682,32937,5545,200.0,0,0,79.8
1425,reliability_dynamic_mobilenetv2,stable,features_16,1775838039385.945,1775838039463.947,78.002,11.000,65.003,20.633,32937,5545,200.0,0,0,79.5
1426,reliability_dynamic_mobilenetv2,stable,features_16,1775838039467.457,1775838039544.458,77.000,10.000,67.001,20.065,32937,5545,200.0,0,0,86.4
1427,reliability_dynamic_mobilenetv2,stable,features_16,1775838039548.456,1775838039623.967,75.511,13.005,61.510,19.393,32937,5545,200.0,0,0,87.5
1428,reliability_dynamic_mobilenetv2,stable,features_16,1775838039627.967,1775838039711.479,83.512,16.003,65.509,20.885,32937,5545,200.0,0,0,93.8
1429,reliability_dynamic_mobilenetv2,stable,features_16,1775838039715.479,1775838039801.995,86.516,20.000,64.516,19.918,32937,5545,200.0,0,0,84.1
1430,reliability_dynamic_mobilenetv2,stable,features_16,1775838039804.995,1775838039901.515,96.520,15.002,81.518,19.993,32937,5545,200.0,0,0,84.2
1431,reliability_dynamic_mobilenetv2,stable,features_16,1775838039904.519,1775838039996.030,91.511,17.998,70.514,19.227,32937,5545,200.0,0,0,90.8
1432,reliability_dynamic_mobilenetv2,stable,features_16,1775838040000.028,1775838040090.538,90.510,16.001,73.509,20.874,32937,5545,200.0,0,0,82.5
1433,reliability_dynamic_mobilenetv2,stable,features_16,1775838040097.539,1775838040213.059,115.520,40.999,72.517,20.497,32937,5545,200.0,0,0,86.8
1434,reliability_dynamic_mobilenetv2,stable,features_16,1775838040251.059,1775838040381.577,130.518,58.513,71.004,18.192,32937,5545,200.0,0,0,84.6
1435,reliability_dynamic_mobilenetv2,stable,features_16,1775838040414.576,1775838040499.092,84.516,20.001,62.516,18.486,32937,5545,200.0,0,0,94.6
1436,reliability_dynamic_mobilenetv2,stable,features_16,1775838040503.092,1775838040592.604,89.512,20.000,68.759,20.206,32937,5545,200.0,0,0,97.0
1437,reliability_dynamic_mobilenetv2,stable,features_16,1775838040598.603,1775838040698.119,99.516,21.000,78.515,19.457,32937,5545,200.0,0,0,90.4
1438,reliability_dynamic_mobilenetv2,stable,features_16,1775838040703.122,1775838040844.951,141.828,18.996,121.832,68.883,32937,5545,200.0,0,0,95.9
1439,reliability_dynamic_mobilenetv2,stable,features_16,1775838040848.951,1775838040938.467,89.516,27.516,61.000,19.245,32937,5545,200.0,0,0,100.0
1440,reliability_dynamic_mobilenetv2,stable,features_16,1775838040943.467,1775838041035.986,92.519,27.520,63.000,18.940,32937,5545,200.0,0,0,100.0
1441,reliability_dynamic_mobilenetv2,stable,features_16,1775838041039.987,1775838041122.500,82.513,22.004,58.509,18.234,32937,5545,200.0,0,0,93.8
1442,reliability_dynamic_mobilenetv2,stable,features_16,1775838041125.500,1775838041213.015,87.515,19.001,66.516,21.350,32937,5545,200.0,0,0,93.9
1443,reliability_dynamic_mobilenetv2,stable,features_16,1775838041216.019,1775838041301.527,85.508,16.001,66.511,21.127,32937,5545,200.0,0,0,97.6
1444,reliability_dynamic_mobilenetv2,stable,features_16,1775838041305.528,1775838041388.046,82.518,20.000,61.519,18.264,32937,5545,200.0,0,0,94.8
1445,reliability_dynamic_mobilenetv2,stable,features_16,1775838041393.047,1775838041479.562,86.515,23.000,62.515,19.643,32937,5545,200.0,0,0,96.2
1446,reliability_dynamic_mobilenetv2,stable,features_16,1775838041483.562,1775838041572.076,88.514,21.000,66.514,20.206,32937,5545,200.0,0,0,95.0
1447,reliability_dynamic_mobilenetv2,stable,features_16,1775838041576.075,1775838041659.083,83.008,15.001,66.007,22.275,32937,5545,200.0,0,0,90.0
1448,reliability_dynamic_mobilenetv2,stable,features_16,1775838041663.083,1775838041741.179,78.096,15.094,62.277,18.576,32937,5545,200.0,0,0,81.5
1449,reliability_dynamic_mobilenetv2,stable,features_16,1775838041744.180,1775838041824.692,80.512,18.002,62.510,18.867,32937,5545,200.0,0,0,83.7
1450,reliability_dynamic_mobilenetv2,stable,features_16,1775838041829.693,1775838041915.204,85.511,18.000,65.511,21.212,32937,5545,200.0,0,0,92.7
1451,reliability_dynamic_mobilenetv2,stable,features_16,1775838041919.204,1775838042010.715,91.510,22.000,69.510,22.593,32937,5545,200.0,0,0,96.0
1452,reliability_dynamic_mobilenetv2,stable,features_16,1775838042014.719,1775838042098.229,83.510,18.997,63.514,19.267,32937,5545,200.0,0,0,85.5
1453,reliability_dynamic_mobilenetv2,stable,features_16,1775838042102.229,1775838042183.276,81.047,19.001,62.046,18.844,32937,5545,200.0,0,0,86.7
1454,reliability_dynamic_mobilenetv2,stable,features_16,1775838042187.276,1775838042270.310,83.034,15.000,68.035,20.794,32937,5545,200.0,0,0,89.0
1455,reliability_dynamic_mobilenetv2,stable,features_16,1775838042274.311,1775838042361.315,87.004,17.000,69.003,21.634,32937,5545,200.0,0,0,91.7
1456,reliability_dynamic_mobilenetv2,stable,features_16,1775838042364.313,1775838042449.826,85.512,16.514,68.999,22.153,32937,5545,200.0,0,0,94.8
1457,reliability_dynamic_mobilenetv2,stable,features_16,1775838042453.831,1775838042533.343,79.512,12.000,66.512,19.909,32937,5545,200.0,0,0,90.1
1458,reliability_dynamic_mobilenetv2,stable,features_16,1775838042537.851,1775838042616.871,79.020,17.512,61.508,18.764,32937,5545,200.0,0,0,90.2
1459,reliability_dynamic_mobilenetv2,stable,features_16,1775838042620.870,1775838042697.381,76.511,14.001,60.511,17.957,32937,5545,200.0,0,0,89.5
1460,reliability_dynamic_mobilenetv2,stable,features_16,1775838042701.381,1775838042788.895,87.514,17.002,69.512,21.482,32937,5545,200.0,0,0,86.7
1461,reliability_dynamic_mobilenetv2,stable,features_16,1775838042792.897,1775838042876.407,83.510,15.999,66.510,20.813,32937,5545,200.0,0,0,82.5
1462,reliability_dynamic_mobilenetv2,stable,features_16,1775838042880.407,1775838042973.918,93.511,20.000,71.511,29.888,32937,5545,200.0,0,0,91.7
1463,reliability_dynamic_mobilenetv2,stable,features_16,1775838042977.917,1775838043062.923,85.006,21.000,64.006,20.627,32937,5545,200.0,0,0,90.6
1464,reliability_dynamic_mobilenetv2,stable,features_16,1775838043067.428,1775838043154.436,87.008,19.006,67.003,21.103,32937,5545,200.0,0,0,91.8
1465,reliability_dynamic_mobilenetv2,stable,features_16,1775838043159.437,1775838043243.949,84.512,18.512,66.000,21.049,32937,5545,200.0,0,0,90.7
1466,reliability_dynamic_mobilenetv2,stable,features_16,1775838043247.948,1775838043331.464,83.516,19.510,60.999,18.840,32937,5545,200.0,0,0,90.0
1467,reliability_dynamic_mobilenetv2,stable,features_16,1775838043335.464,1775838043419.978,84.514,21.006,61.507,18.780,32937,5545,200.0,0,0,89.6
1468,reliability_dynamic_mobilenetv2,stable,features_16,1775838043423.976,1775838043518.155,94.178,19.001,72.177,19.697,32937,5545,200.0,0,0,90.6
1469,reliability_dynamic_mobilenetv2,stable,features_16,1775838043522.154,1775838043606.668,84.514,19.000,65.514,20.246,32937,5545,200.0,0,0,92.7
1470,reliability_dynamic_mobilenetv2,stable,features_16,1775838043610.668,1775838043698.185,87.517,22.000,63.515,19.459,32937,5545,200.0,0,0,93.8
1471,reliability_dynamic_mobilenetv2,stable,features_16,1775838043703.184,1775838043795.875,92.691,22.000,68.693,22.270,32937,5545,200.0,0,0,96.9
1472,reliability_dynamic_mobilenetv2,stable,features_16,1775838043799.877,1775838043886.390,86.513,21.000,64.515,20.431,32937,5545,200.0,0,0,98.0
1473,reliability_dynamic_mobilenetv2,stable,features_16,1775838043890.390,1775838043976.897,86.507,20.001,65.506,21.891,32937,5545,200.0,0,0,96.9
1474,reliability_dynamic_mobilenetv2,stable,features_16,1775838043979.897,1775838044058.902,79.005,11.002,66.006,20.420,32937,5545,200.0,0,0,82.3
1475,reliability_dynamic_mobilenetv2,stable,features_16,1775838044062.902,1775838044142.414,79.512,12.512,66.000,20.787,32937,5545,200.0,0,0,81.5
1476,reliability_dynamic_mobilenetv2,stable,features_16,1775838044145.413,1775838044219.924,74.511,12.004,62.507,20.299,32937,5545,200.0,0,0,84.8
1477,reliability_dynamic_mobilenetv2,stable,features_16,1775838044223.926,1775838044299.434,75.509,12.000,62.510,18.690,32937,5545,200.0,0,0,79.3
1478,reliability_dynamic_mobilenetv2,stable,features_16,1775838044302.436,1775838044384.952,82.516,10.000,70.514,23.081,32937,5545,200.0,0,0,80.0
1479,reliability_dynamic_mobilenetv2,stable,features_16,1775838044387.951,1775838044478.465,90.514,14.998,75.516,20.937,32937,5545,200.0,0,0,75.0
1480,reliability_dynamic_mobilenetv2,stable,features_16,1775838044482.467,1775838044576.980,94.514,11.000,82.514,20.210,32937,5545,200.0,0,0,75.3
1481,reliability_dynamic_mobilenetv2,stable,features_16,1775838044580.980,1775838044653.984,73.004,12.000,60.003,18.913,32937,5545,200.0,0,0,78.8
1482,reliability_dynamic_mobilenetv2,stable,features_16,1775838044656.984,1775838044744.495,87.510,12.508,75.002,24.738,32937,5545,200.0,0,0,75.0
1483,reliability_dynamic_mobilenetv2,stable,features_16,1775838044748.491,1775838044828.697,80.206,10.008,69.197,24.308,32937,5545,200.0,0,0,87.5
1484,reliability_dynamic_mobilenetv2,stable,features_16,1775838044832.697,1775838044913.211,80.514,13.001,66.513,22.243,32937,5545,200.0,0,0,83.8
1485,reliability_dynamic_mobilenetv2,stable,features_16,1775838044916.215,1775838044990.725,74.510,11.997,60.512,19.166,32937,5545,200.0,0,0,85.0
1486,reliability_dynamic_mobilenetv2,stable,features_16,1775838044993.723,1775838045115.240,121.516,14.002,105.517,20.492,32937,5545,200.0,0,0,84.5
1487,reliability_dynamic_mobilenetv2,stable,features_16,1775838045118.240,1775838045223.751,105.511,16.000,89.511,20.978,32937,5545,200.0,0,0,83.9
1488,reliability_dynamic_mobilenetv2,stable,features_16,1775838045227.749,1775838045314.190,86.441,12.001,73.441,28.090,32937,5545,200.0,0,0,87.6
1489,reliability_dynamic_mobilenetv2,stable,features_16,1775838045318.189,1775838045397.699,79.509,12.000,67.509,21.125,32937,5545,200.0,0,0,87.5
1490,reliability_dynamic_mobilenetv2,stable,features_16,1775838045401.698,1775838045488.218,86.519,12.002,74.517,20.473,32937,5545,200.0,0,0,83.5
1491,reliability_dynamic_mobilenetv2,stable,features_16,1775838045492.216,1775838045564.220,72.004,10.001,61.002,18.638,32937,5545,200.0,0,0,83.8
1492,reliability_dynamic_mobilenetv2,stable,features_16,1775838045566.219,1775838045649.729,83.510,13.509,70.001,21.748,32937,5545,200.0,0,0,89.7
1493,reliability_dynamic_mobilenetv2,stable,features_16,1775838045663.734,1775838045765.250,101.516,35.512,66.004,20.627,32937,5545,200.0,0,0,91.2
1494,reliability_dynamic_mobilenetv2,stable,features_16,1775838045769.761,1775838045856.764,87.003,21.000,65.003,20.574,32937,5545,200.0,0,0,90.6
1495,reliability_dynamic_mobilenetv2,stable,features_16,1775838045861.765,1775838045947.273,85.509,15.509,70.000,19.436,32937,5545,200.0,0,0,90.0
1496,reliability_dynamic_mobilenetv2,stable,features_16,1775838045951.274,1775838046041.788,90.515,21.513,68.001,21.691,32937,5545,200.0,0,0,92.8
1497,reliability_dynamic_mobilenetv2,stable,features_16,1775838046045.789,1775838046143.300,97.510,13.004,84.507,20.593,32937,5545,200.0,0,0,87.5
1498,reliability_dynamic_mobilenetv2,stable,features_16,1775838046147.300,1775838046232.815,85.516,20.510,64.001,20.112,32937,5545,200.0,0,0,90.9
1499,reliability_dynamic_mobilenetv2,stable,features_16,1775838046237.816,1775838046311.952,74.135,12.999,59.137,18.320,32937,5545,200.0,0,0,91.2
1500,reliability_dynamic_mobilenetv2,stable,features_16,1775838046317.951,1775838046401.841,83.890,15.003,68.887,21.670,32937,5545,200.0,0,0,92.7
1501,reliability_dynamic_mobilenetv2,stable,features_16,1775838046406.842,1775838046494.353,87.511,20.001,67.510,21.334,32937,5545,200.0,0,0,90.6
1502,reliability_dynamic_mobilenetv2,stable,features_16,1775838046498.352,1775838046631.861,133.509,19.000,112.511,19.736,32937,5545,200.0,0,0,88.9
1503,reliability_dynamic_mobilenetv2,stable,features_16,1775838046636.861,1775838046720.017,83.156,18.005,63.149,19.311,32937,5545,200.0,0,0,88.9
1504,reliability_dynamic_mobilenetv2,stable,features_16,1775838046724.016,1775838046812.530,88.514,23.001,64.512,20.708,32937,5545,200.0,0,0,94.1
1505,reliability_dynamic_mobilenetv2,stable,features_16,1775838046819.530,1775838046905.038,85.509,20.000,63.510,20.552,32937,5545,200.0,0,0,78.1
1506,reliability_dynamic_mobilenetv2,stable,features_16,1775838046909.038,1775838046992.548,83.510,14.002,68.509,22.844,32937,5545,200.0,0,0,84.7
1507,reliability_dynamic_mobilenetv2,stable,features_16,1775838046997.549,1775838047086.060,88.511,18.999,68.511,22.901,32937,5545,200.0,0,0,85.4
1508,reliability_dynamic_mobilenetv2,stable,features_16,1775838047089.060,1775838047164.064,75.004,13.003,62.001,19.769,32937,5545,200.0,0,0,87.0
1509,reliability_dynamic_mobilenetv2,stable,features_16,1775838047201.571,1775838047278.080,76.509,14.000,61.510,19.815,32937,5545,200.0,0,0,82.4
1510,reliability_dynamic_mobilenetv2,stable,features_16,1775838047282.080,1775838047365.085,83.005,18.001,64.004,20.050,32937,5545,200.0,0,0,91.5
1511,reliability_dynamic_mobilenetv2,stable,features_16,1775838047369.221,1775838047449.219,79.997,11.998,67.999,22.557,32937,5545,200.0,0,0,82.3
1512,reliability_dynamic_mobilenetv2,stable,features_16,1775838047453.218,1775838047528.733,75.515,13.007,62.508,19.270,32937,5545,200.0,0,0,78.8
1513,reliability_dynamic_mobilenetv2,stable,features_16,1775838047532.733,1775838047631.245,98.512,12.999,84.514,19.482,32937,5545,200.0,0,0,80.4
1514,reliability_dynamic_mobilenetv2,stable,features_16,1775838047635.247,1775838047715.754,80.508,15.997,64.510,20.217,32937,5545,200.0,0,0,81.2
1515,reliability_dynamic_mobilenetv2,stable,features_16,1775838047718.758,1775838047798.268,79.509,14.998,64.511,20.324,32937,5545,200.0,0,0,81.2
1516,reliability_dynamic_mobilenetv2,stable,features_16,1775838047803.268,1775838047881.778,78.510,13.000,64.510,21.159,32937,5545,200.0,0,0,85.0
1517,reliability_dynamic_mobilenetv2,stable,features_16,1775838047885.778,1775838047968.284,82.506,20.002,61.506,19.436,32937,5545,200.0,0,0,94.9
1518,reliability_dynamic_mobilenetv2,stable,features_16,1775838047973.289,1775838048059.294,86.005,19.000,67.005,20.614,32937,5545,200.0,0,0,84.5
1519,reliability_dynamic_mobilenetv2,stable,features_16,1775838048063.294,1775838048141.805,78.512,11.513,65.998,20.625,32937,5545,200.0,0,0,89.0
1520,reliability_dynamic_mobilenetv2,stable,features_16,1775838048147.805,1775838048232.320,84.515,19.005,64.004,20.847,32937,5545,200.0,0,0,82.7
1521,reliability_dynamic_mobilenetv2,stable,features_16,1775838048236.320,1775838048318.831,82.510,14.000,67.510,22.477,32937,5545,200.0,0,0,83.1
1522,reliability_dynamic_mobilenetv2,stable,features_16,1775838048322.830,1775838048401.344,78.514,12.001,64.514,21.442,32937,5545,200.0,0,0,89.7
1523,reliability_dynamic_mobilenetv2,stable,features_16,1775838048406.343,1775838048485.854,79.511,17.001,61.508,19.656,32937,5545,200.0,0,0,82.5
1524,reliability_dynamic_mobilenetv2,stable,features_16,1775838048489.852,1775838048571.367,81.515,15.001,65.515,20.838,32937,5545,200.0,0,0,84.7
1525,reliability_dynamic_mobilenetv2,stable,features_16,1775838048576.365,1775838048661.371,85.006,17.002,68.004,22.465,32937,5545,200.0,0,0,82.5
1526,reliability_dynamic_mobilenetv2,stable,features_16,1775838048666.372,1775838048743.880,77.508,16.510,59.999,19.380,32937,5545,200.0,0,0,83.7
1527,reliability_dynamic_mobilenetv2,stable,features_16,1775838048746.880,1775838048823.389,76.510,13.006,62.505,20.000,32937,5545,200.0,0,0,78.8
1528,reliability_dynamic_mobilenetv2,stable,features_16,1775838048829.390,1775838048910.899,81.510,15.000,64.509,21.010,32937,5545,200.0,0,0,83.8
1529,reliability_dynamic_mobilenetv2,stable,features_16,1775838048914.898,1775838048997.410,82.512,17.000,64.511,19.950,32937,5545,200.0,0,0,91.7
1530,reliability_dynamic_mobilenetv2,stable,features_16,1775838049001.410,1775838049090.918,89.509,17.000,71.508,19.426,32937,5545,200.0,0,0,81.2
1531,reliability_dynamic_mobilenetv2,stable,features_16,1775838049094.919,1775838049187.428,92.509,17.001,74.507,21.003,32937,5545,200.0,0,0,77.1
1532,reliability_dynamic_mobilenetv2,stable,features_16,1775838049191.427,1775838049273.937,82.510,15.000,67.510,20.651,32937,5545,200.0,0,0,85.4
1533,reliability_dynamic_mobilenetv2,stable,features_16,1775838049277.937,1775838049363.939,86.002,18.000,67.002,21.338,32937,5545,200.0,0,0,82.5
1534,reliability_dynamic_mobilenetv2,stable,features_16,1775838049366.939,1775838049464.450,97.511,19.507,77.004,20.702,32937,5545,200.0,0,0,87.6
1535,reliability_dynamic_mobilenetv2,stable,features_16,1775838049468.951,1775838049544.955,76.004,14.011,59.996,18.219,32937,5545,200.0,0,0,79.3
1536,reliability_dynamic_mobilenetv2,stable,features_16,1775838049547.956,1775838049634.467,86.510,13.005,73.505,31.310,32937,5545,200.0,0,0,77.3
1537,reliability_dynamic_mobilenetv2,stable,features_16,1775838049637.467,1775838049710.977,73.510,11.002,61.508,18.936,32937,5545,200.0,0,0,84.8
1538,reliability_dynamic_mobilenetv2,stable,features_16,1775838049714.977,1775838049799.484,84.508,16.001,67.508,21.852,32937,5545,200.0,0,0,78.0
1539,reliability_dynamic_mobilenetv2,stable,features_16,1775838049802.485,1775838049883.998,81.512,14.000,65.512,21.479,32937,5545,200.0,0,0,81.1
1540,reliability_dynamic_mobilenetv2,stable,features_16,1775838049887.998,1775838049959.001,71.003,11.000,59.003,17.770,32937,5545,200.0,0,0,83.3
1541,reliability_dynamic_mobilenetv2,stable,features_16,1775838049963.001,1775838050038.514,75.512,14.515,59.997,18.950,32937,5545,200.0,0,0,89.0
1542,reliability_dynamic_mobilenetv2,stable,features_16,1775838050041.513,1775838050125.025,83.512,11.001,70.512,24.863,32937,5545,200.0,0,0,78.1
1543,reliability_dynamic_mobilenetv2,stable,features_16,1775838050129.025,1775838050206.537,77.512,11.001,64.511,20.250,32937,5545,200.0,0,0,80.2
1544,reliability_dynamic_mobilenetv2,stable,features_16,1775838050210.537,1775838050301.048,90.511,13.000,76.511,19.154,32937,5545,200.0,0,0,83.5
1545,reliability_dynamic_mobilenetv2,stable,features_16,1775838050305.049,1775838050383.560,78.512,16.003,61.509,19.327,32937,5545,200.0,0,0,86.3
1546,reliability_dynamic_mobilenetv2,stable,features_16,1775838050386.565,1775838050468.564,81.999,14.996,66.003,20.734,32937,5545,200.0,0,0,81.5
1547,reliability_dynamic_mobilenetv2,stable,features_16,1775838050472.071,1775838050578.580,106.510,12.000,92.509,21.529,32937,5545,200.0,0,0,83.0
1548,reliability_dynamic_mobilenetv2,stable,features_16,1775838050582.584,1775838050685.093,102.509,16.997,85.512,28.532,32937,5545,200.0,0,0,84.0
1549,reliability_dynamic_mobilenetv2,stable,features_16,1775838050690.094,1775838050767.096,77.002,14.000,62.003,19.299,32937,5545,200.0,0,0,85.0
1550,reliability_dynamic_mobilenetv2,stable,features_16,1775838050771.762,1775838050852.603,80.841,12.841,68.000,21.702,32937,5545,200.0,0,0,86.6
1551,reliability_dynamic_mobilenetv2,stable,features_16,1775838050856.606,1775838050939.114,82.508,13.509,67.999,22.021,32937,5545,200.0,0,0,82.7
1552,reliability_dynamic_mobilenetv2,stable,features_16,1775838050944.114,1775838051033.625,89.511,17.005,70.507,23.749,32937,5545,200.0,0,0,91.9
1553,reliability_dynamic_mobilenetv2,stable,features_16,1775838051037.625,1775838051138.138,100.512,15.000,85.512,20.692,32937,5545,200.0,0,0,89.5
1554,reliability_dynamic_mobilenetv2,stable,features_16,1775838051142.137,1775838051232.651,90.514,14.009,76.505,19.766,32937,5545,200.0,0,0,87.6
1555,reliability_dynamic_mobilenetv2,stable,features_16,1775838051236.651,1775838051320.165,83.514,19.005,62.510,21.215,32937,5545,200.0,0,0,91.4
1556,reliability_dynamic_mobilenetv2,stable,features_16,1775838051324.166,1775838051411.680,87.514,14.999,72.515,20.469,32937,5545,200.0,0,0,91.8
1557,reliability_dynamic_mobilenetv2,stable,features_16,1775838051415.682,1775838051505.902,90.220,18.999,68.222,21.387,32937,5545,200.0,0,0,86.5
1558,reliability_dynamic_mobilenetv2,stable,features_16,1775838051509.902,1775838051592.419,82.517,20.000,61.517,19.474,32937,5545,200.0,0,0,96.9
1559,reliability_dynamic_mobilenetv2,stable,features_16,1775838051596.419,1775838051676.933,80.513,14.000,64.514,20.926,32937,5545,200.0,0,0,91.5
1560,reliability_dynamic_mobilenetv2,stable,features_16,1775838051680.934,1775838051787.447,106.513,20.000,85.513,21.415,32937,5545,200.0,0,0,95.0
1561,reliability_dynamic_mobilenetv2,stable,features_16,1775838051793.446,1775838051883.959,90.514,23.001,65.513,21.086,32937,5545,200.0,0,0,99.1
1562,reliability_dynamic_mobilenetv2,stable,features_16,1775838051887.959,1775838051972.475,84.515,21.000,62.517,19.817,32937,5545,200.0,0,0,100.0
1563,reliability_dynamic_mobilenetv2,stable,features_16,1775838051976.475,1775838052057.691,81.216,17.000,64.216,20.743,32937,5545,200.0,0,0,92.9
1564,reliability_dynamic_mobilenetv2,stable,features_16,1775838052062.692,1775838052146.204,83.512,16.513,66.999,21.054,32937,5545,200.0,0,0,85.0
1565,reliability_dynamic_mobilenetv2,stable,features_16,1775838052150.204,1775838052232.508,82.304,17.009,64.296,19.881,32937,5545,200.0,0,0,92.0
1566,reliability_dynamic_mobilenetv2,stable,features_16,1775838052237.508,1775838052371.537,134.028,21.006,112.023,18.534,32937,5545,200.0,0,0,91.0
1567,reliability_dynamic_mobilenetv2,stable,features_16,1775838052376.536,1775838052463.542,87.006,18.001,68.004,21.761,32937,5545,200.0,0,0,93.8
1568,reliability_dynamic_mobilenetv2,stable,features_16,1775838052467.542,1775838052553.565,86.023,19.509,66.515,22.093,32937,5545,200.0,0,0,94.0
1569,reliability_dynamic_mobilenetv2,stable,features_16,1775838052558.073,1775838052647.585,89.513,22.512,65.000,22.896,32937,5545,200.0,0,0,91.7
1570,reliability_dynamic_mobilenetv2,stable,features_16,1775838052651.585,1775838052742.104,90.519,20.521,67.999,22.387,32937,5545,200.0,0,0,93.8
1571,reliability_dynamic_mobilenetv2,stable,features_16,1775838052746.106,1775838052836.622,90.516,23.510,67.006,20.753,32937,5545,200.0,0,0,92.2
1572,reliability_dynamic_mobilenetv2,stable,features_16,1775838052840.622,1775838052923.137,82.514,16.004,65.510,20.845,32937,5545,200.0,0,0,77.5
1573,reliability_dynamic_mobilenetv2,stable,features_16,1775838052927.137,1775838053003.647,76.510,13.000,62.509,20.379,32937,5545,200.0,0,0,85.2
1574,reliability_dynamic_mobilenetv2,stable,features_16,1775838053007.648,1775838053090.159,82.511,16.000,65.510,20.639,32937,5545,200.0,0,0,84.8
1575,reliability_dynamic_mobilenetv2,stable,features_16,1775838053093.159,1775838053186.673,93.514,11.001,82.512,36.461,32937,5545,200.0,0,0,82.3
1576,reliability_dynamic_mobilenetv2,stable,features_16,1775838053190.672,1775838053308.189,117.518,16.000,100.517,35.735,32937,5545,200.0,0,0,89.1
1577,reliability_dynamic_mobilenetv2,stable,features_16,1775838053312.189,1775838053402.702,90.513,20.000,69.686,21.296,32937,5545,200.0,0,0,90.7
1578,reliability_dynamic_mobilenetv2,stable,features_16,1775838053407.703,1775838053490.215,82.512,16.000,64.503,20.777,32937,5545,200.0,0,0,94.0
1579,reliability_dynamic_mobilenetv2,stable,features_16,1775838053494.216,1775838053589.728,95.511,28.998,65.514,20.463,32937,5545,200.0,0,0,97.4
1580,reliability_dynamic_mobilenetv2,stable,features_16,1775838053593.728,1775838053682.239,88.511,23.000,62.511,19.494,32937,5545,200.0,0,0,96.0
1581,reliability_dynamic_mobilenetv2,stable,features_16,1775838053687.242,1775838053768.243,81.001,20.998,60.003,18.465,32937,5545,200.0,0,0,96.2
1582,reliability_dynamic_mobilenetv2,stable,features_16,1775838053772.751,1775838053856.753,84.002,15.000,67.003,22.789,32937,5545,200.0,0,0,95.8
1583,reliability_dynamic_mobilenetv2,stable,features_16,1775838053859.754,1775838053946.840,87.086,20.085,66.001,20.136,32937,5545,200.0,0,0,96.9
1584,reliability_dynamic_mobilenetv2,stable,features_16,1775838053992.363,1775838054091.874,99.511,32.000,67.511,21.364,32937,5545,200.0,0,0,97.3
1585,reliability_dynamic_mobilenetv2,stable,features_16,1775838054096.875,1775838054181.384,84.509,11.999,70.512,25.978,32937,5545,200.0,0,0,88.9
1586,reliability_dynamic_mobilenetv2,stable,features_16,1775838054185.385,1775838054267.389,82.005,17.001,63.003,19.617,32937,5545,200.0,0,0,96.2
1587,reliability_dynamic_mobilenetv2,stable,features_16,1775838054270.896,1775838054349.897,79.001,19.000,60.000,18.177,32937,5545,200.0,0,0,97.6
1588,reliability_dynamic_mobilenetv2,stable,features_16,1775838054353.896,1775838054436.408,82.512,15.005,67.507,21.575,32937,5545,200.0,0,0,90.9
1589,reliability_dynamic_mobilenetv2,stable,features_16,1775838054440.408,1775838054525.919,85.511,18.006,65.507,21.252,32937,5545,200.0,0,0,95.9
1590,reliability_dynamic_mobilenetv2,stable,features_16,1775838054529.921,1775838054612.431,82.510,19.999,61.511,18.784,32937,5545,200.0,0,0,95.0
1591,reliability_dynamic_mobilenetv2,stable,features_16,1775838054616.430,1775838054698.943,82.513,20.001,61.511,19.687,32937,5545,200.0,0,0,95.9
1592,reliability_dynamic_mobilenetv2,stable,features_16,1775838054702.944,1775838054796.457,93.513,24.000,68.513,21.279,32937,5545,200.0,0,0,97.1
1593,reliability_dynamic_mobilenetv2,stable,features_16,1775838054800.458,1775838054893.969,93.511,23.002,68.509,22.249,32937,5545,200.0,0,0,96.9
1594,reliability_dynamic_mobilenetv2,stable,features_16,1775838054897.968,1775838054985.481,87.513,18.000,68.514,22.063,32937,5545,200.0,0,0,100.0
1595,reliability_dynamic_mobilenetv2,stable,features_16,1775838054989.480,1775838055073.992,84.511,20.003,63.508,20.547,32937,5545,200.0,0,0,96.0
1596,reliability_dynamic_mobilenetv2,stable,features_16,1775838055077.991,1775838055163.996,86.005,16.003,68.001,23.242,32937,5545,200.0,0,0,86.2
1597,reliability_dynamic_mobilenetv2,stable,features_16,1775838055166.995,1775838055287.018,120.023,19.513,100.510,39.116,32937,5545,200.0,0,0,79.7
1598,reliability_dynamic_mobilenetv2,stable,features_16,1775838055290.018,1775838055374.529,84.510,11.003,73.508,29.146,32937,5545,200.0,0,0,80.2
1599,reliability_dynamic_mobilenetv2,stable,features_16,1775838055377.529,1775838055465.531,88.002,15.000,72.002,18.814,32937,5545,200.0,0,0,81.2
1600,reliability_dynamic_mobilenetv2,stable,features_16,1775838055471.037,1775838055545.038,74.001,13.001,60.000,18.553,32937,5545,200.0,0,0,78.8
1601,reliability_dynamic_mobilenetv2,stable,features_16,1775838055548.039,1775838055623.549,75.510,14.004,59.507,18.525,32937,5545,200.0,0,0,77.5
1602,reliability_dynamic_mobilenetv2,stable,features_16,1775838055626.549,1775838055705.060,78.511,12.001,65.510,20.185,32937,5545,200.0,0,0,82.5
1603,reliability_dynamic_mobilenetv2,stable,features_16,1775838055709.060,1775838055791.570,82.510,13.001,67.509,20.877,32937,5545,200.0,0,0,76.3
1604,reliability_dynamic_mobilenetv2,stable,features_16,1775838055795.576,1775838055875.078,79.502,11.994,67.508,18.966,32937,5545,200.0,0,0,78.8
1605,reliability_dynamic_mobilenetv2,stable,features_16,1775838055898.080,1775838055981.593,83.513,22.000,59.513,18.848,32937,5545,200.0,0,0,96.6
1606,reliability_dynamic_mobilenetv2,stable,features_16,1775838055985.592,1775838056082.102,96.510,28.002,67.510,21.646,32937,5545,200.0,0,0,98.0
1607,reliability_dynamic_mobilenetv2,stable,features_16,1775838056087.102,1775838056177.369,90.267,21.001,68.267,22.106,32937,5545,200.0,0,0,89.0
1608,reliability_dynamic_mobilenetv2,stable,features_16,1775838056181.368,1775838056290.879,109.511,21.000,87.509,20.621,32937,5545,200.0,0,0,83.7
1609,reliability_dynamic_mobilenetv2,stable,features_16,1775838056294.878,1775838056376.390,81.513,17.001,63.512,19.830,32937,5545,200.0,0,0,95.2
1610,reliability_dynamic_mobilenetv2,stable,features_16,1775838056380.390,1775838056467.393,87.003,21.000,65.002,20.803,32937,5545,200.0,0,0,94.8
1611,reliability_dynamic_mobilenetv2,stable,features_16,1775838056471.902,1775838056557.906,86.004,19.001,67.003,20.755,32937,5545,200.0,0,0,88.9
1612,reliability_dynamic_mobilenetv2,stable,features_16,1775838056561.906,1775838056639.417,77.511,15.512,60.998,19.429,32937,5545,200.0,0,0,93.8
1613,reliability_dynamic_mobilenetv2,stable,features_16,1775838056643.417,1775838056728.929,85.513,20.006,63.509,20.943,32937,5545,200.0,0,0,88.7
1614,reliability_dynamic_mobilenetv2,stable,features_16,1775838056731.928,1775838056816.440,84.511,19.002,64.509,20.483,32937,5545,200.0,0,0,85.5
1615,reliability_dynamic_mobilenetv2,stable,features_16,1775838056820.440,1775838056908.950,88.510,21.000,66.510,22.073,32937,5545,200.0,0,0,96.9
1616,reliability_dynamic_mobilenetv2,stable,features_16,1775838056912.951,1775838057005.465,92.514,21.001,69.515,22.495,32937,5545,200.0,0,0,95.9
1617,reliability_dynamic_mobilenetv2,stable,features_16,1775838057010.466,1775838057101.978,91.512,23.000,66.513,21.228,32937,5545,200.0,0,0,98.3
1618,reliability_dynamic_mobilenetv2,stable,features_16,1775838057107.979,1775838057201.494,93.516,29.000,64.516,20.929,32937,5545,200.0,0,0,88.8
1619,reliability_dynamic_mobilenetv2,stable,features_16,1775838057205.494,1775838057292.007,86.513,22.000,62.514,19.786,32937,5545,200.0,0,0,90.8
1620,reliability_dynamic_mobilenetv2,stable,features_16,1775838057296.006,1775838057386.519,90.512,25.000,63.511,19.497,32937,5545,200.0,0,0,99.0
1621,reliability_dynamic_mobilenetv2,stable,features_16,1775838057391.518,1775838057488.907,97.389,29.000,66.390,20.123,32937,5545,200.0,0,0,99.0
1622,reliability_dynamic_mobilenetv2,stable,features_16,1775838057493.907,1775838057584.422,90.515,29.001,59.514,18.477,32937,5545,200.0,0,0,94.9
1623,reliability_dynamic_mobilenetv2,stable,features_16,1775838057588.421,1775838057682.935,94.513,24.000,70.513,20.373,32937,5545,200.0,0,0,93.9
1624,reliability_dynamic_mobilenetv2,stable,features_16,1775838057686.935,1775838057777.449,90.514,25.000,63.514,19.340,32937,5545,200.0,0,0,95.0
1625,reliability_dynamic_mobilenetv2,stable,features_16,1775838057782.450,1775838057895.961,113.510,27.999,85.511,22.290,32937,5545,200.0,0,0,95.8
1626,reliability_dynamic_mobilenetv2,stable,features_16,1775838057900.959,1775838057997.472,96.513,26.000,68.512,22.373,32937,5545,200.0,0,0,98.4
1627,reliability_dynamic_mobilenetv2,stable,features_16,1775838058002.473,1775838058152.987,150.514,33.001,115.515,20.872,32937,5545,200.0,0,0,97.7
1628,reliability_dynamic_mobilenetv2,stable,features_16,1775838058157.994,1775838058258.512,100.518,31.518,67.004,20.777,32937,5545,200.0,0,0,94.0
1629,reliability_dynamic_mobilenetv2,stable,features_16,1775838058261.515,1775838058351.958,90.443,26.442,63.000,19.514,32937,5545,200.0,0,0,98.0
1630,reliability_dynamic_mobilenetv2,stable,features_16,1775838058356.961,1775838058445.471,88.510,21.510,66.000,21.012,32937,5545,200.0,0,0,86.9
1631,reliability_dynamic_mobilenetv2,stable,features_16,1775838058449.470,1775838058541.984,92.514,22.513,70.001,22.105,32937,5545,200.0,0,0,97.0
1632,reliability_dynamic_mobilenetv2,stable,features_16,1775838058545.985,1775838058637.501,91.516,27.516,62.999,20.304,32937,5545,200.0,0,0,94.0
1633,reliability_dynamic_mobilenetv2,stable,features_16,1775838058641.501,1775838058723.869,82.368,22.008,60.360,18.539,32937,5545,200.0,0,0,91.2
1634,reliability_dynamic_mobilenetv2,stable,features_16,1775838058727.869,1775838058817.378,89.509,20.000,68.509,22.021,32937,5545,200.0,0,0,90.7
1635,reliability_dynamic_mobilenetv2,stable,features_16,1775838058821.379,1775838058907.891,86.512,18.001,66.511,20.996,32937,5545,200.0,0,0,81.4
1636,reliability_dynamic_mobilenetv2,stable,features_16,1775838058912.888,1775838058996.398,83.509,22.000,59.509,18.716,32937,5545,200.0,0,0,97.0
1637,reliability_dynamic_mobilenetv2,stable,features_16,1775838059000.399,1775838059092.912,92.514,24.000,67.511,25.894,32937,5545,200.0,0,0,96.9
1638,reliability_dynamic_mobilenetv2,stable,features_16,1775838059097.912,1775838059177.422,79.510,17.000,61.510,19.668,32937,5545,200.0,0,0,95.0
1639,reliability_dynamic_mobilenetv2,stable,features_16,1775838059181.422,1775838059266.426,85.004,18.001,66.004,22.974,32937,5545,200.0,0,0,81.4
1640,reliability_dynamic_mobilenetv2,stable,features_16,1775838059269.426,1775838059372.453,103.027,11.510,89.507,21.319,32937,5545,200.0,0,0,74.1
1641,reliability_dynamic_mobilenetv2,stable,features_16,1775838059376.449,1775838059455.450,79.001,11.000,68.001,22.238,32937,5545,200.0,0,0,78.8
1642,reliability_dynamic_mobilenetv2,stable,features_16,1775838059459.456,1775838059534.965,75.509,11.503,64.005,22.476,32937,5545,200.0,0,0,75.3
1643,reliability_dynamic_mobilenetv2,stable,features_16,1775838059537.965,1775838059614.485,76.520,12.007,63.515,19.538,32937,5545,200.0,0,0,74.4
1644,reliability_dynamic_mobilenetv2,stable,features_16,1775838059618.483,1775838059694.992,76.510,12.002,64.507,20.596,32937,5545,200.0,0,0,87.8
1645,reliability_dynamic_mobilenetv2,stable,features_16,1775838059698.992,1775838059777.510,78.517,10.000,66.518,21.450,32937,5545,200.0,0,0,81.2
1646,reliability_dynamic_mobilenetv2,stable,features_16,1775838059780.509,1775838059881.026,100.517,17.001,82.516,20.467,32937,5545,200.0,0,0,84.5
1647,reliability_dynamic_mobilenetv2,stable,features_16,1775838059884.026,1775838059962.028,78.001,11.000,66.000,22.522,32937,5545,200.0,0,0,84.5
1648,reliability_dynamic_mobilenetv2,stable,features_16,1775838059967.028,1775838060048.540,81.512,13.513,67.000,22.337,32937,5545,200.0,0,0,92.0
1649,reliability_dynamic_mobilenetv2,stable,features_16,1775838060110.053,1775838060219.565,109.512,42.000,65.512,20.223,32937,5545,200.0,0,0,94.0
1650,reliability_dynamic_mobilenetv2,stable,features_16,1775838060223.566,1775838060311.078,87.512,23.000,63.510,20.130,32937,5545,200.0,0,0,96.9
1651,reliability_dynamic_mobilenetv2,stable,features_16,1775838060316.081,1775838060401.592,85.511,22.998,61.513,19.191,32937,5545,200.0,0,0,98.0
1652,reliability_dynamic_mobilenetv2,stable,features_16,1775838060405.592,1775838060494.104,88.512,19.002,68.509,21.149,32937,5545,200.0,0,0,96.9
1653,reliability_dynamic_mobilenetv2,stable,features_16,1775838060498.103,1775838060588.615,90.512,21.000,69.512,22.230,32937,5545,200.0,0,0,93.8
1654,reliability_dynamic_mobilenetv2,stable,features_16,1775838060593.613,1775838060683.127,89.514,20.000,67.513,22.301,32937,5545,200.0,0,0,94.9
1655,reliability_dynamic_mobilenetv2,stable,features_16,1775838060688.126,1775838060784.075,95.949,25.002,68.947,21.457,32937,5545,200.0,0,0,98.1
1656,reliability_dynamic_mobilenetv2,stable,features_16,1775838060789.077,1775838060884.169,95.092,28.582,63.510,20.258,32937,5545,200.0,0,0,98.2
1657,reliability_dynamic_mobilenetv2,stable,features_16,1775838060888.169,1775838060975.682,87.513,21.001,65.512,20.424,32937,5545,200.0,0,0,98.8
1658,reliability_dynamic_mobilenetv2,stable,features_16,1775838060980.681,1775838061071.685,91.004,23.001,67.002,21.983,32937,5545,200.0,0,0,98.2
1659,reliability_dynamic_mobilenetv2,stable,features_16,1775838061076.194,1775838061163.197,87.003,20.002,67.001,20.533,32937,5545,200.0,0,0,94.0
1660,reliability_dynamic_mobilenetv2,stable,features_16,1775838061168.197,1775838061249.708,81.510,18.513,60.998,19.906,32937,5545,200.0,0,0,92.6
1661,reliability_dynamic_mobilenetv2,stable,features_16,1775838061254.707,1775838061341.220,86.513,22.514,62.999,19.068,32937,5545,200.0,0,0,94.9
1662,reliability_dynamic_mobilenetv2,stable,features_16,1775838061346.221,1775838061435.735,89.514,24.004,64.510,20.119,32937,5545,200.0,0,0,98.0
1663,reliability_dynamic_mobilenetv2,stable,features_16,1775838061438.735,1775838061536.247,97.511,16.000,80.512,35.020,32937,5545,200.0,0,0,92.9
1664,reliability_dynamic_mobilenetv2,stable,features_16,1775838061541.246,1775838061622.757,81.511,17.007,62.506,19.902,32937,5545,200.0,0,0,90.7
1665,reliability_dynamic_mobilenetv2,stable,features_16,1775838061625.757,1775838061705.271,79.514,18.001,60.512,19.566,32937,5545,200.0,0,0,91.5
1666,reliability_dynamic_mobilenetv2,stable,features_16,1775838061709.272,1775838061796.780,87.508,19.999,66.510,21.090,32937,5545,200.0,0,0,93.8
1667,reliability_dynamic_mobilenetv2,stable,features_16,1775838061800.781,1775838061886.293,85.513,17.000,68.513,21.139,32937,5545,200.0,0,0,91.8
1668,reliability_dynamic_mobilenetv2,stable,features_16,1775838061893.293,1775838061976.806,83.513,21.001,62.512,19.311,32937,5545,200.0,0,0,92.9
1669,reliability_dynamic_mobilenetv2,stable,features_16,1775838061980.807,1775838062062.810,82.003,19.001,62.533,19.430,32937,5545,200.0,0,0,91.2
1670,reliability_dynamic_mobilenetv2,stable,features_16,1775838062066.810,1775838062147.318,80.509,19.510,60.999,19.499,32937,5545,200.0,0,0,93.9
1671,reliability_dynamic_mobilenetv2,stable,features_16,1775838062154.318,1775838062232.834,78.516,14.009,63.510,19.475,32937,5545,200.0,0,0,85.4
1672,reliability_dynamic_mobilenetv2,stable,features_16,1775838062235.834,1775838062315.348,79.514,14.000,65.514,20.004,32937,5545,200.0,0,0,84.0
1673,reliability_dynamic_mobilenetv2,stable,features_16,1775838062319.348,1775838062403.858,84.510,17.001,67.509,22.510,32937,5545,200.0,0,0,79.2
1674,reliability_dynamic_mobilenetv2,stable,features_16,1775838062406.859,1775838062479.368,72.509,12.007,59.502,19.139,32937,5545,200.0,0,0,83.8
1675,reliability_dynamic_mobilenetv2,stable,features_16,1775838062483.368,1775838062557.398,74.030,10.001,63.023,19.496,32937,5545,200.0,0,0,88.0
1676,reliability_dynamic_mobilenetv2,stable,features_16,1775838062561.398,1775838062636.906,75.508,10.504,63.995,20.412,32937,5545,200.0,0,0,82.5
1677,reliability_dynamic_mobilenetv2,stable,features_16,1775838062640.907,1775838062734.420,93.514,13.001,79.513,19.714,32937,5545,200.0,0,0,85.9
1678,reliability_dynamic_mobilenetv2,stable,features_16,1775838062738.423,1775838062811.935,73.512,12.999,60.513,18.683,32937,5545,200.0,0,0,78.8
1679,reliability_dynamic_mobilenetv2,stable,features_16,1775838062815.935,1775838062909.443,93.508,11.001,82.507,20.318,32937,5545,200.0,0,0,83.3
1680,reliability_dynamic_mobilenetv2,stable,features_16,1775838062913.443,1775838062997.951,84.509,17.001,66.508,21.111,32937,5545,200.0,0,0,89.2
1681,reliability_dynamic_mobilenetv2,stable,features_16,1775838063001.952,1775838063087.461,85.510,19.002,66.507,21.171,32937,5545,200.0,0,0,80.6
1682,reliability_dynamic_mobilenetv2,stable,features_16,1775838063091.464,1775838063166.471,75.007,12.999,60.005,19.107,32937,5545,200.0,0,0,77.5
1683,reliability_dynamic_mobilenetv2,stable,features_16,1775838063170.466,1775838063250.978,80.512,16.509,63.003,19.895,32937,5545,200.0,0,0,92.8
1684,reliability_dynamic_mobilenetv2,stable,features_16,1775838063265.984,1775838063367.497,101.513,23.510,77.004,21.560,32937,5545,200.0,0,0,90.8
1685,reliability_dynamic_mobilenetv2,stable,features_16,1775838063370.497,1775838063456.009,85.512,17.514,65.999,21.326,32937,5545,200.0,0,0,87.8
1686,reliability_dynamic_mobilenetv2,stable,features_16,1775838063460.014,1775838063545.520,85.506,12.502,73.004,27.292,32937,5545,200.0,0,0,85.6
1687,reliability_dynamic_mobilenetv2,stable,features_16,1775838063550.520,1775838063657.031,106.512,17.005,88.507,22.393,32937,5545,200.0,0,0,88.4
1688,reliability_dynamic_mobilenetv2,stable,features_16,1775838063661.035,1775838063744.543,83.508,19.508,63.000,19.678,32937,5545,200.0,0,0,93.8
1689,reliability_dynamic_mobilenetv2,stable,features_16,1775838063749.543,1775838063889.565,140.022,14.006,125.018,19.223,32937,5545,200.0,0,0,87.8
1690,reliability_dynamic_mobilenetv2,stable,features_16,1775838063894.565,1775838063978.076,83.511,17.000,65.511,20.633,32937,5545,200.0,0,0,93.9
1691,reliability_dynamic_mobilenetv2,stable,features_16,1775838063982.076,1775838064070.317,88.241,19.999,66.430,20.804,32937,5545,200.0,0,0,97.6
1692,reliability_dynamic_mobilenetv2,stable,features_16,1775838064072.820,1775838064188.338,115.518,14.007,100.512,21.273,32937,5545,200.0,0,0,86.7
1693,reliability_dynamic_mobilenetv2,stable,features_16,1775838064192.338,1775838064278.854,86.516,20.000,64.512,21.651,32937,5545,200.0,0,0,95.9
1694,reliability_dynamic_mobilenetv2,stable,features_16,1775838064282.850,1775838064366.855,84.005,16.003,67.005,20.723,32937,5545,200.0,0,0,92.2
1695,reliability_dynamic_mobilenetv2,stable,features_16,1775838064370.854,1775838064457.363,86.509,17.510,67.999,21.797,32937,5545,200.0,0,0,92.2
1696,reliability_dynamic_mobilenetv2,stable,features_16,1775838064461.366,1775838064545.874,84.507,18.508,63.999,20.101,32937,5545,200.0,0,0,94.8
1697,reliability_dynamic_mobilenetv2,stable,features_16,1775838064548.874,1775838064631.387,82.513,18.006,64.508,20.440,32937,5545,200.0,0,0,95.0
1698,reliability_dynamic_mobilenetv2,stable,features_16,1775838064635.388,1775838064725.903,90.515,20.000,69.513,22.010,32937,5545,200.0,0,0,95.5
1699,reliability_dynamic_mobilenetv2,stable,features_16,1775838064730.903,1775838064816.419,85.517,18.002,66.516,22.182,32937,5545,200.0,0,0,96.4
1700,reliability_dynamic_mobilenetv2,stable,features_16,1775838064820.417,1775838064899.632,79.215,18.000,61.215,19.852,32937,5545,200.0,0,0,91.8
1701,reliability_dynamic_mobilenetv2,stable,features_16,1775838064903.633,1775838064987.143,83.510,18.000,63.510,20.224,32937,5545,200.0,0,0,92.5
1702,reliability_dynamic_mobilenetv2,stable,features_16,1775838064991.144,1775838065078.659,87.514,23.000,64.514,21.049,32937,5545,200.0,0,0,97.1
1703,reliability_dynamic_mobilenetv2,stable,features_16,1775838065082.660,1775838065161.660,79.001,15.998,63.003,19.255,32937,5545,200.0,0,0,87.7
1704,reliability_dynamic_mobilenetv2,stable,features_16,1775838065165.661,1775838065256.180,90.519,22.519,65.999,21.443,32937,5545,200.0,0,0,87.5
1705,reliability_dynamic_mobilenetv2,stable,features_16,1775838065261.184,1775838065347.692,86.508,17.507,68.001,22.449,32937,5545,200.0,0,0,84.4
1706,reliability_dynamic_mobilenetv2,stable,features_16,1775838065352.690,1775838065431.202,78.512,15.007,63.505,20.149,32937,5545,200.0,0,0,87.6
1707,reliability_dynamic_mobilenetv2,stable,features_16,1775838065435.202,1775838065516.719,81.517,17.000,63.517,19.711,32937,5545,200.0,0,0,86.2
1708,reliability_dynamic_mobilenetv2,stable,features_16,1775838065520.716,1775838065605.227,84.511,16.000,66.511,22.090,32937,5545,200.0,0,0,88.8
1709,reliability_dynamic_mobilenetv2,stable,features_16,1775838065638.226,1775838065725.741,87.515,16.003,71.512,23.451,32937,5545,200.0,0,0,87.6
1710,reliability_dynamic_mobilenetv2,stable,features_16,1775838065729.741,1775838065809.249,79.508,17.001,61.505,19.759,32937,5545,200.0,0,0,88.7
1711,reliability_dynamic_mobilenetv2,stable,features_16,1775838065813.248,1775838065892.758,79.510,15.002,63.507,19.682,32937,5545,200.0,0,0,95.2
1712,reliability_dynamic_mobilenetv2,stable,features_16,1775838065895.758,1775838065978.270,82.511,16.000,64.512,20.336,32937,5545,200.0,0,0,85.4
1713,reliability_dynamic_mobilenetv2,stable,features_16,1775838065982.270,1775838066065.276,83.006,17.001,64.004,21.156,32937,5545,200.0,0,0,98.8
1714,reliability_dynamic_mobilenetv2,stable,features_16,1775838066069.276,1775838066147.792,78.516,13.516,62.999,20.234,32937,5545,200.0,0,0,85.4
1715,reliability_dynamic_mobilenetv2,stable,features_16,1775838066151.791,1775838066228.899,77.108,16.007,61.101,19.883,32937,5545,200.0,0,0,83.3
1716,reliability_dynamic_mobilenetv2,stable,features_16,1775838066232.901,1775838066314.412,81.511,15.999,65.512,20.738,32937,5545,200.0,0,0,80.0
1717,reliability_dynamic_mobilenetv2,stable,features_16,1775838066317.417,1775838066398.928,81.510,14.996,65.514,22.580,32937,5545,200.0,0,0,80.2
1718,reliability_dynamic_mobilenetv2,stable,features_16,1775838066402.928,1775838066488.441,85.512,17.999,65.514,20.337,32937,5545,200.0,0,0,82.7
1719,reliability_dynamic_mobilenetv2,stable,features_16,1775838066491.441,1775838066574.954,83.512,12.001,71.511,20.734,32937,5545,200.0,0,0,79.4
1720,reliability_dynamic_mobilenetv2,stable,features_16,1775838066578.952,1775838066666.955,88.003,11.004,75.999,19.121,32937,5545,200.0,0,0,77.1
1721,reliability_dynamic_mobilenetv2,stable,features_16,1775838066669.955,1775838066741.465,71.510,10.512,59.999,19.430,32937,5545,200.0,0,0,78.5
1722,reliability_dynamic_mobilenetv2,stable,features_16,1775838066745.465,1775838066821.977,76.511,10.000,66.511,20.758,32937,5545,200.0,0,0,82.7
1723,reliability_dynamic_mobilenetv2,stable,features_16,1775838066825.976,1775838066903.496,77.520,13.001,64.519,20.201,32937,5545,200.0,0,0,80.0
1724,reliability_dynamic_mobilenetv2,stable,features_16,1775838066907.496,1775838066987.016,79.520,12.002,66.515,21.255,32937,5545,200.0,0,0,82.9
1725,reliability_dynamic_mobilenetv2,stable,features_16,1775838066991.015,1775838067069.017,78.002,15.999,60.998,18.999,32937,5545,200.0,0,0,91.4
1726,reliability_dynamic_mobilenetv2,stable,features_16,1775838067073.019,1775838067152.241,79.222,13.222,66.000,20.740,32937,5545,200.0,0,0,80.2
1727,reliability_dynamic_mobilenetv2,stable,features_16,1775838067156.239,1775838067234.754,78.515,12.007,65.506,20.151,32937,5545,200.0,0,0,81.2
1728,reliability_dynamic_mobilenetv2,stable,features_16,1775838067238.753,1775838067332.265,93.512,12.005,79.505,21.164,32937,5545,200.0,0,0,86.5
1729,reliability_dynamic_mobilenetv2,stable,features_16,1775838067336.265,1775838067418.780,82.515,20.002,61.513,18.986,32937,5545,200.0,0,0,85.4
1730,reliability_dynamic_mobilenetv2,stable,features_16,1775838067421.784,1775838067517.295,95.510,12.997,80.514,35.357,32937,5545,200.0,0,0,84.4
1731,reliability_dynamic_mobilenetv2,stable,features_16,1775838067521.293,1775838067614.808,93.515,21.001,72.514,20.540,32937,5545,200.0,0,0,86.5
1732,reliability_dynamic_mobilenetv2,stable,features_16,1775838067618.809,1775838067701.315,82.507,12.995,68.511,26.630,32937,5545,200.0,0,0,84.4
1733,reliability_dynamic_mobilenetv2,stable,features_16,1775838067705.317,1775838067777.825,72.508,12.002,59.506,18.214,32937,5545,200.0,0,0,82.5
1734,reliability_dynamic_mobilenetv2,stable,features_16,1775838067780.825,1775838067851.826,71.000,11.000,59.000,18.541,32937,5545,200.0,0,0,85.0
1735,reliability_dynamic_mobilenetv2,stable,features_16,1775838067855.825,1775838067935.341,79.515,16.005,61.005,18.440,32937,5545,200.0,0,0,81.2
1736,reliability_dynamic_mobilenetv2,stable,features_16,1775838067939.341,1775838068019.850,80.510,15.000,64.509,19.647,32937,5545,200.0,0,0,85.0
1737,reliability_dynamic_mobilenetv2,stable,features_16,1775838068022.850,1775838068106.362,83.512,16.005,65.510,20.430,32937,5545,200.0,0,0,89.7
1738,reliability_dynamic_mobilenetv2,stable,features_16,1775838068109.369,1775838068189.874,80.505,12.995,65.511,18.713,32937,5545,200.0,0,0,81.2
1739,reliability_dynamic_mobilenetv2,stable,features_16,1775838068192.874,1775838068270.878,78.004,16.003,62.001,18.435,32937,5545,200.0,0,0,90.2
1740,reliability_dynamic_mobilenetv2,stable,features_16,1775838068275.386,1775838068359.389,84.003,18.004,64.996,20.399,32937,5545,200.0,0,0,92.7
1741,reliability_dynamic_mobilenetv2,stable,features_16,1775838068363.389,1775838068446.787,83.398,15.398,66.999,20.080,32937,5545,200.0,0,0,90.7
1742,reliability_dynamic_mobilenetv2,stable,features_16,1775838068450.787,1775838068533.302,82.515,18.004,63.511,18.933,32937,5545,200.0,0,0,96.5
1743,reliability_dynamic_mobilenetv2,stable,features_16,1775838068537.302,1775838068618.825,81.522,18.001,61.520,18.885,32937,5545,200.0,0,0,98.0
1744,reliability_dynamic_mobilenetv2,stable,features_16,1775838068622.824,1775838068702.343,79.519,15.000,63.519,19.818,32937,5545,200.0,0,0,95.1
1745,reliability_dynamic_mobilenetv2,stable,features_16,1775838068706.344,1775838068797.855,91.512,22.000,68.511,21.415,32937,5545,200.0,0,0,90.7
1746,reliability_dynamic_mobilenetv2,stable,features_16,1775838068801.856,1775838068888.370,86.514,20.000,65.514,21.458,32937,5545,200.0,0,0,95.8
1747,reliability_dynamic_mobilenetv2,stable,features_16,1775838068892.370,1775838068977.880,85.510,21.001,63.509,20.706,32937,5545,200.0,0,0,94.8
1748,reliability_dynamic_mobilenetv2,stable,features_16,1775838068981.881,1775838069075.393,93.512,27.000,64.512,19.723,32937,5545,200.0,0,0,99.0
1749,reliability_dynamic_mobilenetv2,stable,features_16,1775838069079.393,1775838069163.396,84.003,19.001,64.002,19.856,32937,5545,200.0,0,0,95.1
1750,reliability_dynamic_mobilenetv2,stable,features_16,1775838069166.399,1775838069259.914,93.515,21.511,71.005,20.821,32937,5545,200.0,0,0,91.2
1751,reliability_dynamic_mobilenetv2,stable,features_16,1775838069263.915,1775838069357.430,93.515,27.515,65.000,19.496,32937,5545,200.0,0,0,95.0
1752,reliability_dynamic_mobilenetv2,stable,features_16,1775838069362.436,1775838069437.852,75.416,14.415,60.002,17.987,32937,5545,200.0,0,0,92.9
1753,reliability_dynamic_mobilenetv2,stable,features_16,1775838069441.850,1775838069518.365,76.515,14.001,61.510,19.530,32937,5545,200.0,0,0,86.4
1754,reliability_dynamic_mobilenetv2,stable,features_16,1775838069522.363,1775838069658.875,136.512,17.999,117.513,23.282,32937,5545,200.0,0,0,89.1
1755,reliability_dynamic_mobilenetv2,stable,features_16,1775838069662.875,1775838069742.386,79.511,15.512,63.999,19.791,32937,5545,200.0,0,0,84.4
1756,reliability_dynamic_mobilenetv2,stable,features_16,1775838069746.386,1775838069821.904,75.519,14.005,59.514,18.406,32937,5545,200.0,0,0,85.4
1757,reliability_dynamic_mobilenetv2,stable,features_16,1775838069825.902,1775838069901.416,75.514,15.002,60.511,18.526,32937,5545,200.0,0,0,92.9
1758,reliability_dynamic_mobilenetv2,stable,features_16,1775838069906.414,1775838069991.927,85.512,19.001,65.510,20.287,32937,5545,200.0,0,0,86.2
1759,reliability_dynamic_mobilenetv2,stable,features_16,1775838069994.928,1775838070093.441,98.513,28.999,68.513,21.240,32937,5545,200.0,0,0,92.1
1760,reliability_dynamic_mobilenetv2,stable,features_16,1775838070097.440,1775838070174.955,77.515,15.001,60.509,18.173,32937,5545,200.0,0,0,90.0
1761,reliability_dynamic_mobilenetv2,stable,features_16,1775838070178.956,1775838070259.960,81.004,17.000,62.006,20.596,32937,5545,200.0,0,0,91.8
1762,reliability_dynamic_mobilenetv2,stable,features_16,1775838070263.961,1775838070351.471,87.510,20.510,65.997,20.270,32937,5545,200.0,0,0,92.0
1763,reliability_dynamic_mobilenetv2,stable,features_16,1775838070355.470,1775838070440.987,85.516,17.511,64.998,20.496,32937,5545,200.0,0,0,87.5
1764,reliability_dynamic_mobilenetv2,stable,features_16,1775838070443.987,1775838070522.499,78.513,14.000,63.513,18.717,32937,5545,200.0,0,0,94.0
1765,reliability_dynamic_mobilenetv2,stable,features_16,1775838070527.500,1775838070604.834,77.334,15.003,61.332,18.945,32937,5545,200.0,0,0,97.0
1766,reliability_dynamic_mobilenetv2,stable,features_16,1775838070608.833,1775838070695.344,86.511,22.000,62.511,18.812,32937,5545,200.0,0,0,95.1
1767,reliability_dynamic_mobilenetv2,stable,features_16,1775838070699.344,1775838070785.855,86.510,23.001,61.509,18.822,32937,5545,200.0,0,0,95.0
1768,reliability_dynamic_mobilenetv2,stable,features_16,1775838070789.855,1775838070878.368,88.513,21.003,65.510,20.723,32937,5545,200.0,0,0,94.8
1769,reliability_dynamic_mobilenetv2,stable,features_16,1775838070882.368,1775838070973.874,91.506,22.000,67.003,21.290,32937,5545,200.0,0,0,87.5
1770,reliability_dynamic_mobilenetv2,stable,features_16,1775838070976.885,1775838071052.879,75.995,15.996,58.999,18.123,32937,5545,200.0,0,0,91.4
1771,reliability_dynamic_mobilenetv2,stable,features_16,1775838071056.879,1775838071140.393,83.514,22.515,60.999,18.427,32937,5545,200.0,0,0,89.7
1772,reliability_dynamic_mobilenetv2,stable,features_16,1775838071144.395,1775838071236.907,92.513,18.003,74.510,23.181,32937,5545,200.0,0,0,92.9
1773,reliability_dynamic_mobilenetv2,stable,features_16,1775838071240.907,1775838071327.420,86.513,19.005,66.509,20.467,32937,5545,200.0,0,0,91.8
1774,reliability_dynamic_mobilenetv2,stable,features_16,1775838071331.420,1775838071414.934,83.513,19.000,63.513,19.628,32937,5545,200.0,0,0,92.9
1775,reliability_dynamic_mobilenetv2,stable,features_16,1775838071418.934,1775838071515.101,96.167,18.001,77.165,34.620,32937,5545,200.0,0,0,91.8
1776,reliability_dynamic_mobilenetv2,stable,features_16,1775838071519.101,1775838071607.981,88.880,20.000,66.880,21.001,32937,5545,200.0,0,0,92.9
1777,reliability_dynamic_mobilenetv2,stable,features_16,1775838071611.981,1775838071703.495,91.514,20.000,70.513,19.598,32937,5545,200.0,0,0,93.8
1778,reliability_dynamic_mobilenetv2,stable,features_16,1775838071707.494,1775838071814.021,106.527,22.000,84.527,22.469,32937,5545,200.0,0,0,99.1
1779,reliability_dynamic_mobilenetv2,stable,features_16,1775838071819.020,1775838071903.531,84.511,23.002,59.512,18.587,32937,5545,200.0,0,0,95.9
1780,reliability_dynamic_mobilenetv2,stable,features_16,1775838071908.530,1775838071997.044,88.514,21.000,66.515,20.716,32937,5545,200.0,0,0,94.8
1781,reliability_dynamic_mobilenetv2,stable,features_16,1775838072001.043,1775838072097.558,96.515,29.001,66.514,21.049,32937,5545,200.0,0,0,98.0
1782,reliability_dynamic_mobilenetv2,stable,features_16,1775838072100.554,1775838072184.364,83.809,16.001,65.808,20.397,32937,5545,200.0,0,0,93.0
1783,reliability_dynamic_mobilenetv2,stable,features_16,1775838072188.364,1775838072274.377,86.014,20.000,63.511,19.712,32937,5545,200.0,0,0,92.7
1784,reliability_dynamic_mobilenetv2,stable,features_16,1775838072277.382,1775838072368.388,91.006,13.002,78.004,19.901,32937,5545,200.0,0,0,90.9
1785,reliability_dynamic_mobilenetv2,stable,features_16,1775838072372.388,1775838072452.896,80.508,19.508,60.000,18.261,32937,5545,200.0,0,0,92.6
1786,reliability_dynamic_mobilenetv2,stable,features_16,1775838072456.896,1775838072568.431,111.535,16.007,94.527,44.620,32937,5545,200.0,0,0,83.0
1787,reliability_dynamic_mobilenetv2,stable,features_16,1775838072572.439,1775838072649.960,77.521,10.522,65.996,20.380,32937,5545,200.0,0,0,83.7
1788,reliability_dynamic_mobilenetv2,stable,features_16,1775838072652.959,1775838072734.470,81.511,14.004,65.505,18.644,32937,5545,200.0,0,0,77.5
1789,reliability_dynamic_mobilenetv2,stable,features_16,1775838072737.469,1775838072817.979,80.509,18.000,62.509,19.197,32937,5545,200.0,0,0,82.5
1790,reliability_dynamic_mobilenetv2,stable,features_16,1775838072821.978,1775838072904.489,82.511,17.001,64.513,19.706,32937,5545,200.0,0,0,81.4
1791,reliability_dynamic_mobilenetv2,stable,features_16,1775838072907.490,1775838072987.005,79.516,12.999,66.517,20.436,32937,5545,200.0,0,0,77.5
1792,reliability_dynamic_mobilenetv2,stable,features_16,1775838072991.005,1775838073071.008,80.002,17.000,62.001,19.181,32937,5545,200.0,0,0,86.5
1793,reliability_dynamic_mobilenetv2,stable,features_16,1775838073074.511,1775838073148.515,74.004,13.006,60.998,18.324,32937,5545,200.0,0,0,88.3
1794,reliability_dynamic_mobilenetv2,stable,features_16,1775838073151.517,1775838073267.034,115.517,14.006,101.511,32.805,32937,5545,200.0,0,0,81.9
1795,reliability_dynamic_mobilenetv2,stable,features_16,1775838073271.032,1775838073349.546,78.513,9.521,67.992,20.750,32937,5545,200.0,0,0,90.4
1796,reliability_dynamic_mobilenetv2,stable,features_16,1775838073353.545,1775838073438.060,84.515,19.007,64.508,20.806,32937,5545,200.0,0,0,90.7
1797,reliability_dynamic_mobilenetv2,stable,features_16,1775838073442.058,1775838073525.572,83.514,21.005,60.509,19.672,32937,5545,200.0,0,0,91.8
1798,reliability_dynamic_mobilenetv2,stable,features_16,1775838073529.574,1775838073609.085,79.511,16.999,61.513,18.543,32937,5545,200.0,0,0,83.8
1799,reliability_dynamic_mobilenetv2,stable,features_16,1775838073613.086,1775838073690.596,77.510,15.999,60.512,18.518,32937,5545,200.0,0,0,90.0
1800,reliability_dynamic_mobilenetv2,stable,features_16,1775838073693.597,1775838073779.111,85.514,19.001,64.513,20.396,32937,5545,200.0,0,0,93.9
1801,reliability_dynamic_mobilenetv2,stable,features_16,1775838073787.111,1775838073876.825,89.714,21.000,67.714,20.457,32937,5545,200.0,0,0,87.8
1802,reliability_dynamic_mobilenetv2,stable,features_16,1775838073880.824,1775838073959.824,79.000,15.002,61.996,18.773,32937,5545,200.0,0,0,95.3
1803,reliability_dynamic_mobilenetv2,stable,features_16,1775838073963.831,1775838074046.338,82.507,20.508,61.000,18.913,32937,5545,200.0,0,0,98.1
1804,reliability_dynamic_mobilenetv2,stable,features_16,1775838074050.339,1775838074135.852,85.513,17.004,67.508,21.320,32937,5545,200.0,0,0,92.9
1805,reliability_dynamic_mobilenetv2,stable,features_16,1775838074138.850,1775838074218.362,79.512,13.000,65.512,20.201,32937,5545,200.0,0,0,81.2
1806,reliability_dynamic_mobilenetv2,stable,features_16,1775838074222.362,1775838074321.875,99.514,14.002,85.512,29.606,32937,5545,200.0,0,0,91.2
1807,reliability_dynamic_mobilenetv2,stable,features_16,1775838074325.874,1775838074406.387,80.514,15.004,65.510,20.247,32937,5545,200.0,0,0,77.5
1808,reliability_dynamic_mobilenetv2,stable,features_16,1775838074409.385,1775838074499.898,90.512,12.000,76.512,25.189,32937,5545,200.0,0,0,86.9
1809,reliability_dynamic_mobilenetv2,stable,features_16,1775838074503.899,1775838074601.415,97.516,17.998,79.518,33.703,32937,5545,200.0,0,0,90.0
1810,reliability_dynamic_mobilenetv2,stable,features_16,1775838074608.413,1775838074692.929,84.516,14.999,69.517,18.018,32937,5545,200.0,0,0,87.8
1811,reliability_dynamic_mobilenetv2,stable,features_16,1775838074696.927,1775838074802.438,105.510,13.002,90.510,20.651,32937,5545,200.0,0,0,84.8
1812,reliability_dynamic_mobilenetv2,stable,features_16,1775838074805.438,1775838074908.948,103.510,18.000,84.510,32.324,32937,5545,200.0,0,0,81.4
1813,reliability_dynamic_mobilenetv2,stable,features_16,1775838074915.951,1775838075014.457,98.506,12.000,84.506,22.240,32937,5545,200.0,0,0,79.8
1814,reliability_dynamic_mobilenetv2,stable,features_16,1775838075023.457,1775838075110.970,87.513,17.001,69.510,20.115,32937,5545,200.0,0,0,86.7
1815,reliability_dynamic_mobilenetv2,stable,features_16,1775838075113.974,1775838075190.479,76.505,11.994,63.510,18.885,32937,5545,200.0,0,0,82.5
1816,reliability_dynamic_mobilenetv2,stable,features_16,1775838075195.480,1775838075281.992,86.513,19.000,66.512,18.473,32937,5545,200.0,0,0,83.5
1817,reliability_dynamic_mobilenetv2,stable,features_16,1775838075284.994,1775838075414.504,129.510,18.999,109.511,21.076,32937,5545,200.0,0,0,89.3
1818,reliability_dynamic_mobilenetv2,stable,features_16,1775838075418.504,1775838075502.015,83.510,17.004,65.506,21.057,32937,5545,200.0,0,0,89.8
1819,reliability_dynamic_mobilenetv2,stable,features_16,1775838075507.015,1775838075587.528,80.512,18.000,62.512,18.852,32937,5545,200.0,0,0,89.8
1820,reliability_dynamic_mobilenetv2,stable,features_16,1775838075591.525,1775838075672.530,81.005,19.000,62.004,18.690,32937,5545,200.0,0,0,87.7
1821,reliability_dynamic_mobilenetv2,stable,features_16,1775838075677.036,1775838075763.040,86.004,17.000,68.003,21.810,32937,5545,200.0,0,0,92.9
1822,reliability_dynamic_mobilenetv2,stable,features_16,1775838075766.043,1775838075854.554,88.511,19.510,67.001,21.512,32937,5545,200.0,0,0,93.9
1823,reliability_dynamic_mobilenetv2,stable,features_16,1775838075858.554,1775838075945.072,86.518,18.519,65.999,20.158,32937,5545,200.0,0,0,91.2
1824,reliability_dynamic_mobilenetv2,stable,features_16,1775838075949.072,1775838076040.047,90.975,20.005,69.972,22.716,32937,5545,200.0,0,0,96.6
1825,reliability_dynamic_mobilenetv2,stable,features_16,1775838076044.046,1775838076128.560,84.514,21.006,62.508,18.883,32937,5545,200.0,0,0,93.9
1826,reliability_dynamic_mobilenetv2,stable,features_16,1775838076132.562,1775838076208.079,75.517,15.000,60.516,18.264,32937,5545,200.0,0,0,86.6
1827,reliability_dynamic_mobilenetv2,stable,features_16,1775838076212.079,1775838076300.591,88.512,20.000,67.511,22.163,32937,5545,200.0,0,0,88.7
1828,reliability_dynamic_mobilenetv2,stable,features_16,1775838076304.592,1775838076389.109,84.517,17.000,67.518,19.496,32937,5545,200.0,0,0,88.5
1829,reliability_dynamic_mobilenetv2,stable,features_16,1775838076393.109,1775838076494.621,101.512,15.000,86.512,20.346,32937,5545,200.0,0,0,88.8
1830,reliability_dynamic_mobilenetv2,stable,features_16,1775838076550.620,1775838076631.131,80.510,19.004,59.505,18.404,32937,5545,200.0,0,0,93.9
1831,reliability_dynamic_mobilenetv2,stable,features_16,1775838076636.130,1775838076728.801,92.671,18.000,74.671,30.490,32937,5545,200.0,0,0,95.6
1832,reliability_dynamic_mobilenetv2,stable,features_16,1775838076735.800,1775838076821.317,85.517,21.004,62.515,19.437,32937,5545,200.0,0,0,97.0
1833,reliability_dynamic_mobilenetv2,stable,features_16,1775838076825.317,1775838076914.830,89.512,23.000,66.512,21.709,32937,5545,200.0,0,0,93.0
1834,reliability_dynamic_mobilenetv2,stable,features_16,1775838076918.831,1775838077008.344,89.513,22.001,66.512,20.520,32937,5545,200.0,0,0,97.6
1835,reliability_dynamic_mobilenetv2,stable,features_16,1775838077012.344,1775838077106.854,94.511,31.000,63.511,20.120,32937,5545,200.0,0,0,96.6
1836,reliability_dynamic_mobilenetv2,stable,features_16,1775838077112.857,1775838077211.369,98.512,32.999,63.513,19.620,32937,5545,200.0,0,0,96.5
1837,reliability_dynamic_mobilenetv2,stable,features_16,1775838077217.368,1775838077310.879,93.511,26.002,65.510,20.249,32937,5545,200.0,0,0,100.0
1838,reliability_dynamic_mobilenetv2,stable,features_16,1775838077314.880,1775838077403.389,88.509,20.999,66.510,20.909,32937,5545,200.0,0,0,95.0
1839,reliability_dynamic_mobilenetv2,stable,features_16,1775838077408.391,1775838077493.901,85.510,21.001,64.509,19.112,32937,5545,200.0,0,0,97.0
1840,reliability_dynamic_mobilenetv2,stable,features_16,1775838077498.900,1775838077585.414,86.513,22.000,63.514,19.488,32937,5545,200.0,0,0,90.1
1841,reliability_dynamic_mobilenetv2,stable,features_16,1775838077589.414,1775838077678.928,89.514,22.000,67.514,21.858,32937,5545,200.0,0,0,95.9
1842,reliability_dynamic_mobilenetv2,stable,features_16,1775838077683.927,1775838077775.437,91.509,23.002,67.002,20.919,32937,5545,200.0,0,0,93.0
1843,reliability_dynamic_mobilenetv2,stable,features_16,1775838077778.442,1775838077868.447,90.005,25.000,62.005,20.067,32937,5545,200.0,0,0,99.0
1844,reliability_dynamic_mobilenetv2,stable,features_16,1775838077872.447,1775838077958.983,86.536,23.510,60.999,18.235,32937,5545,200.0,0,0,96.3
1845,reliability_dynamic_mobilenetv2,stable,features_16,1775838077963.992,1775838078052.516,88.524,21.510,66.014,21.185,32937,5545,200.0,0,0,95.9
1846,reliability_dynamic_mobilenetv2,stable,features_16,1775838078056.516,1775838078152.030,95.514,27.515,67.000,21.543,32937,5545,200.0,0,0,97.4
1847,reliability_dynamic_mobilenetv2,stable,features_16,1775838078158.031,1775838078255.545,97.514,29.513,67.000,20.351,32937,5545,200.0,0,0,95.9
1848,reliability_dynamic_mobilenetv2,stable,features_16,1775838078259.545,1775838078353.062,93.517,25.516,67.002,21.506,32937,5545,200.0,0,0,93.8
1849,reliability_dynamic_mobilenetv2,stable,features_16,1775838078357.060,1775838078440.584,83.524,19.522,61.999,18.967,32937,5545,200.0,0,0,93.2
1850,reliability_dynamic_mobilenetv2,stable,features_16,1775838078444.583,1775838078538.093,93.510,26.003,67.507,19.930,32937,5545,200.0,0,0,92.8
1851,reliability_dynamic_mobilenetv2,stable,features_16,1775838078543.093,1775838078632.606,89.513,22.007,67.507,20.598,32937,5545,200.0,0,0,91.8
1852,reliability_dynamic_mobilenetv2,stable,features_16,1775838078636.606,1775838078717.118,80.511,19.000,59.511,18.564,32937,5545,200.0,0,0,85.7
1853,reliability_dynamic_mobilenetv2,stable,features_16,1775838078721.120,1775838078802.628,81.508,15.999,64.509,20.210,32937,5545,200.0,0,0,85.0
1854,reliability_dynamic_mobilenetv2,stable,features_16,1775838078805.629,1775838078890.142,84.513,20.000,63.512,19.803,32937,5545,200.0,0,0,89.6
1855,reliability_dynamic_mobilenetv2,stable,features_16,1775838078894.142,1775838078982.872,88.730,23.001,64.729,19.905,32937,5545,200.0,0,0,92.9
1856,reliability_dynamic_mobilenetv2,stable,features_16,1775838078986.874,1775838079074.291,87.417,23.410,63.005,19.554,32937,5545,200.0,0,0,98.0
1857,reliability_dynamic_mobilenetv2,stable,features_16,1775838079079.801,1775838079196.508,116.708,29.000,86.708,18.945,32937,5545,200.0,0,0,94.8
1858,reliability_dynamic_mobilenetv2,stable,features_16,1775838079209.508,1775838079322.022,112.514,46.000,65.511,20.787,32937,5545,200.0,0,0,91.0
1859,reliability_dynamic_mobilenetv2,stable,features_16,1775838079326.019,1775838079407.530,81.511,14.001,65.510,21.962,32937,5545,200.0,0,0,93.9
1860,reliability_dynamic_mobilenetv2,stable,features_16,1775838079411.530,1775838079496.043,84.512,21.001,63.512,20.279,32937,5545,200.0,0,0,88.8
1861,reliability_dynamic_mobilenetv2,stable,features_16,1775838079501.045,1775838079579.560,78.515,16.997,61.517,19.045,32937,5545,200.0,0,0,88.9
1862,reliability_dynamic_mobilenetv2,stable,features_16,1775838079583.559,1775838079665.561,82.002,19.001,60.001,19.479,32937,5545,200.0,0,0,85.6
1863,reliability_dynamic_mobilenetv2,stable,features_16,1775838079668.563,1775838079758.086,89.523,12.522,76.000,20.586,32937,5545,200.0,0,0,86.4
1864,reliability_dynamic_mobilenetv2,stable,features_16,1775838079762.096,1775838079844.602,82.507,11.994,70.512,23.338,32937,5545,200.0,0,0,90.2
1865,reliability_dynamic_mobilenetv2,stable,features_16,1775838079850.601,1775838079945.118,94.516,24.006,68.004,22.603,32937,5545,200.0,0,0,86.5
1866,reliability_dynamic_mobilenetv2,stable,features_16,1775838079948.118,1775838080020.628,72.510,12.000,58.510,17.812,32937,5545,200.0,0,0,82.5
1867,reliability_dynamic_mobilenetv2,stable,features_16,1775838080024.628,1775838080100.138,75.510,14.000,60.508,18.177,32937,5545,200.0,0,0,83.8
1868,reliability_dynamic_mobilenetv2,stable,features_16,1775838080103.137,1775838080195.647,92.510,12.000,78.510,20.032,32937,5545,200.0,0,0,81.4
1869,reliability_dynamic_mobilenetv2,stable,features_16,1775838080199.646,1775838080322.159,122.512,21.000,100.513,22.543,32937,5545,200.0,0,0,83.3
1870,reliability_dynamic_mobilenetv2,stable,features_16,1775838080325.166,1775838080404.673,79.507,15.994,62.514,19.458,32937,5545,200.0,0,0,83.8
1871,reliability_dynamic_mobilenetv2,stable,features_16,1775838080408.671,1775838080487.184,78.513,17.000,60.515,18.993,32937,5545,200.0,0,0,84.0
1872,reliability_dynamic_mobilenetv2,stable,features_16,1775838080490.183,1775838080576.189,86.006,17.001,67.006,20.440,32937,5545,200.0,0,0,81.6
1873,reliability_dynamic_mobilenetv2,stable,features_16,1775838080579.697,1775838080659.696,79.999,12.000,66.999,22.082,32937,5545,200.0,0,0,85.0
1874,reliability_dynamic_mobilenetv2,stable,features_16,1775838080662.704,1775838080738.208,75.504,11.997,63.507,20.745,32937,5545,200.0,0,0,82.5
1875,reliability_dynamic_mobilenetv2,stable,features_16,1775838080742.209,1775838080820.718,78.509,14.001,62.508,19.287,32937,5545,200.0,0,0,87.2
1876,reliability_dynamic_mobilenetv2,stable,features_16,1775838080824.718,1775838080908.232,83.514,15.002,68.512,21.395,32937,5545,200.0,0,0,86.6
1877,reliability_dynamic_mobilenetv2,stable,features_16,1775838080913.232,1775838080995.749,82.517,14.001,67.514,21.538,32937,5545,200.0,0,0,85.6
1878,reliability_dynamic_mobilenetv2,stable,features_16,1775838081000.814,1775838081154.718,153.905,29.389,124.515,20.805,32937,5545,200.0,0,0,94.4
1879,reliability_dynamic_mobilenetv2,stable,features_16,1775838081158.719,1775838081241.234,82.515,15.005,66.509,20.084,32937,5545,200.0,0,0,89.0
1880,reliability_dynamic_mobilenetv2,stable,features_16,1775838081244.234,1775838081319.748,75.513,14.999,60.514,18.724,32937,5545,200.0,0,0,92.6
1881,reliability_dynamic_mobilenetv2,stable,features_16,1775838081323.747,1775838081404.261,80.513,18.002,60.511,18.260,32937,5545,200.0,0,0,89.6
1882,reliability_dynamic_mobilenetv2,stable,features_16,1775838081408.260,1775838081494.779,86.519,17.000,69.518,21.950,32937,5545,200.0,0,0,85.9
1883,reliability_dynamic_mobilenetv2,stable,features_16,1775838081498.778,1775838081587.295,88.517,20.001,68.516,21.810,32937,5545,200.0,0,0,89.7
1884,reliability_dynamic_mobilenetv2,stable,features_16,1775838081591.295,1775838081671.299,80.004,17.000,62.004,19.010,32937,5545,200.0,0,0,92.6
1885,reliability_dynamic_mobilenetv2,stable,features_16,1775838081675.302,1775838081763.816,88.514,24.510,63.004,19.493,32937,5545,200.0,0,0,96.9
1886,reliability_dynamic_mobilenetv2,stable,features_16,1775838081768.818,1775838081859.328,90.510,19.510,68.999,22.686,32937,5545,200.0,0,0,97.9
1887,reliability_dynamic_mobilenetv2,stable,features_16,1775838081863.332,1775838081954.841,91.508,21.509,69.000,20.425,32937,5545,200.0,0,0,96.0
1888,reliability_dynamic_mobilenetv2,stable,features_16,1775838081960.841,1775838082049.355,88.514,23.515,62.999,19.809,32937,5545,200.0,0,0,98.0
1889,reliability_dynamic_mobilenetv2,stable,features_16,1775838082053.445,1775838082147.967,94.521,27.522,65.000,19.800,32937,5545,200.0,0,0,98.0
1890,reliability_dynamic_mobilenetv2,stable,features_16,1775838082151.967,1775838082246.487,94.520,24.513,69.012,22.111,32937,5545,200.0,0,0,94.6
1891,reliability_dynamic_mobilenetv2,stable,features_16,1775838082250.485,1775838082338.999,88.514,20.007,67.507,21.567,32937,5545,200.0,0,0,96.0
1892,reliability_dynamic_mobilenetv2,stable,features_16,1775838082344.001,1775838082429.510,85.509,24.003,60.506,18.926,32937,5545,200.0,0,0,98.8
1893,reliability_dynamic_mobilenetv2,stable,features_16,1775838082433.510,1775838082520.021,86.510,23.000,63.510,19.526,32937,5545,200.0,0,0,97.0
1894,reliability_dynamic_mobilenetv2,stable,features_16,1775838082525.027,1775838082614.554,89.528,23.509,65.020,21.082,32937,5545,200.0,0,0,98.0
1895,reliability_dynamic_mobilenetv2,stable,features_16,1775838082618.555,1775838082710.067,91.511,25.000,65.512,21.748,32937,5545,200.0,0,0,99.0
1896,reliability_dynamic_mobilenetv2,stable,features_16,1775838082715.068,1775838082806.582,91.514,23.999,65.516,20.811,32937,5545,200.0,0,0,99.1
1897,reliability_dynamic_mobilenetv2,stable,features_16,1775838082811.582,1775838082907.093,95.510,27.001,67.510,21.323,32937,5545,200.0,0,0,99.0
1898,reliability_dynamic_mobilenetv2,stable,features_16,1775838082911.094,1775838082994.605,83.511,21.000,61.510,19.261,32937,5545,200.0,0,0,85.6
1899,reliability_dynamic_mobilenetv2,stable,features_16,1775838082998.604,1775838083079.116,80.513,18.000,60.512,18.846,32937,5545,200.0,0,0,93.8
1900,reliability_dynamic_mobilenetv2,stable,features_16,1775838083084.116,1775838083170.120,86.004,19.002,66.002,20.319,32937,5545,200.0,0,0,84.4
1901,reliability_dynamic_mobilenetv2,stable,features_16,1775838083173.244,1775838083262.760,89.516,20.511,68.000,21.411,32937,5545,200.0,0,0,92.0
1902,reliability_dynamic_mobilenetv2,stable,features_16,1775838083265.761,1775838083348.271,82.510,17.510,62.999,18.915,32937,5545,200.0,0,0,92.6
1903,reliability_dynamic_mobilenetv2,stable,features_16,1775838083353.272,1775838083436.788,83.517,20.004,63.512,18.935,32937,5545,200.0,0,0,95.9
1904,reliability_dynamic_mobilenetv2,stable,features_16,1775838083441.785,1775838083541.302,99.517,21.010,76.508,20.701,32937,5545,200.0,0,0,99.1
1905,reliability_dynamic_mobilenetv2,stable,features_16,1775838083546.302,1775838083635.818,89.517,21.005,67.510,22.929,32937,5545,200.0,0,0,94.8
1906,reliability_dynamic_mobilenetv2,stable,features_16,1775838083639.818,1775838083730.947,91.129,21.000,69.129,21.006,32937,5545,200.0,0,0,100.0
1907,reliability_dynamic_mobilenetv2,stable,features_16,1775838083734.945,1775838083829.458,94.513,25.000,67.514,20.436,32937,5545,200.0,0,0,98.1
1908,reliability_dynamic_mobilenetv2,stable,features_16,1775838083834.458,1775838083925.980,91.523,28.004,61.515,18.217,32937,5545,200.0,0,0,95.0
1909,reliability_dynamic_mobilenetv2,stable,features_16,1775838083930.977,1775838084022.383,91.406,15.001,75.405,25.384,32937,5545,200.0,0,0,88.5
1910,reliability_dynamic_mobilenetv2,stable,features_16,1775838084026.382,1775838084117.904,91.522,21.001,68.521,21.194,32937,5545,200.0,0,0,99.2
1911,reliability_dynamic_mobilenetv2,stable,features_16,1775838084123.903,1775838084236.418,112.515,38.001,73.514,21.004,32937,5545,200.0,0,0,98.3
1912,reliability_dynamic_mobilenetv2,stable,features_16,1775838084241.417,1775838084320.936,79.518,18.002,60.515,18.541,32937,5545,200.0,0,0,89.9
1913,reliability_dynamic_mobilenetv2,stable,features_16,1775838084323.933,1775838084411.443,87.510,18.000,67.510,20.390,32937,5545,200.0,0,0,81.6
1914,reliability_dynamic_mobilenetv2,stable,features_16,1775838084415.443,1775838084503.957,88.514,19.001,68.511,21.535,32937,5545,200.0,0,0,86.5
1915,reliability_dynamic_mobilenetv2,stable,features_16,1775838084507.954,1775838084599.464,91.509,21.001,70.509,24.693,32937,5545,200.0,0,0,88.5
1916,reliability_dynamic_mobilenetv2,stable,features_16,1775838084604.466,1775838084680.980,76.514,14.999,59.512,19.138,32937,5545,200.0,0,0,89.6
1917,reliability_dynamic_mobilenetv2,stable,features_16,1775838084685.979,1775838084763.982,78.003,13.001,64.002,21.749,32937,5545,200.0,0,0,87.7
1918,reliability_dynamic_mobilenetv2,stable,features_16,1775838084766.982,1775838084854.491,87.510,16.509,71.000,23.453,32937,5545,200.0,0,0,89.6
1919,reliability_dynamic_mobilenetv2,stable,features_16,1775838084858.491,1775838084942.006,83.515,16.007,66.509,21.318,32937,5545,200.0,0,0,87.7
1920,reliability_dynamic_mobilenetv2,stable,features_16,1775838084946.005,1775838085034.515,88.510,16.000,71.510,18.533,32937,5545,200.0,0,0,86.6
1921,reliability_dynamic_mobilenetv2,stable,features_16,1775838085037.516,1775838085129.026,91.510,19.000,69.510,20.204,32937,5545,200.0,0,0,88.7
1922,reliability_dynamic_mobilenetv2,stable,features_16,1775838085133.026,1775838085220.536,87.510,16.001,70.511,20.690,32937,5545,200.0,0,0,86.6
1923,reliability_dynamic_mobilenetv2,stable,features_16,1775838085224.536,1775838085310.050,85.513,20.000,64.512,20.493,32937,5545,200.0,0,0,91.8
1924,reliability_dynamic_mobilenetv2,stable,features_16,1775838085315.051,1775838085401.563,86.512,20.000,66.512,21.386,32937,5545,200.0,0,0,88.5
1925,reliability_dynamic_mobilenetv2,stable,features_16,1775838085405.563,1775838085487.078,81.515,16.000,63.516,19.701,32937,5545,200.0,0,0,95.1
1926,reliability_dynamic_mobilenetv2,stable,features_16,1775838085491.078,1775838085573.083,82.006,20.001,61.003,18.119,32937,5545,200.0,0,0,94.8
1927,reliability_dynamic_mobilenetv2,stable,features_16,1775838085577.589,1775838085660.594,83.005,16.006,66.999,20.991,32937,5545,200.0,0,0,91.2
1928,reliability_dynamic_mobilenetv2,stable,features_16,1775838085664.597,1775838085766.113,101.516,20.514,80.002,34.284,32937,5545,200.0,0,0,90.2
1929,reliability_dynamic_mobilenetv2,stable,features_16,1775838085771.113,1775838085852.621,81.508,18.509,63.000,18.852,32937,5545,200.0,0,0,93.9
1930,reliability_dynamic_mobilenetv2,stable,features_16,1775838085857.624,1775838085946.137,88.513,18.004,69.510,26.980,32937,5545,200.0,0,0,99.0
1931,reliability_dynamic_mobilenetv2,stable,features_16,1775838085951.145,1775838086043.653,92.508,23.997,66.510,20.951,32937,5545,200.0,0,0,87.5
1932,reliability_dynamic_mobilenetv2,stable,features_16,1775838086048.650,1775838086133.164,84.513,17.005,66.509,21.269,32937,5545,200.0,0,0,85.6
1933,reliability_dynamic_mobilenetv2,stable,features_16,1775838086137.166,1775838086214.675,77.509,13.000,63.510,20.672,32937,5545,200.0,0,0,91.4
1934,reliability_dynamic_mobilenetv2,stable,features_16,1775838086218.676,1775838086320.188,101.513,21.001,79.510,25.166,32937,5545,200.0,0,0,89.8
1935,reliability_dynamic_mobilenetv2,stable,features_16,1775838086323.187,1775838086407.632,84.444,16.003,67.444,20.674,32937,5545,200.0,0,0,83.5
1936,reliability_dynamic_mobilenetv2,stable,features_16,1775838086410.631,1775838086487.139,76.508,12.999,61.510,19.713,32937,5545,200.0,0,0,84.1
1937,reliability_dynamic_mobilenetv2,stable,features_16,1775838086491.140,1775838086568.144,77.004,14.002,62.004,19.832,32937,5545,200.0,0,0,77.8
1938,reliability_dynamic_mobilenetv2,stable,features_16,1775838086572.146,1775838086656.656,84.509,11.510,72.999,19.770,32937,5545,200.0,0,0,78.1
1939,reliability_dynamic_mobilenetv2,stable,features_16,1775838086661.664,1775838086751.180,89.515,18.515,71.000,21.668,32937,5545,200.0,0,0,79.4
1940,reliability_dynamic_mobilenetv2,stable,features_16,1775838086755.178,1775838086867.693,112.515,9.005,102.511,24.812,32937,5545,200.0,0,0,79.1
1941,reliability_dynamic_mobilenetv2,stable,features_16,1775838086870.693,1775838086949.210,78.517,12.516,65.001,20.712,32937,5545,200.0,0,0,76.5
1942,reliability_dynamic_mobilenetv2,stable,features_16,1775838086954.209,1775838087026.726,72.517,12.006,59.510,18.462,32937,5545,200.0,0,0,87.5
1943,reliability_dynamic_mobilenetv2,stable,features_16,1775838087030.726,1775838087102.238,71.512,10.001,60.511,19.245,32937,5545,200.0,0,0,87.5
1944,reliability_dynamic_mobilenetv2,stable,features_16,1775838087106.237,1775838087201.753,95.517,12.002,83.515,34.162,32937,5545,200.0,0,0,77.3
1945,reliability_dynamic_mobilenetv2,stable,features_16,1775838087205.750,1775838087289.263,83.513,16.001,65.512,20.322,32937,5545,200.0,0,0,82.5
1946,reliability_dynamic_mobilenetv2,stable,features_16,1775838087292.263,1775838087387.723,95.460,19.000,76.460,20.291,32937,5545,200.0,0,0,82.3
1947,reliability_dynamic_mobilenetv2,stable,features_16,1775838087391.723,1775838087470.728,79.005,13.001,65.002,19.665,32937,5545,200.0,0,0,81.2
1948,reliability_dynamic_mobilenetv2,stable,features_16,1775838087474.726,1775838087563.239,88.513,17.515,69.994,23.381,32937,5545,200.0,0,0,84.4
1949,reliability_dynamic_mobilenetv2,stable,features_16,1775838087566.239,1775838087650.749,84.510,15.509,66.999,20.409,32937,5545,200.0,0,0,84.4
1950,reliability_dynamic_mobilenetv2,stable,features_16,1775838087654.748,1775838087730.264,75.516,14.005,61.511,19.486,32937,5545,200.0,0,0,90.4
1951,reliability_dynamic_mobilenetv2,stable,features_16,1775838087734.264,1775838087834.775,100.511,18.002,80.512,20.653,32937,5545,200.0,0,0,91.9
1952,reliability_dynamic_mobilenetv2,stable,features_16,1775838087840.776,1775838087946.297,105.521,34.008,69.512,22.829,32937,5545,200.0,0,0,92.2
1953,reliability_dynamic_mobilenetv2,stable,features_16,1775838087950.297,1775838088031.809,81.512,12.001,68.507,22.580,32937,5545,200.0,0,0,93.8
1954,reliability_dynamic_mobilenetv2,stable,features_16,1775838088036.809,1775838088122.320,85.511,21.000,63.511,19.438,32937,5545,200.0,0,0,90.9
1955,reliability_dynamic_mobilenetv2,stable,features_16,1775838088126.320,1775838088221.767,95.446,16.001,78.446,32.346,32937,5545,200.0,0,0,84.4
1956,reliability_dynamic_mobilenetv2,stable,features_16,1775838088225.767,1775838088312.281,86.514,20.000,64.512,20.569,32937,5545,200.0,0,0,93.8
1957,reliability_dynamic_mobilenetv2,stable,features_16,1775838088316.281,1775838088402.797,86.517,20.000,64.518,20.017,32937,5545,200.0,0,0,96.9
1958,reliability_dynamic_mobilenetv2,stable,features_16,1775838088406.797,1775838088503.310,96.513,28.001,67.513,20.836,32937,5545,200.0,0,0,96.1
1959,reliability_dynamic_mobilenetv2,stable,features_16,1775838088507.312,1775838088597.822,90.510,22.999,66.511,19.452,32937,5545,200.0,0,0,92.9
1960,reliability_dynamic_mobilenetv2,stable,features_16,1775838088601.821,1775838088685.336,83.515,22.001,60.513,18.376,32937,5545,200.0,0,0,95.9
1961,reliability_dynamic_mobilenetv2,stable,features_16,1775838088689.336,1775838088784.847,95.511,26.000,68.511,20.336,32937,5545,200.0,0,0,96.9
1962,reliability_dynamic_mobilenetv2,stable,features_16,1775838088788.849,1775838088886.360,97.510,26.999,69.512,21.162,32937,5545,200.0,0,0,94.8
1963,reliability_dynamic_mobilenetv2,stable,features_16,1775838088891.362,1775838088977.868,86.507,25.000,61.003,18.436,32937,5545,200.0,0,0,97.0
1964,reliability_dynamic_mobilenetv2,stable,features_16,1775838088983.872,1775838089084.386,100.514,37.001,63.513,19.140,32937,5545,200.0,0,0,94.8
1965,reliability_dynamic_mobilenetv2,stable,features_16,1775838089088.385,1775838089202.899,114.514,21.000,92.513,22.282,32937,5545,200.0,0,0,92.5
1966,reliability_dynamic_mobilenetv2,stable,features_16,1775838089207.899,1775838089309.416,101.516,34.003,66.512,20.066,32937,5545,200.0,0,0,96.6
1967,reliability_dynamic_mobilenetv2,stable,features_16,1775838089313.416,1775838089397.926,84.510,23.001,60.509,18.245,32937,5545,200.0,0,0,95.1
1968,reliability_dynamic_mobilenetv2,stable,features_16,1775838089401.927,1775838089484.437,82.510,20.001,61.510,18.450,32937,5545,200.0,0,0,88.9
1969,reliability_dynamic_mobilenetv2,stable,features_16,1775838089488.438,1775838089577.441,89.003,20.000,68.003,21.829,32937,5545,200.0,0,0,89.8
1970,reliability_dynamic_mobilenetv2,stable,features_16,1775838089580.948,1775838089666.953,86.004,16.003,68.002,21.300,32937,5545,200.0,0,0,91.0
1971,reliability_dynamic_mobilenetv2,stable,features_16,1775838089670.953,1775838089752.462,81.509,15.510,63.997,20.193,32937,5545,200.0,0,0,85.9
1972,reliability_dynamic_mobilenetv2,stable,features_16,1775838089755.462,1775838089838.975,83.513,13.005,69.509,23.008,32937,5545,200.0,0,0,84.4
1973,reliability_dynamic_mobilenetv2,stable,features_16,1775838089842.974,1775838089919.483,76.508,13.999,61.509,19.730,32937,5545,200.0,0,0,90.0
1974,reliability_dynamic_mobilenetv2,stable,features_16,1775838089922.483,1775838090004.994,82.511,20.002,61.510,19.289,32937,5545,200.0,0,0,88.8
1975,reliability_dynamic_mobilenetv2,stable,features_16,1775838090010.994,1775838090105.507,94.514,26.002,67.511,21.729,32937,5545,200.0,0,0,94.9
1976,reliability_dynamic_mobilenetv2,stable,features_16,1775838090109.508,1775838090196.023,86.515,18.000,67.515,20.764,32937,5545,200.0,0,0,89.6
1977,reliability_dynamic_mobilenetv2,stable,features_16,1775838090199.022,1775838090306.539,107.516,18.001,87.514,34.607,32937,5545,200.0,0,0,77.9
1978,reliability_dynamic_mobilenetv2,stable,features_16,1775838090309.539,1775838090382.051,72.512,11.001,60.511,18.306,32937,5545,200.0,0,0,83.1
1979,reliability_dynamic_mobilenetv2,stable,features_16,1775838090386.049,1775838090466.052,80.002,11.002,67.999,24.721,32937,5545,200.0,0,0,78.4
1980,reliability_dynamic_mobilenetv2,stable,features_16,1775838090470.052,1775838090560.566,90.514,12.511,78.003,20.867,32937,5545,200.0,0,0,76.0
1981,reliability_dynamic_mobilenetv2,stable,features_16,1775838090563.574,1775838090644.075,80.501,16.502,63.999,19.670,32937,5545,200.0,0,0,77.5
1982,reliability_dynamic_mobilenetv2,stable,features_16,1775838090648.074,1775838090723.584,75.510,12.001,61.511,18.507,32937,5545,200.0,0,0,81.7
1983,reliability_dynamic_mobilenetv2,stable,features_16,1775838090732.584,1775838090817.094,84.510,18.001,65.510,21.278,32937,5545,200.0,0,0,80.8
1984,reliability_dynamic_mobilenetv2,stable,features_16,1775838090821.096,1775838090901.609,80.513,10.999,68.514,19.417,32937,5545,200.0,0,0,78.4
1985,reliability_dynamic_mobilenetv2,stable,features_16,1775838090904.609,1775838090985.131,80.521,13.001,66.519,24.837,32937,5545,200.0,0,0,80.2
1986,reliability_dynamic_mobilenetv2,stable,features_16,1775838090988.131,1775838091067.132,79.001,12.998,65.003,22.366,32937,5545,200.0,0,0,88.8
1987,reliability_dynamic_mobilenetv2,stable,features_16,1775838091071.131,1775838091145.647,74.516,12.510,61.001,18.883,32937,5545,200.0,0,0,80.0
1988,reliability_dynamic_mobilenetv2,stable,features_16,1775838091148.643,1775838091223.150,74.508,13.000,60.507,19.221,32937,5545,200.0,0,0,80.0
1989,reliability_dynamic_mobilenetv2,stable,features_16,1775838091226.151,1775838091312.660,86.510,18.000,66.510,21.103,32937,5545,200.0,0,0,86.5
1990,reliability_dynamic_mobilenetv2,stable,features_16,1775838091315.661,1775838091403.170,87.510,18.002,69.507,20.297,32937,5545,200.0,0,0,88.5
1991,reliability_dynamic_mobilenetv2,stable,features_16,1775838091407.171,1775838091480.681,73.511,12.000,59.510,18.886,32937,5545,200.0,0,0,87.5
1992,reliability_dynamic_mobilenetv2,stable,features_16,1775838091484.681,1775838091569.685,85.003,15.000,69.003,18.788,32937,5545,200.0,0,0,92.6
1993,reliability_dynamic_mobilenetv2,stable,features_16,1775838091573.685,1775838091665.201,91.516,18.513,72.003,19.814,32937,5545,200.0,0,0,94.2
1994,reliability_dynamic_mobilenetv2,stable,features_16,1775838091670.201,1775838091763.716,93.515,19.510,72.000,21.797,32937,5545,200.0,0,0,87.5
1995,reliability_dynamic_mobilenetv2,stable,features_16,1775838091768.718,1775838091853.231,84.514,14.513,69.001,24.821,32937,5545,200.0,0,0,83.3
1996,reliability_dynamic_mobilenetv2,stable,features_16,1775838091857.230,1775838091934.745,77.516,12.005,63.511,20.983,32937,5545,200.0,0,0,85.2
1997,reliability_dynamic_mobilenetv2,stable,features_16,1775838091937.744,1775838092019.261,81.517,14.002,65.513,21.024,32937,5545,200.0,0,0,90.0
1998,reliability_dynamic_mobilenetv2,stable,features_16,1775838092022.260,1775838092106.772,84.513,18.000,66.513,20.573,32937,5545,200.0,0,0,86.6
1999,reliability_dynamic_mobilenetv2,stable,features_16,1775838092110.774,1775838092196.292,85.517,14.000,71.518,20.598,32937,5545,200.0,0,0,87.5
2000,reliability_dynamic_mobilenetv2,stable,features_16,1775838092200.292,1775838092280.803,80.511,18.000,62.511,19.843,32937,5545,200.0,0,0,90.1
2001,reliability_dynamic_mobilenetv2,stable,features_16,1775838092285.804,1775838092368.806,83.002,17.999,65.003,19.804,32937,5545,200.0,0,0,92.8
2002,reliability_dynamic_mobilenetv2,stable,features_16,1775838092372.807,1775838092460.318,87.511,19.511,68.000,21.620,32937,5545,200.0,0,0,95.1
2003,reliability_dynamic_mobilenetv2,stable,features_16,1775838092464.322,1775838092552.347,88.026,19.512,68.513,21.535,32937,5545,200.0,0,0,94.8
2004,reliability_dynamic_mobilenetv2,stable,features_16,1775838092556.851,1775838092683.893,127.042,21.517,103.520,20.430,32937,5545,200.0,0,0,91.7
2005,reliability_dynamic_mobilenetv2,stable,features_16,1775838092687.892,1775838092785.407,97.515,31.001,65.514,20.181,32937,5545,200.0,0,0,93.9
2006,reliability_dynamic_mobilenetv2,stable,features_16,1775838092790.407,1775838092874.414,84.007,21.000,61.006,18.889,32937,5545,200.0,0,0,91.8
2007,reliability_dynamic_mobilenetv2,stable,features_16,1775838092878.925,1775838092971.929,93.004,21.000,70.005,20.945,32937,5545,200.0,0,0,90.9
2008,reliability_dynamic_mobilenetv2,stable,features_16,1775838092975.930,1775838093061.438,85.508,18.509,64.999,20.196,32937,5545,200.0,0,0,92.0
2009,reliability_dynamic_mobilenetv2,stable,features_16,1775838093065.442,1775838093149.952,84.510,20.511,63.999,19.981,32937,5545,200.0,0,0,94.8
2010,reliability_dynamic_mobilenetv2,stable,features_16,1775838093154.953,1775838093239.466,84.513,20.004,63.509,20.961,32937,5545,200.0,0,0,91.6
2011,reliability_dynamic_mobilenetv2,stable,features_16,1775838093243.465,1775838093325.982,82.517,15.002,66.513,20.220,32937,5545,200.0,0,0,93.9
2012,reliability_dynamic_mobilenetv2,stable,features_16,1775838093329.984,1775838093421.493,91.509,22.997,66.513,20.816,32937,5545,200.0,0,0,90.9
2013,reliability_dynamic_mobilenetv2,stable,features_16,1775838093424.494,1775838093508.059,83.565,19.999,62.567,19.852,32937,5545,200.0,0,0,92.9
2014,reliability_dynamic_mobilenetv2,stable,features_16,1775838093512.007,1775838093596.041,84.033,20.001,63.033,19.331,32937,5545,200.0,0,0,87.7
2015,reliability_dynamic_mobilenetv2,stable,features_16,1775838093600.041,1775838093687.553,87.512,20.000,67.512,20.385,32937,5545,200.0,0,0,89.6
2016,reliability_dynamic_mobilenetv2,stable,features_16,1775838093692.553,1775838093782.064,89.511,17.000,71.511,22.071,32937,5545,200.0,0,0,88.5
2017,reliability_dynamic_mobilenetv2,stable,features_16,1775838093786.065,1775838093868.071,82.006,21.000,60.007,18.463,32937,5545,200.0,0,0,94.0
2018,reliability_dynamic_mobilenetv2,stable,features_16,1775838093872.071,1775838093951.583,79.511,16.512,62.000,18.842,32937,5545,200.0,0,0,88.9
2019,reliability_dynamic_mobilenetv2,stable,features_16,1775838093955.584,1775838094051.097,95.513,18.005,76.508,22.789,32937,5545,200.0,0,0,90.6
2020,reliability_dynamic_mobilenetv2,stable,features_16,1775838094055.096,1775838094142.610,87.514,23.508,63.000,18.716,32937,5545,200.0,0,0,90.9
2021,reliability_dynamic_mobilenetv2,stable,features_16,1775838094149.609,1775838094232.120,82.511,17.004,64.508,20.190,32937,5545,200.0,0,0,91.7
2022,reliability_dynamic_mobilenetv2,stable,features_16,1775838094236.121,1775838094319.639,83.518,16.000,66.518,21.341,32937,5545,200.0,0,0,86.2
2023,reliability_dynamic_mobilenetv2,stable,features_16,1775838094323.639,1775838094406.150,82.511,21.002,61.509,18.362,32937,5545,200.0,0,0,85.9
2024,reliability_dynamic_mobilenetv2,stable,features_16,1775838094410.150,1775838094493.229,83.079,19.000,64.079,19.234,32937,5545,200.0,0,0,87.5
2025,reliability_dynamic_mobilenetv2,stable,features_16,1775838094525.228,1775838094608.740,83.513,15.002,67.510,22.656,32937,5545,200.0,0,0,87.8
2026,reliability_dynamic_mobilenetv2,stable,features_16,1775838094612.741,1775838094697.254,84.513,18.000,65.513,19.449,32937,5545,200.0,0,0,89.1
2027,reliability_dynamic_mobilenetv2,stable,features_16,1775838094701.254,1775838094781.303,80.049,17.000,61.046,18.929,32937,5545,200.0,0,0,82.5
2028,reliability_dynamic_mobilenetv2,stable,features_16,1775838094784.300,1775838094858.301,74.000,12.001,61.999,18.892,32937,5545,200.0,0,0,78.8
2029,reliability_dynamic_mobilenetv2,stable,features_16,1775838094862.299,1775838094948.812,86.513,16.005,69.005,25.246,32937,5545,200.0,0,0,81.4
2030,reliability_dynamic_mobilenetv2,stable,features_16,1775838094951.815,1775838095032.326,80.511,16.006,63.505,19.635,32937,5545,200.0,0,0,91.4
2031,reliability_dynamic_mobilenetv2,stable,features_16,1775838095055.326,1775838095136.839,81.513,19.006,61.507,19.156,32937,5545,200.0,0,0,92.9
2032,reliability_dynamic_mobilenetv2,stable,features_16,1775838095140.839,1775838095222.351,81.512,15.002,63.511,18.873,32937,5545,200.0,0,0,94.3
2033,reliability_dynamic_mobilenetv2,stable,features_16,1775838095228.352,1775838095317.864,89.512,22.999,64.512,19.631,32937,5545,200.0,0,0,96.0
2034,reliability_dynamic_mobilenetv2,stable,features_16,1775838095322.864,1775838095415.382,92.518,26.999,65.519,20.229,32937,5545,200.0,0,0,96.6
2035,reliability_dynamic_mobilenetv2,stable,features_16,1775838095419.378,1775838095571.898,152.521,37.002,114.518,44.047,32937,5545,200.0,0,0,88.9
2036,reliability_dynamic_mobilenetv2,stable,features_16,1775838095576.900,1775838095664.418,87.519,21.514,66.005,20.661,32937,5545,200.0,0,0,91.9
2037,reliability_dynamic_mobilenetv2,stable,features_16,1775838095669.419,1775838095754.935,85.515,20.514,64.000,20.269,32937,5545,200.0,0,0,95.3
2038,reliability_dynamic_mobilenetv2,stable,features_16,1775838095758.934,1775838095839.446,80.512,18.005,61.509,18.203,32937,5545,200.0,0,0,91.1
2039,reliability_dynamic_mobilenetv2,stable,features_16,1775838095842.447,1775838095931.963,89.516,19.001,68.516,20.792,32937,5545,200.0,0,0,87.5
2040,reliability_dynamic_mobilenetv2,stable,features_16,1775838095934.963,1775838096017.477,82.514,15.000,65.513,20.791,32937,5545,200.0,0,0,87.7
2041,reliability_dynamic_mobilenetv2,stable,features_16,1775838096021.476,1775838096101.513,80.037,18.000,62.037,19.168,32937,5545,200.0,0,0,88.1
2042,reliability_dynamic_mobilenetv2,stable,features_16,1775838096104.513,1775838096183.023,78.510,12.000,66.510,20.092,32937,5545,200.0,0,0,87.1
2043,reliability_dynamic_mobilenetv2,stable,features_16,1775838096187.024,1775838096272.030,85.005,17.999,65.004,20.387,32937,5545,200.0,0,0,92.8
2044,reliability_dynamic_mobilenetv2,stable,features_16,1775838096276.028,1775838096376.545,100.517,15.512,84.004,25.263,32937,5545,200.0,0,0,91.2
2045,reliability_dynamic_mobilenetv2,stable,features_16,1775838096381.056,1775838096455.056,74.001,13.001,61.000,18.887,32937,5545,200.0,0,0,90.4
2046,reliability_dynamic_mobilenetv2,stable,features_16,1775838096460.057,1775838096537.575,77.518,15.006,61.513,18.783,32937,5545,200.0,0,0,80.2
2047,reliability_dynamic_mobilenetv2,stable,features_16,1775838096540.575,1775838096650.087,109.512,11.001,97.510,26.039,32937,5545,200.0,0,0,88.6
2048,reliability_dynamic_mobilenetv2,stable,features_16,1775838096657.086,1775838096773.613,116.527,46.520,69.007,20.484,32937,5545,200.0,0,0,91.7
2049,reliability_dynamic_mobilenetv2,stable,features_16,1775838096779.116,1775838096924.733,145.617,82.008,63.609,18.912,32937,5545,200.0,0,0,89.2
2050,reliability_dynamic_mobilenetv2,stable,features_16,1775838096928.637,1775838097039.159,110.521,38.009,70.517,18.471,32937,5545,200.0,0,0,98.3
2051,reliability_dynamic_mobilenetv2,stable,features_16,1775838097048.163,1775838097196.208,148.044,81.528,63.524,21.181,32937,5545,200.0,0,0,99.5
2052,reliability_dynamic_mobilenetv2,stable,features_16,1775838097206.210,1775838097358.732,152.522,85.524,63.994,19.972,32937,5545,200.0,0,0,98.2
2053,reliability_dynamic_mobilenetv2,stable,features_16,1775838097367.743,1775838097581.323,213.580,140.060,71.513,21.652,32937,5545,200.0,1,0,99.6
2054,reliability_dynamic_mobilenetv2,stable,features_16,1775838097586.321,1775838097718.828,132.507,62.996,67.515,20.563,32937,5545,200.0,0,0,93.9
2055,reliability_dynamic_mobilenetv2,stable,features_16,1775838097727.832,1775838097868.354,140.522,74.514,65.007,21.652,32937,5545,200.0,0,0,98.8
2056,reliability_dynamic_mobilenetv2,stable,features_16,1775838097877.352,1775838098031.386,154.034,89.525,62.508,19.334,32937,5545,200.0,0,0,97.6
2057,reliability_dynamic_mobilenetv2,stable,features_16,1775838098034.387,1775838098128.901,94.514,24.001,70.513,21.678,32937,5545,200.0,0,0,97.0
2058,reliability_dynamic_mobilenetv2,stable,features_16,1775838098139.900,1775838098384.477,244.577,128.530,115.048,21.276,32937,5545,200.0,1,0,99.7
2059,reliability_dynamic_mobilenetv2,stable,features_16,1775838098397.479,1775838098601.514,204.036,130.515,69.517,21.166,32937,5545,200.0,1,0,100.0
2060,reliability_dynamic_mobilenetv2,stable,features_16,1775838098611.516,1775838098838.565,227.049,129.527,91.526,23.441,32937,5545,200.0,1,0,99.6
2061,reliability_dynamic_mobilenetv2,stable,features_16,1775838098854.568,1775838099098.150,243.581,173.056,69.526,20.486,32937,5545,200.0,1,0,99.3
2062,reliability_dynamic_mobilenetv2,stable,features_16,1775838099112.152,1775838099327.195,215.042,136.518,73.524,22.123,32937,5545,200.0,1,0,100.0
2063,reliability_dynamic_mobilenetv2,stable,features_16,1775838099347.194,1775838099661.773,314.579,239.578,74.002,20.111,32937,5545,200.0,1,0,100.0
2064,reliability_dynamic_mobilenetv2,stable,features_16,1775838099673.783,1775838099891.342,217.559,149.043,67.514,19.552,32937,5545,200.0,1,0,99.2
2065,reliability_dynamic_mobilenetv2,stable,features_16,1775838099904.343,1775838100054.854,150.511,78.512,69.996,21.050,32937,5545,200.0,0,0,98.8
2066,reliability_dynamic_mobilenetv2,stable,features_16,1775838100060.857,1775838100176.375,115.517,44.514,69.004,20.352,32937,5545,200.0,0,0,94.1
2067,reliability_dynamic_mobilenetv2,stable,features_16,1775838100181.884,1775838100284.399,102.516,32.005,69.511,20.845,32937,5545,200.0,0,0,97.4
2068,reliability_dynamic_mobilenetv2,stable,features_16,1775838100288.399,1775838100398.910,110.511,39.004,69.511,23.628,32937,5545,200.0,0,0,89.7
2069,reliability_dynamic_mobilenetv2,stable,features_16,1775838100402.910,1775838100518.421,115.511,46.002,67.508,20.052,32937,5545,200.0,0,0,97.6
2070,reliability_dynamic_mobilenetv2,stable,features_16,1775838100523.421,1775838100637.940,114.519,49.006,63.513,17.774,32937,5545,200.0,0,0,97.0
2071,reliability_dynamic_mobilenetv2,stable,features_16,1775838100643.944,1775838100769.472,125.527,48.522,73.162,22.557,32937,5545,200.0,0,0,97.8
2072,reliability_dynamic_mobilenetv2,stable,features_16,1775838100778.469,1775838100943.510,165.041,70.006,91.527,24.771,32937,5545,200.0,0,0,93.5
2073,reliability_dynamic_mobilenetv2,stable,features_16,1775838100949.510,1775838101139.548,190.038,124.525,64.514,19.068,32937,5545,200.0,0,0,100.0
2074,reliability_dynamic_mobilenetv2,stable,features_16,1775838101145.548,1775838101283.602,138.054,66.532,69.524,21.915,32937,5545,200.0,0,0,97.2
2075,reliability_dynamic_mobilenetv2,stable,features_16,1775838101290.601,1775838101433.122,142.521,73.001,69.520,21.449,32937,5545,200.0,0,0,99.4
2076,reliability_dynamic_mobilenetv2,stable,features_16,1775838101442.119,1775838101594.165,152.046,80.521,70.526,20.004,32937,5545,200.0,0,0,96.9
2077,reliability_dynamic_mobilenetv2,stable,features_16,1775838101604.167,1775838101781.211,177.043,91.525,79.514,19.293,32937,5545,200.0,0,0,99.5
2078,reliability_dynamic_mobilenetv2,stable,features_16,1775838101790.209,1775838101934.738,144.529,71.000,67.518,22.282,32937,5545,200.0,0,0,99.4
2079,reliability_dynamic_mobilenetv2,stable,features_16,1775838101944.741,1775838102104.781,160.040,84.521,73.514,21.816,32937,5545,200.0,0,0,96.2
2080,reliability_dynamic_mobilenetv2,stable,features_16,1775838102110.781,1775838102270.317,159.536,86.521,70.011,21.469,32937,5545,200.0,0,0,100.0
2081,reliability_dynamic_mobilenetv2,stable,features_16,1775838102277.310,1775838102438.353,161.043,89.523,69.521,19.886,32937,5545,200.0,0,0,95.2
2082,reliability_dynamic_mobilenetv2,stable,features_16,1775838102442.352,1775838102592.230,149.878,84.530,64.351,19.810,32937,5545,200.0,0,0,98.8
2083,reliability_dynamic_mobilenetv2,stable,features_16,1775838102598.229,1775838102757.755,159.526,89.525,69.000,20.763,32937,5545,200.0,0,0,97.8
2084,reliability_dynamic_mobilenetv2,stable,features_16,1775838102768.768,1775838102889.783,121.015,49.505,71.509,21.991,32937,5545,200.0,0,0,99.3
2085,reliability_dynamic_mobilenetv2,stable,features_16,1775838102896.783,1775838103027.309,130.526,48.002,79.527,27.530,32937,5545,200.0,0,0,95.3
2086,reliability_dynamic_mobilenetv2,stable,features_16,1775838103049.310,1775838103232.359,183.049,105.527,71.525,22.810,32937,5545,200.0,0,0,98.6
2087,reliability_dynamic_mobilenetv2,stable,features_16,1775838103238.360,1775838103399.396,161.036,89.519,68.516,19.536,32937,5545,200.0,0,0,99.5
2088,reliability_dynamic_mobilenetv2,stable,features_16,1775838103409.397,1775838103556.924,147.526,79.521,67.005,19.354,32937,5545,200.0,0,0,98.8
2089,reliability_dynamic_mobilenetv2,stable,features_16,1775838103569.931,1775838103718.971,149.041,74.519,73.526,26.161,32937,5545,200.0,0,0,98.8
2090,reliability_dynamic_mobilenetv2,stable,features_16,1775838103724.969,1775838103909.023,184.054,108.533,73.518,20.810,32937,5545,200.0,0,0,100.0
2091,reliability_dynamic_mobilenetv2,stable,features_16,1775838103917.022,1775838104072.553,155.532,88.528,66.005,19.668,32937,5545,200.0,0,0,98.9
2092,reliability_dynamic_mobilenetv2,stable,features_16,1775838104082.071,1775838104763.425,681.355,91.008,585.352,20.350,32937,5545,200.0,1,0,82.2
2093,reliability_dynamic_mobilenetv2,stable,features_16,1775838104771.432,1775838104936.472,165.041,92.518,71.523,20.849,32937,5545,200.0,0,0,100.0
2094,reliability_dynamic_mobilenetv2,stable,features_16,1775838104945.470,1775838105129.507,184.037,112.518,70.522,23.003,32937,5545,200.0,0,0,100.0
2095,reliability_dynamic_mobilenetv2,stable,features_16,1775838105139.506,1775838105305.553,166.047,87.524,72.525,21.754,32937,5545,200.0,0,0,96.5
2096,reliability_dynamic_mobilenetv2,stable,features_16,1775838105317.553,1775838105517.605,200.052,127.535,71.518,20.209,32937,5545,200.0,1,0,99.1
2097,reliability_dynamic_mobilenetv2,stable,features_16,1775838105524.605,1775838105683.645,159.039,88.523,69.518,21.686,32937,5545,200.0,0,0,98.9
2098,reliability_dynamic_mobilenetv2,stable,features_16,1775838105692.648,1775838105856.166,163.517,87.004,69.999,20.866,32937,5545,200.0,0,0,95.1
2099,reliability_dynamic_mobilenetv2,stable,features_16,1775838105863.161,1775838106021.219,158.058,85.524,71.533,22.598,32937,5545,200.0,0,0,99.4
2100,reliability_dynamic_mobilenetv2,stable,features_16,1775838106034.212,1775838106202.264,168.053,86.524,79.525,23.192,32937,5545,200.0,0,0,100.0
2101,reliability_dynamic_mobilenetv2,stable,features_16,1775838106211.261,1775838106355.788,144.527,76.523,67.003,21.344,32937,5545,200.0,0,0,98.2
2102,reliability_dynamic_mobilenetv2,stable,features_16,1775838106363.787,1775838106517.826,154.039,84.523,67.518,19.889,32937,5545,200.0,0,0,98.8
2103,reliability_dynamic_mobilenetv2,stable,features_16,1775838106523.828,1775838106675.353,151.526,79.523,70.006,20.338,32937,5545,200.0,0,0,99.4
2104,reliability_dynamic_mobilenetv2,stable,features_16,1775838106680.354,1775838106815.385,135.032,65.512,64.523,19.661,32937,5545,200.0,0,0,96.7
2105,reliability_dynamic_mobilenetv2,stable,features_16,1775838106821.383,1775838106946.898,125.515,57.005,67.512,21.240,32937,5545,200.0,0,0,93.2
2106,reliability_dynamic_mobilenetv2,stable,features_16,1775838106951.898,1775838107104.945,153.047,85.525,63.518,21.561,32937,5545,200.0,0,0,99.4
2107,reliability_dynamic_mobilenetv2,stable,features_16,1775838107110.942,1775838107225.460,114.519,38.000,75.518,22.545,32937,5545,200.0,0,0,99.2
2108,reliability_dynamic_mobilenetv2,stable,features_16,1775838107233.457,1775838107378.991,145.534,73.523,71.010,24.263,32937,5545,200.0,0,0,99.4
2109,reliability_dynamic_mobilenetv2,stable,features_16,1775838107384.506,1775838107516.029,131.523,60.998,68.521,21.038,32937,5545,200.0,0,0,95.5
2110,reliability_dynamic_mobilenetv2,stable,features_16,1775838107521.029,1775838107669.559,148.530,76.524,70.005,22.693,32937,5545,200.0,0,0,94.9
2111,reliability_dynamic_mobilenetv2,stable,features_16,1775838107677.557,1775838107865.607,188.051,105.054,78.996,24.237,32937,5545,200.0,0,0,100.0
2112,reliability_dynamic_mobilenetv2,stable,features_16,1775838107876.613,1775838108052.664,176.052,96.539,74.511,23.506,32937,5545,200.0,0,0,97.5
2113,reliability_dynamic_mobilenetv2,stable,features_16,1775838108065.663,1775838108302.250,236.587,166.073,68.513,20.917,32937,5545,200.0,1,0,100.0
2114,reliability_dynamic_mobilenetv2,stable,features_16,1775838108312.250,1775838108473.866,161.617,92.530,67.097,21.557,32937,5545,200.0,0,0,99.5
2115,reliability_dynamic_mobilenetv2,stable,features_16,1775838108482.368,1775838108679.899,197.531,128.532,67.004,24.525,32937,5545,200.0,0,0,100.0
2116,reliability_dynamic_mobilenetv2,stable,features_16,1775838108693.427,1775838108901.470,208.043,143.517,64.526,20.236,32937,5545,200.0,1,0,100.0
2117,reliability_dynamic_mobilenetv2,stable,features_16,1775838108911.468,1775838109229.065,317.597,224.073,92.526,24.264,32937,5545,200.0,1,0,100.0
2118,reliability_dynamic_mobilenetv2,stable,features_16,1775838109239.069,1775838109465.110,226.041,150.037,74.008,22.653,32937,5545,200.0,1,0,100.0
2119,reliability_dynamic_mobilenetv2,stable,features_16,1775838109477.112,1775838109685.685,208.573,127.050,81.524,22.230,32937,5545,200.0,1,0,100.0
2120,reliability_dynamic_mobilenetv2,stable,features_16,1775838109694.686,1775838109890.718,196.032,65.998,130.034,21.999,32937,5545,200.0,0,0,95.9
2121,reliability_dynamic_mobilenetv2,stable,features_16,1775838109898.719,1775838110037.229,138.510,61.999,74.510,25.585,32937,5545,200.0,0,0,98.7
2122,reliability_dynamic_mobilenetv2,stable,features_16,1775838110046.228,1775838110187.260,141.032,60.519,79.512,22.872,32937,5545,200.0,0,0,97.0
2123,reliability_dynamic_mobilenetv2,stable,features_16,1775838110192.260,1775838110316.770,124.510,54.999,68.510,22.345,32937,5545,200.0,0,0,97.7
2124,reliability_dynamic_mobilenetv2,stable,features_16,1775838110320.770,1775838110447.286,126.515,61.510,64.006,19.976,32937,5545,200.0,0,0,99.4
2125,reliability_dynamic_mobilenetv2,stable,features_16,1775838110455.286,1775838110579.812,124.526,45.520,77.003,24.359,32937,5545,200.0,0,0,97.1
2126,reliability_dynamic_mobilenetv2,stable,features_16,1775838110587.327,1775838110723.842,136.515,61.997,72.519,23.562,32937,5545,200.0,0,0,98.1
2127,reliability_dynamic_mobilenetv2,stable,features_16,1775838110728.840,1775838110892.889,164.048,92.528,69.522,20.660,32937,5545,200.0,0,0,98.4
2128,reliability_dynamic_mobilenetv2,stable,features_16,1775838110900.889,1775838111072.413,171.524,91.516,78.008,23.690,32937,5545,200.0,0,0,99.0
2129,reliability_dynamic_mobilenetv2,stable,features_16,1775838111088.919,1775838111239.440,150.521,81.010,68.510,21.506,32937,5545,200.0,0,0,100.0
2130,reliability_dynamic_mobilenetv2,stable,features_16,1775838111244.439,1775838111473.490,229.052,155.052,73.002,21.928,32937,5545,200.0,1,0,99.6
2131,reliability_dynamic_mobilenetv2,stable,features_16,1775838111479.491,1775838111647.522,168.031,94.524,71.508,23.435,32937,5545,200.0,0,0,99.5
2132,reliability_dynamic_mobilenetv2,stable,features_16,1775838111652.524,1775838111826.558,174.034,94.518,75.514,23.292,32937,5545,200.0,0,0,98.5
2133,reliability_dynamic_mobilenetv2,stable,features_16,1775838111836.558,1775838111995.600,159.042,83.529,73.517,23.064,32937,5545,200.0,0,0,98.9
2134,reliability_dynamic_mobilenetv2,stable,features_16,1775838112007.603,1775838112217.642,210.040,134.521,71.514,26.176,32937,5545,200.0,1,0,100.0
2135,reliability_dynamic_mobilenetv2,stable,features_16,1775838112225.639,1775838112409.672,184.034,105.521,76.512,24.021,32937,5545,200.0,0,0,98.5
2136,reliability_dynamic_mobilenetv2,stable,features_16,1775838112417.674,1775838112559.228,141.554,67.527,73.028,24.420,32937,5545,200.0,0,0,96.3
2137,reliability_dynamic_mobilenetv2,stable,features_16,1775838112566.229,1775838112679.759,113.531,44.522,67.004,23.276,32937,5545,200.0,0,0,94.6
2138,reliability_dynamic_mobilenetv2,stable,features_16,1775838112686.266,1775838112806.778,120.511,51.004,68.509,24.027,32937,5545,200.0,0,0,96.7
2139,reliability_dynamic_mobilenetv2,stable,features_16,1775838112809.778,1775838112925.293,115.515,46.000,67.516,22.352,32937,5545,200.0,0,0,98.3
2140,reliability_dynamic_mobilenetv2,stable,features_16,1775838112930.291,1775838113058.812,128.521,51.010,75.005,22.689,32937,5545,200.0,0,0,98.0
2141,reliability_dynamic_mobilenetv2,stable,features_16,1775838113069.818,1775838113206.847,137.029,68.513,67.519,23.270,32937,5545,200.0,0,0,96.0
2142,reliability_dynamic_mobilenetv2,stable,features_16,1775838113212.848,1775838113382.892,170.044,95.525,68.013,21.811,32937,5545,200.0,0,0,96.5
2143,reliability_dynamic_mobilenetv2,stable,features_16,1775838113395.902,1775838113575.440,179.538,107.531,71.009,23.922,32937,5545,200.0,0,0,99.5
2144,reliability_dynamic_mobilenetv2,stable,features_16,1775838113586.958,1775838113770.527,183.569,100.522,80.038,24.099,32937,5545,200.0,0,0,98.5
2145,reliability_dynamic_mobilenetv2,stable,features_16,1775838113781.524,1775838113923.557,142.033,73.515,67.524,21.539,32937,5545,200.0,0,0,97.0
2146,reliability_dynamic_mobilenetv2,stable,features_16,1775838113933.559,1775838114118.615,185.056,111.532,69.522,22.122,32937,5545,200.0,0,0,97.3
2147,reliability_dynamic_mobilenetv2,stable,features_16,1775838114129.615,1775838114303.801,174.186,101.669,71.516,21.178,32937,5545,200.0,0,0,98.9
2148,reliability_dynamic_mobilenetv2,stable,features_16,1775838114315.802,1775838114493.761,177.959,99.514,76.448,21.166,32937,5545,200.0,0,0,100.0
2149,reliability_dynamic_mobilenetv2,stable,features_16,1775838114499.762,1775838114667.287,167.525,94.523,71.000,23.239,32937,5545,200.0,0,0,100.0
2150,reliability_dynamic_mobilenetv2,stable,features_16,1775838114679.288,1775838114849.340,170.052,86.521,82.531,27.009,32937,5545,200.0,0,0,95.7
2151,reliability_dynamic_mobilenetv2,stable,features_16,1775838114854.337,1775838115024.385,170.048,96.529,69.526,20.976,32937,5545,200.0,0,0,98.5
2152,reliability_dynamic_mobilenetv2,stable,features_16,1775838115031.383,1775838115203.443,172.060,104.525,65.532,20.160,32937,5545,200.0,0,0,96.1
2153,reliability_dynamic_mobilenetv2,stable,features_16,1775838115211.435,1775838115362.968,151.533,79.529,71.003,22.972,32937,5545,200.0,0,0,98.8
2154,reliability_dynamic_mobilenetv2,stable,features_16,1775838115372.974,1775838115538.002,165.028,80.517,83.610,24.918,32937,5545,200.0,0,0,96.8
2155,reliability_dynamic_mobilenetv2,stable,features_16,1775838115543.002,1775838115727.029,184.027,74.516,108.511,22.066,32937,5545,200.0,0,0,100.0
2156,reliability_dynamic_mobilenetv2,stable,features_16,1775838115732.032,1775838115827.547,95.514,20.997,73.517,28.189,32937,5545,200.0,0,0,98.1
2157,reliability_dynamic_mobilenetv2,stable,features_16,1775838115832.548,1775838115930.064,97.516,23.000,72.515,21.990,32937,5545,200.0,0,0,82.3
2158,reliability_dynamic_mobilenetv2,stable,features_16,1775838115934.063,1775838116039.582,105.519,30.000,73.519,21.724,32937,5545,200.0,0,0,97.4
2159,reliability_dynamic_mobilenetv2,stable,features_16,1775838116047.581,1775838116162.095,114.514,46.515,66.000,18.960,32937,5545,200.0,0,0,97.5
2160,reliability_dynamic_mobilenetv2,stable,features_16,1775838116168.095,1775838116260.615,92.520,30.521,61.999,18.999,32937,5545,200.0,0,0,98.3
2161,reliability_dynamic_mobilenetv2,stable,features_16,1775838116266.615,1775838116380.137,113.521,44.518,67.001,21.536,32937,5545,200.0,0,0,89.7
2162,reliability_dynamic_mobilenetv2,stable,features_16,1775838116385.655,1775838116509.525,123.870,50.998,70.875,21.795,32937,5545,200.0,0,0,95.4
2163,reliability_dynamic_mobilenetv2,stable,features_16,1775838116516.527,1775838116646.039,129.513,50.998,76.514,21.843,32937,5545,200.0,0,0,92.3
2164,reliability_dynamic_mobilenetv2,stable,features_16,1775838116654.038,1775838116819.077,165.040,90.521,73.521,21.776,32937,5545,200.0,0,0,98.3
2165,reliability_dynamic_mobilenetv2,stable,features_16,1775838116825.078,1775838116992.127,167.049,99.531,66.517,20.672,32937,5545,200.0,0,0,92.9
2166,reliability_dynamic_mobilenetv2,stable,features_16,1775838117003.128,1775838117177.650,174.522,111.515,61.008,18.780,32937,5545,200.0,0,0,96.9
2167,reliability_dynamic_mobilenetv2,stable,features_16,1775838117188.160,1775838117371.688,183.528,112.513,70.016,21.330,32937,5545,200.0,0,0,97.2
2168,reliability_dynamic_mobilenetv2,stable,features_16,1775838117378.685,1775838117533.229,154.544,84.517,70.027,22.797,32937,5545,200.0,0,0,99.4
2169,reliability_dynamic_mobilenetv2,stable,features_16,1775838117544.228,1775838117700.272,156.044,89.514,64.533,20.364,32937,5545,200.0,0,0,100.0
2170,reliability_dynamic_mobilenetv2,stable,features_16,1775838117710.272,1775838117877.797,167.525,99.521,67.004,22.033,32937,5545,200.0,0,0,100.0
2171,reliability_dynamic_mobilenetv2,stable,features_16,1775838117885.306,1775838118063.826,178.520,108.514,69.005,21.209,32937,5545,200.0,0,0,100.0
2172,reliability_dynamic_mobilenetv2,stable,features_16,1775838118077.824,1775838118259.852,182.027,111.030,69.997,21.980,32937,5545,200.0,0,0,100.0
2173,reliability_dynamic_mobilenetv2,stable,features_16,1775838118270.856,1775838118427.895,157.039,88.524,66.514,19.662,32937,5545,200.0,0,0,98.2
2174,reliability_dynamic_mobilenetv2,stable,features_16,1775838118437.895,1775838118601.933,164.038,99.524,63.513,20.115,32937,5545,200.0,0,0,98.0
2175,reliability_dynamic_mobilenetv2,stable,features_16,1775838118611.933,1775838118815.957,204.024,91.512,110.512,44.997,32937,5545,200.0,1,0,98.2
2176,reliability_dynamic_mobilenetv2,stable,features_16,1775838118820.958,1775838118973.476,152.518,72.514,79.004,27.388,32937,5545,200.0,0,0,99.4
2177,reliability_dynamic_mobilenetv2,stable,features_16,1775838118982.478,1775838119119.024,136.546,61.514,73.032,22.169,32937,5545,200.0,0,0,99.4
2178,reliability_dynamic_mobilenetv2,stable,features_16,1775838119128.023,1775838119235.538,107.515,42.005,64.508,21.051,32937,5545,200.0,0,0,95.7
2179,reliability_dynamic_mobilenetv2,stable,features_16,1775838119242.536,1775838119345.051,102.515,34.005,67.509,20.981,32937,5545,200.0,0,0,99.1
2180,reliability_dynamic_mobilenetv2,stable,features_16,1775838119352.051,1775838119473.577,121.526,47.515,72.013,24.621,32937,5545,200.0,0,0,98.5
2181,reliability_dynamic_mobilenetv2,stable,features_16,1775838119484.084,1775838119681.623,197.538,123.529,69.010,21.688,32937,5545,200.0,0,0,99.6
2182,reliability_dynamic_mobilenetv2,stable,features_16,1775838119691.137,1775838119865.655,174.518,103.520,67.997,21.609,32937,5545,200.0,0,0,99.5
2183,reliability_dynamic_mobilenetv2,stable,features_16,1775838119874.660,1775838120043.697,169.037,101.526,65.510,18.923,32937,5545,200.0,0,0,99.5
2184,reliability_dynamic_mobilenetv2,stable,features_16,1775838120084.209,1775838120346.278,262.068,193.547,67.521,21.780,32937,5545,200.0,1,0,100.0
2185,reliability_dynamic_mobilenetv2,stable,features_16,1775838120359.280,1775838120551.323,192.042,119.528,71.516,22.490,32937,5545,200.0,0,0,99.1
2186,reliability_dynamic_mobilenetv2,stable,features_16,1775838120561.323,1775838120763.371,202.049,110.534,85.516,26.097,32937,5545,200.0,1,0,99.6
2187,reliability_dynamic_mobilenetv2,stable,features_16,1775838120776.379,1775838120957.425,181.046,111.045,68.000,22.012,32937,5545,200.0,0,0,100.0
2188,reliability_dynamic_mobilenetv2,stable,features_16,1775838120968.426,1775838121203.992,235.566,158.045,76.524,23.817,32937,5545,200.0,1,0,97.4
2189,reliability_dynamic_mobilenetv2,stable,features_16,1775838121210.992,1775838121334.508,123.516,49.000,70.519,22.124,32937,5545,200.0,0,0,93.1
2190,reliability_dynamic_mobilenetv2,stable,features_16,1775838121341.509,1775838121477.023,135.514,31.004,103.510,24.296,32937,5545,200.0,0,0,94.5
2191,reliability_dynamic_mobilenetv2,stable,features_16,1775838121482.023,1775838121574.540,92.517,23.513,67.007,21.919,32937,5545,200.0,0,0,84.5
2192,reliability_dynamic_mobilenetv2,stable,features_16,1775838121578.540,1775838121681.056,102.516,29.513,72.004,22.308,32937,5545,200.0,0,0,97.4
2193,reliability_dynamic_mobilenetv2,stable,features_16,1775838121685.562,1775838121805.078,119.516,44.006,73.511,25.721,32937,5545,200.0,0,0,95.4
2194,reliability_dynamic_mobilenetv2,stable,features_16,1775838121815.081,1775838121944.604,129.523,55.003,72.513,23.011,32937,5545,200.0,0,0,94.8
2195,reliability_dynamic_mobilenetv2,stable,features_16,1775838121952.605,1775838122082.144,129.539,60.529,68.009,22.263,32937,5545,200.0,0,0,98.7
2196,reliability_dynamic_mobilenetv2,stable,features_16,1775838122089.660,1775838122221.183,131.523,60.007,70.516,22.465,32937,5545,200.0,0,0,94.6
2197,reliability_dynamic_mobilenetv2,stable,features_16,1775838122227.183,1775838122353.707,126.524,61.525,64.002,21.805,32937,5545,200.0,0,0,94.0
2198,reliability_dynamic_mobilenetv2,stable,features_16,1775838122363.709,1775838122493.748,130.039,64.520,63.522,20.071,32937,5545,200.0,0,0,98.0
2199,reliability_dynamic_mobilenetv2,stable,features_16,1775838122498.748,1775838122637.308,138.560,64.042,73.517,23.445,32937,5545,200.0,0,0,97.3
2200,reliability_dynamic_mobilenetv2,stable,features_16,1775838122646.307,1775838122780.839,134.532,62.521,68.009,22.008,32937,5545,200.0,0,0,98.6
2201,reliability_dynamic_mobilenetv2,stable,features_16,1775838122789.344,1775838122933.880,144.535,74.003,70.532,21.976,32937,5545,200.0,0,0,98.8
2202,reliability_dynamic_mobilenetv2,stable,features_16,1775838122942.880,1775838123099.919,157.039,82.516,73.524,23.028,32937,5545,200.0,0,0,98.8
2203,reliability_dynamic_mobilenetv2,stable,features_16,1775838123107.917,1775838123282.462,174.545,92.540,77.005,22.569,32937,5545,200.0,0,0,100.0
2204,reliability_dynamic_mobilenetv2,stable,features_16,1775838123289.972,1775838123435.501,145.530,70.999,73.532,23.371,32937,5545,200.0,0,0,99.4
2205,reliability_dynamic_mobilenetv2,stable,features_16,1775838123440.499,1775838123570.021,129.522,58.521,70.000,19.998,32937,5545,200.0,0,0,94.9
2206,reliability_dynamic_mobilenetv2,stable,features_16,1775838123576.026,1775838123690.056,114.030,45.516,66.514,20.474,32937,5545,200.0,0,0,97.7
2207,reliability_dynamic_mobilenetv2,stable,features_16,1775838123699.057,1775838123821.577,122.520,50.999,69.521,23.218,32937,5545,200.0,0,0,97.9
2208,reliability_dynamic_mobilenetv2,stable,features_16,1775838123830.577,1775838123976.117,145.539,74.530,70.006,21.106,32937,5545,200.0,0,0,96.7
2209,reliability_dynamic_mobilenetv2,stable,features_16,1775838123988.634,1775838124177.151,188.517,114.516,72.002,18.949,32937,5545,200.0,0,0,97.7
2210,reliability_dynamic_mobilenetv2,stable,features_16,1775838124186.668,1775838124363.192,176.524,98.006,73.003,25.442,32937,5545,200.0,0,0,99.5
2211,reliability_dynamic_mobilenetv2,stable,features_16,1775838124376.199,1775838124532.221,156.022,87.512,67.511,20.841,32937,5545,200.0,0,0,95.6
2212,reliability_dynamic_mobilenetv2,stable,features_16,1775838124537.221,1775838124629.750,92.529,25.000,65.530,22.584,32937,5545,200.0,0,0,97.0
2213,reliability_dynamic_mobilenetv2,stable,features_16,1775838124634.747,1775838124755.261,120.514,50.007,68.509,22.270,32937,5545,200.0,0,0,97.0
2214,reliability_dynamic_mobilenetv2,stable,features_16,1775838124763.263,1775838124931.307,168.045,91.524,74.524,22.604,32937,5545,200.0,0,0,99.0
2215,reliability_dynamic_mobilenetv2,stable,features_16,1775838124937.307,1775838125086.338,149.031,75.513,68.009,21.796,32937,5545,200.0,0,0,100.0
2216,reliability_dynamic_mobilenetv2,stable,features_16,1775838125095.344,1775838125254.868,159.524,92.521,65.003,20.324,32937,5545,200.0,0,0,98.2
2217,reliability_dynamic_mobilenetv2,stable,features_16,1775838125263.867,1775838125409.917,146.050,69.529,72.522,22.069,32937,5545,200.0,0,0,98.8
2218,reliability_dynamic_mobilenetv2,stable,features_16,1775838125418.918,1775838125562.435,143.517,67.510,70.994,22.829,32937,5545,200.0,0,0,98.8
2219,reliability_dynamic_mobilenetv2,stable,features_16,1775838125571.447,1775838125708.480,137.033,68.516,66.522,21.618,32937,5545,200.0,0,0,99.3
2220,reliability_dynamic_mobilenetv2,stable,features_16,1775838125715.479,1775838125860.003,144.524,69.009,72.512,23.204,32937,5545,200.0,0,0,96.4
2221,reliability_dynamic_mobilenetv2,stable,features_16,1775838125866.002,1775838126025.046,159.044,85.525,72.520,22.270,32937,5545,200.0,0,0,97.8
2222,reliability_dynamic_mobilenetv2,stable,features_16,1775838126034.047,1775838126197.106,163.059,84.532,76.518,25.677,32937,5545,200.0,0,0,99.5
2223,reliability_dynamic_mobilenetv2,stable,features_16,1775838126206.095,1775838126357.622,151.527,78.014,68.995,20.679,32937,5545,200.0,0,0,99.4
2224,reliability_dynamic_mobilenetv2,stable,features_16,1775838126365.622,1775838126500.660,135.037,67.527,65.516,20.829,32937,5545,200.0,0,0,99.4
2225,reliability_dynamic_mobilenetv2,stable,features_16,1775838126507.658,1775838126663.185,155.528,81.529,72.000,23.685,32937,5545,200.0,0,0,98.2
2226,reliability_dynamic_mobilenetv2,stable,features_16,1775838126670.188,1775838126800.224,130.037,56.521,69.520,20.775,32937,5545,200.0,0,0,98.0
2227,reliability_dynamic_mobilenetv2,stable,features_16,1775838126810.224,1775838126960.738,150.514,74.003,74.513,26.680,32937,5545,200.0,0,0,89.5
2228,reliability_dynamic_mobilenetv2,stable,features_16,1775838126968.740,1775838127198.793,230.053,93.522,130.531,80.692,32937,5545,200.0,1,0,98.9
2229,reliability_dynamic_mobilenetv2,stable,features_16,1775838127208.793,1775838127355.325,146.532,75.005,69.525,23.145,32937,5545,200.0,0,0,98.2
2230,reliability_dynamic_mobilenetv2,stable,features_16,1775838127365.323,1775838127498.358,133.035,62.517,68.519,21.016,32937,5545,200.0,0,0,93.3
2231,reliability_dynamic_mobilenetv2,stable,features_16,1775838127502.356,1775838127639.873,137.516,57.003,78.517,26.983,32937,5545,200.0,0,0,98.6
2232,reliability_dynamic_mobilenetv2,stable,features_16,1775838127647.872,1775838127801.911,154.039,82.521,69.518,21.770,32937,5545,200.0,0,0,98.8
2233,reliability_dynamic_mobilenetv2,stable,features_16,1775838127811.912,1775838127962.428,150.516,80.516,68.000,22.372,32937,5545,200.0,0,0,98.9
2234,reliability_dynamic_mobilenetv2,stable,features_16,1775838127967.430,1775838128105.459,138.029,67.518,69.511,23.206,32937,5545,200.0,0,0,99.3
2235,reliability_dynamic_mobilenetv2,stable,features_16,1775838128112.459,1775838128270.972,158.513,79.516,77.000,23.287,32937,5545,200.0,0,0,95.3
2236,reliability_dynamic_mobilenetv2,stable,features_16,1775838128275.980,1775838128436.010,160.030,71.511,84.510,23.597,32937,5545,200.0,0,0,97.2
2237,reliability_dynamic_mobilenetv2,stable,features_16,1775838128444.015,1775838128569.533,125.518,54.510,70.006,21.896,32937,5545,200.0,0,0,90.8
2238,reliability_dynamic_mobilenetv2,stable,features_16,1775838128575.537,1775838128705.561,130.024,61.509,67.515,25.043,32937,5545,200.0,0,0,95.9
2239,reliability_dynamic_mobilenetv2,stable,features_16,1775838128714.558,1775838128863.070,148.512,74.512,73.000,23.489,32937,5545,200.0,0,0,98.1
2240,reliability_dynamic_mobilenetv2,stable,features_16,1775838128868.073,1775838129006.112,138.040,60.521,75.519,25.086,32937,5545,200.0,0,0,93.2
2241,reliability_dynamic_mobilenetv2,stable,features_16,1775838129016.115,1775838129162.627,146.512,77.513,67.004,20.226,32937,5545,200.0,0,0,100.0
2242,reliability_dynamic_mobilenetv2,stable,features_16,1775838129170.625,1775838129309.649,139.023,71.512,66.511,22.032,32937,5545,200.0,0,0,97.6
2243,reliability_dynamic_mobilenetv2,stable,features_16,1775838129318.649,1775838129462.178,143.529,76.528,66.001,20.886,32937,5545,200.0,0,0,100.0
2244,reliability_dynamic_mobilenetv2,stable,features_16,1775838129472.180,1775838129622.223,150.042,75.519,68.523,23.496,32937,5545,200.0,0,0,100.0
2245,reliability_dynamic_mobilenetv2,stable,features_16,1775838129629.222,1775838129788.248,159.026,82.514,71.507,22.076,32937,5545,200.0,0,0,97.6
2246,reliability_dynamic_mobilenetv2,stable,features_16,1775838129796.248,1775838129957.766,161.518,91.519,68.000,22.898,32937,5545,200.0,0,0,100.0
2247,reliability_dynamic_mobilenetv2,stable,features_16,1775838129966.766,1775838130121.811,155.044,81.531,71.512,21.671,32937,5545,200.0,0,0,97.8
2248,reliability_dynamic_mobilenetv2,stable,features_16,1775838130129.811,1775838130302.854,173.043,84.519,86.524,21.977,32937,5545,200.0,0,0,99.5
2249,reliability_dynamic_mobilenetv2,stable,features_16,1775838130309.852,1775838130454.366,144.514,73.007,70.507,22.972,32937,5545,200.0,0,0,100.0
2250,reliability_dynamic_mobilenetv2,stable,features_16,1775838130459.366,1775838130608.400,149.034,78.514,69.520,21.948,32937,5545,200.0,0,0,95.2
2251,reliability_dynamic_mobilenetv2,stable,features_16,1775838130613.401,1775838130759.919,146.518,72.004,72.017,25.290,32937,5545,200.0,0,0,95.7
2252,reliability_dynamic_mobilenetv2,stable,features_16,1775838130763.916,1775838130887.949,124.034,52.519,66.508,21.343,32937,5545,200.0,0,0,95.5
2253,reliability_dynamic_mobilenetv2,stable,features_16,1775838130901.948,1775838131062.477,160.529,83.010,75.517,26.331,32937,5545,200.0,0,0,96.2
2254,reliability_dynamic_mobilenetv2,stable,features_16,1775838131074.482,1775838131258.535,184.054,102.532,75.522,24.664,32937,5545,200.0,0,0,99.1
2255,reliability_dynamic_mobilenetv2,stable,features_16,1775838131265.533,1775838131441.569,176.036,109.523,64.510,21.600,32937,5545,200.0,0,0,99.5
2256,reliability_dynamic_mobilenetv2,stable,features_16,1775838131455.567,1775838131637.597,182.030,113.519,68.511,20.595,32937,5545,200.0,0,0,100.0
2257,reliability_dynamic_mobilenetv2,stable,features_16,1775838131652.598,1775838131860.644,208.046,126.523,78.527,25.913,32937,5545,200.0,1,0,98.7
2258,reliability_dynamic_mobilenetv2,stable,features_16,1775838131875.647,1775838132068.690,193.042,117.042,76.000,25.665,32937,5545,200.0,0,0,98.6
2259,reliability_dynamic_mobilenetv2,stable,features_16,1775838132077.694,1775838132191.719,114.025,40.509,72.516,24.519,32937,5545,200.0,0,0,95.5
2260,reliability_dynamic_mobilenetv2,stable,features_16,1775838132199.718,1775838132317.235,117.517,46.002,70.516,24.842,32937,5545,200.0,0,0,97.7
2261,reliability_dynamic_mobilenetv2,stable,features_16,1775838132326.235,1775838132494.292,168.057,96.532,70.522,23.046,32937,5545,200.0,0,0,98.5
2262,reliability_dynamic_mobilenetv2,stable,features_16,1775838132502.293,1775838132682.862,180.569,107.562,71.010,22.148,32937,5545,200.0,0,0,99.0
2263,reliability_dynamic_mobilenetv2,stable,features_16,1775838132692.378,1775838132929.426,237.048,103.520,131.523,26.524,32937,5545,200.0,1,0,98.8
2264,reliability_dynamic_mobilenetv2,stable,features_16,1775838132940.426,1775838133144.474,204.048,128.528,75.520,22.474,32937,5545,200.0,1,0,99.1
2265,reliability_dynamic_mobilenetv2,stable,features_16,1775838133157.477,1775838133328.519,171.042,97.522,71.519,26.599,32937,5545,200.0,0,0,100.0
2266,reliability_dynamic_mobilenetv2,stable,features_16,1775838133341.523,1775838133462.032,120.509,53.512,64.999,21.358,32937,5545,200.0,0,0,89.0
2267,reliability_dynamic_mobilenetv2,stable,features_16,1775838133466.035,1775838133550.549,84.514,16.006,67.508,22.762,32937,5545,200.0,0,0,87.7
2268,reliability_dynamic_mobilenetv2,stable,features_16,1775838133553.546,1775838133643.677,90.131,14.001,75.129,27.770,32937,5545,200.0,0,0,80.2
2269,reliability_dynamic_mobilenetv2,stable,features_16,1775838133647.678,1775838133727.188,79.510,14.002,65.508,21.849,32937,5545,200.0,0,0,81.4
2270,reliability_dynamic_mobilenetv2,stable,features_16,1775838133731.189,1775838133809.698,78.509,12.998,64.511,18.869,32937,5545,200.0,0,0,81.2
2271,reliability_dynamic_mobilenetv2,stable,features_16,1775838133812.698,1775838133887.706,75.008,10.001,64.004,20.536,32937,5545,200.0,0,0,76.2
2272,reliability_dynamic_mobilenetv2,stable,features_16,1775838133890.216,1775838133985.219,95.003,11.000,82.001,23.782,32937,5545,200.0,0,0,76.0
2273,reliability_dynamic_mobilenetv2,stable,features_16,1775838133988.729,1775838134060.727,71.998,11.003,60.995,18.666,32937,5545,200.0,0,0,84.3
2274,reliability_dynamic_mobilenetv2,stable,features_16,1775838134064.727,1775838134151.238,86.511,18.005,67.507,19.842,32937,5545,200.0,0,0,82.7
2275,reliability_dynamic_mobilenetv2,stable,features_16,1775838134154.238,1775838134237.747,83.509,12.000,70.509,19.298,32937,5545,200.0,0,0,83.8
2276,reliability_dynamic_mobilenetv2,stable,features_16,1775838134240.750,1775838134318.262,77.513,12.999,62.510,17.783,32937,5545,200.0,0,0,85.2
2277,reliability_dynamic_mobilenetv2,stable,features_16,1775838134323.261,1775838134402.767,79.506,12.998,64.509,20.783,32937,5545,200.0,0,0,85.4
2278,reliability_dynamic_mobilenetv2,stable,features_16,1775838134406.767,1775838134495.276,88.509,13.001,73.508,26.531,32937,5545,200.0,0,0,85.4
2279,reliability_dynamic_mobilenetv2,stable,features_16,1775838134498.277,1775838134577.280,79.003,16.000,62.002,19.178,32937,5545,200.0,0,0,82.5
2280,reliability_dynamic_mobilenetv2,stable,features_16,1775838134581.281,1775838134656.789,75.508,12.508,61.000,18.804,32937,5545,200.0,0,0,82.5
2281,reliability_dynamic_mobilenetv2,stable,features_16,1775838134660.789,1775838134738.306,77.517,11.001,65.517,20.588,32937,5545,200.0,0,0,82.5
2282,reliability_dynamic_mobilenetv2,stable,features_16,1775838134743.306,1775838134827.818,84.511,15.000,68.511,22.417,32937,5545,200.0,0,0,87.5
2283,reliability_dynamic_mobilenetv2,stable,features_16,1775838134831.819,1775838134912.333,80.514,17.001,61.515,19.628,32937,5545,200.0,0,0,84.0
2284,reliability_dynamic_mobilenetv2,stable,features_16,1775838134916.333,1775838134992.847,76.515,14.001,62.514,18.957,32937,5545,200.0,0,0,89.8
2285,reliability_dynamic_mobilenetv2,stable,features_16,1775838134997.847,1775838135108.359,110.512,30.001,78.511,21.402,32937,5545,200.0,0,0,90.3
2286,reliability_dynamic_mobilenetv2,stable,features_16,1775838135112.360,1775838135205.872,93.512,24.999,67.513,22.327,32937,5545,200.0,0,0,95.1
2287,reliability_dynamic_mobilenetv2,stable,features_16,1775838135209.874,1775838135282.876,73.003,12.999,60.004,18.123,32937,5545,200.0,0,0,91.5
2288,reliability_dynamic_mobilenetv2,stable,features_16,1775838135286.877,1775838135368.387,81.510,17.510,64.000,18.583,32937,5545,200.0,0,0,94.9
2289,reliability_dynamic_mobilenetv2,stable,features_16,1775838135372.386,1775838135455.901,83.514,15.510,66.000,20.782,32937,5545,200.0,0,0,96.5
2290,reliability_dynamic_mobilenetv2,stable,features_16,1775838135459.900,1775838135563.414,103.514,16.006,85.898,24.383,32937,5545,200.0,0,0,92.0
2291,reliability_dynamic_mobilenetv2,stable,features_16,1775838135567.415,1775838135654.933,87.518,20.513,66.006,20.236,32937,5545,200.0,0,0,93.8
2292,reliability_dynamic_mobilenetv2,stable,features_16,1775838135658.934,1775838135763.392,104.457,19.002,83.452,20.366,32937,5545,200.0,0,0,94.0
2293,reliability_dynamic_mobilenetv2,stable,features_16,1775838135767.391,1775838135847.906,80.515,18.007,61.508,18.790,32937,5545,200.0,0,0,98.8
2294,reliability_dynamic_mobilenetv2,stable,features_16,1775838135852.908,1775838135934.421,81.512,18.999,62.514,19.189,32937,5545,200.0,0,0,90.8
2295,reliability_dynamic_mobilenetv2,stable,features_16,1775838135939.421,1775838136037.936,98.515,19.000,77.515,31.884,32937,5545,200.0,0,0,91.7
2296,reliability_dynamic_mobilenetv2,stable,features_16,1775838136042.935,1775838136140.455,97.520,30.004,65.515,20.788,32937,5545,200.0,0,0,97.4
2297,reliability_dynamic_mobilenetv2,stable,features_16,1775838136144.454,1775838136234.964,90.510,22.999,65.509,19.487,32937,5545,200.0,0,0,92.1
2298,reliability_dynamic_mobilenetv2,stable,features_16,1775838136238.965,1775838136317.261,78.296,16.000,62.296,18.903,32937,5545,200.0,0,0,98.8
2299,reliability_dynamic_mobilenetv2,stable,features_16,1775838136321.262,1775838136408.775,87.513,21.000,64.847,19.931,32937,5545,200.0,0,0,88.7
2300,reliability_dynamic_mobilenetv2,stable,features_16,1775838136413.774,1775838136496.289,82.515,15.000,66.513,20.314,32937,5545,200.0,0,0,92.9
2301,reliability_dynamic_mobilenetv2,stable,features_16,1775838136499.288,1775838136580.291,81.002,19.001,61.000,18.280,32937,5545,200.0,0,0,88.1
2302,reliability_dynamic_mobilenetv2,stable,features_16,1775838136584.291,1775838136663.803,79.512,15.512,64.000,20.795,32937,5545,200.0,0,0,84.0
2303,reliability_dynamic_mobilenetv2,stable,features_16,1775838136667.803,1775838136754.322,86.519,18.011,68.507,22.336,32937,5545,200.0,0,0,88.8
2304,reliability_dynamic_mobilenetv2,stable,features_16,1775838136758.323,1775838136846.832,88.509,22.001,66.508,20.381,32937,5545,200.0,0,0,90.8
2305,reliability_dynamic_mobilenetv2,stable,features_16,1775838136850.831,1775838136932.343,81.511,16.001,63.510,19.893,32937,5545,200.0,0,0,84.7
2306,reliability_dynamic_mobilenetv2,stable,features_16,1775838136935.345,1775838137013.861,78.516,17.999,59.518,18.218,32937,5545,200.0,0,0,88.8
2307,reliability_dynamic_mobilenetv2,stable,features_16,1775838137017.860,1775838137115.372,97.511,28.002,68.510,19.409,32937,5545,200.0,0,0,92.9
2308,reliability_dynamic_mobilenetv2,stable,features_16,1775838137118.373,1775838137207.883,89.510,23.002,66.508,20.265,32937,5545,200.0,0,0,91.7
2309,reliability_dynamic_mobilenetv2,stable,features_16,1775838137211.883,1775838137308.395,96.511,15.000,80.511,20.799,32937,5545,200.0,0,0,85.2
2310,reliability_dynamic_mobilenetv2,stable,features_16,1775838137311.396,1775838137386.396,75.000,11.998,62.002,20.184,32937,5545,200.0,0,0,81.2
2311,reliability_dynamic_mobilenetv2,stable,features_16,1775838137389.905,1775838137461.904,72.000,11.000,60.000,18.733,32937,5545,200.0,0,0,80.2
2312,reliability_dynamic_mobilenetv2,stable,features_16,1775838137464.905,1775838137544.416,79.511,11.006,67.507,20.377,32937,5545,200.0,0,0,81.2
2313,reliability_dynamic_mobilenetv2,stable,features_16,1775838137548.418,1775838137624.925,76.507,10.999,63.509,19.707,32937,5545,200.0,0,0,76.2
2314,reliability_dynamic_mobilenetv2,stable,features_16,1775838137627.925,1775838137706.439,78.514,17.002,59.513,18.199,32937,5545,200.0,0,0,77.5
2315,reliability_dynamic_mobilenetv2,stable,features_16,1775838137709.443,1775838137787.443,78.000,12.997,63.002,20.394,32937,5545,200.0,0,0,75.0
2316,reliability_dynamic_mobilenetv2,stable,features_16,1775838137790.949,1775838137870.950,80.000,11.000,67.999,22.957,32937,5545,200.0,0,0,77.3
2317,reliability_dynamic_mobilenetv2,stable,features_16,1775838137873.954,1775838137951.737,77.783,12.001,65.782,19.763,32937,5545,200.0,0,0,78.8
2318,reliability_dynamic_mobilenetv2,stable,features_16,1775838137955.461,1775838138039.975,84.514,11.002,73.511,22.690,32937,5545,200.0,0,0,80.4
2319,reliability_dynamic_mobilenetv2,stable,features_16,1775838138043.977,1775838138129.484,85.507,15.998,69.509,20.893,32937,5545,200.0,0,0,88.9
2320,reliability_dynamic_mobilenetv2,stable,features_16,1775838138132.485,1775838138206.999,74.514,14.001,60.513,18.612,32937,5545,200.0,0,0,76.2
2321,reliability_dynamic_mobilenetv2,stable,features_16,1775838138210.999,1775838138290.510,79.512,17.001,62.510,18.335,32937,5545,200.0,0,0,83.3
2322,reliability_dynamic_mobilenetv2,stable,features_16,1775838138295.509,1775838138372.509,77.000,12.001,64.999,20.284,32937,5545,200.0,0,0,85.0
2323,reliability_dynamic_mobilenetv2,stable,features_16,1775838138376.513,1775838138455.022,78.510,12.505,66.005,20.675,32937,5545,200.0,0,0,82.9
2324,reliability_dynamic_mobilenetv2,stable,features_16,1775838138459.024,1775838138532.537,73.513,10.999,61.515,18.672,32937,5545,200.0,0,0,85.0
2325,reliability_dynamic_mobilenetv2,stable,features_16,1775838138536.536,1775838138693.464,156.928,12.000,143.930,21.699,32937,5545,200.0,0,0,85.0
2326,reliability_dynamic_mobilenetv2,stable,features_16,1775838138696.463,1775838138789.974,93.510,11.000,81.506,20.307,32937,5545,200.0,0,0,83.0
2327,reliability_dynamic_mobilenetv2,stable,features_16,1775838138792.975,1775838138879.980,87.006,17.002,68.003,19.159,32937,5545,200.0,0,0,83.8
2328,reliability_dynamic_mobilenetv2,stable,features_16,1775838138882.979,1775838138970.489,87.510,11.510,73.999,18.906,32937,5545,200.0,0,0,84.5
2329,reliability_dynamic_mobilenetv2,stable,features_16,1775838138974.492,1775838139060.001,85.509,17.510,66.999,20.460,32937,5545,200.0,0,0,91.8
2330,reliability_dynamic_mobilenetv2,stable,features_16,1775838139064.003,1775838139157.513,93.510,16.005,74.507,19.244,32937,5545,200.0,0,0,89.7
2331,reliability_dynamic_mobilenetv2,stable,features_16,1775838139161.514,1775838139253.026,91.512,15.005,74.508,33.779,32937,5545,200.0,0,0,92.9
2332,reliability_dynamic_mobilenetv2,stable,features_16,1775838139257.027,1775838139335.542,78.515,17.012,59.503,18.319,32937,5545,200.0,0,0,91.4
2333,reliability_dynamic_mobilenetv2,stable,features_16,1775838139339.541,1775838139435.053,95.512,30.000,64.511,19.484,32937,5545,200.0,0,0,97.3
2334,reliability_dynamic_mobilenetv2,stable,features_16,1775838139439.055,1775838139539.563,100.508,21.998,76.510,30.829,32937,5545,200.0,0,0,92.9
2335,reliability_dynamic_mobilenetv2,stable,features_16,1775838139543.563,1775838139631.073,87.510,22.000,64.509,20.020,32937,5545,200.0,0,0,92.6
2336,reliability_dynamic_mobilenetv2,stable,features_16,1775838139635.074,1775838139722.586,87.511,22.000,64.511,20.340,32937,5545,200.0,0,0,93.9
2337,reliability_dynamic_mobilenetv2,stable,features_16,1775838139726.584,1775838139812.095,85.511,22.002,62.509,19.215,32937,5545,200.0,0,0,97.0
2338,reliability_dynamic_mobilenetv2,stable,features_16,1775838139816.095,1775838139899.614,83.519,19.001,63.519,20.701,32937,5545,200.0,0,0,97.1
2339,reliability_dynamic_mobilenetv2,stable,features_16,1775838139904.614,1775838139987.615,83.002,16.000,67.002,21.148,32937,5545,200.0,0,0,86.2
2340,reliability_dynamic_mobilenetv2,stable,features_16,1775838139991.122,1775838140095.637,104.515,11.000,91.515,21.276,32937,5545,200.0,0,0,83.0
2341,reliability_dynamic_mobilenetv2,stable,features_16,1775838140099.637,1775838140187.645,88.008,13.003,75.005,20.743,32937,5545,200.0,0,0,79.2
2342,reliability_dynamic_mobilenetv2,stable,features_16,1775838140191.155,1775838140269.155,78.000,13.000,62.999,19.184,32937,5545,200.0,0,0,82.5
2343,reliability_dynamic_mobilenetv2,stable,features_16,1775838140273.156,1775838140353.672,80.516,15.511,63.000,19.926,32937,5545,200.0,0,0,88.5
2344,reliability_dynamic_mobilenetv2,stable,features_16,1775838140357.673,1775838140442.185,84.512,18.004,65.508,20.110,32937,5545,200.0,0,0,92.5
2345,reliability_dynamic_mobilenetv2,stable,features_16,1775838140447.186,1775838140558.695,111.510,19.001,92.509,21.260,32937,5545,200.0,0,0,89.1
2346,reliability_dynamic_mobilenetv2,stable,features_16,1775838140562.696,1775838140654.209,91.514,19.006,71.507,20.086,32937,5545,200.0,0,0,89.6
2347,reliability_dynamic_mobilenetv2,stable,features_16,1775838140658.208,1775838140743.722,85.514,19.006,64.509,20.061,32937,5545,200.0,0,0,89.0
2348,reliability_dynamic_mobilenetv2,stable,features_16,1775838140747.720,1775838140831.235,83.515,15.000,67.514,22.125,32937,5545,200.0,0,0,88.8
2349,reliability_dynamic_mobilenetv2,stable,features_16,1775838140835.235,1775838140930.751,95.516,18.000,76.516,20.853,32937,5545,200.0,0,0,90.2
2350,reliability_dynamic_mobilenetv2,stable,features_16,1775838140934.752,1775838141017.269,82.517,16.000,65.517,20.265,32937,5545,200.0,0,0,92.5
2351,reliability_dynamic_mobilenetv2,stable,features_16,1775838141021.270,1775838141103.778,82.508,19.000,61.509,19.020,32937,5545,200.0,0,0,99.0
2352,reliability_dynamic_mobilenetv2,stable,features_16,1775838141107.778,1775838141193.289,85.510,23.002,62.509,18.753,32937,5545,200.0,0,0,92.6
2353,reliability_dynamic_mobilenetv2,stable,features_16,1775838141197.289,1775838141282.292,85.002,17.000,66.003,20.770,32937,5545,200.0,0,0,89.7
2354,reliability_dynamic_mobilenetv2,stable,features_16,1775838141286.294,1775838141374.807,88.513,21.510,67.004,20.413,32937,5545,200.0,0,0,88.5
2355,reliability_dynamic_mobilenetv2,stable,features_16,1775838141378.807,1775838141456.316,77.509,17.510,60.000,17.787,32937,5545,200.0,0,0,97.6
2356,reliability_dynamic_mobilenetv2,stable,features_16,1775838141461.317,1775838141549.828,88.511,18.006,68.504,19.045,32937,5545,200.0,0,0,88.5
2357,reliability_dynamic_mobilenetv2,stable,features_16,1775838141554.828,1775838141643.343,88.514,22.007,65.506,20.235,32937,5545,200.0,0,0,95.9
2358,reliability_dynamic_mobilenetv2,stable,features_16,1775838141647.341,1775838141732.852,85.511,19.000,66.511,20.453,32937,5545,200.0,0,0,86.5
2359,reliability_dynamic_mobilenetv2,stable,features_16,1775838141736.854,1775838141814.364,77.510,15.999,60.512,19.145,32937,5545,200.0,0,0,94.0
2360,reliability_dynamic_mobilenetv2,stable,features_16,1775838141817.364,1775838141899.880,82.516,20.000,60.516,18.614,32937,5545,200.0,0,0,93.8
2361,reliability_dynamic_mobilenetv2,stable,features_16,1775838141904.879,1775838141986.882,82.003,16.000,66.003,21.088,32937,5545,200.0,0,0,88.9
2362,reliability_dynamic_mobilenetv2,stable,features_16,1775838141990.395,1775838142066.644,76.249,11.994,63.255,19.759,32937,5545,200.0,0,0,81.2
2363,reliability_dynamic_mobilenetv2,stable,features_16,1775838142070.644,1775838142153.466,82.822,19.823,62.999,19.425,32937,5545,200.0,0,0,87.1
2364,reliability_dynamic_mobilenetv2,stable,features_16,1775838142156.466,1775838142227.975,71.509,10.003,59.506,18.474,32937,5545,200.0,0,0,83.8
2365,reliability_dynamic_mobilenetv2,stable,features_16,1775838142231.975,1775838142310.487,78.512,17.001,60.511,19.296,32937,5545,200.0,0,0,82.5
2366,reliability_dynamic_mobilenetv2,stable,features_16,1775838142314.487,1775838142411.996,97.509,14.000,82.509,18.524,32937,5545,200.0,0,0,81.2
2367,reliability_dynamic_mobilenetv2,stable,features_16,1775838142415.996,1775838142494.509,78.513,12.001,65.511,20.362,32937,5545,200.0,0,0,80.0
2368,reliability_dynamic_mobilenetv2,stable,features_16,1775838142497.513,1775838142574.537,77.024,10.998,65.027,20.159,32937,5545,200.0,0,0,74.4
2369,reliability_dynamic_mobilenetv2,stable,features_16,1775838142577.537,1775838142650.057,72.519,11.515,61.005,18.691,32937,5545,200.0,0,0,85.2
2370,reliability_dynamic_mobilenetv2,stable,features_16,1775838142653.057,1775838142742.566,89.509,11.000,77.508,22.033,32937,5545,200.0,0,0,79.2
2371,reliability_dynamic_mobilenetv2,stable,features_16,1775838142747.569,1775838142851.079,103.510,13.997,88.508,21.505,32937,5545,200.0,0,0,78.4
2372,reliability_dynamic_mobilenetv2,stable,features_16,1775838142854.075,1775838142933.583,79.509,11.002,67.507,23.238,32937,5545,200.0,0,0,77.8
2373,reliability_dynamic_mobilenetv2,stable,features_16,1775838142936.584,1775838143029.095,92.511,10.003,80.505,18.387,32937,5545,200.0,0,0,76.3
2374,reliability_dynamic_mobilenetv2,stable,features_16,1775838143033.092,1775838143110.080,76.988,11.001,64.987,21.879,32937,5545,200.0,0,0,87.8
2375,reliability_dynamic_mobilenetv2,stable,features_16,1775838143114.080,1775838143196.600,82.520,15.003,66.517,20.714,32937,5545,200.0,0,0,84.4
2376,reliability_dynamic_mobilenetv2,stable,features_16,1775838143200.604,1775838143280.605,80.001,12.998,67.003,21.816,32937,5545,200.0,0,0,86.2
2377,reliability_dynamic_mobilenetv2,stable,features_16,1775838143284.605,1775838143363.118,78.512,15.514,61.000,18.773,32937,5545,200.0,0,0,94.0
2378,reliability_dynamic_mobilenetv2,stable,features_16,1775838143367.119,1775838143442.632,75.513,13.007,62.506,19.367,32937,5545,200.0,0,0,88.8
2379,reliability_dynamic_mobilenetv2,stable,features_16,1775838143446.633,1775838143526.145,79.512,14.000,65.511,20.059,32937,5545,200.0,0,0,85.4
2380,reliability_dynamic_mobilenetv2,stable,features_16,1775838143530.145,1775838143611.658,81.513,14.000,67.513,21.397,32937,5545,200.0,0,0,88.8
2381,reliability_dynamic_mobilenetv2,stable,features_16,1775838143615.659,1775838143702.174,86.514,18.999,66.515,20.743,32937,5545,200.0,0,0,88.5
2382,reliability_dynamic_mobilenetv2,stable,features_16,1775838143706.174,1775838143785.177,79.003,15.000,64.003,19.663,32937,5545,200.0,0,0,83.8
2383,reliability_dynamic_mobilenetv2,stable,features_16,1775838143789.680,1775838143864.685,75.005,12.004,62.001,19.517,32937,5545,200.0,0,0,86.2
2384,reliability_dynamic_mobilenetv2,stable,features_16,1775838143868.685,1775838143944.200,75.515,12.006,62.510,19.735,32937,5545,200.0,0,0,82.9
2385,reliability_dynamic_mobilenetv2,stable,features_16,1775838143947.200,1775838144025.712,78.512,12.000,65.512,20.325,32937,5545,200.0,0,0,88.5
2386,reliability_dynamic_mobilenetv2,stable,features_16,1775838144030.711,1775838144119.225,88.515,20.001,66.513,21.058,32937,5545,200.0,0,0,98.0
2387,reliability_dynamic_mobilenetv2,stable,features_16,1775838144124.226,1775838144247.487,123.261,32.444,90.817,20.880,32937,5545,200.0,0,0,97.1
2388,reliability_dynamic_mobilenetv2,stable,features_16,1775838144260.490,1775838144435.038,174.548,60.519,113.525,19.341,32937,5545,200.0,0,0,93.4
2389,reliability_dynamic_mobilenetv2,stable,features_16,1775838144439.038,1775838144518.553,79.514,14.000,63.513,19.366,32937,5545,200.0,0,0,90.1
2390,reliability_dynamic_mobilenetv2,stable,features_16,1775838144523.553,1775838144609.065,85.512,21.000,64.512,20.252,32937,5545,200.0,0,0,88.9
2391,reliability_dynamic_mobilenetv2,stable,features_16,1775838144614.063,1775838144701.577,87.514,17.001,70.513,26.436,32937,5545,200.0,0,0,93.9
2392,reliability_dynamic_mobilenetv2,stable,features_16,1775838144705.576,1775838144785.580,80.004,18.001,62.003,18.683,32937,5545,200.0,0,0,87.5
2393,reliability_dynamic_mobilenetv2,stable,features_16,1775838144790.082,1775838144875.090,85.008,17.007,66.997,20.728,32937,5545,200.0,0,0,91.8
2394,reliability_dynamic_mobilenetv2,stable,features_16,1775838144879.090,1775838144966.602,87.512,19.512,67.000,21.163,32937,5545,200.0,0,0,91.3
2395,reliability_dynamic_mobilenetv2,stable,features_16,1775838144971.602,1775838145057.114,85.512,12.007,72.505,18.944,32937,5545,200.0,0,0,83.7
2396,reliability_dynamic_mobilenetv2,stable,features_16,1775838145062.114,1775838145143.630,81.516,20.009,59.506,18.810,32937,5545,200.0,0,0,100.0
2397,reliability_dynamic_mobilenetv2,stable,features_16,1775838145147.628,1775838145230.138,82.510,19.000,61.510,19.176,32937,5545,200.0,0,0,90.7
2398,reliability_dynamic_mobilenetv2,stable,features_16,1775838145234.138,1775838145321.650,87.512,20.001,65.511,19.469,32937,5545,200.0,0,0,91.9
2399,reliability_dynamic_mobilenetv2,stable,features_16,1775838145325.707,1775838145416.025,90.318,24.000,66.318,20.561,32937,5545,200.0,0,0,85.6
2400,reliability_dynamic_mobilenetv2,stable,features_16,1775838145420.024,1775838145507.536,87.512,20.001,67.511,20.157,32937,5545,200.0,0,0,89.0
2401,reliability_dynamic_mobilenetv2,stable,features_16,1775838145511.537,1775838145593.049,81.512,20.001,60.511,19.107,32937,5545,200.0,0,0,91.7
2402,reliability_dynamic_mobilenetv2,stable,features_16,1775838145597.048,1775838145674.048,77.000,16.003,60.997,18.669,32937,5545,200.0,0,0,80.0
2403,reliability_dynamic_mobilenetv2,stable,features_16,1775838145679.052,1775838145776.564,97.512,17.507,79.004,20.268,32937,5545,200.0,0,0,90.0
2404,reliability_dynamic_mobilenetv2,stable,features_16,1775838145781.564,1775838145871.072,89.508,20.508,69.000,21.400,32937,5545,200.0,0,0,96.9
2405,reliability_dynamic_mobilenetv2,stable,features_16,1775838145875.076,1775838145959.584,84.508,21.508,63.000,19.332,32937,5545,200.0,0,0,96.4
2406,reliability_dynamic_mobilenetv2,stable,features_16,1775838145964.584,1775838146051.097,86.513,24.005,62.509,19.538,32937,5545,200.0,0,0,93.9
2407,reliability_dynamic_mobilenetv2,stable,features_16,1775838146056.095,1775838146144.608,88.513,21.011,67.503,21.507,32937,5545,200.0,0,0,99.0
2408,reliability_dynamic_mobilenetv2,stable,features_16,1775838146149.610,1775838146236.116,86.507,19.000,66.506,20.373,32937,5545,200.0,0,0,94.2
2409,reliability_dynamic_mobilenetv2,stable,features_16,1775838146240.118,1775838146319.628,79.510,15.003,63.507,20.470,32937,5545,200.0,0,0,80.2
2410,reliability_dynamic_mobilenetv2,stable,features_16,1775838146322.628,1775838146394.137,71.509,10.001,60.509,19.283,32937,5545,200.0,0,0,82.7
2411,reliability_dynamic_mobilenetv2,stable,features_16,1775838146398.138,1775838146475.146,77.008,11.001,66.007,21.554,32937,5545,200.0,0,0,82.7
2412,reliability_dynamic_mobilenetv2,stable,features_16,1775838146479.144,1775838146558.653,79.509,12.509,65.999,20.522,32937,5545,200.0,0,0,78.1
2413,reliability_dynamic_mobilenetv2,stable,features_16,1775838146561.654,1775838146637.164,75.511,13.001,61.510,20.094,32937,5545,200.0,0,0,77.2
2414,reliability_dynamic_mobilenetv2,stable,features_16,1775838146640.164,1775838146715.673,75.509,11.001,62.508,20.481,32937,5545,200.0,0,0,76.5
2415,reliability_dynamic_mobilenetv2,stable,features_16,1775838146718.677,1775838146798.190,79.513,13.000,65.514,20.320,32937,5545,200.0,0,0,77.5
2416,reliability_dynamic_mobilenetv2,stable,features_16,1775838146801.190,1775838146878.195,77.005,11.001,66.004,20.735,32937,5545,200.0,0,0,78.8
2417,reliability_dynamic_mobilenetv2,stable,features_16,1775838146882.196,1775838146955.704,73.508,11.509,61.999,18.296,32937,5545,200.0,0,0,81.2
2418,reliability_dynamic_mobilenetv2,stable,features_16,1775838146959.705,1775838147035.213,75.509,12.000,63.509,20.392,32937,5545,200.0,0,0,82.7
2419,reliability_dynamic_mobilenetv2,stable,features_16,1775838147038.213,1775838147119.724,81.510,14.001,66.509,20.792,32937,5545,200.0,0,0,86.5
2420,reliability_dynamic_mobilenetv2,stable,features_16,1775838147123.724,1775838147205.235,81.511,15.003,65.507,19.888,32937,5545,200.0,0,0,90.0
2421,reliability_dynamic_mobilenetv2,stable,features_16,1775838147209.235,1775838147292.748,83.512,20.000,63.512,18.154,32937,5545,200.0,0,0,83.3
2422,reliability_dynamic_mobilenetv2,stable,features_16,1775838147296.749,1775838147373.748,77.000,13.000,62.000,19.425,32937,5545,200.0,0,0,82.5
2423,reliability_dynamic_mobilenetv2,stable,features_16,1775838147377.752,1775838147460.261,82.509,14.513,66.996,21.179,32937,5545,200.0,0,0,83.8
2424,reliability_dynamic_mobilenetv2,stable,features_16,1775838147463.263,1775838147541.775,78.512,11.000,66.513,20.845,32937,5545,200.0,0,0,87.6
2425,reliability_dynamic_mobilenetv2,stable,features_16,1775838147544.775,1775838147622.286,77.510,11.000,63.511,20.692,32937,5545,200.0,0,0,82.9
2426,reliability_dynamic_mobilenetv2,stable,features_16,1775838147626.286,1775838147703.796,77.510,13.000,64.510,19.039,32937,5545,200.0,0,0,90.2
2427,reliability_dynamic_mobilenetv2,stable,features_16,1775838147707.796,1775838147790.303,82.508,18.001,64.507,20.131,32937,5545,200.0,0,0,86.9
2428,reliability_dynamic_mobilenetv2,stable,features_16,1775838147795.308,1775838147885.312,90.003,24.000,65.003,20.660,32937,5545,200.0,0,0,91.9
2429,reliability_dynamic_mobilenetv2,stable,features_16,1775838147889.815,1775838147974.821,85.006,18.009,65.999,21.183,32937,5545,200.0,0,0,83.8
2430,reliability_dynamic_mobilenetv2,stable,features_16,1775838147978.826,1775838148061.335,82.509,15.508,65.999,19.871,32937,5545,200.0,0,0,86.5
2431,reliability_dynamic_mobilenetv2,stable,features_16,1775838148065.333,1775838148148.846,83.513,19.007,62.507,19.690,32937,5545,200.0,0,0,92.9
2432,reliability_dynamic_mobilenetv2,stable,features_16,1775838148152.846,1775838148232.355,79.510,17.000,61.509,18.752,32937,5545,200.0,0,0,91.4
2433,reliability_dynamic_mobilenetv2,stable,features_16,1775838148236.355,1775838148322.877,86.521,18.001,66.518,20.805,32937,5545,200.0,0,0,86.6
2434,reliability_dynamic_mobilenetv2,stable,features_16,1775838148326.873,1775838148413.388,86.515,19.001,65.514,20.226,32937,5545,200.0,0,0,88.9
2435,reliability_dynamic_mobilenetv2,stable,features_16,1775838148417.390,1775838148495.901,78.511,13.999,62.511,21.296,32937,5545,200.0,0,0,92.1
2436,reliability_dynamic_mobilenetv2,stable,features_16,1775838148499.901,1775838148578.909,79.007,17.000,60.008,18.076,32937,5545,200.0,0,0,87.5
2437,reliability_dynamic_mobilenetv2,stable,features_16,1775838148583.910,1775838148670.419,86.509,18.508,66.000,20.269,32937,5545,200.0,0,0,92.8
2438,reliability_dynamic_mobilenetv2,stable,features_16,1775838148674.418,1775838148763.933,89.515,18.511,68.998,21.477,32937,5545,200.0,0,0,92.8
2439,reliability_dynamic_mobilenetv2,stable,features_16,1775838148767.933,1775838148855.447,87.514,19.006,66.508,22.053,32937,5545,200.0,0,0,87.9
2440,reliability_dynamic_mobilenetv2,stable,features_16,1775838148859.445,1775838148945.960,86.515,20.005,65.511,20.930,32937,5545,200.0,0,0,79.4
2441,reliability_dynamic_mobilenetv2,stable,features_16,1775838148949.962,1775838149034.472,84.510,16.998,67.511,20.998,32937,5545,200.0,0,0,87.5
2442,reliability_dynamic_mobilenetv2,stable,features_16,1775838149038.472,1775838149120.982,82.510,17.002,64.509,19.958,32937,5545,200.0,0,0,89.8
2443,reliability_dynamic_mobilenetv2,stable,features_16,1775838149125.982,1775838149227.495,101.513,24.002,76.508,33.585,32937,5545,200.0,0,0,96.6
2444,reliability_dynamic_mobilenetv2,stable,features_16,1775838149231.492,1775838149316.007,84.514,23.002,60.512,18.061,32937,5545,200.0,0,0,96.3
2445,reliability_dynamic_mobilenetv2,stable,features_16,1775838149320.007,1775838149400.519,80.512,17.001,62.512,19.446,32937,5545,200.0,0,0,89.7
2446,reliability_dynamic_mobilenetv2,stable,features_16,1775838149404.522,1775838149483.523,79.001,14.998,62.004,20.233,32937,5545,200.0,0,0,77.5
2447,reliability_dynamic_mobilenetv2,stable,features_16,1775838149486.525,1775838149578.041,91.516,22.513,68.003,19.398,32937,5545,200.0,0,0,85.6
2448,reliability_dynamic_mobilenetv2,stable,features_16,1775838149581.040,1775838149670.556,89.516,17.518,70.000,22.905,32937,5545,200.0,0,0,90.8
2449,reliability_dynamic_mobilenetv2,stable,features_16,1775838149674.558,1775838149751.069,76.511,13.007,62.507,19.498,32937,5545,200.0,0,0,90.0
2450,reliability_dynamic_mobilenetv2,stable,features_16,1775838149757.070,1775838149842.581,85.511,19.004,64.507,19.068,32937,5545,200.0,0,0,86.5
2451,reliability_dynamic_mobilenetv2,stable,features_16,1775838149846.582,1775838149929.091,82.509,16.001,65.508,20.701,32937,5545,200.0,0,0,88.8
2452,reliability_dynamic_mobilenetv2,stable,features_16,1775838149935.091,1775838150035.603,100.512,15.001,84.512,20.802,32937,5545,200.0,0,0,87.7
2453,reliability_dynamic_mobilenetv2,stable,features_16,1775838150038.604,1775838150119.114,80.510,17.001,61.510,19.343,32937,5545,200.0,0,0,89.8
2454,reliability_dynamic_mobilenetv2,stable,features_16,1775838150122.114,1775838150243.625,121.511,17.003,104.508,20.212,32937,5545,200.0,0,0,78.7
2455,reliability_dynamic_mobilenetv2,stable,features_16,1775838150246.625,1775838150327.135,80.511,12.002,68.509,21.677,32937,5545,200.0,0,0,72.8
2456,reliability_dynamic_mobilenetv2,stable,features_16,1775838150331.137,1775838150408.648,77.510,11.001,65.508,20.580,32937,5545,200.0,0,0,77.8
2457,reliability_dynamic_mobilenetv2,stable,features_16,1775838150423.645,1775838150516.155,92.510,17.001,75.509,19.151,32937,5545,200.0,0,0,82.1
2458,reliability_dynamic_mobilenetv2,stable,features_16,1775838150521.154,1775838150597.664,76.510,12.003,59.510,18.448,32937,5545,200.0,0,0,80.2
2459,reliability_dynamic_mobilenetv2,stable,features_16,1775838150600.665,1775838150678.670,78.006,12.002,65.004,20.644,32937,5545,200.0,0,0,76.8
2460,reliability_dynamic_mobilenetv2,stable,features_16,1775838150681.668,1775838150762.176,80.508,12.511,67.997,20.691,32937,5545,200.0,0,0,76.0
2461,reliability_dynamic_mobilenetv2,stable,features_16,1775838150765.180,1775838150844.694,79.515,13.006,65.506,20.504,32937,5545,200.0,0,0,71.6
2462,reliability_dynamic_mobilenetv2,stable,features_16,1775838150847.695,1775838150927.205,79.510,10.999,68.511,21.038,32937,5545,200.0,0,0,78.8
2463,reliability_dynamic_mobilenetv2,stable,features_16,1775838150930.205,1775838151006.718,76.513,12.000,62.513,19.411,32937,5545,200.0,0,0,83.1
2464,reliability_dynamic_mobilenetv2,stable,features_16,1775838151009.718,1775838151107.231,97.513,13.001,84.512,21.232,32937,5545,200.0,0,0,85.2
2465,reliability_dynamic_mobilenetv2,stable,features_16,1775838151111.230,1775838151199.371,88.141,19.001,68.143,21.758,32937,5545,200.0,0,0,86.6
2466,reliability_dynamic_mobilenetv2,stable,features_16,1775838151203.372,1775838151285.376,82.004,17.001,64.002,20.284,32937,5545,200.0,0,0,93.9
2467,reliability_dynamic_mobilenetv2,stable,features_16,1775838151289.376,1775838151388.891,99.514,17.512,80.002,18.759,32937,5545,200.0,0,0,96.5
2468,reliability_dynamic_mobilenetv2,stable,features_16,1775838151391.399,1775838151481.917,90.518,21.005,67.513,18.635,32937,5545,200.0,0,0,97.0
2469,reliability_dynamic_mobilenetv2,stable,features_16,1775838151485.918,1775838151580.432,94.514,26.511,66.003,20.794,32937,5545,200.0,0,0,96.9
2470,reliability_dynamic_mobilenetv2,stable,features_16,1775838151585.433,1775838151677.946,92.513,24.512,67.002,20.558,32937,5545,200.0,0,0,98.0
2471,reliability_dynamic_mobilenetv2,stable,features_16,1775838151681.946,1775838151759.454,77.508,14.510,61.999,19.913,32937,5545,200.0,0,0,93.8
2472,reliability_dynamic_mobilenetv2,stable,features_16,1775838151763.454,1775838151841.969,78.515,17.006,60.507,18.497,32937,5545,200.0,0,0,83.5
2473,reliability_dynamic_mobilenetv2,stable,features_16,1775838151845.969,1775838151943.480,97.510,18.001,78.509,20.265,32937,5545,200.0,0,0,83.5
2474,reliability_dynamic_mobilenetv2,stable,features_16,1775838151946.480,1775838152051.995,105.515,12.000,92.512,23.268,32937,5545,200.0,0,0,83.9
2475,reliability_dynamic_mobilenetv2,stable,features_16,1775838152055.993,1775838152137.507,81.515,18.999,61.512,19.163,32937,5545,200.0,0,0,86.5
2476,reliability_dynamic_mobilenetv2,stable,features_16,1775838152142.509,1775838152242.017,99.508,15.000,83.508,40.203,32937,5545,200.0,0,0,83.3
2477,reliability_dynamic_mobilenetv2,stable,features_16,1775838152245.017,1775838152324.526,79.509,17.002,61.509,19.129,32937,5545,200.0,0,0,86.5
2478,reliability_dynamic_mobilenetv2,stable,features_16,1775838152328.527,1775838152421.046,92.520,25.002,65.517,23.745,32937,5545,200.0,0,0,91.8
2479,reliability_dynamic_mobilenetv2,stable,features_16,1775838152425.047,1775838152507.558,82.510,16.003,65.508,20.837,32937,5545,200.0,0,0,88.8
2480,reliability_dynamic_mobilenetv2,stable,features_16,1775838152511.558,1775838152596.085,84.527,18.004,65.524,20.530,32937,5545,200.0,0,0,78.1
2481,reliability_dynamic_mobilenetv2,stable,features_16,1775838152599.088,1775838152676.089,77.001,12.999,63.001,19.453,32937,5545,200.0,0,0,77.5
2482,reliability_dynamic_mobilenetv2,stable,features_16,1775838152680.094,1775838152759.596,79.501,17.502,62.000,18.114,32937,5545,200.0,0,0,81.2
2483,reliability_dynamic_mobilenetv2,stable,features_16,1775838152763.595,1775838152849.105,85.510,13.004,71.506,24.158,32937,5545,200.0,0,0,78.5
2484,reliability_dynamic_mobilenetv2,stable,features_16,1775838152853.105,1775838152935.614,82.509,14.001,67.508,20.245,32937,5545,200.0,0,0,80.4
2485,reliability_dynamic_mobilenetv2,stable,features_16,1775838152939.614,1775838153035.128,95.514,20.001,75.513,19.773,32937,5545,200.0,0,0,79.2
2486,reliability_dynamic_mobilenetv2,stable,features_16,1775838153039.128,1775838153118.637,79.509,12.001,65.506,20.663,32937,5545,200.0,0,0,83.3
2487,reliability_dynamic_mobilenetv2,stable,features_16,1775838153121.638,1775838153208.149,86.511,17.999,66.513,19.924,32937,5545,200.0,0,0,83.8
2488,reliability_dynamic_mobilenetv2,stable,features_16,1775838153212.150,1775838153295.660,83.510,13.000,69.510,22.591,32937,5545,200.0,0,0,86.5
2489,reliability_dynamic_mobilenetv2,stable,features_16,1775838153299.660,1775838153392.170,92.510,13.001,77.505,19.094,32937,5545,200.0,0,0,90.6
2490,reliability_dynamic_mobilenetv2,stable,features_16,1775838153395.172,1775838153498.679,103.508,22.999,80.509,19.571,32937,5545,200.0,0,0,94.7
2491,reliability_dynamic_mobilenetv2,stable,features_16,1775838153502.679,1775838153588.689,86.010,20.001,66.009,20.281,32937,5545,200.0,0,0,90.6
2492,reliability_dynamic_mobilenetv2,stable,features_16,1775838153592.949,1775838153781.463,188.514,17.000,169.514,122.547,32937,5545,200.0,0,0,88.0
2493,reliability_dynamic_mobilenetv2,stable,features_16,1775838153784.464,1775838153866.974,82.510,15.510,65.000,19.524,32937,5545,200.0,0,0,82.5
2494,reliability_dynamic_mobilenetv2,stable,features_16,1775838153870.974,1775838153949.488,78.514,13.006,64.509,20.098,32937,5545,200.0,0,0,84.4
2495,reliability_dynamic_mobilenetv2,stable,features_16,1775838153952.488,1775838154028.002,75.514,13.001,60.513,18.778,32937,5545,200.0,0,0,85.0
2496,reliability_dynamic_mobilenetv2,stable,features_16,1775838154031.005,1775838154104.296,73.291,11.997,61.294,18.072,32937,5545,200.0,0,0,85.0
2497,reliability_dynamic_mobilenetv2,stable,features_16,1775838154108.295,1775838154193.810,85.515,14.999,68.516,23.388,32937,5545,200.0,0,0,87.5
2498,reliability_dynamic_mobilenetv2,stable,features_16,1775838154197.810,1775838154283.812,86.002,18.000,67.002,21.464,32937,5545,200.0,0,0,90.6
2499,reliability_dynamic_mobilenetv2,stable,features_16,1775838154286.812,1775838154369.326,82.515,19.515,61.999,19.011,32937,5545,200.0,0,0,88.5
2500,reliability_dynamic_mobilenetv2,stable,features_16,1775838154373.326,1775838154449.847,76.520,14.017,61.504,18.933,32937,5545,200.0,0,0,93.9
2501,reliability_dynamic_mobilenetv2,stable,features_16,1775838154453.849,1775838154542.361,88.511,13.999,73.512,20.988,32937,5545,200.0,0,0,88.7
2502,reliability_dynamic_mobilenetv2,stable,features_16,1775838154545.362,1775838154626.871,81.509,13.999,67.510,20.650,32937,5545,200.0,0,0,87.7
2503,reliability_dynamic_mobilenetv2,stable,features_16,1775838154630.871,1775838154706.385,75.514,13.003,61.510,19.339,32937,5545,200.0,0,0,88.8
2504,reliability_dynamic_mobilenetv2,stable,features_16,1775838154711.386,1775838154795.899,84.513,21.000,62.512,19.204,32937,5545,200.0,0,0,92.9
2505,reliability_dynamic_mobilenetv2,stable,features_16,1775838154800.899,1775838154894.414,93.515,21.004,71.510,21.089,32937,5545,200.0,0,0,84.4
2506,reliability_dynamic_mobilenetv2,stable,features_16,1775838154898.413,1775838154979.415,81.002,12.999,67.004,20.694,32937,5545,200.0,0,0,93.0
2507,reliability_dynamic_mobilenetv2,stable,features_16,1775838154983.415,1775838155062.923,79.508,15.510,62.998,19.189,32937,5545,200.0,0,0,93.8
2508,reliability_dynamic_mobilenetv2,stable,features_16,1775838155067.923,1775838155148.438,80.516,20.006,59.508,18.514,32937,5545,200.0,0,0,91.5
2509,reliability_dynamic_mobilenetv2,stable,features_16,1775838155152.439,1775838155232.949,80.511,18.000,61.511,18.542,32937,5545,200.0,0,0,89.8
2510,reliability_dynamic_mobilenetv2,stable,features_16,1775838155237.952,1775838155320.461,82.509,18.000,63.509,20.052,32937,5545,200.0,0,0,90.8
2511,reliability_dynamic_mobilenetv2,stable,features_16,1775838155324.462,1775838155422.975,98.513,19.999,77.513,19.383,32937,5545,200.0,0,0,93.8
2512,reliability_dynamic_mobilenetv2,stable,features_16,1775838155427.975,1775838155513.487,85.512,17.000,66.512,21.085,32937,5545,200.0,0,0,95.9
2513,reliability_dynamic_mobilenetv2,stable,features_16,1775838155517.488,1775838155608.998,91.509,24.000,65.510,22.015,32937,5545,200.0,0,0,93.8
2514,reliability_dynamic_mobilenetv2,stable,features_16,1775838155612.998,1775838155698.512,85.514,19.001,65.513,20.879,32937,5545,200.0,0,0,96.9
2515,reliability_dynamic_mobilenetv2,stable,features_16,1775838155702.511,1775838155791.515,89.003,21.001,67.002,20.366,32937,5545,200.0,0,0,93.1
2516,reliability_dynamic_mobilenetv2,stable,features_16,1775838155795.025,1775838155882.025,87.000,20.998,64.003,19.558,32937,5545,200.0,0,0,85.2
2517,reliability_dynamic_mobilenetv2,stable,features_16,1775838155886.025,1775838156979.517,1093.492,12.512,1079.979,34.008,32937,5545,200.0,1,0,37.5
2518,reliability_dynamic_mobilenetv2,stable,features_16,1775838156982.517,1775838157069.022,86.505,21.505,65.000,21.253,32937,5545,200.0,0,0,86.4
2519,reliability_dynamic_mobilenetv2,stable,features_16,1775838157074.022,1775838157167.536,93.514,24.514,68.000,21.610,32937,5545,200.0,0,0,96.6
2520,reliability_dynamic_mobilenetv2,stable,features_16,1775838157172.536,1775838157258.050,85.513,17.006,68.507,22.349,32937,5545,200.0,0,0,99.0
2521,reliability_dynamic_mobilenetv2,stable,features_16,1775838157262.049,1775838157355.562,93.513,26.005,64.508,22.800,32937,5545,200.0,0,0,95.9
2522,reliability_dynamic_mobilenetv2,stable,features_16,1775838157360.564,1775838157464.074,103.510,29.003,74.507,24.182,32937,5545,200.0,0,0,97.4
2523,reliability_dynamic_mobilenetv2,stable,features_16,1775838157469.074,1775838157584.590,115.516,27.514,87.002,29.594,32937,5545,200.0,0,0,96.6
2524,reliability_dynamic_mobilenetv2,stable,features_16,1775838157588.591,1775838157679.105,90.515,20.513,68.003,23.194,32937,5545,200.0,0,0,95.9
2525,reliability_dynamic_mobilenetv2,stable,features_16,1775838157683.106,1775838157776.614,93.508,23.508,69.000,23.806,32937,5545,200.0,0,0,94.8
2526,reliability_dynamic_mobilenetv2,stable,features_16,1775838157780.617,1775838157889.128,108.511,34.508,74.003,25.611,32937,5545,200.0,0,0,99.1
2527,reliability_dynamic_mobilenetv2,stable,features_16,1775838157894.635,1775838157996.149,101.513,34.001,66.512,23.337,32937,5545,200.0,0,0,95.7
2528,reliability_dynamic_mobilenetv2,stable,features_16,1775838158002.149,1775838158138.659,136.511,30.000,104.510,44.293,32937,5545,200.0,0,0,95.2
2529,reliability_dynamic_mobilenetv2,stable,features_16,1775838158142.660,1775838158238.170,95.510,26.000,68.509,21.403,32937,5545,200.0,0,0,95.8
2530,reliability_dynamic_mobilenetv2,stable,features_16,1775838158243.169,1775838158335.679,92.510,24.000,67.510,22.229,32937,5545,200.0,0,0,92.7
2531,reliability_dynamic_mobilenetv2,stable,features_16,1775838158339.679,1775838158426.190,86.510,19.001,66.509,19.805,32937,5545,200.0,0,0,90.9
2532,reliability_dynamic_mobilenetv2,stable,features_16,1775838158430.190,1775838158510.699,80.509,17.003,62.506,20.621,32937,5545,200.0,0,0,87.5
2533,reliability_dynamic_mobilenetv2,stable,features_16,1775838158514.699,1775838158606.209,91.509,20.000,71.509,23.036,32937,5545,200.0,0,0,94.8
2534,reliability_dynamic_mobilenetv2,stable,features_16,1775838158611.209,1775838158697.718,86.509,20.000,65.509,21.183,32937,5545,200.0,0,0,91.8
2535,reliability_dynamic_mobilenetv2,stable,features_16,1775838158701.718,1775838158798.229,96.510,22.000,73.510,21.576,32937,5545,200.0,0,0,89.7
2536,reliability_dynamic_mobilenetv2,stable,features_16,1775838158802.229,1775838158891.233,89.004,20.002,68.003,22.943,32937,5545,200.0,0,0,88.8
2537,reliability_dynamic_mobilenetv2,stable,features_16,1775838158895.742,1775838158987.745,92.003,23.000,69.002,23.295,32937,5545,200.0,0,0,91.8
2538,reliability_dynamic_mobilenetv2,stable,features_16,1775838158993.249,1775838159089.257,96.009,23.005,71.001,24.127,32937,5545,200.0,0,0,93.9
2539,reliability_dynamic_mobilenetv2,stable,features_16,1775838159092.761,1775838159180.769,88.008,19.006,67.001,20.921,32937,5545,200.0,0,0,84.4
2540,reliability_dynamic_mobilenetv2,stable,features_16,1775838159184.769,1775838159264.276,79.508,12.509,65.998,22.036,32937,5545,200.0,0,0,75.0
2541,reliability_dynamic_mobilenetv2,stable,features_16,1775838159267.276,1775838159352.788,85.512,12.009,72.503,20.059,32937,5545,200.0,0,0,81.4
2542,reliability_dynamic_mobilenetv2,stable,features_16,1775838159356.788,1775838159433.297,76.509,13.001,63.508,20.670,32937,5545,200.0,0,0,79.5
2543,reliability_dynamic_mobilenetv2,stable,features_16,1775838159437.297,1775838159525.809,88.512,17.004,70.510,23.736,32937,5545,200.0,0,0,87.6
2544,reliability_dynamic_mobilenetv2,stable,features_16,1775838159531.809,1775838159613.963,82.154,13.001,68.153,21.935,32937,5545,200.0,0,0,72.5
2545,reliability_dynamic_mobilenetv2,stable,features_16,1775838159617.963,1775838159700.472,82.509,14.003,66.505,20.138,32937,5545,200.0,0,0,77.9
2546,reliability_dynamic_mobilenetv2,stable,features_16,1775838159703.472,1775838159778.475,75.003,10.001,63.999,21.539,32937,5545,200.0,0,0,70.4
2547,reliability_dynamic_mobilenetv2,stable,features_16,1775838159781.475,1775838159862.982,81.507,10.000,70.003,23.591,32937,5545,200.0,0,0,77.5
2548,reliability_dynamic_mobilenetv2,stable,features_16,1775838159866.982,1775838159949.492,82.510,13.005,69.505,22.503,32937,5545,200.0,0,0,77.3
2549,reliability_dynamic_mobilenetv2,stable,features_16,1775838159953.492,1775838160061.000,107.508,9.002,96.507,40.809,32937,5545,200.0,0,0,78.8
2550,reliability_dynamic_mobilenetv2,stable,features_16,1775838160065.001,1775838160154.509,89.509,19.003,69.505,20.835,32937,5545,200.0,0,0,85.4
2551,reliability_dynamic_mobilenetv2,stable,features_16,1775838160157.509,1775838160244.021,86.512,13.001,72.510,24.301,32937,5545,200.0,0,0,85.6
2552,reliability_dynamic_mobilenetv2,stable,features_16,1775838160247.021,1775838160354.531,107.510,19.001,87.509,30.174,32937,5545,200.0,0,0,92.9
2553,reliability_dynamic_mobilenetv2,stable,features_16,1775838160358.532,1775838160448.041,89.509,12.002,75.505,20.385,32937,5545,200.0,0,0,86.6
2554,reliability_dynamic_mobilenetv2,stable,features_16,1775838160451.041,1775838160532.551,81.510,18.001,63.510,20.627,32937,5545,200.0,0,0,87.8
2555,reliability_dynamic_mobilenetv2,stable,features_16,1775838160536.552,1775838160635.060,98.509,17.000,80.508,34.927,32937,5545,200.0,0,0,88.6
2556,reliability_dynamic_mobilenetv2,stable,features_16,1775838160640.060,1775838160734.569,94.509,16.001,76.508,22.063,32937,5545,200.0,0,0,86.6
2557,reliability_dynamic_mobilenetv2,stable,features_16,1775838160737.569,1775838160834.078,96.509,14.001,82.508,23.494,32937,5545,200.0,0,0,83.3
2558,reliability_dynamic_mobilenetv2,stable,features_16,1775838160839.084,1775838160919.588,80.504,13.995,65.508,21.050,32937,5545,200.0,0,0,86.5
2559,reliability_dynamic_mobilenetv2,stable,features_16,1775838160922.587,1775838161004.097,81.510,11.003,69.507,20.185,32937,5545,200.0,0,0,83.8
2560,reliability_dynamic_mobilenetv2,stable,features_16,1775838161007.100,1775838161091.100,84.000,13.998,69.002,19.958,32937,5545,200.0,0,0,91.7
2561,reliability_dynamic_mobilenetv2,stable,features_16,1775838161094.607,1775838161186.609,92.003,13.001,78.002,22.249,32937,5545,200.0,0,0,91.7
2562,reliability_dynamic_mobilenetv2,stable,features_16,1775838161190.610,1775838161289.124,98.514,27.512,70.002,21.383,32937,5545,200.0,0,0,92.0
2563,reliability_dynamic_mobilenetv2,stable,features_16,1775838161293.628,1775838161378.635,85.007,18.005,64.999,21.710,32937,5545,200.0,0,0,92.6
2564,reliability_dynamic_mobilenetv2,stable,features_16,1775838161382.635,1775838161467.144,84.509,18.511,64.998,20.167,32937,5545,200.0,0,0,91.9
2565,reliability_dynamic_mobilenetv2,stable,features_16,1775838161471.144,1775838161559.656,88.512,21.006,67.507,21.859,32937,5545,200.0,0,0,95.9
2566,reliability_dynamic_mobilenetv2,stable,features_16,1775838161563.657,1775838161699.677,136.021,19.005,116.016,22.402,32937,5545,200.0,0,0,93.2
2567,reliability_dynamic_mobilenetv2,stable,features_16,1775838161703.678,1775838161791.682,88.004,22.000,66.004,19.920,32937,5545,200.0,0,0,93.9
2568,reliability_dynamic_mobilenetv2,stable,features_16,1775838161796.190,1775838161877.189,80.999,17.002,62.997,20.213,32937,5545,200.0,0,0,95.1
2569,reliability_dynamic_mobilenetv2,stable,features_16,1775838161880.193,1775838161974.699,94.506,21.507,70.999,23.916,32937,5545,200.0,0,0,89.7
2570,reliability_dynamic_mobilenetv2,stable,features_16,1775838161978.703,1775838162066.214,87.511,19.508,67.000,21.628,32937,5545,200.0,0,0,88.7
2571,reliability_dynamic_mobilenetv2,stable,features_16,1775838162071.211,1775838162156.726,85.515,22.515,61.000,19.584,32937,5545,200.0,0,0,96.1
2572,reliability_dynamic_mobilenetv2,stable,features_16,1775838162160.726,1775838162250.237,89.511,25.004,62.507,20.515,32937,5545,200.0,0,0,97.9
2573,reliability_dynamic_mobilenetv2,stable,features_16,1775838162254.238,1775838162345.754,91.516,26.006,64.511,20.817,32937,5545,200.0,0,0,94.8
2574,reliability_dynamic_mobilenetv2,stable,features_16,1775838162349.750,1775838162437.260,87.510,12.002,74.507,19.746,32937,5545,200.0,0,0,82.3
2575,reliability_dynamic_mobilenetv2,stable,features_16,1775838162441.262,1775838162544.291,103.029,11.999,90.031,22.874,32937,5545,200.0,0,0,90.3
2576,reliability_dynamic_mobilenetv2,stable,features_16,1775838162548.290,1775838162668.310,120.020,12.512,106.507,37.091,32937,5545,200.0,0,0,82.8
2577,reliability_dynamic_mobilenetv2,stable,features_16,1775838162672.310,1775838162763.820,91.510,16.005,74.504,32.326,32937,5545,200.0,0,0,78.1
2578,reliability_dynamic_mobilenetv2,stable,features_16,1775838162767.821,1775838162903.839,136.018,14.004,121.014,35.473,32937,5545,200.0,0,0,75.9
2579,reliability_dynamic_mobilenetv2,stable,features_16,1775838162907.839,1775838162984.843,77.003,15.004,62.000,21.126,32937,5545,200.0,0,0,80.0
2580,reliability_dynamic_mobilenetv2,stable,features_16,1775838162988.843,1775838163064.356,75.514,13.516,60.998,20.233,32937,5545,200.0,0,0,81.2
2581,reliability_dynamic_mobilenetv2,stable,features_16,1775838163067.356,1775838163156.866,89.510,20.004,67.506,23.029,32937,5545,200.0,0,0,90.7
2582,reliability_dynamic_mobilenetv2,stable,features_16,1775838163160.866,1775838163242.542,81.676,14.002,66.673,21.652,32937,5545,200.0,0,0,84.4
2583,reliability_dynamic_mobilenetv2,stable,features_16,1775838163246.543,1775838163343.852,97.309,17.000,80.309,20.604,32937,5545,200.0,0,0,84.5
2584,reliability_dynamic_mobilenetv2,stable,features_16,1775838163347.852,1775838163462.361,114.510,18.000,95.510,30.735,32937,5545,200.0,0,0,90.2
2585,reliability_dynamic_mobilenetv2,stable,features_16,1775838163466.361,1775838163557.873,91.512,19.006,72.506,21.381,32937,5545,200.0,0,0,89.9
2586,reliability_dynamic_mobilenetv2,stable,features_16,1775838163562.874,1775838163663.383,100.510,13.000,86.509,30.297,32937,5545,200.0,0,0,87.5
2587,reliability_dynamic_mobilenetv2,stable,features_16,1775838163667.384,1775838163777.897,110.513,12.005,96.508,22.275,32937,5545,200.0,0,0,89.2
2588,reliability_dynamic_mobilenetv2,stable,features_16,1775838163780.897,1775838163895.913,115.016,16.508,97.508,30.843,32937,5545,200.0,0,0,81.2
2589,reliability_dynamic_mobilenetv2,stable,features_16,1775838163899.913,1775838163981.917,82.003,15.000,66.003,20.190,32937,5545,200.0,0,0,84.4
2590,reliability_dynamic_mobilenetv2,stable,features_16,1775838163984.916,1775838164063.424,78.508,12.508,65.000,20.698,32937,5545,200.0,0,0,84.0
2591,reliability_dynamic_mobilenetv2,stable,features_16,1775838164067.425,1775838164162.935,95.510,17.004,77.506,20.276,32937,5545,200.0,0,0,94.0
2592,reliability_dynamic_mobilenetv2,stable,features_16,1775838164167.935,1775838164258.449,90.514,25.005,64.004,20.275,32937,5545,200.0,0,0,96.5
2593,reliability_dynamic_mobilenetv2,stable,features_16,1775838164262.449,1775838164357.425,94.975,20.009,73.966,26.237,32937,5545,200.0,0,0,90.8
2594,reliability_dynamic_mobilenetv2,stable,features_16,1775838164361.425,1775838164449.936,88.511,17.001,69.510,22.463,32937,5545,200.0,0,0,93.9
2595,reliability_dynamic_mobilenetv2,stable,features_16,1775838164454.936,1775838164542.446,87.510,21.001,64.510,21.081,32937,5545,200.0,0,0,90.8
2596,reliability_dynamic_mobilenetv2,stable,features_16,1775838164548.447,1775838164640.957,92.509,24.000,66.510,19.935,32937,5545,200.0,0,0,91.9
2597,reliability_dynamic_mobilenetv2,stable,features_16,1775838164645.957,1775838164754.468,108.511,23.002,85.509,22.318,32937,5545,200.0,0,0,93.9
2598,reliability_dynamic_mobilenetv2,stable,features_16,1775838164758.468,1775838164849.980,91.512,21.000,70.512,24.020,32937,5545,200.0,0,0,93.8
2599,reliability_dynamic_mobilenetv2,stable,features_16,1775838164853.980,1775838164942.491,88.511,21.002,67.510,21.602,32937,5545,200.0,0,0,92.9
2600,reliability_dynamic_mobilenetv2,stable,features_16,1775838164946.491,1775838165031.001,84.509,16.001,68.508,21.803,32937,5545,200.0,0,0,79.4
2601,reliability_dynamic_mobilenetv2,stable,features_16,1775838165035.000,1775838165113.510,78.509,16.003,61.506,19.550,32937,5545,200.0,0,0,94.0
2602,reliability_dynamic_mobilenetv2,stable,features_16,1775838165117.510,1775838165197.020,79.509,16.002,62.507,20.214,32937,5545,200.0,0,0,83.5
2603,reliability_dynamic_mobilenetv2,stable,features_16,1775838165201.020,1775838165288.023,87.003,18.002,68.002,21.961,32937,5545,200.0,0,0,82.5
2604,reliability_dynamic_mobilenetv2,stable,features_16,1775838165293.023,1775838165380.535,87.513,19.510,68.002,20.410,32937,5545,200.0,0,0,84.4
2605,reliability_dynamic_mobilenetv2,stable,features_16,1775838165384.535,1775838165465.042,80.507,17.508,62.000,19.908,32937,5545,200.0,0,0,83.7
2606,reliability_dynamic_mobilenetv2,stable,features_16,1775838165468.043,1775838165547.664,79.621,13.010,65.613,22.421,32937,5545,200.0,0,0,89.0
2607,reliability_dynamic_mobilenetv2,stable,features_16,1775838165551.559,1775838165634.068,82.509,15.000,66.508,21.792,32937,5545,200.0,0,0,85.4
2608,reliability_dynamic_mobilenetv2,stable,features_16,1775838165638.067,1775838165720.579,82.512,13.000,67.511,22.547,32937,5545,200.0,0,0,82.5
2609,reliability_dynamic_mobilenetv2,stable,features_16,1775838165723.579,1775838165798.088,74.509,14.001,59.508,19.284,32937,5545,200.0,0,0,81.7
2610,reliability_dynamic_mobilenetv2,stable,features_16,1775838165802.088,1775838165894.594,92.506,15.001,75.002,19.704,32937,5545,200.0,0,0,73.5
2611,reliability_dynamic_mobilenetv2,stable,features_16,1775838165897.603,1775838165975.597,77.994,9.996,66.999,21.098,32937,5545,200.0,0,0,72.5
2612,reliability_dynamic_mobilenetv2,stable,features_16,1775838165979.598,1775838166060.110,80.512,11.006,68.505,23.626,32937,5545,200.0,0,0,79.2
2613,reliability_dynamic_mobilenetv2,stable,features_16,1775838166063.109,1775838166136.619,73.510,10.001,61.508,20.155,32937,5545,200.0,0,0,84.0
2614,reliability_dynamic_mobilenetv2,stable,features_16,1775838166140.620,1775838166236.129,95.510,18.000,75.509,21.047,32937,5545,200.0,0,0,80.4
2615,reliability_dynamic_mobilenetv2,stable,features_16,1775838166240.128,1775838166316.637,76.510,15.001,60.509,19.835,32937,5545,200.0,0,0,76.2
2616,reliability_dynamic_mobilenetv2,stable,features_16,1775838166320.637,1775838166397.146,76.508,10.001,65.507,20.406,32937,5545,200.0,0,0,75.3
2617,reliability_dynamic_mobilenetv2,stable,features_16,1775838166400.146,1775838166497.655,97.509,14.001,83.508,22.332,32937,5545,200.0,0,0,76.8
2618,reliability_dynamic_mobilenetv2,stable,features_16,1775838166501.656,1775838166582.658,81.002,10.001,70.002,23.191,32937,5545,200.0,0,0,73.8
2619,reliability_dynamic_mobilenetv2,stable,features_16,1775838166587.658,1775838166696.680,109.022,12.516,95.507,22.108,32937,5545,200.0,0,0,77.5
2620,reliability_dynamic_mobilenetv2,stable,features_16,1775838166699.680,1775838166804.190,104.510,17.001,85.509,21.624,32937,5545,200.0,0,0,83.8
2621,reliability_dynamic_mobilenetv2,stable,features_16,1775838166807.190,1775838166890.193,83.003,11.001,70.003,22.120,32937,5545,200.0,0,0,76.0
2622,reliability_dynamic_mobilenetv2,stable,features_16,1775838166894.696,1775838166973.699,79.003,11.004,66.999,21.571,32937,5545,200.0,0,0,76.5
2623,reliability_dynamic_mobilenetv2,stable,features_16,1775838166976.700,1775838167056.212,79.512,14.007,63.505,21.159,32937,5545,200.0,0,0,86.7
2624,reliability_dynamic_mobilenetv2,stable,features_16,1775838167059.212,1775838167143.726,84.513,19.000,64.513,21.060,32937,5545,200.0,0,0,89.0
2625,reliability_dynamic_mobilenetv2,stable,features_16,1775838167148.725,1775838167233.234,84.509,17.000,65.509,21.209,32937,5545,200.0,0,0,86.7
2626,reliability_dynamic_mobilenetv2,stable,features_16,1775838167237.236,1775838167315.743,78.507,11.999,66.507,21.847,32937,5545,200.0,0,0,80.0
2627,reliability_dynamic_mobilenetv2,stable,features_16,1775838167319.743,1775838167468.253,148.510,11.001,136.509,32.030,32937,5545,200.0,0,0,89.6
2628,reliability_dynamic_mobilenetv2,stable,features_16,1775838167472.254,1775838167556.764,84.510,15.005,67.505,22.293,32937,5545,200.0,0,0,89.8
2629,reliability_dynamic_mobilenetv2,stable,features_16,1775838167561.764,1775838167654.277,92.513,15.001,76.511,20.346,32937,5545,200.0,0,0,83.3
2630,reliability_dynamic_mobilenetv2,stable,features_16,1775838167657.276,1775838167747.786,90.510,15.000,74.511,32.665,32937,5545,200.0,0,0,82.8
2631,reliability_dynamic_mobilenetv2,stable,features_16,1775838167751.785,1775838167839.296,87.510,18.001,67.510,21.129,32937,5545,200.0,0,0,83.3
2632,reliability_dynamic_mobilenetv2,stable,features_16,1775838167843.296,1775838167932.153,88.857,18.001,68.848,22.052,32937,5545,200.0,0,0,82.3
2633,reliability_dynamic_mobilenetv2,stable,features_16,1775838167936.148,1775838168014.657,78.509,15.000,62.509,20.427,32937,5545,200.0,0,0,86.2
2634,reliability_dynamic_mobilenetv2,stable,features_16,1775838168018.658,1775838168100.169,81.511,15.000,63.511,20.227,32937,5545,200.0,0,0,82.7
2635,reliability_dynamic_mobilenetv2,stable,features_16,1775838168105.170,1775838168201.686,96.516,28.000,67.515,21.320,32937,5545,200.0,0,0,97.5
2636,reliability_dynamic_mobilenetv2,stable,features_16,1775838168206.685,1775838168305.196,98.511,21.002,76.510,22.607,32937,5545,200.0,0,0,97.5
2637,reliability_dynamic_mobilenetv2,stable,features_16,1775838168310.195,1775838168400.705,90.510,25.000,64.510,20.244,32937,5545,200.0,0,0,92.9
2638,reliability_dynamic_mobilenetv2,stable,features_16,1775838168403.705,1775838168481.708,78.003,14.001,63.002,20.790,32937,5545,200.0,0,0,86.6
2639,reliability_dynamic_mobilenetv2,stable,features_16,1775838168485.708,1775838168571.216,85.508,17.510,67.998,22.425,32937,5545,200.0,0,0,87.8
2640,reliability_dynamic_mobilenetv2,stable,features_16,1775838168576.216,1775838168661.739,85.523,16.010,68.514,22.560,32937,5545,200.0,0,0,81.2
2641,reliability_dynamic_mobilenetv2,stable,features_16,1775838168665.739,1775838168744.249,78.510,13.999,62.507,20.115,32937,5545,200.0,0,0,91.8
2642,reliability_dynamic_mobilenetv2,stable,features_16,1775838168747.248,1775838168828.759,81.510,14.001,66.509,22.027,32937,5545,200.0,0,0,91.4
2643,reliability_dynamic_mobilenetv2,stable,features_16,1775838168832.759,1775838168913.268,80.509,17.001,62.508,20.430,32937,5545,200.0,0,0,87.5
2644,reliability_dynamic_mobilenetv2,stable,features_16,1775838168917.268,1775838168995.778,78.510,14.002,64.508,21.413,32937,5545,200.0,0,0,93.0
2645,reliability_dynamic_mobilenetv2,stable,features_16,1775838168998.778,1775838169086.781,88.003,19.001,68.000,22.799,32937,5545,200.0,0,0,94.8
2646,reliability_dynamic_mobilenetv2,stable,features_16,1775838169091.782,1775838169175.302,83.520,17.520,64.000,21.106,32937,5545,200.0,0,0,92.6
2647,reliability_dynamic_mobilenetv2,stable,features_16,1775838169179.300,1775838169297.320,118.020,17.513,99.508,37.113,32937,5545,200.0,0,0,78.1
2648,reliability_dynamic_mobilenetv2,stable,features_16,1775838169301.320,1775838169407.837,106.517,12.000,94.517,21.882,32937,5545,200.0,0,0,82.5
2649,reliability_dynamic_mobilenetv2,stable,features_16,1775838169411.837,1775838169500.344,88.508,20.000,67.508,21.637,32937,5545,200.0,0,0,89.6
2650,reliability_dynamic_mobilenetv2,stable,features_16,1775838169503.344,1775838169604.854,101.510,16.001,84.508,21.747,32937,5545,200.0,0,0,82.1
2651,reliability_dynamic_mobilenetv2,stable,features_16,1775838169607.854,1775838169685.857,78.003,11.001,66.001,21.729,32937,5545,200.0,0,0,80.5
2652,reliability_dynamic_mobilenetv2,stable,features_16,1775838169688.857,1775838169772.365,83.508,12.512,70.996,22.062,32937,5545,200.0,0,0,83.3
2653,reliability_dynamic_mobilenetv2,stable,features_16,1775838169776.365,1775838169855.878,79.513,11.007,66.506,21.358,32937,5545,200.0,0,0,76.0
2654,reliability_dynamic_mobilenetv2,stable,features_16,1775838169858.878,1775838169932.387,73.509,11.001,61.506,20.367,32937,5545,200.0,0,0,75.9
2655,reliability_dynamic_mobilenetv2,stable,features_16,1775838169935.387,1775838170009.897,74.510,12.001,61.509,20.679,32937,5545,200.0,0,0,81.7
2656,reliability_dynamic_mobilenetv2,stable,features_16,1775838170012.898,1775838170099.407,86.510,19.000,66.509,21.676,32937,5545,200.0,0,0,85.2
2657,reliability_dynamic_mobilenetv2,stable,features_16,1775838170102.407,1775838170185.410,83.003,15.001,67.002,21.733,32937,5545,200.0,0,0,91.8
2658,reliability_dynamic_mobilenetv2,stable,features_16,1775838170189.411,1775838170276.922,87.511,19.516,65.996,21.858,32937,5545,200.0,0,0,95.0
2659,reliability_dynamic_mobilenetv2,stable,features_16,1775838170279.923,1775838170370.434,90.511,21.511,66.999,21.697,32937,5545,200.0,0,0,92.9
2660,reliability_dynamic_mobilenetv2,stable,features_16,1775838170374.435,1775838170457.948,83.513,18.006,63.508,21.238,32937,5545,200.0,0,0,91.2
2661,reliability_dynamic_mobilenetv2,stable,features_16,1775838170461.948,1775838170547.458,85.509,21.005,62.504,20.534,32937,5545,200.0,0,0,89.6
2662,reliability_dynamic_mobilenetv2,stable,features_16,1775838170550.458,1775838170640.967,90.509,17.001,72.509,21.889,32937,5545,200.0,0,0,86.5
2663,reliability_dynamic_mobilenetv2,stable,features_16,1775838170644.967,1775838170732.476,87.509,18.001,67.509,21.665,32937,5545,200.0,0,0,88.5
2664,reliability_dynamic_mobilenetv2,stable,features_16,1775838170735.477,1775838170841.001,105.524,21.000,84.525,37.476,32937,5545,200.0,0,0,97.4
2665,reliability_dynamic_mobilenetv2,stable,features_16,1775838170854.999,1775838170955.509,100.510,22.000,77.510,28.870,32937,5545,200.0,0,0,88.4
2666,reliability_dynamic_mobilenetv2,stable,features_16,1775838170959.510,1775838171089.024,129.514,21.004,106.510,42.554,32937,5545,200.0,0,0,95.2
2667,reliability_dynamic_mobilenetv2,stable,features_16,1775838171093.023,1775838171189.537,96.514,27.511,68.000,21.812,32937,5545,200.0,0,0,99.0
2668,reliability_dynamic_mobilenetv2,stable,features_16,1775838171195.041,1775838171282.048,87.008,23.005,64.002,20.975,32937,5545,200.0,0,0,99.0
2669,reliability_dynamic_mobilenetv2,stable,features_16,1775838171287.060,1775838171382.561,95.501,28.499,66.003,22.786,32937,5545,200.0,0,0,98.0
2670,reliability_dynamic_mobilenetv2,stable,features_16,1775838171386.563,1775838171476.071,89.508,22.509,65.999,21.943,32937,5545,200.0,0,0,96.9
2671,reliability_dynamic_mobilenetv2,stable,features_16,1775838171480.071,1775838171590.586,110.515,24.512,84.003,22.275,32937,5545,200.0,0,0,99.2
2672,reliability_dynamic_mobilenetv2,stable,features_16,1775838171596.098,1775838171686.103,90.005,23.001,65.004,21.163,32937,5545,200.0,0,0,93.9
2673,reliability_dynamic_mobilenetv2,stable,features_16,1775838171690.103,1775838171786.619,96.516,28.512,66.004,23.285,32937,5545,200.0,0,0,98.0
2674,reliability_dynamic_mobilenetv2,stable,features_16,1775838171791.619,1775838171882.132,90.513,25.511,64.002,21.419,32937,5545,200.0,0,0,94.1
2675,reliability_dynamic_mobilenetv2,stable,features_16,1775838171886.133,1775838172023.151,137.019,23.510,111.509,36.982,32937,5545,200.0,0,0,90.3
2676,reliability_dynamic_mobilenetv2,stable,features_16,1775838172026.152,1775838172114.662,88.510,19.000,67.510,21.796,32937,5545,200.0,0,0,95.1
2677,reliability_dynamic_mobilenetv2,stable,features_16,1775838172118.662,1775838172222.174,103.512,27.001,76.512,29.708,32937,5545,200.0,0,0,98.3
2678,reliability_dynamic_mobilenetv2,stable,features_16,1775838172227.174,1775838172315.685,88.511,22.001,65.510,21.989,32937,5545,200.0,0,0,95.8
2679,reliability_dynamic_mobilenetv2,stable,features_16,1775838172320.685,1775838172413.195,92.510,26.000,64.510,21.228,32937,5545,200.0,0,0,97.9
2680,reliability_dynamic_mobilenetv2,stable,features_16,1775838172417.195,1775838172510.712,93.517,22.000,69.516,23.607,32937,5545,200.0,0,0,96.5
2681,reliability_dynamic_mobilenetv2,stable,features_16,1775838172515.711,1775838172614.251,98.540,25.518,71.023,24.734,32937,5545,200.0,0,0,100.0
2682,reliability_dynamic_mobilenetv2,stable,features_16,1775838172618.251,1775838172703.761,85.510,20.000,63.509,19.954,32937,5545,200.0,0,0,92.7
2683,reliability_dynamic_mobilenetv2,stable,features_16,1775838172707.761,1775838172796.271,88.510,23.001,63.505,21.213,32937,5545,200.0,0,0,97.1
2684,reliability_dynamic_mobilenetv2,stable,features_16,1775838172800.271,1775838172883.273,83.003,16.001,67.002,21.976,32937,5545,200.0,0,0,88.8
2685,reliability_dynamic_mobilenetv2,stable,features_16,1775838172886.274,1775838172976.782,90.508,20.509,68.000,21.758,32937,5545,200.0,0,0,90.2
2686,reliability_dynamic_mobilenetv2,stable,features_16,1775838172979.783,1775838173064.295,84.512,19.512,64.000,20.481,32937,5545,200.0,0,0,93.2
2687,reliability_dynamic_mobilenetv2,stable,features_16,1775838173070.295,1775838173210.318,140.022,25.508,112.510,20.787,32937,5545,200.0,0,0,93.9
2688,reliability_dynamic_mobilenetv2,stable,features_16,1775838173214.318,1775838173313.828,99.510,17.000,81.510,21.811,32937,5545,200.0,0,0,92.9
2689,reliability_dynamic_mobilenetv2,stable,features_16,1775838173318.828,1775838173407.337,88.509,23.000,64.509,21.726,32937,5545,200.0,0,0,88.7
2690,reliability_dynamic_mobilenetv2,stable,features_16,1775838173410.337,1775838173490.340,80.003,16.004,63.999,20.745,32937,5545,200.0,0,0,85.2
2691,reliability_dynamic_mobilenetv2,stable,features_16,1775838173493.341,1775838173579.852,86.510,17.510,65.999,21.699,32937,5545,200.0,0,0,85.4
2692,reliability_dynamic_mobilenetv2,stable,features_16,1775838173582.855,1775838173668.362,85.507,19.507,65.000,21.671,32937,5545,200.0,0,0,87.6
2693,reliability_dynamic_mobilenetv2,stable,features_16,1775838173672.362,1775838173749.873,77.511,12.007,65.504,20.859,32937,5545,200.0,0,0,97.5
2694,reliability_dynamic_mobilenetv2,stable,features_16,1775838173753.873,1775838173840.383,86.510,18.001,68.510,21.530,32937,5545,200.0,0,0,92.9
2695,reliability_dynamic_mobilenetv2,stable,features_16,1775838173844.383,1775838173931.895,87.511,17.001,69.737,21.248,32937,5545,200.0,0,0,94.9
2696,reliability_dynamic_mobilenetv2,stable,features_16,1775838173935.895,1775838174025.404,89.509,19.000,68.510,22.299,32937,5545,200.0,0,0,95.1
2697,reliability_dynamic_mobilenetv2,stable,features_16,1775838174028.405,1775838174112.914,84.510,20.000,63.510,20.801,32937,5545,200.0,0,0,91.4
2698,reliability_dynamic_mobilenetv2,stable,features_16,1775838174128.914,1775838174224.425,95.511,31.000,64.511,20.437,32937,5545,200.0,0,0,97.5
2699,reliability_dynamic_mobilenetv2,stable,features_16,1775838174228.425,1775838174333.934,105.509,18.000,87.509,21.539,32937,5545,200.0,0,0,86.6
2700,reliability_dynamic_mobilenetv2,stable,features_16,1775838174337.934,1775838174426.443,88.509,19.000,68.509,22.065,32937,5545,200.0,0,0,82.5
2701,reliability_dynamic_mobilenetv2,stable,features_16,1775838174430.443,1775838174514.954,84.510,18.001,65.510,23.491,32937,5545,200.0,0,0,81.2
2702,reliability_dynamic_mobilenetv2,stable,features_16,1775838174519.954,1775838174603.466,83.512,18.001,65.511,21.130,32937,5545,200.0,0,0,90.9
2703,reliability_dynamic_mobilenetv2,stable,features_16,1775838174607.466,1775838174686.469,79.003,15.001,64.002,20.922,32937,5545,200.0,0,0,81.2
2704,reliability_dynamic_mobilenetv2,stable,features_16,1775838174690.469,1775838174768.984,78.516,12.516,65.000,21.216,32937,5545,200.0,0,0,87.7
2705,reliability_dynamic_mobilenetv2,stable,features_16,1775838174773.984,1775838174861.499,87.515,16.008,71.507,23.352,32937,5545,200.0,0,0,91.7
2706,reliability_dynamic_mobilenetv2,stable,features_16,1775838174865.500,1775838174951.012,85.512,19.003,66.509,21.556,32937,5545,200.0,0,0,91.7
2707,reliability_dynamic_mobilenetv2,stable,features_16,1775838174955.012,1775838175038.523,83.511,19.001,64.510,20.334,32937,5545,200.0,0,0,91.4
2708,reliability_dynamic_mobilenetv2,stable,features_16,1775838175042.522,1775838175124.031,81.509,17.001,63.509,20.872,32937,5545,200.0,0,0,86.5
2709,reliability_dynamic_mobilenetv2,stable,features_16,1775838175128.033,1775838175221.775,93.742,21.999,67.743,22.348,32937,5545,200.0,0,0,89.0
2710,reliability_dynamic_mobilenetv2,stable,features_16,1775838175225.775,1775838175313.285,87.510,19.001,67.509,22.367,32937,5545,200.0,0,0,82.3
2711,reliability_dynamic_mobilenetv2,stable,features_16,1775838175316.737,1775838175396.243,79.506,16.000,63.002,19.610,32937,5545,200.0,0,0,93.8
2712,reliability_dynamic_mobilenetv2,stable,features_16,1775838175399.247,1775838175475.247,76.000,14.003,61.000,20.153,32937,5545,200.0,0,0,91.4
2713,reliability_dynamic_mobilenetv2,stable,features_16,1775838175479.247,1775838175569.760,90.513,22.513,66.999,22.285,32937,5545,200.0,0,0,94.9
2714,reliability_dynamic_mobilenetv2,stable,features_16,1775838175573.760,1775838175658.272,84.512,17.006,66.506,22.022,32937,5545,200.0,0,0,93.1
2715,reliability_dynamic_mobilenetv2,stable,features_16,1775838175662.273,1775838175742.782,80.510,16.003,62.508,20.324,32937,5545,200.0,0,0,96.0
2716,reliability_dynamic_mobilenetv2,stable,features_16,1775838175746.783,1775838175832.292,85.510,16.000,67.510,21.696,32937,5545,200.0,0,0,86.4
2717,reliability_dynamic_mobilenetv2,stable,features_16,1775838175835.292,1775838175911.802,76.510,14.002,60.505,19.110,32937,5545,200.0,0,0,81.2
2718,reliability_dynamic_mobilenetv2,stable,features_16,1775838175914.802,1775838175994.805,80.003,17.001,63.002,20.418,32937,5545,200.0,0,0,82.3
2719,reliability_dynamic_mobilenetv2,stable,features_16,1775838175999.312,1775838176086.315,87.003,19.003,67.000,21.995,32937,5545,200.0,0,0,86.2
2720,reliability_dynamic_mobilenetv2,stable,features_16,1775838176090.315,1775838176169.829,79.514,12.517,65.997,20.823,32937,5545,200.0,0,0,90.9
2721,reliability_dynamic_mobilenetv2,stable,features_16,1775838176172.831,1775838176251.601,78.770,15.265,62.507,20.752,32937,5545,200.0,0,0,83.8
2722,reliability_dynamic_mobilenetv2,stable,features_16,1775838176254.601,1775838176354.110,99.509,18.000,80.509,20.170,32937,5545,200.0,0,0,86.8
2723,reliability_dynamic_mobilenetv2,stable,features_16,1775838176358.111,1775838176460.619,102.509,16.001,84.508,33.201,32937,5545,200.0,0,0,81.6
2724,reliability_dynamic_mobilenetv2,stable,features_16,1775838176463.619,1775838176541.129,77.510,13.000,63.509,21.566,32937,5545,200.0,0,0,78.1
2725,reliability_dynamic_mobilenetv2,stable,features_16,1775838176544.129,1775838176627.639,83.510,14.001,69.509,21.942,32937,5545,200.0,0,0,78.8
2726,reliability_dynamic_mobilenetv2,stable,features_16,1775838176631.639,1775838176708.148,76.509,10.001,66.508,22.689,32937,5545,200.0,0,0,72.5
2727,reliability_dynamic_mobilenetv2,stable,features_16,1775838176711.151,1775838176788.151,77.001,11.999,64.001,21.302,32937,5545,200.0,0,0,75.3
2728,reliability_dynamic_mobilenetv2,stable,features_16,1775838176791.155,1775838176865.664,74.510,11.511,62.999,20.109,32937,5545,200.0,0,0,82.7
2729,reliability_dynamic_mobilenetv2,stable,features_16,1775838176868.665,1775838176948.176,79.511,12.001,66.510,21.198,32937,5545,200.0,0,0,75.0
2730,reliability_dynamic_mobilenetv2,stable,features_16,1775838176951.176,1775838177033.976,82.801,15.000,66.800,21.652,32937,5545,200.0,0,0,74.4
2731,reliability_dynamic_mobilenetv2,stable,features_16,1775838177037.977,1775838177117.486,79.509,15.000,62.509,22.204,32937,5545,200.0,0,0,80.4
2732,reliability_dynamic_mobilenetv2,stable,features_16,1775838177121.486,1775838177198.997,77.512,13.001,63.509,21.317,32937,5545,200.0,0,0,90.0
2733,reliability_dynamic_mobilenetv2,stable,features_16,1775838177202.996,1775838177297.505,94.509,18.000,74.506,22.092,32937,5545,200.0,0,0,95.0
2734,reliability_dynamic_mobilenetv2,stable,features_16,1775838177301.505,1775838177398.015,96.510,14.002,82.508,23.043,32937,5545,200.0,0,0,94.0
2735,reliability_dynamic_mobilenetv2,stable,features_16,1775838177402.015,1775838177484.018,82.003,18.001,63.002,20.182,32937,5545,200.0,0,0,91.7
2736,reliability_dynamic_mobilenetv2,stable,features_16,1775838177488.018,1775838177566.525,78.507,12.509,64.999,21.307,32937,5545,200.0,0,0,83.8
2737,reliability_dynamic_mobilenetv2,stable,features_16,1775838177570.525,1775838177652.036,81.511,13.005,68.506,22.744,32937,5545,200.0,0,0,89.6
2738,reliability_dynamic_mobilenetv2,stable,features_16,1775838177657.037,1775838177744.546,87.509,19.000,67.509,21.378,32937,5545,200.0,0,0,89.7
2739,reliability_dynamic_mobilenetv2,stable,features_16,1775838177748.547,1775838177835.056,86.510,17.000,69.510,24.014,32937,5545,200.0,0,0,97.6
2740,reliability_dynamic_mobilenetv2,stable,features_16,1775838177840.057,1775838177934.567,94.510,26.000,68.511,20.971,32937,5545,200.0,0,0,99.2
2741,reliability_dynamic_mobilenetv2,stable,features_16,1775838177938.568,1775838178029.078,90.510,27.000,61.511,19.339,32937,5545,200.0,0,0,96.0
2742,reliability_dynamic_mobilenetv2,stable,features_16,1775838178033.078,1775838178128.589,95.511,29.000,64.510,21.255,32937,5545,200.0,0,0,100.0
2743,reliability_dynamic_mobilenetv2,stable,features_16,1775838178133.589,1775838178234.099,100.510,32.004,67.506,22.019,32937,5545,200.0,0,0,100.0
2744,reliability_dynamic_mobilenetv2,stable,features_16,1775838178238.100,1775838178332.611,94.511,27.002,66.510,20.204,32937,5545,200.0,0,0,99.0
2745,reliability_dynamic_mobilenetv2,stable,features_16,1775838178337.611,1775838178428.122,90.511,28.003,61.508,20.335,32937,5545,200.0,0,0,99.0
2746,reliability_dynamic_mobilenetv2,stable,features_16,1775838178432.123,1775838178521.632,89.509,26.001,63.508,20.608,32937,5545,200.0,0,0,95.1
2747,reliability_dynamic_mobilenetv2,stable,features_16,1775838178526.633,1775838178644.142,117.509,29.000,85.510,38.750,32937,5545,200.0,0,0,97.0
2748,reliability_dynamic_mobilenetv2,stable,features_16,1775838178649.142,1775838178750.653,101.511,29.000,71.510,21.555,32937,5545,200.0,0,0,98.3
2749,reliability_dynamic_mobilenetv2,stable,features_16,1775838178754.653,1775838178839.164,84.510,17.000,66.510,22.913,32937,5545,200.0,0,0,93.9
2750,reliability_dynamic_mobilenetv2,stable,features_16,1775838178844.164,1775838178981.991,137.827,20.000,116.823,21.049,32937,5545,200.0,0,0,95.3
2751,reliability_dynamic_mobilenetv2,stable,features_16,1775838178985.991,1775838179086.505,100.514,28.511,72.003,24.979,32937,5545,200.0,0,0,96.5
2752,reliability_dynamic_mobilenetv2,stable,features_16,1775838179091.506,1775838179185.018,93.512,22.509,70.003,21.878,32937,5545,200.0,0,0,100.0
2753,reliability_dynamic_mobilenetv2,stable,features_16,1775838179190.018,1775838179282.139,92.121,28.513,61.604,19.599,32937,5545,200.0,0,0,96.9
2754,reliability_dynamic_mobilenetv2,stable,features_16,1775838179286.138,1775838179375.647,89.508,18.512,68.998,20.478,32937,5545,200.0,0,0,93.9
2755,reliability_dynamic_mobilenetv2,stable,features_16,1775838179379.647,1775838179467.159,87.512,23.513,62.999,20.457,32937,5545,200.0,0,0,94.8
2756,reliability_dynamic_mobilenetv2,stable,features_16,1775838179472.159,1775838179561.678,89.519,23.008,65.511,20.685,32937,5545,200.0,0,0,99.0
2757,reliability_dynamic_mobilenetv2,stable,features_16,1775838179566.678,1775838179665.190,98.512,20.006,76.507,29.347,32937,5545,200.0,0,0,98.3
2758,reliability_dynamic_mobilenetv2,stable,features_16,1775838179670.190,1775838179768.711,98.521,28.521,68.999,22.728,32937,5545,200.0,0,0,97.1
2759,reliability_dynamic_mobilenetv2,stable,features_16,1775838179772.711,1775838179874.222,101.511,23.004,77.507,23.805,32937,5545,200.0,0,0,93.3
2760,reliability_dynamic_mobilenetv2,stable,features_16,1775838179878.228,1775838179984.743,106.515,12.007,93.507,23.790,32937,5545,200.0,0,0,85.2
2761,reliability_dynamic_mobilenetv2,stable,features_16,1775838179988.742,1775838180092.256,103.513,13.513,89.000,21.585,32937,5545,200.0,0,0,91.3
2762,reliability_dynamic_mobilenetv2,stable,features_16,1775838180095.256,1775838180193.768,98.512,28.509,69.003,23.065,32937,5545,200.0,0,0,98.0
2763,reliability_dynamic_mobilenetv2,stable,features_16,1775838180197.906,1775838180302.416,104.509,21.000,82.509,36.727,32937,5545,200.0,0,0,89.4
2764,reliability_dynamic_mobilenetv2,stable,features_16,1775838180306.416,1775838180398.930,92.514,15.001,75.514,21.533,32937,5545,200.0,0,0,86.5
2765,reliability_dynamic_mobilenetv2,stable,features_16,1775838180402.929,1775838180504.438,101.509,17.010,83.502,21.349,32937,5545,200.0,0,0,85.1
2766,reliability_dynamic_mobilenetv2,stable,features_16,1775838180508.438,1775838180611.947,103.508,17.000,86.508,36.569,32937,5545,200.0,0,0,83.9
2767,reliability_dynamic_mobilenetv2,stable,features_16,1775838180615.948,1775838180712.456,96.508,17.002,78.508,30.909,32937,5545,200.0,0,0,89.5
2768,reliability_dynamic_mobilenetv2,stable,features_16,1775838180717.456,1775838180802.966,85.510,19.000,66.510,22.091,32937,5545,200.0,0,0,90.0
2769,reliability_dynamic_mobilenetv2,stable,features_16,1775838180806.967,1775838180919.727,112.760,20.252,91.509,35.355,32937,5545,200.0,0,0,88.5
2770,reliability_dynamic_mobilenetv2,stable,features_16,1775838180923.727,1775838181005.237,81.510,12.001,68.510,21.490,32937,5545,200.0,0,0,91.2
2771,reliability_dynamic_mobilenetv2,stable,features_16,1775838181009.238,1775838181102.748,93.510,20.000,72.510,27.097,32937,5545,200.0,0,0,87.5
2772,reliability_dynamic_mobilenetv2,stable,features_16,1775838181106.749,1775838181194.751,88.001,19.000,69.001,21.695,32937,5545,200.0,0,0,96.3
2773,reliability_dynamic_mobilenetv2,stable,features_16,1775838181199.259,1775838181281.257,81.999,19.002,61.997,21.283,32937,5545,200.0,0,0,89.7
2774,reliability_dynamic_mobilenetv2,stable,features_16,1775838181285.261,1775838181373.774,88.513,16.514,71.999,30.364,32937,5545,200.0,0,0,94.8
2775,reliability_dynamic_mobilenetv2,stable,features_16,1775838181377.776,1775838181468.287,90.511,22.512,67.000,21.656,32937,5545,200.0,0,0,93.8
2776,reliability_dynamic_mobilenetv2,stable,features_16,1775838181472.288,1775838181565.801,93.513,24.007,68.507,22.095,32937,5545,200.0,0,0,94.9
2777,reliability_dynamic_mobilenetv2,stable,features_16,1775838181569.801,1775838181651.313,81.512,17.006,62.506,20.702,32937,5545,200.0,0,0,96.2
2778,reliability_dynamic_mobilenetv2,stable,features_16,1775838181655.314,1775838181742.823,87.509,20.001,65.508,21.097,32937,5545,200.0,0,0,95.1
2779,reliability_dynamic_mobilenetv2,stable,features_16,1775838181746.823,1775838181839.335,92.511,22.001,69.510,22.685,32937,5545,200.0,0,0,99.0
2780,reliability_dynamic_mobilenetv2,stable,features_16,1775838181843.334,1775838181932.844,89.509,20.000,67.510,22.817,32937,5545,200.0,0,0,93.8
2781,reliability_dynamic_mobilenetv2,stable,features_16,1775838181936.844,1775838182019.354,82.510,18.000,63.510,20.824,32937,5545,200.0,0,0,96.4
2782,reliability_dynamic_mobilenetv2,stable,features_16,1775838182024.354,1775838182114.734,90.380,24.000,65.379,21.197,32937,5545,200.0,0,0,96.9
2783,reliability_dynamic_mobilenetv2,stable,features_16,1775838182119.734,1775838182210.247,90.513,21.000,68.513,22.925,32937,5545,200.0,0,0,97.9
2784,reliability_dynamic_mobilenetv2,stable,features_16,1775838182214.248,1775838182332.757,118.509,12.001,104.508,37.715,32937,5545,200.0,0,0,82.0
2785,reliability_dynamic_mobilenetv2,stable,features_16,1775838182338.757,1775838182437.267,98.510,19.000,79.009,21.276,32937,5545,200.0,0,0,83.5
2786,reliability_dynamic_mobilenetv2,stable,features_16,1775838182441.267,1775838182544.285,103.018,19.000,83.017,21.079,32937,5545,200.0,0,0,80.4
2787,reliability_dynamic_mobilenetv2,stable,features_16,1775838182548.285,1775838182636.304,88.019,11.510,76.509,32.020,32937,5545,200.0,0,0,76.0
2788,reliability_dynamic_mobilenetv2,stable,features_16,1775838182640.311,1775838182735.813,95.501,11.994,83.508,28.953,32937,5545,200.0,0,0,88.1
2789,reliability_dynamic_mobilenetv2,stable,features_16,1775838182739.813,1775838182819.322,79.509,12.001,67.508,21.513,32937,5545,200.0,0,0,82.7
2790,reliability_dynamic_mobilenetv2,stable,features_16,1775838182824.323,1775838182918.736,94.413,11.002,81.413,37.090,32937,5545,200.0,0,0,80.4
2791,reliability_dynamic_mobilenetv2,stable,features_16,1775838182921.736,1775838183028.246,106.510,11.001,94.509,37.027,32937,5545,200.0,0,0,79.6
2792,reliability_dynamic_mobilenetv2,stable,features_16,1775838183032.246,1775838183124.755,92.509,14.000,77.508,20.462,32937,5545,200.0,0,0,79.2
2793,reliability_dynamic_mobilenetv2,stable,features_16,1775838183128.755,1775838183212.266,83.510,16.000,66.510,21.936,32937,5545,200.0,0,0,91.7
2794,reliability_dynamic_mobilenetv2,stable,features_16,1775838183217.266,1775838183300.775,83.509,17.001,65.508,21.254,32937,5545,200.0,0,0,90.0
2795,reliability_dynamic_mobilenetv2,stable,features_16,1775838183303.776,1775838183383.781,80.005,18.000,61.005,19.821,32937,5545,200.0,0,0,88.7
2796,reliability_dynamic_mobilenetv2,stable,features_16,1775838183387.781,1775838183484.292,96.512,14.509,82.002,29.407,32937,5545,200.0,0,0,92.8
2797,reliability_dynamic_mobilenetv2,stable,features_16,1775838183489.293,1775838183615.366,126.073,22.511,103.562,37.404,32937,5545,200.0,0,0,89.1
2798,reliability_dynamic_mobilenetv2,stable,features_16,1775838183619.313,1775838183700.823,81.510,19.000,61.510,20.610,32937,5545,200.0,0,0,91.7
2799,reliability_dynamic_mobilenetv2,stable,features_16,1775838183704.824,1775838183792.827,88.003,17.001,70.002,21.954,32937,5545,200.0,0,0,87.6
2800,reliability_dynamic_mobilenetv2,stable,features_16,1775838183797.336,1775838183880.341,83.005,13.005,67.999,22.037,32937,5545,200.0,0,0,87.5
2801,reliability_dynamic_mobilenetv2,stable,features_16,1775838183883.344,1775838183972.852,89.508,18.508,69.000,23.255,32937,5545,200.0,0,0,85.4
2802,reliability_dynamic_mobilenetv2,stable,features_16,1775838183976.852,1775838184079.362,102.510,14.004,88.507,31.181,32937,5545,200.0,0,0,83.2
2803,reliability_dynamic_mobilenetv2,stable,features_16,1775838184082.362,1775838184181.873,99.511,14.003,85.509,30.287,32937,5545,200.0,0,0,87.8
2804,reliability_dynamic_mobilenetv2,stable,features_16,1775838184185.878,1775838184269.387,83.510,17.511,63.999,21.382,32937,5545,200.0,0,0,91.5
2805,reliability_dynamic_mobilenetv2,stable,features_16,1775838184274.387,1775838184354.901,80.514,12.009,67.504,22.377,32937,5545,200.0,0,0,82.3
2806,reliability_dynamic_mobilenetv2,stable,features_16,1775838184358.901,1775838184445.412,86.510,20.000,64.509,20.999,32937,5545,200.0,0,0,93.7
2807,reliability_dynamic_mobilenetv2,stable,features_16,1775838184449.411,1775838184534.921,85.510,18.001,67.509,26.341,32937,5545,200.0,0,0,91.6
2808,reliability_dynamic_mobilenetv2,stable,features_16,1775838184538.924,1775838184620.430,81.506,17.000,62.509,20.088,32937,5545,200.0,0,0,84.7
2809,reliability_dynamic_mobilenetv2,stable,features_16,1775838184624.431,1775838184757.940,133.509,18.002,113.509,68.986,32937,5545,200.0,0,0,85.4
2810,reliability_dynamic_mobilenetv2,stable,features_16,1775838184761.940,1775838184844.452,82.512,16.001,65.510,21.794,32937,5545,200.0,0,0,86.5
2811,reliability_dynamic_mobilenetv2,stable,features_16,1775838184848.452,1775838184929.961,81.509,18.000,63.509,20.680,32937,5545,200.0,0,0,91.8
2812,reliability_dynamic_mobilenetv2,stable,features_16,1775838184933.961,1775838185013.471,79.510,15.001,63.509,20.380,32937,5545,200.0,0,0,86.2
2813,reliability_dynamic_mobilenetv2,stable,features_16,1775838185016.471,1775838185097.474,81.003,13.003,67.000,22.318,32937,5545,200.0,0,0,87.7
2814,reliability_dynamic_mobilenetv2,stable,features_16,1775838185102.981,1775838185194.985,92.003,22.001,69.003,23.195,32937,5545,200.0,0,0,94.9
2815,reliability_dynamic_mobilenetv2,stable,features_16,1775838185199.493,1775838185286.496,87.003,20.000,66.002,20.411,32937,5545,200.0,0,0,89.6
2816,reliability_dynamic_mobilenetv2,stable,features_16,1775838185290.497,1775838185370.006,79.510,16.510,61.999,20.520,32937,5545,200.0,0,0,85.6
2817,reliability_dynamic_mobilenetv2,stable,features_16,1775838185374.006,1775838185456.518,82.512,18.004,64.508,21.006,32937,5545,200.0,0,0,86.2
2818,reliability_dynamic_mobilenetv2,stable,features_16,1775838185461.518,1775838185542.272,80.754,15.003,64.750,21.394,32937,5545,200.0,0,0,93.9
2819,reliability_dynamic_mobilenetv2,stable,features_16,1775838185546.272,1775838185633.783,87.510,19.000,67.511,22.889,32937,5545,200.0,0,0,86.5
2820,reliability_dynamic_mobilenetv2,stable,features_16,1775838185636.784,1775838185723.291,86.507,15.999,68.509,22.382,32937,5545,200.0,0,0,88.9
2821,reliability_dynamic_mobilenetv2,stable,features_16,1775838185727.291,1775838185809.804,82.513,18.003,62.510,20.520,32937,5545,200.0,0,0,88.5
2822,reliability_dynamic_mobilenetv2,stable,features_16,1775838185813.807,1775838185892.804,78.998,11.998,65.000,20.595,32937,5545,200.0,0,0,90.1
2823,reliability_dynamic_mobilenetv2,stable,features_16,1775838185896.805,1775838185985.315,88.510,19.509,67.003,21.940,32937,5545,200.0,0,0,90.9
2824,reliability_dynamic_mobilenetv2,stable,features_16,1775838185989.315,1775838186076.825,87.510,18.510,67.999,22.378,32937,5545,200.0,0,0,95.1
2825,reliability_dynamic_mobilenetv2,stable,features_16,1775838186079.825,1775838186163.337,83.512,15.006,67.506,21.020,32937,5545,200.0,0,0,91.6
2826,reliability_dynamic_mobilenetv2,stable,features_16,1775838186168.338,1775838186252.848,84.511,21.005,63.506,21.256,32937,5545,200.0,0,0,96.0
2827,reliability_dynamic_mobilenetv2,stable,features_16,1775838186256.849,1775838186346.358,89.510,17.003,72.507,21.154,32937,5545,200.0,0,0,91.8
2828,reliability_dynamic_mobilenetv2,stable,features_16,1775838186350.358,1775838186443.869,93.510,24.001,68.509,22.199,32937,5545,200.0,0,0,89.6
2829,reliability_dynamic_mobilenetv2,stable,features_16,1775838186446.869,1775838186532.378,85.510,18.000,67.509,21.456,32937,5545,200.0,0,0,84.4
2830,reliability_dynamic_mobilenetv2,stable,features_16,1775838186536.379,1775838186615.887,79.508,16.000,61.508,20.400,32937,5545,200.0,0,0,86.2
2831,reliability_dynamic_mobilenetv2,stable,features_16,1775838186619.889,1775838186699.397,79.508,13.001,64.503,21.119,32937,5545,200.0,0,0,92.9
2832,reliability_dynamic_mobilenetv2,stable,features_16,1775838186702.397,1775838186790.400,88.003,19.001,69.002,22.385,32937,5545,200.0,0,0,93.8
2833,reliability_dynamic_mobilenetv2,stable,features_16,1775838186794.401,1775838186878.910,84.510,16.510,67.000,21.996,32937,5545,200.0,0,0,90.1
2834,reliability_dynamic_mobilenetv2,stable,features_16,1775838186881.910,1775838186971.432,89.522,19.522,69.999,23.451,32937,5545,200.0,0,0,87.5
2835,reliability_dynamic_mobilenetv2,stable,features_16,1775838186975.431,1775838187065.951,90.520,24.520,63.999,20.166,32937,5545,200.0,0,0,90.6
2836,reliability_dynamic_mobilenetv2,stable,features_16,1775838187069.951,1775838187147.461,77.509,16.004,61.505,20.347,32937,5545,200.0,0,0,91.4
2837,reliability_dynamic_mobilenetv2,stable,features_16,1775838187151.461,1775838187244.970,93.509,21.000,70.510,26.464,32937,5545,200.0,0,0,86.8
2838,reliability_dynamic_mobilenetv2,stable,features_16,1775838187247.970,1775838187351.480,103.509,17.000,86.509,27.329,32937,5545,200.0,0,0,83.5
2839,reliability_dynamic_mobilenetv2,stable,features_16,1775838187354.479,1775838187434.988,80.509,12.001,66.508,20.589,32937,5545,200.0,0,0,82.5
2840,reliability_dynamic_mobilenetv2,stable,features_16,1775838187437.988,1775838187524.498,86.510,11.003,74.507,20.581,32937,5545,200.0,0,0,80.2
2841,reliability_dynamic_mobilenetv2,stable,features_16,1775838187528.498,1775838187615.007,86.509,17.001,69.507,21.507,32937,5545,200.0,0,0,76.2
2842,reliability_dynamic_mobilenetv2,stable,features_16,1775838187619.008,1775838187720.515,101.507,16.000,85.508,21.231,32937,5545,200.0,0,0,78.6
2843,reliability_dynamic_mobilenetv2,stable,features_16,1775838187723.516,1775838187800.024,76.508,13.001,62.508,21.128,32937,5545,200.0,0,0,77.5
2844,reliability_dynamic_mobilenetv2,stable,features_16,1775838187803.024,1775838187910.534,107.509,11.001,96.509,36.270,32937,5545,200.0,0,0,81.4
2845,reliability_dynamic_mobilenetv2,stable,features_16,1775838187913.534,1775838187992.537,79.003,10.000,68.002,21.412,32937,5545,200.0,0,0,76.2
2846,reliability_dynamic_mobilenetv2,stable,features_16,1775838187995.537,1775838188076.048,80.511,12.511,67.999,22.257,32937,5545,200.0,0,0,79.2
2847,reliability_dynamic_mobilenetv2,stable,features_16,1775838188080.048,1775838188155.559,75.511,10.006,63.506,19.217,32937,5545,200.0,0,0,83.8
2848,reliability_dynamic_mobilenetv2,stable,features_16,1775838188158.559,1775838188238.067,79.509,14.003,63.505,20.588,32937,5545,200.0,0,0,88.8
2849,reliability_dynamic_mobilenetv2,stable,features_16,1775838188241.069,1775838188327.577,86.508,15.999,69.508,19.763,32937,5545,200.0,0,0,89.6
2850,reliability_dynamic_mobilenetv2,stable,features_16,1775838188330.578,1775838188410.091,79.513,14.000,64.513,20.396,32937,5545,200.0,0,0,97.6
2851,reliability_dynamic_mobilenetv2,stable,features_16,1775838188414.091,1775838188510.605,96.514,18.001,76.514,25.281,32937,5545,200.0,0,0,94.7
2852,reliability_dynamic_mobilenetv2,stable,features_16,1775838188514.604,1775838188629.117,114.512,22.000,91.514,27.350,32937,5545,200.0,0,0,94.7
2853,reliability_dynamic_mobilenetv2,stable,features_16,1775838188633.117,1775838188759.639,126.522,61.007,63.515,20.875,32937,5545,200.0,0,0,98.0
2854,reliability_dynamic_mobilenetv2,stable,features_16,1775838188763.639,1775838188850.153,86.514,22.006,63.507,21.263,32937,5545,200.0,0,0,95.0
2855,reliability_dynamic_mobilenetv2,stable,features_16,1775838188853.152,1775838188936.663,83.511,15.000,66.511,21.520,32937,5545,200.0,0,0,92.7
2856,reliability_dynamic_mobilenetv2,stable,features_16,1775838188939.663,1775838189027.175,87.511,19.001,67.510,21.643,32937,5545,200.0,0,0,91.7
2857,reliability_dynamic_mobilenetv2,stable,features_16,1775838189031.174,1775838189114.684,83.510,19.000,62.510,20.900,32937,5545,200.0,0,0,90.0
2858,reliability_dynamic_mobilenetv2,stable,features_16,1775838189118.684,1775838189204.196,85.511,16.004,69.508,25.458,32937,5545,200.0,0,0,98.0
2859,reliability_dynamic_mobilenetv2,stable,features_16,1775838189209.196,1775838189309.714,100.519,25.000,73.519,22.491,32937,5545,200.0,0,0,99.1
2860,reliability_dynamic_mobilenetv2,stable,features_16,1775838189313.714,1775838189420.222,106.509,32.999,70.964,21.148,32937,5545,200.0,0,0,95.6
2861,reliability_dynamic_mobilenetv2,stable,features_16,1775838189425.224,1775838189512.733,87.509,21.999,63.510,21.138,32937,5545,200.0,0,0,95.9
2862,reliability_dynamic_mobilenetv2,stable,features_16,1775838189516.733,1775838189603.246,86.513,20.003,64.511,21.220,32937,5545,200.0,0,0,94.8
2863,reliability_dynamic_mobilenetv2,stable,features_16,1775838189606.246,1775838189700.759,94.513,23.999,68.514,21.558,32937,5545,200.0,0,0,98.0
2864,reliability_dynamic_mobilenetv2,stable,features_16,1775838189705.760,1775838189806.270,100.509,30.000,69.510,22.897,32937,5545,200.0,0,0,100.0
2865,reliability_dynamic_mobilenetv2,stable,features_16,1775838189811.270,1775838189899.783,88.513,21.000,66.508,20.621,32937,5545,200.0,0,0,99.0
2866,reliability_dynamic_mobilenetv2,stable,features_16,1775838189902.783,1775838189996.786,94.003,23.001,69.003,21.490,32937,5545,200.0,0,0,99.0
2867,reliability_dynamic_mobilenetv2,stable,features_16,1775838190000.294,1775838190081.293,81.000,18.001,60.999,19.947,32937,5545,200.0,0,0,96.3
2868,reliability_dynamic_mobilenetv2,stable,features_16,1775838190085.297,1775838190187.100,101.803,21.510,79.293,22.071,32937,5545,200.0,0,0,98.3
2869,reliability_dynamic_mobilenetv2,stable,features_16,1775838190191.100,1775838190301.123,110.023,24.512,83.511,21.562,32937,5545,200.0,0,0,91.1
2870,reliability_dynamic_mobilenetv2,stable,features_16,1775838190305.123,1775838190404.634,99.511,22.000,77.511,21.588,32937,5545,200.0,0,0,92.0
2871,reliability_dynamic_mobilenetv2,stable,features_16,1775838190408.634,1775838190542.143,133.509,22.003,110.506,19.848,32937,5545,200.0,0,0,91.7
2872,reliability_dynamic_mobilenetv2,stable,features_16,1775838190546.143,1775838190635.658,89.515,20.004,68.507,23.426,32937,5545,200.0,0,0,93.8
2873,reliability_dynamic_mobilenetv2,stable,features_16,1775838190639.655,1775838190724.165,84.510,18.002,64.506,21.302,32937,5545,200.0,0,0,95.1
2874,reliability_dynamic_mobilenetv2,stable,features_16,1775838190728.168,1775838190815.674,87.506,18.997,67.509,22.328,32937,5545,200.0,0,0,94.9
2875,reliability_dynamic_mobilenetv2,stable,features_16,1775838190819.675,1775838190899.181,79.507,16.000,63.003,20.658,32937,5545,200.0,0,0,91.8
2876,reliability_dynamic_mobilenetv2,stable,features_16,1775838190902.194,1775838190980.185,77.991,14.992,62.999,20.102,32937,5545,200.0,0,0,88.0
2877,reliability_dynamic_mobilenetv2,stable,features_16,1775838190984.188,1775838191072.696,88.508,20.508,68.000,21.761,32937,5545,200.0,0,0,92.9
2878,reliability_dynamic_mobilenetv2,stable,features_16,1775838191076.696,1775838191162.210,85.514,14.008,69.504,21.654,32937,5545,200.0,0,0,92.6
2879,reliability_dynamic_mobilenetv2,stable,features_16,1775838191166.210,1775838191273.725,107.515,25.007,81.506,19.635,32937,5545,200.0,0,0,95.5
2880,reliability_dynamic_mobilenetv2,stable,features_16,1775838191277.725,1775838191380.239,102.515,23.513,77.001,29.244,32937,5545,200.0,0,0,94.9
2881,reliability_dynamic_mobilenetv2,stable,features_16,1775838191384.243,1775838191490.756,106.513,20.510,84.003,21.822,32937,5545,200.0,0,0,94.6
2882,reliability_dynamic_mobilenetv2,stable,features_16,1775838191493.759,1775838191583.266,89.507,19.515,68.995,21.811,32937,5545,200.0,0,0,93.8
2883,reliability_dynamic_mobilenetv2,stable,features_16,1775838191588.270,1775838191677.778,89.508,22.509,64.999,20.720,32937,5545,200.0,0,0,99.0
2884,reliability_dynamic_mobilenetv2,stable,features_16,1775838191681.778,1775838191767.290,85.512,22.513,61.999,20.999,32937,5545,200.0,0,0,94.8
2885,reliability_dynamic_mobilenetv2,stable,features_16,1775838191771.291,1775838191874.802,103.512,19.006,83.507,22.675,32937,5545,200.0,0,0,95.7
2886,reliability_dynamic_mobilenetv2,stable,features_16,1775838191877.804,1775838192002.824,125.020,21.513,101.509,38.894,32937,5545,200.0,0,0,96.1
2887,reliability_dynamic_mobilenetv2,stable,features_16,1775838192006.824,1775838192124.334,117.510,19.001,97.509,38.808,32937,5545,200.0,0,0,94.6
2888,reliability_dynamic_mobilenetv2,stable,features_16,1775838192128.334,1775838192231.221,102.887,23.000,78.886,35.818,32937,5545,200.0,0,0,93.9
2889,reliability_dynamic_mobilenetv2,stable,features_16,1775838192235.221,1775838192324.731,89.510,20.000,68.510,22.314,32937,5545,200.0,0,0,91.8
2890,reliability_dynamic_mobilenetv2,stable,features_16,1775838192329.730,1775838192411.240,81.510,13.003,67.505,22.223,32937,5545,200.0,0,0,87.7
2891,reliability_dynamic_mobilenetv2,stable,features_16,1775838192415.240,1775838192505.751,90.511,19.002,69.508,21.211,32937,5545,200.0,0,0,90.7
2892,reliability_dynamic_mobilenetv2,stable,features_16,1775838192509.751,1775838192594.770,85.019,20.003,65.015,22.173,32937,5545,200.0,0,0,92.9
2893,reliability_dynamic_mobilenetv2,stable,features_16,1775838192599.274,1775838192691.281,92.007,19.005,71.003,23.314,32937,5545,200.0,0,0,87.5
2894,reliability_dynamic_mobilenetv2,stable,features_16,1775838192695.282,1775838192788.797,93.515,19.515,73.000,24.113,32937,5545,200.0,0,0,92.0
2895,reliability_dynamic_mobilenetv2,stable,features_16,1775838192792.797,1775838192884.309,91.512,15.510,74.999,20.097,32937,5545,200.0,0,0,94.9
2896,reliability_dynamic_mobilenetv2,stable,features_16,1775838192888.310,1775838192965.816,77.506,13.507,61.999,19.739,32937,5545,200.0,0,0,86.2
2897,reliability_dynamic_mobilenetv2,stable,features_16,1775838192968.819,1775838193051.327,82.508,17.002,63.506,20.633,32937,5545,200.0,0,0,90.4
2898,reliability_dynamic_mobilenetv2,stable,features_16,1775838193055.327,1775838193138.840,83.513,19.002,64.510,20.117,32937,5545,200.0,0,0,90.9
2899,reliability_dynamic_mobilenetv2,stable,features_16,1775838193142.837,1775838193232.347,89.510,20.000,68.510,21.973,32937,5545,200.0,0,0,92.9
2900,reliability_dynamic_mobilenetv2,stable,features_16,1775838193237.348,1775838193327.857,90.510,19.000,71.510,24.184,32937,5545,200.0,0,0,90.8
2901,reliability_dynamic_mobilenetv2,stable,features_16,1775838193331.857,1775838193412.368,80.510,16.001,62.509,20.449,32937,5545,200.0,0,0,96.4
2902,reliability_dynamic_mobilenetv2,stable,features_16,1775838193416.367,1775838193498.874,82.507,18.001,63.002,20.083,32937,5545,200.0,0,0,90.8
2903,reliability_dynamic_mobilenetv2,stable,features_16,1775838193501.877,1775838193585.881,84.004,16.001,67.003,21.693,32937,5545,200.0,0,0,90.1
2904,reliability_dynamic_mobilenetv2,stable,features_16,1775838193588.882,1775838193670.393,81.512,13.513,66.999,21.765,32937,5545,200.0,0,0,87.6
2905,reliability_dynamic_mobilenetv2,stable,features_16,1775838193674.393,1775838193753.903,79.510,16.006,63.503,20.896,32937,5545,200.0,0,0,82.5
2906,reliability_dynamic_mobilenetv2,stable,features_16,1775838193758.904,1775838193840.416,81.512,17.002,64.510,20.655,32937,5545,200.0,0,0,88.7
2907,reliability_dynamic_mobilenetv2,stable,features_16,1775838193844.417,1775838193929.926,85.509,14.000,69.509,24.163,32937,5545,200.0,0,0,90.1
2908,reliability_dynamic_mobilenetv2,stable,features_16,1775838193932.926,1775838194020.435,87.509,18.001,68.508,22.033,32937,5545,200.0,0,0,89.6
2909,reliability_dynamic_mobilenetv2,stable,features_16,1775838194024.435,1775838194103.945,79.510,15.001,63.509,20.814,32937,5545,200.0,0,0,87.6
2910,reliability_dynamic_mobilenetv2,stable,features_16,1775838194108.945,1775838194188.025,79.080,16.002,62.077,19.826,32937,5545,200.0,0,0,91.5
2911,reliability_dynamic_mobilenetv2,stable,features_16,1775838194191.025,1775838194278.426,87.401,19.401,66.999,21.221,32937,5545,200.0,0,0,88.5
2912,reliability_dynamic_mobilenetv2,stable,features_16,1775838194281.425,1775838194379.944,98.519,16.008,82.510,22.943,32937,5545,200.0,0,0,88.5
2913,reliability_dynamic_mobilenetv2,stable,features_16,1775838194384.947,1775838194470.456,85.509,17.509,67.000,21.567,32937,5545,200.0,0,0,87.6
2914,reliability_dynamic_mobilenetv2,stable,features_16,1775838194474.456,1775838194553.967,79.511,13.005,65.505,20.947,32937,5545,200.0,0,0,87.7
2915,reliability_dynamic_mobilenetv2,stable,features_16,1775838194557.967,1775838194640.477,82.510,18.001,63.509,20.178,32937,5545,200.0,0,0,84.4
2916,reliability_dynamic_mobilenetv2,stable,features_16,1775838194644.477,1775838194730.986,86.509,22.000,62.509,20.638,32937,5545,200.0,0,0,89.6
2917,reliability_dynamic_mobilenetv2,stable,features_16,1775838194734.987,1775838194824.495,89.508,20.000,68.509,23.226,32937,5545,200.0,0,0,85.6
2918,reliability_dynamic_mobilenetv2,stable,features_16,1775838194827.495,1775838194912.005,84.510,15.002,67.508,21.658,32937,5545,200.0,0,0,85.0
2919,reliability_dynamic_mobilenetv2,stable,features_16,1775838194916.005,1775838195001.515,85.510,16.000,68.509,25.653,32937,5545,200.0,0,0,85.4
2920,reliability_dynamic_mobilenetv2,stable,features_16,1775838195005.515,1775838195094.518,89.003,20.000,67.003,24.267,32937,5545,200.0,0,0,94.8
2921,reliability_dynamic_mobilenetv2,stable,features_16,1775838195097.518,1775838195200.535,103.017,21.510,81.507,21.648,32937,5545,200.0,0,0,90.4
2922,reliability_dynamic_mobilenetv2,stable,features_16,1775838195204.535,1775838195328.042,123.508,11.001,111.507,37.441,32937,5545,200.0,0,0,76.6
2923,reliability_dynamic_mobilenetv2,stable,features_16,1775838195331.053,1775838195433.552,102.499,13.991,86.508,32.891,32937,5545,200.0,0,0,81.2
2924,reliability_dynamic_mobilenetv2,stable,features_16,1775838195437.552,1775838195519.060,81.508,18.001,63.507,20.489,32937,5545,200.0,0,0,78.8
2925,reliability_dynamic_mobilenetv2,stable,features_16,1775838195523.061,1775838195616.574,93.514,13.001,79.513,27.884,32937,5545,200.0,0,0,83.3
2926,reliability_dynamic_mobilenetv2,stable,features_16,1775838195620.574,1775838195710.083,89.509,12.003,76.506,21.518,32937,5545,200.0,0,0,79.2
2927,reliability_dynamic_mobilenetv2,stable,features_16,1775838195714.083,1775838195812.592,98.508,14.000,84.508,21.295,32937,5545,200.0,0,0,80.4
2928,reliability_dynamic_mobilenetv2,stable,features_16,1775838195816.592,1775838195910.101,93.509,14.001,79.508,20.700,32937,5545,200.0,0,0,79.2
2929,reliability_dynamic_mobilenetv2,stable,features_16,1775838195914.102,1775838196002.610,88.508,11.000,76.508,19.863,32937,5545,200.0,0,0,76.0
2930,reliability_dynamic_mobilenetv2,stable,features_16,1775838196006.610,1775838196095.613,89.003,15.005,73.000,21.005,32937,5545,200.0,0,0,77.1
2931,reliability_dynamic_mobilenetv2,stable,features_16,1775838196100.121,1775838196235.629,135.508,16.000,117.508,21.775,32937,5545,200.0,0,0,85.7
2932,reliability_dynamic_mobilenetv2,stable,features_16,1775838196239.629,1775838196828.379,588.750,17.000,571.749,23.041,32937,5545,200.0,1,0,46.0
2933,reliability_dynamic_mobilenetv2,stable,features_16,1775838196833.381,1775838196924.893,91.512,23.999,67.513,23.993,32937,5545,200.0,0,0,73.9
2934,reliability_dynamic_mobilenetv2,stable,features_16,1775838196929.891,1775838197027.400,97.509,24.000,71.509,22.097,32937,5545,200.0,0,0,91.1
2935,reliability_dynamic_mobilenetv2,stable,features_16,1775838197032.400,1775838197128.909,96.509,16.000,77.509,22.654,32937,5545,200.0,0,0,86.5
2936,reliability_dynamic_mobilenetv2,stable,features_16,1775838197134.909,1775838197219.418,84.509,17.001,66.508,22.455,32937,5545,200.0,0,0,96.9
2937,reliability_dynamic_mobilenetv2,stable,features_16,1775838197223.419,1775838197314.929,91.510,23.000,66.510,21.714,32937,5545,200.0,0,0,92.7
2938,reliability_dynamic_mobilenetv2,stable,features_16,1775838197318.929,1775838197408.441,89.512,20.000,69.511,23.081,32937,5545,200.0,0,0,95.8
2939,reliability_dynamic_mobilenetv2,stable,features_16,1775838197412.440,1775838197499.947,87.506,22.000,64.506,20.676,32937,5545,200.0,0,0,92.7
2940,reliability_dynamic_mobilenetv2,stable,features_16,1775838197503.951,1775838197586.954,83.003,19.003,63.001,19.835,32937,5545,200.0,0,0,93.8
2941,reliability_dynamic_mobilenetv2,stable,features_16,1775838197590.955,1775838197684.463,93.509,21.509,69.999,21.430,32937,5545,200.0,0,0,90.0
2942,reliability_dynamic_mobilenetv2,stable,features_16,1775838197687.466,1775838197769.973,82.507,15.510,65.997,21.748,32937,5545,200.0,0,0,98.8
2943,reliability_dynamic_mobilenetv2,stable,features_16,1775838197780.976,1775838197912.038,131.062,67.526,62.536,20.418,32937,5545,200.0,0,0,100.0
2944,reliability_dynamic_mobilenetv2,stable,features_16,1775838197916.039,1775838198011.548,95.508,16.001,79.507,19.585,32937,5545,200.0,0,0,91.1
2945,reliability_dynamic_mobilenetv2,stable,features_16,1775838198015.548,1775838198105.063,89.515,23.001,65.515,20.901,32937,5545,200.0,0,0,90.6
2946,reliability_dynamic_mobilenetv2,stable,features_16,1775838198125.062,1775838198217.575,92.513,26.001,64.512,20.529,32937,5545,200.0,0,0,98.3
2947,reliability_dynamic_mobilenetv2,stable,features_16,1775838198222.575,1775838198310.087,87.512,23.000,63.512,19.335,32937,5545,200.0,0,0,94.8
2948,reliability_dynamic_mobilenetv2,stable,features_16,1775838198314.087,1775838198412.595,98.509,20.000,77.508,19.603,32937,5545,200.0,0,0,90.7
2949,reliability_dynamic_mobilenetv2,stable,features_16,1775838198418.595,1775838198509.104,90.509,22.001,67.509,22.089,32937,5545,200.0,0,0,90.2
2950,reliability_dynamic_mobilenetv2,stable,features_16,1775838198513.105,1775838198599.107,86.002,17.000,68.002,21.366,32937,5545,200.0,0,0,85.0
2951,reliability_dynamic_mobilenetv2,stable,features_16,1775838198603.614,1775838198685.613,81.999,17.000,63.000,20.146,32937,5545,200.0,0,0,91.8
2952,reliability_dynamic_mobilenetv2,stable,features_16,1775838198689.616,1775838198771.124,81.507,17.508,62.999,20.333,32937,5545,200.0,0,0,85.2
2953,reliability_dynamic_mobilenetv2,stable,features_16,1775838198776.124,1775838198859.634,83.510,20.004,62.506,20.594,32937,5545,200.0,0,0,89.6
2954,reliability_dynamic_mobilenetv2,stable,features_16,1775838198863.634,1775838198966.143,102.510,18.001,83.509,27.716,32937,5545,200.0,0,0,91.2
2955,reliability_dynamic_mobilenetv2,stable,features_16,1775838198970.144,1775838199050.653,80.510,14.000,65.510,21.196,32937,5545,200.0,0,0,92.5
2956,reliability_dynamic_mobilenetv2,stable,features_16,1775838199054.654,1775838199130.163,75.509,13.003,61.506,20.021,32937,5545,200.0,0,0,94.2
2957,reliability_dynamic_mobilenetv2,stable,features_16,1775838199135.164,1775838199219.673,84.509,20.002,62.509,22.284,32937,5545,200.0,0,0,94.9
2958,reliability_dynamic_mobilenetv2,stable,features_16,1775838199224.673,1775838199321.184,96.511,19.002,76.509,21.423,32937,5545,200.0,0,0,95.7
2959,reliability_dynamic_mobilenetv2,stable,features_16,1775838199325.184,1775838199408.696,83.511,19.000,64.511,20.236,32937,5545,200.0,0,0,98.8
2960,reliability_dynamic_mobilenetv2,stable,features_16,1775838199413.696,1775838199509.204,95.509,27.000,66.508,22.338,32937,5545,200.0,0,0,93.8
2961,reliability_dynamic_mobilenetv2,stable,features_16,1775838199513.205,1775838199606.715,93.510,25.001,67.510,22.406,32937,5545,200.0,0,0,92.2
2962,reliability_dynamic_mobilenetv2,stable,features_16,1775838199610.715,1775838199700.718,90.004,23.000,66.004,21.012,32937,5545,200.0,0,0,94.9
2963,reliability_dynamic_mobilenetv2,stable,features_16,1775838199704.225,1775838199787.228,83.002,15.001,66.002,21.400,32937,5545,200.0,0,0,96.3
2964,reliability_dynamic_mobilenetv2,stable,features_16,1775838199791.230,1775838199876.737,85.508,21.508,63.999,21.419,32937,5545,200.0,0,0,95.1
2965,reliability_dynamic_mobilenetv2,stable,features_16,1775838199880.738,1775838199963.253,82.515,16.010,65.507,21.878,32937,5545,200.0,0,0,96.0
2966,reliability_dynamic_mobilenetv2,stable,features_16,1775838199967.254,1775838200065.763,98.509,13.000,84.509,37.910,32937,5545,200.0,0,0,84.4
2967,reliability_dynamic_mobilenetv2,stable,features_16,1775838200069.763,1775838200165.427,95.664,14.001,79.663,21.665,32937,5545,200.0,0,0,92.0
2968,reliability_dynamic_mobilenetv2,stable,features_16,1775838200169.427,1775838200251.940,82.513,18.008,63.506,21.171,32937,5545,200.0,0,0,97.8
2969,reliability_dynamic_mobilenetv2,stable,features_16,1775838200255.940,1775838200339.450,83.510,21.000,60.509,19.648,32937,5545,200.0,0,0,95.9
2970,reliability_dynamic_mobilenetv2,stable,features_16,1775838200343.450,1775838200448.964,105.514,24.001,79.513,21.779,32937,5545,200.0,0,0,85.8
2971,reliability_dynamic_mobilenetv2,stable,features_16,1775838200451.964,1775838200566.473,114.509,12.002,102.507,39.813,32937,5545,200.0,0,0,77.0
2972,reliability_dynamic_mobilenetv2,stable,features_16,1775838200570.473,1775838200645.985,75.512,11.003,62.508,19.984,32937,5545,200.0,0,0,78.8
2973,reliability_dynamic_mobilenetv2,stable,features_16,1775838200648.986,1775838200727.495,78.510,16.000,62.509,20.080,32937,5545,200.0,0,0,88.7
2974,reliability_dynamic_mobilenetv2,stable,features_16,1775838200731.495,1775838200847.005,115.510,18.000,96.510,36.033,32937,5545,200.0,0,0,77.7
2975,reliability_dynamic_mobilenetv2,stable,features_16,1775838200851.010,1775838200947.514,96.503,10.997,85.506,21.691,32937,5545,200.0,0,0,81.4
2976,reliability_dynamic_mobilenetv2,stable,features_16,1775838200952.514,1775838201058.023,105.509,15.001,90.508,39.149,32937,5545,200.0,0,0,82.1
2977,reliability_dynamic_mobilenetv2,stable,features_16,1775838201062.023,1775838201141.531,79.507,14.000,63.508,21.647,32937,5545,200.0,0,0,82.5
2978,reliability_dynamic_mobilenetv2,stable,features_16,1775838201146.531,1775838201229.411,82.880,16.001,64.879,22.076,32937,5545,200.0,0,0,92.9
2979,reliability_dynamic_mobilenetv2,stable,features_16,1775838201233.411,1775838201312.921,79.510,15.003,62.507,21.329,32937,5545,200.0,0,0,90.1
2980,reliability_dynamic_mobilenetv2,stable,features_16,1775838201316.921,1775838201407.431,90.510,20.001,69.509,21.912,32937,5545,200.0,0,0,88.5
2981,reliability_dynamic_mobilenetv2,stable,features_16,1775838201411.433,1775838201498.435,87.002,16.999,68.003,21.443,32937,5545,200.0,0,0,85.6
2982,reliability_dynamic_mobilenetv2,stable,features_16,1775838201501.942,1775838201577.942,76.000,11.999,63.000,20.794,32937,5545,200.0,0,0,86.2
2983,reliability_dynamic_mobilenetv2,stable,features_16,1775838201581.942,1775838201663.452,81.511,16.005,65.506,22.087,32937,5545,200.0,0,0,85.0
2984,reliability_dynamic_mobilenetv2,stable,features_16,1775838201667.452,1775838201747.961,80.509,11.000,69.508,23.133,32937,5545,200.0,0,0,84.6
2985,reliability_dynamic_mobilenetv2,stable,features_16,1775838201751.961,1775838201847.471,95.510,19.000,75.510,27.581,32937,5545,200.0,0,0,89.7
2986,reliability_dynamic_mobilenetv2,stable,features_16,1775838201851.472,1775838202000.983,149.511,17.000,131.511,22.338,32937,5545,200.0,0,0,84.4
2987,reliability_dynamic_mobilenetv2,stable,features_16,1775838202004.490,1775838202082.490,78.000,14.000,62.000,18.869,32937,5545,200.0,0,0,91.4
2988,reliability_dynamic_mobilenetv2,stable,features_16,1775838202086.493,1775838202171.001,84.508,17.508,66.000,20.200,32937,5545,200.0,0,0,87.6
2989,reliability_dynamic_mobilenetv2,stable,features_16,1775838202175.001,1775838202260.511,85.510,19.005,66.505,19.393,32937,5545,200.0,0,0,95.9
2990,reliability_dynamic_mobilenetv2,stable,features_16,1775838202264.511,1775838202376.024,111.513,21.001,88.509,20.031,32937,5545,200.0,0,0,90.3
2991,reliability_dynamic_mobilenetv2,stable,features_16,1775838202380.025,1775838202492.540,112.515,20.005,90.510,23.270,32937,5545,200.0,0,0,91.4
2992,reliability_dynamic_mobilenetv2,stable,features_16,1775838202496.541,1775838202585.069,88.528,19.512,68.017,20.898,32937,5545,200.0,0,0,92.8
2993,reliability_dynamic_mobilenetv2,stable,features_16,1775838202589.072,1775838202676.579,87.506,20.507,65.999,21.400,32937,5545,200.0,0,0,95.9
2994,reliability_dynamic_mobilenetv2,stable,features_16,1775838202679.580,1775838202767.091,87.511,18.005,68.507,20.871,32937,5545,200.0,0,0,88.5
2995,reliability_dynamic_mobilenetv2,stable,features_16,1775838202771.090,1775838202859.604,88.513,19.005,67.507,21.342,32937,5545,200.0,0,0,84.4
2996,reliability_dynamic_mobilenetv2,stable,features_16,1775838202863.602,1775838202935.112,71.510,11.001,59.509,18.738,32937,5545,200.0,0,0,76.8
2997,reliability_dynamic_mobilenetv2,stable,features_16,1775838202939.112,1775838203024.621,85.509,12.001,72.508,25.815,32937,5545,200.0,0,0,83.5
2998,reliability_dynamic_mobilenetv2,stable,features_16,1775838203028.621,1775838203109.130,80.509,12.001,67.508,22.217,32937,5545,200.0,0,0,76.2
2999,reliability_dynamic_mobilenetv2,stable,features_16,1775838203114.129,1775838203198.133,84.004,15.004,69.000,22.286,32937,5545,200.0,0,0,90.8
3000,reliability_dynamic_mobilenetv2,stable,features_16,1775838203203.640,1775838203283.639,80.000,16.001,62.999,18.965,32937,5545,200.0,0,0,81.2
3001,reliability_dynamic_mobilenetv2,stable,features_16,1775838203287.643,1775838203366.151,78.508,13.505,64.000,21.736,32937,5545,200.0,0,0,78.8
3002,reliability_dynamic_mobilenetv2,stable,features_16,1775838203375.151,1775838203455.661,80.510,12.005,67.505,21.175,32937,5545,200.0,0,0,77.3
3003,reliability_dynamic_mobilenetv2,stable,features_16,1775838203458.662,1775838203540.170,81.508,13.001,67.507,22.072,32937,5545,200.0,0,0,83.2
3004,reliability_dynamic_mobilenetv2,stable,features_16,1775838203552.170,1775838203624.680,72.510,10.000,61.509,19.565,32937,5545,200.0,0,0,79.3
3005,reliability_dynamic_mobilenetv2,stable,features_16,1775838203628.681,1775838203717.188,88.507,12.001,75.506,24.382,32937,5545,200.0,0,0,80.4
3006,reliability_dynamic_mobilenetv2,stable,features_16,1775838203721.188,1775838203805.697,84.509,13.001,70.507,20.981,32937,5545,200.0,0,0,78.9
3007,reliability_dynamic_mobilenetv2,stable,features_16,1775838203808.699,1775838203893.699,85.000,14.998,69.002,22.352,32937,5545,200.0,0,0,80.2
3008,reliability_dynamic_mobilenetv2,stable,features_16,1775838203896.699,1775838203969.208,72.509,11.510,60.999,19.554,32937,5545,200.0,0,0,81.2
3009,reliability_dynamic_mobilenetv2,stable,features_16,1775838203973.209,1775838204046.719,73.510,11.001,61.509,19.646,32937,5545,200.0,0,0,77.8
3010,reliability_dynamic_mobilenetv2,stable,features_16,1775838204050.717,1775838204128.227,77.510,12.001,63.509,19.787,32937,5545,200.0,0,0,85.2
3011,reliability_dynamic_mobilenetv2,stable,features_16,1775838204133.227,1775838204235.361,102.134,29.002,70.129,21.274,32937,5545,200.0,0,0,95.0
3012,reliability_dynamic_mobilenetv2,stable,features_16,1775838204240.361,1775838204337.869,97.509,26.000,70.509,24.150,32937,5545,200.0,0,0,93.9
3013,reliability_dynamic_mobilenetv2,stable,features_16,1775838204341.870,1775838204427.378,85.509,20.001,65.508,20.221,32937,5545,200.0,0,0,85.0
3014,reliability_dynamic_mobilenetv2,stable,features_16,1775838204431.378,1775838204518.887,87.509,18.001,68.507,19.507,32937,5545,200.0,0,0,85.4
3015,reliability_dynamic_mobilenetv2,stable,features_16,1775838204521.887,1775838204603.395,81.508,18.001,63.507,19.913,32937,5545,200.0,0,0,82.1
3016,reliability_dynamic_mobilenetv2,stable,features_16,1775838204606.396,1775838204685.396,79.000,13.001,64.999,20.776,32937,5545,200.0,0,0,76.8
3017,reliability_dynamic_mobilenetv2,stable,features_16,1775838204688.399,1775838204769.906,81.507,15.508,64.999,21.153,32937,5545,200.0,0,0,74.1
3018,reliability_dynamic_mobilenetv2,stable,features_16,1775838204772.906,1775838204847.417,74.511,13.001,61.510,19.383,32937,5545,200.0,0,0,82.7
3019,reliability_dynamic_mobilenetv2,stable,features_16,1775838204851.417,1775838204924.930,73.513,11.000,60.514,18.800,32937,5545,200.0,0,0,80.2
3020,reliability_dynamic_mobilenetv2,stable,features_16,1775838204928.930,1775838205012.439,83.509,17.002,65.506,21.154,32937,5545,200.0,0,0,78.1
3021,reliability_dynamic_mobilenetv2,stable,features_16,1775838205015.440,1775838205119.948,104.508,14.000,89.507,21.107,32937,5545,200.0,0,0,84.2
3022,reliability_dynamic_mobilenetv2,stable,features_16,1775838205122.948,1775838205199.951,77.003,13.000,63.002,20.540,32937,5545,200.0,0,0,91.7
3023,reliability_dynamic_mobilenetv2,stable,features_16,1775838205203.458,1775838205281.458,78.000,18.001,59.999,18.265,32937,5545,200.0,0,0,82.5
3024,reliability_dynamic_mobilenetv2,stable,features_16,1775838205285.458,1775838205367.968,82.510,14.006,67.505,21.920,32937,5545,200.0,0,0,79.4
3025,reliability_dynamic_mobilenetv2,stable,features_16,1775838205370.968,1775838205452.484,81.516,15.005,66.511,20.360,32937,5545,200.0,0,0,75.9
3026,reliability_dynamic_mobilenetv2,stable,features_16,1775838205456.484,1775838205577.993,121.509,14.000,107.509,38.352,32937,5545,200.0,0,0,86.9
3027,reliability_dynamic_mobilenetv2,stable,features_16,1775838205581.994,1775838205676.504,94.510,17.004,76.506,19.432,32937,5545,200.0,0,0,86.6
3028,reliability_dynamic_mobilenetv2,stable,features_16,1775838205680.504,1775838205754.015,73.510,11.005,60.505,19.005,32937,5545,200.0,0,0,83.8
3029,reliability_dynamic_mobilenetv2,stable,features_16,1775838205758.015,1775838205842.524,84.509,18.001,65.509,18.759,32937,5545,200.0,0,0,82.5
3030,reliability_dynamic_mobilenetv2,stable,features_16,1775838205846.524,1775838205925.033,78.509,13.000,63.508,19.953,32937,5545,200.0,0,0,80.2
3031,reliability_dynamic_mobilenetv2,stable,features_16,1775838205929.033,1775838206009.756,80.723,11.003,68.719,20.598,32937,5545,200.0,0,0,79.4
3032,reliability_dynamic_mobilenetv2,stable,features_16,1775838206013.756,1775838206089.758,76.002,12.000,63.002,20.371,32937,5545,200.0,0,0,77.5
3033,reliability_dynamic_mobilenetv2,stable,features_16,1775838206098.761,1775838206200.275,101.514,31.511,69.003,18.016,32937,5545,200.0,0,0,94.9
3034,reliability_dynamic_mobilenetv2,stable,features_16,1775838206204.788,1775838206291.788,87.000,16.999,70.001,23.877,32937,5545,200.0,0,0,83.3
3035,reliability_dynamic_mobilenetv2,stable,features_16,1775838206296.788,1775838206375.296,78.508,12.512,63.999,19.811,32937,5545,200.0,0,0,82.5
3036,reliability_dynamic_mobilenetv2,stable,features_16,1775838206379.297,1775838206458.806,79.510,12.005,65.505,19.644,32937,5545,200.0,0,0,82.5
3037,reliability_dynamic_mobilenetv2,stable,features_16,1775838206461.806,1775838206538.315,76.509,13.002,63.507,20.555,32937,5545,200.0,0,0,82.7
3038,reliability_dynamic_mobilenetv2,stable,features_16,1775838206542.315,1775838206624.824,82.509,12.000,69.509,22.128,32937,5545,200.0,0,0,82.5
3039,reliability_dynamic_mobilenetv2,stable,features_16,1775838206628.824,1775838206714.332,85.508,18.000,66.508,20.460,32937,5545,200.0,0,0,91.2
3040,reliability_dynamic_mobilenetv2,stable,features_16,1775838206717.333,1775838206797.335,80.003,18.000,60.002,18.691,32937,5545,200.0,0,0,88.8
3041,reliability_dynamic_mobilenetv2,stable,features_16,1775838206800.336,1775838206905.354,105.018,19.509,84.509,19.261,32937,5545,200.0,0,0,92.9
3042,reliability_dynamic_mobilenetv2,stable,features_16,1775838206910.354,1775838207023.864,113.510,22.000,91.510,19.634,32937,5545,200.0,0,0,93.0
3043,reliability_dynamic_mobilenetv2,stable,features_16,1775838207027.864,1775838207103.373,75.509,12.004,62.506,21.424,32937,5545,200.0,0,0,82.5
3044,reliability_dynamic_mobilenetv2,stable,features_16,1775838207108.373,1775838207192.376,84.003,13.001,70.002,24.388,32937,5545,200.0,0,0,90.0
3045,reliability_dynamic_mobilenetv2,stable,features_16,1775838207195.376,1775838207274.885,79.509,13.510,64.441,20.281,32937,5545,200.0,0,0,86.7
3046,reliability_dynamic_mobilenetv2,stable,features_16,1775838207277.885,1775838207358.394,80.508,18.004,60.505,19.337,32937,5545,200.0,0,0,84.0
3047,reliability_dynamic_mobilenetv2,stable,features_16,1775838207362.395,1775838207434.903,72.509,11.001,61.507,18.809,32937,5545,200.0,0,0,82.5
3048,reliability_dynamic_mobilenetv2,stable,features_16,1775838207438.903,1775838207534.414,95.511,12.001,81.509,22.396,32937,5545,200.0,0,0,88.8
3049,reliability_dynamic_mobilenetv2,stable,features_16,1775838207550.413,1775838207667.924,117.512,20.000,97.511,36.098,32937,5545,200.0,0,0,86.1
3050,reliability_dynamic_mobilenetv2,stable,features_16,1775838207671.925,1775838207796.438,124.512,14.000,109.512,19.402,32937,5545,200.0,0,0,84.5
3051,reliability_dynamic_mobilenetv2,stable,features_16,1775838207800.437,1775838207877.946,77.509,15.512,60.997,19.054,32937,5545,200.0,0,0,82.5
3052,reliability_dynamic_mobilenetv2,stable,features_16,1775838207881.947,1775838207965.461,83.515,11.007,72.507,26.345,32937,5545,200.0,0,0,82.3
3053,reliability_dynamic_mobilenetv2,stable,features_16,1775838207969.462,1775838208062.972,93.510,15.001,77.509,21.340,32937,5545,200.0,0,0,92.9
3054,reliability_dynamic_mobilenetv2,stable,features_16,1775838208066.971,1775838208162.481,95.510,18.002,77.509,18.802,32937,5545,200.0,0,0,93.9
3055,reliability_dynamic_mobilenetv2,stable,features_16,1775838208167.482,1775838208257.994,90.512,26.005,62.506,19.525,32937,5545,200.0,0,0,94.8
3056,reliability_dynamic_mobilenetv2,stable,features_16,1775838208299.999,1775838208393.519,93.520,28.516,64.005,19.267,32937,5545,200.0,0,0,94.7
3057,reliability_dynamic_mobilenetv2,stable,features_16,1775838208397.519,1775838208495.038,97.519,29.517,67.002,21.094,32937,5545,200.0,0,0,100.0
3058,reliability_dynamic_mobilenetv2,stable,features_16,1775838208500.038,1775838208592.551,92.513,25.509,67.004,20.780,32937,5545,200.0,0,0,99.0
3059,reliability_dynamic_mobilenetv2,stable,features_16,1775838208596.551,1775838208695.067,98.516,17.512,69.000,19.706,32937,5545,200.0,0,0,89.8
3060,reliability_dynamic_mobilenetv2,stable,features_16,1775838208700.067,1775838208794.591,94.523,16.521,78.002,19.508,32937,5545,200.0,0,0,93.2
3061,reliability_dynamic_mobilenetv2,stable,features_16,1775838208804.103,1775838208906.611,102.509,23.000,78.509,23.323,32937,5545,200.0,0,0,97.4
3062,reliability_dynamic_mobilenetv2,stable,features_16,1775838208910.611,1775838209059.123,148.512,27.000,78.858,22.448,32937,5545,200.0,0,0,91.2
3063,reliability_dynamic_mobilenetv2,stable,features_16,1775838209070.124,1775838209161.635,91.512,24.006,67.506,20.653,32937,5545,200.0,0,0,92.7
3064,reliability_dynamic_mobilenetv2,stable,features_16,1775838209167.636,1775838209255.147,87.511,24.004,62.506,18.692,32937,5545,200.0,0,0,93.9
3065,reliability_dynamic_mobilenetv2,stable,features_16,1775838209263.148,1775838209351.658,88.510,23.000,63.510,19.031,32937,5545,200.0,0,0,98.0
3066,reliability_dynamic_mobilenetv2,stable,features_16,1775838209356.658,1775838209446.171,89.513,20.000,67.513,21.739,32937,5545,200.0,0,0,93.9
3067,reliability_dynamic_mobilenetv2,stable,features_16,1775838209451.171,1775838209564.682,113.511,36.000,75.511,23.417,32937,5545,200.0,0,0,100.0
3068,reliability_dynamic_mobilenetv2,stable,features_16,1775838209568.682,1775838209657.197,88.514,24.009,62.504,19.121,32937,5545,200.0,0,0,100.0
3069,reliability_dynamic_mobilenetv2,stable,features_16,1775838209661.198,1775838209758.709,97.511,29.005,68.506,20.165,32937,5545,200.0,0,0,100.0
3070,reliability_dynamic_mobilenetv2,stable,features_16,1775838209762.710,1775838209857.221,94.510,23.999,69.511,21.776,32937,5545,200.0,0,0,93.9
3071,reliability_dynamic_mobilenetv2,stable,features_16,1775838209862.220,1775838209962.737,100.516,27.006,71.510,21.994,32937,5545,200.0,0,0,97.4
3072,reliability_dynamic_mobilenetv2,stable,features_16,1775838209966.737,1775838210057.248,90.511,22.004,65.507,19.821,32937,5545,200.0,0,0,100.0
3073,reliability_dynamic_mobilenetv2,stable,features_16,1775838210062.248,1775838210160.758,98.510,20.003,77.507,19.129,32937,5545,200.0,0,0,90.6
3074,reliability_dynamic_mobilenetv2,stable,features_16,1775838210165.758,1775838210253.273,87.515,24.006,61.509,19.302,32937,5545,200.0,0,0,98.0
3075,reliability_dynamic_mobilenetv2,stable,features_16,1775838210257.272,1775838210334.785,77.512,16.002,60.511,19.336,32937,5545,200.0,0,0,95.1
3076,reliability_dynamic_mobilenetv2,stable,features_16,1775838210339.785,1775838210429.298,89.513,20.001,67.703,21.325,32937,5545,200.0,0,0,93.8
3077,reliability_dynamic_mobilenetv2,stable,features_16,1775838210433.298,1775838210523.810,90.512,24.001,64.512,20.056,32937,5545,200.0,0,0,96.5
3078,reliability_dynamic_mobilenetv2,stable,features_16,1775838210527.810,1775838210621.323,93.513,28.000,64.513,19.594,32937,5545,200.0,0,0,98.0
3079,reliability_dynamic_mobilenetv2,stable,features_16,1775838210625.323,1775838210716.832,91.509,26.000,63.509,19.858,32937,5545,200.0,0,0,97.0
3080,reliability_dynamic_mobilenetv2,stable,features_16,1775838210720.833,1775838210820.344,99.511,31.000,67.511,21.444,32937,5545,200.0,0,0,93.9
3081,reliability_dynamic_mobilenetv2,stable,features_16,1775838210824.344,1775838210912.854,88.510,20.000,66.510,21.290,32937,5545,200.0,0,0,96.0
3082,reliability_dynamic_mobilenetv2,stable,features_16,1775838210916.855,1775838211012.364,95.510,19.001,75.510,28.609,32937,5545,200.0,0,0,92.0
3083,reliability_dynamic_mobilenetv2,stable,features_16,1775838211017.364,1775838211101.367,84.003,18.001,65.002,19.764,32937,5545,200.0,0,0,94.7
3084,reliability_dynamic_mobilenetv2,stable,features_16,1775838211106.875,1775838211200.878,94.003,19.001,73.003,22.761,32937,5545,200.0,0,0,98.0
3085,reliability_dynamic_mobilenetv2,stable,features_16,1775838211205.387,1775838211297.391,92.005,25.001,65.005,20.092,32937,5545,200.0,0,0,87.8
3086,reliability_dynamic_mobilenetv2,stable,features_16,1775838211300.392,1775838211379.902,79.510,16.511,63.000,18.517,32937,5545,200.0,0,0,85.0
3087,reliability_dynamic_mobilenetv2,stable,features_16,1775838211383.902,1775838211495.419,111.517,16.006,94.512,28.616,32937,5545,200.0,0,0,86.2
3088,reliability_dynamic_mobilenetv2,stable,features_16,1775838211499.419,1775838211584.939,85.520,18.517,65.004,20.757,32937,5545,200.0,0,0,90.2
3089,reliability_dynamic_mobilenetv2,stable,features_16,1775838211588.940,1775838211673.448,84.508,15.509,66.999,22.073,32937,5545,200.0,0,0,88.7
3090,reliability_dynamic_mobilenetv2,stable,features_16,1775838211677.447,1775838211766.961,89.514,21.004,66.508,20.454,32937,5545,200.0,0,0,87.8
3091,reliability_dynamic_mobilenetv2,stable,features_16,1775838211770.962,1775838211858.472,87.510,19.004,67.507,21.001,32937,5545,200.0,0,0,93.8
3092,reliability_dynamic_mobilenetv2,stable,features_16,1775838211862.473,1775838211948.984,86.512,23.001,63.511,21.134,32937,5545,200.0,0,0,85.7
3093,reliability_dynamic_mobilenetv2,stable,features_16,1775838211953.985,1775838212045.496,91.511,27.000,62.511,20.070,32937,5545,200.0,0,0,97.0
3094,reliability_dynamic_mobilenetv2,stable,features_16,1775838212049.496,1775838212139.015,89.519,22.001,65.519,20.734,32937,5545,200.0,0,0,91.9
3095,reliability_dynamic_mobilenetv2,stable,features_16,1775838212144.016,1775838212238.526,94.510,23.998,70.512,20.715,32937,5545,200.0,0,0,99.0
3096,reliability_dynamic_mobilenetv2,stable,features_16,1775838212247.895,1775838212386.409,138.514,60.514,72.000,20.205,32937,5545,200.0,0,0,98.8
3097,reliability_dynamic_mobilenetv2,stable,features_16,1775838212396.413,1775838212553.454,157.041,90.510,64.526,19.717,32937,5545,200.0,0,0,100.0
3098,reliability_dynamic_mobilenetv2,stable,features_16,1775838212568.455,1775838212773.868,205.413,120.905,78.509,27.399,32937,5545,200.0,1,0,100.0
3099,reliability_dynamic_mobilenetv2,stable,features_16,1775838212781.868,1775838212974.896,193.029,122.024,69.257,22.130,32937,5545,200.0,0,0,100.0
3100,reliability_dynamic_mobilenetv2,stable,features_16,1775838212982.896,1775838213244.437,261.541,171.029,84.511,22.602,32937,5545,200.0,1,0,100.0
3101,reliability_dynamic_mobilenetv2,stable,features_16,1775838213255.437,1775838213559.974,304.537,169.025,128.515,22.914,32937,5545,200.0,1,0,99.7
3102,reliability_dynamic_mobilenetv2,stable,features_16,1775838213571.974,1775838213763.009,191.035,119.524,69.512,22.745,32937,5545,200.0,0,0,100.0
3103,reliability_dynamic_mobilenetv2,stable,features_16,1775838213769.008,1775838213949.054,180.046,102.524,76.514,23.325,32937,5545,200.0,0,0,98.5
3104,reliability_dynamic_mobilenetv2,stable,features_16,1775838213958.047,1775838214123.070,165.024,96.511,66.513,20.967,32937,5545,200.0,0,0,98.4
3105,reliability_dynamic_mobilenetv2,stable,features_16,1775838214132.070,1775838214347.094,215.024,147.511,65.512,21.066,32937,5545,200.0,1,0,98.3
3106,reliability_dynamic_mobilenetv2,stable,features_16,1775838214356.094,1775838214514.124,158.030,89.519,66.513,22.106,32937,5545,200.0,0,0,97.8
3107,reliability_dynamic_mobilenetv2,stable,features_16,1775838214522.123,1775838214705.340,183.218,111.518,69.688,18.617,32937,5545,200.0,0,0,98.6
3108,reliability_dynamic_mobilenetv2,stable,features_16,1775838214713.333,1775838214878.853,165.519,86.006,74.008,23.740,32937,5545,200.0,0,0,99.5
3109,reliability_dynamic_mobilenetv2,stable,features_16,1775838214891.857,1775838215072.880,181.023,108.514,70.510,22.632,32937,5545,200.0,0,0,100.0
3110,reliability_dynamic_mobilenetv2,stable,features_16,1775838215081.886,1775838215231.918,150.032,75.519,71.518,21.617,32937,5545,200.0,0,0,98.8
3111,reliability_dynamic_mobilenetv2,stable,features_16,1775838215244.918,1775838215356.430,111.512,45.012,64.503,22.004,32937,5545,200.0,0,0,98.6
3112,reliability_dynamic_mobilenetv2,stable,features_16,1775838215363.430,1775838215470.942,107.512,36.005,70.507,24.331,32937,5545,200.0,0,0,95.7
3113,reliability_dynamic_mobilenetv2,stable,features_16,1775838215479.942,1775838215604.969,125.028,53.516,69.506,22.553,32937,5545,200.0,0,0,98.6
3114,reliability_dynamic_mobilenetv2,stable,features_16,1775838215610.970,1775838215745.481,134.511,69.000,64.510,20.087,32937,5545,200.0,0,0,96.6
3115,reliability_dynamic_mobilenetv2,stable,features_16,1775838215752.482,1775838215903.003,150.521,73.515,74.004,26.994,32937,5545,200.0,0,0,97.6
3116,reliability_dynamic_mobilenetv2,stable,features_16,1775838215913.512,1775838216073.024,159.512,81.010,74.502,24.368,32937,5545,200.0,0,0,97.8
3117,reliability_dynamic_mobilenetv2,stable,features_16,1775838216078.026,1775838216248.049,170.023,84.512,84.511,25.247,32937,5545,200.0,0,0,100.0
3118,reliability_dynamic_mobilenetv2,stable,features_16,1775838216269.052,1775838216455.084,186.033,116.521,68.512,23.115,32937,5545,200.0,0,0,98.2
3119,reliability_dynamic_mobilenetv2,stable,features_16,1775838216460.086,1775838216613.107,153.021,80.510,70.511,21.751,32937,5545,200.0,0,0,98.8
3120,reliability_dynamic_mobilenetv2,stable,features_16,1775838216618.107,1775838216760.619,142.511,73.006,68.506,20.994,32937,5545,200.0,0,0,94.5
3121,reliability_dynamic_mobilenetv2,stable,features_16,1775838216766.619,1775838216924.644,158.024,84.513,71.511,21.460,32937,5545,200.0,0,0,98.8
3122,reliability_dynamic_mobilenetv2,stable,features_16,1775838216929.643,1775838217090.158,160.515,80.515,75.000,21.320,32937,5545,200.0,0,0,97.3
3123,reliability_dynamic_mobilenetv2,stable,features_16,1775838217097.158,1775838217229.197,132.039,61.508,65.532,20.655,32937,5545,200.0,0,0,99.3
3124,reliability_dynamic_mobilenetv2,stable,features_16,1775838217240.198,1775838217418.228,178.030,103.513,70.515,22.517,32937,5545,200.0,0,0,99.5
3125,reliability_dynamic_mobilenetv2,stable,features_16,1775838217424.227,1775838217575.740,151.513,84.515,65.999,20.861,32937,5545,200.0,0,0,98.2
3126,reliability_dynamic_mobilenetv2,stable,features_16,1775838217583.741,1775838217722.782,139.041,68.524,70.517,19.398,32937,5545,200.0,0,0,100.0
3127,reliability_dynamic_mobilenetv2,stable,features_16,1775838217731.782,1775838217877.297,145.515,69.007,75.508,21.147,32937,5545,200.0,0,0,96.4
3128,reliability_dynamic_mobilenetv2,stable,features_16,1775838217885.298,1775838218029.334,144.036,80.523,61.512,19.157,32937,5545,200.0,0,0,98.2
3129,reliability_dynamic_mobilenetv2,stable,features_16,1775838218035.334,1775838218182.851,147.517,77.515,67.998,23.059,32937,5545,200.0,0,0,97.0
3130,reliability_dynamic_mobilenetv2,stable,features_16,1775838218193.855,1775838218347.875,154.020,84.510,68.509,21.993,32937,5545,200.0,0,0,100.0
3131,reliability_dynamic_mobilenetv2,stable,features_16,1775838218356.875,1775838218520.899,164.023,93.513,68.511,20.005,32937,5545,200.0,0,0,98.9
3132,reliability_dynamic_mobilenetv2,stable,features_16,1775838218536.898,1775838218671.412,134.514,70.518,62.997,19.117,32937,5545,200.0,0,0,97.0
3133,reliability_dynamic_mobilenetv2,stable,features_16,1775838218679.412,1775838218835.436,156.024,85.513,68.510,22.808,32937,5545,200.0,0,0,97.0
3134,reliability_dynamic_mobilenetv2,stable,features_16,1775838218844.438,1775838218994.959,150.522,72.513,76.009,22.532,32937,5545,200.0,0,0,94.0
3135,reliability_dynamic_mobilenetv2,stable,features_16,1775838219000.959,1775838219171.979,171.021,97.513,70.508,22.630,32937,5545,200.0,0,0,98.3
3136,reliability_dynamic_mobilenetv2,stable,features_16,1775838219180.979,1775838219349.008,168.028,93.521,73.507,23.214,32937,5545,200.0,0,0,100.0
3137,reliability_dynamic_mobilenetv2,stable,features_16,1775838219365.007,1775838219547.035,182.028,114.517,65.508,20.064,32937,5545,200.0,0,0,98.1
3138,reliability_dynamic_mobilenetv2,stable,features_16,1775838219556.036,1775838219682.546,126.510,60.510,64.000,19.000,32937,5545,200.0,0,0,98.7
3139,reliability_dynamic_mobilenetv2,stable,features_16,1775838219687.546,1775838219825.582,138.035,69.524,67.511,20.055,32937,5545,200.0,0,0,94.6
3140,reliability_dynamic_mobilenetv2,stable,features_16,1775838219832.581,1775838219993.096,160.515,87.515,72.000,24.118,32937,5545,200.0,0,0,95.0
3141,reliability_dynamic_mobilenetv2,stable,features_16,1775838220000.097,1775838220142.117,142.020,69.509,71.511,21.243,32937,5545,200.0,0,0,99.3
3142,reliability_dynamic_mobilenetv2,stable,features_16,1775838220155.117,1775838220335.141,180.024,106.512,71.513,22.226,32937,5545,200.0,0,0,98.0
3143,reliability_dynamic_mobilenetv2,stable,features_16,1775838220345.141,1775838220494.665,149.523,84.519,63.005,20.038,32937,5545,200.0,0,0,100.0
3144,reliability_dynamic_mobilenetv2,stable,features_16,1775838220502.665,1775838220615.687,113.022,43.512,68.509,21.858,32937,5545,200.0,0,0,96.6
3145,reliability_dynamic_mobilenetv2,stable,features_16,1775838220623.686,1775838220755.197,131.511,63.001,68.510,20.897,32937,5545,200.0,0,0,98.7
3146,reliability_dynamic_mobilenetv2,stable,features_16,1775838220765.198,1775838220911.220,146.023,78.518,66.508,20.677,32937,5545,200.0,0,0,100.0
3147,reliability_dynamic_mobilenetv2,stable,features_16,1775838220918.220,1775838221087.740,169.520,98.520,68.999,23.031,32937,5545,200.0,0,0,100.0
3148,reliability_dynamic_mobilenetv2,stable,features_16,1775838221098.746,1775838221280.769,182.024,109.027,71.001,21.076,32937,5545,200.0,0,0,99.5
3149,reliability_dynamic_mobilenetv2,stable,features_16,1775838221292.773,1775838221442.793,150.020,81.510,66.510,21.003,32937,5545,200.0,0,0,97.6
3150,reliability_dynamic_mobilenetv2,stable,features_16,1775838221451.793,1775838221595.385,143.592,75.514,68.079,21.203,32937,5545,200.0,0,0,98.8
3151,reliability_dynamic_mobilenetv2,stable,features_16,1775838221601.386,1775838221751.409,150.023,81.511,66.517,21.104,32937,5545,200.0,0,0,98.8
3152,reliability_dynamic_mobilenetv2,stable,features_16,1775838221761.411,1775838221916.432,155.021,86.510,67.511,21.087,32937,5545,200.0,0,0,100.0
3153,reliability_dynamic_mobilenetv2,stable,features_16,1775838221925.432,1775838222096.948,171.516,97.512,69.002,21.116,32937,5545,200.0,0,0,99.4
3154,reliability_dynamic_mobilenetv2,stable,features_16,1775838222101.949,1775838222254.981,153.032,82.508,69.523,19.890,32937,5545,200.0,0,0,99.4
3155,reliability_dynamic_mobilenetv2,stable,features_16,1775838222259.979,1775838222412.012,152.032,83.520,66.512,20.828,32937,5545,200.0,0,0,95.1
3156,reliability_dynamic_mobilenetv2,stable,features_16,1775838222421.011,1775838222564.542,143.531,71.006,62.526,19.810,32937,5545,200.0,0,0,95.7
3157,reliability_dynamic_mobilenetv2,stable,features_16,1775838222569.542,1775838222719.575,150.033,78.518,70.516,21.881,32937,5545,200.0,0,0,98.8
3158,reliability_dynamic_mobilenetv2,stable,features_16,1775838222728.579,1775838222893.100,164.521,91.516,68.007,21.946,32937,5545,200.0,0,0,98.4
3159,reliability_dynamic_mobilenetv2,stable,features_16,1775838222904.102,1775838223077.131,173.029,101.023,71.006,23.568,32937,5545,200.0,0,0,98.0
3160,reliability_dynamic_mobilenetv2,stable,features_16,1775838223082.131,1775838223216.188,134.057,66.515,66.521,21.548,32937,5545,200.0,0,0,99.3
3161,reliability_dynamic_mobilenetv2,stable,features_16,1775838223229.161,1775838223373.673,144.512,72.005,69.509,19.820,32937,5545,200.0,0,0,98.3
3162,reliability_dynamic_mobilenetv2,stable,features_16,1775838223380.674,1775838223542.703,162.028,94.513,65.514,19.091,32937,5545,200.0,0,0,100.0
3163,reliability_dynamic_mobilenetv2,stable,features_16,1775838223547.700,1775838223703.226,155.526,88.522,65.004,19.948,32937,5545,200.0,0,0,100.0
3164,reliability_dynamic_mobilenetv2,stable,features_16,1775838223708.738,1775838223863.250,154.511,84.004,69.507,21.276,32937,5545,200.0,0,0,100.0
3165,reliability_dynamic_mobilenetv2,stable,features_16,1775838223876.250,1775838224035.278,159.028,85.515,72.514,23.102,32937,5545,200.0,0,0,97.8
3166,reliability_dynamic_mobilenetv2,stable,features_16,1775838224046.281,1775838224167.789,121.508,55.001,64.627,19.415,32937,5545,200.0,0,0,93.2
3167,reliability_dynamic_mobilenetv2,stable,features_16,1775838224179.790,1775838224328.815,149.025,77.514,64.510,20.849,32937,5545,200.0,0,0,97.5
3168,reliability_dynamic_mobilenetv2,stable,features_16,1775838224338.815,1775838224500.333,161.518,91.516,69.003,20.880,32937,5545,200.0,0,0,96.7
3169,reliability_dynamic_mobilenetv2,stable,features_16,1775838224509.841,1775838224640.354,130.513,54.999,74.515,20.744,32937,5545,200.0,0,0,94.7
3170,reliability_dynamic_mobilenetv2,stable,features_16,1775838224647.354,1775838224797.872,150.518,76.515,72.009,23.707,32937,5545,200.0,0,0,97.1
3171,reliability_dynamic_mobilenetv2,stable,features_16,1775838224803.871,1775838225018.400,214.529,94.511,119.018,24.128,32937,5545,200.0,1,0,97.4
3172,reliability_dynamic_mobilenetv2,stable,features_16,1775838225025.400,1775838225190.918,165.518,98.513,64.999,19.649,32937,5545,200.0,0,0,98.9
3173,reliability_dynamic_mobilenetv2,stable,features_16,1775838225199.921,1775838225384.959,185.038,113.038,67.000,19.346,32937,5545,200.0,0,0,99.5
3174,reliability_dynamic_mobilenetv2,stable,features_16,1775838225393.967,1775838225566.998,173.031,92.526,79.505,23.146,32937,5545,200.0,0,0,98.9
3175,reliability_dynamic_mobilenetv2,stable,features_16,1775838225574.999,1775838225711.024,136.025,62.516,72.511,22.293,32937,5545,200.0,0,0,98.1
3176,reliability_dynamic_mobilenetv2,stable,features_16,1775838225717.026,1775838225848.535,131.509,67.000,63.509,19.843,32937,5545,200.0,0,0,97.2
3177,reliability_dynamic_mobilenetv2,stable,features_16,1775838225855.535,1775838225987.044,131.510,63.512,66.000,20.600,32937,5545,200.0,0,0,98.7
3178,reliability_dynamic_mobilenetv2,stable,features_16,1775838225996.049,1775838226140.070,144.021,67.510,72.826,19.581,32937,5545,200.0,0,0,96.4
3179,reliability_dynamic_mobilenetv2,stable,features_16,1775838226147.069,1775838226352.097,205.028,129.517,71.511,23.023,32937,5545,200.0,1,0,99.6
3180,reliability_dynamic_mobilenetv2,stable,features_16,1775838226365.097,1775838226527.126,162.029,92.515,68.514,23.401,32937,5545,200.0,0,0,97.2
3181,reliability_dynamic_mobilenetv2,stable,features_16,1775838226539.126,1775838226703.643,164.516,90.512,70.005,23.303,32937,5545,200.0,0,0,100.0
3182,reliability_dynamic_mobilenetv2,stable,features_16,1775838226710.150,1775838226879.667,169.517,89.004,75.511,23.601,32937,5545,200.0,0,0,96.7
3183,reliability_dynamic_mobilenetv2,stable,features_16,1775838226884.666,1775838227007.687,123.021,50.511,70.511,22.419,32937,5545,200.0,0,0,99.2
3184,reliability_dynamic_mobilenetv2,stable,features_16,1775838227011.686,1775838227109.198,97.512,29.001,66.512,21.498,32937,5545,200.0,0,0,95.7
3185,reliability_dynamic_mobilenetv2,stable,features_16,1775838227114.199,1775838227265.717,151.518,77.006,72.514,22.834,32937,5545,200.0,0,0,100.0
3186,reliability_dynamic_mobilenetv2,stable,features_16,1775838227272.714,1775838227443.748,171.034,95.514,71.520,20.720,32937,5545,200.0,0,0,96.2
3187,reliability_dynamic_mobilenetv2,stable,features_16,1775838227452.748,1775838227615.773,163.025,87.516,73.512,20.774,32937,5545,200.0,0,0,98.9
3188,reliability_dynamic_mobilenetv2,stable,features_16,1775838227624.773,1775838227783.285,158.512,84.512,73.000,21.524,32937,5545,200.0,0,0,99.5
3189,reliability_dynamic_mobilenetv2,stable,features_16,1775838227793.293,1775838227944.324,151.031,77.517,71.515,22.804,32937,5545,200.0,0,0,97.6
3190,reliability_dynamic_mobilenetv2,stable,features_16,1775838227953.325,1775838228144.351,191.027,120.513,68.514,21.138,32937,5545,200.0,0,0,100.0
3191,reliability_dynamic_mobilenetv2,stable,features_16,1775838228156.354,1775838228368.381,212.028,135.521,74.504,29.884,32937,5545,200.0,1,0,100.0
3192,reliability_dynamic_mobilenetv2,stable,features_16,1775838228377.381,1775838228559.410,182.029,103.513,77.516,27.084,32937,5545,200.0,0,0,97.0
3193,reliability_dynamic_mobilenetv2,stable,features_16,1775838228565.410,1775838228701.925,136.515,65.515,71.000,24.255,32937,5545,200.0,0,0,92.4
3194,reliability_dynamic_mobilenetv2,stable,features_16,1775838228707.438,1775838228840.948,133.510,60.003,72.508,26.656,32937,5545,200.0,0,0,96.7
3195,reliability_dynamic_mobilenetv2,stable,features_16,1775838228850.949,1775838228959.459,108.510,43.006,63.504,20.916,32937,5545,200.0,0,0,98.3
3196,reliability_dynamic_mobilenetv2,stable,features_16,1775838228964.460,1775838229078.971,114.511,38.005,76.506,24.762,32937,5545,200.0,0,0,93.9
3197,reliability_dynamic_mobilenetv2,stable,features_16,1775838229086.970,1775838229222.993,136.022,55.515,79.507,33.078,32937,5545,200.0,0,0,98.7
3198,reliability_dynamic_mobilenetv2,stable,features_16,1775838229228.993,1775838229355.506,126.513,58.002,67.511,21.744,32937,5545,200.0,0,0,99.4
3199,reliability_dynamic_mobilenetv2,stable,features_16,1775838229365.508,1775838229513.532,148.025,79.515,67.510,22.843,32937,5545,200.0,0,0,97.6
3200,reliability_dynamic_mobilenetv2,stable,features_16,1775838229522.530,1775838229703.044,180.514,108.512,71.003,21.288,32937,5545,200.0,0,0,99.5
3201,reliability_dynamic_mobilenetv2,stable,features_16,1775838229712.552,1775838229856.063,143.511,71.002,70.508,24.418,32937,5545,200.0,0,0,97.6
3202,reliability_dynamic_mobilenetv2,stable,features_16,1775838229866.063,1775838230020.086,154.022,72.511,77.512,25.625,32937,5545,200.0,0,0,97.0
3203,reliability_dynamic_mobilenetv2,stable,features_16,1775838230026.086,1775838230180.598,154.512,82.514,71.998,21.998,32937,5545,200.0,0,0,99.5
3204,reliability_dynamic_mobilenetv2,stable,features_16,1775838230193.602,1775838230378.632,185.030,114.026,69.001,23.406,32937,5545,200.0,0,0,98.5
3205,reliability_dynamic_mobilenetv2,stable,features_16,1775838230384.625,1775838230526.647,142.022,73.513,65.509,22.113,32937,5545,200.0,0,0,99.4
3206,reliability_dynamic_mobilenetv2,stable,features_16,1775838230535.649,1775838230707.669,172.020,91.510,77.508,23.108,32937,5545,200.0,0,0,100.0
3207,reliability_dynamic_mobilenetv2,stable,features_16,1775838230713.669,1775838230878.181,164.511,87.004,75.507,22.847,32937,5545,200.0,0,0,96.7
3208,reliability_dynamic_mobilenetv2,stable,features_16,1775838230884.181,1775838231057.209,173.029,93.513,74.517,22.036,32937,5545,200.0,0,0,100.0
3209,reliability_dynamic_mobilenetv2,stable,features_16,1775838231070.210,1775838231274.239,204.029,128.521,74.508,25.623,32937,5545,200.0,1,0,98.3
3210,reliability_dynamic_mobilenetv2,stable,features_16,1775838231284.240,1775838231460.265,176.024,100.512,72.512,25.085,32937,5545,200.0,0,0,98.3
3211,reliability_dynamic_mobilenetv2,stable,features_16,1775838231467.265,1775838231650.292,183.028,103.513,77.517,22.660,32937,5545,200.0,0,0,97.7
3212,reliability_dynamic_mobilenetv2,stable,features_16,1775838231662.289,1775838231822.314,160.025,93.515,65.510,21.039,32937,5545,200.0,0,0,97.9
3213,reliability_dynamic_mobilenetv2,stable,features_16,1775838231832.314,1775838232001.829,169.515,93.511,71.004,25.022,32937,5545,200.0,0,0,97.8
3214,reliability_dynamic_mobilenetv2,stable,features_16,1775838232014.336,1775838232242.361,228.024,152.512,73.509,24.160,32937,5545,200.0,1,0,100.0
3215,reliability_dynamic_mobilenetv2,stable,features_16,1775838232250.361,1775838232418.900,168.539,93.028,74.512,23.710,32937,5545,200.0,0,0,99.5
3216,reliability_dynamic_mobilenetv2,stable,features_16,1775838232430.900,1775838232611.850,180.950,100.518,79.432,25.584,32937,5545,200.0,0,0,100.0
3217,reliability_dynamic_mobilenetv2,stable,features_16,1775838232619.851,1775838232783.363,163.512,89.515,72.996,23.394,32937,5545,200.0,0,0,96.1
3218,reliability_dynamic_mobilenetv2,stable,features_16,1775838232791.363,1775838232984.385,193.022,123.024,69.998,21.501,32937,5545,200.0,0,0,98.6
3219,reliability_dynamic_mobilenetv2,stable,features_16,1775838232990.386,1775838233192.614,202.228,133.028,66.192,21.740,32937,5545,200.0,1,0,100.0
3220,reliability_dynamic_mobilenetv2,stable,features_16,1775838233207.118,1775838233396.590,189.472,113.469,74.000,25.327,32937,5545,200.0,0,0,98.2
3221,reliability_dynamic_mobilenetv2,stable,features_16,1775838233412.098,1775838233581.612,169.514,93.006,75.508,23.137,32937,5545,200.0,0,0,100.0
3222,reliability_dynamic_mobilenetv2,stable,features_16,1775838233588.612,1775838233765.640,177.028,98.516,77.513,21.904,32937,5545,200.0,0,0,99.0
3223,reliability_dynamic_mobilenetv2,stable,features_16,1775838233774.639,1775838233935.672,161.033,90.514,65.520,20.942,32937,5545,200.0,0,0,96.1
3224,reliability_dynamic_mobilenetv2,stable,features_16,1775838233943.675,1775838234107.704,164.029,90.516,71.506,23.199,32937,5545,200.0,0,0,95.6
3225,reliability_dynamic_mobilenetv2,stable,features_16,1775838234119.704,1775838234341.727,222.023,142.515,76.513,22.835,32937,5545,200.0,1,0,100.0
3226,reliability_dynamic_mobilenetv2,stable,features_16,1775838234353.727,1775838234511.754,158.027,92.513,63.513,19.084,32937,5545,200.0,0,0,98.4
3227,reliability_dynamic_mobilenetv2,stable,features_16,1775838234520.754,1775838234657.266,136.512,65.000,70.512,20.247,32937,5545,200.0,0,0,100.0
3228,reliability_dynamic_mobilenetv2,stable,features_16,1775838234662.267,1775838234783.783,121.516,49.516,71.000,24.455,32937,5545,200.0,0,0,95.5
3229,reliability_dynamic_mobilenetv2,stable,features_16,1775838234790.783,1775838234895.297,104.514,30.512,74.002,23.205,32937,5545,200.0,0,0,94.1
3230,reliability_dynamic_mobilenetv2,stable,features_16,1775838234903.296,1775838235001.810,98.514,32.511,65.003,19.741,32937,5545,200.0,0,0,89.8
3231,reliability_dynamic_mobilenetv2,stable,features_16,1775838235009.319,1775838235104.323,95.004,31.999,61.004,18.750,32937,5545,200.0,0,0,98.3
3232,reliability_dynamic_mobilenetv2,stable,features_16,1775838235107.831,1775838235199.835,92.004,25.000,66.004,18.659,32937,5545,200.0,0,0,100.0
3233,reliability_dynamic_mobilenetv2,stable,features_16,1775838235204.835,1775838235313.858,109.023,37.514,71.509,23.728,32937,5545,200.0,0,0,97.3
3234,reliability_dynamic_mobilenetv2,stable,features_16,1775838235317.858,1775838235431.373,113.515,24.001,86.514,22.182,32937,5545,200.0,0,0,93.8
3235,reliability_dynamic_mobilenetv2,stable,features_16,1775838235437.373,1775838235550.887,113.514,44.001,68.510,21.199,32937,5545,200.0,0,0,98.3
3236,reliability_dynamic_mobilenetv2,stable,features_16,1775838235557.884,1775838235670.396,112.512,45.003,64.508,19.361,32937,5545,200.0,0,0,94.7
3237,reliability_dynamic_mobilenetv2,stable,features_16,1775838235676.397,1775838235792.917,116.520,42.516,72.004,25.766,32937,5545,200.0,0,0,99.3
3238,reliability_dynamic_mobilenetv2,stable,features_16,1775838235799.916,1775838235925.935,126.019,50.509,73.510,24.616,32937,5545,200.0,0,0,94.6
3239,reliability_dynamic_mobilenetv2,stable,features_16,1775838235931.937,1775838236078.451,146.514,71.002,74.511,21.004,32937,5545,200.0,0,0,99.4
3240,reliability_dynamic_mobilenetv2,stable,features_16,1775838236087.451,1775838236240.478,153.026,89.520,61.510,18.955,32937,5545,200.0,0,0,100.0
3241,reliability_dynamic_mobilenetv2,stable,features_16,1775838236246.479,1775838236386.991,140.512,76.513,63.000,19.680,32937,5545,200.0,0,0,100.0
3242,reliability_dynamic_mobilenetv2,stable,features_16,1775838236391.992,1775838236588.016,196.024,69.510,121.511,23.731,32937,5545,200.0,0,0,97.2
3243,reliability_dynamic_mobilenetv2,stable,features_16,1775838236596.021,1775838236752.042,156.022,79.509,72.512,21.742,32937,5545,200.0,0,0,93.9
3244,reliability_dynamic_mobilenetv2,stable,features_16,1775838236760.042,1775838236908.070,148.028,73.519,70.511,20.929,32937,5545,200.0,0,0,100.0
3245,reliability_dynamic_mobilenetv2,stable,features_16,1775838236915.070,1775838237050.581,135.510,72.004,62.507,19.328,32937,5545,200.0,0,0,96.0
3246,reliability_dynamic_mobilenetv2,stable,features_16,1775838237056.581,1775838237252.626,196.045,119.526,75.524,21.122,32937,5545,200.0,0,0,100.0
3247,reliability_dynamic_mobilenetv2,stable,features_16,1775838237258.626,1775838237425.669,167.042,97.523,67.519,21.646,32937,5545,200.0,0,0,99.4
3248,reliability_dynamic_mobilenetv2,stable,features_16,1775838237431.668,1775838237580.192,148.523,80.523,67.000,20.075,32937,5545,200.0,0,0,98.2
3249,reliability_dynamic_mobilenetv2,stable,features_16,1775838237586.191,1775838237740.232,154.041,83.523,65.676,19.842,32937,5545,200.0,0,0,100.0
3250,reliability_dynamic_mobilenetv2,stable,features_16,1775838237748.233,1775838237935.275,187.041,115.521,69.522,21.572,32937,5545,200.0,0,0,100.0
3251,reliability_dynamic_mobilenetv2,stable,features_16,1775838237941.276,1775838238112.302,171.026,102.514,66.512,20.187,32937,5545,200.0,0,0,100.0
3252,reliability_dynamic_mobilenetv2,stable,features_16,1775838238118.302,1775838238283.813,165.511,94.515,69.996,22.144,32937,5545,200.0,0,0,98.9
3253,reliability_dynamic_mobilenetv2,stable,features_16,1775838238288.813,1775838238477.843,189.030,112.524,71.507,21.410,32937,5545,200.0,0,0,100.0
3254,reliability_dynamic_mobilenetv2,stable,features_16,1775838238488.844,1775838238630.873,142.029,72.519,67.512,21.674,32937,5545,200.0,0,0,98.7
3255,reliability_dynamic_mobilenetv2,stable,features_16,1775838238635.873,1775838238776.387,140.514,62.004,77.510,27.800,32937,5545,200.0,0,0,99.4
3256,reliability_dynamic_mobilenetv2,stable,features_16,1775838238783.387,1775838238932.412,149.025,74.513,71.511,22.123,32937,5545,200.0,0,0,95.2
3257,reliability_dynamic_mobilenetv2,stable,features_16,1775838238939.412,1775838239115.437,176.025,103.511,70.513,21.962,32937,5545,200.0,0,0,97.8
3258,reliability_dynamic_mobilenetv2,stable,features_16,1775838239127.437,1775838239291.951,164.514,97.514,66.000,21.828,32937,5545,200.0,0,0,100.0
3259,reliability_dynamic_mobilenetv2,stable,features_16,1775838239299.954,1775838239450.977,151.022,82.512,67.510,22.079,32937,5545,200.0,0,0,98.2
3260,reliability_dynamic_mobilenetv2,stable,features_16,1775838239462.977,1775838239603.493,140.516,61.512,78.004,22.305,32937,5545,200.0,0,0,95.8
3261,reliability_dynamic_mobilenetv2,stable,features_16,1775838239609.005,1775838239756.515,147.511,73.002,73.509,21.482,32937,5545,200.0,0,0,100.0
3262,reliability_dynamic_mobilenetv2,stable,features_16,1775838239766.515,1775838239915.537,149.022,75.510,72.512,21.285,32937,5545,200.0,0,0,95.6
3263,reliability_dynamic_mobilenetv2,stable,features_16,1775838239923.537,1775838240063.049,139.512,74.004,64.507,19.855,32937,5545,200.0,0,0,97.4
3264,reliability_dynamic_mobilenetv2,stable,features_16,1775838240073.050,1775838240283.082,210.032,139.032,71.000,21.693,32937,5545,200.0,1,0,100.0
3265,reliability_dynamic_mobilenetv2,stable,features_16,1775838240292.082,1775838240487.112,195.031,89.521,105.510,55.834,32937,5545,200.0,0,0,98.6
3266,reliability_dynamic_mobilenetv2,stable,features_16,1775838240500.117,1775838240662.137,162.020,84.518,76.507,22.843,32937,5545,200.0,0,0,99.4
3267,reliability_dynamic_mobilenetv2,stable,features_16,1775838240672.137,1775838240833.160,161.022,77.511,81.511,30.126,32937,5545,200.0,0,0,97.2
3268,reliability_dynamic_mobilenetv2,stable,features_16,1775838240839.160,1775838240970.672,131.512,60.004,70.508,21.387,32937,5545,200.0,0,0,97.3
3269,reliability_dynamic_mobilenetv2,stable,features_16,1775838240975.674,1775838241118.700,143.026,72.516,68.513,21.995,32937,5545,200.0,0,0,100.0
3270,reliability_dynamic_mobilenetv2,stable,features_16,1775838241126.700,1775838241320.729,194.029,113.517,75.510,23.880,32937,5545,200.0,0,0,97.2
3271,reliability_dynamic_mobilenetv2,stable,features_16,1775838241333.729,1775838241491.242,157.514,79.514,74.001,23.544,32937,5545,200.0,0,0,98.8
3272,reliability_dynamic_mobilenetv2,stable,features_16,1775838241498.247,1775838241639.266,141.019,69.509,70.510,21.003,32937,5545,200.0,0,0,92.9
3273,reliability_dynamic_mobilenetv2,stable,features_16,1775838241645.266,1775838241792.786,147.520,77.519,67.994,23.008,32937,5545,200.0,0,0,94.0
3274,reliability_dynamic_mobilenetv2,stable,features_16,1775838241801.793,1775838241921.818,120.024,49.513,67.509,20.568,32937,5545,200.0,0,0,96.2
3275,reliability_dynamic_mobilenetv2,stable,features_16,1775838241930.817,1775838242062.330,131.513,58.000,69.512,20.999,32937,5545,200.0,0,0,95.3
3276,reliability_dynamic_mobilenetv2,stable,features_16,1775838242071.331,1775838242323.871,252.540,122.521,129.019,80.247,32937,5545,200.0,1,0,100.0
3277,reliability_dynamic_mobilenetv2,stable,features_16,1775838242331.871,1775838242513.898,182.027,103.515,74.512,24.794,32937,5545,200.0,0,0,96.4
3278,reliability_dynamic_mobilenetv2,stable,features_16,1775838242520.899,1775838242684.084,163.186,90.183,70.996,22.284,32937,5545,200.0,0,0,100.0
3279,reliability_dynamic_mobilenetv2,stable,features_16,1775838242694.086,1775838242857.106,163.020,81.508,80.511,26.821,32937,5545,200.0,0,0,98.4
3280,reliability_dynamic_mobilenetv2,stable,features_16,1775838242863.106,1775838243035.129,172.023,103.512,68.510,21.327,32937,5545,200.0,0,0,97.3
3281,reliability_dynamic_mobilenetv2,stable,features_16,1775838243041.129,1775838243208.148,167.019,94.512,69.004,21.963,32937,5545,200.0,0,0,98.9
3282,reliability_dynamic_mobilenetv2,stable,features_16,1775838243216.154,1775838243385.665,169.511,91.005,77.506,22.849,32937,5545,200.0,0,0,100.0
3283,reliability_dynamic_mobilenetv2,stable,features_16,1775838243402.669,1775838243570.694,168.025,84.522,78.511,23.802,32937,5545,200.0,0,0,95.6
3284,reliability_dynamic_mobilenetv2,stable,features_16,1775838243582.694,1775838243757.725,175.030,100.520,72.507,24.861,32937,5545,200.0,0,0,98.6
3285,reliability_dynamic_mobilenetv2,stable,features_16,1775838243765.724,1775838243938.752,173.027,94.517,76.511,22.900,32937,5545,200.0,0,0,100.0
3286,reliability_dynamic_mobilenetv2,stable,features_16,1775838243950.752,1775838244106.270,155.518,84.515,70.004,23.666,32937,5545,200.0,0,0,98.4
3287,reliability_dynamic_mobilenetv2,stable,features_16,1775838244115.778,1775838244305.300,189.522,119.520,68.005,22.033,32937,5545,200.0,0,0,97.2
3288,reliability_dynamic_mobilenetv2,stable,features_16,1775838244315.809,1775838244509.347,193.538,116.022,75.511,23.905,32937,5545,200.0,0,0,97.8
3289,reliability_dynamic_mobilenetv2,stable,features_16,1775838244518.348,1775838244702.872,184.524,105.515,75.015,25.575,32937,5545,200.0,0,0,100.0
3290,reliability_dynamic_mobilenetv2,stable,features_16,1775838244734.390,1775838244898.911,164.521,92.517,71.003,21.030,32937,5545,200.0,0,0,98.7
3291,reliability_dynamic_mobilenetv2,stable,features_16,1775838244904.911,1775838245023.931,119.020,51.510,65.512,18.732,32937,5545,200.0,0,0,100.0
3292,reliability_dynamic_mobilenetv2,stable,features_16,1775838245027.931,1775838245159.444,131.512,54.000,76.512,25.125,32937,5545,200.0,0,0,100.0
3293,reliability_dynamic_mobilenetv2,stable,features_16,1775838245170.444,1775838245304.965,134.521,57.517,73.003,20.153,32937,5545,200.0,0,0,98.8
3294,reliability_dynamic_mobilenetv2,stable,features_16,1775838245314.471,1775838245446.985,132.514,55.002,71.515,20.999,32937,5545,200.0,0,0,98.7
3295,reliability_dynamic_mobilenetv2,stable,features_16,1775838245454.984,1775838245593.501,138.517,64.518,69.999,22.423,32937,5545,200.0,0,0,99.3
3296,reliability_dynamic_mobilenetv2,stable,features_16,1775838245598.505,1775838245717.539,119.034,42.521,75.513,24.241,32937,5545,200.0,0,0,98.5
3297,reliability_dynamic_mobilenetv2,stable,features_16,1775838245722.539,1775838245850.051,127.511,57.000,68.510,22.455,32937,5545,200.0,0,0,98.5
3298,reliability_dynamic_mobilenetv2,stable,features_16,1775838245859.050,1775838245996.570,137.520,67.516,69.005,21.014,32937,5545,200.0,0,0,98.8
3299,reliability_dynamic_mobilenetv2,stable,features_16,1775838246011.078,1775838246180.592,169.515,97.510,69.000,19.685,32937,5545,200.0,0,0,98.0
3300,reliability_dynamic_mobilenetv2,stable,features_16,1775838246191.592,1775838246368.623,177.030,94.519,77.508,19.380,32937,5545,200.0,0,0,98.5
3301,reliability_dynamic_mobilenetv2,stable,features_16,1775838246374.623,1775838246526.661,152.037,79.515,71.524,21.832,32937,5545,200.0,0,0,98.8
3302,reliability_dynamic_mobilenetv2,stable,features_16,1775838246537.663,1775838246686.181,148.519,73.518,74.000,21.888,32937,5545,200.0,0,0,97.0
3303,reliability_dynamic_mobilenetv2,stable,features_16,1775838246696.183,1775838246846.221,150.038,85.518,63.517,19.706,32937,5545,200.0,0,0,98.2
3304,reliability_dynamic_mobilenetv2,stable,features_16,1775838246854.219,1775838246983.736,129.518,58.518,65.999,20.691,32937,5545,200.0,0,0,100.0
3305,reliability_dynamic_mobilenetv2,stable,features_16,1775838246995.746,1775838247168.778,173.031,98.524,73.507,20.773,32937,5545,200.0,0,0,100.0
3306,reliability_dynamic_mobilenetv2,stable,features_16,1775838247178.777,1775838247353.806,175.029,100.514,73.515,24.462,32937,5545,200.0,0,0,99.0
3307,reliability_dynamic_mobilenetv2,stable,features_16,1775838247361.804,1775838247506.321,144.517,71.511,70.007,19.978,32937,5545,200.0,0,0,98.0
3308,reliability_dynamic_mobilenetv2,stable,features_16,1775838247515.831,1775838247657.774,141.943,76.252,61.690,19.424,32937,5545,200.0,0,0,98.2
3309,reliability_dynamic_mobilenetv2,stable,features_16,1775838247663.777,1775838247795.185,131.407,62.009,69.398,20.327,32937,5545,200.0,0,0,95.9
3310,reliability_dynamic_mobilenetv2,stable,features_16,1775838247801.185,1775838247930.212,129.027,57.521,69.514,21.383,32937,5545,200.0,0,0,98.7
3311,reliability_dynamic_mobilenetv2,stable,features_16,1775838247941.205,1775838248125.231,184.026,110.515,71.513,19.033,32937,5545,200.0,0,0,100.0
3312,reliability_dynamic_mobilenetv2,stable,features_16,1775838248131.231,1775838248355.260,224.029,144.512,72.514,20.581,32937,5545,200.0,1,0,100.0
3313,reliability_dynamic_mobilenetv2,stable,features_16,1775838248367.258,1775838248562.283,195.025,121.514,71.513,21.130,32937,5545,200.0,0,0,99.5
3314,reliability_dynamic_mobilenetv2,stable,features_16,1775838248568.283,1775838248729.321,161.037,81.522,73.716,23.018,32937,5545,200.0,0,0,98.4
3315,reliability_dynamic_mobilenetv2,stable,features_16,1775838248739.320,1775838248910.348,171.028,99.520,71.508,23.818,32937,5545,200.0,0,0,100.0
3316,reliability_dynamic_mobilenetv2,stable,features_16,1775838248920.349,1775838249098.865,178.517,107.513,69.003,22.383,32937,5545,200.0,0,0,97.5
3317,reliability_dynamic_mobilenetv2,stable,features_16,1775838249110.373,1775838249242.165,131.792,63.000,66.789,23.684,32937,5545,200.0,0,0,99.3
3318,reliability_dynamic_mobilenetv2,stable,features_16,1775838249246.158,1775838249383.682,137.524,67.524,67.996,20.061,32937,5545,200.0,0,0,100.0
3319,reliability_dynamic_mobilenetv2,stable,features_16,1775838249390.680,1775838249540.706,150.026,79.514,68.512,20.340,32937,5545,200.0,0,0,98.8
3320,reliability_dynamic_mobilenetv2,stable,features_16,1775838249548.706,1775838249680.221,131.515,59.006,72.509,21.529,32937,5545,200.0,0,0,95.3
3321,reliability_dynamic_mobilenetv2,stable,features_16,1775838249687.222,1775838249830.246,143.025,65.512,76.512,22.072,32937,5545,200.0,0,0,94.7
3322,reliability_dynamic_mobilenetv2,stable,features_16,1775838249840.246,1775838250015.281,175.035,109.515,64.520,20.852,32937,5545,200.0,0,0,99.0
3323,reliability_dynamic_mobilenetv2,stable,features_16,1775838250029.282,1775838250258.303,229.021,158.512,68.511,21.420,32937,5545,200.0,1,0,100.0
3324,reliability_dynamic_mobilenetv2,stable,features_16,1775838250270.304,1775838250462.327,192.023,102.516,87.509,20.904,32937,5545,200.0,0,0,99.1
3325,reliability_dynamic_mobilenetv2,stable,features_16,1775838250483.327,1775838250693.363,210.036,138.038,71.999,21.437,32937,5545,200.0,1,0,100.0
3326,reliability_dynamic_mobilenetv2,stable,features_16,1775838250711.874,1775838250916.910,205.037,136.516,66.517,21.595,32937,5545,200.0,1,0,99.6
3327,reliability_dynamic_mobilenetv2,stable,features_16,1775838250929.910,1775838251117.969,188.059,108.531,76.523,25.008,32937,5545,200.0,0,0,99.6
3328,reliability_dynamic_mobilenetv2,stable,features_16,1775838251127.966,1775838251332.013,204.048,131.528,71.520,22.757,32937,5545,200.0,1,0,99.5
3329,reliability_dynamic_mobilenetv2,stable,features_16,1775838251340.013,1775838251500.530,160.516,92.514,67.003,20.177,32937,5545,200.0,0,0,97.3
3330,reliability_dynamic_mobilenetv2,stable,features_16,1775838251510.033,1775838251652.549,142.516,77.005,65.511,20.027,32937,5545,200.0,0,0,98.2
3331,reliability_dynamic_mobilenetv2,stable,features_16,1775838251659.548,1775838251760.059,100.511,35.000,63.828,19.554,32937,5545,200.0,0,0,97.4
3332,reliability_dynamic_mobilenetv2,stable,features_16,1775838251766.060,1775838251874.572,108.512,43.005,63.508,18.793,32937,5545,200.0,0,0,96.6
3333,reliability_dynamic_mobilenetv2,stable,features_16,1775838251879.572,1775838251987.083,107.510,37.510,69.000,20.836,32937,5545,200.0,0,0,94.8
3334,reliability_dynamic_mobilenetv2,stable,features_16,1775838251995.084,1775838252113.114,118.030,47.513,68.518,21.401,32937,5545,200.0,0,0,100.0
3335,reliability_dynamic_mobilenetv2,stable,features_16,1775838252118.114,1775838252256.624,138.510,74.000,64.510,20.343,32937,5545,200.0,0,0,91.2
3336,reliability_dynamic_mobilenetv2,stable,features_16,1775838252260.625,1775838252339.137,78.512,14.001,62.510,19.032,32937,5545,200.0,0,0,79.2
3337,reliability_dynamic_mobilenetv2,stable,features_16,1775838252343.137,1775838252448.646,105.509,18.000,85.509,20.795,32937,5545,200.0,0,0,79.5
3338,reliability_dynamic_mobilenetv2,stable,features_16,1775838252453.646,1775838252531.158,77.512,12.000,65.512,20.251,32937,5545,200.0,0,0,90.6
3339,reliability_dynamic_mobilenetv2,stable,features_16,1775838252535.158,1775838252619.683,84.525,20.018,63.507,20.091,32937,5545,200.0,0,0,93.8
3340,reliability_dynamic_mobilenetv2,stable,features_16,1775838252624.684,1775838252701.686,77.003,14.003,62.000,18.986,32937,5545,200.0,0,0,89.0
3341,reliability_dynamic_mobilenetv2,stable,features_16,1775838252705.687,1775838252792.198,86.511,15.512,68.999,22.401,32937,5545,200.0,0,0,85.6
3342,reliability_dynamic_mobilenetv2,stable,features_16,1775838252796.201,1775838252880.386,84.185,21.187,61.999,19.893,32937,5545,200.0,0,0,90.2
3343,reliability_dynamic_mobilenetv2,stable,features_16,1775838252884.387,1775838252957.898,73.512,11.001,61.510,19.951,32937,5545,200.0,0,0,86.2
3344,reliability_dynamic_mobilenetv2,stable,features_16,1775838252961.899,1775838253047.408,85.510,18.001,65.509,20.925,32937,5545,200.0,0,0,88.0
3345,reliability_dynamic_mobilenetv2,stable,features_16,1775838253050.408,1775838253130.917,80.509,15.003,65.506,21.231,32937,5545,200.0,0,0,80.5
3346,reliability_dynamic_mobilenetv2,stable,features_16,1775838253135.919,1775838253224.427,88.508,20.000,67.505,20.796,32937,5545,200.0,0,0,95.9
3347,reliability_dynamic_mobilenetv2,stable,features_16,1775838253228.427,1775838253327.621,99.194,18.000,80.193,22.173,32937,5545,200.0,0,0,83.0
3348,reliability_dynamic_mobilenetv2,stable,features_16,1775838253331.621,1775838253410.625,79.004,18.000,60.003,17.371,32937,5545,200.0,0,0,86.2
3349,reliability_dynamic_mobilenetv2,stable,features_16,1775838253415.134,1775838253513.643,98.509,14.000,82.510,38.164,32937,5545,200.0,0,0,84.8
3350,reliability_dynamic_mobilenetv2,stable,features_16,1775838253517.643,1775838253611.148,93.506,20.001,72.002,22.755,32937,5545,200.0,0,0,88.7
3351,reliability_dynamic_mobilenetv2,stable,features_16,1775838253616.154,1775838253702.155,86.000,17.001,67.999,22.412,32937,5545,200.0,0,0,86.5
3352,reliability_dynamic_mobilenetv2,stable,features_16,1775838253706.155,1775838253835.177,129.023,13.513,113.510,67.408,32937,5545,200.0,0,0,83.6
3353,reliability_dynamic_mobilenetv2,stable,features_16,1775838253841.176,1775838253927.688,86.512,19.000,66.514,19.958,32937,5545,200.0,0,0,83.3
3354,reliability_dynamic_mobilenetv2,stable,features_16,1775838253933.688,1775838254042.196,108.508,41.998,66.510,20.750,32937,5545,200.0,0,0,95.5
3355,reliability_dynamic_mobilenetv2,stable,features_16,1775838254046.198,1775838254133.707,87.509,17.998,68.510,22.342,32937,5545,200.0,0,0,88.9
3356,reliability_dynamic_mobilenetv2,stable,features_16,1775838254138.707,1775838254234.219,95.512,24.001,70.510,18.826,32937,5545,200.0,0,0,96.0
3357,reliability_dynamic_mobilenetv2,stable,features_16,1775838254239.218,1775838254318.730,79.512,18.002,61.510,18.982,32937,5545,200.0,0,0,90.0
3358,reliability_dynamic_mobilenetv2,stable,features_16,1775838254322.730,1775838254408.235,85.505,19.000,65.506,20.508,32937,5545,200.0,0,0,85.6
3359,reliability_dynamic_mobilenetv2,stable,features_16,1775838254411.912,1775838254498.031,86.119,18.007,67.113,21.231,32937,5545,200.0,0,0,86.5
3360,reliability_dynamic_mobilenetv2,stable,features_16,1775838254502.031,1775838254583.539,81.508,19.508,62.000,18.783,32937,5545,200.0,0,0,90.1
3361,reliability_dynamic_mobilenetv2,stable,features_16,1775838254587.539,1775838254670.050,82.511,17.005,64.505,19.528,32937,5545,200.0,0,0,94.9
3362,reliability_dynamic_mobilenetv2,stable,features_16,1775838254674.050,1775838254758.560,84.510,18.001,65.509,20.462,32937,5545,200.0,0,0,90.8
3363,reliability_dynamic_mobilenetv2,stable,features_16,1775838254762.563,1775838254855.073,92.510,22.998,68.511,22.750,32937,5545,200.0,0,0,94.9
3364,reliability_dynamic_mobilenetv2,stable,features_16,1775838254859.073,1775838254943.583,84.510,21.000,61.509,19.547,32937,5545,200.0,0,0,88.8
3365,reliability_dynamic_mobilenetv2,stable,features_16,1775838254947.583,1775838255036.092,88.508,18.000,69.509,21.841,32937,5545,200.0,0,0,88.8
3366,reliability_dynamic_mobilenetv2,stable,features_16,1775838255040.092,1775838255131.481,91.389,22.000,69.388,21.647,32937,5545,200.0,0,0,92.9
3367,reliability_dynamic_mobilenetv2,stable,features_16,1775838255137.480,1775838255223.993,86.513,20.004,64.511,19.637,32937,5545,200.0,0,0,94.0
3368,reliability_dynamic_mobilenetv2,stable,features_16,1775838255226.992,1775838255301.995,75.003,13.004,59.999,18.732,32937,5545,200.0,0,0,76.5
3369,reliability_dynamic_mobilenetv2,stable,features_16,1775838255304.996,1775838255378.503,73.507,13.508,59.999,18.928,32937,5545,200.0,0,0,77.8
3370,reliability_dynamic_mobilenetv2,stable,features_16,1775838255382.503,1775838255465.013,82.510,16.006,64.505,20.300,32937,5545,200.0,0,0,86.7
3371,reliability_dynamic_mobilenetv2,stable,features_16,1775838255469.013,1775838255547.522,78.509,11.002,66.506,20.122,32937,5545,200.0,0,0,82.5
3372,reliability_dynamic_mobilenetv2,stable,features_16,1775838255551.522,1775838255646.032,94.510,12.001,81.510,19.961,32937,5545,200.0,0,0,78.4
3373,reliability_dynamic_mobilenetv2,stable,features_16,1775838255650.034,1775838255730.547,80.513,15.000,63.512,19.224,32937,5545,200.0,0,0,93.9
3374,reliability_dynamic_mobilenetv2,stable,features_16,1775838255734.547,1775838255816.055,81.508,14.002,66.506,20.409,32937,5545,200.0,0,0,80.2
3375,reliability_dynamic_mobilenetv2,stable,features_16,1775838255820.055,1775838255910.059,90.004,16.001,72.003,25.606,32937,5545,200.0,0,0,82.5
3376,reliability_dynamic_mobilenetv2,stable,features_16,1775838255914.257,1775838255999.260,85.003,19.001,64.002,19.171,32937,5545,200.0,0,0,86.5
3377,reliability_dynamic_mobilenetv2,stable,features_16,1775838256003.260,1775838256090.768,87.509,13.508,72.999,18.516,32937,5545,200.0,0,0,78.1
3378,reliability_dynamic_mobilenetv2,stable,features_16,1775838256093.769,1775838256188.283,94.514,17.509,74.999,18.596,32937,5545,200.0,0,0,86.5
3379,reliability_dynamic_mobilenetv2,stable,features_16,1775838256191.282,1775838256272.797,81.515,17.006,63.510,19.326,32937,5545,200.0,0,0,87.7
3380,reliability_dynamic_mobilenetv2,stable,features_16,1775838256276.797,1775838256363.309,86.512,18.000,67.513,22.797,32937,5545,200.0,0,0,83.3
3381,reliability_dynamic_mobilenetv2,stable,features_16,1775838256366.309,1775838256453.817,87.508,18.000,68.508,23.136,32937,5545,200.0,0,0,85.0
3382,reliability_dynamic_mobilenetv2,stable,features_16,1775838256457.817,1775838256539.326,81.509,19.001,61.508,19.243,32937,5545,200.0,0,0,97.0
3383,reliability_dynamic_mobilenetv2,stable,features_16,1775838256543.327,1775838256616.836,73.509,12.003,60.506,18.838,32937,5545,200.0,0,0,84.4
3384,reliability_dynamic_mobilenetv2,stable,features_16,1775838256620.836,1775838256704.842,84.006,18.001,66.006,20.690,32937,5545,200.0,0,0,89.8
3385,reliability_dynamic_mobilenetv2,stable,features_16,1775838256709.842,1775838256804.355,94.513,25.510,69.003,20.613,32937,5545,200.0,0,0,89.0
3386,reliability_dynamic_mobilenetv2,stable,features_16,1775838256809.354,1775838256891.864,82.510,18.511,63.000,19.006,32937,5545,200.0,0,0,83.9
3387,reliability_dynamic_mobilenetv2,stable,features_16,1775838256895.863,1775838256969.377,73.513,12.004,61.510,18.814,32937,5545,200.0,0,0,82.7
3388,reliability_dynamic_mobilenetv2,stable,features_16,1775838256974.378,1775838257055.895,81.517,16.000,64.517,20.167,32937,5545,200.0,0,0,84.5
3389,reliability_dynamic_mobilenetv2,stable,features_16,1775838257059.895,1775838257146.406,86.510,16.001,67.508,20.298,32937,5545,200.0,0,0,92.5
3390,reliability_dynamic_mobilenetv2,stable,features_16,1775838257149.406,1775838257232.915,83.510,20.001,62.509,19.368,32937,5545,200.0,0,0,94.8
3391,reliability_dynamic_mobilenetv2,stable,features_16,1775838257237.916,1775838257318.425,80.509,17.001,62.508,19.024,32937,5545,200.0,0,0,82.5
3392,reliability_dynamic_mobilenetv2,stable,features_16,1775838257321.425,1775838257402.428,81.003,15.001,64.001,20.290,32937,5545,200.0,0,0,83.3
3393,reliability_dynamic_mobilenetv2,stable,features_16,1775838257405.428,1775838257499.940,94.511,16.509,76.003,28.708,32937,5545,200.0,0,0,90.6
3394,reliability_dynamic_mobilenetv2,stable,features_16,1775838257503.940,1775838257581.449,77.510,13.509,63.000,19.484,32937,5545,200.0,0,0,90.0
3395,reliability_dynamic_mobilenetv2,stable,features_16,1775838257585.448,1775838257680.959,95.512,19.006,75.506,21.107,32937,5545,200.0,0,0,87.6
3396,reliability_dynamic_mobilenetv2,stable,features_16,1775838257685.959,1775838257770.472,84.512,21.005,62.508,20.129,32937,5545,200.0,0,0,91.4
3397,reliability_dynamic_mobilenetv2,stable,features_16,1775838257774.473,1775838257857.985,83.512,22.001,60.511,18.618,32937,5545,200.0,0,0,94.8
3398,reliability_dynamic_mobilenetv2,stable,features_16,1775838257861.986,1775838257954.495,92.509,22.000,70.509,21.343,32937,5545,200.0,0,0,92.7
3399,reliability_dynamic_mobilenetv2,stable,features_16,1775838257959.495,1775838258047.006,87.511,21.001,64.510,19.755,32937,5545,200.0,0,0,91.7
3400,reliability_dynamic_mobilenetv2,stable,features_16,1775838258051.005,1775838258134.515,83.510,19.002,62.510,19.917,32937,5545,200.0,0,0,86.5
3401,reliability_dynamic_mobilenetv2,stable,features_16,1775838258139.515,1775838258223.025,83.510,21.000,60.508,18.807,32937,5545,200.0,0,0,95.0
3402,reliability_dynamic_mobilenetv2,stable,features_16,1775838258227.025,1775838258313.535,86.510,17.001,69.509,21.243,32937,5545,200.0,0,0,90.7
3403,reliability_dynamic_mobilenetv2,stable,features_16,1775838258317.536,1775838258399.538,82.002,17.000,63.002,19.307,32937,5545,200.0,0,0,90.9
3404,reliability_dynamic_mobilenetv2,stable,features_16,1775838258403.538,1775838258482.046,78.508,16.511,60.997,18.858,32937,5545,200.0,0,0,87.8
3405,reliability_dynamic_mobilenetv2,stable,features_16,1775838258485.048,1775838258566.556,81.508,18.008,63.500,19.758,32937,5545,200.0,0,0,97.5
3406,reliability_dynamic_mobilenetv2,stable,features_16,1775838258570.557,1775838258651.067,80.510,13.003,67.507,20.899,32937,5545,200.0,0,0,89.6
3407,reliability_dynamic_mobilenetv2,stable,features_16,1775838258655.067,1775838258763.582,108.515,17.000,90.514,22.932,32937,5545,200.0,0,0,96.5
3408,reliability_dynamic_mobilenetv2,stable,features_16,1775838258767.582,1775838258850.092,82.510,18.001,63.510,19.521,32937,5545,200.0,0,0,89.0
3409,reliability_dynamic_mobilenetv2,stable,features_16,1775838258855.092,1775838258936.602,81.510,17.002,63.508,19.675,32937,5545,200.0,0,0,91.8
3410,reliability_dynamic_mobilenetv2,stable,features_16,1775838258940.602,1775838259025.112,84.510,21.003,62.507,20.040,32937,5545,200.0,0,0,99.0
3411,reliability_dynamic_mobilenetv2,stable,features_16,1775838259030.112,1775838259115.622,85.510,19.001,64.988,20.366,32937,5545,200.0,0,0,93.8
3412,reliability_dynamic_mobilenetv2,stable,features_16,1775838259119.623,1775838259209.625,90.003,22.001,67.002,21.050,32937,5545,200.0,0,0,90.8
3413,reliability_dynamic_mobilenetv2,stable,features_16,1775838259213.133,1775838259295.134,82.000,15.000,65.999,20.375,32937,5545,200.0,0,0,79.2
3414,reliability_dynamic_mobilenetv2,stable,features_16,1775838259298.136,1775838259376.647,78.511,14.512,62.998,20.107,32937,5545,200.0,0,0,75.0
3415,reliability_dynamic_mobilenetv2,stable,features_16,1775838259380.647,1775838259456.161,75.514,14.003,60.511,18.131,32937,5545,200.0,0,0,80.0
3416,reliability_dynamic_mobilenetv2,stable,features_16,1775838259459.162,1775838259588.670,129.508,11.001,117.508,71.683,32937,5545,200.0,0,0,77.1
3417,reliability_dynamic_mobilenetv2,stable,features_16,1775838259592.671,1775838259678.182,85.511,18.006,67.506,20.738,32937,5545,200.0,0,0,76.5
3418,reliability_dynamic_mobilenetv2,stable,features_16,1775838259681.182,1775838259759.694,78.512,15.001,63.510,19.133,32937,5545,200.0,0,0,76.0
3419,reliability_dynamic_mobilenetv2,stable,features_16,1775838259763.694,1775838259841.203,77.510,13.001,63.509,19.971,32937,5545,200.0,0,0,76.2
3420,reliability_dynamic_mobilenetv2,stable,features_16,1775838259844.203,1775838259920.714,76.510,12.000,63.510,19.568,32937,5545,200.0,0,0,91.8
3421,reliability_dynamic_mobilenetv2,stable,features_16,1775838259925.714,1775838260004.716,79.001,12.002,65.999,20.676,32937,5545,200.0,0,0,84.3
3422,reliability_dynamic_mobilenetv2,stable,features_16,1775838260008.716,1775838260083.228,74.511,13.513,59.999,18.858,32937,5545,200.0,0,0,78.8
3423,reliability_dynamic_mobilenetv2,stable,features_16,1775838260086.228,1775838260173.737,87.510,12.005,75.504,18.816,32937,5545,200.0,0,0,83.3
3424,reliability_dynamic_mobilenetv2,stable,features_16,1775838260178.737,1775838260267.250,88.513,20.005,65.508,20.827,32937,5545,200.0,0,0,87.5
3425,reliability_dynamic_mobilenetv2,stable,features_16,1775838260271.251,1775838260351.762,80.511,13.999,65.512,20.084,32937,5545,200.0,0,0,84.1
3426,reliability_dynamic_mobilenetv2,stable,features_16,1775838260354.762,1775838260454.178,99.416,18.001,79.416,21.436,32937,5545,200.0,0,0,82.1
3427,reliability_dynamic_mobilenetv2,stable,features_16,1775838260457.179,1775838260559.688,102.509,18.001,81.509,20.501,32937,5545,200.0,0,0,83.0
3428,reliability_dynamic_mobilenetv2,stable,features_16,1775838260563.690,1775838260636.197,72.507,12.001,60.505,18.423,32937,5545,200.0,0,0,80.2
3429,reliability_dynamic_mobilenetv2,stable,features_16,1775838260640.197,1775838260715.706,75.509,14.001,61.508,18.550,32937,5545,200.0,0,0,89.3
3430,reliability_dynamic_mobilenetv2,stable,features_16,1775838260719.707,1775838260800.709,81.002,14.001,66.001,20.415,32937,5545,200.0,0,0,93.8
3431,reliability_dynamic_mobilenetv2,stable,features_16,1775838260803.711,1775838260890.217,86.506,17.507,67.999,20.681,32937,5545,200.0,0,0,86.5
3432,reliability_dynamic_mobilenetv2,stable,features_16,1775838260894.218,1775838260975.729,81.512,16.004,64.507,19.840,32937,5545,200.0,0,0,81.2
3433,reliability_dynamic_mobilenetv2,stable,features_16,1775838260979.729,1775838261058.240,78.510,15.001,62.510,20.431,32937,5545,200.0,0,0,87.5
3434,reliability_dynamic_mobilenetv2,stable,features_16,1775838261063.240,1775838261147.363,84.123,17.001,65.119,20.460,32937,5545,200.0,0,0,90.0
3435,reliability_dynamic_mobilenetv2,stable,features_16,1775838261151.363,1775838261238.874,87.510,20.001,66.510,21.043,32937,5545,200.0,0,0,94.9
3436,reliability_dynamic_mobilenetv2,stable,features_16,1775838261242.876,1775838261329.393,86.517,18.998,66.519,25.223,32937,5545,200.0,0,0,95.9
3437,reliability_dynamic_mobilenetv2,stable,features_16,1775838261334.392,1775838261422.902,88.510,21.006,67.504,18.875,32937,5545,200.0,0,0,83.5
3438,reliability_dynamic_mobilenetv2,stable,features_16,1775838261426.902,1775838261520.417,93.514,20.000,73.514,20.201,32937,5545,200.0,0,0,87.5
3439,reliability_dynamic_mobilenetv2,stable,features_16,1775838261524.417,1775838261608.422,84.005,17.002,65.489,19.819,32937,5545,200.0,0,0,88.5
3440,reliability_dynamic_mobilenetv2,stable,features_16,1775838261612.931,1775838261693.930,81.000,18.001,62.999,19.134,32937,5545,200.0,0,0,88.8
3441,reliability_dynamic_mobilenetv2,stable,features_16,1775838261697.935,1775838261779.444,81.509,17.510,62.999,19.697,32937,5545,200.0,0,0,94.8
3442,reliability_dynamic_mobilenetv2,stable,features_16,1775838261783.444,1775838261864.958,81.515,19.007,62.508,18.775,32937,5545,200.0,0,0,88.9
3443,reliability_dynamic_mobilenetv2,stable,features_16,1775838261868.959,1775838261960.473,91.514,30.007,60.507,18.752,32937,5545,200.0,0,0,94.8
3444,reliability_dynamic_mobilenetv2,stable,features_16,1775838261964.473,1775838262045.987,81.514,15.001,64.513,20.943,32937,5545,200.0,0,0,92.9
3445,reliability_dynamic_mobilenetv2,stable,features_16,1775838262049.987,1775838262136.498,86.511,18.000,67.510,20.599,32937,5545,200.0,0,0,87.0
3446,reliability_dynamic_mobilenetv2,stable,features_16,1775838262140.498,1775838262226.008,85.509,21.999,62.510,19.243,32937,5545,200.0,0,0,95.1
3447,reliability_dynamic_mobilenetv2,stable,features_16,1775838262230.008,1775838262313.519,83.510,21.000,61.507,19.345,32937,5545,200.0,0,0,92.9
3448,reliability_dynamic_mobilenetv2,stable,features_16,1775838262317.519,1775838262401.522,84.003,17.001,66.002,21.237,32937,5545,200.0,0,0,94.8
3449,reliability_dynamic_mobilenetv2,stable,features_16,1775838262405.522,1775838262492.033,86.511,19.511,65.999,20.513,32937,5545,200.0,0,0,91.4
3450,reliability_dynamic_mobilenetv2,stable,features_16,1775838262496.033,1775838262579.565,83.532,17.514,64.019,21.609,32937,5545,200.0,0,0,90.6
3451,reliability_dynamic_mobilenetv2,stable,features_16,1775838262583.566,1775838262671.076,87.510,21.004,64.506,21.218,32937,5545,200.0,0,0,95.9
3452,reliability_dynamic_mobilenetv2,stable,features_16,1775838262676.076,1775838262765.588,89.512,20.001,68.511,22.233,32937,5545,200.0,0,0,92.7
3453,reliability_dynamic_mobilenetv2,stable,features_16,1775838262768.590,1775838262852.098,83.508,15.999,67.509,21.454,32937,5545,200.0,0,0,92.7
3454,reliability_dynamic_mobilenetv2,stable,features_16,1775838262856.099,1775838262952.611,96.512,17.001,78.511,19.096,32937,5545,200.0,0,0,93.8
3455,reliability_dynamic_mobilenetv2,stable,features_16,1775838262956.610,1775838263040.121,83.510,17.001,65.510,20.699,32937,5545,200.0,0,0,92.1
3456,reliability_dynamic_mobilenetv2,stable,features_16,1775838263047.121,1775838263140.631,93.510,22.001,70.508,23.342,32937,5545,200.0,0,0,90.6
3457,reliability_dynamic_mobilenetv2,stable,features_16,1775838263144.630,1775838263232.140,87.510,19.001,67.509,20.497,32937,5545,200.0,0,0,91.0
3458,reliability_dynamic_mobilenetv2,stable,features_16,1775838263237.140,1775838263320.651,83.511,18.001,63.511,20.236,32937,5545,200.0,0,0,86.6
3459,reliability_dynamic_mobilenetv2,stable,features_16,1775838263323.651,1775838263408.654,85.003,13.001,68.002,21.594,32937,5545,200.0,0,0,81.2
3460,reliability_dynamic_mobilenetv2,stable,features_16,1775838263412.157,1775838263488.161,76.004,12.004,63.000,20.183,32937,5545,200.0,0,0,80.0
3461,reliability_dynamic_mobilenetv2,stable,features_16,1775838263492.161,1775838263571.671,79.510,17.005,62.505,19.690,32937,5545,200.0,0,0,74.0
3462,reliability_dynamic_mobilenetv2,stable,features_16,1775838263575.671,1775838263660.182,84.511,15.002,67.509,21.893,32937,5545,200.0,0,0,78.8
3463,reliability_dynamic_mobilenetv2,stable,features_16,1775838263664.182,1775838263744.692,80.510,13.000,65.509,21.869,32937,5545,200.0,0,0,77.9
3464,reliability_dynamic_mobilenetv2,stable,features_16,1775838263747.691,1775838263823.199,75.509,14.001,60.507,18.683,32937,5545,200.0,0,0,77.8
3465,reliability_dynamic_mobilenetv2,stable,features_16,1775838263827.200,1775838263905.204,78.005,12.004,66.001,19.655,32937,5545,200.0,0,0,75.3
3466,reliability_dynamic_mobilenetv2,stable,features_16,1775838263911.203,1775838263996.714,85.510,18.511,65.999,20.570,32937,5545,200.0,0,0,77.3
3467,reliability_dynamic_mobilenetv2,stable,features_16,1775838264000.718,1775838264080.230,79.512,12.515,64.996,20.580,32937,5545,200.0,0,0,85.4
3468,reliability_dynamic_mobilenetv2,stable,features_16,1775838264084.230,1775838264179.741,95.510,19.003,76.507,20.115,32937,5545,200.0,0,0,98.3
3469,reliability_dynamic_mobilenetv2,stable,features_16,1775838264183.741,1775838264280.253,96.512,21.005,72.507,30.920,32937,5545,200.0,0,0,89.7
3470,reliability_dynamic_mobilenetv2,stable,features_16,1775838264284.254,1775838264365.486,81.232,14.010,66.223,21.137,32937,5545,200.0,0,0,77.8
3471,reliability_dynamic_mobilenetv2,stable,features_16,1775838264368.486,1775838264469.995,101.509,12.001,87.508,20.947,32937,5545,200.0,0,0,78.4
3472,reliability_dynamic_mobilenetv2,stable,features_16,1775838264473.994,1775838264548.506,74.512,13.004,60.508,18.180,32937,5545,200.0,0,0,85.2
3473,reliability_dynamic_mobilenetv2,stable,features_16,1775838264552.507,1775838264637.015,84.509,16.999,65.509,19.472,32937,5545,200.0,0,0,88.7
3474,reliability_dynamic_mobilenetv2,stable,features_16,1775838264642.021,1775838264717.048,75.027,13.000,59.521,18.501,32937,5545,200.0,0,0,86.4
3475,reliability_dynamic_mobilenetv2,stable,features_16,1775838264721.048,1775838264823.562,102.514,12.999,89.515,34.596,32937,5545,200.0,0,0,89.4
3476,reliability_dynamic_mobilenetv2,stable,features_16,1775838264827.561,1775838264948.073,120.511,20.000,100.511,35.595,32937,5545,200.0,0,0,84.4
3477,reliability_dynamic_mobilenetv2,stable,features_16,1775838264952.072,1775838265040.589,88.518,21.002,66.516,21.840,32937,5545,200.0,0,0,87.5
3478,reliability_dynamic_mobilenetv2,stable,features_16,1775838265044.590,1775838265121.100,76.510,14.000,60.510,19.275,32937,5545,200.0,0,0,95.4
3479,reliability_dynamic_mobilenetv2,stable,features_16,1775838265136.100,1775838265224.616,88.516,21.001,66.516,18.820,32937,5545,200.0,0,0,96.0
3480,reliability_dynamic_mobilenetv2,stable,features_16,1775838265229.616,1775838265359.129,129.513,21.002,107.512,19.998,32937,5545,200.0,0,0,92.6
3481,reliability_dynamic_mobilenetv2,stable,features_16,1775838265363.129,1775838265451.644,88.515,23.001,65.513,19.741,32937,5545,200.0,0,0,94.9
3482,reliability_dynamic_mobilenetv2,stable,features_16,1775838265456.645,1775838265539.164,82.519,20.000,61.518,18.908,32937,5545,200.0,0,0,92.9
3483,reliability_dynamic_mobilenetv2,stable,features_16,1775838265543.163,1775838265627.674,84.511,18.000,66.511,18.768,32937,5545,200.0,0,0,85.0
3484,reliability_dynamic_mobilenetv2,stable,features_16,1775838265631.675,1775838265711.676,80.001,12.999,65.002,20.763,32937,5545,200.0,0,0,86.5
3485,reliability_dynamic_mobilenetv2,stable,features_16,1775838265715.186,1775838265796.182,80.996,11.999,67.997,22.626,32937,5545,200.0,0,0,81.2
3486,reliability_dynamic_mobilenetv2,stable,features_16,1775838265800.186,1775838265891.692,91.507,16.508,73.000,31.195,32937,5545,200.0,0,0,84.4
3487,reliability_dynamic_mobilenetv2,stable,features_16,1775838265894.693,1775838265984.208,89.515,12.009,76.506,20.442,32937,5545,200.0,0,0,84.4
3488,reliability_dynamic_mobilenetv2,stable,features_16,1775838265987.208,1775838266084.723,97.515,14.006,83.509,20.907,32937,5545,200.0,0,0,88.5
3489,reliability_dynamic_mobilenetv2,stable,features_16,1775838266090.721,1775838266174.235,83.514,17.006,64.506,20.118,32937,5545,200.0,0,0,94.9
3490,reliability_dynamic_mobilenetv2,stable,features_16,1775838266178.236,1775838266266.750,88.514,21.005,67.509,21.374,32937,5545,200.0,0,0,93.8
3491,reliability_dynamic_mobilenetv2,stable,features_16,1775838266271.750,1775838266359.262,87.512,18.000,69.512,21.418,32937,5545,200.0,0,0,90.9
3492,reliability_dynamic_mobilenetv2,stable,features_16,1775838266363.263,1775838266447.774,84.511,20.999,63.512,18.392,32937,5545,200.0,0,0,93.9
3493,reliability_dynamic_mobilenetv2,stable,features_16,1775838266451.775,1775838266535.288,83.513,19.000,62.512,19.499,32937,5545,200.0,0,0,97.5
3494,reliability_dynamic_mobilenetv2,stable,features_16,1775838266539.288,1775838266626.802,87.514,20.001,66.513,20.377,32937,5545,200.0,0,0,92.8
3495,reliability_dynamic_mobilenetv2,stable,features_16,1775838266630.803,1775838266715.315,84.512,16.001,67.511,20.781,32937,5545,200.0,0,0,92.7
3496,reliability_dynamic_mobilenetv2,stable,features_16,1775838266720.315,1775838266806.319,86.004,20.000,64.003,19.429,32937,5545,200.0,0,0,94.9
3497,reliability_dynamic_mobilenetv2,stable,features_16,1775838266810.319,1775838266891.834,81.515,16.520,63.996,19.454,32937,5545,200.0,0,0,95.0
3498,reliability_dynamic_mobilenetv2,stable,features_16,1775838266895.834,1775838266977.356,81.521,15.009,65.513,20.124,32937,5545,200.0,0,0,92.9
3499,reliability_dynamic_mobilenetv2,stable,features_16,1775838266981.356,1775838267070.866,89.510,22.006,65.505,20.448,32937,5545,200.0,0,0,94.8
3500,reliability_dynamic_mobilenetv2,stable,features_16,1775838267074.867,1775838267159.377,84.510,20.000,61.510,18.914,32937,5545,200.0,0,0,91.6
3501,reliability_dynamic_mobilenetv2,stable,features_16,1775838267163.378,1775838267250.887,87.510,21.001,64.510,19.293,32937,5545,200.0,0,0,94.8
3502,reliability_dynamic_mobilenetv2,stable,features_16,1775838267254.887,1775838267344.397,89.510,20.000,67.509,20.355,32937,5545,200.0,0,0,91.8
3503,reliability_dynamic_mobilenetv2,stable,features_16,1775838267348.397,1775838267437.908,89.511,23.001,66.510,20.886,32937,5545,200.0,0,0,89.9
3504,reliability_dynamic_mobilenetv2,stable,features_16,1775838267441.907,1775838267520.417,78.510,15.002,61.508,19.503,32937,5545,200.0,0,0,80.0
3505,reliability_dynamic_mobilenetv2,stable,features_16,1775838267524.417,1775838267602.420,78.003,15.001,62.002,19.670,32937,5545,200.0,0,0,82.3
3506,reliability_dynamic_mobilenetv2,stable,features_16,1775838267606.420,1775838267686.933,80.513,18.514,61.000,18.187,32937,5545,200.0,0,0,92.9
3507,reliability_dynamic_mobilenetv2,stable,features_16,1775838267689.938,1775838267773.446,83.508,18.000,65.508,20.913,32937,5545,200.0,0,0,84.8
3508,reliability_dynamic_mobilenetv2,stable,features_16,1775838267777.449,1775838267864.959,87.510,13.998,72.513,19.888,32937,5545,200.0,0,0,92.7
3509,reliability_dynamic_mobilenetv2,stable,features_16,1775838267867.959,1775838267952.469,84.510,20.001,62.510,19.806,32937,5545,200.0,0,0,88.8
3510,reliability_dynamic_mobilenetv2,stable,features_16,1775838267956.469,1775838268036.980,80.510,16.001,64.510,20.826,32937,5545,200.0,0,0,91.6
3511,reliability_dynamic_mobilenetv2,stable,features_16,1775838268040.980,1775838268122.489,81.509,16.002,64.508,21.536,32937,5545,200.0,0,0,86.5
3512,reliability_dynamic_mobilenetv2,stable,features_16,1775838268126.489,1775838268218.001,91.512,17.000,74.512,28.324,32937,5545,200.0,0,0,94.0
3513,reliability_dynamic_mobilenetv2,stable,features_16,1775838268223.002,1775838268328.514,105.513,17.000,86.512,41.012,32937,5545,200.0,0,0,91.2
3514,reliability_dynamic_mobilenetv2,stable,features_16,1775838268332.514,1775838268417.028,84.514,21.001,62.513,19.129,32937,5545,200.0,0,0,92.8
3515,reliability_dynamic_mobilenetv2,stable,features_16,1775838268421.028,1775838268506.033,85.005,21.000,63.005,21.053,32937,5545,200.0,0,0,89.2
3516,reliability_dynamic_mobilenetv2,stable,features_16,1775838268511.033,1775838268599.551,88.518,18.514,69.004,20.315,32937,5545,200.0,0,0,92.7
3517,reliability_dynamic_mobilenetv2,stable,features_16,1775838268604.550,1775838268699.071,94.521,25.517,67.000,20.806,32937,5545,200.0,0,0,99.1
3518,reliability_dynamic_mobilenetv2,stable,features_16,1775838268706.070,1775838268804.587,98.517,33.512,63.003,19.815,32937,5545,200.0,0,0,96.0
3519,reliability_dynamic_mobilenetv2,stable,features_16,1775838268808.587,1775838268899.102,90.515,27.512,60.999,18.848,32937,5545,200.0,0,0,93.9
3520,reliability_dynamic_mobilenetv2,stable,features_16,1775838268903.102,1775838268994.611,91.510,22.510,68.999,22.026,32937,5545,200.0,0,0,96.9
3521,reliability_dynamic_mobilenetv2,stable,features_16,1775838268998.615,1775838269101.128,102.513,20.510,82.003,22.742,32937,5545,200.0,0,0,94.1
3522,reliability_dynamic_mobilenetv2,stable,features_16,1775838269106.127,1775838269202.638,96.511,22.509,72.003,21.656,32937,5545,200.0,0,0,98.3
3523,reliability_dynamic_mobilenetv2,stable,features_16,1775838269206.640,1775838269302.158,95.518,26.517,69.001,21.628,32937,5545,200.0,0,0,97.9
3524,reliability_dynamic_mobilenetv2,stable,features_16,1775838269308.158,1775838269401.672,93.514,29.512,62.002,19.560,32937,5545,200.0,0,0,92.2
3525,reliability_dynamic_mobilenetv2,stable,features_16,1775838269405.674,1775838269480.182,74.508,14.510,59.998,18.821,32937,5545,200.0,0,0,85.0
3526,reliability_dynamic_mobilenetv2,stable,features_16,1775838269484.182,1775838269565.693,81.511,15.005,65.507,21.031,32937,5545,200.0,0,0,83.8
3527,reliability_dynamic_mobilenetv2,stable,features_16,1775838269569.694,1775838269651.202,81.508,14.000,66.508,20.603,32937,5545,200.0,0,0,84.4
3528,reliability_dynamic_mobilenetv2,stable,features_16,1775838269654.203,1775838269729.712,75.508,13.003,61.506,20.109,32937,5545,200.0,0,0,82.5
3529,reliability_dynamic_mobilenetv2,stable,features_16,1775838269733.712,1775838269809.714,76.002,13.002,60.998,19.643,32937,5545,200.0,0,0,84.0
3530,reliability_dynamic_mobilenetv2,stable,features_16,1775838269813.219,1775838269893.223,80.004,13.005,65.999,20.833,32937,5545,200.0,0,0,90.0
3531,reliability_dynamic_mobilenetv2,stable,features_16,1775838269897.225,1775838269974.737,77.511,12.006,63.506,19.938,32937,5545,200.0,0,0,86.2
3532,reliability_dynamic_mobilenetv2,stable,features_16,1775838269977.737,1775838270058.247,80.510,19.001,60.509,19.683,32937,5545,200.0,0,0,85.3
3533,reliability_dynamic_mobilenetv2,stable,features_16,1775838270061.247,1775838270136.761,75.515,13.001,60.514,18.896,32937,5545,200.0,0,0,89.2
3534,reliability_dynamic_mobilenetv2,stable,features_16,1775838270140.761,1775838270233.275,92.513,17.001,74.512,21.665,32937,5545,200.0,0,0,98.0
3535,reliability_dynamic_mobilenetv2,stable,features_16,1775838270237.275,1775838270322.787,85.512,18.000,66.512,20.819,32937,5545,200.0,0,0,86.6
3536,reliability_dynamic_mobilenetv2,stable,features_16,1775838270326.787,1775838270414.308,87.521,19.001,68.520,23.786,32937,5545,200.0,0,0,98.0
3537,reliability_dynamic_mobilenetv2,stable,features_16,1775838270419.306,1775838270511.311,92.005,28.003,63.001,19.035,32937,5545,200.0,0,0,95.0
3538,reliability_dynamic_mobilenetv2,stable,features_16,1775838270516.819,1775838270603.823,87.004,24.000,62.004,18.852,32937,5545,200.0,0,0,90.7
3539,reliability_dynamic_mobilenetv2,stable,features_16,1775838270607.823,1775838270693.335,85.512,22.511,61.000,18.677,32937,5545,200.0,0,0,91.6
3540,reliability_dynamic_mobilenetv2,stable,features_16,1775838270697.334,1775838270782.850,85.516,19.520,64.997,20.507,32937,5545,200.0,0,0,93.8
3541,reliability_dynamic_mobilenetv2,stable,features_16,1775838270787.851,1775838270876.367,88.516,21.006,66.510,20.933,32937,5545,200.0,0,0,93.0
3542,reliability_dynamic_mobilenetv2,stable,features_16,1775838270881.367,1775838270967.879,86.511,20.006,65.506,19.829,32937,5545,200.0,0,0,81.1
3543,reliability_dynamic_mobilenetv2,stable,features_16,1775838270970.880,1775838271116.763,145.883,12.000,132.879,20.303,32937,5545,200.0,0,0,75.3
3544,reliability_dynamic_mobilenetv2,stable,features_16,1775838271120.763,1775838271199.765,79.002,12.003,64.999,20.358,32937,5545,200.0,0,0,86.6
3545,reliability_dynamic_mobilenetv2,stable,features_16,1775838271202.768,1775838271301.276,98.508,17.506,80.002,20.413,32937,5545,200.0,0,0,78.1
3546,reliability_dynamic_mobilenetv2,stable,features_16,1775838271305.276,1775838271379.785,74.509,11.511,61.998,19.258,32937,5545,200.0,0,0,77.5
3547,reliability_dynamic_mobilenetv2,stable,features_16,1775838271382.785,1775838271458.292,75.508,13.000,61.508,20.357,32937,5545,200.0,0,0,76.2
3548,reliability_dynamic_mobilenetv2,stable,features_16,1775838271461.293,1775838271539.801,78.508,13.001,64.508,20.499,32937,5545,200.0,0,0,83.9
3549,reliability_dynamic_mobilenetv2,stable,features_16,1775838271542.802,1775838271624.311,81.509,12.001,69.509,21.266,32937,5545,200.0,0,0,75.0
3550,reliability_dynamic_mobilenetv2,stable,features_16,1775838271628.311,1775838271703.313,75.002,12.003,61.000,18.929,32937,5545,200.0,0,0,81.2
3551,reliability_dynamic_mobilenetv2,stable,features_16,1775838271706.313,1775838271781.820,75.507,12.510,60.996,18.974,32937,5545,200.0,0,0,80.0
3552,reliability_dynamic_mobilenetv2,stable,features_16,1775838271784.821,1775838271862.332,77.511,11.001,65.511,20.341,32937,5545,200.0,0,0,78.8
3553,reliability_dynamic_mobilenetv2,stable,features_16,1775838271865.335,1775838271944.841,79.506,12.000,66.506,21.095,32937,5545,200.0,0,0,77.5
3554,reliability_dynamic_mobilenetv2,stable,features_16,1775838271947.841,1775838272029.349,81.509,14.001,66.508,20.832,32937,5545,200.0,0,0,78.1
3555,reliability_dynamic_mobilenetv2,stable,features_16,1775838272032.350,1775838272107.352,75.002,11.001,64.002,19.277,32937,5545,200.0,0,0,77.5
3556,reliability_dynamic_mobilenetv2,stable,features_16,1775838272111.352,1775838272185.863,74.510,11.513,60.997,19.103,32937,5545,200.0,0,0,84.0
3557,reliability_dynamic_mobilenetv2,stable,features_16,1775838272189.864,1775838272273.374,83.510,18.004,64.506,20.322,32937,5545,200.0,0,0,88.9
3558,reliability_dynamic_mobilenetv2,stable,features_16,1775838272277.374,1775838272363.884,86.510,19.000,66.509,20.599,32937,5545,200.0,0,0,89.6
3559,reliability_dynamic_mobilenetv2,stable,features_16,1775838272366.885,1775838272452.733,85.849,16.343,68.508,21.557,32937,5545,200.0,0,0,96.0
3560,reliability_dynamic_mobilenetv2,stable,features_16,1775838272456.734,1775838272541.751,85.017,20.001,64.017,20.394,32937,5545,200.0,0,0,91.7
3561,reliability_dynamic_mobilenetv2,stable,features_16,1775838272545.751,1775838272621.771,76.020,11.513,62.508,19.784,32937,5545,200.0,0,0,86.4
3562,reliability_dynamic_mobilenetv2,stable,features_16,1775838272625.771,1775838272704.774,79.003,12.003,66.000,20.506,32937,5545,200.0,0,0,83.5
3563,reliability_dynamic_mobilenetv2,stable,features_16,1775838272709.774,1775838272794.283,84.509,17.510,65.999,21.129,32937,5545,200.0,0,0,82.5
3564,reliability_dynamic_mobilenetv2,stable,features_16,1775838272797.283,1775838272874.798,77.515,13.005,62.509,20.260,32937,5545,200.0,0,0,82.5
3565,reliability_dynamic_mobilenetv2,stable,features_16,1775838272877.798,1775838272960.308,82.510,18.000,64.509,21.897,32937,5545,200.0,0,0,86.6
3566,reliability_dynamic_mobilenetv2,stable,features_16,1775838272964.308,1775838273043.818,79.510,13.001,65.510,20.646,32937,5545,200.0,0,0,85.6
3567,reliability_dynamic_mobilenetv2,stable,features_16,1775838273047.818,1775838273131.105,83.287,15.000,68.287,20.705,32937,5545,200.0,0,0,82.5
3568,reliability_dynamic_mobilenetv2,stable,features_16,1775838273135.104,1775838273216.613,81.510,20.004,59.508,18.137,32937,5545,200.0,0,0,92.7
3569,reliability_dynamic_mobilenetv2,stable,features_16,1775838273220.614,1775838273296.613,76.000,14.001,59.999,18.715,32937,5545,200.0,0,0,82.5
3570,reliability_dynamic_mobilenetv2,stable,features_16,1775838273299.617,1775838273382.129,82.512,17.513,63.999,18.984,32937,5545,200.0,0,0,81.2
3571,reliability_dynamic_mobilenetv2,stable,features_16,1775838273385.129,1775838273466.639,81.509,20.005,59.505,19.245,32937,5545,200.0,0,0,88.5
3572,reliability_dynamic_mobilenetv2,stable,features_16,1775838273470.639,1775838273554.148,83.509,14.001,67.508,19.940,32937,5545,200.0,0,0,83.8
3573,reliability_dynamic_mobilenetv2,stable,features_16,1775838273557.151,1775838273641.657,84.506,17.998,66.508,21.397,32937,5545,200.0,0,0,83.7
3574,reliability_dynamic_mobilenetv2,stable,features_16,1775838273646.657,1775838273725.169,78.512,16.001,60.510,18.974,32937,5545,200.0,0,0,90.1
3575,reliability_dynamic_mobilenetv2,stable,features_16,1775838273729.168,1775838273810.171,81.003,15.000,64.002,19.514,32937,5545,200.0,0,0,87.1
3576,reliability_dynamic_mobilenetv2,stable,features_16,1775838273814.674,1775838273898.677,84.004,14.005,68.000,20.534,32937,5545,200.0,0,0,80.6
3577,reliability_dynamic_mobilenetv2,stable,features_16,1775838273902.681,1775838273992.189,89.509,19.511,68.998,22.091,32937,5545,200.0,0,0,86.4
3578,reliability_dynamic_mobilenetv2,stable,features_16,1775838273996.190,1775838274082.703,86.513,20.514,64.999,20.420,32937,5545,200.0,0,0,88.7
3579,reliability_dynamic_mobilenetv2,stable,features_16,1775838274086.703,1775838274165.215,78.511,16.005,61.506,18.437,32937,5545,200.0,0,0,86.7
3580,reliability_dynamic_mobilenetv2,stable,features_16,1775838274169.215,1775838274251.725,82.510,16.001,65.509,20.500,32937,5545,200.0,0,0,88.8
3581,reliability_dynamic_mobilenetv2,stable,features_16,1775838274255.725,1775838274332.233,76.509,12.001,64.508,20.094,32937,5545,200.0,0,0,87.5
3582,reliability_dynamic_mobilenetv2,stable,features_16,1775838274336.234,1775838274417.961,81.726,18.000,62.727,19.515,32937,5545,200.0,0,0,86.7
3583,reliability_dynamic_mobilenetv2,stable,features_16,1775838274421.961,1775838274502.963,81.002,19.001,62.001,19.084,32937,5545,200.0,0,0,91.7
3584,reliability_dynamic_mobilenetv2,stable,features_16,1775838274506.963,1775838274592.472,85.509,13.512,71.997,20.916,32937,5545,200.0,0,0,81.2
3585,reliability_dynamic_mobilenetv2,stable,features_16,1775838274596.472,1775838274675.985,79.512,13.007,66.506,20.883,32937,5545,200.0,0,0,77.5
3586,reliability_dynamic_mobilenetv2,stable,features_16,1775838274679.985,1775838274758.497,78.511,11.003,66.508,21.513,32937,5545,200.0,0,0,80.0
3587,reliability_dynamic_mobilenetv2,stable,features_16,1775838274762.497,1775838274863.005,100.508,12.003,87.506,21.152,32937,5545,200.0,0,0,75.3
3588,reliability_dynamic_mobilenetv2,stable,features_16,1775838274866.005,1775838274941.514,75.509,12.001,63.508,20.252,32937,5545,200.0,0,0,76.2
3589,reliability_dynamic_mobilenetv2,stable,features_16,1775838274944.516,1775838275026.025,81.509,16.999,63.510,18.588,32937,5545,200.0,0,0,80.0
3590,reliability_dynamic_mobilenetv2,stable,features_16,1775838275031.025,1775838275111.028,80.002,12.002,66.002,20.621,32937,5545,200.0,0,0,75.3
3591,reliability_dynamic_mobilenetv2,stable,features_16,1775838275114.530,1775838275190.534,76.004,11.007,64.997,20.250,32937,5545,200.0,0,0,84.1
3592,reliability_dynamic_mobilenetv2,stable,features_16,1775838275196.534,1775838275277.057,80.523,14.013,65.508,23.778,32937,5545,200.0,0,0,90.6
3593,reliability_dynamic_mobilenetv2,stable,features_16,1775838275281.056,1775838275362.568,81.512,19.006,61.506,19.187,32937,5545,200.0,0,0,92.5
3594,reliability_dynamic_mobilenetv2,stable,features_16,1775838275366.570,1775838275451.915,85.345,18.999,66.346,21.423,32937,5545,200.0,0,0,92.7
3595,reliability_dynamic_mobilenetv2,stable,features_16,1775838275457.023,1775838275540.540,83.517,17.003,65.514,20.428,32937,5545,200.0,0,0,90.6
3596,reliability_dynamic_mobilenetv2,stable,features_16,1775838275544.539,1775838275625.050,80.510,16.000,63.510,19.588,32937,5545,200.0,0,0,88.8
3597,reliability_dynamic_mobilenetv2,stable,features_16,1775838275629.050,1775838275708.052,79.002,16.002,61.002,18.116,32937,5545,200.0,0,0,92.6
3598,reliability_dynamic_mobilenetv2,stable,features_16,1775838275711.053,1775838275790.565,79.512,12.512,65.000,20.264,32937,5545,200.0,0,0,87.5
3599,reliability_dynamic_mobilenetv2,stable,features_16,1775838275794.565,1775838275878.076,83.510,16.005,67.505,20.061,32937,5545,200.0,0,0,88.8
3600,reliability_dynamic_mobilenetv2,stable,features_16,1775838275881.078,1775838275957.585,76.507,14.000,60.509,19.108,32937,5545,200.0,0,0,85.0
3601,reliability_dynamic_mobilenetv2,stable,features_16,1775838275961.585,1775838276040.609,79.024,16.003,63.021,20.001,32937,5545,200.0,0,0,91.8
3602,reliability_dynamic_mobilenetv2,stable,features_16,1775838276044.609,1775838276129.122,84.513,21.000,62.513,19.506,32937,5545,200.0,0,0,87.8
3603,reliability_dynamic_mobilenetv2,stable,features_16,1775838276133.123,1775838276226.635,93.512,30.000,62.512,19.549,32937,5545,200.0,0,0,99.2
3604,reliability_dynamic_mobilenetv2,stable,features_16,1775838276231.636,1775838276324.146,92.510,28.000,64.511,19.015,32937,5545,200.0,0,0,99.0
3605,reliability_dynamic_mobilenetv2,stable,features_16,1775838276329.146,1775838276424.665,95.519,27.000,67.520,21.136,32937,5545,200.0,0,0,95.9
3606,reliability_dynamic_mobilenetv2,stable,features_16,1775838276429.665,1775838276519.176,89.511,24.999,63.512,20.549,32937,5545,200.0,0,0,91.7
3607,reliability_dynamic_mobilenetv2,stable,features_16,1775838276524.173,1775838276623.998,99.824,20.000,78.825,35.472,32937,5545,200.0,0,0,89.3
3608,reliability_dynamic_mobilenetv2,stable,features_16,1775838276628.000,1775838276713.001,85.001,18.000,66.002,19.863,32937,5545,200.0,0,0,91.7
3609,reliability_dynamic_mobilenetv2,stable,features_16,1775838276717.508,1775838276875.019,157.511,20.003,136.508,90.646,32937,5545,200.0,0,0,92.0
3610,reliability_dynamic_mobilenetv2,stable,features_16,1775838276880.019,1775838276978.533,98.514,30.010,67.505,20.223,32937,5545,200.0,0,0,92.5
3611,reliability_dynamic_mobilenetv2,stable,features_16,1775838276981.534,1775838277064.048,82.514,16.003,65.509,22.935,32937,5545,200.0,0,0,89.3
3612,reliability_dynamic_mobilenetv2,stable,features_16,1775838277068.049,1775838277156.559,88.510,20.000,68.510,20.661,32937,5545,200.0,0,0,95.0
3613,reliability_dynamic_mobilenetv2,stable,features_16,1775838277160.559,1775838277251.072,90.513,20.006,69.509,22.500,32937,5545,200.0,0,0,95.9
3614,reliability_dynamic_mobilenetv2,stable,features_16,1775838277256.073,1775838277340.585,84.511,22.000,60.511,18.781,32937,5545,200.0,0,0,94.8
3615,reliability_dynamic_mobilenetv2,stable,features_16,1775838277344.595,1775838277434.750,90.156,25.989,62.166,19.096,32937,5545,200.0,0,0,94.8
3616,reliability_dynamic_mobilenetv2,stable,features_16,1775838277440.750,1775838277540.260,99.510,22.003,76.507,29.263,32937,5545,200.0,0,0,100.0
3617,reliability_dynamic_mobilenetv2,stable,features_16,1775838277544.260,1775838277640.776,96.516,23.003,72.513,21.527,32937,5545,200.0,0,0,96.9
3618,reliability_dynamic_mobilenetv2,stable,features_16,1775838277644.776,1775838277739.289,94.513,25.000,68.512,22.789,32937,5545,200.0,0,0,96.9
3619,reliability_dynamic_mobilenetv2,stable,features_16,1775838277744.289,1775838277834.804,90.515,24.001,65.513,21.335,32937,5545,200.0,0,0,98.0
3620,reliability_dynamic_mobilenetv2,stable,features_16,1775838277839.803,1775838277930.319,90.516,26.000,63.516,19.771,32937,5545,200.0,0,0,98.3
3621,reliability_dynamic_mobilenetv2,stable,features_16,1775838277934.319,1775838278026.831,92.513,28.998,61.512,19.144,32937,5545,200.0,0,0,97.0
3622,reliability_dynamic_mobilenetv2,stable,features_16,1775838278053.834,1775838278152.346,98.512,31.998,65.515,19.305,32937,5545,200.0,0,0,96.2
3623,reliability_dynamic_mobilenetv2,stable,features_16,1775838278157.346,1775838278259.865,102.518,31.000,71.518,21.135,32937,5545,200.0,0,0,98.3
3624,reliability_dynamic_mobilenetv2,stable,features_16,1775838278264.865,1775838278358.376,93.511,28.001,64.511,21.654,32937,5545,200.0,0,0,97.0
3625,reliability_dynamic_mobilenetv2,stable,features_16,1775838278364.377,1775838278453.893,89.515,25.998,61.516,18.542,32937,5545,200.0,0,0,98.0
3626,reliability_dynamic_mobilenetv2,stable,features_16,1775838278457.894,1775838278555.405,97.511,25.000,70.513,22.131,32937,5545,200.0,0,0,97.4
3627,reliability_dynamic_mobilenetv2,stable,features_16,1775838278559.405,1775838278652.918,93.513,25.000,67.514,20.442,32937,5545,200.0,0,0,93.8
3628,reliability_dynamic_mobilenetv2,stable,features_16,1775838278657.918,1775838278750.386,92.469,24.000,67.468,20.261,32937,5545,200.0,0,0,98.0
3629,reliability_dynamic_mobilenetv2,stable,features_16,1775838278754.386,1775838278837.902,83.515,22.000,60.516,19.094,32937,5545,200.0,0,0,91.8
3630,reliability_dynamic_mobilenetv2,stable,features_16,1775838278842.903,1775838278940.123,97.220,23.999,72.221,25.275,32937,5545,200.0,0,0,95.9
3631,reliability_dynamic_mobilenetv2,stable,features_16,1775838278944.124,1775838279024.636,80.512,16.000,64.512,19.982,32937,5545,200.0,0,0,92.9
3632,reliability_dynamic_mobilenetv2,stable,features_16,1775838279028.637,1775838279112.641,84.004,21.000,62.004,18.900,32937,5545,200.0,0,0,86.4
3633,reliability_dynamic_mobilenetv2,stable,features_16,1775838279116.148,1775838279194.149,78.001,15.001,62.000,18.563,32937,5545,200.0,0,0,85.2
3634,reliability_dynamic_mobilenetv2,stable,features_16,1775838279200.149,1775838279278.664,78.515,15.511,60.000,18.446,32937,5545,200.0,0,0,87.6
3635,reliability_dynamic_mobilenetv2,stable,features_16,1775838279282.666,1775838279360.177,77.511,16.000,60.512,18.402,32937,5545,200.0,0,0,86.2
3636,reliability_dynamic_mobilenetv2,stable,features_16,1775838279364.177,1775838279461.693,97.516,30.000,65.516,21.420,32937,5545,200.0,0,0,94.7
3637,reliability_dynamic_mobilenetv2,stable,features_16,1775838279465.693,1775838279570.213,104.520,17.999,85.521,34.781,32937,5545,200.0,0,0,98.3
3638,reliability_dynamic_mobilenetv2,stable,features_16,1775838279574.213,1775838279657.733,83.520,20.000,62.520,19.505,32937,5545,200.0,0,0,86.4
3639,reliability_dynamic_mobilenetv2,stable,features_16,1775838279661.732,1775838279740.247,78.514,14.000,62.514,19.234,32937,5545,200.0,0,0,85.0
3640,reliability_dynamic_mobilenetv2,stable,features_16,1775838279744.247,1775838279824.759,80.512,12.000,67.512,22.151,32937,5545,200.0,0,0,88.8
3641,reliability_dynamic_mobilenetv2,stable,features_16,1775838279827.761,1775838279911.761,84.000,12.999,71.002,19.704,32937,5545,200.0,0,0,85.0
3642,reliability_dynamic_mobilenetv2,stable,features_16,1775838279915.762,1775838279995.451,79.689,17.690,61.999,18.969,32937,5545,200.0,0,0,86.5
3643,reliability_dynamic_mobilenetv2,stable,features_16,1775838279999.451,1775838280082.970,83.520,18.522,63.998,19.501,32937,5545,200.0,0,0,91.4
3644,reliability_dynamic_mobilenetv2,stable,features_16,1775838280086.971,1775838280175.484,88.513,20.009,67.504,22.760,32937,5545,200.0,0,0,93.9
3645,reliability_dynamic_mobilenetv2,stable,features_16,1775838280179.483,1775838280267.206,87.722,20.011,67.711,21.033,32937,5545,200.0,0,0,97.1
3646,reliability_dynamic_mobilenetv2,stable,features_16,1775838280271.206,1775838280358.720,87.514,16.001,69.514,19.058,32937,5545,200.0,0,0,89.7
3647,reliability_dynamic_mobilenetv2,stable,features_16,1775838280362.718,1775838280442.227,79.509,19.000,59.509,18.173,32937,5545,200.0,0,0,86.2
3648,reliability_dynamic_mobilenetv2,stable,features_16,1775838280446.227,1775838280529.742,83.516,19.001,64.514,19.562,32937,5545,200.0,0,0,85.6
3649,reliability_dynamic_mobilenetv2,stable,features_16,1775838280533.745,1775838280618.251,84.506,15.998,66.509,20.195,32937,5545,200.0,0,0,86.6
3650,reliability_dynamic_mobilenetv2,stable,features_16,1775838280621.251,1775838280706.257,85.006,18.002,64.006,20.203,32937,5545,200.0,0,0,85.0
3651,reliability_dynamic_mobilenetv2,stable,features_16,1775838280710.257,1775838280797.765,87.508,20.511,66.000,20.960,32937,5545,200.0,0,0,83.5
3652,reliability_dynamic_mobilenetv2,stable,features_16,1775838280801.770,1775838280877.280,75.510,13.002,61.509,18.676,32937,5545,200.0,0,0,86.2
3653,reliability_dynamic_mobilenetv2,stable,features_16,1775838280880.280,1775838280966.790,86.510,15.001,71.508,19.706,32937,5545,200.0,0,0,87.5
3654,reliability_dynamic_mobilenetv2,stable,features_16,1775838280970.790,1775838281058.305,87.516,19.003,65.508,20.486,32937,5545,200.0,0,0,86.5
3655,reliability_dynamic_mobilenetv2,stable,features_16,1775838281062.302,1775838281147.811,85.510,17.001,67.508,20.965,32937,5545,200.0,0,0,96.4
3656,reliability_dynamic_mobilenetv2,stable,features_16,1775838281151.812,1775838281249.206,97.394,27.000,70.393,19.677,32937,5545,200.0,0,0,97.4
3657,reliability_dynamic_mobilenetv2,stable,features_16,1775838281254.207,1775838281355.717,101.510,21.000,79.509,19.889,32937,5545,200.0,0,0,95.7
3658,reliability_dynamic_mobilenetv2,stable,features_16,1775838281360.716,1775838281444.230,83.514,15.001,66.513,21.411,32937,5545,200.0,0,0,93.8
3659,reliability_dynamic_mobilenetv2,stable,features_16,1775838281448.230,1775838281539.740,91.510,22.001,68.511,21.234,32937,5545,200.0,0,0,98.3
3660,reliability_dynamic_mobilenetv2,stable,features_16,1775838281543.740,1775838281625.253,81.514,19.001,60.512,18.823,32937,5545,200.0,0,0,91.2
3661,reliability_dynamic_mobilenetv2,stable,features_16,1775838281629.253,1775838281711.256,82.002,17.002,63.533,20.268,32937,5545,200.0,0,0,87.8
3662,reliability_dynamic_mobilenetv2,stable,features_16,1775838281715.256,1775838281798.765,83.509,17.510,64.999,20.310,32937,5545,200.0,0,0,92.7
3663,reliability_dynamic_mobilenetv2,stable,features_16,1775838281802.768,1775838281884.287,81.519,14.525,65.995,19.898,32937,5545,200.0,0,0,87.5
3664,reliability_dynamic_mobilenetv2,stable,features_16,1775838281888.287,1775838281966.798,78.511,14.008,62.502,19.814,32937,5545,200.0,0,0,88.9
3665,reliability_dynamic_mobilenetv2,stable,features_16,1775838281970.798,1775838282046.307,75.509,13.003,61.506,19.256,32937,5545,200.0,0,0,81.2
3666,reliability_dynamic_mobilenetv2,stable,features_16,1775838282049.307,1775838282123.816,74.509,15.000,59.508,18.517,32937,5545,200.0,0,0,84.1
3667,reliability_dynamic_mobilenetv2,stable,features_16,1775838282127.816,1775838282212.819,85.004,22.001,63.003,18.360,32937,5545,200.0,0,0,90.7
3668,reliability_dynamic_mobilenetv2,stable,features_16,1775838282217.327,1775838282308.330,91.003,17.001,72.002,20.460,32937,5545,200.0,0,0,87.5
3669,reliability_dynamic_mobilenetv2,stable,features_16,1775838282312.330,1775838282395.839,83.509,16.509,66.000,20.254,32937,5545,200.0,0,0,86.4
3670,reliability_dynamic_mobilenetv2,stable,features_16,1775838282398.839,1775838282475.351,76.511,16.005,60.506,19.027,32937,5545,200.0,0,0,88.9
3671,reliability_dynamic_mobilenetv2,stable,features_16,1775838282480.351,1775838282618.388,138.037,14.003,123.034,81.997,32937,5545,200.0,0,0,89.4
3672,reliability_dynamic_mobilenetv2,stable,features_16,1775838282622.388,1775838282703.391,81.003,15.002,66.001,20.041,32937,5545,200.0,0,0,87.7
3673,reliability_dynamic_mobilenetv2,stable,features_16,1775838282707.391,1775838282786.898,79.507,13.509,64.999,20.135,32937,5545,200.0,0,0,86.4
3674,reliability_dynamic_mobilenetv2,stable,features_16,1775838282789.899,1775838282883.411,93.512,14.006,78.507,18.934,32937,5545,200.0,0,0,86.6
3675,reliability_dynamic_mobilenetv2,stable,features_16,1775838282887.411,1775838282961.926,74.515,12.002,61.513,18.738,32937,5545,200.0,0,0,88.8
3676,reliability_dynamic_mobilenetv2,stable,features_16,1775838282966.926,1775838283052.434,85.508,17.000,66.509,20.984,32937,5545,200.0,0,0,88.8
3677,reliability_dynamic_mobilenetv2,stable,features_16,1775838283056.435,1775838283143.944,87.509,19.001,66.509,20.867,32937,5545,200.0,0,0,92.2
3678,reliability_dynamic_mobilenetv2,stable,features_16,1775838283148.944,1775838283234.456,85.512,19.001,65.510,20.079,32937,5545,200.0,0,0,98.0
3679,reliability_dynamic_mobilenetv2,stable,features_16,1775838283238.456,1775838283334.966,96.510,22.000,74.509,21.317,32937,5545,200.0,0,0,95.9
3680,reliability_dynamic_mobilenetv2,stable,features_16,1775838283338.965,1775838283424.475,85.510,16.001,68.508,20.862,32937,5545,200.0,0,0,89.6
3681,reliability_dynamic_mobilenetv2,stable,features_16,1775838283428.475,1775838283514.478,86.003,18.000,66.003,21.419,32937,5545,200.0,0,0,93.8
3682,reliability_dynamic_mobilenetv2,stable,features_16,1775838283518.866,1775838283606.870,88.004,20.001,66.001,21.554,32937,5545,200.0,0,0,90.9
3683,reliability_dynamic_mobilenetv2,stable,features_16,1775838283610.870,1775838283699.382,88.511,20.512,67.000,21.120,32937,5545,200.0,0,0,90.7
3684,reliability_dynamic_mobilenetv2,stable,features_16,1775838283704.385,1775838283790.894,86.508,22.512,62.999,19.454,32937,5545,200.0,0,0,89.8
3685,reliability_dynamic_mobilenetv2,stable,features_16,1775838283794.894,1775838283880.408,85.514,20.006,63.004,20.067,32937,5545,200.0,0,0,86.4
3686,reliability_dynamic_mobilenetv2,stable,features_16,1775838283884.410,1775838283971.918,87.508,21.002,66.506,20.280,32937,5545,200.0,0,0,90.6
3687,reliability_dynamic_mobilenetv2,stable,features_16,1775838283975.918,1775838284051.677,75.759,12.000,62.759,20.025,32937,5545,200.0,0,0,75.3
3688,reliability_dynamic_mobilenetv2,stable,features_16,1775838284054.677,1775838284130.186,75.509,13.001,61.508,18.936,32937,5545,200.0,0,0,81.7
3689,reliability_dynamic_mobilenetv2,stable,features_16,1775838284134.186,1775838284215.189,81.003,20.001,61.002,18.533,32937,5545,200.0,0,0,85.4
3690,reliability_dynamic_mobilenetv2,stable,features_16,1775838284218.696,1775838284302.701,84.005,18.000,66.005,20.449,32937,5545,200.0,0,0,82.5
3691,reliability_dynamic_mobilenetv2,stable,features_16,1775838284305.702,1775838284384.211,78.510,11.506,65.998,20.644,32937,5545,200.0,0,0,80.2
3692,reliability_dynamic_mobilenetv2,stable,features_16,1775838284388.211,1775838284466.725,78.513,14.006,63.507,19.482,32937,5545,200.0,0,0,82.1
3693,reliability_dynamic_mobilenetv2,stable,features_16,1775838284470.725,1775838284559.235,88.510,11.002,75.509,19.436,32937,5545,200.0,0,0,79.4
3694,reliability_dynamic_mobilenetv2,stable,features_16,1775838284562.235,1775838284649.749,87.514,17.000,70.513,20.025,32937,5545,200.0,0,0,92.9
3695,reliability_dynamic_mobilenetv2,stable,features_16,1775838284653.750,1775838284728.257,74.508,8.999,64.509,20.181,32937,5545,200.0,0,0,78.8
3696,reliability_dynamic_mobilenetv2,stable,features_16,1775838284731.257,1775838284831.769,100.511,12.002,88.510,19.303,32937,5545,200.0,0,0,78.9
3697,reliability_dynamic_mobilenetv2,stable,features_16,1775838284835.770,1775838284924.277,88.507,11.001,75.508,18.979,32937,5545,200.0,0,0,79.2
3698,reliability_dynamic_mobilenetv2,stable,features_16,1775838284927.279,1775838285001.278,73.999,11.999,61.000,19.072,32937,5545,200.0,0,0,80.0
3699,reliability_dynamic_mobilenetv2,stable,features_16,1775838285005.283,1775838285077.791,72.509,10.000,60.004,18.811,32937,5545,200.0,0,0,86.6
3700,reliability_dynamic_mobilenetv2,stable,features_16,1775838285081.792,1775838285160.305,78.513,14.001,64.512,20.566,32937,5545,200.0,0,0,88.9
3701,reliability_dynamic_mobilenetv2,stable,features_16,1775838285164.305,1775838285265.815,101.510,19.001,81.510,35.386,32937,5545,200.0,0,0,94.6
3702,reliability_dynamic_mobilenetv2,stable,features_16,1775838285270.815,1775838285352.906,82.091,19.582,62.509,18.674,32937,5545,200.0,0,0,96.9
3703,reliability_dynamic_mobilenetv2,stable,features_16,1775838285356.907,1775838285438.417,81.510,18.000,62.509,18.718,32937,5545,200.0,0,0,87.8
3704,reliability_dynamic_mobilenetv2,stable,features_16,1775838285443.416,1775838285541.928,98.512,18.001,79.511,21.115,32937,5545,200.0,0,0,89.3
3705,reliability_dynamic_mobilenetv2,stable,features_16,1775838285545.930,1775838285635.440,89.510,24.000,64.510,19.978,32937,5545,200.0,0,0,92.9
3706,reliability_dynamic_mobilenetv2,stable,features_16,1775838285639.440,1775838285724.950,85.510,21.001,62.509,18.802,32937,5545,200.0,0,0,91.2
3707,reliability_dynamic_mobilenetv2,stable,features_16,1775838285728.949,1775838285813.953,85.003,21.000,64.003,19.476,32937,5545,200.0,0,0,95.3
3708,reliability_dynamic_mobilenetv2,stable,features_16,1775838285818.464,1775838285909.466,91.002,21.999,67.003,20.822,32937,5545,200.0,0,0,91.8
3709,reliability_dynamic_mobilenetv2,stable,features_16,1775838285913.467,1775838285998.978,85.511,18.512,66.000,20.455,32937,5545,200.0,0,0,82.5
3710,reliability_dynamic_mobilenetv2,stable,features_16,1775838286003.982,1775838286087.489,83.507,19.508,64.000,20.187,32937,5545,200.0,0,0,91.3
3711,reliability_dynamic_mobilenetv2,stable,features_16,1775838286092.490,1775838286176.000,83.510,20.003,63.506,19.144,32937,5545,200.0,0,0,92.9
3712,reliability_dynamic_mobilenetv2,stable,features_16,1775838286179.999,1775838286271.513,91.514,26.005,65.509,19.462,32937,5545,200.0,0,0,96.0
3713,reliability_dynamic_mobilenetv2,stable,features_16,1775838286275.515,1775838286367.029,91.514,24.999,64.514,20.308,32937,5545,200.0,0,0,94.8
3714,reliability_dynamic_mobilenetv2,stable,features_16,1775838286371.030,1775838286456.539,85.509,20.001,64.509,20.370,32937,5545,200.0,0,0,92.8
3715,reliability_dynamic_mobilenetv2,stable,features_16,1775838286461.539,1775838286547.049,85.510,19.000,65.510,20.946,32937,5545,200.0,0,0,86.7
3716,reliability_dynamic_mobilenetv2,stable,features_16,1775838286551.049,1775838286635.304,84.255,21.000,62.255,19.193,32937,5545,200.0,0,0,87.5
3717,reliability_dynamic_mobilenetv2,stable,features_16,1775838286639.305,1775838286715.308,76.003,16.000,60.003,17.817,32937,5545,200.0,0,0,83.8
3718,reliability_dynamic_mobilenetv2,stable,features_16,1775838286720.135,1775838286805.138,85.002,16.997,66.005,20.732,32937,5545,200.0,0,0,82.5
3719,reliability_dynamic_mobilenetv2,stable,features_16,1775838286809.137,1775838286895.646,86.509,20.510,64.000,19.843,32937,5545,200.0,0,0,91.5
3720,reliability_dynamic_mobilenetv2,stable,features_16,1775838286899.647,1775838286982.160,82.514,18.514,61.999,18.965,32937,5545,200.0,0,0,93.9
3721,reliability_dynamic_mobilenetv2,stable,features_16,1775838286986.161,1775838287074.671,88.510,23.004,63.506,19.466,32937,5545,200.0,0,0,93.9
3722,reliability_dynamic_mobilenetv2,stable,features_16,1775838287079.671,1775838287161.181,81.510,16.001,63.509,19.885,32937,5545,200.0,0,0,92.8
3723,reliability_dynamic_mobilenetv2,stable,features_16,1775838287165.182,1775838287254.691,89.509,24.000,65.509,19.703,32937,5545,200.0,0,0,88.8
3724,reliability_dynamic_mobilenetv2,stable,features_16,1775838287258.691,1775838287335.200,76.509,14.004,61.505,18.821,32937,5545,200.0,0,0,87.7
3725,reliability_dynamic_mobilenetv2,stable,features_16,1775838287338.199,1775838287410.202,72.003,10.002,61.001,18.846,32937,5545,200.0,0,0,76.5
3726,reliability_dynamic_mobilenetv2,stable,features_16,1775838287413.203,1775838287506.724,93.521,11.517,79.002,34.689,32937,5545,200.0,0,0,85.4
3727,reliability_dynamic_mobilenetv2,stable,features_16,1775838287509.724,1775838287593.235,83.511,15.511,68.000,20.790,32937,5545,200.0,0,0,87.5
3728,reliability_dynamic_mobilenetv2,stable,features_16,1775838287597.235,1775838287673.294,76.060,12.006,62.055,18.748,32937,5545,200.0,0,0,83.8
3729,reliability_dynamic_mobilenetv2,stable,features_16,1775838287676.296,1775838287754.804,78.508,12.002,66.507,18.925,32937,5545,200.0,0,0,80.2
3730,reliability_dynamic_mobilenetv2,stable,features_16,1775838287758.804,1775838287831.313,72.508,11.002,60.507,19.132,32937,5545,200.0,0,0,80.0
3731,reliability_dynamic_mobilenetv2,stable,features_16,1775838287834.313,1775838287917.818,83.505,10.001,72.502,24.301,32937,5545,200.0,0,0,78.9
3732,reliability_dynamic_mobilenetv2,stable,features_16,1775838287921.822,1775838287999.821,77.999,11.003,64.996,19.497,32937,5545,200.0,0,0,74.1
3733,reliability_dynamic_mobilenetv2,stable,features_16,1775838288003.824,1775838288081.334,77.510,11.002,64.508,20.227,32937,5545,200.0,0,0,80.0
3734,reliability_dynamic_mobilenetv2,stable,features_16,1775838288084.335,1775838288161.844,77.509,17.000,60.510,18.420,32937,5545,200.0,0,0,88.9
3735,reliability_dynamic_mobilenetv2,stable,features_16,1775838288165.844,1775838288251.354,85.510,19.001,65.509,19.411,32937,5545,200.0,0,0,88.5
3736,reliability_dynamic_mobilenetv2,stable,features_16,1775838288255.354,1775838288887.655,632.300,12.002,620.298,21.244,32937,5545,200.0,1,0,50.3
3737,reliability_dynamic_mobilenetv2,stable,features_16,1775838288890.655,1775838288978.164,87.509,20.002,65.507,21.005,32937,5545,200.0,0,0,85.4
3738,reliability_dynamic_mobilenetv2,stable,features_16,1775838288982.166,1775838289071.679,89.514,25.003,63.511,20.794,32937,5545,200.0,0,0,96.0
3739,reliability_dynamic_mobilenetv2,stable,features_16,1775838289076.679,1775838289155.194,78.515,16.001,61.514,20.370,32937,5545,200.0,0,0,93.9
3740,reliability_dynamic_mobilenetv2,stable,features_16,1775838289160.194,1775838289252.705,92.510,22.000,70.510,21.515,32937,5545,200.0,0,0,94.8
3741,reliability_dynamic_mobilenetv2,stable,features_16,1775838289256.705,1775838289342.214,85.510,17.001,67.510,21.651,32937,5545,200.0,0,0,91.8
3742,reliability_dynamic_mobilenetv2,stable,features_16,1775838289347.215,1775838289427.726,80.511,19.001,60.510,19.349,32937,5545,200.0,0,0,94.0
3743,reliability_dynamic_mobilenetv2,stable,features_16,1775838289431.726,1775838289526.891,95.165,27.354,66.812,19.573,32937,5545,200.0,0,0,97.5
3744,reliability_dynamic_mobilenetv2,stable,features_16,1775838289531.891,1775838289622.401,90.510,23.001,66.925,20.664,32937,5545,200.0,0,0,90.8
3745,reliability_dynamic_mobilenetv2,stable,features_16,1775838289626.401,1775838289715.903,89.502,20.000,68.502,21.563,32937,5545,200.0,0,0,93.9
3746,reliability_dynamic_mobilenetv2,stable,features_16,1775838289719.410,1775838289805.414,86.004,17.003,68.003,20.124,32937,5545,200.0,0,0,98.0
3747,reliability_dynamic_mobilenetv2,stable,features_16,1775838289809.415,1775838289897.923,88.508,21.510,66.999,20.276,32937,5545,200.0,0,0,90.5
3748,reliability_dynamic_mobilenetv2,stable,features_16,1775838289901.923,1775838289981.439,79.517,16.512,61.005,18.927,32937,5545,200.0,0,0,85.7
3749,reliability_dynamic_mobilenetv2,stable,features_16,1775838289984.438,1775838290062.951,78.513,16.003,61.510,18.886,32937,5545,200.0,0,0,83.8
3750,reliability_dynamic_mobilenetv2,stable,features_16,1775838290067.952,1775838290160.461,92.509,25.000,67.509,20.074,32937,5545,200.0,0,0,87.6
3751,reliability_dynamic_mobilenetv2,stable,features_16,1775838290164.463,1775838290245.970,81.507,16.998,64.508,19.388,32937,5545,200.0,0,0,88.9
3752,reliability_dynamic_mobilenetv2,stable,features_16,1775838290249.970,1775838290326.486,76.516,13.001,63.515,19.181,32937,5545,200.0,0,0,84.1
3753,reliability_dynamic_mobilenetv2,stable,features_16,1775838290330.486,1775838290411.489,81.003,19.004,62.000,18.912,32937,5545,200.0,0,0,78.0
3754,reliability_dynamic_mobilenetv2,stable,features_16,1775838290414.490,1775838290494.001,79.510,12.510,67.000,20.649,32937,5545,200.0,0,0,81.1
3755,reliability_dynamic_mobilenetv2,stable,features_16,1775838290497.001,1775838290577.511,80.510,14.006,66.504,20.990,32937,5545,200.0,0,0,72.8
3756,reliability_dynamic_mobilenetv2,stable,features_16,1775838290581.511,1775838290683.020,101.508,14.000,85.507,19.184,32937,5545,200.0,0,0,72.6
3757,reliability_dynamic_mobilenetv2,stable,features_16,1775838290687.020,1775838290760.528,73.509,11.000,61.509,18.281,32937,5545,200.0,0,0,77.5
3758,reliability_dynamic_mobilenetv2,stable,features_16,1775838290763.529,1775838290841.036,77.507,10.000,65.507,20.486,32937,5545,200.0,0,0,79.7
3759,reliability_dynamic_mobilenetv2,stable,features_16,1775838290844.036,1775838290944.544,100.508,12.002,87.507,19.588,32937,5545,200.0,0,0,76.5
3760,reliability_dynamic_mobilenetv2,stable,features_16,1775838290947.544,1775838291021.052,73.508,10.001,62.507,19.697,32937,5545,200.0,0,0,78.8
3761,reliability_dynamic_mobilenetv2,stable,features_16,1775838291024.053,1775838291097.052,72.999,11.000,59.999,18.213,32937,5545,200.0,0,0,76.5
3762,reliability_dynamic_mobilenetv2,stable,features_16,1775838291100.053,1775838291173.564,73.511,13.006,60.505,18.639,32937,5545,200.0,0,0,86.7
3763,reliability_dynamic_mobilenetv2,stable,features_16,1775838291177.564,1775838291261.074,83.510,19.000,63.509,18.851,32937,5545,200.0,0,0,86.2
3764,reliability_dynamic_mobilenetv2,stable,features_16,1775838291265.074,1775838291349.582,84.508,16.003,67.505,20.381,32937,5545,200.0,0,0,72.0
3765,reliability_dynamic_mobilenetv2,stable,features_16,1775838291353.582,1775838291434.092,80.510,14.002,66.507,20.411,32937,5545,200.0,0,0,77.7
3766,reliability_dynamic_mobilenetv2,stable,features_16,1775838291438.092,1775838291512.095,74.004,10.001,64.002,19.498,32937,5545,200.0,0,0,78.5
3767,reliability_dynamic_mobilenetv2,stable,features_16,1775838291516.097,1775838291592.608,76.511,11.513,62.998,20.102,32937,5545,200.0,0,0,76.5
3768,reliability_dynamic_mobilenetv2,stable,features_16,1775838291596.609,1775838291706.125,109.516,16.006,93.510,22.027,32937,5545,200.0,0,0,78.6
3769,reliability_dynamic_mobilenetv2,stable,features_16,1775838291709.124,1775838291786.634,77.510,11.511,65.999,20.540,32937,5545,200.0,0,0,81.5
3770,reliability_dynamic_mobilenetv2,stable,features_16,1775838291790.634,1775838291883.148,92.513,12.001,78.508,19.050,32937,5545,200.0,0,0,81.8
3771,reliability_dynamic_mobilenetv2,stable,features_16,1775838291886.149,1775838291960.658,74.509,10.000,62.509,18.814,32937,5545,200.0,0,0,78.5
3772,reliability_dynamic_mobilenetv2,stable,features_16,1775838291963.659,1775838292058.170,94.511,12.001,82.510,21.064,32937,5545,200.0,0,0,87.3
3773,reliability_dynamic_mobilenetv2,stable,features_16,1775838292062.169,1775838292140.683,78.513,11.000,66.513,20.368,32937,5545,200.0,0,0,92.0
3774,reliability_dynamic_mobilenetv2,stable,features_16,1775838292144.683,1775838292238.196,93.513,18.000,75.513,17.857,32937,5545,200.0,0,0,89.8
3775,reliability_dynamic_mobilenetv2,stable,features_16,1775838292243.196,1775838292320.712,77.516,11.000,64.515,21.847,32937,5545,200.0,0,0,82.6
3776,reliability_dynamic_mobilenetv2,stable,features_16,1775838292323.712,1775838292407.714,84.002,18.000,65.002,20.658,32937,5545,200.0,0,0,91.2
3777,reliability_dynamic_mobilenetv2,stable,features_16,1775838292410.714,1775838292511.226,100.512,18.510,80.002,35.083,32937,5545,200.0,0,0,87.5
3778,reliability_dynamic_mobilenetv2,stable,features_16,1775838292515.226,1775838292594.762,79.537,15.519,63.017,19.666,32937,5545,200.0,0,0,85.0
3779,reliability_dynamic_mobilenetv2,stable,features_16,1775838292598.762,1775838292691.275,92.513,15.005,76.509,19.632,32937,5545,200.0,0,0,86.5
3780,reliability_dynamic_mobilenetv2,stable,features_16,1775838292695.275,1775838292793.790,98.514,14.008,83.506,21.653,32937,5545,200.0,0,0,87.5
3781,reliability_dynamic_mobilenetv2,stable,features_16,1775838292797.791,1775838292892.305,94.514,17.006,76.509,28.575,32937,5545,200.0,0,0,90.6
3782,reliability_dynamic_mobilenetv2,stable,features_16,1775838292897.305,1775838292984.817,87.512,19.006,67.505,21.466,32937,5545,200.0,0,0,93.8
3783,reliability_dynamic_mobilenetv2,stable,features_16,1775838292989.816,1775838293078.327,88.510,20.004,67.506,20.236,32937,5545,200.0,0,0,94.9
3784,reliability_dynamic_mobilenetv2,stable,features_16,1775838293084.327,1775838293198.845,114.519,50.519,61.999,18.131,32937,5545,200.0,0,0,100.0
3785,reliability_dynamic_mobilenetv2,stable,features_16,1775838293204.850,1775838293302.360,97.510,34.511,61.000,19.507,32937,5545,200.0,0,0,100.0
3786,reliability_dynamic_mobilenetv2,stable,features_16,1775838293307.365,1775838293407.879,100.514,32.511,66.003,19.973,32937,5545,200.0,0,0,96.7
3787,reliability_dynamic_mobilenetv2,stable,features_16,1775838293412.879,1775838293512.397,99.518,29.514,69.005,19.745,32937,5545,200.0,0,0,95.8
3788,reliability_dynamic_mobilenetv2,stable,features_16,1775838293517.397,1775838293608.909,91.512,21.509,67.004,20.306,32937,5545,200.0,0,0,93.8
3789,reliability_dynamic_mobilenetv2,stable,features_16,1775838293613.911,1775838293702.421,88.511,23.511,64.000,20.198,32937,5545,200.0,0,0,94.8
3790,reliability_dynamic_mobilenetv2,stable,features_16,1775838293707.427,1775838293800.935,93.509,24.509,67.999,23.750,32937,5545,200.0,0,0,97.0
3791,reliability_dynamic_mobilenetv2,stable,features_16,1775838293805.938,1775838293906.453,100.514,28.510,70.006,23.396,32937,5545,200.0,0,0,97.4
3792,reliability_dynamic_mobilenetv2,stable,features_16,1775838293911.454,1775838294000.966,89.512,25.512,62.999,18.879,32937,5545,200.0,0,0,100.0
3793,reliability_dynamic_mobilenetv2,stable,features_16,1775838294006.970,1775838294158.994,152.024,26.513,122.512,21.313,32937,5545,200.0,0,0,99.4
3794,reliability_dynamic_mobilenetv2,stable,features_16,1775838294165.994,1775838294260.509,94.514,24.001,69.513,21.875,32937,5545,200.0,0,0,100.0
3795,reliability_dynamic_mobilenetv2,stable,features_16,1775838294264.508,1775838294355.023,90.515,24.000,64.514,20.323,32937,5545,200.0,0,0,97.1
3796,reliability_dynamic_mobilenetv2,stable,features_16,1775838294360.023,1775838294450.537,90.514,20.999,68.515,21.153,32937,5545,200.0,0,0,99.0
3797,reliability_dynamic_mobilenetv2,stable,features_16,1775838294454.537,1775838294545.052,90.516,22.001,68.515,21.802,32937,5545,200.0,0,0,98.0
3798,reliability_dynamic_mobilenetv2,stable,features_16,1775838294549.052,1775838294642.563,93.510,27.999,64.511,21.410,32937,5545,200.0,0,0,96.2
3799,reliability_dynamic_mobilenetv2,stable,features_16,1775838294648.564,1775838294774.627,126.063,28.999,96.064,32.107,32937,5545,200.0,0,0,99.3
3800,reliability_dynamic_mobilenetv2,stable,features_16,1775838294779.627,1775838294870.141,90.514,22.003,67.510,19.978,32937,5545,200.0,0,0,99.0
3801,reliability_dynamic_mobilenetv2,stable,features_16,1775838294875.141,1775838294980.658,105.517,25.000,78.517,22.972,32937,5545,200.0,0,0,98.3
3802,reliability_dynamic_mobilenetv2,stable,features_16,1775838294984.658,1775838295104.171,119.513,28.005,90.508,20.900,32937,5545,200.0,0,0,99.2
3803,reliability_dynamic_mobilenetv2,stable,features_16,1775838295109.171,1775838295204.685,95.514,21.516,72.237,20.378,32937,5545,200.0,0,0,100.0
3804,reliability_dynamic_mobilenetv2,stable,features_16,1775838295208.685,1775838295308.199,99.514,31.515,66.000,20.431,32937,5545,200.0,0,0,100.0
3805,reliability_dynamic_mobilenetv2,stable,features_16,1775838295313.203,1775838295401.919,88.716,22.509,65.207,21.054,32937,5545,200.0,0,0,94.1
3806,reliability_dynamic_mobilenetv2,stable,features_16,1775838295405.920,1775838295485.434,79.514,18.009,60.504,18.701,32937,5545,200.0,0,0,90.4
3807,reliability_dynamic_mobilenetv2,stable,features_16,1775838295488.435,1775838295568.945,80.509,17.000,61.511,19.317,32937,5545,200.0,0,0,86.2
3808,reliability_dynamic_mobilenetv2,stable,features_16,1775838295571.946,1775838295657.454,85.508,18.999,65.509,19.574,32937,5545,200.0,0,0,90.6
3809,reliability_dynamic_mobilenetv2,stable,features_16,1775838295661.457,1775838295757.968,96.511,17.002,77.510,21.148,32937,5545,200.0,0,0,92.0
3810,reliability_dynamic_mobilenetv2,stable,features_16,1775838295760.969,1775838295847.002,86.033,18.998,66.034,20.225,32937,5545,200.0,0,0,81.2
3811,reliability_dynamic_mobilenetv2,stable,features_16,1775838295851.000,1775838295934.512,83.511,16.001,65.510,20.457,32937,5545,200.0,0,0,87.5
3812,reliability_dynamic_mobilenetv2,stable,features_16,1775838295937.512,1775838296015.518,78.006,15.001,61.004,19.773,32937,5545,200.0,0,0,90.0
3813,reliability_dynamic_mobilenetv2,stable,features_16,1775838296019.516,1775838296096.026,76.510,15.510,58.996,18.567,32937,5545,200.0,0,0,88.9
3814,reliability_dynamic_mobilenetv2,stable,features_16,1775838296100.026,1775838296185.537,85.510,18.006,65.503,20.754,32937,5545,200.0,0,0,96.1
3815,reliability_dynamic_mobilenetv2,stable,features_16,1775838296189.537,1775838296278.049,88.512,20.001,66.509,20.958,32937,5545,200.0,0,0,90.9
3816,reliability_dynamic_mobilenetv2,stable,features_16,1775838296282.049,1775838296362.568,80.519,17.001,62.518,20.047,32937,5545,200.0,0,0,85.4
3817,reliability_dynamic_mobilenetv2,stable,features_16,1775838296365.570,1775838296444.081,78.511,16.999,60.512,18.597,32937,5545,200.0,0,0,87.5
3818,reliability_dynamic_mobilenetv2,stable,features_16,1775838296448.080,1775838296530.594,82.514,18.001,63.514,19.198,32937,5545,200.0,0,0,91.9
3819,reliability_dynamic_mobilenetv2,stable,features_16,1775838296534.594,1775838296619.599,85.004,17.006,66.998,21.457,32937,5545,200.0,0,0,81.2
3820,reliability_dynamic_mobilenetv2,stable,features_16,1775838296622.599,1775838296700.109,77.510,15.512,61.998,19.589,32937,5545,200.0,0,0,86.2
3821,reliability_dynamic_mobilenetv2,stable,features_16,1775838296704.109,1775838296785.621,81.513,18.006,62.507,20.395,32937,5545,200.0,0,0,85.0
3822,reliability_dynamic_mobilenetv2,stable,features_16,1775838296790.622,1775838296876.135,85.514,20.003,63.510,20.020,32937,5545,200.0,0,0,85.4
3823,reliability_dynamic_mobilenetv2,stable,features_16,1775838296880.135,1775838296964.646,84.510,19.000,64.511,20.152,32937,5545,200.0,0,0,88.5
3824,reliability_dynamic_mobilenetv2,stable,features_16,1775838296968.646,1775838297045.158,76.513,16.000,59.513,18.297,32937,5545,200.0,0,0,86.2
3825,reliability_dynamic_mobilenetv2,stable,features_16,1775838297049.159,1775838297128.668,79.509,17.002,60.509,19.325,32937,5545,200.0,0,0,91.2
3826,reliability_dynamic_mobilenetv2,stable,features_16,1775838297132.668,1775838297217.036,84.368,22.000,61.367,18.461,32937,5545,200.0,0,0,93.8
3827,reliability_dynamic_mobilenetv2,stable,features_16,1775838297221.036,1775838297314.088,93.052,13.052,79.001,20.461,32937,5545,200.0,0,0,83.3
3828,reliability_dynamic_mobilenetv2,stable,features_16,1775838297317.091,1775838297406.602,89.511,15.513,73.999,19.771,32937,5545,200.0,0,0,85.6
3829,reliability_dynamic_mobilenetv2,stable,features_16,1775838297411.607,1775838297491.113,79.505,15.506,61.999,19.140,32937,5545,200.0,0,0,81.2
3830,reliability_dynamic_mobilenetv2,stable,features_16,1775838297495.113,1775838297568.624,73.510,13.001,58.510,17.834,32937,5545,200.0,0,0,88.8
3831,reliability_dynamic_mobilenetv2,stable,features_16,1775838297572.626,1775838297650.134,77.508,13.001,63.507,19.776,32937,5545,200.0,0,0,86.5
3832,reliability_dynamic_mobilenetv2,stable,features_16,1775838297653.134,1775838297734.644,81.510,15.001,66.509,20.610,32937,5545,200.0,0,0,87.7
3833,reliability_dynamic_mobilenetv2,stable,features_16,1775838297739.643,1775838297820.647,81.004,16.001,63.000,21.162,32937,5545,200.0,0,0,95.0
3834,reliability_dynamic_mobilenetv2,stable,features_16,1775838297825.151,1775838297913.160,88.009,25.005,62.003,18.596,32937,5545,200.0,0,0,96.5
3835,reliability_dynamic_mobilenetv2,stable,features_16,1775838297917.160,1775838298013.675,96.514,27.511,69.003,20.852,32937,5545,200.0,0,0,92.0
3836,reliability_dynamic_mobilenetv2,stable,features_16,1775838298018.674,1775838298123.190,104.516,24.510,78.007,28.455,32937,5545,200.0,0,0,99.2
3837,reliability_dynamic_mobilenetv2,stable,features_16,1775838298127.698,1775838298223.704,96.006,29.001,66.005,18.909,32937,5545,200.0,0,0,93.0
3838,reliability_dynamic_mobilenetv2,stable,features_16,1775838298228.213,1775838298307.213,78.999,17.999,60.001,18.196,32937,5545,200.0,0,0,87.1
3839,reliability_dynamic_mobilenetv2,stable,features_16,1775838298311.218,1775838298399.727,88.509,10.000,76.508,32.729,32937,5545,200.0,0,0,79.2
3840,reliability_dynamic_mobilenetv2,stable,features_16,1775838298402.726,1775838298485.239,82.512,14.005,66.508,20.151,32937,5545,200.0,0,0,78.3
3841,reliability_dynamic_mobilenetv2,stable,features_16,1775838298488.238,1775838298574.748,86.509,19.001,66.509,20.718,32937,5545,200.0,0,0,80.2
3842,reliability_dynamic_mobilenetv2,stable,features_16,1775838298577.748,1775838298663.260,85.512,11.001,73.510,19.898,32937,5545,200.0,0,0,80.0
3843,reliability_dynamic_mobilenetv2,stable,features_16,1775838298667.260,1775838298776.769,109.509,15.000,93.510,28.298,32937,5545,200.0,0,0,81.5
3844,reliability_dynamic_mobilenetv2,stable,features_16,1775838298780.769,1775838298862.279,81.510,16.001,64.511,20.132,32937,5545,200.0,0,0,83.8
3845,reliability_dynamic_mobilenetv2,stable,features_16,1775838298866.281,1775838298946.789,80.509,14.000,66.509,19.954,32937,5545,200.0,0,0,86.5
3846,reliability_dynamic_mobilenetv2,stable,features_16,1775838298950.790,1775838299034.298,83.508,20.001,62.507,19.218,32937,5545,200.0,0,0,88.9
3847,reliability_dynamic_mobilenetv2,stable,features_16,1775838299038.299,1775838299119.301,81.001,11.999,67.002,22.535,32937,5545,200.0,0,0,82.3
3848,reliability_dynamic_mobilenetv2,stable,features_16,1775838299122.302,1775838299207.813,85.511,19.512,64.999,19.579,32937,5545,200.0,0,0,91.4
3849,reliability_dynamic_mobilenetv2,stable,features_16,1775838299211.819,1775838299295.329,83.510,19.511,63.999,19.097,32937,5545,200.0,0,0,88.7
3850,reliability_dynamic_mobilenetv2,stable,features_16,1775838299299.330,1775838299387.844,88.514,18.005,70.509,18.561,32937,5545,200.0,0,0,85.6
3851,reliability_dynamic_mobilenetv2,stable,features_16,1775838299391.844,1775838299480.357,88.513,12.001,75.512,21.511,32937,5545,200.0,0,0,86.5
3852,reliability_dynamic_mobilenetv2,stable,features_16,1775838299484.357,1775838299569.868,85.511,19.000,64.511,19.771,32937,5545,200.0,0,0,86.2
3853,reliability_dynamic_mobilenetv2,stable,features_16,1775838299572.868,1775838299662.377,89.510,16.003,72.506,20.512,32937,5545,200.0,0,0,86.5
3854,reliability_dynamic_mobilenetv2,stable,features_16,1775838299666.378,1775838299750.893,84.515,12.000,72.515,19.250,32937,5545,200.0,0,0,84.4
3855,reliability_dynamic_mobilenetv2,stable,features_16,1775838299754.893,1775838299901.405,146.512,13.000,132.512,20.741,32937,5545,200.0,0,0,85.6
3856,reliability_dynamic_mobilenetv2,stable,features_16,1775838299905.406,1775838299986.916,81.510,14.004,65.499,21.033,32937,5545,200.0,0,0,88.8
3857,reliability_dynamic_mobilenetv2,stable,features_16,1775838299989.917,1775838300097.433,107.517,20.001,86.516,23.923,32937,5545,200.0,0,0,94.0
3858,reliability_dynamic_mobilenetv2,stable,features_16,1775838300101.434,1775838300183.949,82.515,17.006,63.509,19.789,32937,5545,200.0,0,0,92.8
3859,reliability_dynamic_mobilenetv2,stable,features_16,1775838300187.949,1775838300271.464,83.515,22.000,60.515,18.176,32937,5545,200.0,0,0,90.0
3860,reliability_dynamic_mobilenetv2,stable,features_16,1775838300274.463,1775838300362.399,87.936,19.001,66.933,23.492,32937,5545,200.0,0,0,87.5
3861,reliability_dynamic_mobilenetv2,stable,features_16,1775838300365.399,1775838300466.915,101.516,18.000,81.517,34.858,32937,5545,200.0,0,0,92.9
3862,reliability_dynamic_mobilenetv2,stable,features_16,1775838300470.916,1775838300554.428,83.512,18.999,63.513,19.932,32937,5545,200.0,0,0,90.1
3863,reliability_dynamic_mobilenetv2,stable,features_16,1775838300558.428,1775838300646.942,88.514,21.999,65.515,19.302,32937,5545,200.0,0,0,90.6
3864,reliability_dynamic_mobilenetv2,stable,features_16,1775838300651.943,1775838300733.451,81.508,16.000,64.509,19.707,32937,5545,200.0,0,0,90.6
3865,reliability_dynamic_mobilenetv2,stable,features_16,1775838300737.453,1775838300820.455,83.002,16.002,65.000,20.089,32937,5545,200.0,0,0,94.8
3866,reliability_dynamic_mobilenetv2,stable,features_16,1775838300825.455,1775838300916.966,91.511,21.508,69.003,19.922,32937,5545,200.0,0,0,90.9
3867,reliability_dynamic_mobilenetv2,stable,features_16,1775838300920.966,1775838300996.478,75.512,15.513,59.999,18.442,32937,5545,200.0,0,0,87.5
3868,reliability_dynamic_mobilenetv2,stable,features_16,1775838301000.477,1775838301087.991,87.514,24.005,62.509,19.312,32937,5545,200.0,0,0,89.7
3869,reliability_dynamic_mobilenetv2,stable,features_16,1775838301092.992,1775838301177.504,84.513,19.003,63.504,19.877,32937,5545,200.0,0,0,92.6
3870,reliability_dynamic_mobilenetv2,stable,features_16,1775838301184.504,1775838301278.015,93.510,23.002,68.511,20.895,32937,5545,200.0,0,0,92.0
3871,reliability_dynamic_mobilenetv2,stable,features_16,1775838301282.015,1775838301368.529,86.513,21.002,65.511,21.629,32937,5545,200.0,0,0,95.9
3872,reliability_dynamic_mobilenetv2,stable,features_16,1775838301372.529,1775838301457.037,84.509,20.000,63.509,19.455,32937,5545,200.0,0,0,97.6
3873,reliability_dynamic_mobilenetv2,stable,features_16,1775838301462.039,1775838301549.549,87.510,22.000,64.510,20.098,32937,5545,200.0,0,0,96.1
3874,reliability_dynamic_mobilenetv2,stable,features_16,1775838301554.550,1775838301643.953,89.403,19.000,69.402,21.766,32937,5545,200.0,0,0,94.9
3875,reliability_dynamic_mobilenetv2,stable,features_16,1775838301647.954,1775838301736.463,88.510,19.001,67.510,21.172,32937,5545,200.0,0,0,97.9
3876,reliability_dynamic_mobilenetv2,stable,features_16,1775838301740.464,1775838301826.974,86.510,19.000,65.004,19.828,32937,5545,200.0,0,0,88.5
3877,reliability_dynamic_mobilenetv2,stable,features_16,1775838301830.975,1775838301911.977,81.002,19.000,61.002,18.235,32937,5545,200.0,0,0,91.5
3878,reliability_dynamic_mobilenetv2,stable,features_16,1775838301915.977,1775838301994.486,78.508,15.511,61.997,19.982,32937,5545,200.0,0,0,87.0
3879,reliability_dynamic_mobilenetv2,stable,features_16,1775838301998.486,1775838302080.999,82.513,18.007,63.506,19.630,32937,5545,200.0,0,0,96.3
3880,reliability_dynamic_mobilenetv2,stable,features_16,1775838302084.999,1775838302171.510,86.511,19.001,65.621,19.835,32937,5545,200.0,0,0,84.4
3881,reliability_dynamic_mobilenetv2,stable,features_16,1775838302175.511,1775838302265.404,89.893,20.384,68.509,17.495,32937,5545,200.0,0,0,95.0
3882,reliability_dynamic_mobilenetv2,stable,features_16,1775838302269.405,1775838302354.917,85.512,20.000,64.511,20.319,32937,5545,200.0,0,0,93.8
3883,reliability_dynamic_mobilenetv2,stable,features_16,1775838302358.918,1775838302448.429,89.511,22.000,65.511,21.748,32937,5545,200.0,0,0,92.9
3884,reliability_dynamic_mobilenetv2,stable,features_16,1775838302451.430,1775838302542.444,91.015,21.000,68.016,21.560,32937,5545,200.0,0,0,91.8
3885,reliability_dynamic_mobilenetv2,stable,features_16,1775838302546.446,1775838302626.469,80.023,16.514,63.509,18.947,32937,5545,200.0,0,0,87.5
3886,reliability_dynamic_mobilenetv2,stable,features_16,1775838302630.470,1775838302707.469,77.000,15.002,60.998,18.427,32937,5545,200.0,0,0,88.4
3887,reliability_dynamic_mobilenetv2,stable,features_16,1775838302711.479,1775838302794.982,83.504,17.504,66.000,20.313,32937,5545,200.0,0,0,84.8
3888,reliability_dynamic_mobilenetv2,stable,features_16,1775838302798.982,1775838302899.495,100.513,16.006,84.507,21.695,32937,5545,200.0,0,0,87.0
3889,reliability_dynamic_mobilenetv2,stable,features_16,1775838302904.495,1775838302979.008,74.513,14.005,60.508,18.554,32937,5545,200.0,0,0,82.5
3890,reliability_dynamic_mobilenetv2,stable,features_16,1775838302982.008,1775838303068.518,86.510,18.000,67.510,24.437,32937,5545,200.0,0,0,90.0
3891,reliability_dynamic_mobilenetv2,stable,features_16,1775838303071.519,1775838303145.028,73.509,12.001,60.509,18.794,32937,5545,200.0,0,0,87.7
3892,reliability_dynamic_mobilenetv2,stable,features_16,1775838303148.028,1775838303228.544,80.516,16.000,63.517,19.101,32937,5545,200.0,0,0,94.9
3893,reliability_dynamic_mobilenetv2,stable,features_16,1775838303231.546,1775838303315.550,84.003,15.999,67.005,20.613,32937,5545,200.0,0,0,92.5
3894,reliability_dynamic_mobilenetv2,stable,features_16,1775838303320.550,1775838303412.065,91.515,21.511,68.003,21.501,32937,5545,200.0,0,0,93.8
3895,reliability_dynamic_mobilenetv2,stable,features_16,1775838303416.065,1775838303497.581,81.516,17.514,62.998,21.199,32937,5545,200.0,0,0,91.8
3896,reliability_dynamic_mobilenetv2,stable,features_16,1775838303501.579,1775838303583.693,82.115,22.006,60.109,18.008,32937,5545,200.0,0,0,91.2
3897,reliability_dynamic_mobilenetv2,stable,features_16,1775838303588.693,1775838303677.204,88.511,21.002,66.960,19.428,32937,5545,200.0,0,0,94.9
3898,reliability_dynamic_mobilenetv2,stable,features_16,1775838303681.206,1775838303768.717,87.512,20.999,65.915,20.498,32937,5545,200.0,0,0,93.8
3899,reliability_dynamic_mobilenetv2,stable,features_16,1775838303772.718,1775838303858.561,85.843,24.000,60.843,18.208,32937,5545,200.0,0,0,97.1
3900,reliability_dynamic_mobilenetv2,stable,features_16,1775838303862.561,1775838303949.072,86.511,21.000,64.510,19.505,32937,5545,200.0,0,0,98.0
3901,reliability_dynamic_mobilenetv2,stable,features_16,1775838303952.071,1775838304062.583,110.512,19.000,90.512,20.883,32937,5545,200.0,0,0,83.2
3902,reliability_dynamic_mobilenetv2,stable,features_16,1775838304065.583,1775838304148.093,82.510,16.002,65.509,20.586,32937,5545,200.0,0,0,91.4
3903,reliability_dynamic_mobilenetv2,stable,features_16,1775838304153.094,1775838304236.607,83.513,20.001,62.512,19.472,32937,5545,200.0,0,0,100.0
3904,reliability_dynamic_mobilenetv2,stable,features_16,1775838304240.607,1775838304329.414,88.808,22.296,64.512,20.667,32937,5545,200.0,0,0,97.9
3905,reliability_dynamic_mobilenetv2,stable,features_16,1775838304333.415,1775838304425.923,92.508,23.001,68.004,20.763,32937,5545,200.0,0,0,93.9
3906,reliability_dynamic_mobilenetv2,stable,features_16,1775838304430.928,1775838304519.933,89.005,21.000,66.005,19.640,32937,5545,200.0,0,0,97.0
3907,reliability_dynamic_mobilenetv2,stable,features_16,1775838304523.932,1775838304627.952,104.020,22.510,79.510,21.001,32937,5545,200.0,0,0,95.7
3908,reliability_dynamic_mobilenetv2,stable,features_16,1775838304631.953,1775838304717.957,86.004,16.002,69.001,21.512,32937,5545,200.0,0,0,92.9
3909,reliability_dynamic_mobilenetv2,stable,features_16,1775838304721.956,1775838304809.468,87.511,21.513,65.998,21.900,32937,5545,200.0,0,0,87.5
3910,reliability_dynamic_mobilenetv2,stable,features_16,1775838304813.472,1775838304906.983,93.511,16.513,75.998,18.988,32937,5545,200.0,0,0,99.0
3911,reliability_dynamic_mobilenetv2,stable,features_16,1775838304910.984,1775838305045.008,134.025,20.518,111.509,35.635,32937,5545,200.0,0,0,95.9
3912,reliability_dynamic_mobilenetv2,stable,features_16,1775838305049.008,1775838305135.634,86.626,18.117,67.510,21.050,32937,5545,200.0,0,0,94.8
3913,reliability_dynamic_mobilenetv2,stable,features_16,1775838305140.635,1775838305233.145,92.510,29.000,62.510,17.912,32937,5545,200.0,0,0,96.0
3914,reliability_dynamic_mobilenetv2,stable,features_16,1775838305237.145,1775838305321.148,84.003,19.003,65.000,21.021,32937,5545,200.0,0,0,93.8
3915,reliability_dynamic_mobilenetv2,stable,features_16,1775838305325.149,1775838305416.659,91.510,21.507,69.002,20.791,32937,5545,200.0,0,0,90.8
3916,reliability_dynamic_mobilenetv2,stable,features_16,1775838305420.658,1775838305526.177,105.518,14.517,90.001,21.156,32937,5545,200.0,0,0,93.3
3917,reliability_dynamic_mobilenetv2,stable,features_16,1775838305529.683,1775838305666.192,136.509,17.002,118.508,18.674,32937,5545,200.0,0,0,92.7
3918,reliability_dynamic_mobilenetv2,stable,features_16,1775838305670.192,1775838305757.702,87.510,14.001,72.509,18.569,32937,5545,200.0,0,0,81.2
3919,reliability_dynamic_mobilenetv2,stable,features_16,1775838305760.702,1775838305846.212,85.510,14.004,69.508,20.348,32937,5545,200.0,0,0,94.9
3920,reliability_dynamic_mobilenetv2,stable,features_16,1775838305850.212,1775838305949.721,99.509,21.000,76.509,20.377,32937,5545,200.0,0,0,96.6
3921,reliability_dynamic_mobilenetv2,stable,features_16,1775838305953.721,1775838306060.232,106.510,22.003,83.508,32.409,32937,5545,200.0,0,0,90.2
3922,reliability_dynamic_mobilenetv2,stable,features_16,1775838306064.232,1775838306152.741,88.509,20.000,66.509,18.716,32937,5545,200.0,0,0,91.8
3923,reliability_dynamic_mobilenetv2,stable,features_16,1775838306155.741,1775838306243.250,87.509,19.000,67.509,19.971,32937,5545,200.0,0,0,93.9
3924,reliability_dynamic_mobilenetv2,stable,features_16,1775838306247.251,1775838306331.761,84.510,20.001,62.510,18.561,32937,5545,200.0,0,0,96.4
3925,reliability_dynamic_mobilenetv2,stable,features_16,1775838306335.761,1775838306432.271,96.509,20.001,75.509,20.546,32937,5545,200.0,0,0,98.2
3926,reliability_dynamic_mobilenetv2,stable,features_16,1775838306436.270,1775838306529.782,93.512,25.000,67.512,20.344,32937,5545,200.0,0,0,98.0
3927,reliability_dynamic_mobilenetv2,stable,features_16,1775838306534.782,1775838306620.786,86.003,24.000,61.004,18.926,32937,5545,200.0,0,0,94.9
3928,reliability_dynamic_mobilenetv2,stable,features_16,1775838306624.785,1775838306709.294,84.509,19.514,63.996,20.742,32937,5545,200.0,0,0,100.0
3929,reliability_dynamic_mobilenetv2,stable,features_16,1775838306713.301,1775838306803.807,90.507,19.507,69.000,21.376,32937,5545,200.0,0,0,93.1
3930,reliability_dynamic_mobilenetv2,stable,features_16,1775838306807.807,1775838306909.321,101.514,21.515,79.000,31.774,32937,5545,200.0,0,0,96.6
3931,reliability_dynamic_mobilenetv2,stable,features_16,1775838306914.328,1775838307001.834,87.505,24.507,61.000,17.975,32937,5545,200.0,0,0,92.1
3932,reliability_dynamic_mobilenetv2,stable,features_16,1775838307008.834,1775838307108.349,99.515,31.516,65.996,20.297,32937,5545,200.0,0,0,94.0
3933,reliability_dynamic_mobilenetv2,stable,features_16,1775838307112.355,1775838307197.861,85.506,16.508,67.998,22.323,32937,5545,200.0,0,0,95.8
3934,reliability_dynamic_mobilenetv2,stable,features_16,1775838307201.862,1775838307292.375,90.513,22.007,67.507,21.128,32937,5545,200.0,0,0,96.9
3935,reliability_dynamic_mobilenetv2,stable,features_16,1775838307296.375,1775838307381.889,85.513,22.006,62.506,18.833,32937,5545,200.0,0,0,96.3
3936,reliability_dynamic_mobilenetv2,stable,features_16,1775838307386.888,1775838307469.398,82.510,18.001,62.509,19.689,32937,5545,200.0,0,0,94.9
3937,reliability_dynamic_mobilenetv2,stable,features_16,1775838307474.398,1775838307567.907,93.510,25.001,67.508,19.739,32937,5545,200.0,0,0,92.9
3938,reliability_dynamic_mobilenetv2,stable,features_16,1775838307572.907,1775838307658.416,85.509,20.001,64.508,19.774,32937,5545,200.0,0,0,95.9
3939,reliability_dynamic_mobilenetv2,stable,features_16,1775838307662.417,1775838307746.927,84.510,17.001,65.509,20.422,32937,5545,200.0,0,0,96.9
3940,reliability_dynamic_mobilenetv2,stable,features_16,1775838307750.928,1775838307838.436,87.508,22.000,64.509,20.246,32937,5545,200.0,0,0,92.9
3941,reliability_dynamic_mobilenetv2,stable,features_16,1775838307842.436,1775838307924.440,82.004,20.001,61.002,19.048,32937,5545,200.0,0,0,88.9
3942,reliability_dynamic_mobilenetv2,stable,features_16,1775838307927.948,1775838308021.949,94.002,17.000,75.002,31.419,32937,5545,200.0,0,0,87.6
3943,reliability_dynamic_mobilenetv2,stable,features_16,1775838308024.950,1775838308103.457,78.507,12.508,64.999,19.983,32937,5545,200.0,0,0,89.9
3944,reliability_dynamic_mobilenetv2,stable,features_16,1775838308107.458,1775838308189.968,82.510,14.006,67.504,21.736,32937,5545,200.0,0,0,89.0
3945,reliability_dynamic_mobilenetv2,stable,features_16,1775838308192.969,1775838308270.484,77.515,16.002,60.513,18.647,32937,5545,200.0,0,0,85.2
3946,reliability_dynamic_mobilenetv2,stable,features_16,1775838308273.484,1775838308365.993,92.509,12.004,79.506,20.015,32937,5545,200.0,0,0,77.1
3947,reliability_dynamic_mobilenetv2,stable,features_16,1775838308368.993,1775838308463.503,94.510,10.001,82.508,19.108,32937,5545,200.0,0,0,79.6
3948,reliability_dynamic_mobilenetv2,stable,features_16,1775838308466.504,1775838308562.015,95.511,12.000,81.511,21.287,32937,5545,200.0,0,0,77.9
3949,reliability_dynamic_mobilenetv2,stable,features_16,1775838308566.016,1775838308647.525,81.508,11.000,69.508,19.266,32937,5545,200.0,0,0,81.7
3950,reliability_dynamic_mobilenetv2,stable,features_16,1775838308650.525,1775838308752.034,101.509,18.000,81.509,29.141,32937,5545,200.0,0,0,83.2
3951,reliability_dynamic_mobilenetv2,stable,features_16,1775838308755.034,1775838308864.542,109.508,16.001,92.507,22.619,32937,5545,200.0,0,0,78.6
3952,reliability_dynamic_mobilenetv2,stable,features_16,1775838308868.543,1775838309001.053,132.510,22.001,107.498,31.010,32937,5545,200.0,0,0,88.4
3953,reliability_dynamic_mobilenetv2,stable,features_16,1775838309005.054,1775838309092.570,87.516,21.511,65.005,18.608,32937,5545,200.0,0,0,89.7
3954,reliability_dynamic_mobilenetv2,stable,features_16,1775838309096.570,1775838309186.083,89.513,24.006,64.508,18.281,32937,5545,200.0,0,0,95.9
3955,reliability_dynamic_mobilenetv2,stable,features_16,1775838309190.083,1775838309274.599,84.515,23.006,61.509,18.394,32937,5545,200.0,0,0,93.8
3956,reliability_dynamic_mobilenetv2,stable,features_16,1775838309279.599,1775838309371.115,91.516,21.000,68.514,19.654,32937,5545,200.0,0,0,95.8
3957,reliability_dynamic_mobilenetv2,stable,features_16,1775838309375.114,1775838309467.622,92.508,19.000,70.508,24.462,32937,5545,200.0,0,0,92.8
3958,reliability_dynamic_mobilenetv2,stable,features_16,1775838309471.623,1775838309598.132,126.508,25.000,79.510,22.416,32937,5545,200.0,0,0,87.7
3959,reliability_dynamic_mobilenetv2,stable,features_16,1775838309605.132,1775838309694.654,89.522,26.523,60.999,18.529,32937,5545,200.0,0,0,94.1
3960,reliability_dynamic_mobilenetv2,stable,features_16,1775838309718.657,1775838309816.174,97.516,26.513,69.002,18.771,32937,5545,200.0,0,0,89.1
3961,reliability_dynamic_mobilenetv2,stable,features_16,1775838309823.173,1775838309915.691,92.517,22.515,68.003,20.744,32937,5545,200.0,0,0,87.7
3962,reliability_dynamic_mobilenetv2,stable,features_16,1775838309921.691,1775838310023.205,101.514,22.511,78.003,22.480,32937,5545,200.0,0,0,96.0
3963,reliability_dynamic_mobilenetv2,stable,features_16,1775838310027.713,1775838310110.712,82.999,21.001,60.000,18.416,32937,5545,200.0,0,0,92.8
3964,reliability_dynamic_mobilenetv2,stable,features_16,1775838310114.715,1775838310210.223,95.508,32.509,61.000,18.915,32937,5545,200.0,0,0,99.0
3965,reliability_dynamic_mobilenetv2,stable,features_16,1775838310216.228,1775838310311.742,95.514,27.514,66.000,20.401,32937,5545,200.0,0,0,100.0
3966,reliability_dynamic_mobilenetv2,stable,features_16,1775838310318.746,1775838310407.253,88.508,20.509,66.999,20.279,32937,5545,200.0,0,0,97.9
3967,reliability_dynamic_mobilenetv2,stable,features_16,1775838310412.259,1775838310496.767,84.508,21.509,61.999,19.090,32937,5545,200.0,0,0,100.0
3968,reliability_dynamic_mobilenetv2,stable,features_16,1775838310500.768,1775838310585.406,84.639,20.005,64.634,21.565,32937,5545,200.0,0,0,98.8
3969,reliability_dynamic_mobilenetv2,stable,features_16,1775838310590.279,1775838310683.793,93.514,24.005,67.508,20.960,32937,5545,200.0,0,0,98.2
3970,reliability_dynamic_mobilenetv2,stable,features_16,1775838310687.794,1775838310778.305,90.511,25.005,64.507,19.731,32937,5545,200.0,0,0,92.7
3971,reliability_dynamic_mobilenetv2,stable,features_16,1775838310783.305,1775838310865.816,82.510,18.002,62.510,20.589,32937,5545,200.0,0,0,89.3
3972,reliability_dynamic_mobilenetv2,stable,features_16,1775838310868.817,1775838310956.327,87.510,20.000,67.510,21.554,32937,5545,200.0,0,0,88.7
3973,reliability_dynamic_mobilenetv2,stable,features_16,1775838310960.325,1775838311048.834,88.509,21.001,67.508,20.875,32937,5545,200.0,0,0,89.0
3974,reliability_dynamic_mobilenetv2,stable,features_16,1775838311052.834,1775838311129.344,76.510,14.003,61.507,19.286,32937,5545,200.0,0,0,81.5
3975,reliability_dynamic_mobilenetv2,stable,features_16,1775838311135.344,1775838311216.348,81.004,18.001,62.003,18.767,32937,5545,200.0,0,0,89.7
3976,reliability_dynamic_mobilenetv2,stable,features_16,1775838311220.352,1775838311366.370,146.018,19.509,126.509,20.011,32937,5545,200.0,0,0,89.9
3977,reliability_dynamic_mobilenetv2,stable,features_16,1775838311371.371,1775838311453.880,82.509,14.001,67.508,20.954,32937,5545,200.0,0,0,84.4
3978,reliability_dynamic_mobilenetv2,stable,features_16,1775838311457.880,1775838311537.391,79.510,17.000,61.510,18.310,32937,5545,200.0,0,0,88.0
3979,reliability_dynamic_mobilenetv2,stable,features_16,1775838311541.391,1775838311623.394,82.003,19.001,62.003,19.814,32937,5545,200.0,0,0,88.8
3980,reliability_dynamic_mobilenetv2,stable,features_16,1775838311626.897,1775838311712.904,86.007,19.005,66.002,20.577,32937,5545,200.0,0,0,84.4
3981,reliability_dynamic_mobilenetv2,stable,features_16,1775838311717.905,1775838311808.414,90.509,20.509,69.000,21.963,32937,5545,200.0,0,0,83.3
3982,reliability_dynamic_mobilenetv2,stable,features_16,1775838311812.417,1775838311896.925,84.508,21.508,61.999,19.480,32937,5545,200.0,0,0,85.0
3983,reliability_dynamic_mobilenetv2,stable,features_16,1775838311901.927,1775838311985.436,83.509,19.002,64.507,19.222,32937,5545,200.0,0,0,87.8
3984,reliability_dynamic_mobilenetv2,stable,features_16,1775838311990.436,1775838312078.946,88.511,27.005,61.505,19.903,32937,5545,200.0,0,0,94.9
3985,reliability_dynamic_mobilenetv2,stable,features_16,1775838312081.947,1775838312158.457,76.510,15.000,59.509,18.473,32937,5545,200.0,0,0,93.9
3986,reliability_dynamic_mobilenetv2,stable,features_16,1775838312161.458,1775838312273.966,112.508,23.999,86.509,32.696,32937,5545,200.0,0,0,90.6
3987,reliability_dynamic_mobilenetv2,stable,features_16,1775838312277.966,1775838312376.475,98.510,12.003,85.507,34.821,32937,5545,200.0,0,0,85.4
3988,reliability_dynamic_mobilenetv2,stable,features_16,1775838312379.477,1775838312466.985,87.508,12.000,74.509,18.734,32937,5545,200.0,0,0,77.1
3989,reliability_dynamic_mobilenetv2,stable,features_16,1775838312469.985,1775838312549.999,80.014,13.001,66.013,24.316,32937,5545,200.0,0,0,80.0
3990,reliability_dynamic_mobilenetv2,stable,features_16,1775838312554.501,1775838312635.014,80.512,14.006,65.506,20.692,32937,5545,200.0,0,0,84.5
3991,reliability_dynamic_mobilenetv2,stable,features_16,1775838312639.019,1775838312730.523,91.504,10.998,80.507,20.519,32937,5545,200.0,0,0,76.0
3992,reliability_dynamic_mobilenetv2,stable,features_16,1775838312734.523,1775838312839.032,104.509,12.001,92.509,32.903,32937,5545,200.0,0,0,78.6
3993,reliability_dynamic_mobilenetv2,stable,features_16,1775838312843.033,1775838312923.035,80.002,17.001,61.002,18.169,32937,5545,200.0,0,0,81.2
3994,reliability_dynamic_mobilenetv2,stable,features_16,1775838312927.036,1775838313019.546,92.510,17.508,74.002,20.549,32937,5545,200.0,0,0,92.8
3995,reliability_dynamic_mobilenetv2,stable,features_16,1775838313022.547,1775838313125.060,102.513,16.511,85.001,33.025,32937,5545,200.0,0,0,81.4
3996,reliability_dynamic_mobilenetv2,stable,features_16,1775838313128.566,1775838313215.570,87.004,17.001,69.003,18.427,32937,5545,200.0,0,0,92.6
3997,reliability_dynamic_mobilenetv2,stable,features_16,1775838313220.570,1775838313299.078,78.508,18.509,58.999,18.231,32937,5545,200.0,0,0,87.7
3998,reliability_dynamic_mobilenetv2,stable,features_16,1775838313303.078,1775838313395.588,92.510,19.004,71.506,19.823,32937,5545,200.0,0,0,86.6
3999,reliability_dynamic_mobilenetv2,stable,features_16,1775838313399.593,1775838313491.103,91.510,11.998,77.504,20.825,32937,5545,200.0,0,0,82.5
4000,reliability_dynamic_mobilenetv2,stable,features_16,1775838313494.103,1775838313578.617,84.515,19.004,64.511,19.604,32937,5545,200.0,0,0,88.5
4001,reliability_dynamic_mobilenetv2,stable,features_16,1775838313582.617,1775838313675.126,92.509,12.000,79.508,20.971,32937,5545,200.0,0,0,84.4
4002,reliability_dynamic_mobilenetv2,stable,features_16,1775838313680.126,1775838313756.635,76.509,15.002,59.509,18.645,32937,5545,200.0,0,0,85.0
4003,reliability_dynamic_mobilenetv2,stable,features_16,1775838313759.636,1775838313838.145,78.509,15.000,61.506,19.229,32937,5545,200.0,0,0,88.7
4004,reliability_dynamic_mobilenetv2,stable,features_16,1775838313841.145,1775838313938.654,97.510,13.004,83.506,22.891,32937,5545,200.0,0,0,90.6
4005,reliability_dynamic_mobilenetv2,stable,features_16,1775838313943.654,1775838314055.164,111.510,17.001,94.509,32.748,32937,5545,200.0,0,0,87.5
4006,reliability_dynamic_mobilenetv2,stable,features_16,1775838314060.164,1775838314142.673,82.509,18.001,64.508,19.148,32937,5545,200.0,0,0,86.2
4007,reliability_dynamic_mobilenetv2,stable,features_16,1775838314146.673,1775838314225.677,79.003,18.001,61.002,18.749,32937,5545,200.0,0,0,93.8
4008,reliability_dynamic_mobilenetv2,stable,features_16,1775838314230.183,1775838314322.186,92.003,18.000,74.003,21.247,32937,5545,200.0,0,0,83.9
4009,reliability_dynamic_mobilenetv2,stable,features_16,1775838314326.186,1775838314438.203,112.017,14.509,96.507,40.232,32937,5545,200.0,0,0,86.7
4010,reliability_dynamic_mobilenetv2,stable,features_16,1775838314441.203,1775838314515.206,74.003,13.001,60.001,18.389,32937,5545,200.0,0,0,87.7
4011,reliability_dynamic_mobilenetv2,stable,features_16,1775838314519.206,1775838314606.713,87.507,13.508,72.999,19.087,32937,5545,200.0,0,0,89.6
4012,reliability_dynamic_mobilenetv2,stable,features_16,1775838314610.012,1775838314728.032,118.021,18.516,98.505,20.116,32937,5545,200.0,0,0,87.6
4013,reliability_dynamic_mobilenetv2,stable,features_16,1775838314732.036,1775838314820.300,88.263,16.001,72.263,20.839,32937,5545,200.0,0,0,89.6
4014,reliability_dynamic_mobilenetv2,stable,features_16,1775838314824.299,1775838314902.809,78.510,15.512,62.999,19.454,32937,5545,200.0,0,0,85.0
4015,reliability_dynamic_mobilenetv2,stable,features_16,1775838314907.810,1775838314988.321,80.511,17.005,61.506,18.763,32937,5545,200.0,0,0,90.1
4016,reliability_dynamic_mobilenetv2,stable,features_16,1775838314992.324,1775838315068.835,76.511,12.999,61.510,20.964,32937,5545,200.0,0,0,92.7
4017,reliability_dynamic_mobilenetv2,stable,features_16,1775838315072.836,1775838315150.345,77.509,13.999,62.510,20.070,32937,5545,200.0,0,0,96.0
4018,reliability_dynamic_mobilenetv2,stable,features_16,1775838315155.345,1775838315242.855,87.510,20.004,65.510,19.822,32937,5545,200.0,0,0,93.4
4019,reliability_dynamic_mobilenetv2,stable,features_16,1775838315245.857,1775838315335.366,89.509,19.999,68.510,21.806,32937,5545,200.0,0,0,93.0
4020,reliability_dynamic_mobilenetv2,stable,features_16,1775838315339.366,1775838315420.370,81.003,18.002,62.001,19.148,32937,5545,200.0,0,0,93.8
4021,reliability_dynamic_mobilenetv2,stable,features_16,1775838315424.371,1775838315508.883,84.511,20.513,62.000,19.837,32937,5545,200.0,0,0,94.0
4022,reliability_dynamic_mobilenetv2,stable,features_16,1775838315512.883,1775838315599.396,86.513,20.513,65.000,20.111,32937,5545,200.0,0,0,93.8
4023,reliability_dynamic_mobilenetv2,stable,features_16,1775838315602.396,1775838315704.909,102.513,20.006,82.507,21.472,32937,5545,200.0,0,0,93.9
4024,reliability_dynamic_mobilenetv2,stable,features_16,1775838315708.909,1775838315791.427,82.518,20.518,61.000,18.940,32937,5545,200.0,0,0,93.9
4025,reliability_dynamic_mobilenetv2,stable,features_16,1775838315796.426,1775838315907.949,111.523,43.525,66.997,20.822,32937,5545,200.0,0,0,100.0
4026,reliability_dynamic_mobilenetv2,stable,features_16,1775838315911.948,1775838316005.461,93.512,22.512,68.999,21.999,32937,5545,200.0,0,0,93.9
4027,reliability_dynamic_mobilenetv2,stable,features_16,1775838316009.461,1775838316100.973,91.511,25.512,64.999,20.447,32937,5545,200.0,0,0,90.7
4028,reliability_dynamic_mobilenetv2,stable,features_16,1775838316104.974,1775838316191.496,86.522,23.009,62.005,19.377,32937,5545,200.0,0,0,91.0
4029,reliability_dynamic_mobilenetv2,stable,features_16,1775838316195.496,1775838316279.009,83.513,15.003,66.509,18.563,32937,5545,200.0,0,0,90.8
4030,reliability_dynamic_mobilenetv2,stable,features_16,1775838316284.009,1775838316367.401,83.392,16.003,65.389,20.906,32937,5545,200.0,0,0,90.4
4031,reliability_dynamic_mobilenetv2,stable,features_16,1775838316371.401,1775838316458.915,87.514,21.000,64.514,20.292,32937,5545,200.0,0,0,81.9
4032,reliability_dynamic_mobilenetv2,stable,features_16,1775838316461.916,1775838316542.426,80.510,13.000,66.509,21.302,32937,5545,200.0,0,0,84.5
4033,reliability_dynamic_mobilenetv2,stable,features_16,1775838316546.426,1775838316630.934,84.509,18.001,66.508,20.655,32937,5545,200.0,0,0,81.5
4034,reliability_dynamic_mobilenetv2,stable,features_16,1775838316639.935,1775838316714.938,75.003,11.000,63.003,19.546,32937,5545,200.0,0,0,76.0
4035,reliability_dynamic_mobilenetv2,stable,features_16,1775838316718.941,1775838316794.451,75.510,13.511,61.999,19.037,32937,5545,200.0,0,0,89.7
4036,reliability_dynamic_mobilenetv2,stable,features_16,1775838316798.451,1775838316880.960,82.509,13.000,68.508,22.329,32937,5545,200.0,0,0,80.5
4037,reliability_dynamic_mobilenetv2,stable,features_16,1775838316884.961,1775838316961.471,76.510,10.001,65.509,20.541,32937,5545,200.0,0,0,86.5
4038,reliability_dynamic_mobilenetv2,stable,features_16,1775838316964.475,1775838317038.980,74.505,11.998,61.507,18.789,32937,5545,200.0,0,0,79.1
4039,reliability_dynamic_mobilenetv2,stable,features_16,1775838317042.980,1775838317171.490,128.510,10.000,116.510,19.164,32937,5545,200.0,0,0,80.7
4040,reliability_dynamic_mobilenetv2,stable,features_16,1775838317174.491,1775838317255.000,80.508,13.000,66.508,20.173,32937,5545,200.0,0,0,90.0
4041,reliability_dynamic_mobilenetv2,stable,features_16,1775838317259.000,1775838317352.510,93.510,26.000,66.510,21.099,32937,5545,200.0,0,0,96.5
4042,reliability_dynamic_mobilenetv2,stable,features_16,1775838317357.510,1775838317449.019,91.509,28.003,63.507,20.254,32937,5545,200.0,0,0,87.6
4043,reliability_dynamic_mobilenetv2,stable,features_16,1775838317453.019,1775838317529.531,76.512,13.000,62.507,19.690,32937,5545,200.0,0,0,88.8
4044,reliability_dynamic_mobilenetv2,stable,features_16,1775838317533.531,1775838317623.537,90.007,21.001,67.004,20.610,32937,5545,200.0,0,0,92.8
4045,reliability_dynamic_mobilenetv2,stable,features_16,1775838317629.045,1775838317715.049,86.004,18.001,68.003,20.840,32937,5545,200.0,0,0,93.9
4046,reliability_dynamic_mobilenetv2,stable,features_16,1775838317720.049,1775838317806.563,86.515,20.516,64.000,20.218,32937,5545,200.0,0,0,95.2
4047,reliability_dynamic_mobilenetv2,stable,features_16,1775838317811.563,1775838317897.082,85.519,22.520,62.999,19.360,32937,5545,200.0,0,0,91.6
4048,reliability_dynamic_mobilenetv2,stable,features_16,1775838317901.082,1775838317979.596,78.514,15.005,62.507,19.837,32937,5545,200.0,0,0,85.4
4049,reliability_dynamic_mobilenetv2,stable,features_16,1775838317982.597,1775838318057.105,74.508,11.998,60.510,19.044,32937,5545,200.0,0,0,87.5
4050,reliability_dynamic_mobilenetv2,stable,features_16,1775838318061.105,1775838318155.615,94.510,17.000,76.510,34.464,32937,5545,200.0,0,0,88.7
4051,reliability_dynamic_mobilenetv2,stable,features_16,1775838318159.615,1775838318246.124,86.508,20.001,64.507,21.809,32937,5545,200.0,0,0,89.7
4052,reliability_dynamic_mobilenetv2,stable,features_16,1775838318250.124,1775838318328.630,78.506,11.000,66.506,21.107,32937,5545,200.0,0,0,83.8
4053,reliability_dynamic_mobilenetv2,stable,features_16,1775838318332.634,1775838318419.637,87.003,17.000,68.002,22.705,32937,5545,200.0,0,0,86.5
4054,reliability_dynamic_mobilenetv2,stable,features_16,1775838318423.637,1775838318497.153,73.516,13.518,59.997,18.780,32937,5545,200.0,0,0,88.8
4055,reliability_dynamic_mobilenetv2,stable,features_16,1775838318501.153,1775838318583.664,82.510,18.004,63.506,20.026,32937,5545,200.0,0,0,83.8
4056,reliability_dynamic_mobilenetv2,stable,features_16,1775838318587.663,1775838318674.173,86.510,19.001,66.708,21.454,32937,5545,200.0,0,0,87.5
4057,reliability_dynamic_mobilenetv2,stable,features_16,1775838318679.173,1775838318767.684,88.510,19.000,68.510,20.991,32937,5545,200.0,0,0,89.6
4058,reliability_dynamic_mobilenetv2,stable,features_16,1775838318770.685,1775838318860.196,89.511,18.002,71.509,26.032,32937,5545,200.0,0,0,90.6
4059,reliability_dynamic_mobilenetv2,stable,features_16,1775838318864.196,1775838318954.707,90.511,19.000,69.511,24.835,32937,5545,200.0,0,0,88.5
4060,reliability_dynamic_mobilenetv2,stable,features_16,1775838318958.708,1775838319045.217,86.510,15.002,69.507,19.284,32937,5545,200.0,0,0,88.8
4061,reliability_dynamic_mobilenetv2,stable,features_16,1775838319049.217,1775838319133.729,84.512,20.003,63.509,20.354,32937,5545,200.0,0,0,91.8
4062,reliability_dynamic_mobilenetv2,stable,features_16,1775838319137.729,1775838319235.242,97.513,27.000,69.513,21.857,32937,5545,200.0,0,0,98.0
4063,reliability_dynamic_mobilenetv2,stable,features_16,1775838319239.243,1775838319329.775,90.532,20.000,69.508,21.223,32937,5545,200.0,0,0,93.9
4064,reliability_dynamic_mobilenetv2,stable,features_16,1775838319333.779,1775838319420.782,87.004,21.001,63.004,19.347,32937,5545,200.0,0,0,93.8
4065,reliability_dynamic_mobilenetv2,stable,features_16,1775838319426.783,1775838319517.296,90.513,26.510,63.004,19.435,32937,5545,200.0,0,0,96.9
4066,reliability_dynamic_mobilenetv2,stable,features_16,1775838319521.296,1775838319611.529,90.233,20.233,67.999,21.042,32937,5545,200.0,0,0,94.8
4067,reliability_dynamic_mobilenetv2,stable,features_16,1775838319615.533,1775838319700.042,84.509,16.510,66.000,21.555,32937,5545,200.0,0,0,88.7
4068,reliability_dynamic_mobilenetv2,stable,features_16,1775838319704.042,1775838319784.558,80.516,18.006,60.511,19.208,32937,5545,200.0,0,0,96.2
4069,reliability_dynamic_mobilenetv2,stable,features_16,1775838319788.558,1775838319870.069,81.511,20.001,60.511,17.636,32937,5545,200.0,0,0,97.9
4070,reliability_dynamic_mobilenetv2,stable,features_16,1775838319874.069,1775838319958.585,84.516,15.001,68.516,20.618,32937,5545,200.0,0,0,91.5
4071,reliability_dynamic_mobilenetv2,stable,features_16,1775838319962.585,1775838320050.094,87.509,19.000,66.509,21.338,32937,5545,200.0,0,0,88.0
4072,reliability_dynamic_mobilenetv2,stable,features_16,1775838320054.094,1775838320128.600,74.506,13.004,61.503,19.147,32937,5545,200.0,0,0,94.0
4073,reliability_dynamic_mobilenetv2,stable,features_16,1775838320131.604,1775838320223.608,92.004,26.002,65.002,22.167,32937,5545,200.0,0,0,96.0
4074,reliability_dynamic_mobilenetv2,stable,features_16,1775838320227.609,1775838320311.127,83.518,13.519,68.000,19.589,32937,5545,200.0,0,0,98.1
4075,reliability_dynamic_mobilenetv2,stable,features_16,1775838320315.131,1775838320402.642,87.511,21.513,64.998,20.202,32937,5545,200.0,0,0,95.2
4076,reliability_dynamic_mobilenetv2,stable,features_16,1775838320406.643,1775838320510.154,103.511,16.004,87.507,20.515,32937,5545,200.0,0,0,89.4
4077,reliability_dynamic_mobilenetv2,stable,features_16,1775838320515.157,1775838320604.665,89.508,20.509,69.000,21.550,32937,5545,200.0,0,0,92.8
4078,reliability_dynamic_mobilenetv2,stable,features_16,1775838320608.665,1775838320693.180,84.515,19.511,64.004,19.482,32937,5545,200.0,0,0,85.0
4079,reliability_dynamic_mobilenetv2,stable,features_16,1775838320698.186,1775838320777.692,79.506,17.999,60.506,19.200,32937,5545,200.0,0,0,92.8
4080,reliability_dynamic_mobilenetv2,stable,features_16,1775838320781.692,1775838320869.203,87.511,21.000,64.504,20.186,32937,5545,200.0,0,0,91.8
4081,reliability_dynamic_mobilenetv2,stable,features_16,1775838320873.203,1775838320956.722,83.520,14.001,68.519,22.648,32937,5545,200.0,0,0,88.9
4082,reliability_dynamic_mobilenetv2,stable,features_16,1775838320961.721,1775838321040.231,78.510,17.004,60.506,18.347,32937,5545,200.0,0,0,93.8
4083,reliability_dynamic_mobilenetv2,stable,features_16,1775838321043.231,1775838321118.235,75.004,13.002,61.001,18.036,32937,5545,200.0,0,0,87.7
4084,reliability_dynamic_mobilenetv2,stable,features_16,1775838321122.235,1775838321214.748,92.513,23.510,69.003,21.597,32937,5545,200.0,0,0,90.6
4085,reliability_dynamic_mobilenetv2,stable,features_16,1775838321218.748,1775838321305.258,86.510,18.511,66.999,21.724,32937,5545,200.0,0,0,84.4
4086,reliability_dynamic_mobilenetv2,stable,features_16,1775838321308.258,1775838321392.771,84.514,21.516,61.997,19.736,32937,5545,200.0,0,0,88.0
4087,reliability_dynamic_mobilenetv2,stable,features_16,1775838321396.772,1775838321474.282,77.510,13.002,64.508,20.808,32937,5545,200.0,0,0,85.0
4088,reliability_dynamic_mobilenetv2,stable,features_16,1775838321478.282,1775838321562.792,84.510,15.000,68.510,21.266,32937,5545,200.0,0,0,86.5
4089,reliability_dynamic_mobilenetv2,stable,features_16,1775838321566.793,1775838321653.302,86.509,20.000,64.509,20.757,32937,5545,200.0,0,0,84.4
4090,reliability_dynamic_mobilenetv2,stable,features_16,1775838321656.302,1775838321741.812,85.510,19.001,64.509,20.209,32937,5545,200.0,0,0,91.2
4091,reliability_dynamic_mobilenetv2,stable,features_16,1775838321745.812,1775838321825.814,80.003,14.003,65.003,21.333,32937,5545,200.0,0,0,86.6
4092,reliability_dynamic_mobilenetv2,stable,features_16,1775838321830.321,1775838321911.321,81.000,15.001,63.999,21.061,32937,5545,200.0,0,0,82.5
4093,reliability_dynamic_mobilenetv2,stable,features_16,1775838321914.325,1775838321995.832,81.507,15.509,63.999,21.068,32937,5545,200.0,0,0,85.7
4094,reliability_dynamic_mobilenetv2,stable,features_16,1775838321999.832,1775838322085.344,85.511,20.004,63.507,19.865,32937,5545,200.0,0,0,85.0
4095,reliability_dynamic_mobilenetv2,stable,features_16,1775838322089.344,1775838322188.855,99.511,28.007,71.504,21.756,32937,5545,200.0,0,0,92.2
4096,reliability_dynamic_mobilenetv2,stable,features_16,1775838322192.855,1775838322271.370,78.516,13.003,64.513,18.985,32937,5545,200.0,0,0,80.0
4097,reliability_dynamic_mobilenetv2,stable,features_16,1775838322274.371,1775838322354.881,80.510,16.001,64.509,19.865,32937,5545,200.0,0,0,79.2
4098,reliability_dynamic_mobilenetv2,stable,features_16,1775838322358.882,1775838322434.391,75.509,10.001,64.509,19.909,32937,5545,200.0,0,0,77.5
4099,reliability_dynamic_mobilenetv2,stable,features_16,1775838322438.390,1775838322517.393,79.003,12.004,67.000,21.283,32937,5545,200.0,0,0,77.5
4100,reliability_dynamic_mobilenetv2,stable,features_16,1775838322521.393,1775838322623.919,102.526,16.017,84.509,19.753,32937,5545,200.0,0,0,77.7
4101,reliability_dynamic_mobilenetv2,stable,features_16,1775838322626.919,1775838322713.992,87.073,14.514,71.558,18.885,32937,5545,200.0,0,0,86.9
4102,reliability_dynamic_mobilenetv2,stable,features_16,1775838322718.996,1775838322814.510,95.514,16.512,77.000,26.191,32937,5545,200.0,0,0,82.3
4103,reliability_dynamic_mobilenetv2,stable,features_16,1775838322818.510,1775838322965.529,147.019,18.511,128.508,20.753,32937,5545,200.0,0,0,83.8
4104,reliability_dynamic_mobilenetv2,stable,features_16,1775838322969.537,1775838323058.040,88.503,11.996,76.507,19.794,32937,5545,200.0,0,0,83.3
4105,reliability_dynamic_mobilenetv2,stable,features_16,1775838323062.040,1775838323152.552,90.512,12.004,77.509,33.471,32937,5545,200.0,0,0,85.6
4106,reliability_dynamic_mobilenetv2,stable,features_16,1775838323155.553,1775838323237.069,81.516,19.000,61.516,19.908,32937,5545,200.0,0,0,97.5
4107,reliability_dynamic_mobilenetv2,stable,features_16,1775838323241.068,1775838323352.578,111.510,20.000,90.510,35.803,32937,5545,200.0,0,0,98.5
4108,reliability_dynamic_mobilenetv2,stable,features_16,1775838323356.578,1775838323442.091,85.512,19.000,65.512,21.082,32937,5545,200.0,0,0,98.9
4109,reliability_dynamic_mobilenetv2,stable,features_16,1775838323446.091,1775838323533.601,87.510,15.001,70.509,26.913,32937,5545,200.0,0,0,99.0
4110,reliability_dynamic_mobilenetv2,stable,features_16,1775838323537.601,1775838323622.605,85.004,22.000,62.003,18.862,32937,5545,200.0,0,0,96.0
4111,reliability_dynamic_mobilenetv2,stable,features_16,1775838323626.606,1775838323709.116,82.510,18.511,62.000,19.591,32937,5545,200.0,0,0,91.4
4112,reliability_dynamic_mobilenetv2,stable,features_16,1775838323712.116,1775838323800.627,88.511,19.511,66.999,21.780,32937,5545,200.0,0,0,91.7
4113,reliability_dynamic_mobilenetv2,stable,features_16,1775838323804.627,1775838323910.141,105.514,22.005,83.509,23.752,32937,5545,200.0,0,0,93.8
4114,reliability_dynamic_mobilenetv2,stable,features_16,1775838323915.150,1775838324012.664,97.514,32.513,63.001,18.819,32937,5545,200.0,0,0,93.9
4115,reliability_dynamic_mobilenetv2,stable,features_16,1775838324016.668,1775838324102.180,85.512,20.512,64.000,20.262,32937,5545,200.0,0,0,93.8
4116,reliability_dynamic_mobilenetv2,stable,features_16,1775838324107.181,1775838324206.699,99.518,30.519,66.999,21.332,32937,5545,200.0,0,0,100.0
4117,reliability_dynamic_mobilenetv2,stable,features_16,1775838324218.704,1775838324358.732,140.027,47.513,90.515,20.173,32937,5545,200.0,0,0,97.7
4118,reliability_dynamic_mobilenetv2,stable,features_16,1775838324362.732,1775838324443.651,80.919,18.000,61.919,19.022,32937,5545,200.0,0,0,96.3
4119,reliability_dynamic_mobilenetv2,stable,features_16,1775838324447.652,1775838324535.184,87.533,18.024,67.509,21.137,32937,5545,200.0,0,0,93.8
4120,reliability_dynamic_mobilenetv2,stable,features_16,1775838324540.185,1775838324626.188,86.003,16.003,68.001,20.475,32937,5545,200.0,0,0,90.7
4121,reliability_dynamic_mobilenetv2,stable,features_16,1775838324631.696,1775838324708.195,76.500,14.000,60.500,18.924,32937,5545,200.0,0,0,92.6
4122,reliability_dynamic_mobilenetv2,stable,features_16,1775838324712.195,1775838324791.712,79.517,17.010,60.507,18.991,32937,5545,200.0,0,0,92.1
4123,reliability_dynamic_mobilenetv2,stable,features_16,1775838324796.713,1775838324884.223,87.510,20.004,65.506,20.288,32937,5545,200.0,0,0,93.9
4124,reliability_dynamic_mobilenetv2,stable,features_16,1775838324888.223,1775838324972.733,84.510,18.000,64.509,20.672,32937,5545,200.0,0,0,88.8
4125,reliability_dynamic_mobilenetv2,stable,features_16,1775838324976.733,1775838325061.246,84.512,19.000,63.512,18.706,32937,5545,200.0,0,0,86.5
4126,reliability_dynamic_mobilenetv2,stable,features_16,1775838325066.246,1775838325151.756,85.510,24.000,60.510,18.270,32937,5545,200.0,0,0,91.8
4127,reliability_dynamic_mobilenetv2,stable,features_16,1775838325155.757,1775838325243.796,88.040,21.252,65.787,20.231,32937,5545,200.0,0,0,99.0
4128,reliability_dynamic_mobilenetv2,stable,features_16,1775838325248.798,1775838325339.307,90.509,24.999,64.511,19.570,32937,5545,200.0,0,0,92.8
4129,reliability_dynamic_mobilenetv2,stable,features_16,1775838325344.307,1775838325437.522,93.215,26.000,65.216,20.748,32937,5545,200.0,0,0,99.0
4130,reliability_dynamic_mobilenetv2,stable,features_16,1775838325441.522,1775838325534.034,92.512,28.001,63.514,19.479,32937,5545,200.0,0,0,97.0
4131,reliability_dynamic_mobilenetv2,stable,features_16,1775838325539.034,1775838325629.037,90.003,23.000,65.003,19.949,32937,5545,200.0,0,0,94.0
4132,reliability_dynamic_mobilenetv2,stable,features_16,1775838325632.544,1775838325719.547,87.003,19.000,66.003,21.334,32937,5545,200.0,0,0,92.8
4133,reliability_dynamic_mobilenetv2,stable,features_16,1775838325723.548,1775838325824.061,100.513,21.510,79.003,34.131,32937,5545,200.0,0,0,92.0
4134,reliability_dynamic_mobilenetv2,stable,features_16,1775838325828.061,1775838325909.580,81.520,18.521,62.000,18.699,32937,5545,200.0,0,0,96.4
4135,reliability_dynamic_mobilenetv2,stable,features_16,1775838325914.580,1775838326011.092,96.512,20.513,75.999,24.328,32937,5545,200.0,0,0,96.6
4136,reliability_dynamic_mobilenetv2,stable,features_16,1775838326016.095,1775838326106.605,90.510,21.511,68.999,20.323,32937,5545,200.0,0,0,92.8
4137,reliability_dynamic_mobilenetv2,stable,features_16,1775838326110.606,1775838326201.119,90.513,23.514,65.999,21.502,32937,5545,200.0,0,0,99.0
4138,reliability_dynamic_mobilenetv2,stable,features_16,1775838326205.120,1775838326303.632,98.511,22.005,74.507,25.734,32937,5545,200.0,0,0,93.9
4139,reliability_dynamic_mobilenetv2,stable,features_16,1775838326317.639,1775838326407.145,89.506,25.507,63.000,19.977,32937,5545,200.0,0,0,93.8
4140,reliability_dynamic_mobilenetv2,stable,features_16,1775838326411.145,1775838326512.661,101.516,23.516,76.000,32.801,32937,5545,200.0,0,0,90.2
4141,reliability_dynamic_mobilenetv2,stable,features_16,1775838326516.664,1775838326602.171,85.507,18.510,64.999,20.566,32937,5545,200.0,0,0,90.8
4142,reliability_dynamic_mobilenetv2,stable,features_16,1775838326606.172,1775838326690.681,84.510,18.004,65.506,20.767,32937,5545,200.0,0,0,92.5
4143,reliability_dynamic_mobilenetv2,stable,features_16,1775838326694.682,1775838326791.192,96.510,15.000,80.511,17.986,32937,5545,200.0,0,0,95.0
4144,reliability_dynamic_mobilenetv2,stable,features_16,1775838326794.193,1775838326911.707,117.514,17.000,100.514,36.350,32937,5545,200.0,0,0,84.8
4145,reliability_dynamic_mobilenetv2,stable,features_16,1775838326915.709,1775838327010.224,94.515,12.007,80.510,20.350,32937,5545,200.0,0,0,92.2
4146,reliability_dynamic_mobilenetv2,stable,features_16,1775838327013.224,1775838327135.252,122.028,16.006,105.022,35.353,32937,5545,200.0,0,0,85.0
4147,reliability_dynamic_mobilenetv2,stable,features_16,1775838327138.252,1775838327224.255,86.003,21.003,64.000,21.466,32937,5545,200.0,0,0,96.4
4148,reliability_dynamic_mobilenetv2,stable,features_16,1775838327228.255,1775838327313.775,85.520,20.520,64.000,21.315,32937,5545,200.0,0,0,95.0
4149,reliability_dynamic_mobilenetv2,stable,features_16,1775838327316.778,1775838327417.288,100.510,22.507,77.002,20.307,32937,5545,200.0,0,0,92.9
4150,reliability_dynamic_mobilenetv2,stable,features_16,1775838327421.288,1775838327513.800,92.512,21.513,69.999,20.647,32937,5545,200.0,0,0,96.9
4151,reliability_dynamic_mobilenetv2,stable,features_16,1775838327518.804,1775838327601.311,82.507,21.509,60.998,18.895,32937,5545,200.0,0,0,91.9
4152,reliability_dynamic_mobilenetv2,stable,features_16,1775838327606.311,1775838327691.822,85.510,20.004,63.507,20.459,32937,5545,200.0,0,0,96.4
4153,reliability_dynamic_mobilenetv2,stable,features_16,1775838327695.824,1775838327782.338,86.515,23.006,62.509,18.246,32937,5545,200.0,0,0,98.0
4154,reliability_dynamic_mobilenetv2,stable,features_16,1775838327787.338,1775838327890.848,103.510,21.002,82.508,39.410,32937,5545,200.0,0,0,98.3
4155,reliability_dynamic_mobilenetv2,stable,features_16,1775838327894.849,1775838327994.360,99.511,20.000,78.510,19.892,32937,5545,200.0,0,0,90.8
4156,reliability_dynamic_mobilenetv2,stable,features_16,1775838327998.359,1775838328082.873,84.514,18.011,65.504,20.262,32937,5545,200.0,0,0,92.6
4157,reliability_dynamic_mobilenetv2,stable,features_16,1775838328086.874,1775838328175.384,88.510,22.000,66.510,20.990,32937,5545,200.0,0,0,95.0
4158,reliability_dynamic_mobilenetv2,stable,features_16,1775838328180.387,1775838328267.894,87.506,22.999,63.506,18.663,32937,5545,200.0,0,0,93.9
4159,reliability_dynamic_mobilenetv2,stable,features_16,1775838328271.894,1775838328352.402,80.508,12.001,66.508,20.867,32937,5545,200.0,0,0,86.5
4160,reliability_dynamic_mobilenetv2,stable,features_16,1775838328356.402,1775838328433.912,77.510,10.001,65.508,20.381,32937,5545,200.0,0,0,79.3
4161,reliability_dynamic_mobilenetv2,stable,features_16,1775838328436.912,1775838328511.912,75.000,13.001,59.999,19.854,32937,5545,200.0,0,0,84.0
4162,reliability_dynamic_mobilenetv2,stable,features_16,1775838328516.915,1775838328672.933,156.018,18.509,136.509,85.036,32937,5545,200.0,0,0,80.6
4163,reliability_dynamic_mobilenetv2,stable,features_16,1775838328676.932,1775838328774.441,97.508,19.002,76.509,20.290,32937,5545,200.0,0,0,86.0
4164,reliability_dynamic_mobilenetv2,stable,features_16,1775838328777.441,1775838328861.953,84.512,13.002,70.510,21.609,32937,5545,200.0,0,0,80.7
4165,reliability_dynamic_mobilenetv2,stable,features_16,1775838328865.953,1775838328970.463,104.510,10.002,93.509,19.627,32937,5545,200.0,0,0,79.5
4166,reliability_dynamic_mobilenetv2,stable,features_16,1775838328974.462,1775838329057.971,83.509,17.000,64.509,19.020,32937,5545,200.0,0,0,80.2
4167,reliability_dynamic_mobilenetv2,stable,features_16,1775838329060.972,1775838329140.481,79.509,12.001,65.508,21.080,32937,5545,200.0,0,0,84.1
4168,reliability_dynamic_mobilenetv2,stable,features_16,1775838329144.482,1775838329235.992,91.510,19.000,70.511,24.835,32937,5545,200.0,0,0,90.7
4169,reliability_dynamic_mobilenetv2,stable,features_16,1775838329241.994,1775838329351.501,109.507,23.001,85.506,21.435,32937,5545,200.0,0,0,84.8
4170,reliability_dynamic_mobilenetv2,stable,features_16,1775838329355.504,1775838329439.010,83.507,17.998,65.509,20.704,32937,5545,200.0,0,0,80.2
4171,reliability_dynamic_mobilenetv2,stable,features_16,1775838329443.010,1775838329517.013,74.003,11.003,60.999,18.916,32937,5545,200.0,0,0,77.8
4172,reliability_dynamic_mobilenetv2,stable,features_16,1775838329519.013,1775838329619.523,100.510,15.508,84.001,18.919,32937,5545,200.0,0,0,76.8
4173,reliability_dynamic_mobilenetv2,stable,features_16,1775838329622.523,1775838329706.031,83.508,17.509,64.999,20.402,32937,5545,200.0,0,0,78.8
4174,reliability_dynamic_mobilenetv2,stable,features_16,1775838329709.030,1775838329822.547,113.517,35.514,76.002,31.089,32937,5545,200.0,0,0,87.2
4175,reliability_dynamic_mobilenetv2,stable,features_16,1775838329826.546,1775838329899.061,72.515,11.512,60.003,18.679,32937,5545,200.0,0,0,83.8
4176,reliability_dynamic_mobilenetv2,stable,features_16,1775838329903.061,1775838329994.573,91.513,11.001,79.512,20.133,32937,5545,200.0,0,0,85.4
4177,reliability_dynamic_mobilenetv2,stable,features_16,1775838329997.573,1775838330077.086,79.512,14.001,64.512,19.740,32937,5545,200.0,0,0,84.0
4178,reliability_dynamic_mobilenetv2,stable,features_16,1775838330081.086,1775838330195.610,114.523,41.005,72.511,21.752,32937,5545,200.0,0,0,100.0
4179,reliability_dynamic_mobilenetv2,stable,features_16,1775838330204.600,1775838330359.892,155.291,86.518,66.775,19.524,32937,5545,200.0,0,0,99.4
4180,reliability_dynamic_mobilenetv2,stable,features_16,1775838330365.892,1775838330519.418,153.527,85.524,67.003,19.039,32937,5545,200.0,0,0,99.4
4181,reliability_dynamic_mobilenetv2,stable,features_16,1775838330531.418,1775838330705.446,174.028,98.017,74.508,21.390,32937,5545,200.0,0,0,99.0
4182,reliability_dynamic_mobilenetv2,stable,features_16,1775838330716.448,1775838330890.487,174.039,99.522,73.512,21.041,32937,5545,200.0,0,0,99.0
4183,reliability_dynamic_mobilenetv2,stable,features_16,1775838330897.487,1775838331030.006,132.519,64.516,64.004,19.515,32937,5545,200.0,0,0,98.0
4184,reliability_dynamic_mobilenetv2,stable,features_16,1775838331035.516,1775838331202.037,166.521,95.009,67.005,20.341,32937,5545,200.0,0,0,97.8
4185,reliability_dynamic_mobilenetv2,stable,features_16,1775838331213.036,1775838331372.074,159.037,90.525,67.514,20.970,32937,5545,200.0,0,0,98.3
4186,reliability_dynamic_mobilenetv2,stable,features_16,1775838331378.074,1775838331504.588,126.513,56.516,68.000,19.240,32937,5545,200.0,0,0,97.0
4187,reliability_dynamic_mobilenetv2,stable,features_16,1775838331509.586,1775838331654.612,145.026,70.517,73.509,25.279,32937,5545,200.0,0,0,97.6
4188,reliability_dynamic_mobilenetv2,stable,features_16,1775838331658.612,1775838331796.123,137.511,64.003,69.507,23.303,32937,5545,200.0,0,0,98.7
4189,reliability_dynamic_mobilenetv2,stable,features_16,1775838331801.123,1775838331939.146,138.024,66.514,70.510,18.679,32937,5545,200.0,0,0,99.4
4190,reliability_dynamic_mobilenetv2,stable,features_16,1775838331946.146,1775838332061.660,115.514,46.000,68.512,21.530,32937,5545,200.0,0,0,97.7
4191,reliability_dynamic_mobilenetv2,stable,features_16,1775838332070.659,1775838332255.683,185.024,103.512,76.512,26.127,32937,5545,200.0,0,0,100.0
4192,reliability_dynamic_mobilenetv2,stable,features_16,1775838332265.683,1775838332416.197,150.513,76.514,72.001,20.634,32937,5545,200.0,0,0,98.9
4193,reliability_dynamic_mobilenetv2,stable,features_16,1775838332422.202,1775838332563.237,141.035,68.509,68.526,20.249,32937,5545,200.0,0,0,100.0
4194,reliability_dynamic_mobilenetv2,stable,features_16,1775838332569.237,1775838332728.755,159.517,93.511,63.001,19.704,32937,5545,200.0,0,0,100.0
4195,reliability_dynamic_mobilenetv2,stable,features_16,1775838332737.262,1775838332907.773,170.511,94.507,74.000,22.134,32937,5545,200.0,0,0,98.9
4196,reliability_dynamic_mobilenetv2,stable,features_16,1775838332918.779,1775838333084.811,166.032,96.511,68.521,21.205,32937,5545,200.0,0,0,96.7
4197,reliability_dynamic_mobilenetv2,stable,features_16,1775838333088.811,1775838333278.841,190.031,116.517,71.575,21.616,32937,5545,200.0,0,0,99.5
4198,reliability_dynamic_mobilenetv2,stable,features_16,1775838333283.842,1775838333427.358,143.516,79.514,63.003,19.079,32937,5545,200.0,0,0,98.0
4199,reliability_dynamic_mobilenetv2,stable,features_16,1775838333434.870,1775838333636.892,202.022,126.513,74.509,21.243,32937,5545,200.0,1,0,100.0
4200,reliability_dynamic_mobilenetv2,stable,features_16,1775838333648.894,1775838333814.405,165.511,92.512,72.000,20.652,32937,5545,200.0,0,0,98.4
4201,reliability_dynamic_mobilenetv2,stable,features_16,1775838333821.408,1775838333984.430,163.022,91.510,70.970,21.771,32937,5545,200.0,0,0,100.0
4202,reliability_dynamic_mobilenetv2,stable,features_16,1775838333997.433,1775838334192.460,195.027,121.518,71.510,22.034,32937,5545,200.0,0,0,100.0
4203,reliability_dynamic_mobilenetv2,stable,features_16,1775838334204.460,1775838334392.492,188.032,77.522,110.510,18.802,32937,5545,200.0,0,0,97.2
4204,reliability_dynamic_mobilenetv2,stable,features_16,1775838334397.493,1775838334498.005,100.513,34.005,65.509,18.754,32937,5545,200.0,0,0,93.9
4205,reliability_dynamic_mobilenetv2,stable,features_16,1775838334502.006,1775838334611.518,109.512,32.512,75.000,25.273,32937,5545,200.0,0,0,99.2
4206,reliability_dynamic_mobilenetv2,stable,features_16,1775838334616.518,1775838334723.044,106.527,39.525,67.002,20.181,32937,5545,200.0,0,0,92.0
4207,reliability_dynamic_mobilenetv2,stable,features_16,1775838334729.044,1775838334865.067,136.023,64.510,69.511,22.845,32937,5545,200.0,0,0,97.4
4208,reliability_dynamic_mobilenetv2,stable,features_16,1775838334874.067,1775838334992.580,118.512,45.005,70.510,22.945,32937,5545,200.0,0,0,99.3
4209,reliability_dynamic_mobilenetv2,stable,features_16,1775838335004.582,1775838335184.615,180.033,104.519,70.518,21.990,32937,5545,200.0,0,0,99.0
4210,reliability_dynamic_mobilenetv2,stable,features_16,1775838335192.614,1775838335372.675,180.061,104.531,73.526,23.055,32937,5545,200.0,0,0,99.5
4211,reliability_dynamic_mobilenetv2,stable,features_16,1775838335380.676,1775838335540.710,160.033,92.517,65.514,20.500,32937,5545,200.0,0,0,100.0
4212,reliability_dynamic_mobilenetv2,stable,features_16,1775838335547.710,1775838335718.232,170.522,100.517,68.002,20.001,32937,5545,200.0,0,0,97.8
4213,reliability_dynamic_mobilenetv2,stable,features_16,1775838335730.232,1775838335915.270,185.037,113.037,70.000,21.714,32937,5545,200.0,0,0,100.0
4214,reliability_dynamic_mobilenetv2,stable,features_16,1775838335925.281,1775838336113.311,188.029,102.518,80.513,26.703,32937,5545,200.0,0,0,96.1
4215,reliability_dynamic_mobilenetv2,stable,features_16,1775838336122.310,1775838336292.339,170.029,95.515,71.510,21.021,32937,5545,200.0,0,0,99.0
4216,reliability_dynamic_mobilenetv2,stable,features_16,1775838336298.339,1775838336473.364,175.024,87.514,78.510,22.220,32937,5545,200.0,0,0,98.3
4217,reliability_dynamic_mobilenetv2,stable,features_16,1775838336483.364,1775838336617.877,134.513,63.514,70.000,23.101,32937,5545,200.0,0,0,99.4
4218,reliability_dynamic_mobilenetv2,stable,features_16,1775838336625.880,1775838336767.370,141.490,76.515,62.978,21.524,32937,5545,200.0,0,0,100.0
4219,reliability_dynamic_mobilenetv2,stable,features_16,1775838336774.371,1775838336950.395,176.024,99.514,76.510,23.160,32937,5545,200.0,0,0,98.0
4220,reliability_dynamic_mobilenetv2,stable,features_16,1775838336959.395,1775838337167.420,208.025,114.512,92.515,22.892,32937,5545,200.0,1,0,100.0
4221,reliability_dynamic_mobilenetv2,stable,features_16,1775838337175.419,1775838337399.446,224.027,146.519,70.508,22.455,32937,5545,200.0,1,0,100.0
4222,reliability_dynamic_mobilenetv2,stable,features_16,1775838337408.446,1775838337627.489,219.043,150.039,65.003,21.723,32937,5545,200.0,1,0,100.0
4223,reliability_dynamic_mobilenetv2,stable,features_16,1775838337638.996,1775838337851.024,212.028,139.517,72.510,24.609,32937,5545,200.0,1,0,100.0
4224,reliability_dynamic_mobilenetv2,stable,features_16,1775838337860.024,1775838338069.049,209.025,129.512,73.514,22.228,32937,5545,200.0,1,0,100.0
4225,reliability_dynamic_mobilenetv2,stable,features_16,1775838338075.049,1775838338241.080,166.031,95.514,69.517,21.584,32937,5545,200.0,0,0,99.5
4226,reliability_dynamic_mobilenetv2,stable,features_16,1775838338249.080,1775838338442.105,193.025,111.512,78.513,21.540,32937,5545,200.0,0,0,100.0
4227,reliability_dynamic_mobilenetv2,stable,features_16,1775838338455.105,1775838338675.131,220.026,138.514,75.512,26.690,32937,5545,200.0,1,0,100.0
4228,reliability_dynamic_mobilenetv2,stable,features_16,1775838338689.132,1775838338920.168,231.036,144.025,84.005,25.713,32937,5545,200.0,1,0,99.6
4229,reliability_dynamic_mobilenetv2,stable,features_16,1775838338939.681,1775838339244.230,304.550,187.524,108.517,24.127,32937,5545,200.0,1,0,100.0
4230,reliability_dynamic_mobilenetv2,stable,features_16,1775838339255.231,1775838339462.267,207.036,129.522,75.665,23.546,32937,5545,200.0,1,0,100.0
4231,reliability_dynamic_mobilenetv2,stable,features_16,1775838339474.267,1775838339644.303,170.036,95.518,73.517,22.487,32937,5545,200.0,0,0,98.9
4232,reliability_dynamic_mobilenetv2,stable,features_16,1775838339649.302,1775838339734.197,84.895,13.000,70.887,22.634,32937,5545,200.0,0,0,94.9
4233,reliability_dynamic_mobilenetv2,stable,features_16,1775838339746.197,1775838339913.714,167.516,91.517,74.000,23.296,32937,5545,200.0,0,0,98.3
4234,reliability_dynamic_mobilenetv2,stable,features_16,1775838339922.717,1775838340072.735,150.018,76.509,73.509,25.506,32937,5545,200.0,0,0,95.6
4235,reliability_dynamic_mobilenetv2,stable,features_16,1775838340076.735,1775838341195.713,1118.978,15.000,1101.981,40.367,32937,5545,200.0,1,0,80.2
4236,reliability_dynamic_mobilenetv2,stable,features_16,1775838341206.709,1775838341381.735,175.026,106.513,66.513,22.233,32937,5545,200.0,0,0,97.5
4237,reliability_dynamic_mobilenetv2,stable,features_16,1775838341392.735,1775838341557.858,165.123,94.610,65.513,21.202,32937,5545,200.0,0,0,96.4
4238,reliability_dynamic_mobilenetv2,stable,features_16,1775838341571.858,1775838341733.875,162.018,88.510,71.003,21.052,32937,5545,200.0,0,0,96.8
4239,reliability_dynamic_mobilenetv2,stable,features_16,1775838341743.879,1775838341876.390,132.511,60.005,71.506,24.266,32937,5545,200.0,0,0,92.4
4240,reliability_dynamic_mobilenetv2,stable,features_16,1775838341883.390,1775838342008.917,125.527,48.009,76.518,25.490,32937,5545,200.0,0,0,95.4
4241,reliability_dynamic_mobilenetv2,stable,features_16,1775838342014.917,1775838342115.429,100.512,31.513,68.999,22.347,32937,5545,200.0,0,0,99.0
4242,reliability_dynamic_mobilenetv2,stable,features_16,1775838342120.432,1775838342217.946,97.514,32.516,63.998,21.594,32937,5545,200.0,0,0,93.0
4243,reliability_dynamic_mobilenetv2,stable,features_16,1775838342223.948,1775838342318.456,94.508,22.508,71.999,22.763,32937,5545,200.0,0,0,90.9
4244,reliability_dynamic_mobilenetv2,stable,features_16,1775838342323.459,1775838342427.986,104.526,29.521,74.006,23.225,32937,5545,200.0,0,0,96.5
4245,reliability_dynamic_mobilenetv2,stable,features_16,1775838342445.498,1775838342559.545,114.048,43.001,67.045,20.724,32937,5545,200.0,0,0,96.6
4246,reliability_dynamic_mobilenetv2,stable,features_16,1775838342565.546,1775838342685.060,119.515,45.003,73.511,25.626,32937,5545,200.0,0,0,98.5
4247,reliability_dynamic_mobilenetv2,stable,features_16,1775838342696.060,1775838342880.101,184.041,107.523,75.520,26.684,32937,5545,200.0,0,0,98.5
4248,reliability_dynamic_mobilenetv2,stable,features_16,1775838342890.101,1775838343065.135,175.034,91.512,79.522,24.906,32937,5545,200.0,0,0,96.1
4249,reliability_dynamic_mobilenetv2,stable,features_16,1775838343072.133,1775838343288.172,216.039,139.519,75.521,23.492,32937,5545,200.0,1,0,100.0
4250,reliability_dynamic_mobilenetv2,stable,features_16,1775838343298.172,1775838343449.208,151.036,84.531,66.505,21.436,32937,5545,200.0,0,0,97.3
4251,reliability_dynamic_mobilenetv2,stable,features_16,1775838343460.209,1775838343622.049,161.839,86.516,73.322,24.578,32937,5545,200.0,0,0,98.9
4252,reliability_dynamic_mobilenetv2,stable,features_16,1775838343628.048,1775838343788.074,160.026,83.514,74.515,23.709,32937,5545,200.0,0,0,97.0
4253,reliability_dynamic_mobilenetv2,stable,features_16,1775838343800.075,1775838343988.106,188.031,109.523,77.507,23.347,32937,5545,200.0,0,0,100.0
4254,reliability_dynamic_mobilenetv2,stable,features_16,1775838343996.107,1775838344180.144,184.037,103.521,75.518,22.876,32937,5545,200.0,0,0,98.6
4255,reliability_dynamic_mobilenetv2,stable,features_16,1775838344351.215,1775838344769.268,418.053,348.543,67.510,24.745,32937,5545,200.0,1,0,99.4
4256,reliability_dynamic_mobilenetv2,stable,features_16,1775838344776.268,1775838344896.778,120.510,53.004,65.507,21.925,32937,5545,200.0,0,0,96.2
4257,reliability_dynamic_mobilenetv2,stable,features_16,1775838344901.779,1775838345029.293,127.514,57.512,69.002,22.291,32937,5545,200.0,0,0,94.7
4258,reliability_dynamic_mobilenetv2,stable,features_16,1775838345033.293,1775838345167.321,134.028,56.514,76.515,23.036,32937,5545,200.0,0,0,96.1
4259,reliability_dynamic_mobilenetv2,stable,features_16,1775838345174.321,1775838345305.838,131.517,64.515,65.001,23.499,32937,5545,200.0,0,0,96.2
4260,reliability_dynamic_mobilenetv2,stable,features_16,1775838345313.835,1775838345440.855,127.021,57.512,67.509,23.084,32937,5545,200.0,0,0,95.5
4261,reliability_dynamic_mobilenetv2,stable,features_16,1775838345446.856,1775838345582.365,135.509,59.000,72.510,25.567,32937,5545,200.0,0,0,95.3
4262,reliability_dynamic_mobilenetv2,stable,features_16,1775838345590.366,1775838345720.880,130.514,61.511,68.000,21.326,32937,5545,200.0,0,0,96.0
4263,reliability_dynamic_mobilenetv2,stable,features_16,1775838345729.880,1775838345907.903,178.023,63.510,112.514,22.815,32937,5545,200.0,0,0,98.0
4264,reliability_dynamic_mobilenetv2,stable,features_16,1775838345914.903,1775838346052.927,138.024,68.514,66.511,21.018,32937,5545,200.0,0,0,97.3
4265,reliability_dynamic_mobilenetv2,stable,features_16,1775838346062.928,1775838346218.439,155.510,70.004,80.000,27.159,32937,5545,200.0,0,0,95.0
4266,reliability_dynamic_mobilenetv2,stable,features_16,1775838346224.443,1775838346371.662,147.220,73.507,71.710,23.726,32937,5545,200.0,0,0,97.6
4267,reliability_dynamic_mobilenetv2,stable,features_16,1775838346377.662,1775838346552.687,175.024,103.513,64.511,19.715,32937,5545,200.0,0,0,98.9
4268,reliability_dynamic_mobilenetv2,stable,features_16,1775838346557.687,1775838346722.201,164.514,89.511,73.003,21.309,32937,5545,200.0,0,0,96.6
4269,reliability_dynamic_mobilenetv2,stable,features_16,1775838346733.200,1775838346889.221,156.021,87.514,67.507,21.193,32937,5545,200.0,0,0,95.6
4270,reliability_dynamic_mobilenetv2,stable,features_16,1775838346896.222,1775838347045.246,149.024,82.513,65.511,20.555,32937,5545,200.0,0,0,98.8
4271,reliability_dynamic_mobilenetv2,stable,features_16,1775838347054.246,1775838347181.760,127.514,54.001,72.513,25.475,32937,5545,200.0,0,0,98.0
4272,reliability_dynamic_mobilenetv2,stable,features_16,1775838347188.760,1775838347483.600,294.840,224.330,69.510,22.190,32937,5545,200.0,1,0,99.7
4273,reliability_dynamic_mobilenetv2,stable,features_16,1775838347495.600,1775838347643.622,148.021,76.514,70.508,23.963,32937,5545,200.0,0,0,97.6
4274,reliability_dynamic_mobilenetv2,stable,features_16,1775838347650.622,1775838347793.133,142.511,68.001,73.510,22.780,32937,5545,200.0,0,0,95.1
4275,reliability_dynamic_mobilenetv2,stable,features_16,1775838347801.132,1775838347939.438,138.306,63.521,69.785,21.921,32937,5545,200.0,0,0,97.3
4276,reliability_dynamic_mobilenetv2,stable,features_16,1775838347946.438,1775838348107.951,161.512,92.515,66.998,20.847,32937,5545,200.0,0,0,98.4
4277,reliability_dynamic_mobilenetv2,stable,features_16,1775838348117.951,1775838348326.472,208.521,116.516,89.500,23.854,32937,5545,200.0,1,0,99.6
4278,reliability_dynamic_mobilenetv2,stable,features_16,1775838348335.974,1775838348485.488,149.514,79.004,65.510,21.234,32937,5545,200.0,0,0,100.0
4279,reliability_dynamic_mobilenetv2,stable,features_16,1775838348497.488,1775838348657.510,160.022,82.512,75.510,22.455,32937,5545,200.0,0,0,100.0
4280,reliability_dynamic_mobilenetv2,stable,features_16,1775838348665.512,1775838348806.033,140.521,65.005,72.516,23.838,32937,5545,200.0,0,0,98.2
4281,reliability_dynamic_mobilenetv2,stable,features_16,1775838348811.031,1775838348963.065,152.034,84.520,65.517,20.510,32937,5545,200.0,0,0,99.4
4282,reliability_dynamic_mobilenetv2,stable,features_16,1775838348968.065,1775838349138.103,170.038,93.513,75.525,22.544,32937,5545,200.0,0,0,100.0
4283,reliability_dynamic_mobilenetv2,stable,features_16,1775838349165.099,1775838349398.124,233.026,160.516,69.511,23.099,32937,5545,200.0,1,0,99.7
4284,reliability_dynamic_mobilenetv2,stable,features_16,1775838349412.125,1775838349557.159,145.034,74.513,69.521,22.109,32937,5545,200.0,0,0,100.0
4285,reliability_dynamic_mobilenetv2,stable,features_16,1775838349566.157,1775838349734.684,168.527,90.518,76.011,23.638,32937,5545,200.0,0,0,97.2
4286,reliability_dynamic_mobilenetv2,stable,features_16,1775838349743.193,1775838349916.706,173.512,95.513,72.999,22.738,32937,5545,200.0,0,0,99.5
4287,reliability_dynamic_mobilenetv2,stable,features_16,1775838349928.710,1775838350091.729,163.020,94.513,66.506,21.639,32937,5545,200.0,0,0,100.0
4288,reliability_dynamic_mobilenetv2,stable,features_16,1775838350099.730,1775838350280.760,181.031,105.515,72.514,24.547,32937,5545,200.0,0,0,99.0
4289,reliability_dynamic_mobilenetv2,stable,features_16,1775838350295.759,1775838350492.090,196.331,123.522,72.047,22.930,32937,5545,200.0,0,0,99.6
4290,reliability_dynamic_mobilenetv2,stable,features_16,1775838350504.091,1775838350651.121,147.031,72.513,67.514,21.362,32937,5545,200.0,0,0,97.1
4291,reliability_dynamic_mobilenetv2,stable,features_16,1775838350660.118,1775838350822.644,162.526,90.521,68.999,21.571,32937,5545,200.0,0,0,98.4
4292,reliability_dynamic_mobilenetv2,stable,features_16,1775838350829.644,1775838350998.667,169.023,93.513,70.510,21.806,32937,5545,200.0,0,0,100.0
4293,reliability_dynamic_mobilenetv2,stable,features_16,1775838351004.667,1775838351195.710,191.044,111.521,77.524,23.596,32937,5545,200.0,0,0,99.5
4294,reliability_dynamic_mobilenetv2,stable,features_16,1775838351208.711,1775838351402.753,194.042,121.530,71.513,22.414,32937,5545,200.0,0,0,100.0
4295,reliability_dynamic_mobilenetv2,stable,features_16,1775838351412.754,1775838351661.298,248.544,121.528,126.017,21.552,32937,5545,200.0,1,0,97.0
4296,reliability_dynamic_mobilenetv2,stable,features_16,1775838351671.299,1775838351829.814,158.515,75.511,81.003,25.668,32937,5545,200.0,0,0,98.9
4297,reliability_dynamic_mobilenetv2,stable,features_16,1775838351840.326,1775838352000.836,160.509,77.998,81.511,25.618,32937,5545,200.0,0,0,96.7
4298,reliability_dynamic_mobilenetv2,stable,features_16,1775838352005.978,1775838352152.870,146.892,67.380,78.510,24.085,32937,5545,200.0,0,0,100.0
4299,reliability_dynamic_mobilenetv2,stable,features_16,1775838352161.872,1775838352345.894,184.022,114.512,67.508,21.862,32937,5545,200.0,0,0,100.0
4300,reliability_dynamic_mobilenetv2,stable,features_16,1775838352355.894,1775838352525.412,169.518,97.514,71.003,21.952,32937,5545,200.0,0,0,100.0
4301,reliability_dynamic_mobilenetv2,stable,features_16,1775838352533.412,1775838352658.574,125.163,60.655,64.508,21.470,32937,5545,200.0,0,0,94.0
4302,reliability_dynamic_mobilenetv2,stable,features_16,1775838352665.574,1775838352797.091,131.517,63.008,67.511,21.213,32937,5545,200.0,0,0,99.3
4303,reliability_dynamic_mobilenetv2,stable,features_16,1775838352806.094,1775838352967.118,161.024,85.513,72.512,24.465,32937,5545,200.0,0,0,98.4
4304,reliability_dynamic_mobilenetv2,stable,features_16,1775838352977.118,1775838353135.637,158.519,80.520,77.000,23.331,32937,5545,200.0,0,0,96.2
4305,reliability_dynamic_mobilenetv2,stable,features_16,1775838353154.145,1775838353319.663,165.518,96.519,67.999,20.291,32937,5545,200.0,0,0,100.0
4306,reliability_dynamic_mobilenetv2,stable,features_16,1775838353328.667,1775838353492.688,164.021,93.510,68.507,20.527,32937,5545,200.0,0,0,99.5
4307,reliability_dynamic_mobilenetv2,stable,features_16,1775838353497.688,1775838353662.719,165.030,87.517,72.510,26.107,32937,5545,200.0,0,0,97.6
4308,reliability_dynamic_mobilenetv2,stable,features_16,1775838353670.717,1775838353840.746,170.029,92.522,75.512,25.806,32937,5545,200.0,0,0,98.0
4309,reliability_dynamic_mobilenetv2,stable,features_16,1775838353848.748,1775838354028.271,179.523,107.517,71.008,19.034,32937,5545,200.0,0,0,99.0
4310,reliability_dynamic_mobilenetv2,stable,features_16,1775838354040.786,1775838354152.742,111.956,48.000,61.956,19.038,32937,5545,200.0,0,0,99.2
4311,reliability_dynamic_mobilenetv2,stable,features_16,1775838354175.742,1775838354328.270,152.528,82.523,67.003,20.363,32937,5545,200.0,0,0,98.9
4312,reliability_dynamic_mobilenetv2,stable,features_16,1775838354333.270,1775838354472.289,139.019,68.510,69.509,22.245,32937,5545,200.0,0,0,97.3
4313,reliability_dynamic_mobilenetv2,stable,features_16,1775838354478.289,1775838354620.804,142.515,69.518,68.000,20.395,32937,5545,200.0,0,0,98.2
4314,reliability_dynamic_mobilenetv2,stable,features_16,1775838354628.807,1775838354754.837,126.030,53.511,71.517,20.817,32937,5545,200.0,0,0,100.0
4315,reliability_dynamic_mobilenetv2,stable,features_16,1775838354763.833,1775838354905.361,141.529,71.008,69.518,20.855,32937,5545,200.0,0,0,97.6
4316,reliability_dynamic_mobilenetv2,stable,features_16,1775838354916.362,1775838355075.385,159.023,81.512,76.510,22.798,32937,5545,200.0,0,0,100.0
4317,reliability_dynamic_mobilenetv2,stable,features_16,1775838355082.386,1775838355197.397,115.011,42.007,72.004,23.141,32937,5545,200.0,0,0,97.8
4318,reliability_dynamic_mobilenetv2,stable,features_16,1775838355206.397,1775838355344.420,138.023,63.513,73.508,21.083,32937,5545,200.0,0,0,96.8
4319,reliability_dynamic_mobilenetv2,stable,features_16,1775838355355.426,1775838355480.932,125.507,60.998,62.511,18.787,32937,5545,200.0,0,0,94.0
4320,reliability_dynamic_mobilenetv2,stable,features_16,1775838355487.933,1775838355612.447,124.514,57.513,66.001,20.063,32937,5545,200.0,0,0,100.0
4321,reliability_dynamic_mobilenetv2,stable,features_16,1775838355623.456,1775838355769.477,146.021,77.512,67.509,20.787,32937,5545,200.0,0,0,100.0
4322,reliability_dynamic_mobilenetv2,stable,features_16,1775838355778.477,1775838355924.011,145.534,77.517,68.017,21.443,32937,5545,200.0,0,0,97.6
4323,reliability_dynamic_mobilenetv2,stable,features_16,1775838355928.999,1775838356080.022,151.023,82.511,66.512,20.712,32937,5545,200.0,0,0,100.0
4324,reliability_dynamic_mobilenetv2,stable,features_16,1775838356093.022,1775838356226.545,133.523,63.518,69.004,21.096,32937,5545,200.0,0,0,100.0
4325,reliability_dynamic_mobilenetv2,stable,features_16,1775838356240.050,1775838356407.570,167.520,92.004,72.516,21.332,32937,5545,200.0,0,0,100.0
4326,reliability_dynamic_mobilenetv2,stable,features_16,1775838356420.570,1775838356559.784,139.214,65.696,72.516,22.347,32937,5545,200.0,0,0,98.2
4327,reliability_dynamic_mobilenetv2,stable,features_16,1775838356566.781,1775838356727.307,160.525,94.520,66.005,19.968,32937,5545,200.0,0,0,98.4
4328,reliability_dynamic_mobilenetv2,stable,features_16,1775838356736.306,1775838356891.326,155.020,78.510,72.511,20.496,32937,5545,200.0,0,0,98.2
4329,reliability_dynamic_mobilenetv2,stable,features_16,1775838356899.326,1775838357077.359,178.033,101.514,70.516,21.752,32937,5545,200.0,0,0,97.5
4330,reliability_dynamic_mobilenetv2,stable,features_16,1775838357082.356,1775838357189.875,107.519,40.003,66.515,21.120,32937,5545,200.0,0,0,97.4
4331,reliability_dynamic_mobilenetv2,stable,features_16,1775838357199.877,1775838357416.916,217.039,96.526,119.516,20.990,32937,5545,200.0,1,0,95.9
4332,reliability_dynamic_mobilenetv2,stable,features_16,1775838357425.920,1775838357570.939,145.019,75.508,68.512,19.903,32937,5545,200.0,0,0,100.0
4333,reliability_dynamic_mobilenetv2,stable,features_16,1775838357575.938,1775838357703.457,127.519,54.008,69.511,19.871,32937,5545,200.0,0,0,96.2
4334,reliability_dynamic_mobilenetv2,stable,features_16,1775838357713.456,1775838357875.489,162.033,87.523,69.512,20.768,32937,5545,200.0,0,0,98.3
4335,reliability_dynamic_mobilenetv2,stable,features_16,1775838357882.489,1775838358026.022,143.533,70.528,70.006,20.291,32937,5545,200.0,0,0,99.4
4336,reliability_dynamic_mobilenetv2,stable,features_16,1775838358032.022,1775838358191.051,159.029,81.515,75.517,21.064,32937,5545,200.0,0,0,98.8
4337,reliability_dynamic_mobilenetv2,stable,features_16,1775838358198.051,1775838358361.086,163.035,94.523,64.513,19.696,32937,5545,200.0,0,0,98.9
4338,reliability_dynamic_mobilenetv2,stable,features_16,1775838358374.086,1775838358524.602,150.516,81.513,67.999,20.593,32937,5545,200.0,0,0,99.5
4339,reliability_dynamic_mobilenetv2,stable,features_16,1775838358533.608,1775838358686.633,153.025,79.506,71.520,22.343,32937,5545,200.0,0,0,99.4
4340,reliability_dynamic_mobilenetv2,stable,features_16,1775838358694.633,1775838358884.657,190.024,109.512,74.514,22.044,32937,5545,200.0,0,0,98.6
4341,reliability_dynamic_mobilenetv2,stable,features_16,1775838358890.658,1775838359003.169,112.511,46.005,65.507,19.594,32937,5545,200.0,0,0,99.2
4342,reliability_dynamic_mobilenetv2,stable,features_16,1775838359015.173,1775838359174.198,159.025,93.511,63.514,19.574,32937,5545,200.0,0,0,100.0
4343,reliability_dynamic_mobilenetv2,stable,features_16,1775838359182.199,1775838359366.224,184.024,108.514,74.511,22.798,32937,5545,200.0,0,0,98.1
4344,reliability_dynamic_mobilenetv2,stable,features_16,1775838359378.228,1775838359529.741,151.513,79.509,70.006,20.825,32937,5545,200.0,0,0,100.0
4345,reliability_dynamic_mobilenetv2,stable,features_16,1775838359539.244,1775838359719.770,180.526,113.527,65.998,20.099,32937,5545,200.0,0,0,100.0
4346,reliability_dynamic_mobilenetv2,stable,features_16,1775838359729.774,1775838359884.912,155.138,93.625,60.514,18.764,32937,5545,200.0,0,0,98.4
4347,reliability_dynamic_mobilenetv2,stable,features_16,1775838359889.912,1775838360039.954,150.042,65.522,83.515,29.391,32937,5545,200.0,0,0,100.0
4348,reliability_dynamic_mobilenetv2,stable,features_16,1775838360046.954,1775838360256.987,210.033,140.515,68.518,21.782,32937,5545,200.0,1,0,100.0
4349,reliability_dynamic_mobilenetv2,stable,features_16,1775838360283.987,1775838360544.973,260.986,178.030,80.961,25.715,32937,5545,200.0,1,0,100.0
4350,reliability_dynamic_mobilenetv2,stable,features_16,1775838360552.973,1775838360707.492,154.519,79.011,73.509,25.069,32937,5545,200.0,0,0,98.2
4351,reliability_dynamic_mobilenetv2,stable,features_16,1775838360716.492,1775838360927.523,211.031,142.026,68.005,21.539,32937,5545,200.0,1,0,98.7
4352,reliability_dynamic_mobilenetv2,stable,features_16,1775838360937.524,1775838361065.542,128.019,55.509,70.511,21.188,32937,5545,200.0,0,0,100.0
4353,reliability_dynamic_mobilenetv2,stable,features_16,1775838361074.542,1775838361232.078,157.535,82.523,73.007,23.612,32937,5545,200.0,0,0,97.4
4354,reliability_dynamic_mobilenetv2,stable,features_16,1775838361243.586,1775838361421.112,177.526,100.528,74.999,22.902,32937,5545,200.0,0,0,97.0
4355,reliability_dynamic_mobilenetv2,stable,features_16,1775838361429.116,1775838361557.136,128.020,59.510,65.512,20.674,32937,5545,200.0,0,0,96.6
4356,reliability_dynamic_mobilenetv2,stable,features_16,1775838361565.136,1775838361722.163,157.027,81.515,71.512,20.240,32937,5545,200.0,0,0,97.0
4357,reliability_dynamic_mobilenetv2,stable,features_16,1775838361735.169,1775838361892.198,157.030,85.511,70.519,21.592,32937,5545,200.0,0,0,98.9
4358,reliability_dynamic_mobilenetv2,stable,features_16,1775838361904.200,1775838362078.223,174.023,96.511,77.512,23.191,32937,5545,200.0,0,0,98.0
4359,reliability_dynamic_mobilenetv2,stable,features_16,1775838362088.223,1775838362257.512,169.289,95.764,72.526,23.744,32937,5545,200.0,0,0,100.0
4360,reliability_dynamic_mobilenetv2,stable,features_16,1775838362266.515,1775838362455.542,189.027,113.511,71.512,20.672,32937,5545,200.0,0,0,98.1
4361,reliability_dynamic_mobilenetv2,stable,features_16,1775838362461.539,1775838362580.065,118.526,46.999,69.528,24.383,32937,5545,200.0,0,0,97.7
4362,reliability_dynamic_mobilenetv2,stable,features_16,1775838362590.069,1775838362713.578,123.509,45.001,78.508,22.620,32937,5545,200.0,0,0,96.0
4363,reliability_dynamic_mobilenetv2,stable,features_16,1775838362718.578,1775838362816.099,97.521,26.521,69.000,24.620,32937,5545,200.0,0,0,94.0
4364,reliability_dynamic_mobilenetv2,stable,features_16,1775838362820.099,1775838362989.134,169.035,94.525,72.511,24.684,32937,5545,200.0,0,0,98.4
4365,reliability_dynamic_mobilenetv2,stable,features_16,1775838362997.134,1775838363175.160,178.026,58.515,117.507,23.636,32937,5545,200.0,0,0,95.0
4366,reliability_dynamic_mobilenetv2,stable,features_16,1775838363191.161,1775838363400.194,209.033,138.527,69.510,21.184,32937,5545,200.0,1,0,100.0
4367,reliability_dynamic_mobilenetv2,stable,features_16,1775838363416.194,1775838363620.224,204.030,125.030,74.001,23.519,32937,5545,200.0,1,0,99.6
4368,reliability_dynamic_mobilenetv2,stable,features_16,1775838363631.232,1775838363810.266,179.034,105.518,72.516,23.299,32937,5545,200.0,0,0,100.0
4369,reliability_dynamic_mobilenetv2,stable,features_16,1775838363819.266,1775838363987.298,168.032,97.518,69.517,24.101,32937,5545,200.0,0,0,100.0
4370,reliability_dynamic_mobilenetv2,stable,features_16,1775838363997.297,1775838364205.329,208.032,132.534,73.498,21.881,32937,5545,200.0,1,0,99.1
4371,reliability_dynamic_mobilenetv2,stable,features_16,1775838364219.331,1775838364416.368,197.037,117.523,77.514,21.726,32937,5545,200.0,0,0,100.0
4372,reliability_dynamic_mobilenetv2,stable,features_16,1775838364427.369,1775838364621.396,194.027,119.027,74.000,22.637,32937,5545,200.0,0,0,98.1
4373,reliability_dynamic_mobilenetv2,stable,features_16,1775838364628.400,1775838364824.450,196.050,120.049,73.999,21.709,32937,5545,200.0,0,0,97.7
4374,reliability_dynamic_mobilenetv2,stable,features_16,1775838364828.455,1775838364961.477,133.023,67.511,65.511,20.560,32937,5545,200.0,0,0,95.2
4375,reliability_dynamic_mobilenetv2,stable,features_16,1775838364969.478,1775838365087.988,118.510,41.000,77.510,22.345,32937,5545,200.0,0,0,97.0
4376,reliability_dynamic_mobilenetv2,stable,features_16,1775838365092.988,1775838365188.498,95.511,24.002,70.510,22.776,32937,5545,200.0,0,0,100.0
4377,reliability_dynamic_mobilenetv2,stable,features_16,1775838365193.499,1775838365306.010,112.511,44.004,67.507,24.163,32937,5545,200.0,0,0,94.9
4378,reliability_dynamic_mobilenetv2,stable,features_16,1775838365312.010,1775838365407.524,95.513,25.011,68.506,21.834,32937,5545,200.0,0,0,92.8
4379,reliability_dynamic_mobilenetv2,stable,features_16,1775838365415.524,1775838365536.040,120.517,49.514,70.002,22.488,32937,5545,200.0,0,0,94.7
4380,reliability_dynamic_mobilenetv2,stable,features_16,1775838365544.547,1775838365674.061,129.514,57.000,70.511,21.649,32937,5545,200.0,0,0,97.5
4381,reliability_dynamic_mobilenetv2,stable,features_16,1775838365682.061,1775838365819.575,137.514,59.515,73.999,25.244,32937,5545,200.0,0,0,95.3
4382,reliability_dynamic_mobilenetv2,stable,features_16,1775838365824.575,1775838365960.613,136.037,57.515,76.519,23.725,32937,5545,200.0,0,0,93.3
4383,reliability_dynamic_mobilenetv2,stable,features_16,1775838365968.613,1775838366099.126,130.513,66.005,62.509,19.304,32937,5545,200.0,0,0,97.7
4384,reliability_dynamic_mobilenetv2,stable,features_16,1775838366110.130,1775838366280.149,170.019,96.509,72.511,22.160,32937,5545,200.0,0,0,97.0
4385,reliability_dynamic_mobilenetv2,stable,features_16,1775838366288.150,1775838366427.670,139.520,66.513,73.007,22.806,32937,5545,200.0,0,0,91.2
4386,reliability_dynamic_mobilenetv2,stable,features_16,1775838366435.673,1775838366582.695,147.022,72.507,72.516,26.313,32937,5545,200.0,0,0,93.9
4387,reliability_dynamic_mobilenetv2,stable,features_16,1775838366591.695,1775838366720.209,128.515,55.515,72.000,23.623,32937,5545,200.0,0,0,98.0
4388,reliability_dynamic_mobilenetv2,stable,features_16,1775838366727.213,1775838366870.244,143.031,74.523,67.507,23.896,32937,5545,200.0,0,0,94.6
4389,reliability_dynamic_mobilenetv2,stable,features_16,1775838366879.244,1775838367011.758,132.514,60.009,70.005,22.396,32937,5545,200.0,0,0,91.8
4390,reliability_dynamic_mobilenetv2,stable,features_16,1775838367020.759,1775838367184.783,164.024,83.516,76.511,23.803,32937,5545,200.0,0,0,97.3
4391,reliability_dynamic_mobilenetv2,stable,features_16,1775838367193.783,1775838367330.311,136.528,65.525,69.004,22.243,32937,5545,200.0,0,0,98.7
4392,reliability_dynamic_mobilenetv2,stable,features_16,1775838367336.310,1775838367484.339,148.029,79.515,66.513,21.894,32937,5545,200.0,0,0,95.7
4393,reliability_dynamic_mobilenetv2,stable,features_16,1775838367497.340,1775838367672.371,175.031,94.517,78.514,23.201,32937,5545,200.0,0,0,99.0
4394,reliability_dynamic_mobilenetv2,stable,features_16,1775838367682.371,1775838367869.404,187.032,111.517,73.513,24.478,32937,5545,200.0,0,0,100.0
4395,reliability_dynamic_mobilenetv2,stable,features_16,1775838367881.402,1775838368036.919,155.518,89.513,65.005,20.924,32937,5545,200.0,0,0,98.3
4396,reliability_dynamic_mobilenetv2,stable,features_16,1775838368046.438,1775838368191.950,145.512,78.999,65.508,21.715,32937,5545,200.0,0,0,99.4
4397,reliability_dynamic_mobilenetv2,stable,features_16,1775838368199.950,1775838368330.470,130.520,62.512,67.008,22.449,32937,5545,200.0,0,0,97.2
4398,reliability_dynamic_mobilenetv2,stable,features_16,1775838368337.469,1775838368466.490,129.021,56.510,70.511,20.478,32937,5545,200.0,0,0,97.3
4399,reliability_dynamic_mobilenetv2,stable,features_16,1775838368474.486,1775838368578.996,104.510,30.000,73.510,24.240,32937,5545,200.0,0,0,94.7
4400,reliability_dynamic_mobilenetv2,stable,features_16,1775838368585.996,1775838368722.510,136.515,62.515,72.000,22.814,32937,5545,200.0,0,0,97.4
4401,reliability_dynamic_mobilenetv2,stable,features_16,1775838368731.514,1775838368930.538,199.024,77.507,117.513,21.281,32937,5545,200.0,0,0,100.0
4402,reliability_dynamic_mobilenetv2,stable,features_16,1775838368938.540,1775838369062.558,124.018,57.510,64.510,20.708,32937,5545,200.0,0,0,93.3
4403,reliability_dynamic_mobilenetv2,stable,features_16,1775838369074.557,1775838369215.071,140.514,62.004,72.508,25.385,32937,5545,200.0,0,0,97.0
4404,reliability_dynamic_mobilenetv2,stable,features_16,1775838369226.072,1775838369370.114,144.042,68.525,72.518,22.657,32937,5545,200.0,0,0,97.6
4405,reliability_dynamic_mobilenetv2,stable,features_16,1775838369380.114,1775838369529.637,149.524,83.519,64.001,22.414,32937,5545,200.0,0,0,97.5
4406,reliability_dynamic_mobilenetv2,stable,features_16,1775838369541.140,1775838369683.656,142.516,73.000,66.511,19.934,32937,5545,200.0,0,0,100.0
4407,reliability_dynamic_mobilenetv2,stable,features_16,1775838369692.656,1775838369888.679,196.024,95.520,98.510,27.833,32937,5545,200.0,0,0,99.1
4408,reliability_dynamic_mobilenetv2,stable,features_16,1775838369896.681,1775838370039.200,142.519,68.516,71.004,23.473,32937,5545,200.0,0,0,100.0
4409,reliability_dynamic_mobilenetv2,stable,features_16,1775838370048.708,1775838370187.218,138.510,70.000,62.510,19.643,32937,5545,200.0,0,0,99.4
4410,reliability_dynamic_mobilenetv2,stable,features_16,1775838370196.218,1775838370355.244,159.026,87.512,69.512,22.844,32937,5545,200.0,0,0,96.7
4411,reliability_dynamic_mobilenetv2,stable,features_16,1775838370367.243,1775838370521.755,154.511,79.512,70.999,21.860,32937,5545,200.0,0,0,100.0
4412,reliability_dynamic_mobilenetv2,stable,features_16,1775838370528.760,1775838370667.782,139.022,64.510,73.511,22.970,32937,5545,200.0,0,0,97.0
4413,reliability_dynamic_mobilenetv2,stable,features_16,1775838370677.783,1775838370833.299,155.516,81.511,73.006,23.042,32937,5545,200.0,0,0,97.6
4414,reliability_dynamic_mobilenetv2,stable,features_16,1775838370839.299,1775838370973.318,134.020,63.512,69.510,23.865,32937,5545,200.0,0,0,92.5
4415,reliability_dynamic_mobilenetv2,stable,features_16,1775838370979.319,1775838371104.837,125.519,57.006,67.514,22.144,32937,5545,200.0,0,0,100.0
4416,reliability_dynamic_mobilenetv2,stable,features_16,1775838371113.838,1775838371272.870,159.032,90.516,67.517,20.761,32937,5545,200.0,0,0,100.0
4417,reliability_dynamic_mobilenetv2,stable,features_16,1775838371282.870,1775838371437.386,154.516,74.514,78.002,30.072,32937,5545,200.0,0,0,95.7
4418,reliability_dynamic_mobilenetv2,stable,features_16,1775838371440.889,1775838371553.404,112.515,12.006,98.507,21.327,32937,5545,200.0,0,0,82.5
4419,reliability_dynamic_mobilenetv2,stable,features_16,1775838371556.405,1775838371635.408,79.003,16.002,62.001,19.906,32937,5545,200.0,0,0,81.1
4420,reliability_dynamic_mobilenetv2,stable,features_16,1775838371639.407,1775838371714.914,75.507,12.508,61.999,19.482,32937,5545,200.0,0,0,80.2
4421,reliability_dynamic_mobilenetv2,stable,features_16,1775838371717.915,1775838371802.425,84.510,16.004,68.506,22.849,32937,5545,200.0,0,0,76.2
4422,reliability_dynamic_mobilenetv2,stable,features_16,1775838371806.426,1775838371887.935,81.509,12.003,68.507,22.683,32937,5545,200.0,0,0,80.2
4423,reliability_dynamic_mobilenetv2,stable,features_16,1775838371890.936,1775838371969.444,78.508,15.001,62.507,20.641,32937,5545,200.0,0,0,78.8
4424,reliability_dynamic_mobilenetv2,stable,features_16,1775838371972.445,1775838372054.955,82.510,19.000,63.510,19.391,32937,5545,200.0,0,0,86.5
4425,reliability_dynamic_mobilenetv2,stable,features_16,1775838372058.955,1775838372139.957,81.002,12.001,68.002,21.181,32937,5545,200.0,0,0,82.5
4426,reliability_dynamic_mobilenetv2,stable,features_16,1775838372143.463,1775838372251.974,108.511,14.000,93.510,36.873,32937,5545,200.0,0,0,85.8
4427,reliability_dynamic_mobilenetv2,stable,features_16,1775838372254.974,1775838372333.978,79.003,17.001,61.002,20.310,32937,5545,200.0,0,0,88.8
4428,reliability_dynamic_mobilenetv2,stable,features_16,1775838372337.978,1775838372413.487,75.509,11.513,62.997,20.176,32937,5545,200.0,0,0,85.0
4429,reliability_dynamic_mobilenetv2,stable,features_16,1775838372417.487,1775838372495.997,78.510,14.004,63.505,20.906,32937,5545,200.0,0,0,84.4
4430,reliability_dynamic_mobilenetv2,stable,features_16,1775838372498.997,1775838372579.519,80.522,16.001,63.521,21.195,32937,5545,200.0,0,0,83.8
4431,reliability_dynamic_mobilenetv2,stable,features_16,1775838372583.518,1775838372668.030,84.511,16.001,67.510,21.504,32937,5545,200.0,0,0,87.5
4432,reliability_dynamic_mobilenetv2,stable,features_16,1775838372673.029,1775838372758.540,85.510,19.000,65.510,21.250,32937,5545,200.0,0,0,83.3
4433,reliability_dynamic_mobilenetv2,stable,features_16,1775838372762.539,1775838372843.052,80.513,15.001,64.512,21.217,32937,5545,200.0,0,0,88.8
4434,reliability_dynamic_mobilenetv2,stable,features_16,1775838372847.052,1775838372922.052,74.999,12.000,62.000,20.792,32937,5545,200.0,0,0,85.0
4435,reliability_dynamic_mobilenetv2,stable,features_16,1775838372926.052,1775838373010.563,84.511,18.512,64.999,21.736,32937,5545,200.0,0,0,88.5
4436,reliability_dynamic_mobilenetv2,stable,features_16,1775838373015.564,1775838373097.075,81.511,15.007,65.505,20.942,32937,5545,200.0,0,0,88.0
4437,reliability_dynamic_mobilenetv2,stable,features_16,1775838373101.076,1775838373180.585,79.509,15.000,64.509,21.182,32937,5545,200.0,0,0,96.9
4438,reliability_dynamic_mobilenetv2,stable,features_16,1775838373184.585,1775838373266.094,81.509,20.000,60.509,18.882,32937,5545,200.0,0,0,94.0
4439,reliability_dynamic_mobilenetv2,stable,features_16,1775838373270.094,1775838373352.604,82.510,16.002,64.509,21.276,32937,5545,200.0,0,0,85.4
4440,reliability_dynamic_mobilenetv2,stable,features_16,1775838373356.604,1775838373444.114,87.510,20.001,66.508,21.721,32937,5545,200.0,0,0,87.5
4441,reliability_dynamic_mobilenetv2,stable,features_16,1775838373448.114,1775838373528.119,80.004,14.003,64.001,21.087,32937,5545,200.0,0,0,88.7
4442,reliability_dynamic_mobilenetv2,stable,features_16,1775838373532.117,1775838373617.625,85.508,20.509,63.999,20.805,32937,5545,200.0,0,0,86.5
4443,reliability_dynamic_mobilenetv2,stable,features_16,1775838373620.625,1775838373707.141,86.516,17.008,68.508,21.960,32937,5545,200.0,0,0,86.2
4444,reliability_dynamic_mobilenetv2,stable,features_16,1775838373712.142,1775838373795.653,83.511,15.008,67.893,21.806,32937,5545,200.0,0,0,91.8
4445,reliability_dynamic_mobilenetv2,stable,features_16,1775838373799.653,1775838373882.163,82.510,14.001,67.509,22.764,32937,5545,200.0,0,0,91.5
4446,reliability_dynamic_mobilenetv2,stable,features_16,1775838373886.164,1775838373975.672,89.509,18.000,69.510,23.235,32937,5545,200.0,0,0,86.5
4447,reliability_dynamic_mobilenetv2,stable,features_16,1775838373979.673,1775838374055.181,75.508,14.001,61.508,19.658,32937,5545,200.0,0,0,89.6
4448,reliability_dynamic_mobilenetv2,stable,features_16,1775838374059.181,1775838374141.688,82.507,17.001,64.003,20.489,32937,5545,200.0,0,0,87.7
4449,reliability_dynamic_mobilenetv2,stable,features_16,1775838374147.692,1775838374238.353,90.661,22.659,66.001,20.870,32937,5545,200.0,0,0,85.9
4450,reliability_dynamic_mobilenetv2,stable,features_16,1775838374241.855,1775838374321.861,80.005,12.005,66.999,21.681,32937,5545,200.0,0,0,81.1
4451,reliability_dynamic_mobilenetv2,stable,features_16,1775838374324.859,1775838374404.376,79.517,16.512,62.005,19.212,32937,5545,200.0,0,0,83.1
4452,reliability_dynamic_mobilenetv2,stable,features_16,1775838374408.376,1775838374481.884,73.508,11.002,60.504,18.977,32937,5545,200.0,0,0,77.5
4453,reliability_dynamic_mobilenetv2,stable,features_16,1775838374484.885,1775838374571.396,86.511,19.004,67.507,21.835,32937,5545,200.0,0,0,95.9
4454,reliability_dynamic_mobilenetv2,stable,features_16,1775838374575.396,1775838374721.908,146.512,15.000,129.511,83.608,32937,5545,200.0,0,0,85.4
4455,reliability_dynamic_mobilenetv2,stable,features_16,1775838374725.908,1775838374800.417,74.509,13.005,59.506,19.666,32937,5545,200.0,0,0,80.2
4456,reliability_dynamic_mobilenetv2,stable,features_16,1775838374803.417,1775838374890.926,87.509,11.003,76.505,21.629,32937,5545,200.0,0,0,77.1
4457,reliability_dynamic_mobilenetv2,stable,features_16,1775838374893.927,1775838374977.435,83.508,14.001,69.507,21.556,32937,5545,200.0,0,0,77.1
4458,reliability_dynamic_mobilenetv2,stable,features_16,1775838374981.435,1775838375061.943,80.508,11.001,68.507,21.631,32937,5545,200.0,0,0,77.5
4459,reliability_dynamic_mobilenetv2,stable,features_16,1775838375064.944,1775838375153.453,88.509,12.001,76.508,21.763,32937,5545,200.0,0,0,80.2
4460,reliability_dynamic_mobilenetv2,stable,features_16,1775838375157.452,1775838375250.962,93.509,15.001,77.509,19.592,32937,5545,200.0,0,0,85.4
4461,reliability_dynamic_mobilenetv2,stable,features_16,1775838375254.961,1775838375332.965,78.003,16.001,62.002,20.115,32937,5545,200.0,0,0,84.0
4462,reliability_dynamic_mobilenetv2,stable,features_16,1775838375336.965,1775838375413.478,76.513,14.515,61.998,20.188,32937,5545,200.0,0,0,89.0
4463,reliability_dynamic_mobilenetv2,stable,features_16,1775838375417.478,1775838375499.990,82.513,17.007,65.506,22.011,32937,5545,200.0,0,0,86.7
4464,reliability_dynamic_mobilenetv2,stable,features_16,1775838375503.991,1775838375584.500,80.509,11.002,68.507,23.619,32937,5545,200.0,0,0,82.7
4465,reliability_dynamic_mobilenetv2,stable,features_16,1775838375588.503,1775838375667.008,78.505,13.998,64.507,21.068,32937,5545,200.0,0,0,87.5
4466,reliability_dynamic_mobilenetv2,stable,features_16,1775838375671.014,1775838375744.517,73.503,10.997,62.506,20.147,32937,5545,200.0,0,0,85.0
4467,reliability_dynamic_mobilenetv2,stable,features_16,1775838375748.517,1775838375839.520,91.003,14.001,77.002,30.178,32937,5545,200.0,0,0,84.5
4468,reliability_dynamic_mobilenetv2,stable,features_16,1775838375845.026,1775838375933.029,88.003,22.002,66.000,21.099,32937,5545,200.0,0,0,94.8
4469,reliability_dynamic_mobilenetv2,stable,features_16,1775838375938.030,1775838376018.541,80.511,17.512,61.998,20.205,32937,5545,200.0,0,0,92.5
4470,reliability_dynamic_mobilenetv2,stable,features_16,1775838376022.540,1775838376104.804,82.264,17.008,64.256,20.897,32937,5545,200.0,0,0,93.8
4471,reliability_dynamic_mobilenetv2,stable,features_16,1775838376107.803,1775838376199.317,91.513,22.013,67.508,22.965,32937,5545,200.0,0,0,98.0
4472,reliability_dynamic_mobilenetv2,stable,features_16,1775838376203.317,1775838376297.829,94.512,23.000,70.507,24.561,32937,5545,200.0,0,0,97.9
4473,reliability_dynamic_mobilenetv2,stable,features_16,1775838376303.829,1775838376400.340,96.512,21.001,73.510,20.012,32937,5545,200.0,0,0,95.7
4474,reliability_dynamic_mobilenetv2,stable,features_16,1775838376405.340,1775838376516.851,111.510,18.000,91.510,38.911,32937,5545,200.0,0,0,96.4
4475,reliability_dynamic_mobilenetv2,stable,features_16,1775838376519.851,1775838376612.362,92.510,19.004,72.506,26.435,32937,5545,200.0,0,0,90.6
4476,reliability_dynamic_mobilenetv2,stable,features_16,1775838376616.363,1775838376708.872,92.510,22.003,69.507,23.669,32937,5545,200.0,0,0,97.9
4477,reliability_dynamic_mobilenetv2,stable,features_16,1775838376712.872,1775838376813.385,100.512,24.004,75.508,24.722,32937,5545,200.0,0,0,97.4
4478,reliability_dynamic_mobilenetv2,stable,features_16,1775838376818.385,1775838376910.899,92.515,23.509,66.000,21.832,32937,5545,200.0,0,0,96.9
4479,reliability_dynamic_mobilenetv2,stable,features_16,1775838376915.900,1775838377037.417,121.517,25.004,95.979,27.755,32937,5545,200.0,0,0,99.2
4480,reliability_dynamic_mobilenetv2,stable,features_16,1775838377040.417,1775838377161.435,121.019,24.511,95.508,36.067,32937,5545,200.0,0,0,92.2
4481,reliability_dynamic_mobilenetv2,stable,features_16,1775838377165.436,1775838377264.944,99.509,23.001,73.508,21.863,32937,5545,200.0,0,0,91.5
4482,reliability_dynamic_mobilenetv2,stable,features_16,1775838377267.944,1775838377364.295,96.351,13.001,81.350,23.261,32937,5545,200.0,0,0,84.5
4483,reliability_dynamic_mobilenetv2,stable,features_16,1775838377367.295,1775838377458.803,91.508,15.000,75.508,21.691,32937,5545,200.0,0,0,81.2
4484,reliability_dynamic_mobilenetv2,stable,features_16,1775838377461.803,1775838377538.806,77.002,13.002,64.000,21.653,32937,5545,200.0,0,0,76.2
4485,reliability_dynamic_mobilenetv2,stable,features_16,1775838377542.309,1775838377624.312,82.003,13.004,68.999,23.536,32937,5545,200.0,0,0,78.1
4486,reliability_dynamic_mobilenetv2,stable,features_16,1775838377628.315,1775838377714.823,86.508,13.504,71.998,23.661,32937,5545,200.0,0,0,79.2
4487,reliability_dynamic_mobilenetv2,stable,features_16,1775838377718.823,1775838377803.334,84.511,17.003,67.507,23.233,32937,5545,200.0,0,0,82.7
4488,reliability_dynamic_mobilenetv2,stable,features_16,1775838377807.333,1775838377887.841,80.508,13.000,66.507,21.194,32937,5545,200.0,0,0,81.6
4489,reliability_dynamic_mobilenetv2,stable,features_16,1775838377891.841,1775838377974.349,82.508,11.001,70.507,25.237,32937,5545,200.0,0,0,79.0
4490,reliability_dynamic_mobilenetv2,stable,features_16,1775838377978.350,1775838378063.857,85.508,16.000,68.507,22.353,32937,5545,200.0,0,0,84.0
4491,reliability_dynamic_mobilenetv2,stable,features_16,1775838378066.858,1775838378144.368,77.510,11.001,64.509,21.829,32937,5545,200.0,0,0,77.8
4492,reliability_dynamic_mobilenetv2,stable,features_16,1775838378148.368,1775838378233.373,85.005,15.000,68.461,24.351,32937,5545,200.0,0,0,95.9
4493,reliability_dynamic_mobilenetv2,stable,features_16,1775838378237.373,1775838378323.887,86.515,17.516,68.999,23.709,32937,5545,200.0,0,0,87.5
4494,reliability_dynamic_mobilenetv2,stable,features_16,1775838378326.887,1775838378412.398,85.510,18.510,67.000,22.573,32937,5545,200.0,0,0,83.8
4495,reliability_dynamic_mobilenetv2,stable,features_16,1775838378415.400,1775838378499.907,84.506,16.001,67.942,24.480,32937,5545,200.0,0,0,85.6
4496,reliability_dynamic_mobilenetv2,stable,features_16,1775838378503.907,1775838378590.416,86.509,20.000,65.509,21.719,32937,5545,200.0,0,0,82.3
4497,reliability_dynamic_mobilenetv2,stable,features_16,1775838378593.417,1775838378680.927,87.511,16.000,70.511,23.631,32937,5545,200.0,0,0,89.8
4498,reliability_dynamic_mobilenetv2,stable,features_16,1775838378683.925,1775838378768.434,84.510,12.001,71.509,23.920,32937,5545,200.0,0,0,87.5
4499,reliability_dynamic_mobilenetv2,stable,features_16,1775838378772.435,1775838378863.943,91.508,12.000,79.508,22.742,32937,5545,200.0,0,0,83.3
4500,reliability_dynamic_mobilenetv2,stable,features_16,1775838378869.945,1775838378954.454,84.509,19.999,62.510,20.764,32937,5545,200.0,0,0,90.8
4501,reliability_dynamic_mobilenetv2,stable,features_16,1775838378957.455,1775838379038.536,81.082,12.000,68.082,22.552,32937,5545,200.0,0,0,86.4
4502,reliability_dynamic_mobilenetv2,stable,features_16,1775838379042.039,1775838379123.043,81.004,12.005,67.999,23.180,32937,5545,200.0,0,0,85.4
4503,reliability_dynamic_mobilenetv2,stable,features_16,1775838379127.045,1775838379219.556,92.511,20.512,71.000,28.220,32937,5545,200.0,0,0,91.7
4504,reliability_dynamic_mobilenetv2,stable,features_16,1775838379223.556,1775838379307.070,83.514,17.006,65.508,21.734,32937,5545,200.0,0,0,87.5
4505,reliability_dynamic_mobilenetv2,stable,features_16,1775838379311.071,1775838379411.584,100.513,16.002,83.511,24.734,32937,5545,200.0,0,0,90.7
4506,reliability_dynamic_mobilenetv2,stable,features_16,1775838379415.584,1775838379496.095,80.511,14.006,64.505,20.441,32937,5545,200.0,0,0,90.6
4507,reliability_dynamic_mobilenetv2,stable,features_16,1775838379499.094,1775838379581.603,82.509,18.001,62.509,21.202,32937,5545,200.0,0,0,82.5
4508,reliability_dynamic_mobilenetv2,stable,features_16,1775838379585.605,1775838379663.112,77.507,11.999,65.508,22.684,32937,5545,200.0,0,0,82.5
4509,reliability_dynamic_mobilenetv2,stable,features_16,1775838379667.114,1775838379742.618,75.504,12.999,62.001,19.177,32937,5545,200.0,0,0,84.7
4510,reliability_dynamic_mobilenetv2,stable,features_16,1775838379745.624,1775838379827.626,82.002,18.000,62.004,19.663,32937,5545,200.0,0,0,86.0
4511,reliability_dynamic_mobilenetv2,stable,features_16,1775838379831.625,1775838379921.133,89.508,20.509,67.999,21.259,32937,5545,200.0,0,0,88.9
4512,reliability_dynamic_mobilenetv2,stable,features_16,1775838379925.133,1775838380010.655,85.522,18.524,65.996,20.767,32937,5545,200.0,0,0,92.9
4513,reliability_dynamic_mobilenetv2,stable,features_16,1775838380015.656,1775838380100.166,84.510,22.003,62.507,19.374,32937,5545,200.0,0,0,98.8
4514,reliability_dynamic_mobilenetv2,stable,features_16,1775838380104.167,1775838380184.675,80.509,20.001,60.508,18.787,32937,5545,200.0,0,0,98.0
4515,reliability_dynamic_mobilenetv2,stable,features_16,1775838380189.676,1775838380284.184,94.508,26.000,66.509,20.764,32937,5545,200.0,0,0,99.0
4516,reliability_dynamic_mobilenetv2,stable,features_16,1775838380288.185,1775838380377.694,89.510,20.000,66.509,21.327,32937,5545,200.0,0,0,97.9
4517,reliability_dynamic_mobilenetv2,stable,features_16,1775838380381.695,1775838381492.983,1111.288,21.999,1087.516,32.638,32937,5545,200.0,1,0,35.4
4518,reliability_dynamic_mobilenetv2,stable,features_16,1775838381498.981,1775838381596.666,97.685,20.015,74.525,19.969,32937,5545,200.0,0,0,67.8
4519,reliability_dynamic_mobilenetv2,stable,features_16,1775838381604.516,1775838381724.044,119.529,48.533,69.997,21.093,32937,5545,200.0,0,0,80.0
4520,reliability_dynamic_mobilenetv2,stable,features_16,1775838381728.051,1775838381803.562,75.510,11.004,64.506,20.645,32937,5545,200.0,0,0,82.7
4521,reliability_dynamic_mobilenetv2,stable,features_16,1775838381806.564,1775838381884.863,78.299,14.204,64.095,21.218,32937,5545,200.0,0,0,81.2
4522,reliability_dynamic_mobilenetv2,stable,features_16,1775838381887.863,1775838381963.371,75.509,10.999,64.510,19.523,32937,5545,200.0,0,0,77.8
4523,reliability_dynamic_mobilenetv2,stable,features_16,1775838381966.374,1775838382048.880,82.507,15.998,66.030,19.780,32937,5545,200.0,0,0,81.2
4524,reliability_dynamic_mobilenetv2,stable,features_16,1775838382052.884,1775838382134.882,81.998,13.996,65.995,21.109,32937,5545,200.0,0,0,85.4
4525,reliability_dynamic_mobilenetv2,stable,features_16,1775838382137.883,1775838382221.397,83.514,17.514,66.000,20.614,32937,5545,200.0,0,0,90.0
4526,reliability_dynamic_mobilenetv2,stable,features_16,1775838382225.397,1775838382308.907,83.510,15.005,68.505,22.195,32937,5545,200.0,0,0,82.3
4527,reliability_dynamic_mobilenetv2,stable,features_16,1775838382312.909,1775838382393.424,80.515,16.004,63.512,20.530,32937,5545,200.0,0,0,81.2
4528,reliability_dynamic_mobilenetv2,stable,features_16,1775838382396.422,1775838382482.933,86.511,13.001,72.511,30.324,32937,5545,200.0,0,0,83.3
4529,reliability_dynamic_mobilenetv2,stable,features_16,1775838382486.933,1775838382575.178,88.245,13.001,74.244,31.063,32937,5545,200.0,0,0,88.0
4530,reliability_dynamic_mobilenetv2,stable,features_16,1775838382579.177,1775838382659.693,80.516,12.999,67.517,22.177,32937,5545,200.0,0,0,85.2
4531,reliability_dynamic_mobilenetv2,stable,features_16,1775838382663.693,1775838382745.403,81.710,14.002,66.708,20.917,32937,5545,200.0,0,0,85.4
4532,reliability_dynamic_mobilenetv2,stable,features_16,1775838382749.405,1775838382837.573,88.168,15.998,72.170,27.334,32937,5545,200.0,0,0,91.1
4533,reliability_dynamic_mobilenetv2,stable,features_16,1775838382841.405,1775838382917.918,76.513,16.513,59.001,18.020,32937,5545,200.0,0,0,85.2
4534,reliability_dynamic_mobilenetv2,stable,features_16,1775838382921.918,1775838382999.433,77.515,11.009,65.508,21.115,32937,5545,200.0,0,0,82.5
4535,reliability_dynamic_mobilenetv2,stable,features_16,1775838383003.432,1775838383103.948,100.516,13.001,85.515,19.917,32937,5545,200.0,0,0,87.0
4536,reliability_dynamic_mobilenetv2,stable,features_16,1775838383106.948,1775838383190.461,83.513,20.000,62.513,19.233,32937,5545,200.0,0,0,91.5
4537,reliability_dynamic_mobilenetv2,stable,features_16,1775838383194.462,1775838383287.591,93.129,22.000,69.129,19.496,32937,5545,200.0,0,0,93.8
4538,reliability_dynamic_mobilenetv2,stable,features_16,1775838383290.589,1775838383379.109,88.520,21.001,66.518,21.095,32937,5545,200.0,0,0,93.9
4539,reliability_dynamic_mobilenetv2,stable,features_16,1775838383382.110,1775838383469.622,87.513,19.001,67.512,20.588,32937,5545,200.0,0,0,92.8
4540,reliability_dynamic_mobilenetv2,stable,features_16,1775838383472.623,1775838383570.768,98.145,24.000,73.145,22.943,32937,5545,200.0,0,0,92.7
4541,reliability_dynamic_mobilenetv2,stable,features_16,1775838383575.769,1775838383669.120,93.351,24.000,69.351,21.632,32937,5545,200.0,0,0,94.3
4542,reliability_dynamic_mobilenetv2,stable,features_16,1775838383673.123,1775838383756.150,83.028,18.998,63.029,18.744,32937,5545,200.0,0,0,91.2
4543,reliability_dynamic_mobilenetv2,stable,features_16,1775838383767.151,1775838383877.661,110.510,47.003,63.507,19.085,32937,5545,200.0,0,0,99.3
4544,reliability_dynamic_mobilenetv2,stable,features_16,1775838383882.661,1775838383971.176,88.515,20.000,66.515,21.029,32937,5545,200.0,0,0,87.8
4545,reliability_dynamic_mobilenetv2,stable,features_16,1775838383975.176,1775838384059.693,84.518,16.000,66.517,20.760,32937,5545,200.0,0,0,87.6
4546,reliability_dynamic_mobilenetv2,stable,features_16,1775838384063.695,1775838384142.700,79.005,16.999,62.006,19.928,32937,5545,200.0,0,0,90.1
4547,reliability_dynamic_mobilenetv2,stable,features_16,1775838384147.208,1775838384234.211,87.003,23.000,62.307,19.781,32937,5545,200.0,0,0,96.0
4548,reliability_dynamic_mobilenetv2,stable,features_16,1775838384238.213,1775838384333.728,95.515,24.508,70.313,20.851,32937,5545,200.0,0,0,89.9
4549,reliability_dynamic_mobilenetv2,stable,features_16,1775838384337.727,1775838384433.241,95.514,27.510,68.004,21.953,32937,5545,200.0,0,0,93.0
4550,reliability_dynamic_mobilenetv2,stable,features_16,1775838384438.608,1775838384527.175,88.567,22.569,64.005,19.761,32937,5545,200.0,0,0,93.9
4551,reliability_dynamic_mobilenetv2,stable,features_16,1775838384530.728,1775838384615.237,84.509,22.509,61.001,18.282,32937,5545,200.0,0,0,90.9
4552,reliability_dynamic_mobilenetv2,stable,features_16,1775838384619.236,1775838384701.777,82.541,15.262,67.279,21.654,32937,5545,200.0,0,0,86.6
4553,reliability_dynamic_mobilenetv2,stable,features_16,1775838384705.776,1775838384788.296,82.520,17.000,65.519,19.583,32937,5545,200.0,0,0,97.6
4554,reliability_dynamic_mobilenetv2,stable,features_16,1775838384792.297,1775838384875.190,82.893,19.999,61.895,19.464,32937,5545,200.0,0,0,86.6
4555,reliability_dynamic_mobilenetv2,stable,features_16,1775838384879.194,1775838384961.212,82.018,17.996,62.434,19.432,32937,5545,200.0,0,0,92.7
4556,reliability_dynamic_mobilenetv2,stable,features_16,1775838384965.212,1775838385042.216,77.004,14.000,62.003,19.367,32937,5545,200.0,0,0,82.9
4557,reliability_dynamic_mobilenetv2,stable,features_16,1775838385046.470,1775838385124.470,78.000,17.001,59.999,18.245,32937,5545,200.0,0,0,88.8
4558,reliability_dynamic_mobilenetv2,stable,features_16,1775838385128.471,1775838385221.985,93.514,23.513,69.001,21.316,32937,5545,200.0,0,0,96.9
4559,reliability_dynamic_mobilenetv2,stable,features_16,1775838385228.986,1775838385308.724,79.738,13.006,66.731,19.796,32937,5545,200.0,0,0,85.7
4560,reliability_dynamic_mobilenetv2,stable,features_16,1775838385311.724,1775838385386.358,74.634,12.000,61.634,19.032,32937,5545,200.0,0,0,76.2
4561,reliability_dynamic_mobilenetv2,stable,features_16,1775838385390.232,1775838385482.746,92.514,12.001,80.514,20.789,32937,5545,200.0,0,0,76.0
4562,reliability_dynamic_mobilenetv2,stable,features_16,1775838385486.744,1775838385563.264,76.520,12.001,63.520,19.829,32937,5545,200.0,0,0,80.2
4563,reliability_dynamic_mobilenetv2,stable,features_16,1775838385567.263,1775838385652.779,85.516,17.001,67.515,20.642,32937,5545,200.0,0,0,84.4
4564,reliability_dynamic_mobilenetv2,stable,features_16,1775838385655.779,1775838385728.777,72.998,11.001,61.997,19.038,32937,5545,200.0,0,0,84.0
4565,reliability_dynamic_mobilenetv2,stable,features_16,1775838385732.780,1775838385807.294,74.514,13.509,59.998,19.197,32937,5545,200.0,0,0,87.7
4566,reliability_dynamic_mobilenetv2,stable,features_16,1775838385811.296,1775838385916.811,105.515,16.999,88.516,20.828,32937,5545,200.0,0,0,85.8
4567,reliability_dynamic_mobilenetv2,stable,features_16,1775838385920.811,1775838386000.325,79.514,12.004,67.510,20.323,32937,5545,200.0,0,0,88.8
4568,reliability_dynamic_mobilenetv2,stable,features_16,1775838386004.324,1775838386080.840,76.515,12.000,64.515,20.809,32937,5545,200.0,0,0,78.5
4569,reliability_dynamic_mobilenetv2,stable,features_16,1775838386085.318,1775838386206.351,121.032,11.521,108.512,19.440,32937,5545,200.0,0,0,82.3
4570,reliability_dynamic_mobilenetv2,stable,features_16,1775838386209.352,1775838386300.862,91.511,19.000,71.510,20.285,32937,5545,200.0,0,0,93.8
4571,reliability_dynamic_mobilenetv2,stable,features_16,1775838386304.861,1775838386397.374,92.513,24.001,66.513,21.510,32937,5545,200.0,0,0,97.9
4572,reliability_dynamic_mobilenetv2,stable,features_16,1775838386401.375,1775838386488.891,87.517,20.001,65.516,20.647,32937,5545,200.0,0,0,91.8
4573,reliability_dynamic_mobilenetv2,stable,features_16,1775838386494.146,1775838386573.405,79.260,15.745,62.515,19.402,32937,5545,200.0,0,0,87.5
4574,reliability_dynamic_mobilenetv2,stable,features_16,1775838386577.404,1775838386668.917,91.513,14.001,76.510,20.406,32937,5545,200.0,0,0,81.4
4575,reliability_dynamic_mobilenetv2,stable,features_16,1775838386671.915,1775838386750.954,79.038,13.002,65.034,20.377,32937,5545,200.0,0,0,83.8
4576,reliability_dynamic_mobilenetv2,stable,features_16,1775838386753.952,1775838386846.959,93.007,24.885,67.005,20.494,32937,5545,200.0,0,0,83.3
4577,reliability_dynamic_mobilenetv2,stable,features_16,1775838386849.962,1775838386933.963,84.001,16.998,66.003,21.217,32937,5545,200.0,0,0,89.8
4578,reliability_dynamic_mobilenetv2,stable,features_16,1775838386937.967,1775838387016.252,78.285,11.284,66.000,20.935,32937,5545,200.0,0,0,90.0
4579,reliability_dynamic_mobilenetv2,stable,features_16,1775838387019.250,1775838387099.763,80.514,18.008,61.507,19.058,32937,5545,200.0,0,0,90.0
4580,reliability_dynamic_mobilenetv2,stable,features_16,1775838387102.763,1775838387177.276,74.513,12.001,62.512,19.134,32937,5545,200.0,0,0,87.5
4581,reliability_dynamic_mobilenetv2,stable,features_16,1775838387181.276,1775838387265.788,84.512,19.000,63.511,19.609,32937,5545,200.0,0,0,92.7
4582,reliability_dynamic_mobilenetv2,stable,features_16,1775838387269.788,1775838387364.303,94.515,22.999,68.515,20.481,32937,5545,200.0,0,0,94.9
4583,reliability_dynamic_mobilenetv2,stable,features_16,1775838387368.303,1775838387457.817,89.514,18.000,69.513,18.705,32937,5545,200.0,0,0,93.8
4584,reliability_dynamic_mobilenetv2,stable,features_16,1775838387462.817,1775838387548.332,85.515,20.002,63.515,20.328,32937,5545,200.0,0,0,88.7
4585,reliability_dynamic_mobilenetv2,stable,features_16,1775838387552.334,1775838387632.339,80.005,13.999,63.999,20.011,32937,5545,200.0,0,0,92.6
4586,reliability_dynamic_mobilenetv2,stable,features_16,1775838387636.339,1775838387724.467,88.128,19.129,67.998,20.207,32937,5545,200.0,0,0,89.7
4587,reliability_dynamic_mobilenetv2,stable,features_16,1775838387727.465,1775838387810.979,83.515,20.514,62.000,18.958,32937,5545,200.0,0,0,93.9
4588,reliability_dynamic_mobilenetv2,stable,features_16,1775838387814.979,1775838387891.493,76.514,16.001,58.508,18.281,32937,5545,200.0,0,0,92.5
4589,reliability_dynamic_mobilenetv2,stable,features_16,1775838387895.499,1775838387977.520,82.021,15.000,66.020,20.799,32937,5545,200.0,0,0,90.6
4590,reliability_dynamic_mobilenetv2,stable,features_16,1775838387981.522,1775838388067.043,85.521,16.998,67.797,21.039,32937,5545,200.0,0,0,89.0
4591,reliability_dynamic_mobilenetv2,stable,features_16,1775838388077.039,1775838388161.551,84.512,18.002,60.511,18.425,32937,5545,200.0,0,0,93.8
4592,reliability_dynamic_mobilenetv2,stable,features_16,1775838388165.552,1775838388251.069,85.517,19.004,63.510,19.484,32937,5545,200.0,0,0,85.4
4593,reliability_dynamic_mobilenetv2,stable,features_16,1775838388255.065,1775838388334.072,79.007,14.000,64.009,19.890,32937,5545,200.0,0,0,79.0
4594,reliability_dynamic_mobilenetv2,stable,features_16,1775838388338.073,1775838388416.826,78.753,16.752,62.001,18.939,32937,5545,200.0,0,0,78.1
4595,reliability_dynamic_mobilenetv2,stable,features_16,1775838388420.831,1775838388496.856,76.025,9.000,64.518,20.291,32937,5545,200.0,0,0,77.5
4596,reliability_dynamic_mobilenetv2,stable,features_16,1775838388499.858,1775838388578.375,78.517,9.999,67.519,21.098,32937,5545,200.0,0,0,80.0
4597,reliability_dynamic_mobilenetv2,stable,features_16,1775838388582.374,1775838388656.265,73.891,12.487,59.888,18.899,32937,5545,200.0,0,0,80.0
4598,reliability_dynamic_mobilenetv2,stable,features_16,1775838388659.266,1775838388732.268,73.002,11.375,61.004,19.124,32937,5545,200.0,0,0,87.5
4599,reliability_dynamic_mobilenetv2,stable,features_16,1775838388736.276,1775838388817.942,81.666,15.781,63.996,19.714,32937,5545,200.0,0,0,87.8
4600,reliability_dynamic_mobilenetv2,stable,features_16,1775838388820.945,1775838388900.465,79.520,12.001,66.517,20.702,32937,5545,200.0,0,0,87.8
4601,reliability_dynamic_mobilenetv2,stable,features_16,1775838388904.459,1775838388977.982,73.523,11.003,60.521,18.684,32937,5545,200.0,0,0,85.0
4602,reliability_dynamic_mobilenetv2,stable,features_16,1775838388981.984,1775838389068.493,86.509,11.997,73.513,31.617,32937,5545,200.0,0,0,88.8
4603,reliability_dynamic_mobilenetv2,stable,features_16,1775838389072.495,1775838389154.007,81.512,11.999,69.513,21.211,32937,5545,200.0,0,0,85.4
4604,reliability_dynamic_mobilenetv2,stable,features_16,1775838389158.006,1775838389239.021,81.015,15.001,65.013,20.127,32937,5545,200.0,0,0,92.5
4605,reliability_dynamic_mobilenetv2,stable,features_16,1775838389244.020,1775838389322.530,78.510,16.514,59.999,19.115,32937,5545,200.0,0,0,93.8
4606,reliability_dynamic_mobilenetv2,stable,features_16,1775838389326.530,1775838389411.055,84.525,21.519,63.007,19.711,32937,5545,200.0,0,0,90.0
4607,reliability_dynamic_mobilenetv2,stable,features_16,1775838389473.567,1775838389562.083,88.516,22.000,65.511,20.227,32937,5545,200.0,0,0,92.5
4608,reliability_dynamic_mobilenetv2,stable,features_16,1775838389566.079,1775838389655.599,89.521,14.001,75.520,20.924,32937,5545,200.0,0,0,83.3
4609,reliability_dynamic_mobilenetv2,stable,features_16,1775838389659.604,1775838389738.602,78.998,12.997,66.001,21.199,32937,5545,200.0,0,0,84.0
4610,reliability_dynamic_mobilenetv2,stable,features_16,1775838389742.602,1775838389823.115,80.513,13.513,65.999,21.259,32937,5545,200.0,0,0,87.6
4611,reliability_dynamic_mobilenetv2,stable,features_16,1775838389827.113,1775838389905.744,78.632,15.009,62.623,18.935,32937,5545,200.0,0,0,87.7
4612,reliability_dynamic_mobilenetv2,stable,features_16,1775838389908.744,1775838390002.263,93.520,20.001,71.516,21.342,32937,5545,200.0,0,0,91.7
4613,reliability_dynamic_mobilenetv2,stable,features_16,1775838390007.264,1775838390104.772,97.509,28.002,68.507,21.947,32937,5545,200.0,0,0,92.0
4614,reliability_dynamic_mobilenetv2,stable,features_16,1775838390108.774,1775838390203.282,94.509,25.003,67.506,20.288,32937,5545,200.0,0,0,96.9
4615,reliability_dynamic_mobilenetv2,stable,features_16,1775838390207.283,1775838390295.799,88.516,25.003,63.513,19.631,32937,5545,200.0,0,0,86.6
4616,reliability_dynamic_mobilenetv2,stable,features_16,1775838390299.799,1775838390380.310,80.511,19.000,60.510,19.005,32937,5545,200.0,0,0,88.8
4617,reliability_dynamic_mobilenetv2,stable,features_16,1775838390386.311,1775838390468.823,82.512,15.999,66.514,20.967,32937,5545,200.0,0,0,86.6
4618,reliability_dynamic_mobilenetv2,stable,features_16,1775838390476.822,1775838390564.043,87.222,20.001,66.221,20.677,32937,5545,200.0,0,0,90.8
4619,reliability_dynamic_mobilenetv2,stable,features_16,1775838390568.044,1775838390648.564,80.520,16.999,62.521,19.184,32937,5545,200.0,0,0,84.4
4620,reliability_dynamic_mobilenetv2,stable,features_16,1775838390653.599,1775838390732.596,78.997,17.997,60.000,18.640,32937,5545,200.0,0,0,91.4
4621,reliability_dynamic_mobilenetv2,stable,features_16,1775838390737.881,1775838390826.942,89.061,22.064,65.997,21.566,32937,5545,200.0,0,0,90.7
4622,reliability_dynamic_mobilenetv2,stable,features_16,1775838390829.945,1775838390911.455,81.510,17.003,63.506,19.721,32937,5545,200.0,0,0,88.9
4623,reliability_dynamic_mobilenetv2,stable,features_16,1775838390914.454,1775838390995.975,81.521,19.004,61.513,20.429,32937,5545,200.0,0,0,85.9
4624,reliability_dynamic_mobilenetv2,stable,features_16,1775838390998.975,1775838391081.013,82.038,18.996,62.042,19.218,32937,5545,200.0,0,0,90.1
4625,reliability_dynamic_mobilenetv2,stable,features_16,1775838391085.012,1775838391166.108,81.096,19.001,62.095,19.445,32937,5545,200.0,0,0,87.6
4626,reliability_dynamic_mobilenetv2,stable,features_16,1775838391170.107,1775838391252.618,82.511,16.000,66.511,23.732,32937,5545,200.0,0,0,92.7
4627,reliability_dynamic_mobilenetv2,stable,features_16,1775838391256.621,1775838391339.622,83.001,15.000,66.002,20.928,32937,5545,200.0,0,0,88.5
4628,reliability_dynamic_mobilenetv2,stable,features_16,1775838391342.622,1775838391428.142,85.520,17.521,66.000,20.979,32937,5545,200.0,0,0,93.9
4629,reliability_dynamic_mobilenetv2,stable,features_16,1775838391431.141,1775838391512.658,81.517,18.511,62.007,18.904,32937,5545,200.0,0,0,92.8
4630,reliability_dynamic_mobilenetv2,stable,features_16,1775838391516.659,1775838391628.185,111.526,42.528,68.000,18.894,32937,5545,200.0,0,0,93.9
4631,reliability_dynamic_mobilenetv2,stable,features_16,1775838391632.184,1775838391714.701,82.517,18.514,64.002,20.104,32937,5545,200.0,0,0,86.6
4632,reliability_dynamic_mobilenetv2,stable,features_16,1775838391718.698,1775838391804.212,85.514,16.007,66.507,21.116,32937,5545,200.0,0,0,84.0
4633,reliability_dynamic_mobilenetv2,stable,features_16,1775838391808.214,1775838391892.333,84.118,19.998,62.116,20.266,32937,5545,200.0,0,0,90.6
4634,reliability_dynamic_mobilenetv2,stable,features_16,1775838391897.331,1775838392022.843,125.512,16.000,108.711,19.281,32937,5545,200.0,0,0,84.0
4635,reliability_dynamic_mobilenetv2,stable,features_16,1775838392025.841,1775838392109.356,83.515,16.006,66.513,21.757,32937,5545,200.0,0,0,85.6
4636,reliability_dynamic_mobilenetv2,stable,features_16,1775838392112.355,1775838392196.407,84.052,17.003,65.051,20.370,32937,5545,200.0,0,0,91.8
4637,reliability_dynamic_mobilenetv2,stable,features_16,1775838392200.405,1775838392276.932,76.527,14.000,60.997,19.699,32937,5545,200.0,0,0,81.2
4638,reliability_dynamic_mobilenetv2,stable,features_16,1775838392279.931,1775838392355.561,75.630,11.999,61.948,19.248,32937,5545,200.0,0,0,77.5
4639,reliability_dynamic_mobilenetv2,stable,features_16,1775838392358.561,1775838392442.136,83.576,11.998,70.578,22.184,32937,5545,200.0,0,0,76.2
4640,reliability_dynamic_mobilenetv2,stable,features_16,1775838392445.140,1775838392524.897,79.757,13.514,66.242,20.665,32937,5545,200.0,0,0,80.2
4641,reliability_dynamic_mobilenetv2,stable,features_16,1775838392527.898,1775838392607.446,79.548,10.518,68.030,20.847,32937,5545,200.0,0,0,80.0
4642,reliability_dynamic_mobilenetv2,stable,features_16,1775838392611.443,1775838392687.958,76.515,10.002,66.513,21.183,32937,5545,200.0,0,0,81.2
4643,reliability_dynamic_mobilenetv2,stable,features_16,1775838392691.958,1775838392776.724,84.766,11.000,73.368,19.593,32937,5545,200.0,0,0,76.0
4644,reliability_dynamic_mobilenetv2,stable,features_16,1775838392780.723,1775838392857.236,76.513,12.002,63.555,20.172,32937,5545,200.0,0,0,78.8
4645,reliability_dynamic_mobilenetv2,stable,features_16,1775838392861.231,1775838392943.246,82.014,13.000,68.009,20.483,32937,5545,200.0,0,0,79.0
4646,reliability_dynamic_mobilenetv2,stable,features_16,1775838392946.243,1775838393023.370,77.127,12.261,63.863,19.532,32937,5545,200.0,0,0,80.0
4647,reliability_dynamic_mobilenetv2,stable,features_16,1775838393026.367,1775838393099.884,73.516,12.004,61.512,18.949,32937,5545,200.0,0,0,82.5
4648,reliability_dynamic_mobilenetv2,stable,features_16,1775838393103.881,1775838393182.396,78.514,11.003,66.509,21.243,32937,5545,200.0,0,0,85.6
4649,reliability_dynamic_mobilenetv2,stable,features_16,1775838393187.394,1775838393280.909,93.515,20.000,71.514,20.463,32937,5545,200.0,0,0,91.8
4650,reliability_dynamic_mobilenetv2,stable,features_16,1775838393284.906,1775838393369.418,84.512,17.005,66.508,20.089,32937,5545,200.0,0,0,89.8
4651,reliability_dynamic_mobilenetv2,stable,features_16,1775838393373.419,1775838393452.937,79.517,16.004,63.513,19.325,32937,5545,200.0,0,0,87.7
4652,reliability_dynamic_mobilenetv2,stable,features_16,1775838393456.937,1775838393536.951,80.014,17.999,60.004,18.904,32937,5545,200.0,0,0,91.4
4653,reliability_dynamic_mobilenetv2,stable,features_16,1775838393539.940,1775838393631.457,91.517,12.517,77.001,19.977,32937,5545,200.0,0,0,84.5
4654,reliability_dynamic_mobilenetv2,stable,features_16,1775838393635.456,1775838393725.981,90.525,17.524,70.996,24.628,32937,5545,200.0,0,0,85.4
4655,reliability_dynamic_mobilenetv2,stable,features_16,1775838393728.978,1775838393818.493,89.515,18.003,70.512,26.462,32937,5545,200.0,0,0,85.6
4656,reliability_dynamic_mobilenetv2,stable,features_16,1775838393822.490,1775838393897.001,74.511,12.001,61.511,20.858,32937,5545,200.0,0,0,86.2
4657,reliability_dynamic_mobilenetv2,stable,features_16,1775838393901.001,1775838393989.517,88.516,15.003,71.509,30.914,32937,5545,200.0,0,0,85.7
4658,reliability_dynamic_mobilenetv2,stable,features_16,1775838393992.521,1775838394068.263,75.742,13.995,60.938,18.967,32937,5545,200.0,0,0,88.8
4659,reliability_dynamic_mobilenetv2,stable,features_16,1775838394071.265,1775838394187.779,116.513,20.005,94.804,48.601,32937,5545,200.0,0,0,98.5
4660,reliability_dynamic_mobilenetv2,stable,features_16,1775838394191.779,1775838394285.826,94.047,25.000,67.047,21.458,32937,5545,200.0,0,0,95.9
4661,reliability_dynamic_mobilenetv2,stable,features_16,1775838394289.826,1775838394380.849,91.024,20.001,70.023,18.548,32937,5545,200.0,0,0,95.9
4662,reliability_dynamic_mobilenetv2,stable,features_16,1775838394384.849,1775838394463.368,78.519,17.001,61.518,19.476,32937,5545,200.0,0,0,93.9
4663,reliability_dynamic_mobilenetv2,stable,features_16,1775838394467.367,1775838394551.880,84.512,19.000,63.507,19.969,32937,5545,200.0,0,0,90.1
4664,reliability_dynamic_mobilenetv2,stable,features_16,1775838394554.881,1775838394637.881,83.000,17.997,64.003,19.725,32937,5545,200.0,0,0,93.9
4665,reliability_dynamic_mobilenetv2,stable,features_16,1775838394641.882,1775838394733.391,91.509,21.508,69.001,25.619,32937,5545,200.0,0,0,93.9
4666,reliability_dynamic_mobilenetv2,stable,features_16,1775838394740.395,1775838394816.912,76.517,15.518,60.999,19.551,32937,5545,200.0,0,0,91.4
4667,reliability_dynamic_mobilenetv2,stable,features_16,1775838394820.912,1775838394908.425,87.514,20.005,65.508,20.842,32937,5545,200.0,0,0,92.7
4668,reliability_dynamic_mobilenetv2,stable,features_16,1775838394912.424,1775838394998.941,86.517,20.002,65.513,20.043,32937,5545,200.0,0,0,92.8
4669,reliability_dynamic_mobilenetv2,stable,features_16,1775838395002.940,1775838395085.449,82.510,20.002,61.508,19.254,32937,5545,200.0,0,0,92.6
4670,reliability_dynamic_mobilenetv2,stable,features_16,1775838395089.448,1775838395172.964,83.515,21.000,60.514,18.948,32937,5545,200.0,0,0,94.8
4671,reliability_dynamic_mobilenetv2,stable,features_16,1775838395175.963,1775838395275.395,99.432,30.000,67.138,21.516,32937,5545,200.0,0,0,99.1
4672,reliability_dynamic_mobilenetv2,stable,features_16,1775838395279.099,1775838395360.054,80.955,13.002,66.954,20.303,32937,5545,200.0,0,0,86.2
4673,reliability_dynamic_mobilenetv2,stable,features_16,1775838395364.053,1775838395453.082,89.029,21.000,66.195,20.277,32937,5545,200.0,0,0,90.8
4674,reliability_dynamic_mobilenetv2,stable,features_16,1775838395457.084,1775838395545.398,88.314,18.998,68.334,21.309,32937,5545,200.0,0,0,93.9
4675,reliability_dynamic_mobilenetv2,stable,features_16,1775838395549.089,1775838395628.683,79.594,16.266,61.000,19.074,32937,5545,200.0,0,0,88.8
4676,reliability_dynamic_mobilenetv2,stable,features_16,1775838395632.353,1775838395713.825,81.472,19.007,62.465,18.947,32937,5545,200.0,0,0,88.5
4677,reliability_dynamic_mobilenetv2,stable,features_16,1775838395718.826,1775838395809.337,90.511,22.010,66.506,20.684,32937,5545,200.0,0,0,89.7
4678,reliability_dynamic_mobilenetv2,stable,features_16,1775838395814.337,1775838395899.853,85.516,19.000,65.516,20.449,32937,5545,200.0,0,0,92.9
4679,reliability_dynamic_mobilenetv2,stable,features_16,1775838395903.851,1775838395991.370,87.519,23.000,64.519,18.914,32937,5545,200.0,0,0,88.8
4680,reliability_dynamic_mobilenetv2,stable,features_16,1775838395995.370,1775838396083.592,88.221,26.001,62.220,19.122,32937,5545,200.0,0,0,94.8
4681,reliability_dynamic_mobilenetv2,stable,features_16,1775838396088.591,1775838396184.105,95.514,19.003,74.516,21.138,32937,5545,200.0,0,0,94.6
4682,reliability_dynamic_mobilenetv2,stable,features_16,1775838396188.107,1775838396281.621,93.514,22.999,68.516,19.970,32937,5545,200.0,0,0,95.9
4683,reliability_dynamic_mobilenetv2,stable,features_16,1775838396286.620,1775838396371.667,85.046,19.000,64.045,19.902,32937,5545,200.0,0,0,92.9
4684,reliability_dynamic_mobilenetv2,stable,features_16,1775838396375.666,1775838396459.176,83.510,18.004,63.818,19.386,32937,5545,200.0,0,0,92.5
4685,reliability_dynamic_mobilenetv2,stable,features_16,1775838396463.178,1775838396550.358,87.181,21.998,64.183,19.588,32937,5545,200.0,0,0,93.8
4686,reliability_dynamic_mobilenetv2,stable,features_16,1775838396554.867,1775838396643.870,89.003,21.004,66.004,20.896,32937,5545,200.0,0,0,95.9
4687,reliability_dynamic_mobilenetv2,stable,features_16,1775838396646.871,1775838396731.382,84.511,21.511,63.000,18.969,32937,5545,200.0,0,0,95.0
4688,reliability_dynamic_mobilenetv2,stable,features_16,1775838396735.382,1775838396814.900,79.518,15.008,62.007,19.467,32937,5545,200.0,0,0,92.6
4689,reliability_dynamic_mobilenetv2,stable,features_16,1775838396819.898,1775838396915.359,95.460,32.453,61.001,19.861,32937,5545,200.0,0,0,95.6
4690,reliability_dynamic_mobilenetv2,stable,features_16,1775838396919.355,1775838397002.866,83.511,19.004,63.656,19.787,32937,5545,200.0,0,0,90.2
4691,reliability_dynamic_mobilenetv2,stable,features_16,1775838397006.873,1775838397089.007,82.135,14.995,66.139,20.106,32937,5545,200.0,0,0,87.5
4692,reliability_dynamic_mobilenetv2,stable,features_16,1775838397093.007,1775838397180.527,87.520,14.005,72.966,21.365,32937,5545,200.0,0,0,96.9
4693,reliability_dynamic_mobilenetv2,stable,features_16,1775838397184.524,1775838397272.038,87.514,23.001,63.514,20.263,32937,5545,200.0,0,0,91.5
4694,reliability_dynamic_mobilenetv2,stable,features_16,1775838397275.039,1775838397358.552,83.513,17.999,63.657,19.288,32937,5545,200.0,0,0,86.9
4695,reliability_dynamic_mobilenetv2,stable,features_16,1775838397362.551,1775838397445.555,83.004,17.998,65.006,19.550,32937,5545,200.0,0,0,85.7
4696,reliability_dynamic_mobilenetv2,stable,features_16,1775838397449.554,1775838397531.080,81.526,12.085,68.189,21.272,32937,5545,200.0,0,0,76.5
4697,reliability_dynamic_mobilenetv2,stable,features_16,1775838397535.079,1775838397611.601,76.522,13.009,61.510,19.133,32937,5545,200.0,0,0,79.0
4698,reliability_dynamic_mobilenetv2,stable,features_16,1775838397614.596,1775838397743.123,128.527,11.002,115.522,75.634,32937,5545,200.0,0,0,76.2
4699,reliability_dynamic_mobilenetv2,stable,features_16,1775838397746.118,1775838397833.626,87.508,17.508,68.615,22.719,32937,5545,200.0,0,0,74.1
4700,reliability_dynamic_mobilenetv2,stable,features_16,1775838397836.634,1775838397923.147,86.514,17.512,68.002,21.780,32937,5545,200.0,0,0,77.1
4701,reliability_dynamic_mobilenetv2,stable,features_16,1775838397927.150,1775838398008.654,81.504,15.997,64.502,19.862,32937,5545,200.0,0,0,79.2
4702,reliability_dynamic_mobilenetv2,stable,features_16,1775838398012.656,1775838398087.180,74.523,10.998,62.520,18.703,32937,5545,200.0,0,0,81.2
4703,reliability_dynamic_mobilenetv2,stable,features_16,1775838398091.173,1775838398176.967,85.794,16.002,67.999,22.056,32937,5545,200.0,0,0,89.0
4704,reliability_dynamic_mobilenetv2,stable,features_16,1775838398180.969,1775838398269.833,88.864,20.999,65.863,20.424,32937,5545,200.0,0,0,93.8
4705,reliability_dynamic_mobilenetv2,stable,features_16,1775838398273.833,1775838398359.347,85.514,18.999,65.515,19.513,32937,5545,200.0,0,0,90.8
4706,reliability_dynamic_mobilenetv2,stable,features_16,1775838398363.345,1775838398451.351,88.006,21.000,66.006,20.093,32937,5545,200.0,0,0,92.9
4707,reliability_dynamic_mobilenetv2,stable,features_16,1775838398454.867,1775838398529.864,74.997,12.122,61.871,19.844,32937,5545,200.0,0,0,87.7
4708,reliability_dynamic_mobilenetv2,stable,features_16,1775838398532.860,1775838398629.165,96.305,14.008,82.297,19.228,32937,5545,200.0,0,0,84.7
4709,reliability_dynamic_mobilenetv2,stable,features_16,1775838398633.032,1775838398709.542,76.511,11.007,65.504,20.026,32937,5545,200.0,0,0,81.2
4710,reliability_dynamic_mobilenetv2,stable,features_16,1775838398713.548,1775838398799.054,85.507,17.996,66.511,20.719,32937,5545,200.0,0,0,86.5
4711,reliability_dynamic_mobilenetv2,stable,features_16,1775838398803.055,1775838398892.566,89.511,18.000,69.628,26.385,32937,5545,200.0,0,0,90.8
4712,reliability_dynamic_mobilenetv2,stable,features_16,1775838398896.567,1775838398978.078,81.511,17.002,62.511,19.485,32937,5545,200.0,0,0,91.8
4713,reliability_dynamic_mobilenetv2,stable,features_16,1775838398982.079,1775838399079.596,97.517,21.000,75.805,20.215,32937,5545,200.0,0,0,85.4
4714,reliability_dynamic_mobilenetv2,stable,features_16,1775838399083.596,1775838399169.607,86.011,18.000,67.011,20.927,32937,5545,200.0,0,0,96.9
4715,reliability_dynamic_mobilenetv2,stable,features_16,1775838399174.607,1775838399267.659,93.052,27.000,64.048,20.363,32937,5545,200.0,0,0,99.0
4716,reliability_dynamic_mobilenetv2,stable,features_16,1775838399271.656,1775838399361.170,89.514,27.001,61.510,18.978,32937,5545,200.0,0,0,99.0
4717,reliability_dynamic_mobilenetv2,stable,features_16,1775838399366.169,1775838399468.686,102.517,33.000,68.765,19.993,32937,5545,200.0,0,0,98.2
4718,reliability_dynamic_mobilenetv2,stable,features_16,1775838399473.685,1775838399577.205,103.520,23.000,78.522,22.105,32937,5545,200.0,0,0,100.0
4719,reliability_dynamic_mobilenetv2,stable,features_16,1775838399582.204,1775838399669.726,87.522,24.001,61.517,19.220,32937,5545,200.0,0,0,96.1
4720,reliability_dynamic_mobilenetv2,stable,features_16,1775838399674.721,1775838399776.392,101.671,26.031,73.672,20.774,32937,5545,200.0,0,0,94.9
4721,reliability_dynamic_mobilenetv2,stable,features_16,1775838399780.393,1775838399880.905,100.512,18.002,80.512,20.381,32937,5545,200.0,0,0,94.9
4722,reliability_dynamic_mobilenetv2,stable,features_16,1775838399884.904,1775838399971.425,86.521,23.000,62.518,19.575,32937,5545,200.0,0,0,91.8
4723,reliability_dynamic_mobilenetv2,stable,features_16,1775838399975.424,1775838400061.935,86.510,23.999,60.511,18.140,32937,5545,200.0,0,0,85.9
4724,reliability_dynamic_mobilenetv2,stable,features_16,1775838400065.935,1775838400156.173,90.238,21.999,67.239,20.611,32937,5545,200.0,0,0,96.0
4725,reliability_dynamic_mobilenetv2,stable,features_16,1775838400161.174,1775838400256.684,95.510,28.000,66.511,20.680,32937,5545,200.0,0,0,99.0
4726,reliability_dynamic_mobilenetv2,stable,features_16,1775838400260.687,1775838400340.688,80.001,16.999,61.005,18.925,32937,5545,200.0,0,0,96.9
4727,reliability_dynamic_mobilenetv2,stable,features_16,1775838400345.688,1775838400432.199,86.511,22.511,63.000,19.095,32937,5545,200.0,0,0,99.0
4728,reliability_dynamic_mobilenetv2,stable,features_16,1775838400437.199,1775838400523.717,86.518,20.516,65.002,19.907,32937,5545,200.0,0,0,98.0
4729,reliability_dynamic_mobilenetv2,stable,features_16,1775838400528.716,1775838400617.703,88.987,23.481,65.507,20.807,32937,5545,200.0,0,0,96.0
4730,reliability_dynamic_mobilenetv2,stable,features_16,1775838400621.701,1775838400709.217,87.516,25.006,62.510,18.645,32937,5545,200.0,0,0,96.3
4731,reliability_dynamic_mobilenetv2,stable,features_16,1775838400713.218,1775838400795.730,82.513,19.000,61.510,19.580,32937,5545,200.0,0,0,92.9
4732,reliability_dynamic_mobilenetv2,stable,features_16,1775838400800.728,1775838400894.241,93.513,23.003,68.889,20.231,32937,5545,200.0,0,0,92.9
4733,reliability_dynamic_mobilenetv2,stable,features_16,1775838400898.242,1775838400983.193,84.950,19.002,65.948,19.870,32937,5545,200.0,0,0,91.8
4734,reliability_dynamic_mobilenetv2,stable,features_16,1775838400987.192,1775838401074.232,87.040,24.001,61.382,18.405,32937,5545,200.0,0,0,98.0
4735,reliability_dynamic_mobilenetv2,stable,features_16,1775838401078.232,1775838401168.366,90.134,24.002,64.299,21.456,32937,5545,200.0,0,0,92.8
4736,reliability_dynamic_mobilenetv2,stable,features_16,1775838401173.367,1775838401260.879,87.512,23.002,63.512,19.165,32937,5545,200.0,0,0,97.0
4737,reliability_dynamic_mobilenetv2,stable,features_16,1775838401265.880,1775838401348.883,83.003,18.999,64.005,19.986,32937,5545,200.0,0,0,87.5
4738,reliability_dynamic_mobilenetv2,stable,features_16,1775838401352.885,1775838401435.396,82.512,14.515,66.997,21.094,32937,5545,200.0,0,0,89.7
4739,reliability_dynamic_mobilenetv2,stable,features_16,1775838401440.401,1775838401526.911,86.510,17.513,66.999,20.943,32937,5545,200.0,0,0,97.0
4740,reliability_dynamic_mobilenetv2,stable,features_16,1775838401530.912,1775838401616.422,85.510,19.002,65.509,19.375,32937,5545,200.0,0,0,85.4
4741,reliability_dynamic_mobilenetv2,stable,features_16,1775838401620.421,1775838401705.942,85.521,20.009,63.508,20.725,32937,5545,200.0,0,0,86.7
4742,reliability_dynamic_mobilenetv2,stable,features_16,1775838401708.937,1775838401790.452,81.515,14.000,63.512,19.610,32937,5545,200.0,0,0,91.9
4743,reliability_dynamic_mobilenetv2,stable,features_16,1775838401794.449,1775838401879.968,85.520,19.004,65.513,20.429,32937,5545,200.0,0,0,86.2
4744,reliability_dynamic_mobilenetv2,stable,features_16,1775838401882.967,1775838401961.480,78.513,16.003,61.729,18.250,32937,5545,200.0,0,0,88.5
4745,reliability_dynamic_mobilenetv2,stable,features_16,1775838401965.479,1775838402042.483,77.004,17.001,59.004,18.085,32937,5545,200.0,0,0,90.0
4746,reliability_dynamic_mobilenetv2,stable,features_16,1775838402046.484,1775838402132.996,86.512,19.513,66.999,20.682,32937,5545,200.0,0,0,92.2
4747,reliability_dynamic_mobilenetv2,stable,features_16,1775838402136.995,1775838402219.524,82.529,17.516,64.013,19.718,32937,5545,200.0,0,0,88.9
4748,reliability_dynamic_mobilenetv2,stable,features_16,1775838402222.527,1775838402314.044,91.517,12.996,78.521,20.937,32937,5545,200.0,0,0,78.4
4749,reliability_dynamic_mobilenetv2,stable,features_16,1775838402317.046,1775838402404.561,87.515,12.999,73.517,18.782,32937,5545,200.0,0,0,77.3
4750,reliability_dynamic_mobilenetv2,stable,features_16,1775838402408.560,1775838402490.069,81.509,17.001,63.509,19.830,32937,5545,200.0,0,0,78.8
4751,reliability_dynamic_mobilenetv2,stable,features_16,1775838402494.068,1775838402589.608,95.540,12.001,82.535,20.813,32937,5545,200.0,0,0,76.8
4752,reliability_dynamic_mobilenetv2,stable,features_16,1775838402592.608,1775838402667.121,74.513,10.999,62.514,19.629,32937,5545,200.0,0,0,79.0
4753,reliability_dynamic_mobilenetv2,stable,features_16,1775838402670.118,1775838402766.641,96.522,12.000,83.617,28.785,32937,5545,200.0,0,0,78.1
4754,reliability_dynamic_mobilenetv2,stable,features_16,1775838402770.640,1775838402849.650,79.010,16.000,61.006,18.030,32937,5545,200.0,0,0,85.4
4755,reliability_dynamic_mobilenetv2,stable,features_16,1775838402852.646,1775838402931.167,78.521,17.511,59.002,18.069,32937,5545,200.0,0,0,85.4
4756,reliability_dynamic_mobilenetv2,stable,features_16,1775838402935.155,1775838403023.675,88.520,17.006,69.511,24.959,32937,5545,200.0,0,0,78.8
4757,reliability_dynamic_mobilenetv2,stable,features_16,1775838403027.682,1775838403123.186,95.504,14.001,80.964,20.800,32937,5545,200.0,0,0,81.4
4758,reliability_dynamic_mobilenetv2,stable,features_16,1775838403127.187,1775838403204.697,77.510,15.002,61.507,19.212,32937,5545,200.0,0,0,85.0
4759,reliability_dynamic_mobilenetv2,stable,features_16,1775838403207.696,1775838403285.210,77.514,12.000,63.513,19.445,32937,5545,200.0,0,0,81.2
4760,reliability_dynamic_mobilenetv2,stable,features_16,1775838403288.213,1775838403364.719,76.507,10.000,64.507,19.689,32937,5545,200.0,0,0,76.2
4761,reliability_dynamic_mobilenetv2,stable,features_16,1775838403367.725,1775838403499.234,131.509,11.996,118.512,73.780,32937,5545,200.0,0,0,77.2
4762,reliability_dynamic_mobilenetv2,stable,features_16,1775838403503.233,1775838403578.746,75.513,13.002,60.895,19.015,32937,5545,200.0,0,0,77.5
4763,reliability_dynamic_mobilenetv2,stable,features_16,1775838403581.753,1775838403655.256,73.503,11.994,61.509,19.177,32937,5545,200.0,0,0,76.2
4764,reliability_dynamic_mobilenetv2,stable,features_16,1775838403659.261,1775838403746.265,87.004,11.998,75.006,30.237,32937,5545,200.0,0,0,76.0
4765,reliability_dynamic_mobilenetv2,stable,features_16,1775838403750.264,1775838403825.778,75.514,11.510,63.003,19.745,32937,5545,200.0,0,0,77.5
4766,reliability_dynamic_mobilenetv2,stable,features_16,1775838403829.780,1775838403901.946,72.167,10.000,62.167,18.266,32937,5545,200.0,0,0,80.0
4767,reliability_dynamic_mobilenetv2,stable,features_16,1775838403905.946,1775838403987.461,81.515,11.997,68.722,18.988,32937,5545,200.0,0,0,77.5
4768,reliability_dynamic_mobilenetv2,stable,features_16,1775838403990.595,1775838404069.976,79.381,11.251,67.520,18.923,32937,5545,200.0,0,0,81.7
4769,reliability_dynamic_mobilenetv2,stable,features_16,1775838404073.974,1775838404161.489,87.515,9.002,78.512,19.658,32937,5545,200.0,0,0,82.3
4770,reliability_dynamic_mobilenetv2,stable,features_16,1775838404165.486,1775838404249.494,84.008,16.002,66.006,20.586,32937,5545,200.0,0,0,90.6
4771,reliability_dynamic_mobilenetv2,stable,features_16,1775838404252.495,1775838404338.005,85.511,17.511,66.999,21.509,32937,5545,200.0,0,0,93.8
4772,reliability_dynamic_mobilenetv2,stable,features_16,1775838404342.010,1775838404426.520,84.510,19.508,63.000,19.219,32937,5545,200.0,0,0,88.9
4773,reliability_dynamic_mobilenetv2,stable,features_16,1775838404430.517,1775838404509.149,78.632,15.005,62.627,19.451,32937,5545,200.0,0,0,93.8
4774,reliability_dynamic_mobilenetv2,stable,features_16,1775838404512.150,1775838404610.664,98.513,18.000,78.514,20.635,32937,5545,200.0,0,0,88.5
4775,reliability_dynamic_mobilenetv2,stable,features_16,1775838404614.661,1775838404703.180,88.519,16.002,72.102,27.073,32937,5545,200.0,0,0,82.3
4776,reliability_dynamic_mobilenetv2,stable,features_16,1775838404706.179,1775838404780.685,74.506,12.997,59.510,17.829,32937,5545,200.0,0,0,83.8
4777,reliability_dynamic_mobilenetv2,stable,features_16,1775838404783.685,1775838404874.203,90.518,14.000,76.518,18.957,32937,5545,200.0,0,0,83.3
4778,reliability_dynamic_mobilenetv2,stable,features_16,1775838404878.206,1775838404961.652,83.447,14.996,68.450,21.383,32937,5545,200.0,0,0,85.3
4779,reliability_dynamic_mobilenetv2,stable,features_16,1775838404965.652,1775838405038.651,72.999,13.001,59.998,18.430,32937,5545,200.0,0,0,83.3
4780,reliability_dynamic_mobilenetv2,stable,features_16,1775838405044.655,1775838405142.173,97.517,18.513,75.999,24.017,32937,5545,200.0,0,0,88.5
4781,reliability_dynamic_mobilenetv2,stable,features_16,1775838405147.174,1775838405237.683,90.509,21.509,67.001,21.149,32937,5545,200.0,0,0,100.0
4782,reliability_dynamic_mobilenetv2,stable,features_16,1775838405241.688,1775838405331.197,89.509,23.509,64.000,19.294,32937,5545,200.0,0,0,99.0
4783,reliability_dynamic_mobilenetv2,stable,features_16,1775838405336.197,1775838405433.719,97.522,29.523,66.999,20.889,32937,5545,200.0,0,0,100.0
4784,reliability_dynamic_mobilenetv2,stable,features_16,1775838405437.719,1775838405532.234,94.515,23.516,70.999,20.875,32937,5545,200.0,0,0,100.0
4785,reliability_dynamic_mobilenetv2,stable,features_16,1775838405537.236,1775838405624.766,87.530,23.531,61.997,19.067,32937,5545,200.0,0,0,100.0
4786,reliability_dynamic_mobilenetv2,stable,features_16,1775838405628.766,1775838405718.283,89.517,26.511,60.997,19.135,32937,5545,200.0,0,0,99.0
4787,reliability_dynamic_mobilenetv2,stable,features_16,1775838405722.284,1775838405837.300,115.016,28.006,86.011,24.048,32937,5545,200.0,0,0,98.5
4788,reliability_dynamic_mobilenetv2,stable,features_16,1775838405842.307,1775838405976.333,134.027,24.514,108.513,35.229,32937,5545,200.0,0,0,99.3
4789,reliability_dynamic_mobilenetv2,stable,features_16,1775838405981.334,1775838406063.848,82.513,16.000,65.913,18.436,32937,5545,200.0,0,0,97.7
4790,reliability_dynamic_mobilenetv2,stable,features_16,1775838406070.849,1775838406166.367,95.519,24.999,68.521,23.655,32937,5545,200.0,0,0,99.1
4791,reliability_dynamic_mobilenetv2,stable,features_16,1775838406170.368,1775838406281.878,111.510,27.000,83.510,20.770,32937,5545,200.0,0,0,98.3
4792,reliability_dynamic_mobilenetv2,stable,features_16,1775838406286.880,1775838406376.390,89.510,25.000,63.511,19.516,32937,5545,200.0,0,0,94.9
4793,reliability_dynamic_mobilenetv2,stable,features_16,1775838406380.391,1775838406465.904,85.512,21.999,61.514,18.823,32937,5545,200.0,0,0,92.8
4794,reliability_dynamic_mobilenetv2,stable,features_16,1775838406469.904,1775838406558.418,88.515,21.000,66.515,20.402,32937,5545,200.0,0,0,91.9
4795,reliability_dynamic_mobilenetv2,stable,features_16,1775838406562.418,1775838406652.422,90.004,22.000,66.002,20.700,32937,5545,200.0,0,0,92.0
4796,reliability_dynamic_mobilenetv2,stable,features_16,1775838406657.933,1775838406744.939,87.006,20.997,65.005,18.925,32937,5545,200.0,0,0,92.8
4797,reliability_dynamic_mobilenetv2,stable,features_16,1775838406749.940,1775838406837.200,87.260,23.262,62.001,20.611,32937,5545,200.0,0,0,94.8
4798,reliability_dynamic_mobilenetv2,stable,features_16,1775838406841.201,1775838406924.345,83.144,18.522,62.681,19.642,32937,5545,200.0,0,0,98.8
4799,reliability_dynamic_mobilenetv2,stable,features_16,1775838406927.346,1775838407014.500,87.153,21.004,65.150,19.132,32937,5545,200.0,0,0,98.0
4800,reliability_dynamic_mobilenetv2,stable,features_16,1775838407019.500,1775838407107.329,87.829,23.321,63.508,19.873,32937,5545,200.0,0,0,81.4
4801,reliability_dynamic_mobilenetv2,stable,features_16,1775838407110.327,1775838407189.844,79.517,12.005,67.512,20.517,32937,5545,200.0,0,0,82.5
4802,reliability_dynamic_mobilenetv2,stable,features_16,1775838407193.843,1775838407288.356,94.513,19.001,74.526,18.423,32937,5545,200.0,0,0,87.6
4803,reliability_dynamic_mobilenetv2,stable,features_16,1775838407292.355,1775838407373.864,81.510,15.000,66.509,18.956,32937,5545,200.0,0,0,85.6
4804,reliability_dynamic_mobilenetv2,stable,features_16,1775838407377.869,1775838407469.383,91.513,13.997,77.517,19.887,32937,5545,200.0,0,0,85.6
4805,reliability_dynamic_mobilenetv2,stable,features_16,1775838407474.382,1775838407554.855,80.473,14.004,65.471,20.371,32937,5545,200.0,0,0,88.4
4806,reliability_dynamic_mobilenetv2,stable,features_16,1775838407559.367,1775838407642.369,83.001,19.997,63.005,19.382,32937,5545,200.0,0,0,90.1
4807,reliability_dynamic_mobilenetv2,stable,features_16,1775838407646.368,1775838407724.406,78.038,15.037,63.001,19.763,32937,5545,200.0,0,0,82.7
4808,reliability_dynamic_mobilenetv2,stable,features_16,1775838407728.406,1775838407815.933,87.527,16.016,70.510,22.029,32937,5545,200.0,0,0,86.5
4809,reliability_dynamic_mobilenetv2,stable,features_16,1775838407824.937,1775838407907.453,82.516,12.996,68.515,20.372,32937,5545,200.0,0,0,81.2
4810,reliability_dynamic_mobilenetv2,stable,features_16,1775838407910.451,1775838407986.679,76.228,12.998,62.229,19.764,32937,5545,200.0,0,0,77.8
4811,reliability_dynamic_mobilenetv2,stable,features_16,1775838407989.677,1775838408063.198,73.521,11.001,60.520,18.954,32937,5545,200.0,0,0,82.7
4812,reliability_dynamic_mobilenetv2,stable,features_16,1775838408067.201,1775838408150.201,83.000,14.997,67.004,21.328,32937,5545,200.0,0,0,90.7
4813,reliability_dynamic_mobilenetv2,stable,features_16,1775838408155.201,1775838408241.711,86.510,19.510,66.000,20.188,32937,5545,200.0,0,0,93.8
4814,reliability_dynamic_mobilenetv2,stable,features_16,1775838408245.715,1775838408335.937,90.221,21.222,66.999,21.660,32937,5545,200.0,0,0,91.8
4815,reliability_dynamic_mobilenetv2,stable,features_16,1775838408339.938,1775838408428.454,88.517,19.516,66.999,22.269,32937,5545,200.0,0,0,89.8
4816,reliability_dynamic_mobilenetv2,stable,features_16,1775838408432.456,1775838408524.968,92.511,17.005,73.505,24.989,32937,5545,200.0,0,0,95.7
4817,reliability_dynamic_mobilenetv2,stable,features_16,1775838408529.966,1775838408623.412,93.446,27.008,64.437,20.216,32937,5545,200.0,0,0,96.1
4818,reliability_dynamic_mobilenetv2,stable,features_16,1775838408628.411,1775838408721.922,93.511,24.006,67.506,20.353,32937,5545,200.0,0,0,93.8
4819,reliability_dynamic_mobilenetv2,stable,features_16,1775838408724.923,1775838408821.062,96.138,28.004,67.136,20.154,32937,5545,200.0,0,0,99.2
4820,reliability_dynamic_mobilenetv2,stable,features_16,1775838408825.061,1775838408908.365,83.304,22.008,60.295,18.812,32937,5545,200.0,0,0,92.8
4821,reliability_dynamic_mobilenetv2,stable,features_16,1775838408912.364,1775838409002.876,90.512,19.001,70.511,18.605,32937,5545,200.0,0,0,88.7
4822,reliability_dynamic_mobilenetv2,stable,features_16,1775838409006.876,1775838409085.390,78.514,14.001,63.512,20.234,32937,5545,200.0,0,0,82.5
4823,reliability_dynamic_mobilenetv2,stable,features_16,1775838409089.394,1775838409232.100,142.706,10.000,131.757,20.104,32937,5545,200.0,0,0,88.3
4824,reliability_dynamic_mobilenetv2,stable,features_16,1775838409236.101,1775838409313.609,77.509,16.003,61.506,18.790,32937,5545,200.0,0,0,85.0
4825,reliability_dynamic_mobilenetv2,stable,features_16,1775838409316.613,1775838409412.118,95.505,11.997,81.509,18.991,32937,5545,200.0,0,0,77.1
4826,reliability_dynamic_mobilenetv2,stable,features_16,1775838409419.123,1775838409501.632,82.510,12.997,69.513,19.873,32937,5545,200.0,0,0,84.7
4827,reliability_dynamic_mobilenetv2,stable,features_16,1775838409505.635,1775838409593.152,87.517,15.000,71.517,24.563,32937,5545,200.0,0,0,80.2
4828,reliability_dynamic_mobilenetv2,stable,features_16,1775838409596.151,1775838409675.666,79.514,14.003,64.512,18.933,32937,5545,200.0,0,0,79.3
4829,reliability_dynamic_mobilenetv2,stable,features_16,1775838409678.665,1775838409753.665,75.000,11.000,62.001,19.542,32937,5545,200.0,0,0,77.5
4830,reliability_dynamic_mobilenetv2,stable,features_16,1775838409756.671,1775838409829.188,72.518,12.519,59.999,18.305,32937,5545,200.0,0,0,76.2
4831,reliability_dynamic_mobilenetv2,stable,features_16,1775838409832.186,1775838409920.698,88.512,12.010,75.505,27.487,32937,5545,200.0,0,0,81.6
4832,reliability_dynamic_mobilenetv2,stable,features_16,1775838409928.699,1775838410011.012,82.313,16.007,64.302,19.576,32937,5545,200.0,0,0,83.3
4833,reliability_dynamic_mobilenetv2,stable,features_16,1775838410016.010,1775838410096.225,80.215,16.001,63.210,19.658,32937,5545,200.0,0,0,80.2
4834,reliability_dynamic_mobilenetv2,stable,features_16,1775838410099.222,1775838410185.920,86.698,13.000,71.523,26.249,32937,5545,200.0,0,0,85.4
4835,reliability_dynamic_mobilenetv2,stable,features_16,1775838410189.743,1775838410267.255,77.512,17.003,59.507,18.643,32937,5545,200.0,0,0,86.2
4836,reliability_dynamic_mobilenetv2,stable,features_16,1775838410272.255,1775838410369.775,97.520,15.002,82.518,19.304,32937,5545,200.0,0,0,81.6
4837,reliability_dynamic_mobilenetv2,stable,features_16,1775838410373.774,1775838410452.781,79.006,13.002,64.005,20.355,32937,5545,200.0,0,0,81.5
4838,reliability_dynamic_mobilenetv2,stable,features_16,1775838410456.780,1775838410539.289,82.510,19.509,60.999,18.385,32937,5545,200.0,0,0,88.7
4839,reliability_dynamic_mobilenetv2,stable,features_16,1775838410544.665,1775838410620.174,75.509,14.506,60.379,18.519,32937,5545,200.0,0,0,82.9
4840,reliability_dynamic_mobilenetv2,stable,features_16,1775838410624.174,1775838410704.365,80.191,16.000,64.191,19.843,32937,5545,200.0,0,0,88.9
4841,reliability_dynamic_mobilenetv2,stable,features_16,1775838410708.365,1775838410789.656,81.290,14.999,65.290,20.876,32937,5545,200.0,0,0,87.8
4842,reliability_dynamic_mobilenetv2,stable,features_16,1775838410793.654,1775838410870.167,76.514,13.001,62.514,20.470,32937,5545,200.0,0,0,85.0
4843,reliability_dynamic_mobilenetv2,stable,features_16,1775838410874.168,1775838410956.171,82.003,16.000,64.006,19.223,32937,5545,200.0,0,0,86.4
4844,reliability_dynamic_mobilenetv2,stable,features_16,1775838410959.678,1775838411042.678,83.000,17.001,65.999,20.034,32937,5545,200.0,0,0,86.7
4845,reliability_dynamic_mobilenetv2,stable,features_16,1775838411047.684,1775838411130.192,82.508,13.509,69.000,23.545,32937,5545,200.0,0,0,90.0
4846,reliability_dynamic_mobilenetv2,stable,features_16,1775838411135.193,1775838411213.706,78.513,12.004,66.029,20.289,32937,5545,200.0,0,0,86.5
4847,reliability_dynamic_mobilenetv2,stable,features_16,1775838411216.704,1775838411300.755,84.050,16.004,65.049,20.571,32937,5545,200.0,0,0,82.7
4848,reliability_dynamic_mobilenetv2,stable,features_16,1775838411303.758,1775838411391.361,87.603,11.999,74.166,19.664,32937,5545,200.0,0,0,74.0
4849,reliability_dynamic_mobilenetv2,stable,features_16,1775838411393.920,1775838411467.132,73.212,10.352,62.211,19.111,32937,5545,200.0,0,0,76.2
4850,reliability_dynamic_mobilenetv2,stable,features_16,1775838411471.131,1775838411560.220,89.089,17.006,71.085,25.440,32937,5545,200.0,0,0,82.3
4851,reliability_dynamic_mobilenetv2,stable,features_16,1775838411563.224,1775838411647.220,83.996,13.997,69.999,21.069,32937,5545,200.0,0,0,87.5
4852,reliability_dynamic_mobilenetv2,stable,features_16,1775838411650.225,1775838411724.739,74.514,11.513,62.000,19.107,32937,5545,200.0,0,0,77.5
4853,reliability_dynamic_mobilenetv2,stable,features_16,1775838411727.735,1775838411821.254,93.519,17.008,75.512,19.164,32937,5545,200.0,0,0,82.8
4854,reliability_dynamic_mobilenetv2,stable,features_16,1775838411825.257,1775838411903.773,78.516,10.999,67.517,20.274,32937,5545,200.0,0,0,82.9
4855,reliability_dynamic_mobilenetv2,stable,features_16,1775838411906.775,1775838411992.292,85.517,13.999,69.519,21.971,32937,5545,200.0,0,0,77.0
4856,reliability_dynamic_mobilenetv2,stable,features_16,1775838411996.294,1775838412073.049,76.755,16.001,59.752,18.513,32937,5545,200.0,0,0,79.1
4857,reliability_dynamic_mobilenetv2,stable,features_16,1775838412077.047,1775838412157.052,80.006,16.000,63.116,19.602,32937,5545,200.0,0,0,87.5
4858,reliability_dynamic_mobilenetv2,stable,features_16,1775838412161.562,1775838412249.568,88.005,19.000,67.148,21.156,32937,5545,200.0,0,0,89.7
4859,reliability_dynamic_mobilenetv2,stable,features_16,1775838412253.567,1775838412345.088,91.520,21.514,67.388,20.407,32937,5545,200.0,0,0,94.9
4860,reliability_dynamic_mobilenetv2,stable,features_16,1775838412349.087,1775838412437.599,88.511,25.512,63.000,19.398,32937,5545,200.0,0,0,94.9
4861,reliability_dynamic_mobilenetv2,stable,features_16,1775838412441.598,1775838412527.709,86.111,20.106,65.007,21.594,32937,5545,200.0,0,0,87.8
4862,reliability_dynamic_mobilenetv2,stable,features_16,1775838412532.709,1775838412608.937,76.228,16.204,59.019,17.871,32937,5545,200.0,0,0,82.7
4863,reliability_dynamic_mobilenetv2,stable,features_16,1775838412611.935,1775838412686.448,74.513,12.999,59.513,18.836,32937,5545,200.0,0,0,86.2
4864,reliability_dynamic_mobilenetv2,stable,features_16,1775838412690.447,1775838412775.958,85.512,19.001,65.510,20.119,32937,5545,200.0,0,0,81.2
4865,reliability_dynamic_mobilenetv2,stable,features_16,1775838412779.959,1775838412865.472,85.513,18.002,66.510,20.774,32937,5545,200.0,0,0,85.2
4866,reliability_dynamic_mobilenetv2,stable,features_16,1775838412869.471,1775838412950.479,81.007,17.000,63.535,19.001,32937,5545,200.0,0,0,97.1
4867,reliability_dynamic_mobilenetv2,stable,features_16,1775838412954.724,1775838413035.994,81.270,17.268,63.000,19.710,32937,5545,200.0,0,0,93.8
4868,reliability_dynamic_mobilenetv2,stable,features_16,1775838413039.993,1775838413127.505,87.512,19.072,66.508,21.315,32937,5545,200.0,0,0,92.8
4869,reliability_dynamic_mobilenetv2,stable,features_16,1775838413133.505,1775838413226.017,92.512,25.003,66.508,20.537,32937,5545,200.0,0,0,96.0
4870,reliability_dynamic_mobilenetv2,stable,features_16,1775838413230.016,1775838413311.527,81.511,20.005,61.506,19.520,32937,5545,200.0,0,0,89.6
4871,reliability_dynamic_mobilenetv2,stable,features_16,1775838413315.526,1775838413393.128,77.602,14.000,61.603,19.806,32937,5545,200.0,0,0,88.9
4872,reliability_dynamic_mobilenetv2,stable,features_16,1775838413397.131,1775838413476.198,79.068,13.999,63.066,19.470,32937,5545,200.0,0,0,92.7
4873,reliability_dynamic_mobilenetv2,stable,features_16,1775838413480.198,1775838413568.559,88.361,22.000,66.361,20.704,32937,5545,200.0,0,0,97.0
4874,reliability_dynamic_mobilenetv2,stable,features_16,1775838413573.558,1775838413676.072,102.514,39.000,62.515,18.981,32937,5545,200.0,0,0,98.4
4875,reliability_dynamic_mobilenetv2,stable,features_16,1775838413681.073,1775838413782.586,101.513,38.000,61.514,19.163,32937,5545,200.0,0,0,99.2
4876,reliability_dynamic_mobilenetv2,stable,features_16,1775838413787.585,1775838413898.102,110.517,41.000,67.515,21.504,32937,5545,200.0,0,0,89.7
4877,reliability_dynamic_mobilenetv2,stable,features_16,1775838413904.102,1775838413996.615,92.513,26.000,65.514,19.953,32937,5545,200.0,0,0,98.3
4878,reliability_dynamic_mobilenetv2,stable,features_16,1775838414006.616,1775838414109.131,102.515,33.999,67.609,20.560,32937,5545,200.0,0,0,97.5
4879,reliability_dynamic_mobilenetv2,stable,features_16,1775838414123.130,1775838414482.957,359.827,288.313,68.512,20.855,32937,5545,200.0,1,0,99.8
4880,reliability_dynamic_mobilenetv2,stable,features_16,1775838414489.956,1775838414876.028,386.072,322.552,62.742,19.917,32937,5545,200.0,1,0,100.0
4881,reliability_dynamic_mobilenetv2,stable,features_16,1775838414881.026,1775838415044.538,163.512,98.513,62.999,20.211,32937,5545,200.0,0,0,98.4
4882,reliability_dynamic_mobilenetv2,stable,features_16,1775838415048.547,1775838415135.583,87.037,17.037,69.000,22.129,32937,5545,200.0,0,0,83.3
4883,reliability_dynamic_mobilenetv2,stable,features_16,1775838415139.586,1775838415222.094,82.508,14.003,67.507,21.754,32937,5545,200.0,0,0,92.7
4884,reliability_dynamic_mobilenetv2,stable,features_16,1775838415226.094,1775838415319.611,93.516,29.008,63.509,20.850,32937,5545,200.0,0,0,93.9
4885,reliability_dynamic_mobilenetv2,stable,features_16,1775838415323.614,1775838415404.729,81.115,17.997,62.118,20.399,32937,5545,200.0,0,0,89.6
4886,reliability_dynamic_mobilenetv2,stable,features_16,1775838415409.729,1775838415497.496,87.767,15.999,71.768,24.740,32937,5545,200.0,0,0,83.3
4887,reliability_dynamic_mobilenetv2,stable,features_16,1775838415501.496,1775838415585.009,83.513,16.001,66.510,21.450,32937,5545,200.0,0,0,84.3
4888,reliability_dynamic_mobilenetv2,stable,features_16,1775838415588.005,1775838415666.515,78.509,15.004,62.506,20.198,32937,5545,200.0,0,0,89.7
4889,reliability_dynamic_mobilenetv2,stable,features_16,1775838415670.515,1775838415750.519,80.004,19.000,60.002,18.817,32937,5545,200.0,0,0,90.0
4890,reliability_dynamic_mobilenetv2,stable,features_16,1775838415753.524,1775838415845.730,92.207,13.201,76.999,21.290,32937,5545,200.0,0,0,86.3
4891,reliability_dynamic_mobilenetv2,stable,features_16,1775838415849.729,1775838415931.240,81.510,11.503,69.003,23.728,32937,5545,200.0,0,0,82.5
4892,reliability_dynamic_mobilenetv2,stable,features_16,1775838415936.237,1775838416020.747,84.510,18.005,66.505,21.870,32937,5545,200.0,0,0,86.6
4893,reliability_dynamic_mobilenetv2,stable,features_16,1775838416024.747,1775838416103.264,78.517,15.001,62.513,20.200,32937,5545,200.0,0,0,86.6
4894,reliability_dynamic_mobilenetv2,stable,features_16,1775838416106.263,1775838416183.775,77.512,14.000,62.512,19.634,32937,5545,200.0,0,0,86.4
4895,reliability_dynamic_mobilenetv2,stable,features_16,1775838416188.773,1775838416266.299,77.526,15.002,61.525,19.764,32937,5545,200.0,0,0,86.6
4896,reliability_dynamic_mobilenetv2,stable,features_16,1775838416270.301,1775838416347.301,77.000,11.999,65.001,21.100,32937,5545,200.0,0,0,76.5
4897,reliability_dynamic_mobilenetv2,stable,features_16,1775838416350.302,1775838416430.818,80.516,10.509,69.005,21.797,32937,5545,200.0,0,0,81.2
4898,reliability_dynamic_mobilenetv2,stable,features_16,1775838416433.814,1775838416509.331,75.517,10.002,64.517,23.499,32937,5545,200.0,0,0,90.7
4899,reliability_dynamic_mobilenetv2,stable,features_16,1775838416513.330,1775838416591.841,78.511,17.003,61.508,19.602,32937,5545,200.0,0,0,83.8
4900,reliability_dynamic_mobilenetv2,stable,features_16,1775838416594.840,1775838416680.129,85.289,18.000,66.289,21.369,32937,5545,200.0,0,0,82.3
4901,reliability_dynamic_mobilenetv2,stable,features_16,1775838416683.128,1775838416759.135,76.008,10.998,63.005,20.276,32937,5545,200.0,0,0,78.0
4902,reliability_dynamic_mobilenetv2,stable,features_16,1775838416761.745,1775838416861.262,99.517,12.006,85.004,20.237,32937,5545,200.0,0,0,78.4
4903,reliability_dynamic_mobilenetv2,stable,features_16,1775838416865.273,1775838416939.268,73.995,11.994,61.479,19.183,32937,5545,200.0,0,0,80.2
4904,reliability_dynamic_mobilenetv2,stable,features_16,1775838416942.267,1775838417020.349,78.083,12.008,66.074,22.301,32937,5545,200.0,0,0,78.8
4905,reliability_dynamic_mobilenetv2,stable,features_16,1775838417023.350,1775838417104.563,81.213,12.001,67.639,22.162,32937,5545,200.0,0,0,76.3
4906,reliability_dynamic_mobilenetv2,stable,features_16,1775838417107.564,1775838417184.081,76.517,11.999,63.712,20.665,32937,5545,200.0,0,0,77.5
4907,reliability_dynamic_mobilenetv2,stable,features_16,1775838417188.081,1775838417269.593,81.512,20.000,61.511,19.546,32937,5545,200.0,0,0,91.5
4908,reliability_dynamic_mobilenetv2,stable,features_16,1775838417274.595,1775838417358.596,84.001,16.999,66.001,21.783,32937,5545,200.0,0,0,90.9
4909,reliability_dynamic_mobilenetv2,stable,features_16,1775838417362.099,1775838417449.109,87.010,18.006,68.006,22.262,32937,5545,200.0,0,0,92.9
4910,reliability_dynamic_mobilenetv2,stable,features_16,1775838417454.107,1775838417533.621,79.513,13.512,64.002,20.676,32937,5545,200.0,0,0,92.7
4911,reliability_dynamic_mobilenetv2,stable,features_16,1775838417537.620,1775838417631.610,93.990,20.006,72.983,22.471,32937,5545,200.0,0,0,95.9
4912,reliability_dynamic_mobilenetv2,stable,features_16,1775838417636.612,1775838417718.128,81.516,19.007,60.508,20.102,32937,5545,200.0,0,0,89.0
4913,reliability_dynamic_mobilenetv2,stable,features_16,1775838417722.124,1775838417805.638,83.514,19.002,63.512,21.916,32937,5545,200.0,0,0,98.0
4914,reliability_dynamic_mobilenetv2,stable,features_16,1775838417808.638,1775838417903.148,94.510,26.001,67.510,20.860,32937,5545,200.0,0,0,97.0
4915,reliability_dynamic_mobilenetv2,stable,features_16,1775838417907.148,1775838417999.662,92.513,24.001,67.511,21.020,32937,5545,200.0,0,0,92.9
4916,reliability_dynamic_mobilenetv2,stable,features_16,1775838418003.660,1775838418085.171,81.511,17.002,63.784,19.908,32937,5545,200.0,0,0,86.6
4917,reliability_dynamic_mobilenetv2,stable,features_16,1775838418089.171,1775838418174.683,85.511,16.000,69.512,23.071,32937,5545,200.0,0,0,97.9
4918,reliability_dynamic_mobilenetv2,stable,features_16,1775838418179.686,1775838418268.194,88.507,20.997,66.510,21.717,32937,5545,200.0,0,0,96.9
4919,reliability_dynamic_mobilenetv2,stable,features_16,1775838418273.193,1775838418363.715,90.522,20.001,68.521,24.436,32937,5545,200.0,0,0,95.8
4920,reliability_dynamic_mobilenetv2,stable,features_16,1775838418366.713,1775838418448.716,82.003,16.001,63.001,20.551,32937,5545,200.0,0,0,84.5
4921,reliability_dynamic_mobilenetv2,stable,features_16,1775838418451.715,1775838418530.913,79.198,16.197,62.001,20.199,32937,5545,200.0,0,0,90.2
4922,reliability_dynamic_mobilenetv2,stable,features_16,1775838418534.913,1775838418616.426,81.513,14.006,65.504,21.012,32937,5545,200.0,0,0,85.0
4923,reliability_dynamic_mobilenetv2,stable,features_16,1775838418619.431,1775838418704.940,85.509,16.994,67.514,21.605,32937,5545,200.0,0,0,83.5
4924,reliability_dynamic_mobilenetv2,stable,features_16,1775838418708.939,1775838418815.449,106.510,13.002,92.508,24.192,32937,5545,200.0,0,0,84.2
4925,reliability_dynamic_mobilenetv2,stable,features_16,1775838418819.448,1775838418900.962,81.514,16.001,64.513,22.047,32937,5545,200.0,0,0,91.9
4926,reliability_dynamic_mobilenetv2,stable,features_16,1775838418905.961,1775838418998.475,92.514,16.003,76.510,19.387,32937,5545,200.0,0,0,93.8
4927,reliability_dynamic_mobilenetv2,stable,features_16,1775838419002.476,1775838419094.288,91.812,26.000,64.513,20.870,32937,5545,200.0,0,0,93.1
4928,reliability_dynamic_mobilenetv2,stable,features_16,1775838419097.987,1775838419180.503,82.516,16.001,65.514,21.097,32937,5545,200.0,0,0,87.6
4929,reliability_dynamic_mobilenetv2,stable,features_16,1775838419184.503,1775838419276.015,91.512,15.001,75.511,21.698,32937,5545,200.0,0,0,84.4
4930,reliability_dynamic_mobilenetv2,stable,features_16,1775838419281.014,1775838419363.522,82.509,18.002,62.505,20.006,32937,5545,200.0,0,0,84.1
4931,reliability_dynamic_mobilenetv2,stable,features_16,1775838419367.523,1775838419450.526,83.003,14.003,68.000,25.050,32937,5545,200.0,0,0,79.6
4932,reliability_dynamic_mobilenetv2,stable,features_16,1775838419453.526,1775838419542.035,88.509,12.510,74.998,20.560,32937,5545,200.0,0,0,87.5
4933,reliability_dynamic_mobilenetv2,stable,features_16,1775838419546.034,1775838419631.547,85.513,17.515,67.001,21.337,32937,5545,200.0,0,0,90.4
4934,reliability_dynamic_mobilenetv2,stable,features_16,1775838419635.550,1775838419727.068,91.518,16.004,75.514,21.988,32937,5545,200.0,0,0,96.1
4935,reliability_dynamic_mobilenetv2,stable,features_16,1775838419731.067,1775838419836.583,105.517,18.007,86.510,35.362,32937,5545,200.0,0,0,91.4
4936,reliability_dynamic_mobilenetv2,stable,features_16,1775838419839.589,1775838419921.101,81.512,14.006,66.506,21.527,32937,5545,200.0,0,0,92.5
4937,reliability_dynamic_mobilenetv2,stable,features_16,1775838419925.101,1775838420013.612,88.511,20.001,67.509,21.399,32937,5545,200.0,0,0,92.8
4938,reliability_dynamic_mobilenetv2,stable,features_16,1775838420020.727,1775838420123.245,102.518,35.005,66.511,20.548,32937,5545,200.0,0,0,94.0
4939,reliability_dynamic_mobilenetv2,stable,features_16,1775838420126.245,1775838420203.279,77.034,13.001,64.033,20.611,32937,5545,200.0,0,0,90.0
4940,reliability_dynamic_mobilenetv2,stable,features_16,1775838420208.278,1775838420297.569,89.291,19.001,70.290,20.555,32937,5545,200.0,0,0,97.9
4941,reliability_dynamic_mobilenetv2,stable,features_16,1775838420303.834,1775838420389.089,85.254,16.734,68.520,22.149,32937,5545,200.0,0,0,90.6
4942,reliability_dynamic_mobilenetv2,stable,features_16,1775838420395.088,1775838420487.599,92.511,23.000,68.510,22.484,32937,5545,200.0,0,0,96.9
4943,reliability_dynamic_mobilenetv2,stable,features_16,1775838420491.600,1775838420582.114,90.514,20.999,68.516,21.992,32937,5545,200.0,0,0,95.8
4944,reliability_dynamic_mobilenetv2,stable,features_16,1775838420585.115,1775838420669.628,84.513,19.000,64.512,20.802,32937,5545,200.0,0,0,92.7
4945,reliability_dynamic_mobilenetv2,stable,features_16,1775838420672.628,1775838420812.143,139.515,16.000,121.943,20.702,32937,5545,200.0,0,0,93.2
4946,reliability_dynamic_mobilenetv2,stable,features_16,1775838420816.143,1775838420904.651,88.509,20.999,67.042,22.168,32937,5545,200.0,0,0,98.0
4947,reliability_dynamic_mobilenetv2,stable,features_16,1775838420908.651,1775838420992.992,84.341,19.003,65.338,20.997,32937,5545,200.0,0,0,95.9
4948,reliability_dynamic_mobilenetv2,stable,features_16,1775838420997.992,1775838421083.502,85.510,22.000,62.509,20.298,32937,5545,200.0,0,0,97.6
4949,reliability_dynamic_mobilenetv2,stable,features_16,1775838421088.503,1775838421183.017,94.514,23.000,71.514,20.892,32937,5545,200.0,0,0,95.7
4950,reliability_dynamic_mobilenetv2,stable,features_16,1775838421187.016,1775838421276.529,89.513,21.000,67.510,21.815,32937,5545,200.0,0,0,100.0
4951,reliability_dynamic_mobilenetv2,stable,features_16,1775838421281.529,1775838421365.037,83.508,14.999,66.510,20.931,32937,5545,200.0,0,0,96.3
4952,reliability_dynamic_mobilenetv2,stable,features_16,1775838421369.040,1775838421449.045,80.005,15.999,63.006,21.246,32937,5545,200.0,0,0,99.0
4953,reliability_dynamic_mobilenetv2,stable,features_16,1775838421453.046,1775838421541.554,88.509,22.510,65.999,22.523,32937,5545,200.0,0,0,94.1
4954,reliability_dynamic_mobilenetv2,stable,features_16,1775838421546.554,1775838421643.938,97.384,27.385,69.000,22.010,32937,5545,200.0,0,0,99.0
4955,reliability_dynamic_mobilenetv2,stable,features_16,1775838421648.944,1775838421742.451,93.507,23.507,69.000,22.735,32937,5545,200.0,0,0,99.1
4956,reliability_dynamic_mobilenetv2,stable,features_16,1775838421747.452,1775838421837.530,90.077,23.079,65.073,22.456,32937,5545,200.0,0,0,95.0
4957,reliability_dynamic_mobilenetv2,stable,features_16,1775838421841.530,1775838421947.043,105.512,25.513,79.001,35.357,32937,5545,200.0,0,0,95.8
4958,reliability_dynamic_mobilenetv2,stable,features_16,1775838421951.048,1775838422042.562,91.514,26.516,64.000,20.063,32937,5545,200.0,0,0,98.0
4959,reliability_dynamic_mobilenetv2,stable,features_16,1775838422046.561,1775838422132.073,85.512,23.512,60.999,19.315,32937,5545,200.0,0,0,100.0
4960,reliability_dynamic_mobilenetv2,stable,features_16,1775838422136.074,1775838422225.588,89.514,21.004,67.511,20.818,32937,5545,200.0,0,0,98.0
4961,reliability_dynamic_mobilenetv2,stable,features_16,1775838422230.588,1775838422326.138,95.550,25.006,68.823,22.165,32937,5545,200.0,0,0,94.8
4962,reliability_dynamic_mobilenetv2,stable,features_16,1775838422330.137,1775838422412.651,82.513,19.005,61.507,20.074,32937,5545,200.0,0,0,84.1
4963,reliability_dynamic_mobilenetv2,stable,features_16,1775838422416.649,1775838422497.677,81.029,19.001,61.027,19.538,32937,5545,200.0,0,0,83.5
4964,reliability_dynamic_mobilenetv2,stable,features_16,1775838422501.677,1775838422589.207,87.530,16.001,70.767,22.619,32937,5545,200.0,0,0,86.5
4965,reliability_dynamic_mobilenetv2,stable,features_16,1775838422592.208,1775838422680.722,88.514,17.998,69.516,23.548,32937,5545,200.0,0,0,85.7
4966,reliability_dynamic_mobilenetv2,stable,features_16,1775838422683.721,1775838422764.233,80.511,14.002,66.509,23.437,32937,5545,200.0,0,0,90.1
4967,reliability_dynamic_mobilenetv2,stable,features_16,1775838422768.232,1775838422849.237,81.006,19.000,62.005,19.891,32937,5545,200.0,0,0,90.2
4968,reliability_dynamic_mobilenetv2,stable,features_16,1775838422853.237,1775838422942.217,88.980,18.513,67.997,23.545,32937,5545,200.0,0,0,86.9
4969,reliability_dynamic_mobilenetv2,stable,features_16,1775838422946.747,1775838423033.126,86.379,19.379,67.000,21.883,32937,5545,200.0,0,0,88.8
4970,reliability_dynamic_mobilenetv2,stable,features_16,1775838423036.127,1775838423117.638,81.511,20.004,61.507,19.870,32937,5545,200.0,0,0,90.7
4971,reliability_dynamic_mobilenetv2,stable,features_16,1775838423121.637,1775838423203.028,81.391,17.000,63.390,20.154,32937,5545,200.0,0,0,91.5
4972,reliability_dynamic_mobilenetv2,stable,features_16,1775838423207.027,1775838423294.710,87.683,19.000,67.510,22.061,32937,5545,200.0,0,0,90.7
4973,reliability_dynamic_mobilenetv2,stable,features_16,1775838423298.538,1775838423381.050,82.512,13.999,66.511,21.093,32937,5545,200.0,0,0,77.5
4974,reliability_dynamic_mobilenetv2,stable,features_16,1775838423384.054,1775838423470.649,86.595,12.997,73.599,23.187,32937,5545,200.0,0,0,80.2
4975,reliability_dynamic_mobilenetv2,stable,features_16,1775838423474.563,1775838423552.564,78.001,11.995,63.999,20.203,32937,5545,200.0,0,0,83.8
4976,reliability_dynamic_mobilenetv2,stable,features_16,1775838423555.562,1775838423634.627,79.066,17.067,61.999,19.644,32937,5545,200.0,0,0,81.2
4977,reliability_dynamic_mobilenetv2,stable,features_16,1775838423638.628,1775838423712.813,74.186,12.005,61.179,19.810,32937,5545,200.0,0,0,84.3
4978,reliability_dynamic_mobilenetv2,stable,features_16,1775838423715.816,1775838423797.215,81.400,12.997,67.403,22.271,32937,5545,200.0,0,0,80.0
4979,reliability_dynamic_mobilenetv2,stable,features_16,1775838423801.221,1775838423877.724,76.503,9.999,65.503,21.409,32937,5545,200.0,0,0,80.2
4980,reliability_dynamic_mobilenetv2,stable,features_16,1775838423881.726,1775838423972.920,91.195,11.999,78.196,35.345,32937,5545,200.0,0,0,78.1
4981,reliability_dynamic_mobilenetv2,stable,features_16,1775838423976.921,1775838424049.989,73.067,10.998,61.071,19.816,32937,5545,200.0,0,0,78.8
4982,reliability_dynamic_mobilenetv2,stable,features_16,1775838424052.989,1775838424131.728,78.739,10.733,65.996,21.867,32937,5545,200.0,0,0,80.0
4983,reliability_dynamic_mobilenetv2,stable,features_16,1775838424134.727,1775838424219.390,84.663,11.000,71.663,27.651,32937,5545,200.0,0,0,86.5
4984,reliability_dynamic_mobilenetv2,stable,features_16,1775838424223.389,1775838424308.899,85.510,12.001,73.509,21.534,32937,5545,200.0,0,0,88.5
4985,reliability_dynamic_mobilenetv2,stable,features_16,1775838424312.898,1775838424391.416,78.519,15.001,62.517,20.549,32937,5545,200.0,0,0,85.4
4986,reliability_dynamic_mobilenetv2,stable,features_16,1775838424394.416,1775838424476.931,82.515,15.005,66.509,22.385,32937,5545,200.0,0,0,95.1
4987,reliability_dynamic_mobilenetv2,stable,features_16,1775838424480.934,1775838424565.439,84.505,14.000,70.505,24.678,32937,5545,200.0,0,0,92.0
4988,reliability_dynamic_mobilenetv2,stable,features_16,1775838424569.440,1775838424648.889,79.449,15.000,63.449,21.687,32937,5545,200.0,0,0,92.7
4989,reliability_dynamic_mobilenetv2,stable,features_16,1775838424652.888,1775838424732.280,79.392,14.393,64.999,22.840,32937,5545,200.0,0,0,88.8
4990,reliability_dynamic_mobilenetv2,stable,features_16,1775838424736.282,1775838424821.786,85.504,12.999,70.508,23.915,32937,5545,200.0,0,0,92.9
4991,reliability_dynamic_mobilenetv2,stable,features_16,1775838424825.789,1775838424903.121,77.332,11.999,63.334,21.192,32937,5545,200.0,0,0,92.5
4992,reliability_dynamic_mobilenetv2,stable,features_16,1775838424906.122,1775838424990.636,84.514,16.999,66.860,22.495,32937,5545,200.0,0,0,91.4
4993,reliability_dynamic_mobilenetv2,stable,features_16,1775838424993.634,1775838425088.636,95.002,27.484,67.518,21.632,32937,5545,200.0,0,0,86.7
4994,reliability_dynamic_mobilenetv2,stable,features_16,1775838425092.635,1775838425176.146,83.511,15.003,66.507,22.341,32937,5545,200.0,0,0,88.9
4995,reliability_dynamic_mobilenetv2,stable,features_16,1775838425180.146,1775838425271.660,91.514,27.002,63.512,21.254,32937,5545,200.0,0,0,98.0
4996,reliability_dynamic_mobilenetv2,stable,features_16,1775838425276.660,1775838425370.810,94.150,24.999,68.148,23.224,32937,5545,200.0,0,0,94.0
4997,reliability_dynamic_mobilenetv2,stable,features_16,1775838425374.807,1775838425464.849,90.042,21.001,69.041,23.473,32937,5545,200.0,0,0,92.8
4998,reliability_dynamic_mobilenetv2,stable,features_16,1775838425468.851,1775838425556.855,88.005,21.999,65.004,20.998,32937,5545,200.0,0,0,92.8
4999,reliability_dynamic_mobilenetv2,stable,features_16,1775838425560.855,1775838425641.569,80.714,14.713,64.002,21.722,32937,5545,200.0,0,0,90.9
